subset,no,requisitioner,id_lab,id,tax_name,functional_group,batch,run,replication,syrange,ch4_8h_ml,ch4_24h_ml,tddm
1,462,Breeding,F24-3582,CIAT-BR-02-1752,Brachiaria interespecifico,Grass,10,1,1,54.0,4.98,10.56,66.86
1,463,Breeding,F24-3582,CIAT-BR-02-1752,Brachiaria interespecifico,Grass,10,1,2,55.0,5.02,10.1,65.35
1,464,Breeding,F24-3582,CIAT-BR-02-1752,Brachiaria interespecifico,Grass,10,1,3,56.0,5.05,10.36,65.88
1,465,Breeding,F24-3583,CIAT-BR-02-1794,Brachiaria interespecifico,Grass,10,1,1,57.0,5.07,10.65,63.04
1,466,Breeding,F24-3583,CIAT-BR-02-1794,Brachiaria interespecifico,Grass,10,1,2,58.0,5.19,10.43,65.25
1,467,Breeding,F24-3583,CIAT-BR-02-1794,Brachiaria interespecifico,Grass,10,1,3,59.0,5.21,10.42,63.18
1,468,Breeding,F24-3584,CIAT-BR-06-0423,Brachiaria interespecifico,Grass,10,1,1,60.0,4.9,10.26,66.99
1,469,Breeding,F24-3584,CIAT-BR-06-0423,Brachiaria interespecifico,Grass,10,1,2,61.0,5.02,10.97,64.2
1,470,Breeding,F24-3584,CIAT-BR-06-0423,Brachiaria interespecifico,Grass,10,1,3,62.0,4.92,10.6,58.58
1,471,Breeding,F24-3585,CIAT-BR-09-1232,Brachiaria interespecifico,Grass,10,1,1,63.0,5.45,10.9,63.81
1,473,Breeding,F24-3585,CIAT-BR-09-1232,Brachiaria interespecifico,Grass,10,1,3,65.0,5.21,10.69,67.31
1,474,Breeding,F24-3586,CIAT-BR-12-4951,Brachiaria interespecifico,Grass,10,1,1,66.0,5.11,10.93,67.45
1,475,Breeding,F24-3586,CIAT-BR-12-4951,Brachiaria interespecifico,Grass,10,1,2,67.0,5.13,10.98,66.42
1,476,Breeding,F24-3586,CIAT-BR-12-4951,Brachiaria interespecifico,Grass,10,1,3,68.0,5.01,10.73,64.66
1,477,Breeding,F24-3587,CIAT-BR-15-0722,Brachiaria interespecifico,Grass,10,1,1,69.0,4.54,9.97,61.1
1,478,Breeding,F24-3587,CIAT-BR-15-0722,Brachiaria interespecifico,Grass,10,1,2,70.0,4.48,10.0,61.92
1,479,Breeding,F24-3587,CIAT-BR-15-0722,Brachiaria interespecifico,Grass,10,1,3,71.0,3.58,8.99,62.19
1,480,Breeding,F24-3588,CIAT-BR-15-6487,Brachiaria interespecifico,Grass,10,1,1,72.0,4.69,9.99,60.27
1,481,Breeding,F24-3588,CIAT-BR-15-6487,Brachiaria interespecifico,Grass,10,1,2,73.0,4.39,9.74,62.79
1,482,Breeding,F24-3588,CIAT-BR-15-6487,Brachiaria interespecifico,Grass,10,1,3,74.0,4.69,10.08,57.61
1,485,Breeding,F24-3589,CIAT-BR-19-0029,Brachiaria interespecifico,Grass,10,1,1,77.0,5.13,10.96,63.65
1,486,Breeding,F24-3589,CIAT-BR-19-0029,Brachiaria interespecifico,Grass,10,1,2,78.0,5.07,10.76,62.0
1,487,Breeding,F24-3589,CIAT-BR-19-0029,Brachiaria interespecifico,Grass,10,1,3,79.0,5.09,11.09,62.95
1,488,Breeding,F24-3590,CIAT-BR-19-0423,Brachiaria interespecifico,Grass,10,1,1,80.0,5.17,10.53,64.5
1,489,Breeding,F24-3590,CIAT-BR-19-0423,Brachiaria interespecifico,Grass,10,1,2,81.0,5.19,10.39,68.45
1,490,Breeding,F24-3590,CIAT-BR-19-0423,Brachiaria interespecifico,Grass,10,1,3,82.0,5.23,10.66,69.67
1,491,Breeding,F24-3591,CIAT-CIAT-6962,Megathyrsus maximus,Grass,10,1,1,83.0,4.39,10.26,55.44
1,492,Breeding,F24-3591,CIAT-CIAT-6962,Megathyrsus maximus,Grass,10,1,2,84.0,5.89,11.69,54.28
1,493,Breeding,F24-3591,CIAT-CIAT-6962,Megathyrsus maximus,Grass,10,1,3,85.0,4.29,10.35,55.03
1,494,Breeding,F24-3592,CIAT-Mulato-II,Brachiaria interespecifico,Grass,10,1,1,86.0,4.84,10.43,65.4
1,495,Breeding,F24-3592,CIAT-Mulato-II,Brachiaria interespecifico,Grass,10,1,2,87.0,4.8,10.11,64.7
1,496,Breeding,F24-3592,CIAT-Mulato-II,Brachiaria interespecifico,Grass,10,1,3,88.0,4.73,9.89,72.53
1,497,Breeding,F24-3593,CIAT-PM-21-0215,Megathyrsus maximus,Grass,10,1,1,89.0,4.77,11.05,56.98
1,498,Breeding,F24-3593,CIAT-PM-21-0215,Megathyrsus maximus,Grass,10,1,2,90.0,4.83,11.15,52.65
1,499,Breeding,F24-3593,CIAT-PM-21-0215,Megathyrsus maximus,Grass,10,1,3,91.0,4.9,10.91,56.99
1,500,Breeding,F24-3594,CIAT-PM-21-0631,Megathyrsus maximus,Grass,10,1,1,92.0,5.42,10.76,51.9
1,501,Breeding,F24-3594,CIAT-PM-21-0631,Megathyrsus maximus,Grass,10,1,2,93.0,5.36,11.18,55.58
1,502,Breeding,F24-3594,CIAT-PM-21-0631,Megathyrsus maximus,Grass,10,1,3,94.0,5.49,11.61,57.69
1,503,Breeding,F24-3595,CIAT-PM-21-2195,Megathyrsus maximus,Grass,10,1,1,95.0,4.95,10.68,49.15
1,504,Breeding,F24-3595,CIAT-PM-21-2195,Megathyrsus maximus,Grass,10,1,2,96.0,4.88,10.43,53.73
1,505,Breeding,F24-3595,CIAT-PM-21-2195,Megathyrsus maximus,Grass,10,1,3,97.0,4.91,10.46,49.54
1,506,Breeding,F24-3596,CIAT-PM-21-3522,Megathyrsus maximus,Grass,10,1,1,98.0,5.42,11.25,58.81
1,507,Breeding,F24-3596,CIAT-PM-21-3522,Megathyrsus maximus,Grass,10,1,2,99.0,5.18,10.72,58.4
1,508,Breeding,F24-3596,CIAT-PM-21-3522,Megathyrsus maximus,Grass,10,1,3,100.0,5.71,11.25,55.3
1,516,Breeding,F24-3582,CIAT-BR-02-1752,Brachiaria interespecifico,Grass,11,2,1,54.0,5.13,10.73,70.42
1,517,Breeding,F24-3582,CIAT-BR-02-1752,Brachiaria interespecifico,Grass,11,2,2,55.0,5.16,10.94,67.93
1,518,Breeding,F24-3582,CIAT-BR-02-1752,Brachiaria interespecifico,Grass,11,2,3,56.0,5.13,10.94,67.42
1,519,Breeding,F24-3583,CIAT-BR-02-1794,Brachiaria interespecifico,Grass,11,2,1,57.0,5.27,10.95,65.15
1,520,Breeding,F24-3583,CIAT-BR-02-1794,Brachiaria interespecifico,Grass,11,2,2,58.0,5.13,10.82,62.89
1,521,Breeding,F24-3583,CIAT-BR-02-1794,Brachiaria interespecifico,Grass,11,2,3,59.0,5.23,10.91,62.55
1,522,Breeding,F24-3584,CIAT-BR-06-0423,Brachiaria interespecifico,Grass,11,2,1,60.0,3.95,9.39,62.87
1,523,Breeding,F24-3584,CIAT-BR-06-0423,Brachiaria interespecifico,Grass,11,2,2,61.0,5.07,11.33,62.45
1,524,Breeding,F24-3584,CIAT-BR-06-0423,Brachiaria interespecifico,Grass,11,2,3,62.0,0.21,6.67,66.34
1,525,Breeding,F24-3585,CIAT-BR-09-1232,Brachiaria interespecifico,Grass,11,2,1,63.0,5.33,11.46,68.37
1,526,Breeding,F24-3585,CIAT-BR-09-1232,Brachiaria interespecifico,Grass,11,2,2,64.0,5.27,11.14,67.96
1,527,Breeding,F24-3585,CIAT-BR-09-1232,Brachiaria interespecifico,Grass,11,2,3,65.0,5.24,10.9,63.57
1,528,Breeding,F24-3586,CIAT-BR-12-4951,Brachiaria interespecifico,Grass,11,2,1,66.0,4.41,10.26,64.34
1,529,Breeding,F24-3586,CIAT-BR-12-4951,Brachiaria interespecifico,Grass,11,2,2,67.0,4.91,11.15,65.6
1,530,Breeding,F24-3586,CIAT-BR-12-4951,Brachiaria interespecifico,Grass,11,2,3,68.0,4.92,10.31,65.4
1,531,Breeding,F24-3587,CIAT-BR-15-0722,Brachiaria interespecifico,Grass,11,2,1,69.0,4.5,10.44,59.47
1,532,Breeding,F24-3587,CIAT-BR-15-0722,Brachiaria interespecifico,Grass,11,2,2,70.0,4.5,10.14,57.15
1,533,Breeding,F24-3587,CIAT-BR-15-0722,Brachiaria interespecifico,Grass,11,2,3,71.0,4.37,10.3,59.84
1,534,Breeding,F24-3588,CIAT-BR-15-6487,Brachiaria interespecifico,Grass,11,2,1,72.0,4.53,9.96,60.46
1,535,Breeding,F24-3588,CIAT-BR-15-6487,Brachiaria interespecifico,Grass,11,2,2,73.0,4.53,10.07,60.03
1,536,Breeding,F24-3588,CIAT-BR-15-6487,Brachiaria interespecifico,Grass,11,2,3,74.0,4.63,10.45,64.88
1,539,Breeding,F24-3589,CIAT-BR-19-0029,Brachiaria interespecifico,Grass,11,2,1,77.0,5.07,11.03,61.56
1,541,Breeding,F24-3589,CIAT-BR-19-0029,Brachiaria interespecifico,Grass,11,2,3,79.0,4.99,11.08,65.1
1,542,Breeding,F24-3590,CIAT-BR-19-0423,Brachiaria interespecifico,Grass,11,2,1,80.0,5.39,11.94,64.86
1,543,Breeding,F24-3590,CIAT-BR-19-0423,Brachiaria interespecifico,Grass,11,2,2,81.0,5.11,10.93,64.22
1,544,Breeding,F24-3590,CIAT-BR-19-0423,Brachiaria interespecifico,Grass,11,2,3,82.0,5.13,10.11,55.72
1,545,Breeding,F24-3591,CIAT-CIAT-6962,Megathyrsus maximus,Grass,11,2,1,83.0,4.5,9.67,54.87
1,546,Breeding,F24-3591,CIAT-CIAT-6962,Megathyrsus maximus,Grass,11,2,2,84.0,4.25,10.46,53.31
1,547,Breeding,F24-3591,CIAT-CIAT-6962,Megathyrsus maximus,Grass,11,2,3,85.0,4.53,10.72,53.01
1,548,Breeding,F24-3592,CIAT-Mulato-II,Brachiaria interespecifico,Grass,11,2,1,86.0,4.68,11.08,66.49
1,549,Breeding,F24-3592,CIAT-Mulato-II,Brachiaria interespecifico,Grass,11,2,2,87.0,4.88,10.62,63.17
1,550,Breeding,F24-3592,CIAT-Mulato-II,Brachiaria interespecifico,Grass,11,2,3,88.0,4.72,10.62,62.95
1,551,Breeding,F24-3593,CIAT-PM-21-0215,Megathyrsus maximus,Grass,11,2,1,89.0,4.66,9.85,52.26
1,552,Breeding,F24-3593,CIAT-PM-21-0215,Megathyrsus maximus,Grass,11,2,2,90.0,4.81,11.26,55.21
1,553,Breeding,F24-3593,CIAT-PM-21-0215,Megathyrsus maximus,Grass,11,2,3,91.0,4.72,10.61,52.35
1,554,Breeding,F24-3594,CIAT-PM-21-0631,Megathyrsus maximus,Grass,11,2,1,92.0,5.47,11.73,54.49
1,555,Breeding,F24-3594,CIAT-PM-21-0631,Megathyrsus maximus,Grass,11,2,2,93.0,5.25,11.69,58.41
1,556,Breeding,F24-3594,CIAT-PM-21-0631,Megathyrsus maximus,Grass,11,2,3,94.0,5.49,12.19,59.71
1,557,Breeding,F24-3595,CIAT-PM-21-2195,Megathyrsus maximus,Grass,11,2,1,95.0,4.79,11.07,56.4
1,558,Breeding,F24-3595,CIAT-PM-21-2195,Megathyrsus maximus,Grass,11,2,2,96.0,5.01,11.23,53.76
1,559,Breeding,F24-3595,CIAT-PM-21-2195,Megathyrsus maximus,Grass,11,2,3,97.0,4.86,11.01,51.67
1,560,Breeding,F24-3596,CIAT-PM-21-3522,Megathyrsus maximus,Grass,11,2,1,98.0,5.11,11.21,54.68
1,561,Breeding,F24-3596,CIAT-PM-21-3522,Megathyrsus maximus,Grass,11,2,2,99.0,5.01,11.41,55.99
1,562,Breeding,F24-3596,CIAT-PM-21-3522,Megathyrsus maximus,Grass,11,2,3,100.0,4.94,11.24,57.6
1,570,Breeding,F24-3582,CIAT-BR-02-1752,Brachiaria interespecifico,Grass,12,3,1,57.0,5.25,11.57,69.12
1,571,Breeding,F24-3582,CIAT-BR-02-1752,Brachiaria interespecifico,Grass,12,3,2,58.0,5.47,11.85,67.15
1,572,Breeding,F24-3582,CIAT-BR-02-1752,Brachiaria interespecifico,Grass,12,3,3,59.0,5.38,11.49,66.34
1,573,Breeding,F24-3583,CIAT-BR-02-1794,Brachiaria interespecifico,Grass,12,3,1,60.0,5.6,11.97,64.39
1,574,Breeding,F24-3583,CIAT-BR-02-1794,Brachiaria interespecifico,Grass,12,3,2,61.0,5.47,11.77,64.63
1,575,Breeding,F24-3583,CIAT-BR-02-1794,Brachiaria interespecifico,Grass,12,3,3,62.0,5.72,12.08,64.66
1,576,Breeding,F24-3584,CIAT-BR-06-0423,Brachiaria interespecifico,Grass,12,3,1,63.0,5.22,12.32,66.17
1,577,Breeding,F24-3584,CIAT-BR-06-0423,Brachiaria interespecifico,Grass,12,3,2,64.0,5.43,12.63,65.33
1,578,Breeding,F24-3584,CIAT-BR-06-0423,Brachiaria interespecifico,Grass,12,3,3,65.0,5.26,12.05,67.58
1,579,Breeding,F24-3585,CIAT-BR-09-1232,Brachiaria interespecifico,Grass,12,3,1,66.0,5.92,12.78,66.15
1,580,Breeding,F24-3585,CIAT-BR-09-1232,Brachiaria interespecifico,Grass,12,3,2,67.0,5.67,12.91,67.69
1,581,Breeding,F24-3585,CIAT-BR-09-1232,Brachiaria interespecifico,Grass,12,3,3,68.0,5.74,12.71,68.29
1,582,Breeding,F24-3586,CIAT-BR-12-4951,Brachiaria interespecifico,Grass,12,3,1,69.0,5.52,12.5,66.35
1,583,Breeding,F24-3586,CIAT-BR-12-4951,Brachiaria interespecifico,Grass,12,3,2,70.0,5.67,12.57,67.03
1,584,Breeding,F24-3586,CIAT-BR-12-4951,Brachiaria interespecifico,Grass,12,3,3,71.0,5.45,12.24,66.14
1,585,Breeding,F24-3587,CIAT-BR-15-0722,Brachiaria interespecifico,Grass,12,3,1,72.0,4.92,11.36,62.24
1,586,Breeding,F24-3587,CIAT-BR-15-0722,Brachiaria interespecifico,Grass,12,3,2,73.0,4.96,11.76,64.21
1,587,Breeding,F24-3587,CIAT-BR-15-0722,Brachiaria interespecifico,Grass,12,3,3,74.0,4.88,11.36,59.92
1,588,Breeding,F24-3588,CIAT-BR-15-6487,Brachiaria interespecifico,Grass,12,3,1,75.0,5.02,11.97,61.19
1,589,Breeding,F24-3588,CIAT-BR-15-6487,Brachiaria interespecifico,Grass,12,3,2,76.0,5.02,11.6,61.99
1,593,Breeding,F24-3589,CIAT-BR-19-0029,Brachiaria interespecifico,Grass,12,3,1,80.0,5.11,12.07,61.74
1,594,Breeding,F24-3589,CIAT-BR-19-0029,Brachiaria interespecifico,Grass,12,3,2,81.0,5.12,11.76,61.04
1,595,Breeding,F24-3589,CIAT-BR-19-0029,Brachiaria interespecifico,Grass,12,3,3,82.0,5.22,12.19,57.93
1,596,Breeding,F24-3590,CIAT-BR-19-0423,Brachiaria interespecifico,Grass,12,3,1,83.0,5.32,12.03,62.57
1,597,Breeding,F24-3590,CIAT-BR-19-0423,Brachiaria interespecifico,Grass,12,3,2,84.0,5.42,12.37,59.77
1,598,Breeding,F24-3590,CIAT-BR-19-0423,Brachiaria interespecifico,Grass,12,3,3,85.0,5.16,11.85,61.58
1,599,Breeding,F24-3591,CIAT-CIAT-6962,Megathyrsus maximus,Grass,12,3,1,86.0,4.57,11.88,75.7
1,600,Breeding,F24-3591,CIAT-CIAT-6962,Megathyrsus maximus,Grass,12,3,2,87.0,4.46,11.52,52.75
1,601,Breeding,F24-3591,CIAT-CIAT-6962,Megathyrsus maximus,Grass,12,3,3,88.0,4.76,11.78,54.21
1,602,Breeding,F24-3592,CIAT-Mulato-II,Brachiaria interespecifico,Grass,12,3,1,89.0,4.95,11.42,62.78
1,603,Breeding,F24-3592,CIAT-Mulato-II,Brachiaria interespecifico,Grass,12,3,2,90.0,5.02,11.64,63.21
1,604,Breeding,F24-3592,CIAT-Mulato-II,Brachiaria interespecifico,Grass,12,3,3,91.0,4.68,11.35,66.62
1,605,Breeding,F24-3593,CIAT-PM-21-0215,Megathyrsus maximus,Grass,12,3,1,92.0,4.64,11.53,56.53
1,606,Breeding,F24-3593,CIAT-PM-21-0215,Megathyrsus maximus,Grass,12,3,2,93.0,4.79,11.53,55.27
1,607,Breeding,F24-3593,CIAT-PM-21-0215,Megathyrsus maximus,Grass,12,3,3,94.0,4.54,11.31,54.5
1,608,Breeding,F24-3594,CIAT-PM-21-0631,Megathyrsus maximus,Grass,12,3,1,95.0,5.56,12.99,57.0
1,609,Breeding,F24-3594,CIAT-PM-21-0631,Megathyrsus maximus,Grass,12,3,2,96.0,5.39,12.73,58.85
1,610,Breeding,F24-3594,CIAT-PM-21-0631,Megathyrsus maximus,Grass,12,3,3,97.0,5.53,12.8,60.45
1,611,Breeding,F24-3595,CIAT-PM-21-2195,Megathyrsus maximus,Grass,12,3,1,98.0,5.09,12.23,54.68
1,612,Breeding,F24-3595,CIAT-PM-21-2195,Megathyrsus maximus,Grass,12,3,2,99.0,5.05,12.07,54.72
1,613,Breeding,F24-3595,CIAT-PM-21-2195,Megathyrsus maximus,Grass,12,3,3,100.0,5.22,12.41,52.64
1,614,Breeding,F24-3596,CIAT-PM-21-3522,Megathyrsus maximus,Grass,12,3,1,101.0,5.29,12.34,77.0
1,615,Breeding,F24-3596,CIAT-PM-21-3522,Megathyrsus maximus,Grass,12,3,2,102.0,5.36,12.87,57.0
1,616,Breeding,F24-3596,CIAT-PM-21-3522,Megathyrsus maximus,Grass,12,3,3,103.0,5.26,12.72,56.1
1,624,Breeding,F24-3597,CIAT-PM-21-3534,Megathyrsus maximus,Grass,13,1,1,82.0,5.26,12.7,62.23
1,625,Breeding,F24-3597,CIAT-PM-21-3534,Megathyrsus maximus,Grass,13,1,2,83.0,4.97,12.62,57.81
1,626,Breeding,F24-3597,CIAT-PM-21-3534,Megathyrsus maximus,Grass,13,1,3,84.0,5.55,13.29,56.35
1,627,Breeding,F24-3598,CIAT-PM-21-3537,Megathyrsus maximus,Grass,13,1,1,85.0,6.06,14.07,53.47
1,628,Breeding,F24-3598,CIAT-PM-21-3537,Megathyrsus maximus,Grass,13,1,2,86.0,6.4,14.83,64.17
1,629,Breeding,F24-3598,CIAT-PM-21-3537,Megathyrsus maximus,Grass,13,1,3,87.0,6.07,15.15,66.25
1,630,Breeding,F24-3599,CIAT-PM-21-3545,Megathyrsus maximus,Grass,13,1,1,88.0,5.57,13.91,61.2
1,631,Breeding,F24-3599,CIAT-PM-21-3545,Megathyrsus maximus,Grass,13,1,2,89.0,5.12,13.24,60.82
1,632,Breeding,F24-3599,CIAT-PM-21-3545,Megathyrsus maximus,Grass,13,1,3,90.0,5.89,13.58,61.27
1,633,Breeding,F24-3600,CIAT-PM-21-3670,Megathyrsus maximus,Grass,13,1,1,91.0,5.2,13.23,60.77
1,634,Breeding,F24-3600,CIAT-PM-21-3670,Megathyrsus maximus,Grass,13,1,2,92.0,5.33,13.2,61.11
1,635,Breeding,F24-3600,CIAT-PM-21-3670,Megathyrsus maximus,Grass,13,1,3,93.0,5.03,12.97,59.27
1,636,Breeding,F24-3601,CIAT-PM-21-6628,Megathyrsus maximus,Grass,13,1,1,94.0,5.79,13.75,62.0
1,637,Breeding,F24-3601,CIAT-PM-21-6628,Megathyrsus maximus,Grass,13,1,2,95.0,5.61,14.01,62.26
1,638,Breeding,F24-3601,CIAT-PM-21-6628,Megathyrsus maximus,Grass,13,1,3,96.0,5.78,13.73,60.87
1,639,Breeding,F24-3602,CIAT-BH-08-1149,Brachiaria humidicola,Grass,13,1,1,97.0,4.86,13.05,59.98
1,640,Breeding,F24-3602,CIAT-BH-08-1149,Brachiaria humidicola,Grass,13,1,2,98.0,4.89,13.61,59.03
1,641,Breeding,F24-3602,CIAT-BH-08-1149,Brachiaria humidicola,Grass,13,1,3,99.0,4.93,13.42,59.05
1,642,Breeding,F24-3603,CIAT-BH-16-0550,Brachiaria humidicola,Grass,13,1,1,100.0,5.38,14.49,59.83
1,643,Breeding,F24-3603,CIAT-BH-16-0550,Brachiaria humidicola,Grass,13,1,2,101.0,4.76,13.28,56.29
1,644,Breeding,F24-3603,CIAT-BH-16-0550,Brachiaria humidicola,Grass,13,1,3,102.0,5.53,14.7,57.99
1,647,Breeding,F24-3604,CIAT-BH-16-0562,Brachiaria humidicola,Grass,13,1,1,105.0,5.19,13.78,57.46
1,649,Breeding,F24-3604,CIAT-BH-16-0562,Brachiaria humidicola,Grass,13,1,3,107.0,5.06,13.82,57.21
1,650,Breeding,F24-3605,CIAT-BH-16-3249,Brachiaria humidicola,Grass,13,1,1,108.0,5.52,14.56,62.44
1,651,Breeding,F24-3605,CIAT-BH-16-3249,Brachiaria humidicola,Grass,13,1,2,109.0,5.13,14.19,63.39
1,652,Breeding,F24-3605,CIAT-BH-16-3249,Brachiaria humidicola,Grass,13,1,3,110.0,5.33,14.19,63.02
1,653,Breeding,F24-3606,CIAT-BH-16-B-0733,Brachiaria humidicola,Grass,13,1,1,111.0,5.03,13.26,58.99
1,654,Breeding,F24-3606,CIAT-BH-16-B-0733,Brachiaria humidicola,Grass,13,1,2,112.0,5.39,14.3,61.51
1,655,Breeding,F24-3606,CIAT-BH-16-B-0733,Brachiaria humidicola,Grass,13,1,3,113.0,5.2,13.76,59.99
1,656,Breeding,F24-3607,CIAT-BH-16-B-0741,Brachiaria humidicola,Grass,13,1,1,114.0,5.16,13.35,61.16
1,657,Breeding,F24-3607,CIAT-BH-16-B-0741,Brachiaria humidicola,Grass,13,1,2,115.0,4.93,12.9,58.45
1,658,Breeding,F24-3607,CIAT-BH-16-B-0741,Brachiaria humidicola,Grass,13,1,3,116.0,5.19,14.25,62.97
1,659,Breeding,F24-3608,CIAT-BH-16-B-1194,Brachiaria humidicola,Grass,13,1,1,117.0,5.48,14.7,60.88
1,660,Breeding,F24-3608,CIAT-BH-16-B-1194,Brachiaria humidicola,Grass,13,1,2,118.0,5.57,14.7,57.54
1,661,Breeding,F24-3608,CIAT-BH-16-B-1194,Brachiaria humidicola,Grass,13,1,3,119.0,5.43,14.76,59.05
1,662,Breeding,F24-3609,CIAT-BH-16-B-1618,Brachiaria humidicola,Grass,13,1,1,120.0,4.49,11.92,57.9
1,663,Breeding,F24-3609,CIAT-BH-16-B-1618,Brachiaria humidicola,Grass,13,1,2,121.0,4.83,12.3,58.01
1,664,Breeding,F24-3609,CIAT-BH-16-B-1618,Brachiaria humidicola,Grass,13,1,3,122.0,4.88,13.87,58.79
1,665,Breeding,F24-3610,CIAT-BH-16-B-1707,Brachiaria humidicola,Grass,13,1,1,123.0,4.83,12.6,55.55
1,666,Breeding,F24-3610,CIAT-BH-16-B-1707,Brachiaria humidicola,Grass,13,1,2,124.0,5.11,13.58,57.02
1,667,Breeding,F24-3610,CIAT-BH-16-B-1707,Brachiaria humidicola,Grass,13,1,3,125.0,4.86,13.52,57.44
1,668,Breeding,F24-3611,CIAT-CIAT-16888,Brachiaria humidicola,Grass,13,1,1,126.0,5.36,13.51,56.21
1,669,Breeding,F24-3611,CIAT-CIAT-16888,Brachiaria humidicola,Grass,13,1,2,127.0,5.41,13.68,55.93
1,670,Breeding,F24-3611,CIAT-CIAT-16888,Brachiaria humidicola,Grass,13,1,3,128.0,5.49,13.89,55.87
1,744,Breeding,F24-3597,CIAT-PM-21-3534,Megathyrsus maximus,Grass,14,2,1,3.0,6.61,14.58,60.7
1,745,Breeding,F24-3597,CIAT-PM-21-3534,Megathyrsus maximus,Grass,14,2,2,4.0,7.18,15.17,61.74
1,746,Breeding,F24-3597,CIAT-PM-21-3534,Megathyrsus maximus,Grass,14,2,3,5.0,7.02,15.57,59.22
1,747,Breeding,F24-3598,CIAT-PM-21-3537,Megathyrsus maximus,Grass,14,2,1,6.0,8.63,17.49,64.35
1,748,Breeding,F24-3598,CIAT-PM-21-3537,Megathyrsus maximus,Grass,14,2,2,7.0,5.8,13.87,93.76
1,749,Breeding,F24-3598,CIAT-PM-21-3537,Megathyrsus maximus,Grass,14,2,3,8.0,8.35,17.03,65.47
1,754,Breeding,F24-3600,CIAT-PM-21-3670,Megathyrsus maximus,Grass,14,2,2,13.0,4.19,11.96,62.06
1,755,Breeding,F24-3600,CIAT-PM-21-3670,Megathyrsus maximus,Grass,14,2,3,14.0,7.33,14.67,60.11
1,756,Breeding,F24-3601,CIAT-PM-21-6628,Megathyrsus maximus,Grass,14,2,1,15.0,7.73,15.71,58.9
1,757,Breeding,F24-3601,CIAT-PM-21-6628,Megathyrsus maximus,Grass,14,2,2,16.0,2.75,10.33,60.89
1,758,Breeding,F24-3601,CIAT-PM-21-6628,Megathyrsus maximus,Grass,14,2,3,17.0,7.98,15.97,59.92
1,759,Breeding,F24-3602,CIAT-BH-08-1149,Brachiaria humidicola,Grass,14,2,1,18.0,6.97,13.84,58.31
1,760,Breeding,F24-3602,CIAT-BH-08-1149,Brachiaria humidicola,Grass,14,2,2,19.0,6.78,15.43,58.18
1,761,Breeding,F24-3602,CIAT-BH-08-1149,Brachiaria humidicola,Grass,14,2,3,20.0,7.41,15.54,57.93
1,762,Breeding,F24-3603,CIAT-BH-16-0550,Brachiaria humidicola,Grass,14,2,1,21.0,6.68,15.77,58.67
1,763,Breeding,F24-3603,CIAT-BH-16-0550,Brachiaria humidicola,Grass,14,2,2,22.0,6.85,15.81,56.07
1,764,Breeding,F24-3603,CIAT-BH-16-0550,Brachiaria humidicola,Grass,14,2,3,23.0,7.23,16.55,55.46
1,767,Breeding,F24-3604,CIAT-BH-16-0562,Brachiaria humidicola,Grass,14,2,1,26.0,7.04,16.18,55.32
1,768,Breeding,F24-3604,CIAT-BH-16-0562,Brachiaria humidicola,Grass,14,2,2,27.0,7.33,16.24,56.91
1,769,Breeding,F24-3604,CIAT-BH-16-0562,Brachiaria humidicola,Grass,14,2,3,28.0,6.82,15.6,57.07
1,770,Breeding,F24-3605,CIAT-BH-16-3249,Brachiaria humidicola,Grass,14,2,1,29.0,7.31,16.23,59.11
1,771,Breeding,F24-3605,CIAT-BH-16-3249,Brachiaria humidicola,Grass,14,2,2,30.0,6.95,16.48,58.92
1,772,Breeding,F24-3605,CIAT-BH-16-3249,Brachiaria humidicola,Grass,14,2,3,31.0,7.0,16.17,59.71
1,773,Breeding,F24-3606,CIAT-BH-16-B-0733,Brachiaria humidicola,Grass,14,2,1,32.0,7.56,16.83,58.35
1,774,Breeding,F24-3606,CIAT-BH-16-B-0733,Brachiaria humidicola,Grass,14,2,2,33.0,7.36,15.96,57.88
1,775,Breeding,F24-3606,CIAT-BH-16-B-0733,Brachiaria humidicola,Grass,14,2,3,34.0,6.86,15.95,59.55
1,776,Breeding,F24-3607,CIAT-BH-16-B-0741,Brachiaria humidicola,Grass,14,2,1,35.0,7.76,17.3,60.02
1,777,Breeding,F24-3607,CIAT-BH-16-B-0741,Brachiaria humidicola,Grass,14,2,2,36.0,6.98,16.21,57.66
1,778,Breeding,F24-3607,CIAT-BH-16-B-0741,Brachiaria humidicola,Grass,14,2,3,37.0,6.92,16.37,59.83
1,779,Breeding,F24-3608,CIAT-BH-16-B-1194,Brachiaria humidicola,Grass,14,2,1,38.0,4.87,14.53,59.85
1,780,Breeding,F24-3608,CIAT-BH-16-B-1194,Brachiaria humidicola,Grass,14,2,2,39.0,7.98,17.81,57.79
1,781,Breeding,F24-3608,CIAT-BH-16-B-1194,Brachiaria humidicola,Grass,14,2,3,40.0,7.69,17.61,61.33
1,782,Breeding,F24-3609,CIAT-BH-16-B-1618,Brachiaria humidicola,Grass,14,2,1,41.0,6.71,15.53,54.69
1,783,Breeding,F24-3609,CIAT-BH-16-B-1618,Brachiaria humidicola,Grass,14,2,2,42.0,6.83,15.38,58.15
1,784,Breeding,F24-3609,CIAT-BH-16-B-1618,Brachiaria humidicola,Grass,14,2,3,43.0,6.44,9.22,55.86
1,785,Breeding,F24-3610,CIAT-BH-16-B-1707,Brachiaria humidicola,Grass,14,2,1,44.0,7.49,17.87,59.4
1,786,Breeding,F24-3610,CIAT-BH-16-B-1707,Brachiaria humidicola,Grass,14,2,2,45.0,7.41,17.98,58.78
1,787,Breeding,F24-3610,CIAT-BH-16-B-1707,Brachiaria humidicola,Grass,14,2,3,46.0,7.39,17.44,57.98
1,788,Breeding,F24-3611,CIAT-CIAT-16888,Brachiaria humidicola,Grass,14,2,1,47.0,7.94,16.86,54.36
1,789,Breeding,F24-3611,CIAT-CIAT-16888,Brachiaria humidicola,Grass,14,2,2,48.0,7.71,16.58,52.57
1,790,Breeding,F24-3611,CIAT-CIAT-16888,Brachiaria humidicola,Grass,14,2,3,49.0,7.69,16.6,52.91
1,864,Breeding,F24-3597,CIAT-PM-21-3534,Megathyrsus maximus,Grass,15,3,1,123.0,6.69,14.48,53.74
1,865,Breeding,F24-3597,CIAT-PM-21-3534,Megathyrsus maximus,Grass,15,3,2,124.0,6.65,14.47,55.51
1,866,Breeding,F24-3597,CIAT-PM-21-3534,Megathyrsus maximus,Grass,15,3,3,125.0,6.96,14.91,57.52
1,867,Breeding,F24-3598,CIAT-PM-21-3537,Megathyrsus maximus,Grass,15,3,1,126.0,7.86,16.1,58.97
1,868,Breeding,F24-3598,CIAT-PM-21-3537,Megathyrsus maximus,Grass,15,3,2,127.0,8.32,16.38,61.39
1,869,Breeding,F24-3598,CIAT-PM-21-3537,Megathyrsus maximus,Grass,15,3,3,128.0,8.09,16.94,64.46
1,870,Breeding,F24-3599,CIAT-PM-21-3545,Megathyrsus maximus,Grass,15,3,1,129.0,7.04,15.29,53.22
1,871,Breeding,F24-3599,CIAT-PM-21-3545,Megathyrsus maximus,Grass,15,3,2,130.0,7.03,15.06,58.11
1,872,Breeding,F24-3599,CIAT-PM-21-3545,Megathyrsus maximus,Grass,15,3,3,131.0,7.2,14.75,54.36
1,873,Breeding,F24-3600,CIAT-PM-21-3670,Megathyrsus maximus,Grass,15,3,1,132.0,6.84,14.84,59.37
1,874,Breeding,F24-3600,CIAT-PM-21-3670,Megathyrsus maximus,Grass,15,3,2,133.0,5.92,12.57,47.7
1,875,Breeding,F24-3600,CIAT-PM-21-3670,Megathyrsus maximus,Grass,15,3,3,134.0,6.25,14.34,59.65
1,876,Breeding,F24-3601,CIAT-PM-21-6628,Megathyrsus maximus,Grass,15,3,1,135.0,7.36,14.63,57.66
1,877,Breeding,F24-3601,CIAT-PM-21-6628,Megathyrsus maximus,Grass,15,3,2,136.0,7.0,14.77,59.5
1,878,Breeding,F24-3601,CIAT-PM-21-6628,Megathyrsus maximus,Grass,15,3,3,137.0,7.03,14.27,59.05
1,879,Breeding,F24-3602,CIAT-BH-08-1149,Brachiaria humidicola,Grass,15,3,1,138.0,6.88,15.53,57.43
1,880,Breeding,F24-3602,CIAT-BH-08-1149,Brachiaria humidicola,Grass,15,3,2,139.0,7.32,16.56,56.29
1,881,Breeding,F24-3602,CIAT-BH-08-1149,Brachiaria humidicola,Grass,15,3,3,140.0,6.88,18.81,58.36
1,882,Breeding,F24-3603,CIAT-BH-16-0550,Brachiaria humidicola,Grass,15,3,1,141.0,7.15,16.57,55.68
1,883,Breeding,F24-3603,CIAT-BH-16-0550,Brachiaria humidicola,Grass,15,3,2,142.0,6.71,16.91,56.1
1,884,Breeding,F24-3603,CIAT-BH-16-0550,Brachiaria humidicola,Grass,15,3,3,143.0,6.96,16.33,52.95
1,887,Breeding,F24-3604,CIAT-BH-16-0562,Brachiaria humidicola,Grass,15,3,1,146.0,6.74,16.39,58.21
1,888,Breeding,F24-3604,CIAT-BH-16-0562,Brachiaria humidicola,Grass,15,3,2,147.0,6.51,16.06,55.58
1,889,Breeding,F24-3604,CIAT-BH-16-0562,Brachiaria humidicola,Grass,15,3,3,148.0,7.18,16.96,53.61
1,890,Breeding,F24-3605,CIAT-BH-16-3249,Brachiaria humidicola,Grass,15,3,1,149.0,7.1,16.61,57.34
1,891,Breeding,F24-3605,CIAT-BH-16-3249,Brachiaria humidicola,Grass,15,3,2,150.0,6.96,16.97,56.88
1,892,Breeding,F24-3605,CIAT-BH-16-3249,Brachiaria humidicola,Grass,15,3,3,151.0,6.54,15.64,50.78
1,893,Breeding,F24-3606,CIAT-BH-16-B-0733,Brachiaria humidicola,Grass,15,3,1,152.0,6.05,14.78,52.49
1,894,Breeding,F24-3606,CIAT-BH-16-B-0733,Brachiaria humidicola,Grass,15,3,2,153.0,6.61,15.43,54.02
1,895,Breeding,F24-3606,CIAT-BH-16-B-0733,Brachiaria humidicola,Grass,15,3,3,154.0,7.19,16.97,58.01
1,896,Breeding,F24-3607,CIAT-BH-16-B-0741,Brachiaria humidicola,Grass,15,3,1,155.0,6.8,16.2,60.04
1,897,Breeding,F24-3607,CIAT-BH-16-B-0741,Brachiaria humidicola,Grass,15,3,2,156.0,6.27,15.31,53.23
1,898,Breeding,F24-3607,CIAT-BH-16-B-0741,Brachiaria humidicola,Grass,15,3,3,157.0,6.12,15.21,56.01
1,899,Breeding,F24-3608,CIAT-BH-16-B-1194,Brachiaria humidicola,Grass,15,3,1,158.0,6.74,15.84,54.29
1,900,Breeding,F24-3608,CIAT-BH-16-B-1194,Brachiaria humidicola,Grass,15,3,2,159.0,6.65,16.11,53.25
1,901,Breeding,F24-3608,CIAT-BH-16-B-1194,Brachiaria humidicola,Grass,15,3,3,160.0,6.6,15.66,57.01
1,902,Breeding,F24-3609,CIAT-BH-16-B-1618,Brachiaria humidicola,Grass,15,3,1,161.0,5.91,13.99,54.37
1,903,Breeding,F24-3609,CIAT-BH-16-B-1618,Brachiaria humidicola,Grass,15,3,2,162.0,5.9,13.99,53.55
1,904,Breeding,F24-3609,CIAT-BH-16-B-1618,Brachiaria humidicola,Grass,15,3,3,163.0,6.0,15.23,52.34
1,905,Breeding,F24-3610,CIAT-BH-16-B-1707,Brachiaria humidicola,Grass,15,3,1,164.0,6.8,17.95,56.8
1,906,Breeding,F24-3610,CIAT-BH-16-B-1707,Brachiaria humidicola,Grass,15,3,2,165.0,6.65,16.52,54.57
1,907,Breeding,F24-3610,CIAT-BH-16-B-1707,Brachiaria humidicola,Grass,15,3,3,166.0,6.79,17.48,55.39
1,908,Breeding,F24-3611,CIAT-CIAT-16888,Brachiaria humidicola,Grass,15,3,1,167.0,6.88,15.92,50.43
1,909,Breeding,F24-3611,CIAT-CIAT-16888,Brachiaria humidicola,Grass,15,3,2,168.0,7.03,16.07,49.55
1,910,Breeding,F24-3611,CIAT-CIAT-16888,Brachiaria humidicola,Grass,15,3,3,169.0,6.61,15.15,51.5
1,1572,Breeding,F25-0990,CIAT-PM-21-0053,Megathyrsus maximus,Grass,23,1,1,3.0,4.19,11.9,51.54
1,1573,Breeding,F25-0990,CIAT-PM-21-0053,Megathyrsus maximus,Grass,23,1,2,4.0,4.34,11.81,42.02
1,1574,Breeding,F25-0990,CIAT-PM-21-0053,Megathyrsus maximus,Grass,23,1,3,5.0,4.37,11.88,46.84
1,1575,Breeding,F25-0991,CIAT-PM-21-3550,Megathyrsus maximus,Grass,23,1,1,6.0,4.13,11.08,47.85
1,1576,Breeding,F25-0991,CIAT-PM-21-3550,Megathyrsus maximus,Grass,23,1,2,7.0,3.92,11.01,44.73
1,1577,Breeding,F25-0991,CIAT-PM-21-3550,Megathyrsus maximus,Grass,23,1,3,8.0,4.1,11.05,48.78
1,1578,Breeding,F25-0992,CIAT-PM-21-3595,Megathyrsus maximus,Grass,23,1,1,9.0,4.16,10.99,48.54
1,1579,Breeding,F25-0992,CIAT-PM-21-3595,Megathyrsus maximus,Grass,23,1,2,10.0,4.19,11.1,51.62
1,1580,Breeding,F25-0992,CIAT-PM-21-3595,Megathyrsus maximus,Grass,23,1,3,11.0,4.1,11.08,48.04
1,1581,Breeding,F25-0993,CIAT-PM-21-0086,Megathyrsus maximus,Grass,23,1,1,12.0,4.37,11.79,51.79
1,1582,Breeding,F25-0993,CIAT-PM-21-0086,Megathyrsus maximus,Grass,23,1,2,13.0,4.34,11.52,47.91
1,1583,Breeding,F25-0993,CIAT-PM-21-0086,Megathyrsus maximus,Grass,23,1,3,14.0,4.34,11.27,41.09
1,1584,Breeding,F25-0994,CIAT-CIAT-16048,Megathyrsus maximus,Grass,23,1,1,15.0,4.53,11.07,46.96
1,1586,Breeding,F25-0994,CIAT-CIAT-16048,Megathyrsus maximus,Grass,23,1,3,17.0,4.69,11.95,54.05
1,1587,Breeding,F25-0995,CIAT-PM-21-0185,Megathyrsus maximus,Grass,23,1,1,18.0,4.07,11.57,50.55
1,1588,Breeding,F25-0995,CIAT-PM-21-0185,Megathyrsus maximus,Grass,23,1,2,19.0,5.24,12.64,44.9
1,1589,Breeding,F25-0995,CIAT-PM-21-0185,Megathyrsus maximus,Grass,23,1,3,20.0,4.12,12.16,50.43
1,1590,Breeding,F25-0996,CIAT-PM-21-0215,Megathyrsus maximus,Grass,23,1,1,21.0,4.13,12.12,43.64
1,1591,Breeding,F25-0996,CIAT-PM-21-0215,Megathyrsus maximus,Grass,23,1,2,22.0,4.1,12.01,47.47
1,1592,Breeding,F25-0996,CIAT-PM-21-0215,Megathyrsus maximus,Grass,23,1,3,23.0,3.97,11.56,46.52
1,1593,Breeding,F25-0997,CIAT-CIAT-16051,Megathyrsus maximus,Grass,23,1,1,24.0,4.65,11.59,36.19
1,1594,Breeding,F25-0997,CIAT-CIAT-16051,Megathyrsus maximus,Grass,23,1,2,25.0,4.22,11.62,48.47
1,1595,Breeding,F25-0997,CIAT-CIAT-16051,Megathyrsus maximus,Grass,23,1,3,26.0,4.44,11.87,48.08
1,1596,Breeding,F25-0998,CIAT-PM-21-6080,Megathyrsus maximus,Grass,23,1,1,27.0,4.35,11.48,49.81
1,1597,Breeding,F25-0998,CIAT-PM-21-6080,Megathyrsus maximus,Grass,23,1,2,28.0,4.38,11.92,47.19
1,1598,Breeding,F25-0998,CIAT-PM-21-6080,Megathyrsus maximus,Grass,23,1,3,29.0,4.25,11.76,32.1
1,1599,Breeding,F25-0999,CIAT-PM-21-3684,Megathyrsus maximus,Grass,23,1,1,30.0,4.8,12.46,55.67
1,1600,Breeding,F25-0999,CIAT-PM-21-3684,Megathyrsus maximus,Grass,23,1,2,31.0,4.65,11.72,48.27
1,1601,Breeding,F25-0999,CIAT-PM-21-3684,Megathyrsus maximus,Grass,23,1,3,32.0,4.8,12.3,50.8
1,1602,Breeding,F25-1000,CIAT-PM-21-0076,Megathyrsus maximus,Grass,23,1,1,33.0,4.53,12.45,50.37
1,1603,Breeding,F25-1000,CIAT-PM-21-0076,Megathyrsus maximus,Grass,23,1,2,34.0,4.47,12.55,26.23
1,1604,Breeding,F25-1000,CIAT-PM-21-0076,Megathyrsus maximus,Grass,23,1,3,35.0,4.44,12.4,56.83
1,1605,Breeding,F25-1001,CIAT-CIAT-6890,Megathyrsus maximus,Grass,23,1,1,36.0,4.04,11.22,50.22
1,1606,Breeding,F25-1001,CIAT-CIAT-6890,Megathyrsus maximus,Grass,23,1,2,37.0,4.16,11.5,51.13
1,1607,Breeding,F25-1001,CIAT-CIAT-6890,Megathyrsus maximus,Grass,23,1,3,38.0,4.19,11.76,52.57
1,1608,Breeding,F25-1002,CIAT-PM-21-6638,Megathyrsus maximus,Grass,23,1,1,39.0,3.94,10.89,48.63
1,1609,Breeding,F25-1002,CIAT-PM-21-6638,Megathyrsus maximus,Grass,23,1,2,40.0,4.04,11.02,56.29
1,1610,Breeding,F25-1002,CIAT-PM-21-6638,Megathyrsus maximus,Grass,23,1,3,41.0,3.89,10.92,50.27
1,1611,Breeding,F25-1003,CIAT-PM-21-0052,Megathyrsus maximus,Grass,23,1,1,42.0,4.01,11.59,46.49
1,1612,Breeding,F25-1003,CIAT-PM-21-0052,Megathyrsus maximus,Grass,23,1,2,43.0,3.72,11.02,44.67
1,1613,Breeding,F25-1003,CIAT-PM-21-0052,Megathyrsus maximus,Grass,23,1,3,44.0,3.98,11.08,44.97
1,1614,Breeding,F25-1004,CIAT-PM-21-4449,Megathyrsus maximus,Grass,23,1,1,45.0,3.52,10.32,47.66
1,1615,Breeding,F25-1004,CIAT-PM-21-4449,Megathyrsus maximus,Grass,23,1,2,46.0,3.71,10.38,42.84
1,1616,Breeding,F25-1004,CIAT-PM-21-4449,Megathyrsus maximus,Grass,23,1,3,47.0,3.35,10.18,41.5
1,1619,Breeding,F25-1005,CIAT-CIAT-6799,Megathyrsus maximus,Grass,23,1,1,50.0,3.12,10.47,46.51
1,1620,Breeding,F25-1005,CIAT-CIAT-6799,Megathyrsus maximus,Grass,23,1,2,51.0,3.14,9.25,38.32
1,1621,Breeding,F25-1005,CIAT-CIAT-6799,Megathyrsus maximus,Grass,23,1,3,52.0,3.46,10.36,40.17
1,1622,Breeding,F25-1006,CIAT-PM-21-0055,Megathyrsus maximus,Grass,23,1,1,53.0,4.07,11.49,44.88
1,1623,Breeding,F25-1006,CIAT-PM-21-0055,Megathyrsus maximus,Grass,23,1,2,54.0,4.04,10.97,48.18
1,1624,Breeding,F25-1006,CIAT-PM-21-0055,Megathyrsus maximus,Grass,23,1,3,55.0,3.39,9.78,44.62
1,1625,Breeding,F25-1007,CIAT-PM-21-6529,Megathyrsus maximus,Grass,23,1,1,56.0,2.99,8.55,40.66
1,1626,Breeding,F25-1007,CIAT-PM-21-6529,Megathyrsus maximus,Grass,23,1,2,57.0,3.43,9.4,37.83
1,1627,Breeding,F25-1007,CIAT-PM-21-6529,Megathyrsus maximus,Grass,23,1,3,58.0,3.33,9.39,42.05
1,1628,Breeding,F25-1008,CIAT-PM-21-0047,Megathyrsus maximus,Grass,23,1,1,59.0,3.89,10.32,33.14
1,1629,Breeding,F25-1008,CIAT-PM-21-0047,Megathyrsus maximus,Grass,23,1,2,60.0,4.04,11.42,45.23
1,1630,Breeding,F25-1008,CIAT-PM-21-0047,Megathyrsus maximus,Grass,23,1,3,61.0,3.89,10.44,44.53
1,1631,Breeding,F25-1009,CIAT-PM-21-2195,Megathyrsus maximus,Grass,23,1,1,62.0,3.92,10.63,36.56
1,1632,Breeding,F25-1009,CIAT-PM-21-2195,Megathyrsus maximus,Grass,23,1,2,63.0,3.61,10.17,43.39
1,1633,Breeding,F25-1009,CIAT-PM-21-2195,Megathyrsus maximus,Grass,23,1,3,64.0,3.98,10.0,36.54
1,1634,Breeding,F25-1010,CIAT-PM-21-2627,Megathyrsus maximus,Grass,23,1,1,65.0,3.22,9.08,47.71
1,1635,Breeding,F25-1010,CIAT-PM-21-2627,Megathyrsus maximus,Grass,23,1,2,66.0,3.31,9.49,48.18
1,1636,Breeding,F25-1010,CIAT-PM-21-2627,Megathyrsus maximus,Grass,23,1,3,67.0,3.22,9.66,47.08
1,1637,Breeding,F25-1011,CIAT-PM-21-0059,Megathyrsus maximus,Grass,23,1,1,69.0,3.69,10.95,52.39
1,1638,Breeding,F25-1011,CIAT-PM-21-0059,Megathyrsus maximus,Grass,23,1,2,70.0,3.63,10.43,47.43
1,1639,Breeding,F25-1011,CIAT-PM-21-0059,Megathyrsus maximus,Grass,23,1,3,71.0,3.6,10.78,54.73
1,1640,Breeding,F25-1012,CIAT-PM-21-3522,Megathyrsus maximus,Grass,23,1,1,72.0,3.48,9.04,30.82
1,1641,Breeding,F25-1012,CIAT-PM-21-3522,Megathyrsus maximus,Grass,23,1,2,73.0,3.41,8.93,47.46
1,1642,Breeding,F25-1012,CIAT-PM-21-3522,Megathyrsus maximus,Grass,23,1,3,74.0,3.38,9.36,47.12
1,1643,Breeding,F25-1013,CIAT-PM-21-0062,Megathyrsus maximus,Grass,23,1,1,75.0,3.35,9.41,44.25
1,1644,Breeding,F25-1013,CIAT-PM-21-0062,Megathyrsus maximus,Grass,23,1,2,76.0,3.66,10.18,43.23
1,1645,Breeding,F25-1013,CIAT-PM-21-0062,Megathyrsus maximus,Grass,23,1,3,77.0,3.6,9.62,42.41
1,1646,Breeding,F25-1014,CIAT-PM-21-0906,Megathyrsus maximus,Grass,23,1,1,78.0,3.52,9.35,43.33
1,1647,Breeding,F25-1014,CIAT-PM-21-0906,Megathyrsus maximus,Grass,23,1,2,79.0,3.43,9.05,42.37
1,1648,Breeding,F25-1014,CIAT-PM-21-0906,Megathyrsus maximus,Grass,23,1,3,80.0,3.46,9.01,45.23
1,1677,Breeding,F25-0990,CIAT-PM-21-0053,Megathyrsus maximus,Grass,24,2,1,3.0,5.3,11.95,59.09
1,1678,Breeding,F25-0990,CIAT-PM-21-0053,Megathyrsus maximus,Grass,24,2,2,4.0,5.35,11.89,54.0
1,1679,Breeding,F25-0990,CIAT-PM-21-0053,Megathyrsus maximus,Grass,24,2,3,5.0,5.79,12.32,48.14
1,1680,Breeding,F25-0991,CIAT-PM-21-3550,Megathyrsus maximus,Grass,24,2,1,6.0,5.28,11.05,50.52
1,1681,Breeding,F25-0991,CIAT-PM-21-3550,Megathyrsus maximus,Grass,24,2,2,7.0,5.11,10.8,40.46
1,1682,Breeding,F25-0991,CIAT-PM-21-3550,Megathyrsus maximus,Grass,24,2,3,8.0,5.21,11.23,41.32
1,1683,Breeding,F25-0992,CIAT-PM-21-3595,Megathyrsus maximus,Grass,24,2,1,9.0,5.11,11.19,42.91
1,1684,Breeding,F25-0992,CIAT-PM-21-3595,Megathyrsus maximus,Grass,24,2,2,10.0,5.14,10.93,44.88
1,1685,Breeding,F25-0992,CIAT-PM-21-3595,Megathyrsus maximus,Grass,24,2,3,11.0,4.91,10.71,41.91
1,1686,Breeding,F25-0993,CIAT-PM-21-0086,Megathyrsus maximus,Grass,24,2,1,12.0,5.73,11.86,45.95
1,1687,Breeding,F25-0993,CIAT-PM-21-0086,Megathyrsus maximus,Grass,24,2,2,13.0,5.52,11.36,45.68
1,1688,Breeding,F25-0993,CIAT-PM-21-0086,Megathyrsus maximus,Grass,24,2,3,14.0,5.54,11.38,43.29
1,1689,Breeding,F25-0994,CIAT-CIAT-16048,Megathyrsus maximus,Grass,24,2,1,15.0,5.66,11.43,45.57
1,1690,Breeding,F25-0994,CIAT-CIAT-16048,Megathyrsus maximus,Grass,24,2,2,16.0,5.66,11.52,47.33
1,1691,Breeding,F25-0994,CIAT-CIAT-16048,Megathyrsus maximus,Grass,24,2,3,17.0,5.59,11.78,50.61
1,1692,Breeding,F25-0995,CIAT-PM-21-0185,Megathyrsus maximus,Grass,24,2,1,18.0,5.45,11.41,40.05
1,1693,Breeding,F25-0995,CIAT-PM-21-0185,Megathyrsus maximus,Grass,24,2,2,19.0,4.98,10.42,49.91
1,1694,Breeding,F25-0995,CIAT-PM-21-0185,Megathyrsus maximus,Grass,24,2,3,20.0,5.37,11.53,48.13
1,1695,Breeding,F25-0996,CIAT-PM-21-0215,Megathyrsus maximus,Grass,24,2,1,21.0,5.4,11.5,43.83
1,1696,Breeding,F25-0996,CIAT-PM-21-0215,Megathyrsus maximus,Grass,24,2,2,22.0,5.45,12.02,53.07
1,1697,Breeding,F25-0996,CIAT-PM-21-0215,Megathyrsus maximus,Grass,24,2,3,23.0,5.34,11.91,47.07
1,1698,Breeding,F25-0997,CIAT-CIAT-16051,Megathyrsus maximus,Grass,24,2,1,24.0,5.8,11.93,46.0
1,1699,Breeding,F25-0997,CIAT-CIAT-16051,Megathyrsus maximus,Grass,24,2,2,25.0,5.63,11.69,51.66
1,1700,Breeding,F25-0997,CIAT-CIAT-16051,Megathyrsus maximus,Grass,24,2,3,26.0,5.69,11.85,42.04
1,1701,Breeding,F25-0998,CIAT-PM-21-6080,Megathyrsus maximus,Grass,24,2,1,27.0,4.46,9.01,49.04
1,1702,Breeding,F25-0998,CIAT-PM-21-6080,Megathyrsus maximus,Grass,24,2,2,28.0,5.55,11.51,44.45
1,1703,Breeding,F25-0998,CIAT-PM-21-6080,Megathyrsus maximus,Grass,24,2,3,29.0,5.38,11.24,48.45
1,1704,Breeding,F25-0999,CIAT-PM-21-3684,Megathyrsus maximus,Grass,24,2,1,30.0,6.05,12.55,66.52
1,1705,Breeding,F25-0999,CIAT-PM-21-3684,Megathyrsus maximus,Grass,24,2,2,31.0,5.75,12.21,44.57
1,1706,Breeding,F25-0999,CIAT-PM-21-3684,Megathyrsus maximus,Grass,24,2,3,32.0,5.65,12.0,53.48
1,1707,Breeding,F25-1000,CIAT-PM-21-0076,Megathyrsus maximus,Grass,24,2,1,33.0,5.76,12.24,52.15
1,1708,Breeding,F25-1000,CIAT-PM-21-0076,Megathyrsus maximus,Grass,24,2,2,34.0,5.58,11.43,47.75
1,1709,Breeding,F25-1000,CIAT-PM-21-0076,Megathyrsus maximus,Grass,24,2,3,35.0,5.59,12.14,47.64
1,1710,Breeding,F25-1001,CIAT-CIAT-6890,Megathyrsus maximus,Grass,24,2,1,36.0,5.47,12.32,59.25
1,1711,Breeding,F25-1001,CIAT-CIAT-6890,Megathyrsus maximus,Grass,24,2,2,37.0,5.4,12.49,50.9
1,1712,Breeding,F25-1001,CIAT-CIAT-6890,Megathyrsus maximus,Grass,24,2,3,38.0,5.37,12.06,50.28
1,1713,Breeding,F25-1002,CIAT-PM-21-6638,Megathyrsus maximus,Grass,24,2,1,39.0,5.2,11.08,53.26
1,1714,Breeding,F25-1002,CIAT-PM-21-6638,Megathyrsus maximus,Grass,24,2,2,40.0,5.22,10.66,40.62
1,1715,Breeding,F25-1002,CIAT-PM-21-6638,Megathyrsus maximus,Grass,24,2,3,41.0,5.04,10.58,52.2
1,1716,Breeding,F25-1003,CIAT-PM-21-0052,Megathyrsus maximus,Grass,24,2,1,42.0,5.24,11.5,52.13
1,1717,Breeding,F25-1003,CIAT-PM-21-0052,Megathyrsus maximus,Grass,24,2,2,43.0,5.37,11.59,55.56
1,1718,Breeding,F25-1003,CIAT-PM-21-0052,Megathyrsus maximus,Grass,24,2,3,44.0,5.26,11.35,51.08
1,1719,Breeding,F25-1004,CIAT-PM-21-4449,Megathyrsus maximus,Grass,24,2,1,45.0,4.78,10.93,36.18
1,1720,Breeding,F25-1004,CIAT-PM-21-4449,Megathyrsus maximus,Grass,24,2,2,46.0,4.94,11.64,47.59
1,1721,Breeding,F25-1004,CIAT-PM-21-4449,Megathyrsus maximus,Grass,24,2,3,47.0,4.51,10.65,42.47
1,1724,Breeding,F25-1005,CIAT-CIAT-6799,Megathyrsus maximus,Grass,24,2,1,50.0,4.44,10.91,49.18
1,1725,Breeding,F25-1005,CIAT-CIAT-6799,Megathyrsus maximus,Grass,24,2,2,51.0,4.38,10.32,37.01
1,1726,Breeding,F25-1005,CIAT-CIAT-6799,Megathyrsus maximus,Grass,24,2,3,52.0,4.5,10.82,40.77
1,1727,Breeding,F25-1006,CIAT-PM-21-0055,Megathyrsus maximus,Grass,24,2,1,53.0,5.1,10.89,50.77
1,1728,Breeding,F25-1006,CIAT-PM-21-0055,Megathyrsus maximus,Grass,24,2,2,54.0,4.52,11.01,44.49
1,1729,Breeding,F25-1006,CIAT-PM-21-0055,Megathyrsus maximus,Grass,24,2,3,55.0,5.47,11.73,44.72
1,1730,Breeding,F25-1007,CIAT-PM-21-6529,Megathyrsus maximus,Grass,24,2,1,56.0,4.97,11.63,51.76
1,1731,Breeding,F25-1007,CIAT-PM-21-6529,Megathyrsus maximus,Grass,24,2,2,57.0,4.85,10.77,51.08
1,1732,Breeding,F25-1007,CIAT-PM-21-6529,Megathyrsus maximus,Grass,24,2,3,58.0,4.94,11.56,47.54
1,1733,Breeding,F25-1008,CIAT-PM-21-0047,Megathyrsus maximus,Grass,24,2,1,59.0,5.73,12.54,57.1
1,1734,Breeding,F25-1008,CIAT-PM-21-0047,Megathyrsus maximus,Grass,24,2,2,60.0,5.65,12.16,52.45
1,1735,Breeding,F25-1008,CIAT-PM-21-0047,Megathyrsus maximus,Grass,24,2,3,61.0,5.61,12.03,47.08
1,1736,Breeding,F25-1009,CIAT-PM-21-2195,Megathyrsus maximus,Grass,24,2,1,62.0,5.61,12.58,49.08
1,1737,Breeding,F25-1009,CIAT-PM-21-2195,Megathyrsus maximus,Grass,24,2,2,63.0,5.2,11.31,52.58
1,1738,Breeding,F25-1009,CIAT-PM-21-2195,Megathyrsus maximus,Grass,24,2,3,64.0,5.42,12.08,55.48
1,1739,Breeding,F25-1010,CIAT-PM-21-2627,Megathyrsus maximus,Grass,24,2,1,65.0,4.88,10.53,46.73
1,1740,Breeding,F25-1010,CIAT-PM-21-2627,Megathyrsus maximus,Grass,24,2,2,66.0,4.81,11.2,50.57
1,1741,Breeding,F25-1010,CIAT-PM-21-2627,Megathyrsus maximus,Grass,24,2,3,67.0,4.68,10.45,46.76
1,1742,Breeding,F25-1011,CIAT-PM-21-0059,Megathyrsus maximus,Grass,24,2,1,69.0,5.27,11.51,51.34
1,1743,Breeding,F25-1011,CIAT-PM-21-0059,Megathyrsus maximus,Grass,24,2,2,70.0,5.51,11.94,37.55
1,1744,Breeding,F25-1011,CIAT-PM-21-0059,Megathyrsus maximus,Grass,24,2,3,71.0,5.46,12.07,54.32
1,1745,Breeding,F25-1012,CIAT-PM-21-3522,Megathyrsus maximus,Grass,24,2,1,72.0,5.09,11.45,42.05
1,1746,Breeding,F25-1012,CIAT-PM-21-3522,Megathyrsus maximus,Grass,24,2,2,73.0,5.11,11.23,52.55
1,1747,Breeding,F25-1012,CIAT-PM-21-3522,Megathyrsus maximus,Grass,24,2,3,74.0,4.99,10.88,38.03
1,1748,Breeding,F25-1013,CIAT-PM-21-0062,Megathyrsus maximus,Grass,24,2,1,75.0,5.5,12.08,44.93
1,1749,Breeding,F25-1013,CIAT-PM-21-0062,Megathyrsus maximus,Grass,24,2,2,76.0,5.58,12.16,45.73
1,1750,Breeding,F25-1013,CIAT-PM-21-0062,Megathyrsus maximus,Grass,24,2,3,77.0,5.73,13.2,48.58
1,1751,Breeding,F25-1014,CIAT-PM-21-0906,Megathyrsus maximus,Grass,24,2,1,78.0,5.09,10.9,49.96
1,1752,Breeding,F25-1014,CIAT-PM-21-0906,Megathyrsus maximus,Grass,24,2,2,79.0,5.03,11.19,54.45
1,1753,Breeding,F25-1014,CIAT-PM-21-0906,Megathyrsus maximus,Grass,24,2,3,80.0,5.07,11.23,48.83
1,1782,Breeding,F25-0990,CIAT-PM-21-0053,Megathyrsus maximus,Grass,25,3,1,3.0,5.3,11.81,59.09
1,1783,Breeding,F25-0990,CIAT-PM-21-0053,Megathyrsus maximus,Grass,25,3,2,4.0,5.35,11.76,54.0
1,1784,Breeding,F25-0990,CIAT-PM-21-0053,Megathyrsus maximus,Grass,25,3,3,5.0,5.79,12.18,48.14
1,1785,Breeding,F25-0991,CIAT-PM-21-3550,Megathyrsus maximus,Grass,25,3,1,6.0,5.28,10.91,50.52
1,1786,Breeding,F25-0991,CIAT-PM-21-3550,Megathyrsus maximus,Grass,25,3,2,7.0,5.11,10.66,40.46
1,1787,Breeding,F25-0991,CIAT-PM-21-3550,Megathyrsus maximus,Grass,25,3,3,8.0,5.21,11.09,41.32
1,1788,Breeding,F25-0992,CIAT-PM-21-3595,Megathyrsus maximus,Grass,25,3,1,9.0,5.11,11.05,42.91
1,1789,Breeding,F25-0992,CIAT-PM-21-3595,Megathyrsus maximus,Grass,25,3,2,10.0,5.14,10.8,44.88
1,1790,Breeding,F25-0992,CIAT-PM-21-3595,Megathyrsus maximus,Grass,25,3,3,11.0,4.91,10.57,41.91
1,1791,Breeding,F25-0993,CIAT-PM-21-0086,Megathyrsus maximus,Grass,25,3,1,12.0,5.73,11.72,45.95
1,1792,Breeding,F25-0993,CIAT-PM-21-0086,Megathyrsus maximus,Grass,25,3,2,13.0,5.52,11.22,45.68
1,1793,Breeding,F25-0993,CIAT-PM-21-0086,Megathyrsus maximus,Grass,25,3,3,14.0,5.54,11.24,43.29
1,1794,Breeding,F25-0994,CIAT-CIAT-16048,Megathyrsus maximus,Grass,25,3,1,15.0,5.66,11.29,45.57
1,1795,Breeding,F25-0994,CIAT-CIAT-16048,Megathyrsus maximus,Grass,25,3,2,16.0,5.66,11.38,47.33
1,1796,Breeding,F25-0994,CIAT-CIAT-16048,Megathyrsus maximus,Grass,25,3,3,17.0,5.59,11.64,50.61
1,1797,Breeding,F25-0995,CIAT-PM-21-0185,Megathyrsus maximus,Grass,25,3,1,18.0,5.45,11.27,40.05
1,1798,Breeding,F25-0995,CIAT-PM-21-0185,Megathyrsus maximus,Grass,25,3,2,19.0,4.98,10.28,49.91
1,1799,Breeding,F25-0995,CIAT-PM-21-0185,Megathyrsus maximus,Grass,25,3,3,20.0,5.37,11.39,48.13
1,1800,Breeding,F25-0996,CIAT-PM-21-0215,Megathyrsus maximus,Grass,25,3,1,21.0,5.4,11.36,43.83
1,1801,Breeding,F25-0996,CIAT-PM-21-0215,Megathyrsus maximus,Grass,25,3,2,22.0,5.45,11.88,53.07
1,1802,Breeding,F25-0996,CIAT-PM-21-0215,Megathyrsus maximus,Grass,25,3,3,23.0,5.34,11.78,47.07
1,1803,Breeding,F25-0997,CIAT-CIAT-16051,Megathyrsus maximus,Grass,25,3,1,24.0,5.8,11.78,46.0
1,1804,Breeding,F25-0997,CIAT-CIAT-16051,Megathyrsus maximus,Grass,25,3,2,25.0,5.63,11.55,51.66
1,1805,Breeding,F25-0997,CIAT-CIAT-16051,Megathyrsus maximus,Grass,25,3,3,26.0,5.69,11.71,42.04
1,1806,Breeding,F25-0998,CIAT-PM-21-6080,Megathyrsus maximus,Grass,25,3,1,27.0,4.46,8.86,49.04
1,1807,Breeding,F25-0998,CIAT-PM-21-6080,Megathyrsus maximus,Grass,25,3,2,28.0,5.55,11.36,44.45
1,1808,Breeding,F25-0998,CIAT-PM-21-6080,Megathyrsus maximus,Grass,25,3,3,29.0,5.38,11.09,48.45
1,1809,Breeding,F25-0999,CIAT-PM-21-3684,Megathyrsus maximus,Grass,25,3,1,30.0,6.05,12.41,66.52
1,1810,Breeding,F25-0999,CIAT-PM-21-3684,Megathyrsus maximus,Grass,25,3,2,31.0,5.75,12.08,44.57
1,1811,Breeding,F25-0999,CIAT-PM-21-3684,Megathyrsus maximus,Grass,25,3,3,32.0,5.65,11.86,53.48
1,1812,Breeding,F25-1000,CIAT-PM-21-0076,Megathyrsus maximus,Grass,25,3,1,33.0,5.76,12.1,52.15
1,1813,Breeding,F25-1000,CIAT-PM-21-0076,Megathyrsus maximus,Grass,25,3,2,34.0,5.58,11.29,47.75
1,1814,Breeding,F25-1000,CIAT-PM-21-0076,Megathyrsus maximus,Grass,25,3,3,35.0,5.59,12.0,47.64
1,1815,Breeding,F25-1001,CIAT-CIAT-6890,Megathyrsus maximus,Grass,25,3,1,36.0,5.47,12.18,59.25
1,1816,Breeding,F25-1001,CIAT-CIAT-6890,Megathyrsus maximus,Grass,25,3,2,37.0,5.4,12.35,50.9
1,1817,Breeding,F25-1001,CIAT-CIAT-6890,Megathyrsus maximus,Grass,25,3,3,38.0,5.37,11.93,50.28
1,1818,Breeding,F25-1002,CIAT-PM-21-6638,Megathyrsus maximus,Grass,25,3,1,39.0,5.2,10.94,53.26
1,1819,Breeding,F25-1002,CIAT-PM-21-6638,Megathyrsus maximus,Grass,25,3,2,40.0,5.22,10.53,40.62
1,1820,Breeding,F25-1002,CIAT-PM-21-6638,Megathyrsus maximus,Grass,25,3,3,41.0,5.04,10.44,52.2
1,1821,Breeding,F25-1003,CIAT-PM-21-0052,Megathyrsus maximus,Grass,25,3,1,42.0,5.24,11.36,52.13
1,1822,Breeding,F25-1003,CIAT-PM-21-0052,Megathyrsus maximus,Grass,25,3,2,43.0,5.37,11.45,55.56
1,1823,Breeding,F25-1003,CIAT-PM-21-0052,Megathyrsus maximus,Grass,25,3,3,44.0,5.26,11.21,51.08
1,1824,Breeding,F25-1004,CIAT-PM-21-4449,Megathyrsus maximus,Grass,25,3,1,45.0,4.78,10.79,36.18
1,1825,Breeding,F25-1004,CIAT-PM-21-4449,Megathyrsus maximus,Grass,25,3,2,46.0,4.94,11.51,47.59
1,1826,Breeding,F25-1004,CIAT-PM-21-4449,Megathyrsus maximus,Grass,25,3,3,47.0,4.51,10.51,42.47
1,1829,Breeding,F25-1005,CIAT-CIAT-6799,Megathyrsus maximus,Grass,25,3,1,50.0,4.44,10.78,49.18
1,1830,Breeding,F25-1005,CIAT-CIAT-6799,Megathyrsus maximus,Grass,25,3,2,51.0,4.38,10.19,37.01
1,1831,Breeding,F25-1005,CIAT-CIAT-6799,Megathyrsus maximus,Grass,25,3,3,52.0,4.5,10.68,40.77
1,1832,Breeding,F25-1006,CIAT-PM-21-0055,Megathyrsus maximus,Grass,25,3,1,53.0,5.1,10.75,50.77
1,1833,Breeding,F25-1006,CIAT-PM-21-0055,Megathyrsus maximus,Grass,25,3,2,54.0,4.52,10.87,44.49
1,1834,Breeding,F25-1006,CIAT-PM-21-0055,Megathyrsus maximus,Grass,25,3,3,55.0,5.47,11.59,44.72
1,1835,Breeding,F25-1007,CIAT-PM-21-6529,Megathyrsus maximus,Grass,25,3,1,56.0,4.97,11.5,51.76
1,1836,Breeding,F25-1007,CIAT-PM-21-6529,Megathyrsus maximus,Grass,25,3,2,57.0,4.85,10.63,51.08
1,1837,Breeding,F25-1007,CIAT-PM-21-6529,Megathyrsus maximus,Grass,25,3,3,58.0,4.94,11.42,47.54
1,1838,Breeding,F25-1008,CIAT-PM-21-0047,Megathyrsus maximus,Grass,25,3,1,59.0,5.73,12.41,57.1
1,1839,Breeding,F25-1008,CIAT-PM-21-0047,Megathyrsus maximus,Grass,25,3,2,60.0,5.65,12.02,52.45
1,1840,Breeding,F25-1008,CIAT-PM-21-0047,Megathyrsus maximus,Grass,25,3,3,61.0,5.61,11.89,47.08
1,1841,Breeding,F25-1009,CIAT-PM-21-2195,Megathyrsus maximus,Grass,25,3,1,62.0,5.61,12.45,49.08
1,1842,Breeding,F25-1009,CIAT-PM-21-2195,Megathyrsus maximus,Grass,25,3,2,63.0,5.2,11.18,52.58
1,1843,Breeding,F25-1009,CIAT-PM-21-2195,Megathyrsus maximus,Grass,25,3,3,64.0,5.42,11.95,55.48
1,1844,Breeding,F25-1010,CIAT-PM-21-2627,Megathyrsus maximus,Grass,25,3,1,65.0,4.88,10.39,46.73
1,1845,Breeding,F25-1010,CIAT-PM-21-2627,Megathyrsus maximus,Grass,25,3,2,66.0,4.81,11.07,50.57
1,1846,Breeding,F25-1010,CIAT-PM-21-2627,Megathyrsus maximus,Grass,25,3,3,67.0,4.68,10.31,46.76
1,1847,Breeding,F25-1011,CIAT-PM-21-0059,Megathyrsus maximus,Grass,25,3,1,69.0,5.27,11.37,51.34
1,1848,Breeding,F25-1011,CIAT-PM-21-0059,Megathyrsus maximus,Grass,25,3,2,70.0,5.51,11.8,37.55
1,1849,Breeding,F25-1011,CIAT-PM-21-0059,Megathyrsus maximus,Grass,25,3,3,71.0,5.46,11.93,54.32
1,1850,Breeding,F25-1012,CIAT-PM-21-3522,Megathyrsus maximus,Grass,25,3,1,72.0,5.09,11.31,42.05
1,1851,Breeding,F25-1012,CIAT-PM-21-3522,Megathyrsus maximus,Grass,25,3,2,73.0,5.11,11.1,52.55
1,1852,Breeding,F25-1012,CIAT-PM-21-3522,Megathyrsus maximus,Grass,25,3,3,74.0,4.99,10.74,38.03
1,1853,Breeding,F25-1013,CIAT-PM-21-0062,Megathyrsus maximus,Grass,25,3,1,75.0,5.5,11.94,44.93
1,1854,Breeding,F25-1013,CIAT-PM-21-0062,Megathyrsus maximus,Grass,25,3,2,76.0,5.58,12.02,45.73
1,1855,Breeding,F25-1013,CIAT-PM-21-0062,Megathyrsus maximus,Grass,25,3,3,77.0,5.73,13.06,48.58
1,1856,Breeding,F25-1014,CIAT-PM-21-0906,Megathyrsus maximus,Grass,25,3,1,78.0,5.09,10.76,49.96
1,1857,Breeding,F25-1014,CIAT-PM-21-0906,Megathyrsus maximus,Grass,25,3,2,79.0,5.03,11.06,54.45
1,1858,Breeding,F25-1014,CIAT-PM-21-0906,Megathyrsus maximus,Grass,25,3,3,80.0,5.07,11.1,48.83
2,633,Breeding,F25-1701,CIAT-BR-12-1362,Brachiaria interespecifico,Grass,40,1,1,4.0,2.92,10.22,66.85
2,634,Breeding,F25-1701,CIAT-BR-12-1362,Brachiaria interespecifico,Grass,40,1,2,5.0,2.72,10.05,55.21
2,635,Breeding,F25-1701,CIAT-BR-12-1362,Brachiaria interespecifico,Grass,40,1,3,6.0,2.89,10.49,57.17
2,636,Breeding,F25-1702,CIAT-BR-12-2462,Brachiaria interespecifico,Grass,40,1,1,7.0,2.57,9.02,57.14
2,637,Breeding,F25-1702,CIAT-BR-12-2462,Brachiaria interespecifico,Grass,40,1,2,8.0,2.65,8.78,50.59
2,638,Breeding,F25-1702,CIAT-BR-12-2462,Brachiaria interespecifico,Grass,40,1,3,9.0,2.56,8.64,47.76
2,639,Breeding,F25-1703,CIAT-BR-12-3868,Brachiaria interespecifico,Grass,40,1,1,10.0,1.88,8.18,47.9
2,640,Breeding,F25-1703,CIAT-BR-12-3868,Brachiaria interespecifico,Grass,40,1,2,11.0,1.86,8.09,53.07
2,641,Breeding,F25-1703,CIAT-BR-12-3868,Brachiaria interespecifico,Grass,40,1,3,12.0,1.9,7.81,51.64
2,642,Breeding,F25-1704,CIAT-BR-15-2558,Brachiaria interespecifico,Grass,40,1,1,13.0,3.09,9.83,51.91
2,643,Breeding,F25-1704,CIAT-BR-15-2558,Brachiaria interespecifico,Grass,40,1,2,14.0,2.92,9.61,55.35
2,644,Breeding,F25-1704,CIAT-BR-15-2558,Brachiaria interespecifico,Grass,40,1,3,15.0,3.01,9.71,49.9
2,645,Breeding,F25-1705,CIAT-BR-15-2811,Brachiaria interespecifico,Grass,40,1,1,16.0,2.59,9.02,49.05
2,646,Breeding,F25-1705,CIAT-BR-15-2811,Brachiaria interespecifico,Grass,40,1,2,17.0,2.69,9.24,49.91
2,647,Breeding,F25-1705,CIAT-BR-15-2811,Brachiaria interespecifico,Grass,40,1,3,18.0,2.57,9.17,42.08
2,648,Breeding,F25-1706,CIAT-BR-15-2891,Brachiaria interespecifico,Grass,40,1,1,19.0,3.09,9.54,47.52
2,649,Breeding,F25-1706,CIAT-BR-15-2891,Brachiaria interespecifico,Grass,40,1,2,20.0,2.94,9.91,49.98
2,650,Breeding,F25-1706,CIAT-BR-15-2891,Brachiaria interespecifico,Grass,40,1,3,21.0,3.1,9.95,50.46
2,651,Breeding,F25-1707,CIAT-BR-19-1343,Brachiaria interespecifico,Grass,40,1,1,22.0,2.32,8.61,49.44
2,652,Breeding,F25-1707,CIAT-BR-19-1343,Brachiaria interespecifico,Grass,40,1,2,23.0,2.51,8.93,47.32
2,653,Breeding,F25-1707,CIAT-BR-19-1343,Brachiaria interespecifico,Grass,40,1,3,24.0,2.33,8.87,46.72
2,654,Breeding,F25-1708,CIAT-CIAT-26110,Brachiaria interespecifico,Grass,40,1,1,25.0,3.17,10.73,47.88
2,655,Breeding,F25-1708,CIAT-CIAT-26110,Brachiaria interespecifico,Grass,40,1,2,26.0,3.17,10.71,43.96
2,656,Breeding,F25-1708,CIAT-CIAT-26110,Brachiaria interespecifico,Grass,40,1,3,27.0,3.42,11.21,47.56
2,657,Breeding,F25-1709,CIAT-CIAT-26646,Brachiaria interespecifico,Grass,40,1,1,28.0,2.57,9.97,52.1
2,658,Breeding,F25-1709,CIAT-CIAT-26646,Brachiaria interespecifico,Grass,40,1,2,29.0,2.59,9.8,47.8
2,659,Breeding,F25-1709,CIAT-CIAT-26646,Brachiaria interespecifico,Grass,40,1,3,30.0,2.34,9.42,54.86
2,660,Breeding,F25-1710,CIAT-CIAT-6297,Brachiaria interespecifico,Grass,40,1,1,31.0,3.18,10.74,57.86
2,661,Breeding,F25-1710,CIAT-CIAT-6297,Brachiaria interespecifico,Grass,40,1,2,32.0,2.94,10.35,52.68
2,662,Breeding,F25-1710,CIAT-CIAT-6297,Brachiaria interespecifico,Grass,40,1,3,33.0,3.1,10.41,50.25
2,663,Breeding,F25-1711,CIAT-BR-12-4400,Brachiaria interespecifico,Grass,40,1,1,34.0,3.52,11.07,55.67
2,664,Breeding,F25-1711,CIAT-BR-12-4400,Brachiaria interespecifico,Grass,40,1,2,35.0,3.5,10.75,58.87
2,665,Breeding,F25-1711,CIAT-BR-12-4400,Brachiaria interespecifico,Grass,40,1,3,36.0,3.5,10.86,60.99
2,666,Breeding,F25-1712,CIAT-BR-15-3434,Brachiaria interespecifico,Grass,40,1,1,37.0,3.5,10.61,59.46
2,667,Breeding,F25-1712,CIAT-BR-15-3434,Brachiaria interespecifico,Grass,40,1,2,38.0,3.47,10.82,56.17
2,668,Breeding,F25-1712,CIAT-BR-15-3434,Brachiaria interespecifico,Grass,40,1,3,39.0,3.59,10.84,51.77
2,669,Breeding,F25-1713,CIAT-BR-15-3811,Brachiaria interespecifico,Grass,40,1,1,40.0,3.44,10.22,50.59
2,670,Breeding,F25-1713,CIAT-BR-15-3811,Brachiaria interespecifico,Grass,40,1,2,41.0,4.19,10.97,50.12
2,671,Breeding,F25-1713,CIAT-BR-15-3811,Brachiaria interespecifico,Grass,40,1,3,42.0,4.01,10.81,43.69
2,672,Breeding,F25-1714,CIAT-BR-15-6547,Brachiaria interespecifico,Grass,40,1,1,43.0,3.33,10.41,57.86
2,673,Breeding,F25-1714,CIAT-BR-15-6547,Brachiaria interespecifico,Grass,40,1,2,44.0,2.9,9.4,31.32
2,674,Breeding,F25-1714,CIAT-BR-15-6547,Brachiaria interespecifico,Grass,40,1,3,45.0,3.23,10.18,44.99
2,675,Breeding,F25-1715,CIAT-BR-15-7121,Brachiaria interespecifico,Grass,40,1,1,46.0,3.38,10.86,37.68
2,676,Breeding,F25-1715,CIAT-BR-15-7121,Brachiaria interespecifico,Grass,40,1,2,47.0,3.48,11.01,50.3
2,677,Breeding,F25-1715,CIAT-BR-15-7121,Brachiaria interespecifico,Grass,40,1,3,48.0,3.61,11.06,46.44
2,678,Breeding,F25-1716,CIAT-BR-15-8887,Brachiaria interespecifico,Grass,40,1,1,49.0,3.6,11.17,54.78
2,679,Breeding,F25-1716,CIAT-BR-15-8887,Brachiaria interespecifico,Grass,40,1,2,50.0,3.77,11.01,46.35
2,680,Breeding,F25-1716,CIAT-BR-15-8887,Brachiaria interespecifico,Grass,40,1,3,51.0,3.63,11.03,52.36
2,683,Breeding,F25-1717,CIAT-BR-19-4678,Brachiaria interespecifico,Grass,40,1,1,54.0,4.49,11.32,45.91
2,684,Breeding,F25-1717,CIAT-BR-19-4678,Brachiaria interespecifico,Grass,40,1,2,55.0,4.29,11.28,58.21
2,685,Breeding,F25-1717,CIAT-BR-19-4678,Brachiaria interespecifico,Grass,40,1,3,56.0,4.32,10.9,43.11
2,686,Breeding,F25-1718,CIAT-BR-19-5029,Brachiaria interespecifico,Grass,40,1,1,57.0,3.64,10.61,56.83
2,687,Breeding,F25-1718,CIAT-BR-19-5029,Brachiaria interespecifico,Grass,40,1,2,58.0,4.14,11.14,42.75
2,688,Breeding,F25-1718,CIAT-BR-19-5029,Brachiaria interespecifico,Grass,40,1,3,59.0,4.07,11.29,43.52
2,689,Breeding,F25-1719,CIAT-BR-19-5357,Brachiaria interespecifico,Grass,40,1,1,60.0,3.77,10.99,48.9
2,690,Breeding,F25-1719,CIAT-BR-19-5357,Brachiaria interespecifico,Grass,40,1,2,61.0,3.77,11.28,60.39
2,691,Breeding,F25-1719,CIAT-BR-19-5357,Brachiaria interespecifico,Grass,40,1,3,62.0,3.71,11.1,58.51
2,692,Breeding,F25-1720,CIAT-BR-19-5381,Brachiaria interespecifico,Grass,40,1,1,63.0,2.99,9.6,45.82
2,693,Breeding,F25-1720,CIAT-BR-19-5381,Brachiaria interespecifico,Grass,40,1,2,64.0,3.31,9.94,52.16
2,694,Breeding,F25-1720,CIAT-BR-19-5381,Brachiaria interespecifico,Grass,40,1,3,65.0,3.19,10.13,55.16
2,695,Breeding,F25-1721,CIAT-BR-02-0465,Brachiaria interespecifico,Grass,40,1,1,66.0,3.24,10.51,44.04
2,696,Breeding,F25-1721,CIAT-BR-02-0465,Brachiaria interespecifico,Grass,40,1,2,67.0,3.06,10.29,56.8
2,697,Breeding,F25-1721,CIAT-BR-02-0465,Brachiaria interespecifico,Grass,40,1,3,69.0,3.21,10.41,38.21
2,698,Breeding,F25-1722,CIAT-BR-04-3025,Brachiaria interespecifico,Grass,40,1,1,70.0,4.01,12.4,53.98
2,699,Breeding,F25-1722,CIAT-BR-04-3025,Brachiaria interespecifico,Grass,40,1,2,71.0,4.16,12.75,44.35
2,700,Breeding,F25-1722,CIAT-BR-04-3025,Brachiaria interespecifico,Grass,40,1,3,72.0,3.94,12.47,49.64
2,701,Breeding,F25-1723,CIAT-BR-05-1435,Brachiaria interespecifico,Grass,40,1,1,73.0,2.37,9.6,51.57
2,702,Breeding,F25-1723,CIAT-BR-05-1435,Brachiaria interespecifico,Grass,40,1,2,74.0,2.38,9.01,38.48
2,703,Breeding,F25-1723,CIAT-BR-05-1435,Brachiaria interespecifico,Grass,40,1,3,75.0,2.21,9.33,33.59
2,704,Breeding,F25-1724,CIAT-BR-09-3660,Brachiaria interespecifico,Grass,40,1,1,76.0,3.51,9.68,54.73
2,705,Breeding,F25-1724,CIAT-BR-09-3660,Brachiaria interespecifico,Grass,40,1,2,77.0,3.55,10.27,31.27
2,706,Breeding,F25-1724,CIAT-BR-09-3660,Brachiaria interespecifico,Grass,40,1,3,78.0,3.56,10.22,50.76
2,707,Breeding,F25-1725,CIAT-BR-19-1264,Brachiaria interespecifico,Grass,40,1,1,79.0,3.31,10.66,45.4
2,709,Breeding,F25-1725,CIAT-BR-19-1264,Brachiaria interespecifico,Grass,40,1,3,81.0,3.48,10.58,46.46
2,710,Breeding,F25-1726,CIAT-BR-19-5217,Brachiaria interespecifico,Grass,40,1,1,82.0,3.68,10.9,52.79
2,711,Breeding,F25-1726,CIAT-BR-19-5217,Brachiaria interespecifico,Grass,40,1,2,83.0,3.73,11.0,43.14
2,712,Breeding,F25-1726,CIAT-BR-19-5217,Brachiaria interespecifico,Grass,40,1,3,84.0,3.58,10.83,50.91
2,713,Breeding,F25-1727,CIAT-CIAT-26124,Brachiaria interespecifico,Grass,40,1,1,85.0,3.75,10.38,41.22
2,714,Breeding,F25-1727,CIAT-CIAT-26124,Brachiaria interespecifico,Grass,40,1,2,86.0,3.66,10.84,37.47
2,715,Breeding,F25-1727,CIAT-CIAT-26124,Brachiaria interespecifico,Grass,40,1,3,87.0,3.75,10.87,49.7
2,738,Breeding,F25-1701,CIAT-BR-12-1362,Brachiaria interespecifico,Grass,41,2,1,4.0,2.17,9.66,87.38
2,739,Breeding,F25-1701,CIAT-BR-12-1362,Brachiaria interespecifico,Grass,41,2,2,5.0,2.64,10.26,60.86
2,740,Breeding,F25-1701,CIAT-BR-12-1362,Brachiaria interespecifico,Grass,41,2,3,6.0,2.62,10.54,64.92
2,741,Breeding,F25-1702,CIAT-BR-12-2462,Brachiaria interespecifico,Grass,41,2,1,7.0,2.39,8.51,56.83
2,742,Breeding,F25-1702,CIAT-BR-12-2462,Brachiaria interespecifico,Grass,41,2,2,8.0,3.47,8.99,57.69
2,743,Breeding,F25-1702,CIAT-BR-12-2462,Brachiaria interespecifico,Grass,41,2,3,9.0,2.51,8.76,55.0
2,744,Breeding,F25-1703,CIAT-BR-12-3868,Brachiaria interespecifico,Grass,41,2,1,10.0,1.17,7.45,59.03
2,745,Breeding,F25-1703,CIAT-BR-12-3868,Brachiaria interespecifico,Grass,41,2,2,11.0,1.68,8.34,58.38
2,746,Breeding,F25-1703,CIAT-BR-12-3868,Brachiaria interespecifico,Grass,41,2,3,12.0,1.66,8.29,61.28
2,747,Breeding,F25-1704,CIAT-BR-15-2558,Brachiaria interespecifico,Grass,41,2,1,13.0,2.77,9.92,59.78
2,748,Breeding,F25-1704,CIAT-BR-15-2558,Brachiaria interespecifico,Grass,41,2,2,14.0,2.81,9.93,61.5
2,749,Breeding,F25-1704,CIAT-BR-15-2558,Brachiaria interespecifico,Grass,41,2,3,15.0,2.87,9.51,54.2
2,750,Breeding,F25-1705,CIAT-BR-15-2811,Brachiaria interespecifico,Grass,41,2,1,16.0,2.4,9.05,63.06
2,751,Breeding,F25-1705,CIAT-BR-15-2811,Brachiaria interespecifico,Grass,41,2,2,17.0,2.57,9.38,64.27
2,752,Breeding,F25-1705,CIAT-BR-15-2811,Brachiaria interespecifico,Grass,41,2,3,18.0,2.52,9.33,62.85
2,753,Breeding,F25-1706,CIAT-BR-15-2891,Brachiaria interespecifico,Grass,41,2,1,19.0,2.77,9.5,51.87
2,754,Breeding,F25-1706,CIAT-BR-15-2891,Brachiaria interespecifico,Grass,41,2,2,20.0,2.94,10.16,63.82
2,755,Breeding,F25-1706,CIAT-BR-15-2891,Brachiaria interespecifico,Grass,41,2,3,21.0,2.73,10.02,56.78
2,756,Breeding,F25-1707,CIAT-BR-19-1343,Brachiaria interespecifico,Grass,41,2,1,22.0,2.35,8.67,56.76
2,757,Breeding,F25-1707,CIAT-BR-19-1343,Brachiaria interespecifico,Grass,41,2,2,23.0,2.34,8.98,56.13
2,758,Breeding,F25-1707,CIAT-BR-19-1343,Brachiaria interespecifico,Grass,41,2,3,24.0,2.2,8.75,58.48
2,759,Breeding,F25-1708,CIAT-CIAT-26110,Brachiaria interespecifico,Grass,41,2,1,25.0,2.77,9.55,55.01
2,760,Breeding,F25-1708,CIAT-CIAT-26110,Brachiaria interespecifico,Grass,41,2,2,26.0,2.89,10.3,46.49
2,761,Breeding,F25-1708,CIAT-CIAT-26110,Brachiaria interespecifico,Grass,41,2,3,27.0,2.95,10.61,53.89
2,762,Breeding,F25-1709,CIAT-CIAT-26646,Brachiaria interespecifico,Grass,41,2,1,28.0,2.26,9.24,52.6
2,763,Breeding,F25-1709,CIAT-CIAT-26646,Brachiaria interespecifico,Grass,41,2,2,29.0,2.25,9.38,53.9
2,764,Breeding,F25-1709,CIAT-CIAT-26646,Brachiaria interespecifico,Grass,41,2,3,30.0,2.21,9.22,52.05
2,765,Breeding,F25-1710,CIAT-CIAT-6297,Brachiaria interespecifico,Grass,41,2,1,31.0,2.8,9.86,53.96
2,766,Breeding,F25-1710,CIAT-CIAT-6297,Brachiaria interespecifico,Grass,41,2,2,32.0,2.87,9.84,52.06
2,767,Breeding,F25-1710,CIAT-CIAT-6297,Brachiaria interespecifico,Grass,41,2,3,33.0,2.75,9.56,51.65
2,768,Breeding,F25-1711,CIAT-BR-12-4400,Brachiaria interespecifico,Grass,41,2,1,34.0,3.25,10.47,59.07
2,769,Breeding,F25-1711,CIAT-BR-12-4400,Brachiaria interespecifico,Grass,41,2,2,35.0,3.31,10.53,55.19
2,770,Breeding,F25-1711,CIAT-BR-12-4400,Brachiaria interespecifico,Grass,41,2,3,36.0,3.31,10.65,40.95
2,771,Breeding,F25-1712,CIAT-BR-15-3434,Brachiaria interespecifico,Grass,41,2,1,37.0,3.45,10.58,60.97
2,772,Breeding,F25-1712,CIAT-BR-15-3434,Brachiaria interespecifico,Grass,41,2,2,38.0,3.19,10.55,46.91
2,773,Breeding,F25-1712,CIAT-BR-15-3434,Brachiaria interespecifico,Grass,41,2,3,39.0,3.28,10.54,50.66
2,774,Breeding,F25-1713,CIAT-BR-15-3811,Brachiaria interespecifico,Grass,41,2,1,40.0,4.08,10.66,61.2
2,775,Breeding,F25-1713,CIAT-BR-15-3811,Brachiaria interespecifico,Grass,41,2,2,41.0,3.89,10.47,53.41
2,776,Breeding,F25-1713,CIAT-BR-15-3811,Brachiaria interespecifico,Grass,41,2,3,42.0,3.86,10.59,60.8
2,777,Breeding,F25-1714,CIAT-BR-15-6547,Brachiaria interespecifico,Grass,41,2,1,43.0,3.05,10.13,54.74
2,778,Breeding,F25-1714,CIAT-BR-15-6547,Brachiaria interespecifico,Grass,41,2,2,44.0,3.16,10.05,38.8
2,779,Breeding,F25-1714,CIAT-BR-15-6547,Brachiaria interespecifico,Grass,41,2,3,45.0,3.07,10.27,57.19
2,780,Breeding,F25-1715,CIAT-BR-15-7121,Brachiaria interespecifico,Grass,41,2,1,46.0,3.2,10.57,43.28
2,781,Breeding,F25-1715,CIAT-BR-15-7121,Brachiaria interespecifico,Grass,41,2,2,47.0,3.28,10.9,59.09
2,782,Breeding,F25-1715,CIAT-BR-15-7121,Brachiaria interespecifico,Grass,41,2,3,48.0,3.27,10.67,43.04
2,788,Breeding,F25-1717,CIAT-BR-19-4678,Brachiaria interespecifico,Grass,41,2,1,54.0,4.14,11.02,49.36
2,789,Breeding,F25-1717,CIAT-BR-19-4678,Brachiaria interespecifico,Grass,41,2,2,55.0,4.23,11.19,36.86
2,790,Breeding,F25-1717,CIAT-BR-19-4678,Brachiaria interespecifico,Grass,41,2,3,56.0,3.81,10.03,41.29
2,791,Breeding,F25-1718,CIAT-BR-19-5029,Brachiaria interespecifico,Grass,41,2,1,57.0,3.93,10.57,38.96
2,792,Breeding,F25-1718,CIAT-BR-19-5029,Brachiaria interespecifico,Grass,41,2,2,58.0,3.73,10.4,61.0
2,793,Breeding,F25-1718,CIAT-BR-19-5029,Brachiaria interespecifico,Grass,41,2,3,59.0,3.9,10.63,51.14
2,794,Breeding,F25-1719,CIAT-BR-19-5357,Brachiaria interespecifico,Grass,41,2,1,60.0,3.5,10.13,37.52
2,795,Breeding,F25-1719,CIAT-BR-19-5357,Brachiaria interespecifico,Grass,41,2,2,61.0,3.61,10.64,31.35
2,796,Breeding,F25-1719,CIAT-BR-19-5357,Brachiaria interespecifico,Grass,41,2,3,62.0,2.39,9.52,47.03
2,797,Breeding,F25-1720,CIAT-BR-19-5381,Brachiaria interespecifico,Grass,41,2,1,63.0,2.84,9.48,51.9
2,798,Breeding,F25-1720,CIAT-BR-19-5381,Brachiaria interespecifico,Grass,41,2,2,64.0,2.84,9.37,29.46
2,799,Breeding,F25-1720,CIAT-BR-19-5381,Brachiaria interespecifico,Grass,41,2,3,65.0,2.86,9.32,50.54
2,800,Breeding,F25-1721,CIAT-BR-02-0465,Brachiaria interespecifico,Grass,41,2,1,66.0,2.84,10.04,31.19
2,801,Breeding,F25-1721,CIAT-BR-02-0465,Brachiaria interespecifico,Grass,41,2,2,67.0,2.88,10.15,49.55
2,802,Breeding,F25-1721,CIAT-BR-02-0465,Brachiaria interespecifico,Grass,41,2,3,69.0,2.64,9.76,34.21
2,803,Breeding,F25-1722,CIAT-BR-04-3025,Brachiaria interespecifico,Grass,41,2,1,70.0,3.45,12.15,49.68
2,804,Breeding,F25-1722,CIAT-BR-04-3025,Brachiaria interespecifico,Grass,41,2,2,71.0,3.56,12.05,37.96
2,805,Breeding,F25-1722,CIAT-BR-04-3025,Brachiaria interespecifico,Grass,41,2,3,72.0,3.38,11.49,46.72
2,806,Breeding,F25-1723,CIAT-BR-05-1435,Brachiaria interespecifico,Grass,41,2,1,73.0,2.18,9.45,40.1
2,807,Breeding,F25-1723,CIAT-BR-05-1435,Brachiaria interespecifico,Grass,41,2,2,74.0,2.18,8.9,52.97
2,808,Breeding,F25-1723,CIAT-BR-05-1435,Brachiaria interespecifico,Grass,41,2,3,75.0,1.74,8.38,39.21
2,809,Breeding,F25-1724,CIAT-BR-09-3660,Brachiaria interespecifico,Grass,41,2,1,76.0,3.42,10.01,47.07
2,810,Breeding,F25-1724,CIAT-BR-09-3660,Brachiaria interespecifico,Grass,41,2,2,77.0,3.53,10.32,46.33
2,812,Breeding,F25-1725,CIAT-BR-19-1264,Brachiaria interespecifico,Grass,41,2,1,79.0,3.2,10.33,54.28
2,813,Breeding,F25-1725,CIAT-BR-19-1264,Brachiaria interespecifico,Grass,41,2,2,80.0,3.25,10.54,43.34
2,814,Breeding,F25-1725,CIAT-BR-19-1264,Brachiaria interespecifico,Grass,41,2,3,81.0,3.23,10.34,42.15
2,818,Breeding,F25-1727,CIAT-CIAT-26124,Brachiaria interespecifico,Grass,41,2,1,85.0,3.24,9.95,51.86
2,819,Breeding,F25-1727,CIAT-CIAT-26124,Brachiaria interespecifico,Grass,41,2,2,86.0,3.36,10.17,33.59
2,820,Breeding,F25-1727,CIAT-CIAT-26124,Brachiaria interespecifico,Grass,41,2,3,87.0,3.41,10.31,31.22
2,843,Breeding,F25-1701,CIAT-BR-12-1362,Brachiaria interespecifico,Grass,42,3,1,110.0,4.57,11.27,62.04
2,844,Breeding,F25-1701,CIAT-BR-12-1362,Brachiaria interespecifico,Grass,42,3,2,111.0,4.38,11.98,61.53
2,845,Breeding,F25-1701,CIAT-BR-12-1362,Brachiaria interespecifico,Grass,42,3,3,112.0,4.45,12.12,63.75
2,846,Breeding,F25-1702,CIAT-BR-12-2462,Brachiaria interespecifico,Grass,42,3,1,113.0,3.93,11.18,58.62
2,847,Breeding,F25-1702,CIAT-BR-12-2462,Brachiaria interespecifico,Grass,42,3,2,114.0,3.97,12.08,60.24
2,848,Breeding,F25-1702,CIAT-BR-12-2462,Brachiaria interespecifico,Grass,42,3,3,115.0,4.09,10.75,61.99
2,849,Breeding,F25-1703,CIAT-BR-12-3868,Brachiaria interespecifico,Grass,42,3,1,116.0,3.33,10.55,59.47
2,850,Breeding,F25-1703,CIAT-BR-12-3868,Brachiaria interespecifico,Grass,42,3,2,117.0,3.05,10.31,56.22
2,851,Breeding,F25-1703,CIAT-BR-12-3868,Brachiaria interespecifico,Grass,42,3,3,118.0,3.1,10.0,55.94
2,852,Breeding,F25-1704,CIAT-BR-15-2558,Brachiaria interespecifico,Grass,42,3,1,119.0,4.59,11.44,60.56
2,853,Breeding,F25-1704,CIAT-BR-15-2558,Brachiaria interespecifico,Grass,42,3,2,120.0,4.48,11.01,59.21
2,854,Breeding,F25-1704,CIAT-BR-15-2558,Brachiaria interespecifico,Grass,42,3,3,121.0,4.31,10.81,63.54
2,855,Breeding,F25-1705,CIAT-BR-15-2811,Brachiaria interespecifico,Grass,42,3,1,122.0,3.79,10.63,60.84
2,856,Breeding,F25-1705,CIAT-BR-15-2811,Brachiaria interespecifico,Grass,42,3,2,123.0,3.79,10.34,59.61
2,857,Breeding,F25-1705,CIAT-BR-15-2811,Brachiaria interespecifico,Grass,42,3,3,124.0,3.79,10.65,59.8
2,858,Breeding,F25-1706,CIAT-BR-15-2891,Brachiaria interespecifico,Grass,42,3,1,125.0,4.39,11.22,59.26
2,859,Breeding,F25-1706,CIAT-BR-15-2891,Brachiaria interespecifico,Grass,42,3,2,126.0,4.25,10.75,59.06
2,860,Breeding,F25-1706,CIAT-BR-15-2891,Brachiaria interespecifico,Grass,42,3,3,127.0,4.68,11.81,55.61
2,861,Breeding,F25-1707,CIAT-BR-19-1343,Brachiaria interespecifico,Grass,42,3,1,128.0,3.52,10.02,50.17
2,862,Breeding,F25-1707,CIAT-BR-19-1343,Brachiaria interespecifico,Grass,42,3,2,129.0,3.41,9.96,44.45
2,863,Breeding,F25-1707,CIAT-BR-19-1343,Brachiaria interespecifico,Grass,42,3,3,130.0,3.57,10.18,46.06
2,864,Breeding,F25-1708,CIAT-CIAT-26110,Brachiaria interespecifico,Grass,42,3,1,131.0,3.68,11.11,55.46
2,865,Breeding,F25-1708,CIAT-CIAT-26110,Brachiaria interespecifico,Grass,42,3,2,132.0,5.08,12.88,53.9
2,866,Breeding,F25-1708,CIAT-CIAT-26110,Brachiaria interespecifico,Grass,42,3,3,133.0,4.62,12.22,40.77
2,867,Breeding,F25-1709,CIAT-CIAT-26646,Brachiaria interespecifico,Grass,42,3,1,134.0,3.94,11.38,44.96
2,868,Breeding,F25-1709,CIAT-CIAT-26646,Brachiaria interespecifico,Grass,42,3,2,135.0,4.7,11.74,44.35
2,869,Breeding,F25-1709,CIAT-CIAT-26646,Brachiaria interespecifico,Grass,42,3,3,136.0,3.88,11.26,39.1
2,870,Breeding,F25-1710,CIAT-CIAT-6297,Brachiaria interespecifico,Grass,42,3,1,137.0,4.52,11.97,28.82
2,871,Breeding,F25-1710,CIAT-CIAT-6297,Brachiaria interespecifico,Grass,42,3,2,138.0,4.27,10.96,44.05
2,872,Breeding,F25-1710,CIAT-CIAT-6297,Brachiaria interespecifico,Grass,42,3,3,139.0,4.49,11.58,34.13
2,873,Breeding,F25-1711,CIAT-BR-12-4400,Brachiaria interespecifico,Grass,42,3,1,140.0,5.07,11.89,55.94
2,874,Breeding,F25-1711,CIAT-BR-12-4400,Brachiaria interespecifico,Grass,42,3,2,141.0,5.05,11.99,60.65
2,875,Breeding,F25-1711,CIAT-BR-12-4400,Brachiaria interespecifico,Grass,42,3,3,142.0,5.3,12.15,32.92
2,876,Breeding,F25-1712,CIAT-BR-15-3434,Brachiaria interespecifico,Grass,42,3,1,143.0,5.44,12.19,33.89
2,877,Breeding,F25-1712,CIAT-BR-15-3434,Brachiaria interespecifico,Grass,42,3,2,144.0,5.89,12.77,38.02
2,878,Breeding,F25-1712,CIAT-BR-15-3434,Brachiaria interespecifico,Grass,42,3,3,145.0,5.06,12.23,58.36
2,879,Breeding,F25-1713,CIAT-BR-15-3811,Brachiaria interespecifico,Grass,42,3,1,146.0,5.73,11.63,58.15
2,880,Breeding,F25-1713,CIAT-BR-15-3811,Brachiaria interespecifico,Grass,42,3,2,147.0,5.9,11.56,37.43
2,881,Breeding,F25-1713,CIAT-BR-15-3811,Brachiaria interespecifico,Grass,42,3,3,148.0,5.88,11.82,31.88
2,882,Breeding,F25-1714,CIAT-BR-15-6547,Brachiaria interespecifico,Grass,42,3,1,149.0,3.83,8.71,52.8
2,883,Breeding,F25-1714,CIAT-BR-15-6547,Brachiaria interespecifico,Grass,42,3,2,150.0,3.57,9.12,60.64
2,884,Breeding,F25-1714,CIAT-BR-15-6547,Brachiaria interespecifico,Grass,42,3,3,151.0,3.34,7.8,55.61
2,885,Breeding,F25-1715,CIAT-BR-15-7121,Brachiaria interespecifico,Grass,42,3,1,152.0,4.86,12.24,45.77
2,886,Breeding,F25-1715,CIAT-BR-15-7121,Brachiaria interespecifico,Grass,42,3,2,153.0,4.65,12.04,42.64
2,887,Breeding,F25-1715,CIAT-BR-15-7121,Brachiaria interespecifico,Grass,42,3,3,154.0,5.0,12.16,61.57
2,888,Breeding,F25-1716,CIAT-BR-15-8887,Brachiaria interespecifico,Grass,42,3,1,155.0,5.29,12.05,52.51
2,889,Breeding,F25-1716,CIAT-BR-15-8887,Brachiaria interespecifico,Grass,42,3,2,156.0,5.09,11.51,46.56
2,890,Breeding,F25-1716,CIAT-BR-15-8887,Brachiaria interespecifico,Grass,42,3,3,157.0,5.09,11.62,48.84
2,893,Breeding,F25-1717,CIAT-BR-19-4678,Brachiaria interespecifico,Grass,42,3,1,160.0,6.38,12.04,50.32
2,894,Breeding,F25-1717,CIAT-BR-19-4678,Brachiaria interespecifico,Grass,42,3,2,161.0,6.12,12.29,48.86
2,895,Breeding,F25-1717,CIAT-BR-19-4678,Brachiaria interespecifico,Grass,42,3,3,162.0,5.73,11.56,56.53
2,896,Breeding,F25-1718,CIAT-BR-19-5029,Brachiaria interespecifico,Grass,42,3,1,163.0,5.5,11.52,58.19
2,897,Breeding,F25-1718,CIAT-BR-19-5029,Brachiaria interespecifico,Grass,42,3,2,164.0,5.39,11.69,59.41
2,898,Breeding,F25-1718,CIAT-BR-19-5029,Brachiaria interespecifico,Grass,42,3,3,165.0,5.03,10.68,50.24
2,899,Breeding,F25-1719,CIAT-BR-19-5357,Brachiaria interespecifico,Grass,42,3,1,166.0,5.18,11.54,48.6
2,900,Breeding,F25-1719,CIAT-BR-19-5357,Brachiaria interespecifico,Grass,42,3,2,167.0,5.16,11.69,43.94
2,901,Breeding,F25-1719,CIAT-BR-19-5357,Brachiaria interespecifico,Grass,42,3,3,168.0,5.22,11.86,60.0
2,902,Breeding,F25-1720,CIAT-BR-19-5381,Brachiaria interespecifico,Grass,42,3,1,169.0,4.6,10.52,61.05
2,903,Breeding,F25-1720,CIAT-BR-19-5381,Brachiaria interespecifico,Grass,42,3,2,170.0,4.18,10.46,50.38
2,904,Breeding,F25-1720,CIAT-BR-19-5381,Brachiaria interespecifico,Grass,42,3,3,171.0,4.26,10.18,31.6
2,905,Breeding,F25-1721,CIAT-BR-02-0465,Brachiaria interespecifico,Grass,42,3,1,172.0,4.15,11.12,44.05
2,906,Breeding,F25-1721,CIAT-BR-02-0465,Brachiaria interespecifico,Grass,42,3,2,173.0,4.38,11.34,47.77
2,907,Breeding,F25-1721,CIAT-BR-02-0465,Brachiaria interespecifico,Grass,42,3,3,174.0,4.73,11.77,47.3
2,908,Breeding,F25-1722,CIAT-BR-04-3025,Brachiaria interespecifico,Grass,42,3,1,175.0,5.17,12.86,40.35
2,909,Breeding,F25-1722,CIAT-BR-04-3025,Brachiaria interespecifico,Grass,42,3,2,176.0,5.28,13.07,58.33
2,910,Breeding,F25-1722,CIAT-BR-04-3025,Brachiaria interespecifico,Grass,42,3,3,177.0,5.27,12.99,58.03
2,911,Breeding,F25-1723,CIAT-BR-05-1435,Brachiaria interespecifico,Grass,42,3,1,178.0,3.84,10.49,48.41
2,912,Breeding,F25-1723,CIAT-BR-05-1435,Brachiaria interespecifico,Grass,42,3,2,179.0,3.45,9.79,44.45
2,913,Breeding,F25-1723,CIAT-BR-05-1435,Brachiaria interespecifico,Grass,42,3,3,180.0,3.29,9.35,42.59
2,914,Breeding,F25-1724,CIAT-BR-09-3660,Brachiaria interespecifico,Grass,42,3,1,181.0,5.04,10.66,54.96
2,915,Breeding,F25-1724,CIAT-BR-09-3660,Brachiaria interespecifico,Grass,42,3,2,182.0,5.0,10.66,56.09
2,916,Breeding,F25-1724,CIAT-BR-09-3660,Brachiaria interespecifico,Grass,42,3,3,183.0,5.38,11.29,36.8
2,917,Breeding,F25-1725,CIAT-BR-19-1264,Brachiaria interespecifico,Grass,42,3,1,184.0,4.99,11.42,40.57
2,918,Breeding,F25-1725,CIAT-BR-19-1264,Brachiaria interespecifico,Grass,42,3,2,185.0,4.71,10.92,52.12
2,919,Breeding,F25-1725,CIAT-BR-19-1264,Brachiaria interespecifico,Grass,42,3,3,186.0,4.71,10.08,39.31
2,920,Breeding,F25-1726,CIAT-BR-19-5217,Brachiaria interespecifico,Grass,42,3,1,187.0,5.0,11.45,42.26
2,921,Breeding,F25-1726,CIAT-BR-19-5217,Brachiaria interespecifico,Grass,42,3,2,188.0,5.0,10.95,36.81
2,922,Breeding,F25-1726,CIAT-BR-19-5217,Brachiaria interespecifico,Grass,42,3,3,189.0,4.74,10.62,38.1
2,923,Breeding,F25-1727,CIAT-CIAT-26124,Brachiaria interespecifico,Grass,42,3,1,190.0,5.21,11.52,38.42
2,924,Breeding,F25-1727,CIAT-CIAT-26124,Brachiaria interespecifico,Grass,42,3,2,191.0,4.93,11.34,55.33
2,925,Breeding,F25-1727,CIAT-CIAT-26124,Brachiaria interespecifico,Grass,42,3,3,192.0,5.23,11.54,55.26
2,1596,Breeding,F25-2077,CIAT-PM-21-3535,Megathyrsus maximus,Grass,49,1,1,114.0,4.28,10.48,54.53
2,1597,Breeding,F25-2077,CIAT-PM-21-3535,Megathyrsus maximus,Grass,49,1,2,115.0,4.83,10.46,56.73
2,1598,Breeding,F25-2077,CIAT-PM-21-3535,Megathyrsus maximus,Grass,49,1,3,116.0,4.44,10.41,52.54
2,1599,Breeding,F25-2078,CIAT-PM-21-6106,Megathyrsus maximus,Grass,49,1,1,117.0,4.72,11.09,59.08
2,1600,Breeding,F25-2078,CIAT-PM-21-6106,Megathyrsus maximus,Grass,49,1,2,118.0,4.96,11.38,62.21
2,1601,Breeding,F25-2078,CIAT-PM-21-6106,Megathyrsus maximus,Grass,49,1,3,119.0,4.94,11.39,58.84
2,1602,Breeding,F25-2079,CIAT-PM-21-2580,Megathyrsus maximus,Grass,49,1,1,120.0,5.03,12.26,64.66
2,1603,Breeding,F25-2079,CIAT-PM-21-2580,Megathyrsus maximus,Grass,49,1,2,121.0,5.19,11.98,60.49
2,1604,Breeding,F25-2079,CIAT-PM-21-2580,Megathyrsus maximus,Grass,49,1,3,122.0,5.17,11.8,60.4
2,1605,Breeding,F25-2080,CIAT-CIAT-16031,Megathyrsus maximus,Grass,49,1,1,123.0,4.96,11.6,59.51
2,1606,Breeding,F25-2080,CIAT-CIAT-16031,Megathyrsus maximus,Grass,49,1,2,124.0,5.13,11.98,59.67
2,1607,Breeding,F25-2080,CIAT-CIAT-16031,Megathyrsus maximus,Grass,49,1,3,125.0,4.81,11.34,55.76
2,1608,Breeding,F25-2081,CIAT-CIAT-26936,Megathyrsus maximus,Grass,49,1,1,126.0,4.8,11.76,57.36
2,1609,Breeding,F25-2081,CIAT-CIAT-26936,Megathyrsus maximus,Grass,49,1,2,127.0,5.06,12.11,53.91
2,1610,Breeding,F25-2081,CIAT-CIAT-26936,Megathyrsus maximus,Grass,49,1,3,128.0,4.91,11.95,57.01
2,1611,Breeding,F25-2082,CIAT-PM-21-0074,Megathyrsus maximus,Grass,49,1,1,129.0,5.3,11.78,55.88
2,1612,Breeding,F25-2082,CIAT-PM-21-0074,Megathyrsus maximus,Grass,49,1,2,130.0,5.24,11.61,53.57
2,1613,Breeding,F25-2082,CIAT-PM-21-0074,Megathyrsus maximus,Grass,49,1,3,131.0,5.09,11.58,53.8
2,1614,Breeding,F25-2083,CIAT-PM-21-0072,Megathyrsus maximus,Grass,49,1,1,132.0,4.76,11.17,55.94
2,1615,Breeding,F25-2083,CIAT-PM-21-0072,Megathyrsus maximus,Grass,49,1,2,133.0,4.82,11.27,57.99
2,1616,Breeding,F25-2083,CIAT-PM-21-0072,Megathyrsus maximus,Grass,49,1,3,134.0,4.74,11.19,47.77
2,1617,Breeding,F25-2084,CIAT-PM-21-6598,Megathyrsus maximus,Grass,49,1,1,135.0,5.04,11.7,50.52
2,1618,Breeding,F25-2084,CIAT-PM-21-6598,Megathyrsus maximus,Grass,49,1,2,136.0,5.19,12.0,52.32
2,1619,Breeding,F25-2084,CIAT-PM-21-6598,Megathyrsus maximus,Grass,49,1,3,137.0,5.18,12.06,53.84
2,1620,Breeding,F25-2085,CIAT-PM-21-6647,Megathyrsus maximus,Grass,49,1,1,138.0,5.46,12.02,53.12
2,1621,Breeding,F25-2085,CIAT-PM-21-6647,Megathyrsus maximus,Grass,49,1,2,139.0,5.34,11.82,54.95
2,1622,Breeding,F25-2085,CIAT-PM-21-6647,Megathyrsus maximus,Grass,49,1,3,140.0,5.3,11.88,46.07
2,1623,Breeding,F25-2086,CIAT-PM-21-0819,Megathyrsus maximus,Grass,49,1,1,141.0,5.34,12.07,53.12
2,1624,Breeding,F25-2086,CIAT-PM-21-0819,Megathyrsus maximus,Grass,49,1,2,142.0,5.22,11.99,52.7
2,1625,Breeding,F25-2086,CIAT-PM-21-0819,Megathyrsus maximus,Grass,49,1,3,143.0,5.24,12.36,61.29
2,1626,Breeding,F25-2087,CIAT-CIAT-16021,Megathyrsus maximus,Grass,49,1,1,144.0,4.81,11.38,34.84
2,1627,Breeding,F25-2087,CIAT-CIAT-16021,Megathyrsus maximus,Grass,49,1,2,145.0,4.68,10.94,49.63
2,1628,Breeding,F25-2087,CIAT-CIAT-16021,Megathyrsus maximus,Grass,49,1,3,146.0,4.85,11.83,45.44
2,1629,Breeding,F25-2088,CIAT-PM-21-6640,Megathyrsus maximus,Grass,49,1,1,147.0,4.24,11.69,50.86
2,1630,Breeding,F25-2088,CIAT-PM-21-6640,Megathyrsus maximus,Grass,49,1,2,148.0,4.43,10.54,47.85
2,1631,Breeding,F25-2088,CIAT-PM-21-6640,Megathyrsus maximus,Grass,49,1,3,149.0,4.24,10.83,53.04
2,1632,Breeding,F25-2089,CIAT-PM-21-0065,Megathyrsus maximus,Grass,49,1,1,150.0,6.0,12.6,54.75
2,1633,Breeding,F25-2089,CIAT-PM-21-0065,Megathyrsus maximus,Grass,49,1,2,151.0,5.72,12.62,55.74
2,1634,Breeding,F25-2089,CIAT-PM-21-0065,Megathyrsus maximus,Grass,49,1,3,152.0,5.6,12.08,56.03
2,1635,Breeding,F25-2090,CIAT-PM-21-6629,Megathyrsus maximus,Grass,49,1,1,153.0,4.09,10.31,47.32
2,1636,Breeding,F25-2090,CIAT-PM-21-6629,Megathyrsus maximus,Grass,49,1,2,154.0,4.36,10.73,49.1
2,1637,Breeding,F25-2090,CIAT-PM-21-6629,Megathyrsus maximus,Grass,49,1,3,155.0,4.09,10.49,45.75
2,1638,Breeding,F25-2091,CIAT-PM-21-6641,Megathyrsus maximus,Grass,49,1,1,156.0,10.73,16.95,54.68
2,1639,Breeding,F25-2091,CIAT-PM-21-6641,Megathyrsus maximus,Grass,49,1,2,157.0,5.65,12.09,50.66
2,1640,Breeding,F25-2091,CIAT-PM-21-6641,Megathyrsus maximus,Grass,49,1,3,158.0,5.39,11.88,56.92
2,1641,Breeding,F25-2092,CIAT-CIAT-16025,Megathyrsus maximus,Grass,49,1,1,159.0,4.27,10.9,50.93
2,1642,Breeding,F25-2092,CIAT-CIAT-16025,Megathyrsus maximus,Grass,49,1,2,160.0,4.33,10.68,51.45
2,1643,Breeding,F25-2092,CIAT-CIAT-16025,Megathyrsus maximus,Grass,49,1,3,161.0,4.23,10.72,52.9
2,1646,Breeding,F25-2093,CIAT-PM-21-0070,Megathyrsus maximus,Grass,49,1,1,164.0,4.75,12.14,49.47
2,1647,Breeding,F25-2093,CIAT-PM-21-0070,Megathyrsus maximus,Grass,49,1,2,165.0,4.64,11.7,46.01
2,1648,Breeding,F25-2093,CIAT-PM-21-0070,Megathyrsus maximus,Grass,49,1,3,166.0,4.85,11.52,53.31
2,1650,Breeding,F25-2094,CIAT-PM-21-4926,Megathyrsus maximus,Grass,49,1,2,168.0,3.84,10.21,38.32
2,1651,Breeding,F25-2094,CIAT-PM-21-4926,Megathyrsus maximus,Grass,49,1,3,169.0,3.64,9.9,23.0
2,1652,Breeding,F25-2095,CIAT-PM-21-3662,Megathyrsus maximus,Grass,49,1,1,170.0,4.67,12.32,55.33
2,1653,Breeding,F25-2095,CIAT-PM-21-3662,Megathyrsus maximus,Grass,49,1,2,171.0,4.7,11.97,70.36
2,1658,Breeding,F25-2097,CIAT-PM-21-0079,Megathyrsus maximus,Grass,49,1,1,176.0,4.39,11.5,32.59
2,1659,Breeding,F25-2097,CIAT-PM-21-0079,Megathyrsus maximus,Grass,49,1,2,177.0,4.78,11.93,54.38
2,1661,Breeding,F25-2098,CIAT-CIAT-6986,Megathyrsus maximus,Grass,49,1,1,179.0,4.27,10.78,42.71
2,1663,Breeding,F25-2098,CIAT-CIAT-6986,Megathyrsus maximus,Grass,49,1,3,181.0,4.02,10.55,50.93
2,1667,Breeding,F25-2100,CIAT-PM-21-0078,Megathyrsus maximus,Grass,49,1,1,185.0,4.33,10.22,43.96
2,1669,Breeding,F25-2100,CIAT-PM-21-0078,Megathyrsus maximus,Grass,49,1,3,187.0,4.62,10.87,45.77
2,1673,Breeding,F25-2102,CIAT-PM-21-0876,Megathyrsus maximus,Grass,49,1,1,191.0,4.41,10.82,42.96
2,1674,Breeding,F25-2102,CIAT-PM-21-0876,Megathyrsus maximus,Grass,49,1,2,192.0,4.45,10.63,28.37
2,1675,Breeding,F25-2102,CIAT-PM-21-0876,Megathyrsus maximus,Grass,49,1,3,193.0,4.06,9.67,42.85
2,1677,Breeding,F25-2103,CIAT-PM-21-3641,Megathyrsus maximus,Grass,49,1,2,195.0,4.36,10.55,48.77
2,1678,Breeding,F25-2103,CIAT-PM-21-3641,Megathyrsus maximus,Grass,49,1,3,196.0,4.4,10.19,42.97
2,1685,Breeding,F25-2106,CIAT-BR-09-4777,Brachiaria interespecifico,Grass,49,1,1,203.0,4.57,10.58,43.85
2,1687,Breeding,F25-2106,CIAT-BR-09-4777,Brachiaria interespecifico,Grass,49,1,3,205.0,4.59,10.44,46.17
2,1701,Breeding,F25-2077,CIAT-PM-21-3535,Megathyrsus maximus,Grass,50,2,1,3.0,4.88,12.23,55.02
2,1702,Breeding,F25-2077,CIAT-PM-21-3535,Megathyrsus maximus,Grass,50,2,2,4.0,5.13,12.72,55.57
2,1703,Breeding,F25-2077,CIAT-PM-21-3535,Megathyrsus maximus,Grass,50,2,3,5.0,5.16,12.65,55.75
2,1704,Breeding,F25-2078,CIAT-PM-21-6106,Megathyrsus maximus,Grass,50,2,1,6.0,5.09,12.19,61.56
2,1705,Breeding,F25-2078,CIAT-PM-21-6106,Megathyrsus maximus,Grass,50,2,2,7.0,5.65,13.17,57.64
2,1706,Breeding,F25-2078,CIAT-PM-21-6106,Megathyrsus maximus,Grass,50,2,3,8.0,5.49,12.94,59.36
2,1707,Breeding,F25-2079,CIAT-PM-21-2580,Megathyrsus maximus,Grass,50,2,1,9.0,5.65,13.5,59.23
2,1708,Breeding,F25-2079,CIAT-PM-21-2580,Megathyrsus maximus,Grass,50,2,2,10.0,5.7,13.61,58.58
2,1709,Breeding,F25-2079,CIAT-PM-21-2580,Megathyrsus maximus,Grass,50,2,3,11.0,6.22,14.55,63.15
2,1710,Breeding,F25-2080,CIAT-CIAT-16031,Megathyrsus maximus,Grass,50,2,1,12.0,5.62,12.86,54.49
2,1711,Breeding,F25-2080,CIAT-CIAT-16031,Megathyrsus maximus,Grass,50,2,2,13.0,5.52,12.95,53.6
2,1712,Breeding,F25-2080,CIAT-CIAT-16031,Megathyrsus maximus,Grass,50,2,3,14.0,5.32,12.49,55.23
2,1713,Breeding,F25-2081,CIAT-CIAT-26936,Megathyrsus maximus,Grass,50,2,1,15.0,5.58,13.54,53.3
2,1714,Breeding,F25-2081,CIAT-CIAT-26936,Megathyrsus maximus,Grass,50,2,2,16.0,5.74,13.4,51.64
2,1715,Breeding,F25-2081,CIAT-CIAT-26936,Megathyrsus maximus,Grass,50,2,3,17.0,5.59,13.83,58.02
2,1716,Breeding,F25-2082,CIAT-PM-21-0074,Megathyrsus maximus,Grass,50,2,1,18.0,5.89,12.86,53.69
2,1717,Breeding,F25-2082,CIAT-PM-21-0074,Megathyrsus maximus,Grass,50,2,2,19.0,5.82,12.76,49.32
2,1718,Breeding,F25-2082,CIAT-PM-21-0074,Megathyrsus maximus,Grass,50,2,3,20.0,5.7,12.95,57.03
2,1719,Breeding,F25-2083,CIAT-PM-21-0072,Megathyrsus maximus,Grass,50,2,1,21.0,5.05,12.32,55.88
2,1720,Breeding,F25-2083,CIAT-PM-21-0072,Megathyrsus maximus,Grass,50,2,2,22.0,5.38,12.87,55.59
2,1721,Breeding,F25-2083,CIAT-PM-21-0072,Megathyrsus maximus,Grass,50,2,3,23.0,5.17,12.62,54.3
2,1722,Breeding,F25-2084,CIAT-PM-21-6598,Megathyrsus maximus,Grass,50,2,1,24.0,5.51,13.4,55.14
2,1723,Breeding,F25-2084,CIAT-PM-21-6598,Megathyrsus maximus,Grass,50,2,2,25.0,5.66,13.45,53.29
2,1724,Breeding,F25-2084,CIAT-PM-21-6598,Megathyrsus maximus,Grass,50,2,3,26.0,5.7,13.24,49.33
2,1725,Breeding,F25-2085,CIAT-PM-21-6647,Megathyrsus maximus,Grass,50,2,1,27.0,5.59,12.94,50.26
2,1726,Breeding,F25-2085,CIAT-PM-21-6647,Megathyrsus maximus,Grass,50,2,2,28.0,5.78,13.01,53.78
2,1727,Breeding,F25-2085,CIAT-PM-21-6647,Megathyrsus maximus,Grass,50,2,3,29.0,5.66,13.26,56.39
2,1728,Breeding,F25-2086,CIAT-PM-21-0819,Megathyrsus maximus,Grass,50,2,1,30.0,5.43,12.67,54.95
2,1729,Breeding,F25-2086,CIAT-PM-21-0819,Megathyrsus maximus,Grass,50,2,2,31.0,5.58,13.05,53.59
2,1730,Breeding,F25-2086,CIAT-PM-21-0819,Megathyrsus maximus,Grass,50,2,3,32.0,5.28,12.43,52.07
2,1731,Breeding,F25-2087,CIAT-CIAT-16021,Megathyrsus maximus,Grass,50,2,1,33.0,5.23,12.92,43.97
2,1732,Breeding,F25-2087,CIAT-CIAT-16021,Megathyrsus maximus,Grass,50,2,2,34.0,5.2,13.13,35.74
2,1733,Breeding,F25-2087,CIAT-CIAT-16021,Megathyrsus maximus,Grass,50,2,3,35.0,5.09,13.08,47.32
2,1734,Breeding,F25-2088,CIAT-PM-21-6640,Megathyrsus maximus,Grass,50,2,1,36.0,4.88,11.86,46.82
2,1735,Breeding,F25-2088,CIAT-PM-21-6640,Megathyrsus maximus,Grass,50,2,2,37.0,4.67,12.55,55.2
2,1736,Breeding,F25-2088,CIAT-PM-21-6640,Megathyrsus maximus,Grass,50,2,3,38.0,4.76,12.26,50.65
2,1737,Breeding,F25-2089,CIAT-PM-21-0065,Megathyrsus maximus,Grass,50,2,1,39.0,5.8,13.41,46.77
2,1738,Breeding,F25-2089,CIAT-PM-21-0065,Megathyrsus maximus,Grass,50,2,2,40.0,5.86,13.14,51.07
2,1739,Breeding,F25-2089,CIAT-PM-21-0065,Megathyrsus maximus,Grass,50,2,3,41.0,5.7,13.05,50.5
2,1740,Breeding,F25-2090,CIAT-PM-21-6629,Megathyrsus maximus,Grass,50,2,1,42.0,4.23,11.33,44.45
2,1741,Breeding,F25-2090,CIAT-PM-21-6629,Megathyrsus maximus,Grass,50,2,2,43.0,4.73,11.79,43.64
2,1742,Breeding,F25-2090,CIAT-PM-21-6629,Megathyrsus maximus,Grass,50,2,3,44.0,4.56,11.8,45.63
2,1743,Breeding,F25-2091,CIAT-PM-21-6641,Megathyrsus maximus,Grass,50,2,1,45.0,5.72,12.58,50.43
2,1744,Breeding,F25-2091,CIAT-PM-21-6641,Megathyrsus maximus,Grass,50,2,2,46.0,5.84,12.75,52.49
2,1745,Breeding,F25-2091,CIAT-PM-21-6641,Megathyrsus maximus,Grass,50,2,3,47.0,5.76,12.86,47.33
2,1746,Breeding,F25-2092,CIAT-CIAT-16025,Megathyrsus maximus,Grass,50,2,1,48.0,4.45,11.28,48.72
2,1747,Breeding,F25-2092,CIAT-CIAT-16025,Megathyrsus maximus,Grass,50,2,2,49.0,4.42,10.86,35.19
2,1748,Breeding,F25-2092,CIAT-CIAT-16025,Megathyrsus maximus,Grass,50,2,3,50.0,4.07,10.69,49.77
2,1751,Breeding,F25-2093,CIAT-PM-21-0070,Megathyrsus maximus,Grass,50,2,1,53.0,4.98,13.08,54.6
2,1752,Breeding,F25-2093,CIAT-PM-21-0070,Megathyrsus maximus,Grass,50,2,2,54.0,5.84,14.79,60.63
2,1753,Breeding,F25-2093,CIAT-PM-21-0070,Megathyrsus maximus,Grass,50,2,3,55.0,4.94,13.06,60.83
2,1754,Breeding,F25-2094,CIAT-PM-21-4926,Megathyrsus maximus,Grass,50,2,1,56.0,3.9,11.2,46.62
2,1755,Breeding,F25-2094,CIAT-PM-21-4926,Megathyrsus maximus,Grass,50,2,2,57.0,4.01,11.54,51.0
2,1756,Breeding,F25-2094,CIAT-PM-21-4926,Megathyrsus maximus,Grass,50,2,3,58.0,3.99,10.96,47.02
2,1757,Breeding,F25-2095,CIAT-PM-21-3662,Megathyrsus maximus,Grass,50,2,1,59.0,4.94,12.63,54.79
2,1758,Breeding,F25-2095,CIAT-PM-21-3662,Megathyrsus maximus,Grass,50,2,2,60.0,4.74,12.71,60.42
2,1759,Breeding,F25-2095,CIAT-PM-21-3662,Megathyrsus maximus,Grass,50,2,3,61.0,4.92,12.29,58.64
2,1763,Breeding,F25-2097,CIAT-PM-21-0079,Megathyrsus maximus,Grass,50,2,1,65.0,4.19,11.26,61.81
2,1764,Breeding,F25-2097,CIAT-PM-21-0079,Megathyrsus maximus,Grass,50,2,2,66.0,4.71,12.18,51.21
2,1765,Breeding,F25-2097,CIAT-PM-21-0079,Megathyrsus maximus,Grass,50,2,3,67.0,4.56,11.89,50.36
2,1766,Breeding,F25-2098,CIAT-CIAT-6986,Megathyrsus maximus,Grass,50,2,1,68.0,3.52,9.19,62.38
2,1767,Breeding,F25-2098,CIAT-CIAT-6986,Megathyrsus maximus,Grass,50,2,2,69.0,4.81,12.81,37.84
2,1768,Breeding,F25-2098,CIAT-CIAT-6986,Megathyrsus maximus,Grass,50,2,3,70.0,4.49,12.32,48.03
2,1769,Breeding,F25-2099,CIAT-PM-21-4852,Megathyrsus maximus,Grass,50,2,1,71.0,4.65,13.09,47.34
2,1770,Breeding,F25-2099,CIAT-PM-21-4852,Megathyrsus maximus,Grass,50,2,2,72.0,4.62,12.54,46.09
2,1771,Breeding,F25-2099,CIAT-PM-21-4852,Megathyrsus maximus,Grass,50,2,3,73.0,4.72,11.39,37.09
2,1772,Breeding,F25-2100,CIAT-PM-21-0078,Megathyrsus maximus,Grass,50,2,1,74.0,4.88,12.26,50.34
2,1773,Breeding,F25-2100,CIAT-PM-21-0078,Megathyrsus maximus,Grass,50,2,2,75.0,4.79,12.06,46.84
2,1774,Breeding,F25-2100,CIAT-PM-21-0078,Megathyrsus maximus,Grass,50,2,3,76.0,4.63,11.99,40.25
2,1778,Breeding,F25-2102,CIAT-PM-21-0876,Megathyrsus maximus,Grass,50,2,1,80.0,4.66,12.44,45.32
2,1780,Breeding,F25-2102,CIAT-PM-21-0876,Megathyrsus maximus,Grass,50,2,3,82.0,4.41,11.92,40.14
2,1781,Breeding,F25-2103,CIAT-PM-21-3641,Megathyrsus maximus,Grass,50,2,1,83.0,4.64,11.84,24.76
2,1782,Breeding,F25-2103,CIAT-PM-21-3641,Megathyrsus maximus,Grass,50,2,2,84.0,4.64,12.05,46.06
2,1783,Breeding,F25-2103,CIAT-PM-21-3641,Megathyrsus maximus,Grass,50,2,3,85.0,4.49,11.44,41.94
2,1790,Breeding,F25-2106,CIAT-BR-09-4777,Brachiaria interespecifico,Grass,50,2,1,92.0,4.65,11.41,35.67
2,1791,Breeding,F25-2106,CIAT-BR-09-4777,Brachiaria interespecifico,Grass,50,2,2,93.0,4.92,11.74,51.89
2,1792,Breeding,F25-2106,CIAT-BR-09-4777,Brachiaria interespecifico,Grass,50,2,3,94.0,4.94,11.48,21.33
2,1806,Breeding,F25-2077,CIAT-PM-21-3535,Megathyrsus maximus,Grass,51,3,1,114.0,4.95,10.92,52.07
2,1807,Breeding,F25-2077,CIAT-PM-21-3535,Megathyrsus maximus,Grass,51,3,2,115.0,4.85,11.34,53.11
2,1808,Breeding,F25-2077,CIAT-PM-21-3535,Megathyrsus maximus,Grass,51,3,3,116.0,4.85,11.63,50.03
2,1809,Breeding,F25-2078,CIAT-PM-21-6106,Megathyrsus maximus,Grass,51,3,1,117.0,5.44,12.0,55.28
2,1810,Breeding,F25-2078,CIAT-PM-21-6106,Megathyrsus maximus,Grass,51,3,2,118.0,5.38,12.34,59.16
2,1811,Breeding,F25-2078,CIAT-PM-21-6106,Megathyrsus maximus,Grass,51,3,3,119.0,5.01,11.61,56.29
2,1812,Breeding,F25-2079,CIAT-PM-21-2580,Megathyrsus maximus,Grass,51,3,1,120.0,5.6,12.89,60.58
2,1813,Breeding,F25-2079,CIAT-PM-21-2580,Megathyrsus maximus,Grass,51,3,2,121.0,5.3,12.53,58.0
2,1814,Breeding,F25-2079,CIAT-PM-21-2580,Megathyrsus maximus,Grass,51,3,3,122.0,5.45,12.46,57.61
2,1815,Breeding,F25-2080,CIAT-CIAT-16031,Megathyrsus maximus,Grass,51,3,1,123.0,5.49,12.82,55.73
2,1816,Breeding,F25-2080,CIAT-CIAT-16031,Megathyrsus maximus,Grass,51,3,2,124.0,5.18,11.86,54.07
2,1817,Breeding,F25-2080,CIAT-CIAT-16031,Megathyrsus maximus,Grass,51,3,3,125.0,5.19,11.94,55.3
2,1818,Breeding,F25-2081,CIAT-CIAT-26936,Megathyrsus maximus,Grass,51,3,1,126.0,4.92,12.1,46.74
2,1819,Breeding,F25-2081,CIAT-CIAT-26936,Megathyrsus maximus,Grass,51,3,2,127.0,4.21,9.8,56.23
2,1820,Breeding,F25-2081,CIAT-CIAT-26936,Megathyrsus maximus,Grass,51,3,3,128.0,4.89,11.97,49.15
2,1821,Breeding,F25-2082,CIAT-PM-21-0074,Megathyrsus maximus,Grass,51,3,1,129.0,5.51,11.21,60.29
2,1822,Breeding,F25-2082,CIAT-PM-21-0074,Megathyrsus maximus,Grass,51,3,2,130.0,5.0,10.35,59.89
2,1823,Breeding,F25-2082,CIAT-PM-21-0074,Megathyrsus maximus,Grass,51,3,3,131.0,5.47,11.35,50.38
2,1824,Breeding,F25-2083,CIAT-PM-21-0072,Megathyrsus maximus,Grass,51,3,1,132.0,5.17,11.05,51.94
2,1825,Breeding,F25-2083,CIAT-PM-21-0072,Megathyrsus maximus,Grass,51,3,2,133.0,5.1,10.83,47.49
2,1826,Breeding,F25-2083,CIAT-PM-21-0072,Megathyrsus maximus,Grass,51,3,3,134.0,4.81,10.74,51.65
2,1827,Breeding,F25-2084,CIAT-PM-21-6598,Megathyrsus maximus,Grass,51,3,1,135.0,4.05,9.67,50.51
2,1828,Breeding,F25-2084,CIAT-PM-21-6598,Megathyrsus maximus,Grass,51,3,2,136.0,5.13,11.02,43.62
2,1829,Breeding,F25-2084,CIAT-PM-21-6598,Megathyrsus maximus,Grass,51,3,3,137.0,5.59,12.53,48.27
2,1830,Breeding,F25-2085,CIAT-PM-21-6647,Megathyrsus maximus,Grass,51,3,1,138.0,5.61,12.43,44.82
2,1831,Breeding,F25-2085,CIAT-PM-21-6647,Megathyrsus maximus,Grass,51,3,2,139.0,5.89,12.56,50.62
2,1832,Breeding,F25-2085,CIAT-PM-21-6647,Megathyrsus maximus,Grass,51,3,3,140.0,5.52,11.75,44.62
2,1833,Breeding,F25-2086,CIAT-PM-21-0819,Megathyrsus maximus,Grass,51,3,1,141.0,5.31,12.06,50.48
2,1834,Breeding,F25-2086,CIAT-PM-21-0819,Megathyrsus maximus,Grass,51,3,2,142.0,5.53,12.1,39.22
2,1835,Breeding,F25-2086,CIAT-PM-21-0819,Megathyrsus maximus,Grass,51,3,3,143.0,4.73,10.25,49.48
2,1836,Breeding,F25-2087,CIAT-CIAT-16021,Megathyrsus maximus,Grass,51,3,1,144.0,4.85,11.88,39.88
2,1837,Breeding,F25-2087,CIAT-CIAT-16021,Megathyrsus maximus,Grass,51,3,2,145.0,5.45,12.24,45.64
2,1838,Breeding,F25-2087,CIAT-CIAT-16021,Megathyrsus maximus,Grass,51,3,3,146.0,4.95,12.06,43.98
2,1839,Breeding,F25-2088,CIAT-PM-21-6640,Megathyrsus maximus,Grass,51,3,1,147.0,4.56,10.71,51.93
2,1840,Breeding,F25-2088,CIAT-PM-21-6640,Megathyrsus maximus,Grass,51,3,2,148.0,4.55,10.74,44.41
2,1841,Breeding,F25-2088,CIAT-PM-21-6640,Megathyrsus maximus,Grass,51,3,3,149.0,4.22,10.26,47.99
2,1842,Breeding,F25-2089,CIAT-PM-21-0065,Megathyrsus maximus,Grass,51,3,1,150.0,5.53,11.83,47.68
2,1843,Breeding,F25-2089,CIAT-PM-21-0065,Megathyrsus maximus,Grass,51,3,2,151.0,5.89,12.52,40.6
2,1844,Breeding,F25-2089,CIAT-PM-21-0065,Megathyrsus maximus,Grass,51,3,3,152.0,5.61,12.21,43.02
2,1845,Breeding,F25-2090,CIAT-PM-21-6629,Megathyrsus maximus,Grass,51,3,1,153.0,4.29,10.43,49.66
2,1846,Breeding,F25-2090,CIAT-PM-21-6629,Megathyrsus maximus,Grass,51,3,2,154.0,4.67,10.93,31.6
2,1847,Breeding,F25-2090,CIAT-PM-21-6629,Megathyrsus maximus,Grass,51,3,3,155.0,4.53,10.78,46.23
2,1848,Breeding,F25-2091,CIAT-PM-21-6641,Megathyrsus maximus,Grass,51,3,1,156.0,5.73,11.99,47.07
2,1849,Breeding,F25-2091,CIAT-PM-21-6641,Megathyrsus maximus,Grass,51,3,2,157.0,5.92,12.48,55.97
2,1850,Breeding,F25-2091,CIAT-PM-21-6641,Megathyrsus maximus,Grass,51,3,3,158.0,5.59,12.01,47.65
2,1851,Breeding,F25-2092,CIAT-CIAT-16025,Megathyrsus maximus,Grass,51,3,1,159.0,4.77,11.21,28.63
2,1852,Breeding,F25-2092,CIAT-CIAT-16025,Megathyrsus maximus,Grass,51,3,2,160.0,4.64,10.57,43.63
2,1853,Breeding,F25-2092,CIAT-CIAT-16025,Megathyrsus maximus,Grass,51,3,3,161.0,5.52,11.52,51.27
2,1860,Breeding,F25-2094,CIAT-PM-21-4926,Megathyrsus maximus,Grass,51,3,2,168.0,3.64,9.71,37.4
2,1861,Breeding,F25-2094,CIAT-PM-21-4926,Megathyrsus maximus,Grass,51,3,3,169.0,3.21,8.47,35.96
2,1868,Breeding,F25-2097,CIAT-PM-21-0079,Megathyrsus maximus,Grass,51,3,1,176.0,4.44,11.12,46.72
2,1870,Breeding,F25-2097,CIAT-PM-21-0079,Megathyrsus maximus,Grass,51,3,3,178.0,4.47,11.0,39.07
2,1871,Breeding,F25-2098,CIAT-CIAT-6986,Megathyrsus maximus,Grass,51,3,1,179.0,4.13,10.28,29.78
2,1873,Breeding,F25-2098,CIAT-CIAT-6986,Megathyrsus maximus,Grass,51,3,3,181.0,3.94,10.47,43.96
2,1874,Breeding,F25-2099,CIAT-PM-21-4852,Megathyrsus maximus,Grass,51,3,1,182.0,3.87,10.17,36.66
2,1876,Breeding,F25-2099,CIAT-PM-21-4852,Megathyrsus maximus,Grass,51,3,3,184.0,3.79,9.83,39.75
2,1877,Breeding,F25-2100,CIAT-PM-21-0078,Megathyrsus maximus,Grass,51,3,1,185.0,3.72,9.8,34.72
2,1879,Breeding,F25-2100,CIAT-PM-21-0078,Megathyrsus maximus,Grass,51,3,3,187.0,4.19,10.34,38.44
2,1883,Breeding,F25-2102,CIAT-PM-21-0876,Megathyrsus maximus,Grass,51,3,1,191.0,4.1,10.45,48.02
2,1885,Breeding,F25-2102,CIAT-PM-21-0876,Megathyrsus maximus,Grass,51,3,3,193.0,4.13,10.29,40.73
2,1886,Breeding,F25-2103,CIAT-PM-21-3641,Megathyrsus maximus,Grass,51,3,1,194.0,4.16,10.02,19.98
2,1887,Breeding,F25-2103,CIAT-PM-21-3641,Megathyrsus maximus,Grass,51,3,2,195.0,3.92,10.07,44.95
2,1888,Breeding,F25-2103,CIAT-PM-21-3641,Megathyrsus maximus,Grass,51,3,3,196.0,4.16,10.27,42.03
2,1911,Breeding,F25-2107,CIAT-BR-12-0255,Brachiaria interespecifico,Grass,52,1,1,3.0,4.38,11.27,60.09
2,1912,Breeding,F25-2107,CIAT-BR-12-0255,Brachiaria interespecifico,Grass,52,1,2,4.0,4.37,11.45,61.85
2,1913,Breeding,F25-2107,CIAT-BR-12-0255,Brachiaria interespecifico,Grass,52,1,3,5.0,4.22,11.07,62.52
2,1914,Breeding,F25-2108,CIAT-BR-12-0461,Brachiaria interespecifico,Grass,52,1,1,6.0,4.19,11.96,70.57
2,1915,Breeding,F25-2108,CIAT-BR-12-0461,Brachiaria interespecifico,Grass,52,1,2,7.0,4.51,11.65,61.74
2,1916,Breeding,F25-2108,CIAT-BR-12-0461,Brachiaria interespecifico,Grass,52,1,3,8.0,4.36,11.85,65.02
2,1917,Breeding,F25-2109,CIAT-BR-12-1620,Brachiaria interespecifico,Grass,52,1,1,9.0,4.41,11.38,59.3
2,1918,Breeding,F25-2109,CIAT-BR-12-1620,Brachiaria interespecifico,Grass,52,1,2,10.0,4.53,11.42,57.91
2,1919,Breeding,F25-2109,CIAT-BR-12-1620,Brachiaria interespecifico,Grass,52,1,3,11.0,4.56,11.43,59.58
2,1920,Breeding,F25-2110,CIAT-BR-12-1889,Brachiaria interespecifico,Grass,52,1,1,12.0,4.0,10.94,59.98
2,1921,Breeding,F25-2110,CIAT-BR-12-1889,Brachiaria interespecifico,Grass,52,1,2,13.0,3.98,10.98,56.81
2,1922,Breeding,F25-2110,CIAT-BR-12-1889,Brachiaria interespecifico,Grass,52,1,3,14.0,3.97,10.79,58.33
2,1923,Breeding,F25-2111,CIAT-BR-12-4039,Brachiaria interespecifico,Grass,52,1,1,15.0,4.02,11.14,53.31
2,1924,Breeding,F25-2111,CIAT-BR-12-4039,Brachiaria interespecifico,Grass,52,1,2,16.0,4.19,10.91,54.49
2,1925,Breeding,F25-2111,CIAT-BR-12-4039,Brachiaria interespecifico,Grass,52,1,3,17.0,4.19,11.59,55.75
2,1926,Breeding,F25-2112,CIAT-BR-12-4856,Brachiaria interespecifico,Grass,52,1,1,18.0,3.81,9.89,48.59
2,1927,Breeding,F25-2112,CIAT-BR-12-4856,Brachiaria interespecifico,Grass,52,1,2,19.0,3.84,10.23,50.86
2,1928,Breeding,F25-2112,CIAT-BR-12-4856,Brachiaria interespecifico,Grass,52,1,3,20.0,3.76,10.63,50.05
2,1929,Breeding,F25-2113,CIAT-BR-12-5049,Brachiaria interespecifico,Grass,52,1,1,21.0,4.36,11.73,54.2
2,1930,Breeding,F25-2113,CIAT-BR-12-5049,Brachiaria interespecifico,Grass,52,1,2,22.0,4.65,11.93,49.29
2,1931,Breeding,F25-2113,CIAT-BR-12-5049,Brachiaria interespecifico,Grass,52,1,3,23.0,4.24,10.58,51.69
2,1932,Breeding,F25-2114,CIAT-BR-15-1851,Brachiaria interespecifico,Grass,52,1,1,24.0,4.46,11.7,53.48
2,1933,Breeding,F25-2114,CIAT-BR-15-1851,Brachiaria interespecifico,Grass,52,1,2,25.0,4.55,10.99,40.11
2,1934,Breeding,F25-2114,CIAT-BR-15-1851,Brachiaria interespecifico,Grass,52,1,3,26.0,4.78,12.06,53.45
2,1935,Breeding,F25-2115,CIAT-BR-15-3025,Brachiaria interespecifico,Grass,52,1,1,27.0,4.65,11.0,52.8
2,1936,Breeding,F25-2115,CIAT-BR-15-3025,Brachiaria interespecifico,Grass,52,1,2,28.0,4.62,11.7,55.77
2,1937,Breeding,F25-2115,CIAT-BR-15-3025,Brachiaria interespecifico,Grass,52,1,3,29.0,4.48,10.88,47.2
2,1938,Breeding,F25-2116,CIAT-BR-15-3248,Brachiaria interespecifico,Grass,52,1,1,30.0,3.55,9.42,54.77
2,1939,Breeding,F25-2116,CIAT-BR-15-3248,Brachiaria interespecifico,Grass,52,1,2,31.0,4.35,11.25,56.82
2,1940,Breeding,F25-2116,CIAT-BR-15-3248,Brachiaria interespecifico,Grass,52,1,3,32.0,4.38,11.27,53.3
2,1941,Breeding,F25-2117,CIAT-BR-15-7659,Brachiaria interespecifico,Grass,52,1,1,33.0,4.49,10.87,46.75
2,1942,Breeding,F25-2117,CIAT-BR-15-7659,Brachiaria interespecifico,Grass,52,1,2,34.0,4.42,11.01,54.66
2,1943,Breeding,F25-2117,CIAT-BR-15-7659,Brachiaria interespecifico,Grass,52,1,3,35.0,4.27,11.32,55.74
2,1944,Breeding,F25-2118,CIAT-BR-15-8919,Brachiaria interespecifico,Grass,52,1,1,36.0,4.11,11.16,50.36
2,1945,Breeding,F25-2118,CIAT-BR-15-8919,Brachiaria interespecifico,Grass,52,1,2,37.0,3.89,10.54,53.65
2,1946,Breeding,F25-2118,CIAT-BR-15-8919,Brachiaria interespecifico,Grass,52,1,3,38.0,3.91,11.14,52.63
2,1947,Breeding,F25-2119,CIAT-BR-19-5515,Brachiaria interespecifico,Grass,52,1,1,39.0,3.74,10.93,55.79
2,1948,Breeding,F25-2119,CIAT-BR-19-5515,Brachiaria interespecifico,Grass,52,1,2,40.0,4.46,11.17,49.62
2,1949,Breeding,F25-2119,CIAT-BR-19-5515,Brachiaria interespecifico,Grass,52,1,3,41.0,4.54,11.91,55.2
2,1950,Breeding,F25-2120,CIAT-BR-19-5877,Brachiaria interespecifico,Grass,52,1,1,42.0,4.67,11.61,55.52
2,1951,Breeding,F25-2120,CIAT-BR-19-5877,Brachiaria interespecifico,Grass,52,1,2,43.0,4.48,11.49,50.84
2,1952,Breeding,F25-2120,CIAT-BR-19-5877,Brachiaria interespecifico,Grass,52,1,3,44.0,4.67,12.12,56.7
2,1953,Breeding,F25-2121,CIAT-BR-19-6136,Brachiaria interespecifico,Grass,52,1,1,45.0,4.46,11.13,52.34
2,1954,Breeding,F25-2121,CIAT-BR-19-6136,Brachiaria interespecifico,Grass,52,1,2,46.0,4.62,11.49,50.78
2,1955,Breeding,F25-2121,CIAT-BR-19-6136,Brachiaria interespecifico,Grass,52,1,3,47.0,4.42,11.05,51.26
2,2016,Breeding,F25-2107,CIAT-BR-12-0255,Brachiaria interespecifico,Grass,53,2,1,108.0,3.66,11.17,54.86
2,2017,Breeding,F25-2107,CIAT-BR-12-0255,Brachiaria interespecifico,Grass,53,2,2,109.0,3.67,11.08,62.29
2,2018,Breeding,F25-2107,CIAT-BR-12-0255,Brachiaria interespecifico,Grass,53,2,3,110.0,3.89,11.49,63.51
2,2019,Breeding,F25-2108,CIAT-BR-12-0461,Brachiaria interespecifico,Grass,53,2,1,111.0,3.51,11.71,62.22
2,2020,Breeding,F25-2108,CIAT-BR-12-0461,Brachiaria interespecifico,Grass,53,2,2,112.0,3.75,11.71,63.43
2,2021,Breeding,F25-2108,CIAT-BR-12-0461,Brachiaria interespecifico,Grass,53,2,3,113.0,3.99,11.97,62.93
2,2022,Breeding,F25-2109,CIAT-BR-12-1620,Brachiaria interespecifico,Grass,53,2,1,114.0,4.14,11.51,62.7
2,2023,Breeding,F25-2109,CIAT-BR-12-1620,Brachiaria interespecifico,Grass,53,2,2,115.0,4.06,11.63,62.71
2,2024,Breeding,F25-2109,CIAT-BR-12-1620,Brachiaria interespecifico,Grass,53,2,3,116.0,3.5,10.46,72.69
2,2025,Breeding,F25-2110,CIAT-BR-12-1889,Brachiaria interespecifico,Grass,53,2,1,117.0,3.66,11.34,62.96
2,2026,Breeding,F25-2110,CIAT-BR-12-1889,Brachiaria interespecifico,Grass,53,2,2,118.0,3.54,11.06,57.3
2,2027,Breeding,F25-2110,CIAT-BR-12-1889,Brachiaria interespecifico,Grass,53,2,3,119.0,3.47,10.75,59.64
2,2028,Breeding,F25-2111,CIAT-BR-12-4039,Brachiaria interespecifico,Grass,53,2,1,120.0,3.69,11.49,58.33
2,2029,Breeding,F25-2111,CIAT-BR-12-4039,Brachiaria interespecifico,Grass,53,2,2,121.0,3.84,11.33,57.03
2,2030,Breeding,F25-2111,CIAT-BR-12-4039,Brachiaria interespecifico,Grass,53,2,3,122.0,3.53,11.19,59.3
2,2031,Breeding,F25-2112,CIAT-BR-12-4856,Brachiaria interespecifico,Grass,53,2,1,123.0,3.47,10.48,52.74
2,2032,Breeding,F25-2112,CIAT-BR-12-4856,Brachiaria interespecifico,Grass,53,2,2,124.0,3.5,10.62,57.09
2,2033,Breeding,F25-2112,CIAT-BR-12-4856,Brachiaria interespecifico,Grass,53,2,3,125.0,3.7,11.05,47.29
2,2034,Breeding,F25-2113,CIAT-BR-12-5049,Brachiaria interespecifico,Grass,53,2,1,126.0,4.34,12.14,48.49
2,2035,Breeding,F25-2113,CIAT-BR-12-5049,Brachiaria interespecifico,Grass,53,2,2,127.0,3.99,12.09,53.43
2,2036,Breeding,F25-2113,CIAT-BR-12-5049,Brachiaria interespecifico,Grass,53,2,3,128.0,4.2,11.91,54.05
2,2037,Breeding,F25-2114,CIAT-BR-15-1851,Brachiaria interespecifico,Grass,53,2,1,129.0,4.5,12.7,56.35
2,2038,Breeding,F25-2114,CIAT-BR-15-1851,Brachiaria interespecifico,Grass,53,2,2,130.0,4.41,12.66,55.53
2,2039,Breeding,F25-2114,CIAT-BR-15-1851,Brachiaria interespecifico,Grass,53,2,3,131.0,4.35,12.49,60.39
2,2040,Breeding,F25-2115,CIAT-BR-15-3025,Brachiaria interespecifico,Grass,53,2,1,132.0,4.47,12.4,54.44
2,2041,Breeding,F25-2115,CIAT-BR-15-3025,Brachiaria interespecifico,Grass,53,2,2,133.0,4.3,11.98,54.5
2,2042,Breeding,F25-2115,CIAT-BR-15-3025,Brachiaria interespecifico,Grass,53,2,3,134.0,4.42,12.16,52.71
2,2043,Breeding,F25-2116,CIAT-BR-15-3248,Brachiaria interespecifico,Grass,53,2,1,135.0,4.22,12.09,54.02
2,2044,Breeding,F25-2116,CIAT-BR-15-3248,Brachiaria interespecifico,Grass,53,2,2,136.0,4.26,12.56,59.74
2,2045,Breeding,F25-2116,CIAT-BR-15-3248,Brachiaria interespecifico,Grass,53,2,3,137.0,4.27,12.84,57.22
2,2046,Breeding,F25-2117,CIAT-BR-15-7659,Brachiaria interespecifico,Grass,53,2,1,138.0,4.1,12.12,56.86
2,2047,Breeding,F25-2117,CIAT-BR-15-7659,Brachiaria interespecifico,Grass,53,2,2,139.0,3.98,12.12,59.71
2,2048,Breeding,F25-2117,CIAT-BR-15-7659,Brachiaria interespecifico,Grass,53,2,3,140.0,4.3,12.44,55.19
2,2049,Breeding,F25-2118,CIAT-BR-15-8919,Brachiaria interespecifico,Grass,53,2,1,141.0,3.7,11.61,54.17
2,2050,Breeding,F25-2118,CIAT-BR-15-8919,Brachiaria interespecifico,Grass,53,2,2,142.0,3.76,11.85,52.0
2,2051,Breeding,F25-2118,CIAT-BR-15-8919,Brachiaria interespecifico,Grass,53,2,3,143.0,3.87,12.01,53.14
2,2052,Breeding,F25-2119,CIAT-BR-19-5515,Brachiaria interespecifico,Grass,53,2,1,144.0,4.24,12.0,53.61
2,2053,Breeding,F25-2119,CIAT-BR-19-5515,Brachiaria interespecifico,Grass,53,2,2,145.0,4.22,12.66,52.5
2,2054,Breeding,F25-2119,CIAT-BR-19-5515,Brachiaria interespecifico,Grass,53,2,3,146.0,4.21,12.33,59.16
2,2055,Breeding,F25-2120,CIAT-BR-19-5877,Brachiaria interespecifico,Grass,53,2,1,147.0,4.04,12.1,40.16
2,2056,Breeding,F25-2120,CIAT-BR-19-5877,Brachiaria interespecifico,Grass,53,2,2,148.0,4.09,11.96,55.66
2,2057,Breeding,F25-2120,CIAT-BR-19-5877,Brachiaria interespecifico,Grass,53,2,3,149.0,4.29,11.8,31.77
2,2058,Breeding,F25-2121,CIAT-BR-19-6136,Brachiaria interespecifico,Grass,53,2,1,150.0,4.1,11.58,53.33
2,2059,Breeding,F25-2121,CIAT-BR-19-6136,Brachiaria interespecifico,Grass,53,2,2,151.0,4.13,11.59,40.01
2,2060,Breeding,F25-2121,CIAT-BR-19-6136,Brachiaria interespecifico,Grass,53,2,3,152.0,3.9,11.41,55.39
2,2121,Breeding,F25-2107,CIAT-BR-12-0255,Brachiaria interespecifico,Grass,54,3,1,3.0,3.88,10.69,60.23
2,2122,Breeding,F25-2107,CIAT-BR-12-0255,Brachiaria interespecifico,Grass,54,3,2,4.0,3.83,10.63,59.03
2,2123,Breeding,F25-2107,CIAT-BR-12-0255,Brachiaria interespecifico,Grass,54,3,3,5.0,3.92,11.05,56.71
2,2124,Breeding,F25-2108,CIAT-BR-12-0461,Brachiaria interespecifico,Grass,54,3,1,6.0,3.51,11.61,59.2
2,2125,Breeding,F25-2108,CIAT-BR-12-0461,Brachiaria interespecifico,Grass,54,3,2,7.0,4.01,12.28,53.31
2,2126,Breeding,F25-2108,CIAT-BR-12-0461,Brachiaria interespecifico,Grass,54,3,3,8.0,3.59,11.14,55.89
2,2127,Breeding,F25-2109,CIAT-BR-12-1620,Brachiaria interespecifico,Grass,54,3,1,9.0,4.05,10.91,54.98
2,2128,Breeding,F25-2109,CIAT-BR-12-1620,Brachiaria interespecifico,Grass,54,3,2,10.0,3.72,10.83,56.23
2,2129,Breeding,F25-2109,CIAT-BR-12-1620,Brachiaria interespecifico,Grass,54,3,3,11.0,3.99,10.76,55.11
2,2130,Breeding,F25-2110,CIAT-BR-12-1889,Brachiaria interespecifico,Grass,54,3,1,12.0,3.46,10.83,54.02
2,2131,Breeding,F25-2110,CIAT-BR-12-1889,Brachiaria interespecifico,Grass,54,3,2,13.0,3.23,10.61,56.72
2,2132,Breeding,F25-2110,CIAT-BR-12-1889,Brachiaria interespecifico,Grass,54,3,3,14.0,3.4,10.6,56.1
2,2133,Breeding,F25-2111,CIAT-BR-12-4039,Brachiaria interespecifico,Grass,54,3,1,15.0,3.36,10.38,56.59
2,2134,Breeding,F25-2111,CIAT-BR-12-4039,Brachiaria interespecifico,Grass,54,3,2,16.0,3.6,10.93,53.71
2,2135,Breeding,F25-2111,CIAT-BR-12-4039,Brachiaria interespecifico,Grass,54,3,3,17.0,3.66,10.89,57.06
2,2136,Breeding,F25-2112,CIAT-BR-12-4856,Brachiaria interespecifico,Grass,54,3,1,18.0,3.55,9.63,47.1
2,2137,Breeding,F25-2112,CIAT-BR-12-4856,Brachiaria interespecifico,Grass,54,3,2,19.0,3.48,9.91,45.63
2,2138,Breeding,F25-2112,CIAT-BR-12-4856,Brachiaria interespecifico,Grass,54,3,3,20.0,3.55,9.87,46.56
2,2139,Breeding,F25-2113,CIAT-BR-12-5049,Brachiaria interespecifico,Grass,54,3,1,21.0,3.53,10.83,51.15
2,2140,Breeding,F25-2113,CIAT-BR-12-5049,Brachiaria interespecifico,Grass,54,3,2,22.0,3.72,11.15,43.17
2,2141,Breeding,F25-2113,CIAT-BR-12-5049,Brachiaria interespecifico,Grass,54,3,3,23.0,3.75,11.39,49.66
2,2142,Breeding,F25-2114,CIAT-BR-15-1851,Brachiaria interespecifico,Grass,54,3,1,24.0,3.91,11.33,46.17
2,2143,Breeding,F25-2114,CIAT-BR-15-1851,Brachiaria interespecifico,Grass,54,3,2,25.0,3.9,11.4,49.92
2,2144,Breeding,F25-2114,CIAT-BR-15-1851,Brachiaria interespecifico,Grass,54,3,3,26.0,4.11,11.51,44.7
2,2145,Breeding,F25-2115,CIAT-BR-15-3025,Brachiaria interespecifico,Grass,54,3,1,27.0,3.86,10.55,48.04
2,2146,Breeding,F25-2115,CIAT-BR-15-3025,Brachiaria interespecifico,Grass,54,3,2,28.0,3.94,10.97,54.35
2,2147,Breeding,F25-2115,CIAT-BR-15-3025,Brachiaria interespecifico,Grass,54,3,3,29.0,4.08,11.1,50.61
2,2148,Breeding,F25-2116,CIAT-BR-15-3248,Brachiaria interespecifico,Grass,54,3,1,30.0,3.78,11.19,50.01
2,2149,Breeding,F25-2116,CIAT-BR-15-3248,Brachiaria interespecifico,Grass,54,3,2,31.0,3.61,10.77,53.08
2,2150,Breeding,F25-2116,CIAT-BR-15-3248,Brachiaria interespecifico,Grass,54,3,3,32.0,3.89,10.87,49.93
2,2151,Breeding,F25-2117,CIAT-BR-15-7659,Brachiaria interespecifico,Grass,54,3,1,33.0,3.58,10.74,47.32
2,2152,Breeding,F25-2117,CIAT-BR-15-7659,Brachiaria interespecifico,Grass,54,3,2,34.0,3.73,10.72,45.57
2,2153,Breeding,F25-2117,CIAT-BR-15-7659,Brachiaria interespecifico,Grass,54,3,3,35.0,3.85,10.6,54.46
2,2154,Breeding,F25-2118,CIAT-BR-15-8919,Brachiaria interespecifico,Grass,54,3,1,36.0,3.34,10.37,46.62
2,2155,Breeding,F25-2118,CIAT-BR-15-8919,Brachiaria interespecifico,Grass,54,3,2,37.0,3.42,10.72,51.09
2,2156,Breeding,F25-2118,CIAT-BR-15-8919,Brachiaria interespecifico,Grass,54,3,3,38.0,3.52,10.58,44.69
2,2157,Breeding,F25-2119,CIAT-BR-19-5515,Brachiaria interespecifico,Grass,54,3,1,39.0,3.81,11.12,47.23
2,2158,Breeding,F25-2119,CIAT-BR-19-5515,Brachiaria interespecifico,Grass,54,3,2,40.0,3.75,11.1,47.3
2,2159,Breeding,F25-2119,CIAT-BR-19-5515,Brachiaria interespecifico,Grass,54,3,3,41.0,3.81,11.21,47.75
2,2160,Breeding,F25-2120,CIAT-BR-19-5877,Brachiaria interespecifico,Grass,54,3,1,42.0,3.57,10.58,48.95
2,2161,Breeding,F25-2120,CIAT-BR-19-5877,Brachiaria interespecifico,Grass,54,3,2,43.0,3.67,10.84,57.02
2,2162,Breeding,F25-2120,CIAT-BR-19-5877,Brachiaria interespecifico,Grass,54,3,3,44.0,3.59,11.24,53.51
2,2163,Breeding,F25-2121,CIAT-BR-19-6136,Brachiaria interespecifico,Grass,54,3,1,45.0,3.8,10.65,43.71
2,2164,Breeding,F25-2121,CIAT-BR-19-6136,Brachiaria interespecifico,Grass,54,3,2,46.0,3.5,10.59,32.75
2,2165,Breeding,F25-2121,CIAT-BR-19-6136,Brachiaria interespecifico,Grass,54,3,3,47.0,3.56,10.5,34.92
2,2226,Breeding,F25-2144,CIAT-BH-16-1763,Urochloa humidicola,Grass,55,1,1,3.0,4.38,12.34,51.99
2,2227,Breeding,F25-2144,CIAT-BH-16-1763,Urochloa humidicola,Grass,55,1,2,4.0,4.47,12.63,50.81
2,2228,Breeding,F25-2144,CIAT-BH-16-1763,Urochloa humidicola,Grass,55,1,3,5.0,4.09,11.65,47.52
2,2229,Breeding,F25-2145,CIAT-BH-16-B-2165,Urochloa humidicola,Grass,55,1,1,6.0,4.53,13.61,52.98
2,2230,Breeding,F25-2145,CIAT-BH-16-B-2165,Urochloa humidicola,Grass,55,1,2,7.0,4.53,13.48,54.59
2,2231,Breeding,F25-2145,CIAT-BH-16-B-2165,Urochloa humidicola,Grass,55,1,3,8.0,4.59,13.59,50.81
2,2232,Breeding,F25-2146,CIAT-BH-16-B-2167,Urochloa humidicola,Grass,55,1,1,9.0,3.76,11.01,46.35
2,2233,Breeding,F25-2146,CIAT-BH-16-B-2167,Urochloa humidicola,Grass,55,1,2,10.0,3.96,11.71,44.9
2,2234,Breeding,F25-2146,CIAT-BH-16-B-2167,Urochloa humidicola,Grass,55,1,3,11.0,3.67,11.11,36.4
2,2235,Breeding,F25-2147,CIAT-CIAT-16886,Urochloa humidicola,Grass,55,1,1,12.0,4.77,13.07,54.77
2,2236,Breeding,F25-2147,CIAT-CIAT-16886,Urochloa humidicola,Grass,55,1,2,13.0,4.67,12.82,50.14
2,2237,Breeding,F25-2147,CIAT-CIAT-16886,Urochloa humidicola,Grass,55,1,3,14.0,4.33,11.93,47.73
2,2238,Breeding,F25-2148,CIAT-CIAT-16891,Urochloa humidicola,Grass,55,1,1,15.0,3.93,11.66,47.16
2,2239,Breeding,F25-2148,CIAT-CIAT-16891,Urochloa humidicola,Grass,55,1,2,16.0,4.11,12.13,45.89
2,2240,Breeding,F25-2148,CIAT-CIAT-16891,Urochloa humidicola,Grass,55,1,3,17.0,3.84,10.91,42.02
2,2241,Breeding,F25-2149,CIAT-CIAT-26146,Urochloa humidicola,Grass,55,1,1,18.0,3.93,12.5,46.24
2,2242,Breeding,F25-2149,CIAT-CIAT-26146,Urochloa humidicola,Grass,55,1,2,19.0,3.95,12.49,40.02
2,2243,Breeding,F25-2149,CIAT-CIAT-26146,Urochloa humidicola,Grass,55,1,3,20.0,4.01,12.95,51.09
2,2244,Breeding,F25-2150,CIAT-CIAT-26149,Urochloa humidicola,Grass,55,1,1,21.0,4.28,12.98,47.65
2,2245,Breeding,F25-2150,CIAT-CIAT-26149,Urochloa humidicola,Grass,55,1,2,22.0,4.32,12.75,45.92
2,2246,Breeding,F25-2150,CIAT-CIAT-26149,Urochloa humidicola,Grass,55,1,3,23.0,4.41,13.11,47.54
2,2247,Breeding,F25-2151,CIAT-CIAT-26160,Urochloa humidicola,Grass,55,1,1,24.0,4.01,12.36,43.63
2,2248,Breeding,F25-2151,CIAT-CIAT-26160,Urochloa humidicola,Grass,55,1,2,25.0,4.26,12.73,40.46
2,2249,Breeding,F25-2151,CIAT-CIAT-26160,Urochloa humidicola,Grass,55,1,3,26.0,4.23,13.0,48.74
2,2250,Breeding,F25-2152,CIAT-CIAT-26415,Urochloa humidicola,Grass,55,1,1,27.0,3.82,11.55,47.81
2,2251,Breeding,F25-2152,CIAT-CIAT-26415,Urochloa humidicola,Grass,55,1,2,28.0,3.7,10.94,39.94
2,2252,Breeding,F25-2152,CIAT-CIAT-26415,Urochloa humidicola,Grass,55,1,3,29.0,3.57,11.17,42.78
2,2253,Breeding,F25-2153,CIAT-BH-22-4092,Urochloa humidicola,Grass,55,1,1,30.0,4.8,12.77,40.41
2,2254,Breeding,F25-2153,CIAT-BH-22-4092,Urochloa humidicola,Grass,55,1,2,31.0,4.7,11.9,43.26
2,2255,Breeding,F25-2153,CIAT-BH-22-4092,Urochloa humidicola,Grass,55,1,3,32.0,4.51,12.21,48.09
2,2256,Breeding,F25-2154,CIAT-CIAT-26438,Urochloa humidicola,Grass,55,1,1,33.0,4.49,13.73,47.02
2,2257,Breeding,F25-2154,CIAT-CIAT-26438,Urochloa humidicola,Grass,55,1,2,34.0,4.08,11.93,50.62
2,2258,Breeding,F25-2154,CIAT-CIAT-26438,Urochloa humidicola,Grass,55,1,3,35.0,4.12,12.13,49.66
2,2259,Breeding,F25-2155,CIAT-CIAT-26570,Urochloa humidicola,Grass,55,1,1,36.0,4.74,12.32,53.86
2,2260,Breeding,F25-2155,CIAT-CIAT-26570,Urochloa humidicola,Grass,55,1,2,37.0,4.64,12.6,49.71
2,2261,Breeding,F25-2155,CIAT-CIAT-26570,Urochloa humidicola,Grass,55,1,3,38.0,4.54,11.99,48.9
2,2262,Breeding,F25-2156,CIAT-BH-22-3115,Urochloa humidicola,Grass,55,1,1,39.0,3.83,11.9,42.33
2,2263,Breeding,F25-2156,CIAT-BH-22-3115,Urochloa humidicola,Grass,55,1,2,40.0,3.56,11.0,44.33
2,2264,Breeding,F25-2156,CIAT-BH-22-3115,Urochloa humidicola,Grass,55,1,3,41.0,3.93,12.49,45.39
2,2265,Breeding,F25-2157,CIAT-BH-22-1375,Urochloa humidicola,Grass,55,1,1,42.0,4.38,12.86,50.55
2,2266,Breeding,F25-2157,CIAT-BH-22-1375,Urochloa humidicola,Grass,55,1,2,43.0,4.48,12.94,46.0
2,2267,Breeding,F25-2157,CIAT-BH-22-1375,Urochloa humidicola,Grass,55,1,3,44.0,4.56,13.4,43.82
2,2268,Breeding,F25-2158,CIAT-CIAT-6133,Urochloa humidicola,Grass,55,1,1,45.0,3.71,12.16,49.24
2,2269,Breeding,F25-2158,CIAT-CIAT-6133,Urochloa humidicola,Grass,55,1,2,46.0,3.62,12.09,38.22
2,2270,Breeding,F25-2158,CIAT-CIAT-6133,Urochloa humidicola,Grass,55,1,3,47.0,3.56,11.31,40.09
2,2271,Breeding,F25-2159,CIAT-CIAT-679,Urochloa humidicola,Grass,55,1,1,48.0,4.29,13.82,39.45
2,2273,Breeding,F25-2159,CIAT-CIAT-679,Urochloa humidicola,Grass,55,1,3,50.0,4.17,12.63,44.63
2,2276,Breeding,F25-2160,CIAT-BH-22-4865,Urochloa humidicola,Grass,55,1,1,53.0,3.73,11.29,21.94
2,2277,Breeding,F25-2160,CIAT-BH-22-4865,Urochloa humidicola,Grass,55,1,2,54.0,3.87,11.42,33.78
2,2278,Breeding,F25-2160,CIAT-BH-22-4865,Urochloa humidicola,Grass,55,1,3,55.0,3.67,10.92,37.56
2,2280,Breeding,F25-2161,CIAT-BH-22-1706,Urochloa humidicola,Grass,55,1,2,57.0,3.62,11.54,27.11
2,2281,Breeding,F25-2161,CIAT-BH-22-1706,Urochloa humidicola,Grass,55,1,3,58.0,3.64,11.63,43.65
2,2282,Breeding,F25-2162,CIAT-BH-22-4169,Urochloa humidicola,Grass,55,1,1,59.0,3.59,11.59,23.86
2,2283,Breeding,F25-2162,CIAT-BH-22-4169,Urochloa humidicola,Grass,55,1,2,60.0,3.44,11.55,38.8
2,2284,Breeding,F25-2162,CIAT-BH-22-4169,Urochloa humidicola,Grass,55,1,3,61.0,3.54,11.83,31.37
2,2285,Breeding,F25-2163,CIAT-BH-22-1258,Urochloa humidicola,Grass,55,1,1,62.0,4.26,12.25,38.73
2,2286,Breeding,F25-2163,CIAT-BH-22-1258,Urochloa humidicola,Grass,55,1,2,63.0,4.19,11.91,35.23
2,2287,Breeding,F25-2163,CIAT-BH-22-1258,Urochloa humidicola,Grass,55,1,3,64.0,4.16,12.29,28.37
2,2288,Breeding,F25-2164,CIAT-BH-22-1370,Urochloa humidicola,Grass,55,1,1,65.0,3.87,11.28,43.87
2,2289,Breeding,F25-2164,CIAT-BH-22-1370,Urochloa humidicola,Grass,55,1,2,66.0,3.9,11.19,44.17
2,2291,Breeding,F25-2165,CIAT-BH-22-2225,Urochloa humidicola,Grass,55,1,1,68.0,4.23,11.78,38.26
2,2293,Breeding,F25-2165,CIAT-BH-22-2225,Urochloa humidicola,Grass,55,1,3,70.0,4.14,12.0,36.24
2,2297,Breeding,F25-2167,CIAT-BH-22-3507,Urochloa humidicola,Grass,55,1,1,74.0,3.82,10.9,35.62
2,2298,Breeding,F25-2167,CIAT-BH-22-3507,Urochloa humidicola,Grass,55,1,2,75.0,3.87,11.03,14.04
2,2299,Breeding,F25-2167,CIAT-BH-22-3507,Urochloa humidicola,Grass,55,1,3,76.0,3.98,10.75,33.25
2,2303,Breeding,F25-2169,CIAT-BH-22-2189,Urochloa humidicola,Grass,55,1,1,80.0,3.87,10.68,15.47
2,2304,Breeding,F25-2169,CIAT-BH-22-2189,Urochloa humidicola,Grass,55,1,2,81.0,3.78,10.51,31.2
2,2305,Breeding,F25-2169,CIAT-BH-22-2189,Urochloa humidicola,Grass,55,1,3,82.0,3.73,10.38,33.13
2,2312,Breeding,F25-2172,CIAT-BH-22-0132,Urochloa humidicola,Grass,55,1,1,89.0,4.13,11.58,18.69
2,2313,Breeding,F25-2172,CIAT-BH-22-0132,Urochloa humidicola,Grass,55,1,2,90.0,3.98,11.44,37.33
2,2314,Breeding,F25-2172,CIAT-BH-22-0132,Urochloa humidicola,Grass,55,1,3,91.0,4.2,11.78,27.22
2,2316,Breeding,F25-2173,CIAT-BH-22-3521,Urochloa humidicola,Grass,55,1,2,93.0,4.17,11.33,46.98
2,2317,Breeding,F25-2173,CIAT-BH-22-3521,Urochloa humidicola,Grass,55,1,3,94.0,4.17,10.71,24.07
2,2331,Breeding,F25-2144,CIAT-BH-16-1763,Urochloa humidicola,Grass,56,2,1,108.0,4.73,12.21,61.97
2,2332,Breeding,F25-2144,CIAT-BH-16-1763,Urochloa humidicola,Grass,56,2,2,109.0,4.38,11.51,56.71
2,2333,Breeding,F25-2144,CIAT-BH-16-1763,Urochloa humidicola,Grass,56,2,3,110.0,4.54,12.01,55.27
2,2334,Breeding,F25-2145,CIAT-BH-16-B-2165,Urochloa humidicola,Grass,56,2,1,111.0,4.07,12.29,54.83
2,2335,Breeding,F25-2145,CIAT-BH-16-B-2165,Urochloa humidicola,Grass,56,2,2,112.0,4.14,12.31,54.95
2,2336,Breeding,F25-2145,CIAT-BH-16-B-2165,Urochloa humidicola,Grass,56,2,3,113.0,4.19,12.19,52.01
2,2337,Breeding,F25-2146,CIAT-BH-16-B-2167,Urochloa humidicola,Grass,56,2,1,114.0,3.87,11.46,55.06
2,2338,Breeding,F25-2146,CIAT-BH-16-B-2167,Urochloa humidicola,Grass,56,2,2,115.0,3.93,11.34,50.31
2,2339,Breeding,F25-2146,CIAT-BH-16-B-2167,Urochloa humidicola,Grass,56,2,3,116.0,4.07,11.42,52.29
2,2340,Breeding,F25-2147,CIAT-CIAT-16886,Urochloa humidicola,Grass,56,2,1,117.0,4.45,12.19,58.06
2,2341,Breeding,F25-2147,CIAT-CIAT-16886,Urochloa humidicola,Grass,56,2,2,118.0,4.06,11.44,52.12
2,2342,Breeding,F25-2147,CIAT-CIAT-16886,Urochloa humidicola,Grass,56,2,3,119.0,4.11,11.45,57.14
2,2343,Breeding,F25-2148,CIAT-CIAT-16891,Urochloa humidicola,Grass,56,2,1,120.0,3.87,11.15,60.14
2,2344,Breeding,F25-2148,CIAT-CIAT-16891,Urochloa humidicola,Grass,56,2,2,121.0,3.78,10.5,50.75
2,2345,Breeding,F25-2148,CIAT-CIAT-16891,Urochloa humidicola,Grass,56,2,3,122.0,4.11,11.38,55.87
2,2346,Breeding,F25-2149,CIAT-CIAT-26146,Urochloa humidicola,Grass,56,2,1,123.0,3.88,11.9,57.46
2,2347,Breeding,F25-2149,CIAT-CIAT-26146,Urochloa humidicola,Grass,56,2,2,124.0,4.06,13.05,58.06
2,2348,Breeding,F25-2149,CIAT-CIAT-26146,Urochloa humidicola,Grass,56,2,3,125.0,3.87,11.87,58.48
2,2349,Breeding,F25-2150,CIAT-CIAT-26149,Urochloa humidicola,Grass,56,2,1,126.0,4.21,11.43,53.16
2,2350,Breeding,F25-2150,CIAT-CIAT-26149,Urochloa humidicola,Grass,56,2,2,127.0,4.25,12.18,60.36
2,2351,Breeding,F25-2150,CIAT-CIAT-26149,Urochloa humidicola,Grass,56,2,3,128.0,4.34,12.39,59.37
2,2352,Breeding,F25-2151,CIAT-CIAT-26160,Urochloa humidicola,Grass,56,2,1,129.0,4.04,12.44,61.39
2,2353,Breeding,F25-2151,CIAT-CIAT-26160,Urochloa humidicola,Grass,56,2,2,130.0,4.11,12.37,57.37
2,2354,Breeding,F25-2151,CIAT-CIAT-26160,Urochloa humidicola,Grass,56,2,3,131.0,3.68,11.48,59.04
2,2355,Breeding,F25-2152,CIAT-CIAT-26415,Urochloa humidicola,Grass,56,2,1,132.0,3.77,10.53,54.15
2,2356,Breeding,F25-2152,CIAT-CIAT-26415,Urochloa humidicola,Grass,56,2,2,133.0,3.75,10.94,53.07
2,2357,Breeding,F25-2152,CIAT-CIAT-26415,Urochloa humidicola,Grass,56,2,3,134.0,3.72,10.21,51.15
2,2358,Breeding,F25-2153,CIAT-BH-22-4092,Urochloa humidicola,Grass,56,2,1,135.0,4.86,12.21,53.29
2,2359,Breeding,F25-2153,CIAT-BH-22-4092,Urochloa humidicola,Grass,56,2,2,136.0,4.77,11.89,56.05
2,2360,Breeding,F25-2153,CIAT-BH-22-4092,Urochloa humidicola,Grass,56,2,3,137.0,4.52,11.87,41.79
2,2367,Breeding,F25-2156,CIAT-BH-22-3115,Urochloa humidicola,Grass,56,2,1,144.0,3.71,11.51,24.12
2,2368,Breeding,F25-2156,CIAT-BH-22-3115,Urochloa humidicola,Grass,56,2,2,145.0,3.61,12.28,34.5
2,2369,Breeding,F25-2156,CIAT-BH-22-3115,Urochloa humidicola,Grass,56,2,3,146.0,3.68,12.29,24.4
2,2370,Breeding,F25-2157,CIAT-BH-22-1375,Urochloa humidicola,Grass,56,2,1,147.0,4.24,11.98,25.8
2,2372,Breeding,F25-2157,CIAT-BH-22-1375,Urochloa humidicola,Grass,56,2,3,149.0,4.23,11.52,41.55
2,2381,Breeding,F25-2160,CIAT-BH-22-4865,Urochloa humidicola,Grass,56,2,1,158.0,3.97,11.68,26.43
2,2383,Breeding,F25-2160,CIAT-BH-22-4865,Urochloa humidicola,Grass,56,2,3,160.0,3.12,9.03,50.07
2,2387,Breeding,F25-2162,CIAT-BH-22-4169,Urochloa humidicola,Grass,56,2,1,164.0,2.93,10.12,18.53
2,2389,Breeding,F25-2162,CIAT-BH-22-4169,Urochloa humidicola,Grass,56,2,3,166.0,2.96,9.68,15.51
2,2390,Breeding,F25-2163,CIAT-BH-22-1258,Urochloa humidicola,Grass,56,2,1,167.0,3.91,11.42,26.76
2,2391,Breeding,F25-2163,CIAT-BH-22-1258,Urochloa humidicola,Grass,56,2,2,168.0,3.74,10.81,17.25
2,2392,Breeding,F25-2163,CIAT-BH-22-1258,Urochloa humidicola,Grass,56,2,3,169.0,3.77,11.33,15.9
2,2393,Breeding,F25-2164,CIAT-BH-22-1370,Urochloa humidicola,Grass,56,2,1,170.0,3.59,10.15,56.39
2,2394,Breeding,F25-2164,CIAT-BH-22-1370,Urochloa humidicola,Grass,56,2,2,171.0,3.68,10.04,25.86
2,2402,Breeding,F25-2167,CIAT-BH-22-3507,Urochloa humidicola,Grass,56,2,1,179.0,3.13,8.96,37.95
2,2404,Breeding,F25-2167,CIAT-BH-22-3507,Urochloa humidicola,Grass,56,2,3,181.0,3.26,9.19,13.49
2,2406,Breeding,F25-2168,CIAT-BH-22-4253,Urochloa humidicola,Grass,56,2,2,183.0,3.67,9.37,47.45
2,2407,Breeding,F25-2168,CIAT-BH-22-4253,Urochloa humidicola,Grass,56,2,3,184.0,3.94,10.31,27.55
2,2408,Breeding,F25-2169,CIAT-BH-22-2189,Urochloa humidicola,Grass,56,2,1,185.0,3.54,9.29,20.04
2,2409,Breeding,F25-2169,CIAT-BH-22-2189,Urochloa humidicola,Grass,56,2,2,186.0,3.57,9.03,48.73
2,2410,Breeding,F25-2169,CIAT-BH-22-2189,Urochloa humidicola,Grass,56,2,3,187.0,3.29,9.05,19.51
2,2436,Breeding,F25-2144,CIAT-BH-16-1763,Urochloa humidicola,Grass,57,3,1,3.0,3.72,10.68,54.99
2,2437,Breeding,F25-2144,CIAT-BH-16-1763,Urochloa humidicola,Grass,57,3,2,4.0,4.05,10.9,51.3
2,2438,Breeding,F25-2144,CIAT-BH-16-1763,Urochloa humidicola,Grass,57,3,3,5.0,4.25,11.15,51.15
2,2439,Breeding,F25-2145,CIAT-BH-16-B-2165,Urochloa humidicola,Grass,57,3,1,6.0,4.26,12.18,56.69
2,2440,Breeding,F25-2145,CIAT-BH-16-B-2165,Urochloa humidicola,Grass,57,3,2,7.0,4.22,12.22,57.93
2,2441,Breeding,F25-2145,CIAT-BH-16-B-2165,Urochloa humidicola,Grass,57,3,3,8.0,4.38,11.86,58.11
2,2442,Breeding,F25-2146,CIAT-BH-16-B-2167,Urochloa humidicola,Grass,57,3,1,9.0,4.31,12.2,54.43
2,2443,Breeding,F25-2146,CIAT-BH-16-B-2167,Urochloa humidicola,Grass,57,3,2,10.0,4.34,12.23,54.08
2,2444,Breeding,F25-2146,CIAT-BH-16-B-2167,Urochloa humidicola,Grass,57,3,3,11.0,4.1,11.88,54.46
2,2445,Breeding,F25-2147,CIAT-CIAT-16886,Urochloa humidicola,Grass,57,3,1,12.0,4.3,11.83,56.45
2,2446,Breeding,F25-2147,CIAT-CIAT-16886,Urochloa humidicola,Grass,57,3,2,13.0,4.34,11.33,57.26
2,2447,Breeding,F25-2147,CIAT-CIAT-16886,Urochloa humidicola,Grass,57,3,3,14.0,4.41,11.57,57.22
2,2448,Breeding,F25-2148,CIAT-CIAT-16891,Urochloa humidicola,Grass,57,3,1,15.0,3.82,10.97,49.01
2,2449,Breeding,F25-2148,CIAT-CIAT-16891,Urochloa humidicola,Grass,57,3,2,16.0,3.7,10.5,46.75
2,2450,Breeding,F25-2148,CIAT-CIAT-16891,Urochloa humidicola,Grass,57,3,3,17.0,3.88,11.28,52.3
2,2451,Breeding,F25-2149,CIAT-CIAT-26146,Urochloa humidicola,Grass,57,3,1,18.0,3.84,11.75,52.9
2,2452,Breeding,F25-2149,CIAT-CIAT-26146,Urochloa humidicola,Grass,57,3,2,19.0,3.94,12.21,54.1
2,2453,Breeding,F25-2149,CIAT-CIAT-26146,Urochloa humidicola,Grass,57,3,3,20.0,3.94,12.28,49.4
2,2454,Breeding,F25-2150,CIAT-CIAT-26149,Urochloa humidicola,Grass,57,3,1,21.0,4.23,12.01,57.7
2,2455,Breeding,F25-2150,CIAT-CIAT-26149,Urochloa humidicola,Grass,57,3,2,22.0,4.31,12.45,48.28
2,2456,Breeding,F25-2150,CIAT-CIAT-26149,Urochloa humidicola,Grass,57,3,3,23.0,4.34,11.95,56.36
2,2457,Breeding,F25-2151,CIAT-CIAT-26160,Urochloa humidicola,Grass,57,3,1,24.0,4.07,11.94,54.93
2,2458,Breeding,F25-2151,CIAT-CIAT-26160,Urochloa humidicola,Grass,57,3,2,25.0,4.23,12.28,55.27
2,2459,Breeding,F25-2151,CIAT-CIAT-26160,Urochloa humidicola,Grass,57,3,3,26.0,4.21,10.99,51.86
2,2460,Breeding,F25-2152,CIAT-CIAT-26415,Urochloa humidicola,Grass,57,3,1,27.0,3.59,10.66,48.99
2,2461,Breeding,F25-2152,CIAT-CIAT-26415,Urochloa humidicola,Grass,57,3,2,28.0,3.61,10.44,46.34
2,2462,Breeding,F25-2152,CIAT-CIAT-26415,Urochloa humidicola,Grass,57,3,3,29.0,3.62,10.73,51.65
2,2463,Breeding,F25-2153,CIAT-BH-22-4092,Urochloa humidicola,Grass,57,3,1,30.0,4.62,11.64,50.48
2,2464,Breeding,F25-2153,CIAT-BH-22-4092,Urochloa humidicola,Grass,57,3,2,31.0,4.58,11.13,47.14
2,2465,Breeding,F25-2153,CIAT-BH-22-4092,Urochloa humidicola,Grass,57,3,3,32.0,4.4,11.01,50.02
2,2466,Breeding,F25-2154,CIAT-CIAT-26438,Urochloa humidicola,Grass,57,3,1,33.0,4.23,10.9,40.3
2,2467,Breeding,F25-2154,CIAT-CIAT-26438,Urochloa humidicola,Grass,57,3,2,34.0,4.26,10.75,48.17
2,2468,Breeding,F25-2154,CIAT-CIAT-26438,Urochloa humidicola,Grass,57,3,3,35.0,4.18,11.11,37.77
2,2469,Breeding,F25-2155,CIAT-CIAT-26570,Urochloa humidicola,Grass,57,3,1,36.0,4.29,11.12,46.49
2,2470,Breeding,F25-2155,CIAT-CIAT-26570,Urochloa humidicola,Grass,57,3,2,37.0,4.45,11.11,50.25
2,2471,Breeding,F25-2155,CIAT-CIAT-26570,Urochloa humidicola,Grass,57,3,3,38.0,4.52,10.89,39.52
2,2472,Breeding,F25-2156,CIAT-BH-22-3115,Urochloa humidicola,Grass,57,3,1,39.0,3.9,11.55,42.17
2,2473,Breeding,F25-2156,CIAT-BH-22-3115,Urochloa humidicola,Grass,57,3,2,40.0,3.95,11.67,47.15
2,2474,Breeding,F25-2156,CIAT-BH-22-3115,Urochloa humidicola,Grass,57,3,3,41.0,3.74,10.72,33.73
2,2476,Breeding,F25-2157,CIAT-BH-22-1375,Urochloa humidicola,Grass,57,3,2,43.0,4.42,11.87,50.34
2,2477,Breeding,F25-2157,CIAT-BH-22-1375,Urochloa humidicola,Grass,57,3,3,44.0,4.42,11.6,35.74
2,2478,Breeding,F25-2158,CIAT-CIAT-6133,Urochloa humidicola,Grass,57,3,1,45.0,3.78,11.33,44.83
2,2479,Breeding,F25-2158,CIAT-CIAT-6133,Urochloa humidicola,Grass,57,3,2,46.0,3.84,11.51,25.17
2,2480,Breeding,F25-2158,CIAT-CIAT-6133,Urochloa humidicola,Grass,57,3,3,47.0,3.89,11.68,35.85
2,2481,Breeding,F25-2159,CIAT-CIAT-679,Urochloa humidicola,Grass,57,3,1,48.0,4.27,12.62,28.53
2,2482,Breeding,F25-2159,CIAT-CIAT-679,Urochloa humidicola,Grass,57,3,2,49.0,4.18,12.34,49.99
2,2483,Breeding,F25-2159,CIAT-CIAT-679,Urochloa humidicola,Grass,57,3,3,50.0,4.24,12.02,31.69
2,2486,Breeding,F25-2160,CIAT-BH-22-4865,Urochloa humidicola,Grass,57,3,1,53.0,3.98,10.88,51.16
2,2487,Breeding,F25-2160,CIAT-BH-22-4865,Urochloa humidicola,Grass,57,3,2,54.0,3.64,9.7,29.85
2,2488,Breeding,F25-2160,CIAT-BH-22-4865,Urochloa humidicola,Grass,57,3,3,55.0,3.62,9.85,41.17
2,2489,Breeding,F25-2161,CIAT-BH-22-1706,Urochloa humidicola,Grass,57,3,1,56.0,3.64,11.05,49.97
2,2490,Breeding,F25-2161,CIAT-BH-22-1706,Urochloa humidicola,Grass,57,3,2,57.0,3.64,11.1,31.67
2,2491,Breeding,F25-2161,CIAT-BH-22-1706,Urochloa humidicola,Grass,57,3,3,58.0,3.72,11.12,24.54
2,2492,Breeding,F25-2162,CIAT-BH-22-4169,Urochloa humidicola,Grass,57,3,1,59.0,3.57,10.51,39.54
2,2493,Breeding,F25-2162,CIAT-BH-22-4169,Urochloa humidicola,Grass,57,3,2,60.0,3.59,10.87,45.42
2,2494,Breeding,F25-2162,CIAT-BH-22-4169,Urochloa humidicola,Grass,57,3,3,61.0,3.65,10.49,28.08
2,2495,Breeding,F25-2163,CIAT-BH-22-1258,Urochloa humidicola,Grass,57,3,1,62.0,4.38,11.48,26.04
2,2496,Breeding,F25-2163,CIAT-BH-22-1258,Urochloa humidicola,Grass,57,3,2,63.0,4.15,10.69,29.33
2,2497,Breeding,F25-2163,CIAT-BH-22-1258,Urochloa humidicola,Grass,57,3,3,64.0,4.4,11.61,31.52
2,2498,Breeding,F25-2164,CIAT-BH-22-1370,Urochloa humidicola,Grass,57,3,1,65.0,3.77,10.55,45.33
2,2499,Breeding,F25-2164,CIAT-BH-22-1370,Urochloa humidicola,Grass,57,3,2,66.0,3.46,10.01,45.52
2,2500,Breeding,F25-2164,CIAT-BH-22-1370,Urochloa humidicola,Grass,57,3,3,67.0,3.82,10.46,32.31
2,2501,Breeding,F25-2165,CIAT-BH-22-2225,Urochloa humidicola,Grass,57,3,1,68.0,4.39,12.14,43.88
2,2502,Breeding,F25-2165,CIAT-BH-22-2225,Urochloa humidicola,Grass,57,3,2,69.0,4.22,11.26,33.99
2,2503,Breeding,F25-2165,CIAT-BH-22-2225,Urochloa humidicola,Grass,57,3,3,70.0,4.37,11.65,37.12
2,2507,Breeding,F25-2167,CIAT-BH-22-3507,Urochloa humidicola,Grass,57,3,1,74.0,3.68,9.56,29.75
2,2508,Breeding,F25-2167,CIAT-BH-22-3507,Urochloa humidicola,Grass,57,3,2,75.0,3.6,9.27,14.1
2,2509,Breeding,F25-2167,CIAT-BH-22-3507,Urochloa humidicola,Grass,57,3,3,76.0,3.76,9.64,22.03
2,2510,Breeding,F25-2168,CIAT-BH-22-4253,Urochloa humidicola,Grass,57,3,1,77.0,4.1,10.52,23.15
2,2511,Breeding,F25-2168,CIAT-BH-22-4253,Urochloa humidicola,Grass,57,3,2,78.0,4.07,10.52,40.86
2,2512,Breeding,F25-2168,CIAT-BH-22-4253,Urochloa humidicola,Grass,57,3,3,79.0,3.92,10.06,41.47
2,2513,Breeding,F25-2169,CIAT-BH-22-2189,Urochloa humidicola,Grass,57,3,1,80.0,3.79,9.91,28.68
2,2514,Breeding,F25-2169,CIAT-BH-22-2189,Urochloa humidicola,Grass,57,3,2,81.0,3.88,9.85,28.24
2,2515,Breeding,F25-2169,CIAT-BH-22-2189,Urochloa humidicola,Grass,57,3,3,82.0,3.85,9.78,23.32
2,2522,Breeding,F25-2172,CIAT-BH-22-0132,Urochloa humidicola,Grass,57,3,1,89.0,3.95,10.71,33.72
2,2523,Breeding,F25-2172,CIAT-BH-22-0132,Urochloa humidicola,Grass,57,3,2,90.0,4.0,10.8,35.15
2,2525,Breeding,F25-2173,CIAT-BH-22-3521,Urochloa humidicola,Grass,57,3,1,92.0,4.02,10.7,44.76
2,2526,Breeding,F25-2173,CIAT-BH-22-3521,Urochloa humidicola,Grass,57,3,2,93.0,4.11,10.34,26.26
2,2527,Breeding,F25-2173,CIAT-BH-22-3521,Urochloa humidicola,Grass,57,3,3,94.0,4.13,10.57,32.4
2,2583,Breeding,F25-2174,CIAT-BH-22-2074,Urochloa humidicola,Grass,59,2,1,108.0,4.51,12.03,48.4
2,2584,Breeding,F25-2174,CIAT-BH-22-2074,Urochloa humidicola,Grass,59,2,2,109.0,4.45,12.96,54.83
2,2585,Breeding,F25-2174,CIAT-BH-22-2074,Urochloa humidicola,Grass,59,2,3,110.0,4.67,13.16,49.1
2,2586,Breeding,F25-2175,CIAT-BH-22-0456,Urochloa humidicola,Grass,59,2,1,111.0,4.72,13.16,52.09
2,2587,Breeding,F25-2175,CIAT-BH-22-0456,Urochloa humidicola,Grass,59,2,2,112.0,4.63,13.73,55.02
2,2588,Breeding,F25-2175,CIAT-BH-22-0456,Urochloa humidicola,Grass,59,2,3,113.0,4.79,14.22,52.79
2,2589,Breeding,F25-2176,CIAT-BH-22-1832,Urochloa humidicola,Grass,59,2,1,114.0,4.68,12.91,49.43
2,2590,Breeding,F25-2176,CIAT-BH-22-1832,Urochloa humidicola,Grass,59,2,2,115.0,4.59,12.89,54.7
2,2591,Breeding,F25-2176,CIAT-BH-22-1832,Urochloa humidicola,Grass,59,2,3,116.0,4.43,12.85,52.36
2,2592,Breeding,F25-2177,CIAT-BH-22-1872,Urochloa humidicola,Grass,59,2,1,117.0,4.64,12.89,51.9
2,2593,Breeding,F25-2177,CIAT-BH-22-1872,Urochloa humidicola,Grass,59,2,2,118.0,4.62,13.25,50.51
2,2594,Breeding,F25-2177,CIAT-BH-22-1872,Urochloa humidicola,Grass,59,2,3,119.0,4.63,13.49,50.03
2,2595,Breeding,F25-2178,CIAT-BH-22-0071,Urochloa humidicola,Grass,59,2,1,120.0,3.96,12.33,50.06
2,2596,Breeding,F25-2178,CIAT-BH-22-0071,Urochloa humidicola,Grass,59,2,2,121.0,4.05,11.8,44.29
2,2597,Breeding,F25-2178,CIAT-BH-22-0071,Urochloa humidicola,Grass,59,2,3,122.0,4.05,10.89,48.71
2,2598,Breeding,F25-2179,CIAT-BH-22-4454,Urochloa humidicola,Grass,59,2,1,123.0,4.7,12.13,41.16
2,2599,Breeding,F25-2179,CIAT-BH-22-4454,Urochloa humidicola,Grass,59,2,2,124.0,4.63,11.88,47.4
2,2600,Breeding,F25-2179,CIAT-BH-22-4454,Urochloa humidicola,Grass,59,2,3,125.0,4.65,12.39,45.9
2,2601,Breeding,F25-2180,CIAT-BH-22-1267,Urochloa humidicola,Grass,59,2,1,126.0,4.4,12.34,42.8
2,2602,Breeding,F25-2180,CIAT-BH-22-1267,Urochloa humidicola,Grass,59,2,2,127.0,4.25,12.66,48.9
2,2603,Breeding,F25-2180,CIAT-BH-22-1267,Urochloa humidicola,Grass,59,2,3,128.0,4.11,12.86,44.12
2,2604,Breeding,F25-2181,CIAT-BH-22-1303,Urochloa humidicola,Grass,59,2,1,129.0,4.43,12.72,46.09
2,2605,Breeding,F25-2181,CIAT-BH-22-1303,Urochloa humidicola,Grass,59,2,2,130.0,4.35,12.96,44.57
2,2606,Breeding,F25-2181,CIAT-BH-22-1303,Urochloa humidicola,Grass,59,2,3,131.0,4.79,12.88,41.14
2,2607,Breeding,F25-2182,CIAT-BH-22-2508,Urochloa humidicola,Grass,59,2,1,132.0,5.03,12.67,39.85
2,2608,Breeding,F25-2182,CIAT-BH-22-2508,Urochloa humidicola,Grass,59,2,2,133.0,5.05,13.2,43.69
2,2609,Breeding,F25-2182,CIAT-BH-22-2508,Urochloa humidicola,Grass,59,2,3,134.0,4.66,12.89,38.75
2,2610,Breeding,F25-2183,CIAT-BH-22-2046,Urochloa humidicola,Grass,59,2,1,135.0,4.83,13.32,39.92
2,2611,Breeding,F25-2183,CIAT-BH-22-2046,Urochloa humidicola,Grass,59,2,2,136.0,4.59,12.2,35.16
2,2612,Breeding,F25-2183,CIAT-BH-22-2046,Urochloa humidicola,Grass,59,2,3,137.0,4.68,12.7,39.13
2,2625,Breeding,F25-2174,CIAT-BH-22-2074,Urochloa humidicola,Grass,60,3,1,3.0,4.52,12.01,30.9
2,2626,Breeding,F25-2174,CIAT-BH-22-2074,Urochloa humidicola,Grass,60,3,2,4.0,4.91,13.21,38.3
2,2627,Breeding,F25-2174,CIAT-BH-22-2074,Urochloa humidicola,Grass,60,3,3,5.0,4.88,13.13,33.46
2,2634,Breeding,F25-2177,CIAT-BH-22-1872,Urochloa humidicola,Grass,60,3,1,12.0,4.95,13.85,16.56
2,2636,Breeding,F25-2177,CIAT-BH-22-1872,Urochloa humidicola,Grass,60,3,3,14.0,4.87,13.65,15.47
2,2650,Breeding,F25-2182,CIAT-BH-22-2508,Urochloa humidicola,Grass,60,3,2,28.0,5.23,13.62,26.78
2,2651,Breeding,F25-2182,CIAT-BH-22-2508,Urochloa humidicola,Grass,60,3,3,29.0,5.4,13.4,25.24
2,2667,Breeding,F25-2174,CIAT-BH-22-2074,Urochloa humidicola,Grass,61,4,1,3.0,3.61,15.46,56.29
2,2668,Breeding,F25-2174,CIAT-BH-22-2074,Urochloa humidicola,Grass,61,4,2,4.0,3.24,10.55,50.09
2,2669,Breeding,F25-2174,CIAT-BH-22-2074,Urochloa humidicola,Grass,61,4,3,5.0,3.6,11.18,51.96
2,2670,Breeding,F25-2175,CIAT-BH-22-0456,Urochloa humidicola,Grass,61,4,1,6.0,3.62,11.22,51.6
2,2671,Breeding,F25-2175,CIAT-BH-22-0456,Urochloa humidicola,Grass,61,4,2,7.0,3.51,11.01,48.52
2,2672,Breeding,F25-2175,CIAT-BH-22-0456,Urochloa humidicola,Grass,61,4,3,8.0,3.54,11.03,51.0
2,2673,Breeding,F25-2176,CIAT-BH-22-1832,Urochloa humidicola,Grass,61,4,1,9.0,3.57,10.98,46.23
2,2674,Breeding,F25-2176,CIAT-BH-22-1832,Urochloa humidicola,Grass,61,4,2,10.0,3.54,11.14,48.02
2,2675,Breeding,F25-2176,CIAT-BH-22-1832,Urochloa humidicola,Grass,61,4,3,11.0,3.62,11.28,50.56
2,2676,Breeding,F25-2177,CIAT-BH-22-1872,Urochloa humidicola,Grass,61,4,1,12.0,3.62,11.36,45.61
2,2677,Breeding,F25-2177,CIAT-BH-22-1872,Urochloa humidicola,Grass,61,4,2,13.0,3.51,11.06,49.88
2,2678,Breeding,F25-2177,CIAT-BH-22-1872,Urochloa humidicola,Grass,61,4,3,14.0,3.48,10.61,46.49
2,2679,Breeding,F25-2178,CIAT-BH-22-0071,Urochloa humidicola,Grass,61,4,1,15.0,3.15,9.75,45.5
2,2680,Breeding,F25-2178,CIAT-BH-22-0071,Urochloa humidicola,Grass,61,4,2,16.0,3.09,9.72,48.48
2,2681,Breeding,F25-2178,CIAT-BH-22-0071,Urochloa humidicola,Grass,61,4,3,17.0,3.26,10.11,43.58
2,2682,Breeding,F25-2179,CIAT-BH-22-4454,Urochloa humidicola,Grass,61,4,1,18.0,3.97,11.04,46.05
2,2683,Breeding,F25-2179,CIAT-BH-22-4454,Urochloa humidicola,Grass,61,4,2,19.0,3.94,11.01,44.41
2,2684,Breeding,F25-2179,CIAT-BH-22-4454,Urochloa humidicola,Grass,61,4,3,20.0,4.06,11.59,47.33
2,2687,Breeding,F25-2180,CIAT-BH-22-1267,Urochloa humidicola,Grass,61,4,1,23.0,3.82,11.4,41.4
2,2688,Breeding,F25-2180,CIAT-BH-22-1267,Urochloa humidicola,Grass,61,4,2,24.0,3.32,10.58,38.27
2,2689,Breeding,F25-2180,CIAT-BH-22-1267,Urochloa humidicola,Grass,61,4,3,25.0,3.13,10.63,40.0
2,2690,Breeding,F25-2181,CIAT-BH-22-1303,Urochloa humidicola,Grass,61,4,1,26.0,3.4,10.66,43.96
2,2691,Breeding,F25-2181,CIAT-BH-22-1303,Urochloa humidicola,Grass,61,4,2,27.0,3.31,10.88,51.94
2,2692,Breeding,F25-2181,CIAT-BH-22-1303,Urochloa humidicola,Grass,61,4,3,28.0,3.35,10.67,45.31
2,2693,Breeding,F25-2182,CIAT-BH-22-2508,Urochloa humidicola,Grass,61,4,1,29.0,3.77,10.75,49.49
2,2694,Breeding,F25-2182,CIAT-BH-22-2508,Urochloa humidicola,Grass,61,4,2,30.0,3.94,11.27,51.34
2,2695,Breeding,F25-2182,CIAT-BH-22-2508,Urochloa humidicola,Grass,61,4,3,31.0,3.91,11.44,51.87
2,2696,Breeding,F25-2183,CIAT-BH-22-2046,Urochloa humidicola,Grass,61,4,1,32.0,3.7,10.68,47.42
2,2697,Breeding,F25-2183,CIAT-BH-22-2046,Urochloa humidicola,Grass,61,4,2,33.0,3.59,10.68,44.52
2,2698,Breeding,F25-2183,CIAT-BH-22-2046,Urochloa humidicola,Grass,61,4,3,34.0,3.79,10.93,47.32
3,80,Breeding,F25-2096,CIAT-PM-21-4448,Megathyrsus maximus,Grass,46,1,1,80.0,5.54,11.9,46.59
3,81,Breeding,F25-2096,CIAT-PM-21-4448,Megathyrsus maximus,Grass,46,1,2,81.0,5.51,11.12,50.42
3,82,Breeding,F25-2096,CIAT-PM-21-4448,Megathyrsus maximus,Grass,46,1,3,82.0,5.38,10.94,50.15
3,83,Breeding,F25-2101,CIAT-CIAT-16071,Megathyrsus maximus,Grass,46,1,1,83.0,4.32,10.99,52.92
3,84,Breeding,F25-2101,CIAT-CIAT-16071,Megathyrsus maximus,Grass,46,1,2,84.0,5.19,12.17,41.99
3,85,Breeding,F25-2101,CIAT-CIAT-16071,Megathyrsus maximus,Grass,46,1,3,85.0,5.27,12.37,44.6
3,86,Breeding,F25-2105,CIAT-BR-09-4467,Brachiaria interespecifico,Grass,46,1,1,86.0,5.92,12.92,53.42
3,87,Breeding,F25-2105,CIAT-BR-09-4467,Brachiaria interespecifico,Grass,46,1,2,87.0,5.57,12.29,45.44
3,88,Breeding,F25-2105,CIAT-BR-09-4467,Brachiaria interespecifico,Grass,46,1,3,88.0,5.58,12.45,52.39
3,92,Breeding,F25-2170,CIAT-BH-22-0765,Urochloa humidicola,Grass,46,1,1,92.0,5.98,12.77,44.81
3,93,Breeding,F25-2170,CIAT-BH-22-0765,Urochloa humidicola,Grass,46,1,2,93.0,5.76,12.42,42.35
3,94,Breeding,F25-2170,CIAT-BH-22-0765,Urochloa humidicola,Grass,46,1,3,94.0,5.66,13.01,51.38
3,95,Breeding,F25-2171,CIAT-BH-22-2531,Urochloa humidicola,Grass,46,1,1,95.0,5.6,14.15,44.22
3,96,Breeding,F25-2171,CIAT-BH-22-2531,Urochloa humidicola,Grass,46,1,2,96.0,5.79,14.21,46.3
3,97,Breeding,F25-2171,CIAT-BH-22-2531,Urochloa humidicola,Grass,46,1,3,97.0,5.49,13.99,43.01
3,185,Breeding,F25-2096,CIAT-PM-21-4448,Megathyrsus maximus,Grass,47,2,1,185.0,4.46,12.54,27.53
3,186,Breeding,F25-2096,CIAT-PM-21-4448,Megathyrsus maximus,Grass,47,2,2,186.0,4.19,11.31,37.66
3,187,Breeding,F25-2096,CIAT-PM-21-4448,Megathyrsus maximus,Grass,47,2,3,187.0,4.35,12.08,30.32
3,188,Breeding,F25-2101,CIAT-CIAT-16071,Megathyrsus maximus,Grass,47,2,1,188.0,3.87,11.48,38.31
3,189,Breeding,F25-2101,CIAT-CIAT-16071,Megathyrsus maximus,Grass,47,2,2,189.0,4.19,12.52,43.48
3,190,Breeding,F25-2101,CIAT-CIAT-16071,Megathyrsus maximus,Grass,47,2,3,190.0,3.99,12.27,25.42
3,191,Breeding,F25-2105,CIAT-BR-09-4467,Brachiaria interespecifico,Grass,47,2,1,191.0,4.66,12.06,37.24
3,192,Breeding,F25-2105,CIAT-BR-09-4467,Brachiaria interespecifico,Grass,47,2,2,192.0,4.7,12.08,49.36
3,193,Breeding,F25-2105,CIAT-BR-09-4467,Brachiaria interespecifico,Grass,47,2,3,193.0,3.27,10.06,25.7
3,200,Breeding,F25-2171,CIAT-BH-22-2531,Urochloa humidicola,Grass,47,2,1,200.0,4.53,13.35,44.25
3,201,Breeding,F25-2171,CIAT-BH-22-2531,Urochloa humidicola,Grass,47,2,2,201.0,4.32,12.78,26.19
3,202,Breeding,F25-2171,CIAT-BH-22-2531,Urochloa humidicola,Grass,47,2,3,202.0,4.52,13.11,47.35
3,290,Breeding,F25-2096,CIAT-PM-21-4448,Megathyrsus maximus,Grass,48,3,1,80.0,3.71,12.57,37.62
3,291,Breeding,F25-2096,CIAT-PM-21-4448,Megathyrsus maximus,Grass,48,3,2,81.0,3.98,13.29,52.67
3,292,Breeding,F25-2096,CIAT-PM-21-4448,Megathyrsus maximus,Grass,48,3,3,82.0,3.88,12.76,48.74
3,293,Breeding,F25-2101,CIAT-CIAT-16071,Megathyrsus maximus,Grass,48,3,1,83.0,3.6,12.07,32.78
3,294,Breeding,F25-2101,CIAT-CIAT-16071,Megathyrsus maximus,Grass,48,3,2,84.0,3.59,12.17,19.18
3,295,Breeding,F25-2101,CIAT-CIAT-16071,Megathyrsus maximus,Grass,48,3,3,85.0,3.43,11.62,48.41
3,296,Breeding,F25-2105,CIAT-BR-09-4467,Brachiaria interespecifico,Grass,48,3,1,86.0,4.29,11.59,23.1
3,297,Breeding,F25-2105,CIAT-BR-09-4467,Brachiaria interespecifico,Grass,48,3,2,87.0,4.0,11.67,53.87
3,298,Breeding,F25-2105,CIAT-BR-09-4467,Brachiaria interespecifico,Grass,48,3,3,88.0,3.95,11.05,49.73
3,302,Breeding,F25-2170,CIAT-BH-22-0765,Urochloa humidicola,Grass,48,3,1,91.0,4.43,11.61,42.99
3,303,Breeding,F25-2170,CIAT-BH-22-0765,Urochloa humidicola,Grass,48,3,2,93.0,4.26,11.53,49.76
3,304,Breeding,F25-2170,CIAT-BH-22-0765,Urochloa humidicola,Grass,48,3,3,94.0,4.67,12.01,53.24
3,984,Breeding,F25-2629,CIAT-20692,Clitoria ternatea ,Herbaceous_legumes,55,1,1,129.0,7.56,13.52,62.31
3,985,Breeding,F25-2629,CIAT-20692,Clitoria ternatea ,Herbaceous_legumes,55,1,2,130.0,7.71,13.67,49.92
3,986,Breeding,F25-2629,CIAT-20692,Clitoria ternatea ,Herbaceous_legumes,55,1,3,131.0,7.42,13.56,51.57
3,987,Breeding,F25-2630,CIAT-20692,Clitoria ternatea ,Herbaceous_legumes,55,1,1,132.0,9.01,20.53,54.32
3,988,Breeding,F25-2630,CIAT-20692,Clitoria ternatea ,Herbaceous_legumes,55,1,2,133.0,9.33,15.22,51.74
3,989,Breeding,F25-2630,CIAT-20692,Clitoria ternatea ,Herbaceous_legumes,55,1,3,134.0,9.45,15.61,52.65
3,990,Breeding,F25-2631,CIAT-17768,Clitoria ternatea ,Herbaceous_legumes,55,1,1,135.0,6.96,12.87,28.58
3,991,Breeding,F25-2631,CIAT-17768,Clitoria ternatea ,Herbaceous_legumes,55,1,2,136.0,6.98,12.37,44.34
3,992,Breeding,F25-2631,CIAT-17768,Clitoria ternatea ,Herbaceous_legumes,55,1,3,137.0,6.78,12.34,27.87
3,993,Breeding,F25-2632,CIAT-17768,Clitoria ternatea ,Herbaceous_legumes,55,1,1,138.0,9.0,14.85,59.27
3,994,Breeding,F25-2632,CIAT-17768,Clitoria ternatea ,Herbaceous_legumes,55,1,2,139.0,9.1,15.24,59.67
3,995,Breeding,F25-2632,CIAT-17768,Clitoria ternatea ,Herbaceous_legumes,55,1,3,140.0,8.88,15.07,51.05
3,997,Breeding,F25-2633,CIAT-712,Clitoria ternatea ,Herbaceous_legumes,55,1,2,142.0,7.34,13.22,49.63
3,998,Breeding,F25-2633,CIAT-712,Clitoria ternatea ,Herbaceous_legumes,55,1,3,143.0,7.04,12.85,50.91
3,999,Breeding,F25-2634,CIAT-712,Clitoria ternatea ,Herbaceous_legumes,55,1,1,144.0,7.91,13.77,44.02
3,1000,Breeding,F25-2634,CIAT-712,Clitoria ternatea ,Herbaceous_legumes,55,1,2,145.0,7.87,14.34,52.41
3,1001,Breeding,F25-2634,CIAT-712,Clitoria ternatea ,Herbaceous_legumes,55,1,3,146.0,8.29,15.01,43.19
3,1002,Breeding,F25-2635,CIAT-9432,Clitoria ternatea ,Herbaceous_legumes,55,1,1,147.0,7.36,13.27,53.28
3,1003,Breeding,F25-2635,CIAT-9432,Clitoria ternatea ,Herbaceous_legumes,55,1,2,148.0,7.16,13.12,38.72
3,1004,Breeding,F25-2635,CIAT-9432,Clitoria ternatea ,Herbaceous_legumes,55,1,3,149.0,7.35,13.38,44.22
3,1005,Breeding,F25-2636,CIAT-9432,Clitoria ternatea ,Herbaceous_legumes,55,1,1,150.0,8.61,14.37,51.53
3,1006,Breeding,F25-2636,CIAT-9432,Clitoria ternatea ,Herbaceous_legumes,55,1,2,151.0,8.7,14.61,53.24
3,1007,Breeding,F25-2636,CIAT-9432,Clitoria ternatea ,Herbaceous_legumes,55,1,3,152.0,8.67,14.66,46.87
3,1008,Breeding,F25-2637,CIAT-17462,Leucaena leucocephala ,Shrub_Trees,55,1,1,153.0,3.5,8.83,41.85
3,1009,Breeding,F25-2637,CIAT-17462,Leucaena leucocephala ,Shrub_Trees,55,1,2,154.0,3.37,8.79,27.43
3,1010,Breeding,F25-2637,CIAT-17462,Leucaena leucocephala ,Shrub_Trees,55,1,3,155.0,3.35,8.47,36.69
3,1011,Breeding,F25-2638,,Tithonia diversifolia,Shrub_Trees,55,1,1,156.0,2.57,6.23,46.87
3,1012,Breeding,F25-2638,,Tithonia diversifolia,Shrub_Trees,55,1,2,157.0,2.59,6.33,46.98
3,1013,Breeding,F25-2638,,Tithonia diversifolia,Shrub_Trees,55,1,3,158.0,2.57,6.19,53.11
3,1016,Breeding,F25-2639,,Gliricidia sepium ,Shrub_Trees,55,1,1,161.0,5.99,12.31,50.32
3,1017,Breeding,F25-2639,,Gliricidia sepium ,Shrub_Trees,55,1,2,162.0,5.73,11.46,68.5
3,1018,Breeding,F25-2639,,Gliricidia sepium ,Shrub_Trees,55,1,3,163.0,5.62,11.87,62.12
3,1092,Breeding,F25-2629,CIAT-20692,Clitoria ternatea ,Herbaceous_legumes,55,2,1,21.0,6.97,13.64,53.48
3,1093,Breeding,F25-2629,CIAT-20692,Clitoria ternatea ,Herbaceous_legumes,55,2,2,22.0,6.89,13.56,52.68
3,1094,Breeding,F25-2629,CIAT-20692,Clitoria ternatea ,Herbaceous_legumes,55,2,3,23.0,7.05,13.62,57.04
3,1095,Breeding,F25-2630,CIAT-20692,Clitoria ternatea ,Herbaceous_legumes,55,2,1,24.0,8.28,15.09,57.75
3,1096,Breeding,F25-2630,CIAT-20692,Clitoria ternatea ,Herbaceous_legumes,55,2,2,25.0,8.48,15.52,55.45
3,1097,Breeding,F25-2630,CIAT-20692,Clitoria ternatea ,Herbaceous_legumes,55,2,3,26.0,8.24,15.16,56.26
3,1098,Breeding,F25-2631,CIAT-17768,Clitoria ternatea ,Herbaceous_legumes,55,2,1,27.0,6.35,12.63,50.63
3,1099,Breeding,F25-2631,CIAT-17768,Clitoria ternatea ,Herbaceous_legumes,55,2,2,28.0,6.12,12.4,46.1
3,1100,Breeding,F25-2631,CIAT-17768,Clitoria ternatea ,Herbaceous_legumes,55,2,3,29.0,6.38,12.53,48.37
3,1101,Breeding,F25-2632,CIAT-17768,Clitoria ternatea ,Herbaceous_legumes,55,2,1,30.0,7.91,14.74,62.5
3,1102,Breeding,F25-2632,CIAT-17768,Clitoria ternatea ,Herbaceous_legumes,55,2,2,31.0,8.12,14.79,60.74
3,1103,Breeding,F25-2632,CIAT-17768,Clitoria ternatea ,Herbaceous_legumes,55,2,3,32.0,7.93,14.63,55.95
3,1104,Breeding,F25-2633,CIAT-712,Clitoria ternatea ,Herbaceous_legumes,55,2,1,33.0,6.49,13.25,58.25
3,1105,Breeding,F25-2633,CIAT-712,Clitoria ternatea ,Herbaceous_legumes,55,2,2,34.0,6.63,13.18,49.89
3,1106,Breeding,F25-2633,CIAT-712,Clitoria ternatea ,Herbaceous_legumes,55,2,3,35.0,6.77,13.18,54.66
3,1107,Breeding,F25-2634,CIAT-712,Clitoria ternatea ,Herbaceous_legumes,55,2,1,36.0,7.2,13.88,56.28
3,1108,Breeding,F25-2634,CIAT-712,Clitoria ternatea ,Herbaceous_legumes,55,2,2,37.0,7.13,13.91,56.15
3,1109,Breeding,F25-2634,CIAT-712,Clitoria ternatea ,Herbaceous_legumes,55,2,3,38.0,6.94,13.67,54.44
3,1110,Breeding,F25-2635,CIAT-9432,Clitoria ternatea ,Herbaceous_legumes,55,2,1,39.0,6.44,12.94,47.35
3,1111,Breeding,F25-2635,CIAT-9432,Clitoria ternatea ,Herbaceous_legumes,55,2,2,40.0,6.44,12.77,49.05
3,1112,Breeding,F25-2635,CIAT-9432,Clitoria ternatea ,Herbaceous_legumes,55,2,3,41.0,6.51,12.84,54.21
3,1113,Breeding,F25-2636,CIAT-9432,Clitoria ternatea ,Herbaceous_legumes,55,2,1,42.0,8.01,14.47,54.74
3,1114,Breeding,F25-2636,CIAT-9432,Clitoria ternatea ,Herbaceous_legumes,55,2,2,43.0,7.78,14.24,48.77
3,1115,Breeding,F25-2636,CIAT-9432,Clitoria ternatea ,Herbaceous_legumes,55,2,3,44.0,7.78,14.02,54.02
3,1116,Breeding,F25-2637,CIAT-17462,Leucaena leucocephala ,Shrub_Trees,55,2,1,45.0,3.5,8.65,41.27
3,1117,Breeding,F25-2637,CIAT-17462,Leucaena leucocephala ,Shrub_Trees,55,2,2,46.0,3.1,8.0,33.2
3,1118,Breeding,F25-2637,CIAT-17462,Leucaena leucocephala ,Shrub_Trees,55,2,3,47.0,3.18,8.42,44.44
3,1119,Breeding,F25-2638,,Tithonia diversifolia,Shrub_Trees,55,2,1,48.0,2.39,6.28,51.44
3,1120,Breeding,F25-2638,,Tithonia diversifolia,Shrub_Trees,55,2,2,49.0,2.26,6.06,51.13
3,1121,Breeding,F25-2638,,Tithonia diversifolia,Shrub_Trees,55,2,3,50.0,2.27,5.93,54.73
3,1124,Breeding,F25-2639,,Gliricidia sepium ,Shrub_Trees,55,2,1,53.0,5.25,11.75,64.44
3,1125,Breeding,F25-2639,,Gliricidia sepium ,Shrub_Trees,55,2,2,54.0,5.12,11.5,67.92
3,1126,Breeding,F25-2639,,Gliricidia sepium ,Shrub_Trees,55,2,3,55.0,5.2,11.73,64.26
3,1200,Breeding,F25-2629,CIAT-20692,Clitoria ternatea ,Herbaceous_legumes,56,3,1,21.0,7.33,13.35,50.04
3,1201,Breeding,F25-2629,CIAT-20692,Clitoria ternatea ,Herbaceous_legumes,56,3,2,22.0,7.26,13.36,47.74
3,1202,Breeding,F25-2629,CIAT-20692,Clitoria ternatea ,Herbaceous_legumes,56,3,3,23.0,7.46,13.68,53.31
3,1203,Breeding,F25-2630,CIAT-20692,Clitoria ternatea ,Herbaceous_legumes,56,3,1,24.0,8.87,15.2,58.97
3,1204,Breeding,F25-2630,CIAT-20692,Clitoria ternatea ,Herbaceous_legumes,56,3,2,25.0,8.73,14.91,56.78
3,1205,Breeding,F25-2630,CIAT-20692,Clitoria ternatea ,Herbaceous_legumes,56,3,3,26.0,11.86,18.31,52.46
3,1206,Breeding,F25-2631,CIAT-17768,Clitoria ternatea ,Herbaceous_legumes,56,3,1,27.0,6.67,12.68,52.39
3,1207,Breeding,F25-2631,CIAT-17768,Clitoria ternatea ,Herbaceous_legumes,56,3,2,28.0,6.8,12.69,49.72
3,1208,Breeding,F25-2631,CIAT-17768,Clitoria ternatea ,Herbaceous_legumes,56,3,3,29.0,6.4,12.34,50.56
3,1209,Breeding,F25-2632,CIAT-17768,Clitoria ternatea ,Herbaceous_legumes,56,3,1,30.0,8.69,15.21,61.24
3,1210,Breeding,F25-2632,CIAT-17768,Clitoria ternatea ,Herbaceous_legumes,56,3,2,31.0,8.31,14.8,59.68
3,1211,Breeding,F25-2632,CIAT-17768,Clitoria ternatea ,Herbaceous_legumes,56,3,3,32.0,8.54,14.97,55.3
3,1212,Breeding,F25-2633,CIAT-712,Clitoria ternatea ,Herbaceous_legumes,56,3,1,33.0,6.92,13.24,59.48
3,1213,Breeding,F25-2633,CIAT-712,Clitoria ternatea ,Herbaceous_legumes,56,3,2,34.0,7.37,13.51,55.13
3,1214,Breeding,F25-2633,CIAT-712,Clitoria ternatea ,Herbaceous_legumes,56,3,3,35.0,7.01,13.33,57.76
3,1215,Breeding,F25-2634,CIAT-712,Clitoria ternatea ,Herbaceous_legumes,56,3,1,36.0,7.89,14.18,53.68
3,1216,Breeding,F25-2634,CIAT-712,Clitoria ternatea ,Herbaceous_legumes,56,3,2,37.0,7.63,14.04,51.42
3,1217,Breeding,F25-2634,CIAT-712,Clitoria ternatea ,Herbaceous_legumes,56,3,3,38.0,7.57,13.77,55.21
3,1218,Breeding,F25-2635,CIAT-9432,Clitoria ternatea ,Herbaceous_legumes,56,3,1,39.0,7.23,13.41,46.97
3,1219,Breeding,F25-2635,CIAT-9432,Clitoria ternatea ,Herbaceous_legumes,56,3,2,40.0,6.7,12.9,38.3
3,1220,Breeding,F25-2635,CIAT-9432,Clitoria ternatea ,Herbaceous_legumes,56,3,3,41.0,6.8,12.96,45.73
3,1221,Breeding,F25-2636,CIAT-9432,Clitoria ternatea ,Herbaceous_legumes,56,3,1,42.0,8.24,14.17,38.7
3,1222,Breeding,F25-2636,CIAT-9432,Clitoria ternatea ,Herbaceous_legumes,56,3,2,43.0,8.29,14.35,53.83
3,1223,Breeding,F25-2636,CIAT-9432,Clitoria ternatea ,Herbaceous_legumes,56,3,3,44.0,8.19,14.23,46.76
3,1224,Breeding,F25-2637,CIAT-17462,Leucaena leucocephala ,Shrub_Trees,56,3,1,45.0,3.88,9.34,40.66
3,1225,Breeding,F25-2637,CIAT-17462,Leucaena leucocephala ,Shrub_Trees,56,3,2,46.0,3.33,8.69,35.43
3,1226,Breeding,F25-2637,CIAT-17462,Leucaena leucocephala ,Shrub_Trees,56,3,3,47.0,3.19,8.55,42.73
3,1227,Breeding,F25-2638,,Tithonia diversifolia,Shrub_Trees,56,3,1,48.0,2.37,6.18,53.97
3,1228,Breeding,F25-2638,,Tithonia diversifolia,Shrub_Trees,56,3,2,49.0,2.26,5.94,48.44
3,1229,Breeding,F25-2638,,Tithonia diversifolia,Shrub_Trees,56,3,3,50.0,2.45,6.33,41.9
3,1232,Breeding,F25-2639,,Gliricidia sepium ,Shrub_Trees,56,3,1,53.0,5.38,12.0,49.41
3,1233,Breeding,F25-2639,,Gliricidia sepium ,Shrub_Trees,56,3,2,54.0,5.64,12.32,70.26
3,1234,Breeding,F25-2639,,Gliricidia sepium ,Shrub_Trees,56,3,3,55.0,5.05,10.61,40.17
4,1066,Breeding,F25-2104,CIAT-BR-06-1348,Brachiaria interespecifico,Grass,64,1,1,200.0,5.04,10.71,46.66
4,1067,Breeding,F25-2104,CIAT-BR-06-1348,Brachiaria interespecifico,Grass,64,1,2,201.0,5.3,12.8,52.84
4,1068,Breeding,F25-2104,CIAT-BR-06-1348,Brachiaria interespecifico,Grass,64,1,3,202.0,5.41,13.14,53.98
4,1069,Breeding,F25-2166,CIAT-BH-22-0528,Urochloa humidicola,Grass,64,1,1,203.0,4.42,12.61,43.12
4,1070,Breeding,F25-2166,CIAT-BH-22-0528,Urochloa humidicola,Grass,64,1,2,204.0,4.52,12.81,35.63
4,1071,Breeding,F25-2166,CIAT-BH-22-0528,Urochloa humidicola,Grass,64,1,3,205.0,4.62,12.89,44.43
4,1141,Breeding,F25-2104,CIAT-BR-06-1348,Brachiaria interespecifico,Grass,65,2,1,65.0,5.06,13.09,54.26
4,1142,Breeding,F25-2104,CIAT-BR-06-1348,Brachiaria interespecifico,Grass,65,2,2,66.0,5.25,13.32,50.72
4,1143,Breeding,F25-2166,CIAT-BH-22-0528,Urochloa humidicola,Grass,65,2,1,67.0,4.54,13.31,43.2
4,1144,Breeding,F25-2166,CIAT-BH-22-0528,Urochloa humidicola,Grass,65,2,2,68.0,4.27,12.44,45.82
4,1213,Breeding,F25-2104,CIAT-BR-06-1348,Brachiaria interespecifico,Grass,71,3,1,137.0,5.87,14.27,54.04
4,1214,Breeding,F25-2104,CIAT-BR-06-1348,Brachiaria interespecifico,Grass,71,3,2,138.0,5.1,13.63,69.56
4,1215,Breeding,F25-2166,CIAT-BH-22-0528,Urochloa humidicola,Grass,71,3,1,139.0,5.01,13.71,51.32
4,1216,Breeding,F25-2166,CIAT-BH-22-0528,Urochloa humidicola,Grass,71,3,2,140.0,4.69,13.04,38.84
