40g_no,40g_date,40g_requisitioner,40g_gene_bank_id,40g_genus,40g_species,40g_tax_name,40g_family,40g_order,40g_functional_group,40g_ciat_id,40g_set_ciat,40g_batch,40g_run,40g_replication,40g_syrange_no,40g_ch4_8h_percentage,40g_ch4_24h_percentage,40g_net_gas_8h_ml,40g_net_gas_24h_ml,40g_gas_ml_g_dm_incubated_24h,40g_percentage_dmd_truly_digestibility,40g_part_fact,40g_ch4_percentage_in_gas_8h,40g_ch4_percentage_in_gas_24h,40g_ch4_ml_g_dm_incubated_24h,40g_ch4_ml_g_dmd_24h,40g_ch4_ml_g_ndf_digested_in_24h,40g_ch4_g_g_dm_incubated_24h,40g_ch4_g_g_dmd_24h,40g_remarks2,40g_remarks_1
No,Date,Requisitioner,Gene Bank ID,Genus,Species,Tax Name,Family,Order,Functional Group,CIAT ID,Set CIAT,Batch,Run,Replication,Syrange No,CH4 8h %,"CH4 24h, %","Net gas 8h, ml","Net gas 24h, ml","Gas ml/g DM Incubated, 24h","% DMD, Truly digestibility",Part Fact,"CH4 % in gas, h8","CH4 % in gas, 24h","CH4 ml/gDM incubated, 24h","CH4 ml/g DMD, 24h",CH4 ml/g NDF digested in 24 h,"CH4 g/g DM incubated, 24h","CH4 g/g DMD, 24h",Remarks2,
3,45789,Genetic bank,ABC-32379-1,Desmanthus,pubescens,Desmanthus pubescens,Fabaceae,Fabales,Shrub,F24 3536,14,34,1,1,4,,,,,,,,,,,,,,,,
4,45789,Genetic bank,ABC-32379-1,Desmanthus,pubescens,Desmanthus pubescens,Fabaceae,Fabales,Shrub,F24 3536,14,34,1,2,5,13.4,18.3,28.46771732,59.2217021,127.4152359,51.16104819,4.015300668,13.4,15.94458281,20.31582781,39.70956133,273.271034,11.27563592,22.03949355,,
5,45789,Genetic bank,ABC-32379-1,Desmanthus,pubescens,Desmanthus pubescens,Fabaceae,Fabales,Shrub,F24 3536,14,34,1,3,6,13.3,18.4,28.9102207,58.77919872,126.3873745,52.97499896,4.19147871,13.3,15.89159348,20.08496777,37.91405033,252.5610572,11.1475046,21.04295389,,
6,45789,Genetic bank,ABC-32380-1,Desmanthus,pubescens,Desmanthus pubescens,Fabaceae,Fabales,Shrub,F24 3537,14,34,1,1,7,13.9,18.8,24.48518692,52.14164805,111.7273306,39.25259478,3.513249137,13.9,16.4990099,18.43390334,46.96225419,384.2727187,10.23113528,26.06486357,,
7,45789,Genetic bank,ABC-32380-1,Desmanthus,pubescens,Desmanthus pubescens,Fabaceae,Fabales,Shrub,F24 3537,14,34,1,2,8,13.4,18.8,26.25520043,52.58415142,112.6304774,34.41474045,3.055544221,13.4,16.10378682,18.13777198,52.70349781,522.5124359,10.06677725,29.25135311,,
8,45789,Genetic bank,ABC-32380-1,Desmanthus,pubescens,Desmanthus pubescens,Fabaceae,Fabales,Shrub,F24 3537,14,34,1,3,9,13.2,18.8,25.37019367,52.58415142,112.6755116,40.04541806,3.554048034,13.2,16.09817672,18.13870298,45.2953268,361.7512647,10.06729397,25.13969003,,
9,45789,Genetic bank,ABC-33249-1,Desmodium,velutinum,Desmodium velutinum,Fabaceae,Fabales,Shrub,F24 3538,14,34,1,1,10,15,18.3,31.56524097,62.76172912,134.7291624,39.61397509,2.940267303,15,16.64030552,22.41934425,56.59453311,438.9324952,12.44312394,31.41094502,,
10,45789,Genetic bank,ABC-33249-1,Desmodium,velutinum,Desmodium velutinum,Fabaceae,Fabales,Shrub,F24 3538,14,34,1,2,11,14.9,18.2,31.56524097,62.76172912,134.7561028,42.43608059,3.14910269,14.9,16.54030552,22.28907112,52.52386839,379.4915738,12.3708201,29.15165567,,
11,45789,Genetic bank,ABC-33249-1,Desmodium,velutinum,Desmodium velutinum,Fabaceae,Fabales,Shrub,F24 3538,14,34,1,3,12,15,18.4,32.00774435,63.64673588,136.6836377,37.87179212,2.770762673,15,16.69015064,22.81270502,60.23666625,491.9096739,12.66144597,33.43239193,,
12,45789,Genetic bank,ABC-398,Desmodium,incanum,Desmodium incanum,Fabaceae,Fabales,Herbaceous,F24 3612,14,34,1,1,13,14.4,18.7,26.25520043,56.56668183,123.2098147,36.35492363,2.950651596,14.4,16.7041721,20.58117949,56.61180779,-371.1534856,11.42291069,31.42053277,,
13,45789,Genetic bank,ABC-398,Desmodium,incanum,Desmodium incanum,Fabaceae,Fabales,Herbaceous,F24 3612,14,34,1,2,14,14.9,18.9,24.9276903,54.35416494,118.3669924,40.26572562,3.401769767,14.9,17.06553596,20.19996165,50.16664009,-522.5993943,11.2113282,27.84335318,,
14,45789,Genetic bank,ABC-398,Desmodium,incanum,Desmodium incanum,Fabaceae,Fabales,Herbaceous,F24 3612,14,34,1,3,15,14.6,18.8,24.9276903,55.23917169,120.2462008,38.52636441,3.203956895,14.6,16.9046729,20.32722692,52.7618612,-440.9278418,11.28196262,29.2837458,,
15,45789,Genetic bank,ABC-438,Centrosema,molle x acutifolium,Centrosema molle x acutifolium,Fabaceae,Fabales,Climber,F24 3613,14,34,1,1,16,14.8,18.4,28.02521394,53.0266548,113.202017,37.23648396,3.289383436,14.8,16.49735744,18.67534137,50.15334259,-2050.155259,10.36513756,27.83597284,,
16,45789,Genetic bank,ABC-438,Centrosema,molle x acutifolium,Centrosema molle x acutifolium,Fabaceae,Fabales,Climber,F24 3613,14,34,1,2,17,15.1,18.5,27.58271056,52.58415142,112.1676207,40.72095688,3.630366466,15.1,16.71654979,18.75055616,46.04645273,5776.794302,10.40688307,25.55657792,,
17,45789,Genetic bank,ABC-438,Centrosema,molle x acutifolium,Centrosema molle x acutifolium,Fabaceae,Fabales,Climber,F24 3613,14,34,1,3,18,14.5,18.5,28.9102207,54.35416494,115.9200834,40.58351319,3.500990683,14.5,16.3724559,18.97896454,46.76520844,6880.834289,10.53365367,25.95549977,,
18,45789,Genetic bank,ABC-442,Centrosema,molle x acutifolium,Centrosema molle x acutifolium,Fabaceae,Fabales,Climber,F24 3614,14,34,1,1,19,14.7,18.6,34.66276461,67.1867629,143.01326,37.88766198,2.649241195,14.7,16.58792536,23.72293282,62.61387371,-907.6923404,13.16663815,34.75178319,,
19,45789,Genetic bank,ABC-442,Centrosema,molle x acutifolium,Centrosema molle x acutifolium,Fabaceae,Fabales,Climber,F24 3614,14,34,1,2,20,15,18.8,35.99027475,68.51427303,145.7515551,47.62546361,3.26757842,15,16.80387513,24.49190933,51.42608065,2162.315245,13.59343341,28.54236449,,
20,45789,Genetic bank,ABC-442,Centrosema,molle x acutifolium,Centrosema molle x acutifolium,Fabaceae,Fabales,Climber,F24 3614,14,34,1,3,21,14.9,18.6,34.22026124,67.1867629,143.01326,40.76126227,2.850173631,14.9,16.7154775,23.9053493,58.64722525,-1585.398624,13.26788245,32.55022467,,
21,45789,Genetic bank,ABC-466,Vigna,umbellata,Vigna umbellata,Fabaceae,Fabales,Climber,F24 3615,14,34,1,1,22,14.5,19.1,43.51283217,85.3294014,183.9420848,62.72845474,3.410228541,14.5,16.75427831,30.81816881,49.12948826,824.0512852,17.10461688,27.26771598,,
22,45789,Genetic bank,ABC-466,Vigna,umbellata,Vigna umbellata,Fabaceae,Fabales,Climber,F24 3615,14,34,1,2,23,14.7,19,43.51283217,84.88689802,182.9516103,63.2100588,3.455015165,14.7,16.79582971,30.72824092,48.61289722,774.1547919,17.05470534,26.98099901,,
23,45789,Genetic bank,ABC-466,Vigna,umbellata,Vigna umbellata,Fabaceae,Fabales,Climber,F24 3615,14,34,1,3,24,14.7,19.1,43.95533555,84.88689802,182.8784881,67.66278224,3.69987651,14.7,16.82163336,30.76314877,45.46539139,504.7333868,17.0740798,25.23407882,,
24,45789,Genetic bank,ABC-715,Canavalia,ensiformis,Canavalia ensiformis,Fabaceae,Fabales,Climber,F24 3616,14,34,1,1,25,14.5,18.2,36.8752815,72.05430006,158.9933615,54.56657951,3.432003639,14.5,16.30644831,25.92617031,47.5129109,-1323.928837,14.38947307,26.37048757,,
25,45789,Genetic bank,ABC-715,Canavalia,ensiformis,Canavalia ensiformis,Fabaceae,Fabales,Climber,F24 3616,14,34,1,2,26,14.4,18.3,36.8752815,71.61179668,157.9222093,60.96700217,3.860571761,14.4,16.29176107,25.72830902,42.20038399,1805.176586,14.27965663,23.42194322,,
26,45789,Genetic bank,ABC-715,Canavalia,ensiformis,Canavalia ensiformis,Fabaceae,Fabales,Climber,F24 3616,14,34,1,3,27,14.5,18.2,39.08779839,75.1518237,165.8282859,58.93560198,3.554013819,14.5,16.27556428,26.98948927,45.7948818,7668.481253,14.97963349,25.4169517,,
27,45789,Genetic bank,ABC-887,Calopogonium,mucunoides,Calopogonium mucunoides,Fabaceae,Fabales,Climber,F24 3617,14,34,1,1,28,14.9,18.1,32.45024772,63.2042325,137.0773723,55.34439728,4.037456827,14.9,16.45705951,22.55890474,40.76095477,-8649.951034,12.52058242,22.6230351,,
28,45789,Genetic bank,ABC-887,Calopogonium,mucunoides,Calopogonium mucunoides,Fabaceae,Fabales,Climber,F24 3617,14,34,1,2,29,14.8,20,32.00774435,62.76172912,136.1721179,54.61054459,4.01040576,14.8,17.3480611,23.62322221,43.25762065,-3799.505186,13.11129703,24.00872786,,
29,45789,Genetic bank,ABC-887,Calopogonium,mucunoides,Calopogonium mucunoides,Fabaceae,Fabales,Climber,F24 3617,14,34,1,3,30,14.4,19.9,33.33525448,63.2042325,137.1322033,54.08982426,3.9443561,14.4,16.9991832,23.31135446,43.09748604,-2655.693542,12.93820504,23.91985039,,
30,45789,Genetic bank,ABC-923,Galactia,latisiliqua,Galactia latisiliqua,Fabaceae,Fabales,Climber,F24 3618,14,34,1,1,31,14.4,19.1,41.30031528,91.52444869,197.0795948,68.21729209,3.461408176,14.4,16.97912973,33.46240009,49.05266548,486.385241,18.57221098,27.225078,,
31,45789,Genetic bank,ABC-923,Galactia,latisiliqua,Galactia latisiliqua,Fabaceae,Fabales,Climber,F24 3618,14,34,1,2,32,14.2,18.9,42.18532204,91.96695207,197.9533035,58.69468533,2.965077333,14.2,16.74410585,33.14551068,56.47105951,1331.952321,18.39633188,31.34241504,,
32,45789,Genetic bank,ABC-923,Galactia,latisiliqua,Galactia latisiliqua,Fabaceae,Fabales,Climber,F24 3618,14,34,1,3,33,14.3,18.9,41.30031528,91.96695207,197.9928625,63.8748468,3.226118658,14.3,16.83424218,33.33059798,52.18110047,683.4541136,18.49905853,28.96141355,,
33,45789,Genetic bank,ABC-3813,Desmodium,sequax,Desmodium sequax,Fabaceae,Fabales,Herbaceous,F24 3619,14,34,1,1,34,14.4,19.2,18.732643,33.55650617,72.01500147,23.04151273,3.199543464,14.4,16.52043956,11.89719479,51.63374008,-138.4567174,6.603148944,28.65761906,,
34,45789,Genetic bank,ABC-3813,Desmodium,sequax,Desmodium sequax,Fabaceae,Fabales,Herbaceous,F24 3619,14,34,1,2,35,14.7,19.1,20.06015314,35.76902306,76.7785837,21.84555256,2.845266415,14.7,16.63237113,12.77009899,58.45628742,-140.9259,7.087625877,32.44425087,,
35,45789,Genetic bank,ABC-3813,Desmodium,sequax,Desmodium sequax,Fabaceae,Fabales,Herbaceous,F24 3619,14,34,1,3,36,14.9,19.2,18.29013963,33.99900955,72.96464984,25.08029028,3.437320721,14.9,16.8867679,12.32137107,49.12770517,-158.0363576,6.838574114,27.26672633,,
36,45789,Genetic bank,ABC-5512,Centrosema,brasilianum,Centrosema brasilianum,Fabaceae,Fabales,Climber,F24 3620,14,34,1,1,37,14.5,19.7,43.95533555,77.80684397,168.448223,62.65454685,3.719513673,14.5,16.76236967,28.23591383,45.06602514,669.2434274,15.67142069,25.01242364,,
37,45789,Genetic bank,ABC-5512,Centrosema,brasilianum,Centrosema brasilianum,Fabaceae,Fabales,Climber,F24 3620,14,34,1,2,38,14.6,19.6,43.95533555,76.47933384,165.7729139,60.35547849,3.640852842,14.6,16.72632594,27.7277179,45.94068111,880.3015892,15.38936315,25.49787284,,
38,45789,Genetic bank,ABC-5512,Centrosema,brasilianum,Centrosema brasilianum,Fabaceae,Fabales,Climber,F24 3620,14,34,1,3,39,14.7,19.7,42.62782542,76.92183722,166.6987232,57.84954855,3.470305438,14.7,16.92914669,28.22067138,48.78287227,1426.445428,15.66296086,27.0753381,,
39,45789,Genetic bank,ABC-5568,Centrosema,acutifolium,Centrosema acutifolium,Fabaceae,Fabales,Climber,F24 3621,14,34,1,1,40,14.3,19.1,34.66276461,68.51427303,149.5673254,42.60867394,2.848795606,14.3,16.67158235,24.93523981,58.52151102,6395.376054,13.8394895,32.4804511,,
40,45789,Genetic bank,ABC-5568,Centrosema,acutifolium,Centrosema acutifolium,Fabaceae,Fabales,Climber,F24 3621,14,34,1,2,41,14.9,19.1,35.10526799,68.07176966,148.6310505,48.07764807,3.234697454,14.9,16.9340195,25.16921108,52.3511696,1034.290498,13.9693476,29.05580486,,
41,45789,Genetic bank,ABC-5568,Centrosema,acutifolium,Centrosema acutifolium,Fabaceae,Fabales,Climber,F24 3621,14,34,1,3,42,14.8,19.2,35.10526799,68.07176966,148.5122644,44.19208221,2.975652036,14.8,16.93087757,25.14442967,56.8980424,2563.574215,13.95559349,31.57939793,,
42,45789,Genetic bank,ABC-5657,Centrosema,brasilianum,Centrosema brasilianum,Fabaceae,Fabales,Climber,F24 3622,14,34,1,1,43,13.2,18.8,38.20279164,69.84178317,152.0723419,58.06359499,3.818156165,13.2,15.73685322,23.93140124,41.21584487,491.9831454,13.28234173,22.87550698,,
43,45789,Genetic bank,ABC-5657,Centrosema,brasilianum,Centrosema brasilianum,Fabaceae,Fabales,Climber,F24 3622,14,34,1,2,44,12.9,18.9,40.41530853,72.05430006,156.9212175,44.50917406,2.836402544,12.9,15.5345957,24.37707671,54.76865663,-4054.400795,13.52969932,30.39755199,,
44,45789,Genetic bank,ABC-5657,Centrosema,brasilianum,Centrosema brasilianum,Fabaceae,Fabales,Climber,F24 3622,14,34,1,3,45,13.2,18.9,39.53030177,73.82431357,160.7759864,52.69777318,3.277714188,13.2,15.84785215,25.47954062,48.35031745,943.2637661,14.14158587,26.83526269,,
45,45789,Genetic bank,ABC-5744,Centrosema,macrocarpum,Centrosema macrocarpum,Fabaceae,Fabales,Climber,F24 3623,14,34,1,1,46,14.8,20,33.77775786,59.2217021,126.4729748,40.80158561,3.226111007,14.8,17.03412204,21.54356088,52.80079329,-2508.733654,11.95704901,29.30535378,,
46,45789,Genetic bank,ABC-5744,Centrosema,macrocarpum,Centrosema macrocarpum,Fabaceae,Fabales,Climber,F24 3623,14,34,1,2,47,15.2,20.1,33.33525448,59.2217021,126.4729748,33.94635797,2.68407998,15.2,17.34184309,21.93274484,64.6100087,-639.2128664,12.17305284,35.85967265,,
47,45789,Genetic bank,ABC-5744,Centrosema,macrocarpum,Centrosema macrocarpum,Fabaceae,Fabales,Climber,F24 3623,14,34,1,3,48,14.7,19.9,34.22026124,60.99171561,130.2790292,44.84817324,3.442470636,14.7,16.98246675,22.12459281,49.33220511,3352.729712,12.27953179,27.38022733,,
48,45789,Genetic bank,ABC-7131,Eriosema,diffusum,Eriosema diffusum,Fabaceae,Fabales,Herbaceous,F24 3624,14,34,1,1,49,14.8,18,17.40513287,34.8840163,75.58652453,20.76029382,2.746560177,14.8,16.40338266,12.39874686,59.72336889,-203.7452278,6.881519019,33.14750301,,
49,45789,Genetic bank,ABC-7131,Eriosema,diffusum,Eriosema diffusum,Fabaceae,Fabales,Herbaceous,F24 3624,14,34,1,2,50,14.4,17.7,19.61764976,39.30905008,85.1916885,26.24921861,3.081194782,14.4,16.05309568,13.67590327,52.10023001,-328.449513,7.590362922,28.91652904,,
50,45789,Genetic bank,ABC-7131,Eriosema,diffusum,Eriosema diffusum,Fabaceae,Fabales,Herbaceous,F24 3624,14,34,1,3,51,14.5,17.7,19.61764976,39.75155346,86.16791418,22.28933326,2.586732368,14.5,16.12077922,13.8909392,62.32101714,-250.1927007,7.709711586,34.58924273,,
53,45789,Genetic bank,ABC-7318,Canavalia,sp.,Canavalia sp.,Fabaceae,Fabales,Climber,F24 3625,14,34,1,1,54,13.1,18,41.30031528,86.21440816,186.4046746,54.22821957,2.909166291,13.1,15.65269461,29.17735445,53.80474351,-1232.58414,16.19393652,29.86256353,,
54,45789,Genetic bank,ABC-7318,Canavalia,sp.,Canavalia sp.,Fabaceae,Fabales,Climber,F24 3625,14,34,1,2,55,,,,,,,,,,,,,,,,
55,45789,Genetic bank,ABC-7318,Canavalia,sp.,Canavalia sp.,Fabaceae,Fabales,Climber,F24 3625,14,34,1,3,56,13.1,18,37.31778488,79.13435411,171.2679453,58.22962883,3.39991402,13.1,15.68928239,26.87071157,46.14611515,-9938.586256,14.91370981,25.61189228,,
56,45789,Genetic bank,ABC-7395,Galactia,striata,Galactia striata,Fabaceae,Fabales,Climber,F24 3626,14,34,1,1,57,13.1,18.6,33.77775786,72.93930681,158.8802189,43.23474291,2.721216223,13.1,16.05298281,25.50501422,58.99194145,-639.0440248,14.15572416,32.74154813,,
57,45789,Genetic bank,ABC-7395,Galactia,striata,Galactia striata,Fabaceae,Fabales,Climber,F24 3626,14,34,1,2,58,13.3,18.1,34.66276461,75.59432708,164.729349,58.6402424,3.559793246,13.3,15.89902439,26.19035938,44.66277475,871.6234418,14.53610257,24.7886127,,
58,45789,Genetic bank,ABC-7395,Galactia,striata,Galactia striata,Fabaceae,Fabales,Climber,F24 3626,14,34,1,3,59,13.3,17.9,33.33525448,72.05430006,157.0465846,30.79900773,1.961138334,13.3,15.77185261,24.76915585,80.42192809,-256.8559292,13.74731003,44.63556147,,
59,45789,Genetic bank,ABC-7648,Canavalia,brasiliensis,Canavalia brasiliensis,Fabaceae,Fabales,Climber,F24 3627,14,34,1,1,60,13.2,19.1,39.53030177,78.24934735,169.999017,65.17435179,3.833807567,13.2,16.11941565,27.40284815,42.04544793,850.4773296,15.20905482,23.33595103,,
60,45789,Genetic bank,ABC-7648,Canavalia,brasiliensis,Canavalia brasiliensis,Fabaceae,Fabales,Climber,F24 3627,14,34,1,2,61,13.4,18.9,38.20279164,76.92183722,166.9814837,62.90112588,3.766952149,13.4,16.16845638,26.99832835,42.9218523,1341.427216,14.98453933,23.82237062,,
61,45789,Genetic bank,ABC-7648,Canavalia,brasiliensis,Canavalia brasiliensis,Fabaceae,Fabales,Climber,F24 3627,14,34,1,3,62,,,,,,,,,,,,,,,Eliminado dig 27%,
62,45789,Genetic bank,ABC-7746,Crotalaria,paulina,Crotalaria paulina,Fabaceae,Fabales,Herbaceous,F24 3628,14,34,1,1,63,13.2,17.8,35.99027475,73.82431357,160.1908116,57.03613192,3.560512076,13.2,15.55744256,24.9215935,43.69439627,51445.10272,13.83191556,24.25114589,,
63,45789,Genetic bank,ABC-7746,Crotalaria,paulina,Crotalaria paulina,Fabaceae,Fabales,Herbaceous,F24 3628,14,34,1,2,64,13.3,18.4,37.76028826,74.70932033,162.1759736,49.33447116,3.042033297,13.3,15.82230997,25.65998524,52.01228398,-669.2513898,14.24173575,28.86771748,,
64,45789,Genetic bank,ABC-7746,Crotalaria,paulina,Crotalaria paulina,Fabaceae,Fabales,Herbaceous,F24 3628,14,34,1,3,65,13.2,18,36.43277813,73.38181019,159.326108,67.80120066,4.255498456,13.2,15.61688442,24.88177414,36.69813203,454.3379405,13.80981513,20.36809819,,
65,45789,Genetic bank,ABC-7813,Indigofera,cryptantha,Indigofera cryptantha,Fabaceae,Fabales,Herbaceous,F24 3629,14,34,1,1,66,14.2,20.6,43.95533555,94.17946896,208.6705171,46.00414977,2.204631034,14.2,17.61299922,36.75313654,79.89091575,-218.5170971,20.39862664,44.34084044,,
66,45789,Genetic bank,ABC-7813,Indigofera,cryptantha,Indigofera cryptantha,Fabaceae,Fabales,Herbaceous,F24 3629,14,34,1,2,67,14.2,20.5,42.62782542,91.96695207,203.9312292,73.92290164,3.624893644,14.2,17.57987169,35.85084843,48.49762067,1074.65844,19.89784113,26.91701853,,
67,45789,Genetic bank,ABC-7813,Indigofera,cryptantha,Indigofera cryptantha,Fabaceae,Fabales,Herbaceous,F24 3629,14,34,1,3,69,,,,,,,,,,,,,,,Eliminado 40.3%,
68,45789,Genetic bank,ABC-7831,Tephrosia,rhodesica,Tephrosia rhodesica,Fabaceae,Fabales,Shrub,F24 3630,14,34,1,1,70,14.9,21.5,38.20279164,77.80684397,166.2628217,50.95891875,3.064961741,14.9,18.25943128,30.35864567,59.57474455,2524.937766,16.84957358,33.06501393,,
69,45789,Genetic bank,ABC-7831,Tephrosia,rhodesica,Tephrosia rhodesica,Fabaceae,Fabales,Shrub,F24 3630,14,34,1,2,71,15,21.6,39.08779839,77.80684397,166.2628217,40.78743523,2.453190365,15,18.28436019,30.40009318,74.53298548,-1020.0381,16.87257767,41.36709644,,
70,45789,Genetic bank,ABC-7831,Tephrosia,rhodesica,Tephrosia rhodesica,Fabaceae,Fabales,Shrub,F24 3630,14,34,1,3,72,15.3,21.5,38.20279164,77.3643406,165.2841943,61.4159117,3.715776452,15.3,18.43841754,30.47578987,49.62197748,553.974406,16.91459064,27.54105601,,
71,45789,Genetic bank,ABC-7894,Canavalia,brasiliensis,Canavalia brasiliensis,Fabaceae,Fabales,Climber,F24 3631,14,34,1,1,73,12.7,18.5,37.76028826,76.47933384,163.8134884,42.01791638,2.564985142,12.7,15.63635487,25.61445837,60.96080095,-286.8026591,14.21646755,33.83429921,,
72,45789,Genetic bank,ABC-7894,Canavalia,brasiliensis,Canavalia brasiliensis,Fabaceae,Fabales,Climber,F24 3631,14,34,1,2,74,13.2,18.5,37.76028826,76.47933384,163.7480023,61.86745133,3.77821106,13.2,15.88322083,26.0084568,42.03899829,1783.244951,14.4351435,23.33237137,,
73,45789,Genetic bank,ABC-7894,Canavalia,brasiliensis,Canavalia brasiliensis,Fabaceae,Fabales,Climber,F24 3631,14,34,1,3,75,,,,,,,,,,,,,,,Eliminado 24.57%DMD,
74,45789,Genetic bank,ABC-7991,Indigofera,suffruticosa,Indigofera suffruticosa,Fabaceae,Fabales,Herbaceous,F24 3632,14,34,1,1,76,17,20.5,28.9102207,64.97424601,139.6779436,29.9398691,2.143492977,17,18.94267877,26.45874417,88.37294537,-155.5277786,14.68506078,49.04851362,,
75,45789,Genetic bank,ABC-7991,Indigofera,suffruticosa,Indigofera suffruticosa,Fabaceae,Fabales,Herbaceous,F24 3632,14,34,1,2,77,16.7,20.2,28.9102207,65.41674939,140.6573212,24.18490386,1.719420195,16.7,18.65321308,26.23710983,108.4854832,-130.0181736,14.56204988,60.21132011,,
76,45789,Genetic bank,ABC-7991,Indigofera,suffruticosa,Indigofera suffruticosa,Fabaceae,Fabales,Herbaceous,F24 3632,14,34,1,3,78,16.8,20.2,28.02521394,64.97424601,139.7896859,46.12736661,3.299768957,16.8,18.73348468,26.18747939,56.77211017,-322.4659024,14.53450413,31.50950336,,
77,45789,Genetic bank,ABC-8202,Chamaecrista,rotundifolia,Chamaecrista rotundifolia,Fabaceae,Fabales,Herbaceous,F24 3633,14,34,1,1,79,14.2,19.6,44.39783893,73.38181019,158.2713327,54.8146276,3.463332661,14.2,16.33286432,25.85024204,47.1593864,7022.01409,14.34733157,26.17427536,,
78,45789,Genetic bank,ABC-8202,Chamaecrista,rotundifolia,Chamaecrista rotundifolia,Fabaceae,Fabales,Herbaceous,F24 3633,14,34,1,2,80,13.7,20.1,45.28284569,76.03683046,163.9322122,44.74279669,2.729347459,13.7,16.2885548,26.70218823,59.67930081,-613.0503003,14.82017644,33.12304446,,
79,45789,Genetic bank,ABC-8202,Chamaecrista,rotundifolia,Chamaecrista rotundifolia,Fabaceae,Fabales,Herbaceous,F24 3633,14,34,1,3,81,13.6,19.5,45.72534906,75.59432708,163.0759218,44.66651723,2.739001364,13.6,15.93121951,25.97998308,58.16433581,-591.2556657,14.41934009,32.28221268,,
80,45789,Genetic bank,ABC-9189,Indigofera,suffruticosa,Indigofera suffruticosa,Fabaceae,Fabales,Herbaceous,F24 3634,14,34,1,1,82,15.9,21.1,35.10526799,69.39927979,150.4096833,59.73139889,3.971246904,15.9,18.4696068,27.78007709,46.50833164,-5848.58432,15.41842341,25.8129287,,
81,45789,Genetic bank,ABC-9189,Indigofera,suffruticosa,Indigofera suffruticosa,Fabaceae,Fabales,Herbaceous,F24 3634,14,34,1,2,83,,,,,,,,,,,,,,,,
82,45789,Genetic bank,ABC-9189,Indigofera,suffruticosa,Indigofera suffruticosa,Fabaceae,Fabales,Herbaceous,F24 3634,14,34,1,3,84,16,21.6,35.54777137,68.51427303,148.5509849,53.14572217,3.5776082,16,18.69451023,27.77087907,52.25421338,-677.5358901,15.41331835,29.00199248,,
83,45789,Genetic bank,ABC-9434,Clitoria,ternatea,Clitoria ternatea,Fabaceae,Fabales,Climber,F24 3635,14,34,1,1,85,15.2,18.5,41.30031528,84.44439464,185.9610167,56.74935699,3.051680293,15.2,16.8860262,31.401426,55.33353621,1536.522152,17.42833471,30.71106993,,
84,45789,Genetic bank,ABC-9434,Clitoria,ternatea,Clitoria ternatea,Fabaceae,Fabales,Climber,F24 3635,14,34,1,2,86,15,18.5,41.74281866,85.77190478,188.8466746,38.61573552,2.04481946,15,16.7966466,31.71990856,82.14244305,-501.0074528,17.60509804,45.59047704,,
85,45789,Genetic bank,ABC-9434,Clitoria,ternatea,Clitoria ternatea,Fabaceae,Fabales,Climber,F24 3635,14,34,1,3,87,15,18.4,40.85781191,84.44439464,185.8867066,52.32003165,2.814619324,15,16.7549345,31.14519593,59.52824367,-1357662.148,17.28612258,33.03920514,,
86,45789,Genetic bank,ABC-11162,Stylosanthes,scabra,Stylosanthes scabra,Fabaceae,Fabales,Herbaceous,F24 3636,14,34,1,1,89,12.7,18.2,43.51283217,86.65691153,189.3935784,45.75448706,2.415841521,12.7,15.43829787,29.23914479,63.90443138,-2412.128701,16.22823122,35.46806503,,
87,45789,Genetic bank,ABC-11162,Stylosanthes,scabra,Stylosanthes scabra,Fabaceae,Fabales,Herbaceous,F24 3636,14,34,1,2,90,12.5,18.6,46.16785244,89.3119318,195.1572672,42.946523,2.200611005,12.5,15.44673823,30.14543221,70.19295186,-1253.047647,16.73123642,38.95830269,,
88,45789,Genetic bank,ABC-11162,Stylosanthes,scabra,Stylosanthes scabra,Fabaceae,Fabales,Herbaceous,F24 3636,14,34,1,3,91,12.4,18.3,43.0703288,85.86040545,187.5777832,62.77299869,3.346504987,12.4,15.34037107,28.77512799,45.83997673,477.7945177,15.97069387,25.44198016,,
89,45789,Genetic bank,ABC-13301,Desmodium,sequax,Desmodium sequax,Fabaceae,Fabales,Herbaceous,F24 3637,14,34,1,1,92,14.1,20.1,23.15767678,39.75155346,85.79851274,22.64406221,2.639213839,14.1,16.60463822,14.24653264,62.91509228,-207.8315002,7.907072093,34.91896471,,
90,45789,Genetic bank,ABC-13301,Desmodium,sequax,Desmodium sequax,Fabaceae,Fabales,Herbaceous,F24 3637,14,34,1,2,93,,,,,,,,,,,,,,,,
91,45789,Genetic bank,ABC-13301,Desmodium,sequax,Desmodium sequax,Fabaceae,Fabales,Herbaceous,F24 3637,14,34,1,3,94,,,,,,,,,,,,,,,,
92,45789,Genetic bank,ABC-15401,Centrosema,brasilianum,Centrosema brasilianum,Fabaceae,Fabales,Climber,F24 3638,14,34,1,1,96,13.9,19.3,44.39783893,75.1518237,161.2267604,50.33521051,3.122013391,13.9,16.10981354,25.97333049,51.6007189,-242434.4076,14.41564779,28.63929174,,
93,45789,Genetic bank,ABC-15401,Centrosema,brasilianum,Centrosema brasilianum,Fabaceae,Fabales,Climber,F24 3638,14,34,1,2,97,,,,,,,,,,,,,,,Eliminado 25.11%DMD,
94,45789,Genetic bank,ABC-15401,Centrosema,brasilianum,Centrosema brasilianum,Fabaceae,Fabales,Climber,F24 3638,14,34,1,3,98,13.8,19.8,43.0703288,72.05430006,154.5814965,53.46741754,3.458849781,13.8,16.21351075,25.06308755,46.8754406,1866.247022,13.91044721,26.01668053,,
95,45789,LMF,Hohenheimer Heustandard,Hohenheimer, Heustandard,Hohenheimer Heustandard,Forage,Forage,Forage,F25 0017,14,34,1,1,100,,,,,,,,,,,,,,,Eliminado DMD,
96,45789,LMF,Hohenheimer Heustandard,Hohenheimer, Heustandard,Hohenheimer Heustandard,Forage,Forage,Forage,F25 0017,14,34,1,2,101,15.7,19.4,21.38766327,44.61909062,195.3345871,39.14822728,2.004162594,15.7,17.62644628,34.43054607,87.94918304,#DIV/0!,19.10954875,48.8133182,,
97,45789,LMF,Hohenheimer Heustandard,Hohenheimer, Heustandard,Hohenheimer Heustandard,Forage,Forage,Forage,F25 0017,14,34,1,3,102,15.4,19.4,21.38766327,44.17658724,193.2428522,40.55289182,2.098545502,15.4,17.46343907,33.74684773,83.21687115,#DIV/0!,18.73008435,46.18680323,,
98,45789,LMF,Homenheim Concentrate,Homenheim, Concentrate,Homenheim Concentrate,Concentrate,Concentrate,Concentrate,F25 0018,14,34,1,1,103,15.6,20.2,26.69770381,49.48662778,220.6931414,14.68685613,0.665487656,15.6,17.71833085,39.10314096,266.2458228,#DIV/0!,21.70291976,147.771038,,
99,45789,LMF,Homenheim Concentrate,Homenheim, Concentrate,Homenheim Concentrate,Concentrate,Concentrate,Concentrate,F25 0018,14,34,1,2,104,,,,,,,,,,,,,,,Eliminado DMD,
100,45789,LMF,Homenheim Concentrate,Homenheim, Concentrate,Homenheim Concentrate,Concentrate,Concentrate,Concentrate,F25 0018,14,34,1,3,105,15.6,20.1,26.25520043,51.69914467,230.3758962,52.18618447,2.265262353,15.6,17.8146933,41.04075933,78.64295838,#DIV/0!,22.77833148,43.6482025,,
101,45789,LMF,Sample 8,Cynodon, nlemfuensis ,Cynodon nlemfuensis ,Poaceae,Poales,Grasses,F25 0008,14,34,1,1,106,,,,,,,,,,,,,,,Eliminado DMD,
102,45789,LMF,Sample 8,Cynodon, nlemfuensis ,Cynodon nlemfuensis ,Poaceae,Poales,Grasses,F25 0008,14,34,1,2,107,15.4,18.7,20.06015314,55.23917169,117.7262632,12.53515041,1.064770941,15.4,17.50160214,20.6039822,164.3696448,-644.1010242,11.43556659,91.2279966,,
103,45789,LMF,Sample 8,Cynodon, nlemfuensis ,Cynodon nlemfuensis ,Poaceae,Poales,Grasses,F25 0008,14,34,1,3,108,15.8,18.7,20.06015314,57.45168858,122.564018,36.04244974,2.940703995,15.8,17.68741977,21.67841235,60.1468893,639.0755579,12.03189391,33.38256417,,
108,45791,Genetic bank,ABC-32379-1,Desmanthus,pubescens,Desmanthus pubescens,Fabaceae,Fabales,Shrub,F24 3536,14,35,2,1,113,12.1,16.8,28.68896901,56.23480429,120.9164029,53.49104835,4.423804139,12.1,14.40222951,17.41465785,32.55620967,214.9636255,9.6654364,18.06925962,,
109,45791,Genetic bank,ABC-32379-1,Desmanthus,pubescens,Desmanthus pubescens,Fabaceae,Fabales,Shrub,F24 3536,14,35,2,2,114,12.5,16.2,30.45898252,59.33232794,127.6277265,53.66604811,4.204889453,12.5,14.30055935,18.25147878,34.00935866,223.8101201,10.12988649,18.87578245,,
110,45791,Genetic bank,ABC-32379-1,Desmanthus,pubescens,Desmanthus pubescens,Fabaceae,Fabales,Shrub,F24 3536,14,35,2,3,115,12.4,16.5,29.13147239,57.56231443,123.7213739,52.43495625,4.23814856,12.4,14.42504805,17.84686763,34.03620199,228.9880242,9.905320301,18.89068097,,
111,45791,Genetic bank,ABC-32380-1,Desmanthus,pubescens,Desmanthus pubescens,Fabaceae,Fabales,Shrub,F24 3537,14,35,2,1,116,12.6,16.9,26.47645212,53.13728065,113.8607379,41.20251149,3.618675959,12.6,14.7574601,16.80295296,40.78138044,315.1986203,9.325929603,22.6343717,,
112,45791,Genetic bank,ABC-32380-1,Desmanthus,pubescens,Desmanthus pubescens,Fabaceae,Fabales,Shrub,F24 3537,14,35,2,2,117,12.6,16.9,25.59144536,52.69477727,112.9577219,43.19399786,3.823908373,12.6,14.81168649,16.73094364,38.7344179,284.6143558,9.285963183,21.49827208,,
113,45791,Genetic bank,ABC-32380-1,Desmanthus,pubescens,Desmanthus pubescens,Fabaceae,Fabales,Shrub,F24 3537,14,35,2,3,118,12.9,16.6,26.9189555,54.0222874,115.8034028,44.52304394,3.844709471,12.9,14.75631399,17.08831373,38.38082983,273.7435297,9.484309766,21.30202458,,
114,45791,Genetic bank,ABC-33249-1,Desmodium,velutinum,Desmodium velutinum,Fabaceae,Fabales,Shrub,F24 3538,14,35,2,1,119,14.4,16.2,31.34398928,62.42985159,133.9363988,47.07322099,3.514595092,14.4,15.2962788,20.48728497,43.52216512,287.5732905,11.37079761,24.15555462,,
115,45791,Genetic bank,ABC-33249-1,Desmodium,velutinum,Desmodium velutinum,Fabaceae,Fabales,Shrub,F24 3538,14,35,2,2,120,14.2,16.2,30.9014859,61.54484483,132.1433229,45.29173195,3.427470336,14.2,15.19580587,20.08024282,44.33533884,302.0867481,11.14488218,24.6068801,,
116,45791,Genetic bank,ABC-33249-1,Desmodium,velutinum,Desmodium velutinum,Fabaceae,Fabales,Shrub,F24 3538,14,35,2,3,121,14.1,16.4,30.9014859,61.10234145,131.1932211,43.23050992,3.295178633,14.1,15.23681352,19.98966646,46.23971934,328.3095714,11.09461072,25.66384423,,
117,45791,Genetic bank,ABC-398,Desmodium,incanum,Desmodium incanum,Fabaceae,Fabales,Herbaceous,F24 3612,14,35,2,1,122,13.7,16,26.03394874,55.79230092,121.5231093,38.11921219,3.136787104,13.7,14.92676801,18.1394726,47.58616864,-378.877981,10.06772112,26.41114689,,
118,45791,Genetic bank,ABC-398,Desmodium,incanum,Desmodium incanum,Fabaceae,Fabales,Herbaceous,F24 3612,14,35,2,2,123,13.5,16.2,26.03394874,56.23480429,122.3890688,34.22938505,2.796768158,13.5,14.95003279,18.29720592,53.45467319,-283.5610673,10.15526584,29.66826844,,
119,45791,Genetic bank,ABC-398,Desmodium,incanum,Desmodium incanum,Fabaceae,Fabales,Herbaceous,F24 3612,14,35,2,3,124,13.9,16.1,24.70643861,54.0222874,117.6207531,37.36012987,3.17632126,13.9,15.09385666,17.75350787,47.51993082,-347.3209873,9.853504022,26.37438375,,
120,45791,Genetic bank,ABC-438,Centrosema,molle x acutifolium,Centrosema molle x acutifolium,Fabaceae,Fabales,Climber,F24 3613,14,35,2,1,125,14,16.5,27.36145888,49.59725362,105.8385497,38.07248409,3.597222769,14,15.12081784,16.00365431,42.03469959,-2605.650106,8.882305023,23.32998552,,
121,45791,Genetic bank,ABC-438,Centrosema,molle x acutifolium,Centrosema molle x acutifolium,Fabaceae,Fabales,Climber,F24 3613,14,35,2,2,126,14.3,16.5,27.36145888,50.48226038,107.7055861,36.78340682,3.415180971,14.3,15.30759679,16.48713684,44.8222127,-1539.466468,9.150646192,24.87710352,,
122,45791,Genetic bank,ABC-438,Centrosema,molle x acutifolium,Centrosema molle x acutifolium,Fabaceae,Fabales,Climber,F24 3613,14,35,2,3,127,14.2,16.6,27.80396225,50.92476376,108.6714031,33.59116833,3.091077079,14.2,15.28964518,16.61547195,49.46381081,-754.2709201,9.221874398,27.45327078,,
123,45791,Genetic bank,ABC-442,Centrosema,molle x acutifolium,Centrosema molle x acutifolium,Fabaceae,Fabales,Climber,F24 3614,14,35,2,1,128,14.4,17,35.32651968,65.52737523,139.5089956,44.5177773,3.191032744,14.4,15.59831176,21.76104807,48.88170386,-34855.46869,12.07775817,27.13019135,,
124,45791,Genetic bank,ABC-442,Centrosema,molle x acutifolium,Centrosema molle x acutifolium,Fabaceae,Fabales,Climber,F24 3614,14,35,2,2,129,14.5,16.9,33.99900955,63.31485834,134.7715518,35.41849433,2.628039363,14.5,15.61124054,21.03951113,59.40261304,-590.396303,11.67729268,32.96947797,,
125,45791,Genetic bank,ABC-442,Centrosema,molle x acutifolium,Centrosema molle x acutifolium,Fabaceae,Fabales,Climber,F24 3614,14,35,2,3,130,14.4,16.9,34.8840163,65.96987861,140.3388224,46.71071744,3.328424497,14.4,15.57803242,21.86202726,46.80302178,2799.567618,12.13380336,25.97648683,,
126,45791,Genetic bank,ABC-466,Vigna,umbellata,Vigna umbellata,Fabaceae,Fabales,Climber,F24 3615,14,35,2,1,131,14.2,17.3,44.61909062,83.22751035,179.3035394,55.79215799,3.11160383,14.2,15.63805937,28.03959394,50.2572314,6615.721004,15.56245975,27.89363293,,
127,45791,Genetic bank,ABC-466,Vigna,umbellata,Vigna umbellata,Fabaceae,Fabales,Climber,F24 3615,14,35,2,2,132,14,17.3,45.50409738,83.67001373,180.2208437,63.10287384,3.501419289,14,15.50528867,27.94376206,44.28286758,713.6361757,15.5092714,24.57775765,,
128,45791,Genetic bank,ABC-466,Vigna,umbellata,Vigna umbellata,Fabaceae,Fabales,Climber,F24 3615,14,35,2,3,133,14,17.4,44.61909062,84.11251711,181.2826338,60.08496127,3.314435587,14,15.59640509,28.27357392,47.05599091,1142.054987,15.69232269,26.11688907,,
129,45791,Genetic bank,ABC-715,Canavalia,ensiformis,Canavalia ensiformis,Fabaceae,Fabales,Climber,F24 3616,14,35,2,1,134,13.6,16.6,37.09653319,69.50990563,153.3789592,50.969859,3.323132407,13.6,14.99893899,23.00521652,45.13494245,-595.9699655,12.76829318,25.05067394,,
130,45791,Genetic bank,ABC-715,Canavalia,ensiformis,Canavalia ensiformis,Fabaceae,Fabales,Climber,F24 3616,14,35,2,2,135,13.5,16.6,37.53903657,71.72242253,158.2294086,59.91451135,3.786559774,13.5,14.97748072,23.69877916,39.5543227,2725.870552,13.15323245,21.95333343,,
131,45791,Genetic bank,ABC-715,Canavalia,ensiformis,Canavalia ensiformis,Fabaceae,Fabales,Climber,F24 3616,14,35,2,3,136,13.5,16.7,39.30905008,72.1649259,159.2693134,49.0840874,3.081829534,13.5,14.95692386,23.82178994,48.53261251,-490.3368453,13.22150556,26.93643961,,
132,45791,Genetic bank,ABC-887,Calopogonium,mucunoides,Calopogonium mucunoides,Fabaceae,Fabales,Climber,F24 3617,14,35,2,1,137,13.9,17.7,33.55650617,62.42985159,135.3708313,49.80230347,3.678953804,13.9,15.65747194,21.19564993,42.55957747,-710.2595544,11.76395242,23.62130182,,
133,45791,Genetic bank,ABC-887,Calopogonium,mucunoides,Calopogonium mucunoides,Fabaceae,Fabales,Climber,F24 3617,14,35,2,2,138,14,17.7,33.11400279,61.10234145,132.412902,50.11410478,3.784684425,14,15.6948099,20.78195325,41.46926966,-734.5285051,11.5343436,23.01616212,,
134,45791,Genetic bank,ABC-887,Calopogonium,mucunoides,Calopogonium mucunoides,Fabaceae,Fabales,Climber,F24 3617,14,35,2,3,139,14.3,17.5,33.99900955,61.98734821,134.4650753,57.80839493,4.299138255,14.3,15.74485425,21.17133013,36.62327964,2227.439137,11.75045451,20.32655382,,
135,45791,Genetic bank,ABC-923,Galactia,latisiliqua,Galactia latisiliqua,Fabaceae,Fabales,Climber,F24 3618,14,35,2,1,140,13.9,18.1,43.73408386,89.86506102,193.4291101,65.7762114,3.400533216,13.9,16.05601149,31.05700015,47.21615837,539.9271684,17.2371724,26.20578479,,
136,45791,Genetic bank,ABC-923,Galactia,latisiliqua,Galactia latisiliqua,Fabaceae,Fabales,Climber,F24 3618,14,35,2,2,141,13.9,18.1,44.17658724,90.3075644,194.3427422,61.73726998,3.176721152,13.9,16.04544712,31.18316193,50.5094604,801.6413176,17.30719437,28.03362439,,
137,45791,Genetic bank,ABC-923,Galactia,latisiliqua,Galactia latisiliqua,Fabaceae,Fabales,Climber,F24 3618,14,35,2,3,142,13.7,18,43.29158049,90.75006778,195.3340337,64.31255252,3.29243969,13.7,15.94872003,31.15327816,48.44043183,613.5515246,17.29060836,26.88527773,,
138,45791,Genetic bank,ABC-3813,Desmodium,sequax,Desmodium sequax,Fabaceae,Fabales,Herbaceous,F24 3619,14,35,2,1,143,13.7,15.9,20.28140483,34.99464215,75.16142775,20.2522546,2.69450105,13.7,14.62497366,10.99233901,54.27711248,-113.4434017,6.100938329,30.12473648,,
139,45791,Genetic bank,ABC-3813,Desmodium,sequax,Desmodium sequax,Fabaceae,Fabales,Herbaceous,F24 3619,14,35,2,2,144,13.7,15.1,21.16641158,36.32215228,77.98146522,26.70348382,3.424337276,13.7,14.28416244,11.13899916,41.71365518,-155.4527231,6.182337251,23.15180032,,
140,45791,Genetic bank,ABC-3813,Desmodium,sequax,Desmodium sequax,Fabaceae,Fabales,Herbaceous,F24 3619,14,35,2,3,145,13.8,15.2,19.39639807,34.99464215,75.10135868,26.08894865,3.473831779,13.8,14.42402529,10.83263897,41.52194523,-146.3347155,6.012302044,23.04539798,,
141,45791,Genetic bank,ABC-5512,Centrosema,brasilianum,Centrosema brasilianum,Fabaceae,Fabales,Climber,F24 3620,14,35,2,1,146,14.1,18.3,46.38910413,77.03246306,166.9718501,56.32383223,3.373253167,14.1,15.77075156,26.33271565,46.75235084,2080.279202,14.61511277,25.94836358,,
142,45791,Genetic bank,ABC-5512,Centrosema,brasilianum,Centrosema brasilianum,Fabaceae,Fabales,Climber,F24 3620,14,35,2,2,147,14.2,18.4,45.061594,77.91746982,168.8901481,58.18792674,3.44531208,14.2,15.97103644,26.9735071,46.35584838,1262.26709,14.97076311,25.72829786,,
143,45791,Genetic bank,ABC-5512,Centrosema,brasilianum,Centrosema brasilianum,Fabaceae,Fabales,Climber,F24 3620,14,35,2,3,148,14.3,18.3,45.50409738,77.03246306,166.8717271,60.7691763,3.641670003,14.3,15.93714696,26.59459238,43.76329252,795.9802364,14.76045889,24.2893845,,
144,45791,Genetic bank,ABC-5568,Centrosema,acutifolium,Centrosema acutifolium,Fabaceae,Fabales,Climber,F24 3621,14,35,2,1,149,14.2,17.5,33.99900955,64.1998651,140.2049904,44.48569557,3.172903863,14.2,15.75238369,22.08562803,49.64658359,2023.332018,12.25790566,27.55471283,,
145,45791,Genetic bank,ABC-5568,Centrosema,acutifolium,Centrosema acutifolium,Fabaceae,Fabales,Climber,F24 3621,14,35,2,2,150,13.7,17.5,36.21152644,65.96987861,144.0704927,38.02140205,2.639083225,13.7,15.41414198,22.2072303,58.4071841,-1676.847805,12.32539702,32.41699768,,
146,45791,Genetic bank,ABC-5568,Centrosema,acutifolium,Centrosema acutifolium,Fabaceae,Fabales,Climber,F24 3621,14,35,2,3,151,14,17.5,35.76902306,66.85488537,146.0032439,48.2201354,3.30267562,14,15.62741313,22.8165301,47.31743266,917.3528075,12.66356895,26.26199377,,
147,45791,Genetic bank,ABC-5657,Centrosema,brasilianum,Centrosema brasilianum,Fabaceae,Fabales,Climber,F24 3622,14,35,2,1,152,12.6,17.4,44.61909062,74.37744279,161.9806017,50.75951435,3.133678589,12.6,14.52047595,23.52035432,46.33683877,1225.330416,13.05420358,25.71774719,,
148,45791,Genetic bank,ABC-5657,Centrosema,brasilianum,Centrosema brasilianum,Fabaceae,Fabales,Climber,F24 3622,14,35,2,2,153,12.5,17.1,41.52156697,72.60742928,157.9994333,51.84339271,3.281239156,12.5,14.4694261,22.86161124,44.09744433,970.8699341,12.68858977,24.47484454,,
149,45791,Genetic bank,ABC-5657,Centrosema,brasilianum,Centrosema brasilianum,Fabaceae,Fabales,Climber,F24 3622,14,35,2,3,154,12.6,17.3,42.84907711,73.93493942,160.8881989,54.17179623,3.367045973,12.6,14.57610973,23.45124041,43.29049809,712.1436098,13.01584416,24.02697541,,
150,45791,Genetic bank,ABC-5744,Centrosema,macrocarpum,Centrosema macrocarpum,Fabaceae,Fabales,Climber,F24 3623,14,35,2,1,155,13.8,18.1,33.11400279,57.56231443,122.8555424,40.90109124,3.32920196,13.8,15.62632928,19.19781158,46.93716231,-2338.601079,10.65511757,26.05093715,,
151,45791,Genetic bank,ABC-5744,Centrosema,macrocarpum,Centrosema macrocarpum,Fabaceae,Fabales,Climber,F24 3623,14,35,2,2,156,13.9,18.1,35.76902306,60.2173347,128.6763923,37.09065655,2.882475634,13.9,15.60520514,20.08021499,54.13820315,-891.4066548,11.14486673,30.04763939,,
152,45791,Genetic bank,ABC-5744,Centrosema,macrocarpum,Centrosema macrocarpum,Fabaceae,Fabales,Climber,F24 3623,14,35,2,3,157,13.8,18.1,33.99900955,58.44732118,124.8192186,29.7606115,2.384297213,13.8,15.59867508,19.47014434,65.42252784,-389.2518472,10.80626696,36.31063483,,
153,45791,Genetic bank,ABC-7131,Eriosema,diffusum,Eriosema diffusum,Fabaceae,Fabales,Herbaceous,F24 3624,14,35,2,1,158,13.2,15,20.72390821,43.40220633,94.06249283,29.21832147,3.106266971,13.2,14.14052676,13.30093197,45.52257386,-425.8133794,7.382247365,25.26581608,,
154,45791,Genetic bank,ABC-7131,Eriosema,diffusum,Eriosema diffusum,Fabaceae,Fabales,Herbaceous,F24 3624,14,35,2,2,159,12.6,14.7,20.28140483,38.09216579,82.62046588,15.17189025,1.836335597,12.6,13.58189739,11.2214269,73.96195669,-139.3831986,6.228086069,41.05016558,,
155,45791,Genetic bank,ABC-7131,Eriosema,diffusum,Eriosema diffusum,Fabaceae,Fabales,Herbaceous,F24 3624,14,35,2,3,160,13.1,14.8,18.95389469,37.20715904,80.57200451,30.61746472,3.800012784,13.1,13.93399405,11.22689832,36.66828204,-426.6499251,6.231122803,20.35153093,,
158,45791,Genetic bank,ABC-7318,Canavalia,sp.,Canavalia sp.,Fabaceae,Fabales,Climber,F24 3625,14,35,2,1,163,12.8,17.1,40.19405684,81.90000022,177.2535445,54.11751975,3.053113545,12.8,14.98968933,26.56975564,49.09640309,-1094.481821,14.74667406,27.24935314,,
159,45791,Genetic bank,ABC-7318,Canavalia,sp.,Canavalia sp.,Fabaceae,Fabales,Climber,F24 3625,14,35,2,2,164,12.7,17.1,41.0790636,83.22751035,180.0546102,58.44103653,3.245739526,12.7,14.92826761,26.87903406,45.99342459,-16862.87069,14.91832894,25.52714638,,
160,45791,Genetic bank,ABC-7318,Canavalia,sp.,Canavalia sp.,Fabaceae,Fabales,Climber,F24 3625,14,35,2,3,165,12.5,16.7,34.44151292,70.83741577,153.1885968,60.40393094,3.943108835,12.5,14.65793857,22.45429042,37.17355819,2582.16441,12.46251966,20.63196794,,
161,45791,Genetic bank,ABC-7395,Galactia,striata,Galactia striata,Fabaceae,Fabales,Climber,F24 3626,14,35,2,1,166,12.4,16.5,29.57397577,62.42985159,136.0967416,62.61309199,4.600631232,12.4,14.55776728,19.81264691,31.64297798,411.7981132,10.99636182,17.56240024,,
162,45791,Genetic bank,ABC-7395,Galactia,striata,Galactia striata,Fabaceae,Fabales,Climber,F24 3626,14,35,2,2,167,12.7,16.3,29.13147239,62.42985159,136.0423355,55.56767874,4.084587237,12.7,14.62014176,19.88958231,35.79343741,1236.024553,11.03906229,19.86597702,,
163,45791,Genetic bank,ABC-7395,Galactia,striata,Galactia striata,Fabaceae,Fabales,Climber,F24 3626,14,35,2,3,168,12.6,16.5,29.57397577,62.42985159,136.1239609,53.20795857,3.908787123,12.6,14.65251034,19.94557745,37.48607912,3709.793934,11.07014056,20.80542246,,
164,45791,Genetic bank,ABC-7648,Canavalia,brasiliensis,Canavalia brasiliensis,Fabaceae,Fabales,Climber,F24 3627,14,35,2,1,169,12.4,17.6,35.76902306,68.1823955,148.2467696,54.27515356,3.661135667,12.4,14.87203894,22.0473173,40.62138171,-857.5850368,12.23664254,22.54556964,,
165,45791,Genetic bank,ABC-7648,Canavalia,brasiliensis,Canavalia brasiliensis,Fabaceae,Fabales,Climber,F24 3627,14,35,2,2,170,12.6,17.8,36.65402981,70.39491239,152.9350252,53.57304416,3.502993776,12.6,15.0924044,23.08157248,43.08430264,-784.5953988,12.81067206,23.91253337,,
166,45791,Genetic bank,ABC-7648,Canavalia,brasiliensis,Canavalia brasiliensis,Fabaceae,Fabales,Climber,F24 3627,14,35,2,3,171,12.5,16,35.32651968,67.73989212,147.2846489,69.86465185,4.74351213,12.5,14.17474143,20.87721814,29.88237626,365.0735767,11.58721726,16.58523582,,
167,45791,Genetic bank,ABC-7746,Crotalaria,paulina,Crotalaria paulina,Fabaceae,Fabales,Herbaceous,F24 3628,14,35,2,1,172,12.9,16.8,37.09653319,68.1823955,147.9484569,54.06337943,3.654203672,12.9,14.67809627,21.71601692,40.1677016,-1498.074568,12.0527651,22.29376933,,
168,45791,Genetic bank,ABC-7746,Crotalaria,paulina,Crotalaria paulina,Fabaceae,Fabales,Herbaceous,F24 3628,14,35,2,2,173,13,16.3,35.76902306,67.29738874,146.1740864,66.48508665,4.548349731,13,14.5460274,21.26252265,31.98089034,441.6078297,11.80106794,17.74994744,,
169,45791,Genetic bank,ABC-7746,Crotalaria,paulina,Crotalaria paulina,Fabaceae,Fabales,Herbaceous,F24 3628,14,35,2,3,174,12.9,16.7,37.98153995,68.1823955,148.125995,58.72257224,3.964366432,12.9,14.5831801,21.60148062,36.78565124,2401.880423,11.98919547,20.41667287,,
170,45791,Genetic bank,ABC-7813,Indigofera,cryptantha,Indigofera cryptantha,Fabaceae,Fabales,Herbaceous,F24 3629,14,35,2,1,175,14.1,19.7,41.96407035,84.55502049,187.6082105,57.26647437,3.052450328,14.1,16.92075883,31.74473285,55.43336341,-364.7989426,17.61887595,30.76647575,,
171,45791,Genetic bank,ABC-7813,Indigofera,cryptantha,Indigofera cryptantha,Fabaceae,Fabales,Herbaceous,F24 3629,14,35,2,2,176,14.3,19.8,43.29158049,86.76753738,192.2865346,64.12115535,3.334666959,14.3,17.0558436,32.79609061,51.1470675,-876.2865299,18.20239769,28.38750736,,
172,45791,Genetic bank,ABC-7813,Indigofera,cryptantha,Indigofera cryptantha,Fabaceae,Fabales,Herbaceous,F24 3629,14,35,2,3,177,,,,,,,,,,,,,,,Eliminado 86.9%,
173,45791,Genetic bank,ABC-7831,Tephrosia,rhodesica,Tephrosia rhodesica,Fabaceae,Fabales,Shrub,F24 3630,14,35,2,1,178,15,20.3,37.09653319,65.96987861,140.9124445,52.85821779,3.751139084,15,17.3196758,24.40557854,46.17177719,1231.004108,13.54551833,25.62613516,,
174,45791,Genetic bank,ABC-7831,Tephrosia,rhodesica,Tephrosia rhodesica,Fabaceae,Fabales,Shrub,F24 3630,14,35,2,2,179,15.1,20,36.21152644,66.85488537,142.745754,50.63514336,3.547225886,15.1,17.34594595,24.76060132,48.90003203,2317.63358,13.74256212,27.1403638,,
175,45791,Genetic bank,ABC-7831,Tephrosia,rhodesica,Tephrosia rhodesica,Fabaceae,Fabales,Shrub,F24 3630,14,35,2,3,180,14.9,20.5,35.32651968,64.64236848,138.0216805,56.16520299,4.069302939,14.9,17.43964632,24.07049292,42.85659383,720.5505865,13.35954002,23.78615104,,
176,45791,Genetic bank,ABC-7894,Canavalia,brasiliensis,Canavalia brasiliensis,Fabaceae,Fabales,Climber,F24 3631,14,35,2,1,181,12.4,17.7,35.32651968,68.62489888,147.0192253,55.31037438,3.762118476,12.4,14.97168189,22.01125073,39.79588093,-1115.294891,12.21662497,22.08740242,,
177,45791,Genetic bank,ABC-7894,Canavalia,brasiliensis,Canavalia brasiliensis,Fabaceae,Fabales,Climber,F24 3631,14,35,2,2,182,12,17.8,36.65402981,68.62489888,147.0192253,62.01596058,4.218221152,12,14.70209565,21.61490712,34.85378106,1406.197644,11.99664741,19.34445149,,
178,45791,Genetic bank,ABC-7894,Canavalia,brasiliensis,Canavalia brasiliensis,Fabaceae,Fabales,Climber,F24 3631,14,35,2,3,183,12.2,17.8,35.76902306,67.29738874,144.002418,55.06436676,3.823850149,12.2,14.82356164,21.3462872,38.76606317,-1016.558467,11.84755871,21.51583575,,
179,45791,Genetic bank,ABC-7991,Indigofera,suffruticosa,Indigofera suffruticosa,Fabaceae,Fabales,Herbaceous,F24 3632,14,35,2,1,184,12.1,15.8,30.45898252,58.00481781,124.770265,47.25667603,3.787495045,12.1,13.85708837,17.28952587,36.58641979,-230.5802546,9.595985986,20.30609597,,
180,45791,Genetic bank,ABC-7991,Indigofera,suffruticosa,Indigofera suffruticosa,Fabaceae,Fabales,Herbaceous,F24 3632,14,35,2,2,185,12.1,16.3,32.67149941,61.98734821,133.2835157,48.69687482,3.653630725,12.1,14.08631767,18.77473942,38.55430044,-280.0743388,10.4203052,21.39830377,,
181,45791,Genetic bank,ABC-7991,Indigofera,suffruticosa,Indigofera suffruticosa,Fabaceae,Fabales,Herbaceous,F24 3632,14,35,2,3,186,12.2,16.3,32.67149941,61.10234145,131.4068638,49.18125693,3.742670323,12.2,14.1077248,18.53851872,37.69427598,-287.9336164,10.28919862,20.92097532,,
182,45791,Genetic bank,ABC-8202,Chamaecrista,rotundifolia,Chamaecrista rotundifolia,Fabaceae,Fabales,Herbaceous,F24 3633,14,35,2,1,187,13.6,18,43.73408386,68.1823955,146.9983804,51.18911108,3.482290821,13.6,15.17771769,22.31099918,43.58543977,-1674.553308,12.38299055,24.19067315,,
183,45791,Genetic bank,ABC-8202,Chamaecrista,rotundifolia,Chamaecrista rotundifolia,Fabaceae,Fabales,Herbaceous,F24 3633,14,35,2,2,188,13.5,18.4,45.94660075,71.27991915,153.8609231,54.62738115,3.550438932,13.5,15.24148991,23.45069707,42.92846661,8360.218229,13.0155426,23.82604167,,
184,45791,Genetic bank,ABC-8202,Chamaecrista,rotundifolia,Chamaecrista rotundifolia,Fabaceae,Fabales,Herbaceous,F24 3633,14,35,2,3,189,13.7,18,43.73408386,73.93493942,159.528093,57.90362286,3.629681881,13.7,15.45645885,24.65739405,42.5835083,1356.178616,13.68528029,23.63458385,,
185,45791,Genetic bank,ABC-9189,Indigofera,suffruticosa,Indigofera suffruticosa,Fabaceae,Fabales,Herbaceous,F24 3634,14,35,2,1,190,15.6,19.3,36.21152644,66.41238199,144.0225145,60.8782868,4.226997912,15.6,17.28256524,24.89078503,40.88614568,15965.4902,13.81481633,22.69251822,,
186,45791,Genetic bank,ABC-9189,Indigofera,suffruticosa,Indigofera suffruticosa,Fabaceae,Fabales,Herbaceous,F24 3634,14,35,2,2,191,15.1,19.7,35.76902306,65.96987861,142.9199775,65.48856402,4.582184042,15.1,17.2058692,24.59062439,37.54949396,914.0045529,13.64822198,20.84061879,,
187,45791,Genetic bank,ABC-9189,Indigofera,suffruticosa,Indigofera suffruticosa,Fabaceae,Fabales,Herbaceous,F24 3634,14,35,2,3,192,15.8,20.1,36.21152644,65.08487185,141.1436635,67.60097587,4.789515461,15.8,17.70759207,24.99314417,36.97157304,648.219747,13.87162742,20.51986268,,
188,45791,Genetic bank,ABC-9434,Clitoria,ternatea,Clitoria ternatea,Fabaceae,Fabales,Climber,F24 3635,14,35,2,1,193,,,,,,,,,,,,,,,,
189,45791,Genetic bank,ABC-9434,Clitoria,ternatea,Clitoria ternatea,Fabaceae,Fabales,Climber,F24 3635,14,35,2,2,194,14.9,17.2,40.19405684,75.70495293,166.6819531,63.91362644,3.834465894,14.9,15.9788602,26.63387628,41.67167122,497.655524,14.78226213,23.12849849,,
190,45791,Genetic bank,ABC-9434,Clitoria,ternatea,Clitoria ternatea,Fabaceae,Fabales,Climber,F24 3635,14,35,2,3,195,15,17,39.75155346,75.70495293,166.7152695,59.39196246,3.562478868,15,15.94982952,26.59080127,44.77171686,814.5884655,14.75835475,24.84907745,,
191,45791,Genetic bank,ABC-11162,Stylosanthes,scabra,Stylosanthes scabra,Fabaceae,Fabales,Herbaceous,F24 3636,14,35,2,1,196,12.6,17.2,42.84907711,81.01499346,177.1336585,60.75357123,3.429815188,12.6,14.76704597,26.15740879,43.05493201,506.1213926,14.51781443,23.89623216,,
192,45791,Genetic bank,ABC-11162,Stylosanthes,scabra,Stylosanthes scabra,Fabaceae,Fabales,Herbaceous,F24 3636,14,35,2,2,197,12.4,17.3,44.17658724,82.3425036,179.964196,66.27686283,3.682780481,12.4,14.67115987,26.40283491,39.83718267,351.3395622,14.65403017,22.11032561,,
193,45791,Genetic bank,ABC-11162,Stylosanthes,scabra,Stylosanthes scabra,Fabaceae,Fabales,Herbaceous,F24 3636,14,35,2,3,198,12.7,17.1,40.19405684,80.57249009,176.2013888,65.20693237,3.70070479,12.7,14.90503432,26.26287749,40.27620459,371.7765528,14.57635138,22.35399037,,
194,45791,Genetic bank,ABC-13301,Desmodium,sequax,Desmodium sequax,Fabaceae,Fabales,Herbaceous,F24 3637,14,35,2,1,199,14.4,18.1,19.83890145,33.66713201,72.66608732,36.56554097,5.031995298,14.4,15.91971522,11.56823417,31.6369835,-666.0416838,6.420570104,17.5590732,,
195,45791,Genetic bank,ABC-13301,Desmodium,sequax,Desmodium sequax,Fabaceae,Fabales,Herbaceous,F24 3637,14,35,2,2,200,14.5,17.9,19.83890145,34.55213877,74.6060709,27.53618651,3.690877455,14.5,15.94781217,11.89803605,43.20872844,-235.2149907,6.603615857,23.98159184,,
196,45791,Genetic bank,ABC-13301,Desmodium,sequax,Desmodium sequax,Fabaceae,Fabales,Herbaceous,F24 3637,14,35,2,3,202,14.4,18.6,20.72390821,34.55213877,74.57625829,27.86731471,3.73675421,14.4,16.08089648,11.99253089,43.03439717,-243.028868,6.656062128,23.88483497,,
197,45791,Genetic bank,ABC-15401,Centrosema,brasilianum,Centrosema brasilianum,Fabaceae,Fabales,Climber,F24 3638,14,35,2,1,203,14,18,37.53903657,65.52737523,140.522767,51.36297854,3.655135722,14,15.70849747,22.07401529,42.97650939,5094.452882,12.25146039,23.85270625,,
198,45791,Genetic bank,ABC-15401,Centrosema,brasilianum,Centrosema brasilianum,Fabaceae,Fabales,Climber,F24 3638,14,35,2,2,204,14.1,17.9,37.53903657,65.08487185,139.6017323,52.70455161,3.77535083,14.1,15.70827195,21.92901977,41.60744964,2164.613894,12.17098537,23.0928544,,
199,45791,Genetic bank,ABC-15401,Centrosema,brasilianum,Centrosema brasilianum,Fabaceae,Fabales,Climber,F24 3638,14,35,2,3,205,13.9,18,39.30905008,65.08487185,139.4901625,51.00635487,3.656627389,13.9,15.52373938,21.65408929,42.45370864,7759.560897,12.01839419,23.56254279,,
200,45791,LMF,Hohenheimer Heustandard,Hohenheimer, Heustandard,Hohenheimer Heustandard,Forage,Forage,Forage,F25 0017,14,35,2,1,206,14.9,17.8,22.05141834,43.40220633,190.0832831,50.33560243,2.648081494,14.9,16.32659303,31.03412406,61.65442066,#DIV/0!,17.22447578,34.21927015,,
201,45791,LMF,Hohenheimer Heustandard,Hohenheimer, Heustandard,Hohenheimer Heustandard,Forage,Forage,Forage,F25 0017,14,35,2,2,207,15,18,22.05141834,42.0746962,183.9015478,57.69031879,3.137021927,15,16.427695,30.21078539,52.36716666,#DIV/0!,16.76750857,29.0646835,,
202,45791,LMF,Hohenheimer Heustandard,Hohenheimer, Heustandard,Hohenheimer Heustandard,Forage,Forage,Forage,F25 0017,14,35,2,3,208,16,17.9,20.28140483,50.48226038,220.5615737,43.98825738,1.994375386,16,17.1366691,37.79690705,85.92499295,#DIV/0!,20.97793734,47.68985768,,
203,45791,LMF,Homenheim Concentrate,Homenheim, Concentrate,Homenheim Concentrate,Concentrate,Concentrate,Concentrate,F25 0018,14,35,2,1,209,15.7,19.5,30.9014859,53.57978403,238.3750939,55.06535736,2.310029813,15.7,17.30839642,41.25890621,74.92715601,#DIV/0!,22.89940677,41.5858679,,
204,45791,LMF,Homenheim Concentrate,Homenheim, Concentrate,Homenheim Concentrate,Concentrate,Concentrate,Concentrate,F25 0018,14,35,2,2,210,16.1,20.1,27.80396225,49.15475024,219.0378528,59.13768049,2.699884049,16.1,17.83743436,39.07073321,66.06740896,#DIV/0!,21.6849329,36.66855501,,
205,45791,LMF,Homenheim Concentrate,Homenheim, Concentrate,Homenheim Concentrate,Concentrate,Concentrate,Concentrate,F25 0018,14,35,2,3,211,15.8,19.6,29.57397577,52.25227389,232.9337873,36.69826147,1.575480393,15.8,17.449259,40.64521983,110.7551644,#DIV/0!,22.55880021,61.47103243,,
206,45791,LMF,Sample 8,Cynodon, nlemfuensis ,Cynodon nlemfuensis ,Poaceae,Poales,Grasses,F25 0008,14,35,2,1,212,15.3,17.3,19.39639807,47.91574079,102.1593104,35.29193081,3.454597597,15.3,16.49039557,16.84647439,47.73463509,529.8116516,9.350084748,26.49354833,,
207,45791,LMF,Sample 8,Cynodon, nlemfuensis ,Cynodon nlemfuensis ,Poaceae,Poales,Grasses,F25 0008,14,35,2,2,213,15.1,16.9,19.83890145,50.039757,106.6878438,33.15986922,3.108120668,15.1,16.18636699,17.26888592,52.07766594,668.8216604,9.584530456,28.90400559,,
208,45791,LMF,Sample 8,Cynodon, nlemfuensis ,Cynodon nlemfuensis ,Poaceae,Poales,Grasses,F25 0008,14,35,2,3,214,14.8,16.8,20.28140483,50.92476376,108.5530394,23.58086369,2.172289585,14.8,16.00347574,17.37225933,73.67100527,-16790.19693,9.641904487,40.88868251,,
213,45796,Genetic bank,ABC-32379-1,Desmanthus,pubescens,Desmanthus pubescens,Fabaceae,Fabales,Shrub,F24 3536,14,36,3,1,4,12.1,16,28.46771732,56.78793352,122.0569608,44.39639938,3.637350881,12.1,14.04493506,17.14282088,38.61308827,312.9087306,9.514562179,21.43093204,,
214,45796,Genetic bank,ABC-32379-1,Desmanthus,pubescens,Desmanthus pubescens,Fabaceae,Fabales,Shrub,F24 3536,14,36,3,2,5,12.1,16.4,30.23773083,58.55794703,125.9619824,37.3394606,2.964343677,12.1,14.17959698,17.86090145,47.83384966,517.8940839,9.913109315,26.54861414,,
215,45796,Genetic bank,ABC-32379-1,Desmanthus,pubescens,Desmanthus pubescens,Fabaceae,Fabales,Shrub,F24 3536,14,36,3,3,6,12.2,16.4,29.35272408,58.11544365,125.0351256,43.93202272,3.513574485,12.2,14.2786802,17.85336573,40.63861536,333.699587,9.908926863,22.55513461,,
216,45796,Genetic bank,ABC-32380-1,Desmanthus,pubescens,Desmanthus pubescens,Fabaceae,Fabales,Shrub,F24 3537,14,36,3,1,7,12.8,16.8,24.9276903,51.47789298,110.3271157,32.53225025,2.948708489,12.8,14.86303725,16.3979603,50.40524456,554.3823928,9.101151667,27.97578279,,
217,45796,Genetic bank,ABC-32380-1,Desmanthus,pubescens,Desmanthus pubescens,Fabaceae,Fabales,Shrub,F24 3537,14,36,3,2,8,12.5,16.5,25.81269705,53.24790649,114.0977832,36.57413776,3.205508183,12.5,14.56094183,16.61371183,45.42475326,408.8202148,9.220897502,25.21152395,,
218,45796,Genetic bank,ABC-32380-1,Desmanthus,pubescens,Desmanthus pubescens,Fabaceae,Fabales,Shrub,F24 3537,14,36,3,3,9,12.7,16.7,26.69770381,53.69040987,114.9999826,41.67581262,3.623984255,12.7,14.71098901,16.9176348,40.59341315,309.9432549,9.389580007,22.53004661,,
219,45796,Genetic bank,ABC-33249-1,Desmodium,velutinum,Desmodium velutinum,Fabaceae,Fabales,Shrub,F24 3538,14,36,3,1,10,14.2,16,31.56524097,61.65547067,132.3279278,41.55766821,3.140506234,14.2,15.0784689,19.95302544,48.01286091,354.208259,11.07427433,26.64796848,,
220,45796,Genetic bank,ABC-33249-1,Desmodium,velutinum,Desmodium velutinum,Fabaceae,Fabales,Shrub,F24 3538,14,36,3,2,11,14.3,15.9,31.12273759,61.65547067,132.3543828,38.02543409,2.873001504,14.3,15.0923445,19.97537941,52.53162755,427.0662901,11.08668117,29.15596214,,
221,45796,Genetic bank,ABC-33249-1,Desmodium,velutinum,Desmodium velutinum,Fabaceae,Fabales,Shrub,F24 3538,14,36,3,3,12,14.3,15.8,29.35272408,60.32796054,129.4011677,39.79092371,3.075004995,14.3,15.07017115,19.50097745,49.00860705,378.5484103,10.82337987,27.20062482,,
222,45796,Genetic bank,ABC-398,Desmodium,incanum,Desmodium incanum,Fabaceae,Fabales,Herbaceous,F24 3612,14,36,3,1,13,13.7,16.4,26.69770381,55.90292676,121.7884151,37.91076725,3.112838541,13.7,15.11055409,18.40290434,48.54268504,-377.2513473,10.2139303,26.94203004,,
223,45796,Genetic bank,ABC-398,Desmodium,incanum,Desmodium incanum,Fabaceae,Fabales,Herbaceous,F24 3612,14,36,3,2,14,13.4,16.5,26.25520043,55.46042338,120.751954,37.90444574,3.139033736,13.4,15.03244681,18.15197326,47.88877111,-372.1235018,10.07465921,26.57909649,,
224,45796,Genetic bank,ABC-398,Desmodium,incanum,Desmodium incanum,Fabaceae,Fabales,Herbaceous,F24 3612,14,36,3,3,15,13.8,16.3,24.48518692,54.57541663,118.8488119,40.81015029,3.433786979,13.8,15.17837838,18.03932237,44.20302852,-496.7348716,10.01213602,24.53344559,,
225,45796,Genetic bank,ABC-438,Centrosema,molle x acutifolium,Centrosema molle x acutifolium,Fabaceae,Fabales,Climber,F24 3613,14,36,3,1,16,14.4,16.2,27.14020719,49.26537609,105.1513582,37.65456761,3.580987278,14.4,15.20838323,15.99182154,42.46980527,-2097.29478,8.875737628,23.57147669,,
226,45796,Genetic bank,ABC-438,Centrosema,molle x acutifolium,Centrosema molle x acutifolium,Fabaceae,Fabales,Climber,F24 3613,14,36,3,2,17,14.5,16.3,27.58271056,50.15038285,106.9547581,41.58587317,3.888174206,14.5,15.31,16.37477347,39.37580774,2595.236092,9.088282574,21.85425454,,
227,45796,Genetic bank,ABC-438,Centrosema,molle x acutifolium,Centrosema molle x acutifolium,Fabaceae,Fabales,Climber,F24 3613,14,36,3,3,18,13.9,16,28.46771732,51.47789298,109.8517587,39.09678483,3.559049514,13.9,14.83868195,16.30055308,41.69282245,-6492.489927,9.047088978,23.14023779,,
228,45796,Genetic bank,ABC-442,Centrosema,molle x acutifolium,Centrosema molle x acutifolium,Fabaceae,Fabales,Climber,F24 3614,14,36,3,1,19,14.4,16.4,33.33525448,63.42548419,135.0070292,44.59272931,3.302993153,14.4,15.34883721,20.72200914,46.46947934,-61709.64602,11.50107358,25.791365,,
229,45796,Genetic bank,ABC-442,Centrosema,molle x acutifolium,Centrosema molle x acutifolium,Fabaceae,Fabales,Climber,F24 3614,14,36,3,2,20,14.3,16.5,35.54777137,67.40801459,143.3695421,50.61357633,3.530287926,14.3,15.33982495,21.99263678,43.45205056,964.0456006,12.20629391,24.11663983,,
230,45796,Genetic bank,ABC-442,Centrosema,molle x acutifolium,Centrosema molle x acutifolium,Fabaceae,Fabales,Climber,F24 3614,14,36,3,3,21,14.5,16.6,35.54777137,66.52300783,141.5437896,41.55093063,2.935553072,14.5,15.47782705,21.90790295,52.72542063,-1820.324637,12.15926517,29.26352066,,
231,45796,Genetic bank,ABC-466,Vigna,umbellata,Vigna umbellata,Fabaceae,Fabales,Climber,F24 3615,14,36,3,1,22,13.9,17.1,45.72534906,85.99315647,185.3358623,62.4988297,3.372192997,13.9,15.39845626,28.5388617,45.66303375,786.3368199,15.839562,25.34377375,,
232,45796,Genetic bank,ABC-466,Vigna,umbellata,Vigna umbellata,Fabaceae,Fabales,Climber,F24 3615,14,36,3,2,23,13.9,17.1,44.84034231,85.10814971,183.391797,65.65234641,3.579895475,13.9,15.41403813,28.26808151,43.05722957,550.446002,15.68927431,23.89750735,,
233,45796,Genetic bank,ABC-466,Vigna,umbellata,Vigna umbellata,Fabaceae,Fabales,Climber,F24 3615,14,36,3,3,24,14.1,17.4,45.28284569,85.10814971,183.4284607,62.62814409,3.414308982,14.1,15.64419411,28.69590444,45.81950313,777.4251727,15.92672343,25.43061696,,
234,45796,Genetic bank,ABC-715,Canavalia,ensiformis,Canavalia ensiformis,Fabaceae,Fabales,Climber,F24 3616,14,36,3,1,25,13.5,16.2,37.31778488,71.83304837,158.4734642,53.07549017,3.34917208,13.5,14.7973306,23.44984241,44.18205528,-853.9087943,13.01506824,24.52180507,,
235,45796,Genetic bank,ABC-715,Canavalia,ensiformis,Canavalia ensiformis,Fabaceae,Fabales,Climber,F24 3616,14,36,3,2,26,13.7,16.4,35.99027475,71.39054499,157.4028377,55.33047839,3.515214795,13.7,15.03884298,23.6715656,42.78214519,-1524.146981,13.13812845,23.74483076,,
236,45796,Genetic bank,ABC-715,Canavalia,ensiformis,Canavalia ensiformis,Fabaceae,Fabales,Climber,F24 3616,14,36,3,3,27,13.9,16.5,37.31778488,72.71805513,160.32975,59.58576846,3.716451156,13.9,15.16572008,24.31516109,40.80699422,3497.63273,13.49533508,22.64858779,,
237,45796,Genetic bank,ABC-887,Calopogonium,mucunoides,Calopogonium mucunoides,Fabaceae,Fabales,Climber,F24 3617,14,36,3,1,28,14.5,17.6,32.00774435,61.65547067,133.638266,48.71693722,3.645433204,14.5,15.99066986,21.36965392,43.8649372,-607.7535294,11.86052764,24.34579906,,
238,45796,Genetic bank,ABC-887,Calopogonium,mucunoides,Calopogonium mucunoides,Fabaceae,Fabales,Climber,F24 3617,14,36,3,2,29,14.8,17.8,32.45024772,61.2129673,132.7852618,51.82130855,3.902640087,14.8,16.20963855,21.52401099,41.53505882,-1080.067239,11.94619849,23.05267624,,
239,45796,Genetic bank,ABC-887,Calopogonium,mucunoides,Calopogonium mucunoides,Fabaceae,Fabales,Climber,F24 3617,14,36,3,3,30,14.4,17.5,32.8927511,62.09797405,134.651199,52.75128262,3.917624427,14.4,15.85795724,21.35292956,40.47850309,-1391.033723,11.85124534,22.46626953,,
240,45796,Genetic bank,ABC-923,Galactia,latisiliqua,Galactia latisiliqua,Fabaceae,Fabales,Climber,F24 3618,14,36,3,1,31,13.9,18,41.30031528,84.66564633,182.3834454,66.07196201,3.622695134,13.9,16,29.18135126,44.16601289,495.1798723,16.19615482,24.51290127,,
241,45796,Genetic bank,ABC-923,Galactia,latisiliqua,Galactia latisiliqua,Fabaceae,Fabales,Climber,F24 3618,14,36,3,2,32,14.3,17.9,41.30031528,89.09068011,191.8006238,64.15471985,3.344865025,14.3,16.23112583,31.13140059,48.52550314,621.9073267,17.27846594,26.93249378,,
242,45796,Genetic bank,ABC-923,Galactia,latisiliqua,Galactia latisiliqua,Fabaceae,Fabales,Climber,F24 3618,14,36,3,3,33,13.8,17.7,42.62782542,91.303197,196.4853531,60.20934319,3.064317123,13.8,15.87915994,31.20022346,51.8195712,979.3229962,17.31666382,28.76075855,,
243,45796,Genetic bank,ABC-3813,Desmodium,sequax,Desmodium sequax,Fabaceae,Fabales,Herbaceous,F24 3619,14,36,3,1,34,12,16.1,20.50265652,34.66276461,74.41886021,22.53842109,3.028589934,12,13.67489362,10.17669996,45.15267472,-115.7403739,5.648244548,25.06051566,,
244,45796,Genetic bank,ABC-3813,Desmodium,sequax,Desmodium sequax,Fabaceae,Fabales,Herbaceous,F24 3619,14,36,3,2,35,12.8,15.5,21.38766327,35.54777137,76.31891621,22.5169517,2.950376239,12.8,13.87551867,10.58964547,47.02965842,-120.322057,5.877436447,26.10227408,,
245,45796,Genetic bank,ABC-3813,Desmodium,sequax,Desmodium sequax,Fabaceae,Fabales,Herbaceous,F24 3619,14,36,3,3,36,13.4,15.6,19.17514638,34.66276461,74.40398833,26.24589909,3.527485513,13.4,14.38297872,10.70150981,40.77402635,-145.7411423,5.939523092,22.63029006,,
246,45796,Genetic bank,ABC-5512,Centrosema,brasilianum,Centrosema brasilianum,Fabaceae,Fabales,Climber,F24 3620,14,36,3,1,37,13.9,17.6,47.49536258,79.3556058,171.8698863,58.97938634,3.431630031,13.9,15.38550186,26.44304456,44.83438401,1055.715241,14.67634722,24.8838588,,
247,45796,Genetic bank,ABC-5512,Centrosema,brasilianum,Centrosema brasilianum,Fabaceae,Fabales,Climber,F24 3620,14,36,3,2,38,14,17.8,46.16785244,79.3556058,171.8355467,57.40685022,3.340801791,14,15.58921933,26.78782026,46.66310755,1513.311615,14.8677037,25.89883201,,
248,45796,Genetic bank,ABC-5512,Centrosema,brasilianum,Centrosema brasilianum,Fabaceae,Fabales,Climber,F24 3620,14,36,3,3,39,14.2,17.9,46.16785244,79.3556058,172.0073822,60.39882952,3.511409146,14.2,15.74739777,27.08668667,44.84637681,854.4547028,15.03357973,24.89051502,,
249,45796,Genetic bank,ABC-5568,Centrosema,acutifolium,Centrosema acutifolium,Fabaceae,Fabales,Climber,F24 3621,14,36,3,1,40,13.6,17.3,36.8752815,69.62053148,151.8608582,44.39954431,2.923699025,13.6,15.34025424,23.29584174,52.46865052,2201.707846,12.92959521,29.1210088,,
250,45796,Genetic bank,ABC-5568,Centrosema,acutifolium,Centrosema acutifolium,Fabaceae,Fabales,Climber,F24 3621,14,36,3,2,41,13.7,17.2,34.66276461,66.52300783,145.1913474,44.2134239,3.045183112,13.7,15.37627494,22.32502077,50.49376139,2256.880497,12.39077277,28.02491117,,
251,45796,Genetic bank,ABC-5568,Centrosema,acutifolium,Centrosema acutifolium,Fabaceae,Fabales,Climber,F24 3621,14,36,3,3,42,13.6,17.1,34.66276461,66.52300783,145.1623323,46.2757813,3.187864273,13.6,15.27627494,22.175397,47.92009206,1260.577207,12.30772899,26.59648016,,
252,45796,Genetic bank,ABC-5657,Centrosema,brasilianum,Centrosema brasilianum,Fabaceae,Fabales,Climber,F24 3622,14,36,3,1,43,12.9,16.9,40.85781191,72.71805513,158.3350889,57.5627968,3.635504752,12.9,14.6525355,23.2001051,40.30399214,497.6063381,12.87645972,22.36941294,,
253,45796,Genetic bank,ABC-5657,Centrosema,brasilianum,Centrosema brasilianum,Fabaceae,Fabales,Climber,F24 3622,14,36,3,2,44,12.7,17,42.18532204,73.1605585,159.1712768,47.30591997,2.972013602,12.7,14.52056452,23.11256794,48.85766507,4392.762348,12.82787508,27.1168494,,
254,45796,Genetic bank,ABC-5657,Centrosema,brasilianum,Centrosema brasilianum,Fabaceae,Fabales,Climber,F24 3622,14,36,3,3,45,12.6,16.8,40.85781191,73.60306188,160.1980215,39.01410556,2.435367503,12.6,14.46853707,23.17831013,59.41007695,-823.1751347,12.86436313,32.97362057,,
255,45796,Genetic bank,ABC-5744,Centrosema,macrocarpum,Centrosema macrocarpum,Fabaceae,Fabales,Climber,F24 3623,14,36,3,1,46,14,17.8,32.8927511,57.67294027,123.140849,44.9129195,3.647280319,14,15.63273657,19.25028453,42.86135204,2814.67463,10.68424097,23.78879193,,
256,45796,Genetic bank,ABC-5744,Centrosema,macrocarpum,Centrosema macrocarpum,Fabaceae,Fabales,Climber,F24 3623,14,36,3,2,47,,,,,,,,,,,,,,,,
257,45796,Genetic bank,ABC-5744,Centrosema,macrocarpum,Centrosema macrocarpum,Fabaceae,Fabales,Climber,F24 3623,14,36,3,3,48,13.5,17.2,34.22026124,59.00045041,125.9752931,43.97344991,3.49064081,13.5,15.054,18.96432062,43.12675185,5721.552607,10.52552605,23.93609341,,
258,45796,Genetic bank,ABC-7131,Eriosema,diffusum,Eriosema diffusum,Fabaceae,Fabales,Herbaceous,F24 3624,14,36,3,1,49,,,,,,,,,,,,,,,,
259,45796,Genetic bank,ABC-7131,Eriosema,diffusum,Eriosema diffusum,Fabaceae,Fabales,Herbaceous,F24 3624,14,36,3,2,50,11,14.7,20.06015314,37.76028826,81.88425922,23.36420472,2.853320644,11,12.734375,10.42744863,44.63001741,-201.3974995,5.787414398,24.77043181,,
260,45796,Genetic bank,ABC-7131,Eriosema,diffusum,Eriosema diffusum,Fabaceae,Fabales,Herbaceous,F24 3624,14,36,3,3,51,12.8,14.6,19.17514638,36.8752815,79.88522764,16.74668849,2.09634359,12.8,13.664,10.9155175,65.18015495,-145.7409896,6.058301065,36.17611368,,
263,45796,Genetic bank,ABC-7318,Canavalia,sp.,Canavalia sp.,Fabaceae,Fabales,Climber,F24 3625,14,36,3,1,54,12.3,16.9,43.0703288,85.10814971,184.0128267,57.5794836,3.12910163,12.3,14.57209705,26.8145277,46.56958698,-4389.867462,14.88252679,25.84692648,,
264,45796,Genetic bank,ABC-7318,Canavalia,sp.,Canavalia sp.,Fabaceae,Fabales,Climber,F24 3625,14,36,3,2,55,12.3,17.4,43.0703288,84.66564633,183.1658773,41.0256458,2.239808331,12.3,14.80557491,27.11876118,66.10197269,-291.8510136,15.05138164,36.68773848,,
265,45796,Genetic bank,ABC-7318,Canavalia,sp.,Canavalia sp.,Fabaceae,Fabales,Climber,F24 3625,14,36,3,3,56,12.1,16.8,41.30031528,81.12561931,175.5775767,58.44605562,3.328788147,12.1,14.40727273,25.29594032,43.28083401,-16129.68935,14.03968452,24.02161168,,
266,45796,Genetic bank,ABC-7395,Galactia,striata,Galactia striata,Fabaceae,Fabales,Climber,F24 3626,14,36,3,1,57,12.4,17,36.43277813,74.93057202,163.2503145,50.15162577,3.072069168,12.4,14.76338583,24.10127379,48.05681455,-2832.927493,13.37662393,26.67236351,,
267,45796,Genetic bank,ABC-7395,Galactia,striata,Galactia striata,Fabaceae,Fabales,Climber,F24 3626,14,36,3,2,58,,,,,,,,,,,,,,,Eliminado 27% DMD,
268,45796,Genetic bank,ABC-7395,Galactia,striata,Galactia striata,Fabaceae,Fabales,Climber,F24 3626,14,36,3,3,59,12.1,16.8,35.99027475,74.04556526,161.3221612,59.99929411,3.719222063,12.1,14.51553785,23.41677936,39.02842477,646.6286154,12.99671768,21.66145098,,
269,45796,Genetic bank,ABC-7648,Canavalia,brasiliensis,Canavalia brasiliensis,Fabaceae,Fabales,Climber,F24 3627,14,36,3,1,60,,,,,,,,,,,,,,,Eliminado 40.35%DMD,
270,45796,Genetic bank,ABC-7648,Canavalia,brasiliensis,Canavalia brasiliensis,Fabaceae,Fabales,Climber,F24 3627,14,36,3,2,61,12.3,18,40.85781191,76.25808215,165.7060493,53.60722361,3.235079457,12.3,14.94603482,24.76648383,46.19990023,-846.929214,13.74582701,25.64174394,,
271,45796,Genetic bank,ABC-7648,Canavalia,brasiliensis,Canavalia brasiliensis,Fabaceae,Fabales,Climber,F24 3627,14,36,3,3,62,12.2,17.8,40.41530853,76.70058553,166.6675931,39.76544442,2.385913403,12.2,14.84923077,24.74885552,62.23709022,-240.7470587,13.736043,34.54266184,,
272,45796,Genetic bank,ABC-7746,Crotalaria,paulina,Crotalaria paulina,Fabaceae,Fabales,Herbaceous,F24 3628,14,36,3,1,63,12.2,16.8,40.85781191,75.37307539,163.7149767,69.24360511,4.229521727,12.2,14.30645793,23.42181427,33.82523805,377.3896622,12.99951214,18.77359233,,
273,45796,Genetic bank,ABC-7746,Crotalaria,paulina,Crotalaria paulina,Fabaceae,Fabales,Herbaceous,F24 3628,14,36,3,2,64,12.7,16.1,39.53030177,74.48806864,161.6956894,51.33156998,3.174578752,12.7,14.29564356,23.11543941,45.03162366,-817.5666085,12.82946879,24.99333022,,
274,45796,Genetic bank,ABC-7746,Crotalaria,paulina,Crotalaria paulina,Fabaceae,Fabales,Herbaceous,F24 3628,14,36,3,3,65,12.5,16,41.30031528,75.37307539,163.5841356,46.06740207,2.816128954,12.5,14.08219178,23.0362317,50.00549339,-420.3656184,12.78550714,27.75391398,,
275,45796,Genetic bank,ABC-7813,Indigofera,cryptantha,Indigofera cryptantha,Fabaceae,Fabales,Herbaceous,F24 3629,14,36,3,1,66,13.9,20.2,46.61035582,93.07321052,206.30182,69.61104128,3.374233018,13.9,17.04500792,35.16416157,50.51520696,15911.44179,19.51671805,28.03681383,,
276,45796,Genetic bank,ABC-7813,Indigofera,cryptantha,Indigofera cryptantha,Fabaceae,Fabales,Herbaceous,F24 3629,14,36,3,2,67,14.1,19.8,47.0528592,93.51571389,207.2826528,52.52140804,2.533806246,14.1,16.93201893,35.097138,66.82444229,-289.585001,19.47951881,37.0887216,,
277,45796,Genetic bank,ABC-7813,Indigofera,cryptantha,Indigofera cryptantha,Fabaceae,Fabales,Herbaceous,F24 3629,14,36,3,3,69,13.8,19.6,48.82287271,94.84322403,210.2671624,68.80684935,3.272353541,13.8,16.61430793,34.93443384,50.77173882,-9709.469485,19.38921518,28.17919345,,
278,45796,Genetic bank,ABC-7831,Tephrosia,rhodesica,Tephrosia rhodesica,Fabaceae,Fabales,Shrub,F24 3630,14,36,3,1,70,14.7,19.8,40.41530853,76.25808215,162.9207406,42.76479925,2.624883676,14.7,17.09709865,27.85471974,65.13469074,-1285.559166,15.45985137,36.15088026,,
279,45796,Genetic bank,ABC-7831,Tephrosia,rhodesica,Tephrosia rhodesica,Fabaceae,Fabales,Shrub,F24 3630,14,36,3,2,71,14.4,19.9,40.85781191,76.70058553,163.833362,53.3281404,3.255023261,14.4,16.97019231,27.80283659,52.13539489,1277.859073,15.43105532,28.93604616,,
280,45796,Genetic bank,ABC-7831,Tephrosia,rhodesica,Tephrosia rhodesica,Fabaceae,Fabales,Shrub,F24 3630,14,36,3,3,72,14.9,19.1,40.41530853,78.47059904,167.5471398,55.28978815,3.299954163,14.9,16.93684211,28.37719452,51.32447685,951.9751317,15.74983391,28.48597262,,
281,45796,Genetic bank,ABC-7894,Canavalia,brasiliensis,Canavalia brasiliensis,Fabaceae,Fabales,Climber,F24 3631,14,36,3,1,73,12.2,17.9,39.53030177,75.81557877,162.2295734,39.5080785,2.435319139,12.2,14.92801556,24.21765597,61.29798484,-236.626126,13.44121805,34.0214421,,
282,45796,Genetic bank,ABC-7894,Canavalia,brasiliensis,Canavalia brasiliensis,Fabaceae,Fabales,Climber,F24 3631,14,36,3,2,74,12.1,17.9,39.53030177,75.37307539,161.3471697,51.94246831,3.219298386,12.1,14.85812133,23.97315824,46.1532904,-642.0483166,13.30551758,25.61587467,,
283,45796,Genetic bank,ABC-7894,Canavalia,brasiliensis,Canavalia brasiliensis,Fabaceae,Fabales,Climber,F24 3631,14,36,3,3,75,11.6,17.7,39.97280515,75.81557877,162.3917705,54.41969932,3.351136523,11.6,14.48385214,23.52058393,43.22071644,-964.1935548,13.05433101,23.98824539,,
284,45796,Genetic bank,ABC-7991,Indigofera,suffruticosa,Indigofera suffruticosa,Fabaceae,Fabales,Herbaceous,F24 3632,14,36,3,1,76,15.4,19.1,31.12273759,66.08050445,142.0277323,31.50137298,2.217973383,15.4,17.35736607,24.65227342,78.25777445,-152.639063,13.68243826,43.43441876,,
285,45796,Genetic bank,ABC-7991,Indigofera,suffruticosa,Indigofera suffruticosa,Fabaceae,Fabales,Herbaceous,F24 3632,14,36,3,2,77,15.6,18.9,31.12273759,66.96551121,144.0450103,43.16971373,2.996960023,15.6,17.36629956,25.01528799,57.94638376,-256.6702651,13.88391762,32.16124552,,
286,45796,Genetic bank,ABC-7991,Indigofera,suffruticosa,Indigofera suffruticosa,Fabaceae,Fabales,Herbaceous,F24 3632,14,36,3,3,78,15.6,19.1,32.00774435,66.52300783,143.0359681,35.86034266,2.507085675,15.6,17.41596452,24.91109346,69.46696994,-181.0307375,13.82608786,38.55537017,,
287,45796,Genetic bank,ABC-8202,Chamaecrista,rotundifolia,Chamaecrista rotundifolia,Fabaceae,Fabales,Herbaceous,F24 3633,14,36,3,1,79,13.6,18.2,48.38036933,75.81557877,163.6186254,52.95312531,3.236375148,13.6,15.26459144,24.97571469,47.16570465,-4940.296034,13.86195376,26.1777821,,
288,45796,Genetic bank,ABC-8202,Chamaecrista,rotundifolia,Chamaecrista rotundifolia,Fabaceae,Fabales,Herbaceous,F24 3633,14,36,3,2,80,13.1,17.9,48.82287271,77.14308891,166.3504892,63.03949679,3.789558846,13.1,14.86214149,24.72324508,39.21865867,584.9953108,13.72182876,21.76703409,,
289,45796,Genetic bank,ABC-8202,Chamaecrista,rotundifolia,Chamaecrista rotundifolia,Fabaceae,Fabales,Herbaceous,F24 3633,14,36,3,3,81,13.5,18.1,49.26537609,76.70058553,165.495478,42.23885105,2.552266174,13.5,15.14538462,25.06492666,59.34092912,-452.8948311,13.91146795,32.93524232,,
290,45796,Genetic bank,ABC-9189,Indigofera,suffruticosa,Indigofera suffruticosa,Fabaceae,Fabales,Herbaceous,F24 3634,14,36,3,1,82,14.3,19.7,37.76028826,68.73552472,149.0306975,41.48093667,2.78338204,14.3,16.73347639,24.93801658,60.11922243,-237.1186638,13.84103066,33.36720857,,
291,45796,Genetic bank,ABC-9189,Indigofera,suffruticosa,Indigofera suffruticosa,Fabaceae,Fabales,Herbaceous,F24 3634,14,36,3,2,83,14.6,19.6,39.08779839,70.94804161,153.6741795,56.70145676,3.689719181,14.6,16.84532225,25.88691074,45.65475425,-1209.556237,14.36768333,25.33917848,,
292,45796,Genetic bank,ABC-9189,Indigofera,suffruticosa,Indigofera suffruticosa,Fabaceae,Fabales,Herbaceous,F24 3634,14,36,3,3,84,14.5,19.7,39.08779839,70.94804161,153.7048836,58.05766475,3.777216663,14.5,16.83513514,25.87642486,44.57021303,-1854.942699,14.36186349,24.73723934,,
293,45796,Genetic bank,ABC-9434,Clitoria,ternatea,Clitoria ternatea,Fabaceae,Fabales,Climber,F24 3635,14,36,3,1,85,,,,,,,,,,,,,,,Elimino 33.73% DMD,
294,45796,Genetic bank,ABC-9434,Clitoria,ternatea,Clitoria ternatea,Fabaceae,Fabales,Climber,F24 3635,14,36,3,2,86,14.8,17.4,43.51283217,84.22314295,185.4737826,53.00566589,2.857852207,14.8,16.05674256,29.78104778,56.18464984,9472.085354,16.52899676,31.18345272,,
295,45796,Genetic bank,ABC-9434,Clitoria,ternatea,Clitoria ternatea,Fabaceae,Fabales,Climber,F24 3635,14,36,3,3,87,,,,,,,,,,,,,,,Eliminado 26.78% DMD,
296,45796,Genetic bank,ABC-11162,Stylosanthes,scabra,Stylosanthes scabra,Fabaceae,Fabales,Herbaceous,F24 3636,14,36,3,1,89,12.3,16.9,46.61035582,86.43565985,188.8722685,47.95044725,2.538776477,12.3,14.41945392,27.23434974,56.7968628,-9786.287846,15.11553529,31.5232415,,
297,45796,Genetic bank,ABC-11162,Stylosanthes,scabra,Stylosanthes scabra,Fabaceae,Fabales,Herbaceous,F24 3636,14,36,3,2,90,12.1,17,47.0528592,87.76316998,191.7347209,62.88223285,3.279647659,12.1,14.37294118,27.55791865,43.8246503,454.0825131,15.29512163,24.32343913,,
298,45796,Genetic bank,ABC-11162,Stylosanthes,scabra,Stylosanthes scabra,Fabaceae,Fabales,Herbaceous,F24 3636,14,36,3,3,91,,,,,,,,,,,,,,,Eliminado 21.76%DMD,
299,45796,Genetic bank,ABC-13301,Desmodium,sequax,Desmodium sequax,Fabaceae,Fabales,Herbaceous,F24 3637,14,36,3,1,92,13.4,17.8,23.15767678,39.08779839,84.39961063,22.54836144,2.671619132,13.4,15.19320755,12.82300801,56.86891282,-186.035233,7.116991298,31.5632305,,
300,45796,Genetic bank,ABC-13301,Desmodium,sequax,Desmodium sequax,Fabaceae,Fabales,Herbaceous,F24 3637,14,36,3,2,93,,,,,,,,,,,,,,,,
301,45796,Genetic bank,ABC-13301,Desmodium,sequax,Desmodium sequax,Fabaceae,Fabales,Herbaceous,F24 3637,14,36,3,3,94,13.2,17.7,23.15767678,38.64529502,83.44414334,23.17453862,2.777251667,13.2,15.00343511,12.5194879,54.02259829,-187.9100518,6.948532386,29.9834767,,
302,45796,Genetic bank,ABC-15401,Centrosema,brasilianum,Centrosema brasilianum,Fabaceae,Fabales,Climber,F24 3638,14,36,3,1,96,13.6,18.2,47.0528592,74.93057202,160.6878236,54.96572087,3.42065252,13.6,15.31141732,24.60358326,44.76168577,1236.541226,13.65541438,24.84351003,,
303,45796,Genetic bank,ABC-15401,Centrosema,brasilianum,Centrosema brasilianum,Fabaceae,Fabales,Climber,F24 3638,14,36,3,2,97,,,,,,,,,,,,,,,Eliminado 21.36%DMD,
304,45796,Genetic bank,ABC-15401,Centrosema,brasilianum,Centrosema brasilianum,Fabaceae,Fabales,Climber,F24 3638,14,36,3,3,98,13.6,18.2,47.0528592,74.48806864,159.6750353,50.82507338,3.183031918,13.6,15.29425743,24.42111094,48.04933729,12159.77107,13.55413908,26.6682135,,
305,45796,LMF,Hohenheimer Heustandard,Hohenheimer, Heustandard,Hohenheimer Heustandard,Forage,Forage,Forage,F25 0017,14,36,3,1,100,,,,,,,,,,,,,,,Eliminado DMD,
306,45796,LMF,Hohenheimer Heustandard,Hohenheimer, Heustandard,Hohenheimer Heustandard,Forage,Forage,Forage,F25 0017,14,36,3,2,101,14.8,17.2,23.15767678,45.28284569,198.1611581,41.09802182,2.073969602,14.8,15.97263844,31.65156531,77.01481461,#DIV/0!,17.56716635,42.74455454,,
307,45796,LMF,Hohenheimer Heustandard,Hohenheimer, Heustandard,Hohenheimer Heustandard,Forage,Forage,Forage,F25 0017,14,36,3,3,102,,,,,,,,,,,,,,,Eliminado DMD,
308,45796,LMF,Homenheim Concentrate,Homenheim, Concentrate,Homenheim Concentrate,Concentrate,Concentrate,Concentrate,F25 0018,14,36,3,1,103,15.2,18.9,28.46771732,51.92039636,231.361813,53.07740191,2.294129754,15.2,16.87130682,39.03376133,73.54120573,#DIV/0!,21.66441286,40.81664152,,
309,45796,LMF,Homenheim Concentrate,Homenheim, Concentrate,Homenheim Concentrate,Concentrate,Concentrate,Concentrate,F25 0018,14,36,3,2,104,,,,,,,,,,,,,,,Eliminado DMD,
310,45796,LMF,Homenheim Concentrate,Homenheim, Concentrate,Homenheim Concentrate,Concentrate,Concentrate,Concentrate,F25 0018,14,36,3,3,105,15.3,18.9,28.9102207,50.59288622,225.6266692,50.31947608,2.230209588,15.3,16.84285714,38.00197756,75.52140945,#DIV/0!,21.09175502,41.91568885,,
311,45796,LMF,Sample 8,Cynodon, nlemfuensis ,Cynodon nlemfuensis ,Poaceae,Poales,Grasses,F25 0008,14,36,3,1,106,14.4,16.8,22.71517341,56.34543014,120.203992,13.25837247,1.102989364,14.4,15.83246073,19.03124983,143.5413726,-634.5451309,10.56267292,79.66794523,,
312,45796,LMF,Sample 8,Cynodon, nlemfuensis ,Cynodon nlemfuensis ,Poaceae,Poales,Grasses,F25 0008,14,36,3,2,107,14.9,16.6,23.15767678,56.78793352,121.1237825,37.46295943,3.092948277,14.9,15.90675325,19.2668612,51.42909556,508.3775396,10.6934413,28.54403781,,
313,45796,LMF,Sample 8,Cynodon, nlemfuensis ,Cynodon nlemfuensis ,Poaceae,Poales,Grasses,F25 0008,14,36,3,3,108,14.6,16.6,21.83016665,55.46042338,118.2450383,37.48795425,3.170361715,14.6,15.81276596,18.69781117,49.87685123,492.64854,10.37760869,27.68251535,,
318,45798,Genetic bank,ABC-17360,Alysicarpus,vaginalis,Alysicarpus vaginalis,Fabaceae,Fabales,Herbaceous,0,15,37,1,1,113,16.6,18.6,38.35029276,67.00238649,144.229625,61.85585187,4.288706418,16.6,17.45525592,25.17565016,40.70051483,-4016.977805,13.9729214,22.58948989,,
319,45798,Genetic bank,ABC-17360,Alysicarpus,vaginalis,Alysicarpus vaginalis,Fabaceae,Fabales,Herbaceous,F24 3639,15,37,1,2,114,16.3,19,39.6778029,67.88739325,146.1054908,62.53064857,4.279828788,16.3,17.4219446,25.45441766,40.70710642,-10841.53525,14.12764219,22.59314834,,
320,45798,Genetic bank,ABC-17360,Alysicarpus,vaginalis,Alysicarpus vaginalis,Fabaceae,Fabales,Herbaceous,F24 3639,15,37,1,3,115,16.2,19,39.6778029,69.21490338,148.9625238,61.73434415,4.144286938,16.2,17.39488546,25.91186038,41.97316864,-3716.778269,14.38153081,23.29583478,,
321,45798,Genetic bank,ABC-17768,Clitoria,ternatea,Clitoria ternatea,Fabaceae,Fabales,Climber,F24 3640,15,37,1,1,116,15.4,17.9,51.18289073,98.42012633,210.4318547,58.30709308,2.770830166,15.4,16.5998876,34.93145135,59.90943726,1230.680231,19.38755985,33.25077417,,
322,45798,Genetic bank,ABC-17768,Clitoria,ternatea,Clitoria ternatea,Fabaceae,Fabales,Climber,F24 3640,15,37,1,2,117,15.6,17.2,51.62539411,99.74763647,213.2275812,54.91652888,2.575488995,15.6,16.37190388,34.90941464,63.5681376,2624.38709,19.3753291,35.28141616,,
323,45798,Genetic bank,ABC-17768,Clitoria,ternatea,Clitoria ternatea,Fabaceae,Fabales,Climber,F24 3640,15,37,1,3,118,15.4,17.2,50.29788397,84.70252161,181.1747007,65.04951029,3.590430122,15.4,16.13112756,29.22552208,44.92812006,500.4921271,16.22067039,24.93588394,,
324,45798,Genetic bank,ABC-18004,Chamaecrista,rotundifolia,Chamaecrista rotundifolia,Fabaceae,Fabales,Herbaceous,F24 3641,15,37,1,1,119,14,17.9,45.43034681,90.01256215,193.6616381,60.90732359,3.145038128,14,15.93162638,30.85344863,50.65638549,1024.540534,17.12419779,28.11517036,,
325,45798,Genetic bank,ABC-18004,Chamaecrista,rotundifolia,Chamaecrista rotundifolia,Fabaceae,Fabales,Herbaceous,F24 3641,15,37,1,2,120,13.9,18,45.87285019,93.1100858,200.2458645,63.1596123,3.154103205,13.9,15.9800396,31.99936846,50.66428892,785.091912,17.76020312,28.11955689,,
326,45798,Genetic bank,ABC-18004,Chamaecrista,rotundifolia,Chamaecrista rotundifolia,Fabaceae,Fabales,Herbaceous,F24 3641,15,37,1,3,121,13.9,17.8,46.31535357,93.55258918,201.277991,51.16104819,2.541810356,13.9,15.86921561,31.94123836,62.43272859,-1994.20024,17.72793991,34.65124452,,
327,45798,Genetic bank,ABC-18430,Alysicarpus,vaginalis,Alysicarpus vaginalis,Fabaceae,Fabales,Herbaceous,F24 3642,15,37,1,1,122,15.6,18.9,44.98784343,78.50747432,169.3017707,55.8994702,3.301765243,15.6,17.00897135,28.79648967,51.51478103,-1325.725604,15.98254998,28.59159473,,
328,45798,Genetic bank,ABC-18430,Alysicarpus,vaginalis,Alysicarpus vaginalis,Fabaceae,Fabales,Herbaceous,F24 3642,15,37,1,2,123,15.9,19.1,45.43034681,79.39248108,171.3472331,56.74907112,3.311933906,15.9,17.26888063,29.58974916,52.14138059,-1724.140417,16.42282272,28.93936833,,
329,45798,Genetic bank,ABC-18430,Alysicarpus,vaginalis,Alysicarpus vaginalis,Fabaceae,Fabales,Herbaceous,F24 3642,15,37,1,3,124,15.8,19.2,43.6603333,78.50747432,169.335604,55.84751842,3.298037572,15.8,17.30915923,29.31056933,52.48320812,-1331.975749,16.26787308,29.12908852,,
330,45798,Genetic bank,ABC-18708,Crotalaria,pallida,Crotalaria pallida,Fabaceae,Fabales,Herbaceous,F24 3644,15,37,1,1,125,15.1,22,48.08536708,82.04750135,176.4909543,57.12892335,3.23693209,15.1,17.95613483,31.69095372,55.47269554,-570061.8935,17.5890276,30.78830576,,
331,45798,Genetic bank,ABC-18708,Crotalaria,pallida,Crotalaria pallida,Fabaceae,Fabales,Herbaceous,F24 3644,15,37,1,2,126,15.3,22.1,47.6428637,83.37501148,179.5258489,57.88275716,3.224201835,15.3,18.21428571,32.69935106,56.49238679,8763.011304,18.14870557,31.35425204,,
332,45798,Genetic bank,ABC-18708,Crotalaria,pallida,Crotalaria pallida,Fabaceae,Fabales,Herbaceous,F24 3644,15,37,1,3,127,15.6,22.5,44.98784343,77.62246757,167.13928,67.50770989,4.039009256,15.6,18.50095012,30.92235482,45.80566407,593.6777971,17.16244191,25.42293605,,
333,45798,Genetic bank,ABC-18850,Alysicarpus,rugosus,Alysicarpus rugosus,Fabaceae,Fabales,Herbaceous,F24 3645,15,37,1,1,128,15.7,18.1,37.90778939,70.09991014,149.132645,58.4087454,3.916563366,15.7,16.80215676,25.05750079,42.90025512,-4609.570163,13.90734646,23.81038381,,
334,45798,Genetic bank,ABC-18850,Alysicarpus,rugosus,Alysicarpus rugosus,Fabaceae,Fabales,Herbaceous,F24 3645,15,37,1,2,129,15.5,17.3,38.79279614,70.54241352,150.0440551,51.75953019,3.44962219,15.5,16.31014114,24.47239716,47.28094916,-607.1304549,13.58260382,26.2417448,,
335,45798,Genetic bank,ABC-18850,Alysicarpus,rugosus,Alysicarpus rugosus,Fabaceae,Fabales,Herbaceous,F24 3645,15,37,1,3,130,16.1,17.2,37.02278263,69.21490338,147.3087316,60.07345718,4.078064928,16.1,16.61161428,24.47035828,40.73406032,7419.594502,13.58147221,22.60810822,,
336,45798,Genetic bank,ABC-18865,Alysicarpus,rugosus,Alysicarpus rugosus,Fabaceae,Fabales,Herbaceous,F24 3646,15,37,1,1,131,14.9,16.6,37.90778939,71.42742027,152.8392609,50.80636267,3.324169613,14.9,15.69778007,23.99237104,47.22316217,-584.00032,13.31618102,26.20967202,,
337,45798,Genetic bank,ABC-18865,Alysicarpus,rugosus,Alysicarpus rugosus,Fabaceae,Fabales,Herbaceous,F24 3646,15,37,1,2,132,14.8,16.4,37.90778939,72.31242703,154.7020563,52.39931927,3.387112009,14.8,15.56124426,24.07356486,45.94251451,-733.5695822,13.36124499,25.49889041,,
338,45798,Genetic bank,ABC-18865,Alysicarpus,rugosus,Alysicarpus rugosus,Fabaceae,Fabales,Herbaceous,F24 3646,15,37,1,3,133,14.6,16.7,38.35029276,72.75493041,155.5865314,47.24316677,3.036456069,14.6,15.59305626,24.26069538,51.35281362,-407.5940431,13.46510567,28.50170002,,
339,45798,Genetic bank,ABC-19032,Canavalia,sp.,Canavalia sp.,Fabaceae,Fabales,Climber,F24 3647,15,37,1,1,134,13.6,17.1,39.6778029,78.9499777,170.7138459,53.42397365,3.129445849,13.6,15.34100887,26.18922625,49.02148692,-717.5888706,14.53547367,27.20777336,,
340,45798,Genetic bank,ABC-19032,Canavalia,sp.,Canavalia sp.,Fabaceae,Fabales,Climber,F24 3647,15,37,1,2,135,13.7,18.4,41.44781641,80.71999121,174.6109416,51.09076041,2.925977028,13.7,15.98666058,27.91445857,54.63699961,-567.6432006,15.49300745,30.32448006,,
341,45798,Genetic bank,ABC-19032,Canavalia,sp.,Canavalia sp.,Fabaceae,Fabales,Climber,F24 3647,15,37,1,3,136,13.6,18.3,40.12030628,80.71999121,174.6458568,56.81452327,3.25312746,13.6,15.96395614,27.88038799,49.07264268,-1539.543776,15.4740977,27.23616569,,
342,45798,Genetic bank,ABC-19119,Alysicarpus,rugosus,Alysicarpus rugosus,Fabaceae,Fabales,Herbaceous,F24 3648,15,37,1,1,137,14.3,18.4,42.33282317,67.88739325,146.6741483,47.5850424,3.244269215,14.3,15.84334601,23.23809282,48.83486837,-402.6321565,12.89754356,27.10419684,,
343,45798,Genetic bank,ABC-19119,Alysicarpus,rugosus,Alysicarpus rugosus,Fabaceae,Fabales,Herbaceous,F24 3648,15,37,1,2,138,14.5,18.8,39.23529952,63.46235947,137.0862436,41.11515815,2.999218381,14.5,16.14154561,22.12783854,53.81917408,-241.860073,12.28133322,29.87057274,,
344,45798,Genetic bank,ABC-19119,Alysicarpus,rugosus,Alysicarpus rugosus,Fabaceae,Fabales,Herbaceous,F24 3648,15,37,1,3,139,14.2,18.4,41.00531303,65.23237298,140.9660134,53.32277902,3.782669152,14.2,15.75986433,22.21605246,41.66334325,-800.520666,12.33029347,23.12387632,,
345,45798,Genetic bank,ABC-20303,Canavalia,brasiliensis,Canavalia brasiliensis,Fabaceae,Fabales,Climber,F24 3650,15,37,1,1,140,13.9,18.9,41.44781641,82.9325081,186.4175512,47.71565046,2.559611482,13.9,16.40111161,30.57455063,64.07656677,-233.9102638,16.96940457,35.56360315,,
346,45798,Genetic bank,ABC-20303,Canavalia,brasiliensis,Canavalia brasiliensis,Fabaceae,Fabales,Climber,F24 3650,15,37,1,2,141,14.1,18.9,41.00531303,82.49000472,185.2746625,41.91777794,2.262466836,14.1,16.51394725,30.59616003,72.99089201,-179.9820511,16.98139816,40.51120788,,
347,45798,Genetic bank,ABC-20303,Canavalia,brasiliensis,Canavalia brasiliensis,Fabaceae,Fabales,Climber,F24 3650,15,37,1,3,142,14,18.8,41.89031979,82.9325081,186.1941183,65.49237852,3.517424671,14,16.37545576,30.49013546,46.55524223,-3101.458871,16.92255269,25.83896489,,
348,45798,Genetic bank,ABC-20589,Uraria,lagopodioides,Uraria lagopodioides,Fabaceae,Fabales,Herbaceous,F24 3651,15,37,1,1,143,14.7,19.2,37.02278263,60.8073392,131.9812199,46.21546229,3.501669581,14.7,16.46015767,21.72431689,47.00659868,-253.2707831,12.05737172,26.08947553,,
349,45798,Genetic bank,ABC-20589,Uraria,lagopodioides,Uraria lagopodioides,Fabaceae,Fabales,Herbaceous,F24 3651,15,37,1,2,144,15.2,19.1,37.02278263,61.69234596,134.0627934,51.82267616,3.865552465,15.2,16.75953377,22.46829914,43.35611513,-414.0111331,12.47029475,24.063394,,
350,45798,Genetic bank,ABC-20589,Uraria,lagopodioides,Uraria lagopodioides,Fabaceae,Fabales,Herbaceous,F24 3651,15,37,1,3,145,15.8,19.2,34.36776236,60.36483582,131.0993397,46.59584974,3.55423985,15.8,17.2642639,22.63333597,48.57371654,-270.4634971,12.56189304,26.95925306,,
351,45798,Genetic bank,ABC-21687,Desmanthus,virgatus,Desmanthus virgatus,Fabaceae,Fabales,Shrub,F24 3652,15,37,1,1,146,13.1,17.3,31.27023872,56.38230542,122.6032281,28.69820027,2.340737737,13.1,14.9706344,18.35448104,63.95690625,-173.3210409,10.18705453,35.49718949,,
352,45798,Genetic bank,ABC-21687,Desmanthus,virgatus,Desmanthus virgatus,Fabaceae,Fabales,Shrub,F24 3652,15,37,1,2,147,12.9,17.3,31.71274209,56.8248088,123.7137295,34.44728678,2.784435238,12.9,14.84445165,18.36462476,53.31225325,-229.7794262,10.19268447,29.58922291,,
353,45798,Genetic bank,ABC-21687,Desmanthus,virgatus,Desmanthus virgatus,Fabaceae,Fabales,Shrub,F24 3652,15,37,1,3,148,12.7,17.6,32.15524547,58.15231893,126.5785463,51.37313908,4.058597651,12.7,14.89055168,18.84824386,36.68890824,-6134.328026,10.46110144,20.36297883,,
354,45798,Genetic bank,ABC-22048,Aeschynomene,americana,Aeschynomene americana,Fabaceae,Fabales,Herbaceous,F24 3653,15,37,1,1,149,,,,,,,,,,,,,,,Eliminado DMD,
355,45798,Genetic bank,ABC-22048,Aeschynomene,americana,Aeschynomene americana,Fabaceae,Fabales,Herbaceous,F24 3653,15,37,1,2,150,,,,,,,,,,,,,,,Eliminado DMD,
356,45798,Genetic bank,ABC-22048,Aeschynomene,americana,Aeschynomene americana,Fabaceae,Fabales,Herbaceous,F24 3653,15,37,1,3,151,,,,,,,,,,,,,,,Eliminado DMD,
357,45798,Genetic bank,ABC-22156,Arachis,pintoi,Arachis pintoi,Fabaceae,Fabales,Herbaceous,F24 3654,15,37,1,1,152,13.7,17.1,43.39483127,87.53454323,195.0266382,52.98927812,2.717027715,13.7,15.41446626,30.06231534,56.73282672,-1080.064707,16.68510512,31.48770037,,
358,45798,Genetic bank,ABC-22156,Arachis,pintoi,Arachis pintoi,Fabaceae,Fabales,Herbaceous,F24 3654,15,37,1,2,153,12.8,16.9,45.43034681,89.12755539,198.5758634,35.74458678,1.800046902,12.8,14.81013653,29.40935649,82.27639243,-245.5438251,16.32270167,45.66482127,,
359,45798,Genetic bank,ABC-22156,Arachis,pintoi,Arachis pintoi,Fabaceae,Fabales,Herbaceous,F24 3654,15,37,1,3,154,13,17.1,45.87285019,90.89756891,202.5599266,53.71526736,2.651821032,13,15.03087221,30.44652371,56.68132211,-1270.296079,16.89834742,31.45911442,,
360,45798,Genetic bank,ABC-22507,Desmanthus,subulatus,Desmanthus subulatus,Fabaceae,Fabales,Shrub,F24 3655,15,37,1,1,155,,,,,,,,,,,,,,,Eliminado DMD,
361,45798,Genetic bank,ABC-22507,Desmanthus,subulatus,Desmanthus subulatus,Fabaceae,Fabales,Shrub,F24 3655,15,37,1,2,156,13,17.3,30.82773534,54.61229191,121.4416098,30.48699133,2.510423848,13,14.87272113,18.06167196,59.24386492,-137.591402,10.02454042,32.88137001,,
362,45798,Genetic bank,ABC-22507,Desmanthus,subulatus,Desmanthus subulatus,Fabaceae,Fabales,Shrub,F24 3655,15,37,1,3,157,,,,,,,,,,,,,,,Eliminado DMD,
363,45798,Genetic bank,ABC-22510,Desmanthus,bicornutus,Desmanthus bicornutus,Fabaceae,Fabales,Shrub,F24 3656,15,37,1,1,158,13.2,17.2,27.73021169,47.97474124,109.0954889,25.7760091,2.362701644,13.2,14.88793236,16.24206259,63.01232488,-97.65796798,9.014625743,34.97293049,,
364,45798,Genetic bank,ABC-22510,Desmanthus,bicornutus,Desmanthus bicornutus,Fabaceae,Fabales,Shrub,F24 3656,15,37,1,2,159,12.9,18,26.40270156,46.20472772,104.9654785,22.51068999,2.144580325,12.9,15.08571429,15.83479218,70.34343321,-86.31521752,8.788583618,39.04182245,,
365,45798,Genetic bank,ABC-22510,Desmanthus,bicornutus,Desmanthus bicornutus,Fabaceae,Fabales,Shrub,F24 3656,15,37,1,3,160,,,,,,,,,,,,,,,Eliminado DMD,
368,45798,Genetic bank,ABC-22598,Lablab,purpureus,Lablab purpureus,Fabaceae,Fabales,Climber,F24 3657,15,37,1,1,163,15.3,17.2,40.56280965,69.21490338,155.6216634,46.01630638,2.95693449,15.3,16.08652104,25.03411163,54.40269678,-590.1283141,13.89436507,30.19443794,,
369,45798,Genetic bank,ABC-22598,Lablab,purpureus,Lablab purpureus,Fabaceae,Fabales,Climber,F24 3657,15,37,1,2,164,,,,,,,,,,,,,,,Eliminado 28.89%DMD,
370,45798,Genetic bank,ABC-22598,Lablab,purpureus,Lablab purpureus,Fabaceae,Fabales,Climber,F24 3657,15,37,1,3,165,15.7,17.8,30.82773534,55.93980204,125.6736226,34.08514238,2.712195422,15.7,16.64271589,20.91550395,61.36252481,-206.2498295,11.60846655,34.0572629,,
371,45798,Genetic bank,ABC-22784,Desmanthus,bicornutus,Desmanthus bicornutus,Fabaceae,Fabales,Shrub,F24 3658,15,37,1,1,166,14.2,18.3,26.40270156,53.72728515,115.8944379,36.21493217,3.124820555,14.2,16.28517502,18.87361204,52.11555266,-164.7486942,10.47518122,28.92503338,,
372,45798,Genetic bank,ABC-22784,Desmanthus,bicornutus,Desmanthus bicornutus,Fabaceae,Fabales,Shrub,F24 3658,15,37,1,2,167,13.8,19.1,29.05772183,58.15231893,125.4145636,42.84860866,3.416557648,13.8,16.45168041,20.63280319,48.15279618,-257.2800683,11.45156274,26.72563497,,
373,45798,Genetic bank,ABC-22784,Desmanthus,bicornutus,Desmanthus bicornutus,Fabaceae,Fabales,Shrub,F24 3658,15,37,1,3,168,13.5,19.1,27.73021169,46.20472772,99.74734386,24.89491306,2.49579709,13.5,15.73910615,15.69934033,63.06244289,-90.58440082,8.713405497,35.00074685,,
374,45798,Genetic bank,ABC-25113,Centrosema,brasilianum,Centrosema brasilianum,Fabaceae,Fabales,Climber,F24 3659,15,37,1,1,169,14.9,17.8,37.90778939,61.69234596,134.2717108,52.61818791,3.918784352,14.9,16.0180514,21.50771165,40.87505196,839.3045953,11.93715207,22.68636102,,
375,45798,Genetic bank,ABC-25113,Centrosema,brasilianum,Centrosema brasilianum,Fabaceae,Fabales,Climber,F24 3659,15,37,1,2,170,,,,,,,,,,,,,,,Eliminado 24.35%,
376,45798,Genetic bank,ABC-25113,Centrosema,brasilianum,Centrosema brasilianum,Fabaceae,Fabales,Climber,F24 3659,15,37,1,3,171,15.2,17.9,39.6778029,62.13484933,135.2618327,45.18546383,3.340592312,15.2,16.1758457,21.87974534,48.42208862,-4864.91774,12.1436372,26.87509694,,
377,45798,Genetic bank,ABC-33114,Dendrolobium,sp.,Dendrolobium sp.,Fabaceae,Fabales,Shrub,F24 3660,15,37,1,1,172,14.8,18,23.74768129,41.77969394,91.29180366,27.08401617,2.966752226,14.8,16.18111209,14.77202908,54.54150148,-207.6138623,8.198731711,30.27147695,,
378,45798,Genetic bank,ABC-33114,Dendrolobium,sp.,Dendrolobium sp.,Fabaceae,Fabales,Shrub,F24 3660,15,37,1,2,173,,,,,,,,,,,,,,,Eliminado DMD,
379,45798,Genetic bank,ABC-33114,Dendrolobium,sp.,Dendrolobium sp.,Fabaceae,Fabales,Shrub,F24 3660,15,37,1,3,174,14.6,18,23.74768129,39.12467368,85.47328811,20.45729388,2.3934137,14.6,15.93628652,13.62126809,66.58391953,-139.7674578,7.560039454,36.95522731,,
380,45798,Genetic bank,ABC-43477,Desmodium,cinereum,Desmodium cinereum,Fabaceae,Fabales,Shrub,F24 3662,15,37,1,1,175,,,,,,,,,,,,,,,Eliminado 17.36%DMD,
381,45798,Genetic bank,ABC-43477,Desmodium,cinereum,Desmodium cinereum,Fabaceae,Fabales,Shrub,F24 3662,15,37,1,2,176,15.8,17.6,33.48275561,54.61229191,119.8121052,32.62634433,2.723125872,15.8,16.49642134,19.76470968,60.57898942,-119.0401317,10.96975582,33.62238721,,
382,45798,Genetic bank,ABC-43477,Desmodium,cinereum,Desmodium cinereum,Fabaceae,Fabales,Shrub,F24 3662,15,37,1,3,177,,,,,,,,,,,,,,,Eliminado 15.05%DMD,
383,45798,Genetic bank,ABC-172-1,Stylosanthes,hamata,Stylosanthes hamata,Fabaceae,Fabales,Herbaceous,F24 3539,15,37,1,1,178,,,,,,,,,,,,,,,,
384,45798,Genetic bank,ABC-172-1,Stylosanthes,hamata,Stylosanthes hamata,Fabaceae,Fabales,Herbaceous,F24 3539,15,37,1,2,179,,,,,,,,,,,,,,,,
385,45798,Genetic bank,ABC-172-1,Stylosanthes,hamata,Stylosanthes hamata,Fabaceae,Fabales,Herbaceous,F24 3539,15,37,1,3,180,,,,,,,,,,,,,,,,
386,45798,Genetic bank,ABC-1467-1,Stylosanthes,hamata,Stylosanthes hamata,Fabaceae,Fabales,Herbaceous,F24 3540,15,37,1,1,181,,,,,,,,,,,,,,,,
387,45798,Genetic bank,ABC-1467-1,Stylosanthes,hamata,Stylosanthes hamata,Fabaceae,Fabales,Herbaceous,F24 3540,15,37,1,2,182,,,,,,,,,,,,,,,Eliminado DMD,
388,45798,Genetic bank,ABC-1467-1,Stylosanthes,hamata,Stylosanthes hamata,Fabaceae,Fabales,Herbaceous,F24 3540,15,37,1,3,183,,,,,,,,,,,,,,,,
389,45798,Genetic bank,ABC-1475-1,Stylosanthes,hamata,Stylosanthes hamata,Fabaceae,Fabales,Herbaceous,F24 3541,15,37,1,1,184,,,,,,,,,,,,,,,Eliminado DMD,
390,45798,Genetic bank,ABC-1475-1,Stylosanthes,hamata,Stylosanthes hamata,Fabaceae,Fabales,Herbaceous,F24 3541,15,37,1,2,185,,,,,,,,,,,,,,,Eliminado DMD,
391,45798,Genetic bank,ABC-1475-1,Stylosanthes,hamata,Stylosanthes hamata,Fabaceae,Fabales,Herbaceous,F24 3541,15,37,1,3,186,,,,,,,,,,,,,,,Eliminado DMD,
392,45798,Genetic bank,ABC-1650-1,Stylosanthes,guianensis,Stylosanthes guianensis,Fabaceae,Fabales,Herbaceous,F24 3542,15,37,1,1,187,13.6,16.3,32.15524547,63.46235947,138.0616211,35.43150696,2.56635455,13.6,14.93195816,20.61530351,58.18353571,251.9860686,11.44185011,32.29286896,,
393,45798,Genetic bank,ABC-1650-1,Stylosanthes,guianensis,Stylosanthes guianensis,Fabaceae,Fabales,Herbaceous,F24 3542,15,37,1,2,188,,,,,,,,,,,,,,,Eliminado DMD,
394,45798,Genetic bank,ABC-1650-1,Stylosanthes,guianensis,Stylosanthes guianensis,Fabaceae,Fabales,Herbaceous,F24 3542,15,37,1,3,189,13.5,16,33.48275561,65.23237298,141.855534,34.41350193,2.425954135,13.5,14.71678915,20.87657983,60.66392159,262.1389802,11.58686299,33.66952603,,
395,45798,Genetic bank,ABC-1706-1,Stylosanthes,humilis,Stylosanthes humilis,Fabaceae,Fabales,Herbaceous,F24 3543,15,37,1,1,190,,,,,,,,,,,,,,,Eliminado DMD,
396,45798,Genetic bank,ABC-1706-1,Stylosanthes,humilis,Stylosanthes humilis,Fabaceae,Fabales,Herbaceous,F24 3543,15,37,1,2,191,13.8,16.8,37.02278263,66.55988311,143.5530931,39.05021734,2.72026304,13.8,15.13130194,21.72145195,55.62440733,259.5762894,12.05578164,30.87250843,,
397,45798,Genetic bank,ABC-1706-1,Stylosanthes,humilis,Stylosanthes humilis,Fabaceae,Fabales,Herbaceous,F24 3543,15,37,1,3,192,,,,,,,,,,,,,,,Eliminado DMD,
398,45798,Genetic bank,ABC-1727-1,Stylosanthes,humilis,Stylosanthes humilis,Fabaceae,Fabales,Herbaceous,F24 3544,15,37,1,1,193,13.8,17.3,37.02278263,70.54241352,153.1309946,32.57604246,2.127331736,13.8,15.46309462,23.67879059,72.68774472,325.8966259,13.14213844,40.34295589,,
399,45798,Genetic bank,ABC-1727-1,Stylosanthes,humilis,Stylosanthes humilis,Fabaceae,Fabales,Herbaceous,F24 3544,15,37,1,2,194,13.9,17.3,36.13777587,67.44488987,146.3777294,32.58952186,2.22639892,13.9,15.47823948,22.65669549,69.52141116,311.7677611,12.57485798,38.58558598,,
400,45798,Genetic bank,ABC-1727-1,Stylosanthes,humilis,Stylosanthes humilis,Fabaceae,Fabales,Herbaceous,F24 3544,15,37,1,3,195,14.1,17.8,37.90778939,68.7724,149.2588656,33.32743437,2.232861293,14.1,15.76053619,23.52399754,70.58448387,316.8131221,13.05622562,39.17560973,,
401,45798,Genetic bank,ABC-1803-1,Stylosanthes,humilis,Stylosanthes humilis,Fabaceae,Fabales,Herbaceous,F24 3545,15,37,1,1,196,,,,,,,,,,,,,,,Eliminado DMD,
402,45798,Genetic bank,ABC-1803-1,Stylosanthes,humilis,Stylosanthes humilis,Fabaceae,Fabales,Herbaceous,F24 3545,15,37,1,2,197,,,,,,,,,,,,,,,Eliminado DMD,
403,45798,Genetic bank,ABC-1803-1,Stylosanthes,humilis,Stylosanthes humilis,Fabaceae,Fabales,Herbaceous,F24 3545,15,37,1,3,198,,,,,,,,,,,,,,,Eliminado DMD,
404,45798,Genetic bank,ABC-1964-1,Stylosanthes,guianensis,Stylosanthes guianensis,Fabaceae,Fabales,Herbaceous,F24 3546,15,37,1,1,199,14,15.6,28.61521845,61.69234596,136.6537733,34.54424632,2.527866263,14,14.85786013,20.3038265,58.77629031,511.3955931,11.26897499,32.62185801,,
405,45798,Genetic bank,ABC-1964-1,Stylosanthes,guianensis,Stylosanthes guianensis,Fabaceae,Fabales,Herbaceous,F24 3546,15,37,1,2,200,13.8,15.3,26.84520493,61.24984258,135.6464615,34.11440649,2.514949974,13.8,14.64256472,19.86212092,58.22209138,515.8833815,11.02382075,32.31426802,,
406,45798,Genetic bank,ABC-1964-1,Stylosanthes,guianensis,Stylosanthes guianensis,Fabaceae,Fabales,Herbaceous,F24 3546,15,37,1,3,201,,,,,,,,,,,,,,,,
407,45798,Genetic bank,ABC-2613-1,Stylosanthes,guianensis,Stylosanthes guianensis,Fabaceae,Fabales,Herbaceous,F24 3547,15,37,1,1,202,12.5,13.6,26.84520493,51.07226488,111.0769034,34.77484621,3.130700006,12.5,13.02180505,14.46421782,41.5939088,436.4733948,8.027891133,23.085339,,
408,45798,Genetic bank,ABC-2613-1,Stylosanthes,guianensis,Stylosanthes guianensis,Fabaceae,Fabales,Herbaceous,F24 3547,15,37,1,2,203,,,,,,,,,,,,,,,Eliminado DMD,
409,45798,Genetic bank,ABC-2613-1,Stylosanthes,guianensis,Stylosanthes guianensis,Fabaceae,Fabales,Herbaceous,F24 3547,15,37,1,3,204,,,,,,,,,,,,,,,Eliminado DMD,
410,45798,LMF,Hohenheimer Heustandard,Hohenheimer,Heustandard,Hohenheimer Heustandard,Forage,Forage,Forage,F25 0017,15,37,1,1,205,,,,,,,,,,,,,,,Eliminado DMD,
411,45798,LMF,Hohenheimer Heustandard,Hohenheimer,Heustandard,Hohenheimer Heustandard,Forage,Forage,Forage,F25 0017,15,37,1,2,206,15.9,17.9,20.65015764,43.10720408,188.6403859,27.40090505,1.452547127,15.9,16.94191617,31.95929604,116.6359139,#DIV/0!,17.73796223,64.73495016,,
412,45798,LMF,Hohenheimer Heustandard,Hohenheimer,Heustandard,Hohenheimer Heustandard,Forage,Forage,Forage,F25 0017,15,37,1,3,207,15.3,17.8,22.86267453,44.87721759,196.229241,18.14529535,0.92469885,15.3,16.52637634,32.42958285,178.721714,#DIV/0!,17.99897955,99.19364333,,
413,45798,LMF,Homenheim Concentrate,Homenheim,Concentrate,Homenheim Concentrate,Concentrate,Concentrate,Concentrate,F25 0018,15,37,1,1,208,,,,,,,,,,,,,,,Eliminado DMD,
414,45798,LMF,Homenheim Concentrate,Homenheim,Concentrate,Homenheim Concentrate,Concentrate,Concentrate,Concentrate,F25 0018,15,37,1,2,209,,,,,,,,,,,,,,,Eliminado DMD,
415,45798,LMF,Homenheim Concentrate,Homenheim,Concentrate,Homenheim Concentrate,Concentrate,Concentrate,Concentrate,F25 0018,15,37,1,3,210,15.9,19.3,27.73021169,51.51476826,229.2793835,44.27660303,1.931120119,15.9,17.46979241,40.05463234,90.464556,#DIV/0!,22.23101394,50.20939371,,
416,45798,LMF,Sample 8,Cynodon,nlemfuensis,Cynodon nlemfuensis ,Poaceae,Poales,Grasses,F25 0008,15,37,1,1,211,15.6,17.1,22.42017115,53.72728515,114.6185971,24.28774321,2.119005452,15.6,16.47405628,18.88233219,77.74428454,19930.03372,10.48002105,43.14942298,,
417,45798,LMF,Sample 8,Cynodon,nlemfuensis,Cynodon nlemfuensis ,Poaceae,Poales,Grasses,F25 0008,15,37,1,2,212,,,,,,,,,,,,,,,Eliminado DMD,
418,45798,LMF,Sample 8,Cynodon,nlemfuensis,Cynodon nlemfuensis ,Poaceae,Poales,Grasses,F25 0008,15,37,1,3,213,14.8,16.5,21.5351644,52.39977502,111.7195475,24.71690534,2.212406502,14.8,15.80133709,17.6531823,71.4214909,8210.710102,9.797821592,39.64016311,,
423,45803,Genetic bank,ABC-17360,Alysicarpus,vaginalis,Alysicarpus vaginalis,Fabaceae,Fabales,Herbaceous,F24 3639,15,38,2,1,4,15.8,18.2,36.35902756,69.87865845,150.4211004,66.72073758,4.43559696,15.8,16.95124011,25.4982419,38.21636695,1159.737053,14.1519654,21.21074484,,
424,45803,Genetic bank,ABC-17360,Alysicarpus,vaginalis,Alysicarpus vaginalis,Fabaceae,Fabales,Herbaceous,F24 3639,15,38,2,2,5,16.1,18.1,35.47402081,68.99365169,148.5754256,60.11782512,4.046283218,16.1,17.0716729,25.36431067,42.19099846,-1549.656387,14.07763125,23.41673409,,
425,45803,Genetic bank,ABC-17360,Alysicarpus,vaginalis,Alysicarpus vaginalis,Fabaceae,Fabales,Herbaceous,F24 3639,15,38,2,3,6,16.1,18,35.91652418,68.10864494,146.6695944,58.09356787,3.960846017,16.1,16.99805089,24.9309723,42.91520251,-886.3219834,13.83712096,23.81867987,,
426,45803,Genetic bank,ABC-17768,Clitoria,ternatea,Clitoria ternatea,Fabaceae,Fabales,Climber,F24 3640,15,38,2,1,7,15.1,17.7,47.42161201,98.19887464,209.9168387,56.94731587,2.712851252,15.1,16.44442358,34.51961413,60.61675358,1545.7542,19.15898307,33.64334697,,
427,45803,Genetic bank,ABC-17768,Clitoria,ternatea,Clitoria ternatea,Fabaceae,Fabales,Climber,F24 3640,15,38,2,2,8,14.8,17.2,46.53660526,98.64137802,210.8206347,62.87608204,2.982444395,14.8,16.06773832,33.87410791,53.87439358,695.7867294,18.80071595,29.90122052,,
428,45803,Genetic bank,ABC-17768,Clitoria,ternatea,Clitoria ternatea,Fabaceae,Fabales,Climber,F24 3640,15,38,2,3,9,14.8,17.5,47.86411539,98.64137802,210.9892575,59.50962238,2.820504849,14.8,16.18986916,34.15888473,57.40060743,1012.250032,18.95877201,31.85833022,,
429,45803,Genetic bank,ABC-18004,Chamaecrista,rotundifolia,Chamaecrista rotundifolia,Fabaceae,Fabales,Herbaceous,F24 3641,15,38,2,1,10,14.1,17,41.6690681,93.77384086,201.5525008,57.46442767,2.851089787,14.1,15.71136453,31.66664812,55.10652313,2293.926785,17.57553757,30.58507374,,
430,45803,Genetic bank,ABC-18004,Chamaecrista,rotundifolia,Chamaecrista rotundifolia,Fabaceae,Fabales,Herbaceous,F24 3641,15,38,2,2,11,14.2,16.9,42.55407486,97.31386789,209.244844,61.10277691,2.920156871,14.2,15.7193255,32.89187813,53.83041458,1060.311972,18.25556143,29.87681141,,
431,45803,Genetic bank,ABC-18004,Chamaecrista,rotundifolia,Chamaecrista rotundifolia,Fabaceae,Fabales,Herbaceous,F24 3641,15,38,2,3,12,14.5,17.4,42.11157148,93.33133749,200.7618246,57.1937956,2.848838205,14.5,16.09150533,32.30559971,56.48444795,2577.254925,17.93016676,31.34984585,,
432,45803,Genetic bank,ABC-18430,Alysicarpus,vaginalis,Alysicarpus vaginalis,Fabaceae,Fabales,Herbaceous,F24 3642,15,38,2,1,13,15.7,17.9,42.11157148,80.49873952,173.7347933,65.10142116,3.747172338,15.7,16.74910673,29.09902596,44.69798884,1045.577119,16.15046285,24.80815713,,
433,45803,Genetic bank,ABC-18430,Alysicarpus,vaginalis,Alysicarpus vaginalis,Fabaceae,Fabales,Herbaceous,F24 3642,15,38,2,2,14,15.4,17.6,40.34155797,79.17122939,170.8014142,62.54810524,3.66203673,15.4,16.47899395,28.14635471,44.99953212,2000.351557,15.62171382,24.97551886,,
434,45803,Genetic bank,ABC-18430,Alysicarpus,vaginalis,Alysicarpus vaginalis,Fabaceae,Fabales,Herbaceous,F24 3642,15,38,2,3,15,15.7,18,41.6690681,80.49873952,173.5959443,63.55506339,3.661091487,15.7,16.80943656,29.18050012,45.91372986,1497.584056,16.19568242,25.48291443,,
435,45803,Genetic bank,ABC-18708,Crotalaria,pallida,Crotalaria pallida,Fabaceae,Fabales,Herbaceous,F24 3644,15,38,2,1,16,15.4,17.5,41.6690681,80.9412429,174.1808898,53.34588949,3.062671774,15.4,16.41890661,28.59859763,53.60974932,-1501.261307,15.87271647,29.75433838,,
436,45803,Genetic bank,ABC-18708,Crotalaria,pallida,Crotalaria pallida,Fabaceae,Fabales,Herbaceous,F24 3644,15,38,2,2,17,15.2,18,44.32408837,83.59626317,179.8224689,58.4841054,3.252324682,15.2,16.51539479,29.69839067,50.78027691,4402.45235,16.48312064,28.18393224,,
437,45803,Genetic bank,ABC-18708,Crotalaria,pallida,Crotalaria pallida,Fabaceae,Fabales,Herbaceous,F24 3644,15,38,2,3,18,15.1,18.8,42.55407486,81.38374628,175.1681372,55.63960283,3.176354086,15.1,16.86533756,29.54269764,53.09652862,-3920.835724,16.39670831,29.46949201,,
438,45803,Genetic bank,ABC-18850,Alysicarpus,rugosus,Alysicarpus rugosus,Fabaceae,Fabales,Herbaceous,F24 3645,15,38,2,1,19,15.5,16.2,36.35902756,72.9761821,155.3137878,52.90115178,3.406082133,15.5,15.851238,24.61915815,46.53803807,-716.894937,13.66405871,25.82941628,,
439,45803,Genetic bank,ABC-18850,Alysicarpus,rugosus,Alysicarpus rugosus,Fabaceae,Fabales,Herbaceous,F24 3645,15,38,2,2,20,15.4,16,35.91652418,72.9761821,155.251712,57.08973887,3.677237316,15.4,15.70469934,24.38181459,42.70787549,-1973.404459,13.53232893,23.70360978,,
440,45803,Genetic bank,ABC-18850,Alysicarpus,rugosus,Alysicarpus rugosus,Fabaceae,Fabales,Herbaceous,F24 3645,15,38,2,3,21,15.4,16,35.91652418,72.9761821,155.2206926,56.01353987,3.608638702,15.4,15.70469934,24.3769431,43.51973318,-1354.491282,13.52962517,24.15420485,,
441,45803,Genetic bank,ABC-18865,Alysicarpus,rugosus,Alysicarpus rugosus,Fabaceae,Fabales,Herbaceous,F24 3646,15,38,2,1,22,14.7,15.4,36.35902756,73.41868547,157.1315523,50.66811319,3.22456645,14.7,15.05334003,23.65354687,46.68329917,-565.7665265,13.12812774,25.91003871,,
442,45803,Genetic bank,ABC-18865,Alysicarpus,rugosus,Alysicarpus rugosus,Fabaceae,Fabales,Herbaceous,F24 3646,15,38,2,2,23,14.2,15.5,34.14651067,72.9761821,156.122065,55.5013861,3.554999488,14.2,14.89171299,23.24924982,41.88949404,-1389.134037,12.90373589,23.24939392,,
443,45803,Genetic bank,ABC-18865,Alysicarpus,rugosus,Alysicarpus rugosus,Fabaceae,Fabales,Herbaceous,F24 3646,15,38,2,3,24,14.2,15.2,33.70400729,71.64867196,153.2820476,57.42680689,3.74647963,14.2,14.72959341,22.57782239,39.3158241,-3342.139697,12.53108204,21.82096258,,
444,45803,Genetic bank,ABC-19032,Canavalia,sp.,Canavalia sp.,Fabaceae,Fabales,Climber,F24 3647,15,38,2,1,25,13.2,16.4,36.35902756,85.36627668,184.66164,58.48879665,3.167349573,13.2,15.03706263,27.76768646,47.4752227,-3079.320373,15.4115464,26.34956997,,
445,45803,Genetic bank,ABC-19032,Canavalia,sp.,Canavalia sp.,Fabaceae,Fabales,Climber,F24 3647,15,38,2,2,26,13.5,16.4,34.58901405,85.80878006,185.6188493,59.78669774,3.220938927,13.5,15.23102707,28.27165719,47.28753763,-14335.77404,15.69125887,26.24540151,,
446,45803,Genetic bank,ABC-19032,Canavalia,sp.,Canavalia sp.,Fabaceae,Fabales,Climber,F24 3647,15,38,2,3,27,13.4,16.9,36.80153094,85.36627668,184.66164,68.52589845,3.710889737,13.4,15.39114471,28.42154023,41.47561852,625.1067431,15.77444655,23.01968585,,
447,45803,Genetic bank,ABC-19119,Alysicarpus,rugosus,Alysicarpus rugosus,Fabaceae,Fabales,Herbaceous,F24 3648,15,38,2,1,28,14.5,16.7,35.91652418,65.89612805,142.4288451,73.28491707,5.14537045,14.5,15.50089536,22.07774623,30.12590737,288.4128085,12.25353113,16.7203998,,
448,45803,Genetic bank,ABC-19119,Alysicarpus,rugosus,Alysicarpus rugosus,Fabaceae,Fabales,Herbaceous,F24 3648,15,38,2,2,29,14.3,16.4,35.47402081,65.45362467,141.3876132,60.51302608,4.279938299,14.3,15.26185915,21.5783784,35.6590635,2200.252645,11.97637334,19.79139718,,
449,45803,Genetic bank,ABC-19119,Alysicarpus,rugosus,Alysicarpus rugosus,Fabaceae,Fabales,Herbaceous,F24 3648,15,38,2,3,30,14,16.8,38.57154445,68.55114832,148.1970719,56.56850034,3.817113228,14,15.22452932,22.56230666,39.88492981,-2089.085912,12.52247055,22.1368261,,
450,45803,Genetic bank,ABC-20303,Canavalia,brasiliensis,Canavalia brasiliensis,Fabaceae,Fabales,Climber,F24 3650,15,38,2,1,31,13.5,17.1,37.6865377,89.34880708,200.759948,57.33091984,2.855695094,13.5,15.5815518,31.28151528,54.56307934,-478.9834403,17.36178218,30.28345303,,
451,45803,Genetic bank,ABC-20303,Canavalia,brasiliensis,Canavalia brasiliensis,Fabaceae,Fabales,Climber,F24 3650,15,38,2,2,32,13.5,17,39.01404783,90.23381384,202.7890322,58.24381064,2.872138104,13.5,15.48671843,31.40536642,53.92052147,-531.2544455,17.43052171,29.9268223,,
452,45803,Genetic bank,ABC-20303,Canavalia,brasiliensis,Canavalia brasiliensis,Fabaceae,Fabales,Climber,F24 3650,15,38,2,3,33,13.7,17,36.80153094,87.13629019,195.7103386,57.55011613,2.940576187,13.7,15.60626322,30.5430706,53.07212679,-478.7850949,16.95193261,29.45594857,,
453,45803,Genetic bank,ABC-20589,Uraria,lagopodioides,Uraria lagopodioides,Fabaceae,Fabales,Herbaceous,F24 3651,15,38,2,1,34,14.5,17.5,34.14651067,63.24110778,137.3185317,57.22441984,4.167275831,14.5,15.88017493,21.80642304,38.10684862,-916.2052772,12.10294206,21.14996027,,
454,45803,Genetic bank,ABC-20589,Uraria,lagopodioides,Uraria lagopodioides,Fabaceae,Fabales,Herbaceous,F24 3651,15,38,2,2,35,15.2,17.4,33.26150392,63.68361116,138.2517329,59.12166282,4.276377706,15.2,16.25095541,22.46722747,38.00168397,-1713.503872,12.46969995,21.09159207,,
455,45803,Genetic bank,ABC-20589,Uraria,lagopodioides,Uraria lagopodioides,Fabaceae,Fabales,Herbaceous,F24 3651,15,38,2,3,36,15.1,17.7,34.14651067,64.56861791,140.2290432,56.52089922,4.030612911,15.1,16.32501428,22.89241133,40.50256038,-824.3881577,12.70568435,22.47962174,,
456,45803,Genetic bank,ABC-21687,Desmanthus,virgatus,Desmanthus virgatus,Fabaceae,Fabales,Shrub,F24 3652,15,38,2,1,37,12.1,15.5,28.83647014,57.04606049,124.1457599,51.6657714,4.161702455,12.1,13.78131868,17.10892281,33.11461795,-9811.046985,9.49574816,18.37918588,,
457,45803,Genetic bank,ABC-21687,Desmanthus,virgatus,Desmanthus virgatus,Fabaceae,Fabales,Shrub,F24 3652,15,38,2,2,38,12.5,15.3,27.95146338,57.93106724,126.1221733,47.68410167,3.780786552,12.5,13.94901337,17.59279881,36.89447466,-887.5033755,9.764307713,20.47707175,,
458,45803,Genetic bank,ABC-21687,Desmanthus,virgatus,Desmanthus virgatus,Fabaceae,Fabales,Shrub,F24 3652,15,38,2,3,39,12.3,15.4,27.95146338,57.48856386,125.133769,49.74063479,3.974996932,12.3,13.89275176,17.3845239,34.95034588,-1658.310034,9.648711536,19.39804664,,
459,45803,Genetic bank,ABC-22048,Aeschynomene,americana,Aeschynomene americana,Fabaceae,Fabales,Herbaceous,F24 3653,15,38,2,1,40,13.6,16,50.07663228,88.02129695,196.7472428,62.40354621,3.171762172,13.6,14.63460411,28.79318007,46.14029461,1413.930054,15.98071309,25.60866178,,
460,45803,Genetic bank,ABC-22048,Aeschynomene,americana,Aeschynomene americana,Fabaceae,Fabales,Herbaceous,F24 3653,15,38,2,2,41,13.6,16,50.51913566,89.34880708,199.8742958,65.19210335,3.261655186,13.6,14.64300454,29.26760221,44.8943978,825.3534203,16.24402559,24.9171675,,
461,45803,Genetic bank,ABC-22048,Aeschynomene,americana,Aeschynomene americana,Fabaceae,Fabales,Herbaceous,F24 3653,15,38,2,3,42,13.5,16.1,51.40414242,89.79131046,200.8240161,66.00422659,3.286669985,13.5,14.61154004,29.34348152,44.4569735,736.4468698,16.28613992,24.67438944,,
462,45803,Genetic bank,ABC-22156,Arachis,pintoi,Arachis pintoi,Fabaceae,Fabales,Herbaceous,F24 3654,15,38,2,1,43,13.2,15.5,39.89905459,93.77384086,209.0949125,65.37153687,3.126404947,13.2,14.52139206,30.36349201,46.44757254,794.6137835,16.85226338,25.77920635,,
463,45803,Genetic bank,ABC-22156,Arachis,pintoi,Arachis pintoi,Fabaceae,Fabales,Herbaceous,F24 3654,15,38,2,2,44,12.2,15.3,41.22656472,92.44633073,206.0936399,56.46112987,2.739586233,12.2,13.91755086,28.68318715,50.80165277,-3074.449094,15.91966512,28.19579621,,
464,45803,Genetic bank,ABC-22156,Arachis,pintoi,Arachis pintoi,Fabaceae,Fabales,Herbaceous,F24 3654,15,38,2,3,45,12.5,15.4,41.6690681,94.65884762,210.9417166,65.23631058,3.092622532,12.5,14.12341254,29.79216887,45.66807749,795.1441836,16.53516916,25.34657311,,
465,45803,Genetic bank,ABC-22507,Desmanthus,subulatus,Desmanthus subulatus,Fabaceae,Fabales,Shrub,F24 3655,15,38,2,1,46,12.2,15.5,28.39396676,54.8335436,121.8848542,44.51852348,3.652506602,12.2,13.79119032,16.80937221,37.75815301,-280.8005346,9.329492398,20.95642818,,
466,45803,Genetic bank,ABC-22507,Desmanthus,subulatus,Desmanthus subulatus,Fabaceae,Fabales,Shrub,F24 3655,15,38,2,2,47,12,15.6,29.27897351,56.16105373,124.7608379,46.28453601,3.709860947,12,13.72317794,17.12115178,36.99108439,-336.6925567,9.502535449,20.53069182,,
467,45803,Genetic bank,ABC-22507,Desmanthus,subulatus,Desmanthus subulatus,Fabaceae,Fabales,Shrub,F24 3655,15,38,2,3,48,12.3,15.4,28.83647014,55.27604697,122.8438987,51.68564861,4.207424965,12.3,13.78278853,16.93131477,32.75825152,-723.2466251,9.397172627,18.18139635,,
468,45803,Genetic bank,ABC-22510,Desmanthus,bicornutus,Desmanthus bicornutus,Fabaceae,Fabales,Shrub,F24 3656,15,38,2,1,49,12.5,16.2,23.96893298,45.09846928,102.534284,41.59212501,4.056411513,12.5,14.23352412,14.59424205,35.08895504,-177.1071537,8.100056831,19.47497712,,
469,45803,Genetic bank,ABC-22510,Desmanthus,bicornutus,Desmanthus bicornutus,Fabaceae,Fabales,Shrub,F24 3656,15,38,2,2,50,12.9,16,23.96893298,45.54097266,103.5196442,39.30796073,3.797149905,12.9,14.36842105,14.87413836,37.84001531,-157.4009812,8.255404125,21.00186317,,
470,45803,Genetic bank,ABC-22510,Desmanthus,bicornutus,Desmanthus bicornutus,Fabaceae,Fabales,Shrub,F24 3656,15,38,2,3,51,12.3,16.1,24.41143636,46.42597941,105.5102684,35.22931153,3.338946253,12.3,14.10190627,14.87895916,42.234601,-128.1547225,8.258079755,23.44093426,,
473,45803,Genetic bank,ABC-22598,Lablab,purpureus,Lablab purpureus,Fabaceae,Fabales,Climber,F24 3657,15,38,2,1,54,15,16.5,37.6865377,71.64867196,160.9971301,57.66584573,3.581793395,15,15.7110139,25.29428149,43.86354031,1659.364228,14.03876384,24.34502376,,
474,45803,Genetic bank,ABC-22598,Lablab,purpureus,Lablab purpureus,Fabaceae,Fabales,Climber,F24 3657,15,38,2,2,55,15.3,16.5,35.91652418,68.99365169,155.1242047,57.46057962,3.704165945,15.3,15.87530732,24.62644423,42.85798088,1729.837049,13.66810261,23.78692087,,
475,45803,Genetic bank,ABC-22598,Lablab,purpureus,Lablab purpureus,Fabaceae,Fabales,Climber,F24 3657,15,38,2,3,56,15.1,16.5,36.35902756,68.55114832,154.0676725,60.75891318,3.943651006,15.1,15.75745024,24.27713684,39.95650279,794.5833842,13.47423097,22.17655034,,
476,45803,Genetic bank,ABC-22784,Desmanthus,bicornutus,Desmanthus bicornutus,Fabaceae,Fabales,Shrub,F24 3658,15,38,2,1,57,12.3,16.3,29.27897351,55.27604697,119.3544874,38.634278,3.236935523,12.3,14.18125417,16.92596322,43.81074035,-165.7213766,9.394202424,24.31571886,,
477,45803,Genetic bank,ABC-22784,Desmanthus,bicornutus,Desmanthus bicornutus,Fabaceae,Fabales,Shrub,F24 3658,15,38,2,2,58,12.2,16.2,29.72147689,55.71855035,120.2859031,51.3403662,4.268194766,12.2,14.0663137,16.91979247,32.95611955,-466.4703602,9.390777548,18.29121653,,
478,45803,Genetic bank,ABC-22784,Desmanthus,bicornutus,Desmanthus bicornutus,Fabaceae,Fabales,Shrub,F24 3658,15,38,2,3,59,12.4,16.3,27.95146338,53.94853684,116.4880688,46.81781377,4.019108074,12.4,14.27935748,16.63374776,35.52867258,-278.53047,9.23201779,19.71902797,,
479,45803,Genetic bank,ABC-25113,Centrosema,brasilianum,Centrosema brasilianum,Fabaceae,Fabales,Climber,F24 3659,15,38,2,1,60,14.3,16.8,41.22656472,71.20616858,155.1332649,59.01960784,3.804445674,14.3,15.35256344,23.81693291,40.3542717,461.3906962,13.21880982,22.39731897,,
480,45803,Genetic bank,ABC-25113,Centrosema,brasilianum,Centrosema brasilianum,Fabaceae,Fabales,Climber,F24 3659,15,38,2,2,61,14.9,16.9,38.57154445,67.66614156,147.361843,53.54799257,3.633775982,14.9,15.7599455,23.22414615,43.37071295,789.6299509,12.88980291,24.07149605,,
481,45803,Genetic bank,ABC-25113,Centrosema,brasilianum,Centrosema brasilianum,Fabaceae,Fabales,Climber,F24 3659,15,38,2,3,62,14.8,17.1,40.78406134,69.87865845,152.1802139,47.18888044,3.10085518,14.8,15.75762533,23.97998793,50.81703084,6615.620982,13.30930818,28.2043313,,
482,45803,Genetic bank,ABC-33114,Dendrolobium,sp.,Dendrolobium sp.,Fabaceae,Fabales,Shrub,F24 3660,15,38,2,1,63,13.8,16.9,21.75641609,43.77095915,95.58551801,31.5826215,3.304122021,13.8,15.35914069,14.68111419,46.48478656,-275.7079887,8.148272375,25.79986077,,
483,45803,Genetic bank,ABC-33114,Dendrolobium,sp.,Dendrolobium sp.,Fabaceae,Fabales,Shrub,F24 3660,15,38,2,2,64,13.2,16.9,30.60648365,52.62102671,114.9119917,32.01937463,2.786425868,13.2,14.74793273,16.94714324,52.92777711,-328.9760913,9.4059577,29.375832,,
484,45803,Genetic bank,ABC-33114,Dendrolobium,sp.,Dendrolobium sp.,Fabaceae,Fabales,Shrub,F24 3660,15,38,2,3,65,13.5,17.1,30.60648365,51.73601995,112.9567666,29.10729867,2.576853034,13.5,14.97027798,16.90994195,58.09519509,-268.1414676,9.38531034,32.24383838,,
485,45803,Genetic bank,ABC-43477,Desmodium,cinereum,Desmodium cinereum,Fabaceae,Fabales,Shrub,F24 3662,15,38,2,1,66,15.3,16.5,32.81900054,59.25857738,129.9015371,37.7001297,2.902208129,15.3,15.83540759,20.57043787,54.56330796,-150.2597528,11.41694891,30.28357992,,
486,45803,Genetic bank,ABC-43477,Desmodium,cinereum,Desmodium cinereum,Fabaceae,Fabales,Shrub,F24 3662,15,38,2,2,67,15.2,16.5,32.37649716,58.816074,129.034644,48.64157346,3.769652238,15.2,15.78438871,20.36732979,41.87226756,-273.6934466,11.30422041,23.23983293,,
487,45803,Genetic bank,ABC-43477,Desmodium,cinereum,Desmodium cinereum,Fabaceae,Fabales,Shrub,F24 3662,15,38,2,3,69,15.5,16.5,32.37649716,58.37357062,128.0382479,44.22111566,3.453742642,15.5,15.94535692,20.41615562,46.16834134,-204.8077019,11.33131959,25.6242282,,
488,45803,Genetic bank,ABC-172-1,Stylosanthes,hamata,Stylosanthes hamata,Fabaceae,Fabales,Herbaceous,F24 3539,15,38,2,1,70,13.3,15.3,28.83647014,72.9761821,160.0793685,46.54236359,2.907455473,13.3,14.50970187,23.22703912,49.90515592,278.7113316,12.89140856,27.69822495,,
489,45803,Genetic bank,ABC-172-1,Stylosanthes,hamata,Stylosanthes hamata,Fabaceae,Fabales,Herbaceous,F24 3539,15,38,2,2,71,13.2,15.2,30.60648365,77.40121588,169.7860507,43.9319989,2.587491653,13.2,14.40914721,24.464722,55.68770511,318.986025,13.57834397,30.90763979,,
490,45803,Genetic bank,ABC-172-1,Stylosanthes,hamata,Stylosanthes hamata,Fabaceae,Fabales,Herbaceous,F24 3539,15,38,2,3,72,13.1,14.8,27.95146338,72.9761821,160.0793685,38.46997532,2.403181353,13.1,14.14886306,22.64941063,58.8755528,360.6746391,12.57081476,32.67695041,,
491,45803,Genetic bank,ABC-1467-1,Stylosanthes,hamata,Stylosanthes hamata,Fabaceae,Fabales,Herbaceous,F24 3540,15,38,2,1,73,,,,,,,,,,,,,,,,
492,45803,Genetic bank,ABC-1467-1,Stylosanthes,hamata,Stylosanthes hamata,Fabaceae,Fabales,Herbaceous,F24 3540,15,38,2,2,74,,,,,,,,,,,,,,,Eliminado DMD,
493,45803,Genetic bank,ABC-1467-1,Stylosanthes,hamata,Stylosanthes hamata,Fabaceae,Fabales,Herbaceous,F24 3540,15,38,2,3,75,,,,,,,,,,,,,,,,
494,45803,Genetic bank,ABC-1475-1,Stylosanthes,hamata,Stylosanthes hamata,Fabaceae,Fabales,Herbaceous,F24 3541,15,38,2,1,76,,,,,,,,,,,,,,,Eliminado DMD,
495,45803,Genetic bank,ABC-1475-1,Stylosanthes,hamata,Stylosanthes hamata,Fabaceae,Fabales,Herbaceous,F24 3541,15,38,2,2,77,,,,,,,,,,,,,,,Eliminado DMD,
496,45803,Genetic bank,ABC-1475-1,Stylosanthes,hamata,Stylosanthes hamata,Fabaceae,Fabales,Herbaceous,F24 3541,15,38,2,3,78,,,,,,,,,,,,,,,Eliminado DMD,
497,45803,Genetic bank,ABC-1650-1,Stylosanthes,guianensis,Stylosanthes guianensis,Fabaceae,Fabales,Herbaceous,F24 3542,15,38,2,1,79,13.2,14.9,30.60648365,73.41868547,159.6576417,45.67802646,2.860998445,13.2,14.1913109,22.65751231,49.60265156,219.3147862,12.57531133,27.53032979,,
498,45803,Genetic bank,ABC-1650-1,Stylosanthes,guianensis,Stylosanthes guianensis,Fabaceae,Fabales,Herbaceous,F24 3542,15,38,2,2,80,12.9,14.8,28.83647014,71.64867196,155.8708483,45.83034109,2.94027662,12.9,14.03530623,21.87695087,47.73464556,211.0208657,12.14208623,26.49355414,,
499,45803,Genetic bank,ABC-1650-1,Stylosanthes,guianensis,Stylosanthes guianensis,Fabaceae,Fabales,Herbaceous,F24 3542,15,38,2,3,81,12.5,14.9,30.60648365,74.30369223,161.5821939,41.56799724,2.572560518,12.5,13.91141439,22.47836857,54.07614046,237.4298935,12.47588346,30.01319353,,
500,45803,Genetic bank,ABC-1706-1,Stylosanthes,humilis,Stylosanthes humilis,Fabaceae,Fabales,Herbaceous,F24 3543,15,38,2,1,82,12.7,15.6,33.70400729,75.18869899,162.1633001,47.87132884,2.952044562,12.7,14.30004904,23.18943145,48.4411693,225.6139431,12.87053566,26.88568705,,
501,45803,Genetic bank,ABC-1706-1,Stylosanthes,humilis,Stylosanthes humilis,Fabaceae,Fabales,Herbaceous,F24 3543,15,38,2,2,83,13.1,15.7,35.03151743,75.63120236,163.1829168,45.80074438,2.806711957,13.1,14.49570941,23.65452143,51.6465873,240.5408861,13.12866864,28.66474949,,
502,45803,Genetic bank,ABC-1706-1,Stylosanthes,humilis,Stylosanthes humilis,Fabaceae,Fabales,Herbaceous,F24 3543,15,38,2,3,84,12.5,15.5,33.26150392,74.30369223,160.1905104,42.71803012,2.666701668,12.5,14.15707196,22.67828583,53.08832304,247.6148929,12.58684099,29.46493777,,
503,45803,Genetic bank,ABC-1727-1,Stylosanthes,humilis,Stylosanthes humilis,Fabaceae,Fabales,Herbaceous,F24 3544,15,38,2,1,85,13,16,35.03151743,77.40121588,167.9526744,39.74195736,2.366259275,13,14.64221058,24.59198425,61.87914709,279.5456747,13.64897673,34.34399721,,
504,45803,Genetic bank,ABC-1727-1,Stylosanthes,humilis,Stylosanthes humilis,Fabaceae,Fabales,Herbaceous,F24 3544,15,38,2,2,86,12.9,16.1,34.58901405,75.63120236,164.1775588,44.99281764,2.740497421,12.9,14.63651877,24.02987921,53.40825597,242.1059984,13.33699871,29.64250608,,
505,45803,Genetic bank,ABC-1727-1,Stylosanthes,humilis,Stylosanthes humilis,Fabaceae,Fabales,Herbaceous,F24 3544,15,38,2,3,87,13.4,16.1,34.58901405,77.40121588,167.9526744,41.60806887,2.477368641,13.4,14.89342544,25.01390633,60.11792187,271.9884783,13.88315078,33.36648674,,
506,45803,Genetic bank,ABC-1803-1,Stylosanthes,humilis,Stylosanthes humilis,Fabaceae,Fabales,Herbaceous,F24 3545,15,38,2,1,89,,,,,,,,,,,,,,,Eliminado DMD,
507,45803,Genetic bank,ABC-1803-1,Stylosanthes,humilis,Stylosanthes humilis,Fabaceae,Fabales,Herbaceous,F24 3545,15,38,2,2,90,,,,,,,,,,,,,,,Eliminado DMD,
508,45803,Genetic bank,ABC-1803-1,Stylosanthes,humilis,Stylosanthes humilis,Fabaceae,Fabales,Herbaceous,F24 3545,15,38,2,3,91,,,,,,,,,,,,,,,Eliminado DMD,
509,45803,Genetic bank,ABC-1964-1,Stylosanthes,guianensis,Stylosanthes guianensis,Fabaceae,Fabales,Herbaceous,F24 3546,15,38,2,1,92,13.1,14.8,28.83647014,73.41868547,162.5635834,42.23154685,2.597847929,13.1,14.13229533,22.97396571,54.40000999,376.43652,12.75094844,30.19294672,,
510,45803,Genetic bank,ABC-1964-1,Stylosanthes,guianensis,Stylosanthes guianensis,Fabaceae,Fabales,Herbaceous,F24 3546,15,38,2,2,93,13,14.6,27.95146338,72.09117534,159.5923061,41.00338999,2.569258569,13,13.97964194,22.31043296,54.41119127,387.2752997,12.38267628,30.19915253,,
511,45803,Genetic bank,ABC-1964-1,Stylosanthes,guianensis,Stylosanthes guianensis,Fabaceae,Fabales,Herbaceous,F24 3546,15,38,2,3,94,12.8,14.7,27.95146338,70.32116183,155.7050495,45.64141339,2.931273811,12.8,13.94478238,21.71273031,47.57243192,307.9935306,12.05094098,26.40352277,,
512,45803,Genetic bank,ABC-2613-1,Stylosanthes,guianensis,Stylosanthes guianensis,Fabaceae,Fabales,Herbaceous,F24 3547,15,38,2,1,96,11.1,12.4,27.50896,60.58608751,131.7158096,33.03995849,2.508427698,11.1,11.80973828,15.55529239,47.08024192,551.1351645,8.633456398,26.1303488,,
513,45803,Genetic bank,ABC-2613-1,Stylosanthes,guianensis,Stylosanthes guianensis,Fabaceae,Fabales,Herbaceous,F24 3547,15,38,2,2,97,11.6,12.4,28.39396676,63.68361116,138.4222428,50.50729049,3.648784291,11.6,12.0433121,16.67062271,33.00636908,214.943625,9.252484025,18.31910589,,
514,45803,Genetic bank,ABC-2613-1,Stylosanthes,guianensis,Stylosanthes guianensis,Fabaceae,Fabales,Herbaceous,F24 3547,15,38,2,3,98,11.1,12.1,27.95146338,61.02859089,132.6513096,43.42137776,3.273347084,11.1,11.64199396,15.44325745,35.56602359,268.3792495,8.571275071,19.73975842,,
515,45803,LMF,Hohenheimer Heustandard,Hohenheimer,Heustandard,Hohenheimer Heustandard,Forage,Forage,Forage,F25 0017,15,38,2,1,100,14.5,16.5,27.50896,52.17852333,228.2459397,41.29652746,1.809299544,14.5,15.44558304,35.25391615,85.36774959,#DIV/0!,19.56653339,47.38057797,,
516,45803,LMF,Hohenheimer Heustandard,Hohenheimer,Heustandard,Hohenheimer Heustandard,Forage,Forage,Forage,F25 0017,15,38,2,2,101,15.9,17.2,19.5438992,42.88595239,187.8223095,41.66404095,2.218269015,15.9,16.60756664,31.19271521,74.86723443,#DIV/0!,17.31249661,41.55261039,,
517,45803,LMF,Hohenheimer Heustandard,Hohenheimer,Heustandard,Hohenheimer Heustandard,Forage,Forage,Forage,F25 0017,15,38,2,3,102,15.1,16.5,22.19891947,47.75348955,208.7226156,40.90631302,1.959840954,15.1,15.84918919,33.08084223,80.86977239,#DIV/0!,18.36043977,44.88412281,,
518,45803,LMF,Homenheim Concentrate,Homenheim,Concentrate,Homenheim Concentrate,Concentrate,Concentrate,Concentrate,F25 0018,15,38,2,1,103,15.7,17.7,27.95146338,57.04606049,254.3038595,54.93094532,2.160051579,15.7,16.72003878,42.51970394,77.40573859,#DIV/0!,23.59917132,42.96152412,,
519,45803,LMF,Homenheim Concentrate,Homenheim,Concentrate,Homenheim Concentrate,Concentrate,Concentrate,Concentrate,F25 0018,15,38,2,2,104,15.5,17.5,27.50896,56.60355711,251.9283133,50.90822136,2.020742357,15.5,16.52801303,41.63874445,81.79178792,#DIV/0!,23.11022356,45.39585738,,
520,45803,LMF,Homenheim Concentrate,Homenheim,Concentrate,Homenheim Concentrate,Concentrate,Concentrate,Concentrate,F25 0018,15,38,2,3,105,15.6,17.3,24.41143636,53.50603346,238.3322935,49.04272918,2.057745867,15.6,16.52439697,39.38297428,80.3033904,#DIV/0!,21.85823209,44.569771,,
521,45803,LMF,Sample 8,Cynodon,nlemfuensis,Cynodon nlemfuensis ,Poaceae,Poales,Grasses,F25 0008,15,38,2,1,106,14.6,16.2,23.08392622,63.68361116,135.7773811,29.53536453,2.175278701,14.6,15.62003474,21.2084741,71.80705044,1354.432523,11.77107006,39.85415533,,
522,45803,LMF,Sample 8,Cynodon,nlemfuensis,Cynodon nlemfuensis ,Poaceae,Poales,Grasses,F25 0008,15,38,2,2,107,14.9,15.8,19.10139582,58.816074,125.3493924,37.36374441,2.980767891,14.9,15.5077116,19.43882227,52.02589456,517.1219101,10.78888267,28.87527158,,
523,45803,LMF,Sample 8,Cynodon,nlemfuensis,Cynodon nlemfuensis ,Poaceae,Poales,Grasses,F25 0008,15,38,2,3,108,14.5,15.8,22.64142284,63.24110778,134.8339367,37.33870994,2.769236801,14.5,15.33457726,20.67621419,55.37474172,550.8479815,11.4756566,30.7339397,,
528,45805,Genetic bank,ABC-17360,Alysicarpus,vaginalis,Alysicarpus vaginalis,Fabaceae,Fabales,Herbaceous,F24 3639,15,39,3,1,113,15,18.4,36.65402981,68.73552472,147.9899661,69.10395284,4.66950258,15,16.58690987,24.54696229,35.52179186,685.0137539,13.62398876,19.71520905,,
529,45805,Genetic bank,ABC-17360,Alysicarpus,vaginalis,Alysicarpus vaginalis,Fabaceae,Fabales,Herbaceous,F24 3639,15,39,3,2,114,15.1,18.4,37.98153995,68.73552472,147.9899661,64.38880697,4.350890041,15.1,16.57650215,24.5315599,38.09910613,2904.901463,13.61544017,21.14566306,,
530,45805,Genetic bank,ABC-17360,Alysicarpus,vaginalis,Alysicarpus vaginalis,Fabaceae,Fabales,Herbaceous,F24 3639,15,39,3,3,115,15.2,18.1,35.76902306,66.52300783,143.1404906,59.71935017,4.172079466,15.2,16.54068736,23.67642104,39.64614647,-1268.296181,13.1408233,22.00429721,,
531,45805,Genetic bank,ABC-17768,Clitoria,ternatea,Clitoria ternatea,Fabaceae,Fabales,Climber,F24 3640,15,39,3,1,116,14.3,19.5,47.27411089,97.94074767,209.5325404,66.54008664,3.175644534,14.3,16.99006024,35.59970483,53.50113988,547.3640022,19.75845209,29.69405826,,
532,45805,Genetic bank,ABC-17768,Clitoria,ternatea,Clitoria ternatea,Fabaceae,Fabales,Climber,F24 3640,15,39,3,2,117,13.8,17.2,47.27411089,95.72823078,204.6354162,57.63137043,2.816295024,13.8,15.52095532,31.76137151,55.11125498,1251.750614,17.62811069,30.5877,,
533,45805,Genetic bank,ABC-17768,Clitoria,ternatea,Clitoria ternatea,Fabaceae,Fabales,Climber,F24 3640,15,39,3,3,118,14.3,17.6,46.83160751,98.38325105,210.3530117,78.98249872,3.754759586,14.3,16.02916042,33.71782169,42.69024435,280.1970711,18.71397439,23.6938242,,
534,45805,Genetic bank,ABC-18004,Chamaecrista,rotundifolia,Chamaecrista rotundifolia,Fabaceae,Fabales,Herbaceous,F24 3641,15,39,3,1,119,13.1,17.5,42.84907711,90.41819025,194.5732521,60.27544652,3.097827984,13.1,15.41484502,29.99316527,49.76017101,1105.574902,16.64672564,27.61775581,,
535,45805,Genetic bank,ABC-18004,Chamaecrista,rotundifolia,Chamaecrista rotundifolia,Fabaceae,Fabales,Herbaceous,F24 3641,15,39,3,2,120,13.3,17.3,43.73408386,93.95821727,202.1506981,57.20675103,2.829906183,13.3,15.43814757,31.20832307,54.55356669,2477.103694,17.32115924,30.27817334,,
536,45805,Genetic bank,ABC-18004,Chamaecrista,rotundifolia,Chamaecrista rotundifolia,Fabaceae,Fabales,Herbaceous,F24 3641,15,39,3,3,121,13.3,17.4,41.96407035,87.3206666,187.7949335,59.99817798,3.194877351,13.3,15.42964527,28.97609208,48.29495337,1123.065209,16.08223242,26.80453468,,
537,45805,Genetic bank,ABC-18430,Alysicarpus,vaginalis,Alysicarpus vaginalis,Fabaceae,Fabales,Herbaceous,F24 3642,15,39,3,1,122,14.8,17.9,42.84907711,78.91310242,170.1765098,67.41520757,3.961487262,14.8,16.21672897,27.59706336,40.93596142,685.4312079,15.31684762,22.72016682,,
538,45805,Genetic bank,ABC-18430,Alysicarpus,vaginalis,Alysicarpus vaginalis,Fabaceae,Fabales,Herbaceous,F24 3642,15,39,3,2,123,14.7,17.9,40.19405684,77.14308891,166.4259704,69.08492789,4.151090584,14.7,16.23269598,27.01542182,39.10465372,548.3213487,14.99402651,21.70375936,,
539,45805,Genetic bank,ABC-18430,Alysicarpus,vaginalis,Alysicarpus vaginalis,Fabaceae,Fabales,Herbaceous,F24 3642,15,39,3,3,124,14.8,18.5,40.63656022,77.14308891,166.4259704,63.92882026,3.8412767,14.8,16.55095602,27.54508918,43.08712263,1280.845482,15.28800105,23.91409851,,
540,45805,Genetic bank,ABC-18708,Crotalaria,pallida,Crotalaria pallida,Fabaceae,Fabales,Herbaceous,F24 3644,15,39,3,1,125,14.4,18.8,40.63656022,75.81557877,163.150756,64.21319844,3.935819852,14.4,16.44163424,26.82465057,41.77435671,755.3352654,14.88814516,23.18549071,,
541,45805,Genetic bank,ABC-18708,Crotalaria,pallida,Crotalaria pallida,Fabaceae,Fabales,Herbaceous,F24 3644,15,39,3,2,126,15,19.3,43.29158049,79.79810917,171.8239439,64.55778031,3.757205128,15,16.96719039,29.15369569,45.15907386,782.3133363,16.1808055,25.06406729,,
542,45805,Genetic bank,ABC-18708,Crotalaria,pallida,Crotalaria pallida,Fabaceae,Fabales,Herbaceous,F24 3644,15,39,3,3,127,14.4,19.1,42.84907711,79.79810917,171.7552555,60.1811088,3.503887472,14.4,16.57624769,28.47057657,47.30816222,1864.228044,15.80166257,26.25684851,,
543,45805,Genetic bank,ABC-18850,Alysicarpus,rugosus,Alysicarpus rugosus,Fabaceae,Fabales,Herbaceous,F24 3645,15,39,3,1,128,14.8,16.6,37.53903657,70.50553824,150.0555646,63.67025128,4.24311164,14.8,15.6416318,23.47113891,36.86358768,1058.515336,13.02688817,20.45992894,,
544,45805,Genetic bank,ABC-18850,Alysicarpus,rugosus,Alysicarpus rugosus,Fabaceae,Fabales,Herbaceous,F24 3645,15,39,3,2,129,14.5,16.3,36.65402981,70.50553824,149.9656212,61.62883266,4.109530716,14.5,15.36422594,23.04105687,37.38681374,2011.680319,12.7881852,20.75032846,,
545,45805,Genetic bank,ABC-18850,Alysicarpus,rugosus,Alysicarpus rugosus,Fabaceae,Fabales,Herbaceous,F24 3645,15,39,3,3,130,14.8,16.3,37.53903657,72.27555175,153.8226499,66.56471281,4.327367449,14.8,15.52091837,23.87468792,35.86688339,638.9851433,13.25086485,19.90674081,,
546,45805,Genetic bank,ABC-18865,Alysicarpus,rugosus,Alysicarpus rugosus,Fabaceae,Fabales,Herbaceous,F24 3646,15,39,3,1,131,13.8,15.6,35.32651968,70.50553824,150.8967996,52.76552096,3.496795233,13.8,14.69811715,22.17898839,42.03310796,-717.0457884,12.30972228,23.32910214,,
547,45805,Genetic bank,ABC-18865,Alysicarpus,rugosus,Alysicarpus rugosus,Fabaceae,Fabales,Herbaceous,F24 3646,15,39,3,2,132,14,15.8,35.76902306,72.27555175,154.6231669,47.35043807,3.062312008,14,14.90918367,23.05305196,48.68603733,-390.799686,12.79484268,27.02159304,,
548,45805,Genetic bank,ABC-18865,Alysicarpus,rugosus,Alysicarpus rugosus,Fabaceae,Fabales,Herbaceous,F24 3646,15,39,3,3,133,13.9,15.5,34.8840163,70.50553824,150.8364771,46.34494055,3.072528704,13.9,14.7083682,22.18558443,47.87056402,-345.560504,12.31338319,26.56899124,,
549,45805,Genetic bank,ABC-19032,Canavalia,sp.,Canavalia sp.,Fabaceae,Fabales,Climber,F24 3647,15,39,3,1,134,12.9,16.9,35.76902306,75.81557877,163.9363229,66.03020548,4.027795935,12.9,15.01284047,24.61149862,37.27309106,771.360059,13.65980754,20.6872104,,
550,45805,Genetic bank,ABC-19032,Canavalia,sp.,Canavalia sp.,Fabaceae,Fabales,Climber,F24 3647,15,39,3,2,135,12.7,17.1,36.65402981,75.81557877,163.9363229,56.64580649,3.455354219,12.7,14.97276265,24.54579651,43.33206292,-1290.923894,13.62334173,24.05004461,,
551,45805,Genetic bank,ABC-19032,Canavalia,sp.,Canavalia sp.,Fabaceae,Fabales,Climber,F24 3647,15,39,3,3,136,12.8,17.2,38.86654671,78.91310242,170.7706177,61.56676044,3.605231467,12.8,15.0328972,25.67177139,41.69745364,3336.750306,14.24827727,23.14280818,,
552,45805,Genetic bank,ABC-19119,Alysicarpus,rugosus,Alysicarpus rugosus,Fabaceae,Fabales,Herbaceous,F24 3648,15,39,3,1,137,13.6,17.1,37.53903657,66.08050445,142.8844899,53.38126385,3.735973296,13.6,15.11171875,21.59230225,40.44921512,-786.2342933,11.98410132,22.4500142,,
553,45805,Genetic bank,ABC-19119,Alysicarpus,rugosus,Alysicarpus rugosus,Fabaceae,Fabales,Herbaceous,F24 3648,15,39,3,2,138,13.8,17.1,39.30905008,67.40801459,145.6966586,65.67673812,4.507772434,13.8,15.17560175,22.11034467,33.66541229,600.911639,12.27162382,18.68488627,,
554,45805,Genetic bank,ABC-19119,Alysicarpus,rugosus,Alysicarpus rugosus,Fabaceae,Fabales,Herbaceous,F24 3648,15,39,3,3,139,13.8,17.2,37.53903657,65.63800108,141.8992942,57.75751601,4.070317356,13.8,15.25550562,21.6474548,37.47989231,-4720.36718,12.01471194,20.80198867,,
555,45805,Genetic bank,ABC-20303,Canavalia,brasiliensis,Canavalia brasiliensis,Fabaceae,Fabales,Climber,F24 3650,15,39,3,1,140,12.9,18,40.63656022,84.22314295,189.242972,57.44326602,3.035424006,12.9,15.53931699,29.4070653,51.19323349,-455.6086348,16.32143001,28.41313028,,
556,45805,Genetic bank,ABC-20303,Canavalia,brasiliensis,Canavalia brasiliensis,Fabaceae,Fabales,Climber,F24 3650,15,39,3,2,141,12.7,17.6,39.30905008,82.89563282,186.2601581,68.90257665,3.699265445,12.7,15.27642349,28.45389054,41.29582945,2133.190115,15.79240153,22.9198998,,
557,45805,Genetic bank,ABC-20303,Canavalia,brasiliensis,Canavalia brasiliensis,Fabaceae,Fabales,Climber,F24 3650,15,39,3,3,142,13.3,17.7,38.42404333,79.79810917,179.2644204,72.88505233,4.06578462,13.3,15.58133087,27.93178247,38.32306018,691.4237892,15.50262252,21.26996143,,
558,45805,Genetic bank,ABC-20589,Uraria,lagopodioides,Uraria lagopodioides,Fabaceae,Fabales,Herbaceous,F24 3651,15,39,3,1,143,15.5,18.6,30.01647914,74.04556526,160.8430681,58.11964778,3.613438145,15.5,17.34332669,27.89553877,47.99674436,-1486.502599,15.48250664,26.63902352,,
559,45805,Genetic bank,ABC-20589,Uraria,lagopodioides,Uraria lagopodioides,Fabaceae,Fabales,Herbaceous,F24 3651,15,39,3,2,144,14.4,18,35.32651968,62.98298081,136.8400863,61.93514054,4.526096278,14.4,15.98079625,21.86813539,35.30812266,7997.945451,12.13719348,19.59661894,,
560,45805,Genetic bank,ABC-20589,Uraria,lagopodioides,Uraria lagopodioides,Fabaceae,Fabales,Herbaceous,F24 3651,15,39,3,3,145,14.5,17.9,34.44151292,61.2129673,132.9944633,57.67674302,4.336777757,14.5,15.98698795,21.26180883,36.86374734,-999.8113873,11.80067175,20.46001756,,
561,45805,Genetic bank,ABC-21687,Desmanthus,virgatus,Desmanthus virgatus,Fabaceae,Fabales,Shrub,F24 3652,15,39,3,1,146,14.3,18.9,30.9014859,66.08050445,143.7493764,55.01340179,3.827035857,14.3,16.74888393,24.0764162,43.7646381,1790.842101,13.36282754,24.29013132,,
562,45805,Genetic bank,ABC-21687,Desmanthus,virgatus,Desmanthus virgatus,Fabaceae,Fabales,Shrub,F24 3652,15,39,3,2,147,11.9,18,29.57397577,55.54892406,120.935991,44.11364502,3.647685413,11.9,14.7523898,17.8409488,40.44315266,-495.1143998,9.902035252,22.44664944,,
563,45805,Genetic bank,ABC-21687,Desmanthus,virgatus,Desmanthus virgatus,Fabaceae,Fabales,Shrub,F24 3652,15,39,3,3,148,11.9,16.9,31.78649266,57.67294027,125.4849121,45.88779851,3.656837921,11.9,14.14424552,17.74889407,38.67889644,-634.7527582,9.850943281,21.46745671,,
564,45805,Genetic bank,ABC-22048,Aeschynomene,americana,Aeschynomene americana,Fabaceae,Fabales,Herbaceous,F24 3653,15,39,3,1,149,12.9,16.5,50.81413791,85.10814971,190.2737329,61.32290985,3.222878372,12.9,14.35060659,27.30543484,44.52729805,1879.575335,15.15498875,24.71342079,,
565,45805,Genetic bank,ABC-22048,Aeschynomene,americana,Aeschynomene americana,Fabaceae,Fabales,Herbaceous,F24 3653,15,39,3,2,150,12.8,16.5,52.58415142,85.55065309,191.3777822,60.49437951,3.160992818,12.8,14.22577586,27.22497435,45.00413851,2707.473903,15.11033178,24.97807549,,
566,45805,Genetic bank,ABC-22048,Aeschynomene,americana,Aeschynomene americana,Fabaceae,Fabales,Herbaceous,F24 3653,15,39,3,3,151,12.8,17,51.69914467,81.56812269,182.3958581,65.4519938,3.588458338,12.8,14.33797468,26.15187196,39.95580645,709.6568608,14.51474139,22.17616386,,
567,45805,Genetic bank,ABC-22156,Arachis,pintoi,Arachis pintoi,Fabaceae,Fabales,Herbaceous,F24 3654,15,39,3,1,152,12,15.8,42.40657373,89.97568687,200.6258696,59.03896538,2.942739413,12,14.00901639,28.10571096,47.60535822,6354.315736,15.59915584,26.42179744,,
568,45805,Genetic bank,ABC-22156,Arachis,pintoi,Arachis pintoi,Fabaceae,Fabales,Herbaceous,F24 3654,15,39,3,2,153,11.8,15.9,42.84907711,90.41819025,201.4513931,64.59713883,3.206586852,11.8,13.95701468,28.11660051,43.52607719,825.6849344,15.60519973,24.15772589,,
569,45805,Genetic bank,ABC-22156,Arachis,pintoi,Arachis pintoi,Fabaceae,Fabales,Herbaceous,F24 3654,15,39,3,3,154,11.7,16,44.61909062,92.63070714,206.5459772,56.11795529,2.716971594,11.7,13.92874204,28.76925636,51.26568887,-2577.319649,15.96743502,28.45334427,,
570,45805,Genetic bank,ABC-22507,Desmanthus,subulatus,Desmanthus subulatus,Fabaceae,Fabales,Shrub,F24 3655,15,39,3,1,155,11.7,16.9,38.42404333,60.32796054,134.0711262,42.37391299,3.160554713,11.7,13.58801956,18.21761086,42.99251491,-257.4770224,10.11108921,23.86158959,,
571,45805,Genetic bank,ABC-22507,Desmanthus,subulatus,Desmanthus subulatus,Fabaceae,Fabales,Shrub,F24 3655,15,39,3,2,156,12,16.5,30.45898252,54.13291325,120.2553578,43.88533415,3.649345438,12,13.96798365,16.79724872,38.27531235,-266.434742,9.32276365,21.24346056,,
572,45805,Genetic bank,ABC-22507,Desmanthus,subulatus,Desmanthus subulatus,Fabaceae,Fabales,Shrub,F24 3655,15,39,3,3,157,12.1,17.1,29.39697441,49.53087812,110.0320141,40.24210168,3.657308469,12.1,14.1324598,15.55023015,38.64169489,-190.6586128,8.630646769,21.44680921,,
573,45805,Genetic bank,ABC-22510,Desmanthus,bicornutus,Desmanthus bicornutus,Fabaceae,Fabales,Shrub,F24 3656,15,39,3,1,158,11.9,17.8,30.01647914,49.70787947,112.9463217,37.85528712,3.351617526,11.9,14.23724036,16.08043929,42.47871437,-157.4043099,8.924922013,23.5764214,,
574,45805,Genetic bank,ABC-22510,Desmanthus,bicornutus,Desmanthus bicornutus,Fabaceae,Fabales,Shrub,F24 3656,15,39,3,2,159,11.8,16.6,26.03394874,46.61035582,105.8869631,35.16432402,3.320930451,11.8,13.91898734,14.73839299,41.9129143,-126.6190261,8.1800631,23.26239257,,
575,45805,Genetic bank,ABC-22510,Desmanthus,bicornutus,Desmanthus bicornutus,Fabaceae,Fabales,Shrub,F24 3656,15,39,3,3,160,12.2,16,26.03394874,58.55794703,133.0023007,23.59367735,1.773930018,12.2,14.31057935,19.03339977,80.67161164,-107.1225994,10.56386617,44.77414016,,
578,45805,Genetic bank,ABC-22598,Lablab,purpureus,Lablab purpureus,Fabaceae,Fabales,Climber,F24 3657,15,39,3,1,163,14,16.3,26.47645212,56.34543014,126.686149,62.33957234,4.920788329,14,15.21924084,19.28067012,30.92846069,502.2190186,10.70110549,17.16583078,,
579,45805,Genetic bank,ABC-22598,Lablab,purpureus,Lablab purpureus,Fabaceae,Fabales,Climber,F24 3657,15,39,3,2,164,,,,,,,,,,,,,,,Eliminado 26.03%DMD,
580,45805,Genetic bank,ABC-22598,Lablab,purpureus,Lablab purpureus,Fabaceae,Fabales,Climber,F24 3657,15,39,3,3,165,15.3,16,34.44151292,62.54047743,140.6431156,50.77303649,3.610061983,15.3,15.61450472,21.96072592,43.25273302,-1163.429279,12.18858283,24.00601515,,
581,45805,Genetic bank,ABC-22784,Desmanthus,bicornutus,Desmanthus bicornutus,Fabaceae,Fabales,Shrub,F24 3658,15,39,3,1,166,,,,,,,,,,,,,,,Eliminado 14.95%DMD,
582,45805,Genetic bank,ABC-22784,Desmanthus,bicornutus,Desmanthus bicornutus,Fabaceae,Fabales,Shrub,F24 3658,15,39,3,2,167,12.2,17.5,29.57397577,50.15038285,108.2003662,39.09325981,3.613043206,12.2,14.37455882,15.55332529,39.78518386,-156.0381738,8.632364625,22.08146537,,
583,45805,Genetic bank,ABC-22784,Desmanthus,bicornutus,Desmanthus bicornutus,Fabaceae,Fabales,Shrub,F24 3658,15,39,3,3,168,12.4,17.3,29.57397577,51.92039636,112.0192027,38.96380871,3.478315126,12.4,14.50894886,16.25280883,41.71257732,-161.9663523,9.020590094,23.15120208,,
584,45805,Genetic bank,ABC-25113,Centrosema,brasilianum,Centrosema brasilianum,Fabaceae,Fabales,Climber,F24 3659,15,39,3,1,169,14.1,17.2,41.96407035,67.40801459,146.7410268,31.68863602,2.159493955,14.1,15.27013129,22.40754744,70.71161861,-378.4660339,12.43657651,39.24617171,,
585,45805,Genetic bank,ABC-25113,Centrosema,brasilianum,Centrosema brasilianum,Fabaceae,Fabales,Climber,F24 3659,15,39,3,2,170,14.1,17.3,41.96407035,66.96551121,145.8068758,48.1792406,3.304318835,14.1,15.29471366,22.30074415,46.28703954,2919.247399,12.37729883,25.69010776,,
586,45805,Genetic bank,ABC-25113,Centrosema,brasilianum,Centrosema brasilianum,Fabaceae,Fabales,Climber,F24 3659,15,39,3,3,171,14.2,17.4,41.52156697,66.96551121,145.8068758,33.59104363,2.303803812,14.2,15.41585903,22.47738243,66.91480824,-436.4099525,12.47533613,37.13887627,,
587,45805,Genetic bank,ABC-33114,Dendrolobium,sp.,Dendrolobium sp.,Fabaceae,Fabales,Shrub,F24 3660,15,39,3,1,172,13.6,17.2,23.37892847,41.74281866,91.15653445,26.05769435,2.858565708,13.6,15.18374558,13.84097627,53.11665755,-184.0961345,7.681981295,29.48066392,,
588,45805,Genetic bank,ABC-33114,Dendrolobium,sp.,Dendrolobium sp.,Fabaceae,Fabales,Shrub,F24 3660,15,39,3,2,173,12.9,17,22.9364251,42.62782542,93.07057887,16.31298916,1.752754668,12.9,14.79394464,13.76880991,84.40396654,-120.9399378,7.641927715,46.8456617,,
589,45805,Genetic bank,ABC-33114,Dendrolobium,sp.,Dendrolobium sp.,Fabaceae,Fabales,Shrub,F24 3660,15,39,3,3,174,13.1,17.5,23.37892847,40.85781191,89.27742141,26.58144871,2.977398797,13.1,14.98231047,13.37582045,50.32013342,-182.8599136,7.423811768,27.92854464,,
590,45805,Genetic bank,ABC-43477,Desmodium,cinereum,Desmodium cinereum,Fabaceae,Fabales,Shrub,F24 3662,15,39,3,1,175,14.1,17.1,33.11400279,56.34543014,123.5155872,20.97430245,1.698109763,14.1,15.33691099,18.94347568,90.31754797,-81.47548507,10.51395674,50.12780171,,
591,45805,Genetic bank,ABC-43477,Desmodium,cinereum,Desmodium cinereum,Fabaceae,Fabales,Shrub,F24 3662,15,39,3,2,176,15.1,17,33.99900955,57.23043689,125.5810783,38.71303966,3.082712794,15.1,15.87126289,19.93130307,51.48472773,-151.8686216,11.06221803,28.57491463,,
592,45805,Genetic bank,ABC-43477,Desmodium,cinereum,Desmodium cinereum,Fabaceae,Fabales,Shrub,F24 3662,15,39,3,3,177,14.6,16.9,33.99900955,56.78793352,124.5602664,34.78937351,2.792975201,14.6,15.52298701,19.33547398,55.57867829,-125.8579315,10.73152258,30.84712802,,
593,45805,Genetic bank,ABC-172-1,Stylosanthes,hamata,Stylosanthes hamata,Fabaceae,Fabales,Herbaceous,F24 3539,15,39,3,1,178,12.5,15.2,30.81298522,71.74454769,157.2518737,20.02011223,1.273123923,12.5,14.04039885,22.07879027,110.2830494,1393.895197,12.25411058,61.20900044,,
594,45805,Genetic bank,ABC-172-1,Stylosanthes,hamata,Stylosanthes hamata,Fabaceae,Fabales,Herbaceous,F24 3539,15,39,3,2,179,12.4,15.6,37.09653319,78.02809566,171.0585289,43.41755243,2.538169403,12.4,14.07863894,24.08271267,55.46768834,319.6491462,13.36632219,30.78552668,,
595,45805,Genetic bank,ABC-172-1,Stylosanthes,hamata,Stylosanthes hamata,Fabaceae,Fabales,Herbaceous,F24 3539,15,39,3,3,180,12.4,15.6,35.32651968,75.81557877,166.174883,42.44253624,2.554088528,12.4,14.10894942,23.44553019,55.24064362,321.845696,13.01267489,30.65951293,,
596,45805,Genetic bank,ABC-1467-1,Stylosanthes,hamata,Stylosanthes hamata,Fabaceae,Fabales,Herbaceous,F24 3540,15,39,3,1,181,,,,,,,,,,,,,,,,
597,45805,Genetic bank,ABC-1467-1,Stylosanthes,hamata,Stylosanthes hamata,Fabaceae,Fabales,Herbaceous,F24 3540,15,39,3,2,182,,,,,,,,,,,,,,,,
598,45805,Genetic bank,ABC-1467-1,Stylosanthes,hamata,Stylosanthes hamata,Fabaceae,Fabales,Herbaceous,F24 3540,15,39,3,3,183,,,,,,,,,,,,,,,,
599,45805,Genetic bank,ABC-1475-1,Stylosanthes,hamata,Stylosanthes hamata,Fabaceae,Fabales,Herbaceous,F24 3541,15,39,3,1,184,,,,,,,,,,,,,,,Eliminado DMD,
600,45805,Genetic bank,ABC-1475-1,Stylosanthes,hamata,Stylosanthes hamata,Fabaceae,Fabales,Herbaceous,F24 3541,15,39,3,2,185,,,,,,,,,,,,,,,Eliminado DMD,
601,45805,Genetic bank,ABC-1475-1,Stylosanthes,hamata,Stylosanthes hamata,Fabaceae,Fabales,Herbaceous,F24 3541,15,39,3,3,186,,,,,,,,,,,,,,,,
602,45805,Genetic bank,ABC-1650-1,Stylosanthes,guianensis,Stylosanthes guianensis,Fabaceae,Fabales,Herbaceous,F24 3542,15,39,3,1,187,12.5,15.1,37.53903657,73.1605585,159.1599398,45.8085862,2.878147998,12.5,13.76592742,21.90984179,47.8291159,211.4313956,12.16034126,26.54598682,,
603,45805,Genetic bank,ABC-1650-1,Stylosanthes,guianensis,Stylosanthes guianensis,Fabaceae,Fabales,Herbaceous,F24 3542,15,39,3,2,188,,,,,,,,,,,,,,,Eliminado DMD,
604,45805,Genetic bank,ABC-1650-1,Stylosanthes,guianensis,Stylosanthes guianensis,Fabaceae,Fabales,Herbaceous,F24 3542,15,39,3,3,189,12.5,15.1,33.99900955,72.71805513,158.0708474,43.69988386,2.764575794,12.5,13.88438134,21.94715925,50.22246584,221.4334883,12.18105309,27.87433744,,
605,45805,Genetic bank,ABC-1706-1,Stylosanthes,humilis,Stylosanthes humilis,Fabaceae,Fabales,Herbaceous,F24 3543,15,39,3,1,190,12.5,15.7,36.65402981,72.27555175,155.8180647,27.60524845,1.77163338,12.5,14.07714286,21.93473156,79.45855514,372.5878042,12.17415551,44.10087282,,
606,45805,Genetic bank,ABC-1706-1,Stylosanthes,humilis,Stylosanthes humilis,Fabaceae,Fabales,Herbaceous,F24 3543,15,39,3,2,191,12.6,15.7,38.86654671,74.48806864,160.5238472,31.31926892,1.951066428,12.6,14.08247525,22.60573105,72.17834845,337.9813293,12.54657184,40.06023215,,
607,45805,Genetic bank,ABC-1706-1,Stylosanthes,humilis,Stylosanthes humilis,Fabaceae,Fabales,Herbaceous,F24 3543,15,39,3,3,192,12.2,15.7,37.53903657,73.1605585,157.7891062,42.15593875,2.671663448,12.2,13.90413306,21.93920728,52.04298122,242.6735417,12.17663961,28.88475497,,
608,45805,Genetic bank,ABC-1727-1,Stylosanthes,humilis,Stylosanthes humilis,Fabaceae,Fabales,Herbaceous,F24 3544,15,39,3,1,193,12.5,16.6,37.98153995,74.48806864,161.6960842,26.43277782,1.634719724,12.5,14.50940594,23.46114125,88.75775907,394.3130699,13.0213393,49.26209189,,
609,45805,Genetic bank,ABC-1727-1,Stylosanthes,humilis,Stylosanthes humilis,Fabaceae,Fabales,Herbaceous,F24 3544,15,39,3,2,194,12.4,16.4,38.42404333,76.70058553,166.4656518,47.60821178,2.859942052,12.4,14.39615385,23.96465133,50.33722216,228.5947725,13.3007961,27.93802919,,
610,45805,Genetic bank,ABC-1727-1,Stylosanthes,humilis,Stylosanthes humilis,Fabaceae,Fabales,Herbaceous,F24 3544,15,39,3,3,195,0.503472222,16.6,39.30905008,75.81557877,164.4462659,26.4481922,1.608318198,0.503472222,8.254232193,13.57377662,51.32213392,228.1912737,7.533680866,28.48467225,,
611,45805,Genetic bank,ABC-1803-1,Stylosanthes,humilis,Stylosanthes humilis,Fabaceae,Fabales,Herbaceous,F24 3545,15,39,3,1,196,,,,,,,,,,,,,,,Eliminado DMD,
612,45805,Genetic bank,ABC-1803-1,Stylosanthes,humilis,Stylosanthes humilis,Fabaceae,Fabales,Herbaceous,F24 3545,15,39,3,2,197,,,,,,,,,,,,,,,Eliminado DMD,
613,45805,Genetic bank,ABC-1803-1,Stylosanthes,humilis,Stylosanthes humilis,Fabaceae,Fabales,Herbaceous,F24 3545,15,39,3,3,198,,,,,,,,,,,,,,,Eliminado DMD,
614,45805,Genetic bank,ABC-1964-1,Stylosanthes,guianensis,Stylosanthes guianensis,Fabaceae,Fabales,Herbaceous,F24 3546,15,39,3,1,199,12.6,15.1,32.22899603,67.85051797,150.2946461,47.61324621,3.167993502,12.6,13.9125,20.90974263,43.91580978,275.1195284,11.60526892,24.37403422,,
615,45805,Genetic bank,ABC-1964-1,Stylosanthes,guianensis,Stylosanthes guianensis,Fabaceae,Fabales,Herbaceous,F24 3546,15,39,3,2,200,,,,,,,,,,,,,,,Eliminado 17.85%DMD,
616,45805,Genetic bank,ABC-1964-1,Stylosanthes,guianensis,Stylosanthes guianensis,Fabaceae,Fabales,Herbaceous,F24 3546,15,39,3,3,201,,,,,,,,,,,,,,,Eliminado 15.62%DMD,
617,45805,Genetic bank,ABC-2613-1,Stylosanthes,guianensis,Stylosanthes guianensis,Fabaceae,Fabales,Herbaceous,F24 3547,15,39,3,1,202,11.3,12.9,29.13147239,56.78793352,123.458519,37.43149368,3.03190853,11.3,12.07922078,14.91282708,39.84032058,367.0283521,8.276877038,22.1120672,,
618,45805,Genetic bank,ABC-2613-1,Stylosanthes,guianensis,Stylosanthes guianensis,Fabaceae,Fabales,Herbaceous,F24 3547,15,39,3,2,203,,,,,,,,,,,,,,,Eliminado DMD,
619,45805,Genetic bank,ABC-2613-1,Stylosanthes,guianensis,Stylosanthes guianensis,Fabaceae,Fabales,Herbaceous,F24 3547,15,39,3,3,204,10.8,12.5,28.68896901,51.92039636,112.8763602,30.17024243,2.672857484,10.8,11.56065341,13.04924479,43.25203823,648.6855502,7.242556623,24.00562952,,
620,45805,LMF,Hohenheimer Heustandard,Hohenheimer,Heustandard,Hohenheimer Heustandard,Forage,Forage,Forage,F25 0017,15,39,3,1,205,,,,,,,,,,,,,,,Eliminado DMD,
621,45805,LMF,Hohenheimer Heustandard,Hohenheimer,Heustandard,Hohenheimer Heustandard,Forage,Forage,Forage,F25 0017,15,39,3,2,206,15.2,16.9,22.05141834,43.95533555,192.3518734,25.43167101,1.322143141,15.2,16.04714765,30.86698913,121.3722414,#DIV/0!,17.131713,67.36369384,,
622,45805,LMF,Hohenheimer Heustandard,Hohenheimer,Heustandard,Hohenheimer Heustandard,Forage,Forage,Forage,F25 0017,15,39,3,3,207,,,,,,,,,,,,,,,Eliminado DMD,
623,45805,LMF,Homenheim Concentrate,Homenheim,Concentrate,Homenheim Concentrate,Concentrate,Concentrate,Concentrate,F25 0018,15,39,3,1,208,,,,,,,,,,,,,,,Eliminado DMD,
624,45805,LMF,Homenheim Concentrate,Homenheim,Concentrate,Homenheim Concentrate,Concentrate,Concentrate,Concentrate,F25 0018,15,39,3,2,209,,,,,,,,,,,,,,,Eliminado DMD,
625,45805,LMF,Homenheim Concentrate,Homenheim,Concentrate,Homenheim Concentrate,Concentrate,Concentrate,Concentrate,F25 0018,15,39,3,3,210,15.2,18,30.01647914,55.90292676,249.2079192,36.83199754,1.477962565,15.2,16.49656992,41.11075864,111.6169673,#DIV/0!,22.8171823,61.94934792,,
626,45805,LMF,Sample 8,Cynodon,nlemfuensis,Cynodon nlemfuensis ,Poaceae,Poales,Grasses,F25 0008,15,39,3,1,211,,,,,,,,,,,,,,,Eliminado DMD,
627,45805,LMF,Sample 8,Cynodon,nlemfuensis,Cynodon nlemfuensis ,Poaceae,Poales,Grasses,F25 0008,15,39,3,2,212,14.6,16.2,23.11342645,58.292445,124.2582511,19.50943969,1.570071969,14.6,15.56558704,19.34152623,99.13932197,-1553.957803,10.73488169,55.0240389,,
628,45805,LMF,Sample 8,Cynodon,nlemfuensis,Cynodon nlemfuensis ,Poaceae,Poales,Grasses,F25 0008,15,39,3,3,213,,,,,,,,,,,,,,,Eliminado DMD,
633,45811,Breding ,CIAT-BR12_1362,Brachiaria,interespecifico,Brachiaria interespecifico,Poaceae,Poales,Grasses,F25 1701,16,40,1,1,4,11.6,13.7,25.14894199,78.47059904,169.7056199,66.8463452,3.938958843,11.6,13.02697368,22.10750644,33.0721244,240.7152466,12.27004856,18.35560122,,
634,45811,Breding ,CIAT-BR12_1362,Brachiaria,interespecifico,Brachiaria interespecifico,Poaceae,Poales,Grasses,F25 1701,16,40,1,2,5,11.2,14,24.26393523,76.61208485,165.6200415,55.20749415,3.333382462,11.2,13.11320755,21.71809978,39.33904284,451.1345404,12.05392112,21.83384938,,
635,45811,Breding ,CIAT-BR12_1362,Brachiaria,interespecifico,Brachiaria interespecifico,Poaceae,Poales,Grasses,F25 1701,16,40,1,3,6,11.7,13.9,24.70643861,79.3556058,171.5852828,57.16617095,3.331647681,11.7,13.21505576,22.6750908,39.66522582,408.5591988,12.5850677,22.01488658,,
636,45811,Breding ,CIAT-BR12_2462,Brachiaria,interespecifico,Brachiaria interespecifico,Poaceae,Poales,Grasses,F25 1702,16,40,1,1,7,11.9,12.3,21.60891496,74.04556526,154.6590584,57.1398521,3.69456873,11.9,12.18326693,18.84252592,32.97615452,334.0793889,10.45792788,18.30233628,,
637,45811,Breding ,CIAT-BR12_2462,Brachiaria,interespecifico,Brachiaria interespecifico,Poaceae,Poales,Grasses,F25 1702,16,40,1,2,8,12,12,22.05141834,73.1605585,152.78,50.59120825,3.311376375,12,12,18.3336,36.23870754,553.9040706,10.17546519,20.11310965,,
638,45811,Breding ,CIAT-BR12_2462,Brachiaria,interespecifico,Brachiaria interespecifico,Poaceae,Poales,Grasses,F25 1702,16,40,1,3,9,11.4,12.1,22.49392172,72.71805513,151.764923,47.76158387,3.147076604,11.4,11.88346856,18.03493692,37.76034096,783.4089844,10.00970201,20.95764252,,
639,45811,Breding ,CIAT-BR12_3868,Brachiaria,interespecifico,Brachiaria interespecifico,Poaceae,Poales,Grasses,F25 1703,16,40,1,1,10,10.4,13.5,18.06888794,64.75299432,137.5253241,47.90208182,3.48314626,10.4,12.63496583,17.37627771,36.27457732,1991.423013,9.644134755,20.133018,,
640,45811,Breding ,CIAT-BR12_3868,Brachiaria,interespecifico,Brachiaria interespecifico,Poaceae,Poales,Grasses,F25 1703,16,40,1,2,11,10.3,13.6,18.06888794,63.86798756,135.5643845,53.06993916,3.914740538,10.3,12.66639723,17.17112345,32.35564939,593.9472714,9.53027059,17.9579452,,
641,45811,Breding ,CIAT-BR12_3868,Brachiaria,interespecifico,Brachiaria interespecifico,Poaceae,Poales,Grasses,F25 1703,16,40,1,3,12,10.8,13,17.62638456,63.07148148,133.9005019,51.63815147,3.856456901,10.8,12.38517306,16.58380889,32.11541936,711.1070427,9.204300852,17.82461337,,
642,45811,Breding ,CIAT-BR15_2558,Brachiaria,interespecifico,Brachiaria interespecifico,Poaceae,Poales,Grasses,F25 1704,16,40,1,1,13,11.1,13.8,27.80396225,76.70058553,164.4571376,51.90683915,3.15625335,11.1,12.82125,21.08546076,40.62173907,603.5256073,11.70279552,22.54576798,,
643,45811,Breding ,CIAT-BR15_2558,Brachiaria,interespecifico,Brachiaria interespecifico,Poaceae,Poales,Grasses,F25 1704,16,40,1,2,14,11.2,13.7,26.03394874,74.93057202,160.6940989,55.34998534,3.444431733,11.2,12.83139764,20.61929881,37.25258224,431.4016034,11.44406757,20.67582765,,
644,45811,Breding ,CIAT-BR15_2558,Brachiaria,interespecifico,Brachiaria interespecifico,Poaceae,Poales,Grasses,F25 1704,16,40,1,3,15,11.2,13.7,26.9189555,75.81557877,162.5270629,49.90135906,3.070341528,11.2,12.81235409,20.82354278,41.72941012,758.6689282,11.55742651,23.16054458,,
645,45811,Breding ,CIAT-BR15_2811,Brachiaria,interespecifico,Brachiaria interespecifico,Poaceae,Poales,Grasses,F25 1705,16,40,1,1,16,11.3,12.8,22.9364251,73.1605585,156.2300918,49.04836613,3.139495443,11.3,12.3297379,19.26276085,39.27299188,1042.099464,10.69116554,21.79718996,,
646,45811,Breding ,CIAT-BR15_2811,Brachiaria,interespecifico,Brachiaria interespecifico,Poaceae,Poales,Grasses,F25 1705,16,40,1,2,17,11.1,12.6,24.26393523,76.25808215,162.8772347,49.91388392,3.064509537,11.1,12.12272727,19.74516296,39.5584583,905.6410816,10.95890705,21.95562876,,
647,45811,Breding ,CIAT-BR15_2811,Brachiaria,interespecifico,Brachiaria interespecifico,Poaceae,Poales,Grasses,F25 1705,16,40,1,3,18,11.2,12.8,22.9364251,74.48806864,158.9695684,42.07885684,2.646975598,11.2,12.30732673,19.56490419,46.4958073,-2388.269038,10.85886032,25.80597748,,
648,45811,Breding ,CIAT-BR15_2891,Brachiaria,interespecifico,Brachiaria interespecifico,Poaceae,Poales,Grasses,F25 1706,16,40,1,1,19,12.3,13.3,25.14894199,73.60306188,157.0114914,47.52279878,3.026708323,12.3,12.95831663,20.34604621,42.81323223,874.6523096,11.29240765,23.7620846,,
649,45811,Breding ,CIAT-BR15_2891,Brachiaria,interespecifico,Brachiaria interespecifico,Poaceae,Poales,Grasses,F25 1706,16,40,1,2,20,11.9,13.3,24.70643861,77.14308891,164.4644676,49.98467828,3.039238749,11.9,12.85162524,21.13635703,42.28567185,657.2470809,11.73104383,23.46927946,,
650,45811,Breding ,CIAT-BR15_2891,Brachiaria,interespecifico,Brachiaria interespecifico,Poaceae,Poales,Grasses,F25 1706,16,40,1,3,21,12.1,13.4,25.59144536,76.70058553,163.5864721,50.45521854,3.084314851,12.1,12.96625,21.21103094,42.03932033,626.1442949,11.77248915,23.33255011,,
651,45811,Breding ,CIAT-BR19_1343,Brachiaria,interespecifico,Brachiaria interespecifico,Poaceae,Poales,Grasses,F25 1707,16,40,1,1,22,10.3,13.1,22.49392172,70.50553824,149.7924491,49.43574111,3.300282585,10.3,12.20669456,18.28470674,36.98681627,607.1865908,10.14832858,20.52832294,,
652,45811,Breding ,CIAT-BR19_1343,Brachiaria,interespecifico,Brachiaria interespecifico,Poaceae,Poales,Grasses,F25 1707,16,40,1,2,23,11.4,13,22.05141834,71.39054499,151.5817763,47.32154137,3.121848979,11.4,12.50578512,18.95649124,40.05890486,843.4002668,10.5211806,22.23338526,,
653,45811,Breding ,CIAT-BR19_1343,Brachiaria,interespecifico,Brachiaria interespecifico,Poaceae,Poales,Grasses,F25 1707,16,40,1,3,24,10.8,12.9,21.60891496,72.27555175,153.6143502,46.7162593,3.041139012,10.8,12.27214286,18.8517725,40.35377143,927.9662354,10.46305989,22.39704131,,
654,45811,Breding ,CIAT-CIAT_26110,Brachiaria,interespecifico,Brachiaria interespecifico,Poaceae,Poales,Grasses,F25 1708,16,40,1,1,25,12.6,14.3,25.14894199,78.02809566,166.2117279,47.87517307,2.880372744,12.6,13.7520794,22.85756878,47.7440964,520.2377185,12.68634614,26.49879952,,
655,45811,Breding ,CIAT-CIAT_26110,Brachiaria,interespecifico,Brachiaria interespecifico,Poaceae,Poales,Grasses,F25 1708,16,40,1,2,26,12.4,14.5,25.59144536,77.58559228,165.2691283,43.95569283,2.659643291,12.4,13.80731939,22.8192364,51.91417751,730.8453171,12.665071,28.81326669,,
656,45811,Breding ,CIAT-CIAT_26110,Brachiaria,interespecifico,Brachiaria interespecifico,Poaceae,Poales,Grasses,F25 1708,16,40,1,3,27,12.5,14.6,27.36145888,80.68311593,171.8673254,47.55565023,2.766997747,12.5,13.88784278,23.86866395,50.19101585,556.3747814,13.24752144,27.85688216,,
657,45811,Breding ,CIAT-CIAT_26646,Brachiaria,interespecifico,Brachiaria interespecifico,Poaceae,Poales,Grasses,F25 1709,16,40,1,1,28,10.8,14.1,23.82143185,76.25808215,162.9816879,52.10449146,3.196953728,10.8,13.06914894,21.30031953,40.88000656,474.0621962,11.82204585,22.68911091,,
658,45811,Breding ,CIAT-CIAT_26646,Brachiaria,interespecifico,Brachiaria interespecifico,Poaceae,Poales,Grasses,F25 1709,16,40,1,2,29,10.5,14.1,24.70643861,75.81557877,162.0683599,47.79820436,2.949261928,10.5,12.92684825,20.95033095,43.83079077,703.9451231,11.62779614,24.3268472,,
659,45811,Breding ,CIAT-CIAT_26646,Brachiaria,interespecifico,Brachiaria interespecifico,Poaceae,Poales,Grasses,F25 1709,16,40,1,3,30,10,14.1,23.37892847,73.60306188,157.2443919,54.85820949,3.488722798,10,12.79769539,20.12365829,36.68303884,368.4690674,11.16897851,20.35972121,,
660,45811,Breding ,CIAT-CIAT_6297,Brachiaria,interespecifico,Brachiaria interespecifico,Poaceae,Poales,Grasses,F25 1710,16,40,1,1,31,12,14.3,26.47645212,79.3556058,166.8553898,57.86331693,3.467872209,12,13.53262082,22.57990722,39.02283591,336.2333605,12.53223916,21.65834906,,
661,45811,Breding ,CIAT-CIAT_6297,Brachiaria,interespecifico,Brachiaria interespecifico,Poaceae,Poales,Grasses,F25 1710,16,40,1,2,32,12.1,14.5,24.26393523,75.37307539,158.5133026,52.68138801,3.323467945,12.1,13.72739726,21.75975076,41.30443707,439.0041599,12.07703814,22.92467718,,
662,45811,Breding ,CIAT-CIAT_6297,Brachiaria,interespecifico,Brachiaria interespecifico,Poaceae,Poales,Grasses,F25 1710,16,40,1,3,33,12.1,14.3,25.59144536,76.70058553,161.2728675,50.25180032,3.115948833,12.1,13.56596154,21.87821517,43.53717684,529.6783183,12.14278794,24.16388638,,
663,45811,Breding ,CIAT-BR12_4400,Brachiaria,interespecifico,Brachiaria interespecifico,Poaceae,Poales,Grasses,F25 1711,16,40,1,1,34,11.4,14.4,30.9014859,83.3381362,177.3409205,55.6744182,3.139400543,11.4,13.28761062,23.56437098,42.3253116,483.7361275,13.07863358,23.49128021,,
664,45811,Breding ,CIAT-BR12_4400,Brachiaria,interespecifico,Brachiaria interespecifico,Poaceae,Poales,Grasses,F25 1711,16,40,1,2,35,11.5,14.3,30.45898252,81.12561931,172.6327544,58.8663708,3.409918992,11.5,13.24872727,22.87164282,38.85349565,377.8614214,12.69415747,21.56436229,,
665,45811,Breding ,CIAT-BR12_4400,Brachiaria,interespecifico,Brachiaria interespecifico,Poaceae,Poales,Grasses,F25 1711,16,40,1,3,36,11.5,14.4,30.45898252,81.56812269,173.6785323,60.99222826,3.511788559,11.5,13.31708861,23.12892404,37.92110027,337.9461229,12.83695299,21.04686673,,
666,45811,Breding ,CIAT-BR15_3434,Brachiaria,interespecifico,Brachiaria interespecifico,Poaceae,Poales,Grasses,F25 1712,16,40,1,1,37,12.4,13.9,28.24646563,79.3556058,167.5766622,59.45501415,3.547929251,12.4,13.36607807,22.39842749,37.6728991,382.2711867,12.43151477,20.90911078,,
667,45811,Breding ,CIAT-BR15_3434,Brachiaria,interespecifico,Brachiaria interespecifico,Poaceae,Poales,Grasses,F25 1712,16,40,1,2,38,12.3,13.9,28.24646563,81.12561931,171.2802098,56.16949139,3.279391791,12.3,13.34290909,22.85376268,40.68714549,494.4590602,12.68423368,22.58206968,,
668,45811,Breding ,CIAT-BR15_3434,Brachiaria,interespecifico,Brachiaria interespecifico,Poaceae,Poales,Grasses,F25 1712,16,40,1,3,39,12.5,14.2,28.68896901,79.79810917,168.5784686,51.77020512,3.07098561,12.5,13.58881701,22.9078196,44.24904161,771.6852926,12.71423621,24.55898365,,
669,45811,Breding ,CIAT-BR15_3811,Brachiaria,interespecifico,Brachiaria interespecifico,Poaceae,Poales,Grasses,F25 1713,16,40,1,1,40,11.8,14,29.13147239,77.58559228,161.0126661,50.58732597,3.141822764,11.8,13.17395437,21.21173517,41.93092788,669.2176768,11.77288,23.27239042,,
670,45811,Breding ,CIAT-BR15_3811,Brachiaria,interespecifico,Brachiaria interespecifico,Poaceae,Poales,Grasses,F25 1713,16,40,1,2,41,12,14,34.8840163,83.3381362,172.916312,50.11997712,2.898510646,12,13.16283186,22.7606834,45.41239783,758.000275,12.63257307,25.20466648,,
671,45811,Breding ,CIAT-BR15_3811,Brachiaria,interespecifico,Brachiaria interespecifico,Poaceae,Poales,Grasses,F25 1713,16,40,1,3,42,11.8,13.9,33.99900955,82.89563282,172.0669303,43.68610673,2.538901964,11.8,13.03870107,22.43529268,51.3556697,3142.168422,12.45197559,28.50328519,,
672,45811,Breding ,CIAT-BR15_6547,Brachiaria,interespecifico,Brachiaria interespecifico,Poaceae,Poales,Grasses,F25 1714,16,40,1,1,43,11.8,14.1,28.24646563,78.47059904,165.5971359,57.85714848,3.493849586,11.8,13.27208647,21.97819506,37.98700012,376.7220086,12.19827851,21.08344228,,
673,45811,Breding ,CIAT-BR15_6547,Brachiaria,interespecifico,Brachiaria interespecifico,Poaceae,Poales,Grasses,F25 1714,16,40,1,2,44,12.4,14.2,23.37892847,69.1780281,145.9286007,31.31583296,2.145969523,12.4,13.59168443,19.8341549,63.33586888,-524.6072207,11.00829912,35.152503,,
674,45811,Breding ,CIAT-BR15_6547,Brachiaria,interespecifico,Brachiaria interespecifico,Poaceae,Poales,Grasses,F25 1714,16,40,1,3,45,11.1,14.2,29.13147239,78.02809566,164.6962436,44.9943758,2.731961266,11.1,13.0426276,21.48071772,47.74089502,1829.841268,11.92216997,26.4970227,,
675,45811,Breding ,CIAT-BR15_7121,Brachiaria,interespecifico,Brachiaria interespecifico,Poaceae,Poales,Grasses,F25 1715,16,40,1,1,46,11.1,14.5,30.45898252,82.01062606,172.9034219,37.67850097,2.179164562,11.1,13.23723022,22.88762401,60.74451856,-1049.633368,12.70302731,33.71425874,,
676,45811,Breding ,CIAT-BR15_7121,Brachiaria,interespecifico,Brachiaria interespecifico,Poaceae,Poales,Grasses,F25 1715,16,40,1,2,47,11.1,14.6,31.34398928,82.89563282,174.6296384,50.30482272,2.880657785,11.1,13.27660142,23.18488105,46.08878394,916.1672275,12.86801011,25.58007247,,
677,45811,Breding ,CIAT-BR15_7121,Brachiaria,interespecifico,Brachiaria interespecifico,Poaceae,Poales,Grasses,F25 1715,16,40,1,3,48,10.9,14.7,33.11400279,83.78063958,176.6704704,46.43834218,2.628528812,10.9,13.19806338,23.31708066,50.21083779,2139.993023,12.94138318,27.86788367,,
678,45811,Breding ,CIAT-BR15_8887,Brachiaria,interespecifico,Brachiaria interespecifico,Poaceae,Poales,Grasses,F25 1716,16,40,1,1,49,11.5,14.8,31.34398928,82.45312944,173.9720209,54.78376099,3.148998367,11.5,13.54552773,23.56542833,43.01535329,466.607076,13.07922043,23.87426529,,
679,45811,Breding ,CIAT-BR15_8887,Brachiaria,interespecifico,Brachiaria interespecifico,Poaceae,Poales,Grasses,F25 1716,16,40,1,2,50,11.7,14.8,32.22899603,81.12561931,171.1368197,46.35468594,2.708633128,11.7,13.56845455,23.2206216,50.09336408,1128.23421,12.88784673,27.80268373,,
680,45811,Breding ,CIAT-BR15_8887,Brachiaria,interespecifico,Brachiaria interespecifico,Poaceae,Poales,Grasses,F25 1716,16,40,1,3,51,11.1,15,32.67149941,82.01062606,172.9346207,52.36479382,3.028011026,11.1,13.44631295,23.25333029,44.40642003,555.0682134,12.90600062,24.64633139,,
683,45811,Breding ,CIAT-BR19_4678,Brachiaria,interespecifico,Brachiaria interespecifico,Poaceae,Poales,Grasses,F25 1717,16,40,1,1,54,11.7,14.1,38.38716805,86.84128794,187.0788993,45.90647753,2.453856513,11.7,13.03910828,24.39342024,53.13720754,-29261.00132,13.53877027,29.49206951,,
684,45811,Breding ,CIAT-BR19_4678,Brachiaria,interespecifico,Brachiaria interespecifico,Poaceae,Poales,Grasses,F25 1717,16,40,1,2,55,12,14.3,35.73214778,84.62877105,182.3854537,58.21215523,3.191710415,12,13.32888889,24.30995448,41.76095934,502.4543559,13.49244532,23.17805494,,
685,45811,Breding ,CIAT-BR19_4678,Brachiaria,interespecifico,Brachiaria interespecifico,Poaceae,Poales,Grasses,F25 1717,16,40,1,3,56,12.4,14.1,34.84714102,81.53124741,175.6396799,43.10593675,2.454225421,12.4,13.3734057,23.48900697,54.49135024,-1952.552305,13.03680525,30.24364214,,
686,45811,Breding ,CIAT-BR19_5029,Brachiaria,interespecifico,Brachiaria interespecifico,Poaceae,Poales,Grasses,F25 1718,16,40,1,1,57,11.3,14.8,32.19212075,79.31873051,165.9040588,56.82911525,3.42542043,11.3,13.37949791,22.19713008,39.05943279,394.1937978,12.31979123,21.67866097,,
687,45811,Breding ,CIAT-BR19_5029,Brachiaria,interespecifico,Brachiaria interespecifico,Poaceae,Poales,Grasses,F25 1718,16,40,1,2,58,12.7,14.7,32.63462413,80.20373727,167.6545574,42.74508292,2.549592662,12.7,13.8862069,23.28085871,54.46441349,3614.854262,12.92127937,30.22869178,,
688,45811,Breding ,CIAT-BR19_5029,Brachiaria,interespecifico,Brachiaria interespecifico,Poaceae,Poales,Grasses,F25 1718,16,40,1,3,59,12.3,14.9,33.07712751,81.53124741,170.4976875,43.51683941,2.552341913,12.3,13.84518318,23.60571715,54.2450175,2572.873505,13.10158142,30.10692321,,
689,45811,Breding ,CIAT-BR19_5357,Brachiaria,interespecifico,Brachiaria interespecifico,Poaceae,Poales,Grasses,F25 1719,16,40,1,1,60,12.4,14.9,30.42210724,78.87622714,166.8190708,48.90287104,2.931491634,12.4,13.93576438,23.24751264,47.53813455,878.4884926,12.90277172,26.38448714,,
690,45811,Breding ,CIAT-BR19_5357,Brachiaria,interespecifico,Brachiaria interespecifico,Poaceae,Poales,Grasses,F25 1719,16,40,1,2,61,12.2,14.7,30.86461062,81.97375078,173.2662106,60.38965211,3.485368088,12.2,13.75870445,23.83918583,39.47561379,350.4839106,13.23116058,21.90964862,,
691,45811,Breding ,CIAT-BR19_5357,Brachiaria,interespecifico,Brachiaria interespecifico,Poaceae,Poales,Grasses,F25 1719,16,40,1,3,62,11.7,14.7,31.74961737,81.97375078,173.2662106,58.50847763,3.376796747,11.7,13.53805668,23.4568778,40.09141708,383.2200736,13.01897301,22.25143011,,
692,45811,Breding ,CIAT-BR19_5381,Brachiaria,interespecifico,Brachiaria interespecifico,Poaceae,Poales,Grasses,F25 1720,16,40,1,1,63,11.3,14.3,26.43957684,72.68117984,153.7006182,45.82077716,2.981170648,11.3,13.2086758,20.30181636,44.3070101,760.6423189,11.26785932,24.59115716,,
693,45811,Breding ,CIAT-BR19_5381,Brachiaria,interespecifico,Brachiaria interespecifico,Poaceae,Poales,Grasses,F25 1720,16,40,1,2,64,12.1,14.2,27.32458359,74.00868998,156.4453573,52.16293604,3.334259126,12.1,13.42466368,21.00226306,40.26280852,434.8167397,11.65661936,22.34655532,,
694,45811,Breding ,CIAT-BR19_5381,Brachiaria,interespecifico,Brachiaria interespecifico,Poaceae,Poales,Grasses,F25 1720,16,40,1,3,65,11.3,14.6,28.20959035,75.77870349,160.1869503,55.1646431,3.443766362,11.3,13.37153285,21.41945068,38.82822306,365.9264565,11.8881657,21.55033557,,
695,45811,Breding ,CIAT-BR02_0465,Brachiaria,interespecifico,Brachiaria interespecifico,Poaceae,Poales,Grasses,F25 1721,16,40,1,1,66,11.5,14.6,28.20959035,77.99122038,160.9414458,44.03559798,2.736125412,11.5,13.4787234,21.69285233,49.26208187,714.7322622,12.03990835,27.34130772,,
696,45811,Breding ,CIAT-BR02_0465,Brachiaria,interespecifico,Brachiaria interespecifico,Poaceae,Poales,Grasses,F25 1721,16,40,1,2,67,11.2,14.4,27.32458359,77.548717,160.0603021,56.8005474,3.54869675,11.2,13.2724679,21.24395223,37.4009639,301.2867862,11.79076103,20.75818204,,
697,45811,Breding ,CIAT-BR02_0465,Brachiaria,interespecifico,Brachiaria interespecifico,Poaceae,Poales,Grasses,F25 1721,16,40,1,3,69,11.2,14.6,28.65209373,77.99122038,161.0058224,38.2122213,2.373344065,11.2,13.35092199,21.49576174,56.25363041,1785.157471,11.93051967,31.22173812,,
698,45811,Breding ,CIAT-BR04_3025,Brachiaria,interespecifico,Brachiaria interespecifico,Poaceae,Poales,Grasses,F25 1722,16,40,1,1,70,11.8,15,33.96213427,89.93881159,187.5450891,53.97848779,2.878160556,11.8,13.79163592,25.86553586,47.91822988,390.8126326,14.3558199,26.59544662,,
699,45811,Breding ,CIAT-BR04_3025,Brachiaria,interespecifico,Brachiaria interespecifico,Poaceae,Poales,Grasses,F25 1722,16,40,1,2,71,13.1,15,31.74961737,89.05380483,185.8110244,44.35296694,2.386993295,13.1,14.3226087,26.61298594,60.0027186,730.4280287,14.77066763,33.30254693,,
700,45811,Breding ,CIAT-BR04_3025,Brachiaria,interespecifico,Brachiaria interespecifico,Poaceae,Poales,Grasses,F25 1722,16,40,1,3,72,12.4,15,31.74961737,88.61130145,184.8507771,49.64188895,2.68551151,12.4,14.06841448,26.00557349,52.38634959,492.6017011,14.43354321,29.07533036,,
701,45811,Breding ,CIAT-BR05_1435,Brachiaria,interespecifico,Brachiaria interespecifico,Poaceae,Poales,Grasses,F25 1723,16,40,1,1,73,11.2,14.4,21.1295363,71.35366971,148.5606282,51.57193421,3.471440236,11.2,13.4524031,19.98497455,38.75164827,395.1784593,11.09200664,21.50783523,,
702,45811,Breding ,CIAT-BR05_1435,Brachiaria,interespecifico,Brachiaria interespecifico,Poaceae,Poales,Grasses,F25 1723,16,40,1,2,74,12,14.2,19.80202617,66.48613255,138.3156073,38.48352507,2.782298096,12,13.54475874,18.7345153,48.68191067,2352.557214,10.39798012,27.01930267,,
703,45811,Breding ,CIAT-BR05_1435,Brachiaria,interespecifico,Brachiaria interespecifico,Poaceae,Poales,Grasses,F25 1723,16,40,1,3,75,10.9,14.3,20.24452955,70.02615958,145.6801654,33.59466081,2.306055922,10.9,13.31706161,19.40031738,57.74821626,-2444.336135,10.76751179,32.05125913,,
704,45811,Breding ,CIAT-BR09_3660,Brachiaria,interespecifico,Brachiaria interespecifico,Poaceae,Poales,Grasses,F25 1724,16,40,1,1,76,11.7,14.3,29.97960386,73.12368322,151.9307178,54.72642795,3.602064726,11.7,13.23403933,20.10657096,36.74014861,371.002544,11.15949475,20.39141812,,
705,45811,Breding ,CIAT-BR09_3660,Brachiaria,interespecifico,Brachiaria interespecifico,Poaceae,Poales,Grasses,F25 1724,16,40,1,2,77,11.5,14.4,30.86461062,77.548717,161.0281123,31.26861769,1.941811107,11.5,13.24579173,21.32944837,68.21359544,-840.9627972,11.83821287,37.85972563,,
706,45811,Breding ,CIAT-BR09_3660,Brachiaria,interespecifico,Brachiaria interespecifico,Poaceae,Poales,Grasses,F25 1724,16,40,1,3,78,11.7,14.4,30.42210724,76.66371025,159.2222353,50.75689416,3.187801885,11.7,13.32857143,21.22204936,41.81116616,521.2533368,11.77860456,23.2059206,,
707,45811,Breding ,CIAT-BR19_1264,Brachiaria,interespecifico,Brachiaria interespecifico,Poaceae,Poales,Grasses,F25 1725,16,40,1,1,79,11.2,14.9,29.53710048,78.87622714,163.6911088,45.39909897,2.77346151,11.2,13.514446,22.12194651,48.7277215,3532.108984,12.27806304,27.04472847,,
708,45811,Breding ,CIAT-BR19_1264,Brachiaria,interespecifico,Brachiaria interespecifico,Poaceae,Poales,Grasses,F25 1725,16,40,1,2,80,,,,,,,,,,,,,,,Eliminado,
709,45811,Breding ,CIAT-BR19_1264,Brachiaria,interespecifico,Brachiaria interespecifico,Poaceae,Poales,Grasses,F25 1725,16,40,1,3,81,11.6,14.8,29.97960386,77.99122038,161.8544624,46.45749728,2.870325389,11.6,13.56992908,21.96353576,47.27662281,2160.810078,12.19014234,26.2393436,,
710,45811,Breding ,CIAT-BR19_5217,Brachiaria,interespecifico,Brachiaria interespecifico,Poaceae,Poales,Grasses,F25 1726,16,40,1,1,82,11.6,14.5,31.74961737,81.53124741,169.4019917,52.79339673,3.116456673,11.6,13.37069199,22.65021854,42.90350677,490.2529852,12.57126316,23.81218853,,
711,45811,Breding ,CIAT-BR19_5217,Brachiaria,interespecifico,Brachiaria interespecifico,Poaceae,Poales,Grasses,F25 1726,16,40,1,2,83,12.1,14.6,30.86461062,80.64624065,167.5296782,43.14319854,2.575257053,12.1,13.64320988,22.85642561,52.97805073,1735.672092,12.68571165,29.40373473,,
712,45811,Breding ,CIAT-BR19_5217,Brachiaria,interespecifico,Brachiaria interespecifico,Poaceae,Poales,Grasses,F25 1726,16,40,1,3,84,11.6,14.7,30.86461062,80.20373727,166.6770657,50.91360545,3.054625736,11.6,13.50703448,22.51312874,44.21829595,566.0112635,12.49517595,24.54191928,,
713,45811,Breding ,CIAT-CIAT_26124,Brachiaria,interespecifico,Brachiaria interespecifico,Poaceae,Poales,Grasses,F25 1727,16,40,1,1,85,12.7,14.2,29.53710048,76.22120687,158.7128307,41.21762964,2.596994172,12.7,13.61872279,21.61466044,52.44032865,1105.311765,11.9965105,29.10528967,,
714,45811,Breding ,CIAT-CIAT_26124,Brachiaria,interespecifico,Brachiaria interespecifico,Poaceae,Poales,Grasses,F25 1727,16,40,1,2,86,12.4,14.3,29.53710048,79.76123389,166.0841088,37.46955076,2.256058755,12.4,13.5963939,22.58144963,60.26613389,3000.774304,12.53309523,33.44874698,,
715,45811,Breding ,CIAT-CIAT_26124,Brachiaria,interespecifico,Brachiaria interespecifico,Poaceae,Poales,Grasses,F25 1727,16,40,1,3,87,12.9,14.3,29.09459711,78.87622714,164.1428233,49.70180265,3.027960752,12.9,13.78359046,22.62477453,45.5210341,483.8643066,12.5571413,25.26496149,,
716,45811,LMF,ILRI-15551,Leucaena,diversifolia,Leucaena diversifolia,Fabaceae,"	Fabales",Tree,F25 2076,16,40,1,1,89,,,,,,,,,,,,,,,Eliminado,
717,45811,LMF,ILRI-15551,Leucaena,diversifolia,Leucaena diversifolia,Fabaceae,"	Fabales",Tree,F25 2076,16,40,1,2,90,9.2,13,27.32458359,66.92863593,138.8109704,56.11385034,4.042465101,9.2,11.44859504,15.89190587,28.32082592,278.2401363,8.820282705,15.71854837,,
718,45811,LMF,ILRI-15551,Leucaena,diversifolia,Leucaena diversifolia,Fabaceae,"	Fabales",Tree,F25 2076,16,40,1,3,91,9.1,12.7,28.65209373,68.25614606,141.592536,40.89951478,2.888536071,9.1,11.18881686,15.84252954,38.73525059,3158.303716,8.792877986,21.49873424,,
719,45811,LMF-invivo,ILRI-15551,Leucaena,diversifolia,Leucaena diversifolia,Fabaceae,"	Fabales",Tree,F25 2122,16,40,1,1,92,9.2,13,23.78455657,51.88352108,113.8215208,43.83899025,3.851555482,9.2,11.25799574,12.81402196,29.22973793,-704.2917589,7.112003884,16.22301026,,
720,45811,LMF-invivo,ILRI-15551,Leucaena,diversifolia,Leucaena diversifolia,Fabaceae,"	Fabales",Tree,F25 2122,16,40,1,2,93,9.1,13.2,26.43957684,54.09603797,118.7227872,47.21825963,3.97718591,9.1,11.19611452,13.29233921,28.15084528,-3407.663428,7.377478233,15.62420617,,
721,45811,LMF-invivo,ILRI-15551,Leucaena,diversifolia,Leucaena diversifolia,Fabaceae,"	Fabales",Tree,F25 2122,16,40,1,3,94,9.2,13,23.78455657,51.88352108,113.8670494,32.0092176,2.811104508,9.2,11.25799574,12.81914757,40.04830024,-187.7878983,7.114848686,22.22749951,,
722,45811,LMF,Hohenheimer Heustandard,Hohenheimer,Heustandard,Hohenheimer Heustandard,Forage,Forage,Forage,F25 0017,16,40,1,1,96,13.2,15.1,20.24452955,45.68847378,200.0161599,48.82322136,2.44096384,13.2,14.25811138,28.51852686,58.41180909,#DIV/0!,15.8282758,32.41956463,,
723,45811,LMF,Hohenheimer Heustandard,Hohenheimer,Heustandard,Hohenheimer Heustandard,Forage,Forage,Forage,F25 0017,16,40,1,2,97,,,,,,,,,,,,,,,Eliminado DMD,
724,45811,LMF,Hohenheimer Heustandard,Hohenheimer,Heustandard,Hohenheimer Heustandard,Forage,Forage,Forage,F25 0017,16,40,1,3,98,13.5,15.2,19.80202617,45.68847378,200.0161599,38.66666649,1.933177125,13.5,14.46319613,28.92872949,74.81568005,#DIV/0!,16.05594536,41.52399682,,
725,45811,LMF,Homenheim Concentrate,Homenheim,Concentrate,Homenheim Concentrate,Concentrate,Concentrate,Concentrate,F25 0018,16,40,1,1,100,13.4,16.4,26.88208022,53.65353459,238.9893088,50.82445194,2.126641238,13.4,14.89690722,35.60201558,70.04899064,#DIV/0!,19.7597346,38.87840173,,
726,45811,LMF,Homenheim Concentrate,Homenheim,Concentrate,Homenheim Concentrate,Concentrate,Concentrate,Concentrate,F25 0018,16,40,1,2,101,13.9,16.4,27.76708697,53.21103121,237.3026848,36.53915122,1.539769819,13.9,15.0954262,35.82185165,98.03690139,#DIV/0!,19.88174742,54.41217641,,
727,45811,LMF,Homenheim Concentrate,Homenheim,Concentrate,Homenheim Concentrate,Concentrate,Concentrate,Concentrate,F25 0018,16,40,1,3,102,14.6,16.6,27.32458359,53.21103121,237.1129944,48.13114513,2.029882219,14.6,15.57297297,36.92554254,76.7186038,#DIV/0!,20.49431496,42.58015242,,
728,45811,LMF,Sample 8,Cynodon,nlemfuensis,Cynodon nlemfuensis ,Poaceae,Poales,Grasses,F25 0008,16,40,1,1,103,13.2,15,20.24452955,59.4060785,126.7080608,20.82622967,1.643638893,13.2,14.38659218,18.22897196,87.52891065,-2080.697476,10.11739482,48.58005975,,
729,45811,LMF,Sample 8,Cynodon,nlemfuensis,Cynodon nlemfuensis ,Poaceae,Poales,Grasses,F25 0008,16,40,1,2,104,12.6,15,18.91701941,57.19356161,121.9401958,36.01683175,2.953647197,12.6,14.20618956,17.32305536,48.09711047,512.0716216,9.61459543,26.69472844,,
730,45811,LMF,Sample 8,Cynodon,nlemfuensis,Cynodon nlemfuensis ,Poaceae,Poales,Grasses,F25 0008,16,40,1,3,105,13.2,15,18.03201266,57.63606499,122.932774,22.16996554,1.803421887,13.2,14.43685221,17.7476229,80.05255071,-3554.983916,9.850237763,44.43055064,,
738,45817,Breding ,CIAT-BR12_1362,Brachiaria,interespecifico,Brachiaria interespecifico,Poaceae,Poales,Grasses,F25 1701,16,41,2,1,4,10.7,14.1,20.28140483,73.38181019,158.6368322,87.37508522,5.507868761,10.7,13.16030151,20.87708541,23.89363668,123.6664409,11.5871436,13.26138174,,
739,45817,Breding ,CIAT-BR12_1362,Brachiaria,interespecifico,Brachiaria interespecifico,Poaceae,Poales,Grasses,F25 1701,16,41,2,2,5,11.5,14,22.9364251,77.3643406,167.3131534,60.85576309,3.637237231,11.5,13.25881792,22.18374637,36.45299187,319.8428699,12.31236304,20.23204116,,
740,45817,Breding ,CIAT-BR12_1362,Brachiaria,interespecifico,Brachiaria interespecifico,Poaceae,Poales,Grasses,F25 1701,16,41,2,3,6,10.6,14.2,24.70643861,80.46186424,173.9077357,64.92098988,3.733070851,10.6,13.09459212,22.77250865,35.07726652,269.2921517,12.63913629,19.46848979,,
741,45817,Breding ,CIAT-BR12_2462,Brachiaria,interespecifico,Brachiaria interespecifico,Poaceae,Poales,Grasses,F25 1702,16,41,2,1,7,12.3,12.7,19.39639807,67.62926628,141.3138302,56.83017291,4.021557751,12.3,12.58527808,17.78473849,31.29453525,321.4778091,9.870837559,17.36900849,,
742,45817,Breding ,CIAT-BR12_2462,Brachiaria,interespecifico,Brachiaria interespecifico,Poaceae,Poales,Grasses,F25 1702,16,41,2,2,8,14.3,13.7,24.26393523,64.53174263,134.841441,57.68688293,4.278127147,14.3,13.9256,18.77747971,32.55069221,321.6937822,10.42182611,18.06619734,,
743,45817,Breding ,CIAT-BR12_2462,Brachiaria,interespecifico,Brachiaria interespecifico,Poaceae,Poales,Grasses,F25 1702,16,41,2,3,9,12.4,12.6,20.28140483,69.84178317,145.9077837,55.00038059,3.769530259,12.4,12.54192186,18.29964022,33.2718429,374.9907989,10.15661693,18.46644845,,
744,45817,Breding ,CIAT-BR12_3868,Brachiaria,interespecifico,Brachiaria interespecifico,Poaceae,Poales,Grasses,F25 1703,16,41,2,1,10,9.5,14.2,12.31634402,56.56668183,120.1388651,59.03102969,4.91356645,9.5,13.17666232,15.83029257,26.81690063,303.086014,8.786086258,14.88384381,,
745,45817,Breding ,CIAT-BR12_3868,Brachiaria,interespecifico,Brachiaria interespecifico,Poaceae,Poales,Grasses,F25 1703,16,41,2,2,11,9.8,14.2,17.18388118,64.08923925,136.088399,58.38095988,4.289929217,9.8,13.02025316,17.71905407,30.35074125,356.6694418,9.834381568,16.84518649,,
746,45817,Breding ,CIAT-BR12_3868,Brachiaria,interespecifico,Brachiaria interespecifico,Poaceae,Poales,Grasses,F25 1703,16,41,2,3,12,10.5,14,15.85637105,63.2042325,134.1823318,61.27655324,4.566663317,10.5,13.12193699,17.60732103,28.73418967,288.7199652,9.772367797,15.9479724,,
747,45817,Breding ,CIAT-BR15_2558,Brachiaria,interespecifico,Brachiaria interespecifico,Poaceae,Poales,Grasses,F25 1704,16,41,2,1,13,11,14.3,25.14894199,75.1518237,161.1363685,59.77584942,3.709643576,11,13.19568204,21.26304284,35.5712935,330.6682586,11.80135665,19.74268331,,
748,45817,Breding ,CIAT-BR15_2558,Brachiaria,interespecifico,Brachiaria interespecifico,Poaceae,Poales,Grasses,F25 1704,16,41,2,2,14,11.6,14.1,24.26393523,74.70932033,160.2516524,61.4972115,3.837539931,11.6,13.28805528,21.29432815,34.62649384,300.9567902,11.81872054,19.21830316,,
749,45817,Breding ,CIAT-BR15_2558,Brachiaria,interespecifico,Brachiaria interespecifico,Poaceae,Poales,Grasses,F25 1704,16,41,2,3,15,11.4,14.3,25.14894199,71.61179668,153.4846698,54.1979458,3.531163464,11.4,13.2815654,20.38516679,37.61243435,468.949349,11.31412025,20.8755518,,
750,45817,Breding ,CIAT-BR15_2811,Brachiaria,interespecifico,Brachiaria interespecifico,Poaceae,Poales,Grasses,F25 1705,16,41,2,1,16,11.6,13.3,20.72390821,70.72678992,151.0933346,63.06344798,4.173807412,11.6,12.80187696,19.34278278,30.67193977,268.0252642,10.73557909,17.02345723,,
751,45817,Breding ,CIAT-BR15_2811,Brachiaria,interespecifico,Brachiaria interespecifico,Poaceae,Poales,Grasses,F25 1705,16,41,2,2,17,10.8,13.5,23.82143185,74.26681695,158.5290557,64.266997,4.053956967,10.8,12.63396226,20.02850108,31.16451992,261.0739684,11.11616461,17.29684773,,
752,45817,Breding ,CIAT-BR15_2811,Brachiaria,interespecifico,Brachiaria interespecifico,Poaceae,Poales,Grasses,F25 1705,16,41,2,3,18,11,13.5,22.9364251,73.38181019,156.7652429,62.84981841,4.009167929,11,12.71859296,19.93833315,31.72377209,279.4456655,11.06611985,17.60724236,,
753,45817,Breding ,CIAT-BR15_2891,Brachiaria,interespecifico,Brachiaria interespecifico,Poaceae,Poales,Grasses,F25 1706,16,41,2,1,19,12.3,14.5,22.49392172,68.95677641,146.9823585,51.87040597,3.529022565,12.3,13.78235294,20.2576274,39.05430664,519.7368851,11.24333369,21.67581587,,
754,45817,Breding ,CIAT-BR15_2891,Brachiaria,interespecifico,Brachiaria interespecifico,Poaceae,Poales,Grasses,F25 1706,16,41,2,2,20,12.8,14.2,22.9364251,73.82431357,157.3890364,63.82097146,4.054982031,12.8,13.76503497,21.66465589,33.94598264,263.4299413,12.02425884,18.84060767,,
755,45817,Breding ,CIAT-BR15_2891,Brachiaria,interespecifico,Brachiaria interespecifico,Poaceae,Poales,Grasses,F25 1706,16,41,2,3,21,11.9,14.2,22.9364251,74.26681695,158.3640811,56.77692871,3.585215052,11.9,13.48967229,21.36279557,37.62583861,376.4007857,11.85672114,20.8829914,,
756,45817,Breding ,CIAT-BR19_1343,Brachiaria,interespecifico,Brachiaria interespecifico,Poaceae,Poales,Grasses,F25 1707,16,41,2,1,22,11.6,14,20.28140483,65.41674939,138.9255214,56.76147711,4.085748719,11.6,13.25591883,18.41585435,32.44428314,325.8938803,10.22111778,18.00713846,,
757,45817,Breding ,CIAT-BR19_1343,Brachiaria,interespecifico,Brachiaria interespecifico,Poaceae,Poales,Grasses,F25 1707,16,41,2,2,23,10.6,13.9,22.05141834,69.84178317,148.3822691,56.12806949,3.78266688,10.6,12.85807814,19.07910811,33.99209751,351.7068282,10.58923509,18.86620222,,
758,45817,Breding ,CIAT-BR19_1343,Brachiaria,interespecifico,Brachiaria interespecifico,Poaceae,Poales,Grasses,F25 1707,16,41,2,3,24,11.1,13.7,19.83890145,67.62926628,143.6242425,58.48167375,4.071852545,11.1,12.93729553,18.58109271,31.77250499,296.3042207,10.31282793,17.63428997,,
759,45817,Breding ,CIAT-CIAT_26110,Brachiaria,interespecifico,Brachiaria interespecifico,Poaceae,Poales,Grasses,F25 1708,16,41,2,1,25,12.3,14.6,22.49392172,68.95677641,146.8884363,55.0111833,3.745099662,12.3,13.84973262,20.34365568,36.98094543,303.2563982,11.29108087,20.52506452,,
760,45817,Breding ,CIAT-CIAT_26110,Brachiaria,interespecifico,Brachiaria interespecifico,Poaceae,Poales,Grasses,F25 1708,16,41,2,2,26,13.1,14.7,22.05141834,72.49680344,154.367486,46.49067628,3.011688373,13.1,14.21332655,21.94075488,47.19388194,556.4470964,12.17749855,26.19342098,,
761,45817,Breding ,CIAT-CIAT_26110,Brachiaria,interespecifico,Brachiaria interespecifico,Poaceae,Poales,Grasses,F25 1708,16,41,2,3,27,12.6,14.8,23.37892847,75.1518237,159.9888373,53.88856791,3.368270489,12.6,14.11560353,22.58338996,41.90757119,356.1795162,12.53417215,23.25942706,,
762,45817,Breding ,CIAT-CIAT_26646,Brachiaria,interespecifico,Brachiaria interespecifico,Poaceae,Poales,Grasses,F25 1709,16,41,2,1,28,11.4,14.6,19.83890145,67.62926628,144.4531982,52.60311631,3.641533519,11.4,13.6612868,19.7341657,37.51520269,422.9286955,10.95280339,20.82158654,,
763,45817,Breding ,CIAT-CIAT_26646,Brachiaria,interespecifico,Brachiaria interespecifico,Poaceae,Poales,Grasses,F25 1709,16,41,2,2,29,10.4,14.4,21.60891496,71.1692933,152.044928,53.89683676,3.544796756,10.4,13.18549223,20.04787217,37.196751,391.3494572,11.1269159,20.64484035,,
764,45817,Breding ,CIAT-CIAT_26646,Brachiaria,interespecifico,Brachiaria interespecifico,Poaceae,Poales,Grasses,F25 1709,16,41,2,3,30,10.9,14.4,20.28140483,68.95677641,147.2298578,52.04557438,3.534987751,10.9,13.37058824,19.68549804,37.82357727,440.5966459,10.92579199,20.99273977,,
765,45817,Breding ,CIAT-CIAT_6297,Brachiaria,interespecifico,Brachiaria interespecifico,Poaceae,Poales,Grasses,F25 1710,16,41,2,1,31,12.2,14.5,22.9364251,71.61179668,150.6031476,53.96424816,3.58320852,12.2,13.76333677,20.72801838,38.41064981,384.3934203,11.50440882,21.31857519,,
766,45817,Breding ,CIAT-CIAT_6297,Brachiaria,interespecifico,Brachiaria interespecifico,Poaceae,Poales,Grasses,F25 1710,16,41,2,2,32,13,14.6,22.05141834,69.84178317,146.7926461,52.05820777,3.546377094,13,14.09482577,20.69016771,39.74429508,436.3099815,11.48340104,22.05877138,,
767,45817,Breding ,CIAT-CIAT_6297,Brachiaria,interespecifico,Brachiaria interespecifico,Poaceae,Poales,Grasses,F25 1710,16,41,2,3,33,12,14.8,22.9364251,68.95677641,144.9035859,51.6475148,3.564267542,12,13.8686631,20.09619015,38.91027521,436.7091247,11.15373322,21.59587593,,
768,45817,Breding ,CIAT-BR12_4400,Brachiaria,interespecifico,Brachiaria interespecifico,Poaceae,Poales,Grasses,F25 1711,16,41,2,1,34,11.5,14.7,28.24646563,77.3643406,164.6617848,59.07098674,3.587413243,11.5,13.53164919,22.28145507,37.71979494,363.4887919,12.36659306,20.93513878,,
769,45817,Breding ,CIAT-BR12_4400,Brachiaria,interespecifico,Brachiaria interespecifico,Poaceae,Poales,Grasses,F25 1711,16,41,2,2,35,12.1,14.7,27.36145888,76.47933384,162.810691,55.18835124,3.389725263,12.1,13.76981678,22.41873385,40.62222072,477.6780908,12.44278515,22.5460353,,
770,45817,Breding ,CIAT-BR12_4400,Brachiaria,interespecifico,Brachiaria interespecifico,Poaceae,Poales,Grasses,F25 1711,16,41,2,3,36,12.3,14.8,26.9189555,76.47933384,162.6805726,40.95120253,2.517276764,12.3,13.92005786,22.64522983,55.29808267,-3913.444383,12.56849434,30.69139259,,
771,45817,Breding ,CIAT-BR15_3434,Brachiaria,interespecifico,Brachiaria interespecifico,Poaceae,Poales,Grasses,F25 1712,16,41,2,1,37,12.6,14.4,27.36145888,76.92183722,162.4696907,60.96765245,3.752555457,12.6,13.75973154,22.35539328,36.6676301,347.6828519,12.40763004,20.3511691,,
772,45817,Breding ,CIAT-BR15_3434,Brachiaria,interespecifico,Brachiaria interespecifico,Poaceae,Poales,Grasses,F25 1712,16,41,2,2,38,12.9,14.6,24.70643861,75.1518237,158.826394,46.91121491,2.953615815,12.9,14.04111874,22.30100258,47.53874446,1956.68284,12.37744226,26.38482564,,
773,45817,Breding ,CIAT-BR15_3434,Brachiaria,interespecifico,Brachiaria interespecifico,Poaceae,Poales,Grasses,F25 1712,16,41,2,3,39,12.6,14.4,26.03394874,76.47933384,161.470525,50.65900838,3.137353295,12.6,13.78727097,22.26237883,43.94554798,873.4853906,12.35600541,24.39053943,,
774,45817,Breding ,CIAT-BR15_3811,Brachiaria,interespecifico,Brachiaria interespecifico,Poaceae,Poales,Grasses,F25 1713,16,41,2,1,40,13.2,14.3,30.9014859,76.92183722,159.6032862,61.19981581,3.834495972,13.2,13.85810163,22.11798561,36.14060813,318.4895523,12.27586468,20.05866278,,
775,45817,Breding ,CIAT-BR15_3811,Brachiaria,interespecifico,Brachiaria interespecifico,Poaceae,Poales,Grasses,F25 1713,16,41,2,2,41,12.4,14.3,31.34398928,77.3643406,160.5535045,53.40972147,3.326599542,12.4,13.53021926,21.72324119,40.67282246,520.4457644,12.05677469,22.57412015,,
776,45817,Breding ,CIAT-BR15_3811,Brachiaria,interespecifico,Brachiaria interespecifico,Poaceae,Poales,Grasses,F25 1713,16,41,2,3,42,12.3,14.1,31.34398928,79.13435411,164.2924618,60.80284331,3.700890635,12.3,13.38704567,21.99390688,36.17249735,323.0835571,12.20699884,20.07636185,,
777,45817,Breding ,CIAT-BR15_6547,Brachiaria,interespecifico,Brachiaria interespecifico,Poaceae,Poales,Grasses,F25 1714,16,41,2,1,43,11.7,14.3,26.03394874,75.59432708,159.4316953,54.73993468,3.433441172,11.7,13.40458537,21.3711577,39.04125539,454.5288671,11.86136227,21.66857219,,
778,45817,Breding ,CIAT-BR15_6547,Brachiaria,interespecifico,Brachiaria interespecifico,Poaceae,Poales,Grasses,F25 1714,16,41,2,2,44,11,14.3,28.68896901,76.92183722,162.2638918,38.80443226,2.391439761,11,13.06922339,21.2066305,54.65002133,-1984.506333,11.77004683,30.33170734,,
779,45817,Breding ,CIAT-BR15_6547,Brachiaria,interespecifico,Brachiaria interespecifico,Poaceae,Poales,Grasses,F25 1714,16,41,2,3,45,11.6,14.4,26.47645212,76.47933384,161.4272255,57.19439529,3.543045178,11.6,13.43066538,21.68075049,37.90712425,387.4984669,12.03319162,21.03910979,,
780,45817,Breding ,CIAT-BR15_7121,Brachiaria,interespecifico,Brachiaria interespecifico,Poaceae,Poales,Grasses,F25 1715,16,41,2,1,46,11.7,15,27.36145888,76.47933384,161.2740122,43.27525215,2.683336984,11.7,13.81938284,22.28707316,51.50073553,-24389.81701,12.36971119,28.58379924,,
781,45817,Breding ,CIAT-BR15_7121,Brachiaria,interespecifico,Brachiaria interespecifico,Poaceae,Poales,Grasses,F25 1715,16,41,2,2,47,12,15.1,27.36145888,77.80684397,164.0733682,59.09070229,3.601480419,12,14.00985782,22.98644561,38.90027486,395.4012286,12.757875,21.59032556,,
782,45817,Breding ,CIAT-BR15_7121,Brachiaria,interespecifico,Brachiaria interespecifico,Poaceae,Poales,Grasses,F25 1715,16,41,2,3,48,11.4,15.2,28.68896901,77.3643406,163.0750326,43.0449824,2.639581407,11.4,13.79084843,22.48943057,52.2463463,-12685.76895,12.48202305,28.99762611,,
783,45817,Breding ,CIAT-BR15_8887,Brachiaria,interespecifico,Brachiaria interespecifico,Poaceae,Poales,Grasses,F25 1716,16,41,2,1,49,12.6,15.2,29.13147239,79.57685749,167.7690411,60.97602935,3.634522135,12.6,14.24819277,23.90405639,39.20238271,330.053444,13.26716486,21.75800064,,
784,45817,Breding ,CIAT-BR15_8887,Brachiaria,interespecifico,Brachiaria interespecifico,Poaceae,Poales,Grasses,F25 1716,16,41,2,2,50,,,,,,,,,,,,,,,Eliminado DMD,
785,45817,Breding ,CIAT-BR15_8887,Brachiaria,interespecifico,Brachiaria interespecifico,Poaceae,Poales,Grasses,F25 1716,16,41,2,3,51,,,,,,,,,,,,,,,Eliminado DMD,
788,45817,Breding ,CIAT-BR19_4678,Brachiaria,interespecifico,Brachiaria interespecifico,Poaceae,Poales,Grasses,F25 1717,16,41,2,1,54,12.5,14.4,33.11400279,80.90436762,174.4286479,49.35589932,2.829575297,12.5,13.62233364,23.76125238,48.14267941,1832.423398,13.18790616,26.72001999,,
789,45817,Breding ,CIAT-BR19_4678,Brachiaria,interespecifico,Brachiaria interespecifico,Poaceae,Poales,Grasses,F25 1717,16,41,2,2,55,12.6,14.3,33.55650617,82.23187775,177.0782467,36.86226881,2.081693799,12.6,13.60627803,24.09375857,65.36157255,-651.5946206,13.37245285,36.27680359,,
790,45817,Breding ,CIAT-BR19_4678,Brachiaria,interespecifico,Brachiaria interespecifico,Poaceae,Poales,Grasses,F25 1717,16,41,2,3,56,12.5,14.5,30.45898252,73.38181019,158.2101228,41.29251334,2.609979224,12.5,13.66984925,21.62708527,52.37531825,-1120.853876,12.0034065,29.06920778,,
791,45817,Breding ,CIAT-BR19_5029,Brachiaria,interespecifico,Brachiaria interespecifico,Poaceae,Poales,Grasses,F25 1718,16,41,2,1,57,13.3,15,29.57397577,73.82431357,154.3192753,38.96153419,2.524735429,13.3,14.31898102,22.09694775,56.71477832,-3180.474494,12.2641883,31.47768319,,
792,45817,Breding ,CIAT-BR19_5029,Brachiaria,interespecifico,Brachiaria interespecifico,Poaceae,Poales,Grasses,F25 1718,16,41,2,2,58,12.6,15.4,29.57397577,72.93930681,152.4388245,61.0017069,4.001717219,12.6,14.26471183,21.74495904,35.64647638,306.1511435,12.06882848,19.78441111,,
793,45817,Breding ,CIAT-BR19_5029,Brachiaria,interespecifico,Brachiaria interespecifico,Poaceae,Poales,Grasses,F25 1718,16,41,2,3,59,13.2,15.2,29.57397577,73.82431357,154.3501269,51.13855734,3.313152919,13.2,14.3988012,22.22456792,43.45951289,614.8263218,12.3350197,24.12078155,,
794,45817,Breding ,CIAT-BR19_5357,Brachiaria,interespecifico,Brachiaria interespecifico,Poaceae,Poales,Grasses,F25 1719,16,41,2,1,60,12.4,14,28.24646563,75.59432708,159.7821555,37.51964335,2.348174815,12.4,13.40214634,21.41423831,57.07473846,-1451.937652,11.88527275,31.6774673,,
795,45817,Breding ,CIAT-BR19_5357,Brachiaria,interespecifico,Brachiaria interespecifico,Poaceae,Poales,Grasses,F25 1719,16,41,2,2,61,13,14.7,27.80396225,75.59432708,159.7821555,31.34770013,1.961902443,13,14.07473171,22.48890971,71.74022213,-606.4149696,12.48173397,39.81706446,,
796,45817,Breding ,CIAT-BR19_5357,Brachiaria,interespecifico,Brachiaria interespecifico,Poaceae,Poales,Grasses,F25 1719,16,41,2,3,62,12.3,14.8,19.39639807,67.62926628,143.0037395,47.03116163,3.288806418,12.3,14.082988,20.13919948,42.82096972,1023.262721,11.17760414,23.76637904,,
797,45817,Breding ,CIAT-BR19_5381,Brachiaria,interespecifico,Brachiaria interespecifico,Poaceae,Poales,Grasses,F25 1720,16,41,2,1,63,12.4,14.7,22.9364251,68.07176966,143.866669,51.89774848,3.607350393,12.4,13.92502709,20.03347262,38.60181454,422.7553728,11.1189239,21.42467492,,
798,45817,Breding ,CIAT-BR19_5381,Brachiaria,interespecifico,Brachiaria interespecifico,Poaceae,Poales,Grasses,F25 1720,16,41,2,2,64,11.7,14.9,24.26393523,68.07176966,143.8091798,29.4599136,2.048541939,11.7,13.75937161,19.78723946,67.16665816,-680.4315324,10.98226024,37.27865733,,
799,45817,Breding ,CIAT-BR19_5381,Brachiaria,interespecifico,Brachiaria interespecifico,Poaceae,Poales,Grasses,F25 1720,16,41,2,3,65,12,14.6,23.82143185,68.07176966,143.8954308,50.53524982,3.511942634,12,13.69014085,19.69948714,38.98167559,460.7819739,10.93355619,21.63550438,,
800,45817,Breding ,CIAT-BR02_0465,Brachiaria,interespecifico,Brachiaria interespecifico,Poaceae,Poales,Grasses,F25 1721,16,41,2,1,66,11.7,14.8,24.26393523,72.93930681,150.5464944,31.18634737,2.071542582,11.7,13.76875632,20.72837996,66.46619981,-2060.119439,11.5046095,36.88989083,,
801,45817,Breding ,CIAT-BR02_0465,Brachiaria,interespecifico,Brachiaria interespecifico,Poaceae,Poales,Grasses,F25 1721,16,41,2,2,67,12.1,14.8,23.82143185,72.93930681,150.4261775,49.55498671,3.294306054,12.1,13.9182002,20.93661654,42.24926274,439.0991977,11.6201844,23.44907178,,
802,45817,Breding ,CIAT-BR02_0465,Brachiaria,interespecifico,Brachiaria interespecifico,Poaceae,Poales,Grasses,F25 1721,16,41,2,3,69,11.1,14.9,23.82143185,71.61179668,147.836079,34.20726672,2.313864582,11.1,13.63594233,20.15884248,58.93146225,-36049.90357,11.18850634,32.70798112,,
803,45817,Breding ,CIAT-BR04_3025,Brachiaria,interespecifico,Brachiaria interespecifico,Poaceae,Poales,Grasses,F25 1722,16,41,2,1,70,13.5,15,25.59144536,83.55938789,174.2423829,49.68286862,2.851365311,13.5,14.54060018,25.33588823,50.99522016,478.9579335,14.06185631,28.30322946,,
804,45817,Breding ,CIAT-BR04_3025,Brachiaria,interespecifico,Brachiaria interespecifico,Poaceae,Poales,Grasses,F25 1722,16,41,2,2,71,13,15,27.36145888,84.00189127,175.235152,37.95980851,2.166221108,13,14.34855136,25.14370578,66.23770448,1510.494163,13.95519172,36.76307197,,
805,45817,Breding ,CIAT-BR04_3025,Brachiaria,interespecifico,Brachiaria interespecifico,Poaceae,Poales,Grasses,F25 1722,16,41,2,3,72,13.7,14.9,24.70643861,79.13435411,165.0810519,46.72136884,2.830207847,13.7,14.52534949,23.97859972,51.32255393,548.0105897,13.3085377,28.48490536,,
806,45817,Breding ,CIAT-BR05_1435,Brachiaria,interespecifico,Brachiaria interespecifico,Poaceae,Poales,Grasses,F25 1723,16,41,2,1,73,11.8,14.8,18.51139131,67.62926628,140.6656352,40.0973792,2.85054549,11.8,13.97884406,19.66342978,49.03918953,1488.565264,10.91354373,27.21759862,,
807,45817,Breding ,CIAT-BR05_1435,Brachiaria,interespecifico,Brachiaria interespecifico,Poaceae,Poales,Grasses,F25 1723,16,41,2,2,74,11.5,14.9,18.95389469,64.08923925,133.3025485,52.97228277,3.973838712,11.5,13.89447641,18.52169115,34.96487255,336.2993039,10.27985903,19.40610919,,
808,45817,Breding ,CIAT-BR05_1435,Brachiaria,interespecifico,Brachiaria interespecifico,Poaceae,Poales,Grasses,F25 1723,16,41,2,3,75,12,14.7,14.52886091,59.66420547,124.1731196,39.20816017,3.157540078,12,14.04252163,17.43703718,44.47297987,11200.76609,9.677857312,24.68327326,,
809,45817,Breding ,CIAT-BR09_3660,Brachiaria,interespecifico,Brachiaria interespecifico,Poaceae,Poales,Grasses,F25 1724,16,41,2,1,76,12.3,14.9,27.80396225,72.05430006,149.559307,47.0709961,3.147313066,12.3,13.89672467,20.78384511,44.1542496,737.0604896,11.53539362,24.50637244,,
810,45817,Breding ,CIAT-BR09_3660,Brachiaria,interespecifico,Brachiaria interespecifico,Poaceae,Poales,Grasses,F25 1724,16,41,2,2,77,13.1,14.9,26.9189555,72.49680344,150.5680204,46.33311451,3.077221469,13.1,14.23163784,21.42829538,46.24833794,833.3591731,11.89307467,25.6686277,,
811,45817,Breding ,CIAT-BR09_3660,Brachiaria,interespecifico,Brachiaria interespecifico,Poaceae,Poales,Grasses,F25 1724,16,41,2,3,78,,,,,,,,,,,,,,,Elimino 23.56%DMD,
812,45817,Breding ,CIAT-BR19_1264,Brachiaria,interespecifico,Brachiaria interespecifico,Poaceae,Poales,Grasses,F25 1725,16,41,2,1,79,12.5,15.2,25.59144536,72.49680344,150.5121062,54.28382466,3.606608535,12.5,14.24689725,21.44330512,39.50220024,549.4205617,11.90140533,21.92440456,,
813,45817,Breding ,CIAT-BR19_1264,Brachiaria,interespecifico,Brachiaria interespecifico,Poaceae,Poales,Grasses,F25 1725,16,41,2,2,80,11.7,15.4,27.80396225,75.1518237,156.0242484,43.34266916,2.777944429,11.7,14.03110893,21.89193225,50.50896189,-16613.81686,12.15040115,28.03334771,,
814,45817,Breding ,CIAT-BR19_1264,Brachiaria,interespecifico,Brachiaria interespecifico,Poaceae,Poales,Grasses,F25 1725,16,41,2,3,81,12.4,15.3,26.03394874,72.49680344,150.4218891,42.15245267,2.80228183,12.4,14.25859613,21.44804967,50.88209181,-3760.62544,11.90403864,28.24044127,,
815,45817,Breding ,CIAT-BR19_5217,Brachiaria,interespecifico,Brachiaria interespecifico,Poaceae,Poales,Grasses,F25 1726,16,41,2,1,82,12.1,14.8,26.9189555,73.38181019,152.4389848,51.53565297,3.380739714,12.1,13.80954774,21.05113437,40.84771058,502.5598092,11.68374378,22.67118608,,
816,45817,Breding ,CIAT-BR19_5217,Brachiaria,interespecifico,Brachiaria interespecifico,Poaceae,Poales,Grasses,F25 1726,16,41,2,2,83,,,,,,,,,,,,,,,Elimino DMD,
817,45817,Breding ,CIAT-BR19_5217,Brachiaria,interespecifico,Brachiaria interespecifico,Poaceae,Poales,Grasses,F25 1726,16,41,2,3,84,,,,,,,,,,,,,,,Elimino DMD,
818,45817,Breding ,CIAT-CIAT_26124,Brachiaria,interespecifico,Brachiaria interespecifico,Poaceae,Poales,Grasses,F25 1727,16,41,2,1,85,13.6,14.3,23.82143185,70.72678992,147.2131194,51.85644003,3.522542028,13.6,14.06423358,20.70439697,39.92637551,385.6950521,11.49129853,22.15982918,,
819,45817,Breding ,CIAT-CIAT_26124,Brachiaria,interespecifico,Brachiaria interespecifico,Poaceae,Poales,Grasses,F25 1727,16,41,2,2,86,12.5,14.5,26.9189555,73.82431357,153.6911291,33.58899281,2.185486762,12.5,13.77072927,21.16438931,63.00989561,-4293.786836,11.74660223,34.9715822,,
820,45817,Breding ,CIAT-CIAT_26124,Brachiaria,interespecifico,Brachiaria interespecifico,Poaceae,Poales,Grasses,F25 1727,16,41,2,3,87,13.8,14.3,24.70643861,72.93930681,151.848678,31.21568409,2.055709967,13.8,14.13063701,21.45718549,68.73847593,-1710.40901,11.90910918,38.15104339,,
821,45817,LMF,ILRI-15551,Leucaena,diversifolia,Leucaena diversifolia,Fabaceae,"	Fabales",Tree,F25 2076,16,41,2,1,89,9.3,12.6,28.24646563,66.30175614,137.593286,45.02640113,3.272427197,9.3,11.19410456,15.40233631,34.20734485,803.9248676,8.548563126,18.98566821,,
822,45817,LMF,ILRI-15551,Leucaena,diversifolia,Leucaena diversifolia,Fabaceae,"	Fabales",Tree,F25 2076,16,41,2,2,90,10.4,12.4,25.59144536,63.64673588,132.0834325,44.05102961,3.33509122,10.4,11.59582851,15.31616832,34.76914945,968.3470971,8.500738403,19.29747949,,
823,45817,LMF,ILRI-15551,Leucaena,diversifolia,Leucaena diversifolia,Fabaceae,"	Fabales",Tree,F25 2076,16,41,2,3,91,,,,,,,,,,,,,,,Eliminado,
824,45817,LMF-invivo,ILRI-15551,Leucaena,diversifolia,Leucaena diversifolia,Fabaceae,"	Fabales",Tree,F25 2122,16,41,2,1,92,10.8,12.7,17.18388118,42.40657373,92.99391109,42.63340562,4.584537323,10.8,11.93008696,11.09425446,26.02244483,-476.4597507,6.157503166,14.4429071,,
825,45817,LMF-invivo,ILRI-15551,Leucaena,diversifolia,Leucaena diversifolia,Fabaceae,"	Fabales",Tree,F25 2122,16,41,2,2,93,10.2,13.1,22.49392172,45.061594,98.8754164,26.712781,2.701660532,10.2,11.65237316,11.52133248,43.13041192,-127.0830527,6.394538858,23.93812481,,
826,45817,LMF-invivo,ILRI-15551,Leucaena,diversifolia,Leucaena diversifolia,Fabaceae,"	Fabales",Tree,F25 2122,16,41,2,3,94,10.8,13,20.28140483,43.29158049,94.91568562,43.03951288,4.534499498,10.8,11.9693356,11.36077695,26.39615598,-526.8589271,6.305427762,14.65032325,,
827,45817,LMF,Hohenheimer Heustandard,Hohenheimer,Heustandard,Hohenheimer Heustandard,Forage,Forage,Forage,F25 0017,16,41,2,1,96,13.1,15.2,18.51139131,43.29158049,189.2203481,24.82164082,1.311784968,13.1,14.30204429,27.06237799,109.0273531,#DIV/0!,15.02008799,60.51206727,,
828,45817,LMF,Hohenheimer Heustandard,Hohenheimer,Heustandard,Hohenheimer Heustandard,Forage,Forage,Forage,F25 0017,16,41,2,2,97,16.8,16.2,12.31634402,36.65402981,160.1447803,12.61818624,0.787923666,16.8,16.40160966,26.26632176,208.1624193,#DIV/0!,14.57826301,115.5337441,,
829,45817,LMF,Hohenheimer Heustandard,Hohenheimer,Heustandard,Hohenheimer Heustandard,Forage,Forage,Forage,F25 0017,16,41,2,3,98,14,15.5,22.05141834,47.27411089,206.9578022,54.68950737,2.64254388,14,14.80031201,30.63040047,56.00781931,#DIV/0!,17.0004022,31.08530871,,
830,45817,LMF,Homenheim Concentrate,Homenheim,Concentrate,Homenheim Concentrate,Concentrate,Concentrate,Concentrate,F25 0018,16,41,2,1,100,15,15.6,22.05141834,49.92913116,222.4885617,54.6815933,2.457726046,15,15.33500739,34.11863736,62.39510465,#DIV/0!,18.93643402,34.63036258,,
831,45817,LMF,Homenheim Concentrate,Homenheim,Concentrate,Homenheim Concentrate,Concentrate,Concentrate,Concentrate,F25 0018,16,41,2,2,101,16,16.2,22.9364251,49.48662778,220.516728,30.7524051,1.394561101,16,16.10730253,35.51929652,115.5008735,#DIV/0!,19.71382409,64.10498309,,
832,45817,LMF,Homenheim Concentrate,Homenheim,Concentrate,Homenheim Concentrate,Concentrate,Concentrate,Concentrate,F25 0018,16,41,2,3,102,15.2,15.9,22.9364251,50.81413791,226.5227656,60.28038801,2.661118314,15.2,15.58403483,35.3013867,58.56197656,#DIV/0!,19.59288037,32.50291017,,
833,45817,LMF,Sample 8,Cynodon,nlemfuensis,Cynodon nlemfuensis ,Poaceae,Poales,Grasses,F25 0008,16,41,2,1,103,14.7,16,18.95389469,55.23917169,117.8675348,32.23155255,2.734557282,14.7,15.55393858,18.33304397,56.87918364,788.9963495,10.17515658,31.56893099,,
834,45817,LMF,Sample 8,Cynodon,nlemfuensis,Cynodon nlemfuensis ,Poaceae,Poales,Grasses,F25 0008,16,41,2,2,104,12.8,15.5,17.18388118,54.35416494,115.8632731,38.71547646,3.341479611,12.8,14.64640434,16.96980346,43.83209251,410.0299689,9.418534514,24.32756968,,
835,45817,LMF,Sample 8,Cynodon,nlemfuensis,Cynodon nlemfuensis ,Poaceae,Poales,Grasses,F25 0008,16,41,2,3,105,14.6,15.5,14.97136429,53.0266548,113.0560938,32.5842126,2.882127932,14.6,15.24589708,17.23641571,52.89805809,712.0716488,9.566508925,29.35933743,,
843,45824,Breding ,CIAT-BR12_1362,Brachiaria,interespecifico,Brachiaria interespecifico,Poaceae,Poales,Grasses,F25 1701,16,42,3,1,110,13.5,16.1,33.85150842,75.44682596,163.1009842,62.03878365,3.803703819,13.5,14.93343109,24.35657308,39.26023633,330.1751828,13.51831945,21.79011041,,
844,45824,Breding ,CIAT-BR12_1362,Brachiaria,interespecifico,Brachiaria interespecifico,Poaceae,Poales,Grasses,F25 1701,16,42,3,2,111,13.3,15.9,32.96650166,80.75686649,174.6500505,61.52618925,3.52282688,13.3,14.83863014,25.91567503,42.12137197,360.5690616,14.38364801,23.37809018,,
845,45824,Breding ,CIAT-BR12_1362,Brachiaria,interespecifico,Brachiaria interespecifico,Poaceae,Poales,Grasses,F25 1701,16,42,3,3,112,13.5,16.2,32.96650166,80.31436312,173.6930639,63.75373422,3.670482446,13.5,15.09173554,26.21329785,41.11649016,326.709194,14.54883383,22.82036339,,
846,45824,Breding ,CIAT-BR12_2462,Brachiaria,interespecifico,Brachiaria interespecifico,Poaceae,Poales,Grasses,F25 1702,16,42,3,1,113,14.2,14.5,27.65646113,77.65934285,162.2071599,58.62282993,3.614071658,14.2,14.39316239,23.34673993,39.82533761,378.5334504,12.95784459,22.10375139,,
847,45824,Breding ,CIAT-BR12_2462,Brachiaria,interespecifico,Brachiaria interespecifico,Poaceae,Poales,Grasses,F25 1702,16,42,3,2,114,13.9,14,28.54146788,86.50941041,180.7645832,60.23611764,3.332296436,13.9,13.96700767,25.24740321,41.91406119,374.3526929,14.01274559,23.26302912,,
848,45824,Breding ,CIAT-BR12_2462,Brachiaria,interespecifico,Brachiaria interespecifico,Poaceae,Poales,Grasses,F25 1702,16,42,3,3,115,14.1,14.2,28.98397126,75.88932933,158.4151195,61.98755014,3.912981938,14.1,14.16180758,22.4344444,36.19185522,304.8067807,12.45150478,20.08710581,,
849,45824,Breding ,CIAT-BR12_3868,Brachiaria,interespecifico,Brachiaria interespecifico,Poaceae,Poales,Grasses,F25 1703,16,42,3,1,116,13.1,16.3,25.44394424,69.69428204,147.9606809,59.47200665,4.019446672,13.1,15.13174603,22.38903447,37.64634107,415.1295654,12.42630148,20.89437061,,
850,45824,Breding ,CIAT-BR12_3868,Brachiaria,interespecifico,Brachiaria interespecifico,Poaceae,Poales,Grasses,F25 1703,16,42,3,2,117,12.9,15.8,23.67393073,69.60578137,147.8023371,56.21507106,3.803395276,12.9,14.81366815,21.89494773,38.94853697,531.2489918,12.1520748,21.61711187,,
851,45824,Breding ,CIAT-BR12_3868,Brachiaria,interespecifico,Brachiaria interespecifico,Poaceae,Poales,Grasses,F25 1703,16,42,3,3,118,12.4,15.9,25.00144086,68.36677191,145.0843833,55.94421511,3.855977731,12.4,14.62006472,21.21143074,37.91532458,528.5492008,11.77271104,21.04366112,,
852,45824,Breding ,CIAT-BR15_2558,Brachiaria,interespecifico,Brachiaria interespecifico,Poaceae,Poales,Grasses,F25 1704,16,42,3,1,119,13.2,15.8,34.73651518,78.10184623,167.4281708,60.55562716,3.616812325,13.2,14.64362606,24.51755525,40.48765805,364.8454408,13.60766734,22.4713507,,
853,45824,Breding ,CIAT-BR15_2558,Brachiaria,interespecifico,Brachiaria interespecifico,Poaceae,Poales,Grasses,F25 1704,16,42,3,2,120,13.4,15.7,33.40900504,75.00432258,160.7558282,59.21323859,3.683427175,13.4,14.67551622,23.59174764,39.84201541,379.4178865,13.0938281,22.11300786,,
854,45824,Breding ,CIAT-BR15_2558,Brachiaria,interespecifico,Brachiaria interespecifico,Poaceae,Poales,Grasses,F25 1704,16,42,3,3,121,15.6,16.3,27.65646113,67.48176515,144.7195871,63.54225508,4.390715615,15.6,16.01311475,23.17411355,36.47039835,295.6838162,12.86203396,20.24170206,,
855,45824,Breding ,CIAT-BR15_2811,Brachiaria,interespecifico,Brachiaria interespecifico,Poaceae,Poales,Grasses,F25 1705,16,42,3,1,122,13.5,15.6,28.09896451,71.90679893,153.5527616,60.83600313,3.961895735,13.5,14.77938462,22.69415323,37.3038202,356.761722,12.59564767,20.70426561,,
856,45824,Breding ,CIAT-BR15_2811,Brachiaria,interespecifico,Brachiaria interespecifico,Poaceae,Poales,Grasses,F25 1705,16,42,3,2,123,13.7,15.1,27.65646113,71.02179218,151.6325671,59.60552274,3.930918264,13.7,14.55482866,22.06986033,37.026536,374.7701375,12.24915432,20.55036808,,
857,45824,Breding ,CIAT-BR15_2811,Brachiaria,interespecifico,Brachiaria interespecifico,Poaceae,Poales,Grasses,F25 1705,16,42,3,3,124,13.7,14.9,27.65646113,73.67681244,157.3639821,59.80295503,3.800294974,13.7,14.44954955,22.73838657,38.02217894,381.0779582,12.62019794,21.10296713,,
858,45824,Breding ,CIAT-BR15_2891,Brachiaria,interespecifico,Brachiaria interespecifico,Poaceae,Poales,Grasses,F25 1706,16,42,3,1,125,14.7,15.9,29.86897802,72.79180569,155.1877911,59.25861901,3.818510372,14.7,15.40759878,23.91071222,40.34976282,363.7893089,13.27085896,22.39481646,,
859,45824,Breding ,CIAT-BR15_2891,Brachiaria,interespecifico,Brachiaria interespecifico,Poaceae,Poales,Grasses,F25 1706,16,42,3,2,126,14.9,15.8,28.54146788,69.69428204,148.6137603,59.05856099,3.97396317,14.9,15.43142857,22.93322627,38.83133263,352.7337718,12.72833735,21.55206143,,
860,45824,Breding ,CIAT-BR15_2891,Brachiaria,interespecifico,Brachiaria interespecifico,Poaceae,Poales,Grasses,F25 1706,16,42,3,3,127,14.8,16.6,31.63899153,74.5618192,158.9613545,55.61300093,3.498523343,14.8,15.83620178,25.17344084,45.26538835,479.2096933,13.9716952,25.12307367,,
861,45824,Breding ,CIAT-BR19_1343,Brachiaria,interespecifico,Brachiaria interespecifico,Poaceae,Poales,Grasses,F25 1707,16,42,3,1,128,13.6,15.3,25.88644762,68.36677191,145.2775798,50.16937101,3.453345732,13.6,14.65631068,21.29233344,42.44090171,649.8314943,11.81761344,23.55543472,,
862,45824,Breding ,CIAT-BR19_1343,Brachiaria,interespecifico,Brachiaria interespecifico,Poaceae,Poales,Grasses,F25 1707,16,42,3,2,129,13.4,14.8,25.44394424,69.69428204,148.0985037,44.45319225,3.001596313,13.4,14.28888889,21.16163063,47.60429918,1741.905607,11.74507112,26.42120965,,
863,45824,Breding ,CIAT-BR19_1343,Brachiaria,interespecifico,Brachiaria interespecifico,Poaceae,Poales,Grasses,F25 1707,16,42,3,3,130,13.8,15.4,25.88644762,68.80927529,146.1886559,46.05770869,3.150566535,13.8,14.79807074,21.63310071,46.96955476,1206.382272,12.00674517,26.06891552,,
864,45824,Breding ,CIAT-CIAT_26110,Brachiaria,interespecifico,Brachiaria interespecifico,Poaceae,Poales,Grasses,F25 1708,16,42,3,1,131,14.2,16,25.88644762,72.34930231,154.0534118,55.45503175,3.599727595,14.2,15.3559633,23.65638538,42.65868152,345.3671756,13.12970317,23.67630628,,
865,45824,Breding ,CIAT-CIAT_26110,Brachiaria,interespecifico,Brachiaria interespecifico,Poaceae,Poales,Grasses,F25 1708,16,42,3,2,132,15,16.8,33.85150842,80.31436312,170.9450697,53.89778283,3.152929939,15,16.04132231,27.42184962,50.87750957,432.3732143,15.21960096,28.23789804,,
866,45824,Breding ,CIAT-CIAT_26110,Brachiaria,interespecifico,Brachiaria interespecifico,Poaceae,Poales,Grasses,F25 1708,16,42,3,3,133,14.8,15.9,31.19648815,78.98685298,168.0523642,40.76763864,2.425889028,14.8,15.46554622,25.99021605,63.75207621,1246.121805,14.42501957,35.38350527,,
867,45824,Breding ,CIAT-CIAT_26646,Brachiaria,interespecifico,Brachiaria interespecifico,Poaceae,Poales,Grasses,F25 1709,16,42,3,1,134,13.6,16,28.98397126,75.44682596,161.2800897,44.95510902,2.787393602,13.6,15.07800587,24.31782138,54.09356559,1231.922537,13.49681159,30.02286478,,
868,45824,Breding ,CIAT-CIAT_26646,Brachiaria,interespecifico,Brachiaria interespecifico,Poaceae,Poales,Grasses,F25 1709,16,42,3,2,135,13.2,15.3,35.62152193,81.64187325,174.488132,44.34631671,2.541509053,13.2,14.38373984,25.09791895,56.59527287,1426.805099,13.92977924,31.4113556,,
869,45824,Breding ,CIAT-CIAT_26646,Brachiaria,interespecifico,Brachiaria interespecifico,Poaceae,Poales,Grasses,F25 1709,16,42,3,3,136,13.2,16.5,29.42647464,74.11931582,158.3789653,39.10088808,2.468818256,13.2,15.18985075,24.05752844,61.52680827,-26869.20791,13.3523445,34.14844307,,
870,45824,Breding ,CIAT-CIAT_6297,Brachiaria,interespecifico,Brachiaria interespecifico,Poaceae,Poales,Grasses,F25 1710,16,42,3,1,137,14.5,16.5,31.19648815,76.33183271,160.4654305,28.81921889,1.795976791,14.5,15.6826087,25.16516555,87.32077592,-799.4079689,13.96710227,48.46454137,,
871,45824,Breding ,CIAT-CIAT_6297,Brachiaria,interespecifico,Brachiaria interespecifico,Poaceae,Poales,Grasses,F25 1710,16,42,3,2,138,14.1,15.9,30.3114814,72.34930231,152.0021562,44.05174216,2.89809982,14.1,15.14587156,23.02205135,52.26138677,1137.931794,12.7776368,29.00597384,,
872,45824,Breding ,CIAT-CIAT_6297,Brachiaria,interespecifico,Brachiaria interespecifico,Poaceae,Poales,Grasses,F25 1710,16,42,3,3,139,14.2,15.7,31.63899153,76.77433609,161.3634051,34.12995315,2.11509872,14.2,15.08184438,24.33657764,71.30562861,-1810.218526,13.50722164,39.57585754,,
873,45824,Breding ,CIAT-BR12_4400,Brachiaria,interespecifico,Brachiaria interespecifico,Poaceae,Poales,Grasses,F25 1711,16,42,3,1,140,13.4,15.9,37.83403882,80.75686649,171.813718,55.9385814,3.255769217,13.4,14.72876712,25.30604241,45.23897777,509.3683892,14.04529136,25.10841534,,
874,45824,Breding ,CIAT-BR12_4400,Brachiaria,interespecifico,Brachiaria interespecifico,Poaceae,Poales,Grasses,F25 1711,16,42,3,2,141,14,16,36.06402531,79.42935636,169.0231605,60.65386426,3.588494268,14,15.09192201,25.50884355,42.05641943,379.9006533,14.1578495,23.3420404,,
875,45824,Breding ,CIAT-BR12_4400,Brachiaria,interespecifico,Brachiaria interespecifico,Poaceae,Poales,Grasses,F25 1711,16,42,3,3,142,14,15.8,37.83403882,81.19936987,172.6861438,32.92409802,1.906585978,14,14.9613079,25.83610567,78.47171896,-728.1440468,14.33948564,43.55316166,,
876,45824,Breding ,CIAT-BR15_3434,Brachiaria,interespecifico,Brachiaria interespecifico,Poaceae,Poales,Grasses,F25 1712,16,42,3,1,143,14.2,15.9,38.2765422,80.75686649,170.5698095,33.89001741,1.986870801,14.2,15.09424658,25.74622763,75.96994515,-684.3650534,14.28960177,42.16463392,,
877,45824,Breding ,CIAT-BR15_3434,Brachiaria,interespecifico,Brachiaria interespecifico,Poaceae,Poales,Grasses,F25 1712,16,42,3,2,144,14.7,16.2,40.04655571,82.52688001,174.3431667,38.01742524,2.180608851,14.7,15.47211796,26.97458041,70.95320169,-1221.140204,14.97135881,39.3802545,,
878,45824,Breding ,CIAT-BR15_3434,Brachiaria,interespecifico,Brachiaria interespecifico,Poaceae,Poales,Grasses,F25 1712,16,42,3,3,145,14.2,15.9,35.62152193,80.75686649,170.5357296,58.35692078,3.421976198,14.2,15.15013699,25.83639665,44.2730636,474.4045106,14.33964714,24.57231627,,
879,45824,Breding ,CIAT-BR15_3811,Brachiaria,interespecifico,Brachiaria interespecifico,Poaceae,Poales,Grasses,F25 1713,16,42,3,1,146,13.7,15.5,41.81656923,79.87185974,165.8236124,58.14540895,3.506461361,13.7,14.55761773,24.13996759,41.51654968,411.8405461,13.39809966,23.04240335,,
880,45824,Breding ,CIAT-BR15_3811,Brachiaria,interespecifico,Brachiaria interespecifico,Poaceae,Poales,Grasses,F25 1713,16,42,3,2,147,13.4,15.4,44.02908612,80.75686649,167.6945186,37.43397849,2.232272039,13.4,14.30958904,23.99639646,64.10324904,-1587.237612,13.3184152,35.57841227,,
881,45824,Breding ,CIAT-BR15_3811,Brachiaria,interespecifico,Brachiaria interespecifico,Poaceae,Poales,Grasses,F25 1713,16,42,3,3,148,13.5,15.6,43.58658274,81.64187325,169.4644945,31.8753418,1.880945144,13.5,14.47886179,24.53652994,76.97652342,-703.1248388,13.61819863,42.72330227,,
882,45824,Breding ,CIAT-BR15_6547,Brachiaria,interespecifico,Brachiaria interespecifico,Poaceae,Poales,Grasses,F25 1714,16,42,3,1,149,15.9,16.2,24.1164341,54.20666381,114.3698935,52.80184504,4.616760882,15.9,16.06653061,18.37527395,34.80043915,459.1929085,10.19859496,19.31484581,,
883,45824,Breding ,CIAT-BR15_6547,Brachiaria,interespecifico,Brachiaria interespecifico,Poaceae,Poales,Grasses,F25 1714,16,42,3,2,150,12.9,15.5,27.65646113,63.49923475,134.0029455,60.64275509,4.525479262,12.9,14.36759582,19.2530016,31.74823038,281.3396226,10.68574898,17.62081714,,
884,45824,Breding ,CIAT-BR15_6547,Brachiaria,interespecifico,Brachiaria interespecifico,Poaceae,Poales,Grasses,F25 1714,16,42,3,3,151,12.9,15.5,25.88644762,54.64916719,115.3035253,55.60799373,4.822748791,12.9,14.26842105,16.45199248,29.58566094,327.849463,9.131140463,16.42055368,,
885,45824,Breding ,CIAT-BR15_7121,Brachiaria,interespecifico,Brachiaria interespecifico,Poaceae,Poales,Grasses,F25 1715,16,42,3,1,152,13,16.5,37.39153544,82.08437663,173.1281342,45.77379383,2.643925786,13,14.90566038,25.8058917,56.3769999,3066.141747,14.32271636,31.29021032,,
886,45824,Breding ,CIAT-BR15_7121,Brachiaria,interespecifico,Brachiaria interespecifico,Poaceae,Poales,Grasses,F25 1715,16,42,3,2,153,12.9,16.7,36.06402531,80.31436312,169.293337,42.64448449,2.518970047,12.9,14.99366391,25.38327397,59.52299406,-7768.404604,14.08815621,33.03629151,,
887,45824,Breding ,CIAT-BR15_7121,Brachiaria,interespecifico,Brachiaria interespecifico,Poaceae,Poales,Grasses,F25 1715,16,42,3,3,154,13.7,17.4,36.50652869,77.65934285,163.7950811,61.57131558,3.759045458,13.7,15.66068376,25.65142967,41.66133114,380.5311909,14.23698727,23.12275957,,
888,45824,Breding ,CIAT-BR15_8887,Brachiaria,interespecifico,Brachiaria interespecifico,Poaceae,Poales,Grasses,F25 1716,16,42,3,1,155,13.5,16.8,39.16154896,79.42935636,167.4915346,52.51240181,3.135227218,13.5,15.1729805,25.41345789,48.3951543,599.1429468,14.10490881,26.86014793,,
889,45824,Breding ,CIAT-BR15_8887,Brachiaria,interespecifico,Brachiaria interespecifico,Poaceae,Poales,Grasses,F25 1716,16,42,3,2,156,13.6,16.5,37.39153544,76.33183271,160.9276715,46.55550211,2.892945736,13.6,15.07942029,24.26695995,52.12479481,1140.297243,13.46858261,28.93016293,,
890,45824,Breding ,CIAT-BR15_8887,Brachiaria,interespecifico,Brachiaria interespecifico,Poaceae,Poales,Grasses,F25 1716,16,42,3,3,157,13.6,16.4,37.39153544,77.21683947,162.9562931,48.84457107,2.997403178,13.6,15.04412607,24.51535018,50.19053221,833.0331003,13.60644349,27.85661373,,
893,45824,Breding ,CIAT-BR19_4678,Brachiaria,interespecifico,Brachiaria interespecifico,Poaceae,Poales,Grasses,F25 1717,16,42,3,1,160,14.2,16,44.91409287,80.31436312,173.0873718,50.3244032,2.907456661,14.2,14.99338843,25.95166197,51.56874265,1541.488796,14.40362139,28.62154436,,
894,45824,Breding ,CIAT-BR19_4678,Brachiaria,interespecifico,Brachiaria interespecifico,Poaceae,Poales,Grasses,F25 1717,16,42,3,2,161,13.5,16.4,45.35659625,82.96938338,178.8092684,48.85891921,2.732460105,13.5,14.81466667,26.48999708,54.21732102,2413.827957,14.70240668,30.09155118,,
895,45824,Breding ,CIAT-BR19_4678,Brachiaria,interespecifico,Brachiaria interespecifico,Poaceae,Poales,Grasses,F25 1717,16,42,3,3,162,13.7,15.7,41.81656923,78.98685298,170.2264235,56.53115889,3.32093912,13.7,14.64117647,24.92315106,44.08745823,598.2615296,13.83278004,24.46930207,,
896,45824,Breding ,CIAT-BR19_5029,Brachiaria,interespecifico,Brachiaria interespecifico,Poaceae,Poales,Grasses,F25 1718,16,42,3,1,163,14.7,16.4,37.39153544,74.11931582,155.0288973,58.18866346,3.753407555,14.7,15.54238806,24.09519283,41.40874081,394.2029945,13.37324889,22.98256756,,
897,45824,Breding ,CIAT-BR19_5029,Brachiaria,interespecifico,Brachiaria interespecifico,Poaceae,Poales,Grasses,F25 1718,16,42,3,2,164,14.6,16.4,36.94903207,75.35832528,157.5259096,59.40523952,3.771140865,14.6,15.51743981,24.44398822,41.14786577,373.807011,13.56683637,22.8377774,,
898,45824,Breding ,CIAT-BR19_5029,Brachiaria,interespecifico,Brachiaria interespecifico,Poaceae,Poales,Grasses,F25 1718,16,42,3,3,165,13.3,16.2,37.83403882,72.70330501,152.0063487,50.23952352,3.305093764,13.3,14.69087036,22.33105563,44.44917878,677.3993365,12.39412222,24.67006324,,
899,45824,Breding ,CIAT-BR19_5357,Brachiaria,interespecifico,Brachiaria interespecifico,Poaceae,Poales,Grasses,F25 1719,16,42,3,1,166,13.7,16.5,37.83403882,76.33183271,161.3410058,48.59532227,3.011963513,13.7,15.11217391,24.38213339,50.17382797,962.4199733,13.53250587,27.84734258,,
900,45824,Breding ,CIAT-BR19_5357,Brachiaria,interespecifico,Brachiaria interespecifico,Poaceae,Poales,Grasses,F25 1719,16,42,3,2,167,13.8,16.4,37.39153544,77.21683947,163.2768978,43.94395588,2.691376213,13.8,15.14097421,24.72171299,56.25736803,2906.973079,13.72097842,31.22381257,,
901,45824,Breding ,CIAT-BR19_5357,Brachiaria,interespecifico,Brachiaria interespecifico,Poaceae,Poales,Grasses,F25 1719,16,42,3,3,168,13.8,16.3,37.83403882,78.5443496,166.0507469,60.00119489,3.613425172,13.8,15.09577465,25.06664656,41.77691229,376.2325481,13.91242252,23.1869091,,
902,45824,Breding ,CIAT-BR19_5381,Brachiaria,interespecifico,Brachiaria interespecifico,Poaceae,Poales,Grasses,F25 1720,16,42,3,1,169,13.6,16.5,33.85150842,69.69428204,147.3841545,61.04678826,4.14201842,13.6,15.09142857,22.2423744,36.43496248,315.8042685,12.34490261,20.22203454,,
903,45824,Breding ,CIAT-BR19_5381,Brachiaria,interespecifico,Brachiaria interespecifico,Poaceae,Poales,Grasses,F25 1720,16,42,3,2,170,13.6,16.3,30.75398477,69.25177866,146.3605657,50.37606038,3.441914845,13.6,15.10095847,22.10184824,43.87371317,695.5662645,12.26690816,24.35066987,,
904,45824,Breding ,CIAT-BR19_5381,Brachiaria,interespecifico,Brachiaria interespecifico,Poaceae,Poales,Grasses,F25 1720,16,42,3,3,171,13.1,16.3,32.52399829,68.80927529,145.3962926,31.60111086,2.173446812,13.1,14.78745981,21.50041833,68.03690675,-594.6426591,11.93310415,37.76166036,,
905,45824,Breding ,CIAT-BR02_0465,Brachiaria,interespecifico,Brachiaria interespecifico,Poaceae,Poales,Grasses,F25 1721,16,42,3,1,172,13.5,16.4,30.75398477,73.23430907,151.0949522,44.04678415,2.915172447,13.5,15.18217523,22.9395004,52.07985291,755.0824745,12.7318196,28.9052194,,
906,45824,Breding ,CIAT-BR02_0465,Brachiaria,interespecifico,Brachiaria interespecifico,Poaceae,Poales,Grasses,F25 1721,16,42,3,2,173,13.1,16.4,33.40900504,75.88932933,156.6040168,47.77068528,3.050412516,13.1,14.94723032,23.40796308,49.00068514,556.0373496,12.99182449,27.19622801,,
907,45824,Breding ,CIAT-BR02_0465,Brachiaria,interespecifico,Brachiaria interespecifico,Poaceae,Poales,Grasses,F25 1721,16,42,3,3,174,13.8,17.1,34.2940118,75.44682596,155.6908739,47.29606093,3.037818452,13.8,15.6,24.28777632,51.35264088,598.1454102,13.48013606,28.50160414,,
908,45824,Breding ,CIAT-BR04_3025,Brachiaria,interespecifico,Brachiaria interespecifico,Poaceae,Poales,Grasses,F25 1722,16,42,3,1,175,14.5,16.1,35.62152193,83.41188676,174.0391459,40.34688132,2.318264728,14.5,15.41671088,26.83111193,66.50108026,1116.250719,14.89173133,36.90925008,,
909,45824,Breding ,CIAT-BR04_3025,Brachiaria,interespecifico,Brachiaria interespecifico,Poaceae,Poales,Grasses,F25 1722,16,42,3,2,176,14.3,16,36.94903207,85.62440365,178.5841495,58.32833685,3.266154193,14.3,15.26640827,27.26338536,46.74123562,342.2740694,15.13165056,25.94219444,,
910,45824,Breding ,CIAT-BR04_3025,Brachiaria,interespecifico,Brachiaria interespecifico,Poaceae,Poales,Grasses,F25 1722,16,42,3,3,177,14.8,16,35.62152193,83.85439014,174.8226003,58.03226356,3.319494358,14.8,15.49023747,27.08043594,46.66444884,344.0695321,15.03011047,25.89957645,,
911,45824,Breding ,CIAT-BR05_1435,Brachiaria,interespecifico,Brachiaria interespecifico,Poaceae,Poales,Grasses,F25 1723,16,42,3,1,178,14.6,16.5,26.32895099,66.5967584,138.6565863,48.40724547,3.491160915,14.6,15.74883721,21.83680006,45.11060244,542.2448805,12.11980183,25.03716481,,
912,45824,Breding ,CIAT-BR05_1435,Brachiaria,interespecifico,Brachiaria interespecifico,Poaceae,Poales,Grasses,F25 1723,16,42,3,2,179,13.8,16.1,25.00144086,64.38424151,133.9429009,44.45418057,3.318890384,13.8,15.20687285,20.36852663,45.81914765,743.8614953,11.30488468,25.43041966,,
913,45824,Breding ,CIAT-BR05_1435,Brachiaria,interespecifico,Brachiaria interespecifico,Poaceae,Poales,Grasses,F25 1723,16,42,3,3,180,13.4,16.5,24.55893748,61.28671786,127.4734382,42.59332173,3.341348781,13.4,15.25776173,19.44959347,45.66348123,912.0252845,10.79486088,25.34402211,,
914,45824,Breding ,CIAT-BR09_3660,Brachiaria,interespecifico,Brachiaria interespecifico,Poaceae,Poales,Grasses,F25 1724,16,42,3,1,181,13.8,16.3,36.50652869,71.02179218,147.4751042,54.96121806,3.726813305,13.8,15.01495327,22.14331799,40.28898698,402.9081549,12.28992459,22.36108482,,
915,45824,Breding ,CIAT-BR09_3660,Brachiaria,interespecifico,Brachiaria interespecifico,Poaceae,Poales,Grasses,F25 1724,16,42,3,2,182,13.7,16.2,36.50652869,71.46429555,148.3643031,56.09129026,3.780645956,13.7,14.92291022,22.14027175,39.4718532,376.6754613,12.28823387,21.90756143,,
916,45824,Breding ,CIAT-BR09_3660,Brachiaria,interespecifico,Brachiaria interespecifico,Poaceae,Poales,Grasses,F25 1724,16,42,3,3,183,15.7,16.9,34.2940118,69.25177866,143.914752,36.80382377,2.557335038,15.7,16.3057508,23.46638082,63.76071402,-3553.82193,13.02424735,35.38829941,,
917,45824,Breding ,CIAT-BR19_1264,Brachiaria,interespecifico,Brachiaria interespecifico,Poaceae,Poales,Grasses,F25 1725,16,42,3,1,184,13.5,16.7,36.94903207,75.44682596,156.6680297,40.56954744,2.589523052,13.5,15.13284457,23.70832944,58.43873282,-2053.349203,13.15853302,32.43450776,,
918,45824,Breding ,CIAT-BR19_1264,Brachiaria,interespecifico,Brachiaria interespecifico,Poaceae,Poales,Grasses,F25 1725,16,42,3,2,185,12.9,16.5,36.50652869,74.11931582,153.8806375,52.12465925,3.387343599,12.9,14.72686567,22.66179478,43.4761495,729.4537783,12.57768818,24.13001516,,
919,45824,Breding ,CIAT-BR19_1264,Brachiaria,interespecifico,Brachiaria interespecifico,Poaceae,Poales,Grasses,F25 1725,16,42,3,3,186,13.4,16.6,35.17901855,67.48176515,140.1002819,39.31499522,2.806203862,13.4,14.93180328,20.91949849,53.20997337,-1293.710246,11.61068359,29.53245581,,
920,45824,Breding ,CIAT-BR19_5217,Brachiaria,interespecifico,Brachiaria interespecifico,Poaceae,Poales,Grasses,F25 1726,16,42,3,1,187,13.7,16.2,36.50652869,76.33183271,158.5355034,42.26148072,2.665742362,13.7,15.00434783,23.78721836,56.28581382,2343.720108,13.20231773,31.23960047,,
921,45824,Breding ,CIAT-BR19_5217,Brachiaria,interespecifico,Brachiaria interespecifico,Poaceae,Poales,Grasses,F25 1726,16,42,3,2,188,14.2,16.2,35.17901855,71.90679893,149.3152062,36.81179258,2.46537466,14.2,15.22153846,22.72807154,61.74127895,-2675.715732,12.61447293,34.267478,,
922,45824,Breding ,CIAT-BR19_5217,Brachiaria,interespecifico,Brachiaria interespecifico,Poaceae,Poales,Grasses,F25 1726,16,42,3,3,189,14,16.2,33.85150842,70.13678542,145.7270865,38.10366587,2.614727762,14,15.13817035,22.06041459,57.89578007,-5410.160178,12.24391176,32.1331596,,
923,45824,Breding ,CIAT-CIAT_26124,Brachiaria,interespecifico,Brachiaria interespecifico,Poaceae,Poales,Grasses,F25 1727,16,42,3,1,190,15,16.2,34.73651518,73.67681244,153.4454076,38.41507862,2.503501358,15,15.63423423,23.99001444,62.44947375,2271.32111,13.31487307,34.66053837,,
924,45824,Breding ,CIAT-CIAT_26124,Brachiaria,interespecifico,Brachiaria interespecifico,Poaceae,Poales,Grasses,F25 1727,16,42,3,2,191,14.2,16.1,34.73651518,74.5618192,155.2885956,55.32646048,3.562815431,14.2,15.2148368,23.62690639,42.70453267,364.316127,13.11334182,23.70175446,,
925,45824,Breding ,CIAT-CIAT_26124,Brachiaria,interespecifico,Brachiaria interespecifico,Poaceae,Poales,Grasses,F25 1727,16,42,3,3,192,14.5,16.2,36.06402531,75.00432258,156.1477306,55.26104876,3.539023497,14.5,15.38259587,24.01957436,43.46565057,371.7226633,13.33127933,24.12418807,,
926,45824,LMF,ILRI-15551,Leucaena,diversifolia,Leucaena diversifolia,Fabaceae,"	Fabales",Tree,F25 2076,16,42,3,1,193,10.1,13.9,31.19648815,67.03926177,139.1794504,46.0632169,3.309627733,10.1,12.13168317,16.88480996,36.65573335,743.147965,9.371361652,20.34456619,,
927,45824,LMF,ILRI-15551,Leucaena,diversifolia,Leucaena diversifolia,Fabaceae,"	Fabales",Tree,F25 2076,16,42,3,2,194,11.8,13.4,24.1164341,59.95920773,124.3562743,36.47293175,2.932938604,11.8,12.75645756,15.86345536,43.49377634,-1563.913162,8.804492178,24.13979835,,
928,45824,LMF,ILRI-15551,Leucaena,diversifolia,Leucaena diversifolia,Fabaceae,"	Fabales",Tree,F25 2076,16,42,3,3,195,9.9,13.5,28.98397126,65.26924826,135.4776499,53.48415654,3.947821399,9.9,11.90135593,16.12367732,30.14664223,334.8702176,8.948919872,16.73190801,,
929,45824,LMF-invivo,ILRI-15551,Leucaena,diversifolia,Leucaena diversifolia,Fabaceae,"	Fabales",Tree,F25 2122,16,42,3,1,196,10.5,13.6,30.3114814,52.4366503,114.9889927,52.50151245,4.565785927,10.5,11.80801688,13.57791966,25.86195907,736.2194754,7.535980325,14.35383472,,
930,45824,LMF-invivo,ILRI-15551,Leucaena,diversifolia,Leucaena diversifolia,Fabaceae,"	Fabales",Tree,F25 2122,16,42,3,2,197,10.7,13.5,23.23142735,45.35659625,99.52271863,49.73023392,4.996872533,10.7,12.06585366,12.00826559,24.14681099,1784.71967,6.664795156,13.40189786,,
931,45824,LMF-invivo,ILRI-15551,Leucaena,diversifolia,Leucaena diversifolia,Fabaceae,"	Fabales",Tree,F25 2122,16,42,3,3,198,10.2,13.6,24.1164341,46.24160301,101.4443405,51.31981225,5.05891329,10.2,11.82679426,11.99761344,23.37813198,891.9303811,6.658883031,12.97526772,,
932,45824,LMF,Hohenheimer Heustandard,Hohenheimer,Heustandard,Hohenheimer Heustandard,Forage,Forage,Forage,F25 0017,16,42,3,1,199,14.8,15.6,17.03638005,39.16154896,171.3739006,60.04642936,3.503825795,14.8,15.2519774,26.13790859,43.52949687,#DIV/0!,14.50699148,24.15962387,,
933,45824,LMF,Hohenheimer Heustandard,Hohenheimer,Heustandard,Hohenheimer Heustandard,Forage,Forage,Forage,F25 0017,16,42,3,2,200,13.9,15.5,17.92138681,39.16154896,171.3739006,61.84062038,3.608520326,13.9,14.76779661,25.30814908,40.92479818,#DIV/0!,14.0464606,22.71397103,,
934,45824,LMF,Hohenheimer Heustandard,Hohenheimer,Heustandard,Hohenheimer Heustandard,Forage,Forage,Forage,F25 0017,16,42,3,3,201,12.8,15.6,21.01891046,39.60405234,173.4489771,64.30645148,3.707514022,12.8,14.11396648,24.48053049,38.06854511,#DIV/0!,13.58711796,21.12870116,,
935,45824,LMF,Homenheim Concentrate,Homenheim,Concentrate,Homenheim Concentrate,Concentrate,Concentrate,Concentrate,F25 0018,16,42,3,1,202,13.9,16.8,30.3114814,52.87915368,235.5399785,69.75525622,2.961503888,13.9,15.1376569,35.65523382,51.11476289,#DIV/0!,19.78927164,28.36957774,,
936,45824,LMF,Homenheim Concentrate,Homenheim,Concentrate,Homenheim Concentrate,Concentrate,Concentrate,Concentrate,F25 0018,16,42,3,2,203,13.8,16.5,32.08149491,56.86168408,253.1782412,73.3293572,2.896353053,13.8,14.9766537,37.91762842,51.70866058,#DIV/0!,21.04493979,28.69920124,,
937,45824,LMF,Homenheim Concentrate,Homenheim,Concentrate,Homenheim Concentrate,Concentrate,Concentrate,Concentrate,F25 0018,16,42,3,3,204,14.3,17.1,30.3114814,51.99414692,231.6904519,65.50988516,2.82747453,14.3,15.46765957,35.83709037,54.7048591,#DIV/0!,19.89020518,30.36214325,,
938,45824,LMF,Sample 8,Cynodon,nlemfuensis,Cynodon nlemfuensis ,Poaceae,Poales,Grasses,F25 0008,16,42,3,1,205,14.7,16,19.69140032,53.32165705,113.7532542,41.71713566,3.667335581,14.7,15.51991701,17.65441065,42.31932603,354.2214301,9.79850335,23.48795812,,
939,45824,LMF,Sample 8,Cynodon,nlemfuensis,Cynodon nlemfuensis ,Poaceae,Poales,Grasses,F25 0008,16,42,3,2,206,13.8,16,20.57640708,53.32165705,113.7077802,36.85703789,3.241382237,13.8,15.15103734,17.22790824,46.74251981,476.0128092,9.561787133,25.94290719,,
940,45824,LMF,Sample 8,Cynodon,nlemfuensis,Cynodon nlemfuensis ,Poaceae,Poales,Grasses,F25 0008,16,42,3,3,207,13.8,16,22.34642059,55.53417394,118.4022791,39.47077152,3.333615859,13.8,15.11474104,17.89619786,45.34038016,411.2888533,9.932699437,25.16469543,,
948,06//19/2025,Breding ,ABC-15474,Centrosema,molle,Centrosema molle,Fabaceae,Fabales,Climber,F25 0929,17,43,1,1,4,,,,,,,,,,,,,,,Eliminado DMD,
949,06//19/2025,Breding ,ABC-15474,Centrosema,molle,Centrosema molle,Fabaceae,Fabales,Climber,F25 0929,17,43,1,2,5,11.9,14.3,29.86897802,53.65353459,116.2590132,46.00216685,3.956868856,11.9,12.96391753,15.07172259,32.763071,1922.325679,8.365066792,18.18407124,,
950,06//19/2025,Breding ,ABC-15474,Centrosema,molle,Centrosema molle,Fabaceae,Fabales,Climber,F25 0929,17,43,1,3,6,13.4,14.4,29.42647464,53.65353459,116.1660803,45.04937762,3.878014778,13.4,13.85154639,16.09079851,35.71813721,3875.444416,8.93067156,19.82418411,,
951,06//19/2025,Breding ,ABC-15470,Centrosema,molle,Centrosema molle,Fabaceae,Fabales,Climber,F25 0930,17,43,1,1,7,12.7,15,31.63899153,57.19356161,121.3106856,46.67667918,3.847697255,12.7,13.72765957,16.65311794,35.67759797,905.6289824,9.242768573,19.80168413,,
952,06//19/2025,Breding ,ABC-15470,Centrosema,molle,Centrosema molle,Fabaceae,Fabales,Climber,F25 0930,17,43,1,2,8,13.5,15.1,31.19648815,57.63606499,122.2003989,47.94891369,3.923793549,13.5,14.23397313,17.39397194,36.27605008,756.2225216,9.653955363,20.13383541,,
953,06//19/2025,Breding ,ABC-15470,Centrosema,molle,Centrosema molle,Fabaceae,Fabales,Climber,F25 0930,17,43,1,3,9,12.5,15,29.42647464,53.21103121,112.8635198,49.0098396,4.342398648,12.5,13.61746362,15.36914875,31.35931249,572.097995,8.530143459,17.40496098,,
954,06//19/2025,Breding ,ABC-13268,Tadehagi,triquetrum,Tadehagi triquetrum,Fabaceae,Fabales,Herbaceous,F25 0931,17,43,1,1,10,11.4,15.2,21.01891046,48.34349405,102.6292199,42.82984821,4.173260621,11.4,13.54782609,13.90402823,32.46340768,-510.5462083,7.716976223,18.01775291,,
955,06//19/2025,Breding ,ABC-13268,Tadehagi,triquetrum,Tadehagi triquetrum,Fabaceae,Fabales,Herbaceous,F25 0931,17,43,1,2,11,10.6,14.6,23.23142735,42.59095014,90.41704731,43.50918162,4.812055128,10.6,12.41818182,11.22815333,25.80639974,-460.4072969,6.231819357,14.32299833,,
956,06//19/2025,Breding ,ABC-13268,Tadehagi,triquetrum,Tadehagi triquetrum,Fabaceae,Fabales,Herbaceous,F25 0931,17,43,1,3,12,10.6,14.3,22.34642059,42.59095014,90.3447715,37.14825401,4.111832195,10.6,12.3587013,11.16544045,30.056434,-218.9432342,6.197012622,16.68184088,,
957,06//19/2025,Breding ,ABC-22768,Lablab,purpureus,Lablab purpureus,Fabaceae,Fabales,Climber,F25 0932,17,43,1,1,13,13.6,17.5,54.64916719,94.80634875,201.1987027,72.66597307,3.611652168,13.6,15.25192532,30.68667588,42.22977355,322.6682473,17.03163602,23.43825494,,
958,06//19/2025,Breding ,ABC-22768,Lablab,purpureus,Lablab purpureus,Fabaceae,Fabales,Climber,F25 0932,17,43,1,2,14,13.7,17.9,54.64916719,95.24885212,202.2590691,70.7172055,3.496367595,13.7,15.4902439,31.33042312,44.30381956,360.9285558,17.38892688,24.58938636,,
959,06//19/2025,Breding ,ABC-22768,Lablab,purpureus,Lablab purpureus,Fabaceae,Fabales,Climber,F25 0932,17,43,1,3,15,13.8,17.5,53.32165705,92.15132848,195.6032971,69.26429832,3.541059857,13.8,15.35906363,30.04283485,43.37419939,372.9997597,16.67429312,24.07343108,,
960,06//19/2025,Breding ,ABC-22770,Lablab,purpureus,Lablab purpureus,Fabaceae,Fabales,Climber,F25 0933,17,43,1,1,16,13.7,17,50.66663679,96.57636226,206.9102335,72.31951841,3.495212256,13.7,15.26872852,31.59256184,43.68469611,469.8859131,17.53441841,24.24576213,,
961,06//19/2025,Breding ,ABC-22770,Lablab,purpureus,Lablab purpureus,Fabaceae,Fabales,Climber,F25 0933,17,43,1,2,17,13.7,16.9,48.89662327,94.36384537,202.2508738,74.92328535,3.704472763,13.7,15.24185229,30.82677944,41.14445769,380.1292153,17.10939592,22.83588586,,
962,06//19/2025,Breding ,ABC-22770,Lablab,purpureus,Lablab purpureus,Fabaceae,Fabales,Climber,F25 0933,17,43,1,3,18,13.6,17,49.33912665,96.57636226,206.951599,72.61398779,3.508742534,13.6,15.26300115,31.58702493,43.4999177,459.0322409,17.53134533,24.14320692,,
963,06//19/2025,Breding ,ABC-18701,Cajanus,cajan,Cajanus cajan,Fabaceae,Fabales,Shrub,F25 0934,17,43,1,1,19,12.4,16.7,25.00144086,48.34349405,101.9604692,32.2562356,3.163602114,12.4,14.47620137,14.76000284,45.75860317,-551.876825,8.192056942,25.39681643,,
964,06//19/2025,Breding ,ABC-18701,Cajanus,cajan,Cajanus cajan,Fabaceae,Fabales,Shrub,F25 0934,17,43,1,2,20,12.9,16.7,22.34642059,47.01598392,99.14081916,38.4270693,3.876008855,12.9,14.89388235,14.76591697,38.42582127,-2897.527186,8.195339384,21.32699561,,
965,06//19/2025,Breding ,ABC-18701,Cajanus,cajan,Cajanus cajan,Fabaceae,Fabales,Shrub,F25 0934,17,43,1,3,21,11.8,16.5,24.1164341,47.90099067,100.986814,37.76473704,3.739571092,11.8,14.13371824,14.27319176,37.79502488,-1924.223584,7.921868368,20.9768927,,
966,06//19/2025,Breding ,ABC-20891,Cajanus,cajan,Cajanus cajan,Fabaceae,Fabales,Shrub,F25 0935,17,43,1,1,22,11.7,16.6,26.77145437,44.36096365,93.10913671,36.31943548,3.900738076,11.7,13.64289277,12.70277968,34.97515727,-330.9264894,7.050262493,19.41181739,,
967,06//19/2025,Breding ,ABC-20891,Cajanus,cajan,Cajanus cajan,Fabaceae,Fabales,Shrub,F25 0935,17,43,1,2,23,11.7,16.6,28.09896451,45.24597041,94.9666756,27.42010807,2.887339996,11.7,13.55696822,12.87460203,46.95314107,-176.1668794,7.145626868,26.05980563,,
968,06//19/2025,Breding ,ABC-20891,Cajanus,cajan,Cajanus cajan,Fabaceae,Fabales,Shrub,F25 0935,17,43,1,3,24,12.3,16.5,25.44394424,43.91846027,92.16194225,25.0633347,2.719488554,12.3,14.06675063,12.96419059,51.72572104,-157.6118554,7.195350072,28.70867009,,
969,06//19/2025,Breding ,ABC-5172,Centrosema,molle,Centrosema molle,Fabaceae,Fabales,Climber,F25 0936,17,43,1,1,25,12.2,15.5,30.3114814,53.29953189,113.7012291,32.46130338,2.854965037,12.2,13.62328767,15.48984553,47.71787919,-793.2691259,8.597132259,26.48424852,,
970,06//19/2025,Breding ,ABC-5172,Centrosema,molle,Centrosema molle,Fabaceae,Fabales,Climber,F25 0936,17,43,1,2,26,12.4,15.4,31.63899153,52.76852783,112.6810332,24.36472347,2.162273702,12.4,13.60125786,15.32603788,62.90257266,-322.7320545,8.506216181,34.9120161,,
971,06//19/2025,Breding ,ABC-5172,Centrosema,molle,Centrosema molle,Fabaceae,Fabales,Climber,F25 0936,17,43,1,3,27,12.3,15.3,30.75398477,54.98104472,117.3117554,55.42750084,4.724803636,12.3,13.62193159,15.98012706,28.83068301,267.8292566,8.869246994,16.00152787,,
972,06//19/2025,Breding ,ABC-5452,Centrosema,macrocarpum,Centrosema macrocarpum,Fabaceae,Fabales,Climber,F25 0937,17,43,1,1,28,,,,,,,,,,,,,,,Eliminado DMD,
973,06//19/2025,Breding ,ABC-5452,Centrosema,macrocarpum,Centrosema macrocarpum,Fabaceae,Fabales,Climber,F25 0937,17,43,1,2,29,12.5,17.1,42.2590726,63.38860891,133.7836128,30.33137761,2.26719678,12.5,14.03333333,18.77430033,61.89728857,-234.5228445,10.4200615,34.35406604,,
974,06//19/2025,Breding ,ABC-5452,Centrosema,macrocarpum,Centrosema macrocarpum,Fabaceae,Fabales,Climber,F25 0937,17,43,1,3,30,12.1,17.1,41.81656923,62.94610553,132.8496958,28.28416271,2.129034813,12.1,13.77838313,18.30454007,64.71657037,-206.5803772,10.15933642,35.91881622,,
975,06//19/2025,Breding ,ABC-5733,Centrosema,macrocarpum,Centrosema macrocarpum,Fabaceae,Fabales,Climber,F25 0938,17,43,1,1,31,12.2,16.9,42.2590726,70.46866295,147.9142984,39.44361465,2.666653263,12.2,14.08147567,20.82851594,52.80579918,-371.6454698,11.5601867,29.30813214,,
976,06//19/2025,Breding ,ABC-5733,Centrosema,macrocarpum,Centrosema macrocarpum,Fabaceae,Fabales,Climber,F25 0938,17,43,1,2,32,12.4,16.7,41.81656923,69.14115282,145.0988356,41.32346252,2.847952731,12.4,14.09936,20.45800719,49.50700146,-428.1818161,11.35454794,27.47724233,,
977,06//19/2025,Breding ,ABC-5733,Centrosema,macrocarpum,Centrosema macrocarpum,Fabaceae,Fabales,Climber,F25 0938,17,43,1,3,33,12.6,16.7,41.28556517,69.05265214,144.9420802,57.47409472,3.965314604,12.6,14.2486703,20.65231913,35.93326563,892.4854831,11.46239442,19.94358411,,
978,06//19/2025,Breding ,ABC-5735,Centrosema,macrocarpum,Centrosema macrocarpum,Fabaceae,Fabales,Climber,F25 0939,17,43,1,1,34,13.2,17,45.79909963,75.33620011,160.298314,64.29597319,4.011019929,13.2,14.68986784,23.54761048,36.62377177,373.7193496,13.06933121,20.32682696,,
979,06//19/2025,Breding ,ABC-5735,Centrosema,macrocarpum,Centrosema macrocarpum,Fabaceae,Fabales,Climber,F25 0939,17,43,1,2,35,13.5,17.2,45.35659625,73.12368322,155.5283695,43.38133676,2.789287697,13.5,14.90499244,23.18149171,53.43655461,-938.0512297,12.86612896,29.65821231,,
980,06//19/2025,Breding ,ABC-5735,Centrosema,macrocarpum,Centrosema macrocarpum,Fabaceae,Fabales,Climber,F25 0939,17,43,1,3,36,13.7,17.1,47.12660976,74.89369673,159.2612106,40.86212244,2.565729739,13.7,14.9605613,23.82637104,58.30918616,-675.5704474,13.22404815,32.36260713,,
981,06//19/2025,Breding ,ABC-5749,Centrosema,plumieri,Centrosema plumieri,Fabaceae,Fabales,Climber,F25 0940,17,43,1,1,37,,,,,,,,,,,,,,,Eliminado DMD,
982,06//19/2025,Breding ,ABC-5749,Centrosema,plumieri,Centrosema plumieri,Fabaceae,Fabales,Climber,F25 0940,17,43,1,2,38,,,,,,,,,,,,,,,Eliminado DMD,
983,06//19/2025,Breding ,ABC-5749,Centrosema,plumieri,Centrosema plumieri,Fabaceae,Fabales,Climber,F25 0940,17,43,1,3,39,11.9,16.6,41.81656923,77.99122038,167.4694176,57.65552969,3.442749757,11.9,14.08,23.579694,40.89754119,355.4421481,13.08713813,22.69884293,,
984,06//19/2025,Breding ,ABC-5911,Centrosema,macrocarpum,Centrosema macrocarpum,Fabaceae,Fabales,Climber,F25 0941,17,43,1,1,40,12.9,17.5,47.12660976,76.66371025,160.8301468,56.70005769,3.525462036,12.9,14.67229437,23.59747258,41.61807509,611.2533054,13.09700555,23.09875171,,
985,06//19/2025,Breding ,ABC-5911,Centrosema,macrocarpum,Centrosema macrocarpum,Fabaceae,Fabales,Climber,F25 0941,17,43,1,2,41,12.8,17.4,47.56911314,76.66371025,160.7337066,29.42819298,1.830866319,12.8,14.54574315,23.37991211,79.44732498,-338.0079945,12.97625572,44.09463988,,
986,06//19/2025,Breding ,ABC-5911,Centrosema,macrocarpum,Centrosema macrocarpum,Fabaceae,Fabales,Climber,F25 0941,17,43,1,3,42,12.6,17.5,47.12660976,76.22120687,159.7740151,37.57550733,2.351790891,12.6,14.47039187,23.11992609,61.52924535,-625.3339008,12.83195898,34.14979569,,
987,06//19/2025,Breding ,ABC-13692,Desmodium,velutinum,Desmodium velutinum,Fabaceae,Fabales,Shrub,F25 0942,17,43,1,1,43,14.7,18.7,37.83403882,63.83111228,134.5016326,41.35805721,3.074911168,14.7,16.32911612,21.96292776,53.10435075,-1684.585688,12.18980489,29.47383343,,
988,06//19/2025,Breding ,ABC-13692,Desmodium,velutinum,Desmodium velutinum,Fabaceae,Fabales,Shrub,F25 0942,17,43,1,2,44,14.9,19,38.2765422,65.15862242,137.2714393,28.0763349,2.04531511,14.9,16.59151104,22.775406,81.11958373,-357.529436,12.64074437,45.02277243,,
989,06//19/2025,Breding ,ABC-13692,Desmodium,velutinum,Desmodium velutinum,Fabaceae,Fabales,Shrub,F25 0942,17,43,1,3,45,15.3,19,29.86897802,54.09603797,113.9200333,52.42805852,4.602180758,15.3,16.95705521,19.31748295,36.84569578,661.9368864,10.72153725,20.44999863,,
990,06//19/2025,Breding ,ABC-15121,Centrosema,macrocarpum,Centrosema macrocarpum,Fabaceae,Fabales,Climber,F25 0943,17,43,1,1,46,13.6,17.1,40.93156247,69.5836562,148.0954715,59.11519797,3.991695179,13.6,15.04117647,22.27530122,37.68117503,553.19414,12.36317756,20.91370406,,
991,06//19/2025,Breding ,ABC-15121,Centrosema,macrocarpum,Centrosema macrocarpum,Fabaceae,Fabales,Climber,F25 0943,17,43,1,2,47,,,,,,,,,,,,,,,Eliminado DMD,
992,06//19/2025,Breding ,ABC-15121,Centrosema,macrocarpum,Centrosema macrocarpum,Fabaceae,Fabales,Climber,F25 0943,17,43,1,3,48,,,,,,,,,,,,,,,Eliminado DMD,
993,06//19/2025,Breding ,ABC-15150,Centrosema,molle,Centrosema molle,Fabaceae,Fabales,Climber,F25 0944,17,43,1,1,49,13.2,14.7,32.96650166,65.15862242,139.8916234,47.91524656,3.425169098,13.2,13.94108659,19.50241235,40.70189292,547.5150953,10.82417626,22.59025476,,
994,06//19/2025,Breding ,ABC-15150,Centrosema,molle,Centrosema molle,Fabaceae,Fabales,Climber,F25 0944,17,43,1,2,50,12.6,14.4,33.40900504,63.38860891,136.1731663,49.45220193,3.631567311,12.6,13.4513089,18.31707324,37.03995479,447.5366473,10.16629255,20.55781574,,
995,06//19/2025,Breding ,ABC-15150,Centrosema,molle,Centrosema molle,Fabaceae,Fabales,Climber,F25 0944,17,43,1,3,51,13,14.5,34.73651518,67.81364269,145.6208981,26.79619881,1.840134154,13,13.73164763,19.99614861,74.62307901,-540.4723887,11.09820843,41.41709991,,
998,06//19/2025,Breding ,ABC-15154,Centrosema,molle,Centrosema molle,Fabaceae,Fabales,Climber,F25 0945,17,43,1,1,54,13.3,14.7,28.09896451,53.65353459,113.6921656,19.22348853,1.690836693,13.3,13.96680412,15.87916207,82.60291594,-330.3208791,8.813209676,45.84604746,,
999,06//19/2025,Breding ,ABC-15154,Centrosema,molle,Centrosema molle,Fabaceae,Fabales,Climber,F25 0945,17,43,1,2,55,13.1,14.4,27.21395775,54.09603797,114.5382207,27.37617916,2.390134839,13.1,13.74601227,15.74443787,57.51145101,-721.7015503,8.738435412,31.91985032,,
1000,06//19/2025,Breding ,ABC-15154,Centrosema,molle,Centrosema molle,Fabaceae,Fabales,Climber,F25 0945,17,43,1,3,56,12.1,14.6,25.44394424,45.24597041,95.87648603,27.99617367,2.920025006,12.1,13.19413203,12.65007015,45.18499671,-637.676131,7.021007794,25.07845492,,
1001,06//19/2025,Breding ,ABC-15561,Centrosema,molle,Centrosema molle,Fabaceae,Fabales,Climber,F25 0946,17,43,1,1,57,12.1,16,30.3114814,52.32602445,113.0798885,41.95382057,3.710104523,12.1,13.74080338,15.53808514,37.03616245,398.2421916,8.623906078,20.55571092,,
1002,06//19/2025,Breding ,ABC-15561,Centrosema,molle,Centrosema molle,Fabaceae,Fabales,Climber,F25 0946,17,43,1,2,58,12.9,16.2,30.75398477,51.88352108,112.0787968,41.65299044,3.716402357,12.9,14.24392324,15.96441778,38.32718278,419.1933719,8.860528068,21.27224954,,
1003,06//19/2025,Breding ,ABC-15561,Centrosema,molle,Centrosema molle,Fabaceae,Fabales,Climber,F25 0946,17,43,1,3,59,,,,,,,,,,,,,,,Eliminado 22.91%DMD,
1004,06//19/2025,Breding ,ABC-15799,Centrosema,macrocarpum,Centrosema macrocarpum,Fabaceae,Fabales,Climber,F25 0947,17,43,1,1,60,12.9,15.4,33.85150842,54.98104472,118.4207307,56.31999301,4.755923452,12.9,13.86076459,16.4140187,29.14421295,285.9599455,9.110064358,16.17554241,,
1005,06//19/2025,Breding ,ABC-15799,Centrosema,macrocarpum,Centrosema macrocarpum,Fabaceae,Fabales,Climber,F25 0947,17,43,1,2,61,13,15.1,33.85150842,54.98104472,118.3734002,37.45576691,3.164204698,13,13.80704225,16.34386539,43.63511079,-1509.76656,9.071128055,24.21824142,,
1006,06//19/2025,Breding ,ABC-15799,Centrosema,macrocarpum,Centrosema macrocarpum,Fabaceae,Fabales,Climber,F25 0947,17,43,1,3,62,12.7,15,35.62152193,56.75105823,122.2330681,43.54768328,3.562676121,12.7,13.55633528,16.57032453,38.05098983,1478.975639,9.1968168,21.11895768,,
1007,06//19/2025,Breding ,ABC-15816,Centrosema,acutifolium,Centrosema acutifolium,Fabaceae,Fabales,Climber,F25 0948,17,43,1,1,63,13.1,16.8,38.71904558,66.92863593,139.7367793,36.82173732,2.635078432,13.1,14.65950413,20.48471893,55.63213586,-428.1669461,11.36937342,30.8767979,,
1008,06//19/2025,Breding ,ABC-15816,Centrosema,acutifolium,Centrosema acutifolium,Fabaceae,Fabales,Climber,F25 0948,17,43,1,2,64,12.6,16.8,39.16154896,66.92863593,139.7367793,40.97655367,2.932410055,12.6,14.34247934,20.0417187,48.9102106,-647.2141127,11.12350062,27.14601308,,
1009,06//19/2025,Breding ,ABC-15816,Centrosema,acutifolium,Centrosema acutifolium,Fabaceae,Fabales,Climber,F25 0948,17,43,1,3,65,12.5,16.7,38.71904558,66.92863593,139.7926628,56.05412265,4.009804343,12.5,14.27024793,19.94875958,35.58838964,658.5823345,11.0719067,19.75217197,,
1010,06//19/2025,Breding ,ABC-20304,Canavalia,brasiliensis,Canavalia brasiliensis,Fabaceae,Fabales,Climber,F25 0949,17,43,1,1,66,13,20.2,45.35659625,84.62877105,178.9159114,66.95620578,3.742328183,13,16.34117647,29.23696482,43.66580287,452.662721,16.22702131,24.23527606,,
1011,06//19/2025,Breding ,ABC-20304,Canavalia,brasiliensis,Canavalia brasiliensis,Fabaceae,Fabales,Climber,F25 0949,17,43,1,2,67,13.1,20.9,45.35659625,85.07127443,179.8154779,58.00070505,3.225567994,13.1,16.74135241,30.10354284,51.90202915,1214.25205,16.7079871,28.80652414,,
1012,06//19/2025,Breding ,ABC-20304,Canavalia,brasiliensis,Canavalia brasiliensis,Fabaceae,Fabales,Climber,F25 0949,17,43,1,3,69,12.9,21.5,44.91409287,82.85875754,175.1738793,47.23140731,2.696258569,12.9,16.83831776,29.49633443,62.4506787,-1279.416584,16.37097592,34.66120714,,
1013,06//19/2025,Breding ,ABC-21603,Lablab,purpureus,Lablab purpureus,Fabaceae,Fabales,Climber,F25 0950,17,43,1,1,70,13.4,17.1,44.47158949,85.07127443,180.3665071,46.76225291,2.592623967,13.4,15.16579974,27.35402326,58.49594824,-8535.278365,15.18195616,32.46626332,,
1014,06//19/2025,Breding ,ABC-21603,Lablab,purpureus,Lablab purpureus,Fabaceae,Fabales,Climber,F25 0950,17,43,1,2,71,13.1,16.8,44.91409287,85.51377781,181.3046944,67.79444929,3.739255044,13.1,14.85666235,26.93582627,39.73161012,329.202212,14.9498496,22.05173101,,
1015,06//19/2025,Breding ,ABC-21603,Lablab,purpureus,Lablab purpureus,Fabaceae,Fabales,Climber,F25 0950,17,43,1,3,72,13.4,16.5,43.58658274,83.7437643,177.5519452,62.43039114,3.516176129,13.4,14.88652576,26.43131606,42.33725846,439.5229201,14.6698377,23.49791093,,
1016,06//19/2025,Breding ,ABC-23248,Desmodium,velutinum,Desmodium velutinum,Fabaceae,Fabales,Shrub,F25 0951,17,43,1,1,73,13.6,19.2,41.81656923,74.00868998,155.8127478,39.34543003,2.525174004,13.6,16.03587444,24.9859366,63.5040374,-268.2388805,13.8676271,35.24583944,,
1017,06//19/2025,Breding ,ABC-23248,Desmodium,velutinum,Desmodium velutinum,Fabaceae,Fabales,Shrub,F25 0951,17,43,1,2,74,13.8,19.1,41.81656923,73.12368322,153.9495162,48.14571127,3.127370093,13.8,16.06913767,24.73835969,51.3822707,-503.9651875,13.73021763,28.51804921,,
1018,06//19/2025,Breding ,ABC-23248,Desmodium,velutinum,Desmodium velutinum,Fabaceae,Fabales,Shrub,F25 0951,17,43,1,3,75,13.4,19.1,41.37406585,72.68117984,152.9567543,45.87253909,2.999052856,13.4,15.85525114,24.25167753,52.86752819,-401.2226608,13.46010061,29.34239281,,
1019,06//19/2025,Breding ,ABC-23271,Desmodium,velutinum,Desmodium velutinum,Fabaceae,Fabales,Shrub,F25 0952,17,43,1,1,76,13.4,19.4,41.81656923,68.69864944,144.5450517,46.99910578,3.251519525,13.4,15.74782609,22.76270336,48.43220521,-693.1015567,12.63369418,26.88071182,,
1020,06//19/2025,Breding ,ABC-23271,Desmodium,velutinum,Desmodium velutinum,Fabaceae,Fabales,Shrub,F25 0952,17,43,1,2,77,13.2,19.7,41.81656923,68.25614606,143.5852876,48.39809588,3.370686279,13.2,15.7178282,22.56848883,46.63094367,-854.3528672,12.52590176,25.8809805,,
1021,06//19/2025,Breding ,ABC-23271,Desmodium,velutinum,Desmodium velutinum,Fabaceae,Fabales,Shrub,F25 0952,17,43,1,3,78,13.7,19.7,42.70157598,68.69864944,144.4583767,44.15007405,3.056248801,13.7,15.9705314,23.07077041,52.25533796,-502.7425745,12.80467672,29.00261664,,
1022,06//19/2025,Breding ,ABC-23279,Desmodium,velutinum,Desmodium velutinum,Fabaceae,Fabales,Shrub,F25 0953,17,43,1,1,79,14.4,18.7,42.70157598,74.89369673,160.1214835,55.70098309,3.478670187,14.4,16.24830133,26.01702113,46.70836974,4156.715742,14.43989685,25.92395331,,
1023,06//19/2025,Breding ,ABC-23279,Desmodium,velutinum,Desmodium velutinum,Fabaceae,Fabales,Shrub,F25 0953,17,43,1,2,80,13.8,18.4,42.2590726,75.33620011,161.099749,60.78154469,3.77291368,13.8,15.81967695,25.48545986,41.92960213,847.6140614,14.14487114,23.27165461,,
1024,06//19/2025,Breding ,ABC-23279,Desmodium,velutinum,Desmodium velutinum,Fabaceae,Fabales,Shrub,F25 0953,17,43,1,3,81,13.4,18.7,44.02908612,76.22120687,162.9271123,44.80829926,2.750205207,13.4,15.63846154,25.47929379,56.86288972,-569.1934784,14.14144887,31.55988758,,
1025,06//19/2025,Breding ,ABC-23326,Desmodium,velutinum,Desmodium velutinum,Fabaceae,Fabales,Shrub,F25 0954,17,43,1,1,82,,,,,,,,,,,,,,,Eliminado DMD,
1026,06//19/2025,Breding ,ABC-23326,Desmodium,velutinum,Desmodium velutinum,Fabaceae,Fabales,Shrub,F25 0954,17,43,1,2,83,,,,,,,,,,,,,,,Eliminado DMD,
1027,06//19/2025,Breding ,ABC-23326,Desmodium,velutinum,Desmodium velutinum,Fabaceae,Fabales,Shrub,F25 0954,17,43,1,3,84,,,,,,,,,,,,,,,Eliminado DMD,
1028,06//19/2025,Breding ,ABC-33255,Desmodium,velutinum,Desmodium velutinum,Fabaceae,Fabales,Shrub,F25 0955,17,43,1,1,85,,,,,,,,,,,,,,,Eliminado 67.02%DMD,
1029,06//19/2025,Breding ,ABC-33255,Desmodium,velutinum,Desmodium velutinum,Fabaceae,Fabales,Shrub,F25 0955,17,43,1,2,86,14.5,19.3,40.48905909,61.61859539,129.6742627,56.01665256,4.319797267,14.5,16.1459605,20.93715523,37.37666261,3188.366098,11.62048339,20.74469441,,
1030,06//19/2025,Breding ,ABC-33255,Desmodium,velutinum,Desmodium velutinum,Fabaceae,Fabales,Shrub,F25 0955,17,43,1,3,87,14.8,19.3,40.04655571,62.06109877,130.5533166,59.69453337,4.572425652,14.8,16.39625668,21.4058569,35.85899025,906.8085594,11.88062092,19.90235998,,
1031,06//19/2025,Breding ,ABC-33428,Desmodium,velutinum,Desmodium velutinum,Fabaceae,Fabales,Shrub,F25 0956,17,43,1,1,89,14.2,17.7,31.63899153,54.09603797,112.4217089,53.30312729,4.741355368,14.2,15.65296524,17.59733101,33.01369339,1091.293484,9.766823162,18.323171,,
1032,06//19/2025,Breding ,ABC-33428,Desmodium,velutinum,Desmodium velutinum,Fabaceae,Fabales,Shrub,F25 0956,17,43,1,2,90,13.8,17.4,32.08149491,63.38860891,131.7597496,43.52435778,3.303312119,13.8,15.57801047,20.5255476,47.15876039,-854.4461703,11.39203403,26.17392791,,
1033,06//19/2025,Breding ,ABC-33428,Desmodium,velutinum,Desmodium velutinum,Fabaceae,Fabales,Shrub,F25 0956,17,43,1,3,91,14,17.5,29.86897802,50.99851432,106.0056624,48.13885633,4.541158955,14,15.45010846,16.37798982,34.02239079,-3226.897305,9.090067707,18.88301551,,
1034,06//19/2025,Breding ,ABC-33451,Desmodium,velutinum,Desmodium velutinum,Fabaceae,Fabales,Shrub,F25 0957,17,43,1,1,92,12,14.9,27.65646113,48.34349405,100.6149976,39.45637696,3.921520439,12,13.2409611,13.32239269,33.76486571,-200.7323227,7.394158436,18.74008464,,
1035,06//19/2025,Breding ,ABC-33451,Desmodium,velutinum,Desmodium velutinum,Fabaceae,Fabales,Shrub,F25 0957,17,43,1,2,93,13,14.7,26.32895099,47.01598392,97.91080217,38.06644009,3.88786929,13,13.748,13.46077708,35.36127111,-185.1188056,7.470964166,19.62611725,,
1036,06//19/2025,Breding ,ABC-33451,Desmodium,velutinum,Desmodium velutinum,Fabaceae,Fabales,Shrub,F25 0957,17,43,1,3,94,12.8,14.4,22.34642059,43.03345352,89.56346469,42.16200466,4.707500408,12.8,13.56915167,12.15300237,28.82453636,-224.6308591,6.745126573,15.99811638,,
1037,06//19/2025,Breding ,ABC-33463,Desmodium,velutinum,Desmodium velutinum,Fabaceae,Fabales,Shrub,F25 0958,17,43,1,1,96,12.7,18.9,35.62152193,57.19356161,118.8033589,60.98989087,5.13368405,12.7,15.0384913,17.86623279,29.29376087,4812.481379,9.916068302,16.2585441,,
1038,06//19/2025,Breding ,ABC-33463,Desmodium,velutinum,Desmodium velutinum,Fabaceae,Fabales,Shrub,F25 0958,17,43,1,2,97,14.1,19.1,35.17901855,56.30855486,116.9883927,62.85195976,5.372495365,14.1,15.9762279,18.69033223,29.73707153,1389.292523,10.37345775,16.50458918,,
1039,06//19/2025,Breding ,ABC-33463,Desmodium,velutinum,Desmodium velutinum,Fabaceae,Fabales,Shrub,F25 0958,17,43,1,3,98,15.1,19,33.40900504,55.86605148,116.0458341,58.72572585,5.060563035,15.1,16.66772277,19.34219792,32.93649868,-2379.610421,10.73525449,18.2803266,,
1040,06//19/2025,LMF,Hohenheimer Heustandard,Hohenheimer,Heustandard,Hohenheimer Heustandard,Forage,Forage,Forage,F25 0017,17,43,1,1,100,13,16.8,24.1164341,45.24597041,197.9206841,39.50305327,1.99590323,13,14.77457213,29.24193423,74.02449131,#DIV/0!,16.22977941,41.08487338,,
1041,06//19/2025,LMF,Hohenheimer Heustandard,Hohenheimer,Heustandard,Hohenheimer Heustandard,Forage,Forage,Forage,F25 0017,17,43,1,2,101,12.6,16.4,23.23142735,45.24597041,197.9206841,53.15095448,2.685467399,12.6,14.44889976,28.59736125,53.80404082,#DIV/0!,15.87203026,29.86217352,,
1042,06//19/2025,LMF,Hohenheimer Heustandard,Hohenheimer,Heustandard,Hohenheimer Heustandard,Forage,Forage,Forage,F25 0017,17,43,1,3,102,12.9,16.5,23.23142735,45.68847378,200.0161599,54.64572911,2.732065706,12.9,14.66949153,29.34135362,53.69377278,#DIV/0!,16.2849589,29.80097285,,
1043,06//19/2025,LMF,Homenheim Concentrate,Homenheim,Concentrate,Homenheim Concentrate,Concentrate,Concentrate,Concentrate,F25 0018,17,43,1,1,103,13.7,16.3,25.44394424,57.63606499,257.0367958,39.92848678,1.553415209,13.7,15.15220729,38.94674813,97.54125755,#DIV/0!,21.61611903,54.1370855,,
1044,06//19/2025,LMF,Homenheim Concentrate,Homenheim,Concentrate,Homenheim Concentrate,Concentrate,Concentrate,Concentrate,F25 0018,17,43,1,2,104,13.6,16.7,27.65646113,55.4235481,247.1697403,42.69347106,1.7272936,13.6,15.15309381,37.45386263,87.72737775,#DIV/0!,20.78754175,48.69021243,,
1045,06//19/2025,LMF,Homenheim Concentrate,Homenheim,Concentrate,Homenheim Concentrate,Concentrate,Concentrate,Concentrate,F25 0018,17,43,1,3,105,13.6,17.5,29.86897802,54.98104472,244.9024463,54.65515586,2.231711308,13.6,15.38128773,37.66914991,68.9214939,#DIV/0!,20.90702992,38.25262153,,
1046,06//19/2025,LMF,Sample 8,Cynodon,nlemfuensis,Cynodon nlemfuensis ,Poaceae,Poales,Grasses,F25 0008,17,43,1,1,106,13.4,16.3,21.01891046,57.63606499,122.9573557,21.85573496,1.777505286,13.4,15.24241843,18.74167464,85.75174741,-3190.18433,10.40195367,47.59370341,,
1047,06//19/2025,LMF,Sample 8,Cynodon,nlemfuensis,Cynodon nlemfuensis ,Poaceae,Poales,Grasses,F25 0008,17,43,1,2,107,12.8,15.9,19.24889695,53.65353459,114.461262,32.62910483,2.850667926,12.8,14.78783505,16.92634262,51.87498311,695.2279436,9.394412999,28.79151312,,
1048,06//19/2025,LMF,Sample 8,Cynodon,nlemfuensis,Cynodon nlemfuensis ,Poaceae,Poales,Grasses,F25 0008,17,43,1,3,210,13.6,15.6,18.36389019,89.49630821,190.9261051,34.29311048,1.796145711,13.6,15.18961681,29.00094375,84.56784278,999.5395743,16.09602553,46.93661585,,
1053,45833,Breding ,ABC-15474,Centrosema,molle,Centrosema molle,Fabaceae,Fabales,Climber,F25 0929,17,44,2,1,110,,,,,,,,,,,,,,,Eliminado DMD,
1054,45833,Breding ,ABC-15474,Centrosema,molle,Centrosema molle,Fabaceae,Fabales,Climber,F25 0929,17,44,2,2,111,13.7,14.6,30.53273309,60.29108526,130.6154484,35.78749039,2.739912531,13.7,14.14422018,18.47453662,51.62288951,-583.5286075,10.25368745,28.65159681,,
1055,45833,Breding ,ABC-15474,Centrosema,molle,Centrosema molle,Fabaceae,Fabales,Climber,F25 0929,17,44,2,3,112,,,,,,,,,,,,,,,Eliminado DMD,
1056,45833,Breding ,ABC-15470,Centrosema,molle,Centrosema molle,Fabaceae,Fabales,Climber,F25 0930,17,44,2,1,113,15.3,16.5,28.76271957,56.30855486,119.3142711,39.41959587,3.303845845,15.3,15.8870334,18.95549809,48.0864851,-2379.052341,10.52062939,26.68883117,,
1057,45833,Breding ,ABC-15470,Centrosema,molle,Centrosema molle,Fabaceae,Fabales,Climber,F25 0930,17,44,2,2,114,14,16.1,31.41773984,62.94610553,133.5121472,34.07761292,2.552397939,14,15.05184534,20.0960419,58.97138967,-733.9037022,11.15365094,32.73014153,,
1058,45833,Breding ,ABC-15470,Centrosema,molle,Centrosema molle,Fabaceae,Fabales,Climber,F25 0930,17,44,2,3,115,13.5,15.6,30.53273309,58.52107175,124.1264075,57.4092171,4.625060716,13.5,14.50434783,18.00372588,31.36034036,313.7716188,9.992379348,17.40553147,,
1059,45833,Breding ,ABC-13268,Tadehagi,triquetrum,Tadehagi triquetrum,Fabaceae,Fabales,Herbaceous,F25 0931,17,44,2,1,116,11,14.7,22.1251689,43.03345352,91.31991724,30.12029877,3.298327427,11,12.79768638,11.68683661,38.80053348,-145.267331,6.486396511,21.53496737,,
1060,45833,Breding ,ABC-13268,Tadehagi,triquetrum,Tadehagi triquetrum,Fabaceae,Fabales,Herbaceous,F25 0931,17,44,2,2,117,10.8,14.5,21.24016215,41.70594338,88.50285038,30.12029877,3.403313976,10.8,12.61564987,11.16520973,37.06872171,-138.783511,6.196884568,20.57378188,,
1061,45833,Breding ,ABC-13268,Tadehagi,triquetrum,Tadehagi triquetrum,Fabaceae,Fabales,Herbaceous,F25 0931,17,44,2,3,118,11.3,14.4,20.35515539,41.26344,87.493861,31.46956271,3.596773802,11.3,12.87077748,11.26114016,35.78422827,-150.6707775,6.250127617,19.8608658,,
1062,45833,Breding ,ABC-22768,Lablab,purpureus,Lablab purpureus,Fabaceae,Fabales,Climber,F25 0932,17,44,2,1,119,14.4,18.4,56.19792901,96.13385888,204.0975441,58.43056796,2.862874623,14.4,16.06168009,32.78149461,56.10333042,960.7084725,18.19429666,31.13831903,,
1063,45833,Breding ,ABC-22768,Lablab,purpureus,Lablab purpureus,Fabaceae,Fabales,Climber,F25 0932,17,44,2,2,120,14.4,18.4,56.19792901,92.59383186,196.5032837,54.83943376,2.790764242,14.4,15.97228196,31.38605853,57.23264516,1676.456131,17.4198055,31.76510825,,
1064,45833,Breding ,ABC-22768,Lablab,purpureus,Lablab purpureus,Fabaceae,Fabales,Climber,F25 0932,17,44,2,3,121,14.1,18,56.64043239,97.01886564,205.935284,52.75022655,2.561495317,14.1,15.72314709,32.37950761,61.38268919,3313.492554,17.97118693,34.06845449,,
1065,45833,Breding ,ABC-22770,Lablab,purpureus,Lablab purpureus,Fabaceae,Fabales,Climber,F25 0933,17,44,2,1,122,,,,,,,,,,,,,,,Eliminado DMD,
1066,45833,Breding ,ABC-22770,Lablab,purpureus,Lablab purpureus,Fabaceae,Fabales,Climber,F25 0933,17,44,2,2,123,14.1,17.5,49.56037834,93.03633523,199.2860618,62.68594214,3.145525662,14.1,15.68882283,31.26563716,49.87663276,1945.889738,17.35296955,27.6823941,,
1067,45833,Breding ,ABC-22770,Lablab,purpureus,Lablab purpureus,Fabaceae,Fabales,Climber,F25 0933,17,44,2,3,124,13.7,17.3,50.4453851,98.34637577,210.7024028,47.61704529,2.259919425,13.7,15.45343082,32.56075005,68.38045042,-509.0800913,18.07177961,37.95233304,,
1068,45833,Breding ,ABC-18701,Cajanus,cajan,Cajanus cajan,Fabaceae,Fabales,Shrub,F25 0934,17,44,2,1,125,13,17.1,23.45267904,49.22850081,103.8270224,18.58937404,1.790417716,13,15.14674157,15.72641077,84.5989259,-210.555392,8.728430061,46.95386753,,
1069,45833,Breding ,ABC-18701,Cajanus,cajan,Cajanus cajan,Fabaceae,Fabales,Shrub,F25 0934,17,44,2,2,126,14.4,17.1,22.1251689,47.90099067,101.0069993,24.23577397,2.399415302,14.4,15.85288684,16.01252529,66.06979135,-291.8218086,8.887228571,36.66987728,,
1070,45833,Breding ,ABC-18701,Cajanus,cajan,Cajanus cajan,Fabaceae,Fabales,Shrub,F25 0934,17,44,2,3,127,13.4,16.9,23.01017566,49.22850081,103.8062695,15.88547241,1.530299903,13.4,15.26404494,15.84503563,99.74544804,-188.2751552,8.794268909,55.36044936,,
1071,45833,Breding ,ABC-20891,Cajanus,cajan,Cajanus cajan,Fabaceae,Fabales,Shrub,F25 0935,17,44,2,1,128,12.7,17,26.1076993,46.57348054,97.65536761,24.45222358,2.503930319,12.7,14.58954869,14.24747741,58.26659225,-168.472845,7.907596458,32.33896677,,
1072,45833,Breding ,ABC-20891,Cajanus,cajan,Cajanus cajan,Fabaceae,Fabales,Shrub,F25 0935,17,44,2,2,129,13.6,16,24.78018917,45.68847378,95.85711753,25.93851428,2.705956005,13.6,14.69830508,14.08937158,54.31834463,-178.7385348,7.819844987,30.14762103,,
1073,45833,Breding ,ABC-20891,Cajanus,cajan,Cajanus cajan,Fabaceae,Fabales,Shrub,F25 0935,17,44,2,3,130,13.1,16.9,26.1076993,46.57348054,97.75298393,23.51615784,2.405671612,13.1,14.76983373,14.43795319,61.39588486,-163.5057437,8.013313813,34.07577831,,
1074,45833,Breding ,ABC-5172,Centrosema,molle,Centrosema molle,Fabaceae,Fabales,Climber,F25 0936,17,44,2,1,131,12.9,16.1,30.09022971,55.86605148,119.2715791,34.99058036,2.933689704,12.9,14.37643564,17.14700181,49.00462249,-1585.467243,9.516882667,27.19841331,,
1075,45833,Breding ,ABC-5172,Centrosema,molle,Centrosema molle,Fabaceae,Fabales,Climber,F25 0936,17,44,2,2,132,13.9,16.3,30.09022971,56.30855486,120.1922709,25.52626611,2.123785991,13.9,15.01748527,18.04985657,70.71091591,-415.2980625,10.01798267,39.2457817,,
1076,45833,Breding ,ABC-5172,Centrosema,molle,Centrosema molle,Fabaceae,Fabales,Climber,F25 0936,17,44,2,3,133,13.4,15.8,30.53273309,60.73358864,129.689491,31.96668802,2.464863404,13.4,14.59344262,18.92616146,59.20588785,-890.5129183,10.50434705,32.86029208,,
1077,45833,Breding ,ABC-5452,Centrosema,macrocarpum,Centrosema macrocarpum,Fabaceae,Fabales,Climber,F25 0937,17,44,2,1,134,13,17.5,41.59531754,63.38860891,133.7034228,32.41912482,2.42470418,13,14.54712042,19.44999792,59.99544413,-272.8411281,10.79508535,33.29850948,,
1078,45833,Breding ,ABC-5452,Centrosema,macrocarpum,Centrosema macrocarpum,Fabaceae,Fabales,Climber,F25 0937,17,44,2,2,135,12.4,17.3,38.94029727,61.61859539,130.0739491,32.68171386,2.512548753,12.4,14.20341113,18.47493776,56.52989267,-263.0015985,10.25391009,31.37506846,,
1079,45833,Breding ,ABC-5452,Centrosema,macrocarpum,Centrosema macrocarpum,Fabaceae,Fabales,Climber,F25 0937,17,44,2,3,136,12.8,17.6,42.03782091,63.38860891,133.8103641,35.99590982,2.690068893,12.8,14.41675393,19.29111093,53.59250822,-342.0680147,10.70690032,29.74476927,,
1080,45833,Breding ,ABC-5733,Centrosema,macrocarpum,Centrosema macrocarpum,Fabaceae,Fabales,Climber,F25 0938,17,44,2,1,137,13.3,17,39.38280065,70.91116633,148.8728793,48.64799417,3.267753966,13.3,14.9450858,22.24917955,45.73503991,-1424.003084,12.34867958,25.38373841,,
1081,45833,Breding ,ABC-5733,Centrosema,macrocarpum,Centrosema macrocarpum,Fabaceae,Fabales,Climber,F25 0938,17,44,2,2,138,14.1,17.6,37.17028376,67.37113931,141.3843055,50.47330885,3.569937179,14.1,15.66896552,22.15345807,43.89143207,-2913.575296,12.29555251,24.36050416,,
1082,45833,Breding ,ABC-5733,Centrosema,macrocarpum,Centrosema macrocarpum,Fabaceae,Fabales,Climber,F25 0938,17,44,2,3,139,13,16.8,38.94029727,70.91116633,148.8728793,44.13422423,2.964557712,13,14.71326053,21.90405459,49.63054176,-617.8609367,12.15712926,27.54580933,,
1083,45833,Breding ,ABC-5735,Centrosema,macrocarpum,Centrosema macrocarpum,Fabaceae,Fabales,Climber,F25 0939,17,44,2,1,140,13.9,18.1,39.38280065,67.81364269,144.2631686,51.4326615,3.565196993,13.9,15.66084829,22.59283597,43.92702091,2496.727243,12.53941484,24.38025659,,
1084,45833,Breding ,ABC-5735,Centrosema,macrocarpum,Centrosema macrocarpum,Fabaceae,Fabales,Climber,F25 0939,17,44,2,2,141,14.2,18.3,46.90535807,74.89369673,159.2612106,46.09330471,2.894195299,14.2,15.73220089,25.05529359,54.35777224,-1878.443865,13.90612142,30.16950404,,
1085,45833,Breding ,ABC-5735,Centrosema,macrocarpum,Centrosema macrocarpum,Fabaceae,Fabales,Climber,F25 0939,17,44,2,3,142,14,18.1,45.13534456,73.5661866,156.5008273,50.45408175,3.223885945,14,15.58451128,24.38988908,48.34076498,4932.300997,13.53681041,26.82996091,,
1086,45833,Breding ,ABC-5749,Centrosema,plumieri,Centrosema plumieri,Fabaceae,Fabales,Climber,F25 0940,17,44,2,1,143,12.9,18.6,43.36533105,82.41625416,177.0774113,50.79765805,2.868669565,12.9,15.60080537,27.62550229,54.38341717,652.5898439,15.33263172,30.18373742,,
1087,45833,Breding ,ABC-5749,Centrosema,plumieri,Centrosema plumieri,Fabaceae,Fabales,Climber,F25 0940,17,44,2,2,144,13.1,19,46.46285469,84.18626767,180.7358275,43.51620814,2.407724509,13.1,15.74375821,28.45461168,65.38853658,1695.071215,15.79280178,36.29176909,,
1088,45833,Breding ,ABC-5749,Centrosema,plumieri,Centrosema plumieri,Fabaceae,Fabales,Climber,F25 0940,17,44,2,3,145,13.2,19.2,44.2503378,82.85875754,177.992564,50.95786665,2.862921097,13.2,15.99572764,28.47120575,55.87205199,663.8920923,15.80201177,31.0099555,,
1089,45833,Breding ,ABC-5911,Centrosema,macrocarpum,Centrosema macrocarpum,Fabaceae,Fabales,Climber,F25 0941,17,44,2,1,146,13.3,18.1,46.02035132,77.548717,162.5892184,37.66786029,2.316750192,13.3,15.25149786,24.79729116,65.83143022,-677.2508727,13.76292561,36.53758273,,
1090,45833,Breding ,ABC-5911,Centrosema,macrocarpum,Centrosema macrocarpum,Fabaceae,Fabales,Climber,F25 0941,17,44,2,2,147,13,18.2,46.46285469,77.548717,162.6217232,34.97120478,2.150463302,13,15.08445078,24.53059381,70.1451207,-518.8517877,13.61490397,38.93175557,,
1091,45833,Breding ,ABC-5911,Centrosema,macrocarpum,Centrosema macrocarpum,Fabaceae,Fabales,Climber,F25 0941,17,44,2,3,148,,,,,,,,,,,,,,,Eliminado 25.85%DMD,
1092,45833,Breding ,ABC-13692,Desmodium,velutinum,Desmodium velutinum,Fabaceae,Fabales,Shrub,F25 0942,17,44,2,1,149,15.2,19.6,35.84277362,61.17609201,128.8813343,30.33053296,2.353368943,15.2,17.02206148,21.93825997,72.33061154,-398.1329184,12.17611384,40.1447408,,
1093,45833,Breding ,ABC-13692,Desmodium,velutinum,Desmodium velutinum,Fabaceae,Fabales,Shrub,F25 0942,17,44,2,2,150,16,20.1,33.18775335,61.61859539,129.7616739,35.24403716,2.716059072,16,17.89174147,23.21662323,65.87390407,-638.7977192,12.88562756,36.56115644,,
1094,45833,Breding ,ABC-13692,Desmodium,velutinum,Desmodium velutinum,Fabaceae,Fabales,Shrub,F25 0942,17,44,2,3,151,15.3,19.4,38.05529051,64.71611904,136.3664732,36.97518833,2.711457402,15.3,16.98905983,23.16738173,62.6565618,-778.454832,12.85829768,34.77547583,,
1095,45833,Breding ,ABC-15121,Centrosema,macrocarpum,Centrosema macrocarpum,Fabaceae,Fabales,Climber,F25 0943,17,44,2,1,152,13.7,18.1,39.38280065,69.14115282,147.1831069,46.05788627,3.129291618,13.7,15.59376,22.95138045,49.83159738,-1545.777415,12.73841323,27.65739868,,
1096,45833,Breding ,ABC-15121,Centrosema,macrocarpum,Centrosema macrocarpum,Fabaceae,Fabales,Climber,F25 0943,17,44,2,2,153,13.6,17.7,41.15281416,71.79617309,152.8654991,48.13367625,3.148759959,13.6,15.34992296,23.46473634,48.74910492,-3855.599012,13.02333463,27.05659664,,
1097,45833,Breding ,ABC-15121,Centrosema,macrocarpum,Centrosema macrocarpum,Fabaceae,Fabales,Climber,F25 0943,17,44,2,3,154,13.5,17.4,40.2678074,70.46866295,149.9790387,45.64300657,3.04329238,13.5,15.17142857,22.75396273,49.85202431,-1371.057383,12.62884298,27.66873598,,
1098,45833,Breding ,ABC-15150,Centrosema,molle,Centrosema molle,Fabaceae,Fabales,Climber,F25 0944,17,44,2,1,155,14,15.4,32.3027466,66.04362917,141.8767544,38.71106337,2.728499361,14,14.71524288,20.877509,53.93163396,5249.457127,11.5873787,29.93298992,,
1099,45833,Breding ,ABC-15150,Centrosema,molle,Centrosema molle,Fabaceae,Fabales,Climber,F25 0944,17,44,2,2,156,13.6,15.2,34.07276011,69.14115282,148.5012403,51.78193148,3.486969629,13.6,14.41152,21.40128594,41.32964015,437.3537306,11.87808396,22.93866533,,
1100,45833,Breding ,ABC-15150,Centrosema,molle,Centrosema molle,Fabaceae,Fabales,Climber,F25 0944,17,44,2,3,157,13.6,15.3,34.07276011,68.69864944,147.4918474,44.17957174,2.995390763,13.6,14.4568438,21.322666,48.26363217,936.1847237,11.83444853,26.78715086,,
1103,45833,Breding ,ABC-15154,Centrosema,molle,Centrosema molle,Fabaceae,Fabales,Climber,F25 0945,17,44,2,1,160,13.6,15.5,26.1076993,54.09603797,114.56111,49.95790577,4.36080846,13.6,14.58302658,16.70647713,33.44110781,328.7785145,9.272383846,18.5603934,,
1104,45833,Breding ,ABC-15154,Centrosema,molle,Centrosema molle,Fabaceae,Fabales,Climber,F25 0945,17,44,2,2,161,13.5,15.1,26.55020268,54.09603797,114.6298329,34.20486146,2.983940619,13.5,14.31472393,16.40894412,47.97254958,113648.8004,9.107247879,26.62559499,,
1105,45833,Breding ,ABC-15154,Centrosema,molle,Centrosema molle,Fabaceae,Fabales,Climber,F25 0945,17,44,2,3,162,14,15,26.1076993,54.98104472,116.4353204,44.00706849,3.779529128,14,14.52515091,16.91240599,38.43111249,533.9695655,9.386677929,21.32993233,,
1106,45833,Breding ,ABC-15561,Centrosema,molle,Centrosema molle,Fabaceae,Fabales,Climber,F25 0946,17,44,2,1,163,13.2,17,34.51526349,62.94610553,136.0305635,57.31898571,4.213684354,13.2,14.91634446,20.29078743,35.39976707,236.2323019,11.26173808,19.64748318,,
1107,45833,Breding ,ABC-15561,Centrosema,molle,Centrosema molle,Fabaceae,Fabales,Climber,F25 0946,17,44,2,2,164,13.5,17.2,33.63025673,62.06109877,134.0911997,41.68454068,3.108670871,13.5,15.19500891,20.37516975,48.87943929,533.5558946,11.30857172,27.12893447,,
1108,45833,Breding ,ABC-15561,Centrosema,molle,Centrosema molle,Fabaceae,Fabales,Climber,F25 0946,17,44,2,3,165,,,,,,,,,,,,,,,Eliminado DMD,
1109,45833,Breding ,ABC-15799,Centrosema,macrocarpum,Centrosema macrocarpum,Fabaceae,Fabales,Climber,F25 0947,17,44,2,1,166,13.2,15.9,37.17028376,58.96357512,126.9984898,59.11999346,4.655172951,13.2,14.19793621,18.03116457,30.49926686,267.0217444,10.0076083,16.92762078,,
1110,45833,Breding ,ABC-15799,Centrosema,macrocarpum,Centrosema macrocarpum,Fabaceae,Fabales,Climber,F25 0947,17,44,2,2,167,13.3,15.7,37.70128781,60.37958593,130.0223657,50.25609069,3.865188149,13.3,14.20142909,18.46503407,36.74188305,520.7245348,10.24841337,20.39238077,,
1111,45833,Breding ,ABC-15799,Centrosema,macrocarpum,Centrosema macrocarpum,Fabaceae,Fabales,Climber,F25 0947,17,44,2,3,168,13.1,15.5,36.285277,59.4060785,127.9259992,48.36108462,3.780395301,13.1,14.03407821,17.95323478,37.1233088,627.5675992,9.964355913,20.60407865,,
1112,45833,Breding ,ABC-15816,Centrosema,acutifolium,Centrosema acutifolium,Fabaceae,Fabales,Climber,F25 0948,17,44,2,1,169,,,,,,,,,,,,,,,Eliminado DMD,
1113,45833,Breding ,ABC-15816,Centrosema,acutifolium,Centrosema acutifolium,Fabaceae,Fabales,Climber,F25 0948,17,44,2,2,170,,,,,,,,,,,,,,,Eliminado DMD,
1114,45833,Breding ,ABC-15816,Centrosema,acutifolium,Centrosema acutifolium,Fabaceae,Fabales,Climber,F25 0948,17,44,2,3,171,13.9,17.3,41.59531754,71.79617309,149.9594019,55.17687605,3.679454261,13.9,15.33020031,22.9890767,41.66433177,860.186431,12.7593353,23.12442497,,
1115,45833,Breding ,ABC-20304,Canavalia,brasiliensis,Canavalia brasiliensis,Fabaceae,Fabales,Climber,F25 0949,17,44,2,1,172,13.6,20.9,46.46285469,79.76123389,168.6927597,62.37465183,3.697529873,13.6,16.64757282,28.08325001,45.02349782,634.6600324,15.58668962,24.98882024,,
1116,45833,Breding ,ABC-20304,Canavalia,brasiliensis,Canavalia brasiliensis,Fabaceae,Fabales,Climber,F25 0949,17,44,2,2,173,,,,,,,,,,,,,,,Eliminado DMD,
1117,45833,Breding ,ABC-20304,Canavalia,brasiliensis,Canavalia brasiliensis,Fabaceae,Fabales,Climber,F25 0949,17,44,2,3,174,13.7,21.9,47.79036483,89.93881159,190.180021,63.56632132,3.342428977,13.7,17.54280443,33.36290915,52.48519729,673.502242,18.51699179,29.13019254,,
1118,45833,Breding ,ABC-21603,Lablab,purpureus,Lablab purpureus,Fabaceae,Fabales,Climber,F25 0950,17,44,2,1,175,,,,,,,,,,,,,,,Eliminado DMD,
1119,45833,Breding ,ABC-21603,Lablab,purpureus,Lablab purpureus,Fabaceae,Fabales,Climber,F25 0950,17,44,2,2,176,14.5,17.4,52.65790199,94.80634875,201.1272315,51.90665606,2.580787081,14.5,15.78926488,31.75651132,61.18003688,1804.051198,17.6254132,33.95597895,,
1120,45833,Breding ,ABC-21603,Lablab,purpureus,Lablab purpureus,Fabaceae,Fabales,Climber,F25 0950,17,44,2,3,177,14,17.4,50.00288172,92.15132848,195.4165636,61.53222614,3.148772294,14,15.55510204,30.39724588,49.40053007,537.845529,16.87099737,27.41814887,,
1121,45833,Breding ,ABC-23248,Desmodium,velutinum,Desmodium velutinum,Fabaceae,Fabales,Shrub,F25 0951,17,44,2,1,178,14.4,16.8,45.13534456,77.548717,163.3636339,55.95112703,3.424943832,14.4,15.40313837,25.16312658,44.97340432,-2512.838853,13.9659706,24.96101748,,
1122,45833,Breding ,ABC-23248,Desmodium,velutinum,Desmodium velutinum,Fabaceae,Fabales,Shrub,F25 0951,17,44,2,2,179,,,,,,,,,,,,,,,Eliminado DMD,
1123,45833,Breding ,ABC-23248,Desmodium,velutinum,Desmodium velutinum,Fabaceae,Fabales,Shrub,F25 0951,17,44,2,3,180,13.8,19.8,44.2503378,79.76123389,167.8566512,46.92478366,2.795527214,13.8,16.47128988,27.6481556,58.92015571,-501.0699456,15.3452047,32.7017058,,
1124,45833,Breding ,ABC-23271,Desmodium,velutinum,Desmodium velutinum,Fabaceae,Fabales,Shrub,F25 0952,17,44,2,1,181,14.2,20.7,45.13534456,71.35366971,150.0413091,65.19893545,4.345399,14.2,16.58837209,24.88941065,38.174566,491.3468766,13.81405352,21.18754459,,
1125,45833,Breding ,ABC-23271,Desmodium,velutinum,Desmodium velutinum,Fabaceae,Fabales,Shrub,F25 0952,17,44,2,2,182,13.7,20.2,43.80783443,70.91116633,149.0512356,49.93171575,3.349969931,13.7,16.18439938,24.12304725,48.31207357,-1245.813062,13.38870858,26.81403668,,
1126,45833,Breding ,ABC-23271,Desmodium,velutinum,Desmodium velutinum,Fabaceae,Fabales,Shrub,F25 0952,17,44,2,3,183,13.9,20.4,43.36533105,70.02615958,147.2204165,39.83036705,2.705492078,13.9,16.37472354,24.10693619,60.52401214,-366.9803072,13.37976666,33.59187387,,
1127,45833,Breding ,ABC-23279,Desmodium,velutinum,Desmodium velutinum,Fabaceae,Fabales,Shrub,F25 0953,17,44,2,1,184,14.5,19.6,45.13534456,76.66371025,163.9712923,57.47989134,3.505485048,14.5,16.5974026,27.21497552,47.34695019,1864.168291,15.10478226,26.27837651,,
1128,45833,Breding ,ABC-23279,Desmodium,velutinum,Desmodium velutinum,Fabaceae,Fabales,Shrub,F25 0953,17,44,2,2,185,14.2,19.6,44.69284118,76.66371025,163.8075175,42.88595049,2.618069741,14.2,16.45194805,26.94952769,62.8399916,-501.4172711,14.95745412,34.87728254,,
1129,45833,Breding ,ABC-23279,Desmodium,velutinum,Desmodium velutinum,Fabaceae,Fabales,Shrub,F25 0953,17,44,2,3,186,14.4,19.6,45.13534456,77.548717,165.8310192,39.46158835,2.379626474,14.4,16.57346648,27.48394837,69.64734448,-393.5503733,15.25406685,38.65548116,,
1130,45833,Breding ,ABC-23326,Desmodium,velutinum,Desmodium velutinum,Fabaceae,Fabales,Shrub,F25 0954,17,44,2,1,187,,,,,,,,,,,,,,,Eliminado DMD,
1131,45833,Breding ,ABC-23326,Desmodium,velutinum,Desmodium velutinum,Fabaceae,Fabales,Shrub,F25 0954,17,44,2,2,188,,,,,,,,,,,,,,,Eliminado DMD,
1132,45833,Breding ,ABC-23326,Desmodium,velutinum,Desmodium velutinum,Fabaceae,Fabales,Shrub,F25 0954,17,44,2,3,189,,,,,,,,,,,,,,,Eliminado DMD,
1133,45833,Breding ,ABC-33255,Desmodium,velutinum,Desmodium velutinum,Fabaceae,Fabales,Shrub,F25 0955,17,44,2,1,190,15.2,20.1,41.59531754,64.27361566,135.3428044,42.34514512,3.128732652,15.2,16.92891566,22.91206921,54.10790101,-403.0969881,12.71659481,30.03082118,,
1134,45833,Breding ,ABC-33255,Desmodium,velutinum,Desmodium velutinum,Fabaceae,Fabales,Shrub,F25 0955,17,44,2,2,191,15.1,20.3,41.59531754,62.06109877,130.6838438,38.23897394,2.926067433,15.1,16.81479501,21.97422044,57.46550752,-289.5718588,12.19607252,31.89435088,,
1135,45833,Breding ,ABC-33255,Desmodium,velutinum,Desmodium velutinum,Fabaceae,Fabales,Shrub,F25 0955,17,44,2,3,192,14.2,20.1,41.59531754,64.71611904,136.2745965,43.77704072,3.212413895,14.2,16.30786325,22.22347483,50.76513732,-442.7100228,12.33441302,28.1755295,,
1136,45833,Breding ,ABC-33428,Desmodium,velutinum,Desmodium velutinum,Fabaceae,Fabales,Shrub,F25 0956,17,44,2,1,193,,,,,,,,,,,,,,,Eliminado DMD,
1137,45833,Breding ,ABC-33428,Desmodium,velutinum,Desmodium velutinum,Fabaceae,Fabales,Shrub,F25 0956,17,44,2,2,194,14.4,18.2,30.97523646,54.98104472,114.3066141,52.59837615,4.601516419,14.4,16.05915493,18.35667625,34.89970147,1386.723018,10.18827291,19.36993811,,
1138,45833,Breding ,ABC-33428,Desmodium,velutinum,Desmodium velutinum,Fabaceae,Fabales,Shrub,F25 0956,17,44,2,3,195,14.4,18.3,31.86024322,55.86605148,116.0769274,60.0859965,5.176394471,14.4,16.07584158,18.66034296,31.05605972,424.47963,10.35681318,17.23665045,,
1139,45833,Breding ,ABC-33451,Desmodium,velutinum,Desmodium velutinum,Fabaceae,Fabales,Shrub,F25 0957,17,44,2,1,196,12.5,15.4,29.20522295,54.09603797,112.6550171,55.16376783,4.896698722,12.5,13.83435583,15.58509592,28.25241374,3214.408148,8.649997875,15.68057842,,
1140,45833,Breding ,ABC-33451,Desmodium,velutinum,Desmodium velutinum,Fabaceae,Fabales,Shrub,F25 0957,17,44,2,2,197,14.1,15.5,26.99270606,51.88352108,108.0690551,49.44761048,4.575556845,14.1,14.77164179,15.96357371,32.2838122,-757.0230908,8.860059593,17.91807432,,
1141,45833,Breding ,ABC-33451,Desmodium,velutinum,Desmodium velutinum,Fabaceae,Fabales,Shrub,F25 0957,17,44,2,3,198,12.8,15.3,30.09022971,55.4235481,115.3964873,50.63378639,4.387810025,12.8,13.94271457,16.08940285,31.7760215,-1024.88055,8.929896946,17.63624169,,
1142,45833,Breding ,ABC-33463,Desmodium,velutinum,Desmodium velutinum,Fabaceae,Fabales,Shrub,F25 0958,17,44,2,1,199,13.9,19.1,27.87771282,53.21103121,110.4866164,63.351795,5.733888595,13.9,16.37567568,18.09292997,28.55945909,1126.72496,10.04188916,15.8509939,,
1143,45833,Breding ,ABC-33463,Desmodium,velutinum,Desmodium velutinum,Fabaceae,Fabales,Shrub,F25 0958,17,44,2,2,200,14.6,19.7,36.285277,60.73358864,126.1819796,63.80766997,5.056797349,14.6,16.65300546,21.01309195,32.93192176,1138.787942,11.66262958,18.27778633,,
1144,45833,Breding ,ABC-33463,Desmodium,velutinum,Desmodium velutinum,Fabaceae,Fabales,Shrub,F25 0958,17,44,2,3,201,14.5,19.5,36.72778038,61.17609201,127.0759332,60.65753637,4.773329995,14.5,16.49819168,20.96523104,34.5632749,10618.63078,11.63606595,19.18321555,,
1145,45833,LMF,Hohenheimer Heustandard,Hohenheimer,Heustandard,Hohenheimer Heustandard,Forage,Forage,Forage,F25 0017,17,44,2,1,202,14.2,17.5,23.89518241,47.01598392,205.5811687,52.60122871,2.558659874,14.2,15.82282353,32.52874553,61.84027697,#DIV/0!,18.05401655,34.32242362,,
1146,45833,LMF,Hohenheimer Heustandard,Hohenheimer,Heustandard,Hohenheimer Heustandard,Forage,Forage,Forage,F25 0017,17,44,2,2,203,14.5,17.6,23.45267904,46.13097716,201.9533624,49.04211263,2.428388022,14.5,16.02398082,32.36096805,65.98608076,#DIV/0!,17.96089714,36.62341645,,
1147,45833,LMF,Hohenheimer Heustandard,Hohenheimer,Heustandard,Hohenheimer Heustandard,Forage,Forage,Forage,F25 0017,17,44,2,3,204,14.4,17.5,22.1251689,46.13097716,202.0341437,53.53269328,2.649685458,14.4,16.01318945,32.35211019,60.43430324,#DIV/0!,17.95598088,33.54208388,,
1148,45833,LMF,Homenheim Concentrate,Homenheim,Concentrate,Homenheim Concentrate,Concentrate,Concentrate,Concentrate,F25 0018,17,44,2,1,205,14.1,17.6,29.20522295,58.96357512,262.9570291,68.91622516,2.620816997,14.1,15.86641651,41.72185749,60.5399634,#DIV/0!,23.15635274,33.60072709,,
1149,45833,LMF,Homenheim Concentrate,Homenheim,Concentrate,Homenheim Concentrate,Concentrate,Concentrate,Concentrate,F25 0018,17,44,2,2,206,14.7,18.6,28.76271957,53.65353459,239.0848281,64.21761988,2.685976371,14.7,16.50927835,39.47117976,61.46471924,#DIV/0!,21.90718766,34.11398258,,
1150,45833,LMF,Homenheim Concentrate,Homenheim,Concentrate,Homenheim Concentrate,Concentrate,Concentrate,Concentrate,F25 0018,17,44,2,3,207,14.3,18.1,29.64772633,53.65353459,239.2760959,61.11183406,2.554030055,14.3,16.00020619,38.2846687,62.64689858,#DIV/0!,21.24865349,34.77011257,,
1151,45833,LMF,Sample 8,Cynodon,nlemfuensis,Cynodon nlemfuensis ,Poaceae,Poales,Grasses,F25 0008,17,44,2,1,208,12.9,16.3,19.91265201,60.29108526,128.5957041,40.36372256,3.138808006,12.9,15.17706422,19.5170526,48.35295498,423.9679265,10.83230186,26.83672657,,
1152,45833,LMF,Sample 8,Cynodon,nlemfuensis,Cynodon nlemfuensis ,Poaceae,Poales,Grasses,F25 0008,17,44,2,2,209,12.9,16.2,19.47014863,58.96357512,125.7391013,40.73816558,3.239896353,12.9,15.11031895,18.99957925,46.63827882,403.602097,10.5450952,25.88505164,,
1153,45833,LMF,Sample 8,Cynodon,nlemfuensis,Cynodon nlemfuensis ,Poaceae,Poales,Grasses,F25 0008,17,44,2,3,213,14.1,16.6,19.02764526,57.63606499,122.9819471,39.12362073,3.181249089,14.1,15.77466411,19.39998908,49.58638468,455.6846893,10.76732958,27.52130139,,
1158,45840,Breding ,ABC-15474,Centrosema,molle,Centrosema molle,Fabaceae,Fabales,Climber,F25 0929,17,45,3,1,4,13.2,13,28.24646563,53.69040987,116.2459196,53.53662899,4.605463072,13.2,13.10521978,15.23428324,28.4558134,412.2788018,8.455290769,15.79346875,,
1159,45840,Breding ,ABC-15474,Centrosema,molle,Centrosema molle,Fabaceae,Fabales,Climber,F25 0929,17,45,3,2,5,13.2,13.8,28.68896901,53.69040987,116.2226936,46.79210281,4.026072822,13.2,13.4793956,15.66611665,33.48025781,1439.283372,8.694965782,18.58212233,,
1160,45840,Breding ,ABC-15474,Centrosema,molle,Centrosema molle,Fabaceae,Fabales,Climber,F25 0929,17,45,3,3,6,13.5,14.2,28.68896901,54.13291325,117.2742987,54.80860491,4.673539346,13.5,13.82901907,16.21788513,29.59003455,387.1342965,9.001206833,16.42298111,,
1161,45840,Breding ,ABC-15470,Centrosema,molle,Centrosema molle,Fabaceae,Fabales,Climber,F25 0930,17,45,3,1,7,13.7,15.4,32.22899603,58.55794703,124.2294579,43.56865723,3.507111595,13.7,14.46435768,17.96899314,41.24293536,2531.266729,9.973102075,22.89054267,,
1162,45840,Breding ,ABC-15470,Centrosema,molle,Centrosema molle,Fabaceae,Fabales,Climber,F25 0930,17,45,3,2,8,14,15.5,30.9014859,56.78793352,120.3540813,48.88103402,4.061435515,14,14.68376623,17.67251195,36.15412871,670.0348387,9.808549887,20.06616694,,
1163,45840,Breding ,ABC-15470,Centrosema,molle,Centrosema molle,Fabaceae,Fabales,Climber,F25 0930,17,45,3,3,9,14.7,15.8,30.9014859,59.00045041,125.0931787,42.98762889,3.436448681,14.7,15.223875,19.04402915,44.30118536,3820.57462,10.56976566,24.58792433,,
1164,45840,Breding ,ABC-13268,Tadehagi,triquetrum,Tadehagi triquetrum,Fabaceae,Fabales,Herbaceous,F25 0931,17,45,3,1,10,12.2,15.1,21.60891496,40.85781191,86.66840417,47.64829257,5.497769692,12.2,13.56624549,11.75764847,24.67590722,-1670.07217,6.52569832,13.69555543,,
1165,45840,Breding ,ABC-13268,Tadehagi,triquetrum,Tadehagi triquetrum,Fabaceae,Fabales,Herbaceous,F25 0931,17,45,3,2,11,11.5,14.9,22.05141834,42.18532204,89.50223124,48.18945593,5.384162524,11.5,13.12272727,11.74513371,24.37282904,-2459.372451,6.518752411,13.52734179,,
1166,45840,Breding ,ABC-13268,Tadehagi,triquetrum,Tadehagi triquetrum,Fabaceae,Fabales,Herbaceous,F25 0931,17,45,3,3,12,11.5,14.8,21.60891496,41.30031528,87.65960487,39.44529213,4.499825455,11.5,13.07339286,11.46008452,29.05311104,-276.7762014,6.360545181,16.12497927,,
1167,45840,Breding ,ABC-22768,Lablab,purpureus,Lablab purpureus,Fabaceae,Fabales,Climber,F25 0932,17,45,3,1,13,14.4,17.8,54.35416494,95.28572741,202.2160434,63.07359715,3.119119338,14.4,15.86052632,32.07252878,50.84937316,593.90812,17.80080836,28.22228185,,
1168,45840,Breding ,ABC-22768,Lablab,purpureus,Lablab purpureus,Fabaceae,Fabales,Climber,F25 0932,17,45,3,2,14,14.6,18.3,54.35416494,91.303197,193.8030267,65.61337242,3.385570058,14.6,16.09733441,31.1971213,47.54689501,480.7127884,17.31494206,26.38934934,,
1169,45840,Breding ,ABC-22768,Lablab,purpureus,Lablab purpureus,Fabaceae,Fabales,Climber,F25 0932,17,45,3,3,15,14.5,17.2,53.91166156,90.86069363,192.9409006,70.25003982,3.641013367,14.5,15.59797078,30.0948653,42.83964163,354.8830989,16.70317091,23.77674227,,
1170,45840,Breding ,ABC-22770,Lablab,purpureus,Lablab purpureus,Fabaceae,Fabales,Climber,F25 0933,17,45,3,1,16,14.4,17.6,51.25664129,95.28572741,204.1859228,71.82112203,3.517437492,14.4,15.87863777,32.42194307,45.14262957,501.883991,17.99473934,25.05494042,,
1171,45840,Breding ,ABC-22770,Lablab,purpureus,Lablab purpureus,Fabaceae,Fabales,Climber,F25 0933,17,45,3,2,17,14.7,17.7,51.25664129,94.40072065,202.329909,72.86570876,3.601331565,14.7,16.07109375,32.51662935,44.62542107,463.441502,18.04729186,24.76788076,,
1172,45840,Breding ,ABC-22770,Lablab,purpureus,Lablab purpureus,Fabaceae,Fabales,Climber,F25 0933,17,45,3,3,18,14.9,17.9,51.69914467,97.05574092,207.8541875,75.13607032,3.614845157,14.9,16.30197568,33.88433911,45.0973001,412.4171055,18.80639444,25.02978178,,
1173,45840,Breding ,ABC-18701,Cajanus,cajan,Cajanus cajan,Fabaceae,Fabales,Shrub,F25 0934,17,45,3,1,19,14.5,17,24.26393523,39.08779839,82.40648413,37.19551208,4.513663272,14.5,15.44811321,12.73024696,34.22522301,-1352.303496,7.065507308,18.9955909,,
1174,45840,Breding ,ABC-18701,Cajanus,cajan,Cajanus cajan,Fabaceae,Fabales,Shrub,F25 0934,17,45,3,2,20,14.3,16.9,23.82143185,47.49536258,100.0916478,39.98129558,3.994468717,14.3,15.59596273,15.61025608,39.04389755,43963.46279,8.663962199,21.67003864,,
1175,45840,Breding ,ABC-18701,Cajanus,cajan,Cajanus cajan,Fabaceae,Fabales,Shrub,F25 0934,17,45,3,3,21,13.5,16.9,23.82143185,47.49536258,100.2117577,36.40679397,3.632986267,13.5,15.1947205,15.22689649,41.82432682,-1249.201072,8.451190994,23.21322499,,
1176,45840,Breding ,ABC-20891,Cajanus,cajan,Cajanus cajan,Fabaceae,Fabales,Shrub,F25 0935,17,45,3,1,22,13.9,16.4,25.14894199,43.95533555,92.23932423,32.38702448,3.5111949,13.9,14.96963087,13.80788636,42.63400723,-257.0999545,7.663615819,23.66261162,,
1177,45840,Breding ,ABC-20891,Cajanus,cajan,Cajanus cajan,Fabaceae,Fabales,Shrub,F25 0935,17,45,3,2,23,13.4,16.6,26.47645212,44.84034231,94.11530361,30.58944401,3.250209354,13.4,14.71052632,13.8448565,45.26024239,-227.9913078,7.68413489,25.12021757,,
1178,45840,Breding ,ABC-20891,Cajanus,cajan,Cajanus cajan,Fabaceae,Fabales,Shrub,F25 0935,17,45,3,3,24,13.9,16.4,26.47645212,46.16785244,96.84352905,39.92359347,4.122484368,13.9,14.96629393,14.49388721,36.30406472,-595.9861806,8.044358161,20.14938402,,
1179,45840,Breding ,ABC-5172,Centrosema,molle,Centrosema molle,Fabaceae,Fabales,Climber,F25 0936,17,45,3,1,25,13.7,15.5,30.01647914,53.24790649,113.681954,42.142684,3.707068935,13.7,14.48531856,16.46719318,39.07485621,1187.873038,9.139577112,21.68722123,,
1180,45840,Breding ,ABC-5172,Centrosema,molle,Centrosema molle,Fabaceae,Fabales,Climber,F25 0936,17,45,3,2,26,13.9,15.3,30.45898252,54.57541663,116.4462763,40.21438839,3.453471392,13.9,14.51864865,16.90642572,42.04073815,2346.49315,9.383358774,23.33333702,,
1181,45840,Breding ,ABC-5172,Centrosema,molle,Centrosema molle,Fabaceae,Fabales,Climber,F25 0936,17,45,3,3,27,13.7,15.5,30.01647914,52.80540311,112.6921607,31.62334502,2.806170794,13.7,14.47681564,16.31423635,51.58921785,-727.5162508,9.054683429,28.63290845,,
1182,45840,Breding ,ABC-5452,Centrosema,macrocarpum,Centrosema macrocarpum,Fabaceae,Fabales,Climber,F25 0937,17,45,3,1,28,13.3,16.8,40.19405684,60.77046392,128.1554537,29.54350794,2.305286828,13.3,14.48507282,18.56341079,62.83414558,-222.9071886,10.30301415,34.87403789,,
1183,45840,Breding ,ABC-5452,Centrosema,macrocarpum,Centrosema macrocarpum,Fabaceae,Fabales,Climber,F25 0937,17,45,3,2,29,12.9,17.1,38.86654671,59.44295378,125.456186,35.35444096,2.818070761,12.9,14.35384615,18.00778793,50.9350097,-304.8828873,9.994633857,28.26981161,,
1184,45840,Breding ,ABC-5452,Centrosema,macrocarpum,Centrosema macrocarpum,Fabaceae,Fabales,Climber,F25 0937,17,45,3,3,30,,,,,,,,,,,,,,,,
1185,45840,Breding ,ABC-5733,Centrosema,macrocarpum,Centrosema macrocarpum,Fabaceae,Fabales,Climber,F25 0938,17,45,3,1,31,13.4,17.3,37.09653319,54.13291325,113.5800127,46.03508752,4.053097586,13.4,14.6273842,16.61378482,36.08939555,-613.3827108,9.220938013,20.03023891,,
1186,45840,Breding ,ABC-5733,Centrosema,macrocarpum,Centrosema macrocarpum,Fabaceae,Fabales,Climber,F25 0938,17,45,3,2,32,14,17.3,43.29158049,60.32796054,126.6288813,40.6400493,3.209382321,14,14.93190709,18.90810691,46.52579717,-372.2824838,10.49432646,25.82262238,,
1187,45840,Breding ,ABC-5733,Centrosema,macrocarpum,Centrosema macrocarpum,Fabaceae,Fabales,Climber,F25 0938,17,45,3,3,33,13.9,17.2,41.0790636,67.40801459,141.5182649,27.75868681,1.961491461,13.9,15.18894967,21.49513803,77.43571652,-200.1743253,11.93017349,42.97816239,,
1188,45840,Breding ,ABC-5735,Centrosema,macrocarpum,Centrosema macrocarpum,Fabaceae,Fabales,Climber,F25 0939,17,45,3,1,34,14.1,17.3,45.50409738,72.71805513,154.6965571,62.21831223,4.021958432,14.1,15.29756592,23.6648078,38.03511692,435.9545517,13.13437776,21.11014794,,
1189,45840,Breding ,ABC-5735,Centrosema,macrocarpum,Centrosema macrocarpum,Fabaceae,Fabales,Climber,F25 0939,17,45,3,2,35,14.3,17.3,44.17658724,72.27555175,153.72446,45.5720664,2.964529289,14.3,15.46632653,23.77552694,52.17127249,-1531.280394,13.19582879,28.95595885,,
1190,45840,Breding ,ABC-5735,Centrosema,macrocarpum,Centrosema macrocarpum,Fabaceae,Fabales,Climber,F25 0939,17,45,3,3,36,14.2,17.4,46.83160751,75.37307539,160.3767762,62.70014362,3.909552562,14.2,15.41174168,24.71685447,39.42073022,438.9055496,13.71828186,21.87918729,,
1191,45840,Breding ,ABC-5749,Centrosema,plumieri,Centrosema plumieri,Fabaceae,Fabales,Climber,F25 0940,17,45,3,1,37,13.2,17.5,40.19405684,70.06303486,150.5356069,66.33184724,4.406389198,13.2,15.03315789,22.63025548,34.11672737,233.7790945,12.56018332,18.93537394,,
1192,45840,Breding ,ABC-5749,Centrosema,plumieri,Centrosema plumieri,Fabaceae,Fabales,Climber,F25 0940,17,45,3,2,38,12.8,17.7,43.73408386,72.27555175,155.2583113,43.05269579,2.772972051,12.8,14.735,22.87731217,53.13793189,1507.884755,12.69730405,29.49247154,,
1193,45840,Breding ,ABC-5749,Centrosema,plumieri,Centrosema plumieri,Fabaceae,Fabales,Climber,F25 0940,17,45,3,3,39,13,17.6,42.84907711,72.71805513,156.115222,57.85720889,3.706058138,13,14.88945233,23.24470156,40.17598153,346.7681366,12.90121152,22.29836484,,
1194,45840,Breding ,ABC-5911,Centrosema,macrocarpum,Centrosema macrocarpum,Fabaceae,Fabales,Climber,F25 0941,17,45,3,1,40,13.3,17.7,45.50409738,76.25808215,159.9472042,44.60645292,2.788823545,13.3,15.07446809,24.11119026,54.05314406,-2619.696743,13.38212774,30.00043013,,
1195,45840,Breding ,ABC-5911,Centrosema,macrocarpum,Centrosema macrocarpum,Fabaceae,Fabales,Climber,F25 0941,17,45,3,2,41,13.3,17.8,44.17658724,74.48806864,156.2659435,55.12665862,3.527746185,13.3,15.13118812,23.64489388,42.89194098,730.1230639,13.12332519,23.80576932,,
1196,45840,Breding ,ABC-5911,Centrosema,macrocarpum,Centrosema macrocarpum,Fabaceae,Fabales,Climber,F25 0941,17,45,3,3,42,13.4,17.6,45.50409738,75.81557877,159.0190773,51.2134076,3.220582616,13.4,15.07918288,23.97877748,46.82128881,1417.954431,13.30863636,25.98662535,,
1197,45840,Breding ,ABC-13692,Desmodium,velutinum,Desmodium velutinum,Fabaceae,Fabales,Shrub,F25 0942,17,45,3,1,43,15.7,18.5,36.21152644,52.36289974,110.2922888,59.89593416,5.430654747,15.7,16.56366197,18.2684419,30.50030382,316.764971,10.13930131,16.92819631,,
1198,45840,Breding ,ABC-13692,Desmodium,velutinum,Desmodium velutinum,Fabaceae,Fabales,Shrub,F25 0942,17,45,3,2,44,16.3,18.7,36.65402981,62.54047743,131.7030515,42.17239872,3.202082127,16.3,17.29339623,22.77593053,54.00672294,-2294.930666,12.64103549,29.9746656,,
1199,45840,Breding ,ABC-13692,Desmodium,velutinum,Desmodium velutinum,Fabaceae,Fabales,Shrub,F25 0942,17,45,3,3,45,15.9,18.8,36.21152644,59.44295378,125.155007,40.05743622,3.200625943,15.9,17.03337469,21.31812128,53.21888591,-1185.274731,11.83192614,29.53740242,,
1200,45840,Breding ,ABC-15121,Centrosema,macrocarpum,Centrosema macrocarpum,Fabaceae,Fabales,Climber,F25 0943,17,45,3,1,46,13.7,17.4,37.98153995,66.52300783,141.6380895,58.14072558,4.104879257,13.7,15.28747228,21.65288368,37.24219721,598.6725015,12.01772506,20.67006378,,
1201,45840,Breding ,ABC-15121,Centrosema,macrocarpum,Centrosema macrocarpum,Fabaceae,Fabales,Climber,F25 0943,17,45,3,2,47,13.6,17.1,37.09653319,66.96551121,142.5802498,61.69642183,4.327136607,13.6,15.16112335,21.61676754,35.03731156,422.3523466,11.99767998,19.4463141,,
1202,45840,Breding ,ABC-15121,Centrosema,macrocarpum,Centrosema macrocarpum,Fabaceae,Fabales,Climber,F25 0943,17,45,3,3,48,,,,,,,,,,,,,,,,
1203,45840,Breding ,ABC-15150,Centrosema,molle,Centrosema molle,Fabaceae,Fabales,Climber,F25 0944,17,45,3,1,49,13.5,15.3,33.55650617,64.75299432,139.0763616,31.24898114,2.246893777,13.5,14.36719818,19.98137649,63.94248951,-921.243301,11.09000965,35.48918795,,
1204,45840,Breding ,ABC-15150,Centrosema,molle,Centrosema molle,Fabaceae,Fabales,Climber,F25 0944,17,45,3,2,50,13.8,15,33.11400279,64.31049094,138.0983395,52.99409774,3.837417447,13.8,14.38211009,19.86145522,37.47861756,374.0935214,11.02345127,20.80128116,,
1205,45840,Breding ,ABC-15150,Centrosema,molle,Centrosema molle,Fabaceae,Fabales,Climber,F25 0944,17,45,3,3,51,14,15.4,33.11400279,66.96551121,143.7709044,51.9729623,3.614984723,14,14.70770925,21.14540661,40.68539808,426.5697052,11.7360665,22.58109983,,
1208,45840,Breding ,ABC-15154,Centrosema,molle,Centrosema molle,Fabaceae,Fabales,Climber,F25 0945,17,45,3,1,54,13.3,15.2,28.24646563,55.01792,116.5599992,40.55257672,3.479116077,13.3,14.22453083,16.58011303,40.88547354,806.0388813,9.202249583,22.69214518,,
1209,45840,Breding ,ABC-15154,Centrosema,molle,Centrosema molle,Fabaceae,Fabales,Climber,F25 0945,17,45,3,2,55,14.1,15,27.80396225,54.13291325,114.7079719,23.99125219,2.091506963,14.1,14.53773842,16.6759449,69.50843901,-509.5427138,9.255437929,38.57838622,,
1210,45840,Breding ,ABC-15154,Centrosema,molle,Centrosema molle,Fabaceae,Fabales,Climber,F25 0945,17,45,3,3,56,13.8,15.1,25.59144536,51.92039636,109.9756537,40.39500636,3.67308627,13.8,14.45923295,15.90163596,39.3653508,792.7498625,8.825683072,21.84845076,,
1211,45840,Breding ,ABC-15561,Centrosema,molle,Centrosema molle,Fabaceae,Fabales,Climber,F25 0946,17,45,3,1,57,14,16.6,34.44151292,61.2129673,132.2851408,53.53712369,4.047100328,14,15.13710843,20.02414521,37.40235529,269.3028064,11.11374703,20.75895428,,
1212,45840,Breding ,ABC-15561,Centrosema,molle,Centrosema molle,Fabaceae,Fabales,Climber,F25 0946,17,45,3,2,58,13.9,16.9,35.32651968,63.42548419,137.1213581,40.13620149,2.927056882,13.9,15.22906977,20.88230729,52.02860887,623.6355653,11.59004183,28.87677807,,
1213,45840,Breding ,ABC-15561,Centrosema,molle,Centrosema molle,Fabaceae,Fabales,Climber,F25 0946,17,45,3,3,59,13.8,16.9,35.32651968,62.54047743,135.2080368,52.76186358,3.902272736,13.8,15.14893868,20.48258259,38.82080957,284.4048619,11.36818771,21.54622095,,
1214,45840,Breding ,ABC-15799,Centrosema,macrocarpum,Centrosema macrocarpum,Fabaceae,Fabales,Climber,F25 0947,17,45,3,1,60,13.6,15.3,32.22899603,54.13291325,116.6406232,39.60353372,3.395346546,13.6,14.28787466,16.66546605,42.08075514,-5441.280768,9.249621988,23.35554714,,
1215,45840,Breding ,ABC-15799,Centrosema,macrocarpum,Centrosema macrocarpum,Fabaceae,Fabales,Climber,F25 0947,17,45,3,2,61,13.9,15.4,38.42404333,59.00045041,127.027123,57.43547373,4.521512601,13.9,14.423125,18.32128073,31.89889374,298.3450223,10.16862778,17.70443791,,
1216,45840,Breding ,ABC-15799,Centrosema,macrocarpum,Centrosema macrocarpum,Fabaceae,Fabales,Climber,F25 0947,17,45,3,3,62,13.6,15.2,38.86654671,59.88545716,128.9840822,35.90152821,2.783407657,13.6,14.16157635,18.26617929,50.87855643,-1110.322722,10.13804553,28.23847907,,
1217,45840,Breding ,ABC-15816,Centrosema,acutifolium,Centrosema acutifolium,Fabaceae,Fabales,Climber,F25 0948,17,45,3,1,63,13.9,16.9,41.0790636,68.73552472,143.595393,35.27967828,2.456880931,13.9,15.10708155,21.69307311,61.48886318,-400.691593,12.04003089,34.12738289,,
1218,45840,Breding ,ABC-15816,Centrosema,acutifolium,Centrosema acutifolium,Fabaceae,Fabales,Climber,F25 0948,17,45,3,2,64,13.8,17.1,41.0790636,68.73552472,143.595393,43.76142477,3.047550751,13.8,15.1277897,21.72280906,49.63917235,-1104.593165,12.05653486,27.55059947,,
1219,45840,Breding ,ABC-15816,Centrosema,acutifolium,Centrosema acutifolium,Fabaceae,Fabales,Climber,F25 0948,17,45,3,3,65,13.9,16.9,39.75155346,69.1780281,144.4331669,55.36182234,3.833040812,13.9,15.1761194,21.91934987,39.59289803,798.0466455,12.1656184,21.97474341,,
1220,45840,Breding ,ABC-20304,Canavalia,brasiliensis,Canavalia brasiliensis,Fabaceae,Fabales,Climber,F25 0949,17,45,3,1,66,13.6,20.3,46.38910413,85.55065309,180.7926128,75.25347359,4.162419714,13.6,16.66698276,30.13267361,40.04157173,297.1206036,16.72415518,22.22376507,,
1221,45840,Breding ,ABC-20304,Canavalia,brasiliensis,Canavalia brasiliensis,Fabaceae,Fabales,Climber,F25 0949,17,45,3,2,67,14.1,21.1,47.71661427,87.3206666,184.5331496,73.3092546,3.972687549,14.1,17.27483108,31.87778989,43.4839913,343.5835371,17.69272491,24.13436749,,
1222,45840,Breding ,ABC-20304,Canavalia,brasiliensis,Canavalia brasiliensis,Fabaceae,Fabales,Climber,F25 0949,17,45,3,3,69,14.2,21.2,46.83160751,85.99315647,181.9094748,73.47294939,4.038984197,14.2,17.38782161,31.63009497,43.04998674,337.925183,17.55524994,23.89348745,,
1223,45840,Breding ,ABC-21603,Lablab,purpureus,Lablab purpureus,Fabaceae,Fabales,Climber,F25 0950,17,45,3,1,70,14.2,18,48.60162102,92.63070714,196.3938733,49.96372635,2.544057282,14.2,16.00621019,31.43521617,62.91607625,3228.197679,17.44708883,34.91951083,,
1224,45840,Breding ,ABC-21603,Lablab,purpureus,Lablab purpureus,Fabaceae,Fabales,Climber,F25 0950,17,45,3,2,71,13.9,17.5,48.15911764,93.07321052,197.3715113,47.36658506,2.399869401,13.9,15.63724247,30.86346179,65.15872265,-40511.06007,17.12975526,36.16421839,,
1225,45840,Breding ,ABC-21603,Lablab,purpureus,Lablab purpureus,Fabaceae,Fabales,Climber,F25 0950,17,45,3,3,72,14.1,17.4,47.71661427,91.74570038,194.5952902,39.80519727,2.045537548,14.1,15.68368167,30.51970586,76.67266576,-973.7493518,16.93896478,42.55465601,,
1226,45840,Breding ,ABC-23248,Desmodium,velutinum,Desmodium velutinum,Fabaceae,Fabales,Shrub,F25 0951,17,45,3,1,73,15,19.4,45.50409738,76.25808215,160.5484616,66.04102001,4.11346327,15,16.77446809,26.93115046,40.77942838,664.8097217,14.94725444,22.63328828,,
1227,45840,Breding ,ABC-23248,Desmodium,velutinum,Desmodium velutinum,Fabaceae,Fabales,Shrub,F25 0951,17,45,3,2,74,14.5,19.3,45.061594,76.25808215,160.6447907,63.05034759,3.924829888,14.5,16.46363636,26.44797418,41.94738838,1035.089421,14.67908325,23.28152629,,
1228,45840,Breding ,ABC-23248,Desmodium,velutinum,Desmodium velutinum,Fabaceae,Fabales,Shrub,F25 0951,17,45,3,3,75,14.8,19.1,45.50409738,77.14308891,162.3792369,59.56468446,3.668245127,14.8,16.56357553,26.89580755,45.1539495,3327.587239,14.92763851,25.06122319,,
1229,45840,Breding ,ABC-23271,Desmodium,velutinum,Desmodium velutinum,Fabaceae,Fabales,Shrub,F25 0952,17,45,3,1,76,14.2,19.3,44.17658724,69.1780281,145.4082777,60.58856718,4.166789411,14.2,16.04317697,23.32810732,38.5024905,790.8583223,12.94750316,21.36954836,,
1230,45840,Breding ,ABC-23271,Desmodium,velutinum,Desmodium velutinum,Fabaceae,Fabales,Shrub,F25 0952,17,45,3,2,77,14.2,19.3,43.73408386,69.1780281,145.4373361,58.62549348,4.030979599,14.2,16.07579957,23.38021466,39.88062747,1140.452686,12.97642364,22.13443822,,
1231,45840,Breding ,ABC-23271,Desmodium,velutinum,Desmodium velutinum,Fabaceae,Fabales,Shrub,F25 0952,17,45,3,3,78,13.8,19.5,42.40657373,64.75299432,136.2432157,63.83146599,4.685111525,13.8,15.76708428,21.48158264,33.65359436,483.7115388,11.92265002,18.67832711,,
1232,45840,Breding ,ABC-23279,Desmodium,velutinum,Desmodium velutinum,Fabaceae,Fabales,Shrub,F25 0953,17,45,3,1,79,14.8,19.5,44.61909062,74.93057202,160.2643896,33.58906569,2.095853345,14.8,16.70127953,26.76620368,79.68725277,-274.8819888,14.85570613,44.22780396,,
1233,45840,Breding ,ABC-23279,Desmodium,velutinum,Desmodium velutinum,Fabaceae,Fabales,Shrub,F25 0953,17,45,3,2,80,15.1,19.4,45.50409738,75.81557877,162.1248576,49.38381477,3.04603597,15.1,16.81916342,27.26804474,55.21656209,-1168.229606,15.1342366,30.64614726,,
1234,45840,Breding ,ABC-23279,Desmodium,velutinum,Desmodium velutinum,Fabaceae,Fabales,Shrub,F25 0953,17,45,3,3,81,15.1,19.3,44.17658724,74.48806864,159.3498099,35.99315435,2.258751006,15.1,16.80910891,26.7852831,74.4177152,-311.0116603,14.86629553,41.30311944,,
1235,45840,Breding ,ABC-23326,Desmodium,velutinum,Desmodium velutinum,Fabaceae,Fabales,Shrub,F25 0954,17,45,3,1,82,,,,,,,,,,,,,,,Eliminado DMD,
1236,45840,Breding ,ABC-23326,Desmodium,velutinum,Desmodium velutinum,Fabaceae,Fabales,Shrub,F25 0954,17,45,3,2,83,,,,,,,,,,,,,,,Eliminado DMD,
1237,45840,Breding ,ABC-23326,Desmodium,velutinum,Desmodium velutinum,Fabaceae,Fabales,Shrub,F25 0954,17,45,3,3,84,,,,,,,,,,,,,,,Eliminado DMD,
1238,45840,Breding ,ABC-33255,Desmodium,velutinum,Desmodium velutinum,Fabaceae,Fabales,Shrub,F25 0955,17,45,3,1,85,15.7,19.3,40.63656022,62.09797405,130.7614931,51.6103519,3.946907508,15.7,16.94418052,22.15646345,42.93027006,-1597.841812,12.29722055,23.82704262,,
1239,45840,Breding ,ABC-33255,Desmodium,velutinum,Desmodium velutinum,Fabaceae,Fabales,Shrub,F25 0955,17,45,3,2,86,15.5,19.2,40.63656022,61.65547067,129.829701,31.66910005,2.439280057,15.5,16.76136364,21.7612283,68.71438805,-204.6047534,12.0778582,38.1376742,,
1240,45840,Breding ,ABC-33255,Desmodium,velutinum,Desmodium velutinum,Fabaceae,Fabales,Shrub,F25 0955,17,45,3,3,87,15.9,19.1,40.63656022,62.54047743,131.6669571,33.17752933,2.519806795,15.9,17.02075472,22.41070982,67.54785625,-225.5933541,12.43833168,37.49022887,,
1241,45840,Breding ,ABC-33428,Desmodium,velutinum,Desmodium velutinum,Fabaceae,Fabales,Shrub,F25 0956,17,45,3,1,89,14.6,17.7,32.67149941,54.57541663,113.4179476,57.72966663,5.089993942,14.6,15.84418919,17.9701542,31.12811011,523.9658596,9.973746481,17.27663966,,
1242,45840,Breding ,ABC-33428,Desmodium,velutinum,Desmodium velutinum,Fabaceae,Fabales,Shrub,F25 0956,17,45,3,2,90,14.7,17.4,32.22899603,54.57541663,113.4406221,53.97973063,4.758412781,14.7,15.80554054,17.92990352,33.21599295,948.3468796,9.951406661,18.43545076,,
1243,45840,Breding ,ABC-33428,Desmodium,velutinum,Desmodium velutinum,Fabaceae,Fabales,Shrub,F25 0956,17,45,3,3,91,15,17.5,32.67149941,56.78793352,117.9923882,48.01414015,4.069257423,15,16.06168831,18.95156962,39.47080915,-3393.117472,10.51844902,21.90698196,,
1244,45840,Breding ,ABC-33451,Desmodium,velutinum,Desmodium velutinum,Fabaceae,Fabales,Shrub,F25 0957,17,45,3,1,92,13.2,15.3,30.45898252,53.69040987,111.7879478,48.48923979,4.337608906,13.2,14.10865385,15.7717746,32.52633917,-620.3085577,8.753607769,18.05268098,,
1245,45840,Breding ,ABC-33451,Desmodium,velutinum,Desmodium velutinum,Fabaceae,Fabales,Shrub,F25 0957,17,45,3,2,93,,,,,,,,,,,,,,,Eliminado 11.72%DMD,
1246,45840,Breding ,ABC-33451,Desmodium,velutinum,Desmodium velutinum,Fabaceae,Fabales,Shrub,F25 0957,17,45,3,3,94,13.8,14.7,32.67149941,56.78793352,118.2845379,54.09251483,4.573084173,13.8,14.18220779,16.77535895,31.01234802,-1487660.607,9.31061445,17.2123897,,
1247,45840,Breding ,ABC-33463,Desmodium,velutinum,Desmodium velutinum,Fabaceae,Fabales,Shrub,F25 0958,17,45,3,1,96,15.1,18.4,37.53903657,59.44295378,123.5499169,59.22057677,4.793251039,15.1,16.31600496,20.15841058,34.03953774,-3636.251892,11.18826663,18.89253236,,
1248,45840,Breding ,ABC-33463,Desmodium,velutinum,Desmodium velutinum,Fabaceae,Fabales,Shrub,F25 0958,17,45,3,2,97,,,,,,,,,,,,,,,Eliminado 26.78%DMD,
1249,45840,Breding ,ABC-33463,Desmodium,velutinum,Desmodium velutinum,Fabaceae,Fabales,Shrub,F25 0958,17,45,3,3,98,15.5,19.1,37.53903657,58.11544365,120.6941823,63.51061525,5.262110737,15.5,16.77461929,20.24598959,31.87811912,1198.583322,11.2368745,17.69290764,,
1250,45840,LMF,Hohenheimer Heustandard,Hohenheimer,Heustandard,Hohenheimer Heustandard,Forage,Forage,Forage,F25 0017,17,45,3,1,100,14.1,17.3,22.9364251,44.84034231,196.3817097,46.30639204,2.357978863,14.1,15.66315789,30.75957726,66.42620145,#DIV/0!,17.07209755,36.86769105,,
1251,45840,LMF,Hohenheimer Heustandard,Hohenheimer,Heustandard,Hohenheimer Heustandard,Forage,Forage,Forage,F25 0017,17,45,3,2,101,14.2,17.3,22.05141834,45.28284569,198.0819887,40.64037837,2.051694787,14.2,15.79039088,31.27792027,76.96266996,#DIV/0!,17.35978689,42.71561336,,
1252,45840,LMF,Hohenheimer Heustandard,Hohenheimer,Heustandard,Hohenheimer Heustandard,Forage,Forage,Forage,F25 0017,17,45,3,3,102,,,,,,,,,,,,,,,Eliminado DMD,
1253,45840,LMF,Homenheim Concentrate,Homenheim,Concentrate,Homenheim Concentrate,Concentrate,Concentrate,Concentrate,F25 0018,17,45,3,1,103,,,,,,,,,,,,,,,Eliminado DMD,
1254,45840,LMF,Homenheim Concentrate,Homenheim,Concentrate,Homenheim Concentrate,Concentrate,Concentrate,Concentrate,F25 0018,17,45,3,2,104,14.9,17.6,26.9189555,52.36289974,233.4269428,63.71294707,2.729459861,14.9,16.21197183,37.84311021,59.39626395,#DIV/0!,21.00358089,32.96595411,,
1255,45840,LMF,Homenheim Concentrate,Homenheim,Concentrate,Homenheim Concentrate,Concentrate,Concentrate,Concentrate,F25 0018,17,45,3,3,105,14.2,16.9,55.68167507,113.4283659,252.6728499,53.24270894,2.107179658,14.2,15.57457737,39.3527285,73.91195768,#DIV/0!,21.84144516,41.02241527,,
1256,45840,LMF,Sample 8,Cynodon,nlemfuensis,Cynodon nlemfuensis ,Poaceae,Poales,Grasses,F25 0008,17,45,3,1,106,14.5,16.1,21.60891496,57.23043689,121.9700671,38.57853399,3.162950952,14.5,15.49587629,18.90033071,48.99183239,461.0431938,10.49001054,27.19131459,,
1257,45840,LMF,Sample 8,Cynodon,nlemfuensis,Cynodon nlemfuensis ,Poaceae,Poales,Grasses,F25 0008,17,45,3,2,107,14.4,16,20.28140483,56.78793352,121.0995723,33.80758041,2.791717575,14.4,15.42857143,18.683934,55.26551671,675.943927,10.36990662,30.67331793,,
1258,45840,LMF,Sample 8,Cynodon,nlemfuensis,Cynodon nlemfuensis ,Poaceae,Poales,Grasses,F25 0008,17,45,3,3,108,,,,,,,,,,,,,,,Eliminado DMD,
1263,45845,Genetic bank,ABC-350,Desmodium,heterocarpon,Desmodium heterocarpon,Fabaceae,Fabales,Herbaceous,F25 0959,18,46,1,1,113,11.3,12.5,21.90391721,46.13097716,97.8024639,39.95865797,4.085649418,11.3,11.93021583,11.66804503,29.20029255,-325.3769339,6.47596686,16.20666756,,
1264,45845,Genetic bank,ABC-350,Desmodium,heterocarpon,Desmodium heterocarpon,Fabaceae,Fabales,Herbaceous,F25 0959,18,46,1,2,114,12.7,14.4,21.90391721,46.13097716,97.8024639,37.52053851,3.83635923,12.7,13.59280576,13.29409894,35.4315249,-289.4712932,7.378454915,19.66510932,,
1265,45845,Genetic bank,ABC-350,Desmodium,heterocarpon,Desmodium heterocarpon,Fabaceae,Fabales,Herbaceous,F25 0959,18,46,1,3,115,12.6,14.6,22.34642059,47.01598392,99.67877016,44.60168548,4.474542113,12.6,13.64941176,13.60556578,30.50460007,-815.0883259,7.551324399,16.9305808,,
1266,45845,Genetic bank,ABC-3187,Desmodium,cajanifolium,Desmodium cajanifolium,Fabaceae,Fabales,Shrub,F25 0960,18,46,1,1,116,13,16,40.93156247,80.20373727,170.4373151,72.67179876,4.263843203,13,14.46896552,24.66051635,33.9340938,484.5159607,13.68701323,18.83400915,,
1267,45845,Genetic bank,ABC-3187,Desmodium,cajanifolium,Desmodium cajanifolium,Fabaceae,Fabales,Shrub,F25 0960,18,46,1,2,117,12.3,15.9,40.93156247,81.53124741,173.3969532,74.90429604,4.319816159,12.3,14.092673,24.43626561,32.62331655,380.9202257,13.56255018,18.1065051,,
1268,45845,Genetic bank,ABC-3187,Desmodium,cajanifolium,Desmodium cajanifolium,Fabaceae,Fabales,Shrub,F25 0960,18,46,1,3,118,12.7,16.2,40.04655571,80.20373727,170.573665,71.07613781,4.16688812,12.7,14.45241379,24.65201188,34.68394969,594.1062738,13.6822931,19.25019215,,
1269,45845,Genetic bank,ABC-4028,Galactia,glaucescens,Galactia glaucescens,Fabaceae,Fabales,Herbaceous,F25 0961,18,46,1,1,119,11.6,15.4,20.1339037,42.59095014,90.12527141,31.62990002,3.509548379,11.6,13.60363636,12.26031419,38.76178612,-1284.831417,6.804686494,21.51346192,,
1270,45845,Genetic bank,ABC-4028,Galactia,glaucescens,Galactia glaucescens,Fabaceae,Fabales,Herbaceous,F25 0961,18,46,1,2,120,10.8,15.5,20.57640708,49.22850081,104.1707683,36.17944242,3.473089718,10.8,13.53550562,14.10004019,38.97251933,2725.417399,7.82576625,21.63042249,,
1271,45845,Genetic bank,ABC-4028,Galactia,glaucescens,Galactia glaucescens,Fabaceae,Fabales,Herbaceous,F25 0961,18,46,1,3,121,11,15.2,19.69140032,40.37843325,85.35808105,32.12099227,3.76308744,11,13.15178082,11.22610773,34.94944253,-1412.812966,6.230684015,19.39754527,,
1272,45845,Genetic bank,ABC-5277,Centrosema,acutifolium,Centrosema acutifolium,Fabaceae,Fabales,Climber,F25 0962,18,46,1,1,122,12.7,16.6,40.93156247,82.41625416,180.1386282,55.43322533,3.077253663,12.7,14.66308725,26.41388421,47.64991403,431.9272598,14.66016273,26.44652668,,
1273,45845,Genetic bank,ABC-5277,Centrosema,acutifolium,Centrosema acutifolium,Fabaceae,Fabales,Climber,F25 0962,18,46,1,2,123,13.1,16.4,38.71904558,79.76123389,174.474973,57.36629115,3.287938102,13.1,14.79805825,25.81890814,45.00710717,379.4895752,14.32994071,24.97972315,,
1274,45845,Genetic bank,ABC-5277,Centrosema,acutifolium,Centrosema acutifolium,Fabaceae,Fabales,Climber,F25 0962,18,46,1,3,124,13.2,16.9,39.16154896,80.64624065,176.410895,70.46921142,3.994606536,13.2,15.10329218,26.64385291,37.80921111,232.9927237,14.78779933,20.9847663,,
1275,45845,Genetic bank,ABC-7227,Galactia,texana,Galactia texana,Fabaceae,Fabales,Climber,F25 0963,18,46,1,1,125,10.4,12.7,31.63899153,63.38860891,136.2536599,47.18684507,3.463161659,10.4,11.55200698,15.7400323,33.3568228,-276.9746193,8.735990244,18.51361376,,
1276,45845,Genetic bank,ABC-7227,Galactia,texana,Galactia texana,Fabaceae,Fabales,Climber,F25 0963,18,46,1,2,126,10,12.5,30.75398477,62.94610553,135.2484006,60.25019516,4.454780604,10,11.27855888,15.25407049,25.3178773,1467.890387,8.466273031,14.05185993,,
1277,45845,Genetic bank,ABC-7227,Galactia,texana,Galactia texana,Fabaceae,Fabales,Climber,F25 0963,18,46,1,3,127,10,12.4,31.19648815,63.83111228,137.067752,56.34437034,4.110694857,10,11.2270364,15.38864641,27.31177279,-1587.470329,8.540964995,15.15850642,,
1278,45845,Genetic bank,ABC-8013,Crotalaria,paulina,Crotalaria paulina,Fabaceae,Fabales,Herbaceous,F25 0964,18,46,1,1,128,13.1,15.5,46.24160301,89.93881159,191.7850977,75.13627099,3.917732498,13.1,14.26605166,27.36016111,36.41405243,216.4675362,15.18536278,20.2104291,,
1279,45845,Genetic bank,ABC-8013,Crotalaria,paulina,Crotalaria paulina,Fabaceae,Fabales,Herbaceous,F25 0964,18,46,1,2,129,13.1,15.6,45.35659625,89.49630821,190.8033678,65.18494385,3.416341368,13.1,14.33300371,27.34785378,41.9542492,298.5024247,15.17853199,23.28533416,,
1280,45845,Genetic bank,ABC-8013,Crotalaria,paulina,Crotalaria paulina,Fabaceae,Fabales,Herbaceous,F25 0964,18,46,1,3,130,13.2,15.5,44.47158949,89.49630821,190.9178269,65.35605132,3.423255564,13.2,14.35710754,27.41027772,41.93992319,297.0669104,15.21317836,23.27738298,,
1281,45845,Genetic bank,ABC-8156,Chamaecrista,rotundifolia,Chamaecrista rotundifolia,Fabaceae,Fabales,Herbaceous,F25 0965,18,46,1,1,131,14.2,19.9,42.70157598,57.19356161,121.4490348,39.05629932,3.215859177,14.2,15.644294,18.99984407,48.64732297,-2379.376786,10.54524218,27.0001059,,
1282,45845,Genetic bank,ABC-8156,Chamaecrista,rotundifolia,Chamaecrista rotundifolia,Fabaceae,Fabales,Herbaceous,F25 0965,18,46,1,2,132,13.9,20,40.48905909,59.4060785,126.2481745,41.09021358,3.254717444,13.9,15.8424581,20.00081415,48.67537159,-31625.88865,11.10079789,27.01567336,,
1283,45845,Genetic bank,ABC-8156,Chamaecrista,rotundifolia,Chamaecrista rotundifolia,Fabaceae,Fabales,Herbaceous,F25 0965,18,46,1,3,133,14.3,19.9,40.04655571,60.29108526,128.0777356,37.3749597,2.918146509,14.3,16.18036697,20.72344762,55.44741129,-1472.937573,11.50187197,30.77427257,,
1284,45845,Genetic bank,ABC-9323,Crotalaria,vitellina,Crotalaria vitellina,Fabaceae,Fabales,Herbaceous,F25 0966,18,46,1,1,134,14.6,17.8,55.97667732,97.90387239,211.8284123,51.3398104,2.423650814,14.6,15.97039548,33.82983519,65.89396207,-2210.014176,18.77614382,36.57228898,,
1285,45845,Genetic bank,ABC-9323,Crotalaria,vitellina,Crotalaria vitellina,Fabaceae,Fabales,Herbaceous,F25 0966,18,46,1,2,135,14.2,16.8,55.09167057,97.01886564,209.9135792,73.92817765,3.521838745,14.2,15.32360319,32.16632393,43.51023514,348.7404605,17.85286629,24.14893328,,
1286,45845,Genetic bank,ABC-9323,Crotalaria,vitellina,Crotalaria vitellina,Fabaceae,Fabales,Herbaceous,F25 0966,18,46,1,3,136,14.4,16.9,55.97667732,99.23138253,214.7435935,55.83134455,2.599907342,14.4,15.48974359,33.26323202,59.57806011,5472.823586,18.46166926,33.06685412,,
1287,45845,Genetic bank,ABC-9537,Crotalaria,sagittalis,Crotalaria sagittalis,Fabaceae,Fabales,Herbaceous,F25 0967,18,46,1,1,137,13.6,15.5,39.60405234,87.7262947,191.1282479,58.60492316,3.066261728,13.6,14.64224464,27.98546563,47.75275543,713.7325983,15.5324176,26.50360544,,
1288,45845,Genetic bank,ABC-9537,Crotalaria,sagittalis,Crotalaria sagittalis,Fabaceae,Fabales,Herbaceous,F25 0967,18,46,1,2,138,13.4,15.4,38.71904558,86.39878456,188.1607679,69.42344508,3.689581302,13.4,14.50371319,27.29029811,39.30991623,317.817588,15.1465876,21.81768361,,
1289,45845,Genetic bank,ABC-9537,Crotalaria,sagittalis,Crotalaria sagittalis,Fabaceae,Fabales,Herbaceous,F25 0967,18,46,1,3,139,13.4,15.2,38.71904558,87.7262947,191.1282479,51.32810439,2.685532095,13.4,14.40554855,27.53307254,53.64131963,3528.218164,15.28133161,29.77186045,,
1290,45845,Genetic bank,ABC-9690,Aeschynomene,histrix,Aeschynomene histrix,Fabaceae,Fabales,Herbaceous,F25 0968,18,46,1,1,140,14.3,17.5,44.47158949,83.30126092,177.4750328,70.27924091,3.959950862,14.3,15.79163347,28.02620667,39.87835712,324.4324474,15.55502959,22.13317814,,
1291,45845,Genetic bank,ABC-9690,Aeschynomene,histrix,Aeschynomene histrix,Fabaceae,Fabales,Herbaceous,F25 0968,18,46,1,2,141,13.8,17,42.70157598,81.08874403,172.9339817,45.48944338,2.630451397,13.8,15.3148704,26.48461517,58.2214536,-1373.299061,14.69941963,32.31391404,,
1292,45845,Genetic bank,ABC-9690,Aeschynomene,histrix,Aeschynomene histrix,Fabaceae,Fabales,Herbaceous,F25 0968,18,46,1,3,142,14.3,17.6,44.02908612,81.97375078,174.8213922,47.83535935,2.736241759,14.3,15.82753036,27.66990893,57.84404947,-2982.5216,15.35727817,32.10444822,,
1293,45845,Genetic bank,ABC-9900,Pueraria,phaseoloides,Pueraria phaseoloides,Fabaceae,Fabales,Climber,F25 0969,18,46,1,1,143,15.6,14.4,21.46141384,54.98104472,118.4763203,38.22023353,3.225980807,15.6,14.86841046,17.6155456,46.08958129,-716.7599738,9.776932577,25.58051501,,
1294,45845,Genetic bank,ABC-9900,Pueraria,phaseoloides,Pueraria phaseoloides,Fabaceae,Fabales,Climber,F25 0969,18,46,1,2,144,14.1,15.4,25.44394424,62.06109877,133.6526528,55.37811897,4.143435825,14.1,14.86702317,19.87017086,35.88090609,472.3138443,11.0282886,19.91452366,,
1295,45845,Genetic bank,ABC-9900,Pueraria,phaseoloides,Pueraria phaseoloides,Fabaceae,Fabales,Climber,F25 0969,18,46,1,3,145,13.4,12,24.55893748,61.17609201,131.6940971,36.51672091,2.772844169,13.4,12.56202532,16.54344582,45.30375511,-530.8351137,9.181898646,25.14436789,,
1296,45845,Genetic bank,ABC-11998,Stylosanthes,guianensis,Stylosanthes guianensis,Fabaceae,Fabales,Herbaceous,F25 0970,18,46,1,1,146,11.1,12,28.54146788,65.15862242,137.6386812,53.40126609,3.879815297,11.1,11.6057725,15.97403221,29.91320877,284.1191017,8.865864244,16.60234839,,
1297,45845,Genetic bank,ABC-11998,Stylosanthes,guianensis,Stylosanthes guianensis,Fabaceae,Fabales,Herbaceous,F25 0970,18,46,1,2,147,10.8,11.6,28.54146788,65.15862242,137.6937147,42.11923602,3.058907672,10.8,11.24957555,15.48995846,36.77644688,828.3320815,8.59719494,20.41156429,,
1298,45845,Genetic bank,ABC-11998,Stylosanthes,guianensis,Stylosanthes guianensis,Fabaceae,Fabales,Herbaceous,F25 0970,18,46,1,3,148,10.9,11.5,27.21395775,63.38860891,133.9800935,35.83017977,2.674291295,10.9,11.24240838,15.06258925,42.03883249,-6755.944036,8.359997634,23.33227934,,
1299,45845,Genetic bank,ABC-13149,Desmodium,strigillosum,Desmodium strigillosum,Fabaceae,Fabales,Herbaceous,F25 0971,18,46,1,1,149,,,,,,,,,,,,,,,Eliminado DMD,
1300,45845,Genetic bank,ABC-13149,Desmodium,strigillosum,Desmodium strigillosum,Fabaceae,Fabales,Herbaceous,F25 0971,18,46,1,2,150,,,,,,,,,,,,,,,Eliminado DMD,
1301,45845,Genetic bank,ABC-13149,Desmodium,strigillosum,Desmodium strigillosum,Fabaceae,Fabales,Herbaceous,F25 0971,18,46,1,3,151,,,,,,,,,,,,,,,Eliminado DMD,
1302,45845,Genetic bank,ABC-13389,Desmodium,sequax,Desmodium sequax,Fabaceae,Fabales,Herbaceous,F25 0972,18,46,1,1,152,12.7,15.3,21.46141384,30.64335893,65.29760496,12.63353963,1.934763096,12.7,13.47906137,8.801504247,69.66776138,-78.04216231,4.884987132,38.66681289,,
1303,45845,Genetic bank,ABC-13389,Desmodium,sequax,Desmodium sequax,Fabaceae,Fabales,Herbaceous,F25 0972,18,46,1,2,153,12.2,15.3,23.67393073,33.74088258,71.88371389,19.61761762,2.729076804,12.2,13.12491803,9.434678527,48.09288625,-108.8052387,5.236409812,26.69238393,,
1304,45845,Genetic bank,ABC-13389,Desmodium,sequax,Desmodium sequax,Fabaceae,Fabales,Herbaceous,F25 0972,18,46,1,3,154,12.7,15.1,22.78892397,33.2983792,70.98354124,33.53229589,4.723953651,12.7,13.45747508,9.552592376,28.48773734,-274.1642318,5.301854039,15.81118709,,
1305,45845,Genetic bank,ABC-13651,Desmodium,heterocarpon,Desmodium heterocarpon,Fabaceae,Fabales,Herbaceous,F25 0973,18,46,1,1,155,12.3,14.7,24.55893748,50.55601094,106.3195234,27.08883061,2.54786983,12.3,13.53413567,14.38942854,53.11941571,-219.6783378,7.986381793,29.48219474,,
1306,45845,Genetic bank,ABC-13651,Desmodium,heterocarpon,Desmodium heterocarpon,Fabaceae,Fabales,Herbaceous,F25 0973,18,46,1,2,156,13.5,14.4,21.90391721,47.90099067,100.7561427,28.12596672,2.79148903,13.5,13.98845266,14.09422533,50.11107873,-228.8343921,7.822538901,27.81251567,,
1307,45845,Genetic bank,ABC-13651,Desmodium,heterocarpon,Desmodium heterocarpon,Fabaceae,Fabales,Herbaceous,F25 0973,18,46,1,3,157,12.8,14.5,25.00144086,50.55601094,106.3833151,19.34346888,1.818280325,12.8,13.65929978,14.53121593,75.12207878,-153.189631,8.065076248,41.69405341,,
1308,45845,Genetic bank,ABC-13946,Desmodium,sequax,Desmodium sequax,Fabaceae,Fabales,Herbaceous,F25 0974,18,46,1,1,158,,,,,,,,,,,,,,,Eliminado DMD,
1309,45845,Genetic bank,ABC-13946,Desmodium,sequax,Desmodium sequax,Fabaceae,Fabales,Herbaceous,F25 0974,18,46,1,2,159,,,,,,,,,,,,,,,Eliminado DMD,
1310,45845,Genetic bank,ABC-13946,Desmodium,sequax,Desmodium sequax,Fabaceae,Fabales,Herbaceous,F25 0974,18,46,1,3,160,,,,,,,,,,,,,,,Eliminado DMD,
1313,45845,Genetic bank,ABC-15160,Centrosema,molle,Centrosema molle,Fabaceae,Fabales,Climber,F25 0975,18,46,1,1,163,13.2,14.8,28.98397126,58.07856837,122.8229676,28.45724142,2.316931594,13.2,14.00152381,17.19708706,60.43132151,-519.5196968,9.544680845,33.54042896,,
1314,45845,Genetic bank,ABC-15160,Centrosema,molle,Centrosema molle,Fabaceae,Fabales,Climber,F25 0975,18,46,1,2,164,13.6,15.5,28.54146788,56.75105823,120.0395838,26.89884301,2.240831078,13.6,14.54444444,17.45909058,64.90647415,-454.2239229,9.690097334,36.0242161,,
1315,45845,Genetic bank,ABC-15160,Centrosema,molle,Centrosema molle,Fabaceae,Fabales,Climber,F25 0975,18,46,1,3,165,13.1,14.8,27.65646113,54.53854134,115.3366153,45.56575212,3.950675333,13.1,13.93793103,16.0755379,35.27986954,633.2443119,8.922201659,19.58093797,,
1316,45845,Genetic bank,ABC-17000,Chamaecrista,rotundifolia,Chamaecrista rotundifolia,Fabaceae,Fabales,Herbaceous,F25 0976,18,46,1,1,166,5,13.9,38.2765422,71.79617309,151.8290734,47.87205921,3.153023208,5,9.155161787,13.90019731,29.03613828,-962.310099,7.714849995,16.1155591,,
1317,45845,Genetic bank,ABC-17000,Chamaecrista,rotundifolia,Chamaecrista rotundifolia,Fabaceae,Fabales,Herbaceous,F25 0976,18,46,1,2,167,5.1,14,38.71904558,72.23867647,152.734299,40.01728335,2.620058731,5.1,9.229709035,14.09693139,35.22710741,-290.7981602,7.824040813,19.55165408,,
1318,45845,Genetic bank,ABC-17000,Chamaecrista,rotundifolia,Chamaecrista rotundifolia,Fabaceae,Fabales,Herbaceous,F25 0976,18,46,1,3,168,4.5,13.7,38.2765422,72.23867647,152.734299,37.67040935,2.466401431,4.5,8.825267994,13.4792112,35.78196105,-229.8411997,7.481195421,19.85960745,,
1319,45845,Genetic bank,ABC-17009,Canavalia,brasiliensis,Canavalia brasiliensis,Fabaceae,Fabales,Climber,F25 0977,18,46,1,1,169,13.1,18.6,43.58658274,88.16879808,185.9749835,45.60099573,2.451996224,13.1,15.88105395,29.53478746,64.76785647,-384.4222973,16.39231802,35.94728089,,
1320,45845,Genetic bank,ABC-17009,Canavalia,brasiliensis,Canavalia brasiliensis,Fabaceae,Fabales,Climber,F25 0977,18,46,1,2,170,13.4,19.4,43.58658274,85.95628119,181.3806313,49.82063727,2.746745168,13.4,16.35752896,29.66938929,59.55240824,-544.0951735,16.46702437,33.05261689,,
1321,45845,Genetic bank,ABC-17009,Canavalia,brasiliensis,Canavalia brasiliensis,Fabaceae,Fabales,Climber,F25 0977,18,46,1,3,171,13.5,19.2,41.37406585,84.62877105,178.4723027,42.11112075,2.35953255,13.5,16.41333333,29.29325395,69.56180083,-307.4739114,16.25826274,38.60800295,,
1322,45845,Genetic bank,ABC-18700,Cajanus,cajan,Cajanus cajan,Fabaceae,Fabales,Shrub,F25 0978,18,46,1,1,172,,,,,,,,,,,,,,,Elimino 16.00%,
1323,45845,Genetic bank,ABC-18700,Cajanus,cajan,Cajanus cajan,Fabaceae,Fabales,Shrub,F25 0978,18,46,1,2,173,12.9,17,27.65646113,54.98104472,117.1055266,44.25985091,3.779484385,12.9,14.93762575,17.4927853,39.52291962,-2743.45201,9.708798483,21.93590418,,
1324,45845,Genetic bank,ABC-18700,Cajanus,cajan,Cajanus cajan,Fabaceae,Fabales,Shrub,F25 0978,18,46,1,3,174,,,,,,,,,,,,,,,Elimino 14.42%DMD,
1325,45845,Genetic bank,ABC-18873,Alysicarpus,ferrugineus,Alysicarpus ferrugineus,Fabaceae,Fabales,Herbaceous,F25 0979,18,46,1,1,175,15.3,17,30.3114814,58.96357512,124.0580912,48.83124418,3.936159561,15.3,16.1260788,20.00570554,40.96906781,8054.895198,11.1035127,22.73854144,,
1326,45845,Genetic bank,ABC-18873,Alysicarpus,ferrugineus,Alysicarpus ferrugineus,Fabaceae,Fabales,Herbaceous,F25 0979,18,46,1,2,176,,,,,,,,,,,,,,,Elimino 20.16%DMD,
1327,45845,Genetic bank,ABC-18873,Alysicarpus,ferrugineus,Alysicarpus ferrugineus,Fabaceae,Fabales,Herbaceous,F25 0979,18,46,1,3,177,15.3,16.7,30.3114814,58.96357512,124.0828978,25.73575371,2.074077424,15.3,15.98030019,19.82881956,77.04775146,-216.9963624,11.00533791,42.76283507,,
1328,45845,Genetic bank,ABC-19867,Uraria,lagopodioides,Uraria lagopodioides,Fabaceae,Fabales,Herbaceous,F25 0980,18,46,1,1,178,,,,,,,,,,,,,,,Elimino DMD,
1329,45845,Genetic bank,ABC-19867,Uraria,lagopodioides,Uraria lagopodioides,Fabaceae,Fabales,Herbaceous,F25 0980,18,46,1,2,179,,,,,,,,,,,,,,,Elimino DMD,
1330,45845,Genetic bank,ABC-19867,Uraria,lagopodioides,Uraria lagopodioides,Fabaceae,Fabales,Herbaceous,F25 0980,18,46,1,3,180,,,,,,,,,,,,,,,Elimino DMD,
1331,45845,Genetic bank,ABC-20207,Aeschynomene,sensitiva,Aeschynomene sensitiva,Fabaceae,Fabales,Herbaceous,F25 0981,18,46,1,1,181,,,,,,,,,,,,,,,Elimino 24.87%DMD,
1332,45845,Genetic bank,ABC-20207,Aeschynomene,sensitiva,Aeschynomene sensitiva,Fabaceae,Fabales,Herbaceous,F25 0981,18,46,1,2,182,11.6,13.3,33.40900504,63.38860891,139.6310305,51.53888491,3.691076741,11.6,12.40401396,17.31985252,33.60540794,937.0337949,9.6128178,18.65158281,,
1333,45845,Genetic bank,ABC-20207,Aeschynomene,sensitiva,Aeschynomene sensitiva,Fabaceae,Fabales,Herbaceous,F25 0981,18,46,1,3,183,11.9,13.2,32.08149491,62.50360215,137.6540428,27.63118137,2.007291671,11.9,12.53274336,17.25182792,62.43608512,-212.8468691,9.575062969,34.65310745,,
1334,45845,Genetic bank,ABC-20709,Calopogonium,mucunoides,Calopogonium mucunoides,Fabaceae,Fabales,Climber,F25 0982,18,46,1,1,184,15.2,16.7,28.98397126,64.71611904,137.78915,28.41858732,2.062469165,15.2,16.02820513,22.08512761,77.71367155,-222.5542069,12.25762792,43.13243224,,
1335,45845,Genetic bank,ABC-20709,Calopogonium,mucunoides,Calopogonium mucunoides,Fabaceae,Fabales,Climber,F25 0982,18,46,1,2,185,14.4,16.5,28.09896451,65.15862242,138.7312981,28.09921754,2.025441839,14.4,15.59439728,21.63430978,76.99257014,-214.9939822,12.00741622,42.73220848,,
1336,45845,Genetic bank,ABC-20709,Calopogonium,mucunoides,Calopogonium mucunoides,Fabaceae,Fabales,Climber,F25 0982,18,46,1,3,186,,,,,,,,,,,,,,,Elimino 16.79% DMD,
1337,45845,Genetic bank,ABC-18437,Flemingia,macrophylla,Flemingia macrophylla,Fabaceae,Fabales,Shrub,F25 0983,18,46,1,1,187,12.7,14.5,20.1339037,33.74088258,70.50776967,23.97730988,3.400662082,12.7,13.42590164,9.466303803,39.480258,-269.2722383,5.253962388,21.91222624,,
1338,45845,Genetic bank,ABC-18437,Flemingia,macrophylla,Flemingia macrophylla,Fabaceae,Fabales,Shrub,F25 0983,18,46,1,2,188,,,,,,,,,,,,,,,Elimino DMD,
1339,45845,Genetic bank,ABC-18437,Flemingia,macrophylla,Flemingia macrophylla,Fabaceae,Fabales,Shrub,F25 0983,18,46,1,3,189,11.8,14.1,22.34642059,35.06839271,73.29649929,24.08751447,3.286311721,11.8,12.63438486,9.260561807,38.44548518,-266.0453113,5.13977202,21.33790942,,
1340,45845,Genetic bank,ABC-25522,Centrosema,macrocarpum,Centrosema macrocarpum,Fabaceae,Fabales,Climber,F25 0984,18,46,1,1,190,13.9,16.9,43.58658274,74.00868998,155.3091443,57.98751377,3.733683167,13.9,15.13318386,23.50321835,40.53151588,656.7555056,13.04469281,22.49569255,,
1341,45845,Genetic bank,ABC-25522,Centrosema,macrocarpum,Centrosema macrocarpum,Fabaceae,Fabales,Climber,F25 0984,18,46,1,2,191,13.8,17.4,43.58658274,73.5661866,154.2879668,57.3206079,3.715170347,13.8,15.26706767,23.55524829,41.09385639,713.7101605,13.07357033,22.80780126,,
1342,45845,Genetic bank,ABC-25522,Centrosema,macrocarpum,Centrosema macrocarpum,Fabaceae,Fabales,Climber,F25 0984,18,46,1,3,192,13.7,17.3,42.70157598,72.23867647,151.5341116,58.78045613,3.879024696,13.7,15.1719755,22.99071829,39.11286132,588.6520539,12.76024641,21.70831473,,
1343,45845,Genetic bank,ABC-25704,Centrosema,molle,Centrosema molle x acutifolium,Fabaceae,Fabales,Climber,F25 0985,18,46,1,1,193,13.1,14.8,28.98397126,62.50360215,130.5626448,51.16194057,3.918574155,13.1,14.01168142,18.29402184,35.75709138,523.9347423,10.15349863,19.84580435,,
1344,45845,Genetic bank,ABC-25704,Centrosema,molle,Centrosema molle x acutifolium,Fabaceae,Fabales,Climber,F25 0985,18,46,1,2,194,12.8,14.5,30.75398477,64.71611904,135.1843314,48.94772573,3.620813539,12.8,13.69213675,18.50962352,37.81508383,684.8035935,10.27316129,20.98802577,,
1345,45845,Genetic bank,ABC-25704,Centrosema,molle,Centrosema molle x acutifolium,Fabaceae,Fabales,Climber,F25 0985,18,46,1,3,195,12.7,14.6,30.75398477,66.48613255,138.7984016,39.06209932,2.814304695,12.7,13.72113145,19.04471113,48.75496058,-2328.003904,10.57014417,27.05984663,,
1346,45845,Genetic bank,ABC-33729,Desmodium,cinereum,Desmodium cinereum,Fabaceae,Fabales,Shrub,F25 0986,18,46,1,1,196,14.2,15.5,30.3114814,55.4235481,117.6874935,27.65506649,2.349873014,14.2,14.78902196,17.40482925,62.93540915,-101.7624993,9.659981354,34.93024093,,
1347,45845,Genetic bank,ABC-33729,Desmodium,cinereum,Desmodium cinereum,Fabaceae,Fabales,Shrub,F25 0986,18,46,1,2,197,14.6,15.9,31.19648815,55.86605148,118.6271142,36.53096382,3.079478421,14.6,15.17405941,18.00054877,49.27477102,-145.1680793,9.990615998,27.34835042,,
1348,45845,Genetic bank,ABC-33729,Desmodium,cinereum,Desmodium cinereum,Fabaceae,Fabales,Shrub,F25 0986,18,46,1,3,198,14.2,15.9,31.63899153,56.75105823,120.4822688,39.28231484,3.260422902,14.2,14.95224172,18.01480005,45.85982298,-164.6752178,9.998525702,25.45299518,,
1349,45845,Genetic bank,ABC-33827,Desmodium,incanum,Desmodium incanum,Fabaceae,Fabales,Herbaceous,F25 0987,18,46,1,1,199,13,17.1,23.67393073,44.36096365,94.46788743,24.35918687,2.57856797,13,14.91197007,14.0870231,57.83043242,-122.3779752,7.818541543,32.09689052,,
1350,45845,Genetic bank,ABC-33827,Desmodium,incanum,Desmodium incanum,Fabaceae,Fabales,Herbaceous,F25 0987,18,46,1,2,200,12.2,17.5,25.00144086,45.24597041,96.39107457,21.66595654,2.247713975,12.2,14.57139364,14.04552291,64.8276151,-110.7321167,7.795508219,35.98044796,,
1351,45845,Genetic bank,ABC-33827,Desmodium,incanum,Desmodium incanum,Fabaceae,Fabales,Herbaceous,F25 0987,18,46,1,3,201,12,17.7,25.00144086,45.24597041,96.27554392,15.97215851,1.659004754,12,14.55036675,14.00844473,87.70539514,-92.54726563,7.774929185,48.6780117,,
1352,45845,Genetic bank,ABC-8512,Calopogonium,caeruleum,Calopogonium caeruleum,Fabaceae,Fabales,Climber,F25 0988,18,46,1,1,202,,,,,,,,,,,,,,,Elimino 18.52% DMD,
1353,45845,Genetic bank,ABC-8512,Calopogonium,caeruleum,Calopogonium caeruleum,Fabaceae,Fabales,Climber,F25 0988,18,46,1,2,203,,,,,,,,,,,,,,,Elimino 11.23%DMD,
1354,45845,Genetic bank,ABC-8512,Calopogonium,caeruleum,Calopogonium caeruleum,Fabaceae,Fabales,Climber,F25 0988,18,46,1,3,204,13.9,13.8,26.32895099,58.07856837,124.8626412,53.04636183,4.248377361,13.9,13.84533333,17.28764889,32.58969757,1168.060512,9.594944228,18.08784598,,
1355,45845,Genetic bank,ABC-11833,Stylosanthes,guianensis,Stylosanthes guianensis,Fabaceae,Fabales,Herbaceous,F25 0989,18,46,1,1,205,11.5,13.7,32.08149491,62.94610553,132.4804897,26.52613128,2.002267002,11.5,12.57873462,16.66436922,62.82246379,-606.9429308,9.249013228,34.86755429,,
1356,45845,Genetic bank,ABC-11833,Stylosanthes,guianensis,Stylosanthes guianensis,Fabaceae,Fabales,Herbaceous,F25 0989,18,46,1,2,206,11.1,13.7,32.96650166,64.27361566,135.3014984,24.09059331,1.780511938,11.1,12.36643718,16.73197479,69.45439068,-473.3224925,9.286535491,38.54838846,,
1357,45845,Genetic bank,ABC-11833,Stylosanthes,guianensis,Stylosanthes guianensis,Fabaceae,Fabales,Herbaceous,F25 0989,18,46,1,3,207,11.2,13.2,31.63899153,66.04362917,139.0553292,23.94908404,1.722270133,11.2,12.24187605,17.02298104,71.07988353,-475.2959648,9.448048994,39.45056512,,
1358,45845,LMF-invivo,Muestra # 02,Cynodon,nlemfuensis,Cynodon nlemfuensis,Poaceae,Poales,Grasses,F25 2131,18,46,1,1,208,,,,,,,,,,,,,,,,
1359,45845,LMF-invivo,Muestra # 02,Cynodon,nlemfuensis,Cynodon nlemfuensis,Poaceae,Poales,Grasses,F25 2131,18,46,1,2,209,,,,,,,,,,,,,,,,
1360,45845,LMF-invivo,Muestra # 02,Cynodon,nlemfuensis,Cynodon nlemfuensis,Poaceae,Poales,Grasses,F25 2131,18,46,1,3,218,,,,,,,,,,,,,,,,
1361,45845,LMF,Hohenheimer Heustandard,Hohenheimer,Heustandard,Hohenheimer Heustandard,Forage,Forage,Forage,F25 0017,18,46,1,1,210,13.2,15.7,20.1339037,43.91846027,191.9603361,49.42944095,2.574981997,13.2,14.55390428,27.93772357,56.5204118,#DIV/0!,15.50591994,31.36980641,,
1362,45845,LMF,Hohenheimer Heustandard,Hohenheimer,Heustandard,Hohenheimer Heustandard,Forage,Forage,Forage,F25 0017,18,46,1,2,211,,,,,,,,,,,,,,,Eliminado DMD,
1363,45845,LMF,Hohenheimer Heustandard,Hohenheimer,Heustandard,Hohenheimer Heustandard,Forage,Forage,Forage,F25 0017,18,46,1,3,212,12.8,15.8,20.57640708,43.91846027,192.3442568,47.44508193,2.466675259,12.8,14.39445844,27.6869141,58.35570931,#DIV/0!,15.36671634,32.38842828,,
1364,45845,LMF,Homenheim Concentrate,Homenheim,Concentrate,Homenheim Concentrate,Concentrate,Concentrate,Concentrate,F25 0018,18,46,1,1,213,,,,,,,,,,,,,,,Eliminado DMD,
1365,45845,LMF,Homenheim Concentrate,Homenheim,Concentrate,Homenheim Concentrate,Concentrate,Concentrate,Concentrate,F25 0018,18,46,1,2,214,13.3,16.3,28.54146788,57.19356161,254.5542762,20.95467011,0.823190654,13.3,14.80290135,37.6814184,179.8234866,#DIV/0!,20.91383914,99.80514618,,
1366,45845,LMF,Homenheim Concentrate,Homenheim,Concentrate,Homenheim Concentrate,Concentrate,Concentrate,Concentrate,F25 0018,18,46,1,3,215,,,,,,,,,,,,,,,Eliminado DMD,
1367,45845,0,Sample 8,Cynodon,nlemfuensis,Cynodon nlemfuensis ,Poaceae,Poales,Grasses,F25 0008,18,46,1,1,216,13.7,15.7,17.03638005,55.4235481,118.2609511,11.29929596,0.955454514,13.7,15.08522954,17.83993593,157.8853762,-502.6095896,9.901473091,87.62911537,,
1368,45845,0,Sample 8,Cynodon,nlemfuensis,Cynodon nlemfuensis ,Poaceae,Poales,Grasses,F25 0008,18,46,1,2,217,13.3,15.6,17.92138681,57.19356161,122.0133453,11.21036552,0.918781917,13.3,14.87930368,18.15473617,161.9459787,-508.009695,10.07619267,89.88282004,,
1369,45845,0,Sample 8,Cynodon,nlemfuensis,Cynodon nlemfuensis ,Poaceae,Poales,Grasses,F25 0008,18,46,1,3,219,,,,,,,,,,,,,,,Eliminado DMD,
1374,45847,Genetic bank,ABC-350,Desmodium,heterocarpon,Desmodium heterocarpon,Fabaceae,Fabales,Herbaceous,F25 0959,18,47,2,1,3,,,,,,,,,,,,,,,Eliminado DMD,
1375,45847,Genetic bank,ABC-350,Desmodium,heterocarpon,Desmodium heterocarpon,Fabaceae,Fabales,Herbaceous,F25 0959,18,47,2,2,4,12.3,15.5,25.29644311,47.6428637,101.0078204,38.22017279,3.783882537,12.3,13.80092879,13.94001737,36.47293132,-323.9067819,7.736950819,20.2431079,,
1376,45847,Genetic bank,ABC-350,Desmodium,heterocarpon,Desmodium heterocarpon,Fabaceae,Fabales,Herbaceous,F25 0959,18,47,2,3,5,13,15.5,25.73894649,48.08536708,101.9052115,36.67662526,3.599092208,13,14.16180982,14.43162224,39.34828283,-292.1993519,8.009800027,21.83897774,,
1377,45847,Genetic bank,ABC-3187,Desmodium,cajanifolium,Desmodium cajanifolium,Fabaceae,Fabales,Shrub,F25 0960,18,47,2,1,6,12.3,16.6,45.6515985,81.71562381,173.5807797,67.11729846,3.866631927,12.3,14.19774368,24.64455418,36.71863252,1365.887981,13.67815394,20.37947632,,
1378,45847,Genetic bank,ABC-3187,Desmodium,cajanifolium,Desmodium cajanifolium,Fabaceae,Fabales,Shrub,F25 0960,18,47,2,2,7,13.3,16.9,43.43908161,79.50310692,168.9146815,66.6220636,3.944125106,13.3,14.93302412,25.22407013,37.86143623,1668.429984,13.99979532,21.01375215,,
1379,45847,Genetic bank,ABC-3187,Desmodium,cajanifolium,Desmodium cajanifolium,Fabaceae,Fabales,Shrub,F25 0960,18,47,2,3,8,12.6,16.9,44.76659175,80.83061706,171.7351493,67.04698959,3.904092428,12.6,14.5185219,24.93340525,37.1879564,1414.196715,13.83847129,20.63995919,,
1380,45847,Genetic bank,ABC-4028,Galactia,glaucescens,Galactia glaucescens,Fabaceae,Fabales,Herbaceous,F25 0961,18,47,2,1,9,12.1,15.8,19.98640258,40.56280965,85.74784398,23.11555555,2.69575939,12.1,13.97690909,11.9848982,51.84776187,-323.5166938,6.651825852,28.77640486,,
1381,45847,Genetic bank,ABC-4028,Galactia,glaucescens,Galactia glaucescens,Fabaceae,Fabales,Herbaceous,F25 0961,18,47,2,2,10,11.1,15.4,20.87140933,40.56280965,85.83359182,18.00243348,2.097364574,11.1,13.18745455,11.31926591,62.87631014,-211.0953981,6.282388413,34.89743996,,
1382,45847,Genetic bank,ABC-4028,Galactia,glaucescens,Galactia glaucescens,Fabaceae,Fabales,Herbaceous,F25 0961,18,47,2,3,11,11.8,15.7,18.65889244,38.79279614,82.02250799,22.4024473,2.731256072,11.8,13.82414449,11.33891002,50.61460414,-288.0977526,6.293291234,28.09198098,,
1383,45847,Genetic bank,ABC-5277,Centrosema,acutifolium,Centrosema acutifolium,Fabaceae,Fabales,Climber,F25 0962,18,47,2,1,12,13.4,17,42.99657823,80.38811368,175.6705805,57.5968164,3.278683103,13.4,15.07449541,26.4814536,45.97728704,385.0055204,14.6976649,25.51818976,,
1384,45847,Genetic bank,ABC-5277,Centrosema,acutifolium,Centrosema acutifolium,Fabaceae,Fabales,Climber,F25 0962,18,47,2,2,13,13.7,17.2,42.55407486,77.73309341,170.0044841,38.61011239,2.271123176,13.7,15.28396584,25.98342728,67.29694807,15000.18572,14.42125168,37.35097048,,
1385,45847,Genetic bank,ABC-5277,Centrosema,acutifolium,Centrosema acutifolium,Fabaceae,Fabales,Climber,F25 0962,18,47,2,3,14,13.5,17.2,42.99657823,77.73309341,170.038485,53.8882205,3.169177878,13.5,15.15341556,25.76663824,47.8149733,462.2576476,14.30093001,26.53813743,,
1386,45847,Genetic bank,ABC-7227,Galactia,texana,Galactia texana,Fabaceae,Fabales,Climber,F25 0963,18,47,2,1,15,11.1,13.9,31.4914904,58.26294478,125.1609608,42.90061462,3.427635451,11.1,12.38658228,15.50316539,36.13739692,-196.6453385,8.60452501,20.0568805,,
1387,45847,Genetic bank,ABC-7227,Galactia,texana,Galactia texana,Fabaceae,Fabales,Climber,F25 0963,18,47,2,2,16,10.4,13,33.70400729,51.62539411,110.8578006,28.21408266,2.545069675,10.4,11.30257143,12.5297821,44.40967389,-81.19952615,6.954245842,24.64813734,,
1388,45847,Genetic bank,ABC-7227,Galactia,texana,Galactia texana,Fabaceae,Fabales,Climber,F25 0963,18,47,2,3,17,10.8,12.9,33.26150392,62.24547518,133.7162669,58.23882424,4.355403091,10.8,11.7778436,15.74889279,27.04191404,347025.0828,8.740907971,15.00873015,,
1389,45847,Genetic bank,ABC-8013,Crotalaria,paulina,Crotalaria paulina,Fabaceae,Fabales,Herbaceous,F25 0964,18,47,2,1,18,13.2,15.7,41.22656472,83.04313395,177.1516054,46.96745294,2.65125754,13.2,14.45888099,25.6141398,54.53593541,914.2977747,14.21629074,30.26838768,,
1390,45847,Genetic bank,ABC-8013,Crotalaria,paulina,Crotalaria paulina,Fabaceae,Fabales,Herbaceous,F25 0964,18,47,2,2,19,,,,,,,,,,,,,,,Eliminado 36.85%DMD,
1391,45847,Genetic bank,ABC-8013,Crotalaria,paulina,Crotalaria paulina,Fabaceae,Fabales,Herbaceous,F25 0964,18,47,2,3,20,13.1,16.2,47.42161201,87.46816773,186.5539968,68.391584,3.666047641,13.1,14.5193086,27.0863505,39.60480065,263.3422013,15.03339315,21.98134956,,
1392,45847,Genetic bank,ABC-8156,Chamaecrista,rotundifolia,Chamaecrista rotundifolia,Fabaceae,Fabales,Herbaceous,F25 0965,18,47,2,1,21,14.7,20.1,43.43908161,62.68797856,133.2227788,55.30761874,4.151513671,14.7,16.35811765,21.79273889,39.40277918,428.9102857,12.09534712,21.86922416,,
1393,45847,Genetic bank,ABC-8156,Chamaecrista,rotundifolia,Chamaecrista rotundifolia,Fabaceae,Fabales,Herbaceous,F25 0965,18,47,2,2,22,14.8,20.5,42.99657823,60.91796504,129.3835643,50.34325701,3.891008668,14.8,16.47687651,21.31837012,42.34602881,649.403722,11.83206425,23.50277862,,
1394,45847,Genetic bank,ABC-8156,Chamaecrista,rotundifolia,Chamaecrista rotundifolia,Fabaceae,Fabales,Herbaceous,F25 0965,18,47,2,3,23,,,,,,,,,,,,,,,Eliminado 33.33%DMD,
1395,45847,Genetic bank,ABC-9323,Crotalaria,vitellina,Crotalaria vitellina,Fabaceae,Fabales,Herbaceous,F25 0966,18,47,2,1,24,14.8,17.5,55.8291762,93.66321502,202.7342316,62.98701299,3.106876055,14.8,15.89062992,32.21574647,51.14664904,802.1674131,17.88029666,28.38727511,,
1396,45847,Genetic bank,ABC-9323,Crotalaria,vitellina,Crotalaria vitellina,Fabaceae,Fabales,Herbaceous,F25 0966,18,47,2,2,25,15.2,17.3,57.15668633,95.87573191,207.4817329,62.08550498,2.992335957,15.2,16.04807692,33.2968281,53.63059882,928.5252058,18.48031566,29.76591021,,
1397,45847,Genetic bank,ABC-9323,Crotalaria,vitellina,Crotalaria vitellina,Fabaceae,Fabales,Herbaceous,F25 0966,18,47,2,3,26,14.7,17.2,57.15668633,97.20324204,210.3125028,61.42235746,2.920528102,14.7,15.72996965,33.08209286,53.86001812,1011.824261,18.36113389,29.89324189,,
1398,45847,Genetic bank,ABC-9537,Crotalaria,sagittalis,Crotalaria sagittalis,Fabaceae,Fabales,Herbaceous,F25 0967,18,47,2,1,27,14.1,16,37.6865377,81.27312043,177.0333933,65.82321528,3.71812425,14.1,15.11896552,26.76561769,40.66288402,380.4653355,14.85538089,22.56860414,,
1399,45847,Genetic bank,ABC-9537,Crotalaria,sagittalis,Crotalaria sagittalis,Fabaceae,Fabales,Herbaceous,F25 0967,18,47,2,2,28,13.5,15.8,39.89905459,83.9281407,182.7436301,55.69027454,3.047453665,13.5,14.70659051,26.87535736,48.25861892,1009.797894,14.91628831,26.78436842,,
1400,45847,Genetic bank,ABC-9537,Crotalaria,sagittalis,Crotalaria sagittalis,Fabaceae,Fabales,Herbaceous,F25 0967,18,47,2,3,29,14.1,15.7,36.35902756,81.27312043,177.1042067,65.54804968,3.701100664,14.1,14.98421053,26.53766718,40.4858227,383.5477744,14.72886441,22.47033204,,
1401,45847,Genetic bank,ABC-9690,Aeschynomene,histrix,Aeschynomene histrix,Fabaceae,Fabales,Herbaceous,F25 0968,18,47,2,1,30,14,17.2,46.53660526,83.04313395,177.0665998,61.23615968,3.458368758,14,15.40674956,27.28020758,44.54918094,569.7268339,15.14098718,24.72556617,,
1402,45847,Genetic bank,ABC-9690,Aeschynomene,histrix,Aeschynomene histrix,Fabaceae,Fabales,Herbaceous,F25 0968,18,47,2,2,31,14.5,17.2,47.42161201,84.37064408,179.7892973,57.99905181,3.225945742,14.5,15.68243007,28.19533083,48.61343409,827.9281003,15.64889642,26.98129698,,
1403,45847,Genetic bank,ABC-9690,Aeschynomene,histrix,Aeschynomene histrix,Fabaceae,Fabales,Herbaceous,F25 0968,18,47,2,3,32,,,,,,,,,,,,,,,Eliminado 41.63%DMD,
1404,45847,Genetic bank,ABC-9900,Pueraria,phaseoloides,Pueraria phaseoloides,Fabaceae,Fabales,Climber,F25 0969,18,47,2,1,33,14.4,16,25.73894649,60.47546167,130.2639111,50.02728952,3.840456585,14.4,15.31902439,19.95516031,39.88854984,937.1067003,11.07545922,22.13883527,,
1405,45847,Genetic bank,ABC-9900,Pueraria,phaseoloides,Pueraria phaseoloides,Fabaceae,Fabales,Climber,F25 0969,18,47,2,2,34,13.6,15.8,28.39396676,62.68797856,135.1106817,32.51791584,2.406761288,13.6,14.80352941,20.00114951,61.50809175,-427.8877923,11.10098402,34.13805508,,
1406,45847,Genetic bank,ABC-9900,Pueraria,phaseoloides,Pueraria phaseoloides,Fabaceae,Fabales,Climber,F25 0969,18,47,2,3,35,,,,,,,,,,,,,,,Eliminado 14.70%DMD,
1407,45847,Genetic bank,ABC-11998,Stylosanthes,guianensis,Stylosanthes guianensis,Fabaceae,Fabales,Herbaceous,F25 0970,18,47,2,1,36,11.7,13.8,31.4914904,62.24547518,131.537629,33.3494233,2.535352322,11.7,12.73755924,16.75468342,50.23979955,-1598.0033,9.299139169,27.88395795,,
1408,45847,Genetic bank,ABC-11998,Stylosanthes,guianensis,Stylosanthes guianensis,Fabaceae,Fabales,Herbaceous,F25 0970,18,47,2,2,37,11.6,13.5,31.93399378,62.24547518,131.5113372,41.26456318,3.137719078,11.6,12.52523697,16.47210663,39.91828667,1039.068964,9.142304161,22.15533973,,
1409,45847,Genetic bank,ABC-11998,Stylosanthes,guianensis,Stylosanthes guianensis,Fabaceae,Fabales,Herbaceous,F25 0970,18,47,2,3,38,,,,,,,,,,,,,,,Eliminado 17.70%DMD,
1410,45847,Genetic bank,ABC-13149,Desmodium,strigillosum,Desmodium strigillosum,Fabaceae,Fabales,Herbaceous,F25 0971,18,47,2,1,39,,,,,,,,,,,,,,,Eliminado DMD,
1411,45847,Genetic bank,ABC-13149,Desmodium,strigillosum,Desmodium strigillosum,Fabaceae,Fabales,Herbaceous,F25 0971,18,47,2,2,40,,,,,,,,,,,,,,,Eliminado DMD,
1412,45847,Genetic bank,ABC-13149,Desmodium,strigillosum,Desmodium strigillosum,Fabaceae,Fabales,Herbaceous,F25 0971,18,47,2,3,41,,,,,,,,,,,,,,,Eliminado DMD,
1413,45847,Genetic bank,ABC-13389,Desmodium,sequax,Desmodium sequax,Fabaceae,Fabales,Herbaceous,F25 0972,18,47,2,1,42,13,16.1,24.41143636,35.25276912,75.13476865,24.21042545,3.222266586,13,13.95334728,10.4838152,43.30289536,-150.6031747,5.818698816,24.03385611,,
1414,45847,Genetic bank,ABC-13389,Desmodium,sequax,Desmodium sequax,Fabaceae,Fabales,Herbaceous,F25 0972,18,47,2,2,43,,,,,,,,,,,,,,,Eliminado DMD,
1415,45847,Genetic bank,ABC-13389,Desmodium,sequax,Desmodium sequax,Fabaceae,Fabales,Herbaceous,F25 0972,18,47,2,3,44,12.9,16.2,25.29644311,35.25276912,75.1497956,20.84843317,2.77425015,12.9,13.83200837,10.39472602,49.8585478,-126.5011542,5.769252779,27.67235663,,
1416,45847,Genetic bank,ABC-13651,Desmodium,heterocarpon,Desmodium heterocarpon,Fabaceae,Fabales,Herbaceous,F25 0973,18,47,2,1,45,,,,,,,,,,,,,,,Elimino DMD,
1417,45847,Genetic bank,ABC-13651,Desmodium,heterocarpon,Desmodium heterocarpon,Fabaceae,Fabales,Herbaceous,F25 0973,18,47,2,2,46,13.7,15.5,26.62395325,48.97037384,102.9232044,33.2906357,3.234512167,13.7,14.52138554,14.94587533,44.89513346,-355.7071396,8.295219385,24.9175758,,
1418,45847,Genetic bank,ABC-13651,Desmodium,heterocarpon,Desmodium heterocarpon,Fabaceae,Fabales,Herbaceous,F25 0973,18,47,2,3,47,13.3,15.4,27.50896,50.29788397,105.7766812,15.24891473,1.441614026,13.3,14.25146628,15.07472805,98.85771102,-136.6834043,8.366734878,54.86773995,,
1419,45847,Genetic bank,ABC-13946,Desmodium,sequax,Desmodium sequax,Fabaceae,Fabales,Herbaceous,F25 0974,18,47,2,1,48,,,,,,,,,,,,,,,Eliminado DMD,
1420,45847,Genetic bank,ABC-13946,Desmodium,sequax,Desmodium sequax,Fabaceae,Fabales,Herbaceous,F25 0974,18,47,2,2,49,,,,,,,,,,,,,,,Eliminado DMD,
1421,45847,Genetic bank,ABC-13946,Desmodium,sequax,Desmodium sequax,Fabaceae,Fabales,Herbaceous,F25 0974,18,47,2,3,50,,,,,,,,,,,,,,,Eliminado DMD,
1424,45847,Genetic bank,ABC-15160,Centrosema,molle,Centrosema molle,Fabaceae,Fabales,Climber,F25 0975,18,47,2,1,53,13.8,15.3,31.4914904,58.26294478,123.262167,36.42566245,2.955137277,13.8,14.48924051,17.85975183,49.03068503,-3046.152427,9.912471256,27.21287847,,
1425,45847,Genetic bank,ABC-15160,Centrosema,molle,Centrosema molle,Fabaceae,Fabales,Climber,F25 0975,18,47,2,2,54,14.1,15.4,31.04898703,58.26294478,123.2375195,16.74590453,1.358831678,14.1,14.70721519,18.12480718,108.2342679,-247.7643769,10.05958156,60.07189127,,
1426,45847,Genetic bank,ABC-15160,Centrosema,molle,Centrosema molle,Fabaceae,Fabales,Climber,F25 0975,18,47,2,3,55,,,,,,,,,,,,,,,,
1427,45847,Genetic bank,ABC-17000,Chamaecrista,rotundifolia,Chamaecrista rotundifolia,Fabaceae,Fabales,Herbaceous,F25 0976,18,47,2,1,56,6.6,15.3,39.01404783,69.32552923,146.5164343,48.55848849,3.314200808,6.6,10.40393617,15.2434763,31.39199093,-1329.818613,8.460393074,17.42309808,,
1428,45847,Genetic bank,ABC-17000,Chamaecrista,rotundifolia,Chamaecrista rotundifolia,Fabaceae,Fabales,Herbaceous,F25 0976,18,47,2,2,57,5.8,15.3,39.01404783,70.65303936,149.381785,47.39619351,3.172822812,5.8,10.05417537,15.01910663,31.68842372,-910.0467828,8.335864024,17.58762341,,
1429,45847,Genetic bank,ABC-17000,Chamaecrista,rotundifolia,Chamaecrista rotundifolia,Fabaceae,Fabales,Herbaceous,F25 0976,18,47,2,3,58,,,,,,,,,,,,,,,Elimin012.44%DMD,
1430,45847,Genetic bank,ABC-17009,Canavalia,brasiliensis,Canavalia brasiliensis,Fabaceae,Fabales,Climber,F25 0977,18,47,2,1,59,13.7,18.7,45.20909512,84.81314746,178.8253876,58.08375456,3.248070945,13.7,16.03478261,28.67426215,49.36709475,-2656.633995,15.91471159,27.39959169,,
1431,45847,Genetic bank,ABC-17009,Canavalia,brasiliensis,Canavalia brasiliensis,Fabaceae,Fabales,Climber,F25 0977,18,47,2,2,60,14.2,19.5,45.6515985,83.9281407,177.030139,30.58273631,1.727544049,14.2,16.61713533,29.41733776,96.18935816,-188.2438014,16.32713141,53.38675796,,
1432,45847,Genetic bank,ABC-17009,Canavalia,brasiliensis,Canavalia brasiliensis,Fabaceae,Fabales,Climber,F25 0977,18,47,2,3,61,14.8,19.5,45.20909512,84.37064408,177.9990997,59.30334929,3.331665688,14.8,16.98155594,30.22701669,50.97016787,-6953.161326,16.77651722,28.28932501,,
1433,45847,Genetic bank,ABC-18700,Cajanus,cajan,Cajanus cajan,Fabaceae,Fabales,Shrub,F25 0978,18,47,2,1,62,13.9,17.7,29.72147689,52.51040086,111.7315078,29.29328393,2.62175679,13.9,15.5491573,17.37330791,59.30816071,-266.4094145,9.642486465,32.91705529,,
1434,45847,Genetic bank,ABC-18700,Cajanus,cajan,Cajanus cajan,Fabaceae,Fabales,Shrub,F25 0978,18,47,2,2,63,,,,,,,,,,,,,,,Elimino 12.38%DMD,
1435,45847,Genetic bank,ABC-18700,Cajanus,cajan,Cajanus cajan,Fabaceae,Fabales,Shrub,F25 0978,18,47,2,3,64,14.5,17.4,27.50896,50.29788397,107.0237196,34.31488639,3.206287964,14.5,15.81392962,16.92465569,49.32161364,-372.2180254,9.39347672,27.37434889,,
1436,45847,Genetic bank,ABC-18873,Alysicarpus,ferrugineus,Alysicarpus ferrugineus,Fabaceae,Fabales,Herbaceous,F25 0979,18,47,2,1,65,15.5,17.1,33.70400729,62.24547518,130.9369612,37.1036187,2.833700916,15.5,16.23364929,21.25584708,57.28780056,-470.676545,11.79736288,31.79572045,,
1437,45847,Genetic bank,ABC-18873,Alysicarpus,ferrugineus,Alysicarpus ferrugineus,Fabaceae,Fabales,Herbaceous,F25 0979,18,47,2,2,66,16,17.1,32.37649716,60.91796504,128.2213535,21.86908019,1.705572403,16,16.5153753,21.17623775,96.83186289,-197.6970102,11.75317832,53.74335919,,
1438,45847,Genetic bank,ABC-18873,Alysicarpus,ferrugineus,Alysicarpus ferrugineus,Fabaceae,Fabales,Herbaceous,F25 0979,18,47,2,3,67,15.8,17.1,32.81900054,52.06789748,109.5497341,29.74815967,2.715493554,15.8,16.2805949,17.83534842,59.95445975,-237.6250337,9.898926942,33.27576244,,
1439,45847,Genetic bank,ABC-19867,Uraria,lagopodioides,Uraria lagopodioides,Fabaceae,Fabales,Herbaceous,F25 0980,18,47,2,1,68,,,,,,,,,,,,,,,Elimino DMD,
1440,45847,Genetic bank,ABC-19867,Uraria,lagopodioides,Uraria lagopodioides,Fabaceae,Fabales,Herbaceous,F25 0980,18,47,2,2,69,,,,,,,,,,,,,,,Elimino DMD,
1441,45847,Genetic bank,ABC-19867,Uraria,lagopodioides,Uraria lagopodioides,Fabaceae,Fabales,Herbaceous,F25 0980,18,47,2,3,70,,,,,,,,,,,,,,,Elimino DMD,
1442,45847,Genetic bank,ABC-20207,Aeschynomene,sensitiva,Aeschynomene sensitiva,Fabaceae,Fabales,Herbaceous,F25 0981,18,47,2,1,71,12.5,14.6,35.03151743,60.91796504,134.1887507,42.39735638,3.159531344,12.5,13.39237288,17.97105786,42.38721323,-917.7333725,9.974248028,23.52563669,,
1443,45847,Genetic bank,ABC-20207,Aeschynomene,sensitiva,Aeschynomene sensitiva,Fabaceae,Fabales,Herbaceous,F25 0981,18,47,2,2,72,12.6,14.3,33.70400729,59.14795153,130.2637668,46.74747308,3.588678128,12.6,13.33129676,17.36584932,37.14820968,-11832.47218,9.63834682,20.61789907,,
1444,45847,Genetic bank,ABC-20207,Aeschynomene,sensitiva,Aeschynomene sensitiva,Fabaceae,Fabales,Herbaceous,F25 0981,18,47,2,3,73,12.8,14,33.70400729,60.03295829,132.3186209,48.99713467,3.702965943,12.8,13.32628993,17.63316304,35.98815147,2230.778826,9.786710561,19.9740467,,
1445,45847,Genetic bank,ABC-20709,Calopogonium,mucunoides,Calopogonium mucunoides,Fabaceae,Fabales,Climber,F25 0982,18,47,2,1,74,,,,,,,,,,,,,,,Elimino 14.10%DMD,
1446,45847,Genetic bank,ABC-20709,Calopogonium,mucunoides,Calopogonium mucunoides,Fabaceae,Fabales,Climber,F25 0982,18,47,2,2,75,15.6,17.1,31.4914904,64.45799207,137.1846898,42.25974911,3.080500395,15.6,16.36716247,22.45324107,53.13150584,-577.775136,12.46193726,29.48890497,,
1447,45847,Genetic bank,ABC-20709,Calopogonium,mucunoides,Calopogonium mucunoides,Fabaceae,Fabales,Climber,F25 0982,18,47,2,3,76,15.2,17.1,31.4914904,63.13048193,134.305675,43.36781599,3.229038236,15.2,16.15221963,21.6933476,50.02176638,-637.7040168,12.04018324,27.76294577,,
1448,45847,Genetic bank,ABC-18437,Flemingia,macrophylla,Flemingia macrophylla,Fabaceae,Fabales,Shrub,F25 0983,18,47,2,1,77,12.3,14.9,22.64142284,33.04025223,69.0436739,18.08440207,2.619269956,12.3,13.11830357,9.057358739,50.08381645,-167.4856875,5.026990802,27.79738463,,
1449,45847,Genetic bank,ABC-18437,Flemingia,macrophylla,Flemingia macrophylla,Fabaceae,Fabales,Shrub,F25 0983,18,47,2,2,78,11.8,14.6,22.64142284,32.59774885,68.13260291,26.97185451,3.9587295,11.8,12.65520362,8.62231963,31.96784125,-337.5452462,4.78553657,17.74270497,,
1450,45847,Genetic bank,ABC-18437,Flemingia,macrophylla,Flemingia macrophylla,Fabaceae,Fabales,Shrub,F25 0983,18,47,2,3,79,,,,,,,,,,,,,,,Elimino DMD,
1451,45847,Genetic bank,ABC-25522,Centrosema,macrocarpum,Centrosema macrocarpum,Fabaceae,Fabales,Climber,F25 0984,18,47,2,1,80,13.7,17.9,45.6515985,71.09554274,149.1958297,38.82797335,2.602483825,13.7,15.20311203,22.68240914,58.41770038,-520.3013132,12.5891295,32.4228344,,
1452,45847,Genetic bank,ABC-25522,Centrosema,macrocarpum,Centrosema macrocarpum,Fabaceae,Fabales,Climber,F25 0984,18,47,2,2,81,,,,,,,,,,,,,,,Elimino 30.33%DMD,
1453,45847,Genetic bank,ABC-25522,Centrosema,macrocarpum,Centrosema macrocarpum,Fabaceae,Fabales,Climber,F25 0984,18,47,2,3,82,,,,,,,,,,,,,,,Eliminó 30.96%DMD,
1454,45847,Genetic bank,ABC-25704,Centrosema molle,acutifolium,Centrosema molle x acutifolium,Fabaceae,Fabales,Climber,F25 0985,18,47,2,1,83,,,,,,,,,,,,,,,Elimino 15.98%DMD,
1455,45847,Genetic bank,ABC-25704,Centrosema molle,acutifolium,Centrosema molle x acutifolium,Fabaceae,Fabales,Climber,F25 0985,18,47,2,2,84,13.1,15.2,34.14651067,64.45799207,134.6451346,30.81623061,2.2886999,13.1,14.0875286,18.96817185,61.55253733,-505.0212432,10.52766355,34.16272314,,
1456,45847,Genetic bank,ABC-25704,Centrosema molle,acutifolium,Centrosema molle x acutifolium,Fabaceae,Fabales,Climber,F25 0985,18,47,2,3,85,13.7,15.4,32.81900054,62.68797856,130.9477854,26.19980156,2.000782333,13.7,14.51,19.00052366,72.52163196,-351.8363881,10.54561936,40.25076044,,
1457,45847,Genetic bank,ABC-33729,Desmodium,cinereum,Desmodium cinereum,Fabaceae,Fabales,Shrub,F25 0986,18,47,2,1,86,13.9,15.5,35.03151743,57.37793802,121.8618475,41.72169284,3.423687863,13.9,14.52313625,17.69816215,42.41956869,-183.3813308,9.82278619,23.54359452,,
1458,45847,Genetic bank,ABC-33729,Desmodium,cinereum,Desmodium cinereum,Fabaceae,Fabales,Shrub,F25 0986,18,47,2,2,87,14.7,16,34.58901405,56.49293126,119.9342662,53.48515798,4.459539351,14.7,15.204047,18.2348622,34.09331279,-534.0235126,10.12066401,18.92237845,,
1459,45847,Genetic bank,ABC-33729,Desmodium,cinereum,Desmodium cinereum,Fabaceae,Fabales,Shrub,F25 0986,18,47,2,3,88,,,,,,,,,,,,,,,Elimino 24.68%DMD,
1460,45847,Genetic bank,ABC-33827,Desmodium,incanum,Desmodium incanum,Fabaceae,Fabales,Herbaceous,F25 0987,18,47,2,1,89,,,,,,,,,,,,,,,Elimino DMD,
1461,45847,Genetic bank,ABC-33827,Desmodium,incanum,Desmodium incanum,Fabaceae,Fabales,Herbaceous,F25 0987,18,47,2,2,90,,,,,,,,,,,,,,,Elimino DMD,
1462,45847,Genetic bank,ABC-33827,Desmodium,incanum,Desmodium incanum,Fabaceae,Fabales,Herbaceous,F25 0987,18,47,2,3,91,,,,,,,,,,,,,,,Elimino DMD,
1463,45847,Genetic bank,ABC-8512,Calopogonium,caeruleum,Calopogonium caeruleum,Fabaceae,Fabales,Climber,F25 0988,18,47,2,1,92,,,,,,,,,,,,,,,Elimino 18.98%DMD,
1464,45847,Genetic bank,ABC-8512,Calopogonium,caeruleum,Calopogonium caeruleum,Fabaceae,Fabales,Climber,F25 0988,18,47,2,2,93,15.6,18.2,29.27897351,60.47546167,130.0936809,42.32682996,3.253565406,15.6,16.94121951,22.03945605,52.0697063,-712.7568436,12.23227941,28.89958786,,
1465,45847,Genetic bank,ABC-8512,Calopogonium,caeruleum,Calopogonium caeruleum,Fabaceae,Fabales,Climber,F25 0988,18,47,2,3,94,14.7,17.9,30.16398027,61.36046842,132.023885,36.69959181,2.779769115,14.7,16.32692308,21.55543815,58.73481718,-392.3538453,11.96364111,32.59883971,,
1466,45847,Genetic bank,ABC-11833,Stylosanthes,guianensis,Stylosanthes guianensis,Fabaceae,Fabales,Herbaceous,F25 0989,18,47,2,1,95,12.2,15.9,36.80153094,63.57298531,133.8266111,48.08857546,3.593349264,12.2,13.75812065,18.41202662,38.28773559,434.4954412,10.21899332,21.25035567,,
1467,45847,Genetic bank,ABC-11833,Stylosanthes,guianensis,Stylosanthes guianensis,Fabaceae,Fabales,Herbaceous,F25 0989,18,47,2,2,96,12,15.5,35.47402081,62.68797856,131.9899831,29.21285175,2.213262785,12,13.51941176,17.8442693,61.08362666,-951.0039937,9.903878187,33.9024696,,
1468,45847,Genetic bank,ABC-11833,Stylosanthes,guianensis,Stylosanthes guianensis,Fabaceae,Fabales,Herbaceous,F25 0989,18,47,2,3,97,12.3,15.4,34.58901405,61.8029718,130.0485815,29.19216275,2.244712122,12.3,13.6650358,17.77118522,60.87656258,-944.3041903,9.86331526,33.78754546,,
1469,45847,LMF-invivo,Muestra # 02,Cynodon,nlemfuensis,Cynodon nlemfuensis,Poaceae,Poales,Grasses,F25 2131,18,47,2,1,98,,,,,,,,,,,,,,,,
1470,45847,LMF-invivo,Muestra # 02,Cynodon,nlemfuensis,Cynodon nlemfuensis,Poaceae,Poales,Grasses,F25 2131,18,47,2,2,99,,,,,,,,,,,,,,,,
1471,45847,LMF-invivo,Muestra # 02,Cynodon,nlemfuensis,Cynodon nlemfuensis,Poaceae,Poales,Grasses,F25 2131,18,47,2,3,100,,,,,,,,,,,,,,,,
1472,45847,LMF,Hohenheimer Heustandard,Hohenheimer,Heustandard,Hohenheimer Heustandard,Forage,Forage,Forage,F25 0017,18,47,2,1,101,14.3,17.1,24.85393973,47.20036032,206.7175891,38.51074586,1.862964154,14.3,15.625625,32.30091529,83.87507061,#DIV/0!,17.92756682,46.55211532,,
1473,45847,LMF,Hohenheimer Heustandard,Hohenheimer,Heustandard,Hohenheimer Heustandard,Forage,Forage,Forage,F25 0017,18,47,2,2,102,14.7,17.3,23.96893298,47.20036032,206.4698253,28.78595135,1.394196527,14.7,15.9796875,32.99323287,114.615746,#DIV/0!,18.31181506,63.61372198,,
1474,45847,LMF,Hohenheimer Heustandard,Hohenheimer,Heustandard,Hohenheimer Heustandard,Forage,Forage,Forage,F25 0017,18,47,2,3,103,,,,,,,,,,,,,,,Eliminado DMD,
1475,45847,LMF,Homenheim Concentrate,Homenheim,Concentrate,Homenheim Concentrate,Concentrate,Concentrate,Concentrate,F25 0018,18,47,2,1,104,15.5,17.4,27.50896,56.49293126,251.8380819,51.76585839,2.055521468,15.5,16.47480418,41.48983084,80.14902511,#DIV/0!,23.02757393,44.4840956,,
1476,45847,LMF,Homenheim Concentrate,Homenheim,Concentrate,Homenheim Concentrate,Concentrate,Concentrate,Concentrate,F25 0018,18,47,2,2,105,,,,,,,,,,,,,,,Eliminado DMD,
1477,45847,LMF,Homenheim Concentrate,Homenheim,Concentrate,Homenheim Concentrate,Concentrate,Concentrate,Concentrate,F25 0018,18,47,2,3,106,15.5,17.9,28.39396676,54.28041437,241.8782591,50.04726262,2.069109593,15.5,16.64456522,40.25958457,80.44313008,#DIV/0!,22.34476597,44.64732895,,
1478,45847,LMF,Sample 8,Cynodon,nlemfuensis,Cynodon nlemfuensis ,Poaceae,Poales,Grasses,F25 0008,18,47,2,1,107,,,,,,,,,,,,,,,Eliminado DMD,
1479,45847,LMF,Sample 8,Cynodon,nlemfuensis,Cynodon nlemfuensis ,Poaceae,Poales,Grasses,F25 0008,18,47,2,2,108,16.6,16.3,12.46384515,30.82773534,65.76605844,33.11977316,5.035997892,16.6,16.42129187,10.79963641,32.60782117,419.845563,5.99398505,18.0979049,,
1480,45847,LMF,Sample 8,Cynodon,nlemfuensis,Cynodon nlemfuensis ,Poaceae,Poales,Grasses,F25 0008,18,47,2,3,109,,,,,,,,,,,,,,,Eliminado DMD,
1485,45852,Genetic bank,ABC-350,Desmodium,heterocarpon,Desmodium heterocarpon,Fabaceae,Fabales,Herbaceous,F25 0959,18,48,3,1,3,11.6,13.7,25.29644311,49.6341289,105.1243851,46.98681294,4.46963974,11.6,12.62971768,13.27691306,28.25667932,-1941.43681,7.368916451,15.68294589,,
1486,45852,Genetic bank,ABC-350,Desmodium,heterocarpon,Desmodium heterocarpon,Fabaceae,Fabales,Herbaceous,F25 0959,18,48,3,2,4,12.6,15,23.5264296,47.86411539,101.476897,45.74654158,4.50807454,12.6,13.82033898,14.02445115,30.65685551,-1172.045283,7.783813028,17.01508521,,
1487,45852,Genetic bank,ABC-350,Desmodium,heterocarpon,Desmodium heterocarpon,Fabaceae,Fabales,Herbaceous,F25 0959,18,48,3,3,5,,,,,,,,,,,,,,,Eliminado DMD,
1488,45852,Genetic bank,ABC-3187,Desmodium,cajanifolium,Desmodium cajanifolium,Fabaceae,Fabales,Shrub,F25 0960,18,48,3,1,6,13.3,16.3,44.32408837,79.72435861,169.3509231,71.57813006,4.226615878,13.3,14.63209991,24.77959626,34.61894889,557.9489104,13.75310464,19.21411558,,
1489,45852,Genetic bank,ABC-3187,Desmodium,cajanifolium,Desmodium cajanifolium,Fabaceae,Fabales,Shrub,F25 0960,18,48,3,2,7,13.4,16.4,39.89905459,74.85682145,159.2020873,69.80008507,4.38436997,13.4,14.80098522,23.56347742,33.75852249,694.2242695,13.07813764,18.73656404,,
1490,45852,Genetic bank,ABC-3187,Desmodium,cajanifolium,Desmodium cajanifolium,Fabaceae,Fabales,Shrub,F25 0960,18,48,3,3,8,12.6,16.3,43.43908161,81.05186875,172.274068,71.85865427,4.171182296,12.6,14.31701547,24.66450497,34.32363884,535.047131,13.68922698,19.05021339,,
1491,45852,Genetic bank,ABC-4028,Galactia,glaucescens,Galactia glaucescens,Fabaceae,Fabales,Herbaceous,F25 0961,18,48,3,1,9,11.1,14.9,19.5438992,39.45655121,83.49267568,36.87774427,4.416883753,11.1,13.01775701,10.86887364,29.47271818,1462.393103,6.032412913,16.3578685,,
1492,45852,Genetic bank,ABC-4028,Galactia,glaucescens,Galactia glaucescens,Fabaceae,Fabales,Herbaceous,F25 0961,18,48,3,2,10,11.7,14.6,19.10139582,39.45655121,83.47598048,35.70560606,4.277350904,11.7,13.19607477,11.0155528,30.85104557,3026.132962,6.113822383,17.12286405,,
1493,45852,Genetic bank,ABC-4028,Galactia,glaucescens,Galactia glaucescens,Fabaceae,Fabales,Herbaceous,F25 0961,18,48,3,3,11,10.9,14.5,18.65889244,38.57154445,81.52211623,38.68649479,4.74552141,10.9,12.7585086,10.40100621,26.88536728,783.9822018,5.772738397,14.92184399,,
1494,45852,Genetic bank,ABC-5277,Centrosema,acutifolium,Centrosema acutifolium,Fabaceae,Fabales,Climber,F25 0962,18,48,3,1,12,13.3,16.4,42.55407486,81.49437212,178.1236547,60.48223217,3.395519381,13.3,14.78126697,26.32893293,43.53168193,333.3300227,14.6130133,24.16083661,,
1495,45852,Genetic bank,ABC-5277,Centrosema,acutifolium,Centrosema acutifolium,Fabaceae,Fabales,Climber,F25 0962,18,48,3,2,13,13.2,16.8,42.55407486,79.72435861,174.1852872,59.66777961,3.42553499,13.2,14.87844588,25.91606369,43.43393346,340.6405801,14.38386372,24.10658452,,
1496,45852,Genetic bank,ABC-5277,Centrosema,acutifolium,Centrosema acutifolium,Fabaceae,Fabales,Climber,F25 0962,18,48,3,3,14,13.3,16.9,41.22656472,79.28185523,173.3570057,60.20404044,3.472835735,13.3,15.028,26.05209082,43.27299402,333.8464496,14.45936113,24.01726035,,
1497,45852,Genetic bank,ABC-7227,Galactia,texana,Galactia texana,Fabaceae,Fabales,Climber,F25 0963,18,48,3,1,15,10.7,12.5,32.37649716,65.12174714,139.8950992,52.07346547,3.722322353,10.7,11.60509626,16.23496093,31.17703187,-512.7467856,9.010684196,17.30379208,,
1498,45852,Genetic bank,ABC-7227,Galactia,texana,Galactia texana,Fabaceae,Fabales,Climber,F25 0963,18,48,3,2,16,10.6,12.4,32.37649716,64.67924376,138.9167429,55.73426798,4.012062679,10.6,11.49897377,15.97399984,28.66100232,-1244.774093,8.865846276,15.90735215,,
1499,45852,Genetic bank,ABC-7227,Galactia,texana,Galactia texana,Fabaceae,Fabales,Climber,F25 0963,18,48,3,3,17,9.9,12.3,35.47402081,68.21927078,146.6371557,59.95486055,4.088654083,9.9,11.052,16.20633845,27.03090009,1825.821995,8.994798228,15.00261721,,
1500,45852,Genetic bank,ABC-8013,Crotalaria,paulina,Crotalaria paulina,Fabaceae,Fabales,Herbaceous,F25 0964,18,48,3,1,18,13.4,15.9,44.76659175,87.68941942,187.1006975,75.24937323,4.021864922,13.4,14.62371741,27.36107728,36.36053844,215.6708861,15.18587126,20.18072791,,
1501,45852,Genetic bank,ABC-8013,Crotalaria,paulina,Crotalaria paulina,Fabaceae,Fabales,Herbaceous,F25 0964,18,48,3,2,19,13.1,16,46.53660526,90.34443968,192.7271017,72.73708964,3.774097622,13.1,14.50620408,27.9573867,38.43621849,236.8045791,15.51683331,21.33276625,,
1502,45852,Genetic bank,ABC-8013,Crotalaria,paulina,Crotalaria paulina,Fabaceae,Fabales,Herbaceous,F25 0964,18,48,3,3,20,13.2,16.1,45.20909512,87.68941942,186.9885044,77.41793394,4.140250984,13.2,14.60487805,27.30944304,35.27534467,203.2506468,15.15721337,19.57842659,,
1503,45852,Genetic bank,ABC-8156,Chamaecrista,rotundifolia,Chamaecrista rotundifolia,Fabaceae,Fabales,Herbaceous,F25 0965,18,48,3,1,21,13.9,19.7,42.99657823,62.46672687,132.672977,61.36628935,4.625379694,13.9,15.70779221,20.83999554,33.96000598,286.7061149,11.56655808,18.84839086,,
1504,45852,Genetic bank,ABC-8156,Chamaecrista,rotundifolia,Chamaecrista rotundifolia,Fabaceae,Fabales,Herbaceous,F25 0965,18,48,3,2,22,14.7,20.3,40.34155797,58.92669984,125.2043712,58.09997495,4.640411065,14.7,16.46620776,20.61641188,35.4843731,338.5245806,11.44246528,19.69444099,,
1505,45852,Genetic bank,ABC-8156,Chamaecrista,rotundifolia,Chamaecrista rotundifolia,Fabaceae,Fabales,Herbaceous,F25 0965,18,48,3,3,23,14.5,20.2,41.6690681,59.8117066,127.1102042,59.409202,4.673834202,14.5,16.22897657,20.62868526,34.72304722,314.2218842,11.44927722,19.27189195,,
1506,45852,Genetic bank,ABC-9323,Crotalaria,vitellina,Crotalaria vitellina,Fabaceae,Fabales,Herbaceous,F25 0966,18,48,3,1,24,14.8,17.4,54.05916268,94.76947346,204.9238066,72.04094607,3.515499114,14.8,15.91688716,32.61749107,45.27632249,392.0338597,18.10327186,25.12914231,,
1507,45852,Genetic bank,ABC-9323,Crotalaria,vitellina,Crotalaria vitellina,Fabaceae,Fabales,Herbaceous,F25 0966,18,48,3,2,25,14.2,16.8,54.50166606,96.98199036,209.7499281,69.85095906,3.330201812,14.2,15.33885932,32.17324639,46.05984917,441.9707744,17.85670837,25.56401317,,
1508,45852,Genetic bank,ABC-9323,Crotalaria,vitellina,Crotalaria vitellina,Fabaceae,Fabales,Herbaceous,F25 0966,18,48,3,3,26,15,17.2,54.94416944,96.0969836,207.7943347,71.6084781,3.446122736,15,15.94213354,33.12685032,46.26107298,408.2529563,18.38597505,25.67569587,,
1509,45852,Genetic bank,ABC-9537,Crotalaria,sagittalis,Crotalaria sagittalis,Fabaceae,Fabales,Herbaceous,F25 0967,18,48,3,1,27,13.1,15.3,38.57154445,86.80441266,189.1197543,68.77939731,3.636817189,13.1,14.32242991,27.08654425,39.38177028,325.863083,15.03350068,21.85756385,,
1510,45852,Genetic bank,ABC-9537,Crotalaria,sagittalis,Crotalaria sagittalis,Fabaceae,Fabales,Herbaceous,F25 0967,18,48,3,2,28,14.1,15.2,36.35902756,83.70688901,182.2983112,67.76830393,3.71744003,14.1,14.72220264,26.83832679,39.60306696,340.9030081,14.8957357,21.98038734,,
1511,45852,Genetic bank,ABC-9537,Crotalaria,sagittalis,Crotalaria sagittalis,Fabaceae,Fabales,Herbaceous,F25 0967,18,48,3,3,29,13.3,15.8,38.12904108,85.9194059,187.1916005,69.75980703,3.72665263,13.3,14.69055794,27.49949053,39.42025028,314.8056618,15.26269301,21.87892092,,
1512,45852,Genetic bank,ABC-9690,Aeschynomene,histrix,Aeschynomene histrix,Fabaceae,Fabales,Herbaceous,F25 0968,18,48,3,1,30,14.7,16.4,43.88158499,78.83935186,168.0695857,66.80790256,3.975014414,14.7,15.45378859,25.97311845,38.87731459,362.5818754,14.4155301,21.57758222,,
1513,45852,Genetic bank,ABC-9690,Aeschynomene,histrix,Aeschynomene histrix,Fabaceae,Fabales,Herbaceous,F25 0968,18,48,3,2,31,13.9,16.9,45.20909512,80.60936537,171.7055877,71.58453575,4.169027736,13.9,15.21747484,26.12925461,36.50125594,284.2299063,14.50218837,20.25882855,,
1514,45852,Genetic bank,ABC-9690,Aeschynomene,histrix,Aeschynomene histrix,Fabaceae,Fabales,Herbaceous,F25 0968,18,48,3,3,32,14.8,17,44.76659175,79.28185523,169.0467094,62.55813883,3.70064221,14.8,15.75776744,26.63798733,42.58116982,497.7053541,14.78454384,23.63328595,,
1515,45852,Genetic bank,ABC-9900,Pueraria,phaseoloides,Pueraria phaseoloides,Fabaceae,Fabales,Climber,F25 0969,18,48,3,1,33,13.8,15.8,26.62395325,61.13921673,131.7199651,49.22016107,3.736727459,13.8,14.92907117,19.66456734,39.95226126,1082.671716,10.91417509,22.17419621,,
1516,45852,Genetic bank,ABC-9900,Pueraria,phaseoloides,Pueraria phaseoloides,Fabaceae,Fabales,Climber,F25 0969,18,48,3,2,34,14.3,15.9,24.85393973,59.8117066,128.8599418,49.65104642,3.853101727,14.3,15.2351418,19.63199485,39.53994179,989.6659901,10.8960968,21.94535178,,
1517,45852,Genetic bank,ABC-9900,Pueraria,phaseoloides,Pueraria phaseoloides,Fabaceae,Fabales,Climber,F25 0969,18,48,3,3,35,13.2,15.6,27.06645662,61.13921673,131.7199651,49.39251521,3.74981235,13.2,14.53751508,19.14880979,38.76864685,1016.79073,10.62792073,21.51726974,,
1518,45852,Genetic bank,ABC-11998,Stylosanthes,guianensis,Stylosanthes guianensis,Fabaceae,Fabales,Herbaceous,F25 0970,18,48,3,1,36,11.1,13,31.04898703,68.21927078,144.2191655,50.70028011,3.515502251,11.1,12.13524324,17.50134654,34.51923047,370.1965548,9.713550122,19.15877013,,
1519,45852,Genetic bank,ABC-11998,Stylosanthes,guianensis,Stylosanthes guianensis,Fabaceae,Fabales,Herbaceous,F25 0970,18,48,3,2,37,11,12.8,33.26150392,69.10427754,146.0317042,55.00980412,3.766976796,11,11.93361793,17.42686564,31.67956315,282.9104324,9.67221193,17.58270564,,
1520,45852,Genetic bank,ABC-11998,Stylosanthes,guianensis,Stylosanthes guianensis,Fabaceae,Fabales,Herbaceous,F25 0970,18,48,3,3,38,11,12.6,31.93399378,66.89176065,141.3844616,40.7549387,2.882561367,11,11.83616318,16.73449559,41.06127041,1181.582332,9.287934574,22.78971548,,
1521,45852,Genetic bank,ABC-13149,Desmodium,strigillosum,Desmodium strigillosum,Fabaceae,Fabales,Herbaceous,F25 0971,18,48,3,1,39,,,,,,,,,,,,,,,Eliminado DMD,
1522,45852,Genetic bank,ABC-13149,Desmodium,strigillosum,Desmodium strigillosum,Fabaceae,Fabales,Herbaceous,F25 0971,18,48,3,2,40,,,,,,,,,,,,,,,Eliminado DMD,
1523,45852,Genetic bank,ABC-13149,Desmodium,strigillosum,Desmodium strigillosum,Fabaceae,Fabales,Herbaceous,F25 0971,18,48,3,3,41,,,,,,,,,,,,,,,Eliminado DMD,
1524,45852,Genetic bank,ABC-13389,Desmodium,sequax,Desmodium sequax,Fabaceae,Fabales,Herbaceous,F25 0972,18,48,3,1,42,12.6,15.2,24.41143636,33.70400729,71.83386877,16.77213481,2.334850551,12.6,13.31684902,9.566007846,57.03512377,-98.25219387,5.309299857,31.65548046,,
1525,45852,Genetic bank,ABC-13389,Desmodium,sequax,Desmodium sequax,Fabaceae,Fabales,Herbaceous,F25 0972,18,48,3,2,43,12.4,15.1,24.41143636,34.14651067,72.74788969,27.5429413,3.786081138,12.4,13.16976242,9.580724236,34.78468088,-167.6214815,5.317467708,19.3060997,,
1526,45852,Genetic bank,ABC-13389,Desmodium,sequax,Desmodium sequax,Fabaceae,Fabales,Herbaceous,F25 0972,18,48,3,3,44,13.3,15.5,22.64142284,32.81900054,69.91967799,16.27279015,2.327354848,13.3,13.98224719,9.776342212,60.07784848,-98.56675772,5.426039069,33.34424532,,
1527,45852,Genetic bank,ABC-13651,Desmodium,heterocarpon,Desmodium heterocarpon,Fabaceae,Fabales,Herbaceous,F25 0973,18,48,3,1,45,,,,,,,,,,,,,,,Elimino 51.57%DMD,
1528,45852,Genetic bank,ABC-13651,Desmodium,heterocarpon,Desmodium heterocarpon,Fabaceae,Fabales,Herbaceous,F25 0973,18,48,3,2,46,13.5,14.8,25.73894649,50.96163904,107.1725612,37.96136438,3.542078677,13.5,14.14341534,15.15786046,39.92970408,-621.8740626,8.412874802,22.16167659,,
1529,45852,Genetic bank,ABC-13651,Desmodium,heterocarpon,Desmodium heterocarpon,Fabaceae,Fabales,Herbaceous,F25 0973,18,48,3,3,47,13,14.9,27.50896,52.28914917,110.008298,24.47194185,2.224554173,13,13.90042313,15.29161891,62.48633231,-202.7222401,8.487113054,34.68099551,,
1530,45852,Genetic bank,ABC-13946,Desmodium,sequax,Desmodium sequax,Fabaceae,Fabales,Herbaceous,F25 0974,18,48,3,1,48,,,,,,,,,,,,,,,Eliminado DMD,
1531,45852,Genetic bank,ABC-13946,Desmodium,sequax,Desmodium sequax,Fabaceae,Fabales,Herbaceous,F25 0974,18,48,3,2,49,,,,,,,,,,,,,,,Eliminado DMD,
1532,45852,Genetic bank,ABC-13946,Desmodium,sequax,Desmodium sequax,Fabaceae,Fabales,Herbaceous,F25 0974,18,48,3,3,50,,,,,,,,,,,,,,,Eliminado DMD,
1535,45852,Genetic bank,ABC-15160,Centrosema,molle,Centrosema molle,Fabaceae,Fabales,Climber,F25 0975,18,48,3,1,53,13.4,14.8,29.27897351,56.71418295,119.9855777,34.62738668,2.885962408,13.4,14.07724317,16.89066155,48.77833174,-1406.011474,9.374609386,27.07281803,,
1536,45852,Genetic bank,ABC-15160,Centrosema,molle,Centrosema molle,Fabaceae,Fabales,Climber,F25 0975,18,48,3,2,54,12.9,14.4,23.5264296,54.94416944,116.1712016,48.93844885,4.212614502,12.9,13.75771812,15.98250645,32.6583838,433.0285791,8.870567594,18.12596803,,
1537,45852,Genetic bank,ABC-15160,Centrosema,molle,Centrosema molle,Fabaceae,Fabales,Climber,F25 0975,18,48,3,3,55,13.5,14.5,28.83647014,55.8291762,118.0660146,27.56903691,2.335052725,13.5,13.98348745,16.50974634,59.88510367,-456.8483659,9.163194852,33.23726861,,
1538,45852,Genetic bank,ABC-17000,Chamaecrista,rotundifolia,Chamaecrista rotundifolia,Fabaceae,Fabales,Herbaceous,F25 0976,18,48,3,1,56,3.9,12.8,39.45655121,70.87429105,149.7597398,35.2355282,2.352803782,3.9,7.845265349,11.74904897,33.3443248,-169.8952104,6.520925449,18.50667716,,
1539,45852,Genetic bank,ABC-17000,Chamaecrista,rotundifolia,Chamaecrista rotundifolia,Fabaceae,Fabales,Herbaceous,F25 0976,18,48,3,2,57,4.7,12.9,38.12904108,71.75929781,151.7510924,46.77240285,3.082178989,4.7,8.542959918,12.964035,27.71727387,-674.8443388,7.195263714,15.38356654,,
1540,45852,Genetic bank,ABC-17000,Chamaecrista,rotundifolia,Chamaecrista rotundifolia,Fabaceae,Fabales,Herbaceous,F25 0976,18,48,3,3,58,4.1,12.8,38.57154445,71.75929781,151.6600963,38.92113054,2.566339563,4.1,8.123638232,12.32031757,31.65457272,-231.5628493,6.837989404,17.56883551,,
1541,45852,Genetic bank,ABC-17009,Canavalia,brasiliensis,Canavalia brasiliensis,Fabaceae,Fabales,Climber,F25 0977,18,48,3,1,59,13.5,18.7,45.6515985,85.9194059,181.2665656,41.81370521,2.306752216,13.5,15.93708155,28.88860038,69.08883161,-298.1821912,16.03367301,38.34549685,,
1542,45852,Genetic bank,ABC-17009,Canavalia,brasiliensis,Canavalia brasiliensis,Fabaceae,Fabales,Climber,F25 0977,18,48,3,2,60,14.7,19.1,43.88158499,84.59189577,178.5015737,50.51698671,2.830058339,14.7,16.81752398,30.01954495,59.42465477,-590.4157227,16.66136682,32.98171151,,
1543,45852,Genetic bank,ABC-17009,Canavalia,brasiliensis,Canavalia brasiliensis,Fabaceae,Fabales,Climber,F25 0977,18,48,3,3,61,,,,,,,,,,,,,,,Eliminado,
1544,45852,Genetic bank,ABC-18700,Cajanus,cajan,Cajanus cajan,Fabaceae,Fabales,Shrub,F25 0978,18,48,3,1,62,14.4,17,27.95146338,54.05916268,115.1419865,22.87539936,1.986712236,14.4,15.65566166,18.02623985,78.80185855,-199.1057634,10.00487499,43.73639485,,
1545,45852,Genetic bank,ABC-18700,Cajanus,cajan,Cajanus cajan,Fabaceae,Fabales,Shrub,F25 0978,18,48,3,2,63,13.5,17.1,28.39396676,54.50166606,116.0380705,42.85565859,3.693241226,13.5,15.22449256,17.66620741,41.22257829,-1484.839719,9.805050757,22.87924414,,
1546,45852,Genetic bank,ABC-18700,Cajanus,cajan,Cajanus cajan,Fabaceae,Fabales,Shrub,F25 0978,18,48,3,3,64,14.2,17.1,27.95146338,52.28914917,111.3274587,19.79778908,1.778338364,14.2,15.54978843,17.3111843,87.43998751,-168.7133485,9.608006789,48.53070587,,
1547,45852,Genetic bank,ABC-18873,Alysicarpus,ferrugineus,Alysicarpus ferrugineus,Fabaceae,Fabales,Herbaceous,F25 0979,18,48,3,1,65,,,,,,,,,,,,,,,Eliminó DMD,
1548,45852,Genetic bank,ABC-18873,Alysicarpus,ferrugineus,Alysicarpus ferrugineus,Fabaceae,Fabales,Herbaceous,F25 0979,18,48,3,2,66,15.7,17,32.81900054,59.8117066,125.8173881,31.73954604,2.522667695,15.7,16.28668311,20.4914793,64.56134965,-306.0636241,11.37312553,35.83266603,,
1549,45852,Genetic bank,ABC-18873,Alysicarpus,ferrugineus,Alysicarpus ferrugineus,Fabaceae,Fabales,Herbaceous,F25 0979,18,48,3,3,67,16.6,16.8,30.60648365,59.8117066,125.8425415,47.88445388,3.805108614,16.6,16.69765721,21.01275621,43.88220917,-15411.73597,11.66244324,24.3553853,,
1550,45852,Genetic bank,ABC-19867,Uraria,lagopodioides,Uraria lagopodioides,Fabaceae,Fabales,Herbaceous,F25 0980,18,48,3,1,68,,,,,,,,,,,,,,,Elimino DMD,
1551,45852,Genetic bank,ABC-19867,Uraria,lagopodioides,Uraria lagopodioides,Fabaceae,Fabales,Herbaceous,F25 0980,18,48,3,2,69,,,,,,,,,,,,,,,Elimino DMD,
1552,45852,Genetic bank,ABC-19867,Uraria,lagopodioides,Uraria lagopodioides,Fabaceae,Fabales,Herbaceous,F25 0980,18,48,3,3,70,,,,,,,,,,,,,,,Elimino DMD,
1553,45852,Genetic bank,ABC-20207,Aeschynomene,sensitiva,Aeschynomene sensitiva,Fabaceae,Fabales,Herbaceous,F25 0981,18,48,3,1,71,12.9,13.7,32.81900054,63.35173362,139.6056112,53.37057781,3.82295363,12.9,13.28556461,18.54739368,34.75209458,710.0462371,10.29412438,19.28801374,,
1554,45852,Genetic bank,ABC-20207,Aeschynomene,sensitiva,Aeschynomene sensitiva,Fabaceae,Fabales,Herbaceous,F25 0981,18,48,3,2,72,12.2,13.4,34.14651067,63.35173362,139.6335323,53.69186687,3.84519864,12.2,12.7532014,17.8077456,33.16656066,648.3730668,9.883606899,18.40801498,,
1555,45852,Genetic bank,ABC-20207,Aeschynomene,sensitiva,Aeschynomene sensitiva,Fabaceae,Fabales,Herbaceous,F25 0981,18,48,3,3,73,12.7,13.7,32.37649716,61.58172011,135.6237472,29.15079442,2.149387184,12.7,13.1742515,17.86741355,61.29305875,-239.104751,9.916723645,34.01870804,,
1556,45852,Genetic bank,ABC-20709,Calopogonium,mucunoides,Calopogonium mucunoides,Fabaceae,Fabales,Climber,F25 0982,18,48,3,1,74,14.1,16.6,31.04898703,62.90923025,133.8884902,52.81602056,3.944776769,14.1,15.36611958,20.5734655,38.95307765,2876.118732,11.41862929,21.61963202,,
1557,45852,Genetic bank,ABC-20709,Calopogonium,mucunoides,Calopogonium mucunoides,Fabaceae,Fabales,Climber,F25 0982,18,48,3,2,75,15.4,17,28.39396676,56.27167957,119.7619203,27.97898672,2.336217276,15.4,16.19266055,19.39264122,69.31144938,-191.7948728,10.76325139,38.46905357,,
1558,45852,Genetic bank,ABC-20709,Calopogonium,mucunoides,Calopogonium mucunoides,Fabaceae,Fabales,Climber,F25 0982,18,48,3,3,76,,,,,,,,,,,,,,,Elimino NG 4.5 ml,
1559,45852,Genetic bank,ABC-18437,Flemingia,macrophylla,Flemingia macrophylla,Fabaceae,Fabales,Shrub,F25 0983,18,48,3,1,77,12.8,14.5,22.19891947,35.03151743,73.23407009,19.91219818,2.718980135,12.8,13.42273684,9.830016507,49.36680731,-203.8226532,5.455829231,27.39943215,,
1560,45852,Genetic bank,ABC-18437,Flemingia,macrophylla,Flemingia macrophylla,Fabaceae,Fabales,Shrub,F25 0983,18,48,3,2,78,,,,,,,,,,,,,,,Elimino DMD,
1561,45852,Genetic bank,ABC-18437,Flemingia,macrophylla,Flemingia macrophylla,Fabaceae,Fabales,Shrub,F25 0983,18,48,3,3,79,,,,,,,,,,,,,,,,
1562,45852,Genetic bank,ABC-25522,Centrosema,macrocarpum,Centrosema macrocarpum,Fabaceae,Fabales,Climber,F25 0984,18,48,3,1,80,13.8,17.3,43.88158499,73.52931132,154.2106294,42.5768179,2.760952216,13.8,15.2112337,23.45733923,55.09415779,-836.3953983,13.01922911,30.57821076,,
1563,45852,Genetic bank,ABC-25522,Centrosema,macrocarpum,Centrosema macrocarpum,Fabaceae,Fabales,Climber,F25 0984,18,48,3,2,81,14.3,17.7,42.99657823,71.31679443,149.5404997,56.5323346,3.780402949,14.3,15.65015512,23.40332016,41.39811372,787.0897867,12.98924759,22.97666934,,
1564,45852,Genetic bank,ABC-25522,Centrosema,macrocarpum,Centrosema macrocarpum,Fabaceae,Fabales,Climber,F25 0984,18,48,3,3,82,,,,,,,,,,,,,,,Eliminó 30.19%DMD,
1565,45852,Genetic bank,ABC-25704,Centrosema molle,acutifolium,Centrosema molle x acutifolium,Fabaceae,Fabales,Climber,F25 0985,18,48,3,1,83,13.2,15.2,31.04898703,63.794237,133.2586287,46.71262207,3.505410685,13.2,14.2265896,18.9581582,40.58465862,994.2821255,10.5221058,22.52518769,,
1566,45852,Genetic bank,ABC-25704,Centrosema molle,acutifolium,Centrosema molle x acutifolium,Fabaceae,Fabales,Climber,F25 0985,18,48,3,2,84,13.3,14.9,32.37649716,65.12174714,136.0316406,26.30424565,1.933685835,13.3,14.10453001,19.18662357,72.94116632,-357.7470856,10.64890803,40.48360926,,
1567,45852,Genetic bank,ABC-25704,Centrosema molle,acutifolium,Centrosema molle x acutifolium,Fabaceae,Fabales,Climber,F25 0985,18,48,3,3,85,,,,,,,,,,,,,,,Elimino 24.4%DMD,
1568,45852,Genetic bank,ABC-33729,Desmodium,cinereum,Desmodium cinereum,Fabaceae,Fabales,Shrub,F25 0986,18,48,3,1,86,13.8,15.3,33.70400729,55.38667282,117.5621857,54.30103076,4.618919805,13.8,14.38721704,16.91392681,31.1484452,-567.2474336,9.387522009,17.28792599,,
1569,45852,Genetic bank,ABC-33729,Desmodium,cinereum,Desmodium cinereum,Fabaceae,Fabales,Shrub,F25 0986,18,48,3,2,87,14.7,15.8,35.03151743,57.15668633,121.3919432,38.93945587,3.207746316,14.7,15.12580645,18.36151038,47.15399836,-165.0369645,10.19095594,26.1712849,,
1570,45852,Genetic bank,ABC-33729,Desmodium,cinereum,Desmodium cinereum,Fabaceae,Fabales,Shrub,F25 0986,18,48,3,3,88,13.8,15.8,35.47402081,58.04169309,123.246916,57.97751001,4.704175317,13.8,14.57763659,17.96648752,30.98871877,-1736.431746,9.971711415,17.19927505,,
1571,45852,Genetic bank,ABC-33827,Desmodium,incanum,Desmodium incanum,Fabaceae,Fabales,Herbaceous,F25 0987,18,48,3,1,89,13.2,17.8,25.29644311,44.76659175,95.25550963,16.14238457,1.694640513,13.2,15.20065898,14.47946518,89.69842785,-96.12757032,8.036353683,49.78417933,,
1572,45852,Genetic bank,ABC-33827,Desmodium,incanum,Desmodium incanum,Fabaceae,Fabales,Herbaceous,F25 0987,18,48,3,2,90,12.4,17.6,26.18144987,43.43908161,92.50471437,37.2641229,4.028348517,12.4,14.46587436,13.38161576,35.91018578,-226.2683123,7.427028263,19.93077439,,
1573,45852,Genetic bank,ABC-33827,Desmodium,incanum,Desmodium incanum,Fabaceae,Fabales,Herbaceous,F25 0987,18,48,3,3,91,12.1,17.7,27.06645662,45.20909512,96.29325759,18.2949946,1.899924778,12.1,14.34730832,13.81549056,75.51513875,-97.67725843,7.667836282,41.9122085,,
1574,45852,Genetic bank,ABC-8512,Calopogonium,caeruleum,Calopogonium caeruleum,Fabaceae,Fabales,Climber,F25 0988,18,48,3,1,92,14.9,17.6,27.95146338,61.58172011,132.4734433,47.12396421,3.55723857,14.9,16.37449102,21.69185208,46.03146709,-2074.511653,12.03935319,25.54826063,,
1575,45852,Genetic bank,ABC-8512,Calopogonium,caeruleum,Calopogonium caeruleum,Fabaceae,Fabales,Climber,F25 0988,18,48,3,2,93,14,17.6,27.95146338,60.69671336,130.5696334,30.258703,2.317438,14,15.94216282,20.81562354,68.79218697,-252.6006409,11.5530312,38.18085395,,
1576,45852,Genetic bank,ABC-8512,Calopogonium,caeruleum,Calopogonium caeruleum,Fabaceae,Fabales,Climber,F25 0988,18,48,3,3,94,14.71,17.4,28.83647014,63.35173362,136.2538234,44.66116908,3.27779199,14.71,16.17556461,22.03982523,49.3489662,-1051.583228,12.23248432,27.38953003,,
1577,45852,Genetic bank,ABC-11833,Stylosanthes,guianensis,Stylosanthes guianensis,Fabaceae,Fabales,Herbaceous,F25 0989,18,48,3,1,95,11.5,18.5,35.03151743,63.794237,134.2118701,16.52024926,1.230908209,11.5,14.65606936,19.67018477,119.0671186,-328.7496572,10.91729286,66.08431079,,
1578,45852,Genetic bank,ABC-11833,Stylosanthes,guianensis,Stylosanthes guianensis,Fabaceae,Fabales,Herbaceous,F25 0989,18,48,3,2,96,11.6,14.7,33.70400729,63.35173362,133.3875241,42.43543626,3.181364715,11.6,13.05075669,17.40808123,41.02251034,723.2023559,9.661786259,22.76820297,,
1579,45852,Genetic bank,ABC-11833,Stylosanthes,guianensis,Stylosanthes guianensis,Fabaceae,Fabales,Herbaceous,F25 0989,18,48,3,3,97,11.3,14.6,33.26150392,62.46672687,131.471558,34.56595307,2.629158245,11.3,12.84285714,16.88470437,48.8477906,-11876.25198,9.371303051,27.1113689,,
1580,45852,LMF-invivo,Muestra # 02,Cynodon,nlemfuensis,Cynodon nlemfuensis,Poaceae,Poales,Grasses,F25 2131,18,48,3,1,98,,,,,,,,,,,,,,,,
1581,45852,LMF-invivo,Muestra # 02,Cynodon,nlemfuensis,Cynodon nlemfuensis,Poaceae,Poales,Grasses,F25 2131,18,48,3,2,99,,,,,,,,,,,,,,,,
1582,45852,LMF-invivo,Muestra # 02,Cynodon,nlemfuensis,Cynodon nlemfuensis,Poaceae,Poales,Grasses,F25 2131,18,48,3,3,100,,,,,,,,,,,,,,,,
1583,45852,LMF,Hohenheimer Heustandard,Hohenheimer,Heustandard,Hohenheimer Heustandard,Forage,Forage,Forage,F25 0017,18,48,3,1,101,14.3,17.2,31.4914904,56.71418295,248.1855547,47.22452772,1.90279115,14.3,15.58972692,38.69145023,81.93083573,#DIV/0!,21.47442428,45.47303132,,
1584,45852,LMF,Hohenheimer Heustandard,Hohenheimer,Heustandard,Hohenheimer Heustandard,Forage,Forage,Forage,F25 0017,18,48,3,2,102,15.4,17.9,28.39396676,52.28914917,228.6385076,36.07287489,1.57772526,15.4,16.54245416,37.82242031,104.8500305,#DIV/0!,20.99209764,58.19358092,,
1585,45852,LMF,Hohenheimer Heustandard,Hohenheimer,Heustandard,Hohenheimer Heustandard,Forage,Forage,Forage,F25 0017,18,48,3,3,103,,,,,,,,,,,,,,,Eliminado DMD,
1586,45852,LMF,Homenheim Concentrate,Homenheim,Concentrate,Homenheim Concentrate,Concentrate,Concentrate,Concentrate,F25 0018,18,48,3,1,104,15.4,17.4,19.10139582,41.6690681,185.6068171,14.7891092,0.796797738,15.4,16.48318584,30.5939166,206.8678795,#DIV/0!,16.98015302,114.8152521,,
1587,45852,LMF,Homenheim Concentrate,Homenheim,Concentrate,Homenheim Concentrate,Concentrate,Concentrate,Concentrate,F25 0018,18,48,3,2,105,,,,,,,,,,,,,,,Eliminado DMD,
1588,45852,LMF,Homenheim Concentrate,Homenheim,Concentrate,Homenheim Concentrate,Concentrate,Concentrate,Concentrate,F25 0018,18,48,3,3,106,14.8,17,21.31391271,44.76659175,199.4838359,25.40510047,1.273541806,14.8,15.95255354,31.82276573,125.261326,#DIV/0!,17.66218555,69.52220311,,
1589,45852,LMF,Sample 8,Cynodon,nlemfuensis,Cynodon nlemfuensis ,Poaceae,Poales,Grasses,F25 0008,18,48,3,1,107,,,,,,,,,,,,,,,Eliminado DMD,
1590,45852,LMF,Sample 8,Cynodon,nlemfuensis,Cynodon nlemfuensis ,Poaceae,Poales,Grasses,F25 0008,18,48,3,2,108,15.2,16.8,19.98640258,51.40414242,109.5967975,10.28284839,0.938243509,15.2,16.17790531,17.73046612,172.427575,-462.7448707,9.840715452,95.70028732,,
1591,45852,LMF,Sample 8,Cynodon,nlemfuensis,Cynodon nlemfuensis ,Poaceae,Poales,Grasses,F25 0008,18,48,3,3,109,13.8,16,20.42890595,56.27167957,119.9746865,40.38755801,3.366339949,13.8,15.20131062,18.23772476,45.15679,395.760851,10.12225277,25.06279971,,
1596,45854,Genetic bank,CIAT-PM21_3535,Megathyrsus ,maximus,Megathyrsus maximus,Poaceae,Poales,Grasses,F25 2077,19,49,1,1,114,12.9,15.6,33.18775335,72.90243153,148.1775521,54.531944,3.680175792,12.9,14.37086495,21.29439589,39.04939807,312.9338951,11.81875813,21.67309152,,
1597,45854,Genetic bank,CIAT-PM21_3535,Megathyrsus ,maximus,Megathyrsus maximus,Poaceae,Poales,Grasses,F25 2077,19,49,1,2,115,14,16.8,34.51526349,68.03489437,137.3798934,56.72733612,4.129231338,14,15.3795122,21.12835747,37.24546032,285.1778792,11.72660394,20.67187486,,
1598,45854,Genetic bank,CIAT-PM21_3535,Megathyrsus ,maximus,Megathyrsus maximus,Poaceae,Poales,Grasses,F25 2077,19,49,1,3,116,15.2,16.7,29.20522295,64.93737073,130.0497874,52.536114,4.039692417,15.2,16.0253833,20.84097692,39.6698106,340.536377,11.56710276,22.01743121,,
1599,45854,Genetic bank,CIAT-PM21_6106,Megathyrsus ,maximus,Megathyrsus maximus,Poaceae,Poales,Grasses,F25 2078,19,49,1,1,117,14.6,17,32.3027466,69.80490789,139.8863742,59.07909849,4.223363343,14.6,15.88938193,22.22708027,37.6225786,288.4849395,12.3364141,20.88118204,,
1600,45854,Genetic bank,CIAT-PM21_6106,Megathyrsus ,maximus,Megathyrsus maximus,Poaceae,Poales,Grasses,F25 2078,19,49,1,2,118,14.2,16.9,34.95776687,72.90243153,145.5185215,62.21435207,4.275356253,14.2,15.60531108,22.70861795,36.5006099,263.5702879,12.60367584,20.25846999,,
1601,45854,Genetic bank,CIAT-PM21_6106,Megathyrsus ,maximus,Megathyrsus maximus,Poaceae,Poales,Grasses,F25 2078,19,49,1,3,119,14.3,17,34.51526349,72.45992816,147.3423297,58.84333827,3.993647881,14.3,15.71389313,23.15321622,39.34721738,298.907093,12.85043558,21.83838639,,
1602,45854,Genetic bank,CIAT-PM21_2580,Megathyrsus ,maximus,Megathyrsus maximus,Poaceae,Poales,Grasses,F25 2079,19,49,1,1,120,13.7,16.7,36.72778038,79.98248558,163.9605676,64.65876041,3.943555535,13.7,15.32240664,25.1227049,38.85429406,268.3548558,13.94353587,21.56480542,,
1603,45854,Genetic bank,CIAT-PM21_2580,Megathyrsus ,maximus,Megathyrsus maximus,Poaceae,Poales,Grasses,F25 2079,19,49,1,2,121,13.8,16.9,37.61278713,77.76996869,154.4670958,60.49438381,3.916328168,13.8,15.40071124,23.78903137,39.32436348,305.0259756,13.20332399,21.82570208,,
1604,45854,Genetic bank,CIAT-PM21_2580,Megathyrsus ,maximus,Megathyrsus maximus,Poaceae,Poales,Grasses,F25 2079,19,49,1,3,122,13.9,16.7,37.17028376,76.88496194,157.4292364,60.39951955,3.836613892,13.9,15.34633094,24.15961161,39.99967515,301.6102709,13.40900243,22.20051174,,
1605,45854,Genetic bank,CIAT-CIAT_16031,Megathyrsus ,maximus,Megathyrsus maximus,Poaceae,Poales,Grasses,F25 2080,19,49,1,1,123,13.5,16.9,36.72778038,75.99995518,148.5825094,59.51124232,4.005265665,13.5,15.25691412,22.66910585,38.09214018,301.8740237,12.58174595,21.14179684,,
1606,45854,Genetic bank,CIAT-CIAT_16031,Megathyrsus ,maximus,Megathyrsus maximus,Poaceae,Poales,Grasses,F25 2080,19,49,1,2,124,13.8,16.7,37.17028376,78.21247207,157.4095948,59.66770777,3.790601701,13.8,15.32178218,24.11795524,40.42044874,310.0618106,13.38588242,22.43404837,,
1607,45854,Genetic bank,CIAT-CIAT_16031,Megathyrsus ,maximus,Megathyrsus maximus,Poaceae,Poales,Grasses,F25 2080,19,49,1,3,125,14.5,16.8,33.18775335,72.01742478,142.230565,55.76119715,3.920479197,14.5,15.74009217,22.38722202,40.14838843,346.5854449,12.42529555,22.28305019,,
1608,45854,Genetic bank,CIAT-CIAT_26936,Megathyrsus ,maximus,Megathyrsus maximus,Poaceae,Poales,Grasses,F25 2081,19,49,1,1,126,13.9,16.6,34.51526349,76.44245856,143.2020067,57.36299258,4.005739437,13.9,15.38089725,22.02575351,38.39714862,324.3113984,12.22467427,21.3110818,,
1609,45854,Genetic bank,CIAT-CIAT_26936,Megathyrsus ,maximus,Megathyrsus maximus,Poaceae,Poales,Grasses,F25 2081,19,49,1,2,127,14.3,16.8,35.40027024,77.32746531,147.5673334,53.91351459,3.653485724,14.3,15.65550787,23.10241549,42.8508801,389.3036443,12.82224029,23.78297982,,
1610,45854,Genetic bank,CIAT-CIAT_26936,Megathyrsus ,maximus,Megathyrsus maximus,Poaceae,Poales,Grasses,F25 2081,19,49,1,3,128,14.8,16.6,33.18775335,75.5574518,142.7903966,57.00647064,3.992318251,14.8,15.80937042,22.57426273,39.59947436,334.4032699,12.52910637,21.97839338,,
1611,45854,Genetic bank,CIAT-PM21_0074,Megathyrsus ,maximus,Megathyrsus maximus,Poaceae,Poales,Grasses,F25 2082,19,49,1,1,129,13.6,16.5,38.94029727,78.21247207,151.2158436,55.87985574,3.695370433,13.6,15.05615276,22.76728841,40.74328415,373.6437543,12.63623896,22.6132276,,
1612,45854,Genetic bank,CIAT-PM21_0074,Megathyrsus ,maximus,Megathyrsus maximus,Poaceae,Poales,Grasses,F25 2082,19,49,1,2,130,14.1,16.6,37.17028376,75.5574518,153.5819716,53.57423856,3.488315588,14.1,15.37013177,23.60575142,44.06175814,415.6912054,13.10160044,24.45503808,,
1613,45854,Genetic bank,CIAT-PM21_0074,Megathyrsus ,maximus,Megathyrsus maximus,Poaceae,Poales,Grasses,F25 2082,19,49,1,3,131,13.7,16.7,37.17028376,75.99995518,151.7389803,53.79944637,3.545525761,13.7,15.23275109,23.11402118,42.96330677,409.2673932,12.82868165,23.84537856,,
1614,45854,Genetic bank,CIAT-PM21_0072,Megathyrsus ,maximus,Megathyrsus maximus,Poaceae,Poales,Grasses,F25 2083,19,49,1,1,132,13.8,16.7,34.51526349,72.90243153,147.0727526,55.94016757,3.803571128,13.8,15.32701062,22.54185642,40.29636913,333.8433485,12.51112031,22.36518204,,
1615,45854,Genetic bank,CIAT-PM21_0072,Megathyrsus ,maximus,Megathyrsus maximus,Poaceae,Poales,Grasses,F25 2083,19,49,1,2,133,13.8,16.8,34.95776687,73.34493491,142.5917325,57.98745554,4.066677255,13.8,15.37013575,21.91654285,37.79531736,308.3360089,12.16406046,20.97705503,,
1616,45854,Genetic bank,CIAT-PM21_0072,Megathyrsus ,maximus,Megathyrsus maximus,Poaceae,Poales,Grasses,F25 2083,19,49,1,3,134,13.4,16.6,35.40027024,74.22994167,146.0896721,47.76743979,3.269734205,13.4,15.07391952,22.0214396,46.10136047,529.5651367,12.22227997,25.58705266,,
1617,45854,Genetic bank,CIAT-PM21_6598,Megathyrsus ,maximus,Megathyrsus maximus,Poaceae,Poales,Grasses,F25 2084,19,49,1,1,135,13.9,16.4,36.285277,76.88496194,153.6356533,50.52324044,3.288510145,13.9,15.22014388,23.38356749,46.28279438,478.5519447,12.97828452,25.68775162,,
1618,45854,Genetic bank,CIAT-PM21_6598,Megathyrsus ,maximus,Megathyrsus maximus,Poaceae,Poales,Grasses,F25 2084,19,49,1,2,136,13.8,16.6,37.61278713,78.65497545,153.8842162,52.32140971,3.400050441,13.8,15.26104079,23.484333,44.88474819,441.3303497,13.03421112,24.9118118,,
1619,45854,Genetic bank,CIAT-PM21_6598,Megathyrsus ,maximus,Megathyrsus maximus,Poaceae,Poales,Grasses,F25 2084,19,49,1,3,137,13.6,16.6,38.05529051,79.5399822,156.7183125,53.83566904,3.435186876,13.6,15.16467316,23.76581987,44.14511846,408.731627,13.1904412,24.5013045,,
1620,45854,Genetic bank,CIAT-PM21_6647,Megathyrsus ,maximus,Megathyrsus maximus,Poaceae,Poales,Grasses,F25 2085,19,49,1,1,138,14.7,16.7,37.17028376,76.44245856,153.4057065,53.12085233,3.46276899,14.7,15.72749638,24.12687693,45.41884378,412.3256744,13.39083412,25.20824409,,
1621,45854,Genetic bank,CIAT-PM21_6647,Megathyrsus ,maximus,Megathyrsus maximus,Poaceae,Poales,Grasses,F25 2085,19,49,1,2,139,14.2,16.5,37.61278713,76.88496194,150.8530709,54.95105389,3.642687125,14.2,15.37482014,23.19338833,42.20735852,370.2893261,12.87273179,23.42581421,,
1622,45854,Genetic bank,CIAT-PM21_6647,Megathyrsus ,maximus,Megathyrsus maximus,Poaceae,Poales,Grasses,F25 2085,19,49,1,3,140,13.6,16.4,38.94029727,79.09747883,152.3537205,46.06776047,3.02373715,13.6,15.02153846,22.88587273,49.67871782,642.274892,12.70205531,27.57254788,,
1623,45854,Genetic bank,CIAT-PM21_0819,Megathyrsus ,maximus,Megathyrsus maximus,Poaceae,Poales,Grasses,F25 2086,19,49,1,1,141,14.2,16.4,37.61278713,78.65497545,153.1884943,53.12124837,3.467704844,14.2,15.34796062,23.51130978,44.25970869,436.131514,13.0491837,24.56490406,,
1624,45854,Genetic bank,CIAT-PM21_0819,Megathyrsus ,maximus,Megathyrsus maximus,Poaceae,Poales,Grasses,F25 2086,19,49,1,2,142,14.2,16.5,36.72778038,77.76996869,161.2545852,52.7038888,3.268365284,14.2,15.41379801,24.85545604,47.16057316,443.3878938,13.79520812,26.17493403,,
1625,45854,Genetic bank,CIAT-PM21_0819,Megathyrsus ,maximus,Megathyrsus maximus,Poaceae,Poales,Grasses,F25 2086,19,49,1,3,143,13.6,16.3,38.49779389,82.19500247,162.3348615,61.290064,3.775533082,13.6,15.03539704,24.40769096,39.82324274,306.79795,13.54669076,22.1025887,,
1626,45854,Genetic bank,CIAT-CIAT_16021,Megathyrsus ,maximus,Megathyrsus maximus,Poaceae,Poales,Grasses,F25 2087,19,49,1,1,144,14.9,17.3,32.3027466,70.24741126,135.5098566,34.83712958,2.570818864,14.9,16.19637795,21.94768855,63.00085228,1452.60822,12.18134686,34.966563,,
1627,45854,Genetic bank,CIAT-CIAT_16021,Megathyrsus ,maximus,Megathyrsus maximus,Poaceae,Poales,Grasses,F25 2087,19,49,1,2,145,14.9,16.9,31.41773984,68.47739775,133.334741,49.62761636,3.722031931,14.9,15.98239095,21.31007959,42.93996196,380.6402417,11.82746286,23.83242179,,
1628,45854,Genetic bank,CIAT-CIAT_16021,Megathyrsus ,maximus,Megathyrsus maximus,Poaceae,Poales,Grasses,F25 2087,19,49,1,3,146,14.6,17.4,33.18775335,73.34493491,143.5253676,45.44289592,3.166192618,14.6,16.13303167,23.15499301,50.95404361,518.2200184,12.85142172,28.28037576,,
1629,45854,Genetic bank,CIAT-PM21_6640,Megathyrsus ,maximus,Megathyrsus maximus,Poaceae,Poales,Grasses,F25 2088,19,49,1,1,147,13.7,17.4,30.97523646,73.78743829,142.9891319,50.85607429,3.556639137,13.7,15.84677661,22.65916832,44.55548061,464.417885,12.57623044,24.72906259,,
1630,45854,Genetic bank,CIAT-PM21_6640,Megathyrsus ,maximus,Megathyrsus maximus,Poaceae,Poales,Grasses,F25 2088,19,49,1,2,148,13.9,16.9,31.86024322,68.03489437,135.9853553,47.85237852,3.518936169,13.9,15.49512195,21.07109664,44.03354083,511.6418502,11.69482318,24.43937699,,
1631,45854,Genetic bank,CIAT-PM21_6640,Megathyrsus ,maximus,Megathyrsus maximus,Poaceae,Poales,Grasses,F25 2088,19,49,1,3,149,13.5,16.6,31.41773984,71.13241802,136.9550976,53.04061182,3.872846849,13.5,15.23079316,20.85934763,39.32712485,380.0934634,11.57729882,21.82723469,,
1632,45854,Genetic bank,CIAT-PM21_0065,Megathyrsus ,maximus,Megathyrsus maximus,Poaceae,Poales,Grasses,F25 2089,19,49,1,1,150,14.9,16.8,40.2678074,79.5399822,155.7432703,54.74946214,3.515366156,14.9,15.83810848,24.6667881,45.05393686,416.578849,13.69049416,25.00571444,,
1633,45854,Genetic bank,CIAT-PM21_0065,Megathyrsus ,maximus,Megathyrsus maximus,Poaceae,Poales,Grasses,F25 2089,19,49,1,2,151,13.9,16.8,41.15281416,82.19500247,161.3876732,55.74331718,3.454000921,13.9,15.34804845,24.76985828,44.43556561,397.047651,13.74769989,24.66250769,,
1634,45854,Genetic bank,CIAT-PM21_0065,Megathyrsus ,maximus,Megathyrsus maximus,Poaceae,Poales,Grasses,F25 2089,19,49,1,3,152,13.9,16.7,40.2678074,79.09747883,147.9831183,56.03395541,3.786509977,13.9,15.27454545,22.60374868,40.33937728,374.9673289,12.54547158,22.3890523,,
1635,45854,Genetic bank,CIAT-PM21_6629,Megathyrsus ,maximus,Megathyrsus maximus,Poaceae,Poales,Grasses,F25 2090,19,49,1,1,153,14,16.2,29.20522295,67.592391,124.4659547,47.31698475,3.801600594,14,15.24942717,18.98034512,40.11317546,370.3141423,10.53441992,22.26350638,,
1636,45854,Genetic bank,CIAT-PM21_6629,Megathyrsus ,maximus,Megathyrsus maximus,Poaceae,Poales,Grasses,F25 2090,19,49,1,2,154,13.7,16.2,31.86024322,71.13241802,134.4945996,49.10063902,3.650751715,13.7,15.08024883,20.28212029,41.30724303,354.2863782,11.25692766,22.92623454,,
1637,45854,Genetic bank,CIAT-PM21_6629,Megathyrsus ,maximus,Megathyrsus maximus,Poaceae,Poales,Grasses,F25 2090,19,49,1,3,155,13.6,16.1,30.09022971,69.80490789,133.2377595,45.75428521,3.434032919,13.6,15.02234548,20.01543654,43.74549062,408.1278642,11.10891357,24.27950413,,
1638,45854,Genetic bank,CIAT-PM21_6641,Megathyrsus ,maximus,Megathyrsus maximus,Poaceae,Poales,Grasses,F25 2091,19,49,1,1,156,14.7,17.2,73.01305738,109.1877085,205.3304427,54.67929737,2.662990283,14.7,15.52826748,31.88426036,58.31139369,602.4977381,17.69631613,32.36383234,,
1639,45854,Genetic bank,CIAT-PM21_6641,Megathyrsus ,maximus,Megathyrsus maximus,Poaceae,Poales,Grasses,F25 2091,19,49,1,2,157,14.5,17.6,38.94029727,75.5574518,145.5144311,50.65900667,3.481373379,14.5,16.00234261,23.28571781,45.96560284,555.4801072,12.92397625,25.51170483,,
1640,45854,Genetic bank,CIAT-PM21_6641,Megathyrsus ,maximus,Megathyrsus maximus,Poaceae,Poales,Grasses,F25 2091,19,49,1,3,158,14,17.3,38.49779389,75.99995518,146.7658204,56.9164818,3.878047467,14,15.62838428,22.9371264,40.29962091,374.8247399,12.73050199,22.36698683,,
1641,45854,Genetic bank,CIAT-CIAT_16025,Megathyrsus ,maximus,Megathyrsus maximus,Poaceae,Poales,Grasses,F25 2092,19,49,1,1,159,13.8,15.8,30.97523646,72.90243153,142.3447882,50.93271305,3.578122788,13.8,14.95022762,21.28086984,41.78232135,381.0252607,11.81125094,23.18991123,,
1642,45854,Genetic bank,CIAT-CIAT_16025,Megathyrsus ,maximus,Megathyrsus maximus,Poaceae,Poales,Grasses,F25 2092,19,49,1,2,160,13.4,16,32.3027466,72.01742478,145.0118705,51.45291284,3.548186273,13.4,14.83379416,21.51076238,41.80669509,363.8406165,11.93884528,23.20343907,,
1643,45854,Genetic bank,CIAT-CIAT_16025,Megathyrsus ,maximus,Megathyrsus maximus,Poaceae,Poales,Grasses,F25 2092,19,49,1,3,161,13.1,15.8,32.3027466,73.34493491,145.1996231,52.90337311,3.643492454,13.1,14.61085973,21.21491326,40.10124877,340.5032487,11.7746439,22.25688686,,
1646,45854,Genetic bank,CIAT-PM21_0070,Megathyrsus ,maximus,Megathyrsus maximus,Poaceae,Poales,Grasses,F25 2093,19,49,1,1,164,13.6,16.4,34.95776687,79.98248558,153.2741266,49.46595259,3.227286542,13.6,15.17621024,23.26120369,47.02467549,501.2481447,12.91037049,26.09950847,,
1647,45854,Genetic bank,CIAT-PM21_0070,Megathyrsus ,maximus,Megathyrsus maximus,Poaceae,Poales,Grasses,F25 2093,19,49,1,2,165,13.8,16.5,33.63025673,76.44245856,151.8465926,46.0091883,3.029978317,13.8,15.3121563,23.25098758,50.53553092,615.0096723,12.90470037,28.04809398,,
1648,45854,Genetic bank,CIAT-PM21_0070,Megathyrsus ,maximus,Megathyrsus maximus,Poaceae,Poales,Grasses,F25 2093,19,49,1,3,166,13.7,16.6,35.40027024,75.5574518,144.6895345,53.3132634,3.684666178,13.7,15.24128843,22.05254928,41.36409568,384.0457879,12.23954638,22.95778874,,
1649,45854,Genetic bank,CIAT-PM21_4926,Megathyrsus ,maximus,Megathyrsus maximus,Poaceae,Poales,Grasses,F25 2094,19,49,1,1,167,,,,,,,,,,,,,,,Eliminado 17.49%DMD,
1650,45854,Genetic bank,CIAT-PM21_4926,Megathyrsus ,maximus,Megathyrsus maximus,Poaceae,Poales,Grasses,F25 2094,19,49,1,2,168,14,16.4,27.43520944,66.26488086,133.8364813,38.31776219,2.863028212,14,15.40634391,20.61930859,53.81135903,752.3808388,11.444073,29.86623526,,
1651,45854,Genetic bank,CIAT-PM21_4926,Megathyrsus ,maximus,Megathyrsus maximus,Poaceae,Poales,Grasses,F25 2094,19,49,1,3,169,15.5,16.5,23.45267904,61.3973437,122.0656713,22.99986994,1.884220984,15.5,16.11801802,19.6745669,85.54207894,-1253.457647,10.91972502,47.47733378,,
1652,45854,Genetic bank,CIAT-PM21_3662,Megathyrsus ,maximus,Megathyrsus maximus,Poaceae,Poales,Grasses,F25 2095,19,49,1,1,170,13.7,15.9,34.07276011,82.19500247,160.5614222,55.32526779,3.445738524,13.7,14.98802153,24.06498053,43.49726896,358.2835373,13.35648054,24.14173682,,
1653,45854,Genetic bank,CIAT-PM21_3662,Megathyrsus ,maximus,Megathyrsus maximus,Poaceae,Poales,Grasses,F25 2095,19,49,1,2,171,13.8,16.3,34.07276011,78.65497545,155.6313538,70.35969224,4.520920145,13.8,15.21701828,23.68245156,33.65911761,211.9666872,13.14417035,18.68139261,,
1654,45854,Genetic bank,CIAT-PM21_3662,Megathyrsus ,maximus,Megathyrsus maximus,Poaceae,Poales,Grasses,F25 2095,19,49,1,3,172,,,,,,,,,,,,,,,Eliminado 27.57%DMD,
1655,45854,Genetic bank,CIAT-PM21_4448,Megathyrsus ,maximus,Megathyrsus maximus,Poaceae,Poales,Grasses,F25 2096,19,49,1,1,173,,,,,,,,,,,,,,,Eliminado DMD,
1656,45854,Genetic bank,CIAT-PM21_4448,Megathyrsus ,maximus,Megathyrsus maximus,Poaceae,Poales,Grasses,F25 2096,19,49,1,2,174,,,,,,,,,,,,,,,Eliminado DMD,
1657,45854,Genetic bank,CIAT-PM21_4448,Megathyrsus ,maximus,Megathyrsus maximus,Poaceae,Poales,Grasses,F25 2096,19,49,1,3,175,,,,,,,,,,,,,,,Eliminado DMD,
1658,45854,Genetic bank,CIAT-PM21_0079,Megathyrsus ,maximus,Megathyrsus maximus,Poaceae,Poales,Grasses,F25 2097,19,49,1,1,176,13.4,15.8,32.74524998,77.76996869,150.9519259,32.58888393,2.158891564,13.4,14.78947368,22.32499536,68.50493991,6903.349839,12.39075867,38.02142686,,
1659,45854,Genetic bank,CIAT-PM21_0079,Megathyrsus ,maximus,Megathyrsus maximus,Poaceae,Poales,Grasses,F25 2097,19,49,1,2,177,13.5,16.2,35.40027024,79.5399822,152.9931355,54.37518246,3.554092951,13.5,14.99833102,22.9464169,42.20016533,356.6823146,12.73565838,23.42182187,,
1660,45854,Genetic bank,CIAT-PM21_0079,Megathyrsus ,maximus,Megathyrsus maximus,Poaceae,Poales,Grasses,F25 2097,19,49,1,3,178,,,,,,,,,,,,,,,Eliminado 27.69%DMD,
1661,45854,Genetic bank,CIAT-CIAT_6986,Megathyrsus ,maximus,Megathyrsus maximus,Poaceae,Poales,Grasses,F25 2098,19,49,1,1,179,13.4,15.7,31.86024322,73.34493491,144.6005288,42.7078179,2.953503577,13.4,14.70090498,21.25758634,49.7744614,532.9750348,11.79832819,27.62568723,,
1662,45854,Genetic bank,CIAT-CIAT_6986,Megathyrsus ,maximus,Megathyrsus maximus,Poaceae,Poales,Grasses,F25 2098,19,49,1,2,180,,,,,,,,,,,,,,,Eliminado ,
1663,45854,Genetic bank,CIAT-CIAT_6986,Megathyrsus ,maximus,Megathyrsus maximus,Poaceae,Poales,Grasses,F25 2098,19,49,1,3,181,14.2,15.9,28.32021619,69.36240451,133.2705999,50.92829975,3.821420462,14.2,15.20590112,20.26499564,39.79122755,332.9692494,11.24742319,22.08481972,,
1664,45854,Genetic bank,CIAT-PM21_4852,Megathyrsus ,maximus,Megathyrsus maximus,Poaceae,Poales,Grasses,F25 2099,19,49,1,1,182,,,,,,,,,,,,,,,Elimino DMD,
1665,45854,Genetic bank,CIAT-PM21_4852,Megathyrsus ,maximus,Megathyrsus maximus,Poaceae,Poales,Grasses,F25 2099,19,49,1,2,183,13.9,16.4,28.32021619,64.05236397,124.5203049,37.57690204,3.017732896,13.9,15.29464594,19.04493976,50.68257022,684.0792251,10.57027107,28.12970333,,
1666,45854,Genetic bank,CIAT-PM21_4852,Megathyrsus ,maximus,Megathyrsus maximus,Poaceae,Poales,Grasses,F25 2099,19,49,1,3,184,,,,,,,,,,,,,,,Elimino DMD,
1667,45854,Genetic bank,CIAT-PM21_0078,Megathyrsus ,maximus,Megathyrsus maximus,Poaceae,Poales,Grasses,F25 2100,19,49,1,1,185,13.4,16.1,32.3027466,68.91990113,141.0717924,43.95601833,3.115861619,13.4,14.83451043,20.92730976,47.60965745,652.665392,11.61501898,26.42418358,,
1668,45854,Genetic bank,CIAT-PM21_0078,Megathyrsus ,maximus,Megathyrsus maximus,Poaceae,Poales,Grasses,F25 2100,19,49,1,2,186,,,,,,,,,,,,,,,Elimino,
1669,45854,Genetic bank,CIAT-PM21_0078,Megathyrsus ,maximus,Megathyrsus maximus,Poaceae,Poales,Grasses,F25 2100,19,49,1,3,187,14.1,16.3,32.74524998,71.13241802,145.2976489,45.76801005,3.149948426,14.1,15.28724728,22.21201088,48.53173834,591.2591818,12.32805033,26.93595443,,
1670,45854,Genetic bank,CIAT-CIAT_16071,Megathyrsus ,maximus,Megathyrsus maximus,Poaceae,Poales,Grasses,F25 2101,19,49,1,1,188,,,,,,,,,,,,,,,,
1671,45854,Genetic bank,CIAT-CIAT_16071,Megathyrsus ,maximus,Megathyrsus maximus,Poaceae,Poales,Grasses,F25 2101,19,49,1,2,189,,,,,,,,,,,,,,,,
1672,45854,Genetic bank,CIAT-CIAT_16071,Megathyrsus ,maximus,Megathyrsus maximus,Poaceae,Poales,Grasses,F25 2101,19,49,1,3,190,,,,,,,,,,,,,,,,
1673,45854,Genetic bank,CIAT-PM21_0876,Megathyrsus ,maximus,Megathyrsus maximus,Poaceae,Poales,Grasses,F25 2102,19,49,1,1,191,13.3,16.3,33.18775335,72.45992816,146.248917,42.96165482,2.937570801,13.3,14.9259542,21.82904636,50.81053431,747.791632,12.1154984,28.20072562,,
1674,45854,Genetic bank,CIAT-PM21_0876,Megathyrsus ,maximus,Megathyrsus maximus,Poaceae,Poales,Grasses,F25 2102,19,49,1,2,192,13.6,16.1,32.74524998,71.13241802,138.2779694,28.36538789,2.051330953,13.6,14.94914463,20.67137365,72.87534277,-1431.932987,11.47297001,40.44707605,,
1675,45854,Genetic bank,CIAT-PM21_0876,Megathyrsus ,maximus,Megathyrsus maximus,Poaceae,Poales,Grasses,F25 2102,19,49,1,3,193,13.7,15.9,29.64772633,64.93737073,130.5783179,42.85207803,3.281714661,13.7,14.8955707,19.45038566,45.38959732,676.4801313,10.79530055,25.1920118,,
1676,45854,Genetic bank,CIAT-PM21_3641,Megathyrsus ,maximus,Megathyrsus maximus,Poaceae,Poales,Grasses,F25 2103,19,49,1,1,194,,,,,,,,,,,,,,,Elimino 5.95%DMD,
1677,45854,Genetic bank,CIAT-PM21_3641,Megathyrsus ,maximus,Megathyrsus maximus,Poaceae,Poales,Grasses,F25 2103,19,49,1,2,195,13.7,16.3,31.86024322,69.80490789,132.2933517,48.77309628,3.686738273,13.7,15.1133122,19.99390726,40.99372151,408.5868592,11.09696444,22.75222467,,
1678,45854,Genetic bank,CIAT-PM21_3641,Megathyrsus ,maximus,Megathyrsus maximus,Poaceae,Poales,Grasses,F25 2103,19,49,1,3,196,13.8,16.2,31.86024322,67.592391,134.0777524,42.97086811,3.204921573,13.8,15.06873977,20.2038276,47.01749927,584.7478694,11.21347386,26.09552554,,
1679,45854,Breding ,CIAT-BR06_1348,Brachiaria ,interespecifico,Brachiaria interespecifico,Poaceae,Poales,Grasses,F25 2104,19,49,1,1,197,,,,,,,,,,,,,,,Elimino DMD,
1680,45854,Breding ,CIAT-BR06_1348,Brachiaria ,interespecifico,Brachiaria interespecifico,Poaceae,Poales,Grasses,F25 2104,19,49,1,2,198,,,,,,,,,,,,,,,Elimino DMD,
1681,45854,Breding ,CIAT-BR06_1348,Brachiaria ,interespecifico,Brachiaria interespecifico,Poaceae,Poales,Grasses,F25 2104,19,49,1,3,199,,,,,,,,,,,,,,,Elimino DMD,
1682,45854,Breding ,CIAT-BR09_4467,Brachiaria ,interespecifico,Brachiaria interespecifico,Poaceae,Poales,Grasses,F25 2105,19,49,1,1,200,,,,,,,,,,,,,,,Elimino DMD,
1683,45854,Breding ,CIAT-BR09_4467,Brachiaria ,interespecifico,Brachiaria interespecifico,Poaceae,Poales,Grasses,F25 2105,19,49,1,2,201,,,,,,,,,,,,,,,Elimino DMD,
1684,45854,Breding ,CIAT-BR09_4467,Brachiaria ,interespecifico,Brachiaria interespecifico,Poaceae,Poales,Grasses,F25 2105,19,49,1,3,202,,,,,,,,,,,,,,,Elimino DMD,
1685,45854,Breding ,CIAT-BR09_4777,Brachiaria ,interespecifico,Brachiaria interespecifico,Poaceae,Poales,Grasses,F25 2106,19,49,1,1,203,12.6,14.8,36.285277,76.88496194,149.9906729,43.85466992,2.923826466,12.6,13.76172662,20.64130636,47.06752188,2206.246264,11.45628215,26.12328896,,
1686,45854,Breding ,CIAT-BR09_4777,Brachiaria ,interespecifico,Brachiaria interespecifico,Poaceae,Poales,Grasses,F25 2106,19,49,1,2,204,,,,,,,,,,,,,,,Elimino 12.87%DMD,
1687,45854,Breding ,CIAT-BR09_4777,Brachiaria ,interespecifico,Brachiaria interespecifico,Poaceae,Poales,Grasses,F25 2106,19,49,1,3,205,12.8,14.9,35.84277362,75.11494842,143.3930655,46.16671474,3.219591868,12.8,13.89793814,19.92867954,43.16676994,1197.694875,11.06076193,23.95830415,,
1688,45854,LMF,Hohenheimer Heustandard,Hohemheimer,Heustandard,Hohenheimer Heustandard,Poaceae,Poales,Grasses,F25 0017,19,49,1,1,206,14.2,16.6,23.01017566,43.2547052,86.43789499,24.54243071,2.839313789,14.2,15.32327366,13.24511519,53.96822893,#DIV/0!,7.351268086,29.95330076,,
1689,45854,LMF,Hohenheimer Heustandard,Hohemheimer,Heustandard,Hohenheimer Heustandard,Poaceae,Poales,Grasses,F25 0017,19,49,1,2,207,14.9,16.9,23.45267904,43.69720858,86.31394013,70.805457,8.203246994,14.9,15.82658228,13.66054675,19.29307052,#DIV/0!,7.581839789,10.70798793,,
1690,45854,LMF,Hohenheimer Heustandard,Hohemheimer,Heustandard,Hohenheimer Heustandard,Poaceae,Poales,Grasses,F25 0017,19,49,1,3,208,,,,,,,,,,,,,,,Eliminado,
1691,45854,LMF,Homenheim Concentrate,Hohemheimer,Concentrate,Homenheim Concentrate,Poaceae,Poales,Grasses,F25 0018,19,49,1,1,209,14.6,17.5,31.86024322,53.4322829,113.298493,70.48385477,6.221076109,14.6,15.77080745,17.86808717,25.35061005,#DIV/0!,9.917097517,14.07002717,,
1692,45854,LMF,Homenheim Concentrate,Hohemheimer,Concentrate,Homenheim Concentrate,Poaceae,Poales,Grasses,F25 0018,19,49,1,2,210,15,18,34.51526349,54.75979303,115.826989,50.61047451,4.369488919,15,16.10909091,18.65867496,36.86721996,#DIV/0!,10.35588742,20.46194492,,
1693,45854,LMF,Homenheim Concentrate,Hohemheimer,Concentrate,Homenheim Concentrate,Poaceae,Poales,Grasses,F25 0018,19,49,1,3,211,15.7,17.6,29.20522295,50.33475925,101.8491437,78.83486365,7.740356059,15.7,16.49758242,16.80264642,21.31372548,#DIV/0!,9.325759467,11.82948639,,
1694,45854,LMF,Sample 8,Cynodon,nlemfuensis,Cynodon nlemfuensis ,Poaceae,Poales,Grasses,F25 0008,19,49,1,1,212,,,,,,,,,,,,,,,Eliminado DMD,
1695,45854,LMF,Sample 8,Cynodon,nlemfuensis,Cynodon nlemfuensis ,Poaceae,Poales,Grasses,F25 0008,19,49,1,2,213,15.3,15.9,23.89518241,56.97230992,110.5343229,44.31794899,4.00942873,15.3,15.64834951,17.29679718,39.02887561,332.8773808,9.600021688,21.6617012,,
1696,45854,LMF,Sample 8,Cynodon,nlemfuensis,Cynodon nlemfuensis ,Poaceae,Poales,Grasses,F25 0008,19,49,1,3,214,,,,,,,,,,,,,,,Eliminado DMD,
1701,45859,Genetic bank,CIAT-PM21_3535,Megathyrsus ,maximus,Megathyrsus maximus,Poaceae,Poales,Grasses,F25 2077,19,50,2,1,3,13.4,16.9,36.43277813,79.88660985,155.8276121,55.0189357,3.530756518,13.4,15.30380355,23.84755162,43.34426196,357.5654956,13.23580374,24.05681529,,
1702,45859,Genetic bank,CIAT-PM21_3535,Megathyrsus ,maximus,Megathyrsus maximus,Poaceae,Poales,Grasses,F25 2077,19,50,2,2,4,13.9,16.8,36.8752815,82.09912674,155.9992323,55.57489835,3.562511016,13.9,15.4974488,24.17590115,43.50147614,363.4715501,13.4180434,24.14407188,,
1703,45859,Genetic bank,CIAT-PM21_3535,Megathyrsus ,maximus,Megathyrsus maximus,Poaceae,Poales,Grasses,F25 2077,19,50,2,3,5,14.7,16.9,35.10526799,79.44410647,153.5948612,55.74515807,3.629363484,14.7,15.92784998,24.46435908,43.88606997,358.9310423,13.57814255,24.35752811,,
1704,45859,Genetic bank,CIAT-PM21_6106,Megathyrsus ,maximus,Megathyrsus maximus,Poaceae,Poales,Grasses,F25 2078,19,50,2,1,6,14.5,17.8,35.10526799,75.01907269,148.7119301,61.56278369,4.139734025,14.5,16.25576091,24.1742558,39.26764574,289.0918097,13.41713021,21.79422276,,
1705,45859,Genetic bank,CIAT-PM21_6106,Megathyrsus ,maximus,Megathyrsus maximus,Poaceae,Poales,Grasses,F25 2078,19,50,2,2,7,14.3,17.3,39.53030177,82.9841335,160.5845461,57.64014678,3.589395628,14.3,15.87092073,25.48624601,44.21613656,362.9873342,14.14530748,24.54072078,,
1706,45859,Genetic bank,CIAT-PM21_6106,Megathyrsus ,maximus,Megathyrsus maximus,Poaceae,Poales,Grasses,F25 2078,19,50,2,3,8,14.7,17.5,37.31778488,79.88660985,154.4500972,59.36063566,3.843353726,14.7,16.19202363,25.00859624,42.12993336,332.7728703,13.88020359,23.3828419,,
1707,45859,Genetic bank,CIAT-PM21_2580,Megathyrsus ,maximus,Megathyrsus maximus,Poaceae,Poales,Grasses,F25 2079,19,50,2,1,9,13.4,16.7,42.18532204,89.17918079,173.1303337,59.23110107,3.421185635,13.4,15.13896791,26.21014567,44.25064737,361.7209703,14.54708431,24.55987487,,
1708,45859,Genetic bank,CIAT-PM21_2580,Megathyrsus ,maximus,Megathyrsus maximus,Poaceae,Poales,Grasses,F25 2079,19,50,2,2,10,13.5,17,42.18532204,88.73667741,173.9493379,58.57913979,3.367597744,13.5,15.33610372,26.67705089,45.54018885,374.6745093,14.80622478,25.27559271,,
1709,45859,Genetic bank,CIAT-PM21_2580,Megathyrsus ,maximus,Megathyrsus maximus,Poaceae,Poales,Grasses,F25 2079,19,50,2,3,11,14,17.1,44.39783893,93.16171119,187.5175328,63.14530958,3.367434961,14,15.62264091,29.29519079,46.39329665,335.8068884,16.25933773,25.74908229,,
1710,45859,Genetic bank,CIAT-CIAT_16031,Megathyrsus ,maximus,Megathyrsus maximus,Poaceae,Poales,Grasses,F25 2080,19,50,2,1,12,13.9,17.2,40.41530853,82.54163012,161.0174984,54.48916828,3.384052591,13.9,15.584203,25.09329382,46.05189364,418.0301103,13.92721221,25.55959772,,
1711,45859,Genetic bank,CIAT-CIAT_16031,Megathyrsus ,maximus,Megathyrsus maximus,Poaceae,Poales,Grasses,F25 2080,19,50,2,2,13,13.5,17.1,40.85781191,84.31164363,166.1724907,53.6042679,3.225820813,13.5,15.35542337,25.51648948,47.60160054,439.9718505,14.16209312,26.41971186,,
1712,45859,Genetic bank,CIAT-CIAT_16031,Megathyrsus ,maximus,Megathyrsus maximus,Poaceae,Poales,Grasses,F25 2080,19,50,2,3,14,13.3,17.2,39.97280515,81.65662336,158.1915208,55.22952216,3.491307364,13.3,15.29085983,24.18884371,43.79694548,391.4378639,13.42522675,24.30806247,,
1713,45859,Genetic bank,CIAT-CIAT_26936,Megathyrsus ,maximus,Megathyrsus maximus,Poaceae,Poales,Grasses,F25 2081,19,50,2,1,15,14.6,17.1,38.20279164,84.75414701,161.73999,53.3028448,3.295588481,14.6,15.97312913,25.83493747,48.46821509,448.518608,14.33883727,26.90069793,,
1714,45859,Genetic bank,CIAT-CIAT_26936,Megathyrsus ,maximus,Megathyrsus maximus,Poaceae,Poales,Grasses,F25 2081,19,50,2,2,16,14.2,17.1,40.41530853,85.19665039,158.837589,51.63839142,3.251018336,14.2,15.72430748,24.97611089,48.36732942,483.717516,13.86217365,26.84470463,,
1715,45859,Genetic bank,CIAT-CIAT_26936,Megathyrsus ,maximus,Megathyrsus maximus,Poaceae,Poales,Grasses,F25 2081,19,50,2,3,17,14.3,16.9,39.08779839,87.85167065,170.970645,58.02200703,3.393682408,14.3,15.74318334,26.91622211,46.38967779,371.4009522,14.93896895,25.74707376,,
1716,45859,Genetic bank,CIAT-PM21_0074,Megathyrsus ,maximus,Megathyrsus maximus,Poaceae,Poales,Grasses,F25 2082,19,50,2,1,18,14.1,17.1,41.74281866,82.54163012,161.9553295,53.69432647,3.315378791,14.1,15.58284489,25.23724779,47.00170288,457.3489341,14.00710915,26.08675828,,
1717,45859,Genetic bank,CIAT-PM21_0074,Megathyrsus ,maximus,Megathyrsus maximus,Poaceae,Poales,Grasses,F25 2082,19,50,2,2,19,13.8,17,42.18532204,82.9841335,154.834695,49.32392327,3.185585974,13.8,15.37326697,23.80315103,48.25883558,597.8184771,13.21116064,26.78448867,,
1718,45859,Genetic bank,CIAT-PM21_0074,Megathyrsus ,maximus,Megathyrsus maximus,Poaceae,Poales,Grasses,F25 2082,19,50,2,3,20,13.5,16.7,42.18532204,85.63915376,163.6886242,57.03226726,3.484192476,13.5,15.12369962,24.75577583,43.40661352,388.8862393,13.73988389,24.09142148,,
1719,45859,Genetic bank,CIAT-PM21_0072,Megathyrsus ,maximus,Megathyrsus maximus,Poaceae,Poales,Grasses,F25 2083,19,50,2,1,21,13.7,16.9,36.8752815,79.88660985,160.2866917,55.87865905,3.486169591,13.7,15.42289513,24.72084836,44.24023192,369.1390296,13.72049854,24.55409412,,
1720,45859,Genetic bank,CIAT-PM21_0072,Megathyrsus ,maximus,Megathyrsus maximus,Poaceae,Poales,Grasses,F25 2083,19,50,2,2,22,13.3,16.9,40.41530853,84.75414701,168.474394,55.59252148,3.29976088,13.3,15.18332753,25.58001906,46.01341759,390.6039188,14.19735314,25.53824284,,
1721,45859,Genetic bank,CIAT-PM21_0072,Megathyrsus ,maximus,Megathyrsus maximus,Poaceae,Poales,Grasses,F25 2083,19,50,2,3,23,13.7,16.8,37.76028826,82.09912674,164.1414846,54.29580694,3.307866202,13.7,15.3742005,25.23544096,46.4776976,407.3333715,14.00610633,25.79592628,,
1722,45859,Genetic bank,CIAT-PM21_6598,Megathyrsus ,maximus,Megathyrsus maximus,Poaceae,Poales,Grasses,F25 2084,19,50,2,1,24,14.1,17.1,39.08779839,85.19665039,159.5627427,55.14462517,3.455983787,14.1,15.72361496,25.08903128,45.4967845,425.1424214,13.92484643,25.25150254,,
1723,45859,Genetic bank,CIAT-PM21_6598,Megathyrsus ,maximus,Megathyrsus maximus,Poaceae,Poales,Grasses,F25 2084,19,50,2,2,25,13.7,16.9,41.30031528,87.40916728,169.847764,53.28704787,3.137341736,13.7,15.3880189,26.13620602,49.04795267,469.1003513,14.50604653,27.22246232,,
1724,45859,Genetic bank,CIAT-PM21_6598,Megathyrsus ,maximus,Megathyrsus maximus,Poaceae,Poales,Grasses,F25 2084,19,50,2,3,26,13.8,17,41.30031528,85.63915376,169.6529478,49.32548707,2.90743472,13.8,15.45676886,26.222864,53.1629094,585.0869639,14.5541432,29.50633449,,
1725,45859,Genetic bank,CIAT-PM21_6647,Megathyrsus ,maximus,Megathyrsus maximus,Poaceae,Poales,Grasses,F25 2085,19,50,2,1,27,14.3,17.1,39.08779839,82.09912674,164.0521778,50.26428577,3.063920664,14.3,15.76690622,25.86595303,51.45990365,521.0940859,14.35605144,28.56113684,,
1726,45859,Genetic bank,CIAT-PM21_6647,Megathyrsus ,maximus,Megathyrsus maximus,Poaceae,Poales,Grasses,F25 2085,19,50,2,2,28,14,16.8,41.30031528,84.31164363,163.7485857,53.7760602,3.284062575,14,15.42841148,25.26380559,46.97965135,431.4715306,14.02184919,26.0745193,,
1727,45859,Genetic bank,CIAT-PM21_6647,Megathyrsus ,maximus,Megathyrsus maximus,Poaceae,Poales,Grasses,F25 2085,19,50,2,3,29,13.7,16.8,41.30031528,86.52416052,173.2491265,56.38945294,3.254818889,13.7,15.3202864,26.54226235,47.06955108,388.7642049,14.73141482,26.1244152,,
1728,45859,Genetic bank,CIAT-PM21_0819,Megathyrsus ,maximus,Megathyrsus maximus,Poaceae,Poales,Grasses,F25 2086,19,50,2,1,30,13.9,17,39.08779839,81.65662336,156.6638055,54.95201733,3.507639633,13.9,15.51607659,24.30807605,44.23509315,415.3532572,13.49140277,24.55124201,,
1729,45859,Genetic bank,CIAT-PM21_0819,Megathyrsus ,maximus,Megathyrsus maximus,Poaceae,Poales,Grasses,F25 2086,19,50,2,2,31,13.5,16.7,41.30031528,86.08165714,177.2310358,53.59304549,3.023908609,13.5,15.16470185,26.87655817,50.14933919,459.5287412,14.91695478,27.83375089,,
1730,45859,Genetic bank,CIAT-PM21_0819,Megathyrsus ,maximus,Megathyrsus maximus,Poaceae,Poales,Grasses,F25 2086,19,50,2,3,32,13.2,16.3,39.97280515,83.86914025,170.6928382,52.07037621,3.05053081,13.2,14.82251143,25.30096546,48.58994173,477.0639025,14.04247356,26.96825832,,
1731,45859,Genetic bank,CIAT-CIAT_16021,Megathyrsus ,maximus,Megathyrsus maximus,Poaceae,Poales,Grasses,F25 2087,19,50,2,1,33,15.1,17.5,34.66276461,78.55909972,155.5985588,43.9672394,2.825684232,15.1,16.44104394,25.58202741,58.18429303,622.566482,14.19846781,32.29328928,,
1732,45859,Genetic bank,CIAT-CIAT_16021,Megathyrsus ,maximus,Megathyrsus maximus,Poaceae,Poales,Grasses,F25 2087,19,50,2,2,34,14.1,17.7,36.8752815,81.65662336,160.2641995,35.74250717,2.230224048,14.1,16.07427746,25.76131209,72.07472034,1440.317302,14.2979739,40.00271676,,
1733,45859,Genetic bank,CIAT-CIAT_16021,Megathyrsus ,maximus,Megathyrsus maximus,Poaceae,Poales,Grasses,F25 2087,19,50,2,3,35,14.5,17.5,35.10526799,80.77161661,155.9820037,47.31826304,3.033571946,14.5,16.19612856,25.26304585,53.3896306,513.2960484,14.02142752,29.63216868,,
1734,45859,Genetic bank,CIAT-PM21_6640,Megathyrsus ,maximus,Megathyrsus maximus,Poaceae,Poales,Grasses,F25 2088,19,50,2,1,36,13.9,17.1,35.10526799,75.90407945,148.726702,46.82179507,3.148176787,13.9,15.62001555,23.23113397,49.61606861,622.8531237,12.89368128,27.53777649,,
1735,45859,Genetic bank,CIAT-PM21_6640,Megathyrsus ,maximus,Megathyrsus maximus,Poaceae,Poales,Grasses,F25 2088,19,50,2,2,37,13.3,17.1,35.10526799,81.21411998,157.0411483,55.19691149,3.514805648,13.3,15.45742826,24.27452284,43.97804547,394.9341854,13.47278015,24.4085761,,
1736,45859,Genetic bank,CIAT-PM21_6640,Megathyrsus ,maximus,Megathyrsus maximus,Poaceae,Poales,Grasses,F25 2088,19,50,2,3,38,13.9,17.1,34.22026124,78.11659634,156.1362475,50.65064108,3.244002715,13.9,15.69818731,24.51056059,48.39141237,493.1821078,13.60378519,26.85807109,,
1737,45859,Genetic bank,CIAT-PM21_0065,Megathyrsus ,maximus,Megathyrsus maximus,Poaceae,Poales,Grasses,F25 2089,19,50,2,1,39,14.2,17,40.85781191,85.63915376,165.52187,46.771166,2.825678927,14.2,15.66414054,25.92757835,55.43496253,747.7022391,14.39025456,30.76736329,,
1738,45859,Genetic bank,CIAT-PM21_0065,Megathyrsus ,maximus,Megathyrsus maximus,Poaceae,Poales,Grasses,F25 2089,19,50,2,2,40,13.9,17.1,42.18532204,84.75414701,157.8164973,51.06531425,3.235739932,13.9,15.50723982,24.47298272,47.92486462,535.1153953,13.58292882,26.59912901,,
1739,45859,Genetic bank,CIAT-PM21_0065,Megathyrsus ,maximus,Megathyrsus maximus,Poaceae,Poales,Grasses,F25 2089,19,50,2,3,41,13.8,17.1,41.30031528,84.31164363,159.6482123,50.50263416,3.163369852,13.8,15.48348495,24.71910693,48.94617348,550.9648999,13.71953201,27.1659731,,
1740,45859,Genetic bank,CIAT-PM21_6629,Megathyrsus ,maximus,Megathyrsus maximus,Poaceae,Poales,Grasses,F25 2090,19,50,2,1,42,13.8,16.5,30.68023421,73.69156256,139.0865113,44.45339621,3.19609686,13.8,15.37590072,21.3858039,48.10836904,473.8560695,11.86949116,26.70097714,,
1741,45859,Genetic bank,CIAT-PM21_6629,Megathyrsus ,maximus,Megathyrsus maximus,Poaceae,Poales,Grasses,F25 2090,19,50,2,2,43,13.3,16.6,35.54777137,78.11659634,155.1332106,43.63962688,2.813042205,13.3,15.0983006,23.42247847,53.6724994,517.3593934,12.99988079,29.78916576,,
1742,45859,Genetic bank,CIAT-PM21_6629,Megathyrsus ,maximus,Megathyrsus maximus,Poaceae,Poales,Grasses,F25 2090,19,50,2,3,44,13.5,16.5,33.77775786,77.67409296,151.1000626,45.62863125,3.019762564,13.5,15.19540448,22.96026569,50.31986509,462.4663266,12.74334469,27.92839571,,
1743,45859,Genetic bank,CIAT-PM21_6641,Megathyrsus ,maximus,Megathyrsus maximus,Poaceae,Poales,Grasses,F25 2091,19,50,2,1,45,14.3,17.2,39.97280515,79.88660985,152.6615715,50.42922497,3.30333459,14.3,15.7489291,24.04256266,47.675852,587.8458607,13.34403824,26.4609227,,
1744,45859,Genetic bank,CIAT-PM21_6641,Megathyrsus ,maximus,Megathyrsus maximus,Poaceae,Poales,Grasses,F25 2091,19,50,2,2,46,14.3,17.5,40.85781191,80.32911323,157.5610229,52.49383666,3.331651173,14.3,15.8723834,25.00868964,47.64119224,516.7037428,13.88025543,26.44168594,,
1745,45859,Genetic bank,CIAT-PM21_6641,Megathyrsus ,maximus,Megathyrsus maximus,Poaceae,Poales,Grasses,F25 2091,19,50,2,3,47,14.1,17.6,40.85781191,81.21411998,158.8276169,47.3339399,2.980208405,14.1,15.83919361,25.15701375,53.14793952,779.8719691,13.96257787,29.49802595,,
1746,45859,Genetic bank,CIAT-CIAT_16025,Megathyrsus ,maximus,Megathyrsus maximus,Poaceae,Poales,Grasses,F25 2092,19,50,2,1,48,13.7,16.4,32.45024772,74.13406594,145.9874529,48.72110107,3.337348526,13.7,15.21814564,22.21658321,45.59950969,444.4009224,12.33058805,25.3085168,,
1747,45859,Genetic bank,CIAT-CIAT_16025,Megathyrsus ,maximus,Megathyrsus maximus,Poaceae,Poales,Grasses,F25 2092,19,50,2,2,49,13.1,16.5,33.77775786,72.8065558,147.3685255,35.18797677,2.387753875,13.1,14.9226094,21.99122943,62.49643046,1907.675875,12.20551281,34.68660016,,
1748,45859,Genetic bank,CIAT-CIAT_16025,Megathyrsus ,maximus,Megathyrsus maximus,Poaceae,Poales,Grasses,F25 2092,19,50,2,3,50,12.9,16.4,31.56524097,71.92154905,142.0699304,49.76695611,3.50299011,12.9,14.86390484,21.11713926,42.43204912,397.2871005,11.72037764,23.55052138,,
1751,45859,Genetic bank,CIAT-PM21_0070,Megathyrsus ,maximus,Megathyrsus maximus,Poaceae,Poales,Grasses,F25 2093,19,50,2,1,53,13.2,16.9,37.76028826,85.63915376,165.2201117,54.60453475,3.304956895,13.2,15.26858422,25.22677191,46.19904194,409.6161768,14.00129486,25.64126757,,
1752,45859,Genetic bank,CIAT-PM21_0070,Megathyrsus ,maximus,Megathyrsus maximus,Poaceae,Poales,Grasses,F25 2093,19,50,2,2,54,14,17.1,41.74281866,94.04671795,180.6836563,60.63437195,3.355830472,14,15.72405897,28.41080467,46.85593955,360.9902494,15.76848813,26.00585711,,
1753,45859,Genetic bank,CIAT-PM21_0070,Megathyrsus ,maximus,Megathyrsus maximus,Poaceae,Poales,Grasses,F25 2093,19,50,2,3,55,13.4,16.8,36.8752815,85.19665039,163.4436702,60.82569291,3.721508018,13.4,15.32839335,25.05328867,41.18866136,316.5739333,13.90500866,22.86041966,,
1754,45859,Genetic bank,CIAT-PM21_4926,Megathyrsus ,maximus,Megathyrsus maximus,Poaceae,Poales,Grasses,F25 2094,19,50,2,1,56,13.5,16.8,28.9102207,72.36405242,142.5942871,46.61880991,3.269332233,13.5,15.48161435,22.07589762,47.35405657,444.5576748,12.25250511,26.28232067,,
1755,45859,Genetic bank,CIAT-PM21_4926,Megathyrsus ,maximus,Megathyrsus maximus,Poaceae,Poales,Grasses,F25 2094,19,50,2,2,57,14.1,16.8,28.46771732,73.24905918,150.1006507,51.00405931,3.397990552,14.1,15.75066452,23.64184994,46.35287908,368.0677136,13.12163574,25.72664984,,
1756,45859,Genetic bank,CIAT-PM21_4926,Megathyrsus ,maximus,Megathyrsus maximus,Poaceae,Poales,Grasses,F25 2094,19,50,2,3,58,14,16.9,28.46771732,69.70903215,138.7971315,47.01702841,3.387463984,14,15.71570038,21.81294133,46.39370472,425.3049857,12.10655982,25.74930878,,
1757,45859,Genetic bank,CIAT-PM21_3662,Megathyrsus ,maximus,Megathyrsus maximus,Poaceae,Poales,Grasses,F25 2095,19,50,2,1,59,13.4,17,36.8752815,82.09912674,162.3562555,54.79289307,3.374855677,13.4,15.38303989,24.97532754,45.5813266,375.84425,13.86173889,25.29842487,,
1758,45859,Genetic bank,CIAT-PM21_3662,Megathyrsus ,maximus,Megathyrsus maximus,Poaceae,Poales,Grasses,F25 2095,19,50,2,2,60,13.5,16.5,35.10526799,83.42663687,160.5393403,60.41678828,3.763363432,13.5,15.23762376,24.46238067,40.48937616,303.6655637,13.5770445,22.47230428,,
1759,45859,Genetic bank,CIAT-PM21_3662,Megathyrsus ,maximus,Megathyrsus maximus,Poaceae,Poales,Grasses,F25 2095,19,50,2,3,61,13.5,16.8,36.43277813,80.32911323,154.2464725,58.63929172,3.801661766,13.5,15.30330518,23.60480842,40.25425227,313.1821634,13.10107706,22.34180645,,
1760,45859,Genetic bank,CIAT-PM21_4448,Megathyrsus ,maximus,Megathyrsus maximus,Poaceae,Poales,Grasses,F25 2096,19,50,2,1,62,,,,,,,,,,,,,,,Eliminado DMD,
1761,45859,Genetic bank,CIAT-PM21_4448,Megathyrsus ,maximus,Megathyrsus maximus,Poaceae,Poales,Grasses,F25 2096,19,50,2,2,63,,,,,,,,,,,,,,,Eliminado DMD,
1762,45859,Genetic bank,CIAT-PM21_4448,Megathyrsus ,maximus,Megathyrsus maximus,Poaceae,Poales,Grasses,F25 2096,19,50,2,3,64,,,,,,,,,,,,,,,Eliminado DMD,
1763,45859,Genetic bank,CIAT-PM21_0079,Megathyrsus ,maximus,Megathyrsus maximus,Poaceae,Poales,Grasses,F25 2097,19,50,2,1,65,13.1,16.6,32.00774435,74.57656931,140.3530954,61.81422218,4.404193722,13.1,15.09782437,21.19026384,34.28056375,254.1767605,11.76096305,19.02630597,,
1764,45859,Genetic bank,CIAT-PM21_0079,Megathyrsus ,maximus,Megathyrsus maximus,Poaceae,Poales,Grasses,F25 2097,19,50,2,2,66,13.1,16.2,35.99027475,82.09912674,162.9488684,51.21405862,3.142952702,13.1,14.84103485,24.18329835,47.2200388,422.5543425,13.42214898,26.20793849,,
1765,45859,Genetic bank,CIAT-PM21_0079,Megathyrsus ,maximus,Megathyrsus maximus,Poaceae,Poales,Grasses,F25 2097,19,50,2,3,67,13,16.2,35.10526799,80.32911323,156.6330243,50.35577215,3.214888582,13,14.80154242,23.18410354,46.04060775,431.0604949,12.86757857,25.55333385,,
1766,45859,Genetic bank,CIAT-CIAT_6986,Megathyrsus ,maximus,Megathyrsus maximus,Poaceae,Poales,Grasses,F25 2098,19,50,2,1,68,13.4,16.4,26.25520043,60.85896459,121.5370336,62.37599953,5.132262793,13.4,15.1057683,18.35910269,29.43295951,193.0735901,10.18961962,16.33580175,,
1767,45859,Genetic bank,CIAT-CIAT_6986,Megathyrsus ,maximus,Megathyrsus maximus,Poaceae,Poales,Grasses,F25 2098,19,50,2,2,69,13.2,16.4,36.43277813,85.19665039,171.823676,37.8425599,2.202406606,13.2,15.03157895,25.8278115,68.25069862,951.6887668,14.33488223,37.88031854,,
1768,45859,Genetic bank,CIAT-CIAT_6986,Megathyrsus ,maximus,Megathyrsus maximus,Poaceae,Poales,Grasses,F25 2098,19,50,2,3,70,13.3,16.2,33.77775786,82.09912674,168.310571,48.03022708,2.853666695,13.3,15.0068631,25.25813696,52.58800238,445.7318096,14.01870301,29.18725115,,
1769,45859,Genetic bank,CIAT-PM21_4852,Megathyrsus ,maximus,Megathyrsus maximus,Poaceae,Poales,Grasses,F25 2099,19,50,2,1,71,13.6,16.4,34.22026124,85.63915376,166.5459082,47.33643439,2.842245416,13.6,15.28115742,25.45014241,53.7643841,472.1640178,14.12526935,29.84016336,,
1770,45859,Genetic bank,CIAT-PM21_4852,Megathyrsus ,maximus,Megathyrsus maximus,Poaceae,Poales,Grasses,F25 2099,19,50,2,2,72,13.5,16.4,34.22026124,82.54163012,166.7144521,46.09255086,2.764760359,13.5,15.19771265,25.33678338,54.96936688,482.3109216,14.06235313,30.50894964,,
1771,45859,Genetic bank,CIAT-PM21_4852,Megathyrsus ,maximus,Megathyrsus maximus,Poaceae,Poales,Grasses,F25 2099,19,50,2,3,73,13.8,16,34.22026124,75.90407945,146.8458613,37.0860243,2.525506948,13.8,15.00816168,22.03886428,59.42633297,834.743607,12.23195097,32.98264293,,
1772,45859,Genetic bank,CIAT-PM21_0078,Megathyrsus ,maximus,Megathyrsus maximus,Poaceae,Poales,Grasses,F25 2100,19,50,2,1,74,13.4,16.8,36.43277813,80.32911323,154.333325,50.33536049,3.261470618,13.4,15.25795079,23.54810278,46.78242601,485.1296877,13.06960445,25.96505582,,
1773,45859,Genetic bank,CIAT-PM21_0078,Megathyrsus ,maximus,Megathyrsus maximus,Poaceae,Poales,Grasses,F25 2100,19,50,2,2,75,13.3,16.9,35.99027475,79.00160309,161.1581571,46.83928667,2.906417367,13.3,15.25997013,24.59268663,52.50440043,602.6714768,13.64936656,29.14085062,,
1774,45859,Genetic bank,CIAT-PM21_0078,Megathyrsus ,maximus,Megathyrsus maximus,Poaceae,Poales,Grasses,F25 2100,19,50,2,3,76,13.7,16.6,33.77775786,78.11659634,150.0291173,40.25077823,2.682864431,13.7,15.34603474,23.02352046,57.20018711,1188.177461,12.77845219,31.74709347,,
1775,45859,Genetic bank,CIAT-CIAT_16071,Megathyrsus ,maximus,Megathyrsus maximus,Poaceae,Poales,Grasses,F25 2101,19,50,2,1,77,,,,,,,,,,,,,,,,
1776,45859,Genetic bank,CIAT-CIAT_16071,Megathyrsus ,maximus,Megathyrsus maximus,Poaceae,Poales,Grasses,F25 2101,19,50,2,2,78,,,,,,,,,,,,,,,,
1777,45859,Genetic bank,CIAT-CIAT_16071,Megathyrsus ,maximus,Megathyrsus maximus,Poaceae,Poales,Grasses,F25 2101,19,50,2,3,79,,,,,,,,,,,,,,,,
1778,45859,Genetic bank,CIAT-PM21_0876,Megathyrsus ,maximus,Megathyrsus maximus,Poaceae,Poales,Grasses,F25 2102,19,50,2,1,80,13.1,16.4,35.54777137,82.9841335,164.3006543,45.31503938,2.75805593,13.1,14.98638464,24.62272802,54.33676845,699.2983278,13.66604005,30.15784657,,
1779,45859,Genetic bank,CIAT-PM21_0876,Megathyrsus ,maximus,Megathyrsus maximus,Poaceae,Poales,Grasses,F25 2102,19,50,2,2,81,,,,,,,,,,,,,,,Elimino DMD,
1780,45859,Genetic bank,CIAT-PM21_0876,Megathyrsus ,maximus,Megathyrsus maximus,Poaceae,Poales,Grasses,F25 2102,19,50,2,3,82,13.4,16.3,32.8927511,79.00160309,158.0654564,40.1364242,2.539228058,13.4,15.09256908,23.8561382,59.43762724,1192.54933,13.24056944,32.98891145,,
1781,45859,Genetic bank,CIAT-PM21_3641,Megathyrsus ,maximus,Megathyrsus maximus,Poaceae,Poales,Grasses,F25 2103,19,50,2,1,83,12.9,16.4,35.99027475,79.88660985,153.3337557,24.759816,1.61476616,12.9,14.82319055,22.72895478,91.7977532,-1322.743872,12.61496314,50.94934122,,
1782,45859,Genetic bank,CIAT-PM21_3641,Megathyrsus ,maximus,Megathyrsus maximus,Poaceae,Poales,Grasses,F25 2103,19,50,2,2,84,12.9,16.7,35.99027475,80.32911323,156.4914764,46.05630753,2.943055341,12.9,14.99746603,23.46975601,50.95883119,550.4528429,13.02612064,28.28303295,,
1783,45859,Genetic bank,CIAT-PM21_3641,Megathyrsus ,maximus,Megathyrsus maximus,Poaceae,Poales,Grasses,F25 2103,19,50,2,3,85,13.3,16.5,33.77775786,75.90407945,150.0072488,41.9370737,2.795669811,13.3,15.07598134,22.61506485,53.92618716,718.7399169,12.55175226,29.92996685,,
1784,45859,Breding ,CIAT-BR06_1348,Brachiaria ,interespecifico,Brachiaria interespecifico,Poaceae,Poales,Grasses,F25 2104,19,50,2,1,86,,,,,,,,,,,,,,,Elimino DMD,
1785,45859,Breding ,CIAT-BR06_1348,Brachiaria ,interespecifico,Brachiaria interespecifico,Poaceae,Poales,Grasses,F25 2104,19,50,2,2,87,,,,,,,,,,,,,,,Elimino DMD,
1786,45859,Breding ,CIAT-BR06_1348,Brachiaria ,interespecifico,Brachiaria interespecifico,Poaceae,Poales,Grasses,F25 2104,19,50,2,3,88,,,,,,,,,,,,,,,Elimino DMD,
1787,45859,Breding ,CIAT-BR09_4467,Brachiaria ,interespecifico,Brachiaria interespecifico,Poaceae,Poales,Grasses,F25 2105,19,50,2,1,89,,,,,,,,,,,,,,,Elimino DMD,
1788,45859,Breding ,CIAT-BR09_4467,Brachiaria ,interespecifico,Brachiaria interespecifico,Poaceae,Poales,Grasses,F25 2105,19,50,2,2,90,,,,,,,,,,,,,,,Elimino DMD,
1789,45859,Breding ,CIAT-BR09_4467,Brachiaria ,interespecifico,Brachiaria interespecifico,Poaceae,Poales,Grasses,F25 2105,19,50,2,3,91,,,,,,,,,,,,,,,Elimino DMD,
1790,45859,Breding ,CIAT-BR09_4777,Brachiaria ,interespecifico,Brachiaria interespecifico,Poaceae,Poales,Grasses,F25 2106,19,50,2,1,92,12.6,15.4,36.8752815,80.77161661,152.6897647,35.67006688,2.336113815,12.6,14.12169467,21.56238237,60.44951483,-1255.838855,11.96749527,33.55052657,,
1791,45859,Breding ,CIAT-BR09_4777,Brachiaria ,interespecifico,Brachiaria interespecifico,Poaceae,Poales,Grasses,F25 2106,19,50,2,2,93,12.3,15.4,39.97280515,84.31164363,162.3721778,51.89208954,3.195873223,12.3,13.93026592,22.61887615,43.58829324,637.4526797,12.5538676,24.19225687,,
1792,45859,Breding ,CIAT-BR09_4777,Brachiaria ,interespecifico,Brachiaria interespecifico,Poaceae,Poales,Grasses,F25 2106,19,50,2,3,94,12.1,15.2,40.85781191,83.86914025,159.1370862,21.33192766,1.340474944,12.1,13.68979951,21.78554804,102.1264856,-343.8048439,12.09135607,56.68196643,,
1793,45859,LMF,Hohenheimer Heustandard,Hohemheimer,Heustandard,Hohenheimer Heustandard,Poaceae,Poales,Grasses,F25 0017,19,50,2,1,95,14.2,17.1,19.17514638,40.94631258,81.30554433,67.71313294,8.328230689,14.2,15.74193084,12.79906255,18.90189096,#DIV/0!,7.103701154,10.4908765,,
1794,45859,LMF,Hohenheimer Heustandard,Hohemheimer,Heustandard,Hohenheimer Heustandard,Poaceae,Poales,Grasses,F25 0017,19,50,2,2,96,14.2,17.7,24.9276903,40.94631258,82.1096651,53.03586,6.459149473,14.2,15.56923631,12.78384779,24.10415857,#DIV/0!,7.095256699,13.37822503,,
1795,45859,LMF,Hohenheimer Heustandard,Hohemheimer,Heustandard,Hohenheimer Heustandard,Poaceae,Poales,Grasses,F25 0017,19,50,2,3,97,14.4,17.3,24.9276903,47.14135987,95.37102372,76.87612738,8.060742601,14.4,15.76652065,15.03669215,19.5596379,#DIV/0!,8.345624293,10.85593744,,
1796,45859,LMF,Homenheim Concentrate,Hohemheimer,Concentrate,Homenheim Concentrate,Poaceae,Poales,Grasses,F25 0018,19,50,2,1,98,14.8,17.8,31.12273759,55.99142744,113.3361858,43.66733988,3.852903604,14.8,16.13245522,18.28390942,41.87090276,#DIV/0!,10.14788606,23.23907544,,
1797,45859,LMF,Homenheim Concentrate,Hohemheimer,Concentrate,Homenheim Concentrate,Poaceae,Poales,Grasses,F25 0018,19,50,2,2,99,15,18.3,30.23773083,53.33640717,111.672215,75.23113435,6.73678178,15,16.42914823,18.34679374,24.38723528,#DIV/0!,10.18278794,13.5353375,,
1798,45859,LMF,Homenheim Concentrate,Hohemheimer,Concentrate,Homenheim Concentrate,Poaceae,Poales,Grasses,F25 0018,19,50,2,3,100,14.9,18,32.00774435,58.6464477,119.1864524,57.87067665,4.855474383,14.9,16.30809859,19.43704417,33.58703456,#DIV/0!,10.78789579,18.64138527,,
1799,45859,LMF,Sample 8,Cynodon,nlemfuensis,Cynodon nlemfuensis ,Poaceae,Poales,Grasses,F25 0008,19,50,2,1,101,14.7,17,24.9276903,59.53145446,115.7098443,39.90154585,3.448414098,14.7,16.03691774,18.55629255,46.50519712,455.1597359,10.29906341,25.81118899,,
1800,45859,LMF,Sample 8,Cynodon,nlemfuensis,Cynodon nlemfuensis ,Poaceae,Poales,Grasses,F25 0008,19,50,2,2,102,14.2,16.6,23.60018016,56.43393081,109.5894363,19.17783727,1.74997134,14.2,15.59634083,17.091942,89.12340716,-1402.642496,9.486323517,49.4650329,,
1801,45859,LMF,Sample 8,Cynodon,nlemfuensis,Cynodon nlemfuensis ,Poaceae,Poales,Grasses,F25 0008,19,50,2,3,103,14.1,16.3,24.04268354,60.41646122,121.5258913,13.00392817,1.070054128,14.1,15.42451172,18.74477535,144.1470232,-647.4520839,10.40367462,80.00409176,,
1806,45861,0,CIAT-PM21_3535,Megathyrsus ,maximus,Megathyrsus maximus,Poaceae,Poales,Grasses,F25 2077,19,51,3,1,114,14.6,16.9,33.92525898,69.21490338,127.8391728,52.07063258,4.073135912,14.6,15.77266915,20.16364978,38.72365051,365.3869024,11.19117448,21.49229599,,
1807,45861,Genetic bank,CIAT-PM21_3535,Megathyrsus ,maximus,Megathyrsus maximus,Poaceae,Poales,Grasses,F25 2077,19,51,3,2,115,14.3,17.1,33.92525898,71.86992365,134.0397449,53.11308242,3.962487579,14.3,15.77829656,21.14918846,39.81916977,361.1054365,11.7381655,22.10032813,,
1808,45861,Genetic bank,CIAT-PM21_3535,Megathyrsus ,maximus,Megathyrsus maximus,Poaceae,Poales,Grasses,F25 2077,19,51,3,3,116,14.1,16.9,34.36776236,74.52494392,148.3172536,50.02684951,3.372962235,14.1,15.60875804,23.15048124,46.27611267,432.62633,12.84891762,25.68404315,,
1809,45861,Genetic bank,CIAT-PM21_6106,Megathyrsus ,maximus,Megathyrsus maximus,Poaceae,Poales,Grasses,F25 2078,19,51,3,1,117,14.7,17.7,37.02278263,74.08244054,142.3753444,55.27854861,3.882592795,14.7,16.20074664,23.06586882,41.726618,366.6838329,12.80195626,23.1589949,,
1810,45861,Genetic bank,CIAT-PM21_6106,Megathyrsus ,maximus,Megathyrsus maximus,Poaceae,Poales,Grasses,F25 2078,19,51,3,2,118,14.9,17.7,36.13777587,75.40995068,150.2420422,59.1570895,3.937452435,14.9,16.35819071,24.5768798,41.54511319,319.8681467,13.64059349,23.0582566,,
1811,45861,Genetic bank,CIAT-PM21_6106,Megathyrsus ,maximus,Megathyrsus maximus,Poaceae,Poales,Grasses,F25 2078,19,51,3,3,119,14.4,17.6,34.81026574,72.31242703,146.0106175,56.28510894,3.854864111,14.4,16.05956145,23.44866485,41.6605125,339.1169917,13.01441468,23.12230521,,
1812,45861,Genetic bank,CIAT-PM21_2580,Megathyrsus ,maximus,Megathyrsus maximus,Poaceae,Poales,Grasses,F25 2079,19,51,3,1,120,13.8,17.2,40.56280965,82.9325081,165.460445,60.57639557,3.661080179,13.8,15.53703868,25.70765335,42.43840049,327.1032845,14.26819238,23.5540465,,
1813,45861,Genetic bank,CIAT-PM21_2580,Megathyrsus ,maximus,Megathyrsus maximus,Poaceae,Poales,Grasses,F25 2079,19,51,3,2,121,13.5,16.9,39.23529952,82.04750135,165.9924369,57.9999033,3.494129273,13.5,15.27411236,25.35387132,43.71364413,353.7020152,14.07183723,24.26182878,,
1814,45861,Genetic bank,CIAT-PM21_2580,Megathyrsus ,maximus,Megathyrsus maximus,Poaceae,Poales,Grasses,F25 2079,19,51,3,3,122,13.9,16.9,39.23529952,80.71999121,159.4357426,57.61284182,3.613546178,13.9,15.44179991,24.61974835,42.73309139,357.8087572,13.66438628,23.71760505,,
1815,45861,Genetic bank,CIAT-CIAT_16031,Megathyrsus ,maximus,Megathyrsus maximus,Poaceae,Poales,Grasses,F25 2080,19,51,3,1,123,14,17.3,39.23529952,81.60499797,164.4235315,55.73328745,3.389617468,14,15.71337551,25.83648693,46.35737117,392.5688261,14.33969724,25.72914303,,
1816,45861,Genetic bank,CIAT-CIAT_16031,Megathyrsus ,maximus,Megathyrsus maximus,Poaceae,Poales,Grasses,F25 2080,19,51,3,2,124,14,17,37.02278263,76.29495743,147.8044873,54.0671558,3.658018562,14,15.54422426,22.97506097,42.49356312,393.6141213,12.75155633,23.58466271,,
1817,45861,Genetic bank,CIAT-CIAT_16031,Megathyrsus ,maximus,Megathyrsus maximus,Poaceae,Poales,Grasses,F25 2080,19,51,3,3,125,14.2,16.8,36.58027925,76.73746081,148.2846301,55.30444379,3.729614038,14.2,15.56059587,23.07397202,41.72173235,373.0132405,12.80645367,23.15628329,,
1818,45861,Genetic bank,CIAT-CIAT_26936,Megathyrsus ,maximus,Megathyrsus maximus,Poaceae,Poales,Grasses,F25 2081,19,51,3,1,126,14.7,16.6,33.48275561,76.73746081,156.2211709,46.74379649,2.992155048,14.7,15.77097549,24.63760257,52.70774823,593.9112461,13.67429568,29.25371217,,
1819,45861,Genetic bank,CIAT-CIAT_26936,Megathyrsus ,maximus,Megathyrsus maximus,Poaceae,Poales,Grasses,F25 2081,19,51,3,2,127,14.5,16.9,29.05772183,62.13484933,122.4404487,56.2338624,4.592752068,14.5,15.77762611,19.31819621,34.35331557,283.6165669,10.72193312,19.06668449,,
1820,45861,Genetic bank,CIAT-CIAT_26936,Megathyrsus ,maximus,Megathyrsus maximus,Poaceae,Poales,Grasses,F25 2081,19,51,3,3,128,14.6,16.9,33.48275561,75.40995068,142.8710693,49.14915784,3.44010569,14.6,15.87877751,22.68617921,46.15781879,499.4771095,12.59122196,25.61838801,,
1821,45861,Genetic bank,CIAT-PM21_0074,Megathyrsus ,maximus,Megathyrsus maximus,Poaceae,Poales,Grasses,F25 2082,19,51,3,1,129,14.2,17,38.79279614,72.31242703,136.100056,60.28744576,4.429641511,14.2,15.49790923,21.09266314,34.98682499,292.1692453,11.70679297,19.41829318,,
1822,45861,Genetic bank,CIAT-PM21_0074,Megathyrsus ,maximus,Megathyrsus maximus,Poaceae,Poales,Grasses,F25 2082,19,51,3,2,130,14,17.1,35.6952725,67.00238649,126.0386509,59.89480111,4.752097925,14,15.44848652,19.47106398,32.50877141,274.2083169,10.80677738,18.04293057,,
1823,45861,Genetic bank,CIAT-PM21_0074,Megathyrsus ,maximus,Megathyrsus maximus,Poaceae,Poales,Grasses,F25 2082,19,51,3,3,131,14.1,17.3,38.79279614,72.75493041,136.2778315,50.38137299,3.696960279,14.1,15.59376584,21.25084593,42.17996586,493.6731547,11.79458715,23.41061081,,
1824,45861,Genetic bank,CIAT-PM21_0072,Megathyrsus ,maximus,Megathyrsus maximus,Poaceae,Poales,Grasses,F25 2083,19,51,3,1,132,13.8,17.1,37.46528601,71.86992365,137.8961939,51.9367841,3.76636821,13.8,15.3797332,21.20806671,40.83438564,403.0409764,11.77084395,22.66379051,,
1825,45861,Genetic bank,CIAT-PM21_0072,Megathyrsus ,maximus,Megathyrsus maximus,Poaceae,Poales,Grasses,F25 2083,19,51,3,2,133,13.6,16.9,37.46528601,71.42742027,135.6373163,47.49394867,3.501539986,13.6,15.16907589,20.57492744,43.32115569,523.0105078,11.4194407,24.04399091,,
1826,45861,Genetic bank,CIAT-PM21_0072,Megathyrsus ,maximus,Megathyrsus maximus,Poaceae,Poales,Grasses,F25 2083,19,51,3,3,134,13,17,37.02278263,71.86992365,134.5211122,51.6532069,3.839784406,13,14.93945613,20.09672255,38.90701808,397.71275,11.15402871,21.59406817,,
1827,45861,Genetic bank,CIAT-PM21_6598,Megathyrsus ,maximus,Megathyrsus maximus,Poaceae,Poales,Grasses,F25 2084,19,51,3,1,135,10.2,17,39.6778029,72.75493041,136.9161641,50.50651419,3.688864242,10.2,13.29153573,18.19826088,36.03151231,395.8770711,10.10034963,19.99811271,,
1828,45861,Genetic bank,CIAT-PM21_6598,Megathyrsus ,maximus,Megathyrsus maximus,Poaceae,Poales,Grasses,F25 2084,19,51,3,2,136,13.7,16.9,37.46528601,72.31242703,141.266118,43.62047669,3.087822991,13.7,15.24207037,21.53188112,49.36186568,792.2039969,11.95056654,27.39668947,,
1829,45861,Genetic bank,CIAT-PM21_6598,Megathyrsus ,maximus,Megathyrsus maximus,Poaceae,Poales,Grasses,F25 2084,19,51,3,3,137,14.4,17.1,38.79279614,79.39248108,148.6922546,48.27117107,3.246381004,14.4,15.78072457,23.46471515,48.61020488,596.2017608,13.02332287,26.97950471,,
1830,45861,Genetic bank,CIAT-PM21_6647,Megathyrsus ,maximus,Megathyrsus maximus,Poaceae,Poales,Grasses,F25 2085,19,51,3,1,138,14.3,16.8,39.23529952,79.83498446,156.7271389,44.81617419,2.859503114,14.3,15.57136259,24.40455108,54.4547845,748.5194797,13.54494807,30.22334752,,
1831,45861,Genetic bank,CIAT-PM21_6647,Megathyrsus ,maximus,Megathyrsus maximus,Poaceae,Poales,Grasses,F25 2085,19,51,3,2,139,14.2,16.8,41.44781641,81.16249459,155.217188,50.62118515,3.26131312,14.2,15.47223989,24.01557567,47.44174915,494.7791865,13.32905999,26.33099157,,
1832,45861,Genetic bank,CIAT-PM21_6647,Megathyrsus ,maximus,Megathyrsus maximus,Poaceae,Poales,Grasses,F25 2085,19,51,3,3,140,14.4,16.8,38.35029276,75.40995068,141.9897786,44.62376182,3.142744657,14.4,15.5794621,22.12124375,49.57279004,720.0044857,12.277673,27.51375614,,
1833,45861,Genetic bank,CIAT-PM21_0819,Megathyrsus ,maximus,Megathyrsus maximus,Poaceae,Poales,Grasses,F25 2086,19,51,3,1,141,13.7,16.8,38.79279614,78.9499777,149.220042,50.48047872,3.38295567,13.7,15.27678655,22.79602731,45.15810444,510.9383368,12.65218955,25.06352925,,
1834,45861,Genetic bank,CIAT-PM21_0819,Megathyrsus ,maximus,Megathyrsus maximus,Poaceae,Poales,Grasses,F25 2086,19,51,3,2,142,14.1,17.1,39.23529952,77.62246757,151.2048203,39.22390588,2.594090969,14.1,15.58361045,23.56317018,60.07349256,1938.531162,13.07796712,33.34182771,,
1835,45861,Genetic bank,CIAT-PM21_0819,Megathyrsus ,maximus,Megathyrsus maximus,Poaceae,Poales,Grasses,F25 2086,19,51,3,3,143,13.6,16.9,34.81026574,67.44488987,133.6673906,49.48198755,3.701874282,13.6,15.19677419,20.31313152,41.05156749,464.5064682,11.27413943,22.78433019,,
1836,45861,Genetic bank,CIAT-CIAT_16021,Megathyrsus ,maximus,Megathyrsus maximus,Poaceae,Poales,Grasses,F25 2087,19,51,3,1,144,14.5,17.3,33.48275561,74.08244054,141.4384802,39.87917096,2.819541817,14.5,16.03449477,22.67894572,56.86915043,793.8193857,12.58720724,31.56336238,,
1837,45861,Genetic bank,CIAT-CIAT_16021,Megathyrsus ,maximus,Megathyrsus maximus,Poaceae,Poales,Grasses,F25 2087,19,51,3,2,145,14.9,17.9,36.58027925,74.52494392,144.3665204,45.64337323,3.161631459,14.9,16.42746165,23.71575477,51.95881262,529.5903911,13.16265421,28.83803994,,
1838,45861,Genetic bank,CIAT-CIAT_16021,Megathyrsus ,maximus,Megathyrsus maximus,Poaceae,Poales,Grasses,F25 2087,19,51,3,3,146,14.6,17.5,33.92525898,74.52494392,145.0034315,43.98320116,3.033252435,14.6,16.17986145,23.46135432,53.34162521,580.5825136,13.02145755,29.60552486,,
1839,45861,Genetic bank,CIAT-PM21_6640,Megathyrsus ,maximus,Megathyrsus maximus,Poaceae,Poales,Grasses,F25 2088,19,51,3,1,147,13.8,17.2,33.04025223,68.7724,131.2357013,51.93090085,3.957071159,13.8,15.56654155,20.42885997,39.33854341,399.2491156,11.33837072,21.83357219,,
1840,45861,Genetic bank,CIAT-PM21_6640,Megathyrsus ,maximus,Megathyrsus maximus,Poaceae,Poales,Grasses,F25 2088,19,51,3,2,148,13.6,17.1,33.48275561,69.65740676,137.5148653,44.40765475,3.229298496,13.6,15.41762837,21.20153089,47.74296459,699.1972227,11.76721645,26.49817135,,
1841,45861,Genetic bank,CIAT-PM21_6640,Megathyrsus ,maximus,Megathyrsus maximus,Poaceae,Poales,Grasses,F25 2088,19,51,3,3,149,13.7,16.9,30.82773534,66.55988311,128.1283946,47.98624847,3.745168947,13.7,15.41789474,19.75470101,41.16742116,493.176122,10.96420084,22.84863098,,
1842,45861,Genetic bank,CIAT-PM21_0065,Megathyrsus ,maximus,Megathyrsus maximus,Poaceae,Poales,Grasses,F25 2089,19,51,3,1,150,14.1,17,39.23529952,76.29495743,148.514288,47.67591206,3.210190258,14.1,15.50865152,23.03256339,48.31069275,611.9343952,12.78347117,26.8132703,,
1843,45861,Genetic bank,CIAT-PM21_0065,Megathyrsus ,maximus,Megathyrsus maximus,Poaceae,Poales,Grasses,F25 2089,19,51,3,2,151,14.2,16.7,41.44781641,81.16249459,154.8709445,40.59901034,2.621473672,14.2,15.42330759,23.88622213,58.83449357,1485.631728,13.25726654,32.65416183,,
1844,45861,Genetic bank,CIAT-PM21_0065,Megathyrsus ,maximus,Megathyrsus maximus,Poaceae,Poales,Grasses,F25 2089,19,51,3,3,152,14.3,17.2,39.23529952,77.62246757,153.8871223,43.02273512,2.795733293,14.3,15.73415677,24.21284107,56.27917658,1004.173719,13.4385457,31.23591669,,
1845,45861,Genetic bank,CIAT-PM21_6629,Megathyrsus ,maximus,Megathyrsus maximus,Poaceae,Poales,Grasses,F25 2090,19,51,3,1,153,13.9,16.2,30.82773534,68.7724,134.4463056,49.66014898,3.693678956,13.9,15.16900804,20.39417092,41.06747832,336.0417297,11.3191177,22.79316098,,
1846,45861,Genetic bank,CIAT-PM21_6629,Megathyrsus ,maximus,Megathyrsus maximus,Poaceae,Poales,Grasses,F25 2090,19,51,3,2,154,13.6,16.5,34.36776236,72.31242703,144.7941027,31.60004785,2.18241263,13.6,15.12172361,21.89536402,69.28902171,1734.278292,12.15230584,38.45660582,,
1847,45861,Genetic bank,CIAT-PM21_6629,Megathyrsus ,maximus,Megathyrsus maximus,Poaceae,Poales,Grasses,F25 2090,19,51,3,3,155,13.7,16.3,33.04025223,71.42742027,134.4796177,46.22880305,3.437606667,13.7,15.09731544,20.30281209,43.91810029,409.3427996,11.26841197,24.37530549,,
1848,45861,Genetic bank,CIAT-PM21_6641,Megathyrsus ,maximus,Megathyrsus maximus,Poaceae,Poales,Grasses,F25 2091,19,51,3,1,156,14.6,17.3,39.23529952,75.40995068,145.7854835,47.0679068,3.228572947,14.6,15.89520782,23.17290557,49.23292143,745.7687266,12.86136351,27.32512317,,
1849,45861,Genetic bank,CIAT-PM21_6641,Megathyrsus ,maximus,Megathyrsus maximus,Poaceae,Poales,Grasses,F25 2091,19,51,3,2,157,14.6,17.7,40.56280965,77.62246757,152.1677866,55.9703705,3.678201,14.6,16.08004751,24.46865238,43.71715278,413.4639072,13.5805254,24.26377615,,
1850,45861,Genetic bank,CIAT-PM21_6641,Megathyrsus ,maximus,Megathyrsus maximus,Poaceae,Poales,Grasses,F25 2091,19,51,3,3,158,14.1,17.3,39.6778029,76.73746081,152.1742381,47.64747434,3.131113054,14.1,15.64541086,23.80828478,49.96756933,706.5734252,13.21400996,27.73286547,,
1851,45861,Genetic bank,CIAT-CIAT_16025,Megathyrsus ,maximus,Megathyrsus maximus,Poaceae,Poales,Grasses,F25 2092,19,51,3,1,159,13.7,16.6,34.81026574,73.63993716,146.1579177,28.62787608,1.958694851,13.7,15.22914372,22.25859934,77.75148696,-2912.874439,12.35390773,43.15342044,,
1852,45861,Genetic bank,CIAT-CIAT_16025,Megathyrsus ,maximus,Megathyrsus maximus,Poaceae,Poales,Grasses,F25 2092,19,51,3,2,160,13.5,16.8,34.36776236,69.65740676,142.3789459,43.62679418,3.064132404,13.5,15.17183695,21.60150152,49.51429948,587.9733099,11.98920707,27.48129286,,
1853,45861,Genetic bank,CIAT-CIAT_16025,Megathyrsus ,maximus,Megathyrsus maximus,Poaceae,Poales,Grasses,F25 2092,19,51,3,3,161,13.6,16.6,40.56280965,76.73746081,156.1427665,51.26735733,3.283364224,13.6,15.01422393,23.44362461,45.72817058,396.0442086,13.01161726,25.37992581,,
1856,45861,0,CIAT-PM21_0070,Megathyrsus ,maximus,Megathyrsus maximus,Poaceae,Poales,Grasses,F25 2093,19,51,3,1,164,,,,,,,,,,,,,,,Eliminado,
1857,45861,Genetic bank,CIAT-PM21_0070,Megathyrsus ,maximus,Megathyrsus maximus,Poaceae,Poales,Grasses,F25 2093,19,51,3,2,165,,,,,,,,,,,,,,,Eliminado,
1858,45861,Genetic bank,CIAT-PM21_0070,Megathyrsus ,maximus,Megathyrsus maximus,Poaceae,Poales,Grasses,F25 2093,19,51,3,3,166,,,,,,,,,,,,,,,Eliminado,
1859,45861,Genetic bank,CIAT-PM21_4926,Megathyrsus ,maximus,Megathyrsus maximus,Poaceae,Poales,Grasses,F25 2094,19,51,3,1,167,,,,,,,,,,,,,,,Eliminado 10.44%DMD,
1860,45861,Genetic bank,CIAT-PM21_4926,Megathyrsus ,maximus,Megathyrsus maximus,Poaceae,Poales,Grasses,F25 2094,19,51,3,2,168,14.5,16.8,25.07519142,61.24984258,119.5899594,37.40303752,3.127606842,14.5,15.85839856,18.96505239,50.70457816,790.5186352,10.52593219,28.14191812,,
1861,45861,Genetic bank,CIAT-PM21_4926,Megathyrsus ,maximus,Megathyrsus maximus,Poaceae,Poales,Grasses,F25 2094,19,51,3,3,169,15.2,16.8,21.09266102,52.39977502,101.9002678,35.96201859,3.529138772,15.2,16.15594652,16.46295276,45.77872269,824.47384,9.13722361,25.40798311,,
1862,45861,Genetic bank,CIAT-PM21_3662,Megathyrsus ,maximus,Megathyrsus maximus,Poaceae,Poales,Grasses,F25 2095,19,51,3,1,170,,,,,,,,,,,,,,,Eliminado DMD,
1863,45861,Genetic bank,CIAT-PM21_3662,Megathyrsus ,maximus,Megathyrsus maximus,Poaceae,Poales,Grasses,F25 2095,19,51,3,2,171,,,,,,,,,,,,,,,Eliminado DMD,
1864,45861,Genetic bank,CIAT-PM21_3662,Megathyrsus ,maximus,Megathyrsus maximus,Poaceae,Poales,Grasses,F25 2095,19,51,3,3,172,14.3,16.4,29.94272858,67.44488987,127.2947845,46.71899126,3.670141824,14.3,15.46768726,19.68955917,42.14465817,479.7689104,10.92804599,23.39101443,,
1865,45861,Genetic bank,CIAT-PM21_4448,Megathyrsus ,maximus,Megathyrsus maximus,Poaceae,Poales,Grasses,F25 2096,19,51,3,1,173,,,,,,,,,,,,,,,Eliminado DMD,
1866,45861,Genetic bank,CIAT-PM21_4448,Megathyrsus ,maximus,Megathyrsus maximus,Poaceae,Poales,Grasses,F25 2096,19,51,3,2,174,,,,,,,,,,,,,,,Eliminado DMD,
1867,45861,Genetic bank,CIAT-PM21_4448,Megathyrsus ,maximus,Megathyrsus maximus,Poaceae,Poales,Grasses,F25 2096,19,51,3,3,175,,,,,,,,,,,,,,,Eliminado DMD,
1868,45861,Genetic bank,CIAT-PM21_0079,Megathyrsus ,maximus,Megathyrsus maximus,Poaceae,Poales,Grasses,F25 2097,19,51,3,1,176,13.8,16.1,32.15524547,73.63993716,142.7793558,46.71944535,3.272142887,13.8,15.09569354,21.55353399,46.13396805,498.9739897,11.96258426,25.60515043,,
1869,45861,Genetic bank,CIAT-PM21_0079,Megathyrsus ,maximus,Megathyrsus maximus,Poaceae,Poales,Grasses,F25 2097,19,51,3,2,177,,,,,,,,,,,,,,,Eliminado 16.37%DMD,
1870,45861,Genetic bank,CIAT-PM21_0079,Megathyrsus ,maximus,Megathyrsus maximus,Poaceae,Poales,Grasses,F25 2097,19,51,3,3,178,13.7,16.1,32.59774885,73.19743379,145.1727116,39.07292277,2.69147847,13.7,15.03118388,21.82117723,55.84731235,989.0273841,12.11113089,30.99622457,,
1871,45861,Genetic bank,CIAT-CIAT_6986,Megathyrsus ,maximus,Megathyrsus maximus,Poaceae,Poales,Grasses,F25 2098,19,51,3,1,179,13.8,16.4,29.94272858,67.44488987,138.0846225,29.77522001,2.156302379,13.8,15.24570804,21.0519784,70.70301543,4623.14489,11.68421223,39.2413968,,
1872,45861,Genetic bank,CIAT-CIAT_6986,Megathyrsus ,maximus,Megathyrsus maximus,Poaceae,Poales,Grasses,F25 2098,19,51,3,2,180,,,,,,,,,,,,,,,Eliminado,
1873,45861,Genetic bank,CIAT-CIAT_6986,Megathyrsus ,maximus,Megathyrsus maximus,Poaceae,Poales,Grasses,F25 2098,19,51,3,3,181,14.2,16.1,27.73021169,68.32989663,133.1819276,43.96332195,3.300997571,14.2,15.32892607,20.41535922,46.4372534,476.5652303,11.33087757,25.77347905,,
1874,45861,Genetic bank,CIAT-PM21_4852,Megathyrsus ,maximus,Megathyrsus maximus,Poaceae,Poales,Grasses,F25 2099,19,51,3,1,182,14.2,16.2,27.28770831,66.11737974,125.9913321,36.65883469,2.909631486,14.2,15.37456776,19.37062273,52.84025774,778.3071959,10.75103075,29.32725724,,
1875,45861,Genetic bank,CIAT-PM21_4852,Megathyrsus ,maximus,Megathyrsus maximus,Poaceae,Poales,Grasses,F25 2099,19,51,3,2,183,,,,,,,,,,,,,,,Elimino DMD,
1876,45861,Genetic bank,CIAT-PM21_4852,Megathyrsus ,maximus,Megathyrsus maximus,Poaceae,Poales,Grasses,F25 2099,19,51,3,3,184,14.1,16.3,26.84520493,63.90486285,123.9208511,39.75073769,3.207752152,14.1,15.37582227,19.05384983,47.93332385,567.8219717,10.57521631,26.60382403,,
1877,45861,Genetic bank,CIAT-PM21_0078,Megathyrsus ,maximus,Megathyrsus maximus,Poaceae,Poales,Grasses,F25 2100,19,51,3,1,185,14.1,16.4,26.40270156,63.46235947,121.3879749,34.71765596,2.860057265,14.1,15.44311447,18.74608392,53.99582258,5559.094832,10.4044009,29.96861572,,
1878,45861,Genetic bank,CIAT-PM21_0078,Megathyrsus ,maximus,Megathyrsus maximus,Poaceae,Poales,Grasses,F25 2100,19,51,3,2,186,,,,,,,,,,,,,,,Elimino,
1879,45861,Genetic bank,CIAT-PM21_0078,Megathyrsus ,maximus,Megathyrsus maximus,Poaceae,Poales,Grasses,F25 2100,19,51,3,3,187,14.2,16.4,29.5002252,67.00238649,125.0365882,38.43566984,3.073953824,14.2,15.43137039,19.29485904,50.20039751,1405.217598,10.70898059,27.86208914,,
1880,45861,Genetic bank,CIAT-CIAT_16071,Megathyrsus ,maximus,Megathyrsus maximus,Poaceae,Poales,Grasses,F25 2101,19,51,3,1,188,,,,,,,,,,,,,,,,
1881,45861,Genetic bank,CIAT-CIAT_16071,Megathyrsus ,maximus,Megathyrsus maximus,Poaceae,Poales,Grasses,F25 2101,19,51,3,2,189,,,,,,,,,,,,,,,,
1882,45861,Genetic bank,CIAT-CIAT_16071,Megathyrsus ,maximus,Megathyrsus maximus,Poaceae,Poales,Grasses,F25 2101,19,51,3,3,190,,,,,,,,,,,,,,,,
1883,45861,Genetic bank,CIAT-PM21_0876,Megathyrsus ,maximus,Megathyrsus maximus,Poaceae,Poales,Grasses,F25 2102,19,51,3,1,191,13.3,16,30.82773534,70.54241352,129.8472566,48.01869766,3.698091044,13.3,14.82007318,19.24345845,40.07492787,474.1934745,10.68045237,22.2422783,,
1884,45861,Genetic bank,CIAT-PM21_0876,Megathyrsus ,maximus,Megathyrsus maximus,Poaceae,Poales,Grasses,F25 2102,19,51,3,2,192,,,,,,,,,,,,,,,Elimino DMD,
1885,45861,Genetic bank,CIAT-PM21_0876,Megathyrsus ,maximus,Megathyrsus maximus,Poaceae,Poales,Grasses,F25 2102,19,51,3,3,193,13.6,15.5,30.38523196,70.09991014,136.2708242,40.72891931,2.988821675,13.6,14.67643346,19.99969683,49.10441321,925.6330985,11.10017776,27.25379889,,
1886,45861,Genetic bank,CIAT-PM21_3641,Megathyrsus ,maximus,Megathyrsus maximus,Poaceae,Poales,Grasses,F25 2103,19,51,3,1,194,13.5,16,30.82773534,67.44488987,125.0226559,19.97573032,1.597768834,13.5,14.85729907,18.57498989,92.98778867,-631.010809,10.30944076,51.6098315,,
1887,45861,Genetic bank,CIAT-PM21_3641,Megathyrsus ,maximus,Megathyrsus maximus,Poaceae,Poales,Grasses,F25 2103,19,51,3,2,195,13.5,16.2,29.05772183,67.00238649,127.0949226,44.95278682,3.536945923,13.5,15.02905889,19.10117076,42.49162757,496.3378571,10.60148024,23.58358845,,
1888,45861,Genetic bank,CIAT-PM21_3641,Megathyrsus ,maximus,Megathyrsus maximus,Poaceae,Poales,Grasses,F25 2103,19,51,3,3,196,13.9,16.3,29.94272858,67.44488987,125.109598,42.03156172,3.359579313,13.9,15.23449973,19.05982136,45.34645057,639.8556558,10.57853061,25.16806461,,
1889,45861,Genetic bank,CIAT-BR06_1348,Brachiaria,interespecifico,Brachiaria interespecifico,Poaceae,Poales,Grasses,F25 2104,19,51,3,1,197,,,,,,,,,,,,,,,Elimino DMD,
1890,45861,Breding ,CIAT-BR06_1348,Brachiaria,interespecifico,Brachiaria interespecifico,Poaceae,Poales,Grasses,F25 2104,19,51,3,2,198,,,,,,,,,,,,,,,Elimino DMD,
1891,45861,Breding ,CIAT-BR06_1348,Brachiaria,interespecifico,Brachiaria interespecifico,Poaceae,Poales,Grasses,F25 2104,19,51,3,3,199,,,,,,,,,,,,,,,,
1892,45861,Breding ,CIAT-BR09_4467,Brachiaria,interespecifico,Brachiaria interespecifico,Poaceae,Poales,Grasses,F25 2105,19,51,3,1,200,,,,,,,,,,,,,,,Elimino DMD,
1893,45861,Breding ,CIAT-BR09_4467,Brachiaria,interespecifico,Brachiaria interespecifico,Poaceae,Poales,Grasses,F25 2105,19,51,3,2,201,,,,,,,,,,,,,,,Elimino DMD,
1894,45861,Breding ,CIAT-BR09_4467,Brachiaria,interespecifico,Brachiaria interespecifico,Poaceae,Poales,Grasses,F25 2105,19,51,3,3,202,,,,,,,,,,,,,,,Elimino DMD,
1895,45861,Breding ,CIAT-BR09_4777,Brachiaria,interespecifico,Brachiaria interespecifico,Poaceae,Poales,Grasses,F25 2106,19,51,3,1,203,,,,,,,,,,,,,,,Elimino 15.33%DMD,
1896,45861,Breding ,CIAT-BR09_4777,Brachiaria,interespecifico,Brachiaria interespecifico,Poaceae,Poales,Grasses,F25 2106,19,51,3,2,204,13.3,15.1,33.48275561,70.98491689,136.8302326,43.50216505,3.179280208,13.3,14.25096104,19.49962314,44.8244889,2409.693158,10.82262821,24.87836685,,
1897,45861,Breding ,CIAT-BR09_4777,Brachiaria,interespecifico,Brachiaria interespecifico,Poaceae,Poales,Grasses,F25 2106,19,51,3,3,205,,,,,,,,,,,,,,,Elimino 11.24%DMD,
1898,45861,LMF,Hohenheimer Heustandard,Hohemheimer,Heustandard,Hohenheimer Heustandard,Forage,Forage,Forage,F25 0017,19,51,3,1,206,14.1,17.1,24.19018467,59.92233244,119.1367529,66.87681833,5.613449812,14.1,15.88892308,18.92954703,28.3050951,#DIV/0!,10.5062261,15.70981749,,
1899,45861,LMF,Hohenheimer Heustandard,Hohemheimer,Heustandard,Hohenheimer Heustandard,Forage,Forage,Forage,F25 0017,19,51,3,2,207,14.7,17,23.30517791,44.43471421,88.3605296,38.3948056,4.345243943,14.7,15.79369295,13.95539073,36.34708006,#DIV/0!,7.745483298,20.17325827,,
1900,45861,LMF,Hohenheimer Heustandard,Hohemheimer,Heustandard,Hohenheimer Heustandard,Forage,Forage,Forage,F25 0017,19,51,3,3,208,15,17.1,22.42017115,44.43471421,86.50659246,36.51405146,4.220955932,15,16.04041494,13.87601638,38.0018536,#DIV/0!,7.70142916,21.09168622,,
1901,45861,LMF,Homenheim Concentrate,Hohemheimer,Concentrate,Homenheim Concentrate,Concentrate,Concentrate,Concentrate,F25 0018,19,51,3,1,209,15.1,18.6,33.92525898,56.8248088,117.2367115,69.23879895,5.905897401,15.1,16.51044776,19.356306,27.95586621,#DIV/0!,10.74308472,15.51598941,,
1902,45861,LMF,Homenheim Concentrate,Hohemheimer,Concentrate,Homenheim Concentrate,Concentrate,Concentrate,Concentrate,F25 0018,19,51,3,2,210,15.2,18.5,32.59774885,57.26731218,121.3841666,46.88266133,3.862337455,15.2,16.62157115,20.17595562,43.03500495,#DIV/0!,11.19800444,23.8851723,,
1903,45861,LMF,Homenheim Concentrate,Hohemheimer,Concentrate,Homenheim Concentrate,Concentrate,Concentrate,Concentrate,F25 0018,19,51,3,3,211,15.7,18.2,37.46528601,60.8073392,121.9990892,46.39108198,3.802576092,15.7,16.65967253,20.32464874,43.81154282,#DIV/0!,11.28053169,24.31616425,,
1904,45861,LMF,Sample 8,Cynodon,nlemfuensis,Cynodon nlemfuensis ,Poaceae,Poales,Grasses,F25 0008,19,51,3,1,212,14.7,16.5,20.20765426,50.6297615,95.75618358,11.39248799,1.189739144,14.7,15.7815732,15.1118322,132.6473394,-483.8957321,8.387328323,73.62156829,,
1905,45861,LMF,Sample 8,Cynodon,nlemfuensis,Cynodon nlemfuensis ,Poaceae,Poales,Grasses,F25 0008,19,51,3,2,213,,,,,,,,,,,,,,,Eliminado DMD,
1906,45861,LMF,Sample 8,Cynodon,nlemfuensis,Cynodon nlemfuensis ,Poaceae,Poales,Grasses,F25 0008,19,51,3,3,214,16.2,16.6,19.76515089,49.30225137,95.13431786,11.00619916,1.156911555,16.2,16.43964099,15.63974031,142.0993759,-476.2077697,8.680326457,78.86761208,,
1911,45866,Breding ,CIAT-BR12_0255,Urochloa,interespecifico,Brachiaria interespecifico,Poaceae,Poales,Grasses,F25 2107,20,52,1,1,3,12.5,15.5,35.03151743,79.50310692,156.0658128,60.0918996,3.850420444,12.5,14.17810761,22.12717887,36.82223231,370.7467836,12.2809671,20.43697599,,
1912,45866,Breding ,CIAT-BR12_0255,Urochloa,interespecifico,Brachiaria interespecifico,Poaceae,Poales,Grasses,F25 2107,20,52,1,2,4,12.8,15.3,34.14651067,80.38811368,162.9750395,61.84522682,3.794766794,12.8,14.23807339,23.20450574,37.52028562,342.058864,12.87890215,20.82440766,,
1913,45866,Breding ,CIAT-BR12_0255,Urochloa,interespecifico,Brachiaria interespecifico,Poaceae,Poales,Grasses,F25 2107,20,52,1,3,5,12.7,15.4,33.26150392,77.73309341,157.5630363,62.52123241,3.968013937,12.7,14.24468691,22.44436121,35.89878244,319.6532125,12.45700878,19.92444534,,
1914,45866,Breding ,CIAT-BR12_0461,Urochloa,interespecifico,Brachiaria interespecifico,Poaceae,Poales,Grasses,F25 2108,20,52,1,1,6,12.6,15.6,33.26150392,83.04313395,164.2189916,70.57458601,4.297589781,12.6,14.39840142,23.64490962,33.50343368,231.7501,13.12333392,18.59498534,,
1915,45866,Breding ,CIAT-BR12_0461,Urochloa,interespecifico,Brachiaria interespecifico,Poaceae,Poales,Grasses,F25 2108,20,52,1,2,7,13.2,15.6,34.14651067,79.9456103,157.2565091,61.74100003,3.926133193,13.2,14.57490775,22.91999113,37.12280514,314.3902107,12.72099162,20.60379912,,
1916,45866,Breding ,CIAT-BR12_0461,Urochloa,interespecifico,Brachiaria interespecifico,Poaceae,Poales,Grasses,F25 2108,20,52,1,3,8,13.1,15.6,33.26150392,81.27312043,156.9730779,65.02186177,4.14223016,13.1,14.57686025,22.8817462,35.19085056,279.0212157,12.69976502,19.5315309,,
1917,45866,Breding ,CIAT-BR12_1620,Urochloa,interespecifico,Brachiaria interespecifico,Poaceae,Poales,Grasses,F25 2109,20,52,1,1,9,12.6,15.2,35.03151743,80.83061706,154.7404548,59.30029747,3.832242675,12.6,14.07317518,21.77689529,36.72307934,349.2440024,12.08655365,20.38194438,,
1918,45866,Breding ,CIAT-BR12_1620,Urochloa,interespecifico,Brachiaria interespecifico,Poaceae,Poales,Grasses,F25 2109,20,52,1,2,10,12.6,15.5,35.91652418,80.38811368,154.4465107,57.90518156,3.749206199,12.6,14.20431193,21.93806415,37.88618489,377.3456127,12.17600515,21.02748808,,
1919,45866,Breding ,CIAT-BR12_1620,Urochloa,interespecifico,Brachiaria interespecifico,Poaceae,Poales,Grasses,F25 2109,20,52,1,3,11,12.7,15.6,35.91652418,79.9456103,159.5910498,59.57603242,3.733043457,12.7,14.29714022,22.81695617,38.29888504,346.0637291,12.66380543,21.25654381,,
1920,45866,Breding ,CIAT-BR12_1889,Urochloa,interespecifico,Brachiaria interespecifico,Poaceae,Poales,Grasses,F25 2110,20,52,1,1,12,12.2,15.6,32.81900054,77.29059003,150.3698637,59.98079332,3.988883931,12.2,14.15629771,21.28680558,35.48936984,356.3220658,11.81454538,19.69721427,,
1921,45866,Breding ,CIAT-BR12_1889,Urochloa,interespecifico,Brachiaria interespecifico,Poaceae,Poales,Grasses,F25 2110,20,52,1,2,13,11.8,15.9,33.70400729,77.73309341,158.4979486,56.81393338,3.584521685,11.8,14.12229602,22.38354948,39.39799297,435.2202947,12.42325722,21.86656772,,
1922,45866,Breding ,CIAT-BR12_1889,Urochloa,interespecifico,Brachiaria interespecifico,Poaceae,Poales,Grasses,F25 2110,20,52,1,3,14,12.1,15.8,32.81900054,75.9630799,143.2802266,58.33423014,4.071338491,12.1,14.20145631,20.34787878,34.88154164,387.2766049,11.29342476,19.3598591,,
1923,45866,Breding ,CIAT-BR12_4039,Urochloa,interespecifico,Brachiaria interespecifico,Poaceae,Poales,Grasses,F25 2111,20,52,1,1,15,12.6,16,31.93399378,76.40558328,148.9563721,53.3083191,3.578787422,12.6,14.57895753,21.71628623,40.73714309,454.7851516,12.05291457,22.60981921,,
1924,45866,Breding ,CIAT-BR12_4039,Urochloa,interespecifico,Brachiaria interespecifico,Poaceae,Poales,Grasses,F25 2111,20,52,1,2,16,12.6,15.9,33.26150392,75.52057652,153.8617917,54.48561724,3.541205172,12.6,14.44658203,22.22776995,40.79566512,413.3093266,12.33679688,22.64229995,,
1925,45866,Breding ,CIAT-BR12_4039,Urochloa,interespecifico,Brachiaria interespecifico,Poaceae,Poales,Grasses,F25 2111,20,52,1,3,17,12.6,16,33.26150392,79.50310692,160.5595158,55.75193062,3.472352937,12.6,14.57755102,23.40564533,41.9817665,407.4414268,12.9905381,23.30060674,,
1926,45866,Breding ,CIAT-BR12_4856,Urochloa,interespecifico,Brachiaria interespecifico,Poaceae,Poales,Grasses,F25 2112,20,52,1,1,18,13,15.2,29.27897351,69.32552923,139.6504236,48.59211536,3.47955374,13,14.27085106,19.92930396,41.0134521,515.1882512,11.06110849,22.76317549,,
1927,45866,Breding ,CIAT-BR12_4856,Urochloa,interespecifico,Brachiaria interespecifico,Poaceae,Poales,Grasses,F25 2112,20,52,1,2,19,13.1,15.3,29.27897351,71.09554274,138.8651015,50.8570324,3.662333578,13.1,14.3939834,19.98821966,39.30276447,449.5649335,11.09380773,21.81371426,,
1928,45866,Breding ,CIAT-BR12_4856,Urochloa,interespecifico,Brachiaria interespecifico,Poaceae,Poales,Grasses,F25 2112,20,52,1,3,20,12.1,15.3,31.04898703,75.9630799,150.3297401,50.05043706,3.329376943,12.1,13.99203883,21.03419562,42.02599788,494.4685701,11.67434248,23.32515592,,
1929,45866,Breding ,CIAT-BR12_5049,Urochloa,interespecifico,Brachiaria interespecifico,Poaceae,Poales,Grasses,F25 2113,20,52,1,1,21,13.1,16.1,33.26150392,79.06060354,159.8589598,54.20215282,3.39062339,13.1,14.83787313,23.71966965,43.76148993,480.3334429,13.16482703,24.28838403,,
1930,45866,Breding ,CIAT-BR12_5049,Urochloa,interespecifico,Brachiaria interespecifico,Poaceae,Poales,Grasses,F25 2113,20,52,1,2,22,12.8,16.2,36.35902756,81.27312043,164.9171099,49.29100108,2.988834883,12.8,14.67894737,24.20809576,49.11260724,731.1039422,13.43591197,27.25834672,,
1931,45866,Breding ,CIAT-BR12_5049,Urochloa,interespecifico,Brachiaria interespecifico,Poaceae,Poales,Grasses,F25 2113,20,52,1,3,23,13.1,16,32.37649716,71.9805495,137.7086599,51.69328816,3.753815352,13.1,14.69559426,20.23710592,39.1484207,521.5395831,11.23194391,21.7280508,,
1932,45866,Breding ,CIAT-BR15_1851,Urochloa,interespecifico,Brachiaria interespecifico,Poaceae,Poales,Grasses,F25 2114,20,52,1,1,24,12.9,15.8,34.58901405,80.38811368,156.2790982,53.47870912,3.42200011,12.9,14.55220183,22.74204979,42.52542772,538.2156247,12.6222311,23.60234812,,
1933,45866,Breding ,CIAT-BR15_1851,Urochloa,interespecifico,Brachiaria interespecifico,Poaceae,Poales,Grasses,F25 2114,20,52,1,2,25,13,15.9,35.03151743,75.52057652,145.2547282,40.1059626,2.761077942,13,14.55478516,21.14151361,52.71414085,-14419.01759,11.73390583,29.25726018,,
1934,45866,Breding ,CIAT-BR15_1851,Urochloa,interespecifico,Brachiaria interespecifico,Poaceae,Poales,Grasses,F25 2114,20,52,1,3,26,13.3,15.9,35.91652418,81.71562381,164.3672311,53.45495083,3.252165925,13.3,14.75722022,24.25603426,45.37659074,555.8335863,13.46251867,25.18479292,,
1935,45866,Breding ,CIAT-BR15_3025,Urochloa,interespecifico,Brachiaria interespecifico,Poaceae,Poales,Grasses,F25 2115,20,52,1,1,27,13.1,15.7,35.47402081,75.9630799,153.8915157,52.79717042,3.430804498,13.1,14.48582524,22.29245602,42.22282339,517.7694471,12.37269877,23.43439748,,
1936,45866,Breding ,CIAT-BR15_3025,Urochloa,interespecifico,Brachiaria interespecifico,Poaceae,Poales,Grasses,F25 2115,20,52,1,2,28,13.2,15.6,35.03151743,80.38811368,155.7981023,55.77315438,3.579835285,13.2,14.55412844,22.67505591,40.65586062,446.2631458,12.58504833,22.56470603,,
1937,45866,Breding ,CIAT-BR15_3025,Urochloa,interespecifico,Brachiaria interespecifico,Poaceae,Poales,Grasses,F25 2115,20,52,1,3,29,12.8,15.3,35.03151743,76.84808665,146.3275388,47.19891116,3.225565847,12.8,14.16036468,20.72051312,43.90040494,913.4528962,11.50024327,24.36548426,,
1938,45866,Breding ,CIAT-BR15_3248,Urochloa,interespecifico,Brachiaria interespecifico,Poaceae,Poales,Grasses,F25 2116,20,52,1,1,30,12.9,15.9,27.50896,64.45799207,126.2225325,54.76526017,4.338786355,12.9,14.61967963,18.45332988,33.69532039,408.7507621,10.24191734,18.70148578,,
1939,45866,Breding ,CIAT-BR15_3248,Urochloa,interespecifico,Brachiaria interespecifico,Poaceae,Poales,Grasses,F25 2116,20,52,1,2,31,12.9,16,33.70400729,76.84808665,150.295118,56.81719157,3.780375061,12.9,14.64040307,22.00381107,38.72738243,423.8428636,12.21249583,21.49436727,,
1940,45866,Breding ,CIAT-BR15_3248,Urochloa,interespecifico,Brachiaria interespecifico,Poaceae,Poales,Grasses,F25 2116,20,52,1,3,32,13,16.3,33.70400729,75.9630799,148.6714613,53.30230065,3.585240919,13,14.83582524,22.05663818,41.38027424,547.9800451,12.2418158,22.96676812,,
1941,45866,Breding ,CIAT-BR15_7659,Urochloa,interespecifico,Brachiaria interespecifico,Poaceae,Poales,Grasses,F25 2117,20,52,1,1,33,12.5,15.6,35.91652418,76.84808665,148.1188905,46.74525908,3.155928249,12.5,14.15115163,20.96052879,44.83990293,952.4946762,11.63345612,24.8869219,,
1942,45866,Breding ,CIAT-BR15_7659,Urochloa,interespecifico,Brachiaria interespecifico,Poaceae,Poales,Grasses,F25 2117,20,52,1,2,34,12.3,15.6,35.91652418,78.17559679,144.616124,54.65923708,3.779608771,12.3,14.08386792,20.36754391,37.26276654,447.9092497,11.30433925,20.68148011,,
1943,45866,Breding ,CIAT-BR15_7659,Urochloa,interespecifico,Brachiaria interespecifico,Poaceae,Poales,Grasses,F25 2117,20,52,1,3,35,12.5,15.4,34.14651067,79.9456103,151.072574,55.7434152,3.68984348,12.5,14.16134686,21.39391121,38.37926173,429.0902806,11.87399086,21.30115426,,
1944,45866,Breding ,CIAT-BR15_8919,Urochloa,interespecifico,Brachiaria interespecifico,Poaceae,Poales,Grasses,F25 2118,20,52,1,1,36,12.7,15.1,32.37649716,79.06060354,157.170049,50.36040776,3.20419877,12.7,14.11716418,22.18795385,44.05832844,519.9488458,12.31469826,24.45313454,,
1945,45866,Breding ,CIAT-BR15_8919,Urochloa,interespecifico,Brachiaria interespecifico,Poaceae,Poales,Grasses,F25 2118,20,52,1,2,37,12.9,15.4,30.16398027,73.30805963,143.2573268,53.64679123,3.744785164,12.9,14.37132797,20.58798028,38.37690905,395.0978917,11.42668525,21.29984848,,
1946,45866,Breding ,CIAT-BR15_8919,Urochloa,interespecifico,Brachiaria interespecifico,Poaceae,Poales,Grasses,F25 2118,20,52,1,3,38,12.6,15.2,31.04898703,78.61810017,151.8305721,52.62663526,3.466142195,12.6,14.17317073,21.51920621,40.89033263,444.7967605,11.94353175,22.69484206,,
1947,45866,Breding ,CIAT-BR19_5515,Urochloa,interespecifico,Brachiaria interespecifico,Poaceae,Poales,Grasses,F25 2119,20,52,1,1,39,11.7,15.7,31.93399378,77.73309341,156.2077297,55.79012873,3.571534446,11.7,14.05673624,21.95770855,39.35769472,398.9585672,12.18690814,21.8442015,,
1948,45866,Breding ,CIAT-BR19_5515,Urochloa,interespecifico,Brachiaria interespecifico,Poaceae,Poales,Grasses,F25 2119,20,52,1,2,40,12.9,15.4,34.58901405,78.17559679,159.5867963,49.6185217,3.109187154,12.9,14.29386792,22.81112589,45.97300586,647.7233145,12.66056953,25.51581363,,
1949,45866,Breding ,CIAT-BR19_5515,Urochloa,interespecifico,Brachiaria interespecifico,Poaceae,Poales,Grasses,F25 2119,20,52,1,3,41,12.8,15.5,35.47402081,83.04313395,164.5254831,55.20495198,3.355404338,12.8,14.34662522,23.60385446,42.7567702,450.8219897,13.10054759,23.7307472,,
1950,45866,Breding ,CIAT-BR19_5877,Urochloa,interespecifico,Brachiaria interespecifico,Poaceae,Poales,Grasses,F25 2120,20,52,1,1,42,12.7,15.3,36.80153094,82.15812719,156.0952308,55.52248478,3.556962279,12.7,14.13536804,22.06463537,39.73999985,436.7759134,12.24625437,22.05638746,,
1951,45866,Breding ,CIAT-BR19_5877,Urochloa,interespecifico,Brachiaria interespecifico,Poaceae,Poales,Grasses,F25 2120,20,52,1,2,43,12.8,15.6,35.03151743,79.9456103,160.5311894,50.8440363,3.16723725,12.8,14.37306273,23.07324856,45.38044231,609.0357982,12.80605214,25.18693061,,
1952,45866,Breding ,CIAT-BR19_5877,Urochloa,interespecifico,Brachiaria interespecifico,Poaceae,Poales,Grasses,F25 2120,20,52,1,3,44,13,16.6,35.91652418,80.83061706,153.3551343,56.70496783,3.697624346,13,15.00036496,23.00382984,40.5675741,424.8304914,12.76752355,22.51570549,,
1953,45866,Breding ,CIAT-BR19_6136,Urochloa,interespecifico,Brachiaria interespecifico,Poaceae,Poales,Grasses,F25 2121,20,52,1,1,45,12.9,15.3,34.58901405,78.17559679,155.9694273,52.33666551,3.355572076,12.9,14.23811321,22.20710363,42.43125429,558.5385503,12.32532672,23.55008024,,
1954,45866,Breding ,CIAT-BR19_6136,Urochloa,interespecifico,Brachiaria interespecifico,Poaceae,Poales,Grasses,F25 2121,20,52,1,2,46,13.2,15.6,35.03151743,79.06060354,162.4018384,50.78271763,3.126979233,13.2,14.53656716,23.60765232,46.4875718,663.6362347,13.10265548,25.80140663,,
1955,45866,Breding ,CIAT-BR19_6136,Urochloa,interespecifico,Brachiaria interespecifico,Poaceae,Poales,Grasses,F25 2121,20,52,1,3,47,13.1,15.7,33.70400729,75.9630799,142.7429264,51.25590596,3.590784305,13.1,14.54640777,20.76396813,40.51039142,610.0637379,11.52436155,22.48396811,,
1956,45866,Genetic bank,CIAT-798,Galactia,striata,Galactia striata,Fabaceae,Fabales,Climber,F25 1651,20,52,1,1,48,12.9,16.9,39.45655121,81.71562381,156.9996923,40.17092215,2.558662476,12.9,14.96859206,23.50064347,58.50162808,-2369.872833,13.04326371,32.46941573,,
1957,45866,Genetic bank,CIAT-798,Galactia,striata,Galactia striata,Fabaceae,Fabales,Climber,F25 1651,20,52,1,2,49,13,16.9,36.35902756,78.61810017,156.0463668,58.35751859,3.739755035,13,15.09634146,23.55729237,40.36719336,442.767244,13.07470483,22.40449071,,
1958,45866,Genetic bank,CIAT-798,Galactia,striata,Galactia striata,Fabaceae,Fabales,Climber,F25 1651,20,52,1,3,50,12.9,16.8,36.35902756,77.73309341,150.3109286,61.48109427,4.090261091,12.9,14.97580645,22.51027374,36.61332643,360.4578126,12.49359138,20.32102962,,
1961,45866,Genetic bank,CIAT-822,Calopogonium,mucunoides,Calopogonium mucunoides,Fabaceae,Fabales,Climber,F25 1652,20,52,1,1,53,14.2,16,38.12904108,68.88302585,131.0183094,53.93257753,4.116415316,14.2,15.00364026,19.65751581,36.44831511,6586.448271,10.91026137,20.22944548,,
1962,45866,Genetic bank,CIAT-822,Calopogonium,mucunoides,Calopogonium mucunoides,Fabaceae,Fabales,Climber,F25 1652,20,52,1,2,54,14.7,17,37.24403432,68.44052247,134.906836,58.42835401,4.331015072,14.7,15.74838362,21.24564607,36.36187674,964.4890145,11.79170114,20.18147069,,
1963,45866,Genetic bank,CIAT-822,Calopogonium,mucunoides,Calopogonium mucunoides,Fabaceae,Fabales,Climber,F25 1652,20,52,1,3,55,14.3,16.7,37.24403432,67.11301234,130.0953228,39.98553999,3.073557075,14.3,15.36813187,19.99322077,50.00112733,-365.3424709,11.09658343,27.75149074,,
1964,45866,Genetic bank,CIAT-852,Dioclea,sericea,Dioclea sericea,Fabaceae,Fabales,Climber,F25 1653,20,52,1,1,56,12.5,14.4,18.21638906,33.04025223,64.06547386,21.37302866,3.336122778,12.5,13.35245536,8.554313796,40.02387275,-183.8513603,4.747792155,22.21394183,,
1965,45866,Genetic bank,CIAT-852,Dioclea,sericea,Dioclea sericea,Fabaceae,Fabales,Climber,F25 1653,20,52,1,2,57,12.1,14,18.65889244,33.48275561,65.49508708,34.21689049,5.224344606,12.1,12.94118943,8.475843285,24.77093378,-1158.274532,4.704239664,13.74829681,,
1966,45866,Genetic bank,CIAT-852,Dioclea,sericea,Dioclea sericea,Fabaceae,Fabales,Climber,F25 1653,20,52,1,3,58,12.2,14.1,18.21638906,33.48275561,66.60682984,29.32061232,4.402042912,12.2,13.06629956,8.703047914,29.6823539,-381.6765702,4.830342164,16.47421995,,
1967,45866,Genetic bank,CIAT-907,Dioclea,virgata,Dioclea virgata,Fabaceae,Fabales,Climber,F25 1654,20,52,1,1,59,14.2,17.2,26.18144987,60.47546167,116.9545834,39.77779371,3.401131665,14.2,15.90121951,18.59720504,46.75273138,3825.841166,10.32177055,25.94857479,,
1968,45866,Genetic bank,CIAT-907,Dioclea,virgata,Dioclea virgata,Fabaceae,Fabales,Climber,F25 1654,20,52,1,2,60,14.2,17.5,27.95146338,60.91796504,116.8023457,51.43299002,4.403420986,14.2,15.98583535,18.67183067,36.30321835,455.4686417,10.36318906,20.14891427,,
1969,45866,Genetic bank,CIAT-907,Dioclea,virgata,Dioclea virgata,Fabaceae,Fabales,Climber,F25 1654,20,52,1,3,61,13.9,17.8,28.39396676,59.59045491,118.5247523,26.30796191,2.21961754,13.9,15.94170792,18.89486983,71.82186856,-492.439696,10.48697965,39.86237964,,
1970,45866,Genetic bank,CIAT-1992,Stylosanthes,guianensis,Stylosanthes guianensis,Fabaceae,Fabales,Herbaceous,F25 1655,20,52,1,1,62,12.4,14.5,30.60648365,70.21053598,134.3197251,50.69943181,3.774533618,12.4,13.58455882,18.24674207,35.99003267,525.9605464,10.12725754,19.9750908,,
1971,45866,Genetic bank,CIAT-1992,Stylosanthes,guianensis,Stylosanthes guianensis,Fabaceae,Fabales,Herbaceous,F25 1655,20,52,1,2,63,12.2,14.8,32.37649716,70.21053598,134.9883389,53.47254148,3.961271168,12.2,13.60105042,18.35983203,34.3350653,419.9569809,10.19002442,19.05655527,,
1972,45866,Genetic bank,CIAT-1992,Stylosanthes,guianensis,Stylosanthes guianensis,Fabaceae,Fabales,Herbaceous,F25 1655,20,52,1,3,64,12.1,14.2,30.60648365,70.65303936,135.6221103,36.23251673,2.671578892,12.1,13.29029228,18.02457485,49.74695793,-1594.507708,10.00395089,27.61042233,,
1973,45866,Genetic bank,CIAT-3001,Codariocalyx,gyroides,Codariocalyx gyroides,Fabaceae,Fabales,Shrub,F25 1656,20,52,1,1,65,12.9,16.3,27.50896,52.51040086,99.63961721,24.83917142,2.492901128,12.9,14.51882022,14.4664969,58.24065808,-254.5863277,8.029156063,32.32457286,,
1974,45866,Genetic bank,CIAT-3001,Codariocalyx,gyroides,Codariocalyx gyroides,Fabaceae,Fabales,Shrub,F25 1656,20,52,1,2,66,13.2,16.1,27.06645662,52.06789748,99.54965909,36.88751792,3.705438899,13.2,14.59249292,14.52677695,39.38128064,-833.5072449,8.062612537,21.85729209,,
1975,45866,Genetic bank,CIAT-3001,Codariocalyx,gyroides,Codariocalyx gyroides,Fabaceae,Fabales,Shrub,F25 1656,20,52,1,3,67,13.2,16.2,26.18144987,51.62539411,95.94741499,29.59883129,3.08490138,13.2,14.67857143,14.08370984,47.58197952,-348.9344502,7.816702626,26.40882185,,
1976,45866,Genetic bank,CIAT-3304,Desmodium,cajanifolium,Desmodium cajanifolium,Fabaceae,Fabales,Shrub,F25 1657,20,52,1,1,68,,,,,,,,,,,,,,,,
1977,45866,Genetic bank,CIAT-3304,Desmodium,cajanifolium,Desmodium cajanifolium,Fabaceae,Fabales,Shrub,F25 1657,20,52,1,2,69,,,,,,,,,,,,,,,,
1978,45866,Genetic bank,CIAT-3304,Desmodium,cajanifolium,Desmodium cajanifolium,Fabaceae,Fabales,Shrub,F25 1657,20,52,1,3,70,,,,,,,,,,,,,,,,
1979,45866,Genetic bank,CIAT-5713,Centrosema,macrocarpum,Centrosema macrocarpum,Fabaceae,Fabales,Climber,F25 1658,20,52,1,1,71,14.1,17.3,47.42161201,81.27312043,164.4778564,45.27734123,2.752792517,14.1,15.43284936,25.38361982,56.06252295,-652.4263436,14.08834816,31.11567018,,
1980,45866,Genetic bank,CIAT-5713,Centrosema,macrocarpum,Centrosema macrocarpum,Fabaceae,Fabales,Climber,F25 1658,20,52,1,2,72,14.2,17.5,39.01404783,75.52057652,144.7672364,26.75431841,1.848092087,14.2,15.79521484,22.86629601,85.46768287,-200.2084845,12.69118989,47.43604267,,
1981,45866,Genetic bank,CIAT-5713,Centrosema,macrocarpum,Centrosema macrocarpum,Fabaceae,Fabales,Climber,F25 1658,20,52,1,3,73,14.1,17.3,36.35902756,73.30805963,140.8582215,52.84746624,3.751819785,14.1,15.71287726,22.13287946,41.88068234,-4216.742685,12.28413102,23.24450328,,
1982,45866,Genetic bank,CIAT-7381,Galactia,glaucescens,Galactia glaucescens,Fabaceae,Fabales,Herbaceous,F25 1659,20,52,1,1,74,,,,,,,,,,,,,,,,
1983,45866,Genetic bank,CIAT-7381,Galactia,glaucescens,Galactia glaucescens,Fabaceae,Fabales,Herbaceous,F25 1659,20,52,1,2,75,,,,,,,,,,,,,,,,
1984,45866,Genetic bank,CIAT-7381,Galactia,glaucescens,Galactia glaucescens,Fabaceae,Fabales,Herbaceous,F25 1659,20,52,1,3,76,,,,,,,,,,,,,,,,
1985,45866,Genetic bank,CIAT-7799,Dioclea,guianensis,Dioclea guianensis,Fabaceae,Fabales,Climber,F25 1660,20,52,1,1,77,,,,,,,,,,,,,,,,
1986,45866,Genetic bank,CIAT-7799,Dioclea,guianensis,Dioclea guianensis,Fabaceae,Fabales,Climber,F25 1660,20,52,1,2,78,,,,,,,,,,,,,,,,
1987,45866,Genetic bank,CIAT-7799,Dioclea,guianensis,Dioclea guianensis,Fabaceae,Fabales,Climber,F25 1660,20,52,1,3,79,,,,,,,,,,,,,,,,
1988,45866,Genetic bank,CIAT-7803,Dioclea,holtiana,Dioclea holtiana,Fabaceae,Fabales,Climber,F25 1661,20,52,1,1,80,,,,,,,,,,,,,,,,
1989,45866,Genetic bank,CIAT-7803,Dioclea,holtiana,Dioclea holtiana,Fabaceae,Fabales,Climber,F25 1661,20,52,1,2,81,,,,,,,,,,,,,,,,
1990,45866,Genetic bank,CIAT-7803,Dioclea,holtiana,Dioclea holtiana,Fabaceae,Fabales,Climber,F25 1661,20,52,1,3,82,,,,,,,,,,,,,,,,
1991,45866,Genetic bank,CIAT-8182,Eriosema,diffusum,Eriosema diffusum,Fabaceae,Fabales,Herbaceous,F25 1662,20,52,1,1,83,,,,,,,,,,,,,,,,
1992,45866,Genetic bank,CIAT-8182,Eriosema,diffusum,Eriosema diffusum,Fabaceae,Fabales,Herbaceous,F25 1662,20,52,1,2,84,,,,,,,,,,,,,,,,
1993,45866,Genetic bank,CIAT-8182,Eriosema,diffusum,Eriosema diffusum,Fabaceae,Fabales,Herbaceous,F25 1662,20,52,1,3,85,,,,,,,,,,,,,,,,
1994,45866,Genetic bank,CIAT-8434,Dioclea,sericea,Dioclea sericea,Fabaceae,Fabales,Climber,F25 1663,20,52,1,1,86,,,,,,,,,,,,,,,,
1995,45866,Genetic bank,CIAT-8434,Dioclea,sericea,Dioclea sericea,Fabaceae,Fabales,Climber,F25 1663,20,52,1,2,87,,,,,,,,,,,,,,,,
1996,45866,Genetic bank,CIAT-8434,Dioclea,sericea,Dioclea sericea,Fabaceae,Fabales,Climber,F25 1663,20,52,1,3,89,,,,,,,,,,,,,,,,
1997,45866,Genetic bank,CIAT-8702,Calopogonium,caeruleum,Calopogonium caeruleum,Fabaceae,Fabales,Climber,F25 1664,20,52,1,1,88,15,17.8,31.93399378,59.14795153,114.7075936,36.19593354,3.155495848,15,16.2882793,18.68389323,51.61876322,-383.5288778,10.36988399,28.64930665,,
1998,45866,Genetic bank,CIAT-8702,Calopogonium,caeruleum,Calopogonium caeruleum,Fabaceae,Fabales,Climber,F25 1664,20,52,1,2,90,15.1,17.8,32.81900054,58.26294478,112.8284589,51.43160442,4.558389339,15.1,16.27911392,18.36747336,35.7124254,1993.701634,10.19426549,19.82101396,,
1999,45866,Genetic bank,CIAT-8702,Calopogonium,caeruleum,Calopogonium caeruleum,Fabaceae,Fabales,Climber,F25 1664,20,52,1,3,91,14.7,18,32.81900054,60.47546167,111.6626897,36.59417129,3.277206684,14.7,16.20914634,18.09956878,49.46025046,-402.7527321,10.04557381,27.45129472,,
2000,45866,Genetic bank,CIAT-8816,Crotalaria,micans,Crotalaria micans,Fabaceae,Fabales,Herbaceous,F25 1665,20,52,1,1,92,14.6,17.7,51.84664579,87.02566435,166.391606,72.39096296,4.350637913,14.6,15.85313559,26.37828692,36.43864626,407.9636518,14.64040561,20.2240791,,
2001,45866,Genetic bank,CIAT-8816,Crotalaria,micans,Crotalaria micans,Fabaceae,Fabales,Herbaceous,F25 1665,20,52,1,2,93,14.1,17.3,51.84664579,87.46816773,165.8156264,50.27512301,3.031989451,14.1,15.40320405,25.54091928,50.80230092,-701.8179009,14.17565208,28.19615594,,
2002,45866,Genetic bank,CIAT-8816,Crotalaria,micans,Crotalaria micans,Fabaceae,Fabales,Herbaceous,F25 1665,20,52,1,3,94,13.7,17.4,53.17415593,90.56569137,172.7896162,75.48357955,4.368525216,13.7,15.22760586,26.31172173,34.8575437,334.4819954,14.60346078,19.34653982,,
2003,45866,LMF,Hohenheimer Heustandard,Hohenheimer,Heustandard,Hohenheimer Heustandard,Forage,Forage,Forage,F25 0017,20,52,1,1,95,15.2,17.2,23.08392622,44.98784343,87.72382108,58.15417996,6.62923471,15.2,16.17377049,14.18824949,24.39764347,#DIV/0!,7.874723937,13.54111423,,
2004,45866,LMF,Hohenheimer Heustandard,Hohenheimer,Heustandard,Hohenheimer Heustandard,Forage,Forage,Forage,F25 0017,20,52,1,2,96,15.1,17.1,23.08392622,45.43034681,86.94532404,76.82368839,8.83586199,15.1,16.08376623,13.98408267,18.20282645,#DIV/0!,7.761407821,10.10288361,,
2005,45866,LMF,Hohenheimer Heustandard,Hohenheimer,Heustandard,Hohenheimer Heustandard,Forage,Forage,Forage,F25 0017,20,52,1,3,97,14.3,17.4,22.64142284,44.54534006,88.85485732,65.99026261,7.426747912,14.3,15.82433775,14.06069273,21.30722348,#DIV/0!,7.803927729,11.82587767,,
2006,45866,LMF,Homenheim Concentrate,Homenheim,Concentrate,Homenheim Concentrate,Concentrate,Concentrate,Concentrate,F25 0018,20,52,1,1,98,15.5,17.1,29.72147689,55.60792451,110.6316894,80.86105782,7.309032182,15.5,16.24482759,17.9719272,22.22568896,#DIV/0!,9.974730528,12.3356419,,
2007,45866,LMF,Homenheim Concentrate,Homenheim,Concentrate,Homenheim Concentrate,Concentrate,Concentrate,Concentrate,F25 0018,20,52,1,2,99,15.4,18.2,29.72147689,56.93543464,109.463799,58.74110486,5.36625856,15.4,16.73834197,18.32242502,31.19182906,#DIV/0!,10.16926288,17.31200478,,
2008,45866,LMF,Homenheim Concentrate,Homenheim,Concentrate,Homenheim Concentrate,Concentrate,Concentrate,Concentrate,F25 0018,20,52,1,3,100,15.6,18.2,27.95146338,52.95290424,104.1783697,75.60451495,7.257218095,15.6,16.8275766,17.53069496,23.18736516,#DIV/0!,9.729839001,12.86938883,,
2009,45866,LMF,Sample 8,Cynodon,nlemfuensis,Cynodon nlemfuensis ,Poaceae,Poales,Grasses,F25 0008,20,52,1,1,101,15.2,16.6,22.64142284,56.93543464,113.2006756,11.96122507,1.056639018,15.2,16.04326425,18.16108352,151.8329721,-579.4284142,10.07971556,84.26992637,,
2010,45866,LMF,Sample 8,Cynodon,nlemfuensis,Cynodon nlemfuensis ,Poaceae,Poales,Grasses,F25 0008,20,52,1,2,102,15.6,16.8,21.75641609,54.72291775,105.7088258,48.11426038,4.551584033,15.6,16.32291105,17.25475761,35.8620448,281.1205352,9.576689001,19.90405532,,
2011,45866,LMF,Sample 8,Cynodon,nlemfuensis,Cynodon nlemfuensis ,Poaceae,Poales,Grasses,F25 0008,20,52,1,3,103,15.1,16.6,23.08392622,57.8204414,110.3338969,21.47690771,1.946537584,15.1,16.00114796,17.65469009,82.20312873,-2845.060054,9.798658443,45.62415864,,
2016,45868,Breding ,CIAT-BR12_0255,Urochloa,interespecifico,Brachiaria interespecifico,Poaceae,Poales,Grasses,F25 2107,20,53,2,1,108,12,15.1,30.45898252,80.24061255,164.8556586,54.86227356,3.327897509,12,13.92325368,22.95327154,41.83798821,524.9169371,12.73946282,23.2208073,,
2017,45868,Breding ,CIAT-BR12_0255,Urochloa,interespecifico,Brachiaria interespecifico,Poaceae,Poales,Grasses,F25 2107,20,53,2,2,109,12.6,15.3,29.13147239,77.58559228,146.0853062,62.28566931,4.263650529,12.6,14.28621673,20.87006346,33.50700681,323.8170194,11.58324629,18.59696849,,
2018,45868,Breding ,CIAT-BR12_0255,Urochloa,interespecifico,Brachiaria interespecifico,Poaceae,Poales,Grasses,F25 2107,20,53,2,3,110,12.6,15.4,30.9014859,80.24061255,164.4212563,63.50548081,3.862364407,12.6,14.32169118,23.54790456,37.08011381,316.0860221,13.06949443,20.58010469,,
2019,45868,Breding ,CIAT-BR12_0461,Urochloa,interespecifico,Brachiaria interespecifico,Poaceae,Poales,Grasses,F25 2108,20,53,2,1,111,11.7,15.5,30.01647914,82.89563282,163.7769967,62.2245941,3.79934883,11.7,14.12402135,23.13189799,37.17484754,309.2681373,12.83860359,20.63268355,,
2020,45868,Breding ,CIAT-BR12_0461,Urochloa,interespecifico,Brachiaria interespecifico,Poaceae,Poales,Grasses,F25 2108,20,53,2,2,112,12.5,15.3,30.01647914,82.01062606,154.3573278,63.42958196,4.109269243,12.5,14.27517986,22.03478616,34.73897428,293.8544331,12.22968755,19.28073175,,
2021,45868,Breding ,CIAT-BR12_0461,Urochloa,interespecifico,Brachiaria interespecifico,Poaceae,Poales,Grasses,F25 2108,20,53,2,3,113,13.3,15.6,30.01647914,81.12561931,152.9588249,62.93192553,4.114304982,13.3,14.749,22.55989708,35.84809601,306.6326245,12.52113319,19.89631349,,
2022,45868,Breding ,CIAT-BR12_1620,Urochloa,interespecifico,Brachiaria interespecifico,Poaceae,Poales,Grasses,F25 2109,20,53,2,1,114,12.5,15.5,33.11400279,80.68311593,150.6276508,62.69925339,4.162532779,12.5,14.26873857,21.49266571,34.27898189,301.3517073,11.92880132,19.02542801,,
2023,45868,Breding ,CIAT-BR12_1620,Urochloa,interespecifico,Brachiaria interespecifico,Poaceae,Poales,Grasses,F25 2109,20,53,2,2,115,12.6,15.2,32.22899603,82.01062606,151.3090905,62.7126768,4.144673435,12.6,14.17823741,21.45296208,34.20833422,304.1900768,11.90676511,18.98621733,,
2024,45868,Breding ,CIAT-BR12_1620,Urochloa,interespecifico,Brachiaria interespecifico,Poaceae,Poales,Grasses,F25 2109,20,53,2,3,116,12.6,15.2,27.80396225,73.60306188,135.8910024,72.69369136,5.349411668,12.6,14.21783567,19.32075941,26.57831656,191.0994171,10.72335574,14.75142552,,
2025,45868,Breding ,CIAT-BR12_1889,Urochloa,interespecifico,Brachiaria interespecifico,Poaceae,Poales,Grasses,F25 2110,20,53,2,1,117,12,16,30.45898252,78.47059904,146.4454922,62.9550041,4.298869372,12,14.44736842,21.15751979,33.60736782,316.174522,11.74278953,18.65267059,,
2026,45868,Breding ,CIAT-BR12_1889,Urochloa,interespecifico,Brachiaria interespecifico,Poaceae,Poales,Grasses,F25 2110,20,53,2,2,118,11.8,15.8,30.01647914,77.58559228,145.6130176,57.30268916,3.935272416,11.8,14.25247148,20.75345381,36.21724236,424.1671223,11.51852592,20.1011961,,
2027,45868,Breding ,CIAT-BR12_1889,Urochloa,interespecifico,Brachiaria interespecifico,Poaceae,Poales,Grasses,F25 2110,20,53,2,3,119,12.1,15.9,28.68896901,74.48806864,142.3373874,59.64232021,4.190207596,12.1,14.43643564,20.54844533,34.45279336,357.0114403,11.40474267,19.12189638,,
2028,45868,Breding ,CIAT-BR12_4039,Urochloa,interespecifico,Brachiaria interespecifico,Poaceae,Poales,Grasses,F25 2111,20,53,2,1,120,12.3,15.8,30.01647914,79.3556058,145.6825384,58.32690597,4.003699181,12.3,14.47611524,21.08917215,36.15685042,352.2841895,11.70485541,20.06767753,,
2029,45868,Breding ,CIAT-BR12_4039,Urochloa,interespecifico,Brachiaria interespecifico,Poaceae,Poales,Grasses,F25 2111,20,53,2,2,121,12.6,15.9,30.45898252,77.58559228,147.8324736,57.03297246,3.857946164,12.6,14.60446768,21.59014583,37.85555075,371.3066067,11.98290447,21.01048561,,
2030,45868,Breding ,CIAT-BR12_4039,Urochloa,interespecifico,Brachiaria interespecifico,Poaceae,Poales,Grasses,F25 2111,20,53,2,3,122,12.7,15.8,27.80396225,76.25808215,142.969541,59.29783904,4.147585467,12.7,14.66972921,20.97324451,35.36932348,327.3014296,11.64051356,19.63058646,,
2031,45868,Breding ,CIAT-BR12_4856,Urochloa,interespecifico,Brachiaria interespecifico,Poaceae,Poales,Grasses,F25 2112,20,53,2,1,123,12.9,15.3,26.9189555,72.71805513,135.3056413,52.73851474,3.897732143,12.9,14.41156187,19.49965621,36.97422331,407.4549847,10.82264656,20.52133363,,
2032,45868,Breding ,CIAT-BR12_4856,Urochloa,interespecifico,Brachiaria interespecifico,Poaceae,Poales,Grasses,F25 2112,20,53,2,2,124,12.8,15.1,27.36145888,74.48806864,137.8392476,57.08719249,4.141577489,12.8,14.25514851,19.64918945,34.41961077,326.1687422,10.9056401,19.10347947,,
2033,45868,Breding ,CIAT-BR12_4856,Urochloa,interespecifico,Brachiaria interespecifico,Poaceae,Poales,Grasses,F25 2112,20,53,2,3,125,13.1,15.6,28.24646563,75.37307539,141.2433914,47.28652665,3.347875336,13.1,14.66311155,20.71067604,43.79826031,644.3814771,11.49478352,24.30879223,,
2034,45868,Breding ,CIAT-BR12_5049,Urochloa,interespecifico,Brachiaria interespecifico,Poaceae,Poales,Grasses,F25 2113,20,53,2,1,126,13.1,16.1,33.11400279,81.56812269,154.8213932,48.48658429,3.131775479,13.1,14.88209765,23.04067092,47.51968253,809.7903255,12.78797099,26.37424594,,
2035,45868,Breding ,CIAT-BR12_5049,Urochloa,interespecifico,Brachiaria interespecifico,Poaceae,Poales,Grasses,F25 2113,20,53,2,2,127,12.9,16,30.9014859,81.56812269,152.4194064,53.4341176,3.50572928,12.9,14.8255877,22.59707278,42.2895966,522.2612312,12.54176635,23.47145777,,
2036,45868,Breding ,CIAT-BR12_5049,Urochloa,interespecifico,Brachiaria interespecifico,Poaceae,Poales,Grasses,F25 2113,20,53,2,3,128,13.4,16.2,31.34398928,78.91310242,156.0958021,54.04938632,3.462577827,13.4,15.08785047,23.55150121,43.57403999,492.5993792,13.07149064,24.18434607,,
2037,45868,Breding ,CIAT-BR15_1851,Urochloa,interespecifico,Brachiaria interespecifico,Poaceae,Poales,Grasses,F25 2114,20,53,2,1,129,12.9,15.5,34.8840163,87.76316998,169.6741648,56.34566708,3.320815939,12.9,14.46655462,24.54600573,43.5632534,478.0517355,13.62345785,24.17835932,,
2038,45868,Breding ,CIAT-BR15_1851,Urochloa,interespecifico,Brachiaria interespecifico,Poaceae,Poales,Grasses,F25 2114,20,53,2,2,130,12.8,15.6,34.44151292,87.3206666,163.4311449,55.53029823,3.39777943,12.8,14.49560811,23.69033829,42.66200442,502.5532577,13.14854762,23.67815055,,
2039,45868,Breding ,CIAT-BR15_1851,Urochloa,interespecifico,Brachiaria interespecifico,Poaceae,Poales,Grasses,F25 2114,20,53,2,3,131,13.3,15.4,32.67149941,85.55065309,162.9003305,60.39390991,3.707414818,13.3,14.59801724,23.78021833,39.37519257,374.2608484,13.19843259,21.85391311,,
2040,45868,Breding ,CIAT-BR15_3025,Urochloa,interespecifico,Brachiaria interespecifico,Poaceae,Poales,Grasses,F25 2115,20,53,2,1,132,12.8,15.4,34.8840163,86.43565985,169.728463,54.44356707,3.207686331,12.8,14.35068259,24.35719299,44.73842238,516.8567687,13.51866352,24.83059844,,
2041,45868,Breding ,CIAT-BR15_3025,Urochloa,interespecifico,Brachiaria interespecifico,Poaceae,Poales,Grasses,F25 2115,20,53,2,2,133,12.8,15.3,33.55650617,83.78063958,165.4417213,54.5028866,3.294385852,12.8,14.29867958,23.65598162,43.40317201,497.1153228,13.12947907,24.08951138,,
2042,45868,Breding ,CIAT-BR15_3025,Urochloa,interespecifico,Brachiaria interespecifico,Poaceae,Poales,Grasses,F25 2115,20,53,2,3,134,13.7,15.7,32.22899603,81.56812269,156.1082877,52.7090282,3.376440095,13.7,14.90976492,23.27537872,44.15823914,576.2317778,12.91823788,24.50858671,,
2043,45868,Breding ,CIAT-BR15_3248,Urochloa,interespecifico,Brachiaria interespecifico,Poaceae,Poales,Grasses,F25 2116,20,53,2,1,135,13.1,16.1,32.22899603,81.12561931,154.0245886,54.01606092,3.506976478,13.1,14.90818182,22.96226571,42.51007075,555.2935424,12.74445474,23.59382473,,
2044,45868,Breding ,CIAT-BR15_3248,Urochloa,interespecifico,Brachiaria interespecifico,Poaceae,Poales,Grasses,F25 2116,20,53,2,2,136,12.7,15.7,33.55650617,86.43565985,164.9431801,59.73535569,3.621571724,12.7,14.53532423,23.97502602,40.13540347,398.7365688,13.30655423,22.27584331,,
2045,45868,Breding ,CIAT-BR15_3248,Urochloa,interespecifico,Brachiaria interespecifico,Poaceae,Poales,Grasses,F25 2116,20,53,2,3,137,12.9,15.8,33.11400279,87.3206666,168.4091103,57.22302391,3.397857978,12.9,14.70025338,24.75656593,43.26329551,471.3143591,13.74032241,24.01187751,,
2046,45868,Breding ,CIAT-BR15_7659,Urochloa,interespecifico,Brachiaria interespecifico,Poaceae,Poales,Grasses,F25 2117,20,53,2,1,138,12.9,15.7,31.78649266,82.89563282,155.2779139,56.86081117,3.661873717,12.9,14.62633452,22.71146712,39.94221443,429.2916822,12.60525719,22.16862005,,
2047,45868,Breding ,CIAT-BR15_7659,Urochloa,interespecifico,Brachiaria interespecifico,Poaceae,Poales,Grasses,F25 2117,20,53,2,2,139,12.7,15.4,31.34398928,84.22314295,159.099673,59.70708398,3.752809974,12.7,14.39518389,22.9026905,38.35841406,367.6449545,12.71138947,21.28958345,,
2048,45868,Breding ,CIAT-BR15_7659,Urochloa,interespecifico,Brachiaria interespecifico,Poaceae,Poales,Grasses,F25 2117,20,53,2,3,140,12.8,15.4,33.55650617,86.43565985,163.0205026,55.18785708,3.385332286,12.8,14.39061433,23.45965182,42.50872032,488.5459473,13.02051264,23.59307522,,
2049,45868,Breding ,CIAT-BR15_8919,Urochloa,interespecifico,Brachiaria interespecifico,Poaceae,Poales,Grasses,F25 2118,20,53,2,1,141,12.5,15.1,29.57397577,82.01062606,158.5828444,54.17162881,3.415982921,12.5,14.16241007,22.45915273,41.45925316,422.4214424,12.46521833,23.01060279,,
2050,45868,Breding ,CIAT-BR15_8919,Urochloa,interespecifico,Brachiaria interespecifico,Poaceae,Poales,Grasses,F25 2118,20,53,2,2,142,12.9,15.3,29.13147239,82.01062606,160.1466636,52.00128106,3.247103618,12.9,14.44748201,23.13716041,44.49344312,492.4182756,12.84152433,24.69463072,,
2051,45868,Breding ,CIAT-BR15_8919,Urochloa,interespecifico,Brachiaria interespecifico,Poaceae,Poales,Grasses,F25 2118,20,53,2,3,143,12.7,15.4,30.45898252,83.3381362,162.7686897,53.14485008,3.265053628,12.7,14.41318584,23.46015373,44.14379511,464.2908124,13.02079121,24.50057002,,
2052,45868,Breding ,CIAT-BR19_5515,Urochloa,interespecifico,Brachiaria interespecifico,Poaceae,Poales,Grasses,F25 2119,20,53,2,1,144,12.8,15.6,33.11400279,82.89563282,173.9146394,53.61332623,3.08273797,12.8,14.48149466,25.18543922,46.97608037,504.1188507,13.9783545,26.07253734,,
2053,45868,Breding ,CIAT-BR19_5515,Urochloa,interespecifico,Brachiaria interespecifico,Poaceae,Poales,Grasses,F25 2119,20,53,2,2,145,12.4,15.2,33.99900955,89.53318349,182.7720479,52.49688006,2.872259773,12.4,14.13673806,25.83800564,49.21817375,575.8659128,14.34054016,27.31693796,,
2054,45868,Breding ,CIAT-BR19_5515,Urochloa,interespecifico,Brachiaria interespecifico,Poaceae,Poales,Grasses,F25 2119,20,53,2,3,146,12.9,15.1,32.67149941,86.43565985,174.2460642,59.15776814,3.395070553,12.9,14.26843003,24.86217775,42.02690286,374.6440631,13.79893879,23.3256582,,
2055,45868,Breding ,CIAT-BR19_5877,Urochloa,interespecifico,Brachiaria interespecifico,Poaceae,Poales,Grasses,F25 2120,20,53,2,1,147,12.7,15,31.78649266,85.55065309,168.8385217,40.16195327,2.37871979,12.7,14.14543103,23.88293664,59.46657145,9791.692171,13.25544304,33.00497599,,
2056,45868,Breding ,CIAT-BR19_5877,Urochloa,interespecifico,Brachiaria interespecifico,Poaceae,Poales,Grasses,F25 2120,20,53,2,2,148,12.7,15,32.22899603,84.66564633,159.6119468,55.6600209,3.487208947,12.7,14.12447735,22.54435328,40.50367376,445.952413,12.51250611,22.48023969,,
2057,45868,Breding ,CIAT-BR19_5877,Urochloa,interespecifico,Brachiaria interespecifico,Poaceae,Poales,Grasses,F25 2120,20,53,2,3,149,13.5,15.5,31.78649266,80.24061255,153.1047413,31.76740087,2.074880281,13.5,14.70772059,22.51821756,70.88467091,-935.1840413,12.49800034,39.34221873,,
2058,45868,Breding ,CIAT-BR19_6136,Urochloa,interespecifico,Brachiaria interespecifico,Poaceae,Poales,Grasses,F25 2121,20,53,2,1,150,12.9,15.3,31.78649266,80.68311593,157.5547371,53.32904322,3.384794656,12.9,14.35447898,22.61616161,42.40871437,536.3000716,12.55236098,23.53757019,,
2059,45868,Breding ,CIAT-BR19_6136,Urochloa,interespecifico,Brachiaria interespecifico,Poaceae,Poales,Grasses,F25 2121,20,53,2,2,151,12.8,15.4,32.22899603,80.68311593,156.4475957,40.00617657,2.557161482,12.8,14.36142596,22.46810562,56.16159191,-14738.13361,12.47018734,31.17065516,,
2060,45868,Breding ,CIAT-BR19_6136,Urochloa,interespecifico,Brachiaria interespecifico,Poaceae,Poales,Grasses,F25 2121,20,53,2,3,152,12.8,15.5,30.45898252,78.91310242,153.402434,55.38654858,3.610539098,12.8,14.45785047,22.17869453,40.0434674,455.4193361,12.30955918,22.2248172,,
2061,45868,Genetic bank,CIAT-798,Galactia,striata,Galactia striata,Fabaceae,Fabales,Climber,F25 1651,20,53,2,1,153,,,,,,,,,,,,,,,Elimino DMD,
2062,45868,Genetic bank,CIAT-798,Galactia,striata,Galactia striata,Fabaceae,Fabales,Climber,F25 1651,20,53,2,2,154,13.3,16.9,35.32651968,84.22314295,168.1919055,60.7194096,3.610126743,13.3,15.39001751,25.88476371,42.63013076,418.7128972,14.36649169,23.66046012,,
2063,45868,Genetic bank,CIAT-798,Galactia,striata,Galactia striata,Fabaceae,Fabales,Climber,F25 1651,20,53,2,3,155,,,,,,,,,,,,,,,Elimino 34.11%DMD,
2066,45868,Genetic bank,CIAT-822,Calopogonium,mucunoides,Calopogonium mucunoides,Fabaceae,Fabales,Climber,F25 1652,20,53,2,1,158,14.1,17,37.53903657,70.94804161,141.3166798,54.30734152,3.8429534,14.1,15.46559252,21.85546186,40.24402824,4630.011565,12.13015945,22.33613194,,
2067,45868,Genetic bank,CIAT-822,Calopogonium,mucunoides,Calopogonium mucunoides,Fabaceae,Fabales,Climber,F25 1652,20,53,2,2,159,14,16.9,36.65402981,70.50553824,134.2965892,56.51418018,4.208161988,14,15.39236402,20.67141987,36.57740377,1531.718758,11.47299567,20.30109192,,
2068,45868,Genetic bank,CIAT-822,Calopogonium,mucunoides,Calopogonium mucunoides,Fabaceae,Fabales,Climber,F25 1652,20,53,2,3,160,14.3,16.7,34.8840163,65.63800108,126.0411642,57.56254483,4.566963913,14.3,15.42449438,19.44121229,33.7740667,1085.699572,10.79020917,18.74519135,,
2069,45868,Genetic bank,CIAT-852,Dioclea,sericea,Dioclea sericea,Fabaceae,Fabales,Climber,F25 1653,20,53,2,1,161,12.1,15.3,17.62638456,31.56524097,60.2739023,12.35384142,2.04961699,12.1,13.51308411,8.144863115,65.9298014,-111.6041984,4.520539943,36.59218043,,
2070,45868,Genetic bank,CIAT-852,Dioclea,sericea,Dioclea sericea,Fabaceae,Fabales,Climber,F25 1653,20,53,2,2,162,12,14.5,17.18388118,32.8927511,62.33998045,31.14557421,4.996083409,12,13.19394619,8.225103475,26.4085787,-505.5462945,4.565074731,14.65721807,,
2071,45868,Genetic bank,CIAT-852,Dioclea,sericea,Dioclea sericea,Fabaceae,Fabales,Climber,F25 1653,20,53,2,3,163,,,,,,,,,,,,,,,Elimino,
2072,45868,Genetic bank,CIAT-907,Dioclea,virgata,Dioclea virgata,Fabaceae,Fabales,Climber,F25 1654,20,53,2,1,164,13.9,16.8,22.49392172,62.54047743,118.6352444,52.86115578,4.455771644,13.9,15.75695755,18.69330509,35.36302757,415.9305393,10.37510774,19.62709212,,
2073,45868,Genetic bank,CIAT-907,Dioclea,virgata,Dioclea virgata,Fabaceae,Fabales,Climber,F25 1654,20,53,2,2,165,13.7,16.9,24.26393523,63.86798756,122.504437,30.96800361,2.527908734,13.7,15.68429561,19.21395803,62.04454854,-852.7065625,10.66407913,34.43579787,,
2074,45868,Genetic bank,CIAT-907,Dioclea,virgata,Dioclea virgata,Fabaceae,Fabales,Climber,F25 1654,20,53,2,3,166,,,,,,,,,,,,,,,Elimino 23.095DMD,
2075,45868,Genetic bank,CIAT-1992,Stylosanthes,guianensis,Stylosanthes guianensis,Fabaceae,Fabales,Herbaceous,F25 1655,20,53,2,1,167,12.4,14,30.37048185,71.30204432,141.1779195,51.1336444,3.621929307,12.4,13.318494,18.80277273,36.77182206,503.65001,10.43586418,20.40899744,,
2076,45868,Genetic bank,CIAT-1992,Stylosanthes,guianensis,Stylosanthes guianensis,Fabaceae,Fabales,Herbaceous,F25 1655,20,53,2,2,168,12,13.7,29.13147239,70.06303486,139.7481037,28.23409974,2.020356555,12,12.99315789,18.15769177,64.31121212,-474.8596949,10.07783308,35.69383538,,
2077,45868,Genetic bank,CIAT-1992,Stylosanthes,guianensis,Stylosanthes guianensis,Fabaceae,Fabales,Herbaceous,F25 1655,20,53,2,3,169,11.8,13.5,30.01647914,70.06303486,142.2403263,44.51527647,3.129581998,11.8,12.77168421,18.1664853,40.8095529,1137.734011,10.08271364,22.65000791,,
2078,45868,Genetic bank,CIAT-3001,Codariocalyx,gyroides,Codariocalyx gyroides,Fabaceae,Fabales,Shrub,F25 1656,20,53,2,1,170,,,,,,,,,,,,,,,Eliminó 62.08%DMD,
2079,45868,Genetic bank,CIAT-3001,Codariocalyx,gyroides,Codariocalyx gyroides,Fabaceae,Fabales,Shrub,F25 1656,20,53,2,2,171,12.5,15.2,24.70643861,50.59288622,100.1680242,35.89137,3.583116497,12.5,13.88148688,13.90481114,38.74137749,-648.0048391,7.717410749,21.50213477,,
2080,45868,Genetic bank,CIAT-3001,Codariocalyx,gyroides,Codariocalyx gyroides,Fabaceae,Fabales,Shrub,F25 1656,20,53,2,3,172,12.4,15.2,24.26393523,49.26537609,96.04822089,38.27537888,3.985016956,12.4,13.82095808,13.27478435,34.68230684,-1013.806697,7.367734981,19.24928034,,
2081,45868,Genetic bank,CIAT-3304,Desmodium,cajanifolium,Desmodium cajanifolium,Fabaceae,Fabales,Shrub,F25 1657,20,53,2,1,173,,,,,,,,,,,,,,,,
2082,45868,Genetic bank,CIAT-3304,Desmodium,cajanifolium,Desmodium cajanifolium,Fabaceae,Fabales,Shrub,F25 1657,20,53,2,2,174,,,,,,,,,,,,,,,,
2083,45868,Genetic bank,CIAT-3304,Desmodium,cajanifolium,Desmodium cajanifolium,Fabaceae,Fabales,Shrub,F25 1657,20,53,2,3,175,,,,,,,,,,,,,,,,
2084,45868,Genetic bank,CIAT-5713,Centrosema,macrocarpum,Centrosema macrocarpum,Fabaceae,Fabales,Climber,F25 1658,20,53,2,1,176,14.3,16.9,34.44151292,71.39054499,140.3644833,41.54637581,2.959892335,14.3,15.64566116,21.96095144,52.85888602,-408.340119,12.18870799,29.33759625,,
2085,45868,Genetic bank,CIAT-5713,Centrosema,macrocarpum,Centrosema macrocarpum,Fabaceae,Fabales,Climber,F25 1658,20,53,2,2,177,14.2,17.1,34.8840163,72.27555175,140.7686252,29.22182237,2.075876093,14.2,15.70030612,22.10110508,75.63219296,-209.3434426,12.26649569,41.97717561,,
2086,45868,Genetic bank,CIAT-5713,Centrosema,macrocarpum,Centrosema macrocarpum,Fabaceae,Fabales,Climber,F25 1658,20,53,2,3,178,13.8,17.3,35.76902306,70.06303486,133.4100099,35.73518698,2.67859863,13.8,15.51315789,20.69610549,57.91520133,-271.6271329,11.48669661,32.14393873,,
2087,45868,Genetic bank,CIAT-7381,Galactia,glaucescens,Galactia glaucescens,Fabaceae,Fabales,Herbaceous,F25 1659,20,53,2,1,179,,,,,,,,,,,,,,,,
2088,45868,Genetic bank,CIAT-7381,Galactia,glaucescens,Galactia glaucescens,Fabaceae,Fabales,Herbaceous,F25 1659,20,53,2,2,180,,,,,,,,,,,,,,,,
2089,45868,Genetic bank,CIAT-7381,Galactia,glaucescens,Galactia glaucescens,Fabaceae,Fabales,Herbaceous,F25 1659,20,53,2,3,181,,,,,,,,,,,,,,,,
2090,45868,Genetic bank,CIAT-7799,Dioclea,guianensis,Dioclea guianensis,Fabaceae,Fabales,Climber,F25 1660,20,53,2,1,182,,,,,,,,,,,,,,,,
2091,45868,Genetic bank,CIAT-7799,Dioclea,guianensis,Dioclea guianensis,Fabaceae,Fabales,Climber,F25 1660,20,53,2,2,183,,,,,,,,,,,,,,,,
2092,45868,Genetic bank,CIAT-7799,Dioclea,guianensis,Dioclea guianensis,Fabaceae,Fabales,Climber,F25 1660,20,53,2,3,184,,,,,,,,,,,,,,,,
2093,45868,Genetic bank,CIAT-7803,Dioclea,holtiana,Dioclea holtiana,Fabaceae,Fabales,Climber,F25 1661,20,53,2,1,185,,,,,,,,,,,,,,,,
2094,45868,Genetic bank,CIAT-7803,Dioclea,holtiana,Dioclea holtiana,Fabaceae,Fabales,Climber,F25 1661,20,53,2,2,186,,,,,,,,,,,,,,,,
2095,45868,Genetic bank,CIAT-7803,Dioclea,holtiana,Dioclea holtiana,Fabaceae,Fabales,Climber,F25 1661,20,53,2,3,187,,,,,,,,,,,,,,,,
2096,45868,Genetic bank,CIAT-8182,Eriosema,diffusum,Eriosema diffusum,Fabaceae,Fabales,Herbaceous,F25 1662,20,53,2,1,188,,,,,,,,,,,,,,,,
2097,45868,Genetic bank,CIAT-8182,Eriosema,diffusum,Eriosema diffusum,Fabaceae,Fabales,Herbaceous,F25 1662,20,53,2,2,189,,,,,,,,,,,,,,,,
2098,45868,Genetic bank,CIAT-8182,Eriosema,diffusum,Eriosema diffusum,Fabaceae,Fabales,Herbaceous,F25 1662,20,53,2,3,190,,,,,,,,,,,,,,,,
2099,45868,Genetic bank,CIAT-8434,Dioclea,sericea,Dioclea sericea,Fabaceae,Fabales,Climber,F25 1663,20,53,2,1,191,,,,,,,,,,,,,,,,
2100,45868,Genetic bank,CIAT-8434,Dioclea,sericea,Dioclea sericea,Fabaceae,Fabales,Climber,F25 1663,20,53,2,2,192,,,,,,,,,,,,,,,,
2101,45868,Genetic bank,CIAT-8434,Dioclea,sericea,Dioclea sericea,Fabaceae,Fabales,Climber,F25 1663,20,53,2,3,193,,,,,,,,,,,,,,,,
2102,45868,Genetic bank,CIAT-8702,Calopogonium,caeruleum,Calopogonium caeruleum,Fabaceae,Fabales,Climber,F25 1664,20,53,2,1,194,,,,,,,,,,,,,,,Elimino 14.10%DMD,
2103,45868,Genetic bank,CIAT-8702,Calopogonium,caeruleum,Calopogonium caeruleum,Fabaceae,Fabales,Climber,F25 1664,20,53,2,2,195,14.5,18.2,30.01647914,55.46042338,105.1149013,49.8120927,4.738823142,14.5,16.1974734,17.02595819,34.1803712,5680.301402,9.449701361,18.97069737,,
2104,45868,Genetic bank,CIAT-8702,Calopogonium,caeruleum,Calopogonium caeruleum,Fabaceae,Fabales,Climber,F25 1664,20,53,2,3,196,,,,,,,,,,,,,,,Elimino 20.93%DMD,
2105,45868,Genetic bank,CIAT-8816,Crotalaria,micans,Crotalaria micans,Fabaceae,Fabales,Herbaceous,F25 1665,20,53,2,1,197,14.4,17.1,47.71661427,84.66564633,163.8998541,71.60110431,4.368588655,14.4,15.5783101,25.53282753,35.65982365,413.1515,14.17116102,19.79181908,,
2106,45868,Genetic bank,CIAT-8816,Crotalaria,micans,Crotalaria micans,Fabaceae,Fabales,Herbaceous,F25 1665,20,53,2,2,198,13.9,16.9,47.27411089,85.10814971,167.7299789,58.6923183,3.499214552,13.9,15.23362218,25.55135128,43.53440453,13229.76242,14.18144202,24.1623477,,
2107,45868,Genetic bank,CIAT-8816,Crotalaria,micans,Crotalaria micans,Fabaceae,Fabales,Herbaceous,F25 1665,20,53,2,3,199,14,17.1,49.0441244,87.76316998,178.9607735,72.55327022,4.054143754,14,15.36764706,27.50206005,37.90602403,394.285283,15.26411914,21.03849915,,
2108,45868,LMF,Hohenheimer Heustandard,Hohenheimer,Heustandard,Hohenheimer Heustandard,Forage,Forage,Forage,F25 0017,20,53,2,1,200,15,17.2,22.9364251,47.49536258,94.41247915,75.29133262,7.974722548,15,16.13757764,15.23588712,20.23591108,#DIV/0!,8.456180951,11.23128075,,
2109,45868,LMF,Hohenheimer Heustandard,Hohenheimer,Heustandard,Hohenheimer Heustandard,Forage,Forage,Forage,F25 0017,20,53,2,2,201,15,17.3,22.49392172,45.72534906,87.98667156,49.950446,5.677046888,15,16.16854839,14.22616757,28.48056165,#DIV/0!,7.895769126,15.80720446,,
2110,45868,LMF,Hohenheimer Heustandard,Hohenheimer,Heustandard,Hohenheimer Heustandard,Forage,Forage,Forage,F25 0017,20,53,2,3,202,15.1,17.4,20.72390821,44.39783893,87.3354888,50.17307183,5.744866436,15.1,16.32641196,14.25875169,28.41913236,#DIV/0!,7.913853879,15.77311014,,
2111,45868,LMF,Homenheim Concentrate,Homenheim,Concentrate,Homenheim Concentrate,Concentrate,Concentrate,Concentrate,F25 0018,20,53,2,1,203,15.6,17.9,30.01647914,57.23043689,121.2829479,63.74042639,5.255514272,15.6,16.69368557,20.24659398,31.76413326,#DIV/0!,11.23720994,17.62964351,,
2112,45868,LMF,Homenheim Concentrate,Homenheim,Concentrate,Homenheim Concentrate,Concentrate,Concentrate,Concentrate,F25 0018,20,53,2,2,204,16.2,18.3,29.57397577,56.78793352,116.1078418,79.12477191,6.814765538,16.2,17.20636364,19.97793747,25.24865095,#DIV/0!,11.08810094,14.0134381,,
2113,45868,LMF,Homenheim Concentrate,Homenheim,Concentrate,Homenheim Concentrate,Concentrate,Concentrate,Concentrate,F25 0018,20,53,2,3,205,15.7,18.2,30.9014859,55.46042338,114.2737901,53.41307844,4.674132047,15.7,16.80704787,19.20605061,35.95758037,#DIV/0!,10.65969037,19.95707921,,
2114,45868,LMF,Sample 8,Cynodon,nlemfuensis,Cynodon nlemfuensis ,Poaceae,Poales,Grasses,F25 0008,20,53,2,1,206,15,17.1,22.9364251,59.88545716,116.6529363,38.56215204,3.305716363,15,16.29568966,19.00940048,49.29548657,507.9010964,10.55054615,27.35984791,,
2115,45868,LMF,Sample 8,Cynodon,nlemfuensis,Cynodon nlemfuensis ,Poaceae,Poales,Grasses,F25 0008,20,53,2,2,207,15,16.8,21.16641158,58.55794703,109.5851858,25.01310894,2.282526489,15,16.14937028,17.69731742,70.75217025,6764.923395,9.822317351,39.26867857,,
2116,45868,LMF,Sample 8,Cynodon,nlemfuensis,Cynodon nlemfuensis ,Poaceae,Poales,Grasses,F25 0008,20,53,2,3,208,14.9,17,21.60891496,59.44295378,120.156714,33.98177533,2.828121227,14.9,16.2366005,19.50936562,57.41126067,731.6727959,10.82803545,31.86424295,,
2121,45873,Breding ,CIAT-BR12_0255,Urochloa,interespecifico,Brachiaria interespecifico,Poaceae,Poales,Grasses,F25 2107,20,54,3,1,3,11.6,13.9,33.40900504,82.41625416,174.6993944,60.23405003,3.447868279,11.6,12.96765101,22.65440778,37.61063346,348.676363,12.57358826,20.87455228,,
2122,45873,Breding ,CIAT-BR12_0255,Urochloa,interespecifico,Brachiaria interespecifico,Poaceae,Poales,Grasses,F25 2107,20,54,3,2,4,12.1,15.1,31.63899153,76.66371025,158.2234728,59.03229931,3.730944484,12.1,13.86190476,21.93278711,37.1538757,372.151076,12.17307631,20.62104382,,
2123,45873,Breding ,CIAT-BR12_0255,Urochloa,interespecifico,Brachiaria interespecifico,Poaceae,Poales,Grasses,F25 2107,20,54,3,3,5,11.9,14.8,32.96650166,81.08874403,165.9093484,56.70617601,3.417901195,11.9,13.62100955,22.59852818,39.85196988,450.835765,12.54257412,22.11853276,,
2124,45873,Breding ,CIAT-BR12_0461,Urochloa,interespecifico,Brachiaria interespecifico,Poaceae,Poales,Grasses,F25 2108,20,54,3,1,6,11.4,14.8,30.75398477,85.51377781,169.1357709,59.19638867,3.499933123,11.4,13.57723157,22.96395527,38.79283143,353.1550775,12.74539247,21.5306926,,
2125,45873,Breding ,CIAT-BR12_0461,Urochloa,interespecifico,Brachiaria interespecifico,Poaceae,Poales,Grasses,F25 2108,20,54,3,2,7,12.5,15.1,32.08149491,86.84128794,178.7854906,53.30729171,2.98163411,12.5,14.13949045,25.27935736,47.42195026,529.528625,14.03048069,26.32000284,,
2126,45873,Breding ,CIAT-BR12_0461,Urochloa,interespecifico,Brachiaria interespecifico,Poaceae,Poales,Grasses,F25 2108,20,54,3,3,8,12.4,15,28.98397126,79.31873051,157.1712731,55.89147081,3.556086917,12.4,14.04993026,22.08245427,39.50952436,406.1383943,12.25614417,21.92846957,,
2127,45873,Breding ,CIAT-BR12_1620,Urochloa,interespecifico,Brachiaria interespecifico,Poaceae,Poales,Grasses,F25 2109,20,54,3,1,9,11.8,14,34.2940118,83.30126092,162.2006594,54.98172293,3.389734859,11.8,13.09428951,21.23902392,38.62924403,429.1520514,11.78802573,21.43989876,,
2128,45873,Breding ,CIAT-BR12_1620,Urochloa,interespecifico,Brachiaria interespecifico,Poaceae,Poales,Grasses,F25 2109,20,54,3,2,10,12.1,14.5,30.75398477,79.76123389,156.763947,56.23020196,3.586934563,12.1,13.57461859,21.28010788,37.84462289,393.9302938,11.81082804,21.00442045,,
2129,45873,Breding ,CIAT-BR12_1620,Urochloa,interespecifico,Brachiaria interespecifico,Poaceae,Poales,Grasses,F25 2109,20,54,3,3,11,12.1,14.2,32.96650166,80.64624065,164.7744143,55.11143665,3.344659842,12.1,13.34156379,21.98348359,39.88914992,419.7705881,12.20121373,22.13916833,,
2130,45873,Breding ,CIAT-BR12_1889,Urochloa,interespecifico,Brachiaria interespecifico,Poaceae,Poales,Grasses,F25 2110,20,54,3,1,12,11.1,15.3,31.19648815,79.31873051,162.0328595,54.01641398,3.333670353,11.1,13.64811715,22.11443449,40.94021217,531.1986405,12.27389375,22.72252606,,
2131,45873,Breding ,CIAT-BR12_1889,Urochloa,interespecifico,Brachiaria interespecifico,Poaceae,Poales,Grasses,F25 2110,20,54,3,2,13,10.8,15.2,29.86897802,78.43372376,162.4991614,56.72005207,3.490482757,10.8,13.52440056,21.97703749,38.74650444,423.278951,12.19763604,21.50498032,,
2132,45873,Breding ,CIAT-BR12_1889,Urochloa,interespecifico,Brachiaria interespecifico,Poaceae,Poales,Grasses,F25 2110,20,54,3,3,14,10.9,15.1,31.19648815,78.87622714,150.2766849,56.10369632,3.733359993,10.9,13.43884993,20.19545816,35.9966624,441.7880457,11.20882868,19.97877041,,
2133,45873,Breding ,CIAT-BR12_4039,Urochloa,interespecifico,Brachiaria interespecifico,Poaceae,Poales,Grasses,F25 2111,20,54,3,1,15,11.1,15,30.3114814,77.10621362,146.9448489,56.58710886,3.850907962,11.1,13.46685796,19.78885409,34.97060458,348.5025049,10.98315639,19.40929057,,
2134,45873,Breding ,CIAT-BR12_4039,Urochloa,interespecifico,Brachiaria interespecifico,Poaceae,Poales,Grasses,F25 2111,20,54,3,2,16,11.7,15.1,30.75398477,79.31873051,153.6424935,53.70506348,3.495456385,11.7,13.78172943,21.17459274,39.42755369,434.9150643,11.75226531,21.88297444,,
2135,45873,Breding ,CIAT-BR12_4039,Urochloa,interespecifico,Brachiaria interespecifico,Poaceae,Poales,Grasses,F25 2111,20,54,3,3,17,11.9,15.3,30.75398477,77.99122038,146.4971199,57.0602416,3.894973611,11.9,13.95929078,20.44995895,35.83924353,356.2442056,11.35008102,19.89140022,,
2136,45873,Breding ,CIAT-BR12_4856,Urochloa,interespecifico,Brachiaria interespecifico,Poaceae,Poales,Grasses,F25 2112,20,54,3,1,18,11.9,14.8,29.86897802,70.91116633,139.5649612,47.09569238,3.374463904,11.9,13.57847114,18.95078798,40.23889875,571.3838556,10.5180152,22.33328498,,
2137,45873,Breding ,CIAT-BR12_4856,Urochloa,interespecifico,Brachiaria interespecifico,Poaceae,Poales,Grasses,F25 2112,20,54,3,2,19,12.2,14.7,28.54146788,72.23867647,151.1860758,45.62726726,3.017954334,12.2,13.71225115,20.73101441,45.43558196,681.0947879,11.50607167,25.21753407,,
2138,45873,Breding ,CIAT-BR12_4856,Urochloa,interespecifico,Brachiaria interespecifico,Poaceae,Poales,Grasses,F25 2112,20,54,3,3,20,11.9,14.9,29.86897802,72.23867647,146.9991215,46.56329378,3.167589935,11.9,13.65957121,20.07944968,43.12291518,616.1522156,11.14444197,23.933964,,
2139,45873,Breding ,CIAT-BR12_5049,Urochloa,interespecifico,Brachiaria interespecifico,Poaceae,Poales,Grasses,F25 2113,20,54,3,1,21,12,15.3,29.42647464,77.10621362,150.354132,51.15346963,3.402199126,12,14.04060258,21.11062613,41.26919696,558.2987999,11.71676274,22.90511831,,
2140,45873,Breding ,CIAT-BR12_5049,Urochloa,interespecifico,Brachiaria interespecifico,Poaceae,Poales,Grasses,F25 2113,20,54,3,2,22,12.1,15.3,30.75398477,79.31873051,156.0155938,43.17495408,2.767348638,12.1,14.05927476,21.93466099,50.80413275,1791.462452,12.17411634,28.19717264,,
2141,45873,Breding ,CIAT-BR12_5049,Urochloa,interespecifico,Brachiaria interespecifico,Poaceae,Poales,Grasses,F25 2113,20,54,3,3,23,12.2,15.3,30.75398477,80.64624065,156.440932,49.66111065,3.174432039,12.2,14.11783265,22.08606897,44.47357031,672.5596225,12.25815039,24.68360096,,
2142,45873,Breding ,CIAT-BR15_1851,Urochloa,interespecifico,Brachiaria interespecifico,Poaceae,Poales,Grasses,F25 2114,20,54,3,1,24,12.2,15,32.08149491,81.53124741,166.8734957,46.17066369,2.766806286,12.2,13.89823609,23.19247241,50.23205333,1200.285586,12.87222344,27.87965867,,
2143,45873,Breding ,CIAT-BR15_1851,Urochloa,interespecifico,Brachiaria interespecifico,Poaceae,Poales,Grasses,F25 2114,20,54,3,2,25,12.5,14.9,31.19648815,81.53124741,152.7536523,49.91975155,3.267990702,12.5,13.9816825,21.35753067,42.7837279,723.8731226,11.85379903,23.74570919,,
2144,45873,Breding ,CIAT-BR15_1851,Urochloa,interespecifico,Brachiaria interespecifico,Poaceae,Poales,Grasses,F25 2114,20,54,3,3,26,12.3,15.1,33.40900504,82.41625416,154.9737491,44.69806947,2.884234892,12.3,13.96496644,21.64203206,48.41827023,1652.893991,12.01170222,26.87297766,,
2145,45873,Breding ,CIAT-BR15_3025,Urochloa,interespecifico,Brachiaria interespecifico,Poaceae,Poales,Grasses,F25 2115,20,54,3,1,27,12.2,15,31.63899153,76.22120687,150.2956086,48.04215979,3.196511211,12.2,13.83773585,20.79750931,43.29012143,791.8516018,11.54297749,24.02676636,,
2146,45873,Breding ,CIAT-BR15_3025,Urochloa,interespecifico,Brachiaria interespecifico,Poaceae,Poales,Grasses,F25 2115,20,54,3,2,28,12.8,14.9,30.75398477,77.99122038,143.7194246,54.35473212,3.782003182,12.8,14.07191489,20.22407511,37.20757021,460.1440637,11.22471159,20.65084519,,
2147,45873,Breding ,CIAT-BR15_3025,Urochloa,interespecifico,Brachiaria interespecifico,Poaceae,Poales,Grasses,F25 2115,20,54,3,3,29,12.2,15,33.40900504,80.20373727,154.8057516,50.60729939,3.269083924,12.2,13.83365517,21.41529386,42.31661069,630.4343016,11.8858586,23.48645105,,
2148,45873,Breding ,CIAT-BR15_3248,Urochloa,interespecifico,Brachiaria interespecifico,Poaceae,Poales,Grasses,F25 2116,20,54,3,1,30,12.3,15.4,30.75398477,78.87622714,151.9608625,50.00541323,3.290677113,12.3,14.19130435,21.56522849,43.12578797,748.3383551,11.96907491,23.93555845,,
2149,45873,Breding ,CIAT-BR15_3248,Urochloa,interespecifico,Brachiaria interespecifico,Poaceae,Poales,Grasses,F25 2116,20,54,3,2,31,12.1,15,29.86897802,77.548717,146.6688998,53.07652345,3.618798773,12.1,13.88302425,20.36207893,38.36362595,533.4527327,11.30130609,21.29247613,,
2150,45873,Breding ,CIAT-BR15_3248,Urochloa,interespecifico,Brachiaria interespecifico,Poaceae,Poales,Grasses,F25 2116,20,54,3,3,32,12.3,15.2,31.63899153,77.548717,149.2178539,49.93278151,3.346300741,12.3,14.0168331,20.91561753,41.88754741,732.7505312,11.60852959,23.24831351,,
2151,45873,Breding ,CIAT-BR15_7659,Urochloa,interespecifico,Brachiaria interespecifico,Poaceae,Poales,Grasses,F25 2117,20,54,3,1,33,12,14.6,29.86897802,78.87622714,159.9401082,47.31943754,2.958572311,12,13.61542777,21.7765299,46.02026362,868.0112781,12.08635085,25.54204251,,
2152,45873,Breding ,CIAT-BR15_7659,Urochloa,interespecifico,Brachiaria interespecifico,Poaceae,Poales,Grasses,F25 2117,20,54,3,2,34,11.8,14.8,31.63899153,78.87622714,157.6134897,45.5679916,2.891122562,11.8,13.59663394,21.43012923,47.02890884,1133.785545,11.89409249,26.10185806,,
2153,45873,Breding ,CIAT-BR15_7659,Urochloa,interespecifico,Brachiaria interespecifico,Poaceae,Poales,Grasses,F25 2117,20,54,3,3,35,12,14.7,32.08149491,77.99122038,146.7581805,54.46220806,3.71101685,12,13.5893617,19.94349997,36.61897063,436.9894158,11.06898753,20.32416224,,
2154,45873,Breding ,CIAT-BR15_8919,Urochloa,interespecifico,Brachiaria interespecifico,Poaceae,Poales,Grasses,F25 2118,20,54,3,1,36,11.9,14.6,28.09896451,76.22120687,155.4855419,46.61516394,2.99803849,11.9,13.60464441,21.15325509,45.37848482,667.2649722,11.74042255,25.18584417,,
2155,45873,Breding ,CIAT-BR15_8919,Urochloa,interespecifico,Brachiaria interespecifico,Poaceae,Poales,Grasses,F25 2118,20,54,3,2,37,11.8,14.5,28.98397126,79.31873051,161.2505549,51.087362,3.168197593,11.8,13.51338912,21.79041495,42.65323966,473.9430456,12.09405729,23.67328595,,
2156,45873,Breding ,CIAT-BR15_8919,Urochloa,interespecifico,Brachiaria interespecifico,Poaceae,Poales,Grasses,F25 2118,20,54,3,3,38,11.8,14.4,29.86897802,78.87622714,158.8111662,44.69128541,2.814114806,11.8,13.41542777,21.30519729,47.67192775,846.747218,11.8247531,26.45874467,,
2157,45873,Breding ,CIAT-BR19_5515,Urochloa,interespecifico,Brachiaria interespecifico,Poaceae,Poales,Grasses,F25 2119,20,54,3,1,39,11.7,14.8,32.52399829,81.97375078,164.3022639,47.2260502,2.874339591,11.7,13.57004049,22.29588373,47.21098553,834.9874126,12.37460121,26.20291377,,
2158,45873,Breding ,CIAT-BR19_5515,Urochloa,interespecifico,Brachiaria interespecifico,Poaceae,Poales,Grasses,F25 2119,20,54,3,2,40,11.7,14.6,32.08149491,82.41625416,169.6520594,47.30295904,2.788233706,11.7,13.47114094,22.85406803,48.31424608,825.5488148,12.68440316,26.81524246,,
2159,45873,Breding ,CIAT-BR19_5515,Urochloa,interespecifico,Brachiaria interespecifico,Poaceae,Poales,Grasses,F25 2119,20,54,3,3,41,12.2,14.7,31.19648815,81.53124741,159.370554,47.7504019,2.996187231,12.2,13.74341927,21.90296343,45.86969441,790.0199216,12.15652365,25.45847399,,
2160,45873,Breding ,CIAT-BR19_5877,Urochloa,interespecifico,Brachiaria interespecifico,Poaceae,Poales,Grasses,F25 2120,20,54,3,1,42,12.3,15,28.98397126,75.77870349,153.402296,48.94600031,3.190695419,12.3,13.96729927,21.42615777,43.77509425,655.4881316,11.89188826,24.29593466,,
2161,45873,Breding ,CIAT-BR19_5877,Urochloa,interespecifico,Brachiaria interespecifico,Poaceae,Poales,Grasses,F25 2120,20,54,3,2,43,12.3,14.9,29.86897802,77.99122038,154.1186468,57.01977028,3.699732088,12.3,13.90425532,21.42905014,37.58178968,368.7496331,11.89349358,20.85854348,,
2162,45873,Breding ,CIAT-BR19_5877,Urochloa,interespecifico,Brachiaria interespecifico,Poaceae,Poales,Grasses,F25 2120,20,54,3,3,44,12.2,14.8,29.42647464,81.08874403,171.1140934,53.512124,3.127277417,12.2,13.85648022,23.7103905,44.30844589,475.1639437,13.15967694,24.59195405,,
2163,45873,Breding ,CIAT-BR19_6136,Urochloa,interespecifico,Brachiaria interespecifico,Poaceae,Poales,Grasses,F25 2121,20,54,3,1,45,12,14.5,31.63899153,78.87622714,156.9308626,43.71467471,2.785600869,12,13.49719495,21.18126446,48.45344178,1499.501296,11.75596823,26.89249848,,
2164,45873,Breding ,CIAT-BR19_6136,Urochloa,interespecifico,Brachiaria interespecifico,Poaceae,Poales,Grasses,F25 2121,20,54,3,2,46,11.9,14.6,29.42647464,77.99122038,157.973818,32.75229274,2.07327348,11.9,13.5812766,21.45486117,65.50644055,-963.4597953,11.90781914,36.35720784,,
2165,45873,Breding ,CIAT-BR19_6136,Urochloa,interespecifico,Brachiaria interespecifico,Poaceae,Poales,Grasses,F25 2121,20,54,3,3,47,12.1,14.7,29.42647464,76.66371025,148.1466482,34.91602355,2.356855451,12.1,13.7020202,20.29908367,58.13687129,-1415.195161,11.26634263,32.2669694,,
2166,45873,Genetic bank,CIAT-798,Galactia ,striata,Galactia striata,Fabaceae,Fabales,Climber,F25 1651,20,54,3,1,48,12.4,16.2,37.39153544,85.95628119,171.8754604,58.46896512,3.401821585,12.4,14.54697555,25.00268119,42.76231184,413.627059,13.87692064,23.73382291,,
2167,45873,Genetic bank,CIAT-798,Galactia ,striata,Galactia striata,Fabaceae,Fabales,Climber,F25 1651,20,54,3,2,49,,,,,,,,,,,,,,,Elimino 26.48%,
2168,45873,Genetic bank,CIAT-798,Galactia ,striata,Galactia striata,Fabaceae,Fabales,Climber,F25 1651,20,54,3,3,50,12.1,16.6,35.62152193,80.64624065,167.1384693,57.16164655,3.420017354,12.1,14.61234568,24.4228509,42.72594016,420.3576206,13.55510479,23.71363599,,
2171,45873,Genetic bank,CIAT-822,Calopogonium,mucunoides,Calopogonium mucunoides,Fabaceae,Fabales,Climber,F25 1652,20,54,3,1,51,13.4,16.7,36.50652869,71.79617309,141.8105361,26.04917167,1.836899598,13.4,15.0220339,21.3028268,81.77928677,-359.711238,11.82343744,45.38891902,,
2172,45873,Genetic bank,CIAT-822,Calopogonium,mucunoides,Calopogonium mucunoides,Fabaceae,Fabales,Climber,F25 1652,20,54,3,2,52,13.4,16.5,37.83403882,72.23867647,135.4144908,51.28063266,3.786938338,13.4,14.87641654,20.1448237,39.28349292,748.0439642,11.18072568,21.80301822,,
2173,45873,Genetic bank,CIAT-822,Calopogonium,mucunoides,Calopogonium mucunoides,Fabaceae,Fabales,Climber,F25 1652,20,54,3,3,53,13.7,16.3,35.62152193,68.69864944,130.5741838,50.31621155,3.853457864,13.7,14.95185185,19.52325852,38.80112974,810.647284,10.83574625,21.5352983,,
2174,45873,Genetic bank,CIAT-852,Dioclea,sericea,Dioclea sericea,Fabaceae,Fabales,Climber,F25 1653,20,54,3,1,56,11.4,14.9,17.92138681,33.2983792,65.89588412,13.87602201,2.105749426,11.4,13.01627907,8.577192173,61.81304818,-51.58636943,4.76049005,34.30731117,,
2175,45873,Genetic bank,CIAT-852,Dioclea,sericea,Dioclea sericea,Fabaceae,Fabales,Climber,F25 1653,20,54,3,2,57,11.2,14.5,18.80639357,34.18338595,66.84105916,36.00084353,5.386037262,11.2,12.68446602,8.478431436,23.55064661,-118.0016759,4.705676133,13.07101632,,
2176,45873,Genetic bank,CIAT-852,Dioclea,sericea,Dioclea sericea,Fabaceae,Fabales,Climber,F25 1653,20,54,3,3,58,11,14.7,17.92138681,32.85587582,62.59267792,10.86186788,1.73532564,11,12.68181818,7.937889608,73.08033658,-46.06212006,4.405666066,40.56085117,,
2177,45873,Genetic bank,CIAT-907,Dioclea,virgata,Dioclea virgata,Fabaceae,Fabales,Climber,F25 1654,20,54,3,1,59,12.6,16.9,25.88644762,64.27361566,126.5292924,45.33186886,3.582717329,12.6,15.16815835,19.19216343,42.3370223,707.0975353,10.65198275,23.49777985,,
2178,45873,Genetic bank,CIAT-907,Dioclea,virgata,Dioclea virgata,Fabaceae,Fabales,Climber,F25 1654,20,54,3,2,60,,,,,,,,,,,,,,,Elimino 17.62%DMD,
2179,45873,Genetic bank,CIAT-907,Dioclea,virgata,Dioclea virgata,Fabaceae,Fabales,Climber,F25 1654,20,54,3,3,61,13.2,16.9,28.54146788,65.6011258,126.8900113,42.35888044,3.338236006,13.2,15.29021922,19.40176089,45.80329011,1102.370913,10.76831297,25.42161845,,
2180,45873,Genetic bank,CIAT-1992,Stylosanthes,guianensis,Stylosanthes guianensis,Fabaceae,Fabales,Herbaceous,F25 1655,20,54,3,1,62,,,,,,,,,,,,,,,Elimino 19.14% DMD,
2181,45873,Genetic bank,CIAT-1992,Stylosanthes,guianensis,Stylosanthes guianensis,Fabaceae,Fabales,Herbaceous,F25 1655,20,54,3,2,63,11.2,13.7,28.09896451,64.27361566,123.0706615,43.7050894,3.551219183,11.2,12.6070568,15.5155882,35.500644,913.432383,8.611419885,19.70347162,,
2182,45873,Genetic bank,CIAT-1992,Stylosanthes,guianensis,Stylosanthes guianensis,Fabaceae,Fabales,Herbaceous,F25 1655,20,54,3,3,64,11,13.3,29.86897802,68.69864944,132.6238363,30.11532376,2.270732366,11,12.3,16.31273186,54.16754604,-643.662901,9.053848412,30.06392521,,
2183,45873,Genetic bank,CIAT-3001,Codariocalyx,gyroides,Codariocalyx gyroides,Fabaceae,Fabales,Shrub,F25 1656,20,54,3,1,65,,,,,,,,,,,,,,,Eliminó 15.59%DMD,
2184,45873,Genetic bank,CIAT-3001,Codariocalyx,gyroides,Codariocalyx gyroides,Fabaceae,Fabales,Shrub,F25 1656,20,54,3,2,66,12,15,22.34642059,47.90099067,94.41444678,37.30143135,3.950818188,12,13.60046189,12.84080086,34.42441856,-1583.566025,7.126866635,19.10614788,,
2185,45873,Genetic bank,CIAT-3001,Codariocalyx,gyroides,Codariocalyx gyroides,Fabaceae,Fabales,Shrub,F25 1656,20,54,3,3,67,12.3,15.3,21.90391721,47.4584873,96.5266928,28.69081923,2.972319718,12.3,13.91538462,13.43206056,46.81658077,-358.674726,7.455025999,25.9840123,,
2186,45873,Genetic bank,CIAT-3304,Desmodium,cajanifolium,Desmodium cajanifolium,Fabaceae,Fabales,Shrub,F25 1657,20,54,3,1,68,,,,,,,,,,,,,,,,
2187,45873,Genetic bank,CIAT-3304,Desmodium,cajanifolium,Desmodium cajanifolium,Fabaceae,Fabales,Shrub,F25 1657,20,54,3,2,69,,,,,,,,,,,,,,,,
2188,45873,Genetic bank,CIAT-3304,Desmodium,cajanifolium,Desmodium cajanifolium,Fabaceae,Fabales,Shrub,F25 1657,20,54,3,3,70,,,,,,,,,,,,,,,,
2189,45873,Genetic bank,CIAT-5713,Centrosema,macrocarpum,Centrosema macrocarpum,Fabaceae,Fabales,Climber,F25 1658,20,54,3,1,71,13.1,17,35.62152193,70.46866295,139.1734667,41.61989878,2.990505285,13.1,15.02857143,20.91578386,50.25428814,-419.3737395,11.6086219,27.89199937,,
2190,45873,Genetic bank,CIAT-5713,Centrosema,macrocarpum,Centrosema macrocarpum,Fabaceae,Fabales,Climber,F25 1658,20,54,3,2,72,,,,,,,,,,,,,,,Elimino 23.25%DMD,
2191,45873,Genetic bank,CIAT-5713,Centrosema,macrocarpum,Centrosema macrocarpum,Fabaceae,Fabales,Climber,F25 1658,20,54,3,3,73,13.9,17,37.39153544,72.68117984,134.1876103,52.03443144,3.877737395,13.9,15.40517504,20.67183624,39.72722613,-3849.150311,11.47322676,22.04929782,,
2192,45873,Genetic bank,CIAT-7381,Galactia,glaucescens,Galactia glaucescens,Fabaceae,Fabales,Herbaceous,F25 1659,20,54,3,1,74,,,,,,,,,,,,,,,,
2193,45873,Genetic bank,CIAT-7381,Galactia,glaucescens,Galactia glaucescens,Fabaceae,Fabales,Herbaceous,F25 1659,20,54,3,2,75,,,,,,,,,,,,,,,,
2194,45873,Genetic bank,CIAT-7381,Galactia,glaucescens,Galactia glaucescens,Fabaceae,Fabales,Herbaceous,F25 1659,20,54,3,3,76,,,,,,,,,,,,,,,,
2195,45873,Genetic bank,CIAT-7799,Dioclea,guianensis,Dioclea guianensis,Fabaceae,Fabales,Climber,F25 1660,20,54,3,1,77,,,,,,,,,,,,,,,,
2196,45873,Genetic bank,CIAT-7799,Dioclea,guianensis,Dioclea guianensis,Fabaceae,Fabales,Climber,F25 1660,20,54,3,2,78,,,,,,,,,,,,,,,,
2197,45873,Genetic bank,CIAT-7799,Dioclea,guianensis,Dioclea guianensis,Fabaceae,Fabales,Climber,F25 1660,20,54,3,3,79,,,,,,,,,,,,,,,,
2198,45873,Genetic bank,CIAT-7803,Dioclea,holtiana,Dioclea holtiana,Fabaceae,Fabales,Climber,F25 1661,20,54,3,1,80,,,,,,,,,,,,,,,,
2199,45873,Genetic bank,CIAT-7803,Dioclea,holtiana,Dioclea holtiana,Fabaceae,Fabales,Climber,F25 1661,20,54,3,2,81,,,,,,,,,,,,,,,,
2200,45873,Genetic bank,CIAT-7803,Dioclea,holtiana,Dioclea holtiana,Fabaceae,Fabales,Climber,F25 1661,20,54,3,3,82,,,,,,,,,,,,,,,,
2201,45873,Genetic bank,CIAT-8182,Eriosema,diffusum,Eriosema diffusum,Fabaceae,Fabales,Herbaceous,F25 1662,20,54,3,1,84,,,,,,,,,,,,,,,,
2202,45873,Genetic bank,CIAT-8182,Eriosema,diffusum,Eriosema diffusum,Fabaceae,Fabales,Herbaceous,F25 1662,20,54,3,2,85,,,,,,,,,,,,,,,,
2203,45873,Genetic bank,CIAT-8182,Eriosema,diffusum,Eriosema diffusum,Fabaceae,Fabales,Herbaceous,F25 1662,20,54,3,3,86,,,,,,,,,,,,,,,,
2204,45873,Genetic bank,CIAT-8434,Dioclea,sericea,Dioclea sericea,Fabaceae,Fabales,Climber,F25 1663,20,54,3,1,83,,,,,,,,,,,,,,,,
2205,45873,Genetic bank,CIAT-8434,Dioclea,sericea,Dioclea sericea,Fabaceae,Fabales,Climber,F25 1663,20,54,3,2,87,,,,,,,,,,,,,,,,
2206,45873,Genetic bank,CIAT-8434,Dioclea,sericea,Dioclea sericea,Fabaceae,Fabales,Climber,F25 1663,20,54,3,3,88,,,,,,,,,,,,,,,,
2207,45873,Genetic bank,CIAT-8702,Calopogonium,caeruleum,Calopogonium caeruleum,Fabaceae,Fabales,Climber,F25 1664,20,54,3,1,89,13.7,18.1,29.86897802,58.52107175,120.8835539,38.03075525,3.146065284,13.7,15.85425331,19.16518485,50.39391073,13138.86558,10.63700917,27.96949232,,
2208,45873,Genetic bank,CIAT-8702,Calopogonium,caeruleum,Calopogonium caeruleum,Fabaceae,Fabales,Climber,F25 1664,20,54,3,2,90,13.6,18.2,29.42647464,57.19356161,114.875015,25.34291994,2.206129848,13.6,15.83326886,18.18846998,71.76943314,-461.4636375,10.09491552,39.83327708,,
2209,45873,Genetic bank,CIAT-8702,Calopogonium,caeruleum,Calopogonium caeruleum,Fabaceae,Fabales,Climber,F25 1664,20,54,3,3,91,,,,,,,,,,,,,,,Elimino 15.51%DMD,
2210,45873,Genetic bank,CIAT-8816,Crotalaria,micans,Crotalaria micans,Fabaceae,Fabales,Herbaceous,F25 1665,20,54,3,1,92,13.4,17.1,48.89662327,90.38131497,175.4087554,60.75776243,3.463781628,13.4,15.09828641,26.48371628,43.58902504,592.123134,14.69892073,24.19266303,,
2211,45873,Genetic bank,CIAT-8816,Crotalaria,micans,Crotalaria micans,Fabaceae,Fabales,Herbaceous,F25 1665,20,54,3,2,93,,,,,,,,,,,,,,,Eliminado 44.27%DMD,
2212,45873,Genetic bank,CIAT-8816,Crotalaria,micans,Crotalaria micans,Fabaceae,Fabales,Herbaceous,F25 1665,20,54,3,3,94,13.1,17,50.66663679,91.7088251,185.8379197,55.92600004,3.009396582,13.1,14.84535585,27.58830049,49.33000834,1003.217179,15.31198408,27.37900809,,
2213,45873,LMF,Hohenheimer Heustandard,Hohenheimer,Heustandard,Hohenheimer Heustandard,Forage,Forage,Forage,F25 0017,20,54,3,1,95,14.4,16.8,21.90391721,46.13097716,94.07438245,44.93920393,4.776986333,14.4,15.66043165,14.73245437,32.78307821,-225.8440067,8.176767061,18.19517559,,
2214,45873,LMF,Hohenheimer Heustandard,Hohenheimer,Heustandard,Hohenheimer Heustandard,Forage,Forage,Forage,F25 0017,20,54,3,2,96,14.1,16.8,21.46141384,45.68847378,93.57284248,70.61030544,7.546025489,14.1,15.53171913,14.53347107,20.58264864,240.1505061,8.06632789,11.4237261,,
2215,45873,LMF,Hohenheimer Heustandard,Hohenheimer,Heustandard,Hohenheimer Heustandard,Forage,Forage,Forage,F25 0017,20,54,3,3,97,15.4,17.2,19.69140032,43.47595689,95.75853921,41.47789793,4.331509051,15.4,16.38473282,15.68978081,37.82684656,-176.8244417,8.708099797,20.99455428,,
2216,45873,LMF,Homenheim Concentrate,Homenheim,Concentrate,Homenheim Concentrate,Concentrate,Concentrate,Concentrate,F25 0018,20,54,3,1,98,15.3,18.2,31.63899153,57.19356161,118.5018513,81.97408804,6.917536489,15.3,16.59574468,19.66626468,23.99083071,#DIV/0!,10.91511715,13.31532611,,
2217,45873,LMF,Homenheim Concentrate,Homenheim,Concentrate,Homenheim Concentrate,Concentrate,Concentrate,Concentrate,F25 0018,20,54,3,2,99,14.9,18.5,31.63899153,58.96357512,126.5189709,53.80277675,4.252546188,14.9,16.56829268,20.9620334,38.96087649,#DIV/0!,11.6342912,21.62396052,,
2218,45873,LMF,Homenheim Concentrate,Homenheim,Concentrate,Homenheim Concentrate,Concentrate,Concentrate,Concentrate,F25 0018,20,54,3,3,100,15,18.6,29.86897802,55.86605148,113.1440288,68.08169099,6.017258861,15,16.67524752,18.86704686,27.71236523,#DIV/0!,10.47153743,15.38084216,,
2219,45873,LMF,Sample 8,Cynodon,nlemfuensis,Cynodon nlemfuensis ,Poaceae,Poales,Grasses,F25 0008,20,54,3,1,101,14.3,16.3,20.57640708,56.75105823,110.5877157,16.20822722,1.465644454,14.3,15.5748538,17.22387505,106.2662487,#DIV/0!,9.559548642,58.97960654,,
2220,45873,LMF,Sample 8,Cynodon,nlemfuensis,Cynodon nlemfuensis ,Poaceae,Poales,Grasses,F25 0008,20,54,3,2,102,13.8,16,20.57640708,58.96357512,117.5617126,40.06630243,3.408108095,13.8,15.23227017,17.90731767,44.69421082,#DIV/0!,9.938871123,24.80606026,,
2221,45873,LMF,Sample 8,Cynodon,nlemfuensis,Cynodon nlemfuensis ,Poaceae,Poales,Grasses,F25 0008,20,54,3,3,103,14.2,16.1,20.57640708,57.63606499,113.8721733,33.69515882,2.959033612,14.2,15.42168906,17.56101249,52.11731627,#DIV/0!,9.746665755,28.92601221,,
2226,45880,0,CIAT-BH16_1763,Urochloa,humidicola,Urochloa humidicola,Poaceae,Poales,grasses,F25 2144,21,55,1,1,3,11.6,15.5,37.76028826,89.09068011,174.6571241,51.98877184,2.976619024,11.6,13.84701987,24.18480668,46.51928834,421.6552808,13.42298613,25.81900986,,
2227,45880,0,CIAT-BH16_1763,Urochloa,humidicola,Urochloa humidicola,Poaceae,Poales,grasses,F25 2144,21,55,1,2,4,12.9,15.5,34.66276461,87.3206666,175.9104489,50.80508052,2.888121816,12.9,14.46790541,25.45055735,50.09451238,459.1826365,14.12549965,27.80332106,,
2228,45880,0,CIAT-BH16_1763,Urochloa,humidicola,Urochloa humidicola,Poaceae,Poales,grasses,F25 2144,21,55,1,3,5,12.6,15.4,32.45024772,81.56812269,164.972018,47.51596916,2.880244162,12.6,14.28607595,23.56802778,49.60022535,514.1002063,13.08066317,27.5289832,,
2229,45880,0,CIAT-BH16B_2165,Urochloa,humidicola,Urochloa humidicola,Poaceae,Poales,grasses,F25 2145,21,55,1,1,6,12.6,15.9,35.99027475,93.07321052,181.5240336,52.97739892,2.9184785,12.6,14.62393027,26.54594809,50.10806236,400.1222726,14.73346046,27.81084153,,
2230,45880,0,CIAT-BH16B_2165,Urochloa,humidicola,Urochloa humidicola,Poaceae,Poales,grasses,F25 2145,21,55,1,2,7,12.9,15.8,35.10526799,91.74570038,178.9008079,54.58533971,3.051151102,12.9,14.6903537,26.28116145,48.14692294,371.5616917,14.58649929,26.72237522,,
2231,45880,0,CIAT-BH16B_2165,Urochloa,humidicola,Urochloa humidicola,Poaceae,Poales,grasses,F25 2145,21,55,1,3,8,13.4,15.9,34.22026124,90.86069363,181.0785244,50.81461737,2.806219983,13.4,14.95844156,27.08652525,53.30459354,438.6830467,15.03349014,29.58497164,,
2232,45880,0,CIAT-BH16B_2167,Urochloa,humidicola,Urochloa humidicola,Poaceae,Poales,grasses,F25 2146,21,55,1,1,9,13.2,14.9,28.46771732,77.14308891,144.8528245,46.35364937,3.200051468,13.2,14.27265774,20.67434787,44.6013381,424.2916262,11.47462076,24.75451429,,
2233,45880,0,CIAT-BH16B_2167,Urochloa,humidicola,Urochloa humidicola,Poaceae,Poales,grasses,F25 2146,21,55,1,2,10,12.9,15.1,30.68023421,82.01062606,154.1062207,44.90476897,2.913884253,12.9,14.27697842,22.00171186,48.99638139,488.8772218,12.21133074,27.19383936,,
2234,45880,0,CIAT-BH16B_2167,Urochloa,humidicola,Urochloa humidicola,Poaceae,Poales,grasses,F25 2146,21,55,1,3,11,12.7,15,28.9102207,78.47059904,155.8119952,36.40091618,2.336207565,12.7,14.15263158,22.05149763,60.57951267,909.4135771,12.2389627,33.62267762,,
2235,45880,0,CIAT-CIAT_16886,Urochloa,humidicola,Urochloa humidicola,Poaceae,Poales,grasses,F25 2147,21,55,1,1,12,14.3,15.5,33.33525448,86.87816322,164.32778,54.77485857,3.333268337,14.3,15.03955857,24.71417272,45.11955551,361.6047061,13.71679344,25.04213392,,
2236,45880,0,CIAT-CIAT_16886,Urochloa,humidicola,Urochloa humidicola,Poaceae,Poales,grasses,F25 2147,21,55,1,2,13,13.3,15.1,35.10526799,89.09068011,175.2402059,50.13688062,2.861037533,13.3,14.39072848,25.21834221,50.29898529,433.3701767,13.99661623,27.91680706,,
2237,45880,0,CIAT-CIAT_16886,Urochloa,humidicola,Urochloa humidicola,Poaceae,Poales,grasses,F25 2147,21,55,1,3,14,13.9,15.2,31.12273759,81.12561931,162.6471766,47.73276397,2.934742857,13.9,14.70127273,23.91120501,50.09390411,455.4031788,13.27113247,27.80298346,,
2238,45880,0,CIAT-CIAT_16891,Urochloa,humidicola,Urochloa humidicola,Poaceae,Poales,grasses,F25 2148,21,55,1,1,15,12.8,15.2,30.68023421,81.56812269,160.5227364,47.16029583,2.937920004,12.8,14.29728752,22.95039716,48.66465902,525.5859808,12.73786749,27.00972771,,
2239,45880,0,CIAT-CIAT_16891,Urochloa,humidicola,Urochloa humidicola,Poaceae,Poales,grasses,F25 2148,21,55,1,2,16,13.2,15.5,31.12273759,82.89563282,168.6209542,45.89199419,2.721606838,13.2,14.63647687,24.68016696,53.77880694,597.0691181,13.69791965,29.84816828,,
2240,45880,0,CIAT-CIAT_16891,Urochloa,humidicola,Urochloa humidicola,Poaceae,Poales,grasses,F25 2148,21,55,1,3,17,12.9,15.8,29.79522746,74.48806864,144.435808,42.02251801,2.909425205,12.9,14.64,21.14540228,50.31921761,745.7585233,11.73606411,27.92803635,,
2241,45880,0,CIAT-CIAT_26146,Urochloa,humidicola,Urochloa humidicola,Poaceae,Poales,grasses,F25 2149,21,55,1,1,18,12.8,15.5,30.68023421,85.99315647,173.5281894,46.24233887,2.66483152,12.8,14.53670669,25.22528391,54.55019043,482.801311,14.000469,30.27629946,,
2242,45880,0,CIAT-CIAT_26146,Urochloa,humidicola,Urochloa humidicola,Poaceae,Poales,grasses,F25 2149,21,55,1,2,19,12.7,15.2,31.12273759,87.3206666,165.1776121,40.01669611,2.422646483,12.7,14.3089527,23.6351864,59.06331281,721.8464449,13.11793736,32.78116047,,
2243,45880,0,CIAT-CIAT_26146,Urochloa,humidicola,Urochloa humidicola,Poaceae,Poales,grasses,F25 2149,21,55,1,3,20,12.2,15.3,32.8927511,91.303197,170.3242201,51.08713389,2.999405126,12.2,14.18319871,24.15742258,47.28670557,397.5890173,13.40778748,26.2449397,,
2244,45880,0,CIAT-CIAT_26149,Urochloa,humidicola,Urochloa humidicola,Poaceae,Poales,grasses,F25 2150,21,55,1,1,21,12.2,15.6,35.10526799,90.86069363,175.7187256,47.64836462,2.711627031,12.2,14.28636364,25.10381612,52.6855776,577.7795794,13.93305227,29.24140708,,
2245,45880,0,CIAT-CIAT_26149,Urochloa,humidicola,Urochloa humidicola,Poaceae,Poales,grasses,F25 2150,21,55,1,2,22,12.3,15.5,35.10526799,89.53318349,168.4066541,45.92294034,2.72690771,12.3,14.24530478,23.99004114,52.23977595,640.5600687,13.31488789,28.99397945,,
2246,45880,0,CIAT-CIAT_26149,Urochloa,humidicola,Urochloa humidicola,Poaceae,Poales,grasses,F25 2150,21,55,1,3,23,12.9,15.6,34.22026124,89.97568687,174.0403112,47.54168149,2.731647695,12.9,14.57311475,25.36309427,53.34917376,587.7694769,14.07695613,29.60971444,,
2247,45880,0,CIAT-CIAT_26160,Urochloa,humidicola,Urochloa humidicola,Poaceae,Poales,grasses,F25 2151,21,55,1,1,24,12.7,15.6,31.56524097,85.10814971,163.2902186,43.63093737,2.671987199,12.7,14.52443674,23.7169845,54.35818236,701.6027919,13.16333673,30.16973166,,
2248,45880,0,CIAT-CIAT_26160,Urochloa,humidicola,Urochloa humidicola,Poaceae,Poales,grasses,F25 2151,21,55,1,2,25,13.3,15.7,32.00774435,85.99315647,174.0977879,40.4578672,2.323858774,13.3,14.80668954,25.77811894,63.71596114,980.8296506,14.307302,35.36346078,,
2249,45880,0,CIAT-CIAT_26160,Urochloa,humidicola,Urochloa humidicola,Poaceae,Poales,grasses,F25 2151,21,55,1,3,26,13.2,15.5,32.00774435,88.64817674,177.0120773,48.74231833,2.753615407,13.2,14.66955075,25.96687651,53.27378221,518.3265575,14.41206572,29.56787082,,
2250,45880,0,CIAT-CIAT_26415,Urochloa,humidicola,Urochloa humidicola,Poaceae,Poales,grasses,F25 2152,21,55,1,1,27,12.1,15.2,31.56524097,82.45312944,166.4848803,47.80508411,2.871436975,12.1,14.01323792,23.32992239,48.8021783,473.6108451,12.94851056,27.08605328,,
2251,45880,0,CIAT-CIAT_26415,Urochloa,humidicola,Urochloa humidicola,Poaceae,Poales,grasses,F25 2152,21,55,1,2,28,11.9,15,31.12273759,79.3556058,162.3455718,39.93535882,2.459898252,11.9,13.78420074,22.37803951,56.03565405,841.6135229,12.42019909,31.10075747,,
2252,45880,0,CIAT-CIAT_26415,Urochloa,humidicola,Urochloa humidicola,Poaceae,Poales,grasses,F25 2152,21,55,1,3,29,11.8,15.2,30.23773083,80.24061255,162.7564121,42.78011797,2.62847512,11.8,13.91875,22.6536581,52.95370648,652.4527422,12.57317218,29.39022325,,
2253,45880,0,CIAT-BH22_4092,Urochloa,humidicola,Urochloa humidicola,Poaceae,Poales,grasses,F25 2153,21,55,1,1,30,12.7,16.1,37.76028826,87.3206666,178.3855272,40.40922921,2.265275095,12.7,14.62972973,26.09732051,64.58257436,1102.48047,14.48446439,35.84444612,,
2254,45880,0,CIAT-BH22_4092,Urochloa,humidicola,Urochloa humidicola,Poaceae,Poales,grasses,F25 2153,21,55,1,2,31,12.9,15.8,36.43277813,82.01062606,157.9062385,43.25739149,2.739435244,12.9,14.51169065,22.91486484,52.97329324,752.6157045,12.71814644,29.40109424,,
2255,45880,0,CIAT-BH22_4092,Urochloa,humidicola,Urochloa humidicola,Poaceae,Poales,grasses,F25 2153,21,55,1,3,32,12.7,15.8,35.54777137,84.22314295,158.8616874,48.09177759,3.027273497,12.7,14.4915937,23.02159027,47.87011715,530.99598,12.7773809,26.56874322,,
2256,45880,0,CIAT-CIAT_26438,Urochloa,humidicola,Urochloa humidicola,Poaceae,Poales,grasses,F25 2154,21,55,1,1,33,13.3,15.7,33.77775786,92.63070714,171.8476678,47.01574084,2.735896357,13.3,14.82484076,25.47614311,54.18641217,509.1157085,14.13970019,30.07439623,,
2257,45880,0,CIAT-CIAT_26438,Urochloa,humidicola,Urochloa humidicola,Poaceae,Poales,grasses,F25 2154,21,55,1,2,34,12.4,15.3,32.8927511,84.22314295,162.7604471,50.62486062,3.110390855,12.4,14.16742557,23.0589652,45.54869863,373.4976548,12.79812463,25.28031578,,
2258,45880,0,CIAT-CIAT_26438,Urochloa,humidicola,Urochloa humidicola,Poaceae,Poales,grasses,F25 2154,21,55,1,3,35,12.7,15.2,32.45024772,85.10814971,157.6339394,49.65828198,3.15022781,12.7,14.24679376,22.45778225,45.22464603,396.0522145,12.46445769,25.10046098,,
2259,45880,0,CIAT-CIAT_26570,Urochloa,humidicola,Urochloa humidicola,Poaceae,Poales,grasses,F25 2155,21,55,1,1,36,14.4,16.8,32.8927511,78.02809566,141.6166712,53.86410815,3.803514635,14.4,15.78827977,22.35883626,41.50971217,403.4490588,12.40954095,23.03860841,,
2260,45880,0,CIAT-CIAT_26570,Urochloa,humidicola,Urochloa humidicola,Poaceae,Poales,grasses,F25 2155,21,55,1,2,37,13.4,16.2,34.66276461,83.78063958,154.9459493,49.71415374,3.208483602,13.4,15.0415493,23.30627134,46.88055531,518.8849201,12.93538382,26.01951928,,
2261,45880,0,CIAT-CIAT_26570,Urochloa,humidicola,Urochloa humidicola,Poaceae,Poales,grasses,F25 2155,21,55,1,3,38,13.8,16.2,32.8927511,78.91310242,149.2380067,48.90061578,3.276686474,13.8,15.19962617,22.68361911,46.38718501,520.1068356,12.58980106,25.74569023,,
2262,45880,0,CIAT-BH22_3115,Urochloa,humidicola,Urochloa humidicola,Poaceae,Poales,grasses,F25 2156,21,55,1,1,39,12.3,15.2,31.12273759,84.22314295,161.3540598,42.33464782,2.623711351,12.3,14.12837128,22.79670064,53.84880191,633.9948828,12.65256326,29.8870167,,
2263,45880,0,CIAT-BH22_3115,Urochloa,humidicola,Urochloa humidicola,Poaceae,Poales,grasses,F25 2156,21,55,1,2,40,12.3,15.3,28.9102207,77.58559228,157.1617165,44.33497455,2.820978005,12.3,14.18212928,22.28887781,50.2738031,509.7266831,12.3707128,27.90283051,,
2264,45880,0,CIAT-BH22_3115,Urochloa,humidicola,Urochloa humidicola,Poaceae,Poales,grasses,F25 2156,21,55,1,3,41,12.8,15.6,30.68023421,85.55065309,168.2393606,45.38899617,2.697882114,12.8,14.59586207,24.55598502,54.1011855,541.2264072,13.62899653,30.02709396,,
2265,45880,0,CIAT-BH22_1375,Urochloa,humidicola,Urochloa humidicola,Poaceae,Poales,grasses,F25 2157,21,55,1,1,42,12.8,15.7,34.22026124,88.20567336,174.8236171,50.54910779,2.891434729,12.8,14.57491639,25.48039601,50.40721217,477.6812394,14.14206062,27.97687485,,
2266,45880,0,CIAT-BH22_1375,Urochloa,humidicola,Urochloa humidicola,Poaceae,Poales,grasses,F25 2157,21,55,1,2,43,12.3,15.8,36.43277813,89.97568687,182.5911883,45.99928392,2.519249935,12.3,14.38278689,26.26170149,57.09154414,641.0044129,14.57569868,31.68679474,,
2267,45880,0,CIAT-BH22_1375,Urochloa,humidicola,Urochloa humidicola,Poaceae,Poales,grasses,F25 2157,21,55,1,3,44,13,16.1,35.10526799,89.97568687,184.4848345,43.81944012,2.375232644,13,14.8904918,27.47069915,62.6906667,789.6444053,15.2467133,34.79440463,,
2268,45880,0,CIAT-CIAT_6133,Urochloa,humidicola,Urochloa humidicola,Poaceae,Poales,grasses,F25 2158,21,55,1,1,45,12.1,15.4,30.68023421,85.55065309,163.3257364,49.23672497,3.014633581,12.1,14.21655172,23.2192878,47.15847329,400.5946326,12.88710645,26.17376857,,
2269,45880,0,CIAT-CIAT_6133,Urochloa,humidicola,Urochloa humidicola,Poaceae,Poales,grasses,F25 2158,21,55,1,2,46,12.9,15.2,28.02521394,83.78063958,167.3326015,38.22442283,2.284338047,12.9,14.4306338,24.14715496,63.17205905,792.6050019,13.40208877,35.06158572,,
2270,45880,0,CIAT-CIAT_6133,Urochloa,humidicola,Urochloa humidicola,Poaceae,Poales,grasses,F25 2158,21,55,1,3,47,12.3,15.1,28.9102207,80.24061255,151.8477725,40.08644344,2.639909876,12.3,14.09117647,21.3971376,53.37749064,634.9308208,11.87578156,29.62543079,,
2271,45880,0,CIAT-CIAT_679,Urochloa,humidicola,Urochloa humidicola,Poaceae,Poales,grasses,F25 2159,21,55,1,1,48,12.7,15.5,33.77775786,95.28572741,188.8685379,39.44598009,2.088541613,12.7,14.50743034,27.39997158,69.46201238,957.3349563,15.20745827,38.55261864,,
2272,45880,0,CIAT-CIAT_679,Urochloa,humidicola,Urochloa humidicola,Poaceae,Poales,grasses,F25 2159,21,55,1,2,49,,,,,,,,,,,,,,,Elimino 22.30%DMD,
2273,45880,0,CIAT-CIAT_679,Urochloa,humidicola,Urochloa humidicola,Poaceae,Poales,grasses,F25 2159,21,55,1,3,50,12.5,15.3,33.33525448,88.64817674,183.5734227,44.62657323,2.430993146,12.5,14.24708819,26.15386742,58.60604014,580.4249222,14.51584891,32.52736622,,
2276,45880,0,CIAT-BH22_4865,Urochloa,humidicola,Urochloa humidicola,Poaceae,Poales,grasses,F25 2160,21,55,1,1,53,12.9,15.4,28.9102207,78.02809566,161.9025384,21.94127712,1.355215139,12.9,14.47372401,23.43332657,106.8001942,-708.7791547,13.00590167,59.27595554,,
2277,45880,0,CIAT-BH22_4865,Urochloa,humidicola,Urochloa humidicola,Poaceae,Poales,grasses,F25 2160,21,55,1,2,54,13.2,15.5,29.35272408,78.02809566,162.0664406,33.78438776,2.084601084,13.2,14.63478261,23.71807126,70.20423583,6896.900765,13.1639399,38.96456549,,
2278,45880,0,CIAT-BH22_4865,Urochloa,humidicola,Urochloa humidicola,Poaceae,Poales,grasses,F25 2160,21,55,1,3,55,13.1,15.3,28.02521394,75.37307539,149.4991874,37.56080147,2.512441848,13.1,14.48199609,21.65046646,57.64111952,1502.587628,12.01638346,31.99181858,,
2279,45880,0,CIAT-BH22_1706,Urochloa,humidicola,Urochloa humidicola,Poaceae,Poales,grasses,F25 2161,21,55,1,1,56,,,,,,,,,,,,,,,Elimino 18.26$DMD,
2280,45880,0,CIAT-BH22_1706,Urochloa,humidicola,Urochloa humidicola,Poaceae,Poales,grasses,F25 2161,21,55,1,2,57,12.7,15.3,28.46771732,80.24061255,151.5506394,27.11497346,1.789169189,12.7,14.37757353,21.78930462,80.35893765,-16090.36518,12.09344104,44.60060069,,
2281,45880,0,CIAT-BH22_1706,Urochloa,humidicola,Urochloa humidicola,Poaceae,Poales,grasses,F25 2161,21,55,1,3,58,12.8,15.3,28.46771732,80.68311593,157.471755,43.65352013,2.77214921,12.8,14.4179159,22.70414521,52.00988407,525.4926943,12.6011934,28.86638548,,
2282,45880,0,CIAT-BH22_4169,Urochloa,humidicola,Urochloa humidicola,Poaceae,Poales,grasses,F25 2162,21,55,1,1,59,13,15.6,27.58271056,78.91310242,151.6475429,23.86212852,1.573525562,13,14.69121495,22.2788665,93.36495894,-2161.38039,12.36515635,51.81916752,,
2283,45880,0,CIAT-BH22_4169,Urochloa,humidicola,Urochloa humidicola,Poaceae,Poales,grasses,F25 2162,21,55,1,2,60,13.1,15.4,26.25520043,78.91310242,158.9228084,38.79769012,2.441291499,13.1,14.63476636,23.2579817,59.94682062,754.5821076,12.90858223,33.27152259,,
2284,45880,0,CIAT-BH22_4169,Urochloa,humidicola,Urochloa humidicola,Poaceae,Poales,grasses,F25 2162,21,55,1,3,61,13.5,15.6,26.25520043,79.3556058,148.5133972,31.37238107,2.112427678,13.5,14.90520446,22.1362255,70.55959651,2351.855691,12.28598813,39.16179682,,
2285,45880,0,CIAT-BH22_1258,Urochloa,humidicola,Urochloa humidicola,Poaceae,Poales,grasses,F25 2163,21,55,1,1,62,13.3,15.7,32.00774435,82.89563282,163.8491603,38.72627788,2.363532276,13.3,14.77330961,24.20594375,62.50521629,885.052785,13.43471757,34.69147644,,
2286,45880,0,CIAT-BH22_1258,Urochloa,humidicola,Urochloa humidicola,Poaceae,Poales,grasses,F25 2163,21,55,1,2,63,13.1,15.3,32.00774435,82.45312944,157.7634805,35.23236958,2.233239878,13.1,14.44597496,22.79047288,64.6861768,1334.760602,12.64910675,35.90194726,,
2287,45880,0,CIAT-BH22_1258,Urochloa,humidicola,Urochloa humidicola,Poaceae,Poales,grasses,F25 2163,21,55,1,3,64,13,15.3,32.00774435,85.10814971,160.0895497,28.37101884,1.772196805,13,14.43500867,23.10894037,81.45262777,-16954.48131,12.82586171,45.20761763,,
2288,45880,0,CIAT-BH22_1370,Urochloa,humidicola,Urochloa humidicola,Poaceae,Poales,grasses,F25 2164,21,55,1,1,65,13.2,15.5,29.35272408,77.14308891,145.3559451,43.86854783,3.018008503,13.2,14.6248566,21.25809853,48.45863284,743.8317495,11.79861247,26.89537961,,
2289,45880,0,CIAT-BH22_1370,Urochloa,humidicola,Urochloa humidicola,Poaceae,Poales,grasses,F25 2164,21,55,1,2,66,12.9,15.4,30.23773083,77.58559228,139.4128896,44.17058177,3.168328401,12.9,14.4256654,20.11123698,45.53084015,716.3505934,11.16208447,25.27040402,,
2290,45880,0,CIAT-BH22_1370,Urochloa,humidicola,Urochloa humidicola,Poaceae,Poales,grasses,F25 2164,21,55,1,3,67,,,,,,,,,,,,,,,Elimino 14.40%DMD,
2291,45880,0,CIAT-BH22_2225,Urochloa,humidicola,Urochloa humidicola,Poaceae,Poales,grasses,F25 2165,21,55,1,1,68,13.2,15.8,32.00774435,79.79810917,156.7121943,38.25628902,2.441181376,13.2,14.75711645,23.12620101,60.45071701,756.7536131,12.83544167,33.5511938,,
2292,45880,0,CIAT-BH22_2225,Urochloa,humidicola,Urochloa humidicola,Poaceae,Poales,grasses,F25 2165,21,55,1,2,69,,,,,,,,,,,,,,,Eliminado 10.27%DMD,
2293,45880,0,CIAT-BH22_2225,Urochloa,humidicola,Urochloa humidicola,Poaceae,Poales,grasses,F25 2165,21,55,1,3,70,13.1,15.6,31.56524097,82.01062606,167.1737706,36.23758537,2.16765975,13.1,14.63776978,24.47051167,67.52798628,937.8276979,13.58155734,37.47920069,,
2294,45880,0,CIAT-BH22_0528,Urochloa,humidicola,Urochloa humidicola,Poaceae,Poales,grasses,F25 2166,21,55,1,1,71,,,,,,,,,,,,,,,,
2295,45880,0,CIAT-BH22_0528,Urochloa,humidicola,Urochloa humidicola,Poaceae,Poales,grasses,F25 2166,21,55,1,2,72,,,,,,,,,,,,,,,,
2296,45880,0,CIAT-BH22_0528,Urochloa,humidicola,Urochloa humidicola,Poaceae,Poales,grasses,F25 2166,21,55,1,3,73,,,,,,,,,,,,,,,,
2297,45880,0,CIAT-BH22_3507,Urochloa,humidicola,Urochloa humidicola,Poaceae,Poales,grasses,F25 2167,21,55,1,1,74,13,15.4,29.35272408,75.37307539,151.2531641,35.62420694,2.355270196,13,14.46536204,21.87931778,61.41699607,1045.948988,12.1433999,34.0874954,,
2298,45880,0,CIAT-BH22_3507,Urochloa,humidicola,Urochloa humidicola,Poaceae,Poales,grasses,F25 2167,21,55,1,2,75,13.4,15.4,28.9102207,75.37307539,150.3665688,14.03700308,0.93351888,13.4,14.63287671,22.00295462,156.7496601,-562.3267271,12.21202049,86.9987733,,
2299,45880,0,CIAT-BH22_3507,Urochloa,humidicola,Urochloa humidicola,Poaceae,Poales,grasses,F25 2167,21,55,1,3,76,12.8,15.3,31.12273759,75.37307539,150.8085634,33.25237629,2.20493953,12.8,14.26771037,21.51692904,64.70794403,1509.606031,11.94226788,35.91402845,,
2300,45880,0,CIAT-BH22_4253,Urochloa,humidicola,Urochloa humidicola,Poaceae,Poales,grasses,F25 2168,21,55,1,1,77,,,,,,,,,,,,,,,Elimino 17.65%DMD,
2301,45880,0,CIAT-BH22_4253,Urochloa,humidicola,Urochloa humidicola,Poaceae,Poales,grasses,F25 2168,21,55,1,2,78,,,,,,,,,,,,,,,Elimino 14.25%DMD,
2302,45880,0,CIAT-BH22_4253,Urochloa,humidicola,Urochloa humidicola,Poaceae,Poales,grasses,F25 2168,21,55,1,3,79,12.8,15.4,31.12273759,77.14308891,160.4749731,38.21732097,2.381512844,12.8,14.35105163,23.02984624,60.26023189,1208.391428,12.7819631,33.44547126,,
2303,45880,0,CIAT-BH22_2189,Urochloa,humidicola,Urochloa humidicola,Poaceae,Poales,grasses,F25 2169,21,55,1,1,80,13.2,15.7,29.35272408,72.71805513,151.7338796,15.47161907,1.019654879,13.2,14.69087221,22.29103036,144.0769079,-446.3053658,12.37190751,79.96517658,,
2304,45880,0,CIAT-BH22_2189,Urochloa,humidicola,Urochloa humidicola,Poaceae,Poales,grasses,F25 2169,21,55,1,2,81,13.5,15.5,28.02521394,71.39054499,147.6799759,31.19766772,2.112518473,13.5,14.71487603,21.73092538,69.65560879,-11955.8395,12.06103955,38.66006799,,
2305,45880,0,CIAT-BH22_2189,Urochloa,humidicola,Urochloa humidicola,Poaceae,Poales,grasses,F25 2169,21,55,1,3,82,13.1,15.5,28.46771732,71.39054499,143.1465708,33.12926613,2.314359747,13.1,14.54297521,20.8177703,62.83800617,5314.787691,11.55422268,34.87618059,,
2306,45880,0,CIAT-BH22_0765,Urochloa,humidicola,Urochloa humidicola,Poaceae,Poales,grasses,F25 2170,21,55,1,1,83,,,,,,,,,,,,,,,,
2307,45880,0,CIAT-BH22_0765,Urochloa,humidicola,Urochloa humidicola,Poaceae,Poales,grasses,F25 2170,21,55,1,2,84,,,,,,,,,,,,,,,,
2308,45880,0,CIAT-BH22_0765,Urochloa,humidicola,Urochloa humidicola,Poaceae,Poales,grasses,F25 2170,21,55,1,3,85,,,,,,,,,,,,,,,,
2309,45880,0,CIAT-BH22_2531,Urochloa,humidicola,Urochloa humidicola,Poaceae,Poales,grasses,F25 2171,21,55,1,1,86,,,,,,,,,,,,,,,,
2310,45880,0,CIAT-BH22_2531,Urochloa,humidicola,Urochloa humidicola,Poaceae,Poales,grasses,F25 2171,21,55,1,2,87,,,,,,,,,,,,,,,,
2311,45880,0,CIAT-BH22_2531,Urochloa,humidicola,Urochloa humidicola,Poaceae,Poales,grasses,F25 2171,21,55,1,3,88,,,,,,,,,,,,,,,,
2312,45880,0,CIAT-BH22_0132,Urochloa,humidicola,Urochloa humidicola,Poaceae,Poales,grasses,F25 2172,21,55,1,1,89,12.9,15.3,32.00774435,80.68311593,161.9912612,18.68625791,1.153534935,12.9,14.34789762,23.24234032,124.3819947,-883.6361869,12.89990099,69.034159,,
2313,45880,0,CIAT-BH22_0132,Urochloa,humidicola,Urochloa humidicola,Poaceae,Poales,grasses,F25 2172,21,55,1,2,90,12.6,15.2,31.56524097,80.68311593,163.64035,37.32905878,2.281164686,12.6,14.18281536,23.20880869,62.17357055,891.9166524,12.88129036,34.50740732,,
2314,45880,0,CIAT-BH22_0132,Urochloa,humidicola,Urochloa humidicola,Poaceae,Poales,grasses,F25 2172,21,55,1,3,91,13.3,15.3,31.56524097,81.12561931,155.2954972,27.21984922,1.75277775,13.3,14.52181818,22.55172975,82.85031106,-9568.189656,12.51660018,45.98335604,,
2315,45880,0,CIAT-BH22_3521,Urochloa,humidicola,Urochloa humidicola,Poaceae,Poales,grasses,F25 2173,21,55,1,1,92,,,,,,,,,,,,,,,Elimino 17.23%DMD,
2316,45880,0,CIAT-BH22_3521,Urochloa,humidicola,Urochloa humidicola,Poaceae,Poales,grasses,F25 2173,21,55,1,2,93,13.4,15.4,31.12273759,77.58559228,151.5157528,46.97916754,3.100612753,13.4,14.59771863,22.11784328,47.08010899,519.7658317,12.27578568,26.13027502,,
2317,45880,0,CIAT-BH22_3521,Urochloa,humidicola,Urochloa humidicola,Poaceae,Poales,grasses,F25 2173,21,55,1,3,94,13.2,15.4,31.56524097,74.04556526,135.1903382,24.06613216,1.780166577,13.2,14.46215139,19.55143138,81.24043884,-891.750637,10.85138268,45.0898491,,
2318,45880,LMF,Hohenheimer Heustandard,Hohenheimer,Heustandard,Hohenheimer Heustandard,Forage,Forage,Forage,F25 0017,21,55,1,1,95,13.6,17.3,22.27267003,46.16785244,90.36272876,57.11632051,6.320783059,13.6,15.51501597,14.0197918,24.54603461,#DIV/0!,7.781227007,13.62347388,,
2319,45880,LMF,Hohenheimer Heustandard,Hohenheimer,Heustandard,Hohenheimer Heustandard,Forage,Forage,Forage,F25 0017,21,55,1,2,96,14,17.2,22.71517341,47.49536258,98.26604973,35.05531628,3.567388368,14,15.66956522,15.39786275,43.92447247,#DIV/0!,8.546080224,24.37884216,,
2320,45880,LMF,Hohenheimer Heustandard,Hohenheimer,Heustandard,Hohenheimer Heustandard,Forage,Forage,Forage,F25 0017,21,55,1,3,97,14.2,17.7,22.27267003,45.72534906,88.11055283,51.1517668,5.805407543,14.2,15.99516129,14.09342504,27.55217643,#DIV/0!,7.822094727,15.2919346,,
2321,45880,LMF,Homenheim Concentrate,Homenheim,Concentrate,Homenheim Concentrate,Concentrate,Concentrate,Concentrate,F25 0018,21,55,1,1,98,14.6,19,33.77775786,59.00045041,129.3107333,71.48610513,5.52824219,14.6,16.481,21.31170195,29.81236971,#DIV/0!,11.8283633,16.54638097,,
2322,45880,LMF,Homenheim Concentrate,Homenheim,Concentrate,Homenheim Concentrate,Concentrate,Concentrate,Concentrate,F25 0018,21,55,1,2,0,,,,,,,,,,,,,,,Eliminado DMD,
2323,45880,LMF,Homenheim Concentrate,Homenheim,Concentrate,Homenheim Concentrate,Concentrate,Concentrate,Concentrate,F25 0018,21,55,1,3,0,,,,,,,,,,,,,,,Eliminado DMD,
2324,45880,LMF,Sample 8,Cynodon,nlemfuensis,Cynodon nlemfuensis ,Poaceae,Poales,Grasses,F25 0008,21,55,1,1,99,,,,,,,,,,,,,,,Eliminado DMD,
2325,45880,LMF,Sample 8,Cynodon,nlemfuensis,Cynodon nlemfuensis ,Poaceae,Poales,Grasses,F25 0008,21,55,1,2,100,14.2,16.9,21.38766327,57.67294027,120.5059052,31.48626351,2.612839881,14.2,15.89872123,19.15889793,60.84843293,925.2890663,10.63351982,33.77193302,,
2326,45880,LMF,Sample 8,Cynodon,nlemfuensis,Cynodon nlemfuensis ,Poaceae,Poales,Grasses,F25 0008,21,55,1,3,101,14.2,16.7,20.94515989,58.11544365,121.6449182,25.88120673,2.127602789,14.2,15.79898477,19.2186621,74.25721029,3615.690023,10.66668997,41.21403644,,
2331,45882,0,CIAT-BH16_1763,Urochloa,humidicola,Urochloa humidicola,Poaceae,Poales,grasses,F25 2144,21,56,2,1,108,12.8,14.9,36.94903207,87.17316548,160.6964651,61.97031441,3.856358283,12.8,14.00989848,22.51341161,36.3293487,277.7890897,12.49533295,20.16341706,,
2332,45882,0,CIAT-BH16_1763,Urochloa,humidicola,Urochloa humidicola,Poaceae,Poales,grasses,F25 2144,21,56,2,2,109,12.6,15,34.73651518,82.30562832,155.9998468,56.70968593,3.635239848,12.6,13.98709677,21.81984953,38.47640694,317.8998454,12.110394,21.35507154,,
2333,45882,0,CIAT-BH16_1763,Urochloa,humidicola,Urochloa humidicola,Poaceae,Poales,grasses,F25 2144,21,56,2,3,110,12.3,15,36.94903207,86.7306621,159.0489311,55.27298724,3.475219032,12.3,13.8497449,22.02787122,39.85286904,352.2959375,12.22584963,22.11903181,,
2334,45882,0,CIAT-BH16B_2165,Urochloa,humidicola,Urochloa humidicola,Poaceae,Poales,grasses,F25 2145,21,56,2,1,111,12.5,15.3,32.52399829,86.28815872,158.3221363,54.82704634,3.463005719,12.5,14.24461538,22.55237938,41.13367561,335.7167106,12.51696074,22.82990162,,
2335,45882,0,CIAT-BH16B_2165,Urochloa,humidicola,Urochloa humidicola,Poaceae,Poales,grasses,F25 2145,21,56,2,2,112,12.4,15.2,33.40900504,87.17316548,161.6286785,54.94511566,3.399465749,12.4,14.12690355,22.83312753,41.55624618,334.8420636,12.67278081,23.06443559,,
2336,45882,0,CIAT-BH16B_2165,Urochloa,humidicola,Urochloa humidicola,Poaceae,Poales,grasses,F25 2145,21,56,2,3,113,12.7,15.4,32.96650166,84.96064858,163.4255168,52.00758572,3.182341823,12.7,14.35234375,23.45539195,45.09994383,373.4012176,13.01814833,25.0312491,,
2337,45882,0,CIAT-BH16B_2167,Urochloa,humidicola,Urochloa humidicola,Poaceae,Poales,grasses,F25 2146,21,56,2,1,114,12.4,14.6,31.19648815,83.19063507,150.872692,55.0595412,3.649404042,12.4,13.775,20.78271332,37.74588903,301.8276862,11.53476546,20.94962146,,
2338,45882,0,CIAT-BH16B_2167,Urochloa,humidicola,Urochloa humidicola,Poaceae,Poales,grasses,F25 2146,21,56,2,2,115,12.6,14.5,31.19648815,82.30562832,157.5945785,50.31227639,3.192513148,12.6,13.77983871,21.71627873,43.16298186,361.0331855,12.05291041,23.95620169,,
2339,45882,0,CIAT-BH16B_2167,Urochloa,humidicola,Urochloa humidicola,Poaceae,Poales,grasses,F25 2146,21,56,2,3,116,12.7,14,32.08149491,84.51814521,155.2690937,52.29026439,3.367718788,12.7,13.5065445,20.97148923,40.10591547,334.3282728,11.63953935,22.25947696,,
2340,45882,0,CIAT-CIAT_16886,Urochloa,humidicola,Urochloa humidicola,Poaceae,Poales,grasses,F25 2147,21,56,2,1,117,12.8,14.9,34.73651518,86.7306621,153.6212315,58.05692388,3.779225262,12.8,14.05892857,21.59749921,37.20055725,299.0886189,11.98698572,20.64695288,,
2341,45882,0,CIAT-CIAT_16886,Urochloa,humidicola,Urochloa humidicola,Poaceae,Poales,grasses,F25 2147,21,56,2,2,118,13,14.7,31.19648815,81.42062156,152.9835785,52.12488549,3.407220958,13,14.0486413,21.4921142,41.23196434,353.1338388,11.92849522,22.88445357,,
2342,45882,0,CIAT-CIAT_16886,Urochloa,humidicola,Urochloa humidicola,Poaceae,Poales,grasses,F25 2147,21,56,2,3,119,12.8,14.5,32.08149491,82.74813169,145.8327131,57.13919444,3.918132853,12.8,13.84090909,20.18457325,35.32526744,290.1536033,11.20278737,19.60613459,,
2343,45882,0,CIAT-CIAT_16891,Urochloa,humidicola,Urochloa humidicola,Poaceae,Poales,grasses,F25 2148,21,56,2,1,120,12.4,14.9,31.19648815,80.09311143,139.2318762,60.13905736,4.319345471,12.4,13.92624309,19.38976954,32.24155879,270.0648006,10.76165756,17.89462294,,
2344,45882,0,CIAT-CIAT_16891,Urochloa,humidicola,Urochloa humidicola,Poaceae,Poales,grasses,F25 2148,21,56,2,2,121,12.3,15.1,30.75398477,75.22557427,134.6632025,50.75365342,3.768932601,12.3,13.95529412,18.79264598,37.02717877,382.0190306,10.43024365,20.55072483,,
2345,45882,0,CIAT-CIAT_16891,Urochloa,humidicola,Urochloa humidicola,Poaceae,Poales,grasses,F25 2148,21,56,2,3,122,12.3,15,33.40900504,81.86312494,141.0063362,55.87045651,3.962265671,12.3,13.89810811,19.59721304,35.07616415,324.9287096,10.87679229,19.46787796,,
2346,45882,0,CIAT-CIAT_26146,Urochloa,humidicola,Urochloa humidicola,Poaceae,Poales,grasses,F25 2149,21,56,2,1,123,12.8,14.8,30.3114814,84.51814521,149.4338067,57.46028998,3.845200176,12.8,14.08272251,21.04434834,36.62415965,287.8020952,11.67997742,20.32704224,,
2347,45882,0,CIAT-CIAT_26146,Urochloa,humidicola,Urochloa humidicola,Poaceae,Poales,grasses,F25 2149,21,56,2,2,124,13.2,15.1,30.75398477,90.27068912,161.8661846,58.05892151,3.586846855,13.2,14.45269608,23.39402771,40.29359675,309.2944709,12.98409012,22.36364332,,
2348,45882,0,CIAT-CIAT_26146,Urochloa,humidicola,Urochloa humidicola,Poaceae,Poales,grasses,F25 2149,21,56,2,3,125,12.4,15,31.19648815,84.51814521,147.0708108,58.48099202,3.976383329,12.4,14.04031414,20.64920384,35.30925711,277.4940201,11.46066538,19.59724858,,
2349,45882,0,CIAT-CIAT_26149,Urochloa,humidicola,Urochloa humidicola,Poaceae,Poales,grasses,F25 2150,21,56,2,1,126,12.6,14.9,33.40900504,81.86312494,148.0584822,53.15699601,3.590270226,12.6,13.96135135,20.6709649,38.88663102,373.1999494,11.47274315,21.58275299,,
2350,45882,0,CIAT-CIAT_26149,Urochloa,humidicola,Urochloa humidicola,Poaceae,Poales,grasses,F25 2150,21,56,2,2,127,12.4,15,34.2940118,87.17316548,160.6364959,60.36290516,3.757732937,12.4,13.97715736,22.45241581,37.19571772,295.0421352,12.46147923,20.64426686,,
2351,45882,0,CIAT-CIAT_26149,Urochloa,humidicola,Urochloa humidicola,Poaceae,Poales,grasses,F25 2150,21,56,2,3,128,12.5,15.1,34.73651518,88.05817223,156.9162872,59.37127404,3.783627251,12.5,14.07437186,22.08498177,37.19809306,311.1766106,12.25754697,20.64558521,,
2352,45882,0,CIAT-CIAT_26160,Urochloa,humidicola,Urochloa humidicola,Poaceae,Poales,grasses,F25 2151,21,56,2,1,129,12.6,15.5,32.08149491,86.28815872,157.7456072,61.38998359,3.891707965,12.6,14.42179487,22.74974789,37.05775202,285.5963787,12.62650367,20.56769351,,
2353,45882,0,CIAT-CIAT_26160,Urochloa,humidicola,Urochloa humidicola,Poaceae,Poales,grasses,F25 2151,21,56,2,2,130,12.8,15.5,32.08149491,85.40315196,154.0010746,57.37176766,3.725413463,12.8,14.4857513,22.30821266,38.88360699,328.1458566,12.38144398,21.58107461,,
2354,45882,0,CIAT-CIAT_26160,Urochloa,humidicola,Urochloa humidicola,Poaceae,Poales,grasses,F25 2151,21,56,2,3,131,12.7,15.4,28.98397126,79.65060805,137.4752412,59.04252895,4.29477544,12.7,14.4175,19.8204929,33.56985761,286.072766,11.00071647,18.63185177,,
2355,45882,0,CIAT-CIAT_26415,Urochloa,humidicola,Urochloa humidicola,Poaceae,Poales,grasses,F25 2152,21,56,2,1,132,12.1,14.6,31.19648815,77.43809116,137.5674917,54.14896072,3.936174169,12.1,13.59285714,18.69935262,34.53316992,313.4121113,10.37846422,19.16650677,,
2356,45882,0,CIAT-CIAT_26415,Urochloa,humidicola,Urochloa humidicola,Poaceae,Poales,grasses,F25 2152,21,56,2,2,133,12.2,14.7,30.75398477,79.65060805,142.4629191,53.06718819,3.724982508,12.2,13.73472222,19.56688621,36.87191065,341.6720172,10.85996038,20.46454834,,
2357,45882,0,CIAT-CIAT_26415,Urochloa,humidicola,Urochloa humidicola,Poaceae,Poales,grasses,F25 2152,21,56,2,3,134,12.1,14.6,30.75398477,75.22557427,132.5778428,51.14616489,3.857821475,12.1,13.57794118,18.0013415,35.19587742,349.3688695,9.991055976,19.5343209,,
2358,45882,0,CIAT-BH22_4092,Urochloa,humidicola,Urochloa humidicola,Poaceae,Poales,grasses,F25 2153,21,56,2,1,135,12.7,15.3,38.2765422,86.28815872,155.3050689,53.29409508,3.431574737,12.7,14.14666667,21.97049041,41.22499946,397.5654842,12.19400229,22.88058793,,
2359,45882,0,CIAT-BH22_4092,Urochloa,humidicola,Urochloa humidicola,Poaceae,Poales,grasses,F25 2153,21,56,2,2,136,12.6,15.4,37.83403882,84.07564183,151.9945979,56.05161503,3.687737315,12.6,14.14,21.49203614,38.34329506,341.6633147,11.92845189,21.28119214,,
2360,45882,0,CIAT-BH22_4092,Urochloa,humidicola,Urochloa humidicola,Poaceae,Poales,grasses,F25 2153,21,56,2,3,137,12.7,15.3,35.62152193,83.63313845,150.1548466,41.79316694,2.783337859,12.7,14.19259259,21.31086564,50.99126772,870.1748582,11.82789913,28.30103578,,
2361,45882,0,CIAT-CIAT_26438,Urochloa,humidicola,Urochloa humidicola,Poaceae,Poales,grasses,F25 2154,21,56,2,1,138,12.6,14.8,33.85150842,86.7306621,162.4079209,23.24397721,1.43120958,12.6,13.94132653,22.64181856,97.40939923,-2087.911775,12.56660103,54.06390185,,
2362,45882,0,CIAT-CIAT_26438,Urochloa,humidicola,Urochloa humidicola,Poaceae,Poales,grasses,F25 2154,21,56,2,2,139,,,,,,,,,,,,,,,Eliminado DMD,
2363,45882,0,CIAT-CIAT_26438,Urochloa,humidicola,Urochloa humidicola,Poaceae,Poales,grasses,F25 2154,21,56,2,3,140,,,,,,,,,,,,,,,Eliminado DMD,
2364,45882,0,CIAT-CIAT_26570,Urochloa,humidicola,Urochloa humidicola,Poaceae,Poales,grasses,F25 2155,21,56,2,1,141,,,,,,,,,,,,,,,Eliminado DMD,
2365,45882,0,CIAT-CIAT_26570,Urochloa,humidicola,Urochloa humidicola,Poaceae,Poales,grasses,F25 2155,21,56,2,2,142,,,,,,,,,,,,,,,Eliminado DMD,
2366,45882,0,CIAT-CIAT_26570,Urochloa,humidicola,Urochloa humidicola,Poaceae,Poales,grasses,F25 2155,21,56,2,3,143,,,,,,,,,,,,,,,Eliminado DMD,
2367,45882,0,CIAT-BH22_3115,Urochloa,humidicola,Urochloa humidicola,Poaceae,Poales,grasses,F25 2156,21,56,2,1,144,11.9,15,31.19648815,83.19063507,152.557002,24.1163535,1.580809349,11.9,13.8375,21.11007515,87.53427483,-1669.637671,11.71645694,48.58303696,,
2368,45882,0,CIAT-BH22_3115,Urochloa,humidicola,Urochloa humidicola,Poaceae,Poales,grasses,F25 2156,21,56,2,2,145,11.9,14.9,30.3114814,88.50067561,167.9781544,34.49851012,2.053749801,11.9,13.8725,23.30276947,67.54717635,1588.185812,12.93344022,37.48985151,,
2369,45882,0,CIAT-BH22_3115,Urochloa,humidicola,Urochloa humidicola,Poaceae,Poales,grasses,F25 2156,21,56,2,3,146,11.8,14.8,31.19648815,89.38568237,167.1798211,24.40166937,1.459606142,11.8,13.7529703,22.99219114,94.22384508,-1893.386513,12.76106387,52.29586419,,
2370,45882,0,CIAT-BH22_1375,Urochloa,humidicola,Urochloa humidicola,Poaceae,Poales,grasses,F25 2157,21,56,2,1,147,12.2,14.9,34.73651518,86.7306621,162.7982569,25.80000036,1.584783575,12.2,13.81862245,22.49647648,87.19564405,-1240.006586,12.48593366,48.39509102,,
2371,45882,0,CIAT-BH22_1375,Urochloa,humidicola,Urochloa humidicola,Poaceae,Poales,grasses,F25 2157,21,56,2,2,148,,,,,,,,,,,,,,,Elimino 15.13%DMD,
2372,45882,0,CIAT-BH22_1375,Urochloa,humidicola,Urochloa humidicola,Poaceae,Poales,grasses,F25 2157,21,56,2,3,149,12.5,14.9,33.85150842,82.74813169,151.1017979,41.54830506,2.749689655,12.5,13.91818182,21.03062296,50.61728254,846.2037033,11.6723596,28.09346754,,
2373,45882,0,CIAT-CIAT_6133,Urochloa,humidicola,Urochloa humidicola,Poaceae,Poales,grasses,F25 2158,21,56,2,1,150,,,,,,,,,,,,,,,Elimino 20.98%DMD,
2374,45882,0,CIAT-CIAT_6133,Urochloa,humidicola,Urochloa humidicola,Poaceae,Poales,grasses,F25 2158,21,56,2,2,151,,,,,,,,,,,,,,,Elimino DMD,
2375,45882,0,CIAT-CIAT_6133,Urochloa,humidicola,Urochloa humidicola,Poaceae,Poales,grasses,F25 2158,21,56,2,3,152,12.4,14.7,28.54146788,81.42062156,144.4776759,52.74611721,3.650814349,12.4,13.89375,20.07336709,38.05657772,321.6020058,11.14106602,21.12205905,,
2376,45882,0,CIAT-CIAT_679,Urochloa,humidicola,Urochloa humidicola,Poaceae,Poales,grasses,F25 2159,21,56,2,1,153,,,,,,,,,,,,,,,Elimino 20.59%DMD,
2377,45882,0,CIAT-CIAT_679,Urochloa,humidicola,Urochloa humidicola,Poaceae,Poales,grasses,F25 2159,21,56,2,2,154,,,,,,,,,,,,,,,Elimino 16.83%DMD,
2378,45882,0,CIAT-CIAT_679,Urochloa,humidicola,Urochloa humidicola,Poaceae,Poales,grasses,F25 2159,21,56,2,3,155,12.2,14.8,31.19648815,84.96064858,158.1809511,52.46788072,3.316953169,12.2,13.8453125,21.900647,41.7410551,358.2041447,12.15523799,23.16700774,,
2381,45882,0,CIAT-BH22_4865,Urochloa,humidicola,Urochloa humidicola,Poaceae,Poales,grasses,F25 2160,21,56,2,1,158,12.9,15.1,30.75398477,81.86312494,149.9352881,26.42718528,1.762572748,12.9,14.27351351,21.40103361,80.9811313,-1260.3125,11.87794391,44.94592893,,
2382,45882,0,CIAT-BH22_4865,Urochloa,humidicola,Urochloa humidicola,Poaceae,Poales,grasses,F25 2160,21,56,2,2,159,,,,,,,,,,,,,,,Elimino 14.83%DMD,
2383,45882,0,CIAT-BH22_4865,Urochloa,humidicola,Urochloa humidicola,Poaceae,Poales,grasses,F25 2160,21,56,2,3,160,13.2,14.9,23.67393073,63.27798306,111.6884168,50.06690863,4.482730625,13.2,14.26398601,15.93122015,31.81985983,349.3192728,8.842102808,17.66057272,,
2384,45882,0,CIAT-BH22_1706,Urochloa,humidicola,Urochloa humidicola,Poaceae,Poales,grasses,F25 2161,21,56,2,1,161,,,,,,,,,,,,,,,Elimino 18.98%DMD,
2385,45882,0,CIAT-BH22_1706,Urochloa,humidicola,Urochloa humidicola,Poaceae,Poales,grasses,F25 2161,21,56,2,2,162,,,,,,,,,,,,,,,Elimino 11.11%DMD,
2386,45882,0,CIAT-BH22_1706,Urochloa,humidicola,Urochloa humidicola,Poaceae,Poales,grasses,F25 2161,21,56,2,3,163,12.4,14.5,23.23142735,65.93300333,116.3476334,39.75538797,3.41694857,12.4,13.76006711,16.00951245,40.27004455,541.6274107,8.885556389,22.35057144,,
2387,45882,0,CIAT-BH22_4169,Urochloa,humidicola,Urochloa humidicola,Poaceae,Poales,grasses,F25 2162,21,56,2,1,164,13.1,14.7,22.34642059,71.24304387,128.5169906,18.53482134,1.442207855,13.1,14.19813665,18.24701794,98.44722867,-794.2159908,10.12741065,54.63991515,,
2388,45882,0,CIAT-BH22_4169,Urochloa,humidicola,Urochloa humidicola,Poaceae,Poales,grasses,F25 2162,21,56,2,2,165,,,,,,,,,,,,,,,Elimino,
2389,45882,0,CIAT-BH22_4169,Urochloa,humidicola,Urochloa humidicola,Poaceae,Poales,grasses,F25 2162,21,56,2,3,166,13,14.8,22.78892397,68.14552022,123.9993852,15.51474791,1.251195551,13,14.19805195,17.60549712,113.4758826,-571.9835896,9.771355497,62.98107808,,
2390,45882,0,CIAT-BH22_1258,Urochloa,humidicola,Urochloa humidicola,Poaceae,Poales,grasses,F25 2163,21,56,2,1,167,12.9,14.7,30.3114814,81.42062156,150.0907473,26.76173092,1.78303669,12.9,14.0298913,21.0575687,78.68537638,-3823.560703,11.68731495,43.67174523,,
2391,45882,0,CIAT-BH22_1258,Urochloa,humidicola,Urochloa humidicola,Poaceae,Poales,grasses,F25 2163,21,56,2,2,168,12.9,14.6,28.98397126,77.43809116,138.1935217,17.2495925,1.248220053,12.9,13.96371429,19.29694853,111.869011,-660.8122732,10.71014029,62.08923655,,
2392,45882,0,CIAT-BH22_1258,Urochloa,humidicola,Urochloa humidicola,Poaceae,Poales,grasses,F25 2163,21,56,2,3,169,13.2,14.8,28.54146788,79.65060805,136.7290221,15.90328116,1.163124033,13.2,14.22666667,19.4519822,122.3142697,-620.6821384,10.79618666,67.88653582,,
2393,45882,0,CIAT-BH22_1370,Urochloa,humidicola,Urochloa humidicola,Poaceae,Poales,grasses,F25 2164,21,56,2,1,170,13.2,14.6,27.21395775,72.12805062,125.3792699,56.3863732,4.497264441,13.2,14.07177914,17.64309395,31.28964135,297.7681227,9.792222384,17.36629229,,
2394,45882,0,CIAT-BH22_1370,Urochloa,humidicola,Urochloa humidicola,Poaceae,Poales,grasses,F25 2164,21,56,2,2,171,12.7,14.6,28.98397126,72.570554,126.8595884,25.86366169,2.038762858,12.7,13.84115854,17.55883674,67.88998771,-834.0187746,9.745458179,37.68011775,,
2395,45882,0,CIAT-BH22_1370,Urochloa,humidicola,Urochloa humidicola,Poaceae,Poales,grasses,F25 2164,21,56,2,3,172,,,,,,,,,,,,,,,Elimino 16.84%DMD,
2396,45882,0,CIAT-BH22_2225,Urochloa,humidicola,Urochloa humidicola,Poaceae,Poales,grasses,F25 2165,21,56,2,1,173,,,,,,,,,,,,,,,Eliminado 11.56%DMD,
2397,45882,0,CIAT-BH22_2225,Urochloa,humidicola,Urochloa humidicola,Poaceae,Poales,grasses,F25 2165,21,56,2,2,174,14.1,15.1,28.98397126,78.76560129,144.1889396,49.36538282,3.423659468,14.1,14.73202247,21.24194698,43.03004609,377.3146541,11.78964808,23.88242005,,
2398,45882,0,CIAT-BH22_2225,Urochloa,humidicola,Urochloa humidicola,Poaceae,Poales,grasses,F25 2165,21,56,2,3,175,,,,,,,,,,,,,,,Eliminado 10.66%DMD,
2399,45882,0,CIAT-BH22_0528,Urochloa,humidicola,Urochloa humidicola,Poaceae,Poales,grasses,F25 2166,21,56,2,1,176,,,,,,,,,,,,,,,,
2400,45882,0,CIAT-BH22_0528,Urochloa,humidicola,Urochloa humidicola,Poaceae,Poales,grasses,F25 2166,21,56,2,2,177,,,,,,,,,,,,,,,Elimino 4.21%DMD,
2401,45882,0,CIAT-BH22_0528,Urochloa,humidicola,Urochloa humidicola,Poaceae,Poales,grasses,F25 2166,21,56,2,3,178,,,,,,,,,,,,,,,Elimino 4.86%DMD,
2402,45882,0,CIAT-BH22_3507,Urochloa,humidicola,Urochloa humidicola,Poaceae,Poales,grasses,F25 2167,21,56,2,1,179,12.5,14.4,25.00144086,65.49049995,117.9317063,37.94631889,3.217651985,12.5,13.67466216,16.12676242,42.49888498,655.8418491,8.950632153,23.58761644,,
2403,45882,0,CIAT-BH22_3507,Urochloa,humidicola,Urochloa humidicola,Poaceae,Poales,grasses,F25 2167,21,56,2,2,180,,,,,,,,,,,,,,,Elimino ,
2404,45882,0,CIAT-BH22_3507,Urochloa,humidicola,Urochloa humidicola,Poaceae,Poales,grasses,F25 2167,21,56,2,3,181,12.8,14.5,25.44394424,66.37550671,122.9069448,13.48898496,1.097495751,12.8,13.84833333,17.0205634,126.1812023,-451.1110664,9.44670716,70.03275032,,
2405,45882,0,CIAT-BH22_4253,Urochloa,humidicola,Urochloa humidicola,Poaceae,Poales,grasses,F25 2168,21,56,2,1,182,,,,,,,,,,,,,,,,
2406,45882,0,CIAT-BH22_4253,Urochloa,humidicola,Urochloa humidicola,Poaceae,Poales,grasses,F25 2168,21,56,2,2,183,13.5,14.7,27.21395775,65.93300333,118.9925586,47.44569286,3.987282348,13.5,14.20469799,16.90253358,35.62501159,412.0361286,9.381198569,19.77249778,,
2407,45882,0,CIAT-BH22_4253,Urochloa,humidicola,Urochloa humidicola,Poaceae,Poales,grasses,F25 2168,21,56,2,3,184,13.2,14.9,29.86897802,72.570554,129.1900585,27.54588341,2.132198385,13.2,14.20030488,18.34538218,66.59936044,-1578.511497,10.1820045,36.96379728,,
2408,45882,0,CIAT-BH22_2189,Urochloa,humidicola,Urochloa humidicola,Poaceae,Poales,grasses,F25 2169,21,56,2,1,185,13,14.7,27.21395775,66.37550671,120.432217,20.03906162,1.66392865,13,14.003,16.86412334,84.15625276,-539.1430588,9.359880222,46.70817627,,
2409,45882,0,CIAT-BH22_2189,Urochloa,humidicola,Urochloa humidicola,Poaceae,Poales,grasses,F25 2169,21,56,2,2,186,13.1,14.8,27.21395775,64.16298982,114.5449752,48.72851627,4.254094618,13.1,14.07896552,16.12674756,33.09509257,363.8829653,8.950623908,18.36834895,,
2410,45882,0,CIAT-BH22_2189,Urochloa,humidicola,Urochloa humidicola,Poaceae,Poales,grasses,F25 2169,21,56,2,3,187,12.3,14.7,26.77145437,65.93300333,115.1746209,19.50546366,1.693555707,12.3,13.72550336,15.80829646,81.04547905,-502.1472938,8.773878036,44.98164304,,
2411,45882,0,CIAT-BH22_0765,Urochloa,humidicola,Urochloa humidicola,Poaceae,Poales,grasses,F25 2170,21,56,2,1,188,,,,,,,,,,,,,,,,
2412,45882,0,CIAT-BH22_0765,Urochloa,humidicola,Urochloa humidicola,Poaceae,Poales,grasses,F25 2170,21,56,2,2,189,,,,,,,,,,,,,,,,
2413,45882,0,CIAT-BH22_0765,Urochloa,humidicola,Urochloa humidicola,Poaceae,Poales,grasses,F25 2170,21,56,2,3,190,,,,,,,,,,,,,,,,
2414,45882,0,CIAT-BH22_2531,Urochloa,humidicola,Urochloa humidicola,Poaceae,Poales,grasses,F25 2171,21,56,2,1,191,,,,,,,,,,,,,,,,
2415,45882,0,CIAT-BH22_2531,Urochloa,humidicola,Urochloa humidicola,Poaceae,Poales,grasses,F25 2171,21,56,2,2,192,,,,,,,,,,,,,,,,
2416,45882,0,CIAT-BH22_2531,Urochloa,humidicola,Urochloa humidicola,Poaceae,Poales,grasses,F25 2171,21,56,2,3,193,,,,,,,,,,,,,,,,
2417,45882,0,CIAT-BH22_0132,Urochloa,humidicola,Urochloa humidicola,Poaceae,Poales,grasses,F25 2172,21,56,2,1,194,,,,,,,,,,,,,,,Elimino 10.21%DMD,
2418,45882,0,CIAT-BH22_0132,Urochloa,humidicola,Urochloa humidicola,Poaceae,Poales,grasses,F25 2172,21,56,2,2,195,13.2,14.5,23.23142735,64.60549319,108.1627617,48.16665059,4.453163901,13.2,14.03253425,15.17797658,31.51138058,324.8916479,8.424039596,17.4893614,,
2419,45882,0,CIAT-BH22_0132,Urochloa,humidicola,Urochloa humidicola,Poaceae,Poales,grasses,F25 2172,21,56,2,3,196,,,,,,,,,,,,,,,Elimino 9.51%DMD,
2420,45882,0,CIAT-BH22_3521,Urochloa,humidicola,Urochloa humidicola,Poaceae,Poales,grasses,F25 2173,21,56,2,1,197,,,,,,,,,,,,,,,Elimino DMD,
2421,45882,0,CIAT-BH22_3521,Urochloa,humidicola,Urochloa humidicola,Poaceae,Poales,grasses,F25 2173,21,56,2,2,198,13.5,14.3,25.00144086,59.29545266,105.7217671,47.49165576,4.492136017,13.5,13.96268657,14.76159897,31.08251067,367.2151199,8.192942819,17.25133118,,
2422,45882,0,CIAT-BH22_3521,Urochloa,humidicola,Urochloa humidicola,Poaceae,Poales,grasses,F25 2173,21,56,2,3,199,,,,,,,,,,,,,,,Elimino DMD,
2423,45882,LMF,Hohenheimer Heustandard,Hohenheimer,Heustandard,Hohenheimer Heustandard,Forage,Forage,Forage,F25 0017,21,56,2,1,200,13.6,16.6,21.01891046,43.36533105,84.40968223,77.22620217,9.148974399,13.6,15.14591837,12.78462156,16.55477183,#DIV/0!,7.095686155,9.188184782,,
2424,45882,LMF,Hohenheimer Heustandard,Hohenheimer,Heustandard,Hohenheimer Heustandard,Forage,Forage,Forage,F25 0017,21,56,2,2,201,14.3,16.9,19.69140032,42.48032429,82.49637736,42.20636892,5.11614816,14.3,15.69479167,12.94763456,30.67696864,#DIV/0!,7.186161188,17.02624834,,
2425,45882,LMF,Hohenheimer Heustandard,Hohenheimer,Heustandard,Hohenheimer Heustandard,Forage,Forage,Forage,F25 0017,21,56,2,3,202,14.5,16.7,20.57640708,44.2503378,84.46554211,40.54052992,4.799653079,14.5,15.677,13.24166304,32.66277738,#DIV/0!,7.349352079,18.12840654,,
2426,45882,LMF,Homenheim Concentrate,Homenheim,Concentrate,Homenheim Concentrate,Concentrate,Concentrate,Concentrate,F25 0018,21,56,2,1,0,,,,,,,,,,,,,,,Eliminado DMD,
2427,45882,LMF,Homenheim Concentrate,Homenheim,Concentrate,Homenheim Concentrate,Concentrate,Concentrate,Concentrate,F25 0018,21,56,2,2,0,,,,,,,,,,,,,,,Eliminado DMD,
2428,45882,LMF,Homenheim Concentrate,Homenheim,Concentrate,Homenheim Concentrate,Concentrate,Concentrate,Concentrate,F25 0018,21,56,2,3,0,,,,,,,,,,,,,,,Eliminado DMD,
2429,45882,LMF,Sample 8,Cynodon,nlemfuensis,Cynodon nlemfuensis ,Poaceae,Poales,Grasses,F25 0008,21,56,2,1,203,14.9,16.4,19.24889695,49.56037834,90.00026516,45.30291985,5.033642931,14.9,15.81741071,14.23571158,31.42338647,279.1977752,7.901066222,17.44052315,,
2430,45882,LMF,Sample 8,Cynodon,nlemfuensis,Cynodon nlemfuensis ,Poaceae,Poales,Grasses,F25 0008,21,56,2,2,204,,,,,,,,,,,,,,,Eliminado DMD,
2431,45882,LMF,Sample 8,Cynodon,nlemfuensis,Cynodon nlemfuensis ,Poaceae,Poales,Grasses,F25 0008,21,56,2,3,205,15.2,16.6,18.80639357,50.00288172,96.31206966,35.10866744,3.645302978,15.2,16.07345133,15.48067364,44.09359503,#DIV/0!,8.592041701,24.47270811,,
2436,45888,0,CIAT-BH16_1763,Urochloa,humidicola,Urochloa humidicola,Poaceae,Poales,grasses,F25 2144,21,57,3,1,3,11,14.3,33.85150842,82.52688001,150.0744978,54.99231499,3.664334434,11,12.9463807,19.42921581,35.33078361,317.2026881,10.78355092,19.60919616,,
2437,45888,0,CIAT-BH16_1763,Urochloa,humidicola,Urochloa humidicola,Poaceae,Poales,grasses,F25 2144,21,57,3,2,4,12.3,14.2,32.96650166,81.19936987,148.0027249,51.29724755,3.465966425,12.3,13.42861035,19.87470925,38.74420207,386.1424414,11.03080748,21.50370246,,
2438,45888,0,CIAT-BH16_1763,Urochloa,humidicola,Urochloa humidicola,Poaceae,Poales,grasses,F25 2144,21,57,3,3,5,12.4,14.3,34.2940118,82.52688001,153.6835037,51.15387492,3.328520868,12.4,13.51045576,20.76334179,40.58996864,397.823545,11.52401392,22.52813484,,
2439,45888,0,CIAT-BH16B_2165,Urochloa,humidicola,Urochloa humidicola,Poaceae,Poales,grasses,F25 2145,21,57,3,1,6,12.1,14.8,35.17901855,88.7219273,162.6124978,56.69015044,3.486211159,12.1,13.72942643,22.32576326,39.38208505,310.5277353,12.39118487,21.85773855,,
2440,45888,0,CIAT-BH16B_2165,Urochloa,humidicola,Urochloa humidicola,Poaceae,Poales,grasses,F25 2145,21,57,3,2,7,12.3,14.7,34.2940118,88.7219273,159.1034913,57.92958946,3.64100052,12.3,13.7723192,21.91224068,37.8256447,298.2732887,12.16167268,20.99388723,,
2441,45888,0,CIAT-BH16B_2165,Urochloa,humidicola,Urochloa humidicola,Poaceae,Poales,grasses,F25 2145,21,57,3,3,8,12.3,14.7,35.62152193,86.50941041,149.4463735,58.1077418,3.88820019,12.3,13.71176471,20.4917351,35.26506876,287.8000599,11.37326751,19.57272328,,
2442,45888,0,CIAT-BH16B_2167,Urochloa,humidicola,Urochloa humidicola,Poaceae,Poales,grasses,F25 2146,21,57,3,1,9,12.4,14.5,34.73651518,89.16443068,157.258304,54.42628249,3.460948078,12.4,13.68188586,21.51590165,39.53219045,328.8866341,11.94169766,21.94104965,,
2443,45888,0,CIAT-BH16B_2167,Urochloa,humidicola,Urochloa humidicola,Poaceae,Poales,grasses,F25 2146,21,57,3,2,10,12.5,14.5,34.73651518,89.16443068,154.5575577,54.08225372,3.49916591,12.5,13.72084367,21.20660088,39.2117551,334.1003617,11.77003039,21.76320248,,
2444,45888,0,CIAT-BH16B_2167,Urochloa,humidicola,Urochloa humidicola,Poaceae,Poales,grasses,F25 2146,21,57,3,3,11,12.6,14.3,32.52399829,86.95191379,159.4241605,54.4564809,3.415823596,12.6,13.66412214,21.783912,40.00242329,319.9497149,12.09044805,22.20203701,,
2445,45888,0,CIAT-CIAT_16886,Urochloa,humidicola,Urochloa humidicola,Poaceae,Poales,grasses,F25 2147,21,57,3,1,12,12.7,14.3,33.85150842,86.50941041,155.2788707,56.45484827,3.635707036,12.7,13.67391304,21.23269775,37.61005193,307.2038793,11.7845146,20.87422952,,
2446,45888,0,CIAT-CIAT_16886,Urochloa,humidicola,Urochloa humidicola,Poaceae,Poales,grasses,F25 2147,21,57,3,2,13,13,14.1,33.40900504,82.96938338,149.0034194,57.25795183,3.842727373,13,13.65706667,20.34949632,35.54003535,285.8506343,11.29432253,19.7253345,,
2447,45888,0,CIAT-CIAT_16886,Urochloa,humidicola,Urochloa humidicola,Poaceae,Poales,grasses,F25 2147,21,57,3,3,14,12.7,14.2,34.73651518,85.18190027,149.888802,57.2233448,3.817719805,12.7,13.58831169,20.3673576,35.59274222,292.3562991,11.30423585,19.75458772,,
2448,45888,0,CIAT-CIAT_16891,Urochloa,humidicola,Urochloa humidicola,Poaceae,Poales,grasses,F25 2148,21,57,3,1,15,12.8,14.3,29.86897802,79.87185974,144.0718972,49.006915,3.401559636,12.8,13.73905817,19.79412176,40.39046685,440.5679786,10.98608004,22.4174079,,
2449,45888,0,CIAT-CIAT_16891,Urochloa,humidicola,Urochloa humidicola,Poaceae,Poales,grasses,F25 2148,21,57,3,2,16,12.4,14.1,29.86897802,78.10184623,137.2968748,46.75257323,3.405217584,12.4,13.44985836,18.46623519,39.49779427,486.5890274,10.24908002,21.92195917,,
2450,45888,0,CIAT-CIAT_16891,Urochloa,humidicola,Urochloa humidicola,Poaceae,Poales,grasses,F25 2148,21,57,3,3,17,12.6,14.3,30.75398477,82.52688001,146.4436566,52.30153509,3.571444219,12.6,13.66648794,20.01370467,38.26599857,378.9881374,11.10795235,21.23829125,,
2451,45888,0,CIAT-CIAT_26146,Urochloa,humidicola,Urochloa humidicola,Poaceae,Poales,grasses,F25 2149,21,57,3,1,18,12.5,14.3,30.75398477,86.06690703,156.6308779,52.90167547,3.377474237,12.5,13.65681234,21.39078505,40.43498597,335.138456,11.87225579,22.44211678,,
2452,45888,0,CIAT-CIAT_26146,Urochloa,humidicola,Urochloa humidicola,Poaceae,Poales,grasses,F25 2149,21,57,3,2,19,12.8,14.5,30.75398477,87.83692054,150.3901763,54.09719966,3.59712323,12.8,13.90478589,20.91143202,38.65529482,332.6111477,11.60620656,21.4543574,,
2453,45888,0,CIAT-CIAT_26146,Urochloa,humidicola,Urochloa humidicola,Poaceae,Poales,grasses,F25 2149,21,57,3,3,20,12.1,14.4,32.52399829,90.49194081,161.6331017,49.39808197,3.056185982,12.1,13.57334963,21.93902602,44.41270824,406.1480875,12.17653901,24.64982146,,
2454,45888,0,CIAT-CIAT_26149,Urochloa,humidicola,Urochloa humidicola,Poaceae,Poales,grasses,F25 2150,21,57,3,1,21,12.5,14.3,33.85150842,88.27942392,163.8639578,57.69728174,3.521047734,12.5,13.60977444,22.30151504,38.6526269,321.6846751,12.37772669,21.45287666,,
2455,45888,0,CIAT-CIAT_26149,Urochloa,humidicola,Urochloa humidicola,Poaceae,Poales,grasses,F25 2150,21,57,3,2,22,12.1,14.6,35.62152193,91.37694757,165.1182979,48.28361189,2.924182995,12.1,13.62542373,22.49806774,46.59566023,531.9061646,12.48681683,25.86139758,,
2456,45888,0,CIAT-CIAT_26149,Urochloa,humidicola,Urochloa humidicola,Poaceae,Poales,grasses,F25 2150,21,57,3,3,23,12.5,14.7,34.73651518,86.50941041,150.6420875,56.3620802,3.741456397,12.5,13.81662404,20.81365088,36.92846468,337.9170433,11.55193634,20.4959368,,
2457,45888,0,CIAT-CIAT_26160,Urochloa,humidicola,Urochloa humidicola,Poaceae,Poales,grasses,F25 2151,21,57,3,1,24,12.5,14.7,32.52399829,86.06690703,155.6661015,54.92809742,3.52858438,12.5,13.86863753,21.58876738,39.3036868,349.7383153,11.9821394,21.81422617,,
2458,45888,0,CIAT-CIAT_26160,Urochloa,humidicola,Urochloa humidicola,Poaceae,Poales,grasses,F25 2151,21,57,3,2,25,13,14.8,32.52399829,86.95191379,158.8735578,55.27154579,3.47896444,13,14.12671756,22.44361878,40.60609932,354.6933206,12.45659672,22.53708765,,
2459,45888,0,CIAT-CIAT_26160,Urochloa,humidicola,Urochloa humidicola,Poaceae,Poales,grasses,F25 2151,21,57,3,3,26,12.6,14.6,33.40900504,79.87185974,137.3686742,51.86102835,3.775316945,12.6,13.7634349,18.90664806,36.45636937,370.8019245,10.49351678,20.23391574,,
2460,45888,0,CIAT-CIAT_26415,Urochloa,humidicola,Urochloa humidicola,Poaceae,Poales,grasses,F25 2152,21,57,3,1,27,12.2,13.9,29.42647464,80.31436312,146.7813078,48.99210873,3.337762107,12.2,13.27713499,19.48835237,39.77855389,408.3156648,10.81637274,22.07778562,,
2461,45888,0,CIAT-CIAT_26415,Urochloa,humidicola,Urochloa humidicola,Poaceae,Poales,grasses,F25 2152,21,57,3,2,28,12.1,13.9,29.86897802,78.98685298,141.672083,46.33500939,3.270581502,12.1,13.21932773,18.72809695,40.41889103,468.9257651,10.39441783,22.43318381,,
2462,45888,0,CIAT-CIAT_26415,Urochloa,humidicola,Urochloa humidicola,Poaceae,Poales,grasses,F25 2152,21,57,3,3,29,12.3,14.6,29.42647464,78.10184623,137.2214295,51.64859832,3.76388721,12.3,13.73342776,18.84520589,36.48735203,357.9698657,10.45941531,20.25111164,,
2463,45888,0,CIAT-BH22_4092,Urochloa,humidicola,Urochloa humidicola,Poaceae,Poales,grasses,F25 2153,21,57,3,1,30,12.2,14.7,37.83403882,85.62440365,160.7898589,50.48107319,3.139568226,12.2,13.59534884,21.85994221,43.30324382,438.7749556,12.13264612,24.03404951,,
2464,45888,0,CIAT-BH22_4092,Urochloa,humidicola,Urochloa humidicola,Poaceae,Poales,grasses,F25 2153,21,57,3,2,31,12.4,14.5,36.94903207,82.08437663,156.3043007,47.13966817,3.015890667,12.4,13.55471698,21.18660559,44.94432484,515.7510032,11.75893265,24.94487787,,
2465,45888,0,CIAT-BH22_4092,Urochloa,humidicola,Urochloa humidicola,Poaceae,Poales,grasses,F25 2153,21,57,3,3,32,12.5,14.5,35.17901855,80.75686649,148.1251623,50.0177403,3.376721383,12.5,13.62876712,20.18763343,40.36094655,425.8839433,11.20448582,22.40102362,,
2466,45888,0,CIAT-CIAT_26438,Urochloa,humidicola,Urochloa humidicola,Poaceae,Poales,grasses,F25 2154,21,57,3,1,33,12.5,14.5,33.85150842,79.87185974,142.3042813,40.29666416,2.831725356,12.5,13.65235457,19.42788505,48.21214227,615.6429292,10.78281233,26.75857308,,
2467,45888,0,CIAT-CIAT_26438,Urochloa,humidicola,Urochloa humidicola,Poaceae,Poales,grasses,F25 2154,21,57,3,2,34,12.1,14.1,35.17901855,81.19936987,149.9315846,48.16979999,3.212785358,12.1,13.23351499,19.84121872,41.19016215,376.1970639,11.01221967,22.86125263,,
2468,45888,0,CIAT-CIAT_26438,Urochloa,humidicola,Urochloa humidicola,Poaceae,Poales,grasses,F25 2154,21,57,3,3,35,12.2,14.1,34.2940118,83.41188676,146.9689978,37.76732305,2.569747607,12.2,13.31883289,19.57455522,51.82934252,780.9251359,10.86421681,28.7661818,,
2469,45888,0,CIAT-CIAT_26570,Urochloa,humidicola,Urochloa humidicola,Poaceae,Poales,grasses,F25 2155,21,57,3,1,36,12.5,14.7,34.2940118,80.75686649,153.8922361,46.49007349,3.020949897,12.5,13.76575342,21.18442577,45.56763235,572.0827097,11.75772281,25.29082432,,
2470,45888,0,CIAT-CIAT_26570,Urochloa,humidicola,Urochloa humidicola,Poaceae,Poales,grasses,F25 2155,21,57,3,2,37,12.8,14.9,34.73651518,79.42935636,147.6734183,50.24836086,3.402667956,12.8,13.9816156,20.64712969,41.09015566,442.6118406,11.4595142,22.8057473,,
2471,45888,0,CIAT-CIAT_26570,Urochloa,humidicola,Urochloa humidicola,Poaceae,Poales,grasses,F25 2155,21,57,3,3,38,13,15,34.73651518,77.21683947,143.690628,39.52167115,2.750469651,13,14.10028653,20.26079027,51.26501406,1217.863142,11.24508913,28.45296974,,
2472,45888,0,CIAT-BH22_3115,Urochloa,humidicola,Urochloa humidicola,Poaceae,Poales,grasses,F25 2156,21,57,3,1,39,12,14.4,32.52399829,85.62440365,156.5436928,42.17212858,2.693952584,12,13.48837209,21.11519578,50.06907759,622.9443239,11.71929897,27.78920431,,
2473,45888,0,CIAT-BH22_3115,Urochloa,humidicola,Urochloa humidicola,Poaceae,Poales,grasses,F25 2156,21,57,3,2,40,12.3,14.2,32.08149491,86.50941041,165.0549622,47.1499987,2.856624125,12.3,13.49539642,22.27482146,47.24246463,456.90184,12.36291129,26.22038521,,
2474,45888,0,CIAT-BH22_3115,Urochloa,humidicola,Urochloa humidicola,Poaceae,Poales,grasses,F25 2156,21,57,3,3,41,12,14.2,31.19648815,80.31436312,147.229711,33.73098103,2.291044437,12,13.34545455,19.64847416,58.25052684,1611.977184,10.9052431,32.33005019,,
2475,45888,0,CIAT-BH22_1375,Urochloa,humidicola,Urochloa humidicola,Poaceae,Poales,grasses,F25 2157,21,57,3,1,42,,,,,,,,,,,,,,,Eliminado,
2476,45888,0,CIAT-BH22_1375,Urochloa,humidicola,Urochloa humidicola,Poaceae,Poales,grasses,F25 2157,21,57,3,2,43,12.1,14.4,36.50652869,88.27942392,157.1274765,50.34112821,3.203839923,12.1,13.44887218,21.13187347,41.97735375,446.2413071,11.72855538,23.29815758,,
2477,45888,0,CIAT-BH22_1375,Urochloa,humidicola,Urochloa humidicola,Poaceae,Poales,grasses,F25 2157,21,57,3,3,44,12.1,14.5,36.50652869,86.06690703,163.010728,35.73657762,2.192283788,12.1,13.48200514,21.97711472,61.49753611,2311.145351,12.1976789,34.13219651,,
2478,45888,0,CIAT-CIAT_6133,Urochloa,humidicola,Urochloa humidicola,Poaceae,Poales,grasses,F25 2158,21,57,3,1,45,12.3,14.1,30.75398477,84.29689352,156.9523486,44.83191617,2.856403015,12.3,13.44330709,21.0995862,47.06376172,466.0034088,11.71063539,26.12120201,,
2479,45888,0,CIAT-CIAT_6133,Urochloa,humidicola,Urochloa humidicola,Poaceae,Poales,grasses,F25 2158,21,57,3,2,46,12.5,14.2,30.75398477,84.7393969,170.9268751,25.16601133,1.472326181,12.5,13.58302872,23.21704654,92.2555674,-4326.328208,12.88586251,51.20343602,,
2480,45888,0,CIAT-CIAT_6133,Urochloa,humidicola,Urochloa humidicola,Poaceae,Poales,grasses,F25 2158,21,57,3,3,47,12.3,14.8,31.63899153,84.29689352,161.9665162,35.845062,2.213115577,12.3,13.86167979,22.45127985,62.63423355,974.6009412,12.46084875,34.76308326,,
2481,45888,0,CIAT-CIAT_679,Urochloa,humidicola,Urochloa humidicola,Poaceae,Poales,grasses,F25 2159,21,57,3,1,48,12.3,14.4,34.73651518,92.7044577,175.848448,28.52588014,1.622185494,12.3,13.61312649,23.93847166,83.91843316,-12746.26862,13.28626593,46.57618228,,
2482,45888,0,CIAT-CIAT_679,Urochloa,humidicola,Urochloa humidicola,Poaceae,Poales,grasses,F25 2159,21,57,3,2,49,12.5,14.3,33.40900504,90.49194081,172.9285197,49.9895867,2.890765895,12.5,13.63545232,23.57958586,47.16899541,420.5907444,13.0870781,26.17960853,,
2483,45888,0,CIAT-CIAT_679,Urochloa,humidicola,Urochloa humidicola,Poaceae,Poales,grasses,F25 2159,21,57,3,3,50,12.2,14.3,34.73651518,89.16443068,173.6864483,31.68594588,1.824318833,12.2,13.48188586,23.41620871,73.9009301,3459.338226,12.99640096,41.01629477,,
2486,45888,0,CIAT-BH22_4865,Urochloa,humidicola,Urochloa humidicola,Poaceae,Poales,grasses,F25 2160,21,57,3,1,53,12.4,14.3,32.08149491,80.31436312,146.8626874,51.15814622,3.483399843,12.4,13.54104683,19.88674528,38.87307642,396.0534389,11.03748769,21.57522996,,
2487,45888,0,CIAT-BH22_4865,Urochloa,humidicola,Urochloa humidicola,Poaceae,Poales,grasses,F25 2160,21,57,3,2,54,12.2,14.1,29.86897802,72.79180569,135.4489406,29.84890246,2.203701434,12.2,13.32036474,18.04229293,60.44541487,-2314.484363,10.01378472,33.54825102,,
2488,45888,0,CIAT-BH22_4865,Urochloa,humidicola,Urochloa humidicola,Poaceae,Poales,grasses,F25 2160,21,57,3,3,55,12.7,14.2,28.54146788,72.34930231,133.2957287,41.17244422,3.088804467,12.7,13.60825688,18.13922517,44.056712,779.6210372,10.0675838,24.45223739,,
2489,45888,0,CIAT-BH22_1706,Urochloa,humidicola,Urochloa humidicola,Poaceae,Poales,grasses,F25 2161,21,57,3,1,56,12.2,14.3,29.86897802,81.64187325,149.0270462,49.96646729,3.352845579,12.2,13.53170732,20.16590371,40.35887427,357.9819816,11.19242545,22.39987347,,
2490,45888,0,CIAT-BH22_1706,Urochloa,humidicola,Urochloa humidicola,Poaceae,Poales,grasses,F25 2161,21,57,3,2,57,12.2,14.4,29.86897802,81.64187325,153.8848339,31.67323328,2.05824268,12.2,13.59512195,20.92083083,66.05208456,1988.450163,11.61142306,36.6600497,,
2491,45888,0,CIAT-BH22_1706,Urochloa,humidicola,Urochloa humidicola,Poaceae,Poales,grasses,F25 2161,21,57,3,3,58,12.1,14.3,30.75398477,82.52688001,156.1568838,24.53929525,1.571451392,12.1,13.48016086,21.05019913,85.78159607,-2601.538988,11.68322471,47.61026993,,
2492,45888,0,CIAT-BH22_4169,Urochloa,humidicola,Urochloa humidicola,Poaceae,Poales,grasses,F25 2162,21,57,3,1,59,12.5,14.4,28.54146788,76.77433609,141.2564597,39.54116045,2.799246174,12.5,13.69365994,19.34317924,48.91909854,643.6525704,10.73579914,27.15094604,,
2493,45888,0,CIAT-BH22_4169,Urochloa,humidicola,Urochloa humidicola,Poaceae,Poales,grasses,F25 2162,21,57,3,2,60,12.4,14.3,28.98397126,79.87185974,153.720715,45.41858058,2.954616793,12.4,13.61052632,20.92219836,46.06528451,444.3086036,11.61218207,25.56702988,,
2494,45888,0,CIAT-BH22_4169,Urochloa,humidicola,Urochloa humidicola,Poaceae,Poales,grasses,F25 2162,21,57,3,3,61,12.6,14.3,28.98397126,76.77433609,133.8965965,28.07628275,2.096863063,12.6,13.65821326,18.2878827,65.13641018,22408.65672,10.1500913,36.15183458,,
2495,45888,0,CIAT-BH22_1258,Urochloa,humidicola,Urochloa humidicola,Poaceae,Poales,grasses,F25 2163,21,57,3,1,62,12.3,14.2,35.62152193,85.62440365,160.5588836,26.04395359,1.622081133,12.3,13.40956072,21.530241,82.66886564,-2872.67174,11.94965625,45.88265069,,
2496,45888,0,CIAT-BH22_1258,Urochloa,humidicola,Urochloa humidicola,Poaceae,Poales,grasses,F25 2163,21,57,3,2,63,12.6,14.2,32.96650166,78.98685298,147.2758175,29.33313239,1.991714112,12.6,13.53221289,19.92967715,67.94254661,17011.66054,11.06131562,37.70928884,,
2497,45888,0,CIAT-BH22_1258,Urochloa,humidicola,Urochloa humidicola,Poaceae,Poales,grasses,F25 2163,21,57,3,3,64,12.5,14.3,35.17901855,85.62440365,158.3534842,31.51684252,1.990284122,12.5,13.56046512,21.47346898,68.13331307,3138.936091,11.9181468,37.81516753,,
2498,45888,0,CIAT-BH22_1370,Urochloa,humidicola,Urochloa humidicola,Poaceae,Poales,grasses,F25 2164,21,57,3,1,65,13,14.2,28.98397126,76.77433609,146.7964463,45.33446182,3.088253357,13,13.74697406,20.1800694,44.5137509,607.1548151,11.20028766,24.70590188,,
2499,45888,0,CIAT-BH22_1370,Urochloa,humidicola,Urochloa humidicola,Poaceae,Poales,grasses,F25 2164,21,57,3,2,66,12.7,14.1,27.21395775,73.67681244,140.3493487,45.51893274,3.243259277,12.7,13.58288288,19.06348767,41.8803485,566.6161342,10.58056547,23.24431799,,
2500,45888,0,CIAT-BH22_1370,Urochloa,humidicola,Urochloa humidicola,Poaceae,Poales,grasses,F25 2164,21,57,3,3,67,12.6,13.9,30.3114814,78.10184623,144.0070966,32.31273302,2.243829212,12.6,13.39546742,19.29042371,59.69913997,-4554.644725,10.70651891,33.13405554,,
2501,45888,0,CIAT-BH22_2225,Urochloa,humidicola,Urochloa humidicola,Poaceae,Poales,grasses,F25 2165,21,57,3,1,68,12.8,14.6,34.2940118,87.39441716,158.1678763,43.87758389,2.774114751,12.8,13.89367089,21.97532419,50.08325946,522.2806747,12.19668512,27.7970755,,
2502,45888,0,CIAT-BH22_2225,Urochloa,humidicola,Urochloa humidicola,Poaceae,Poales,grasses,F25 2165,21,57,3,2,69,12.8,14.6,32.96650166,81.19936987,147.164906,33.99276514,2.3098418,12.8,13.86920981,20.41060958,60.04398141,1157.373601,11.32824144,33.3254485,,
2503,45888,0,CIAT-BH22_2225,Urochloa,humidicola,Urochloa humidicola,Poaceae,Poales,grasses,F25 2165,21,57,3,3,70,12.9,14.7,33.85150842,83.41188676,149.8961895,37.12086044,2.476437898,12.9,13.96949602,20.93974222,56.40963591,831.8085533,11.62191921,31.30832388,,
2504,45888,0,CIAT-BH22_0528,Urochloa,humidicola,Urochloa humidicola,Poaceae,Poales,grasses,F25 2166,21,57,3,1,71,,,,,,,,,,,,,,,,
2505,45888,0,CIAT-BH22_0528,Urochloa,humidicola,Urochloa humidicola,Poaceae,Poales,grasses,F25 2166,21,57,3,2,72,,,,,,,,,,,,,,,,
2506,45888,0,CIAT-BH22_0528,Urochloa,humidicola,Urochloa humidicola,Poaceae,Poales,grasses,F25 2166,21,57,3,3,73,,,,,,,,,,,,,,,,
2507,45888,0,CIAT-BH22_3507,Urochloa,humidicola,Urochloa humidicola,Poaceae,Poales,grasses,F25 2167,21,57,3,1,74,12.5,14.3,29.42647464,70.5792888,127.028108,29.75408028,2.342322558,12.5,13.54952978,17.21171132,57.84655805,4238.987625,9.552797564,32.10584052,,
2508,45888,0,CIAT-BH22_3507,Urochloa,humidicola,Urochloa humidicola,Poaceae,Poales,grasses,F25 2167,21,57,3,2,75,13,14.1,27.65646113,67.92426853,128.3824696,14.09575148,1.097949862,13,13.65211726,17.5269253,124.3419006,-474.768171,9.727746775,69.01190608,,
2509,45888,0,CIAT-BH22_3507,Urochloa,humidicola,Urochloa humidicola,Poaceae,Poales,grasses,F25 2167,21,57,3,3,76,12.4,14.3,30.3114814,71.46429555,126.4148606,22.02585906,1.742347297,12.4,13.49411765,17.05857001,77.44792138,-1134.864847,9.467801485,42.98493629,,
2510,45888,0,CIAT-BH22_4253,Urochloa,humidicola,Urochloa humidicola,Poaceae,Poales,grasses,F25 2168,21,57,3,1,77,12.6,14.1,32.52399829,78.10184623,143.6204945,23.15289898,1.612088794,12.6,13.47535411,19.35337021,83.58940375,-810.3618405,10.7414553,46.39356527,,
2511,45888,0,CIAT-BH22_4253,Urochloa,humidicola,Urochloa humidicola,Poaceae,Poales,grasses,F25 2168,21,57,3,2,78,12.7,14,32.08149491,78.10184623,150.0540872,40.86356435,2.723255669,12.7,13.46600567,20.20629188,49.4481874,805.7687474,11.21484158,27.44459951,,
2512,45888,0,CIAT-BH22_4253,Urochloa,humidicola,Urochloa humidicola,Poaceae,Poales,grasses,F25 2168,21,57,3,3,79,12.4,14,31.63899153,75.44682596,141.6732545,41.46930255,2.927108767,12.4,13.32903226,18.8836738,45.53651168,721.2464902,10.48076567,25.27355181,,
2513,45888,0,CIAT-BH22_2189,Urochloa,humidicola,Urochloa humidicola,Poaceae,Poales,grasses,F25 2169,21,57,3,1,80,12.7,14.1,29.86897802,73.23430907,142.3895422,28.68303839,2.014406251,12.7,13.52900302,19.26388547,67.16124422,-2170.101142,10.69178972,37.2756525,,
2514,45888,0,CIAT-BH22_2189,Urochloa,humidicola,Urochloa humidicola,Poaceae,Poales,grasses,F25 2169,21,57,3,2,81,12.8,14.2,30.3114814,72.34930231,133.4292549,28.24074118,2.116532929,12.8,13.61345566,18.16433246,64.31960245,-1888.952774,10.08151877,35.69849215,,
2515,45888,0,CIAT-BH22_2189,Urochloa,humidicola,Urochloa humidicola,Poaceae,Poales,grasses,F25 2169,21,57,3,3,82,12.7,14.1,30.3114814,72.34930231,136.7026933,23.3248267,1.706244854,12.7,13.51345566,18.47325784,79.19997897,-787.0695622,10.25297771,43.95735857,,
2516,45888,0,CIAT-BH22_0765,Urochloa,humidicola,Urochloa humidicola,Poaceae,Poales,grasses,F25 2170,21,57,3,1,83,,,,,,,,,,,,,,,,
2517,45888,0,CIAT-BH22_0765,Urochloa,humidicola,Urochloa humidicola,Poaceae,Poales,grasses,F25 2170,21,57,3,2,84,,,,,,,,,,,,,,,,
2518,45888,0,CIAT-BH22_0765,Urochloa,humidicola,Urochloa humidicola,Poaceae,Poales,grasses,F25 2170,21,57,3,3,85,,,,,,,,,,,,,,,,
2519,45888,0,CIAT-BH22_2531,Urochloa,humidicola,Urochloa humidicola,Poaceae,Poales,grasses,F25 2171,21,57,3,1,86,,,,,,,,,,,,,,,,
2520,45888,0,CIAT-BH22_2531,Urochloa,humidicola,Urochloa humidicola,Poaceae,Poales,grasses,F25 2171,21,57,3,2,87,,,,,,,,,,,,,,,,
2521,45888,0,CIAT-BH22_2531,Urochloa,humidicola,Urochloa humidicola,Poaceae,Poales,grasses,F25 2171,21,57,3,3,88,,,,,,,,,,,,,,,,
2522,45888,0,CIAT-BH22_0132,Urochloa,humidicola,Urochloa humidicola,Poaceae,Poales,grasses,F25 2172,21,57,3,1,89,12.3,13.9,32.08149491,80.75686649,142.2371577,33.72223963,2.370845999,12.3,13.26438356,18.86688217,55.94789189,1371.029093,10.47144602,31.05204795,,
2523,45888,0,CIAT-BH22_0132,Urochloa,humidicola,Urochloa humidicola,Poaceae,Poales,grasses,F25 2172,21,57,3,2,90,12.3,14.1,32.52399829,80.75686649,152.9504501,35.15073532,2.298177959,12.3,13.37506849,20.45722746,58.19857613,1102.176817,11.35411517,32.30121665,,
2524,45888,0,CIAT-BH22_0132,Urochloa,humidicola,Urochloa humidicola,Poaceae,Poales,grasses,F25 2172,21,57,3,3,91,,,,,,,,,,,,,,,Elimino 14.89%DMD,
2525,45888,0,CIAT-BH22_3521,Urochloa,humidicola,Urochloa humidicola,Poaceae,Poales,grasses,F25 2173,21,57,3,1,92,12.9,14.5,31.19648815,77.21683947,142.2196949,44.76375,3.147507104,12.9,13.85358166,19.70252157,44.01445717,577.5411835,10.93524034,24.42878522,,
2526,45888,0,CIAT-BH22_3521,Urochloa,humidicola,Urochloa humidicola,Poaceae,Poales,grasses,F25 2173,21,57,3,2,93,12.8,13.8,32.08149491,77.21683947,137.8665355,26.26105969,1.904817553,12.8,13.38452722,18.45278397,70.26671503,-1178.354068,10.24161436,38.99924253,,
2527,45888,0,CIAT-BH22_3521,Urochloa,humidicola,Urochloa humidicola,Poaceae,Poales,grasses,F25 2173,21,57,3,3,94,12.7,13.6,32.52399829,79.87185974,150.2363246,32.39804951,2.15647245,12.7,13.23351801,19.88155107,61.36650623,37515.40132,11.03460482,34.05947266,,
2528,45888,LMF,Hohenheimer Heustandard,Hohenheimer,Heustandard,Hohenheimer Heustandard,Forage,Forage,Forage,F25 0017,21,57,3,1,95,13.9,16,22.78892397,45.79909963,96.6374353,74.46864728,7.705983406,13.9,14.95507246,14.45219848,19.40709145,#DIV/0!,8.021220192,10.77127152,,
2529,45888,LMF,Hohenheimer Heustandard,Hohenheimer,Heustandard,Hohenheimer Heustandard,Forage,Forage,Forage,F25 0017,21,57,3,2,96,13.9,16.1,21.90391721,44.47158949,92.44670994,49.25694774,5.328145022,13.9,15.01641791,13.88218431,28.18320043,#DIV/0!,7.704852468,15.64216384,,
2530,45888,LMF,Hohenheimer Heustandard,Hohenheimer,Heustandard,Hohenheimer Heustandard,Forage,Forage,Forage,F25 0017,21,57,3,3,97,13.9,16.1,22.34642059,45.79909963,85.79155719,71.37727588,8.319848505,13.9,15.02657005,12.89152844,18.06111018,#DIV/0!,7.155021319,10.02422862,,
2531,45888,LMF,Homenheim Concentrate,Homenheim,Concentrate,Homenheim Concentrate,Concentrate,Concentrate,Concentrate,F25 0018,21,57,3,1,0,,,,,,,,,,,,,,,Eliminado DMD,
2532,45888,LMF,Homenheim Concentrate,Homenheim,Concentrate,Homenheim Concentrate,Concentrate,Concentrate,Concentrate,F25 0018,21,57,3,2,0,,,,,,,,,,,,,,,Eliminado DMD,
2533,45888,LMF,Homenheim Concentrate,Homenheim,Concentrate,Homenheim Concentrate,Concentrate,Concentrate,Concentrate,F25 0018,21,57,3,3,0,,,,,,,,,,,,,,,Eliminado DMD,
2534,45888,LMF,Sample 8,Cynodon,nlemfuensis,Cynodon nlemfuensis ,Poaceae,Poales,Grasses,F25 0008,21,57,3,1,98,13.8,15.9,21.90391721,56.86168408,107.2384643,24.24126754,2.260501182,13.8,15.09105058,16.1834109,66.75975533,22405.07133,8.982073037,37.05281922,,
2535,45888,LMF,Sample 8,Cynodon,nlemfuensis,Cynodon nlemfuensis ,Poaceae,Poales,Grasses,F25 0008,21,57,3,2,99,13.6,15.6,21.46141384,56.86168408,104.9019527,25.7443098,2.454130655,13.6,14.84513619,15.57283775,60.49040689,3577.714609,8.643194375,33.57322237,,
2536,45888,LMF,Sample 8,Cynodon,nlemfuensis,Cynodon nlemfuensis ,Poaceae,Poales,Grasses,F25 0008,21,57,3,3,100,13.8,15.5,21.90391721,57.74669084,108.7921569,36.17161046,3.324836227,13.8,14.85517241,16.16126249,44.67941095,533.7963254,8.969780286,24.79784608,,
2583,45896,0,CIAT-BH22_2074,Urochloa,humidicola,Urochloa humidicola,Poaceae,Poales,grasses,F25 2174,22,59,2,1,108,14.1,14.9,32.00774435,82.45312944,170.1827237,48.40016236,2.844011502,14.1,14.58944544,24.82871562,51.29882712,503.4836324,13.78036673,28.47173658,,
2584,45896,0,CIAT-BH22_2074,Urochloa,humidicola,Urochloa humidicola,Poaceae,Poales,grasses,F25 2174,22,59,2,2,109,14.3,15.5,31.12273759,85.99315647,177.453847,54.8282111,3.089716681,14.3,15.06569468,26.73465479,48.7607643,388.1957388,14.83819595,27.0630678,,
2585,45896,0,CIAT-BH22_2074,Urochloa,humidicola,Urochloa humidicola,Poaceae,Poales,grasses,F25 2174,22,59,2,3,110,14,15.6,33.33525448,87.76316998,181.0702282,49.10162736,2.711744932,14,14.99226891,27.14653552,55.28642732,527.8473572,15.06679688,30.68492368,,
2586,45896,0,CIAT-BH22_0456,Urochloa,humidicola,Urochloa humidicola,Poaceae,Poales,grasses,F25 2175,22,59,2,1,111,13.5,14.8,34.92826664,92.01120241,190.2440098,52.09329309,2.738235656,13.5,14.3065085,27.21727542,52.24717773,446.9969166,15.10605875,28.99808757,,
2587,45896,0,CIAT-BH22_0456,Urochloa,humidicola,Urochloa humidicola,Poaceae,Poales,grasses,F25 2175,22,59,2,2,112,13.2,14.9,35.10526799,96.17073416,198.884101,55.02031638,2.76645122,13.2,14.27944785,28.39955149,51.61648162,406.7787332,15.76224242,28.64804032,,
2588,45896,0,CIAT-BH22_0456,Urochloa,humidicola,Urochloa humidicola,Poaceae,Poales,grasses,F25 2175,22,59,2,3,113,13,14.8,36.8752815,100.5957679,207.9520291,52.7850481,2.53832811,13,14.14017595,29.40478281,55.70665155,466.8690727,16.3201632,30.91815539,,
2589,45896,0,CIAT-BH22_1832,Urochloa,humidicola,Urochloa humidicola,Poaceae,Poales,grasses,F25 2176,22,59,2,1,114,13.5,15,34.66276461,89.53318349,183.7555187,49.42952093,2.689961165,13.5,14.41927512,26.4962138,53.60402711,426.0229364,14.70585707,29.75116245,,
2590,45896,0,CIAT-BH22_1832,Urochloa,humidicola,Urochloa humidicola,Poaceae,Poales,grasses,F25 2176,22,59,2,2,115,13.4,14.9,34.22026124,89.97568687,184.6637009,54.70412041,2.962364566,13.4,14.3295082,26.46140015,48.37185929,343.1465139,14.68653489,26.84721879,,
2591,45896,0,CIAT-BH22_1832,Urochloa,humidicola,Urochloa humidicola,Poaceae,Poales,grasses,F25 2176,22,59,2,3,116,13.3,15.1,33.33525448,89.09068011,182.8473366,52.36441481,2.863832516,13.3,14.42649007,26.37845285,50.37476872,374.1840064,14.64049771,27.95886817,,
2592,45896,0,CIAT-BH22_1872,Urochloa,humidicola,Urochloa humidicola,Poaceae,Poales,grasses,F25 2177,22,59,2,1,117,13.4,14.9,34.66276461,89.97568687,184.1793916,51.89571925,2.817672423,13.4,14.32213115,26.37841401,50.82965299,396.0195675,14.64047615,28.21133681,,
2593,45896,0,CIAT-BH22_1872,Urochloa,humidicola,Urochloa humidicola,Poaceae,Poales,grasses,F25 2177,22,59,2,2,118,13.5,15.6,34.22026124,89.53318349,183.2369732,50.51365495,2.756739214,13.5,14.79736409,27.11424206,53.67705443,432.9347341,15.04887345,29.79169388,,
2594,45896,0,CIAT-BH22_1872,Urochloa,humidicola,Urochloa humidicola,Poaceae,Poales,grasses,F25 2177,22,59,2,3,119,13.2,15.4,35.10526799,92.63070714,189.6141933,50.03295774,2.63867155,13.2,14.56624204,27.61966233,55.20293739,450.8483004,15.32939044,30.63858532,,
2595,45896,0,CIAT-BH22_0071,Urochloa,humidicola,Urochloa humidicola,Poaceae,Poales,grasses,F25 2178,22,59,2,1,120,13.5,15.5,29.35272408,83.3381362,171.6350377,50.05708246,2.916483903,13.5,14.79557522,25.39439111,50.73086537,416.1393772,14.09432641,28.15650798,,
2596,45896,0,CIAT-BH22_0071,Urochloa,humidicola,Urochloa humidicola,Poaceae,Poales,grasses,F25 2178,22,59,2,2,121,13.2,15.5,30.68023421,80.68311593,166.034218,44.29384352,2.667753916,13.2,14.62541133,24.28318734,54.82294017,548.5946172,13.4775891,30.42768029,,
2597,45896,0,CIAT-BH22_0071,Urochloa,humidicola,Urochloa humidicola,Poaceae,Poales,grasses,F25 2178,22,59,2,3,122,13.2,15,30.68023421,76.25808215,157.0222558,48.70806764,3.101984963,13.2,14.27582205,22.41621782,46.02157077,392.5939219,12.44138871,25.542768,,
2598,45896,0,CIAT-BH22_4454,Urochloa,humidicola,Urochloa humidicola,Poaceae,Poales,grasses,F25 2179,22,59,2,1,123,13.9,15,33.77775786,83.3381362,170.6884843,41.15682954,2.411224736,13.9,14.55415929,24.8422739,60.36002815,854.6637888,13.78789181,33.50085992,,
2599,45896,0,CIAT-BH22_4454,Urochloa,humidicola,Urochloa humidicola,Poaceae,Poales,grasses,F25 2179,22,59,2,2,124,13.7,15.6,33.77775786,80.24061255,164.4100483,47.40311913,2.883225182,13.7,14.80018382,24.33298937,51.33204273,509.6801682,13.50523009,28.49017181,,
2600,45896,0,CIAT-BH22_4454,Urochloa,humidicola,Urochloa humidicola,Poaceae,Poales,grasses,F25 2179,22,59,2,3,125,13.6,15.6,34.22026124,83.78063958,171.6291069,45.89770695,2.674237941,13.6,14.78309859,25.37210009,55.27966815,586.841624,14.08195451,30.68117222,,
2601,45896,0,CIAT-BH22_1267,Urochloa,humidicola,Urochloa humidicola,Poaceae,Poales,grasses,F25 2180,22,59,2,1,126,13.2,15.2,33.33525448,85.55065309,175.0663651,42.80458737,2.445049188,13.2,14.42068966,25.2457772,58.97913927,642.3050822,14.01184312,32.73444269,,
2602,45896,0,CIAT-BH22_1267,Urochloa,humidicola,Urochloa humidicola,Poaceae,Poales,grasses,F25 2180,22,59,2,2,127,13.1,15.2,32.45024772,87.76316998,179.522149,48.90267429,2.724046841,13.1,14.42352941,25.89342996,52.94890379,454.9938142,14.37130161,29.38755767,,
2603,45896,0,CIAT-BH22_1267,Urochloa,humidicola,Urochloa humidicola,Poaceae,Poales,grasses,F25 2180,22,59,2,3,128,12.5,15.2,32.8927511,90.41819025,185.064043,44.12354019,2.384230857,12.5,14.2177814,26.31200109,59.63257022,610.1168362,14.60361583,33.09710818,,
2604,45896,0,CIAT-BH22_1303,Urochloa,humidicola,Urochloa humidicola,Poaceae,Poales,grasses,F25 2181,22,59,2,1,129,13.3,15.1,33.33525448,88.20567336,182.0653289,46.08570845,2.531273183,13.3,14.41973244,26.25333329,56.96632248,503.8711004,14.57105419,31.61729455,,
2605,45896,0,CIAT-BH22_1303,Urochloa,humidicola,Urochloa humidicola,Poaceae,Poales,grasses,F25 2181,22,59,2,2,130,13.4,15.2,32.45024772,89.09068011,183.9288424,44.56783346,2.423101939,13.4,14.54437086,26.75129295,60.02376798,560.0189329,14.84743041,33.3142297,,
2606,45896,0,CIAT-BH22_1303,Urochloa,humidicola,Urochloa humidicola,Poaceae,Poales,grasses,F25 2181,22,59,2,3,131,13.3,15.5,35.99027475,88.20567336,182.1017346,41.14074234,2.259217488,13.3,14.60234114,26.59111651,64.63450826,700.5405212,14.75852972,35.87327033,,
2607,45896,0,CIAT-BH22_2508,Urochloa,humidicola,Urochloa humidicola,Poaceae,Poales,grasses,F25 2182,22,59,2,1,132,13.8,15.7,36.43277813,85.10814971,173.7796891,39.84654046,2.292934271,13.8,14.88665511,25.86998297,64.92403774,868.5186941,14.35828812,36.0339642,,
2608,45896,0,CIAT-BH22_2508,Urochloa,humidicola,Urochloa humidicola,Poaceae,Poales,grasses,F25 2182,22,59,2,2,133,13.7,15.6,36.8752815,89.09068011,181.9114943,43.6852541,2.401456504,13.7,14.81357616,26.94759775,61.68579833,658.6116825,14.95638297,34.2366853,,
2609,45896,0,CIAT-BH22_2508,Urochloa,humidicola,Urochloa humidicola,Poaceae,Poales,grasses,F25 2182,22,59,2,3,134,12.8,15,36.43277813,91.303197,186.3546667,38.74799864,2.079260978,12.8,14.12213247,26.31725289,67.91899922,989.7149809,14.60653067,37.69621963,,
2610,45896,0,CIAT-BH22_2046,Urochloa,humidicola,Urochloa humidicola,Poaceae,Poales,grasses,F25 2183,22,59,2,1,135,12.8,15.1,37.76028826,93.95821727,193.528739,39.91761997,2.062619752,12.8,14.17566719,27.43398996,68.72651721,917.0768591,15.22633906,38.14440609,,
2611,45896,0,CIAT-BH22_2046,Urochloa,humidicola,Urochloa humidicola,Poaceae,Poales,grasses,F25 2183,22,59,2,2,136,12.9,15.1,35.54777137,85.99315647,177.0520424,35.16497075,1.986137538,12.9,14.19056604,25.124687,71.44805316,1572.102091,13.94463597,39.65490563,,
2612,45896,0,CIAT-BH22_2046,Urochloa,humidicola,Urochloa humidicola,Poaceae,Poales,grasses,F25 2183,22,59,2,3,137,12.7,15.1,36.8752815,89.97568687,185.325794,39.13492184,2.111682405,12.7,14.11639344,26.16131824,66.84903662,947.150686,14.51998424,37.10237188,,
2615,45896,LMF,Hohenheimer Heustandard,Hohenheimer,Heustandard,Hohenheimer Heustandard,Concentrate,Concentrate,Concentrate,F25 0017,22,59,2,1,203,,,,,,,,,,,,,,,,
2616,45896,LMF,Hohenheimer Heustandard,Hohenheimer,Heustandard,Hohenheimer Heustandard,Concentrate,Concentrate,Concentrate,F25 0017,22,59,2,2,204,,,,,,,,,,,,,,,,
2617,45896,LMF,Hohenheimer Heustandard,Hohenheimer,Heustandard,Hohenheimer Heustandard,Concentrate,Concentrate,Concentrate,F25 0017,22,59,2,3,205,15.3,16.9,23.15767678,46.16785244,205.3995991,35.35640024,1.721347091,15.3,16.09744409,33.06408563,93.51654977,#DIV/0!,18.35113957,51.90330306,,
2618,45896,LMF,Sample 8,Cynodon,nlemfuensis,Cynodon nlemfuensis ,Poaceae,Poales,Grasses,F25 0008,22,59,2,1,206,18.3,16.7,14.7501126,42.62782542,90.93966933,19.21039266,2.112432649,18.3,17.25363322,15.690397,81.67660743,#DIV/0!,8.708441793,45.33193022,,
2619,45896,LMF,Sample 8,Cynodon,nlemfuensis,Cynodon nlemfuensis ,Poaceae,Poales,Grasses,F25 0008,22,59,2,2,207,17.4,16.4,6.785051797,12.09509233,25.77717913,12.19415685,4.73060174,17.4,16.96097561,4.372061066,35.85373815,#DIV/0!,2.426569533,19.89944498,,
2620,45896,LMF,Sample 8,Cynodon,nlemfuensis,Cynodon nlemfuensis ,Poaceae,Poales,Grasses,F25 0008,22,59,2,3,208,15,16.4,18.732643,46.16785244,98.4917526,31.66910158,3.215406442,15,15.83194888,15.59316392,49.2377843,#DIV/0!,8.654475756,27.32782215,,
2625,45901,0,CIAT-BH22_2074,Urochloa,humidicola,Urochloa humidicola,Poaceae,Poales,grasses,F25 2174,22,60,3,1,3,13.2,15.4,34.22026124,82.89563282,171.0276777,30.90447913,1.806987006,13.2,14.49181495,24.78501456,80.19877784,-6279.899518,13.75611189,44.51170922,,
2626,45901,0,CIAT-BH22_2074,Urochloa,humidicola,Urochloa humidicola,Poaceae,Poales,grasses,F25 2174,22,60,3,2,4,13.8,15.9,35.54777137,87.76316998,181.1064133,38.298927,2.114719534,13.8,15.04941176,27.25544987,71.16504823,1468.589866,15.12724623,39.497833,,
2627,45901,0,CIAT-BH22_2074,Urochloa,humidicola,Urochloa humidicola,Poaceae,Poales,grasses,F25 2174,22,60,3,3,5,13.4,15.8,36.43277813,88.64817674,183.0790426,33.45822813,1.827529118,13.4,14.81364393,27.12067748,81.05831957,7084.112868,15.05244522,44.98876975,,
2628,45901,0,CIAT-BH22_0456,Urochloa,humidicola,Urochloa humidicola,Poaceae,Poales,grasses,F25 2175,22,60,3,1,6,,,,,,,,,,,,,,,Elimino DMD,
2629,45901,0,CIAT-BH22_0456,Urochloa,humidicola,Urochloa humidicola,Poaceae,Poales,grasses,F25 2175,22,60,3,2,7,,,,,,,,,,,,,,,Elimino DMD,
2630,45901,0,CIAT-BH22_0456,Urochloa,humidicola,Urochloa humidicola,Poaceae,Poales,grasses,F25 2175,22,60,3,3,8,,,,,,,,,,,,,,,Elimino DMD,
2631,45901,0,CIAT-BH22_1832,Urochloa,humidicola,Urochloa humidicola,Poaceae,Poales,grasses,F25 2176,22,60,3,1,9,,,,,,,,,,,,,,,Elimino DMD,
2632,45901,0,CIAT-BH22_1832,Urochloa,humidicola,Urochloa humidicola,Poaceae,Poales,grasses,F25 2176,22,60,3,2,10,13.1,15.1,35.99027475,91.74570038,188.2964294,21.53776726,1.143822394,13.1,14.31543408,26.95545123,125.1543436,-1614.107158,14.96074179,69.46282598,,
2633,45901,0,CIAT-BH22_1832,Urochloa,humidicola,Urochloa humidicola,Poaceae,Poales,grasses,F25 2176,22,60,3,3,11,,,,,,,,,,,,,,,Elimino DMD,
2634,45901,0,CIAT-BH22_1872,Urochloa,humidicola,Urochloa humidicola,Poaceae,Poales,grasses,F25 2177,22,60,3,1,12,13.1,15.6,37.76028826,94.84322403,194.2596574,16.55557346,0.852239404,13.1,14.60466563,28.37097341,171.3681105,-813.8321141,15.74638109,95.11226615,,
2635,45901,0,CIAT-BH22_1872,Urochloa,humidicola,Urochloa humidicola,Poaceae,Poales,grasses,F25 2177,22,60,3,2,13,,,,,,,,,,,,,,,Elimino 7.30%DMD,
2636,45901,0,CIAT-BH22_1872,Urochloa,humidicola,Urochloa humidicola,Poaceae,Poales,grasses,F25 2177,22,60,3,3,14,12.9,16,37.76028826,92.63070714,189.5384385,15.47259934,0.816330422,12.9,14.73630573,27.93096378,180.5188848,-736.3093274,15.50216813,100.1911042,,
2637,45901,0,CIAT-BH22_0071,Urochloa,humidicola,Urochloa humidicola,Poaceae,Poales,grasses,F25 2178,22,60,3,1,15,,,,,,,,,,,,,,,Elimino DMD,
2638,45901,0,CIAT-BH22_0071,Urochloa,humidicola,Urochloa humidicola,Poaceae,Poales,grasses,F25 2178,22,60,3,2,16,,,,,,,,,,,,,,,Elimino DMD,
2639,45901,0,CIAT-BH22_0071,Urochloa,humidicola,Urochloa humidicola,Poaceae,Poales,grasses,F25 2178,22,60,3,3,17,,,,,,,,,,,,,,,Elimino DMD,
2640,45901,0,CIAT-BH22_4454,Urochloa,humidicola,Urochloa humidicola,Poaceae,Poales,grasses,F25 2179,22,60,3,1,18,,,,,,,,,,,,,,,Elimino DMD,
2641,45901,0,CIAT-BH22_4454,Urochloa,humidicola,Urochloa humidicola,Poaceae,Poales,grasses,F25 2179,22,60,3,2,19,,,,,,,,,,,,,,,Elimino DMD,
2642,45901,0,CIAT-BH22_4454,Urochloa,humidicola,Urochloa humidicola,Poaceae,Poales,grasses,F25 2179,22,60,3,3,20,,,,,,,,,,,,,,,Elimino 11.87%DMD,
2643,45901,0,CIAT-BH22_1267,Urochloa,humidicola,Urochloa humidicola,Poaceae,Poales,grasses,F25 2180,22,60,3,1,21,,,,,,,,,,,,,,,Elimino DMD,
2644,45901,0,CIAT-BH22_1267,Urochloa,humidicola,Urochloa humidicola,Poaceae,Poales,grasses,F25 2180,22,60,3,2,22,,,,,,,,,,,,,,,Elimino DMD,
2645,45901,0,CIAT-BH22_1267,Urochloa,humidicola,Urochloa humidicola,Poaceae,Poales,grasses,F25 2180,22,60,3,3,23,,,,,,,,,,,,,,,Elimino DMD,
2646,45901,0,CIAT-BH22_1303,Urochloa,humidicola,Urochloa humidicola,Poaceae,Poales,grasses,F25 2181,22,60,3,1,24,,,,,,,,,,,,,,,Elimino 16.51%DMD,
2647,45901,0,CIAT-BH22_1303,Urochloa,humidicola,Urochloa humidicola,Poaceae,Poales,grasses,F25 2181,22,60,3,2,25,,,,,,,,,,,,,,,Elimino 19.95%DMD,
2648,45901,0,CIAT-BH22_1303,Urochloa,humidicola,Urochloa humidicola,Poaceae,Poales,grasses,F25 2181,22,60,3,3,26,,,,,,,,,,,,,,,Elimino 19.45%DMD,
2649,45901,0,CIAT-BH22_2508,Urochloa,humidicola,Urochloa humidicola,Poaceae,Poales,grasses,F25 2182,22,60,3,1,27,,,,,,,,,,,,,,,Elimino 17.39%DMD,
2650,45901,0,CIAT-BH22_2508,Urochloa,humidicola,Urochloa humidicola,Poaceae,Poales,grasses,F25 2182,22,60,3,2,28,13.7,15.8,38.20279164,91.303197,186.4664348,26.78436347,1.436417417,13.7,14.92132472,27.82326222,103.878751,-3440.941009,15.4423919,57.65450399,,
2651,45901,0,CIAT-BH22_2508,Urochloa,humidicola,Urochloa humidicola,Poaceae,Poales,grasses,F25 2182,22,60,3,3,29,13.5,16,39.97280515,89.97568687,183.6451481,25.2362276,1.374184282,13.5,14.88934426,27.34355832,108.3504189,-2175.691539,15.17614794,60.13635707,,
2652,45901,0,CIAT-BH22_2046,Urochloa,humidicola,Urochloa humidicola,Poaceae,Poales,grasses,F25 2183,22,60,3,1,30,12.5,15.3,38.64529502,89.53318349,184.2669716,20.43440383,1.108956404,12.5,14.09143328,25.96585736,127.0693169,-956.2061371,14.41150007,70.52566932,,
2653,45901,0,CIAT-BH22_2046,Urochloa,humidicola,Urochloa humidicola,Poaceae,Poales,grasses,F25 2183,22,60,3,2,31,,,,,,,,,,,,,,,Elimino 18.69%DMD,
2654,45901,0,CIAT-BH22_2046,Urochloa,humidicola,Urochloa humidicola,Poaceae,Poales,grasses,F25 2183,22,60,3,2,31,,,,,,,,,,,,,,,Elimino 18.32%DMD,
2657,45901,LMF,Hohenheimer Heustandard,Hohenheimer,Heustandard,Hohenheimer Heustandard,Concentrate,Concentrate,Concentrate,F25 0017,22,60,3,1,98,,,,,,,,,,,,,,,,
2658,45901,LMF,Hohenheimer Heustandard,Hohenheimer,Heustandard,Hohenheimer Heustandard,Concentrate,Concentrate,Concentrate,F25 0017,22,60,3,2,99,13.6,16.6,22.71517341,45.28284569,201.86499,26.05437236,1.290166997,13.6,15.09511401,30.47175037,117.0012413,#DIV/0!,16.91234865,64.93771316,,
2659,45901,LMF,Hohenheimer Heustandard,Hohenheimer,Heustandard,Hohenheimer Heustandard,Concentrate,Concentrate,Concentrate,F25 0017,22,60,3,3,100,13,16.2,23.60018016,47.0528592,209.5878749,20.50700796,0.977662569,13,14.59498433,30.58931749,149.2844749,#DIV/0!,16.97760043,82.85546635,,
2660,45901,LMF,Sample 8,Cynodon,nlemfuensis,Cynodon nlemfuensis ,Poaceae,Poales,Grasses,F25 0008,22,60,3,1,101,,,,,,,,,,,,,,,Eliminado DMD,
2661,45901,LMF,Sample 8,Cynodon,nlemfuensis,Cynodon nlemfuensis ,Poaceae,Poales,Grasses,F25 0008,22,60,3,2,102,13.8,15.7,21.38766327,53.69040987,114.4255269,41.65477771,3.635976431,13.8,14.94313187,17.09875737,41.09798882,#DIV/0!,9.490106169,22.81009483,,
2662,45901,LMF,Sample 8,Cynodon,nlemfuensis,Cynodon nlemfuensis ,Poaceae,Poales,Grasses,F25 0008,22,60,3,3,103,14.8,16.3,23.60018016,56.78793352,121.1237825,26.69172766,2.205435791,14.8,15.67662338,18.9881192,71.08174918,290.9273371,10.53873467,39.45160059,,
2667,45909,0,CIAT-BH22_2074,Urochloa,humidicola,Urochloa humidicola,Poaceae,Poales,grasses,F25 2174,22,61,4,1,3,12.1,15.3,29.86897802,107.284944,221.4354277,56.28710079,2.459782693,12.1,14.40909466,31.90684038,58.57873014,585.1343197,17.70884843,32.5122087,,
2668,45909,0,CIAT-BH22_2074,Urochloa,humidicola,Urochloa humidicola,Poaceae,Poales,grasses,F25 2174,22,61,4,2,4,12.5,14.8,25.88644762,75.33620011,155.524514,50.09328896,3.221569534,12.5,14.00969163,21.78850482,43.48716202,362.1340477,12.09299714,24.1361273,,
2669,45909,0,CIAT-BH22_2074,Urochloa,humidicola,Urochloa humidicola,Poaceae,Poales,grasses,F25 2174,22,61,4,3,5,12.6,14.8,28.54146788,79.76123389,164.6595809,51.96126914,3.155678452,12.6,14.01276006,23.07335198,44.40490458,386.4699635,12.80610954,24.64549029,,
2670,45909,0,CIAT-BH22_0456,Urochloa,humidicola,Urochloa humidicola,Poaceae,Poales,grasses,F25 2175,22,61,4,1,6,13.1,14.1,27.65646113,81.53124741,168.5417655,51.59881277,3.065635244,13.1,13.76078697,23.19267332,44.88722852,465.4353225,12.87233495,24.91318843,,
2671,45909,0,CIAT-BH22_0456,Urochloa,humidicola,Urochloa humidicola,Poaceae,Poales,grasses,F25 2175,22,61,4,2,7,12.5,13.8,28.09896451,82.41625416,170.2691349,48.5245666,2.848166286,12.5,13.35677852,22.74247124,46.89606289,395.5221124,12.62246501,26.02812625,,
2672,45909,0,CIAT-BH22_0456,Urochloa,humidicola,Urochloa humidicola,Poaceae,Poales,grasses,F25 2175,22,61,4,3,8,12.8,13.9,27.65646113,81.53124741,168.4407415,50.99529916,3.027491966,12.8,13.52686567,22.78475284,44.68010427,439.1163023,12.64593203,24.79823088,,
2673,45909,0,CIAT-BH22_1832,Urochloa,humidicola,Urochloa humidicola,Poaceae,Poales,grasses,F25 2176,22,61,4,1,9,12.7,14.1,28.09896451,80.64624065,165.6817104,46.22681041,2.77451287,12.7,13.6122085,22.55293987,49.06161602,387.4010585,12.51727182,27.23004571,,
2674,45909,0,CIAT-BH22_1832,Urochloa,humidicola,Urochloa humidicola,Poaceae,Poales,grasses,F25 2176,22,61,4,2,10,12.8,14.1,27.65646113,81.53124741,167.4663977,48.02248523,2.867015909,12.8,13.65902307,22.87427389,47.64195073,349.2146218,12.69561776,26.44210691,,
2675,45909,0,CIAT-BH22_1832,Urochloa,humidicola,Urochloa humidicola,Poaceae,Poales,grasses,F25 2176,22,61,4,3,11,12.7,14.1,28.54146788,82.85875754,170.227162,50.56040529,2.970766638,12.7,13.61775701,23.18112128,45.83920135,485.3472561,12.86592337,25.44154982,,
2676,45909,0,CIAT-BH22_1872,Urochloa,humidicola,Urochloa humidicola,Poaceae,Poales,grasses,F25 2177,22,61,4,1,12,12.7,14.6,28.54146788,81.53124741,166.9270615,45.61326059,2.723181509,12.7,13.9348711,23.26107085,51.17129011,381.2667129,12.91029676,28.40095133,,
2677,45909,0,CIAT-BH22_1872,Urochloa,humidicola,Urochloa humidicola,Poaceae,Poales,grasses,F25 2177,22,61,4,2,13,12.5,14.6,28.09896451,79.76123389,163.401118,49.88111031,3.054510249,12.5,13.86019417,22.64771224,45.37615868,444.4667694,12.56987212,25.18455312,,
2678,45909,0,CIAT-BH22_1872,Urochloa,humidicola,Urochloa humidicola,Poaceae,Poales,grasses,F25 2177,22,61,4,3,14,12.6,14.4,27.65646113,77.10621362,157.8672481,46.48837093,2.943010357,12.6,13.7543759,21.71365472,46.73573731,441.6254482,12.05145404,25.93914279,,
2679,45909,0,CIAT-BH22_0071,Urochloa,humidicola,Urochloa humidicola,Poaceae,Poales,grasses,F25 2178,22,61,4,1,15,12.6,14.1,25.00144086,71.79617309,147.8347834,45.50375264,3.095588728,12.6,13.57765794,20.0725012,43.86131081,354.8882347,11.14058544,24.34378635,,
2680,45909,0,CIAT-BH22_0071,Urochloa,humidicola,Urochloa humidicola,Poaceae,Poales,grasses,F25 2178,22,61,4,2,16,12.8,14.3,24.1164341,70.46866295,145.159361,48.48276553,3.341304225,12.8,13.7866562,20.01262205,41.26130179,476.5523644,11.10735148,22.90073636,,
2681,45909,0,CIAT-BH22_0071,Urochloa,humidicola,Urochloa humidicola,Poaceae,Poales,grasses,F25 2178,22,61,4,3,17,12.6,14.1,25.88644762,74.45119336,153.2404375,43.57656845,2.841399815,12.6,13.57845468,20.80768335,47.78790583,489.0579221,11.54862425,26.52311452,,
2682,45909,0,CIAT-BH22_4454,Urochloa,humidicola,Urochloa humidicola,Poaceae,Poales,grasses,F25 2179,22,61,4,1,18,13.1,15.1,30.3114814,77.10621362,157.9877808,46.05408621,2.90186412,13.1,14.31377331,22.6140128,49.32613218,585.5558532,12.55116835,27.37685676,,
2683,45909,0,CIAT-BH22_4454,Urochloa,humidicola,Urochloa humidicola,Poaceae,Poales,grasses,F25 2179,22,61,4,2,19,13.2,15.1,29.86897802,76.66371025,156.9869156,44.41016422,2.827212316,13.2,14.35974026,22.54291332,50.79116337,475.7976621,12.51170691,28.18997441,,
2684,45909,0,CIAT-BH22_4454,Urochloa,humidicola,Urochloa humidicola,Poaceae,Poales,grasses,F25 2179,22,61,4,3,20,13,15.1,31.19648815,81.08874403,165.9818564,47.33129294,2.850454884,13,14.29208731,23.72227185,50.13967206,676.4686461,13.16627129,27.82838546,,
2687,45909,0,CIAT-BH22_1267,Urochloa,humidicola,Urochloa humidicola,Poaceae,Poales,grasses,F25 2180,22,61,4,1,23,12.6,14.3,30.3114814,83.30126092,170.3951826,41.40317397,2.428186365,12.6,13.6814077,23.31245964,56.34414186,890.6394602,12.93881843,31.27197354,,
2688,45909,0,CIAT-BH22_1267,Urochloa,humidicola,Urochloa humidicola,Poaceae,Poales,grasses,F25 2180,22,61,4,2,24,12.2,14.3,27.21395775,77.99122038,159.5333383,38.26592114,2.39861596,12.2,13.56723404,21.64426138,56.56276064,696.3900588,12.01293953,31.39331075,,
2689,45909,0,CIAT-BH22_1267,Urochloa,humidicola,Urochloa humidicola,Poaceae,Poales,grasses,F25 2180,22,61,4,3,25,12.5,14.4,25.00144086,77.10621362,157.6600047,40.0036866,2.536324998,12.5,13.78393113,21.73174647,54.34607609,451.052881,12.06149527,30.16301248,,
2690,45909,0,CIAT-BH22_1303,Urochloa,humidicola,Urochloa humidicola,Poaceae,Poales,grasses,F25 2181,22,61,4,1,26,12.7,14.3,26.77145437,77.548717,160.036311,43.95507518,2.772057613,12.7,13.74764622,22.00122586,49.59365258,319.8945686,12.21106099,27.52533521,,
2691,45909,0,CIAT-BH22_1303,Urochloa,humidicola,Urochloa humidicola,Poaceae,Poales,grasses,F25 2181,22,61,4,2,27,12.8,14.4,25.88644762,78.43372376,161.8303416,51.93607135,3.208649992,12.8,13.8719323,22.44899543,43.23292454,448.2798187,12.45958085,23.99502109,,
2692,45909,0,CIAT-BH22_1303,Urochloa,humidicola,Urochloa humidicola,Poaceae,Poales,grasses,F25 2181,22,61,4,3,28,12.5,14.3,26.77145437,77.99122038,161.0460693,45.30517462,2.815431569,12.5,13.68212766,22.03452879,48.59691072,399.2188817,12.2295447,26.97212623,,
2693,45909,0,CIAT-BH22_2508,Urochloa,humidicola,Urochloa humidicola,Poaceae,Poales,grasses,F25 2182,22,61,4,1,29,13,14.5,28.98397126,77.10621362,157.5037479,49.48627535,3.108071327,13,13.93615495,21.94996636,44.83859437,348.9300924,12.18261109,24.88619563,,
2694,45909,0,CIAT-BH22_2508,Urochloa,humidicola,Urochloa humidicola,Poaceae,Poales,grasses,F25 2182,22,61,4,2,30,13,14.7,30.3114814,80.20373727,163.7000808,51.34150694,3.133808763,13,14.05751724,23.01216708,44.85761036,355.1106663,12.77215086,24.89674983,,
2695,45909,0,CIAT-BH22_2508,Urochloa,humidicola,Urochloa humidicola,Poaceae,Poales,grasses,F25 2182,22,61,4,3,31,12.9,14.7,30.3114814,81.53124741,166.5094052,51.87326114,3.117203655,12.9,14.03080054,23.36260253,45.01085618,433.711722,12.9666486,24.98180392,,
2696,45909,0,CIAT-BH22_2046,Urochloa,humidicola,Urochloa humidicola,Poaceae,Poales,grasses,F25 2183,22,61,4,1,32,12.4,14.1,29.86897802,79.31873051,163.3426589,47.42109494,2.927393743,12.4,13.45983264,21.98564851,45.97889391,506.6070903,12.2024153,25.5190816,,
2697,45909,0,CIAT-BH22_2046,Urochloa,humidicola,Urochloa humidicola,Poaceae,Poales,grasses,F25 2183,22,61,4,2,33,12.4,14.2,28.98397126,78.87622714,162.4314028,44.52191555,2.740967251,12.4,13.53856942,21.99088823,49.39340089,426.1554682,12.20532343,27.41419205,,
2698,45909,0,CIAT-BH22_2046,Urochloa,humidicola,Urochloa humidicola,Poaceae,Poales,grasses,F25 2183,22,61,4,3,34,11.8,14.2,32.08149491,82.41625416,169.7214517,47.32259093,2.788250422,11.8,13.26577181,22.5148605,47.57740448,#DIV/0!,12.49613711,26.40628263,,
2699,45909,LMF,Hohenheimer Heustandard,Hohenheimer,Heustandard,Hohenheimer Heustandard,Concentrate,Concentrate,Concentrate,F25 0017,22,61,4,1,35,14.9,16.5,17.47888343,41.70594338,185.84532,26.11467647,3.040624809,14.9,15.82944297,29.41827894,52.05983627,#DIV/0!,16.32765378,28.89410982,,
2700,45909,LMF,Hohenheimer Heustandard,Hohenheimer,Heustandard,Hohenheimer Heustandard,Concentrate,Concentrate,Concentrate,F25 0017,22,61,4,2,36,14.1,16.5,21.90391721,46.57348054,207.6184709,46.62066833,2.246394983,14.1,15.37125891,31.91357271,68.42634098,#DIV/0!,17.71258499,37.97780309,,
2701,45909,LMF,Hohenheimer Heustandard,Hohenheimer,Heustandard,Hohenheimer Heustandard,Concentrate,Concentrate,Concentrate,F25 0017,22,61,4,3,37,13.9,16.2,21.01891046,46.13097716,205.5636563,56.93239164,2.768467827,13.9,15.15203837,31.14708408,54.73077281,#DIV/0!,17.28717054,30.37652581,,
2702,45909,LMF,Sample 8,Cynodon,nlemfuensis,Cynodon nlemfuensis ,Poaceae,Poales,Grasses,F25 0008,22,61,4,1,38,,,,,,,,,,,,,,,Eliminado DMD,
2703,45909,LMF,Sample 8,Cynodon,nlemfuensis,Cynodon nlemfuensis ,Poaceae,Poales,Grasses,F25 0008,22,61,4,2,39,14.4,15.7,20.1339037,59.84858188,127.6263674,43.65094884,3.420897632,14.4,15.26266174,19.47918074,44.61595575,#DIV/0!,10.81128232,24.76262734,,
2704,45909,LMF,Sample 8,Cynodon,nlemfuensis,Cynodon nlemfuensis ,Poaceae,Poales,Grasses,F25 0008,22,61,4,3,40,14.2,15.7,21.01891046,59.4060785,126.7080608,42.29621851,3.338751624,14.2,15.16927374,19.22069259,45.43396889,#DIV/0!,10.66781693,25.21663879,,
