trial,field,plot,rep,X,Y,lab_delivery_date,sampling_date,material,requisitioner,id,genotype,state,comercial_name,type,biomass_g,dry_biomass_g,dry_matter_pct,height_cm,leaf_number,cover_m2,yield_g_m2,yield_kgDM_ha_cut,yield_ton_ha_cut,yield_ton_ha_year
,E1S,3,,,,3/30/2026 0:00,3/25/2026 0:00,Interespecific U.,in vivo,CIAT-BR-06-0423,BR06_423,Exc,Cayman,hybrid,2126.5,406.9,0.191347284,61,3.5,1.6427,247.7019541,1507.895258,1.507895258,9.04737155
,E1S,2,,,,3/30/2026 0:00,3/25/2026 0:00,Interespecific U.,in vivo,CIAT-BR-06-0423,BR06_423,Exc,Cayman,hybrid,1595,287.4,0.180188088,62,3.5,1.277213,225.0211985,1761.814188,1.761814188,10.57088513
,E1S,1,,,,3/30/2026 0:00,3/25/2026 0:00,Interespecific U.,in vivo,CIAT-BR-06-0423,BR06_423,Exc,Cayman,hybrid,1746.8,302.9,0.173402794,60,4,0.721346,419.9094471,5821.193256,5.821193256,34.92715954
,E1S,3,,,,3/30/2026 0:00,3/3/2026 0:00,Interespecific U.,in vivo,CIAT-Mulato-II,CIAT_36087,Exc,Mulato II,hybrid,1406.7,244.4,0.173739959,52,3.5,1.88158822,129.890269,690.3225031,0.690322503,4.141935018
,E1S,2,,,,3/30/2026 0:00,3/3/2026 0:00,Interespecific U.,in vivo,CIAT-Mulato-II,CIAT_36087,Exc,Mulato II,hybrid,1665.9,306.2,0.18380455,54,4,1.85459567,165.1033726,890.2391789,0.890239179,5.341435073
,E1S,1,,,,3/30/2026 0:00,3/3/2026 0:00,Interespecific U.,in vivo,CIAT-Mulato-II,CIAT_36087,Exc,Mulato II,hybrid,1138.2,212.1,0.186346863,53,3.5,1.37819391,153.8970666,1116.657573,1.116657573,6.699945437
,E1S,3,,,,3/30/2026 0:00,2/17/2026 0:00,Interespecific U.,in vivo,CIAT-BR-02-1752,BR02_1752,Opt,Cayman,hybrid,652,123.4,0.189263804,65,3.5,0.90631582,136.1556284,1502.297824,1.502297824,9.013786942
,E1S,1,,,,3/30/2026 0:00,2/17/2026 0:00,Interespecific U.,in vivo,CIAT-BR-02-1752,BR02_1752,Opt,Cayman,hybrid,811.5,135.1,0.166481824,59,3.5,0.83759394,161.2953408,1925.698517,1.925698517,11.5541911
,E1S,2,,,,3/30/2026 0:00,2/17/2026 0:00,Interespecific U.,in vivo,CIAT-BR-02-1752,BR02_1752,Opt,Cayman,hybrid,799.2,141.1,0.176551552,63,3.5,0.80337072,175.6349796,2186.225801,2.186225801,13.11735481
,E1S,2,,,,3/30/2026 0:00,4/1/2026 0:00,Interespecific U.,in vivo,CIAT-BR-06-0423,BR06_423,Opt,Cayman,hybrid,640.4,174,0.271705184,36.6,2.5,0.61596002,282.4858665,4586.107172,4.586107172,27.51664303
,E1S,1,,,,3/30/2026 0:00,4/1/2026 0:00,Interespecific U.,in vivo,CIAT-BR-06-0423,BR06_423,Opt,Cayman,hybrid,653.2,150.2,0.229944887,35,2.5,0.6040682,248.6474209,4116.214377,4.116214377,24.69728626
,E1S,3,,,,3/30/2026 0:00,4/1/2026 0:00,Interespecific U.,in vivo,CIAT-BR-06-0423,BR06_423,Opt,Cayman,hybrid,547.2,174.7,0.319261696,38,2.5,0.50405973,346.5859096,6875.88968,6.87588968,41.25533808
,E1S,2,,,,3/30/2026 0:00,3/3/2026 0:00,Interespecific U.,in vivo,CIAT-Mulato-II,CIAT_36087,Opt,Mulato II,hybrid,291.2,69.4,0.238324176,39,2.5,1.63395153,42.47372014,259.9447986,0.259944799,1.559668791
,E1S,3,,,,3/30/2026 0:00,3/3/2026 0:00,Interespecific U.,in vivo,CIAT-Mulato-II,CIAT_36087,Opt,Mulato II,hybrid,181.2,48.3,0.266556291,42,2.5,1.42083932,33.99399166,239.2528922,0.239252892,1.435517353
,E1S,1,,,,3/30/2026 0:00,3/3/2026 0:00,Interespecific U.,in vivo,CIAT-Mulato-II,CIAT_36087,Opt,Mulato II,hybrid,492.7,127.5,0.258778161,42,2.5,1.29877556,98.16938656,755.8610554,0.755861055,4.535166333
,E1S,1,,,,3/30/2026 0:00,2/17/2026 0:00,Interespecific U.,in vivo,CIAT-BR-06-0423,BR06_423,Temp,Cayman,hybrid,320.8,60.3,0.187967581,34,1.5,0.39080636,154.296363,3948.153839,3.948153839,23.68892303
,E1S,2,,,,3/30/2026 0:00,2/17/2026 0:00,Interespecific U.,in vivo,CIAT-BR-06-0423,BR06_423,Temp,Cayman,hybrid,304.1,57.2,0.188096021,33,1.5,0.37545065,152.350249,4057.796916,4.057796916,24.34678149
,E1S,3,,,,3/30/2026 0:00,2/17/2026 0:00,Interespecific U.,in vivo,CIAT-BR-06-0423,BR06_423,Temp,Cayman,hybrid,240,48.7,0.202916667,35,1.5,0.373574673,130.3621565,3489.58765,3.48958765,20.9375259
,E1S,1,,,,3/30/2026 0:00,2/17/2026 0:00,Interespecific U.,in vivo,CIAT-Mulato-II,CIAT_36087,Temp,Mulato II,hybrid,408,87.2,0.21372549,18,1.5,0.59530981,146.4783522,2460.539869,2.460539869,14.76323921
,E1S,2,,,,3/30/2026 0:00,2/17/2026 0:00,Interespecific U.,in vivo,CIAT-Mulato-II,CIAT_36087,Temp,Mulato II,hybrid,346.6,75.2,0.216964801,20,1.5,0.52417493,143.4635571,2736.940454,2.736940454,16.42164273
,E1S,3,,,,3/30/2026 0:00,2/17/2026 0:00,Interespecific U.,in vivo,CIAT-Mulato-II,CIAT_36087,Temp,Mulato II,hybrid,247.7,52.3,0.211142511,17,1.5,0.38203025,136.9001538,3583.48989,3.58348989,21.50093934
SOC-BEF_METANO,M2N,219,2,9,11,12/2/2024 0:00,11/26/2024 0:00,Urochloa humidicola,Breeding,CIAT-BH-08-1149,BH08_1149,,,hybrid,129.3,41.97172775,0.32460733,16,,0.98,42.82829362,428.2829362,0.428282936,2.569697617
SOC-BEF_METANO,M2N,369,3,15,5,12/2/2024 0:00,11/26/2024 0:00,Urochloa humidicola,Breeding,CIAT-BH-08-1149,BH08_1149,,,hybrid,148.1,49.23502222,0.332444444,15,,1,49.23502222,492.3502222,0.492350222,2.954101333
SOC-BEF_METANO,M2N,96,1,4,9,12/2/2024 0:00,11/26/2024 0:00,Urochloa humidicola,Breeding,CIAT-BH-08-1149,BH08_1149,,,hybrid,178,60.03185596,0.337257618,16,,1.15,52.20161387,522.0161387,0.522016139,3.132096832
FM2407,M1N,536,3,44,5,8/5/2025 0:00,7/29/2025 0:00,Urochloa humidicola,Breeding,CIAT-BH-16-1763,BH16_1763,,,hybrid,195,61.1,0.313333333,25,,0.25,244.4,2444,2.444,14.664
FM2407,M1N,316,2,22,5,8/5/2025 0:00,7/29/2025 0:00,Urochloa humidicola,Breeding,CIAT-BH-16-1763,BH16_1763,,,hybrid,384.7,121,0.314530803,25,,0.25,484,4840,4.84,29.04
FM2407,M1N,192,1,10,9,8/5/2025 0:00,7/29/2025 0:00,Urochloa humidicola,Breeding,CIAT-BH-16-1763,BH16_1763,,,hybrid,470.2,137.5,0.292428754,32,,0.25,550,5500,5.5,33
SOC-BEF_METANO,M2N,544,3,21,24,12/2/2024 0:00,11/26/2024 0:00,Urochloa humidicola,Breeding,CIAT-BH-16-3249,BH16_3249,,,hybrid,384.1,115.8817659,0.301696865,23,,1.11,104.3979873,1043.979873,1.043979873,6.263879237
SOC-BEF_METANO,M2N,61,1,3,9,12/2/2024 0:00,11/26/2024 0:00,Urochloa humidicola,Breeding,CIAT-BH-16-3249,BH16_3249,,,hybrid,356.6,102.9955805,0.288826642,24.5,,1.19,86.55090794,865.5090794,0.865509079,5.193054477
SOC-BEF_METANO,M2N,340,2,14,25,12/2/2024 0:00,11/26/2024 0:00,Urochloa humidicola,Breeding,CIAT-BH-16-3249,BH16_3249,,,hybrid,308.5,103.8503663,0.336630037,17,,1.2,86.54197192,865.4197192,0.865419719,5.192518315
SOC-BEF_METANO,M2N,402,3,16,15,12/2/2024 0:00,11/26/2024 0:00,Urochloa humidicola,Breeding,CIAT-BH-16-0550,BH16_550,,,hybrid,206.1,65.34293194,0.317044793,19,,1.48,44.15062969,441.5062969,0.441506297,2.649037781
SOC-BEF_METANO,M2N,198,2,8,11,12/2/2024 0:00,11/26/2024 0:00,Urochloa humidicola,Breeding,CIAT-BH-16-0550,BH16_550,,,hybrid,450.6,144.9804131,0.321749696,24,,1.6,90.6127582,906.127582,0.906127582,5.436765492
SOC-BEF_METANO,M2N,114,1,5,10,12/2/2024 0:00,11/26/2024 0:00,Urochloa humidicola,Breeding,CIAT-BH-16-0550,BH16_550,,,hybrid,351.7,114.2747634,0.324921136,19.5,,1.72,66.43881593,664.3881593,0.664388159,3.986328956
SOC-BEF_METANO,M2N,248,2,10,13,12/2/2024 0:00,11/26/2024 0:00,Urochloa humidicola,Breeding,CIAT-BH-16-0562,BH16_562,,,hybrid,353.3,108.0577722,0.305852738,20,,1.35,80.04279421,800.4279421,0.800427942,4.802567653
SOC-BEF_METANO,M2N,510,3,20,11,12/2/2024 0:00,11/26/2024 0:00,Urochloa humidicola,Breeding,CIAT-BH-16-0562,BH16_562,,,hybrid,356.3,113.4642523,0.318451452,15,,1.4,81.04589447,810.4589447,0.810458945,4.862753668
SOC-BEF_METANO,M2N,101,1,4,4,12/2/2024 0:00,11/26/2024 0:00,Urochloa humidicola,Breeding,CIAT-BH-16-0562,BH16_562,,,hybrid,512.3,161.1067044,0.314477268,23,,1.99,80.9581429,809.581429,0.809581429,4.857488574
SOC-BEF_METANO,M2N,543,3,21,23,12/2/2024 0:00,11/26/2024 0:00,Urochloa humidicola,Breeding,CIAT-BH-16-B-1194,BH16B_1194,,,hybrid,330.9,96.57311464,0.291849848,20,,1.11,87.00280598,870.0280598,0.87002806,5.220168359
SOC-BEF_METANO,M2N,27,1,2,26,12/2/2024 0:00,11/26/2024 0:00,Urochloa humidicola,Breeding,CIAT-BH-16-B-1194,BH16B_1194,,,hybrid,517.1,165.264338,0.31959841,25,,1.33,124.2589008,1242.589008,1.242589008,7.455534045
SOC-BEF_METANO,M2N,265,2,11,5,12/2/2024 0:00,11/26/2024 0:00,Urochloa humidicola,Breeding,CIAT-BH-16-B-1194,BH16B_1194,,,hybrid,557.5,177.8868648,0.319079578,26,,1.4,127.0620463,1270.620463,1.270620463,7.623722778
SOC-BEF_METANO,M2N,329,2,13,17,12/2/2024 0:00,11/26/2024 0:00,Urochloa humidicola,Breeding,CIAT-BH-16-B-1618,BH16B_1618,,,hybrid,257.7,77.36817156,0.300225734,15,,1.19,65.01527022,650.1527022,0.650152702,3.900916213
SOC-BEF_METANO,M2N,383,3,15,19,12/2/2024 0:00,11/26/2024 0:00,Urochloa humidicola,Breeding,CIAT-BH-16-B-1618,BH16B_1618,,,hybrid,120.1,38.16261682,0.317757009,14.5,,1.25,30.53009346,305.3009346,0.305300935,1.831805607
SOC-BEF_METANO,M2N,127,1,5,23,12/2/2024 0:00,11/26/2024 0:00,Urochloa humidicola,Breeding,CIAT-BH-16-B-1618,BH16B_1618,,,hybrid,306.1,100.0297147,0.326787699,24,,1.47,68.04742497,680.4742497,0.68047425,4.082845498
SOC-BEF_METANO,M2N,222,2,9,14,12/2/2024 0:00,11/26/2024 0:00,Urochloa humidicola,Breeding,CIAT-BH-16-B-1707,BH16B_1707,,,hybrid,428.3,142.984631,0.333842239,22,,1.2,119.1538592,1191.538592,1.191538592,7.149231552
SOC-BEF_METANO,M2N,405,3,16,12,12/2/2024 0:00,11/26/2024 0:00,Urochloa humidicola,Breeding,CIAT-BH-16-B-1707,BH16B_1707,,,hybrid,275.9,85.83034424,0.311092223,29,,1.5,57.22022949,572.2022949,0.572202295,3.43321377
SOC-BEF_METANO,M2N,90,1,4,15,12/2/2024 0:00,11/26/2024 0:00,Urochloa humidicola,Breeding,CIAT-BH-16-B-1707,BH16B_1707,,,hybrid,639.1,208.4627221,0.326181696,27,,1.53,136.2501452,1362.501452,1.362501452,8.175008709
FM2407,M1N,167,1,7,7,8/5/2025 0:00,5/8/2025 0:00,Urochloa humidicola,Breeding,CIAT-BH-16-B-2165,BH16B_2165,,,hybrid,157.5,41.9,0.266031746,26,,0.25,167.6,1676,1.676,10.056
FM2407,M1N,278,2,18,3,8/5/2025 0:00,5/8/2025 0:00,Urochloa humidicola,Breeding,CIAT-BH-16-B-2165,BH16B_2165,,,hybrid,186.2,54.7,0.29377014,27,,0.25,218.8,2188,2.188,13.128
FM2407,M1N,466,3,37,6,8/5/2025 0:00,5/8/2025 0:00,Urochloa humidicola,Breeding,CIAT-BH-16-B-2167,BH16B_2167,,,hybrid,189.1,47,0.248545743,24.5,,0.25,188,1880,1.88,11.28
FM2407,M1N,361,2,27,1,8/5/2025 0:00,5/8/2025 0:00,Urochloa humidicola,Breeding,CIAT-BH-16-B-2167,BH16B_2167,,,hybrid,206.7,56.9,0.275278181,27,,0.25,227.6,2276,2.276,13.656
FM2407,M1N,237,1,14,4,8/5/2025 0:00,5/8/2025 0:00,Urochloa humidicola,Breeding,CIAT-BH-16-B-2167,BH16B_2167,,,hybrid,220.5,60.8,0.275736961,26,,0.25,243.2,2432,2.432,14.592
SOC-BEF_METANO,M2N,8,1,1,8,12/2/2024 0:00,11/26/2024 0:00,Urochloa humidicola,Breeding,CIAT-BH-16-B-0733,BH16B_733,,,hybrid,203.4,59.2612782,0.291353383,22,,1.25,47.40902256,474.0902256,0.474090226,2.844541353
SOC-BEF_METANO,M2N,333,2,13,21,12/2/2024 0:00,11/26/2024 0:00,Urochloa humidicola,Breeding,CIAT-BH-16-B-0733,BH16B_733,,,hybrid,117.4,38.35261845,0.326683292,19,,1.33,28.83655523,288.3655523,0.288365552,1.730193314
SOC-BEF_METANO,M2N,515,3,20,6,12/2/2024 0:00,11/26/2024 0:00,Urochloa humidicola,Breeding,CIAT-BH-16-B-0733,BH16B_733,,,hybrid,697.2,208.1682203,0.298577482,20,,1.52,136.9527765,1369.527765,1.369527765,8.217166592
SOC-BEF_METANO,M2N,34,1,2,19,12/2/2024 0:00,11/26/2024 0:00,Urochloa humidicola,Breeding,CIAT-BH-16-B-0741,BH16B_741,,,hybrid,88.2,29.04146341,0.329268293,21.5,,1.17,24.8217636,248.217636,0.248217636,1.489305816
SOC-BEF_METANO,M2N,317,2,13,5,12/2/2024 0:00,11/26/2024 0:00,Urochloa humidicola,Breeding,CIAT-BH-16-B-0741,BH16B_741,,,hybrid,193.9,55.06710942,0.28399747,19,,1.18,46.66704189,466.6704189,0.466670419,2.800022513
SOC-BEF_METANO,M2N,479,3,19,11,12/2/2024 0:00,11/26/2024 0:00,Urochloa humidicola,Breeding,CIAT-BH-16-B-0741,BH16B_741,,,hybrid,270.3,89.02234088,0.329346433,20,,1.32,67.44116733,674.4116733,0.674411673,4.04647004
FM2407,M1N,136,1,4,5,8/5/2025 0:00,7/29/2025 0:00,Urochloa humidicola,Breeding,CIAT-BH-22-1258,BH22_1258,,,hybrid,222.6,53.7,0.241239892,13,,0.25,214.8,2148,2.148,12.888
FM2407,M1N,380,2,28,1,8/5/2025 0:00,7/29/2025 0:00,Urochloa humidicola,Breeding,CIAT-BH-22-1258,BH22_1258,,,hybrid,497,125.3,0.252112676,21,,0.25,501.2,5012,5.012,30.072
FM2407,M1N,101,1,1,1,8/5/2025 0:00,7/25/2025 0:00,Urochloa humidicola,Breeding,CIAT-BH-22-1303,BH22_1303,,,hybrid,246.1,70.5,0.286468915,31,,0.25,282,2820,2.82,16.92
FM2407,M1N,428,3,33,8,8/5/2025 0:00,7/25/2025 0:00,Urochloa humidicola,Breeding,CIAT-BH-22-1303,BH22_1303,,,hybrid,267,79.3,0.297003745,24.5,,0.25,317.2,3172,3.172,19.032
FM2407,M1N,320,2,22,1,8/5/2025 0:00,7/25/2025 0:00,Urochloa humidicola,Breeding,CIAT-BH-22-1303,BH22_1303,,,hybrid,364.9,108.5,0.297341737,26,,0.25,434,4340,4.34,26.04
FM2407,M1N,129,1,3,9,8/5/2025 0:00,5/8/2025 0:00,Urochloa humidicola,Breeding,CIAT-BH-22-0132,BH22_132,,,hybrid,247.5,66.6,0.269090909,27.5,,0.25,266.4,2664,2.664,15.984
FM2407,M1N,279,2,18,2,8/5/2025 0:00,5/8/2025 0:00,Urochloa humidicola,Breeding,CIAT-BH-22-0132,BH22_132,,,hybrid,270.5,76.2,0.281700555,27.5,,0.25,304.8,3048,3.048,18.288
FM2407,M1N,470,3,37,10,8/5/2025 0:00,5/8/2025 0:00,Urochloa humidicola,Breeding,CIAT-BH-22-0132,BH22_132,,,hybrid,331.2,85.8,0.259057971,27.5,,0.25,343.2,3432,3.432,20.592
FM2407,M1N,150,1,5,10,8/5/2025 0:00,7/25/2025 0:00,Urochloa humidicola,Breeding,CIAT-BH-22-1370,BH22_1370,,,hybrid,105.4,32.5,0.308349146,15,,0.25,130,1300,1.3,7.8
FM2407,M1N,379,2,28,2,8/5/2025 0:00,7/25/2025 0:00,Urochloa humidicola,Breeding,CIAT-BH-22-1370,BH22_1370,,,hybrid,362.7,108.1,0.298042459,17,,0.25,432.4,4324,4.324,25.944
FM2407,M1N,511,3,42,10,8/5/2025 0:00,7/25/2025 0:00,Urochloa humidicola,Breeding,CIAT-BH-22-1370,BH22_1370,,,hybrid,475,148.2,0.312,24.5,,0.25,592.8,5928,5.928,35.568
FM2407,M1N,147,1,5,7,8/5/2025 0:00,7/25/2025 0:00,Urochloa humidicola,Breeding,CIAT-BH-22-1375,BH22_1375,,,hybrid,370.5,95.2,0.256950067,26,,0.25,380.8,3808,3.808,22.848
FM2407,M1N,502,3,41,2,8/5/2025 0:00,7/25/2025 0:00,Urochloa humidicola,Breeding,CIAT-BH-22-1375,BH22_1375,,,hybrid,420.4,108.6,0.258325404,25.5,,0.25,434.4,4344,4.344,26.064
FM2407,M1N,344,2,25,4,8/5/2025 0:00,7/25/2025 0:00,Urochloa humidicola,Breeding,CIAT-BH-22-1375,BH22_1375,,,hybrid,565.6,153.3,0.271039604,34.5,,0.25,613.2,6132,6.132,36.792
FM2407,M1N,457,3,36,4,8/5/2025 0:00,7/31/2025 0:00,Urochloa humidicola,Breeding,CIAT-BH-22-1594,BH22_1594,,,hybrid,169.5,55.8,0.32920354,27,,0.25,223.2,2232,2.232,13.392
FM2407,M1N,388,2,29,8,8/5/2025 0:00,7/31/2025 0:00,Urochloa humidicola,Breeding,CIAT-BH-22-1594,BH22_1594,,,hybrid,247.5,81.6,0.32969697,23,,0.25,326.4,3264,3.264,19.584
FM2407,M1N,191,1,10,10,8/5/2025 0:00,7/31/2025 0:00,Urochloa humidicola,Breeding,CIAT-BH-22-1594,BH22_1594,,,hybrid,501.5,147.1,0.29332004,32,,0.25,588.4,5884,5.884,35.304
FM2407,M1N,340,2,24,1,8/5/2025 0:00,5/8/2025 0:00,Urochloa humidicola,Breeding,CIAT-BH-22-1706,BH22_1706,,,hybrid,197.9,54.2,0.273875695,27.5,,0.25,216.8,2168,2.168,13.008
FM2407,M1N,188,1,9,8,8/5/2025 0:00,5/8/2025 0:00,Urochloa humidicola,Breeding,CIAT-BH-22-1706,BH22_1706,,,hybrid,201.1,61.6,0.306315266,27,,0.25,246.4,2464,2.464,14.784
FM2407,M1N,438,3,34,3,8/5/2025 0:00,5/8/2025 0:00,Urochloa humidicola,Breeding,CIAT-BH-22-1706,BH22_1706,,,hybrid,264.3,65.9,0.249337874,26.5,,0.25,263.6,2636,2.636,15.816
FM2407,M1N,498,3,40,3,8/5/2025 0:00,7/31/2025 0:00,Urochloa humidicola,Breeding,CIAT-BH-22-1710,BH22_1710,,,hybrid,225.6,71.3,0.316046099,23,,0.25,285.2,2852,2.852,17.112
FM2407,M1N,281,2,19,1,8/5/2025 0:00,7/31/2025 0:00,Urochloa humidicola,Breeding,CIAT-BH-22-1710,BH22_1710,,,hybrid,283.8,90.1,0.317477097,20.5,,0.25,360.4,3604,3.604,21.624
FM2407,M1N,216,1,12,5,8/5/2025 0:00,7/31/2025 0:00,Urochloa humidicola,Breeding,CIAT-BH-22-1710,BH22_1710,,,hybrid,312.5,92.5,0.296,24,,0.25,370,3700,3.7,22.2
FM2407,M1N,262,2,17,2,8/5/2025 0:00,7/31/2025 0:00,Urochloa humidicola,Breeding,CIAT-BH-22-1832,BH22_1832,,,hybrid,300.4,82.3,0.273968043,21,,0.25,329.2,3292,3.292,19.752
FM2407,M1N,472,3,38,9,8/5/2025 0:00,7/31/2025 0:00,Urochloa humidicola,Breeding,CIAT-BH-22-1832,BH22_1832,,,hybrid,300.7,79.9,0.265713336,13,,0.25,319.6,3196,3.196,19.176
FM2407,M1N,227,1,13,7,8/5/2025 0:00,7/31/2025 0:00,Urochloa humidicola,Breeding,CIAT-BH-22-1832,BH22_1832,,,hybrid,315.4,84.2,0.266962587,27.5,,0.25,336.8,3368,3.368,20.208
FM2407,M1N,488,3,39,8,8/5/2025 0:00,7/31/2025 0:00,Urochloa humidicola,Breeding,CIAT-BH-22-2046,BH22_2046,,,hybrid,140.5,41.1,0.29252669,21,,0.25,164.4,1644,1.644,9.864
FM2407,M1N,190,1,9,10,8/5/2025 0:00,7/31/2025 0:00,Urochloa humidicola,Breeding,CIAT-BH-22-2046,BH22_2046,,,hybrid,222.9,64.1,0.287572903,27.5,,0.25,256.4,2564,2.564,15.384
FM2407,M1N,370,2,27,10,8/5/2025 0:00,7/31/2025 0:00,Urochloa humidicola,Breeding,CIAT-BH-22-2046,BH22_2046,,,hybrid,323.5,90.5,0.279752705,26,,0.25,362,3620,3.62,21.72
FM2407,M1N,401,3,31,1,8/5/2025 0:00,7/25/2025 0:00,Urochloa humidicola,Breeding,CIAT-BH-22-2074,BH22_2074,,,hybrid,437.9,111.5,0.254624343,34,,0.25,446,4460,4.46,26.76
FM2407,M1N,106,1,1,6,8/5/2025 0:00,7/25/2025 0:00,Urochloa humidicola,Breeding,CIAT-BH-22-2074,BH22_2074,,,hybrid,442.9,108.5,0.244976293,33,,0.25,434,4340,4.34,26.04
FM2407,M1N,248,2,15,8,8/5/2025 0:00,7/25/2025 0:00,Urochloa humidicola,Breeding,CIAT-BH-22-2074,BH22_2074,,,hybrid,569.8,139.3,0.244471744,31,,0.25,557.2,5572,5.572,33.432
FM2407,M1N,209,1,11,9,8/5/2025 0:00,7/31/2025 0:00,Urochloa humidicola,Breeding,CIAT-BH-22-2189,BH22_2189,,,hybrid,144,48.6,0.3375,26,,0.25,194.4,1944,1.944,11.664
FM2407,M1N,257,2,16,4,8/5/2025 0:00,7/31/2025 0:00,Urochloa humidicola,Breeding,CIAT-BH-22-2189,BH22_2189,,,hybrid,271.3,86.5,0.318835238,25.5,,0.25,346,3460,3.46,20.76
FM2407,M1N,534,3,44,7,8/5/2025 0:00,7/29/2025 0:00,Urochloa humidicola,Breeding,CIAT-BH-22-2225,BH22_2225,,,hybrid,315.7,101.1,0.320240735,45,,0.25,404.4,4044,4.044,24.264
FM2407,M1N,222,1,13,2,8/5/2025 0:00,7/29/2025 0:00,Urochloa humidicola,Breeding,CIAT-BH-22-2225,BH22_2225,,,hybrid,419.2,115,0.274332061,29.5,,0.25,460,4600,4.6,27.6
FM2407,M1N,372,2,28,9,8/5/2025 0:00,7/29/2025 0:00,Urochloa humidicola,Breeding,CIAT-BH-22-2225,BH22_2225,,,hybrid,503.8,147.6,0.292973402,28,,0.25,590.4,5904,5.904,35.424
FM2407,M1N,377,2,28,4,8/5/2025 0:00,7/25/2025 0:00,Urochloa humidicola,Breeding,CIAT-BH-22-2365,BH22_2365,,,hybrid,223.2,67.7,0.303315412,18,,0.25,270.8,2708,2.708,16.248
FM2407,M1N,149,1,5,9,8/5/2025 0:00,7/25/2025 0:00,Urochloa humidicola,Breeding,CIAT-BH-22-2365,BH22_2365,,,hybrid,234,71.1,0.303846154,26,,0.25,284.4,2844,2.844,17.064
FM2407,M1N,531,3,44,10,8/5/2025 0:00,7/25/2025 0:00,Urochloa humidicola,Breeding,CIAT-BH-22-2365,BH22_2365,,,hybrid,256.1,88.4,0.345177665,27.5,,0.25,353.6,3536,3.536,21.216
FM2407,M1N,360,2,26,1,8/5/2025 0:00,7/31/2025 0:00,Urochloa humidicola,Breeding,CIAT-BH-22-2508,BH22_2508,,,hybrid,349.5,95.4,0.272961373,20.5,,0.25,381.6,3816,3.816,22.896
FM2407,M1N,176,1,8,5,8/5/2025 0:00,7/31/2025 0:00,Urochloa humidicola,Breeding,CIAT-BH-22-2508,BH22_2508,,,hybrid,392.4,107.2,0.273190622,28,,0.25,428.8,4288,4.288,25.728
FM2407,M1N,451,3,36,10,8/5/2025 0:00,7/25/2025 0:00,Urochloa humidicola,Breeding,CIAT-BH-22-2531,BH22_2531,,,hybrid,240.1,72.6,0.302374011,20,,0.25,290.4,2904,2.904,17.424
FM2407,M1N,131,1,4,10,8/5/2025 0:00,7/25/2025 0:00,Urochloa humidicola,Breeding,CIAT-BH-22-2531,BH22_2531,,,hybrid,246.4,65.1,0.264204545,20,,0.25,260.4,2604,2.604,15.624
FM2407,M1N,352,2,26,9,8/5/2025 0:00,7/25/2025 0:00,Urochloa humidicola,Breeding,CIAT-BH-22-2531,BH22_2531,,,hybrid,284.8,83.9,0.294592697,25,,0.25,335.6,3356,3.356,20.136
FM2407,M1N,473,3,38,8,8/5/2025 0:00,7/31/2025 0:00,Urochloa humidicola,Breeding,CIAT-BH-22-0303,BH22_303,,,hybrid,111.3,35.3,0.317160827,21,,0.25,141.2,1412,1.412,8.472
FM2407,M1N,224,1,13,4,8/5/2025 0:00,7/31/2025 0:00,Urochloa humidicola,Breeding,CIAT-BH-22-0303,BH22_303,,,hybrid,267.4,89.4,0.334330591,32,,0.25,357.6,3576,3.576,21.456
FM2407,M1N,347,2,25,7,8/5/2025 0:00,7/31/2025 0:00,Urochloa humidicola,Breeding,CIAT-BH-22-0303,BH22_303,,,hybrid,373,125.6,0.336729223,30,,0.25,502.4,5024,5.024,30.144
FM2407,M1N,291,2,20,10,8/5/2025 0:00,5/8/2025 0:00,Urochloa humidicola,Breeding,CIAT-BH-22-3115,BH22_3115,,,hybrid,267.9,60.1,0.224337439,23.5,,0.25,240.4,2404,2.404,14.424
FM2407,M1N,123,1,3,3,8/5/2025 0:00,5/8/2025 0:00,Urochloa humidicola,Breeding,CIAT-BH-22-3115,BH22_3115,,,hybrid,291.9,66.3,0.22713258,27.5,,0.25,265.2,2652,2.652,15.912
FM2407,M1N,497,3,40,4,8/5/2025 0:00,5/8/2025 0:00,Urochloa humidicola,Breeding,CIAT-BH-22-3115,BH22_3115,,,hybrid,377.8,81.3,0.215193224,27,,0.25,325.2,3252,3.252,19.512
FM2407,M1N,483,3,39,3,8/5/2025 0:00,7/31/2025 0:00,Urochloa humidicola,Breeding,CIAT-BH-22-3507,BH22_3507,,,hybrid,122.8,39.5,0.321661238,18,,0.25,158,1580,1.58,9.48
FM2407,M1N,238,1,14,3,8/5/2025 0:00,7/31/2025 0:00,Urochloa humidicola,Breeding,CIAT-BH-22-3507,BH22_3507,,,hybrid,227.5,72,0.316483516,26.5,,0.25,288,2880,2.88,17.28
FM2407,M1N,270,2,17,10,8/5/2025 0:00,7/31/2025 0:00,Urochloa humidicola,Breeding,CIAT-BH-22-3507,BH22_3507,,,hybrid,231.9,77.6,0.334626994,18,,0.25,310.4,3104,3.104,18.624
FM2407,M1N,429,3,33,9,8/5/2025 0:00,5/8/2025 0:00,Urochloa humidicola,Breeding,CIAT-BH-22-3521,BH22_3521,,,hybrid,111.3,30,0.269541779,24.5,,0.25,120,1200,1.2,7.2
FM2407,M1N,133,1,4,8,8/5/2025 0:00,5/8/2025 0:00,Urochloa humidicola,Breeding,CIAT-BH-22-3521,BH22_3521,,,hybrid,126.2,34.9,0.276545166,28.5,,0.25,139.6,1396,1.396,8.376
FM2407,M1N,263,2,17,3,8/5/2025 0:00,5/8/2025 0:00,Urochloa humidicola,Breeding,CIAT-BH-22-3521,BH22_3521,,,hybrid,186.2,54,0.290010741,25.5,,0.25,216,2160,2.16,12.96
FM2407,M1N,462,3,37,2,8/5/2025 0:00,7/31/2025 0:00,Urochloa humidicola,Breeding,CIAT-BH-22-3572,BH22_3572,,,hybrid,288.7,92.5,0.320401801,30,,0.25,370,3700,3.7,22.2
FM2407,M1N,292,2,20,9,8/5/2025 0:00,7/31/2025 0:00,Urochloa humidicola,Breeding,CIAT-BH-22-3572,BH22_3572,,,hybrid,391.9,117.6,0.30007655,27,,0.25,470.4,4704,4.704,28.224
FM2407,M1N,223,1,13,3,8/5/2025 0:00,7/31/2025 0:00,Urochloa humidicola,Breeding,CIAT-BH-22-3572,BH22_3572,,,hybrid,456.7,129,0.282461134,31.5,,0.25,516,5160,5.16,30.96
FM2407,M1N,417,3,32,4,8/5/2025 0:00,5/8/2025 0:00,Urochloa humidicola,Breeding,CIAT-BH-22-3830,BH22_3830,,,hybrid,171.3,40.8,0.238178634,24.5,,0.25,163.2,1632,1.632,9.792
FM2407,M1N,198,1,10,3,8/5/2025 0:00,5/8/2025 0:00,Urochloa humidicola,Breeding,CIAT-BH-22-3830,BH22_3830,,,hybrid,208.8,51.3,0.245689655,27,,0.25,205.2,2052,2.052,12.312
FM2407,M1N,318,2,22,3,8/5/2025 0:00,5/8/2025 0:00,Urochloa humidicola,Breeding,CIAT-BH-22-3830,BH22_3830,,,hybrid,222,60.2,0.271171171,26,,0.25,240.8,2408,2.408,14.448
FM2407,M1N,374,2,28,7,8/5/2025 0:00,7/29/2025 0:00,Urochloa humidicola,Breeding,CIAT-BH-22-4092,BH22_4092,,,hybrid,381.3,99.8,0.261736166,30,,0.25,399.2,3992,3.992,23.952
FM2407,M1N,492,3,40,9,8/5/2025 0:00,7/29/2025 0:00,Urochloa humidicola,Breeding,CIAT-BH-22-4092,BH22_4092,,,hybrid,529.3,149,0.281503873,38,,0.25,596,5960,5.96,35.76
FM2407,M1N,197,1,10,4,8/5/2025 0:00,7/29/2025 0:00,Urochloa humidicola,Breeding,CIAT-BH-22-4092,BH22_4092,,,hybrid,690.2,170.3,0.246740075,43,,0.25,681.2,6812,6.812,40.872
FM2407,M1N,229,1,13,9,8/5/2025 0:00,5/8/2025 0:00,Urochloa humidicola,Breeding,CIAT-BH-22-4169,BH22_4169,,,hybrid,221.2,54.2,0.245027125,29,,0.25,216.8,2168,2.168,13.008
FM2407,M1N,447,3,35,7,8/5/2025 0:00,5/8/2025 0:00,Urochloa humidicola,Breeding,CIAT-BH-22-4169,BH22_4169,,,hybrid,235.5,53.3,0.226326964,26,,0.25,213.2,2132,2.132,12.792
FM2407,M1N,378,2,28,3,8/5/2025 0:00,5/8/2025 0:00,Urochloa humidicola,Breeding,CIAT-BH-22-4169,BH22_4169,,,hybrid,257.9,64.7,0.250872431,27,,0.25,258.8,2588,2.588,15.528
FM2407,M1N,173,1,8,8,8/5/2025 0:00,7/31/2025 0:00,Urochloa humidicola,Breeding,CIAT-BH-22-4253,BH22_4253,,,hybrid,320.1,89.9,0.280849734,26,,0.25,359.6,3596,3.596,21.576
FM2407,M1N,322,2,23,2,8/5/2025 0:00,7/31/2025 0:00,Urochloa humidicola,Breeding,CIAT-BH-22-4253,BH22_4253,,,hybrid,431.6,123.4,0.285912882,26,,0.25,493.6,4936,4.936,29.616
FM2407,M1N,463,3,37,3,8/5/2025 0:00,7/31/2025 0:00,Urochloa humidicola,Breeding,CIAT-BH-22-4253,BH22_4253,,,hybrid,550.5,149.7,0.271934605,34,,0.25,598.8,5988,5.988,35.928
FM2407,M1N,283,2,19,3,8/5/2025 0:00,5/8/2025 0:00,Urochloa humidicola,Breeding,CIAT-BH-22-4454,BH22_4454,,,hybrid,156.4,42.8,0.273657289,24.5,,0.25,171.2,1712,1.712,10.272
FM2407,M1N,125,1,3,5,8/5/2025 0:00,5/8/2025 0:00,Urochloa humidicola,Breeding,CIAT-BH-22-4454,BH22_4454,,,hybrid,163.7,39.2,0.239462431,27,,0.25,156.8,1568,1.568,9.408
FM2407,M1N,402,3,31,2,8/5/2025 0:00,5/8/2025 0:00,Urochloa humidicola,Breeding,CIAT-BH-22-4454,BH22_4454,,,hybrid,261.8,61.7,0.235676089,27.5,,0.25,246.8,2468,2.468,14.808
FM2407,M1N,465,3,37,5,8/5/2025 0:00,7/31/2025 0:00,Urochloa humidicola,Breeding,CIAT-BH-22-0456,BH22_456,,,hybrid,234.4,70.3,0.299914676,22,,0.25,281.2,2812,2.812,16.872
FM2407,M1N,243,1,15,3,8/5/2025 0:00,7/31/2025 0:00,Urochloa humidicola,Breeding,CIAT-BH-22-0456,BH22_456,,,hybrid,366.5,114.3,0.311869031,19.5,,0.25,457.2,4572,4.572,27.432
FM2407,M1N,383,2,29,3,8/5/2025 0:00,7/31/2025 0:00,Urochloa humidicola,Breeding,CIAT-BH-22-0456,BH22_456,,,hybrid,373.1,119.8,0.321093541,24,,0.25,479.2,4792,4.792,28.752
FM2407,M1N,323,2,23,3,8/5/2025 0:00,7/25/2025 0:00,Urochloa humidicola,Breeding,CIAT-BH-22-0468,BH22_468,,,hybrid,298.5,83.4,0.279396985,24,,0.25,333.6,3336,3.336,20.016
FM2407,M1N,120,1,2,1,8/5/2025 0:00,7/25/2025 0:00,Urochloa humidicola,Breeding,CIAT-BH-22-0468,BH22_468,,,hybrid,303.8,79.9,0.263001975,30,,0.25,319.6,3196,3.196,19.176
FM2407,M1N,439,3,34,2,8/5/2025 0:00,7/25/2025 0:00,Urochloa humidicola,Breeding,CIAT-BH-22-0468,BH22_468,,,hybrid,314.7,80,0.254210359,25.5,,0.25,320,3200,3.2,19.2
FM2407,M1N,250,2,15,10,8/5/2025 0:00,7/29/2025 0:00,Urochloa humidicola,Breeding,CIAT-BH-22-4865,BH22_4865,,,hybrid,220,72.2,0.328181818,13,,0.25,288.8,2888,2.888,17.328
FM2407,M1N,187,1,9,7,8/5/2025 0:00,7/29/2025 0:00,Urochloa humidicola,Breeding,CIAT-BH-22-4865,BH22_4865,,,hybrid,299.2,86.5,0.289104278,21,,0.25,346,3460,3.46,20.76
FM2407,M1N,410,3,31,10,8/5/2025 0:00,7/29/2025 0:00,Urochloa humidicola,Breeding,CIAT-BH-22-4865,BH22_4865,,,hybrid,332.4,95.1,0.286101083,13,,0.25,380.4,3804,3.804,22.824
FM2407,M1N,200,1,10,1,8/5/2025 0:00,7/31/2025 0:00,Urochloa humidicola,Breeding,CIAT-BH-22-0517,BH22_517,,,hybrid,359.5,100.3,0.278998609,31,,0.25,401.2,4012,4.012,24.072
FM2407,M1N,382,2,29,2,8/5/2025 0:00,7/31/2025 0:00,Urochloa humidicola,Breeding,CIAT-BH-22-0517,BH22_517,,,hybrid,630.5,163.6,0.259476606,27,,0.25,654.4,6544,6.544,39.264
FM2407,M1N,435,3,34,6,8/5/2025 0:00,7/31/2025 0:00,Urochloa humidicola,Breeding,CIAT-BH-22-0519,BH22_519,,,hybrid,203.3,59.9,0.294638465,22,,0.25,239.6,2396,2.396,14.376
FM2407,M1N,354,2,26,7,8/5/2025 0:00,7/31/2025 0:00,Urochloa humidicola,Breeding,CIAT-BH-22-0519,BH22_519,,,hybrid,308.8,97.1,0.314443005,25.5,,0.25,388.4,3884,3.884,23.304
FM2407,M1N,244,1,15,4,8/5/2025 0:00,7/31/2025 0:00,Urochloa humidicola,Breeding,CIAT-BH-22-0519,BH22_519,,,hybrid,575.3,149,0.258995307,24,,0.25,596,5960,5.96,35.76
FM2407,M1N,128,1,3,8,8/5/2025 0:00,7/25/2025 0:00,Urochloa humidicola,Breeding,CIAT-BH-22-0521,BH22_521,,,hybrid,391.6,93.7,0.23927477,27,,0.25,374.8,3748,3.748,22.488
FM2407,M1N,456,3,36,5,8/5/2025 0:00,7/25/2025 0:00,Urochloa humidicola,Breeding,CIAT-BH-22-0521,BH22_521,,,hybrid,396,103,0.26010101,27,,0.25,412,4120,4.12,24.72
FM2407,M1N,342,2,25,2,8/5/2025 0:00,7/25/2025 0:00,Urochloa humidicola,Breeding,CIAT-BH-22-0521,BH22_521,,,hybrid,712.1,177.9,0.249824463,44,,0.25,711.6,7116,7.116,42.696
FM2407,M1N,422,3,33,2,8/5/2025 0:00,5/8/2025 0:00,Urochloa humidicola,Breeding,CIAT-BH-22-0071,BH22_71,,,hybrid,129.4,30.3,0.234157651,24,,0.25,121.2,1212,1.212,7.272
FM2407,M1N,387,2,29,7,8/5/2025 0:00,5/8/2025 0:00,Urochloa humidicola,Breeding,CIAT-BH-22-0071,BH22_71,,,hybrid,159.7,45.1,0.282404508,24,,0.25,180.4,1804,1.804,10.824
FM2407,M1N,159,1,6,2,8/5/2025 0:00,5/8/2025 0:00,Urochloa humidicola,Breeding,CIAT-BH-22-0071,BH22_71,,,hybrid,187,49.1,0.262566845,25.5,,0.25,196.4,1964,1.964,11.784
FM2407,M1N,525,3,43,5,8/5/2025 0:00,7/31/2025 0:00,Urochloa humidicola,Breeding,CIAT-BH-22-0765,BH22_765,,,hybrid,123,39.3,0.319512195,24,,0.25,157.2,1572,1.572,9.432
FM2407,M1N,355,2,26,6,8/5/2025 0:00,7/31/2025 0:00,Urochloa humidicola,Breeding,CIAT-BH-22-0765,BH22_765,,,hybrid,167.3,53.9,0.322175732,20,,0.25,215.6,2156,2.156,12.936
FM2407,M1N,231,1,14,10,8/5/2025 0:00,7/31/2025 0:00,Urochloa humidicola,Breeding,CIAT-BH-22-0765,BH22_765,,,hybrid,369.9,109.6,0.296296296,22,,0.25,438.4,4384,4.384,26.304
FM2411,I1N,338,2,25,2,2/19/2026 0:00,2/11/2026 0:00,Interspecific U.,Breeding,CIAT-BR-02-1718,BR02_1718,,,hybrid,1114.8,192.44,0.172622892,35,4,0.76185102,252.5953171,2525.953171,2.525953171,15.15571903
FM2411,I1N,774,3,56,4,2/19/2026 0:00,2/11/2026 0:00,Interspecific U.,Breeding,CIAT-BR-02-1718,BR02_1718,,,hybrid,1388.2,241.63,0.174059934,37,3,0.95324657,253.4811114,2534.811114,2.534811114,15.20886668
SOC-BEF_METANO,M2N,364,2,14,1,11/28/2024 0:00,11/20/2024 0:00,Interspecific U.,Breeding,CIAT-BR-02-1752,BR02_1752,,Cayman,hybrid,294.2,71.40007692,0.242692308,39,,0.22,324.5458042,3245.458042,3.245458042,19.47274825
SOC-BEF_METANO,M2N,412,3,16,5,11/28/2024 0:00,11/20/2024 0:00,Interspecific U.,Breeding,CIAT-BR-02-1752,BR02_1752,,Cayman,hybrid,249.8,50.18709091,0.200909091,31,,0.35,143.3916883,1433.916883,1.433916883,8.603501299
SOC-BEF_METANO,M2N,71,1,3,19,11/28/2024 0:00,11/20/2024 0:00,Interspecific U.,Breeding,CIAT-BR-02-1752,BR02_1752,,Cayman,hybrid,396.1,78.3051691,0.197690404,32,,0.41,190.9882173,1909.882173,1.909882173,11.45929304
,LLANOS,1430,,,,,3/12/2026 0:00,Interespecific U.,Breeding,CIAT-BR-02-1752,BR02_1752,,Cayman,hybrid,375.8,99.7,0.265300692,,,0.9584472,,,,0
,QUILICHAO,65,,,,,3/26/2026 0:00,Interespecific U.,Breeding,CIAT-BR-02-1752,BR02_1752,,Cayman,hybrid,424,58.6,0.138207547,35,2,0.7258227,,,,0
,QUILICHAO,1430,,,,,3/26/2026 0:00,Interespecific U.,Breeding,CIAT-BR-02-1752,BR02_1752,,Cayman,hybrid,110.3,29.6,0.268359021,32,2.5,0.3080507,,,,0
SOC-BEF_METANO,M2N,18,1,1,18,11/28/2024 0:00,11/20/2024 0:00,Interspecific U.,Breeding,CIAT-BR-02-1794,BR02_1794,,Cobra,hybrid,230.9,57.04588235,0.247058824,41,,0.34,167.7820069,1677.820069,1.677820069,10.06692042
SOC-BEF_METANO,M2N,315,2,13,3,11/28/2024 0:00,11/20/2024 0:00,Interspecific U.,Breeding,CIAT-BR-02-1794,BR02_1794,,Cobra,hybrid,397,89.95041096,0.226575342,35,,0.39,230.6420794,2306.420794,2.306420794,13.83852476
SOC-BEF_METANO,M2N,452,3,18,17,11/28/2024 0:00,11/20/2024 0:00,Interspecific U.,Breeding,CIAT-BR-02-1794,BR02_1794,,Cobra,hybrid,143.7,32.92036364,0.229090909,35,,0.62,53.0973607,530.973607,0.530973607,3.185841642
,LLANOS,1781,,,,,3/12/2026 0:00,Interespecific U.,Breeding,CIAT-BR-02-1794,BR02_1794,,Cobra,hybrid,291.9,95.6,0.327509421,,,0.8138667,,,,0
,QUILICHAO,1249,,,,,3/26/2026 0:00,Interespecific U.,Breeding,CIAT-BR-02-1794,BR02_1794,,Cobra,hybrid,339.6,73.7,0.217020024,32,2.5,0.7040625,,,,0
,QUILICHAO,693,,,,,3/26/2026 0:00,Interespecific U.,Breeding,CIAT-BR-02-1794,BR02_1794,,Cobra,hybrid,195.8,23.8,0.121552605,37,2,0.4708685,,,,0
FM2411,I1N,265,1,2,19,3/25/2025 0:00,2/24/2025 0:00,Interspecific U.,Breeding,CIAT-BR-02-0465,BR02_465,,,hybrid,727,212.1,0.291746905,23,,1.203590426,176.2227378,1762.227378,1.762227378,10.57336427
FM2411,I1N,236,1,17,12,5/8/2026 0:00,3/18/2026 0:00,Interspecific U.,Breeding,CIAT-BR-04-2515,BR04_2515,,,hybrid,621.4,151.1923111,0.243309159,,,0.61805084,244.6276283,2446.276283,2.446276283,14.6776577
FM2411,I1N,570,2,41,10,5/8/2026 0:00,3/18/2026 0:00,Interspecific U.,Breeding,CIAT-BR-04-2515,BR04_2515,,,hybrid,762.6,160.4088142,0.210344629,,,0.6882329,233.0734468,2330.734468,2.330734468,13.98440681
FM2411,I1N,599,3,43,11,5/8/2026 0:00,3/18/2026 0:00,Interspecific U.,Breeding,CIAT-BR-04-2515,BR04_2515,,,hybrid,550.1,118.3056208,0.215062027,,,0.50948554,232.2060422,2322.060422,2.322060422,13.93236253
FM2411,I1N,129,1,3,10,3/25/2025 0:00,2/24/2025 0:00,Interspecific U.,Breeding,CIAT-BR-04-3025,BR04_3025,,Camello,hybrid,1882.77,406.67,0.215995581,35,,1.765292553,230.3697476,2303.697476,2.303697476,13.82218486
,LLANOS,1191,,,,,3/12/2026 0:00,Interespecific U.,Breeding,CIAT-BR-04-3025,BR04_3025,,Camello,hybrid,617.2,113.8,0.184381076,,,0.8861583,,,,0
,QUILICHAO,419,,,,,3/26/2026 0:00,Interespecific U.,Breeding,CIAT-BR-04-3025,BR04_3025,,Camello,hybrid,313.4,66.7,0.212827058,20,2,0.8716508,,,,0
,QUILICHAO,1031,,,,,3/26/2026 0:00,Interespecific U.,Breeding,CIAT-BR-04-3025,BR04_3025,,Camello,hybrid,211.4,53.3,0.252128666,22,2,0.526793,,,,0
FM2411,I1N,603,3,1,44,3/25/2025 0:00,2/24/2025 0:00,Interspecific U.,Breeding,CIAT-BR-05-1435,BR05_1435,,,hybrid,1117.7,216.3,0.193522412,39,,0.978191489,221.1223491,2211.223491,2.211223491,13.26734095
FM2411,I1N,83,1,6,13,2/19/2026 0:00,2/11/2026 0:00,Interspecific U.,Breeding,CIAT-BR-05-1467,BR05_1467,,,hybrid,1190.3,237.31,0.199369907,52,3,0.81890949,289.787825,2897.87825,2.89787825,17.3872695
FM2411,I1N,337,2,25,1,2/19/2026 0:00,2/11/2026 0:00,Interspecific U.,Breeding,CIAT-BR-05-1467,BR05_1467,,,hybrid,1352.8,288.98,0.213616203,45,2.5,0.64536735,447.7759837,4477.759837,4.477759837,26.86655902
FM2411,I1N,803,3,58,5,2/19/2026 0:00,2/11/2026 0:00,Interspecific U.,Breeding,CIAT-BR-05-1467,BR05_1467,,,hybrid,917.9,186.94,0.203660529,44,3,0.6860523,272.4865145,2724.865145,2.724865145,16.34919087
FM2411,I1N,244,1,18,6,5/8/2026 0:00,3/18/2026 0:00,Interspecific U.,Breeding,CIAT-BR-05-0931,BR05_931,,,hybrid,784.2,183.0481913,0.23342029,,,0.95670845,191.3312162,1913.312162,1.913312162,11.47987297
FM2411,I1N,552,2,40,6,5/8/2026 0:00,3/18/2026 0:00,Interspecific U.,Breeding,CIAT-BR-05-0931,BR05_931,,,hybrid,746.3,141.1539502,0.18913835,,,0.64620973,218.4336504,2184.336504,2.184336504,13.10601902
FM2411,I1N,817,3,59,5,5/8/2026 0:00,3/18/2026 0:00,Interspecific U.,Breeding,CIAT-BR-05-0931,BR05_931,,,hybrid,1196,255.9247485,0.213983903,,,0.79719753,321.0305337,3210.305337,3.210305337,19.26183202
FM2411,I1N,290,1,5,21,5/20/2025 0:00,4/7/2025 0:00,Interspecific U.,Breeding,CIAT-BR-06-1348,BR06_1348,,,hybrid,2357.3,520.1,0.220633776,28,4.5,1.44886613,358.9703625,3589.703625,3.589703625,21.53822175
FM2411,I1N,508,2,11,37,5/20/2025 0:00,4/9/2025 0:00,Interspecific U.,Breeding,CIAT-BR-06-1348,BR06_1348,,,hybrid,1535.2,382.3,0.249022929,22.5,4,1.512948061,252.6854753,2526.854753,2.526854753,15.16112852
SOC-BEF_METANO,M2N,373,3,15,9,11/28/2024 0:00,11/20/2024 0:00,Interspecific U.,Breeding,CIAT-BR-06-0423,BR06_423,,Cayman,hybrid,737.1,151.9157872,0.206099291,32,,0.49,310.0322188,3100.322188,3.100322188,18.60193313
SOC-BEF_METANO,M2N,339,2,14,26,11/28/2024 0:00,11/20/2024 0:00,Interspecific U.,Breeding,CIAT-BR-06-0423,BR06_423,,Cayman,hybrid,255.1,61.56413333,0.241333333,31,,0.52,118.3925641,1183.925641,1.183925641,7.103553846
SOC-BEF_METANO,M2N,10,1,1,10,11/28/2024 0:00,11/20/2024 0:00,Interspecific U.,Breeding,CIAT-BR-06-0423,BR06_423,,Cayman,hybrid,614.8,138.2301071,0.22483752,42,,0.53,260.8115229,2608.115229,2.608115229,15.64869138
SOC-BEF_METANO,M2N,541,3,21,21,11/28/2024 0:00,11/20/2024 0:00,Interspecific U.,Breeding,CIAT-BR-09-1232,BR09_1232,,,hybrid,378.8,90.6924058,0.23942029,33,,0.52,174.4084727,1744.084727,1.744084727,10.46450836
SOC-BEF_METANO,M2N,13,1,1,13,11/28/2024 0:00,11/20/2024 0:00,Interspecific U.,Breeding,CIAT-BR-09-1232,BR09_1232,,,hybrid,671.6,151.3209095,0.22531404,44,,0.54,280.2239065,2802.239065,2.802239065,16.81343439
SOC-BEF_METANO,M2N,195,2,8,14,11/28/2024 0:00,11/20/2024 0:00,Interspecific U.,Breeding,CIAT-BR-09-1232,BR09_1232,,,hybrid,580.4,92.88518248,0.160036496,35,,0.56,165.8663973,1658.663973,1.658663973,9.951983837
FM2411,I1N,212,1,16,2,2/19/2026 0:00,2/11/2026 0:00,Interspecific U.,Breeding,CIAT-BR-09-2267,BR09_2267,,,hybrid,1030.9,192.5,0.186730042,46,3,0.73605915,261.5278949,2615.278949,2.615278949,15.69167369
FM2411,I1N,539,2,39,7,2/19/2026 0:00,2/11/2026 0:00,Interspecific U.,Breeding,CIAT-BR-09-2267,BR09_2267,,,hybrid,1149.6,255.74,0.222459986,50,3.5,0.77838508,328.5520324,3285.520324,3.285520324,19.71312194
FM2411,I1N,765,3,55,9,2/19/2026 0:00,2/11/2026 0:00,Interspecific U.,Breeding,CIAT-BR-09-2267,BR09_2267,,,hybrid,581.1,133.62,0.229943211,37,2.5,0.64816437,206.1514119,2061.514119,2.061514119,12.36908471
FM2411,I1N,2,1,1,2,2/19/2026 0:00,2/11/2026 0:00,Interspecific U.,Breeding,CIAT-BR-09-2656,BR09_2656,,,hybrid,501.4,93.3,0.186078979,32,2.5,0.80686248,115.6330878,1156.330878,1.156330878,6.937985269
FM2411,I1N,514,2,37,10,2/19/2026 0:00,2/11/2026 0:00,Interspecific U.,Breeding,CIAT-BR-09-2656,BR09_2656,,,hybrid,798.6,181.51,0.227285249,33,3.5,0.75960248,238.9539329,2389.539329,2.389539329,14.33723597
FM2411,I1N,291,1,21,11,2/19/2026 0:00,2/11/2026 0:00,Interspecific U.,Breeding,CIAT-BR-09-2715,BR09_2715,,,hybrid,1477.2,298.56,0.202112104,50,3.5,0.7872265,379.2555256,3792.555256,3.792555256,22.75533153
FM2411,I1N,387,2,28,9,2/19/2026 0:00,2/11/2026 0:00,Interspecific U.,Breeding,CIAT-BR-09-2715,BR09_2715,,,hybrid,560.1,141.79,0.253151223,43,3,0.78201596,181.3134351,1813.134351,1.813134351,10.87880611
FM2411,I1N,167,1,12,13,2/19/2026 0:00,2/11/2026 0:00,Interspecific U.,Breeding,CIAT-BR-09-0305,BR09_305,,,hybrid,1015.2,200.99,0.197980693,48,2.5,0.75735115,265.385482,2653.85482,2.65385482,15.92312892
FM2411,I1N,336,2,24,14,2/19/2026 0:00,2/11/2026 0:00,Interspecific U.,Breeding,CIAT-BR-09-0305,BR09_305,,,hybrid,541,122.57,0.226561922,42,2.5,0.58674259,208.8991017,2088.991017,2.088991017,12.5339461
FM2411,I1N,226,1,17,2,2/19/2026 0:00,2/11/2026 0:00,Interspecific U.,Breeding,CIAT-BR-09-3167,BR09_3167,,,hybrid,846.7,188.19,0.222262903,48,2.5,0.6487697,290.0721165,2900.721165,2.900721165,17.40432699
FM2411,I1N,367,2,27,3,2/19/2026 0:00,2/11/2026 0:00,Interspecific U.,Breeding,CIAT-BR-09-3167,BR09_3167,,,hybrid,845.6,206.44,0.244134342,49,3,0.74339059,277.7005827,2777.005827,2.777005827,16.66203496
FM2411,I1N,864,3,62,10,2/19/2026 0:00,2/11/2026 0:00,Interspecific U.,Breeding,CIAT-BR-09-3167,BR09_3167,,,hybrid,673.1,158.84,0.235982766,46,2.5,0.57434442,276.5587938,2765.587938,2.765587938,16.59352763
FM2411,I1N,284,1,21,4,2/19/2026 0:00,2/11/2026 0:00,Interspecific U.,Breeding,CIAT-BR-09-3341,BR09_3341,,,hybrid,878,171.84,0.19571754,43,3,0.56713505,302.9966143,3029.966143,3.029966143,18.17979686
FM2411,I1N,299,2,22,5,2/19/2026 0:00,2/11/2026 0:00,Interspecific U.,Breeding,CIAT-BR-09-3341,BR09_3341,,,hybrid,800.3,182.23,0.227702112,44,3,0.53301122,341.8877374,3418.877374,3.418877374,20.51326424
FM2411,I1N,738,3,53,10,2/19/2026 0:00,2/11/2026 0:00,Interspecific U.,Breeding,CIAT-BR-09-3341,BR09_3341,,,hybrid,865.6,177.57,0.205140943,44,3,0.7627657,232.7975681,2327.975681,2.327975681,13.96785409
FM2411,I1N,229,1,17,5,2/19/2026 0:00,2/11/2026 0:00,Interspecific U.,Breeding,CIAT-BR-09-0343,BR09_343,,,hybrid,1124.4,217.87,0.193765564,49,3.5,0.71763162,303.5958756,3035.958756,3.035958756,18.21575253
FM2411,I1N,303,2,22,9,2/19/2026 0:00,2/11/2026 0:00,Interspecific U.,Breeding,CIAT-BR-09-0343,BR09_343,,,hybrid,930.7,213.27,0.229150102,54,3.5,0.71511051,298.2336255,2982.336255,2.982336255,17.89401753
FM2411,I1N,865,3,62,11,2/19/2026 0:00,2/11/2026 0:00,Interspecific U.,Breeding,CIAT-BR-09-0343,BR09_343,,,hybrid,432.5,92.19,0.213156069,43,2.5,0.53128329,173.5232441,1735.232441,1.735232441,10.41139464
FM2411,I1N,241,1,3,18,3/25/2025 0:00,2/24/2025 0:00,Interspecific U.,Breeding,CIAT-BR-09-3660,BR09_3660,,,hybrid,1427.4,318.9,0.223413199,51,,1.271808511,250.7452949,2507.452949,2.507452949,15.04471769
FM2411,I1N,432,2,3,31,3/25/2025 0:00,2/24/2025 0:00,Interspecific U.,Breeding,CIAT-BR-09-3660,BR09_3660,,,hybrid,320.5,90.2,0.281435257,31,,0.597207447,151.0362948,1510.362948,1.510362948,9.062177689
FM2411,I1N,20,1,2,6,2/19/2026 0:00,2/11/2026 0:00,Interspecific U.,Breeding,CIAT-BR-09-4014,BR09_4014,,,hybrid,688.6,137.91,0.200275922,47,2.5,0.75068301,183.7126965,1837.126965,1.837126965,11.02276179
FM2411,I1N,575,2,42,1,2/19/2026 0:00,2/11/2026 0:00,Interspecific U.,Breeding,CIAT-BR-09-4014,BR09_4014,,,hybrid,821.3,154.1,0.187629368,39,3,0.65647014,234.7403036,2347.403036,2.347403036,14.08441822
FM2411,I1N,10,1,1,10,2/19/2026 0:00,2/11/2026 0:00,Interspecific U.,Breeding,CIAT-BR-09-4151,BR09_4151,,,hybrid,521.8,113.73,0.217957072,36,2.5,0.59154457,192.2593931,1922.593931,1.922593931,11.53556358
FM2411,I1N,307,2,22,13,2/19/2026 0:00,2/11/2026 0:00,Interspecific U.,Breeding,CIAT-BR-09-4151,BR09_4151,,,hybrid,721.5,176.71,0.244920305,54,3.5,0.63500869,278.2796563,2782.796563,2.782796563,16.69677938
FM2411,I1N,681,3,49,9,2/19/2026 0:00,2/11/2026 0:00,Interspecific U.,Breeding,CIAT-BR-09-4151,BR09_4151,,,hybrid,637.3,138.04,0.216601287,44,2.5,0.73501626,187.8053691,1878.053691,1.878053691,11.26832215
FM2411,I1N,160,1,6,12,5/20/2025 0:00,4/7/2025 0:00,Interspecific U.,Breeding,CIAT-BR-09-4467,BR09_4467,,,hybrid,1364.8,278.6,0.204132474,46,4.5,1.2,232.1666667,2321.666667,2.321666667,13.93
FM2411,I1N,373,2,6,27,5/20/2025 0:00,4/9/2025 0:00,Interspecific U.,Breeding,CIAT-BR-09-4467,BR09_4467,,,hybrid,1737.1,370.6,0.213344079,51,4.5,1.525676664,242.9086114,2429.086114,2.429086114,14.57451669
FM2411,I1N,686,3,1,49,5/20/2025 0:00,4/8/2025 0:00,Interspecific U.,Breeding,CIAT-BR-09-4467,BR09_4467,,,hybrid,1302.7,283.5,0.217624933,45,4.5,1.696415508,167.1170763,1671.170763,1.671170763,10.02702458
FM2411,I1N,185,1,3,14,5/20/2025 0:00,4/7/2025 0:00,Interspecific U.,Breeding,CIAT-BR-09-4777,BR09_4777,,,hybrid,1437.7,293.7,0.204284621,33.5,4,2.216093636,132.5305011,1325.305011,1.325305011,7.951830065
FM2411,I1N,366,2,13,27,5/20/2025 0:00,4/9/2025 0:00,Interspecific U.,Breeding,CIAT-BR-09-4777,BR09_4777,,,hybrid,1548.2,342.4,0.221160057,22,3,1.556400878,219.9947359,2199.947359,2.199947359,13.19968415
FM2411,I1N,699,3,13,50,5/20/2025 0:00,4/8/2025 0:00,Interspecific U.,Breeding,CIAT-BR-09-4777,BR09_4777,,,hybrid,1901.6,431.8,0.227071939,36,4.5,1.708705194,252.705968,2527.05968,2.52705968,15.16235808
FM2411,I1N,233,1,17,9,5/8/2026 0:00,3/18/2026 0:00,Interspecific U.,Breeding,CIAT-BR-09-5252,BR09_5252,,,hybrid,468.2,116.467118,0.248755058,,,0.73600399,158.2425089,1582.425089,1.582425089,9.494550536
FM2411,I1N,412,2,30,6,5/8/2026 0:00,3/18/2026 0:00,Interspecific U.,Breeding,CIAT-BR-09-5252,BR09_5252,,,hybrid,462.4,109.9919482,0.23787186,,,0.55930131,196.6595577,1966.595577,1.966595577,11.79957346
FM2411,I1N,775,3,56,5,5/8/2026 0:00,3/18/2026 0:00,Interspecific U.,Breeding,CIAT-BR-09-5252,BR09_5252,,,hybrid,922.4,222.0718755,0.240754418,,,0.63286973,350.8966616,3508.966616,3.508966616,21.0537997
FM2411,I1N,53,1,4,11,2/19/2026 0:00,2/11/2026 0:00,Interspecific U.,Breeding,CIAT-BR-09-0834,BR09_834,,,hybrid,990.7,207.28,0.2092258,47,3,0.85823161,241.5198853,2415.198853,2.415198853,14.49119312
FM2411,I1N,368,2,27,4,2/19/2026 0:00,2/11/2026 0:00,Interspecific U.,Breeding,CIAT-BR-09-0834,BR09_834,,,hybrid,713.9,167.38,0.234458608,42,2.5,0.71340934,234.6198607,2346.198607,2.346198607,14.07719164
FM2411,I1N,824,3,59,12,2/19/2026 0:00,2/11/2026 0:00,Interspecific U.,Breeding,CIAT-BR-09-0834,BR09_834,,,hybrid,1039.4,216.51,0.208302867,44,3,0.85751256,252.4860977,2524.860977,2.524860977,15.14916586
FM2411,I1N,219,1,16,9,5/8/2026 0:00,3/18/2026 0:00,Interspecific U.,Breeding,CIAT-BR-12-1176,BR12_1176,,,hybrid,434.5,134.3211953,0.30913969,,,0.5828686,230.4485013,2304.485013,2.304485013,13.82691008
FM2411,I1N,568,2,41,8,5/8/2026 0:00,3/18/2026 0:00,Interspecific U.,Breeding,CIAT-BR-12-1176,BR12_1176,,,hybrid,1591.5,344.2998779,0.216336712,,,0.86405407,398.4702924,3984.702924,3.984702924,23.90821754
FM2411,I1N,762,3,55,6,5/8/2026 0:00,3/18/2026 0:00,Interspecific U.,Breeding,CIAT-BR-12-1176,BR12_1176,,,hybrid,1341.4,305.5065186,0.227751989,,,0.7820493,390.6486696,3906.486696,3.906486696,23.43892017
FM2411,I1N,196,1,14,14,5/8/2026 0:00,3/18/2026 0:00,Interspecific U.,Breeding,CIAT-BR-12-1280,BR12_1280,,,hybrid,523.1,129.4240644,0.247417443,,,0.5751973,225.0081222,2250.081222,2.250081222,13.50048733
FM2411,I1N,317,2,23,9,5/8/2026 0:00,3/18/2026 0:00,Interspecific U.,Breeding,CIAT-BR-12-1280,BR12_1280,,,hybrid,421.4,96.94807087,0.230061867,,,0.39994888,242.401156,2424.01156,2.42401156,14.54406936
FM2411,I1N,29,1,3,1,5/8/2026 0:00,3/18/2026 0:00,Interspecific U.,Breeding,CIAT-BR-12-1282,BR12_1282,,,hybrid,376.2,85.87204486,0.228261682,,,0.46797731,183.4961718,1834.961718,1.834961718,11.00977031
FM2411,I1N,306,2,22,12,5/8/2026 0:00,3/18/2026 0:00,Interspecific U.,Breeding,CIAT-BR-12-1282,BR12_1282,,,hybrid,595.6,77.32,0.12981867,,,0.55980638,138.1191833,1381.191833,1.381191833,8.287150997
FM2411,I1N,662,3,48,4,5/8/2026 0:00,3/18/2026 0:00,Interspecific U.,Breeding,CIAT-BR-12-1282,BR12_1282,,,hybrid,1496.2,291.294929,0.194689834,,,0.85893352,339.1355934,3391.355934,3.391355934,20.3481356
FM2411,I1N,294,1,21,14,5/8/2026 0:00,3/18/2026 0:00,Interspecific U.,Breeding,CIAT-BR-12-1325,BR12_1325,,,hybrid,682.8,164.1740086,0.240442309,,,0.81337628,201.8426313,2018.426313,2.018426313,12.11055788
FM2411,I1N,553,2,40,7,5/8/2026 0:00,3/18/2026 0:00,Interspecific U.,Breeding,CIAT-BR-12-1325,BR12_1325,,,hybrid,1633.7,309.2680283,0.189305275,,,0.90315307,342.4314643,3424.314643,3.424314643,20.54588786
FM2411,I1N,645,3,47,1,5/8/2026 0:00,3/18/2026 0:00,Interspecific U.,Breeding,CIAT-BR-12-1325,BR12_1325,,,hybrid,1122,218.1339028,0.194415243,,,0.79245416,275.2637487,2752.637487,2.752637487,16.51582492
FM2411,I1N,183,1,1,14,3/25/2025 0:00,2/19/2025 0:00,Interspecific U.,Breeding,CIAT-BR-12-1362,BR12_1362,,,hybrid,990.6,181.4,0.183121341,44,,1.284574468,141.2140787,1412.140787,1.412140787,8.47284472
FM2411,I1N,413,2,7,30,3/25/2025 0:00,2/19/2025 0:00,Interspecific U.,Breeding,CIAT-BR-12-1362,BR12_1362,,,hybrid,627.4,124.7,0.198756774,40,,1.326462766,94.00942356,940.0942356,0.940094236,5.640565414
FM2411,I1N,679,3,8,49,3/25/2025 0:00,2/19/2025 0:00,Interspecific U.,Breeding,CIAT-BR-12-1362,BR12_1362,,,hybrid,1137.1,201.6,0.177293114,41,,0.917154255,219.8103523,2198.103523,2.198103523,13.18862114
FM2411,I1N,112,1,8,14,5/8/2026 0:00,3/18/2026 0:00,Interspecific U.,Breeding,CIAT-BR-12-1399,BR12_1399,,,hybrid,522.5,116.1637654,0.222322996,,,0.56648157,205.0618617,2050.618617,2.050618617,12.3037117
FM2411,I1N,498,2,36,8,5/8/2026 0:00,3/18/2026 0:00,Interspecific U.,Breeding,CIAT-BR-12-1399,BR12_1399,,,hybrid,364.5,77.85,0.213580247,,,0.37779151,206.0660389,2060.660389,2.060660389,12.36396233
FM2411,I1N,840,3,60,14,5/8/2026 0:00,3/18/2026 0:00,Interspecific U.,Breeding,CIAT-BR-12-1399,BR12_1399,,,hybrid,1072.9,222.0678014,0.20697903,,,0.69341584,320.2519882,3202.519882,3.202519882,19.21511929
FM2411,I1N,81,1,6,11,5/8/2026 0:00,3/18/2026 0:00,Interspecific U.,Breeding,CIAT-BR-12-1418,BR12_1418,,,hybrid,867.3,188.9533149,0.217863847,,,0.78044291,242.1103613,2421.103613,2.421103613,14.52662168
FM2411,I1N,328,2,24,6,5/8/2026 0:00,3/18/2026 0:00,Interspecific U.,Breeding,CIAT-BR-12-1418,BR12_1418,,,hybrid,862.3,199.2800482,0.23110292,,,0.6972718,285.7996669,2857.996669,2.857996669,17.14798002
FM2411,I1N,675,3,49,3,5/8/2026 0:00,3/18/2026 0:00,Interspecific U.,Breeding,CIAT-BR-12-1418,BR12_1418,,,hybrid,679.8,168.4657205,0.247816594,,,0.55444762,303.8442487,3038.442487,3.038442487,18.23065492
FM2411,I1N,17,1,2,3,5/8/2026 0:00,3/18/2026 0:00,Interspecific U.,Breeding,CIAT-BR-12-1509,BR12_1509,,,hybrid,445.6,93.30085132,0.209382521,,,0.64448759,144.7674909,1447.674909,1.447674909,8.686049454
FM2411,I1N,472,2,34,10,5/8/2026 0:00,3/18/2026 0:00,Interspecific U.,Breeding,CIAT-BR-12-1509,BR12_1509,,,hybrid,470.3,105.0575623,0.223384143,,,0.52066873,201.7742881,2017.742881,2.017742881,12.10645729
FM2411,I1N,616,3,44,14,5/8/2026 0:00,3/18/2026 0:00,Interspecific U.,Breeding,CIAT-BR-12-1509,BR12_1509,,,hybrid,648.8,152.095799,0.234426324,,,0.57057981,266.5635838,2665.635838,2.665635838,15.99381503
FM2411,I1N,32,1,3,4,5/8/2026 0:00,3/18/2026 0:00,Interspecific U.,Breeding,CIAT-BR-12-1535,BR12_1535,,,hybrid,157.8,46.46,0.294423321,,,0.25813382,179.9841648,1799.841648,1.799841648,10.79904989
FM2411,I1N,516,2,37,12,5/8/2026 0:00,3/18/2026 0:00,Interspecific U.,Breeding,CIAT-BR-12-1535,BR12_1535,,,hybrid,476,118.448904,0.248842235,,,0.50422752,234.9116208,2349.116208,2.349116208,14.09469725
FM2411,I1N,700,3,50,14,5/8/2026 0:00,3/18/2026 0:00,Interspecific U.,Breeding,CIAT-BR-12-1535,BR12_1535,,,hybrid,881.7,206.2205007,0.233889646,,,0.70107096,294.1506815,2941.506815,2.941506815,17.64904089
FM2411,I1N,222,1,12,16,5/20/2025 0:00,4/7/2025 0:00,Interspecific U.,Breeding,CIAT-BR-12-1620,BR12_1620,,,hybrid,1587.2,321.9,0.20280998,35.5,5.5,1.7670812,182.1648038,1821.648038,1.821648038,10.92988823
FM2411,I1N,379,2,1,28,5/20/2025 0:00,4/9/2025 0:00,Interspecific U.,Breeding,CIAT-BR-12-1620,BR12_1620,,,hybrid,1721.3,360.7,0.209550921,45,4,1.102560351,327.1476247,3271.476247,3.271476247,19.62885748
FM2411,I1N,606,3,4,44,5/20/2025 0:00,4/8/2025 0:00,Interspecific U.,Breeding,CIAT-BR-12-1620,BR12_1620,,,hybrid,1304.4,273.5,0.209674946,42,4,2.120409656,128.9845098,1289.845098,1.289845098,7.739070586
FM2411,I1N,100,1,8,2,5/8/2026 0:00,3/18/2026 0:00,Interspecific U.,Breeding,CIAT-BR-12-1685,BR12_1685,,,hybrid,501.6,111.9886949,0.223262948,,,0.63078989,177.5372381,1775.372381,1.775372381,10.65223429
FM2411,I1N,485,2,35,9,5/8/2026 0:00,3/18/2026 0:00,Interspecific U.,Breeding,CIAT-BR-12-1685,BR12_1685,,,hybrid,838.1,175.618957,0.209544156,,,0.78833028,222.7733242,2227.733242,2.227733242,13.36639945
FM2411,I1N,621,3,45,5,5/8/2026 0:00,3/18/2026 0:00,Interspecific U.,Breeding,CIAT-BR-12-1685,BR12_1685,,,hybrid,723.4,163.5079403,0.226027012,,,0.62224712,262.7701039,2627.701039,2.627701039,15.76620623
FM2411,I1N,264,1,19,12,5/8/2026 0:00,3/18/2026 0:00,Interspecific U.,Breeding,CIAT-BR-12-1844,BR12_1844,,,hybrid,796.9,175.9928672,0.220846866,,,0.78653514,223.7571575,2237.571575,2.237571575,13.42542945
FM2411,I1N,369,2,27,5,5/8/2026 0:00,3/18/2026 0:00,Interspecific U.,Breeding,CIAT-BR-12-1844,BR12_1844,,,hybrid,642.2,150.9736592,0.235088227,,,0.65994396,228.767393,2287.67393,2.28767393,13.72604358
FM2411,I1N,617,3,45,1,5/8/2026 0:00,3/18/2026 0:00,Interspecific U.,Breeding,CIAT-BR-12-1844,BR12_1844,,,hybrid,826.8,206.7,0.25,,,0.62569489,330.3527059,3303.527059,3.303527059,19.82116236
FM2411,I1N,107,1,8,9,5/8/2026 0:00,3/18/2026 0:00,Interspecific U.,Breeding,CIAT-BR-12-1888,BR12_1888,,,hybrid,903.2,185.6202541,0.20551401,,,0.84386086,219.965474,2199.65474,2.19965474,13.19792844
FM2411,I1N,569,2,41,9,5/8/2026 0:00,3/18/2026 0:00,Interspecific U.,Breeding,CIAT-BR-12-1888,BR12_1888,,,hybrid,2430.4,439.9317722,0.181012085,,,1.42,310,3100,3.1,18.6
FM2411,I1N,855,3,62,1,5/8/2026 0:00,3/18/2026 0:00,Interspecific U.,Breeding,CIAT-BR-12-1888,BR12_1888,,,hybrid,977.4,218.8590151,0.223919598,,,0.70492163,310.4728324,3104.728324,3.104728324,18.62836994
FM2411,I1N,188,1,6,14,5/20/2025 0:00,4/7/2025 0:00,Interspecific U.,Breeding,CIAT-BR-12-1889,BR12_1889,,,hybrid,3381.1,483.7,0.143059951,25,5,1.594147769,303.4223109,3034.223109,3.034223109,18.20533866
FM2411,I1N,475,2,13,34,5/20/2025 0:00,4/9/2025 0:00,Interspecific U.,Breeding,CIAT-BR-12-1889,BR12_1889,,,hybrid,1456.8,313.2,0.214991763,22,4.5,1.279005121,244.8778312,2448.778312,2.448778312,14.69266987
FM2411,I1N,819,3,8,59,5/20/2025 0:00,4/8/2025 0:00,Interspecific U.,Breeding,CIAT-BR-12-1889,BR12_1889,,,hybrid,1228.8,257.1,0.209228516,38,4.5,1.186393563,216.7071772,2167.071772,2.167071772,13.00243063
FM2411,I1N,108,1,8,10,5/8/2026 0:00,3/18/2026 0:00,Interspecific U.,Breeding,CIAT-BR-12-1939,BR12_1939,,,hybrid,805.9,187.3869168,0.23251882,,,0.86220686,217.3340592,2173.340592,2.173340592,13.04004355
FM2411,I1N,445,2,32,11,5/8/2026 0:00,3/18/2026 0:00,Interspecific U.,Breeding,CIAT-BR-12-1939,BR12_1939,,,hybrid,933.1,210.7743079,0.225886087,,,0.88205369,238.9585921,2389.585921,2.389585921,14.33751552
FM2411,I1N,783,3,56,13,5/8/2026 0:00,3/18/2026 0:00,Interspecific U.,Breeding,CIAT-BR-12-1939,BR12_1939,,,hybrid,1838.3,398.2476076,0.216639073,,,0.94883572,419.7224021,4197.224021,4.197224021,25.18334413
FM2411,I1N,192,1,14,10,5/8/2026 0:00,3/18/2026 0:00,Interspecific U.,Breeding,CIAT-BR-12-2243,BR12_2243,,,hybrid,524,146.8938818,0.280331835,,,0.74673541,196.7147665,1967.147665,1.967147665,11.80288599
FM2411,I1N,531,2,38,13,5/8/2026 0:00,3/18/2026 0:00,Interspecific U.,Breeding,CIAT-BR-12-2243,BR12_2243,,,hybrid,598,130.3184835,0.217923885,,,0.69330927,188.0362333,1879.762333,1.892736233,11.3564174
FM2411,I1N,684,3,49,12,5/8/2026 0:00,3/18/2026 0:00,Interspecific U.,Breeding,CIAT-BR-12-2243,BR12_2243,,,hybrid,1290.3,283.3058012,0.219565838,,,0.91792556,308.637011,3086.37011,3.08637011,18.51822066
FM2411,I1N,286,1,21,6,5/8/2026 0:00,3/18/2026 0:00,Interspecific U.,Breeding,CIAT-BR-12-2254,BR12_2254,,,hybrid,1242.9,264.874009,0.21310967,,,0.9598757,275.9461553,2759.461553,2.759461553,16.55676932
FM2411,I1N,520,2,38,2,5/8/2026 0:00,3/18/2026 0:00,Interspecific U.,Breeding,CIAT-BR-12-2254,BR12_2254,,,hybrid,764.3,171.8694671,0.224871735,,,0.69344645,247.8482183,2478.482183,2.478482183,14.8708931
FM2411,I1N,706,3,51,6,5/8/2026 0:00,3/18/2026 0:00,Interspecific U.,Breeding,CIAT-BR-12-2254,BR12_2254,,,hybrid,865.3,194.2021633,0.224433333,,,0.67718199,286.7798704,2867.798704,2.867798704,17.20679222
FM2411,I1N,532,2,38,14,5/8/2026 0:00,3/18/2026 0:00,Interspecific U.,Breeding,CIAT-BR-12-2255,BR12_2255,,,hybrid,1023.5,225.4877544,0.220310459,,,0.83411892,270.3304636,2703.304636,2.703304636,16.21982782
FM2411,I1N,652,3,47,8,5/8/2026 0:00,3/18/2026 0:00,Interspecific U.,Breeding,CIAT-BR-12-2255,BR12_2255,,,hybrid,790.6,176.7817694,0.223604565,,,0.62311902,283.7046596,2837.046596,2.837046596,17.02227957
FM2411,I1N,204,1,15,8,5/8/2026 0:00,3/18/2026 0:00,Interspecific U.,Breeding,CIAT-BR-12-2305,BR12_2305,,,hybrid,865.5,206.5596648,0.238659347,,,1.0104233,204.4288417,2044.288417,2.044288417,12.2657305
FM2411,I1N,344,2,25,8,5/8/2026 0:00,3/18/2026 0:00,Interspecific U.,Breeding,CIAT-BR-12-2305,BR12_2305,,,hybrid,713.7,164.0925826,0.229918148,,,0.61229474,267.9960676,2679.960676,2.679960676,16.07976406
FM2411,I1N,859,3,62,5,5/8/2026 0:00,3/18/2026 0:00,Interspecific U.,Breeding,CIAT-BR-12-2305,BR12_2305,,,hybrid,443.4,111.9405211,0.252459452,,,0.51051976,219.267754,2192.67754,2.19267754,13.15606524
FM2411,I1N,75,1,6,5,5/8/2026 0:00,3/18/2026 0:00,Interspecific U.,Breeding,CIAT-BR-12-2316,BR12_2316,,,hybrid,649.4,139.0121875,0.2140625,,,0.67124751,207.0952747,2070.952747,2.070952747,12.42571648
FM2411,I1N,455,2,33,7,5/8/2026 0:00,3/18/2026 0:00,Interspecific U.,Breeding,CIAT-BR-12-2316,BR12_2316,,,hybrid,320,77.05772418,0.240805388,,,0.39583358,194.672024,1946.72024,1.94672024,11.68032144
FM2411,I1N,633,3,46,3,5/8/2026 0:00,3/18/2026 0:00,Interspecific U.,Breeding,CIAT-BR-12-2316,BR12_2316,,,hybrid,826.7,186.910112,0.226091825,,,0.6130798,304.8707721,3048.707721,3.048707721,18.29224633
FM2411,I1N,268,1,20,2,5/8/2026 0:00,3/18/2026 0:00,Interspecific U.,Breeding,CIAT-BR-12-2367,BR12_2367,,,hybrid,377.3,88.69602406,0.235080901,,,0.49639473,178.6804305,1786.804305,1.786804305,10.72082583
FM2411,I1N,512,2,37,8,5/8/2026 0:00,3/18/2026 0:00,Interspecific U.,Breeding,CIAT-BR-12-2367,BR12_2367,,,hybrid,530.6,115.8020168,0.218247299,,,0.53127547,217.9698167,2179.698167,2.179698167,13.078189
FM2411,I1N,642,3,46,12,5/8/2026 0:00,3/18/2026 0:00,Interspecific U.,Breeding,CIAT-BR-12-2367,BR12_2367,,,hybrid,622.9,145.5152182,0.233609276,,,0.41089545,354.1417122,3541.417122,3.541417122,21.24850273
FM2411,I1N,171,1,13,3,5/8/2026 0:00,3/18/2026 0:00,Interspecific U.,Breeding,CIAT-BR-12-2461,BR12_2461,,,hybrid,990.1,211.3730518,0.213486569,,,0.9146511,231.0969197,2310.969197,2.310969197,13.86581518
FM2411,I1N,476,2,34,14,5/8/2026 0:00,3/18/2026 0:00,Interspecific U.,Breeding,CIAT-BR-12-2461,BR12_2461,,,hybrid,803.22,157.5163767,0.196106144,,,0.73946556,213.0138105,2130.138105,2.130138105,12.78082863
FM2411,I1N,682,3,49,10,5/8/2026 0:00,3/18/2026 0:00,Interspecific U.,Breeding,CIAT-BR-12-2461,BR12_2461,,,hybrid,694.1,160.290928,0.230933479,,,0.60431739,265.2429512,2652.429512,2.652429512,15.91457707
FM2411,I1N,195,1,13,14,3/25/2025 0:00,2/19/2025 0:00,Interspecific U.,Breeding,CIAT-BR-12-2462,BR12_2462,,,hybrid,4159.04,691.54,0.166273948,41,,3.336303191,207.2773247,2072.773247,2.072773247,12.43663948
FM2411,I1N,646,3,13,47,3/25/2025 0:00,2/19/2025 0:00,Interspecific U.,Breeding,CIAT-BR-12-2462,BR12_2462,,,hybrid,1573.9,271.2,0.17231082,19,,2.44268617,111.0253144,1110.253144,1.110253144,6.661518863
FM2411,I1N,31,1,12,3,5/20/2025 0:00,4/7/2025 0:00,Interspecific U.,Breeding,CIAT-BR-12-0255,BR12_255,,,hybrid,1291.9,250.7,0.194055267,36,,1.271104609,197.2300299,1972.300299,1.972300299,11.8338018
FM2411,I1N,546,2,1,39,5/20/2025 0:00,4/9/2025 0:00,Interspecific U.,Breeding,CIAT-BR-12-0255,BR12_255,,,hybrid,1237.2,252.5,0.20408988,36,4.5,1.446232626,174.5915529,1745.915529,1.745915529,10.47549317
FM2411,I1N,680,3,7,49,5/20/2025 0:00,4/8/2025 0:00,Interspecific U.,Breeding,CIAT-BR-12-0255,BR12_255,,,hybrid,1504.5,311,0.206713194,40,4,1.934308705,160.7809545,1607.809545,1.607809545,9.646857273
FM2411,I1N,263,1,19,11,2/19/2026 0:00,2/11/2026 0:00,Interspecific U.,Breeding,CIAT-BR-12-2679,BR12_2679,,,hybrid,1111.9,222.54,0.200143898,44,2.5,0.83147099,267.6461388,2676.461388,2.676461388,16.05876833
FM2411,I1N,349,2,25,13,2/19/2026 0:00,2/11/2026 0:00,Interspecific U.,Breeding,CIAT-BR-12-2679,BR12_2679,,,hybrid,1072.2,228.15,0.212786794,47,2.5,0.85551095,266.682735,2666.82735,2.66682735,16.0009641
FM2411,I1N,780,3,56,10,2/19/2026 0:00,2/11/2026 0:00,Interspecific U.,Breeding,CIAT-BR-12-2679,BR12_2679,,,hybrid,1188.2,226.31,0.190464568,50,3,0.71478889,316.6109647,3166.109647,3.166109647,18.99665788
FM2411,I1N,155,1,12,1,5/8/2026 0:00,3/18/2026 0:00,Interspecific U.,Breeding,CIAT-BR-12-3018,BR12_3018,,,hybrid,181.4,50.9026203,0.280609814,,,0.45590981,111.6506361,1116.506361,1.116506361,6.699038167
FM2411,I1N,397,2,29,5,5/8/2026 0:00,3/18/2026 0:00,Interspecific U.,Breeding,CIAT-BR-12-3018,BR12_3018,,,hybrid,454.2,107.6129131,0.236928474,,,0.56634589,190.0127025,1900.127025,1.900127025,11.40076215
FM2411,I1N,834,3,60,8,5/8/2026 0:00,3/18/2026 0:00,Interspecific U.,Breeding,CIAT-BR-12-3018,BR12_3018,,,hybrid,452.7,112.5498677,0.248619102,,,0.42325206,265.916881,2659.16881,2.65916881,15.95501286
FM2411,I1N,138,1,10,12,5/8/2026 0:00,3/18/2026 0:00,Interspecific U.,Breeding,CIAT-BR-12-3067,BR12_3067,,,hybrid,769.1,152.614794,0.198432966,,,0.70530829,216.380264,2163.80264,2.16380264,12.98281584
FM2411,I1N,588,2,42,14,5/8/2026 0:00,3/18/2026 0:00,Interspecific U.,Breeding,CIAT-BR-12-3067,BR12_3067,,,hybrid,149.5,37.45,0.250501672,,,0.13974511,267.9879103,2679.879103,2.679879103,16.07927462
FM2411,I1N,761,3,55,5,5/8/2026 0:00,3/18/2026 0:00,Interspecific U.,Breeding,CIAT-BR-12-3067,BR12_3067,,,hybrid,606.2,130.7371333,0.215666667,,,0.44417412,294.3375749,2943.375749,2.943375749,17.6602545
FM2411,I1N,22,1,2,8,5/8/2026 0:00,3/18/2026 0:00,Interspecific U.,Breeding,CIAT-BR-12-3069,BR12_3069,,,hybrid,473.9,101.1954069,0.21353747,,,0.5849424,173.0006355,1730.006355,1.730006355,10.38003813
FM2411,I1N,558,2,40,12,5/8/2026 0:00,3/18/2026 0:00,Interspecific U.,Breeding,CIAT-BR-12-3069,BR12_3069,,,hybrid,1082.4,225.3543354,0.208198758,,,0.72500845,310.8299433,3108.299433,3.108299433,18.6497966
FM2411,I1N,608,3,44,6,5/8/2026 0:00,3/18/2026 0:00,Interspecific U.,Breeding,CIAT-BR-12-3069,BR12_3069,,,hybrid,870.6,181.9969729,0.209047752,,,0.707224,257.3399275,2573.399275,2.573399275,15.44039565
FM2411,I1N,279,1,20,13,5/8/2026 0:00,3/18/2026 0:00,Interspecific U.,Breeding,CIAT-BR-12-3358,BR12_3358,,,hybrid,269.9,70.15,0.259911078,,,0.41263191,170.0062412,1700.062412,1.700062412,10.20037447
FM2411,I1N,656,3,47,12,5/8/2026 0:00,3/18/2026 0:00,Interspecific U.,Breeding,CIAT-BR-12-3358,BR12_3358,,,hybrid,1299.1,277.5882515,0.213677355,,,0.840743,330.1701608,3301.701608,3.301701608,19.81020965
FM2411,I1N,223,1,16,13,5/8/2026 0:00,3/18/2026 0:00,Interspecific U.,Breeding,CIAT-BR-12-3377,BR12_3377,,,hybrid,396.4,116.0640526,0.292795289,,,0.42812997,271.0953701,2710.953701,2.710953701,16.2657222
FM2411,I1N,576,2,42,2,5/8/2026 0:00,3/18/2026 0:00,Interspecific U.,Breeding,CIAT-BR-12-3377,BR12_3377,,,hybrid,981.9,199.7537264,0.203435916,,,0.61933536,322.5291809,3225.291809,3.225291809,19.35175085
FM2411,I1N,648,3,47,4,5/8/2026 0:00,3/18/2026 0:00,Interspecific U.,Breeding,CIAT-BR-12-3377,BR12_3377,,,hybrid,782.1,160.0053846,0.204584305,,,0.56562128,282.8843084,2828.843084,2.828843084,16.9730585
FM2411,I1N,154,1,11,14,2/19/2026 0:00,2/11/2026 0:00,Interspecific U.,Breeding,CIAT-BR-12-3436,BR12_3436,,,hybrid,701.9,135.62,0.193218407,46,2.5,0.58169425,233.146537,2331.46537,2.33146537,13.98879222
FM2411,I1N,381,2,28,3,2/19/2026 0:00,2/11/2026 0:00,Interspecific U.,Breeding,CIAT-BR-12-3436,BR12_3436,,,hybrid,489.5,118.27,0.241613892,34,3.5,0.80615681,146.7084301,1467.084301,1.467084301,8.802505805
FM2411,I1N,768,3,55,12,2/19/2026 0:00,2/11/2026 0:00,Interspecific U.,Breeding,CIAT-BR-12-3436,BR12_3436,,,hybrid,461,106.07,0.230086768,42,2.5,0.5183723,204.6212732,2046.212732,2.046212732,12.27727639
FM2411,I1N,260,1,7,19,3/25/2025 0:00,2/19/2025 0:00,Interspecific U.,Breeding,CIAT-BR-12-3868,BR12_3868,,,hybrid,1789.2,295,0.164878158,27,,1.851462766,159.333477,1593.33477,1.59333477,9.560008619
FM2411,I1N,676,3,11,49,3/25/2025 0:00,2/19/2025 0:00,Interspecific U.,Breeding,CIAT-BR-12-3868,BR12_3868,,,hybrid,988.9,178.5,0.18050359,20,,1.145345745,155.8481365,1558.481365,1.558481365,9.350888192
FM2411,I1N,273,1,7,20,5/20/2025 0:00,4/7/2025 0:00,Interspecific U.,Breeding,CIAT-BR-12-4039,BR12_4039,,,hybrid,2873,507.6,0.176679429,50,3.5,1.480907096,342.7628927,3427.628927,3.427628927,20.56577356
FM2411,I1N,340,2,11,25,5/20/2025 0:00,4/9/2025 0:00,Interspecific U.,Breeding,CIAT-BR-12-4039,BR12_4039,,,hybrid,2649.2,506,0.191001057,52,3.5,1.737673738,291.1939042,2911.939042,2.911939042,17.47163425
FM2411,I1N,47,1,5,4,3/25/2025 0:00,2/20/2025 0:00,Interspecific U.,Breeding,CIAT-BR-12-4400,BR12_4400,,,hybrid,1687.87,322.77,0.191229182,32,,2.294680851,140.6600834,1406.600834,1.406600834,8.439605007
FM2411,I1N,593,3,10,43,3/25/2025 0:00,2/20/2025 0:00,Interspecific U.,Breeding,CIAT-BR-12-4400,BR12_4400,,,hybrid,1103.9,200.3,0.181447595,32,,1.069946809,187.205568,1872.05568,1.87205568,11.23233408
FM2411,I1N,90,1,9,7,5/20/2025 0:00,4/7/2025 0:00,Interspecific U.,Breeding,CIAT-BR-12-0461,BR12_461,,,hybrid,1420.3,309.8,0.218122932,30.5,4.5,1.3417703,230.8889979,2308.889979,2.308889979,13.85333988
FM2411,I1N,468,2,6,34,5/20/2025 0:00,4/9/2025 0:00,Interspecific U.,Breeding,CIAT-BR-12-0461,BR12_461,,,hybrid,1603.5,370.5,0.231057063,23,4,1.168397952,317.100864,3171.00864,3.17100864,19.02605184
FM2411,I1N,626,3,5,45,5/20/2025 0:00,4/8/2025 0:00,Interspecific U.,Breeding,CIAT-BR-12-0461,BR12_461,,,hybrid,1819.7,394.3,0.216684069,32,4,1.384345282,284.8277848,2848.277848,2.848277848,17.08966709
FM2411,I1N,176,1,7,13,5/20/2025 0:00,4/7/2025 0:00,Interspecific U.,Breeding,CIAT-BR-12-4856,BR12_4856,,,hybrid,2451.9,470.2,0.191769648,52,4.5,1.428237015,329.2170662,3292.170662,3.292170662,19.75302397
FM2411,I1N,528,2,10,38,5/20/2025 0:00,4/9/2025 0:00,Interspecific U.,Breeding,CIAT-BR-12-4856,BR12_4856,,,hybrid,1378.8,279.3,0.20256745,56,3,1.176298464,237.4397388,2374.397388,2.374397388,14.24638433
FM2411,I1N,56,1,4,14,5/8/2026 0:00,3/18/2026 0:00,Interspecific U.,Breeding,CIAT-BR-12-0049,BR12_49,,,hybrid,711.2,145.7055664,0.204872844,,,0.84787577,171.8477772,1718.477772,1.718477772,10.31086663
FM2411,I1N,444,2,32,10,5/8/2026 0:00,3/18/2026 0:00,Interspecific U.,Breeding,CIAT-BR-12-0049,BR12_49,,,hybrid,1012.1,210.5885763,0.208070918,,,0.84151816,250.2484038,2502.484038,2.502484038,15.01490423
FM2411,I1N,863,3,62,9,5/8/2026 0:00,3/18/2026 0:00,Interspecific U.,Breeding,CIAT-BR-12-0049,BR12_49,,,hybrid,2282.4,460.1918354,0.201626286,,,0.94866561,485.0938313,4850.938313,4.850938313,29.10562988
SOC-BEF_METANO,M2N,147,1,6,10,11/28/2024 0:00,11/20/2024 0:00,Interspecific U.,Breeding,CIAT-BR-12-4951,BR12_4951,,,hybrid,505.5,113.238863,0.224013577,34,,0.42,269.6163404,2696.163404,2.696163404,16.17698042
SOC-BEF_METANO,M2N,361,2,14,4,11/28/2024 0:00,11/20/2024 0:00,Interspecific U.,Breeding,CIAT-BR-12-4951,BR12_4951,,,hybrid,464.5,105.970814,0.228139535,30,,0.43,246.4437534,2464.437534,2.464437534,14.7866252
SOC-BEF_METANO,M2N,394,3,16,23,11/28/2024 0:00,11/20/2024 0:00,Interspecific U.,Breeding,CIAT-BR-12-4951,BR12_4951,,,hybrid,517,106.8466667,0.206666667,33,,0.53,201.5974843,2015.974843,2.015974843,12.09584906
FM2411,I1N,277,1,11,20,5/20/2025 0:00,4/7/2025 0:00,Interspecific U.,Breeding,CIAT-BR-12-5049,BR12_5049,,,hybrid,1509.5,390,0.258363697,45,4.5,1.616093636,241.3226507,2413.226507,2.413226507,14.47935904
FM2411,I1N,406,2,1,29,5/20/2025 0:00,4/9/2025 0:00,Interspecific U.,Breeding,CIAT-BR-12-5049,BR12_5049,,,hybrid,2008.4,417.6,0.207926708,43,4.5,0.839209949,497.6108787,4976.108787,4.976108787,29.85665272
FM2411,I1N,230,1,17,6,2/19/2026 0:00,2/11/2026 0:00,Interspecific U.,Breeding,CIAT-BR-12-5082,BR12_5082,,,hybrid,987.6,202.12,0.204657756,46,3,0.74698246,270.5819893,2705.819893,2.705819893,16.23491936
FM2411,I1N,560,2,40,14,2/19/2026 0:00,2/11/2026 0:00,Interspecific U.,Breeding,CIAT-BR-12-5082,BR12_5082,,,hybrid,191.3,38.95,0.2036069,33,2.5,0.59498984,65.4633027,654.633027,0.654633027,3.927798162
FM2411,I1N,638,3,46,8,2/19/2026 0:00,2/11/2026 0:00,Interspecific U.,Breeding,CIAT-BR-12-5082,BR12_5082,,,hybrid,296,57.04,0.192702703,36,2.5,0.53472298,106.6720566,1066.720566,1.066720566,6.400323397
FM2411,I1N,237,1,17,13,2/19/2026 0:00,2/11/2026 0:00,Interspecific U.,Breeding,CIAT-BR-12-5323,BR12_5323,,,hybrid,933.4,171.71,0.18396186,51,2.5,0.81677299,210.2297727,2102.297727,2.102297727,12.61378636
FM2411,I1N,551,2,40,5,2/19/2026 0:00,2/11/2026 0:00,Interspecific U.,Breeding,CIAT-BR-12-5323,BR12_5323,,,hybrid,591.6,132.54,0.224036511,46,3,0.64949376,204.0666257,2040.666257,2.040666257,12.24399754
FM2411,I1N,711,3,51,11,2/19/2026 0:00,2/11/2026 0:00,Interspecific U.,Breeding,CIAT-BR-12-5323,BR12_5323,,,hybrid,1134,232.1,0.204673721,56,3,0.7512393,308.9561475,3089.561475,3.089561475,18.53736885
FM2411,I1N,266,1,19,14,5/8/2026 0:00,3/18/2026 0:00,Interspecific U.,Breeding,CIAT-BR-12-0061,BR12_61,,,hybrid,389.5,101.2713916,0.260003573,,,0.48815413,207.4578199,2074.578199,2.074578199,12.44746919
FM2411,I1N,487,2,35,11,5/8/2026 0:00,3/18/2026 0:00,Interspecific U.,Breeding,CIAT-BR-12-0061,BR12_61,,,hybrid,460.6,126.0861857,0.273743347,,,0.66577526,189.3825038,1893.825038,1.893825038,11.36295023
FM2411,I1N,880,3,63,12,5/8/2026 0:00,3/18/2026 0:00,Interspecific U.,Breeding,CIAT-BR-12-0061,BR12_61,,,hybrid,1338.8,283.8568995,0.212023379,,,0.83887846,338.3766696,3383.766696,3.383766696,20.30260018
FM2411,I1N,247,1,18,9,2/19/2026 0:00,2/11/2026 0:00,Interspecific U.,Breeding,CIAT-BR-12-0804,BR12_804,,,hybrid,814.5,170.06,0.208790669,45,2.5,0.98209297,173.1607956,1731.607956,1.731607956,10.38964773
FM2411,I1N,385,2,28,7,2/19/2026 0:00,2/11/2026 0:00,Interspecific U.,Breeding,CIAT-BR-12-0804,BR12_804,,,hybrid,442.3,104.48,0.23621976,45,2.5,0.52113142,200.4868561,2004.868561,2.004868561,12.02921136
FM2411,I1N,654,3,47,10,2/19/2026 0:00,2/11/2026 0:00,Interspecific U.,Breeding,CIAT-BR-12-0804,BR12_804,,,hybrid,832.5,176.39,0.21187988,46,3,0.82703132,213.280919,2132.80919,2.13280919,12.79685514
FM2411,I1N,249,1,18,11,5/8/2026 0:00,3/18/2026 0:00,Interspecific U.,Breeding,CIAT-BR-12-0091,BR12_91,,,hybrid,696.8,183.7181171,0.263659755,,,0.65915444,278.7178634,2787.178634,2.787178634,16.7230718
FM2411,I1N,507,2,37,3,5/8/2026 0:00,3/18/2026 0:00,Interspecific U.,Breeding,CIAT-BR-12-0091,BR12_91,,,hybrid,705.3,150.5380365,0.213438305,,,0.7203575,208.9768434,2089.768434,2.089768434,12.53861061
FM2411,I1N,661,3,48,3,5/8/2026 0:00,3/18/2026 0:00,Interspecific U.,Breeding,CIAT-BR-12-0091,BR12_91,,,hybrid,814.6,172.8987771,0.21224991,,,0.70008584,246.9679676,2469.679676,2.469679676,14.81807806
FM2411,I1N,254,1,19,2,2/19/2026 0:00,2/11/2026 0:00,Interspecific U.,Breeding,CIAT-BR-15-1168,BR15_1168,,,hybrid,735.2,164.34,0.223531012,45,2.5,0.70441462,233.3000982,2333.000982,2.333000982,13.99800589
FM2411,I1N,322,2,23,14,2/19/2026 0:00,2/11/2026 0:00,Interspecific U.,Breeding,CIAT-BR-15-1168,BR15_1168,,,hybrid,791.9,174.17,0.219939386,39,2.5,0.6294966,276.6813991,2766.813991,2.766813991,16.60088394
FM2411,I1N,796,3,57,12,2/19/2026 0:00,2/11/2026 0:00,Interspecific U.,Breeding,CIAT-BR-15-1168,BR15_1168,,,hybrid,782.2,169.84,0.217131168,38,3.5,0.72110699,235.5267698,2355.267698,2.355267698,14.13160619
FM2411,I1N,102,1,8,4,2/19/2026 0:00,2/11/2026 0:00,Interspecific U.,Breeding,CIAT-BR-15-1462,BR15_1462,,,hybrid,389.5,84.42,0.216739409,40,2.5,0.63574167,132.7897855,1327.897855,1.327897855,7.967387131
FM2411,I1N,518,2,37,14,2/19/2026 0:00,2/11/2026 0:00,Interspecific U.,Breeding,CIAT-BR-15-1462,BR15_1462,,,hybrid,523.1,123.09,0.235308736,28,2.5,0.71635573,171.8280386,1718.280386,1.718280386,10.30968231
FM2411,I1N,764,3,55,8,2/19/2026 0:00,2/11/2026 0:00,Interspecific U.,Breeding,CIAT-BR-15-1462,BR15_1462,,,hybrid,964.2,209.37,0.217143746,41,3,0.88639742,236.2033048,2362.033048,2.362033048,14.17219829
FM2411,I1N,127,1,10,1,5/8/2026 0:00,3/18/2026 0:00,Interspecific U.,Breeding,CIAT-BR-15-1468,BR15_1468,,,hybrid,333.4,73.51634828,0.220504944,,,0.45388747,161.9704291,1619.704291,1.619704291,9.718225746
FM2411,I1N,461,2,33,13,5/8/2026 0:00,3/18/2026 0:00,Interspecific U.,Breeding,CIAT-BR-15-1468,BR15_1468,,,hybrid,540.4,132.8874818,0.245905777,,,0.63916428,207.9081794,2079.081794,2.079081794,12.47449076
FM2411,I1N,669,3,48,11,5/8/2026 0:00,3/18/2026 0:00,Interspecific U.,Breeding,CIAT-BR-15-1468,BR15_1468,,,hybrid,840.6,173.5340339,0.206440678,,,0.64073857,270.8343809,2708.343809,2.708343809,16.25006285
FM2411,I1N,227,1,17,3,5/8/2026 0:00,3/18/2026 0:00,Interspecific U.,Breeding,CIAT-BR-15-1628,BR15_1628,,,hybrid,746.5,180.0382353,0.241176471,,,0.73008893,246.5976786,2465.976786,2.465976786,14.79586071
FM2411,I1N,493,2,36,3,5/8/2026 0:00,3/18/2026 0:00,Interspecific U.,Breeding,CIAT-BR-15-1628,BR15_1628,,,hybrid,380.4,86.1524347,0.226478535,,,0.49150095,175.2843707,1752.843707,1.752843707,10.51706224
FM2411,I1N,786,3,57,2,5/8/2026 0:00,3/18/2026 0:00,Interspecific U.,Breeding,CIAT-BR-15-1628,BR15_1628,,,hybrid,788.1,177.4071884,0.225107459,,,0.55228676,321.222961,3212.22961,3.21222961,19.27337766
FM2411,I1N,128,1,10,2,5/8/2026 0:00,3/18/2026 0:00,Interspecific U.,Breeding,CIAT-BR-15-1689,BR15_1689,,,hybrid,393.8,95.60357962,0.242771914,,,0.42692308,223.936311,2239.36311,2.23936311,13.43617866
FM2411,I1N,548,2,40,2,5/8/2026 0:00,3/18/2026 0:00,Interspecific U.,Breeding,CIAT-BR-15-1689,BR15_1689,,,hybrid,233.6,56.72,0.242808219,,,0.21435266,264.6106654,2646.106654,2.646106654,15.87663993
FM2411,I1N,589,3,43,1,5/8/2026 0:00,3/18/2026 0:00,Interspecific U.,Breeding,CIAT-BR-15-1689,BR15_1689,,,hybrid,548.3,110.9188954,0.202295998,,,0.40720363,272.3917158,2723.917158,2.723917158,16.34350295
FM2411,I1N,1,1,1,1,5/8/2026 0:00,3/18/2026 0:00,Interspecific U.,Breeding,CIAT-BR-15-1712,BR15_1712,,,hybrid,314.8,71.3831858,0.226757261,,,0.53003116,134.6773382,1346.773382,1.346773382,8.080640293
FM2411,I1N,534,2,39,2,5/8/2026 0:00,3/18/2026 0:00,Interspecific U.,Breeding,CIAT-BR-15-1712,BR15_1712,,,hybrid,1295.1,261.9291265,0.202246256,,,0.83943124,312.0316638,3120.316638,3.120316638,18.72189983
FM2411,I1N,688,3,50,2,5/8/2026 0:00,3/18/2026 0:00,Interspecific U.,Breeding,CIAT-BR-15-1712,BR15_1712,,,hybrid,828.8,195.3946199,0.235756057,,,0.5592886,349.3627796,3493.627796,3.493627796,20.96176677
FM2411,I1N,205,1,15,9,5/8/2026 0:00,3/18/2026 0:00,Interspecific U.,Breeding,CIAT-BR-15-1830,BR15_1830,,,hybrid,899.2,211.6019372,0.235322439,,,0.9450814,223.8981078,2238.981078,2.238981078,13.43388647
FM2411,I1N,566,2,41,6,5/8/2026 0:00,3/18/2026 0:00,Interspecific U.,Breeding,CIAT-BR-15-1830,BR15_1830,,,hybrid,1467.5,287.1876766,0.195698587,,,0.84347656,340.4809217,3404.809217,3.404809217,20.4288553
FM2411,I1N,850,3,61,10,5/8/2026 0:00,3/18/2026 0:00,Interspecific U.,Breeding,CIAT-BR-15-1830,BR15_1830,,,hybrid,459.9,110.0113891,0.239207195,,,0.44897929,245.0255313,2450.255313,2.450255313,14.70153188
FM2411,I1N,149,1,6,11,5/20/2025 0:00,4/7/2025 0:00,Interspecific U.,Breeding,CIAT-BR-15-1851,BR15_1851,,,hybrid,2088.2,421,0.201609041,44,3.5,1.868032187,225.370849,2253.70849,2.25370849,13.52225094
FM2411,I1N,470,2,8,34,5/20/2025 0:00,4/9/2025 0:00,Interspecific U.,Breeding,CIAT-BR-15-1851,BR15_1851,,,hybrid,1859.8,409.7,0.220292505,38,4.5,1.604681785,255.3154176,2553.154176,2.553154176,15.31892505
FM2411,I1N,193,1,14,11,5/8/2026 0:00,3/18/2026 0:00,Interspecific U.,Breeding,CIAT-BR-15-1865,BR15_1865,,,hybrid,1318,318.0113472,0.241283268,,,1.0472732,303.6565313,3036.565313,3.036565313,18.21939188
FM2411,I1N,323,2,24,1,5/8/2026 0:00,3/18/2026 0:00,Interspecific U.,Breeding,CIAT-BR-15-1865,BR15_1865,,,hybrid,564.7,206.8541506,0.366308041,,,0.67559329,306.1814759,3061.814759,3.061814759,18.37088855
FM2411,I1N,856,3,62,2,5/8/2026 0:00,3/18/2026 0:00,Interspecific U.,Breeding,CIAT-BR-15-1865,BR15_1865,,,hybrid,1577.8,356.2850661,0.225811298,,,0.91533553,389.2398519,3892.398519,3.892398519,23.35439111
FM2411,I1N,179,1,13,11,5/8/2026 0:00,3/18/2026 0:00,Interspecific U.,Breeding,CIAT-BR-15-1877,BR15_1877,,,hybrid,1129.8,233.7787938,0.206920511,,,0.8942439,261.4262102,2614.262102,2.614262102,15.68557261
FM2411,I1N,319,2,23,11,5/8/2026 0:00,3/18/2026 0:00,Interspecific U.,Breeding,CIAT-BR-15-1877,BR15_1877,,,hybrid,289.7,66.82824539,0.230680861,,,0.39706103,168.3072383,1683.072383,1.683072383,10.0984343
FM2411,I1N,618,3,45,2,5/8/2026 0:00,3/18/2026 0:00,Interspecific U.,Breeding,CIAT-BR-15-1877,BR15_1877,,,hybrid,865.4,169.778368,0.196184849,,,0.70777302,239.8768576,2398.768576,2.398768576,14.39261146
FM2411,I1N,150,1,11,10,5/8/2026 0:00,3/18/2026 0:00,Interspecific U.,Breeding,CIAT-BR-15-2174,BR15_2174,,,hybrid,781.7,193.9252804,0.248081464,,,0.85863765,225.852291,2258.52291,2.25852291,13.55113746
FM2411,I1N,425,2,31,5,5/8/2026 0:00,3/18/2026 0:00,Interspecific U.,Breeding,CIAT-BR-15-2174,BR15_2174,,,hybrid,258.3,73.84,0.285869144,,,0.4240226,174.1416613,1741.416613,1.741416613,10.44849968
FM2411,I1N,773,3,56,3,5/8/2026 0:00,3/18/2026 0:00,Interspecific U.,Breeding,CIAT-BR-15-2174,BR15_2174,,,hybrid,706.3,181.4983265,0.256970588,,,0.53663746,338.2140458,3382.140458,3.382140458,20.29284275
FM2411,I1N,180,1,13,12,5/8/2026 0:00,3/18/2026 0:00,Interspecific U.,Breeding,CIAT-BR-15-2464,BR15_2464,,,hybrid,1172.4,266.4123515,0.227236738,,,0.97421519,273.4635574,2734.635574,2.734635574,16.40781344
FM2411,I1N,370,2,27,6,5/8/2026 0:00,3/18/2026 0:00,Interspecific U.,Breeding,CIAT-BR-15-2464,BR15_2464,,,hybrid,375.3,95.92,0.255582201,,,0.52166483,183.8728518,1838.728518,1.838728518,11.03237111
FM2411,I1N,259,1,19,7,5/8/2026 0:00,3/18/2026 0:00,Interspecific U.,Breeding,CIAT-BR-15-2528,BR15_2528,,,hybrid,802.2,206.21732,0.257064722,,,0.81478064,253.095508,2530.95508,2.53095508,15.18573048
FM2411,I1N,427,2,31,7,5/8/2026 0:00,3/18/2026 0:00,Interspecific U.,Breeding,CIAT-BR-15-2528,BR15_2528,,,hybrid,382,91.72414184,0.240115555,,,0.48799714,187.9604086,1879.604086,1.879604086,11.27762452
FM2411,I1N,5,1,1,5,5/8/2026 0:00,3/18/2026 0:00,Interspecific U.,Breeding,CIAT-BR-15-2532,BR15_2532,,,hybrid,668.9,139.9669807,0.209249485,,,0.75359196,185.733113,1857.33113,1.85733113,11.14398678
FM2411,I1N,438,2,32,4,5/8/2026 0:00,3/18/2026 0:00,Interspecific U.,Breeding,CIAT-BR-15-2532,BR15_2532,,,hybrid,411.7,105.3975851,0.256005793,,,0.52074758,202.3966873,2023.966873,2.023966873,12.14380124
FM2411,I1N,766,3,55,10,5/8/2026 0:00,3/18/2026 0:00,Interspecific U.,Breeding,CIAT-BR-15-2532,BR15_2532,,,hybrid,1212.2,254.0198942,0.209552792,,,0.80609914,315.1223982,3151.223982,3.151223982,18.90734389
FM2411,I1N,175,1,13,7,5/8/2026 0:00,3/18/2026 0:00,Interspecific U.,Breeding,CIAT-BR-15-2538,BR15_2538,,,hybrid,702.8,186.4252608,0.265260758,,,0.69579847,267.9299665,2679.299665,2.679299665,16.07579799
FM2411,I1N,582,2,42,8,5/8/2026 0:00,3/18/2026 0:00,Interspecific U.,Breeding,CIAT-BR-15-2538,BR15_2538,,,hybrid,511.6,121.6383433,0.23776064,,,0.48831916,249.0959874,2490.959874,2.490959874,14.94575924
FM2411,I1N,779,3,56,9,5/8/2026 0:00,3/18/2026 0:00,Interspecific U.,Breeding,CIAT-BR-15-2538,BR15_2538,,,hybrid,797.5,206.107773,0.258442349,,,0.52466323,392.838227,3928.38227,3.92838227,23.57029362
FM2411,I1N,126,1,9,14,5/8/2026 0:00,3/18/2026 0:00,Interspecific U.,Breeding,CIAT-BR-15-2545,BR15_2545,,,hybrid,618.3,139.4329907,0.225510255,,,0.68584818,203.3000812,2033.000812,2.033000812,12.19800487
FM2411,I1N,372,2,27,8,5/8/2026 0:00,3/18/2026 0:00,Interspecific U.,Breeding,CIAT-BR-15-2545,BR15_2545,,,hybrid,515,125.6683091,0.244016134,,,0.68587104,183.2243989,1832.243989,1.832243989,10.99346394
FM2411,I1N,44,1,2,4,3/25/2025 0:00,2/19/2025 0:00,Interspecific U.,Breeding,CIAT-BR-15-2558,BR15_2558,,,hybrid,684.3,156.9,0.229285401,39,,1.235505319,126.9925735,1269.925735,1.269925735,7.619554407
FM2411,I1N,549,2,3,40,3/25/2025 0:00,2/19/2025 0:00,Interspecific U.,Breeding,CIAT-BR-15-2558,BR15_2558,,,hybrid,1080.1,203.5,0.188408481,42,,1.373537234,148.1576145,1481.576145,1.481576145,8.889456869
FM2411,I1N,735,3,8,53,3/25/2025 0:00,2/19/2025 0:00,Interspecific U.,Breeding,CIAT-BR-15-2558,BR15_2558,,,hybrid,467.5,97.9,0.209411765,45,,1.038031915,94.31309249,943.1309249,0.943130925,5.65878555
FM2411,I1N,105,1,8,7,5/8/2026 0:00,3/18/2026 0:00,Interspecific U.,Breeding,CIAT-BR-15-2767,BR15_2767,,,hybrid,724.5,163.311877,0.225413219,,,0.81837016,199.557468,1995.57468,1.99557468,11.97344808
FM2411,I1N,517,2,37,13,5/8/2026 0:00,3/18/2026 0:00,Interspecific U.,Breeding,CIAT-BR-15-2767,BR15_2767,,,hybrid,677.8,150.6582046,0.222275309,,,0.61274247,245.8752445,2458.752445,2.458752445,14.75251467
FM2411,I1N,841,3,61,1,5/8/2026 0:00,3/18/2026 0:00,Interspecific U.,Breeding,CIAT-BR-15-2767,BR15_2767,,,hybrid,259.6,78.79,0.303505393,,,0.36287173,217.1290665,2171.290665,2.171290665,13.02774399
FM2411,I1N,55,1,13,4,3/25/2025 0:00,2/19/2025 0:00,Interspecific U.,Breeding,CIAT-BR-15-2811,BR15_2811,,,hybrid,983.3,160.5,0.163225872,22,,1.724202128,93.08653401,930.8653401,0.93086534,5.585192041
FM2411,I1N,414,2,8,30,3/25/2025 0:00,2/19/2025 0:00,Interspecific U.,Breeding,CIAT-BR-15-2811,BR15_2811,,,hybrid,1006,179.3,0.178230616,22,,1.662765957,107.8323736,1078.323736,1.078323736,6.469942418
FM2411,I1N,831,3,5,60,3/25/2025 0:00,2/19/2025 0:00,Interspecific U.,Breeding,CIAT-BR-15-2811,BR15_2811,,,hybrid,1633.87,267.37,0.16364215,33,,1.899335106,140.7703144,1407.703144,1.407703144,8.446218862
FM2411,I1N,207,1,4,15,3/25/2025 0:00,2/19/2025 0:00,Interspecific U.,Breeding,CIAT-BR-15-2891,BR15_2891,,,hybrid,1549.9,253.2,0.163365378,45,,1.699388298,148.9947885,1489.947885,1.489947885,8.939687309
FM2411,I1N,451,2,12,33,3/25/2025 0:00,2/19/2025 0:00,Interspecific U.,Breeding,CIAT-BR-15-2891,BR15_2891,,,hybrid,1217.3,219.4,0.180234946,42,,1.32287234,165.8512264,1658.512264,1.658512264,9.951073583
FM2411,I1N,829,3,3,60,3/25/2025 0:00,2/19/2025 0:00,Interspecific U.,Breeding,CIAT-BR-15-2891,BR15_2891,,,hybrid,980.3,184.9,0.18861573,40,,1.282180851,144.2074258,1442.074258,1.442074258,8.652445551
FM2411,I1N,119,1,9,7,5/8/2026 0:00,3/18/2026 0:00,Interspecific U.,Breeding,CIAT-BR-15-3013,BR15_3013,,,hybrid,744.3,164.1129235,0.220492978,,,0.79681314,205.9616179,2059.616179,2.059616179,12.35769707
FM2411,I1N,501,2,36,11,5/8/2026 0:00,3/18/2026 0:00,Interspecific U.,Breeding,CIAT-BR-15-3013,BR15_3013,,,hybrid,883.2,169.4417357,0.191849791,,,0.77136113,219.6658986,2196.658986,2.196658986,13.17995391
FM2411,I1N,691,3,50,5,5/8/2026 0:00,3/18/2026 0:00,Interspecific U.,Breeding,CIAT-BR-15-3013,BR15_3013,,,hybrid,1144.2,247.5569494,0.21635811,,,0.70248958,352.3994611,3523.994611,3.523994611,21.14396767
FM2411,I1N,186,1,14,4,5/8/2026 0:00,3/18/2026 0:00,Interspecific U.,Breeding,CIAT-BR-15-3017,BR15_3017,,,hybrid,946.6,202.3765517,0.213793103,,,0.9972669,202.9311829,2029.311829,2.029311829,12.17587098
FM2411,I1N,482,2,35,6,5/8/2026 0:00,3/18/2026 0:00,Interspecific U.,Breeding,CIAT-BR-15-3017,BR15_3017,,,hybrid,445.6,97.43217871,0.218653902,,,0.49239047,197.8758417,1978.758417,1.978758417,11.8725505
FM2411,I1N,848,3,61,8,5/8/2026 0:00,3/18/2026 0:00,Interspecific U.,Breeding,CIAT-BR-15-3017,BR15_3017,,,hybrid,268.8,60.1,0.22358631,,,0.35827017,167.7504996,1677.504996,1.677504996,10.06502997
FM2411,I1N,199,1,12,15,5/20/2025 0:00,4/7/2025 0:00,Interspecific U.,Breeding,CIAT-BR-15-3025,BR15_3025,,,hybrid,1913.3,389.7,0.203679507,36,3.5,1.352743233,288.0812784,2880.812784,2.880812784,17.2848767
FM2411,I1N,376,2,3,27,5/20/2025 0:00,4/9/2025 0:00,Interspecific U.,Breeding,CIAT-BR-15-3025,BR15_3025,,,hybrid,1786.7,374.4,0.209548329,36.5,4.5,1.347037308,277.943304,2779.43304,2.77943304,16.67659824
FM2411,I1N,714,3,1,51,5/20/2025 0:00,4/8/2025 0:00,Interspecific U.,Breeding,CIAT-BR-15-3025,BR15_3025,,,hybrid,1544.6,320.9,0.207756053,40,4,1.718361375,186.7476799,1867.476799,1.867476799,11.20486079
FM2411,I1N,65,1,5,9,5/8/2026 0:00,3/18/2026 0:00,Interspecific U.,Breeding,CIAT-BR-15-3186,BR15_3186,,,hybrid,599.7,120.487747,0.200913368,,,0.58840412,204.7704,2047.704,2.047704,12.286224
FM2411,I1N,341,2,25,5,5/8/2026 0:00,3/18/2026 0:00,Interspecific U.,Breeding,CIAT-BR-15-3186,BR15_3186,,,hybrid,711.1,164.4356257,0.231241212,,,0.63851896,257.526614,2575.26614,2.57526614,15.45159684
FM2411,I1N,767,3,55,11,5/8/2026 0:00,3/18/2026 0:00,Interspecific U.,Breeding,CIAT-BR-15-3186,BR15_3186,,,hybrid,1585.2,297.5178325,0.187684729,,,0.94432802,315.0577196,3150.577196,3.150577196,18.90346317
FM2411,I1N,52,1,4,10,5/8/2026 0:00,3/18/2026 0:00,Interspecific U.,Breeding,CIAT-BR-15-3234,BR15_3234,,,hybrid,784.1,162.09445,0.206726757,,,0.77165295,210.0613365,2100.613365,2.100613365,12.60368019
FM2411,I1N,510,2,37,6,5/8/2026 0:00,3/18/2026 0:00,Interspecific U.,Breeding,CIAT-BR-15-3234,BR15_3234,,,hybrid,888.3,183.1329384,0.206161137,,,0.6461589,283.417807,2834.17807,2.83417807,17.00506842
FM2411,I1N,778,3,56,8,5/8/2026 0:00,3/18/2026 0:00,Interspecific U.,Breeding,CIAT-BR-15-3234,BR15_3234,,,hybrid,1477.3,291.2780116,0.197169168,,,0.82456374,353.2510556,3532.510556,3.532510556,21.19506334
FM2411,I1N,15,1,1,2,5/20/2025 0:00,4/7/2025 0:00,Interspecific U.,Breeding,CIAT-BR-15-3248,BR15_3248,,,hybrid,952.2,202.3,0.212455367,35,4,1.111338698,182.0327146,1820.327146,1.820327146,10.92196288
FM2411,I1N,61,1,5,5,5/8/2026 0:00,3/18/2026 0:00,Interspecific U.,Breeding,CIAT-BR-15-3280,BR15_3280,,,hybrid,1208.3,239.6206751,0.198312236,,,0.97529498,245.6904629,2456.904629,2.456904629,14.74142777
FM2411,I1N,543,2,39,11,5/8/2026 0:00,3/18/2026 0:00,Interspecific U.,Breeding,CIAT-BR-15-3280,BR15_3280,,,hybrid,439.1,105.6073388,0.240508629,,,0.47486306,222.395355,2223.95355,2.22395355,13.3437213
FM2411,I1N,664,3,48,6,5/8/2026 0:00,3/18/2026 0:00,Interspecific U.,Breeding,CIAT-BR-15-3280,BR15_3280,,,hybrid,578.5,125.5529273,0.217031854,,,0.46858179,267.9423956,2679.423956,2.679423956,16.07654374
FM2411,I1N,218,1,16,8,5/8/2026 0:00,3/18/2026 0:00,Interspecific U.,Breeding,CIAT-BR-15-3294,BR15_3294,,,hybrid,1112.6,248.5895567,0.223431203,,,0.91158678,272.6998265,2726.998265,2.726998265,16.36198959
FM2411,I1N,489,2,35,13,5/8/2026 0:00,3/18/2026 0:00,Interspecific U.,Breeding,CIAT-BR-15-3294,BR15_3294,,,hybrid,184,48.42,0.263152174,,,0.29050706,166.6740905,1666.740905,1.666740905,10.00044543
FM2411,I1N,611,3,44,9,5/8/2026 0:00,3/18/2026 0:00,Interspecific U.,Breeding,CIAT-BR-15-3294,BR15_3294,,,hybrid,492.6,112.4440478,0.228266439,,,0.44654234,251.8104953,2518.104953,2.518104953,15.10862972
FM2411,I1N,89,1,10,7,3/25/2025 0:00,2/20/2025 0:00,Interspecific U.,Breeding,CIAT-BR-15-3434,BR15_3434,,,hybrid,1585.4,270.4,0.170556326,34,,1.670505319,161.8671889,1618.671889,1.618671889,9.712031332
FM2411,I1N,347,2,4,25,3/25/2025 0:00,2/20/2025 0:00,Interspecific U.,Breeding,CIAT-BR-15-3434,BR15_3434,,,hybrid,1889.97,323.07,0.170939221,46,,1.645212766,196.3697381,1963.697381,1.963697381,11.78218429
FM2411,I1N,641,3,11,46,3/25/2025 0:00,2/20/2025 0:00,Interspecific U.,Breeding,CIAT-BR-15-3434,BR15_3434,,,hybrid,1032.5,218.1,0.211234867,29,,1.196409574,182.2954318,1822.954318,1.822954318,10.93772591
FM2411,I1N,122,1,9,10,5/8/2026 0:00,3/18/2026 0:00,Interspecific U.,Breeding,CIAT-BR-15-3571,BR15_3571,,,hybrid,413.1,94.27299245,0.228208648,,,0.66098701,142.6245766,1426.245766,1.426245766,8.557474597
FM2411,I1N,535,2,39,3,5/8/2026 0:00,3/18/2026 0:00,Interspecific U.,Breeding,CIAT-BR-15-3571,BR15_3571,,,hybrid,1455.7,310.8505218,0.213540236,,,0.90679002,342.8032014,3428.032014,3.428032014,20.56819208
FM2411,I1N,854,3,61,14,5/8/2026 0:00,3/18/2026 0:00,Interspecific U.,Breeding,CIAT-BR-15-3571,BR15_3571,,,hybrid,829.2,178.7977066,0.215626757,,,0.72641379,246.1375445,2461.375445,2.461375445,14.76825267
FM2411,I1N,283,1,21,3,5/8/2026 0:00,3/18/2026 0:00,Interspecific U.,Breeding,CIAT-BR-15-3597,BR15_3597,,,hybrid,880.6,199.6347543,0.226703105,,,0.90565772,220.430688,2204.30688,2.20430688,13.22584128
FM2411,I1N,342,2,25,6,5/8/2026 0:00,3/18/2026 0:00,Interspecific U.,Breeding,CIAT-BR-15-3597,BR15_3597,,,hybrid,1052.5,228.3559079,0.216965233,,,1.00103498,228.1198084,2281.198084,2.281198084,13.68718851
FM2411,I1N,728,3,52,14,5/8/2026 0:00,3/18/2026 0:00,Interspecific U.,Breeding,CIAT-BR-15-3597,BR15_3597,,,hybrid,988.8,225.67712,0.228233333,,,0.74749526,301.9111051,3019.111051,3.019111051,18.11466631
FM2411,I1N,45,1,4,3,5/8/2026 0:00,3/18/2026 0:00,Interspecific U.,Breeding,CIAT-BR-15-0361,BR15_361,,,hybrid,324.4,78.0962963,0.240740741,,,0.48535661,160.9049814,1609.049814,1.609049814,9.654298883
FM2411,I1N,572,2,41,12,5/8/2026 0:00,3/18/2026 0:00,Interspecific U.,Breeding,CIAT-BR-15-0361,BR15_361,,,hybrid,978.9,218.4853392,0.223194748,,,0.6794962,321.5401928,3215.401928,3.215401928,19.29241157
FM2411,I1N,590,3,43,2,5/8/2026 0:00,3/18/2026 0:00,Interspecific U.,Breeding,CIAT-BR-15-0361,BR15_361,,,hybrid,265.2,61.86,0.233257919,,,0.30101357,205.5056853,2055.056853,2.055056853,12.33034112
FM2411,I1N,34,1,3,6,5/8/2026 0:00,3/18/2026 0:00,Interspecific U.,Breeding,CIAT-BR-15-3726,BR15_3726,,,hybrid,195.3,59.24092167,0.303332932,,,0.39750884,149.0304509,1490.304509,1.490304509,8.941827055
FM2411,I1N,310,2,23,2,5/8/2026 0:00,3/18/2026 0:00,Interspecific U.,Breeding,CIAT-BR-15-3726,BR15_3726,,,hybrid,95.8,24.84,0.259290188,,,0.14907251,166.6303197,1666.303197,1.666303197,9.997819182
FM2411,I1N,822,3,59,10,5/8/2026 0:00,3/18/2026 0:00,Interspecific U.,Breeding,CIAT-BR-15-3726,BR15_3726,,,hybrid,339.9,83.91728307,0.246888153,,,0.43482803,192.9895896,1929.895896,1.929895896,11.57937538
FM2411,I1N,51,1,4,9,5/8/2026 0:00,3/18/2026 0:00,Interspecific U.,Breeding,CIAT-BR-15-0378,BR15_378,,,hybrid,74.8,20.95,0.280080214,,,0.41099296,50.97410914,509.7410914,0.509741091,3.058446549
FM2411,I1N,713,3,51,13,5/8/2026 0:00,3/18/2026 0:00,Interspecific U.,Breeding,CIAT-BR-15-0378,BR15_378,,,hybrid,993.4,237.6647317,0.23924374,,,0.70040035,339.3269745,3393.269745,3.393269745,20.35961847
FM2411,I1N,246,1,18,8,5/8/2026 0:00,3/18/2026 0:00,Interspecific U.,Breeding,CIAT-BR-15-3810,BR15_3810,,,hybrid,887,228.4226846,0.257522756,,,1.02846504,222.1005826,2221.005826,2.221005826,13.32603496
FM2411,I1N,545,2,39,13,5/8/2026 0:00,3/18/2026 0:00,Interspecific U.,Breeding,CIAT-BR-15-3810,BR15_3810,,,hybrid,750.7,159.0725839,0.211899006,,,0.77283549,205.8298124,2058.298124,2.058298124,12.34978875
FM2411,I1N,733,3,53,5,5/8/2026 0:00,3/18/2026 0:00,Interspecific U.,Breeding,CIAT-BR-15-3810,BR15_3810,,,hybrid,689.5,160.2190751,0.232369942,,,0.55194193,290.2824852,2902.824852,2.902824852,17.41694911
FM2411,I1N,114,1,13,9,3/25/2025 0:00,2/20/2025 0:00,Interspecific U.,Breeding,CIAT-BR-15-3811,BR15_3811,,,hybrid,1708.67,335.87,0.196568091,35,,1.93125,173.9132686,1739.132686,1.739132686,10.43479612
FM2411,I1N,815,3,12,59,3/25/2025 0:00,2/20/2025 0:00,Interspecific U.,Breeding,CIAT-BR-15-3811,BR15_3811,,,hybrid,935.7,167.5,0.179010367,25,,1.348005319,124.2576699,1242.576699,1.242576699,7.455460195
FM2411,I1N,117,1,9,5,5/8/2026 0:00,3/18/2026 0:00,Interspecific U.,Breeding,CIAT-BR-15-0395,BR15_395,,,hybrid,846.8,186.6889233,0.22046401,,,0.7817888,238.797132,2387.97132,2.38797132,14.32782792
FM2411,I1N,441,2,32,7,5/8/2026 0:00,3/18/2026 0:00,Interspecific U.,Breeding,CIAT-BR-15-0395,BR15_395,,,hybrid,457.6,109.4969102,0.239285206,,,0.47389064,231.059449,2310.59449,2.31059449,13.86356694
FM2411,I1N,874,3,63,6,5/8/2026 0:00,3/18/2026 0:00,Interspecific U.,Breeding,CIAT-BR-15-0395,BR15_395,,,hybrid,1478.3,355.2784943,0.24032909,,,0.79231958,448.4030222,4484.030222,4.484030222,26.90418133
FM2411,I1N,86,1,7,2,5/8/2026 0:00,3/18/2026 0:00,Interspecific U.,Breeding,CIAT-BR-15-4368,BR15_4368,,,hybrid,411.6,89.70609747,0.217944843,,,0.44039039,203.6967643,2036.967643,2.036967643,12.22180586
FM2411,I1N,305,2,22,11,5/8/2026 0:00,3/18/2026 0:00,Interspecific U.,Breeding,CIAT-BR-15-4368,BR15_4368,,,hybrid,441.5,101.76,0.230486976,,,0.51841042,196.2923508,1962.923508,1.962923508,11.77754105
FM2411,I1N,613,3,44,11,5/8/2026 0:00,3/18/2026 0:00,Interspecific U.,Breeding,CIAT-BR-15-4368,BR15_4368,,,hybrid,739.4,135.7300692,0.183567851,,,0.5259386,258.0720813,2580.720813,2.580720813,15.48432488
FM2411,I1N,172,1,13,4,5/8/2026 0:00,3/18/2026 0:00,Interspecific U.,Breeding,CIAT-BR-15-4442,BR15_4442,,,hybrid,1158.3,247.9356587,0.214051333,,,1.04117433,238.1307833,2381.307833,2.381307833,14.287847
FM2411,I1N,540,2,39,8,5/8/2026 0:00,3/18/2026 0:00,Interspecific U.,Breeding,CIAT-BR-15-4442,BR15_4442,,,hybrid,940.2,186.1195448,0.197957397,,,0.7223881,257.64481,2576.4481,2.5764481,15.4586886
FM2411,I1N,869,3,63,1,5/8/2026 0:00,3/18/2026 0:00,Interspecific U.,Breeding,CIAT-BR-15-4442,BR15_4442,,,hybrid,1244.8,269.1504558,0.216219839,,,0.74334453,362.080361,3620.80361,3.62080361,21.72482166
FM2411,I1N,165,1,12,11,5/8/2026 0:00,3/18/2026 0:00,Interspecific U.,Breeding,CIAT-BR-15-4483,BR15_4483,,,hybrid,710.3,168.8290805,0.237687006,,,0.77153636,218.8219367,2188.219367,2.188219367,13.1293162
FM2411,I1N,544,2,39,12,5/8/2026 0:00,3/18/2026 0:00,Interspecific U.,Breeding,CIAT-BR-15-4483,BR15_4483,,,hybrid,515.9,110.137351,0.213485852,,,0.61517625,179.0338151,1790.338151,1.790338151,10.74202891
FM2411,I1N,623,3,45,7,5/8/2026 0:00,3/18/2026 0:00,Interspecific U.,Breeding,CIAT-BR-15-4483,BR15_4483,,,hybrid,929,206.8211679,0.222627737,,,0.69969537,295.5874467,2955.874467,2.955874467,17.7352468
FM2411,I1N,289,1,21,9,5/8/2026 0:00,3/18/2026 0:00,Interspecific U.,Breeding,CIAT-BR-15-0503,BR15_503,,,hybrid,975.4,229.3195334,0.235103069,,,0.75281363,304.6166066,3046.166066,3.046166066,18.2769964
FM2411,I1N,712,3,51,12,5/8/2026 0:00,3/18/2026 0:00,Interspecific U.,Breeding,CIAT-BR-15-0503,BR15_503,,,hybrid,753.1,184.4520305,0.244923689,,,0.6596202,279.63369,2796.3369,2.7963369,16.7780214
FM2411,I1N,157,1,12,3,5/8/2026 0:00,3/18/2026 0:00,Interspecific U.,Breeding,CIAT-BR-15-5152,BR15_5152,,,hybrid,523.1,148.6226106,0.284118927,,,0.71393194,208.1747605,2081.747605,2.081747605,12.49048563
FM2411,I1N,365,2,27,1,5/8/2026 0:00,3/18/2026 0:00,Interspecific U.,Breeding,CIAT-BR-15-5152,BR15_5152,,,hybrid,692.5,157.9295714,0.228057143,,,0.71208173,221.7857372,2217.857372,2.217857372,13.30714423
FM2411,I1N,810,3,58,12,5/8/2026 0:00,3/18/2026 0:00,Interspecific U.,Breeding,CIAT-BR-15-5152,BR15_5152,,,hybrid,750.4,183.4260974,0.244437763,,,0.61246031,299.4905864,2994.905864,2.994905864,17.96943519
FM2411,I1N,161,1,12,7,5/8/2026 0:00,3/18/2026 0:00,Interspecific U.,Breeding,CIAT-BR-15-5232,BR15_5232,,,hybrid,754.6,165.6513879,0.219522115,,,0.68861034,240.558961,2405.58961,2.40558961,14.43353766
FM2411,I1N,433,2,31,13,5/8/2026 0:00,3/18/2026 0:00,Interspecific U.,Breeding,CIAT-BR-15-5232,BR15_5232,,,hybrid,784.8,178.3170053,0.22721331,,,0.83395835,213.8200371,2138.200371,2.138200371,12.82920223
FM2411,I1N,687,3,50,1,5/8/2026 0:00,3/18/2026 0:00,Interspecific U.,Breeding,CIAT-BR-15-5232,BR15_5232,,,hybrid,1089.6,256.7210217,0.235610336,,,0.72910258,352.1054907,3521.054907,3.521054907,21.12632944
FM2411,I1N,293,1,21,13,5/8/2026 0:00,3/18/2026 0:00,Interspecific U.,Breeding,CIAT-BR-15-0058,BR15_58,,,hybrid,764.9,211.1097802,0.275996575,,,0.82830118,254.870795,2548.70795,2.54870795,15.2922477
FM2411,I1N,390,2,28,12,5/8/2026 0:00,3/18/2026 0:00,Interspecific U.,Breeding,CIAT-BR-15-0058,BR15_58,,,hybrid,531.7,119.7947533,0.22530516,,,0.64791081,184.8938951,1848.938951,1.848938951,11.0936337
FM2411,I1N,830,3,60,4,5/8/2026 0:00,3/18/2026 0:00,Interspecific U.,Breeding,CIAT-BR-15-0058,BR15_58,,,hybrid,937.6,212.4040409,0.226540146,,,0.71600027,296.6535765,2966.535765,2.966535765,17.79921459
FM2411,I1N,24,1,2,10,2/19/2026 0:00,2/11/2026 0:00,Interspecific U.,Breeding,CIAT-BR-15-0582,BR15_582,,,hybrid,1175.3,217.15,0.184761338,62,3.5,0.80969573,268.1871621,2681.871621,2.681871621,16.09122973
FM2411,I1N,453,2,33,5,2/19/2026 0:00,2/11/2026 0:00,Interspecific U.,Breeding,CIAT-BR-15-0582,BR15_582,,,hybrid,781.8,173.88,0.222409823,45,2.5,0.7033578,247.214149,2472.14149,2.47214149,14.83284894
FM2411,I1N,609,3,44,7,2/19/2026 0:00,2/11/2026 0:00,Interspecific U.,Breeding,CIAT-BR-15-0582,BR15_582,,,hybrid,1900.2,363.59,0.191343017,61,3,0.84516901,430.197979,4301.97979,4.30197979,25.81187874
FM2411,I1N,215,1,16,5,5/8/2026 0:00,3/18/2026 0:00,Interspecific U.,Breeding,CIAT-BR-15-0060,BR15_60,,,hybrid,529.4,142.324308,0.268840778,,,0.63041175,225.7640471,2257.640471,2.257640471,13.54584283
FM2411,I1N,300,2,22,6,5/8/2026 0:00,3/18/2026 0:00,Interspecific U.,Breeding,CIAT-BR-15-0060,BR15_60,,,hybrid,617.5,174.0784951,0.281908494,,,0.65200273,266.9904389,2669.904389,2.669904389,16.01942634
FM2411,I1N,674,3,49,2,5/8/2026 0:00,3/18/2026 0:00,Interspecific U.,Breeding,CIAT-BR-15-0060,BR15_60,,,hybrid,701.9,161.4485634,0.230016474,,,0.63324547,254.9541546,2549.541546,2.549541546,15.29724927
FM2411,I1N,54,1,4,12,5/8/2026 0:00,3/18/2026 0:00,Interspecific U.,Breeding,CIAT-BR-15-6346,BR15_6346,,,hybrid,667.3,76.21873919,0.1142196,,,0.66985925,113.7832152,1137.832152,1.137832152,6.826992911
FM2411,I1N,483,2,35,7,5/8/2026 0:00,3/18/2026 0:00,Interspecific U.,Breeding,CIAT-BR-15-6346,BR15_6346,,,hybrid,555.6,124.3322828,0.223780207,,,0.59134475,210.2534652,2102.534652,2.102534652,12.61520791
FM2411,I1N,853,3,61,13,5/8/2026 0:00,3/18/2026 0:00,Interspecific U.,Breeding,CIAT-BR-15-6346,BR15_6346,,,hybrid,341.4,84.71,0.248125366,,,0.38518873,219.9181684,2199.181684,2.199181684,13.19509011
FM2411,I1N,116,1,9,4,5/8/2026 0:00,3/18/2026 0:00,Interspecific U.,Breeding,CIAT-BR-15-6401,BR15_6401,,,hybrid,530.5,128.6022512,0.242417062,,,0.66414446,193.6359616,1936.359616,1.936359616,11.6181577
FM2411,I1N,473,2,34,11,5/8/2026 0:00,3/18/2026 0:00,Interspecific U.,Breeding,CIAT-BR-15-6401,BR15_6401,,,hybrid,497.5,113.1341108,0.227405248,,,0.58352097,193.8818253,1938.818253,1.938818253,11.63290952
FM2411,I1N,826,3,59,14,5/8/2026 0:00,3/18/2026 0:00,Interspecific U.,Breeding,CIAT-BR-15-6401,BR15_6401,,,hybrid,588.1,140.760248,0.239347471,,,0.49462526,284.5795784,2845.795784,2.845795784,17.0747747
FM2411,I1N,248,1,18,10,5/8/2026 0:00,3/18/2026 0:00,Interspecific U.,Breeding,CIAT-BR-15-6402,BR15_6402,,,hybrid,1073.7,253.5238714,0.236121702,,,0.99680193,254.3372598,2543.372598,2.543372598,15.26023559
FM2411,I1N,364,2,26,14,5/8/2026 0:00,3/18/2026 0:00,Interspecific U.,Breeding,CIAT-BR-15-6402,BR15_6402,,,hybrid,817.7,176.3882341,0.21571265,,,0.79486685,221.9091589,2219.091589,2.219091589,13.31454953
FM2411,I1N,635,3,46,5,5/8/2026 0:00,3/18/2026 0:00,Interspecific U.,Breeding,CIAT-BR-15-6402,BR15_6402,,,hybrid,1064.2,230.2779332,0.216385955,,,0.73027369,315.3310004,3153.310004,3.153310004,18.91986002
FM2411,I1N,49,1,4,7,5/8/2026 0:00,3/18/2026 0:00,Interspecific U.,Breeding,CIAT-BR-15-6434,BR15_6434,,,hybrid,173.6,50.15,0.288882488,,,0.23533945,213.0964443,2130.964443,2.130964443,12.78578666
FM2411,I1N,423,2,31,3,5/8/2026 0:00,3/18/2026 0:00,Interspecific U.,Breeding,CIAT-BR-15-6434,BR15_6434,,,hybrid,566.6,129.1445922,0.227929037,,,0.55537411,232.5362128,2325.362128,2.325362128,13.95217277
FM2411,I1N,860,3,62,6,5/8/2026 0:00,3/18/2026 0:00,Interspecific U.,Breeding,CIAT-BR-15-6434,BR15_6434,,,hybrid,390.4,95.56774536,0.24479443,,,0.47116748,202.8317942,2028.317942,2.028317942,12.16990765
SOC-BEF_METANO,M2N,331,2,13,19,11/28/2024 0:00,11/20/2024 0:00,Interspecific U.,Breeding,CIAT-BR-15-6487,BR15_6487,,,hybrid,721.2,164.9810803,0.228759124,35,,0.54,305.5205191,3055.205191,3.055205191,18.33123114
SOC-BEF_METANO,M2N,110,1,5,6,11/28/2024 0:00,11/20/2024 0:00,Interspecific U.,Breeding,CIAT-BR-15-6487,BR15_6487,,,hybrid,806.8,180.3160279,0.223495325,31,,0.64,281.7437936,2817.437936,2.817437936,16.90462762
SOC-BEF_METANO,M2N,472,3,19,4,11/28/2024 0:00,11/20/2024 0:00,Interspecific U.,Breeding,CIAT-BR-15-6487,BR15_6487,,,hybrid,345.4,79.99909677,0.231612903,35,,0.67,119.401637,1194.01637,1.19401637,7.164098219
FM2411,I1N,243,1,18,5,5/8/2026 0:00,3/18/2026 0:00,Interspecific U.,Breeding,CIAT-BR-15-6504,BR15_6504,,,hybrid,583.1,150.7196086,0.258479864,,,0.79017857,190.7412,1907.412,1.907412,11.444472
FM2411,I1N,296,2,22,2,5/8/2026 0:00,3/18/2026 0:00,Interspecific U.,Breeding,CIAT-BR-15-6504,BR15_6504,,,hybrid,765.4,170.715079,0.223040344,,,0.89006547,191.8005863,1918.005863,1.918005863,11.50803518
FM2411,I1N,647,3,47,3,5/8/2026 0:00,3/18/2026 0:00,Interspecific U.,Breeding,CIAT-BR-15-6504,BR15_6504,,,hybrid,755.8,160.990109,0.213006231,,,0.74396546,216.3946012,2163.946012,2.163946012,12.98367607
FM2411,I1N,166,1,12,12,5/8/2026 0:00,3/18/2026 0:00,Interspecific U.,Breeding,CIAT-BR-15-6508,BR15_6508,,,hybrid,574,137.4234751,0.23941372,,,0.64669304,212.501862,2125.01862,2.12501862,12.75011172
FM2411,I1N,557,2,40,11,5/8/2026 0:00,3/18/2026 0:00,Interspecific U.,Breeding,CIAT-BR-15-6508,BR15_6508,,,hybrid,587.6,124.5738618,0.21200453,,,0.59697649,208.6746529,2086.746529,2.086746529,12.52047917
FM2411,I1N,724,3,52,10,5/8/2026 0:00,3/18/2026 0:00,Interspecific U.,Breeding,CIAT-BR-15-6508,BR15_6508,,,hybrid,491.2,127.3047032,0.259170813,,,0.52839433,240.9274588,2409.274588,2.409274588,14.45564753
FM2411,I1N,39,1,3,11,5/8/2026 0:00,3/18/2026 0:00,Interspecific U.,Breeding,CIAT-BR-15-6543,BR15_6543,,,hybrid,333.2,73.36686792,0.220188679,,,0.53634327,136.7908801,1367.908801,1.367908801,8.207452804
FM2411,I1N,502,2,36,12,5/8/2026 0:00,3/18/2026 0:00,Interspecific U.,Breeding,CIAT-BR-15-6543,BR15_6543,,,hybrid,1175.5,240.5729077,0.204655813,,,0.82272346,292.4104142,2924.104142,2.924104142,17.54462485
FM2411,I1N,650,3,47,6,5/8/2026 0:00,3/18/2026 0:00,Interspecific U.,Breeding,CIAT-BR-15-6543,BR15_6543,,,hybrid,674.4,168.9086158,0.250457615,,,0.64903138,260.2472253,2602.472253,2.602472253,15.61483352
FM2411,I1N,19,1,5,2,3/25/2025 0:00,2/20/2025 0:00,Interspecific U.,Breeding,CIAT-BR-15-6547,BR15_6547,,,hybrid,991.1,170.3,0.171829281,29,,1.373138298,124.0224676,1240.224676,1.240224676,7.441348053
FM2411,I1N,447,2,13,32,3/25/2025 0:00,2/20/2025 0:00,Interspecific U.,Breeding,CIAT-BR-15-6547,BR15_6547,,,hybrid,1361.7,240.2,0.176397151,29,,1.143351064,210.0842056,2100.842056,2.100842056,12.60505234
FM2411,I1N,670,3,12,48,3/25/2025 0:00,2/20/2025 0:00,Interspecific U.,Breeding,CIAT-BR-15-6547,BR15_6547,,,hybrid,1698.67,272.37,0.160343092,34,,1.276196809,213.4231947,2134.231947,2.134231947,12.80539168
FM2411,I1N,146,1,11,6,5/8/2026 0:00,3/18/2026 0:00,Interspecific U.,Breeding,CIAT-BR-15-6571,BR15_6571,,,hybrid,610,128.1079597,0.210013049,,,0.73830363,173.5875239,1734.875239,1.737875239,10.42725143
FM2411,I1N,394,2,29,2,5/8/2026 0:00,3/18/2026 0:00,Interspecific U.,Breeding,CIAT-BR-15-6571,BR15_6571,,,hybrid,511.1,122.4124014,0.239507731,,,0.66955632,182.8261458,1828.261458,1.828261458,10.96956875
FM2411,I1N,800,3,58,2,5/8/2026 0:00,3/18/2026 0:00,Interspecific U.,Breeding,CIAT-BR-15-6571,BR15_6571,,,hybrid,952,214.7894541,0.225619174,,,0.7695532,279.1092988,2791.092988,2.791092988,16.74655793
FM2411,I1N,194,1,14,12,5/8/2026 0:00,3/18/2026 0:00,Interspecific U.,Breeding,CIAT-BR-15-6590,BR15_6590,,,hybrid,843.3,182.8581263,0.216836388,,,0.98173663,186.259859,1862.59859,1.86259859,11.17559154
FM2411,I1N,388,2,28,10,5/8/2026 0:00,3/18/2026 0:00,Interspecific U.,Breeding,CIAT-BR-15-6590,BR15_6590,,,hybrid,363,88.7922028,0.244606619,,,0.48349868,183.6451814,1836.451814,1.836451814,11.01871089
FM2411,I1N,595,3,43,7,5/8/2026 0:00,3/18/2026 0:00,Interspecific U.,Breeding,CIAT-BR-15-6590,BR15_6590,,,hybrid,875.1,169.0702353,0.193201046,,,0.64485754,262.1823036,2621.823036,2.621823036,15.73093822
FM2411,I1N,67,1,5,11,5/8/2026 0:00,3/18/2026 0:00,Interspecific U.,Breeding,CIAT-BR-15-6758,BR15_6758,,,hybrid,251.2,67.29558576,0.26789644,,,0.44815413,150.1616994,1501.616994,1.501616994,9.009701965
FM2411,I1N,515,2,37,11,5/8/2026 0:00,3/18/2026 0:00,Interspecific U.,Breeding,CIAT-BR-15-6758,BR15_6758,,,hybrid,1166.4,245.8054615,0.210738564,,,0.76454528,321.5054332,3215.054332,3.215054332,19.29032599
FM2411,I1N,206,1,15,10,5/8/2026 0:00,3/18/2026 0:00,Interspecific U.,Breeding,CIAT-BR-15-7006,BR15_7006,,,hybrid,832.7,203.3003139,0.244145928,,,0.84430272,240.790784,2407.90784,2.40790784,14.44744704
FM2411,I1N,327,2,24,5,5/8/2026 0:00,3/18/2026 0:00,Interspecific U.,Breeding,CIAT-BR-15-7006,BR15_7006,,,hybrid,862.9,176.3101013,0.20432275,,,0.9041112,195.0093101,1950.093101,1.950093101,11.7005586
FM2411,I1N,696,3,50,10,5/8/2026 0:00,3/18/2026 0:00,Interspecific U.,Breeding,CIAT-BR-15-7006,BR15_7006,,,hybrid,731.8,166.7361772,0.227843915,,,0.6204464,268.7358283,2687.358283,2.687358283,16.1241497
FM2411,I1N,168,1,14,12,3/25/2025 0:00,2/20/2025 0:00,Interspecific U.,Breeding,CIAT-BR-15-7121,BR15_7121,,,hybrid,2553.37,419.17,0.164163439,40,,2.238031915,187.2940226,1872.940226,1.872940226,11.23764135
FM2411,I1N,573,2,2,41,3/25/2025 0:00,2/20/2025 0:00,Interspecific U.,Breeding,CIAT-BR-15-7121,BR15_7121,,,hybrid,1666.67,297.07,0.178241644,30,,1.930053191,153.9180378,1539.180378,1.539180378,9.235082265
FM2411,I1N,725,3,11,52,3/25/2025 0:00,2/20/2025 0:00,Interspecific U.,Breeding,CIAT-BR-15-7121,BR15_7121,,,hybrid,1665.2,273.9,0.164484747,25,,1.688297872,162.2344045,1622.344045,1.622344045,9.734064272
SOC-BEF_METANO,M2N,104,1,4,1,11/28/2024 0:00,11/20/2024 0:00,Interspecific U.,Breeding,CIAT-BR-15-0722,BR15_722,,,hybrid,334.4,82.97822853,0.248140636,40,,0.23,360.7749067,3607.749067,3.607749067,21.6464944
SOC-BEF_METANO,M2N,332,2,13,20,11/28/2024 0:00,11/20/2024 0:00,Interspecific U.,Breeding,CIAT-BR-15-0722,BR15_722,,,hybrid,589.5,135.3194595,0.22954955,33,,0.65,208.1837838,2081.837838,2.081837838,12.49102703
SOC-BEF_METANO,M2N,494,3,19,26,11/28/2024 0:00,11/20/2024 0:00,Interspecific U.,Breeding,CIAT-BR-15-0722,BR15_722,,,hybrid,553.1,124.4475,0.225,35,,0.67,185.7425373,1857.425373,1.857425373,11.14455224
FM2411,I1N,267,1,20,1,5/8/2026 0:00,3/18/2026 0:00,Interspecific U.,Breeding,CIAT-BR-15-7316,BR15_7316,,,hybrid,533.6,123.2548517,0.230987353,,,0.65214138,189.0002007,1890.002007,1.890002007,11.34001204
FM2411,I1N,374,2,27,10,5/8/2026 0:00,3/18/2026 0:00,Interspecific U.,Breeding,CIAT-BR-15-7316,BR15_7316,,,hybrid,473,110.7433447,0.234129693,,,0.54384377,203.6308051,2036.308051,2.036308051,12.2178483
FM2411,I1N,742,3,53,14,5/8/2026 0:00,3/18/2026 0:00,Interspecific U.,Breeding,CIAT-BR-15-7316,BR15_7316,,,hybrid,472.6,133.8370384,0.283193056,,,0.43450832,308.0195067,3080.195067,3.080195067,18.4811704
FM2411,I1N,201,1,15,5,5/8/2026 0:00,3/18/2026 0:00,Interspecific U.,Breeding,CIAT-BR-15-7318,BR15_7318,,,hybrid,1083.1,253.65462,0.234193168,,,1.11319667,227.8614614,2278.614614,2.278614614,13.67168768
FM2411,I1N,521,2,38,3,5/8/2026 0:00,3/18/2026 0:00,Interspecific U.,Breeding,CIAT-BR-15-7318,BR15_7318,,,hybrid,986.7,208.1649074,0.210970819,,,0.78602964,264.8308624,2648.308624,2.648308624,15.88985174
FM2411,I1N,736,3,53,8,5/8/2026 0:00,3/18/2026 0:00,Interspecific U.,Breeding,CIAT-BR-15-7318,BR15_7318,,,hybrid,1204.2,292.9889289,0.24330587,,,0.76840403,381.2954091,3812.954091,3.812954091,22.87772454
FM2411,I1N,27,1,2,13,5/8/2026 0:00,3/18/2026 0:00,Interspecific U.,Breeding,CIAT-BR-15-0757,BR15_757,,,hybrid,665.2,135.2104879,0.20326291,,,0.82364448,164.1612264,1641.612264,1.641612264,9.849673582
FM2411,I1N,386,2,28,8,5/8/2026 0:00,3/18/2026 0:00,Interspecific U.,Breeding,CIAT-BR-15-0757,BR15_757,,,hybrid,563.6,133.8130536,0.237425574,,,0.6386736,209.5171205,2095.171205,2.095171205,12.57102723
FM2411,I1N,814,3,59,2,5/8/2026 0:00,3/18/2026 0:00,Interspecific U.,Breeding,CIAT-BR-15-0757,BR15_757,,,hybrid,568.2,144.7699197,0.254786905,,,0.58429815,247.7672053,2477.672053,2.477672053,14.86603232
FM2411,I1N,73,1,3,6,5/20/2025 0:00,4/7/2025 0:00,Interspecific U.,Breeding,CIAT-BR-15-7659,BR15_7659,,,hybrid,1868.7,376.6,0.201530476,50,5.5,1.410241405,267.0464779,2670.464779,2.670464779,16.02278867
FM2411,I1N,522,2,4,38,5/20/2025 0:00,4/9/2025 0:00,Interspecific U.,Breeding,CIAT-BR-15-7659,BR15_7659,,,hybrid,1932.3,402.1,0.208093981,57,6,1.182443307,340.058587,3400.58587,3.40058587,20.40351522
FM2411,I1N,734,3,9,53,5/20/2025 0:00,4/8/2025 0:00,Interspecific U.,Breeding,CIAT-BR-15-7659,BR15_7659,,,hybrid,1582.4,316.3,0.199886249,54,4,1.814923189,174.2773478,1742.773478,1.742773478,10.45664087
FM2411,I1N,163,1,12,9,5/8/2026 0:00,3/18/2026 0:00,Interspecific U.,Breeding,CIAT-BR-15-0780,BR15_780,,,hybrid,641,147.4389152,0.230013908,,,0.67889605,217.1745073,2171.745073,2.171745073,13.03047044
FM2411,I1N,351,2,26,1,5/8/2026 0:00,3/18/2026 0:00,Interspecific U.,Breeding,CIAT-BR-15-0780,BR15_780,,,hybrid,574.2,143.8512262,0.250524601,,,0.5187637,277.2962452,2772.962452,2.772962452,16.63777471
FM2411,I1N,816,3,59,4,5/8/2026 0:00,3/18/2026 0:00,Interspecific U.,Breeding,CIAT-BR-15-0780,BR15_780,,,hybrid,1159.7,246.4702446,0.212529313,,,0.75760322,325.3289295,3253.289295,3.253289295,19.51973577
FM2411,I1N,37,1,3,9,5/8/2026 0:00,3/18/2026 0:00,Interspecific U.,Breeding,CIAT-BR-15-0800,BR15_800,,,hybrid,627.3,128.6290157,0.205051834,,,0.69786317,184.3183897,1843.183897,1.843183897,11.05910338
FM2411,I1N,564,2,41,4,5/8/2026 0:00,3/18/2026 0:00,Interspecific U.,Breeding,CIAT-BR-15-0800,BR15_800,,,hybrid,752.6,158.0735833,0.210036651,,,0.65633387,240.8432515,2408.432515,2.408432515,14.45059509
FM2411,I1N,827,3,60,1,5/8/2026 0:00,3/18/2026 0:00,Interspecific U.,Breeding,CIAT-BR-15-0800,BR15_800,,,hybrid,1169.3,242.0466049,0.207001287,,,0.78844032,306.9941995,3069.941995,3.069941995,18.41965197
FM2411,I1N,113,1,9,1,5/8/2026 0:00,3/18/2026 0:00,Interspecific U.,Breeding,CIAT-BR-15-0823,BR15_823,,,hybrid,434.8,107.1923717,0.246532594,,,0.63070761,169.9557291,1699.557291,1.699557291,10.19734375
FM2411,I1N,563,2,41,3,5/8/2026 0:00,3/18/2026 0:00,Interspecific U.,Breeding,CIAT-BR-15-0823,BR15_823,,,hybrid,736.3,163.7818333,0.222438997,,,0.60910408,268.8897328,2688.897328,2.688897328,16.13338397
FM2411,I1N,630,3,45,14,5/8/2026 0:00,3/18/2026 0:00,Interspecific U.,Breeding,CIAT-BR-15-0823,BR15_823,,,hybrid,608.5,133.5368156,0.21945245,,,0.49640258,269.0091086,2690.091086,2.690091086,16.14054652
FM2411,I1N,252,1,18,14,5/8/2026 0:00,3/18/2026 0:00,Interspecific U.,Breeding,CIAT-BR-15-8529,BR15_8529,,,hybrid,630,161.1963366,0.255867201,,,0.64051749,251.6657845,2516.657845,2.516657845,15.09994707
FM2411,I1N,494,2,36,4,5/8/2026 0:00,3/18/2026 0:00,Interspecific U.,Breeding,CIAT-BR-15-8529,BR15_8529,,,hybrid,496.3,110.2043497,0.222051883,,,0.58244978,189.2083291,1892.083291,1.892083291,11.35249975
FM2411,I1N,216,1,16,6,2/19/2026 0:00,2/11/2026 0:00,Interspecific U.,Breeding,CIAT-BR-15-8543,BR15_8543,,,hybrid,1265.5,223.13,0.176317661,45,2.5,0.92126148,242.2005097,2422.005097,2.422005097,14.53203058
FM2411,I1N,320,2,23,12,2/19/2026 0:00,2/11/2026 0:00,Interspecific U.,Breeding,CIAT-BR-15-8543,BR15_8543,,,hybrid,935,191.94,0.205283422,41,3,0.86417903,222.1067549,2221.067549,2.221067549,13.32640529
FM2411,I1N,678,3,49,6,2/19/2026 0:00,2/11/2026 0:00,Interspecific U.,Breeding,CIAT-BR-15-8543,BR15_8543,,,hybrid,1548.8,285.84,0.184555785,50,4,0.94874838,301.2811469,3012.811469,3.012811469,18.07686881
FM2411,I1N,231,1,17,7,5/8/2026 0:00,3/18/2026 0:00,Interspecific U.,Breeding,CIAT-BR-15-8650,BR15_8650,,,hybrid,458.3,129.8430698,0.283314575,,,0.65571023,198.0189783,1980.189783,1.980189783,11.8811387
FM2411,I1N,511,2,37,7,5/8/2026 0:00,3/18/2026 0:00,Interspecific U.,Breeding,CIAT-BR-15-8650,BR15_8650,,,hybrid,509.7,144.9498157,0.284382609,,,0.61512138,235.644249,2356.44249,2.35644249,14.13865494
FM2411,I1N,660,3,48,2,5/8/2026 0:00,3/18/2026 0:00,Interspecific U.,Breeding,CIAT-BR-15-8650,BR15_8650,,,hybrid,801.6,171.6715815,0.214161155,,,0.62117593,276.3654758,2763.654758,2.763654758,16.58192855
FM2411,I1N,287,1,21,7,5/8/2026 0:00,3/18/2026 0:00,Interspecific U.,Breeding,CIAT-BR-15-8756,BR15_8756,,,hybrid,754.9,188.6606619,0.249914773,,,0.66848955,282.2193136,2822.193136,2.822193136,16.93315881
FM2411,I1N,555,2,40,9,5/8/2026 0:00,3/18/2026 0:00,Interspecific U.,Breeding,CIAT-BR-15-8756,BR15_8756,,,hybrid,680.5,147.4316002,0.216651874,,,0.55806377,264.1841455,2641.841455,2.641841455,15.85104873
FM2411,I1N,600,3,43,12,5/8/2026 0:00,3/18/2026 0:00,Interspecific U.,Breeding,CIAT-BR-15-8756,BR15_8756,,,hybrid,378.2,85.58,0.22628239,,,0.4594318,186.2735666,1862.735666,1.862735666,11.176414
FM2411,I1N,133,1,10,7,5/8/2026 0:00,3/18/2026 0:00,Interspecific U.,Breeding,CIAT-BR-15-8881,BR15_8881,,,hybrid,930.6,195.3879052,0.209959064,,,1.04941529,186.1874008,1861.874008,1.861874008,11.17124405
FM2411,I1N,446,2,32,12,5/8/2026 0:00,3/18/2026 0:00,Interspecific U.,Breeding,CIAT-BR-15-8881,BR15_8881,,,hybrid,669.4,162.3379274,0.242512589,,,0.75002926,216.4421257,2164.421257,2.164421257,12.98652754
FM2411,I1N,632,3,46,2,5/8/2026 0:00,3/18/2026 0:00,Interspecific U.,Breeding,CIAT-BR-15-8881,BR15_8881,,,hybrid,596.4,144.688555,0.242603211,,,0.62083023,233.0565556,2330.565556,2.330565556,13.98339334
FM2411,I1N,239,1,1,18,3/25/2025 0:00,2/20/2025 0:00,Interspecific U.,Breeding,CIAT-BR-15-8887,BR15_8887,,,hybrid,1215.2,242.6,0.19963792,50,,1.165132979,208.2165765,2082.165765,2.082165765,12.49299459
FM2411,I1N,529,2,11,38,3/25/2025 0:00,2/20/2025 0:00,Interspecific U.,Breeding,CIAT-BR-15-8887,BR15_8887,,,hybrid,605.4,134.3,0.221836802,34,,0.771143617,174.1569236,1741.569236,1.741569236,10.44941542
FM2411,I1N,759,3,12,55,3/25/2025 0:00,2/20/2025 0:00,Interspecific U.,Breeding,CIAT-BR-15-8887,BR15_8887,,,hybrid,1243.7,248.7,0.199967838,54,,1.030053191,241.443842,2414.43842,2.41443842,14.48663052
FM2411,I1N,25,1,2,11,5/8/2026 0:00,3/18/2026 0:00,Interspecific U.,Breeding,CIAT-BR-15-8905,BR15_8905,,,hybrid,912.1,178.6758268,0.195894997,,,0.99406043,179.7434254,1797.434254,1.797434254,10.78460553
FM2411,I1N,333,2,24,11,5/8/2026 0:00,3/18/2026 0:00,Interspecific U.,Breeding,CIAT-BR-15-8905,BR15_8905,,,hybrid,973.1,206.2260309,0.211926864,,,0.81157593,254.1056521,2541.056521,2.541056521,15.24633913
FM2411,I1N,6,1,9,1,5/20/2025 0:00,4/7/2025 0:00,Interspecific U.,Breeding,CIAT-BR-15-8919,BR15_8919,,,hybrid,915.4,190.4,0.207996504,47.5,4.5,0.856327725,222.3447805,2223.447805,2.223447805,13.34068683
FM2411,I1N,525,2,7,38,5/20/2025 0:00,4/9/2025 0:00,Interspecific U.,Breeding,CIAT-BR-15-8919,BR15_8919,,,hybrid,1306.9,283.3,0.216772515,48,3.5,1.244330651,227.6726044,2276.726044,2.276726044,13.66035626
FM2411,I1N,861,3,7,62,5/20/2025 0:00,4/8/2025 0:00,Interspecific U.,Breeding,CIAT-BR-15-8919,BR15_8919,,,hybrid,1142.2,272.9,0.238924882,42.5,3,0.860277981,317.2230442,3172.230442,3.172230442,19.03338265
FM2411,I1N,220,1,16,10,5/8/2026 0:00,3/18/2026 0:00,Interspecific U.,Breeding,CIAT-BR-15-8976,BR15_8976,,,hybrid,885.7,208.7080236,0.235641892,,,0.92844753,224.7924809,2247.924809,2.247924809,13.48754885
FM2411,I1N,371,2,27,7,5/8/2026 0:00,3/18/2026 0:00,Interspecific U.,Breeding,CIAT-BR-15-8976,BR15_8976,,,hybrid,899.9,201.5745478,0.223996608,,,0.84047586,239.8338339,2398.338339,2.398338339,14.39003003
FM2411,I1N,882,3,63,14,5/8/2026 0:00,3/18/2026 0:00,Interspecific U.,Breeding,CIAT-BR-15-8976,BR15_8976,,,hybrid,458.5,93.50741353,0.203942014,,,0.54853169,170.4685713,1704.685713,1.704685713,10.22811428
FM2411,I1N,91,1,7,7,5/8/2026 0:00,3/18/2026 0:00,Interspecific U.,Breeding,CIAT-BR-15-9125,BR15_9125,,,hybrid,225,55.21880544,0.245416913,,,0.40720493,135.604462,1356.04462,1.35604462,8.136267718
FM2411,I1N,462,2,33,14,5/8/2026 0:00,3/18/2026 0:00,Interspecific U.,Breeding,CIAT-BR-15-9125,BR15_9125,,,hybrid,367.7,87.74295856,0.238626485,,,0.45180209,194.2066239,1942.066239,1.942066239,11.65239743
FM2411,I1N,845,3,61,5,5/8/2026 0:00,3/18/2026 0:00,Interspecific U.,Breeding,CIAT-BR-15-9125,BR15_9125,,,hybrid,337.6,81.81,0.242328199,,,0.32936924,248.3838503,2483.838503,2.483838503,14.90303102
FM2411,I1N,4,1,1,4,5/8/2026 0:00,3/18/2026 0:00,Interspecific U.,Breeding,CIAT-BR-15-9141,BR15_9141,,,hybrid,440.6,93.3657859,0.211906005,,,0.5573989,167.5026375,1675.026375,1.675026375,10.05015825
FM2411,I1N,448,2,32,14,5/8/2026 0:00,3/18/2026 0:00,Interspecific U.,Breeding,CIAT-BR-15-9141,BR15_9141,,,hybrid,859,185.8214822,0.216323029,,,0.74023841,251.0292355,2510.292355,2.510292355,15.06175413
FM2411,I1N,812,3,58,14,5/8/2026 0:00,3/18/2026 0:00,Interspecific U.,Breeding,CIAT-BR-15-9141,BR15_9141,,,hybrid,1195.5,241.0911726,0.201665556,,,0.78031357,308.9670382,3089.670382,3.089670382,18.53802229
FM2411,I1N,281,1,21,1,5/8/2026 0:00,3/18/2026 0:00,Interspecific U.,Breeding,CIAT-BR-15-9142,BR15_9142,,,hybrid,677.6,148.0906876,0.218551782,,,0.75276111,196.7299926,1967.299926,1.967299926,11.80379956
FM2411,I1N,585,2,42,11,5/8/2026 0:00,3/18/2026 0:00,Interspecific U.,Breeding,CIAT-BR-15-9142,BR15_9142,,,hybrid,480.6,100.6595483,0.209445585,,,0.53950098,186.5789906,1865.789906,1.865789906,11.19473943
FM2411,I1N,694,3,50,8,5/8/2026 0:00,3/18/2026 0:00,Interspecific U.,Breeding,CIAT-BR-15-9142,BR15_9142,,,hybrid,551.1,118.28443,0.214633333,,,0.4814958,245.6603567,2456.603567,2.456603567,14.7396214
FM2411,I1N,50,1,4,8,5/8/2026 0:00,3/18/2026 0:00,Interspecific U.,Breeding,CIAT-BR-15-0972,BR15_972,,,hybrid,830.5,168.6680214,0.203092139,,,0.73103218,230.7258504,2307.258504,2.307258504,13.84355102
FM2411,I1N,562,2,41,2,5/8/2026 0:00,3/18/2026 0:00,Interspecific U.,Breeding,CIAT-BR-15-0972,BR15_972,,,hybrid,597.4,129.702414,0.217111507,,,0.51738731,250.6872733,2506.872733,2.506872733,15.0412364
FM2411,I1N,722,3,52,8,5/8/2026 0:00,3/18/2026 0:00,Interspecific U.,Breeding,CIAT-BR-15-0972,BR15_972,,,hybrid,948.4,228.5498663,0.240984676,,,0.67817,337.0096972,3370.096972,3.370096972,20.22058183
FM2411,I1N,13,1,1,13,5/8/2026 0:00,3/18/2026 0:00,Interspecific U.,Breeding,CIAT-BR-19-1033,BR19_1033,,,hybrid,462.3,97.18585515,0.210222486,,,0.58745737,165.4347364,1654.347364,1.654347364,9.926084184
FM2411,I1N,574,2,41,14,5/8/2026 0:00,3/18/2026 0:00,Interspecific U.,Breeding,CIAT-BR-19-1033,BR19_1033,,,hybrid,890.5,186.0978989,0.208981358,,,0.73702023,252.5003945,2525.003945,2.525003945,15.15002367
FM2411,I1N,719,3,52,5,5/8/2026 0:00,3/18/2026 0:00,Interspecific U.,Breeding,CIAT-BR-19-1033,BR19_1033,,,hybrid,793.7,197.1221438,0.248358503,,,0.66398379,296.8779461,2968.779461,2.968779461,17.81267676
FM2411,I1N,203,1,15,7,5/8/2026 0:00,3/18/2026 0:00,Interspecific U.,Breeding,CIAT-BR-19-0113,BR19_113,,,hybrid,1086.5,275.2191072,0.253307968,,,1.04635377,263.0268224,2630.268224,2.630268224,15.78160934
FM2411,I1N,439,2,32,5,5/8/2026 0:00,3/18/2026 0:00,Interspecific U.,Breeding,CIAT-BR-19-0113,BR19_113,,,hybrid,575.9,141.2310247,0.245235327,,,0.69783892,202.3834164,2023.834164,2.023834164,12.14300498
FM2411,I1N,685,3,49,13,5/8/2026 0:00,3/18/2026 0:00,Interspecific U.,Breeding,CIAT-BR-19-0113,BR19_113,,,hybrid,1007.8,249.1768591,0.247248322,,,0.69064329,360.7895171,3607.895171,3.607895171,21.64737102
FM2411,I1N,76,1,6,6,3/25/2025 0:00,2/24/2025 0:00,Interspecific U.,Breeding,CIAT-BR-19-1264,BR19_1264,,,hybrid,633.6,139,0.219381313,42,,0.953856383,145.7242437,1457.242437,1.457242437,8.743454621
FM2411,I1N,124,1,3,9,3/25/2025 0:00,2/19/2025 0:00,Interspecific U.,Breeding,CIAT-BR-19-1343,BR19_1343,,,hybrid,2408.97,411.47,0.170807441,56,,2.527659574,162.7869529,1627.869529,1.627869529,9.767217172
FM2411,I1N,359,2,9,26,3/25/2025 0:00,2/19/2025 0:00,Interspecific U.,Breeding,CIAT-BR-19-1343,BR19_1343,,,hybrid,968.3,167.7,0.173190127,47,,1.038829787,161.4316436,1614.316436,1.614316436,9.685898618
FM2411,I1N,752,3,10,54,3/25/2025 0:00,2/19/2025 0:00,Interspecific U.,Breeding,CIAT-BR-19-1343,BR19_1343,,,hybrid,832,161,0.193509615,43,,1.087898936,147.9916881,1479.916881,1.479916881,8.879501283
FM2411,I1N,181,1,13,13,5/8/2026 0:00,3/18/2026 0:00,Interspecific U.,Breeding,CIAT-BR-19-1444,BR19_1444,,,hybrid,235.6,84.23877886,0.357549995,,,0.35651413,236.2845446,2362.845446,2.362845446,14.17707268
FM2411,I1N,398,2,29,6,5/8/2026 0:00,3/18/2026 0:00,Interspecific U.,Breeding,CIAT-BR-19-1444,BR19_1444,,,hybrid,475.4,120.4119474,0.253285544,,,0.51958831,231.7449125,2317.449125,2.317449125,13.90469475
FM2411,I1N,640,3,46,10,5/8/2026 0:00,3/18/2026 0:00,Interspecific U.,Breeding,CIAT-BR-19-1444,BR19_1444,,,hybrid,469,106.8326754,0.227788221,,,0.43788448,243.9745648,2439.745648,2.439745648,14.63847389
FM2411,I1N,280,1,20,14,5/8/2026 0:00,3/18/2026 0:00,Interspecific U.,Breeding,CIAT-BR-19-1583,BR19_1583,,,hybrid,488.8,106.9488939,0.218798883,,,0.57764294,185.1470631,1851.470631,1.851470631,11.10882379
FM2411,I1N,490,2,35,14,5/8/2026 0:00,3/18/2026 0:00,Interspecific U.,Breeding,CIAT-BR-19-1583,BR19_1583,,,hybrid,1017.1,171.4135252,0.168531634,,,0.75675586,226.5109981,2265.109981,2.265109981,13.59065989
FM2411,I1N,663,3,48,5,5/8/2026 0:00,3/18/2026 0:00,Interspecific U.,Breeding,CIAT-BR-19-1583,BR19_1583,,,hybrid,592.1,121.0668046,0.204470199,,,0.47480038,254.9846414,2549.846414,2.549846414,15.29907848
FM2411,I1N,69,1,5,13,5/8/2026 0:00,3/18/2026 0:00,Interspecific U.,Breeding,CIAT-BR-19-0166,BR19_166,,,hybrid,453.1,106.3661996,0.234752151,,,0.63799972,166.7182544,1667.182544,1.667182544,10.00309527
FM2411,I1N,308,2,22,14,5/8/2026 0:00,3/18/2026 0:00,Interspecific U.,Breeding,CIAT-BR-19-0166,BR19_166,,,hybrid,666.9,192.4482857,0.288571429,,,0.70155037,274.3185578,2743.185578,2.743185578,16.45911347
FM2411,I1N,881,3,63,13,5/8/2026 0:00,3/18/2026 0:00,Interspecific U.,Breeding,CIAT-BR-19-0166,BR19_166,,,hybrid,620.3,140.4152433,0.226366667,,,0.52477644,267.571546,2675.71546,2.67571546,16.05429276
FM2411,I1N,190,1,14,8,5/8/2026 0:00,3/18/2026 0:00,Interspecific U.,Breeding,CIAT-BR-19-1727,BR19_1727,,,hybrid,784.6,195.4190062,0.249068323,,,0.8972634,217.7944695,2177.944695,2.177944695,13.06766817
FM2411,I1N,101,1,8,3,5/8/2026 0:00,3/18/2026 0:00,Interspecific U.,Breeding,CIAT-BR-19-1783,BR19_1783,,,hybrid,365.5,82.51279406,0.225753199,,,0.51291937,160.8689375,1608.689375,1.608689375,9.652136248
FM2411,I1N,343,2,25,7,5/8/2026 0:00,3/18/2026 0:00,Interspecific U.,Breeding,CIAT-BR-19-1783,BR19_1783,,,hybrid,219.8,57.97,0.263739763,,,0.27703407,209.2522411,2092.522411,2.092522411,12.55513446
FM2411,I1N,749,3,54,7,5/8/2026 0:00,3/18/2026 0:00,Interspecific U.,Breeding,CIAT-BR-19-1783,BR19_1783,,,hybrid,605.8,156.3747727,0.258129371,,,0.47062077,332.2734199,3322.734199,3.322734199,19.93640519
FM2411,I1N,228,1,17,4,5/8/2026 0:00,3/18/2026 0:00,Interspecific U.,Breeding,CIAT-BR-19-1793,BR19_1793,,,hybrid,290.2,90.97,0.313473467,,,0.3551952,256.1126952,2561.126952,2.561126952,15.36676171
FM2411,I1N,400,2,29,8,5/8/2026 0:00,3/18/2026 0:00,Interspecific U.,Breeding,CIAT-BR-19-1793,BR19_1793,,,hybrid,206.2,59.63798712,0.289223992,,,0.2785259,214.1200769,2141.200769,2.141200769,12.84720461
FM2411,I1N,739,3,53,11,5/8/2026 0:00,3/18/2026 0:00,Interspecific U.,Breeding,CIAT-BR-19-1793,BR19_1793,,,hybrid,540.9,140.0409867,0.258903654,,,0.44102843,317.5327874,3175.327874,3.175327874,19.05196725
FM2411,I1N,466,2,34,4,5/8/2026 0:00,3/18/2026 0:00,Interspecific U.,Breeding,CIAT-BR-19-1806,BR19_1806,,,hybrid,448.3,122.540589,0.273345057,,,0.44423621,275.8455664,2758.455664,2.758455664,16.55073398
FM2411,I1N,698,3,50,12,5/8/2026 0:00,3/18/2026 0:00,Interspecific U.,Breeding,CIAT-BR-19-1806,BR19_1806,,,hybrid,601.2,153.1816917,0.254793233,,,0.53019302,288.9168396,2889.168396,2.889168396,17.33501038
FM2411,I1N,40,1,3,12,5/8/2026 0:00,3/18/2026 0:00,Interspecific U.,Breeding,CIAT-BR-19-2001,BR19_2001,,,hybrid,258.9,54.14645884,0.209140436,,,0.46826827,115.6312787,1156.312787,1.156312787,6.937876722
FM2411,I1N,480,2,35,4,5/8/2026 0:00,3/18/2026 0:00,Interspecific U.,Breeding,CIAT-BR-19-2001,BR19_2001,,,hybrid,318.5,74.79,0.234819466,,,0.40152048,186.266962,1862.66962,1.86266962,11.17601772
FM2411,I1N,823,3,59,11,5/8/2026 0:00,3/18/2026 0:00,Interspecific U.,Breeding,CIAT-BR-19-2001,BR19_2001,,,hybrid,849.4,201.7254732,0.237491727,,,0.71515579,282.0720688,2820.720688,2.820720688,16.92432413
FM2411,I1N,584,2,42,10,5/8/2026 0:00,3/18/2026 0:00,Interspecific U.,Breeding,CIAT-BR-19-0021,BR19_21,,,hybrid,866.6,201.9434624,0.233029613,,,0.57447784,351.5252432,3515.252432,3.515252432,21.09151459
FM2411,I1N,839,3,60,13,5/8/2026 0:00,3/18/2026 0:00,Interspecific U.,Breeding,CIAT-BR-19-0021,BR19_21,,,hybrid,710.3,182.4103756,0.256807512,,,0.56201177,324.5668246,3245.668246,3.245668246,19.47400948
FM2411,I1N,94,1,7,10,5/8/2026 0:00,3/18/2026 0:00,Interspecific U.,Breeding,CIAT-BR-19-2124,BR19_2124,,,hybrid,201.2,51.93,0.258101392,,,0.2987665,173.814668,1738.14668,1.73814668,10.42888008
FM2411,I1N,335,2,24,13,5/8/2026 0:00,3/18/2026 0:00,Interspecific U.,Breeding,CIAT-BR-19-2124,BR19_2124,,,hybrid,663.4,149.344939,0.225120499,,,0.70263961,212.5484202,2125.484202,2.125484202,12.75290521
FM2411,I1N,720,3,52,6,5/8/2026 0:00,3/18/2026 0:00,Interspecific U.,Breeding,CIAT-BR-19-2124,BR19_2124,,,hybrid,990.2,210.7558371,0.212841686,,,0.6958785,302.8629813,3028.629813,3.028629813,18.17177888
FM2411,I1N,240,1,18,2,5/8/2026 0:00,3/18/2026 0:00,Interspecific U.,Breeding,CIAT-BR-19-2287,BR19_2287,,,hybrid,357.8,107.44,0.300279486,,,0.44716642,240.2684889,2402.684889,2.402684889,14.41610933
FM2411,I1N,297,2,22,3,5/8/2026 0:00,3/18/2026 0:00,Interspecific U.,Breeding,CIAT-BR-19-2287,BR19_2287,,,hybrid,538.4,139.4139703,0.258941252,,,0.58175064,239.6455813,2396.455813,2.396455813,14.37873488
FM2411,I1N,772,3,56,2,5/8/2026 0:00,3/18/2026 0:00,Interspecific U.,Breeding,CIAT-BR-19-2287,BR19_2287,,,hybrid,819.5,215.8341697,0.263372995,,,0.61059606,353.4811045,3534.811045,3.534811045,21.20886627
FM2411,I1N,60,1,5,4,5/8/2026 0:00,3/18/2026 0:00,Interspecific U.,Breeding,CIAT-BR-19-0231,BR19_231,,,hybrid,345,90.62784091,0.262689394,,,0.43657295,207.5892263,2075.892263,2.075892263,12.45535358
FM2411,I1N,443,2,32,9,5/8/2026 0:00,3/18/2026 0:00,Interspecific U.,Breeding,CIAT-BR-19-0231,BR19_231,,,hybrid,426.7,105.9505267,0.248302148,,,0.52277009,202.671363,2026.71363,2.02671363,12.16028178
FM2411,I1N,602,3,43,14,5/8/2026 0:00,3/18/2026 0:00,Interspecific U.,Breeding,CIAT-BR-19-0231,BR19_231,,,hybrid,559.1,127.5719528,0.228173766,,,0.48363124,263.7793885,2637.793885,2.637793885,15.82676331
FM2411,I1N,104,1,8,6,5/8/2026 0:00,3/18/2026 0:00,Interspecific U.,Breeding,CIAT-BR-19-2329,BR19_2329,,,hybrid,440.7,107.08338,0.242984751,,,0.69675221,153.6893295,1536.893295,1.536893295,9.221359767
FM2411,I1N,458,2,33,10,5/8/2026 0:00,3/18/2026 0:00,Interspecific U.,Breeding,CIAT-BR-19-2329,BR19_2329,,,hybrid,543.3,128.1247333,0.23582686,,,0.70131269,182.6927348,1826.927348,1.826927348,10.96156409
FM2411,I1N,604,3,44,2,5/8/2026 0:00,3/18/2026 0:00,Interspecific U.,Breeding,CIAT-BR-19-2329,BR19_2329,,,hybrid,770.3,165.6657345,0.215066512,,,0.71598063,231.3829838,2313.829838,2.313829838,13.88297903
FM2411,I1N,214,1,16,4,5/8/2026 0:00,3/18/2026 0:00,Interspecific U.,Breeding,CIAT-BR-19-0244,BR19_244,,,hybrid,233.3,67.19508608,0.288020086,,,0.37039599,181.4141835,1814.141835,1.814141835,10.88485101
FM2411,I1N,315,2,23,7,5/8/2026 0:00,3/18/2026 0:00,Interspecific U.,Breeding,CIAT-BR-19-0244,BR19_244,,,hybrid,287.1,71.22,0.248066876,,,0.34918105,203.9629585,2039.629585,2.039629585,12.23777751
FM2411,I1N,781,3,56,11,5/8/2026 0:00,3/18/2026 0:00,Interspecific U.,Breeding,CIAT-BR-19-0244,BR19_244,,,hybrid,597.5,163.2617715,0.273241459,,,0.41072043,397.5009752,3975.009752,3.975009752,23.85005851
FM2411,I1N,170,1,13,2,5/8/2026 0:00,3/18/2026 0:00,Interspecific U.,Breeding,CIAT-BR-19-0247,BR19_247,,,hybrid,292.4,93.87,0.321032832,,,0.38830363,241.7438127,2417.438127,2.417438127,14.50462876
FM2411,I1N,471,2,34,9,5/8/2026 0:00,3/18/2026 0:00,Interspecific U.,Breeding,CIAT-BR-19-0247,BR19_247,,,hybrid,272.6,84.89957418,0.311443779,,,0.36322177,233.7403239,2337.403239,2.337403239,14.02441944
FM2411,I1N,614,3,44,12,5/8/2026 0:00,3/18/2026 0:00,Interspecific U.,Breeding,CIAT-BR-19-0247,BR19_247,,,hybrid,1229.6,234.0000462,0.190305828,,,0.86711485,269.8604991,2698.604991,2.698604991,16.19162994
FM2411,I1N,269,1,20,3,5/8/2026 0:00,3/18/2026 0:00,Interspecific U.,Breeding,CIAT-BR-19-2520,BR19_2520,,,hybrid,565,136.4420186,0.241490298,,,0.69038514,197.6317431,1976.317431,1.976317431,11.85790459
FM2411,I1N,417,2,30,11,5/8/2026 0:00,3/18/2026 0:00,Interspecific U.,Breeding,CIAT-BR-19-2520,BR19_2520,,,hybrid,534.5,132.3127935,0.247544983,,,0.6348677,208.4100255,2084.100255,2.084100255,12.50460153
FM2411,I1N,744,3,54,2,5/8/2026 0:00,3/18/2026 0:00,Interspecific U.,Breeding,CIAT-BR-19-2520,BR19_2520,,,hybrid,487.8,125.1799041,0.25662137,,,0.54346399,230.3370718,2303.370718,2.303370718,13.82022431
FM2411,I1N,261,1,19,9,5/8/2026 0:00,3/18/2026 0:00,Interspecific U.,Breeding,CIAT-BR-19-2632,BR19_2632,,,hybrid,694.7,164.6192861,0.236964569,,,0.81193796,202.7486017,2027.486017,2.027486017,12.1649161
FM2411,I1N,278,1,20,12,5/8/2026 0:00,3/18/2026 0:00,Interspecific U.,Breeding,CIAT-BR-19-2734,BR19_2734,,,hybrid,143.5,51.88827839,0.36159079,,,0.3479409,149.1295746,1491.295746,1.491295746,8.947774473
FM2411,I1N,309,2,23,1,5/8/2026 0:00,3/18/2026 0:00,Interspecific U.,Breeding,CIAT-BR-19-2734,BR19_2734,,,hybrid,580.9,144.426344,0.24862514,,,0.63260215,228.3051741,2283.051741,2.283051741,13.69831045
FM2411,I1N,763,3,55,7,5/8/2026 0:00,3/18/2026 0:00,Interspecific U.,Breeding,CIAT-BR-19-2734,BR19_2734,,,hybrid,1165.7,261.713628,0.224511991,,,0.70492971,371.2620199,3712.620199,3.712620199,22.27572119
FM2411,I1N,276,1,20,10,5/8/2026 0:00,3/18/2026 0:00,Interspecific U.,Breeding,CIAT-BR-19-2789,BR19_2789,,,hybrid,387.7,90.24543397,0.232771302,,,0.45070131,200.2333518,2002.333518,2.002333518,12.01400111
FM2411,I1N,467,2,34,5,5/8/2026 0:00,3/18/2026 0:00,Interspecific U.,Breeding,CIAT-BR-19-2789,BR19_2789,,,hybrid,232.4,55.47933678,0.23872348,,,0.34591529,160.3841703,1603.841703,1.603841703,9.623050218
FM2411,I1N,784,3,56,14,5/8/2026 0:00,3/18/2026 0:00,Interspecific U.,Breeding,CIAT-BR-19-2789,BR19_2789,,,hybrid,1012.3,218.5599581,0.215904335,,,0.72532585,301.3265805,3013.265805,3.013265805,18.07959483
FM2411,I1N,79,1,6,9,2/19/2026 0:00,2/11/2026 0:00,Interspecific U.,Breeding,CIAT-BR-19-2886,BR19_2886,,,hybrid,580.6,116.58,0.200792284,46,3,0.63867246,182.5348787,1825.348787,1.825348787,10.95209272
FM2411,I1N,503,2,36,13,2/19/2026 0:00,2/11/2026 0:00,Interspecific U.,Breeding,CIAT-BR-19-2886,BR19_2886,,,hybrid,565.1,139.36,0.246611219,48,2.5,0.71725816,194.2954542,1942.954542,1.942954542,11.65772725
FM2411,I1N,877,3,63,9,2/19/2026 0:00,2/11/2026 0:00,Interspecific U.,Breeding,CIAT-BR-19-2886,BR19_2886,,,hybrid,710.3,147.94,0.208278192,41,2.5,0.61079705,242.2081115,2422.081115,2.422081115,14.53248669
SOC-BEF_METANO,M2N,107,1,5,3,11/28/2024 0:00,11/20/2024 0:00,Interspecific U.,Breeding,CIAT-BR-19-0029,BR19_29,,,hybrid,470.9,112.1600137,0.238182233,30,,0.32,350.5000428,3505.000428,3.505000428,21.03000257
SOC-BEF_METANO,M2N,506,3,20,15,11/28/2024 0:00,11/20/2024 0:00,Interspecific U.,Breeding,CIAT-BR-19-0029,BR19_29,,,hybrid,415.6,94.27557895,0.226842105,33,,0.53,177.8784508,1778.784508,1.778784508,10.67270705
SOC-BEF_METANO,M2N,353,2,14,12,11/28/2024 0:00,11/20/2024 0:00,Interspecific U.,Breeding,CIAT-BR-19-0029,BR19_29,,,hybrid,532.2,123.04464,0.2312,39,,0.54,227.8604444,2278.604444,2.278604444,13.67162667
FM2411,I1N,130,1,10,4,5/8/2026 0:00,3/18/2026 0:00,Interspecific U.,Breeding,CIAT-BR-19-2958,BR19_2958,,,hybrid,844.7,172.8378264,0.204614451,,,0.82701761,208.9892939,2089.892939,2.089892939,12.53935763
FM2411,I1N,523,2,38,5,5/8/2026 0:00,3/18/2026 0:00,Interspecific U.,Breeding,CIAT-BR-19-2958,BR19_2958,,,hybrid,715.7,143.0984499,0.199941945,,,0.55231218,259.0897958,2590.897958,2.590897958,15.54538775
FM2411,I1N,760,3,55,4,5/8/2026 0:00,3/18/2026 0:00,Interspecific U.,Breeding,CIAT-BR-19-2958,BR19_2958,,,hybrid,821.3,193.1600457,0.235188172,,,0.62458819,309.2598432,3092.598432,3.092598432,18.55559059
FM2411,I1N,169,1,13,1,5/8/2026 0:00,3/18/2026 0:00,Interspecific U.,Breeding,CIAT-BR-19-0300,BR19_300,,,hybrid,429.4,112.125018,0.26112021,,,0.5615192,199.681539,1996.81539,1.99681539,11.98089234
FM2411,I1N,488,2,35,12,5/8/2026 0:00,3/18/2026 0:00,Interspecific U.,Breeding,CIAT-BR-19-0300,BR19_300,,,hybrid,559.8,130.8052527,0.23366426,,,0.72038494,181.576884,1815.76884,1.81576884,10.89461304
FM2411,I1N,598,3,43,10,5/8/2026 0:00,3/18/2026 0:00,Interspecific U.,Breeding,CIAT-BR-19-0300,BR19_300,,,hybrid,386.1,84.8952,0.219878788,,,0.39688946,213.9013719,2139.013719,2.139013719,12.83408232
FM2411,I1N,26,1,2,12,5/8/2026 0:00,3/18/2026 0:00,Interspecific U.,Breeding,CIAT-BR-19-3048,BR19_3048,,,hybrid,338.6,86.01665046,0.25403618,,,0.5772585,149.0088937,1490.088937,1.490088937,8.940533621
FM2411,I1N,403,2,29,11,5/8/2026 0:00,3/18/2026 0:00,Interspecific U.,Breeding,CIAT-BR-19-3048,BR19_3048,,,hybrid,204.5,58.15348399,0.284369115,,,0.33534755,173.4125804,1734.125804,1.734125804,10.40475483
FM2411,I1N,689,3,50,3,5/8/2026 0:00,3/18/2026 0:00,Interspecific U.,Breeding,CIAT-BR-19-3048,BR19_3048,,,hybrid,898.8,194.5887614,0.216498399,,,0.71608633,271.7392488,2717.392488,2.717392488,16.30435493
FM2411,I1N,120,1,9,8,5/8/2026 0:00,3/18/2026 0:00,Interspecific U.,Breeding,CIAT-BR-19-3107,BR19_3107,,,hybrid,901.1,185.7311553,0.206116031,,,0.87390533,212.5300636,2125.300636,2.125300636,12.75180381
FM2411,I1N,298,2,22,4,5/8/2026 0:00,3/18/2026 0:00,Interspecific U.,Breeding,CIAT-BR-19-3107,BR19_3107,,,hybrid,887,208.3924704,0.234940778,,,0.93845839,222.0582954,2220.582954,2.220582954,13.32349772
FM2411,I1N,591,3,43,3,5/8/2026 0:00,3/18/2026 0:00,Interspecific U.,Breeding,CIAT-BR-19-3107,BR19_3107,,,hybrid,923.7,187.5824877,0.203077284,,,0.65892938,284.6776807,2846.776807,2.846776807,17.08066084
FM2411,I1N,98,1,7,14,5/8/2026 0:00,3/18/2026 0:00,Interspecific U.,Breeding,CIAT-BR-19-0325,BR19_325,,,hybrid,548.2,129.931417,0.237014624,,,0.72681314,178.7686682,1787.686682,1.787686682,10.72612009
FM2411,I1N,479,2,35,3,5/8/2026 0:00,3/18/2026 0:00,Interspecific U.,Breeding,CIAT-BR-19-0325,BR19_325,,,hybrid,1232.6,262.5174268,0.212978604,,,0.85311117,307.7177231,3077.177231,3.077177231,18.46306339
FM2411,I1N,787,3,57,3,5/8/2026 0:00,3/18/2026 0:00,Interspecific U.,Breeding,CIAT-BR-19-0325,BR19_325,,,hybrid,1064.3,246.7854506,0.231875834,,,0.65290573,377.9802187,3779.802187,3.779802187,22.67881312
FM2411,I1N,110,1,8,12,5/8/2026 0:00,3/18/2026 0:00,Interspecific U.,Breeding,CIAT-BR-19-3294,BR19_3294,,,hybrid,651.1,127.9488536,0.196511832,,,0.59637583,214.5439959,2145.439959,2.145439959,12.87263976
FM2411,I1N,282,1,21,2,5/8/2026 0:00,3/18/2026 0:00,Interspecific U.,Breeding,CIAT-BR-19-3334,BR19_3334,,,hybrid,729.9,167.4397268,0.229400914,,,0.81047512,206.5945304,2065.945304,2.065945304,12.39567182
FM2411,I1N,567,2,41,7,5/8/2026 0:00,3/18/2026 0:00,Interspecific U.,Breeding,CIAT-BR-19-3334,BR19_3334,,,hybrid,1075.5,215.3219814,0.200206398,,,0.6947585,309.9234935,3099.234935,3.099234935,18.59540961
FM2411,I1N,808,3,58,10,5/8/2026 0:00,3/18/2026 0:00,Interspecific U.,Breeding,CIAT-BR-19-3334,BR19_3334,,,hybrid,975.9,202.0019264,0.206990395,,,0.76730455,263.261734,2632.61734,2.63261734,15.79570404
FM2411,I1N,257,1,19,5,5/8/2026 0:00,3/18/2026 0:00,Interspecific U.,Breeding,CIAT-BR-19-3677,BR19_3677,,,hybrid,320,89.25558568,0.278923705,,,0.46373726,192.4701623,1924.701623,1.924701623,11.54820974
FM2411,I1N,358,2,26,8,5/8/2026 0:00,3/18/2026 0:00,Interspecific U.,Breeding,CIAT-BR-19-3677,BR19_3677,,,hybrid,520.2,131.5121487,0.252810743,,,0.63637354,206.6587317,2066.587317,2.066587317,12.3995239
FM2411,I1N,792,3,57,8,5/8/2026 0:00,3/18/2026 0:00,Interspecific U.,Breeding,CIAT-BR-19-3677,BR19_3677,,,hybrid,582.2,135.1106637,0.232069158,,,0.4867079,277.6011314,2776.011314,2.776011314,16.65606788
FM2411,I1N,36,1,3,8,5/8/2026 0:00,3/18/2026 0:00,Interspecific U.,Breeding,CIAT-BR-19-3786,BR19_3786,,,hybrid,190.2,47.41,0.249263933,,,0.38113196,124.3926119,1243.926119,1.243926119,7.463556717
FM2411,I1N,392,2,28,14,5/8/2026 0:00,3/18/2026 0:00,Interspecific U.,Breeding,CIAT-BR-19-3786,BR19_3786,,,hybrid,460.3,97.20040609,0.211167513,,,0.48555383,200.1846141,2001.846141,2.001846141,12.01107685
FM2411,I1N,672,3,48,14,5/8/2026 0:00,3/18/2026 0:00,Interspecific U.,Breeding,CIAT-BR-19-3786,BR19_3786,,,hybrid,470,112.7481116,0.239889599,,,0.40947394,275.3486866,2753.486866,2.753486866,16.52092119
FM2411,I1N,43,1,4,1,5/8/2026 0:00,3/18/2026 0:00,Interspecific U.,Breeding,CIAT-BR-19-0388,BR19_388,,,hybrid,290.6,71.41593136,0.245753377,,,0.47294282,151.0033102,1510.033102,1.510033102,9.060198612
FM2411,I1N,318,2,23,10,5/8/2026 0:00,3/18/2026 0:00,Interspecific U.,Breeding,CIAT-BR-19-0388,BR19_388,,,hybrid,304.5,73.42694064,0.241139378,,,0.3882105,189.1420779,1891.420779,1.891420779,11.34852468
FM2411,I1N,805,3,58,7,5/8/2026 0:00,3/18/2026 0:00,Interspecific U.,Breeding,CIAT-BR-19-0388,BR19_388,,,hybrid,842.2,167.2224743,0.198554351,,,0.56784134,294.4880242,2944.880242,2.944880242,17.66928145
FM2411,I1N,177,1,13,9,5/8/2026 0:00,3/18/2026 0:00,Interspecific U.,Breeding,CIAT-BR-19-0039,BR19_39,,,hybrid,1001.9,224.4837622,0.224058052,,,0.89838556,249.8746331,2498.746331,2.498746331,14.99247799
FM2411,I1N,527,2,38,9,5/8/2026 0:00,3/18/2026 0:00,Interspecific U.,Breeding,CIAT-BR-19-0039,BR19_39,,,hybrid,1260.7,254.8417608,0.202143064,,,0.86300079,295.2972509,2952.972509,2.952972509,17.71783505
FM2411,I1N,802,3,58,4,5/8/2026 0:00,3/18/2026 0:00,Interspecific U.,Breeding,CIAT-BR-19-0039,BR19_39,,,hybrid,1458.6,311.1624844,0.213329552,,,0.76830237,405.000032,4050.00032,4.05000032,24.30000192
FM2411,I1N,255,1,19,3,5/8/2026 0:00,3/18/2026 0:00,Interspecific U.,Breeding,CIAT-BR-19-3918,BR19_3918,,,hybrid,316.4,92.26447306,0.291607058,,,0.43336683,212.9015575,2129.015575,2.129015575,12.77409345
FM2411,I1N,419,2,30,13,5/8/2026 0:00,3/18/2026 0:00,Interspecific U.,Breeding,CIAT-BR-19-3918,BR19_3918,,,hybrid,503.1,129.0744787,0.256558296,,,0.59687541,216.250287,2162.50287,2.16250287,12.97501722
FM2411,I1N,729,3,53,1,5/8/2026 0:00,3/18/2026 0:00,Interspecific U.,Breeding,CIAT-BR-19-3918,BR19_3918,,,hybrid,822.2,199.7262881,0.242916916,,,0.57096536,349.8045628,3498.045628,3.498045628,20.98827377
FM2411,I1N,256,1,19,4,5/8/2026 0:00,3/18/2026 0:00,Interspecific U.,Breeding,CIAT-BR-19-3959,BR19_3959,,,hybrid,371.1,96.30471261,0.259511486,,,0.48191205,199.8387727,1998.387727,1.998387727,11.99032636
FM2411,I1N,464,2,34,2,5/8/2026 0:00,3/18/2026 0:00,Interspecific U.,Breeding,CIAT-BR-19-3959,BR19_3959,,,hybrid,442.1,96.97285147,0.219345966,,,0.63783779,152.0337192,1520.337192,1.520337192,9.122023153
FM2411,I1N,704,3,51,4,5/8/2026 0:00,3/18/2026 0:00,Interspecific U.,Breeding,CIAT-BR-19-3959,BR19_3959,,,hybrid,1056.5,250.1086481,0.236733221,,,0.80824585,309.4462509,3094.462509,3.094462509,18.56677505
FM2411,I1N,41,1,3,13,5/8/2026 0:00,3/18/2026 0:00,Interspecific U.,Breeding,CIAT-BR-19-0396,BR19_396,,,hybrid,46.4,16.78050744,0.361648867,,,0.12350373,136.5933806,1360.3,1.36,8.16
FM2411,I1N,361,2,26,11,5/8/2026 0:00,3/18/2026 0:00,Interspecific U.,Breeding,CIAT-BR-19-0396,BR19_396,,,hybrid,436.2,106.3789137,0.243876464,,,0.53978343,197.0770272,1970.770272,1.970770272,11.82462163
FM2411,I1N,867,3,62,13,5/8/2026 0:00,3/18/2026 0:00,Interspecific U.,Breeding,CIAT-BR-19-0396,BR19_396,,,hybrid,918.8,217.3929652,0.236605317,,,0.61166204,355.4135307,3554.135307,3.554135307,21.32481184
FM2411,I1N,158,1,12,4,5/8/2026 0:00,3/18/2026 0:00,Interspecific U.,Breeding,CIAT-BR-19-0405,BR19_405,,,hybrid,595.2,147.9282385,0.248535347,,,0.74881972,197.5485348,1975.485348,1.975485348,11.85291209
FM2411,I1N,491,2,36,1,5/8/2026 0:00,3/18/2026 0:00,Interspecific U.,Breeding,CIAT-BR-19-0405,BR19_405,,,hybrid,486.6,110.484763,0.227054589,,,0.59990499,184.1704351,1841.704351,1.841704351,11.05022611
FM2411,I1N,708,3,51,8,5/8/2026 0:00,3/18/2026 0:00,Interspecific U.,Breeding,CIAT-BR-19-0405,BR19_405,,,hybrid,1433,329.7333,0.2301,,,0.83264947,396.0049359,3960.049359,3.960049359,23.76029615
SOC-BEF_METANO,M2N,23,1,1,23,11/28/2024 0:00,11/20/2024 0:00,Interspecific U.,Breeding,CIAT-BR-19-0423,BR19_423,,,hybrid,461.9,102.7172936,0.222379938,40,,0.35,293.4779817,2934.779817,2.934779817,17.6086789
SOC-BEF_METANO,M2N,319,2,13,7,11/28/2024 0:00,11/20/2024 0:00,Interspecific U.,Breeding,CIAT-BR-19-0423,BR19_423,,,hybrid,673.8,167.5024688,0.24859375,34,,0.48,348.9634766,3489.634766,3.489634766,20.93780859
SOC-BEF_METANO,M2N,465,3,18,4,11/28/2024 0:00,11/20/2024 0:00,Interspecific U.,Breeding,CIAT-BR-19-0423,BR19_423,,,hybrid,316.5,70.76035714,0.223571429,37,,0.51,138.7457983,1387.457983,1.387457983,8.324747899
FM2411,I1N,492,2,36,2,5/8/2026 0:00,3/18/2026 0:00,Interspecific U.,Breeding,CIAT-BR-19-4253,BR19_4253,,,hybrid,351.3,84.22515678,0.239752795,,,0.4473793,188.2634194,1882.634194,1.882634194,11.29580516
FM2411,I1N,878,3,63,10,5/8/2026 0:00,3/18/2026 0:00,Interspecific U.,Breeding,CIAT-BR-19-4253,BR19_4253,,,hybrid,797.3,172.2565335,0.216049835,,,0.60509284,284.6778579,2846.778579,2.846778579,17.08067147
FM2411,I1N,187,1,14,5,5/8/2026 0:00,3/18/2026 0:00,Interspecific U.,Breeding,CIAT-BR-19-4423,BR19_4423,,,hybrid,706.4,157.0627366,0.222342492,,,0.78428101,200.2633426,2002.633426,2.002633426,12.01580056
FM2411,I1N,316,2,23,8,5/8/2026 0:00,3/18/2026 0:00,Interspecific U.,Breeding,CIAT-BR-19-4423,BR19_4423,,,hybrid,126.5,35.85,0.283399209,,,0.23885928,150.08837,1500.8837,1.5008837,9.005302201
FM2411,I1N,755,3,54,13,5/8/2026 0:00,3/18/2026 0:00,Interspecific U.,Breeding,CIAT-BR-19-4423,BR19_4423,,,hybrid,572.2,140.9415002,0.2463151,,,0.55149283,255.563613,2555.63613,2.55563613,15.33381678
FM2411,I1N,285,1,21,5,5/8/2026 0:00,3/18/2026 0:00,Interspecific U.,Breeding,CIAT-BR-19-4439,BR19_4439,,,hybrid,532,141.9921857,0.266902605,,,0.52748328,269.1880314,2691.880314,2.691880314,16.15128188
FM2411,I1N,481,2,35,5,5/8/2026 0:00,3/18/2026 0:00,Interspecific U.,Breeding,CIAT-BR-19-4439,BR19_4439,,,hybrid,409.5,102.7527675,0.250922509,,,0.52696646,194.9891982,1949.891982,1.949891982,11.69935189
FM2411,I1N,693,3,50,7,5/8/2026 0:00,3/18/2026 0:00,Interspecific U.,Breeding,CIAT-BR-19-4439,BR19_4439,,,hybrid,477.7,124.8782806,0.261415701,,,0.41001661,304.5688334,3045.688334,3.045688334,18.27413
FM2411,I1N,271,1,20,5,5/8/2026 0:00,3/18/2026 0:00,Interspecific U.,Breeding,CIAT-BR-19-4440,BR19_4440,,,hybrid,225.7,62.09,0.27509969,,,0.34915759,177.8280117,1778.280117,1.778280117,10.6696807
FM2411,I1N,440,2,32,6,5/8/2026 0:00,3/18/2026 0:00,Interspecific U.,Breeding,CIAT-BR-19-4440,BR19_4440,,,hybrid,390.7,97.76376855,0.250227204,,,0.41802725,233.8693675,2338.693675,2.338693675,14.03216205
FM2411,I1N,649,3,47,5,5/8/2026 0:00,3/18/2026 0:00,Interspecific U.,Breeding,CIAT-BR-19-4440,BR19_4440,,,hybrid,588.6,146.2059876,0.248396173,,,0.53939759,271.05421,2710.5421,2.7105421,16.2632526
FM2411,I1N,262,1,19,10,5/8/2026 0:00,3/18/2026 0:00,Interspecific U.,Breeding,CIAT-BR-19-4529,BR19_4529,,,hybrid,275.1,71.28,0.25910578,,,0.42509191,167.6813845,1676.813845,1.676813845,10.06088307
FM2411,I1N,449,2,33,1,5/8/2026 0:00,3/18/2026 0:00,Interspecific U.,Breeding,CIAT-BR-19-4529,BR19_4529,,,hybrid,544.9,127.3561457,0.233723886,,,0.54802628,232.3905811,2323.905811,2.323905811,13.94343487
FM2411,I1N,776,3,56,6,5/8/2026 0:00,3/18/2026 0:00,Interspecific U.,Breeding,CIAT-BR-19-4529,BR19_4529,,,hybrid,1153.2,235.4895497,0.204205298,,,0.81889474,287.5699869,2875.699869,2.875699869,17.25419922
FM2411,I1N,164,1,12,10,5/8/2026 0:00,3/18/2026 0:00,Interspecific U.,Breeding,CIAT-BR-19-4581,BR19_4581,,,hybrid,1026.8,216.2995359,0.210654008,,,0.92498757,233.8404784,2338.404784,2.338404784,14.0304287
FM2411,I1N,411,2,30,5,5/8/2026 0:00,3/18/2026 0:00,Interspecific U.,Breeding,CIAT-BR-19-4581,BR19_4581,,,hybrid,506.7,119.2142098,0.235275725,,,0.56361638,211.5165812,2115.165812,2.115165812,12.69099487
FM2411,I1N,701,3,51,1,5/8/2026 0:00,3/18/2026 0:00,Interspecific U.,Breeding,CIAT-BR-19-4581,BR19_4581,,,hybrid,606.4,168.8812967,0.278498181,,,0.545092,309.8216388,3098.216388,3.098216388,18.58929833
FM2411,I1N,404,2,3,29,3/25/2025 0:00,2/20/2025 0:00,Interspecific U.,Breeding,CIAT-BR-19-4678,BR19_4678,,,hybrid,1150.8,193.4,0.168057004,40,,1.072739362,180.2861039,1802.861039,1.802861039,10.81716623
FM2411,I1N,668,3,10,48,3/25/2025 0:00,2/20/2025 0:00,Interspecific U.,Breeding,CIAT-BR-19-4678,BR19_4678,,,hybrid,928.7,163.8,0.176375579,35,,0.995744681,164.5,1645,1.645,9.87
FM2411,I1N,234,1,17,10,5/8/2026 0:00,3/18/2026 0:00,Interspecific U.,Breeding,CIAT-BR-19-4988,BR19_4988,,,hybrid,877.6,235.4295063,0.268265162,,,0.87654109,268.5892413,2685.892413,2.685892413,16.11535448
FM2411,I1N,460,2,33,12,5/8/2026 0:00,3/18/2026 0:00,Interspecific U.,Breeding,CIAT-BR-19-4988,BR19_4988,,,hybrid,743.4,163.2843111,0.219645293,,,0.78127819,208.9963769,2089.963769,2.089963769,12.53978261
FM2411,I1N,716,3,52,2,5/8/2026 0:00,3/18/2026 0:00,Interspecific U.,Breeding,CIAT-BR-19-4988,BR19_4988,,,hybrid,853,194.6021645,0.228138528,,,0.6577522,295.8593898,2958.593898,2.958593898,17.75156339
FM2411,I1N,375,2,4,27,3/25/2025 0:00,2/20/2025 0:00,Interspecific U.,Breeding,CIAT-BR-19-5029,BR19_5029,,,hybrid,1145.8,208.8,0.182230756,34,,1.502393617,138.9782262,1389.782262,1.389782262,8.338693574
FM2411,I1N,715,3,1,52,3/25/2025 0:00,2/20/2025 0:00,Interspecific U.,Breeding,CIAT-BR-19-5029,BR19_5029,,,hybrid,976.4,200.8,0.205653421,28,,1.458111702,137.7123575,1377.123575,1.377123575,8.26274145
FM2411,I1N,456,2,33,8,5/8/2026 0:00,3/18/2026 0:00,Interspecific U.,Breeding,CIAT-BR-19-5055,BR19_5055,,,hybrid,543.1,122.5582363,0.225664217,,,0.57531047,213.0297338,2130.297338,2.130297338,12.78178403
FM2411,I1N,671,3,48,13,5/8/2026 0:00,3/18/2026 0:00,Interspecific U.,Breeding,CIAT-BR-19-5055,BR19_5055,,,hybrid,555.6,127.5320692,0.229539361,,,0.54053578,235.9364059,2359.364059,2.359364059,14.15618436
FM2411,I1N,274,1,20,8,5/8/2026 0:00,3/18/2026 0:00,Interspecific U.,Breeding,CIAT-BR-19-5057,BR19_5057,,,hybrid,270.4,65.64,0.242751479,,,0.36278177,180.9352217,1809.352217,1.809352217,10.8561133
FM2411,I1N,583,2,42,9,5/8/2026 0:00,3/18/2026 0:00,Interspecific U.,Breeding,CIAT-BR-19-5057,BR19_5057,,,hybrid,1018,215.5374593,0.211726384,,,0.70380336,306.246704,3062.46704,3.06246704,18.37480224
FM2411,I1N,677,3,49,5,5/8/2026 0:00,3/18/2026 0:00,Interspecific U.,Breeding,CIAT-BR-19-5057,BR19_5057,,,hybrid,484.6,113.8272258,0.234889034,,,0.45023041,252.8199413,2528.199413,2.528199413,15.16919648
FM2411,I1N,292,1,21,12,5/8/2026 0:00,3/18/2026 0:00,Interspecific U.,Breeding,CIAT-BR-19-5178,BR19_5178,,,hybrid,361.4,95.29,0.263669065,,,0.45317391,210.2724757,2102.724757,2.102724757,12.61634854
FM2411,I1N,426,2,31,6,5/8/2026 0:00,3/18/2026 0:00,Interspecific U.,Breeding,CIAT-BR-19-5178,BR19_5178,,,hybrid,771.1,177.5560402,0.230263312,,,0.75939932,233.8111657,2338.111657,2.338111657,14.02866994
FM2411,I1N,797,3,57,13,5/8/2026 0:00,3/18/2026 0:00,Interspecific U.,Breeding,CIAT-BR-19-5178,BR19_5178,,,hybrid,534.4,135.6734192,0.253879901,,,0.35962583,377.2627212,3772.627212,3.772627212,22.63576327
FM2411,I1N,270,1,4,20,3/25/2025 0:00,2/24/2025 0:00,Interspecific U.,Breeding,CIAT-BR-19-5217,BR19_5217,,,hybrid,1101.1,246,0.223412951,25,,1.208776596,203.5115512,2035.115512,2.035115512,12.21069307
FM2411,I1N,355,2,5,26,3/25/2025 0:00,2/24/2025 0:00,Interspecific U.,Breeding,CIAT-BR-19-5217,BR19_5217,,,hybrid,2651.17,597.07,0.225210002,42,,2.04893617,291.4048806,2914.048806,2.914048806,17.48429283
FM2411,I1N,28,1,2,14,5/8/2026 0:00,3/18/2026 0:00,Interspecific U.,Breeding,CIAT-BR-19-5273,BR19_5273,,,hybrid,441,105.4701203,0.23916127,,,0.55456777,190.1843669,1901.843669,1.901843669,11.41106202
FM2411,I1N,352,2,26,2,5/8/2026 0:00,3/18/2026 0:00,Interspecific U.,Breeding,CIAT-BR-19-5273,BR19_5273,,,hybrid,705.8,171.4242179,0.242879311,,,0.64188427,267.0640579,2670.640579,2.670640579,16.02384347
FM2411,I1N,801,3,58,3,5/8/2026 0:00,3/18/2026 0:00,Interspecific U.,Breeding,CIAT-BR-19-5273,BR19_5273,,,hybrid,1303.8,292.1781278,0.224097352,,,0.88856456,328.8203705,3288.203705,3.288203705,19.72922223
FM2411,I1N,115,1,9,3,2/19/2026 0:00,2/11/2026 0:00,Interspecific U.,Breeding,CIAT-BR-19-5294,BR19_5294,,,hybrid,622,137.74,0.221446945,52,3.5,0.64754901,212.7097685,2127.097685,2.127097685,12.76258611
FM2411,I1N,405,2,29,13,2/19/2026 0:00,2/11/2026 0:00,Interspecific U.,Breeding,CIAT-BR-19-5294,BR19_5294,,,hybrid,969.9,220.84,0.227693577,48,3,1.0979791,201.1331545,2011.331545,2.011331545,12.06798927
FM2411,I1N,795,3,57,11,2/19/2026 0:00,2/11/2026 0:00,Interspecific U.,Breeding,CIAT-BR-19-5294,BR19_5294,,,hybrid,686.5,158.07,0.230254916,40,2.5,0.62938345,251.1505506,2511.505506,2.511505506,15.06903304
FM2411,I1N,250,1,18,12,5/8/2026 0:00,3/18/2026 0:00,Interspecific U.,Breeding,CIAT-BR-19-5348,BR19_5348,,,hybrid,454.1,130.0776774,0.286451613,,,0.57911523,224.6144993,2246.144993,2.246144993,13.47686996
FM2411,I1N,559,2,40,13,5/8/2026 0:00,3/18/2026 0:00,Interspecific U.,Breeding,CIAT-BR-19-5348,BR19_5348,,,hybrid,505.8,109.0380502,0.215575425,,,0.49000319,222.5251844,2225.251844,2.225251844,13.35151106
FM2411,I1N,690,3,50,4,5/8/2026 0:00,3/18/2026 0:00,Interspecific U.,Breeding,CIAT-BR-19-5348,BR19_5348,,,hybrid,143.2,42.76,0.298603352,,,0.15782357,270.9354503,2709.354503,2.709354503,16.25612702
FM2411,I1N,571,2,4,41,3/25/2025 0:00,2/20/2025 0:00,Interspecific U.,Breeding,CIAT-BR-19-5357,BR19_5357,,,hybrid,1993.47,372.07,0.186644394,33,,2.106382979,176.6392929,1766.392929,1.766392929,10.59835758
FM2411,I1N,769,3,2,55,3/25/2025 0:00,2/20/2025 0:00,Interspecific U.,Breeding,CIAT-BR-19-5357,BR19_5357,,,hybrid,1746.37,314.77,0.180242446,34,,2.089228723,150.663255,1506.63255,1.50663255,9.039795303
FM2411,I1N,345,2,6,25,3/25/2025 0:00,2/20/2025 0:00,Interspecific U.,Breeding,CIAT-BR-19-5381,BR19_5381,,,hybrid,1846.47,332.57,0.180111239,52,,1.460505319,227.7088591,2277.088591,2.277088591,13.66253155
FM2411,I1N,737,3,6,53,3/25/2025 0:00,2/20/2025 0:00,Interspecific U.,Breeding,CIAT-BR-19-5381,BR19_5381,,,hybrid,849.5,157.6,0.185520895,36,,1.109840426,142.0023964,1420.023964,1.420023964,8.520143781
FM2411,I1N,7,1,8,1,5/20/2025 0:00,4/7/2025 0:00,Interspecific U.,Breeding,CIAT-BR-19-5515,BR19_5515,,,hybrid,1465.6,301.1,0.205444869,48,4,1.379956108,218.1953456,2181.953456,2.181953456,13.09172074
FM2411,I1N,556,2,10,40,5/20/2025 0:00,4/9/2025 0:00,Interspecific U.,Breeding,CIAT-BR-19-5515,BR19_5515,,,hybrid,2105.8,426.3,0.202440878,51,5,1.735040234,245.7003542,2457.003542,2.457003542,14.74202125
FM2411,I1N,11,1,1,11,5/8/2026 0:00,3/18/2026 0:00,Interspecific U.,Breeding,CIAT-BR-19-5615,BR19_5615,,,hybrid,359.1,79.25726196,0.220710838,,,0.52926333,149.7501479,1497.501479,1.497501479,8.985008875
FM2411,I1N,452,2,33,4,5/8/2026 0:00,3/18/2026 0:00,Interspecific U.,Breeding,CIAT-BR-19-5615,BR19_5615,,,hybrid,248,65.65472039,0.264736776,,,0.39516961,166.1431414,1661.431414,1.661431414,9.968588484
FM2411,I1N,809,3,58,11,5/8/2026 0:00,3/18/2026 0:00,Interspecific U.,Breeding,CIAT-BR-19-5615,BR19_5615,,,hybrid,859.7,190.5385635,0.221633783,,,0.65915609,289.0644058,2890.644058,2.890644058,17.34386435
FM2411,I1N,143,1,11,3,5/8/2026 0:00,3/18/2026 0:00,Interspecific U.,Breeding,CIAT-BR-19-5751,BR19_5751,,,hybrid,735.6,177.5758134,0.241402683,,,0.73212843,242.5473538,2425.473538,2.425473538,14.55284123
FM2411,I1N,536,2,39,4,5/8/2026 0:00,3/18/2026 0:00,Interspecific U.,Breeding,CIAT-BR-19-5751,BR19_5751,,,hybrid,925.5,193.4444493,0.209016153,,,0.80273107,240.9828853,2409.828853,2.409828853,14.45897312
FM2411,I1N,651,3,47,7,5/8/2026 0:00,3/18/2026 0:00,Interspecific U.,Breeding,CIAT-BR-19-5751,BR19_5751,,,hybrid,533.5,125.8793084,0.235949969,,,0.46324752,271.7322877,2717.322877,2.717322877,16.30393726
FM2411,I1N,235,1,4,17,5/20/2025 0:00,4/7/2025 0:00,Interspecific U.,Breeding,CIAT-BR-19-5877,BR19_5877,,,hybrid,2232.7,469.5,0.210283513,46,5,1.528749086,307.1138386,3071.138386,3.071138386,18.42683032
FM2411,I1N,550,2,4,40,5/20/2025 0:00,4/9/2025 0:00,Interspecific U.,Breeding,CIAT-BR-19-5877,BR19_5877,,,hybrid,1923,459.6,0.23900156,41,6,1.944842721,236.3173099,2363.173099,2.363173099,14.17903859
FM2411,I1N,182,1,13,14,5/8/2026 0:00,3/18/2026 0:00,Interspecific U.,Breeding,CIAT-BR-19-5898,BR19_5898,,,hybrid,390.5,97.72749158,0.250262462,,,0.62964147,155.2113325,1552.113325,1.552113325,9.312679953
FM2411,I1N,496,2,36,6,5/8/2026 0:00,3/18/2026 0:00,Interspecific U.,Breeding,CIAT-BR-19-5898,BR19_5898,,,hybrid,369.6,85.07,0.230167749,,,0.52120909,163.2166469,1632.166469,1.632166469,9.792998814
FM2411,I1N,644,3,46,14,5/8/2026 0:00,3/18/2026 0:00,Interspecific U.,Breeding,CIAT-BR-19-5898,BR19_5898,,,hybrid,899.2,188.0720254,0.209154832,,,0.65912403,285.3363203,2853.363203,2.853363203,17.12017922
FM2411,I1N,189,1,14,7,5/8/2026 0:00,3/18/2026 0:00,Interspecific U.,Breeding,CIAT-BR-19-6068,BR19_6068,,,hybrid,1051.3,247.7248552,0.235636693,,,1.01174259,244.8496857,2448.496857,2.448496857,14.69098114
FM2411,I1N,332,2,24,10,5/8/2026 0:00,3/18/2026 0:00,Interspecific U.,Breeding,CIAT-BR-19-6068,BR19_6068,,,hybrid,334,88.53,0.26505988,,,0.47554707,186.1645368,1861.645368,1.861645368,11.16987221
FM2411,I1N,872,3,63,4,5/8/2026 0:00,3/18/2026 0:00,Interspecific U.,Breeding,CIAT-BR-19-6068,BR19_6068,,,hybrid,831.7,202.1535144,0.243060616,,,0.62499829,323.446508,3234.46508,3.23446508,19.40679048
FM2411,I1N,82,1,12,6,5/20/2025 0:00,4/7/2025 0:00,Interspecific U.,Breeding,CIAT-BR-19-6136,BR19_6136,,,hybrid,1476.4,291.7,0.197575183,44.5,5,1.272421361,229.2479591,2292.479591,2.292479591,13.75487754
FM2411,I1N,35,1,3,7,5/8/2026 0:00,3/18/2026 0:00,Interspecific U.,Breeding,CIAT-BR-19-6160,BR19_6160,,,hybrid,332.1,80.98989696,0.243872017,,,0.46771226,173.1618003,1731.618003,1.731618003,10.38970802
FM2411,I1N,382,2,28,4,5/8/2026 0:00,3/18/2026 0:00,Interspecific U.,Breeding,CIAT-BR-19-6160,BR19_6160,,,hybrid,447.2,112.3822917,0.251302083,,,0.53158738,211.4088782,2114.088782,2.114088782,12.68453269
FM2411,I1N,741,3,53,13,5/8/2026 0:00,3/18/2026 0:00,Interspecific U.,Breeding,CIAT-BR-19-6160,BR19_6160,,,hybrid,282.5,76.03,0.269132743,,,0.33120721,229.5541815,2295.541815,2.295541815,13.77325089
FM2411,I1N,132,1,10,6,2/19/2026 0:00,2/11/2026 0:00,Interspecific U.,Breeding,CIAT-BR-19-0626,BR19_626,,,hybrid,876.3,184.33,0.210350337,46,3.5,0.64146279,287.358835,2873.58835,2.87358835,17.2415301
FM2411,I1N,391,2,28,13,2/19/2026 0:00,2/11/2026 0:00,Interspecific U.,Breeding,CIAT-BR-19-0626,BR19_626,,,hybrid,686.1,165.76,0.241597435,40,2.5,0.84861205,195.3307168,1953.307168,1.953307168,11.71984301
FM2411,I1N,788,3,57,4,2/19/2026 0:00,2/11/2026 0:00,Interspecific U.,Breeding,CIAT-BR-19-0626,BR19_626,,,hybrid,469.3,98.96,0.210867249,38,3,0.71456593,138.4896702,1384.896702,1.384896702,8.309380214
FM2411,I1N,156,1,12,2,5/8/2026 0:00,3/18/2026 0:00,Interspecific U.,Breeding,CIAT-BR-19-6352,BR19_6352,,,hybrid,326.2,91.60807453,0.280834073,,,0.51796086,176.8629285,1768.629285,1.768629285,10.61177571
FM2411,I1N,393,2,29,1,5/8/2026 0:00,3/18/2026 0:00,Interspecific U.,Breeding,CIAT-BR-19-6352,BR19_6352,,,hybrid,557,127.6568534,0.229186451,,,0.61882128,206.2903419,2062.903419,2.062903419,12.37742051
FM2411,I1N,628,3,45,12,5/8/2026 0:00,3/18/2026 0:00,Interspecific U.,Breeding,CIAT-BR-19-6352,BR19_6352,,,hybrid,492.5,120.4012415,0.244469526,,,0.48176468,249.9171204,2499.171204,2.499171204,14.99502722
FM2411,I1N,46,1,4,4,5/8/2026 0:00,3/18/2026 0:00,Interspecific U.,Breeding,CIAT-BR-19-6397,BR19_6397,,,hybrid,389.4,103.8765248,0.266760464,,,0.62025804,167.4730807,1674.730807,1.674730807,10.04838484
FM2411,I1N,500,2,36,10,5/8/2026 0:00,3/18/2026 0:00,Interspecific U.,Breeding,CIAT-BR-19-6397,BR19_6397,,,hybrid,853,183.0079799,0.214546284,,,0.86897332,210.6025303,2106.025303,2.106025303,12.63615182
FM2411,I1N,879,3,63,11,5/8/2026 0:00,3/18/2026 0:00,Interspecific U.,Breeding,CIAT-BR-19-6397,BR19_6397,,,hybrid,483.6,113.0069629,0.233678583,,,0.43479915,259.9061266,2599.061266,2.599061266,15.59436759
FM2411,I1N,99,1,8,1,5/8/2026 0:00,3/18/2026 0:00,Interspecific U.,Breeding,CIAT-BR-19-6400,BR19_6400,,,hybrid,509.5,128.0317503,0.251289009,,,0.73148419,175.0300992,1750.300992,1.750300992,10.50180595
FM2411,I1N,304,2,22,10,5/8/2026 0:00,3/18/2026 0:00,Interspecific U.,Breeding,CIAT-BR-19-6400,BR19_6400,,,hybrid,212.3,54.29,0.255723033,,,0.28120129,193.0645482,1930.645482,1.930645482,11.58387289
FM2411,I1N,858,3,62,4,5/8/2026 0:00,3/18/2026 0:00,Interspecific U.,Breeding,CIAT-BR-19-6400,BR19_6400,,,hybrid,1458.4,302.0944956,0.207141042,,,0.85359867,353.9069427,3539.069427,3.539069427,21.23441656
FM2411,I1N,377,2,27,13,5/8/2026 0:00,3/18/2026 0:00,Interspecific U.,Breeding,CIAT-BR-19-6868,BR19_6868,,,hybrid,874.7,210.4727388,0.240622772,,,0.85001429,247.610824,2476.10824,2.47610824,14.85664944
FM2411,I1N,592,3,43,4,5/8/2026 0:00,3/18/2026 0:00,Interspecific U.,Breeding,CIAT-BR-19-6868,BR19_6868,,,hybrid,515.3,115.1786574,0.223517674,,,0.47353541,243.2313506,2432.313506,2.432313506,14.59388104
FM2411,I1N,225,1,17,1,5/8/2026 0:00,3/18/2026 0:00,Interspecific U.,Breeding,CIAT-BR-19-6984,BR19_6984,,,hybrid,1064.6,284.5361117,0.267270441,,,0.87651938,324.6204455,3246.204455,3.246204455,19.47722673
FM2411,I1N,538,2,39,6,5/8/2026 0:00,3/18/2026 0:00,Interspecific U.,Breeding,CIAT-BR-19-6984,BR19_6984,,,hybrid,568.7,125.7078956,0.221044304,,,0.64501667,194.8909252,1948.909252,1.948909252,11.69345551
FM2411,I1N,665,3,48,7,5/8/2026 0:00,3/18/2026 0:00,Interspecific U.,Breeding,CIAT-BR-19-6984,BR19_6984,,,hybrid,635.1,141.4714351,0.222754582,,,0.51214372,276.233857,2762.33857,2.76233857,16.57403142
FM2411,I1N,578,2,42,4,5/8/2026 0:00,3/18/2026 0:00,Interspecific U.,Breeding,CIAT-BR-19-0811,BR19_811,,,hybrid,585.8,150.0317155,0.256114229,,,0.4748258,315.9721217,3159.721217,3.159721217,18.9583273
FM2411,I1N,770,3,55,14,5/8/2026 0:00,3/18/2026 0:00,Interspecific U.,Breeding,CIAT-BR-19-0811,BR19_811,,,hybrid,356.6,100.46,0.281716209,,,0.36318191,276.6106935,2766.106935,2.766106935,16.59664161
FM2411,I1N,200,1,15,4,5/8/2026 0:00,3/18/2026 0:00,Interspecific U.,Breeding,CIAT-BR-19-0818,BR19_818,,,hybrid,630.5,175.5350027,0.278406031,,,0.33004902,531.8452474,5318.452474,5.318452474,31.91071484
FM2411,I1N,389,2,28,11,5/8/2026 0:00,3/18/2026 0:00,Interspecific U.,Breeding,CIAT-BR-19-0818,BR19_818,,,hybrid,174.6,52.99,0.3034937,,,0.26337767,201.1939737,2011.939737,2.011939737,12.07163842
FM2411,I1N,757,3,55,1,5/8/2026 0:00,3/18/2026 0:00,Interspecific U.,Breeding,CIAT-BR-19-0818,BR19_818,,,hybrid,196.4,49.89,0.254022403,,,0.22235117,224.3748032,2243.748032,2.243748032,13.46248819
FM2411,I1N,159,1,12,5,5/8/2026 0:00,3/18/2026 0:00,Interspecific U.,Breeding,CIAT-BR-19-0095,BR19_95,,,hybrid,557.9,171.4130234,0.30724686,,,0.7367242,232.6691907,2326.691907,2.326691907,13.96015144
FM2411,I1N,435,2,32,1,5/8/2026 0:00,3/18/2026 0:00,Interspecific U.,Breeding,CIAT-BR-19-0095,BR19_95,,,hybrid,132.8,45.16,0.340060241,,,0.24593199,183.6280022,1836.280022,1.836280022,11.01768013
FM2411,I1N,868,3,62,14,5/8/2026 0:00,3/18/2026 0:00,Interspecific U.,Breeding,CIAT-BR-19-0095,BR19_95,,,hybrid,939.5,241.7281167,0.25729443,,,0.6627604,364.7292697,3647.292697,3.647292697,21.88375618
FM2410,O4E,275,2,5,35,5/20/2025 0:00,4/1/2025 0:00,Megathyrsus maximus,Breeding,CIAT-CIAT-16021,CIAT_16021,,,accesion,363.7,105.7,0.290624141,75,,0.545833137,193.6489246,1202.076297,1.202076297,7.212457784
FM2410,O4E,485,3,5,77,5/20/2025 0:00,4/1/2025 0:00,Megathyrsus maximus,Breeding,CIAT-CIAT-16021,CIAT_16021,,,accesion,439.3,119.5,0.272023674,69,,1.040253101,114.8758892,2272.516357,2.272516357,13.63509814
FM2410,O4E,138,1,3,8,5/20/2025 0:00,4/1/2025 0:00,Megathyrsus maximus,Breeding,CIAT-CIAT-16021,CIAT_16021,,,accesion,580.6,169.5,0.291939373,76,,0.823220416,205.8986835,1429.017694,1.429017694,8.574106161
FM2410,O4E,322,2,2,45,5/20/2025 0:00,4/2/2025 0:00,Megathyrsus maximus,Breeding,CIAT-CIAT-16025,CIAT_16025,,,accesion,1026.3,186.9,0.182110494,93,,0.80960507,230.8532974,1599.546321,1.599546321,9.597277926
FM2410,O4E,412,3,2,63,5/20/2025 0:00,4/2/2025 0:00,Megathyrsus maximus,Breeding,CIAT-CIAT-16025,CIAT_16025,,,accesion,1243.3,256.1,0.205984075,98,,0.869553237,294.5190578,2152.813337,2.152813337,12.91688002
FM2410,O4E,160,1,1,12,5/20/2025 0:00,4/2/2025 0:00,Megathyrsus maximus,Breeding,CIAT-CIAT-16025,CIAT_16025,,,accesion,1427.1,285.9,0.200336346,96,,1.038627388,275.267149,1734.578518,1.734578518,10.40747111
FM2410,O4E,479,3,2,76,5/20/2025 0:00,4/1/2025 0:00,Megathyrsus maximus,Breeding,CIAT-CIAT-16031,CIAT_16031,,Tanzania,accesion,579.8,139.3,0.24025526,76,,0.862847171,161.4422632,1065.136589,1.065136589,6.390819534
FM2410,O4E,114,1,4,3,5/20/2025 0:00,4/1/2025 0:00,Megathyrsus maximus,Breeding,CIAT-CIAT-16031,CIAT_16031,,Tanzania,accesion,824,171.7,0.208373786,67,,1.360315346,126.2207329,847.8301592,0.847830159,5.086980955
FM2410,O4E,279,2,2,36,5/20/2025 0:00,4/1/2025 0:00,Megathyrsus maximus,Breeding,CIAT-CIAT-16031,CIAT_16031,,Tanzania,accesion,833.8,193.6,0.232189974,68,,1.420060299,136.332239,902.5155321,0.902515532,5.415093193
FM2410,O4E,512,3,2,83,2/28/2025 0:00,2/3/2025 0:00,Megathyrsus maximus,Breeding,CIAT-CIAT-16048,CIAT_16048,,,accesion,288.8,67.8,0.234764543,43,,0.96,70.625,706.25,0.70625,4.2375
FM2410,O4E,227,1,4,26,2/28/2025 0:00,2/3/2025 0:00,Megathyrsus maximus,Breeding,CIAT-CIAT-16048,CIAT_16048,,,accesion,619.6,140.2,0.226275016,62,,1.53,91.63398693,916.3398693,0.916339869,5.498039216
FM2410,O4E,358,2,3,52,2/28/2025 0:00,2/3/2025 0:00,Megathyrsus maximus,Breeding,CIAT-CIAT-16048,CIAT_16048,,,accesion,200.7,49.1,0.244643747,47,,1.81,27.12707182,271.2707182,0.271270718,1.627624309
FM2410,O4E,382,3,2,57,2/28/2025 0:00,2/3/2025 0:00,Megathyrsus maximus,Breeding,CIAT-CIAT-16051,CIAT_16051,,,accesion,462.2,119.6,0.258762441,60,,1.53,78.16993464,781.6993464,0.781699346,4.690196078
FM2410,O4E,290,2,1,38,2/28/2025 0:00,2/3/2025 0:00,Megathyrsus maximus,Breeding,CIAT-CIAT-16051,CIAT_16051,,,accesion,434.2,120.9,0.278443114,40,,1.54,78.50649351,785.0649351,0.785064935,4.71038961
FM2410,O4E,230,1,1,26,2/28/2025 0:00,2/3/2025 0:00,Megathyrsus maximus,Breeding,CIAT-CIAT-16051,CIAT_16051,,,accesion,352.5,93.9,0.266382979,67,,1.58,59.43037975,594.3037975,0.594303797,3.565822785
FM2410,O4E,299,2,2,40,5/20/2025 0:00,4/2/2025 0:00,Megathyrsus maximus,Breeding,CIAT-CIAT-16071,CIAT_16071,,,accesion,722.2,182,0.252007754,70,,1.21217225,150.143678,1052.235134,1.052235134,6.313410804
FM2410,O4E,473,3,3,75,5/20/2025 0:00,4/2/2025 0:00,Megathyrsus maximus,Breeding,CIAT-CIAT-16071,CIAT_16071,,,accesion,802.5,210.4,0.262180685,68,,1.295896469,162.358649,1130.990111,1.130990111,6.785940663
FM2410,O4E,235,1,5,27,5/20/2025 0:00,4/2/2025 0:00,Megathyrsus maximus,Breeding,CIAT-CIAT-16071,CIAT_16071,,,accesion,1010.4,239.3,0.236836896,70,,1.768166093,135.3379645,952.8829098,0.95288291,5.717297459
FM2411,I1N,339,2,25,3,5/8/2026 0:00,3/18/2026 0:00,Interspecific U.,Breeding,CIAT-CIAT-16320,CIAT_16320,,,accesion,962,222.7372966,0.231535651,,,1.16920976,190.5024267,1905.024267,1.905024267,11.4301456
FM2407,M1N,140,1,4,1,8/5/2025 0:00,7/25/2025 0:00,Urochloa humidicola,Breeding,CIAT-CIAT-16886,CIAT_16886,,,accesion,292.3,77.3,0.264454328,32,,0.25,309.2,3092,3.092,18.552
FM2407,M1N,403,3,31,3,8/5/2025 0:00,7/25/2025 0:00,Urochloa humidicola,Breeding,CIAT-CIAT-16886,CIAT_16886,,,accesion,356.8,84.4,0.236547085,23,,0.25,337.6,3376,3.376,20.256
FM2407,M1N,385,2,29,5,8/5/2025 0:00,7/25/2025 0:00,Urochloa humidicola,Breeding,CIAT-CIAT-16886,CIAT_16886,,,accesion,414.1,111.6,0.269500121,24.5,,0.25,446.4,4464,4.464,26.784
SOC-BEF_METANO,M2N,401,3,16,16,12/2/2024 0:00,11/26/2024 0:00,Urochloa humidicola,Breeding,CIAT-CIAT-16888,CIAT_16888,,,accesion,331.3,100.4007458,0.303050847,19,,1.09,92.11077593,921.1077593,0.921107759,5.526646556
SOC-BEF_METANO,M2N,172,1,7,16,12/2/2024 0:00,11/26/2024 0:00,Urochloa humidicola,Breeding,CIAT-CIAT-16888,CIAT_16888,,,accesion,232.2,71.97044776,0.309950249,20,,1.35,53.31144279,533.1144279,0.533114428,3.198686567
SOC-BEF_METANO,M2N,237,2,10,24,12/2/2024 0:00,11/26/2024 0:00,Urochloa humidicola,Breeding,CIAT-CIAT-16888,CIAT_16888,,,accesion,350.5,116.9075604,0.333545108,24,,1.51,77.4222254,774.222254,0.774222254,4.645333524
FM2407,M1N,258,2,16,3,8/5/2025 0:00,7/25/2025 0:00,Urochloa humidicola,Breeding,CIAT-CIAT-16891,CIAT_16891,,,accesion,186,50.6,0.272043011,25,,0.25,202.4,2024,2.024,12.144
FM2407,M1N,478,3,38,3,8/5/2025 0:00,7/25/2025 0:00,Urochloa humidicola,Breeding,CIAT-CIAT-16891,CIAT_16891,,,accesion,251.8,68.2,0.270849881,18,,0.25,272.8,2728,2.728,16.368
FM2407,M1N,138,1,4,3,8/5/2025 0:00,7/25/2025 0:00,Urochloa humidicola,Breeding,CIAT-CIAT-16891,CIAT_16891,,,accesion,326.6,80.2,0.245560318,27,,0.25,320.8,3208,3.208,19.248
FM2411,I1N,109,1,11,8,3/25/2025 0:00,2/19/2025 0:00,Interspecific U.,Breeding,CIAT-CIAT-26110,CIAT_26110,,,accesion,1919.9,360.5,0.187770196,63,,2.220478723,162.3523775,1623.523775,1.623523775,9.741142652
FM2411,I1N,407,2,1,30,3/25/2025 0:00,2/19/2025 0:00,Interspecific U.,Breeding,CIAT-CIAT-26110,CIAT_26110,,,accesion,2411.27,502.47,0.208383964,58,,2.731914894,183.9259346,1839.259346,1.839259346,11.03555607
FM2411,I1N,832,3,6,60,3/25/2025 0:00,2/19/2025 0:00,Interspecific U.,Breeding,CIAT-CIAT-26110,CIAT_26110,,,accesion,1438.3,310.3,0.215740805,,,1.859840426,166.8422708,1668.422708,1.668422708,10.01053625
FM2411,I1N,142,1,13,11,3/25/2025 0:00,2/24/2025 0:00,Interspecific U.,Breeding,CIAT-CIAT-26124,CIAT_26124,,,accesion,963.9,183.1,0.189957464,61,,1.05518617,173.5238815,1735.238815,1.735238815,10.41143289
FM2411,I1N,434,2,1,31,3/25/2025 0:00,2/24/2025 0:00,Interspecific U.,Breeding,CIAT-CIAT-26124,CIAT_26124,,,accesion,1008.4,200.4,0.198730662,58,,1.132180851,177.0035236,1770.035236,1.770035236,10.62021142
FM2411,I1N,594,3,9,43,3/25/2025 0:00,2/24/2025 0:00,Interspecific U.,Breeding,CIAT-CIAT-26124,CIAT_26124,,,accesion,720.7,140.5,0.194949355,45,,1.193617021,117.7094474,1177.094474,1.177094474,7.062566845
FM2407,M1N,524,3,43,4,8/5/2025 0:00,7/29/2025 0:00,Urochloa humidicola,Breeding,CIAT-CIAT-26146,CIAT_26146,,,accesion,119.4,47.5,0.397822446,19,,0.25,190,1900,1.9,11.4
FM2407,M1N,251,2,16,10,8/5/2025 0:00,7/29/2025 0:00,Urochloa humidicola,Breeding,CIAT-CIAT-26146,CIAT_26146,,,accesion,312,97.9,0.313782051,13,,0.25,391.6,3916,3.916,23.496
FM2407,M1N,155,1,6,6,8/5/2025 0:00,7/29/2025 0:00,Urochloa humidicola,Breeding,CIAT-CIAT-26146,CIAT_26146,,,accesion,483.2,131.3,0.271730132,25.5,,0.25,525.2,5252,5.252,31.512
FM2407,M1N,206,1,11,6,8/5/2025 0:00,7/29/2025 0:00,Urochloa humidicola,Breeding,CIAT-CIAT-26149,CIAT_26149,,,accesion,429.6,121.8,0.283519553,25,,0.25,487.2,4872,4.872,29.232
FM2407,M1N,336,2,24,5,8/5/2025 0:00,7/29/2025 0:00,Urochloa humidicola,Breeding,CIAT-CIAT-26149,CIAT_26149,,,accesion,473.4,147.2,0.310942121,34,,0.25,588.8,5888,5.888,35.328
FM2407,M1N,115,1,2,6,8/5/2025 0:00,7/25/2025 0:00,Urochloa humidicola,Breeding,CIAT-CIAT-26160,CIAT_26160,,,accesion,225.6,58.8,0.260638298,32,,0.25,235.2,2352,2.352,14.112
FM2407,M1N,296,2,20,5,8/5/2025 0:00,7/25/2025 0:00,Urochloa humidicola,Breeding,CIAT-CIAT-26160,CIAT_26160,,,accesion,230.7,65.5,0.283918509,33,,0.25,262,2620,2.62,15.72
FM2407,M1N,433,3,34,8,8/5/2025 0:00,7/25/2025 0:00,Urochloa humidicola,Breeding,CIAT-CIAT-26160,CIAT_26160,,,accesion,255.8,68.4,0.267396403,33,,0.25,273.6,2736,2.736,16.416
FM2407,M1N,225,1,13,5,8/5/2025 0:00,7/29/2025 0:00,Urochloa humidicola,Breeding,CIAT-CIAT-26415,CIAT_26415,,,accesion,263.4,77.6,0.29460896,26,,0.25,310.4,3104,3.104,18.624
FM2407,M1N,362,2,27,2,8/5/2025 0:00,7/29/2025 0:00,Urochloa humidicola,Breeding,CIAT-CIAT-26415,CIAT_26415,,,accesion,330.3,85.3,0.258250076,18,,0.25,341.2,3412,3.412,20.472
FM2407,M1N,242,1,15,2,8/5/2025 0:00,7/29/2025 0:00,Urochloa humidicola,Breeding,CIAT-CIAT-26438,CIAT_26438,,,accesion,325.1,83.3,0.256228853,18,,0.25,333.2,3332,3.332,19.992
FM2407,M1N,464,3,37,4,8/5/2025 0:00,7/29/2025 0:00,Urochloa humidicola,Breeding,CIAT-CIAT-26438,CIAT_26438,,,accesion,326,77.1,0.236503067,35,,0.25,308.4,3084,3.084,18.504
FM2407,M1N,289,2,19,9,8/5/2025 0:00,7/29/2025 0:00,Urochloa humidicola,Breeding,CIAT-CIAT-26438,CIAT_26438,,,accesion,544.9,149.6,0.274545788,27,,0.25,598.4,5984,5.984,35.904
FM2407,M1N,180,1,8,1,8/5/2025 0:00,7/29/2025 0:00,Urochloa humidicola,Breeding,CIAT-CIAT-26570,CIAT_26570,,,accesion,168.5,45.4,0.269436202,18,,0.25,181.6,1816,1.816,10.896
FM2407,M1N,455,3,36,6,8/5/2025 0:00,7/29/2025 0:00,Urochloa humidicola,Breeding,CIAT-CIAT-26570,CIAT_26570,,,accesion,173.4,48.5,0.279700115,19,,0.25,194,1940,1.94,11.64
FM2407,M1N,275,2,18,6,8/5/2025 0:00,7/29/2025 0:00,Urochloa humidicola,Breeding,CIAT-CIAT-26570,CIAT_26570,,,accesion,355.3,97.7,0.274978891,18,,0.25,390.8,3908,3.908,23.448
FM2411,I1N,202,1,9,15,3/25/2025 0:00,2/19/2025 0:00,Interspecific U.,Breeding,CIAT-CIAT-26646,CIAT_26646,,,accesion,1834.4,297.8,0.16234191,45,,2.186569149,136.1950982,1361.950982,1.361950982,8.171705893
FM2411,I1N,409,2,3,30,3/25/2025 0:00,2/19/2025 0:00,Interspecific U.,Breeding,CIAT-CIAT-26646,CIAT_26646,,,accesion,1151,241.2,0.209556907,29,,1.717819149,140.4105899,1404.105899,1.404105899,8.424635392
FM2411,I1N,667,3,9,48,3/25/2025 0:00,2/19/2025 0:00,Interspecific U.,Breeding,CIAT-CIAT-26646,CIAT_26646,,,accesion,1386.1,243.6,0.175744896,41,,1.867021277,130.4752137,1304.752137,1.304752137,7.828512821
FM2410,O4E,115,1,5,3,5/20/2025 0:00,4/1/2025 0:00,Megathyrsus maximus,Breeding,CIAT-CIAT-26936,CIAT_26936,,,accesion,190.3,50.2,0.263794009,67,,0.254627297,197.1508967,1218.484089,1.218484089,7.310904536
FM2410,O4E,393,3,3,59,5/20/2025 0:00,4/1/2025 0:00,Megathyrsus maximus,Breeding,CIAT-CIAT-26936,CIAT_26936,,,accesion,283.3,80,0.282386163,63,,0.386513264,206.9786666,1305.555556,1.305555556,7.833333333
FM2410,O4E,246,2,5,30,5/20/2025 0:00,4/1/2025 0:00,Megathyrsus maximus,Breeding,CIAT-CIAT-26936,CIAT_26936,,,accesion,380,100.8,0.265263158,64,,0.464344273,217.0803125,1375.167984,1.375167984,8.251007905
SOC-BEF_METANO,M2N,380,3,15,16,11/28/2024 0:00,11/20/2024 0:00,Interspecific U.,Breeding,CIAT-Mulato-II,CIAT_36087,,Mulato II,accesion,510.3,110.13975,0.215833333,37,,0.46,239.4342391,2394.342391,2.394342391,14.36605435
SOC-BEF_METANO,M2N,31,1,2,22,11/28/2024 0:00,11/20/2024 0:00,Interspecific U.,Breeding,CIAT-Mulato-II,CIAT_36087,,Mulato II,accesion,495.3,110.1277876,0.222345624,36,,0.49,224.750587,2247.50587,2.24750587,13.48503522
SOC-BEF_METANO,M2N,273,2,11,13,11/28/2024 0:00,11/20/2024 0:00,Interspecific U.,Breeding,CIAT-Mulato-II,CIAT_36087,,Mulato II,accesion,784.3,182.2967568,0.232432432,45,,0.51,357.4446211,3574.446211,3.574446211,21.44667727
,LLANOS,1686,,,,,3/12/2026 0:00,Interespecific U.,Breeding,CIAT-CIAT-606,CIAT_606,,Basilisk,accesion,157.4,62.7,0.398348158,,,0.4801853,,,,0
,QUILICHAO,1141,,,,,3/26/2026 0:00,Interespecific U.,Breeding,CIAT-CIAT-606,CIAT_606,,Basilisk,accesion,295.9,69,0.233186887,42,2.5,0.924023,,,,0
,QUILICHAO,162,,,,,3/26/2026 0:00,Interespecific U.,Breeding,CIAT-CIAT-606,CIAT_606,,Basilisk,accesion,183,27.8,0.151912568,30,2.5,0.575665,,,,0
FM2407,M1N,232,1,14,9,8/5/2025 0:00,7/29/2025 0:00,Urochloa humidicola,Breeding,CIAT-CIAT-6133,CIAT_6133,,Llanero,accesion,358.9,94.8,0.264140429,29,,0.25,379.2,3792,3.792,22.752
FM2407,M1N,468,3,37,8,8/5/2025 0:00,7/29/2025 0:00,Urochloa humidicola,Breeding,CIAT-CIAT-6133,CIAT_6133,,Llanero,accesion,415.2,108.4,0.261078998,37,,0.25,433.6,4336,4.336,26.016
FM2407,M1N,390,2,29,10,8/5/2025 0:00,7/29/2025 0:00,Urochloa humidicola,Breeding,CIAT-CIAT-6133,CIAT_6133,,Llanero,accesion,606.9,150.9,0.248640633,32,,0.25,603.6,6036,6.036,36.216
,LLANOS,1851,,,,,3/12/2026 0:00,Interespecific U.,Breeding,CIAT-CIAT-6294,CIAT_6294,,Marandu,accesion,328.3,115.6,0.352116966,,,0.8138667,,,,0
,QUILICHAO,83,,,,,3/26/2026 0:00,Interespecific U.,Breeding,CIAT-CIAT-6294,CIAT_6294,,Marandu,accesion,616,101.5,0.164772727,34,2.5,0.9767318,,,,0
,QUILICHAO,1811,,,,,3/26/2026 0:00,Interespecific U.,Breeding,CIAT-CIAT-6294,CIAT_6294,,Marandu,accesion,239.7,54.9,0.229036295,32,2,0.5056081,,,,0
FM2411,I1N,211,1,1,16,3/25/2025 0:00,2/19/2025 0:00,Interspecific U.,Breeding,CIAT-CIAT-6297,CIAT_6297,,,accesion,1237.1,241.6,0.195295449,39,,1.578351064,153.0711421,1530.711421,1.530711421,9.184268527
FM2411,I1N,542,2,5,39,3/25/2025 0:00,2/19/2025 0:00,Interspecific U.,Breeding,CIAT-CIAT-6297,CIAT_6297,,,accesion,1144.4,221.2,0.19328906,25,,1.285771277,172.0368187,1720.368187,1.720368187,10.32220912
FM2411,I1N,620,3,11,45,3/25/2025 0:00,2/19/2025 0:00,Interspecific U.,Breeding,CIAT-CIAT-6297,CIAT_6297,,,accesion,679.4,135,0.198704739,23,,1.260239362,107.1225071,1071.225071,1.071225071,6.427350427
FM2411,I1N,97,1,7,13,5/8/2026 0:00,3/18/2026 0:00,Interspecific U.,Breeding,CIAT-CIAT-6387,CIAT_6387,,,accesion,306.8,78.29244104,0.255190486,,,0.45267218,172.9561579,1729.561579,1.729561579,10.37736947
FM2411,I1N,324,2,24,2,5/8/2026 0:00,3/18/2026 0:00,Interspecific U.,Breeding,CIAT-CIAT-6387,CIAT_6387,,,accesion,949,218.0795024,0.229799265,,,0.70867407,307.7289147,3077.289147,3.077289147,18.46373488
FM2411,I1N,625,3,45,9,5/8/2026 0:00,3/18/2026 0:00,Interspecific U.,Breeding,CIAT-CIAT-6387,CIAT_6387,,,accesion,1309.6,283.2158145,0.216261312,,,0.74210814,381.6368521,3816.368521,3.816368521,22.89821113
FM2411,I1N,57,1,5,1,5/8/2026 0:00,3/18/2026 0:00,Interspecific U.,Breeding,CIAT-CIAT-6780,CIAT_6780,,,accesion,694.1,160.8168793,0.231691225,,,0.92122265,174.5689593,1745.689593,1.745689593,10.47413756
FM2411,I1N,457,2,33,9,5/8/2026 0:00,3/18/2026 0:00,Interspecific U.,Breeding,CIAT-CIAT-6780,CIAT_6780,,,accesion,305.1,78.17562107,0.256229502,,,0.50233988,155.622964,1556.22964,1.55622964,9.337377841
FM2407,M1N,523,3,43,3,8/5/2025 0:00,7/29/2025 0:00,Urochloa humidicola,Breeding,CIAT-CIAT-679,CIAT_679,,Tully,accesion,153.7,43.7,0.284320104,20,,0.25,174.8,1748,1.748,10.488
FM2407,M1N,321,2,23,1,8/5/2025 0:00,7/29/2025 0:00,Urochloa humidicola,Breeding,CIAT-CIAT-679,CIAT_679,,Tully,accesion,165.2,39,0.236077482,19,,0.25,156,1560,1.56,9.36
FM2407,M1N,170,1,7,10,8/5/2025 0:00,7/29/2025 0:00,Urochloa humidicola,Breeding,CIAT-CIAT-679,CIAT_679,,Tully,accesion,265.5,68.6,0.258380414,14,,0.25,274.4,2744,2.744,16.464
FM2410,O4E,459,3,2,72,2/28/2025 0:00,2/5/2025 0:00,Megathyrsus maximus,Breeding,CIAT-CIAT-6799,CIAT_6799,,,accesion,414.7,110.6,0.266698818,65,,0.7,158,1580,1.58,9.48
FM2410,O4E,179,1,2,16,2/28/2025 0:00,2/5/2025 0:00,Megathyrsus maximus,Breeding,CIAT-CIAT-6799,CIAT_6799,,,accesion,297.2,82.4,0.277254374,69,,1.01,81.58415842,815.8415842,0.815841584,4.895049505
FM2410,O4E,254,2,4,31,2/28/2025 0:00,2/5/2025 0:00,Megathyrsus maximus,Breeding,CIAT-CIAT-6799,CIAT_6799,,,accesion,495.8,138.9,0.280153288,80,,1.53,90.78431373,907.8431373,0.907843137,5.447058824
FM2410,O4E,122,1,2,5,2/28/2025 0:00,2/3/2025 0:00,Megathyrsus maximus,Breeding,CIAT-CIAT-6890,CIAT_6890,,,accesion,177.9,43.9,0.246767847,70,,0.45,97.55555556,975.5555556,0.975555556,5.853333333
FM2410,O4E,270,2,1,34,2/28/2025 0:00,2/3/2025 0:00,Megathyrsus maximus,Breeding,CIAT-CIAT-6890,CIAT_6890,,,accesion,153.6,42.8,0.278645833,70,,0.62,69.03225806,690.3225806,0.690322581,4.141935484
FM2410,O4E,389,3,2,58,2/28/2025 0:00,2/3/2025 0:00,Megathyrsus maximus,Breeding,CIAT-CIAT-6890,CIAT_6890,,,accesion,249.9,59.1,0.236494598,70,,0.64,92.34375,923.4375,0.9234375,5.540625
SOC-BEF_METANO,M2N,365,3,15,1,11/28/2024 0:00,11/21/2024 0:00,Megathyrsus maximus,Breeding,CIAT-CIAT-6962,CIAT_6962,,Mombaza,accesion,869.4,282.9501818,0.325454545,76,,0.456595265,619.6958302,6196.958302,6.196958302,37.18174981
SOC-BEF_METANO,M2N,261,2,11,1,11/28/2024 0:00,11/21/2024 0:00,Megathyrsus maximus,Breeding,CIAT-CIAT-6962,CIAT_6962,,Mombaza,accesion,1552.9,449.8797426,0.28970297,73,,0.736159734,611.1170196,6111.170196,6.111170196,36.66702117
SOC-BEF_METANO,M2N,32,1,2,21,11/28/2024 0:00,11/21/2024 0:00,Megathyrsus maximus,Breeding,CIAT-CIAT-6962,CIAT_6962,,Mombaza,accesion,1815,408.9478133,0.2253156,92,,1.101613956,371.2260644,3712.260644,3.712260644,22.27356386
FM2410,O4E,510,3,1,82,5/20/2025 0:00,4/2/2025 0:00,Megathyrsus maximus,Breeding,CIAT-CIAT-6986,CIAT_6986,,,accesion,578.1,135.4,0.234215534,93,,0.674467678,200.7509099,1432.245058,1.432245058,8.593470349
FM2410,O4E,257,2,4,32,5/20/2025 0:00,4/2/2025 0:00,Megathyrsus maximus,Breeding,CIAT-CIAT-6986,CIAT_6986,,,accesion,585.8,136.8,0.233526801,84,,0.739902626,184.8891939,1144.108917,1.144108917,6.864653501
FM2410,O4E,214,1,4,23,5/20/2025 0:00,4/2/2025 0:00,Megathyrsus maximus,Breeding,CIAT-CIAT-6986,CIAT_6986,,,accesion,955.9,230.8,0.24144785,90,,1.049600951,219.8930935,1593.559962,1.593559962,9.561359772
FM2411,I1N,121,1,9,9,5/8/2026 0:00,3/18/2026 0:00,Interspecific U.,Breeding,CIAT-GP-3207,GP_3207,,,hybrid,560.6,124.8288161,0.222670025,,,0.62220581,200.623032,2006.23032,2.00623032,12.03738192
FM2411,I1N,454,2,33,6,5/8/2026 0:00,3/18/2026 0:00,Interspecific U.,Breeding,CIAT-GP-3207,GP_3207,,,hybrid,564.7,134.4260647,0.238048636,,,0.5551061,242.1628309,2421.628309,2.421628309,14.52976986
FM2411,I1N,748,3,54,6,5/8/2026 0:00,3/18/2026 0:00,Interspecific U.,Breeding,CIAT-GP-3207,GP_3207,,,hybrid,1115.5,263.6235933,0.236327739,,,0.79070976,333.4012132,3334.012132,3.334012132,20.00407279
FM2411,I1N,152,1,11,12,5/8/2026 0:00,3/18/2026 0:00,Interspecific U.,Breeding,CIAT-Mavuno,Mavuno,,,hybrid,643.4,136.1235192,0.211569038,,,0.80037989,170.0736374,1700.736374,1.700736374,10.20441824
FM2411,I1N,554,2,40,8,5/8/2026 0:00,3/18/2026 0:00,Interspecific U.,Breeding,CIAT-Mavuno,Mavuno,,,hybrid,997.1,191.0922446,0.191648024,,,0.67436901,283.3645108,2833.645108,2.833645108,17.00187065
FM2411,I1N,785,3,57,1,5/8/2026 0:00,3/18/2026 0:00,Interspecific U.,Breeding,CIAT-Mavuno,Mavuno,,,hybrid,931.7,183.8972235,0.197378151,,,0.73831466,249.0770311,2490.770311,2.490770311,14.94462187
,LLANOS,2127,,,,,3/12/2026 0:00,Interespecific U.,Breeding,CIAT-Mulato-II,CIAT_36087,,Mulato II,hybrid,236.9,81.4,0.343604897,,,0.4826985,,,,0
,QUILICHAO,252,,,,,3/26/2026 0:00,Interespecific U.,Breeding,CIAT-Mulato-II,CIAT_36087,,Mulato II,hybrid,497.9,86.1,0.17292629,41,2.5,0.8729104,,,,0
,QUILICHAO,2127,,,,,3/26/2026 0:00,Interespecific U.,Breeding,CIAT-Mulato-II,CIAT_36087,,Mulato II,hybrid,263,59.8,0.227376426,34,2,0.6235981,,,,0
FM2410,O4E,501,3,1,81,2/28/2025 0:00,2/3/2025 0:00,Megathyrsus maximus,Breeding,CIAT-PM-21-0185,PM21_185,,,hybrid,255.4,64.7,0.253328113,69,,0.74,87.43243243,874.3243243,0.874324324,5.245945946
FM2410,O4E,190,1,1,18,2/28/2025 0:00,2/3/2025 0:00,Megathyrsus maximus,Breeding,CIAT-PM-21-0185,PM21_185,,,hybrid,494.5,108.6,0.219615774,78,,1,108.6,1086,1.086,6.516
FM2410,O4E,356,2,5,52,2/28/2025 0:00,2/3/2025 0:00,Megathyrsus maximus,Breeding,CIAT-PM-21-0185,PM21_185,,,hybrid,521.7,132.2,0.253402339,68,,1.45,91.17241379,911.7241379,0.911724138,5.470344828
SOC-BEF_METANO,M2N,516,3,20,5,11/28/2024 0:00,11/21/2024 0:00,Megathyrsus maximus,Breeding,CIAT-PM-21-0215,PM21_215,,,hybrid,923.3,231.0348409,0.250227273,60,,0.637186258,362.5860382,3625.860382,3.625860382,21.75516229
SOC-BEF_METANO,M2N,258,2,10,3,11/28/2024 0:00,11/21/2024 0:00,Megathyrsus maximus,Breeding,CIAT-PM-21-0215,PM21_215,,,hybrid,1138.9,313.7386063,0.275475113,73,,0.78867264,397.8058708,3978.058708,3.978058708,23.86835225
SOC-BEF_METANO,M2N,68,1,3,16,11/28/2024 0:00,11/21/2024 0:00,Megathyrsus maximus,Breeding,CIAT-PM-21-0215,PM21_215,,,hybrid,1456.4,340.1413273,0.233549387,74,,0.812614965,418.5762532,4185.762532,4.185762532,25.11457519
SOC-BEF_METANO,M2N,320,2,13,8,11/28/2024 0:00,11/21/2024 0:00,Megathyrsus maximus,Breeding,CIAT-PM-21-2195,PM21_2195,,,hybrid,324.1,85.04831034,0.262413793,67,,0.4445796,191.3005238,1913.005238,1.913005238,11.47803143
SOC-BEF_METANO,M2N,99,1,4,6,11/28/2024 0:00,11/21/2024 0:00,Megathyrsus maximus,Breeding,CIAT-PM-21-2195,PM21_2195,,,hybrid,852.4,194.3284545,0.227978009,80,,0.528778259,367.5046226,3675.046226,3.675046226,22.05027735
SOC-BEF_METANO,M2N,491,3,19,23,11/28/2024 0:00,11/21/2024 0:00,Megathyrsus maximus,Breeding,CIAT-PM-21-2195,PM21_2195,,,hybrid,153.2,42.22991304,0.275652174,71,,0.859075536,49.15739219,491.5739219,0.491573922,2.949443531
FM2410,O4E,113,1,3,3,5/20/2025 0:00,4/1/2025 0:00,Megathyrsus maximus,Breeding,CIAT-PM-21-2580,PM21_2580,,,hybrid,486,110.2,0.226748971,71,,0.92787569,118.7659092,847.1318207,0.847131821,5.082790924
FM2410,O4E,491,3,1,79,5/20/2025 0:00,4/1/2025 0:00,Megathyrsus maximus,Breeding,CIAT-PM-21-2580,PM21_2580,,,hybrid,617.3,141.9,0.229872023,73,,0.722222997,196.4767123,1352.600715,1.352600715,8.115604287
FM2410,O4E,266,2,5,34,5/20/2025 0:00,4/1/2025 0:00,Megathyrsus maximus,Breeding,CIAT-PM-21-2580,PM21_2580,,,hybrid,708.9,157.6,0.222316265,72,,1.071954504,147.021165,1011.841983,1.011841983,6.071051897
FM2410,O4E,468,3,3,74,2/28/2025 0:00,2/5/2025 0:00,Megathyrsus maximus,Breeding,CIAT-PM-21-2627,PM21_2627,,,hybrid,468.2,95.2,0.203331909,80,,0.59,161.3559322,1613.559322,1.613559322,9.681355932
FM2410,O4E,172,1,2,15,2/28/2025 0:00,2/5/2025 0:00,Megathyrsus maximus,Breeding,CIAT-PM-21-2627,PM21_2627,,,hybrid,361.6,71.3,0.197179204,73,,0.63,113.1746032,1131.746032,1.131746032,6.79047619
FM2410,O4E,366,2,5,54,2/28/2025 0:00,2/5/2025 0:00,Megathyrsus maximus,Breeding,CIAT-PM-21-2627,PM21_2627,,,hybrid,674.1,128.1,0.190031153,72,,1.31,97.78625954,977.8625954,0.977862595,5.867175573
SOC-BEF_METANO,M2N,173,1,7,17,11/28/2024 0:00,11/21/2024 0:00,Megathyrsus maximus,Breeding,CIAT-PM-21-3522,PM21_3522,,,hybrid,973.3,205.6019977,0.211242163,97,,0.530825372,387.3251139,3873.251139,3.873251139,23.23950683
SOC-BEF_METANO,M2N,251,2,10,10,11/28/2024 0:00,11/21/2024 0:00,Megathyrsus maximus,Breeding,CIAT-PM-21-3522,PM21_3522,,,hybrid,666,151.4494488,0.227401575,82,,0.577730968,262.1452842,2621.452842,2.621452842,15.72871705
SOC-BEF_METANO,M2N,431,3,17,15,11/28/2024 0:00,11/21/2024 0:00,Megathyrsus maximus,Breeding,CIAT-PM-21-3522,PM21_3522,,,hybrid,487.2,89.9696,0.184666667,86,,0.810656856,110.98358,1109.8358,1.1098358,6.659014798
SOC-BEF_METANO,M2N,505,3,20,16,11/28/2024 0:00,11/21/2024 0:00,Megathyrsus maximus,Breeding,CIAT-PM-21-3534,PM21_3534,,,hybrid,747.2,198.5868169,0.265774648,68,,0.787159556,252.2828001,2522.828001,2.522828001,15.13696801
SOC-BEF_METANO,M2N,97,1,4,8,11/28/2024 0:00,11/21/2024 0:00,Megathyrsus maximus,Breeding,CIAT-PM-21-3534,PM21_3534,,,hybrid,1586.9,335.6609902,0.211519938,77,,0.787337566,426.3241139,4263.241139,4.263241139,25.57944683
SOC-BEF_METANO,M2N,214,2,9,6,11/28/2024 0:00,11/21/2024 0:00,Megathyrsus maximus,Breeding,CIAT-PM-21-3534,PM21_3534,,,hybrid,1263.4,320.5749106,0.253739837,76,,0.975137958,328.7482637,3287.482637,3.287482637,19.72489582
FM2410,O4E,345,2,5,49,5/20/2025 0:00,4/1/2025 0:00,Megathyrsus maximus,Breeding,CIAT-PM-21-3535,PM21_3535,,,hybrid,1226.9,256,0.208655962,104,,1.512725939,169.2309184,1096.413947,1.096413947,6.578483683
FM2410,O4E,381,3,1,57,5/20/2025 0:00,4/1/2025 0:00,Megathyrsus maximus,Breeding,CIAT-PM-21-3535,PM21_3535,,,hybrid,1285.2,277.8,0.216153128,99,,1.476757039,188.1148981,1312.406327,1.312406327,7.874437962
FM2410,O4E,104,1,4,1,5/20/2025 0:00,4/1/2025 0:00,Megathyrsus maximus,Breeding,CIAT-PM-21-3535,PM21_3535,,,hybrid,1854.5,386.3,0.208304125,113,,1.826082119,211.5457986,2115.457986,2.115457986,12.69274791
SOC-BEF_METANO,M2N,45,1,2,8,11/28/2024 0:00,11/21/2024 0:00,Megathyrsus maximus,Breeding,CIAT-PM-21-3537,PM21_3537,,,hybrid,623.5,155.0525106,0.248680851,70,,0.457396309,338.9894225,3389.894225,3.389894225,20.33936535
SOC-BEF_METANO,M2N,371,3,15,7,11/28/2024 0:00,11/21/2024 0:00,Megathyrsus maximus,Breeding,CIAT-PM-21-3537,PM21_3537,,,hybrid,646.2,143.9016807,0.222689076,81,,0.459799442,312.9661925,3129.661925,3.129661925,18.77797155
SOC-BEF_METANO,M2N,206,2,8,3,11/28/2024 0:00,11/21/2024 0:00,Megathyrsus maximus,Breeding,CIAT-PM-21-3537,PM21_3537,,,hybrid,820.6,202.8333752,0.247176913,84,,0.657390376,308.5432683,3085.432683,3.085432683,18.5125961
SOC-BEF_METANO,M2N,445,3,18,24,11/28/2024 0:00,11/21/2024 0:00,Megathyrsus maximus,Breeding,CIAT-PM-21-3545,PM21_3545,,,hybrid,541.1,143.82438,0.2658,82,,0.72307601,198.9063086,1989.063086,1.989063086,11.93437852
SOC-BEF_METANO,M2N,57,1,3,5,11/28/2024 0:00,11/21/2024 0:00,Megathyrsus maximus,Breeding,CIAT-PM-21-3545,PM21_3545,,,hybrid,1121.1,255.0771002,0.22752395,80,,0.777369014,328.1287209,3281.287209,3.281287209,19.68772325
SOC-BEF_METANO,M2N,296,2,12,17,11/28/2024 0:00,11/21/2024 0:00,Megathyrsus maximus,Breeding,CIAT-PM-21-3545,PM21_3545,,,hybrid,839.5,215.7196203,0.256962025,76,,0.778971103,276.9289123,2769.289123,2.769289123,16.61573474
FM2410,O4E,520,3,1,84,2/28/2025 0:00,2/3/2025 0:00,Megathyrsus maximus,Breeding,CIAT-PM-21-3550,PM21_3550,,,hybrid,101.1,27.5,0.272007913,51,,0.26,105.7692308,1057.692308,1.057692308,6.346153846
FM2410,O4E,360,2,1,52,2/28/2025 0:00,2/3/2025 0:00,Megathyrsus maximus,Breeding,CIAT-PM-21-3550,PM21_3550,,,hybrid,241.1,58.7,0.243467441,61,,0.68,86.32352941,863.2352941,0.863235294,5.179411765
FM2410,O4E,125,1,5,5,2/28/2025 0:00,2/3/2025 0:00,Megathyrsus maximus,Breeding,CIAT-PM-21-3550,PM21_3550,,,hybrid,257.3,65.3,0.253789351,69,,1.68,38.86904762,388.6904762,0.388690476,2.332142857
FM2410,O4E,505,3,5,81,2/28/2025 0:00,2/3/2025 0:00,Megathyrsus maximus,Breeding,CIAT-PM-21-3595,PM21_3595,,,hybrid,345.9,89.5,0.258745302,73,,0.88,101.7045455,1017.045455,1.017045455,6.102272727
FM2410,O4E,314,2,4,43,2/28/2025 0:00,2/3/2025 0:00,Megathyrsus maximus,Breeding,CIAT-PM-21-3595,PM21_3595,,,hybrid,691.8,147.7,0.213501012,85,,1.68,87.91666667,879.1666667,0.879166667,5.275
FM2410,O4E,126,1,5,6,2/28/2025 0:00,2/3/2025 0:00,Megathyrsus maximus,Breeding,CIAT-PM-21-3595,PM21_3595,,,hybrid,603.4,132.5,0.219588996,78,,2.17,61.05990783,610.5990783,0.610599078,3.66359447
FM2410,O4E,466,3,5,74,5/20/2025 0:00,4/2/2025 0:00,Megathyrsus maximus,Breeding,CIAT-PM-21-3641,PM21_3641,,,hybrid,826,204.2,0.247215496,81,,0.79924115,255.4923505,1482.872002,1.482872002,8.897232011
FM2410,O4E,240,1,1,28,5/20/2025 0:00,4/2/2025 0:00,Megathyrsus maximus,Breeding,CIAT-PM-21-3641,PM21_3641,,,hybrid,1102.8,254.7,0.230957563,85,,1.304634676,195.227066,1312.892725,1.312892725,7.877356351
FM2410,O4E,329,2,2,46,5/20/2025 0:00,4/2/2025 0:00,Megathyrsus maximus,Breeding,CIAT-PM-21-3641,PM21_3641,,,hybrid,1239.8,276.6,0.2231005,89,,1.287767904,214.7902577,1484.069932,1.484069932,8.904419594
FM2410,O4E,483,3,3,77,5/20/2025 0:00,4/2/2025 0:00,Megathyrsus maximus,Breeding,CIAT-PM-21-3662,PM21_3662,,,hybrid,818.6,208.3,0.254458832,77,,1.223552241,170.2420159,1139.579123,1.139579123,6.837474738
FM2410,O4E,193,1,3,19,5/20/2025 0:00,4/2/2025 0:00,Megathyrsus maximus,Breeding,CIAT-PM-21-3662,PM21_3662,,,hybrid,925.8,217.4,0.234823936,83,,1.637702626,132.7469326,891.9168994,0.891916899,5.351501397
FM2410,O4E,350,2,1,50,5/20/2025 0:00,4/2/2025 0:00,Megathyrsus maximus,Breeding,CIAT-PM-21-3662,PM21_3662,,,hybrid,1307.9,285.4,0.218212402,94,,1.481024536,192.7044374,1372.354329,1.372354329,8.234125975
SOC-BEF_METANO,M2N,60,1,3,8,11/28/2024 0:00,11/21/2024 0:00,Megathyrsus maximus,Breeding,CIAT-PM-21-3670,PM21_3670,,,hybrid,853,195.1612511,0.228793964,81,,0.427312645,456.7177062,4567.177062,4.567177062,27.40306237
SOC-BEF_METANO,M2N,477,3,19,9,11/28/2024 0:00,11/21/2024 0:00,Megathyrsus maximus,Breeding,CIAT-PM-21-3670,PM21_3670,,,hybrid,333,93.71571429,0.281428571,80,,0.546134219,171.5983197,1715.983197,1.715983197,10.29589918
SOC-BEF_METANO,M2N,277,2,11,17,11/28/2024 0:00,11/21/2024 0:00,Megathyrsus maximus,Breeding,CIAT-PM-21-3670,PM21_3670,,,hybrid,664,161.006281,0.242479339,74,,0.755295793,213.1698369,2131.698369,2.131698369,12.79019021
FM2410,O4E,281,2,1,37,2/28/2025 0:00,2/3/2025 0:00,Megathyrsus maximus,Breeding,CIAT-PM-21-3684,PM21_3684,,,hybrid,320.5,79.9,0.249297972,63,,1.3,61.46153846,614.6153846,0.614615385,3.687692308
FM2410,O4E,143,1,3,9,2/28/2025 0:00,2/3/2025 0:00,Megathyrsus maximus,Breeding,CIAT-PM-21-3684,PM21_3684,,,hybrid,312.1,70.6,0.226209548,67,,1.42,49.71830986,497.1830986,0.497183099,2.983098592
FM2410,O4E,388,3,3,58,2/28/2025 0:00,2/3/2025 0:00,Megathyrsus maximus,Breeding,CIAT-PM-21-3684,PM21_3684,,,hybrid,369.3,86.7,0.234768481,60,,1.66,52.22891566,522.2891566,0.522289157,3.13373494
FM2410,O4E,443,3,3,69,5/20/2025 0:00,4/2/2025 0:00,Megathyrsus maximus,Breeding,CIAT-PM-21-4448,PM21_4448,,,hybrid,402.2,109.8,0.272998508,75,,0.512506021,214.2413855,1396.909556,1.396909556,8.381457335
FM2410,O4E,378,2,3,56,5/20/2025 0:00,4/2/2025 0:00,Megathyrsus maximus,Breeding,CIAT-PM-21-4448,PM21_4448,,,hybrid,584.7,161.6,0.27638105,73,,0.91060249,177.4649222,1248.65122,1.24865122,7.49190732
FM2410,O4E,199,1,2,20,5/20/2025 0:00,4/2/2025 0:00,Megathyrsus maximus,Breeding,CIAT-PM-21-4448,PM21_4448,,,hybrid,910.9,228.2,0.250521462,84,,1.157304436,197.1823427,1326.227585,1.326227585,7.957365508
FM2410,O4E,182,1,2,17,2/28/2025 0:00,2/5/2025 0:00,Megathyrsus maximus,Breeding,CIAT-PM-21-4449,PM21_4449,,,hybrid,546.7,137.8,0.252057801,72,,1.1,125.2727273,1252.727273,1.252727273,7.516363636
FM2410,O4E,408,3,3,62,2/28/2025 0:00,2/5/2025 0:00,Megathyrsus maximus,Breeding,CIAT-PM-21-4449,PM21_4449,,,hybrid,360.5,102,0.282940361,68,,1.4,72.85714286,728.5714286,0.728571429,4.371428571
FM2410,O4E,262,2,2,33,2/28/2025 0:00,2/5/2025 0:00,Megathyrsus maximus,Breeding,CIAT-PM-21-4449,PM21_4449,,,hybrid,455.6,127.3,0.279411765,75,,1.63,78.09815951,780.9815951,0.780981595,4.685889571
FM2410,O4E,475,3,5,75,2/28/2025 0:00,2/5/2025 0:00,Megathyrsus maximus,Breeding,CIAT-PM-21-0047,PM21_47,,,hybrid,699.8,150.8,0.21549014,64,,1.26,119.6825397,1196.825397,1.196825397,7.180952381
FM2410,O4E,372,2,2,55,2/28/2025 0:00,2/5/2025 0:00,Megathyrsus maximus,Breeding,CIAT-PM-21-0047,PM21_47,,,hybrid,863.1,193.4,0.224076005,66,,1.7,113.7647059,1137.647059,1.137647059,6.825882353
FM2410,O4E,147,1,4,10,2/28/2025 0:00,2/5/2025 0:00,Megathyrsus maximus,Breeding,CIAT-PM-21-0047,PM21_47,,,hybrid,812.2,173.1,0.213124846,66,,2.23,77.62331839,776.2331839,0.776233184,4.657399103
FM2410,O4E,482,3,2,77,5/20/2025 0:00,4/2/2025 0:00,Megathyrsus maximus,Breeding,CIAT-PM-21-4852,PM21_4852,,,hybrid,664.9,180.8,0.27192059,82,,1.247734722,144.9025958,988.0343572,0.988034357,5.928206143
FM2410,O4E,231,1,1,27,5/20/2025 0:00,4/2/2025 0:00,Megathyrsus maximus,Breeding,CIAT-PM-21-4852,PM21_4852,,,hybrid,775.9,200.7,0.258667354,85,,1.239809371,161.879725,1058.570589,1.058570589,6.351423537
FM2410,O4E,339,2,2,48,5/20/2025 0:00,4/2/2025 0:00,Megathyrsus maximus,Breeding,CIAT-PM-21-4852,PM21_4852,,,hybrid,982.3,244.9,0.249312837,90,,1.208514396,202.6454967,1434.879742,1.434879742,8.609278454
FM2410,O4E,516,3,5,84,5/20/2025 0:00,4/2/2025 0:00,Megathyrsus maximus,Breeding,CIAT-PM-21-4926,PM21_4926,,,hybrid,710.8,189.6,0.266741699,83,,1.040253101,182.2633356,2017.934783,2.017934783,12.1076087
FM2410,O4E,171,1,1,15,5/20/2025 0:00,4/2/2025 0:00,Megathyrsus maximus,Breeding,CIAT-PM-21-4926,PM21_4926,,,hybrid,772.4,186.1,0.240937338,74,,1.299960751,143.1581683,977.6800323,0.977680032,5.866080194
FM2410,O4E,250,2,1,30,5/20/2025 0:00,4/2/2025 0:00,Megathyrsus maximus,Breeding,CIAT-PM-21-4926,PM21_4926,,,hybrid,830.3,274,0.330001204,84,,1.300976822,210.6109773,1491.449495,1.491449495,8.948696972
FM2410,O4E,340,2,1,48,2/28/2025 0:00,2/5/2025 0:00,Megathyrsus maximus,Breeding,CIAT-PM-21-0052,PM21_52,,,hybrid,524.5,122.8,0.234127741,66,,1.32,93.03030303,930.3030303,0.93030303,5.581818182
FM2410,O4E,422,3,2,65,2/28/2025 0:00,2/5/2025 0:00,Megathyrsus maximus,Breeding,CIAT-PM-21-0052,PM21_52,,,hybrid,663,147.2,0.222021116,63,,1.52,96.84210526,968.4210526,0.968421053,5.810526316
FM2410,O4E,223,1,3,25,2/28/2025 0:00,2/5/2025 0:00,Megathyrsus maximus,Breeding,CIAT-PM-21-0052,PM21_52,,,hybrid,684.9,152.6,0.222806249,82,,2.09,73.01435407,730.1435407,0.730143541,4.380861244
FM2410,O4E,519,3,2,84,2/28/2025 0:00,2/3/2025 0:00,Megathyrsus maximus,Breeding,CIAT-PM-21-0053,PM21_53,,,hybrid,393.8,97.4,0.247333672,40,,1.07,91.02803738,910.2803738,0.910280374,5.461682243
FM2410,O4E,108,1,3,2,2/28/2025 0:00,2/3/2025 0:00,Megathyrsus maximus,Breeding,CIAT-PM-21-0053,PM21_53,,,hybrid,517.1,111.2,0.215045446,63,,1.55,71.74193548,717.4193548,0.717419355,4.304516129
FM2410,O4E,258,2,3,32,2/28/2025 0:00,2/3/2025 0:00,Megathyrsus maximus,Breeding,CIAT-PM-21-0053,PM21_53,,,hybrid,419.3,103,0.245647508,66,,1.84,55.97826087,559.7826087,0.559782609,3.358695652
FM2410,O4E,271,2,1,35,2/28/2025 0:00,2/5/2025 0:00,Megathyrsus maximus,Breeding,CIAT-PM-21-0055,PM21_55,,,hybrid,347.7,94.4,0.271498418,64,,1.28,73.75,737.5,0.7375,4.425
FM2410,O4E,151,1,1,11,2/28/2025 0:00,2/5/2025 0:00,Megathyrsus maximus,Breeding,CIAT-PM-21-0055,PM21_55,,,hybrid,305.4,59.4,0.194499018,55,,1.36,43.67647059,436.7647059,0.436764706,2.620588235
FM2410,O4E,451,3,1,71,2/28/2025 0:00,2/5/2025 0:00,Megathyrsus maximus,Breeding,CIAT-PM-21-0055,PM21_55,,,hybrid,602.1,140.3,0.233017771,67,,1.48,94.7972973,947.972973,0.947972973,5.687837838
FM2410,O4E,458,3,3,72,2/28/2025 0:00,2/5/2025 0:00,Megathyrsus maximus,Breeding,CIAT-PM-21-0059,PM21_59,,,hybrid,1090.6,224,0.205391528,64,,1.14,196.4912281,1964.912281,1.964912281,11.78947368
FM2410,O4E,336,2,5,48,2/28/2025 0:00,2/5/2025 0:00,Megathyrsus maximus,Breeding,CIAT-PM-21-0059,PM21_59,,,hybrid,670.8,144.8,0.215861658,70,,1.55,93.41935484,934.1935484,0.934193548,5.60516129
FM2410,O4E,146,1,5,10,2/28/2025 0:00,2/5/2025 0:00,Megathyrsus maximus,Breeding,CIAT-PM-21-0059,PM21_59,,,hybrid,460.4,105.4,0.228931364,62,,2.18,48.34862385,483.4862385,0.483486239,2.900917431
FM2410,O4E,232,1,2,27,2/28/2025 0:00,2/3/2025 0:00,Megathyrsus maximus,Breeding,CIAT-PM-21-6080,PM21_6080,,,hybrid,274.1,67.1,0.244801167,60,,0.75,89.46666667,894.6666667,0.894666667,5.368
FM2410,O4E,256,2,5,32,2/28/2025 0:00,2/3/2025 0:00,Megathyrsus maximus,Breeding,CIAT-PM-21-6080,PM21_6080,,,hybrid,218.4,53.5,0.24496337,61,,0.76,70.39473684,703.9473684,0.703947368,4.223684211
FM2410,O4E,394,3,4,59,2/28/2025 0:00,2/3/2025 0:00,Megathyrsus maximus,Breeding,CIAT-PM-21-6080,PM21_6080,,,hybrid,191.6,48.4,0.252609603,54,,1.06,45.66037736,456.6037736,0.456603774,2.739622642
FM2410,O4E,486,3,5,78,5/20/2025 0:00,4/1/2025 0:00,Megathyrsus maximus,Breeding,CIAT-PM-21-6106,PM21_6106,,,hybrid,496.9,121.6,0.244717247,66,,1.040253101,116.8946287,2117.608476,2.117608476,12.70565086
FM2410,O4E,289,2,2,38,5/20/2025 0:00,4/1/2025 0:00,Megathyrsus maximus,Breeding,CIAT-PM-21-6106,PM21_6106,,,hybrid,819.9,177.4,0.21636785,62,,1.027044183,172.7286936,1245.539438,1.245539438,7.473236625
FM2410,O4E,106,1,5,2,5/20/2025 0:00,4/1/2025 0:00,Megathyrsus maximus,Breeding,CIAT-PM-21-6106,PM21_6106,,,hybrid,993.7,214.2,0.215558015,57,,1.707201856,125.4684672,898.7657276,0.898765728,5.392594365
FM2410,O4E,414,3,4,63,2/28/2025 0:00,2/5/2025 0:00,Megathyrsus maximus,Breeding,CIAT-PM-21-0062,PM21_62,,,hybrid,384.5,94.7,0.246293888,65,,1.65,57.39393939,573.9393939,0.573939394,3.443636364
FM2410,O4E,253,2,3,31,2/28/2025 0:00,2/5/2025 0:00,Megathyrsus maximus,Breeding,CIAT-PM-21-0062,PM21_62,,,hybrid,543,122.3,0.225230203,73,,1.76,69.48863636,694.8863636,0.694886364,4.169318182
FM2410,O4E,213,1,3,23,2/28/2025 0:00,2/5/2025 0:00,Megathyrsus maximus,Breeding,CIAT-PM-21-0062,PM21_62,,,hybrid,644.2,149.8,0.232536479,68,,2.18,68.71559633,687.1559633,0.687155963,4.12293578
SOC-BEF_METANO,M2N,518,3,20,3,11/28/2024 0:00,11/21/2024 0:00,Megathyrsus maximus,Breeding,CIAT-PM-21-0631,PM21_631,,,hybrid,349.5,98.76193548,0.282580645,67,,0.42126031,234.4439605,2344.439605,2.344439605,14.06663763
SOC-BEF_METANO,M2N,360,2,14,5,11/28/2024 0:00,11/21/2024 0:00,Megathyrsus maximus,Breeding,CIAT-PM-21-0631,PM21_631,,,hybrid,618.6,161.7876923,0.261538462,57,,0.632736011,255.6954077,2556.954077,2.556954077,15.34172446
SOC-BEF_METANO,M2N,9,1,1,9,11/28/2024 0:00,11/21/2024 0:00,Megathyrsus maximus,Breeding,CIAT-PM-21-0631,PM21_631,,,hybrid,664.7,176.6897297,0.26581876,82,,0.686672996,257.3127686,2573.127686,2.573127686,15.43876612
FM2410,O4E,288,2,3,38,5/20/2025 0:00,4/1/2025 0:00,Megathyrsus maximus,Breeding,CIAT-PM-21-0065,PM21_65,,,hybrid,714,167,0.233893557,68,,1.261553282,132.3764936,861.2146085,0.861214609,5.167287651
FM2410,O4E,148,1,3,10,5/20/2025 0:00,4/1/2025 0:00,Megathyrsus maximus,Breeding,CIAT-PM-21-0065,PM21_65,,,hybrid,741.2,171.7,0.231651376,67,,1.499313807,114.5190548,773.874747,0.773874747,4.643248482
FM2410,O4E,446,3,5,70,5/20/2025 0:00,4/1/2025 0:00,Megathyrsus maximus,Breeding,CIAT-PM-21-0065,PM21_65,,,hybrid,1317.5,287.9,0.218519924,74,,0.975224581,295.2140518,1898.920015,1.898920015,11.39352009
FM2410,O4E,484,3,4,77,2/28/2025 0:00,2/5/2025 0:00,Megathyrsus maximus,Breeding,CIAT-PM-21-6529,PM21_6529,,,hybrid,588.8,136.6,0.231997283,57,,1.05,130.0952381,1300.952381,1.300952381,7.805714286
FM2410,O4E,170,1,1,14,2/28/2025 0:00,2/5/2025 0:00,Megathyrsus maximus,Breeding,CIAT-PM-21-6529,PM21_6529,,,hybrid,207,43.3,0.209178744,70,,1.56,27.75641026,277.5641026,0.277564103,1.665384615
FM2410,O4E,278,2,3,36,2/28/2025 0:00,2/5/2025 0:00,Megathyrsus maximus,Breeding,CIAT-PM-21-6529,PM21_6529,,,hybrid,288,73.1,0.253819444,68,,1.86,39.30107527,393.0107527,0.393010753,2.358064516
FM2410,O4E,456,3,5,72,5/20/2025 0:00,4/1/2025 0:00,Megathyrsus maximus,Breeding,CIAT-PM-21-6598,PM21_6598,,,hybrid,808,173.5,0.214727723,79,,0.845980398,205.0874941,1315.278045,1.315278045,7.891668268
FM2410,O4E,325,2,5,45,5/20/2025 0:00,4/1/2025 0:00,Megathyrsus maximus,Breeding,CIAT-PM-21-6598,PM21_6598,,,hybrid,874.8,192.6,0.220164609,71,,1.132309099,170.0948974,1070.312248,1.070312248,6.421873491
FM2410,O4E,130,1,1,6,5/20/2025 0:00,4/1/2025 0:00,Megathyrsus maximus,Breeding,CIAT-PM-21-6598,PM21_6598,,,hybrid,1167.1,233.5,0.200068546,72,,1.925047397,121.2957148,882.8347505,0.882834751,5.297008503
SOC-BEF_METANO,M2N,497,3,20,24,11/28/2024 0:00,11/21/2024 0:00,Megathyrsus maximus,Breeding,CIAT-PM-21-6628,PM21_6628,,,hybrid,136.8,36.5256,0.267,70,,0.369904468,98.74333283,987.4333283,0.987433328,5.92459997
SOC-BEF_METANO,M2N,341,2,14,24,11/28/2024 0:00,11/21/2024 0:00,Megathyrsus maximus,Breeding,CIAT-PM-21-6628,PM21_6628,,,hybrid,502.6,135.3236989,0.269247312,96,,0.522903934,258.7926579,2587.926579,2.587926579,15.52755948
SOC-BEF_METANO,M2N,36,1,2,17,11/28/2024 0:00,11/21/2024 0:00,Megathyrsus maximus,Breeding,CIAT-PM-21-6628,PM21_6628,,,hybrid,1126.5,254.3010536,0.225744388,89,,0.824808639,308.3152159,3083.152159,3.083152159,18.49891295
FM2410,O4E,405,3,5,61,5/20/2025 0:00,4/1/2025 0:00,Megathyrsus maximus,Breeding,CIAT-PM-21-6629,PM21_6629,,,hybrid,404.4,96.8,0.239366963,72,,0.606797374,159.5260693,1689.991148,1.689991148,10.13994689
FM2410,O4E,365,2,5,53,5/20/2025 0:00,4/1/2025 0:00,Megathyrsus maximus,Breeding,CIAT-PM-21-6629,PM21_6629,,,hybrid,479.8,119.6,0.249270529,73,,0.361111498,331.1996448,1705.813533,1.705813533,10.2348812
FM2410,O4E,152,1,2,11,5/20/2025 0:00,4/1/2025 0:00,Megathyrsus maximus,Breeding,CIAT-PM-21-6629,PM21_6629,,,hybrid,588.5,152.2,0.258623619,72,,0.606797374,250.82508,1334.335312,1.334335312,8.006011875
FM2410,O4E,211,1,1,23,2/28/2025 0:00,2/5/2025 0:00,Megathyrsus maximus,Breeding,CIAT-PM-21-6638,PM21_6638,,,hybrid,352.1,85.3,0.242260721,62,,0.92,92.7173913,927.173913,0.927173913,5.563043478
FM2410,O4E,399,3,2,60,2/28/2025 0:00,2/5/2025 0:00,Megathyrsus maximus,Breeding,CIAT-PM-21-6638,PM21_6638,,,hybrid,420,88.9,0.211666667,64,,1.29,68.91472868,689.1472868,0.689147287,4.134883721
FM2410,O4E,268,2,3,34,2/28/2025 0:00,2/5/2025 0:00,Megathyrsus maximus,Breeding,CIAT-PM-21-6638,PM21_6638,,,hybrid,391.8,87.9,0.224349158,64,,1.34,65.59701493,655.9701493,0.655970149,3.935820896
FM2410,O4E,437,3,4,68,5/20/2025 0:00,4/1/2025 0:00,Megathyrsus maximus,Breeding,CIAT-PM-21-6640,PM21_6640,,,hybrid,699.6,151.6,0.216695254,80,,0.949213173,159.7112264,1065.479281,1.065479281,6.392875687
FM2410,O4E,141,1,1,9,5/20/2025 0:00,4/1/2025 0:00,Megathyrsus maximus,Breeding,CIAT-PM-21-6640,PM21_6640,,,hybrid,878.6,155.4,0.176872297,86,,1.344464645,115.5850402,813.0556503,0.81305565,4.878333902
FM2410,O4E,349,2,2,50,5/20/2025 0:00,4/1/2025 0:00,Megathyrsus maximus,Breeding,CIAT-PM-21-6640,PM21_6640,,,hybrid,1108.4,215,0.193973295,81,,1.374946763,156.3696906,1106.434975,1.106434975,6.638609848
FM2410,O4E,515,3,5,83,5/20/2025 0:00,4/1/2025 0:00,Megathyrsus maximus,Breeding,CIAT-PM-21-6641,PM21_6641,,,hybrid,843.6,182,0.215742058,81,,1.31418574,138.4887953,956.8688119,0.956868812,5.741212871
FM2410,O4E,308,2,3,42,5/20/2025 0:00,4/1/2025 0:00,Megathyrsus maximus,Breeding,CIAT-PM-21-6641,PM21_6641,,,hybrid,1206.8,250.6,0.207656613,80,,1.573690177,159.2435434,1104.112283,1.104112283,6.624673698
FM2410,O4E,159,1,2,12,5/20/2025 0:00,4/1/2025 0:00,Megathyrsus maximus,Breeding,CIAT-PM-21-6641,PM21_6641,,,hybrid,1392.1,268.2,0.192658573,90,,1.698463649,157.9074125,1136.815747,1.136815747,6.82089448
FM2410,O4E,387,3,4,58,5/20/2025 0:00,4/1/2025 0:00,Megathyrsus maximus,Breeding,CIAT-PM-21-6647,PM21_6647,,,hybrid,737.5,175.8,0.238372881,87,,0.924014622,190.2567295,1323.701325,1.323701325,7.942207952
FM2410,O4E,364,2,4,53,5/20/2025 0:00,4/1/2025 0:00,Megathyrsus maximus,Breeding,CIAT-PM-21-6647,PM21_6647,,,hybrid,940.8,210.1,0.223320578,90,,1.040456315,201.9306308,1413.31764,1.41331764,8.479905842
FM2410,O4E,132,1,2,7,5/20/2025 0:00,4/1/2025 0:00,Megathyrsus maximus,Breeding,CIAT-PM-21-6647,PM21_6647,,,hybrid,1032.9,214.2,0.207377287,88,,1.357470349,157.7935019,1142.34346,1.14234346,6.854060762
FM2410,O4E,497,3,4,80,5/20/2025 0:00,4/2/2025 0:00,Megathyrsus maximus,Breeding,CIAT-PM-21-0070,PM21_70,,,hybrid,853.5,193.9,0.227182191,80,,1.174577637,165.0806161,1094.452933,1.094452933,6.5667176
FM2410,O4E,331,2,1,47,5/20/2025 0:00,4/2/2025 0:00,Megathyrsus maximus,Breeding,CIAT-PM-21-0070,PM21_70,,,hybrid,1002.3,215.1,0.214606405,69,,1.283297193,167.6151098,1135.563007,1.135563007,6.81337804
FM2410,O4E,162,1,2,13,5/20/2025 0:00,4/2/2025 0:00,Megathyrsus maximus,Breeding,CIAT-PM-21-0070,PM21_70,,,hybrid,1215.5,237.5,0.195392842,72,,1.604781938,147.9951852,1036.603558,1.036603558,6.219621349
FM2410,O4E,124,1,4,5,5/20/2025 0:00,4/1/2025 0:00,Megathyrsus maximus,Breeding,CIAT-PM-21-0072,PM21_72,,,hybrid,544.7,121.2,0.222507802,62,,1.236557945,98.01400776,631.440566,0.631440566,3.788643396
FM2410,O4E,471,3,1,75,5/20/2025 0:00,4/1/2025 0:00,Megathyrsus maximus,Breeding,CIAT-PM-21-0072,PM21_72,,,hybrid,595.6,128.2,0.215245131,67,,0.978679221,130.99287,855.3843273,0.855384327,5.132305964
FM2410,O4E,333,2,3,47,5/20/2025 0:00,4/1/2025 0:00,Megathyrsus maximus,Breeding,CIAT-PM-21-0072,PM21_72,,,hybrid,820.8,189.5,0.23087232,64,,1.244280081,152.2969007,1005.953697,1.005953697,6.035722182
FM2410,O4E,117,1,4,4,5/20/2025 0:00,4/1/2025 0:00,Megathyrsus maximus,Breeding,CIAT-PM-21-0074,PM21_74,,,hybrid,821,174.7,0.212789281,67,,1.538127705,113.5796459,768.6271112,0.768627111,4.611762667
FM2410,O4E,287,2,4,38,5/20/2025 0:00,4/1/2025 0:00,Megathyrsus maximus,Breeding,CIAT-PM-21-0074,PM21_74,,,hybrid,868.8,192.4,0.22145488,80,,1.244483296,154.6023162,1000.724269,1.000724269,6.004345615
FM2410,O4E,429,3,2,66,5/20/2025 0:00,4/1/2025 0:00,Megathyrsus maximus,Breeding,CIAT-PM-21-0074,PM21_74,,,hybrid,925.2,220.4,0.238218764,63,,1.32454966,166.3961772,1093.780554,1.093780554,6.562683321
FM2410,O4E,142,1,2,9,2/28/2025 0:00,2/3/2025 0:00,Megathyrsus maximus,Breeding,CIAT-PM-21-0076,PM21_76,,,hybrid,526.1,112.2,0.21326744,60,,1.24,90.48387097,904.8387097,0.90483871,5.429032258
FM2410,O4E,312,2,2,43,2/28/2025 0:00,2/3/2025 0:00,Megathyrsus maximus,Breeding,CIAT-PM-21-0076,PM21_76,,,hybrid,554.7,128.4,0.231476474,65,,1.47,87.34693878,873.4693878,0.873469388,5.240816327
FM2410,O4E,461,3,1,73,2/28/2025 0:00,2/3/2025 0:00,Megathyrsus maximus,Breeding,CIAT-PM-21-0076,PM21_76,,,hybrid,588.1,140,0.238054753,62,,1.81,77.3480663,773.480663,0.773480663,4.640883978
FM2410,O4E,513,3,3,83,5/20/2025 0:00,4/2/2025 0:00,Megathyrsus maximus,Breeding,CIAT-PM-21-0078,PM21_78,,,hybrid,853.4,188.9,0.221349895,79,,1.040253101,181.5904224,1188.480051,1.188480051,7.130880309
FM2410,O4E,252,2,2,31,5/20/2025 0:00,4/2/2025 0:00,Megathyrsus maximus,Breeding,CIAT-PM-21-0078,PM21_78,,,hybrid,959.8,201.1,0.209522817,70,,1.347106428,149.282934,1044.873128,1.044873128,6.269238766
FM2410,O4E,233,1,3,27,5/20/2025 0:00,4/2/2025 0:00,Megathyrsus maximus,Breeding,CIAT-PM-21-0078,PM21_78,,,hybrid,1517.7,348,0.229294327,70,,1.128041603,308.4992603,2159.942007,2.159942007,12.95965204
FM2410,O4E,319,2,2,44,5/20/2025 0:00,4/2/2025 0:00,Megathyrsus maximus,Breeding,CIAT-PM-21-0079,PM21_79,,,hybrid,505.6,120,0.237341772,74,,0.840696831,142.7387324,816.9378698,0.81693787,4.901627219
FM2410,O4E,418,3,3,64,5/20/2025 0:00,4/2/2025 0:00,Megathyrsus maximus,Breeding,CIAT-PM-21-0079,PM21_79,,,hybrid,680.4,150.2,0.220752499,68,,0.957748167,156.8261942,1009.787081,1.009787081,6.058722487
FM2410,O4E,203,1,3,21,5/20/2025 0:00,4/2/2025 0:00,Megathyrsus maximus,Breeding,CIAT-PM-21-0079,PM21_79,,,hybrid,801.1,167.4,0.208962676,70,,1.288987189,129.8694056,864.0519852,0.864051985,5.184311911
FM2410,O4E,135,1,5,7,5/20/2025 0:00,4/1/2025 0:00,Megathyrsus maximus,Breeding,CIAT-PM-21-0819,PM21_819,,,hybrid,760,159.7,0.210131579,81,,1.026840969,155.5255437,1049.133101,1.049133101,6.294798606
FM2410,O4E,472,3,2,75,5/20/2025 0:00,4/1/2025 0:00,Megathyrsus maximus,Breeding,CIAT-PM-21-0819,PM21_819,,,hybrid,774.5,158.8,0.205035507,73,,0.87808823,180.8474303,1267.302023,1.267302023,7.603812139
FM2410,O4E,376,2,5,56,5/20/2025 0:00,4/1/2025 0:00,Megathyrsus maximus,Breeding,CIAT-PM-21-0819,PM21_819,,,hybrid,938.5,193.7,0.206393181,77,,0.913853916,211.9594791,1332.870128,1.332870128,7.997220769
FM2410,O4E,504,3,4,81,2/28/2025 0:00,2/3/2025 0:00,Megathyrsus maximus,Breeding,CIAT-PM-21-0086,PM21_86,,,hybrid,447.8,103.1,0.230236713,65,,0.81,127.2839506,1272.839506,1.272839506,7.637037037
FM2410,O4E,224,1,4,25,2/28/2025 0:00,2/3/2025 0:00,Megathyrsus maximus,Breeding,CIAT-PM-21-0086,PM21_86,,,hybrid,518.9,119.1,0.229523993,63,,1.24,96.0483871,960.483871,0.960483871,5.762903226
FM2410,O4E,241,2,1,29,2/28/2025 0:00,2/3/2025 0:00,Megathyrsus maximus,Breeding,CIAT-PM-21-0086,PM21_86,,,hybrid,486.3,113.8,0.234011927,64,,1.41,80.70921986,807.0921986,0.807092199,4.842553191
FM2410,O4E,436,3,5,68,5/20/2025 0:00,4/2/2025 0:00,Megathyrsus maximus,Breeding,CIAT-PM-21-0876,PM21_876,,,hybrid,895.9,220,0.245563121,69,,1.056510231,208.2327209,1203.01608,1.20301608,7.218096483
FM2410,O4E,251,2,1,31,5/20/2025 0:00,4/2/2025 0:00,Megathyrsus maximus,Breeding,CIAT-PM-21-0876,PM21_876,,,hybrid,1135.7,250.5,0.220568812,72,,1.50093952,166.8954656,1137.20427,1.13720427,6.823225618
FM2410,O4E,238,1,3,28,5/20/2025 0:00,4/2/2025 0:00,Megathyrsus maximus,Breeding,CIAT-PM-21-0876,PM21_876,,,hybrid,1187.8,247.1,0.208031655,71,,1.649489045,149.8039655,1029.925243,1.029925243,6.179551458
FM2410,O4E,424,3,4,65,2/28/2025 0:00,2/5/2025 0:00,Megathyrsus maximus,Breeding,CIAT-PM-21-0906,PM21_906,,,hybrid,359.9,84.8,0.235621006,72,,1.02,83.1372549,831.372549,0.831372549,4.988235294
FM2410,O4E,264,2,4,33,2/28/2025 0:00,2/5/2025 0:00,Megathyrsus maximus,Breeding,CIAT-PM-21-0906,PM21_906,,,hybrid,130.6,33.2,0.254211332,68,,1.13,29.38053097,293.8053097,0.29380531,1.762831858
FM2410,O4E,155,1,5,11,2/28/2025 0:00,2/5/2025 0:00,Megathyrsus maximus,Breeding,CIAT-PM-21-0906,PM21_906,,,hybrid,623.5,129,0.206896552,74,,1.42,90.84507042,908.4507042,0.908450704,5.450704225
