id,taxonomic_name,ch4_8h,ch4_24h,methane_intensity,tddm
internal control1,wheat straw,7.3,12.8,33.31,53.79
internal control1,wheat straw,7.3,12.8,34.77,52.38
internal control1,wheat straw,7.5,12.8,36.7,50.81
internal control 2,Wheat bran,7.1,15.5,39.42,71.13
internal control 2,Wheat bran,7.1,15.9,39.41,70.88
internal control 2,Wheat bran,7.2,15.5,39.48,70.42
6642,Cenchrus ciliaris,7.5,16.1,37.07,46.51
6642,Cenchrus ciliaris,7.5,16.1,36.94,47.39
6642,Cenchrus ciliaris,7.7,16.3,38.75,46.96
6646,Cenchrus ciliaris,8.3,17.1,42.57,49.86
6646,Cenchrus ciliaris,8.1,16.8,41.47,50.4
6646,Cenchrus ciliaris,7.9,16.9,41.59,51.06
13284,Cenchrus ciliaris,7.8,16.7,42.59,51.01
13284,Cenchrus ciliaris,8,16.5,43.96,50.21
13284,Cenchrus ciliaris,8.2,16.5,42.21,51.27
16630,Cenchrus ciliaris,8.2,15.5,43.22,45.84
16630,Cenchrus ciliaris,8.2,15.5,40.96,49.63
16630,Cenchrus ciliaris,8,15.3,40.61,49.29
ABC sample,cynodon Nlemfuensis,7.8,14.5,40.84,55.98
ABC sample,cynodon Nlemfuensis,7.9,14.5,41.42,56.15
ABC sample,cynodon Nlemfuensis,7.8,14.3,41.68,55.39
16660,Cenchrus ciliaris,7.8,15.7,34.34,44.68
16660,Cenchrus ciliaris,7.8,15.1,29.09,52.07
16660,Cenchrus ciliaris,7.7,15.7,35.94,43.75
18071,Cenchrus ciliaris,8,16.6,40.26,50.88
18071,Cenchrus ciliaris,8.1,16.7,41.3,50.77
18071,Cenchrus ciliaris,8,16.4,36.96,56.09
18077,Cenchrus ciliaris,7.9,16.4,41.61,53.25
18077,Cenchrus ciliaris,8,16.7,28.08,78.63
18077,Cenchrus ciliaris,8.1,16.5,42.6,52.56
19369,Cenchrus ciliaris,8,16.1,38.94,50.78
19369,Cenchrus ciliaris,8.4,16.4,37.74,50.76
19369,Cenchrus ciliaris,8,16.2,39.25,48.39
19379,Cenchrus ciliaris,8.3,15.8,40.21,50.63
19379,Cenchrus ciliaris,8,15.7,40.21,50.21
19379,Cenchrus ciliaris,8.1,15.8,41.06,49.54
19389,Cenchrus ciliaris,8.2,16.1,41.68,47.19
19389,Cenchrus ciliaris,7.9,16,40.47,46.72
19389,Cenchrus ciliaris,8,16.1,39.52,47.76
19397,Cenchrus ciliaris,8.1,17.1,43.25,55.21
19397,Cenchrus ciliaris,8.1,17.1,44.08,54.2
19397,Cenchrus ciliaris,8.1,17,43.53,52.31
19406,Cenchrus ciliaris,8.1,16.7,40.39,51.32
19406,Cenchrus ciliaris,8.3,16.6,42.57,49.55
19406,Cenchrus ciliaris,8.3,16.5,41.49,51.98
19408,Cenchrus ciliaris,8.1,16.2,42.7,50.59
19408,Cenchrus ciliaris,8.1,16.3,42.48,51.26
19408,Cenchrus ciliaris,8.1,16.3,41.78,52.59
19439,Cenchrus ciliaris,8.1,16.3,42.31,49.89
19439,Cenchrus ciliaris,8,16.1,42.59,50.16
19439,Cenchrus ciliaris,8.1,16,41.19,49.43
19448,Cenchrus ciliaris,8.2,16.5,41.71,51.08
19448,Cenchrus ciliaris,8.3,16.6,41.13,51.1
19448,Cenchrus ciliaris,8.1,16.5,51.53,40.02
19453,Cenchrus ciliaris,8,16.6,42.4,51
19453,Cenchrus ciliaris,8,16.7,42.58,50.4
19453,Cenchrus ciliaris,8,16.7,41.61,51.89
19456,Cenchrus ciliaris,7.9,17.2,40.29,49.41
19456,Cenchrus ciliaris,7.9,16.6,40.82,48.57
19456,Cenchrus ciliaris,8.1,16.7,39.3,52.31
19458,Cenchrus ciliaris,8,16.6,41.86,50.18
19458,Cenchrus ciliaris,8,16.5,41.86,50.58
19458,Cenchrus ciliaris,8.1,16.6,40.38,48.86
19459,Cenchrus ciliaris,8.3,16.5,38.63,46.98
19459,Cenchrus ciliaris,8.4,16.5,39.15,46.76
19459,Cenchrus ciliaris,8.6,16.9,40.01,45.67
19467,Cenchrus ciliaris,8.9,16.9,40.27,50.46
19467,Cenchrus ciliaris,8.3,16.4,42.09,50.11
19467,Cenchrus ciliaris,8.4,16.3,41.86,49.96
internal control1,wheat straw,6.9,8.6,25.68,48.17
internal control1,wheat straw,6,9.3,25.3,51.53
internal control1,wheat straw,7.4,8.5,27.3,46.89
internal control 2,Wheat bran,7.1,11,33.52,71.08
internal control 2,Wheat bran,6.8,10.9,32.18,72.32
internal control 2,Wheat bran,6.8,10.4,32.28,70.14
6642,Cenchrus ciliaris,7.3,11,28.2,47.92
6642,Cenchrus ciliaris,7.1,11.5,28.78,47.04
6642,Cenchrus ciliaris,7.3,11.1,27.75,47.88
6646,Cenchrus ciliaris,7.7,11.6,31.09,50.3
6646,Cenchrus ciliaris,7.7,11.5,31.55,51.53
6646,Cenchrus ciliaris,8.2,11.9,31.64,51.45
13284,Cenchrus ciliaris,7.8,11.6,30.5,56.21
13284,Cenchrus ciliaris,7.5,11.6,33.68,49.79
13284,Cenchrus ciliaris,7.5,11.4,32.05,50.16
16630,Cenchrus ciliaris,7.6,10.8,31.33,49.12
16630,Cenchrus ciliaris,7.8,10.6,30.37,48.71
16630,Cenchrus ciliaris,7.6,10.5,30.95,48.03
ABC sample,cynodon Nlemfuensis,7.4,10,32.17,52.82
ABC sample,cynodon Nlemfuensis,7.4,10,30.56,53.21
ABC sample,cynodon Nlemfuensis,7.4,10,31.43,53.27
16660,Cenchrus ciliaris,7.6,10.7,27.98,45.19
16660,Cenchrus ciliaris,7.6,10.8,27.28,43.68
16660,Cenchrus ciliaris,8.1,11.2,28.26,44.06
18071,Cenchrus ciliaris,7.7,11.3,29.74,51.32
18071,Cenchrus ciliaris,7.4,11.3,30.71,50.81
18071,Cenchrus ciliaris,7.6,11.4,23.2,66.66
18077,Cenchrus ciliaris,7.8,11.3,30.47,50.68
18077,Cenchrus ciliaris,7.8,11.5,30.76,52.36
18077,Cenchrus ciliaris,7.7,11.4,31.35,52.3
19369,Cenchrus ciliaris,7.5,11,28.31,49.54
19369,Cenchrus ciliaris,7.6,11,26.99,51.34
19369,Cenchrus ciliaris,7.8,11.1,27.57,49.87
19379,Cenchrus ciliaris,7.7,10.8,30.15,51.07
19379,Cenchrus ciliaris,7.7,10.8,31.26,50.01
19379,Cenchrus ciliaris,7.7,10.8,31.57,50.07
19389,Cenchrus ciliaris,7.6,11,29.29,48.8
19389,Cenchrus ciliaris,7.6,11,30.47,46.69
19389,Cenchrus ciliaris,7.7,11.1,30.32,48.19
19397,Cenchrus ciliaris,7.8,11.7,33.65,52.74
19397,Cenchrus ciliaris,7.8,11.8,33.94,52.02
19397,Cenchrus ciliaris,7.8,11.8,33.37,53.3
19406,Cenchrus ciliaris,8,11.4,32.6,50.44
19406,Cenchrus ciliaris,8,11.5,32.05,51.2
19406,Cenchrus ciliaris,8.1,11.6,31.86,51.36
19408,Cenchrus ciliaris,8,11.2,34.34,48
19408,Cenchrus ciliaris,7.8,11.4,33.25,52.36
19408,Cenchrus ciliaris,7.8,11.3,33.38,51.68
19439,Cenchrus ciliaris,7.8,11.2,33.1,50.05
19439,Cenchrus ciliaris,8,11.2,31.01,52.8
19439,Cenchrus ciliaris,7.8,11,31.68,49.36
19448,Cenchrus ciliaris,8,11.4,31.76,51.98
19448,Cenchrus ciliaris,7.8,11.5,28.06,59.89
19448,Cenchrus ciliaris,7.9,11.6,31.12,53.86
19453,Cenchrus ciliaris,7.9,11.6,31.39,54.57
19453,Cenchrus ciliaris,7.8,11.5,32.85,53.56
19453,Cenchrus ciliaris,7.8,11.5,31.36,53.84
19456,Cenchrus ciliaris,7.9,11.5,29.8,51.69
19456,Cenchrus ciliaris,7.8,11.5,28.06,55.56
19456,Cenchrus ciliaris,7.5,11.4,30.52,50.87
19458,Cenchrus ciliaris,7.9,11.5,26.14,61.22
19458,Cenchrus ciliaris,7.8,11.5,31.5,50.97
19458,Cenchrus ciliaris,7.7,11.6,32.14,50.11
19459,Cenchrus ciliaris,7.8,11.6,30.92,47.99
19459,Cenchrus ciliaris,7.9,11.6,30.42,48.09
19459,Cenchrus ciliaris,7.8,11.5,32.18,47.74
19467,Cenchrus ciliaris,7.8,11.6,32.79,50.74
19467,Cenchrus ciliaris,7.9,11.3,31.46,51.21
19467,Cenchrus ciliaris,7.9,11.3,31.28,51.49
internal control1,wheat straw,6.3,8.2,24.76,47.09
internal control1,wheat straw,7.4,8.3,26.3,47.02
internal control1,wheat straw,7.5,9.3,26.8,48.68
internal control 2,Wheat bran,6.9,11,31.91,72.46
internal control 2,Wheat bran,6.8,11.1,32.98,70.81
internal control 2,Wheat bran,6.8,10.2,31.59,69.66
6642,Cenchrus ciliaris,7,10.6,28.37,45.16
6642,Cenchrus ciliaris,7.1,10.5,26.82,45.33
6642,Cenchrus ciliaris,7,10.6,26.62,46.22
6646,Cenchrus ciliaris,7.6,11.1,31,48.36
6646,Cenchrus ciliaris,7.7,11.5,31.48,47.72
6646,Cenchrus ciliaris,7.6,11.5,30.89,47.01
13284,Cenchrus ciliaris,8.7,11.5,37.95,43.34
13284,Cenchrus ciliaris,8.2,10.9,30.93,49.44
13284,Cenchrus ciliaris,7.8,10.9,31.94,48.15
16630,Cenchrus ciliaris,7.7,10.2,29.67,47.74
16630,Cenchrus ciliaris,7.8,10.2,32.14,43.82
16630,Cenchrus ciliaris,8.1,10.1,30.47,47.04
ABC sample,cynodon Nlemfuensis,7.7,9.9,33.81,46.35
ABC sample,cynodon Nlemfuensis,7.7,9.8,30.66,50.98
ABC sample,cynodon Nlemfuensis,7.9,9.7,32.09,47.7
16660,Cenchrus ciliaris,7.6,10.2,27.03,42.68
16660,Cenchrus ciliaris,7.6,10.3,24.83,46.35
16660,Cenchrus ciliaris,7.6,10.5,28.75,43.98
18071,Cenchrus ciliaris,2.5,10.7,71.02,50.72
18071,Cenchrus ciliaris,7.1,10.7,29.79,48.1
18071,Cenchrus ciliaris,7.4,10.6,30.42,49.7
18077,Cenchrus ciliaris,7.8,11.1,30.25,50.11
18077,Cenchrus ciliaris,7.7,10.9,30.32,51.45
18077,Cenchrus ciliaris,7.8,10.9,30.12,50.99
19369,Cenchrus ciliaris,7.5,10.9,26.48,46.44
19369,Cenchrus ciliaris,7.5,10.7,27.41,47.94
19369,Cenchrus ciliaris,7.4,10.6,27.44,48.16
19379,Cenchrus ciliaris,7.5,10.5,30.55,47.39
19379,Cenchrus ciliaris,7.7,10.4,28.93,48.62
19379,Cenchrus ciliaris,7.5,10.5,28.57,48.51
19389,Cenchrus ciliaris,7.4,10.5,28.18,45.67
19389,Cenchrus ciliaris,7.7,10.7,28.54,47.27
19389,Cenchrus ciliaris,7.8,10.6,29.84,44.9
19397,Cenchrus ciliaris,7.6,11.1,31.53,51.59
19397,Cenchrus ciliaris,7.8,11.3,32.23,51.67
19397,Cenchrus ciliaris,7.9,11,27.57,56.77
19406,Cenchrus ciliaris,8,10.8,31.12,47.91
19406,Cenchrus ciliaris,8,10.9,26.9,56.44
19406,Cenchrus ciliaris,8,10.4,27.19,49.52
19408,Cenchrus ciliaris,7.8,10.7,32.82,48.88
19408,Cenchrus ciliaris,7.7,10.8,31.67,49.39
19408,Cenchrus ciliaris,7.2,10.8,31.02,49.09
19439,Cenchrus ciliaris,7.3,10.6,31.43,46.33
19439,Cenchrus ciliaris,7.8,10.7,32.43,47.32
19439,Cenchrus ciliaris,7.8,10.7,30.73,48.09
19448,Cenchrus ciliaris,7.7,10.7,29.96,50.04
19448,Cenchrus ciliaris,8,10.8,31.33,48.78
19448,Cenchrus ciliaris,8.1,10.8,30.22,48.42
19453,Cenchrus ciliaris,7.9,10.7,31.18,51.61
19453,Cenchrus ciliaris,7.9,10.8,30.53,50.5
19453,Cenchrus ciliaris,7.9,10.9,32.57,49.7
19456,Cenchrus ciliaris,7.8,11,29.85,50.43
19456,Cenchrus ciliaris,7.7,11.1,30.63,48.58
19456,Cenchrus ciliaris,8.9,11,28.03,52.36
19458,Cenchrus ciliaris,7.7,10.9,31.45,46.42
19458,Cenchrus ciliaris,7.7,10.9,30.01,51.04
19458,Cenchrus ciliaris,7.7,10.9,29.69,50.33
19459,Cenchrus ciliaris,7.7,10.9,29.53,45.39
19459,Cenchrus ciliaris,8,10.9,28.68,44.77
19459,Cenchrus ciliaris,8.1,10.8,27.94,45.16
19467,Cenchrus ciliaris,8.3,10.7,28.31,56.08
19467,Cenchrus ciliaris,8.5,10.7,30.34,50.23
19467,Cenchrus ciliaris,8.4,10.8,31.91,48.97
internal control1,wheat straw,6.4,12.9,37.71,46.52
internal control1,wheat straw,7.2,12.9,38.7,45.88
internal control1,wheat straw,7.2,12.8,37.3,46.32
internal control 2,Wheat bran,6.8,15.2,41.02,70.45
internal control 2,Wheat bran,6.6,15.7,40.91,71.6
internal control 2,Wheat bran,6.7,15.5,40.85,72.1
16839,Cenchrus purpureus,7.4,16.6,35.3,61.79
16839,Cenchrus purpureus,7.5,16.5,36.09,60.26
16839,Cenchrus purpureus,7.5,16.6,36.87,60.52
BAGCE 100,Cenchrus purpureus,6,12.2,15.71,50.46
BAGCE 100,Cenchrus purpureus,5,11.4,15.55,51.24
BAGCE 100,Cenchrus purpureus,4.7,11.8,15.15,48.97
BAGCE 30,Cenchrus purpureus,6.1,17.2,35.19,65.62
BAGCE 30,Cenchrus purpureus,5.7,17,30.77,63.21
BAGCE 30,Cenchrus purpureus,5.6,16.9,30.88,64.7
BAGCE 34,Cenchrus purpureus,5.4,16.9,31.07,63.25
BAGCE 34,Cenchrus purpureus,5.4,16.8,30.12,64.35
BAGCE 34,Cenchrus purpureus,5.4,16.8,30.56,64.6
BAGCE 81,Cenchrus purpureus,7.1,18.7,36.06,68.06
BAGCE 81,Cenchrus purpureus,7.2,18,36.71,68.59
BAGCE 81,Cenchrus purpureus,7.4,18.4,35.64,68.77
6633,Chloris gayana,5.6,14.7,34.96,58.43
6633,Chloris gayana,5.2,14.8,34.7,57.29
6633,Chloris gayana,5.5,15.1,35.36,56.64
7384,Chloris gayana,6.2,15.4,32.02,59.27
7384,Chloris gayana,6.2,15.3,34.03,52.68
7384,Chloris gayana,6.2,15.3,35.32,54.04
14421,Lablab  purpureus,7.2,17.3,36.32,82.62
14421,Lablab  purpureus,7.4,17.6,37.04,81.57
14421,Lablab  purpureus,7.4,17.8,36.14,82.59
internal control1,wheat straw,7,13.2,38.71,49.36
internal control1,wheat straw,6.9,13.1,37.85,48.93
internal control1,wheat straw,7.5,13,38.32,48.22
internal control 2,Wheat bran,7.4,15.2,41.34,71.96
internal control 2,Wheat bran,7.3,15.4,42.47,70.1
internal control 2,Wheat bran,7.3,14.9,33.39,70.34
16839,Cenchrus purpureus,7.9,17,36.15,61.09
16839,Cenchrus purpureus,8.3,17.1,37.92,58.51
16839,Cenchrus purpureus,8.2,16.8,37.82,58.23
BAGCE 100,Cenchrus purpureus,6.8,13.1,17.71,53.28
BAGCE 100,Cenchrus purpureus,6.4,13.4,19.26,48.12
BAGCE 100,Cenchrus purpureus,6.1,13.3,18.03,48.86
BAGCE 30,Cenchrus purpureus,6.4,17.3,35.28,62.54
BAGCE 30,Cenchrus purpureus,7.2,17.5,36.2,63.57
BAGCE 30,Cenchrus purpureus,6.8,17.2,35.2,64.56
BAGCE 34,Cenchrus purpureus,6.2,17.1,33.57,60.31
BAGCE 34,Cenchrus purpureus,5.9,16.8,32.85,61.6
BAGCE 34,Cenchrus purpureus,6.2,17.2,32.99,61.9
BAGCE 81,Cenchrus purpureus,7.4,18,37.65,63.71
BAGCE 81,Cenchrus purpureus,7.8,18.1,39.05,63.54
BAGCE 81,Cenchrus purpureus,7.7,18.1,40.52,59.47
6633,Chloris gayana,6.4,15.3,40.37,52.55
6633,Chloris gayana,6.4,15.5,40.28,56.51
6633,Chloris gayana,6.3,15.4,38.66,56.67
7384,Chloris gayana,6.4,15.9,39.07,53.59
7384,Chloris gayana,7,16.1,38.31,54.52
7384,Chloris gayana,7.2,16,40.06,52.36
14421,Lablab  purpureus,8.1,17.1,39.66,78.49
14421,Lablab  purpureus,8.2,17.2,38.72,81.28
14421,Lablab  purpureus,8.2,17.2,40.33,78.78
internal control1,wheat straw,8.6,8.6,21.16,49.83
internal control1,wheat straw,8.7,8.4,19.65,49.72
internal control1,wheat straw,8.2,8.7,20.27,50.88
internal control 2,Wheat bran,7.7,11,28.53,71.48
internal control 2,Wheat bran,7.7,11.1,28.98,71.47
internal control 2,Wheat bran,10.6,11.2,32.85,71.7
16839,Cenchrus purpureus,7.3,12.2,20.83,64.32
16839,Cenchrus purpureus,7.1,12,21.13,63.1
16839,Cenchrus purpureus,7.5,12.1,20.58,67.12
BAGCE 100,Cenchrus purpureus,5.3,9.1,9.09,51.83
BAGCE 100,Cenchrus purpureus,5.1,9.6,9.29,52.86
BAGCE 100,Cenchrus purpureus,4.9,9.9,9.61,53.34
BAGCE 30,Cenchrus purpureus,5.9,12.5,21.64,68.2
BAGCE 30,Cenchrus purpureus,6,12.3,21.24,67.22
BAGCE 30,Cenchrus purpureus,6,14.4,24.66,67.85
BAGCE 34,Cenchrus purpureus,5.5,11.8,18.26,66.71
BAGCE 34,Cenchrus purpureus,5.4,12.1,18.44,67.38
BAGCE 34,Cenchrus purpureus,5.4,12.1,18.52,66.45
BAGCE 81,Cenchrus purpureus,6.9,13.6,19.99,68.78
BAGCE 81,Cenchrus purpureus,6.9,13,20.73,70.71
BAGCE 81,Cenchrus purpureus,7.1,13.1,21.85,68.97
6633,Chloris gayana,6,11.3,23.16,62.02
6633,Chloris gayana,5.7,11.2,21.21,61.21
6633,Chloris gayana,5.8,11.2,19.29,61.62
7384,Chloris gayana,6.5,11.2,21.79,57.89
7384,Chloris gayana,6.6,11.1,22.12,55.62
7384,Chloris gayana,6.6,11.3,21.09,56.44
14421,Lablab  purpureus,7.4,13.3,22.72,83.86
14421,Lablab  purpureus,7.6,12.9,21.83,83.99
14421,Lablab  purpureus,7.6,13.3,22.1,83.5
internal control1,wheat straw,6.7,13.6,38.19,45.29
internal control1,wheat straw,7.7,13.5,37.25,47.25
internal control1,wheat straw,6.9,13.5,40.85,44.66
internal control 2,Wheat bran,6.3,15.3,41.04,70.19
internal control 2,Wheat bran,6.4,15.4,40.61,71.21
internal control 2,Wheat bran,6.4,15.5,41.42,69.76
21885,Lablab  purpureus,6.6,17,34.79,70.62
21885,Lablab  purpureus,6.3,16.5,35.35,70.06
21885,Lablab  purpureus,6.6,16.8,35.3,68.79
11640,Lablab purpureus,6.6,16.3,36.22,73.02
11640,Lablab purpureus,6.6,16.5,36.53,73.83
11640,Lablab purpureus,6.7,16.4,35.2,76.11
14417,Lablab purpureus,6.2,17.4,38.36,74.1
14417,Lablab purpureus,6.3,17.4,41.1,71.61
14417,Lablab purpureus,6.3,17.5,39.9,73.5
11609,Lablab purpureus,5.5,17.9,35.86,83.22
11609,Lablab purpureus,5.5,18.1,36.57,83.59
11609,Lablab purpureus,5.6,18.1,36.94,82.34
6529,Lablab purpureus,6.4,15.2,35.96,62.09
6529,Lablab purpureus,6.4,14.7,32.9,68
6529,Lablab purpureus,6.4,14.8,35.39,60.57
14423,Lablab purpureus,6.3,16.2,37.79,71.66
14423,Lablab purpureus,6.5,16.4,36.92,73.02
14423,Lablab purpureus,6.4,16.4,39.32,68.97
14438,Lablab purpureus,7.2,16.7,42.32,61.26
14438,Lablab purpureus,7.1,16.4,42.25,60.63
14438,Lablab purpureus,7.3,16.6,40.83,59.18
14445,Lablab purpureus,7.1,14.9,35.42,63.27
14445,Lablab purpureus,0,14.7,41.21,63.07
14445,Lablab purpureus,10.1,14.8,37.41,62.11
14485,Lablab purpureus,9.5,16,39.08,68.29
14485,Lablab purpureus,9.4,16,39.76,66.9
14485,Lablab purpureus,9.4,16.1,39.94,66.8
144,Megathyrsus maximus,9.2,18.2,47.81,65.74
144,Megathyrsus maximus,9.2,18,47,64.13
144,Megathyrsus maximus,9,17.7,44.98,64.59
7153,Panicum coloratum,9,16.3,38.04,62.79
7153,Panicum coloratum,8.8,15.9,37.78,61.89
7153,Panicum coloratum,8.9,15.9,38,62.03
10871,Urochloa decumbens,9.8,13.4,41.72,37.85
10871,Urochloa decumbens,9.8,13.2,40.58,37.56
10871,Urochloa decumbens,9.8,13.3,39.1,39.6
11058,Cajanus cajan,9.9,15.9,36.65,62.5
11058,Cajanus cajan,9.6,15.6,35.05,62.38
11058,Cajanus cajan,9.6,15.6,34.74,62.71
11560,Cajanus cajan,10.1,16.5,44.45,54.48
11560,Cajanus cajan,10,16.5,43.81,54.29
11560,Cajanus cajan,10,16.4,43.37,55.49
11575,Cajanus cajan,10.3,17.9,43.65,64.46
11575,Cajanus cajan,10.4,18,43.42,64.08
11575,Cajanus cajan,10.5,18.1,43.4,64.82
11556,Cajanus cajan,8.9,15.9,41.26,64.34
11556,Cajanus cajan,8.8,15.2,35.4,68.58
11556,Cajanus cajan,9,15.6,39.59,64.77
11556,Cajanus cajan,10.4,16.2,47.79,67.48
11556,Cajanus cajan,10.5,16.5,48.17,66.06
11556,Cajanus cajan,10.4,16.4,46.81,66.53
11566,Cajanus cajan,11.6,17.4,48.08,67.41
11566,Cajanus cajan,11.3,17.1,53.09,69.35
11566,Cajanus cajan,11.1,16.8,51.3,67.61
18596,Lablab  purpureus,10.8,18.3,50.48,73.44
18596,Lablab  purpureus,10.8,18.3,48.49,73.37
18596,Lablab  purpureus,10.9,18.2,49.92,71.83
14449,Lablab purprues ,9.9,17.9,42.93,73.33
14449,Lablab purprues ,9.7,17.8,42.87,72.64
14449,Lablab purprues ,9.5,17.1,39.27,77.07
ABC sample,cynodon Nlemfuensis,11.1,15.2,43.7,53.59
ABC sample,cynodon Nlemfuensis,11.3,15,34.54,65.96
ABC sample,cynodon Nlemfuensis,11.5,15,42.59,54.49
internal control1,wheat straw,0,10.8,30.77,42.51
internal control1,wheat straw,5.5,11,29.37,42.69
internal control1,wheat straw,6.5,13.5,34.4,46.74
internal control 2,Wheat bran,7.8,16.7,42.19,71.37
internal control 2,Wheat bran,7.8,16.8,44.17,70.06
internal control 2,Wheat bran,7.8,16.8,44.38,70.76
21885,Lablab  purpureus,6.4,15.3,32.97,68.96
21885,Lablab  purpureus,6.1,15.5,33.78,69.52
21885,Lablab  purpureus,6.1,15.7,35.06,67.81
11640,Lablab purpureus,5.9,15.3,31.57,74.49
11640,Lablab purpureus,5.9,16.2,34.2,76.54
11640,Lablab purpureus,6,16,34.87,72.54
14417,Lablab purpureus,6.6,16.9,38.38,71.03
14417,Lablab purpureus,6.6,17.1,38.74,74.75
14417,Lablab purpureus,6.4,16.9,38.3,74.42
11609,Lablab purpureus,4.7,17.2,35.6,83.34
11609,Lablab purpureus,4.8,17.2,36.43,81.62
11609,Lablab purpureus,4.8,17.3,34.13,85.36
ABC sample,cynodon Nlemfuensis,6.5,16.3,41.48,48.73
ABC sample,cynodon Nlemfuensis,7.3,16.1,42.63,49.7
ABC sample,cynodon Nlemfuensis,7.7,16.1,45.01,47.33
6529,Lablab purpureus,6.8,15.3,32.54,64.56
6529,Lablab purpureus,6.4,15,33.18,61.29
6529,Lablab purpureus,6.4,15.1,33.53,61.39
14423,Lablab purpureus,6.3,16.3,37.36,71.5
14423,Lablab purpureus,5.9,16.4,37.12,70.84
14423,Lablab purpureus,5.7,16.6,38.23,71.59
14438,Lablab purpureus,7.5,16.2,38.78,65.54
14438,Lablab purpureus,7.5,16.6,41.27,62.01
14438,Lablab purpureus,7.2,16.7,40.59,60.77
14445,Lablab purpureus,7.1,14.8,32.4,61.96
14445,Lablab purpureus,7,14.8,32.02,63.34
14445,Lablab purpureus,7.5,14.7,29.86,64.82
14485,Lablab purpureus,5.7,15.8,33.81,69.01
14485,Lablab purpureus,5.3,15.9,34.52,66.25
14485,Lablab purpureus,5,15.9,35.12,64.58
144,Megathyrsus maximus,5,17.7,37.42,61.2
144,Megathyrsus maximus,4.5,18.1,40.27,61.71
144,Megathyrsus maximus,4.8,18.1,44.11,58.98
7153,Panicum coloratum,5.1,15.1,31.04,57.57
7153,Panicum coloratum,4.8,15.1,32.17,60.29
7153,Panicum coloratum,5,15.1,31.42,60.38
10871,Urochloa decumbens,5.1,14.3,37.49,36.4
10871,Urochloa decumbens,5.5,14.4,35.21,37.8
10871,Urochloa decumbens,5.9,14.9,36.96,36.52
11058,Cajanus cajan,5.7,13.5,26.29,61.4
11058,Cajanus cajan,5.5,14.3,31.09,58.31
11058,Cajanus cajan,5.8,14.6,32.33,57.68
11560,Cajanus cajan,5.8,15.3,33.97,52.8
11560,Cajanus cajan,5.8,15.3,33.62,54.88
11560,Cajanus cajan,5.9,15.6,32.99,55.45
11575,Cajanus cajan,6.2,16.9,34.9,62.85
11575,Cajanus cajan,6.3,16.5,34.67,63.23
11575,Cajanus cajan,6.3,17,35.53,63.08
11556,Cajanus cajan,5.9,13.3,31.33,65.19
11556,Cajanus cajan,5.9,13.4,31.72,63.89
11556,Cajanus cajan,5.9,13,28.42,63
11556,Cajanus cajan,7.5,15.8,42.57,64.78
11556,Cajanus cajan,8,16.2,40.79,68.56
11556,Cajanus cajan,8.1,16,46.85,59.94
11566,Cajanus cajan,8.7,17.2,53.92,57.46
11566,Cajanus cajan,8.7,17.1,49.96,67.03
11566,Cajanus cajan,8.8,17,50.74,66.44
18596,Lablab  purpureus,7.4,18.4,39.21,86.21
18596,Lablab  purpureus,7.2,18.5,48.19,69.97
18596,Lablab  purpureus,7.2,18.3,45.54,73.14
14449,Lablab purprues ,6,17.4,36.28,79.29
14449,Lablab purprues ,5.8,17.1,39.58,70.54
14449,Lablab purprues ,5.8,17.3,38.73,73.87
internal control1,wheat straw,6,14.8,37.59,46.29
internal control1,wheat straw,7.7,14.5,39.81,45.85
internal control1,wheat straw,7,13.7,35.51,47.46
internal control 2,Wheat bran,7.1,15.6,41.85,70.65
internal control 2,Wheat bran,6.7,15.5,39.14,71.35
internal control 2,Wheat bran,6.6,15.1,32.84,70.43
21885,Lablab  purpureus,6.5,16,35.28,70.39
21885,Lablab  purpureus,6.5,16.2,34.89,71.29
21885,Lablab  purpureus,6.6,16.4,34.65,71.93
11640,Lablab purpureus,6.4,16.3,35.42,74.63
11640,Lablab purpureus,6.4,16.3,33.17,78.94
11640,Lablab purpureus,6.3,16.2,36.78,73.94
14417,Lablab purpureus,6.3,17.6,37.78,76.4
14417,Lablab purpureus,6.3,17.6,37.71,73.64
14417,Lablab purpureus,6.3,17.9,39.15,76.65
11609,Lablab purpureus,5.3,17.7,36.09,85.26
11609,Lablab purpureus,5.1,17.6,36.8,84.01
11609,Lablab purpureus,5.3,17.9,35.36,86.37
ABC sample,cynodon Nlemfuensis,7.1,15.3,42.83,51.99
ABC sample,cynodon Nlemfuensis,7.2,15.2,39.57,54.32
ABC sample,cynodon Nlemfuensis,7.4,15,42.62,51.75
6529,Lablab purpureus,6.4,14.9,34.24,62.54
6529,Lablab purpureus,6.3,15,33.3,63.95
6529,Lablab purpureus,6.3,14.9,33.63,65.43
14423,Lablab purpureus,6,16,36.08,74.17
14423,Lablab purpureus,5.8,16.3,36.7,74.77
14423,Lablab purpureus,6.2,16,37.74,72.67
14438,Lablab purpureus,6.5,16.5,40.34,64.7
14438,Lablab purpureus,6.9,16.6,37.73,72.98
14438,Lablab purpureus,6.9,16.5,36.32,73.73
14445,Lablab purpureus,6.7,14.6,31.16,67.86
14445,Lablab purpureus,6.6,14.7,32.21,64.35
14445,Lablab purpureus,6.6,14.5,34.07,63.01
14485,Lablab purpureus,6.2,16,36.06,68.41
14485,Lablab purpureus,6,16.3,36.22,70.12
14485,Lablab purpureus,6.2,16.3,35.65,68.6
144,Megathyrsus maximus,6.1,17.9,41.81,64.95
144,Megathyrsus maximus,6.1,17.7,39.97,65.22
144,Megathyrsus maximus,6.2,17.6,40.99,66.7
7153,Panicum coloratum,5.8,15.3,32.68,61.62
7153,Panicum coloratum,5.2,15.3,29.51,62.75
7153,Panicum coloratum,5.3,15.1,30.98,63.89
10871,Urochloa decumbens,5.7,13.5,32.44,42.54
10871,Urochloa decumbens,5.9,13.4,27.78,46.42
10871,Urochloa decumbens,6.2,13.2,40.49,35.6
11058,Cajanus cajan,6.1,15.1,30.64,65.05
11058,Cajanus cajan,6.1,15.5,33.22,62.19
11058,Cajanus cajan,6,15.3,30.19,66.5
11560,Cajanus cajan,6.2,15.6,27.61,74.38
11560,Cajanus cajan,6.2,16.2,35.78,57.6
11560,Cajanus cajan,6.6,15.7,34.82,58.6
11575,Cajanus cajan,6.6,17.5,40.63,62.69
11575,Cajanus cajan,6.2,17.4,37.79,65.12
11575,Cajanus cajan,6.3,17.4,37.78,64.6
11556,Cajanus cajan,5.9,14.3,34.01,66.42
11556,Cajanus cajan,5.8,14.5,33.77,64.95
11556,Cajanus cajan,5.8,15,35.05,63.82
11556,Cajanus cajan,7.4,16.3,42.96,67.15
11556,Cajanus cajan,7,16.1,46.34,65.36
11556,Cajanus cajan,6.6,16.1,42.56,64.48
11566,Cajanus cajan,7.2,16.9,47.06,68.55
11566,Cajanus cajan,7.4,17,48.97,66.54
11566,Cajanus cajan,7.8,16.8,44.34,67.69
18596,Lablab  purpureus,6.7,18.1,43.19,78.94
18596,Lablab  purpureus,6.6,18.1,45.76,73.69
18596,Lablab  purpureus,6.4,18.1,44.19,74.42
14449,Lablab purprues ,6.2,17.7,40.31,72.94
14449,Lablab purprues ,6,17.6,39.52,73.55
14449,Lablab purprues ,6.1,17.9,37.91,74.08
internal control1,wheat straw,6.3,14.3,38.15,46.28
internal control1,wheat straw,6.9,13.8,38.99,46.53
internal control1,wheat straw,7,13.8,31.17,56.57
internal control 2,Wheat bran,6.5,15.8,37.29,78.66
internal control 2,Wheat bran,6.5,15.8,40.01,73.67
internal control 2,Wheat bran,6.4,15.8,41.01,71.37
ABC sample,cynodon Nlemfuensis,7.3,14.8,43.23,51.5
ABC sample,cynodon Nlemfuensis,7.1,15.3,44.48,51.42
ABC sample,cynodon Nlemfuensis,7.2,15.3,27.86,80.78
24800,Lablab purprues subsp. Uncinatus,6,17.1,43.99,61.87
24800,Lablab purprues subsp. Uncinatus,5.8,17.2,44.53,60.29
24800,Lablab purprues subsp. Uncinatus,5.8,17.4,47.46,59.67
24747,Lablab purpureus,6.2,14.3,35.07,65.82
24747,Lablab purpureus,6,14.2,34.02,67.04
24747,Lablab purpureus,6.2,14.5,35.3,64.91
7403,Lablab purpureus,6.3,17.5,39.1,77.13
7403,Lablab purpureus,6.3,18.1,39.86,80.5
7403,Lablab purpureus,6.4,18.2,40.43,79.23
10977,Lablab purpureus,6.8,17.4,38.65,79.65
10977,Lablab purpureus,7,16.9,36.64,79.87
10977,Lablab purpureus,7,17.4,37.94,81.01
14438,Lablab purpureus ,7.4,18.5,46.46,74.4
14438,Lablab purpureus ,7.5,18.3,46.82,75
14438,Lablab purpureus ,7.5,18.3,46.99,73.76
14445,Lablab purpureus ,7.5,19,44.93,72.17
14445,Lablab purpureus ,7.2,18.5,48.46,68.85
14445,Lablab purpureus ,7.1,18.5,49.19,69.21
10954,Lablab purpureus  ,7.1,18.3,39.62,78.54
10954,Lablab purpureus  ,7,17.8,40.08,75
10954,Lablab purpureus  ,6.8,17.6,37.56,76.62
11629,Lablab purpureus  ,6.8,18.2,39.19,85.18
11629,Lablab purpureus  ,6.6,17.9,37.85,85.6
11629,Lablab purpureus  ,6.8,18.2,38.91,85.01
13699,Lablab purpureus  ,6.5,18.2,39.21,84.92
13699,Lablab purpureus  ,6.1,18.1,38.16,86.14
13699,Lablab purpureus  ,6.1,18.1,37.81,85.5
internal control1,wheat straw,7.3,13.7,38.32,48.66
internal control1,wheat straw,7.7,13.6,37.64,50.92
internal control1,wheat straw,6.9,13.6,34.77,52.41
internal control 2,Wheat bran,6.2,15.8,40.56,71.31
internal control 2,Wheat bran,6.2,15.7,37.19,75.01
internal control 2,Wheat bran,6.2,15.6,39.94,70.54
ABC sample,cynodon Nlemfuensis,7.1,15.2,41.6,52.77
ABC sample,cynodon Nlemfuensis,6.9,15.2,42.88,50.63
ABC sample,cynodon Nlemfuensis,6.9,15.3,40.8,52.89
24800,Lablab purprues subsp. Uncinatus,6.1,17.7,44.98,61.84
24800,Lablab purprues subsp. Uncinatus,6.1,17.4,47.3,57.07
24800,Lablab purprues subsp. Uncinatus,5.7,17.5,42.52,63.75
24747,Lablab purpureus,6.2,15.2,34.17,68.89
24747,Lablab purpureus,6.2,14.9,34.81,65.79
24747,Lablab purpureus,6.2,14.8,30.29,76.28
7403,Lablab purpureus,6.3,18.7,33.99,89.72
7403,Lablab purpureus,6.6,18.7,38.1,81
7403,Lablab purpureus,6.4,18.9,38.2,80.12
10977,Lablab purpureus,6.9,17.3,36.35,80.17
10977,Lablab purpureus,6.9,16.9,38.21,76.94
10977,Lablab purpureus,7.2,17.6,37.27,80.5
14438,Lablab purpureus ,7.5,18.4,48.83,72.35
14438,Lablab purpureus ,7.5,18.5,44.88,75.61
14438,Lablab purpureus ,7.5,18.4,45.21,76.06
14445,Lablab purpureus ,7.4,18.4,48.36,67.14
14445,Lablab purpureus ,7.2,18.3,48.07,66.77
14445,Lablab purpureus ,8.3,18.3,49.23,63.96
10954,Lablab purpureus  ,7.1,18.1,41.95,71.24
10954,Lablab purpureus  ,7.1,18.1,38.15,76.91
10954,Lablab purpureus  ,7.1,18.3,38.82,75.57
11629,Lablab purpureus  ,6.8,18.8,37.14,86.28
11629,Lablab purpureus  ,6.8,18.6,36.75,86.01
11629,Lablab purpureus  ,7.8,18.7,37.91,87.4
13699,Lablab purpureus  ,6.7,18.7,37.43,85.23
13699,Lablab purpureus  ,8.6,18.7,39.22,84.15
13699,Lablab purpureus  ,9.7,18.8,40.72,84.03
internal control1,wheat straw,6.1,13,35.69,46.62
internal control1,wheat straw,7.3,12.8,37.35,45.39
internal control1,wheat straw,7.1,13.8,38.71,45.61
internal control 2,Wheat bran,6.2,15.8,42.01,69.61
internal control 2,Wheat bran,6,15.8,40.27,70.29
internal control 2,Wheat bran,6.1,15.5,39.79,69.9
ABC sample,cynodon Nlemfuensis,7,15.2,41.61,53.47
ABC sample,cynodon Nlemfuensis,6.7,15.4,44.33,51.5
ABC sample,cynodon Nlemfuensis,6.8,15.4,42.21,54.6
24800,Lablab purprues subsp. Uncinatus,5.9,17.6,46.6,60.52
24800,Lablab purprues subsp. Uncinatus,6,17.4,45.06,61.46
24800,Lablab purprues subsp. Uncinatus,5.9,17.5,45.27,60.24
24747,Lablab purpureus,6.2,15.3,33.56,69.72
24747,Lablab purpureus,6.2,14.9,43.16,53.96
24747,Lablab purpureus,6.4,14.8,41.8,55.13
7403,Lablab purpureus,6.4,18.7,43.8,70.98
7403,Lablab purpureus,6.4,18.9,44.52,71.18
7403,Lablab purpureus,6.2,18.3,43.72,70.32
10977,Lablab purpureus,6.6,17.7,41.93,72.52
10977,Lablab purpureus,6.7,17.6,42.13,72.78
10977,Lablab purpureus,6.7,17.6,41.77,72.59
14438,Lablab purpureus ,7.2,18.6,52.33,66.87
14438,Lablab purpureus ,7.3,18.6,54.35,65.2
14438,Lablab purpureus ,7.3,18.6,56.31,62.61
14445,Lablab purpureus ,7.2,18.6,50.78,62.13
14445,Lablab purpureus ,6.9,18.3,52.97,62.63
14445,Lablab purpureus ,7.1,18.5,53.76,61.77
10954,Lablab purpureus  ,6.7,18.3,44.29,68.93
10954,Lablab purpureus  ,6.8,18.2,45.3,67.45
10954,Lablab purpureus  ,7.1,18.5,44.77,69.16
11629,Lablab purpureus  ,6.7,18.7,40.87,80.82
11629,Lablab purpureus  ,6.5,17.7,41.37,75.29
11629,Lablab purpureus  ,6.6,18.1,41.28,79.46
13699,Lablab purpureus  ,6.1,18.6,42.62,76.59
13699,Lablab purpureus  ,6,18.7,42.08,76.92
13699,Lablab purpureus  ,6.1,18.6,40.79,78.15
internal control1,wheat straw,5.5,13.7,36.5,44.18
internal control1,wheat straw,6.6,13.3,37.66,43.98
internal control1,wheat straw,6.1,13.3,38.53,43.96
internal control 2,Wheat bran,6.9,15.1,41.88,69.98
internal control 2,Wheat bran,6.8,15.1,43.94,67.57
internal control 2,Wheat bran,6.7,14.6,37.59,67.52
ABC sample,cynodon Nlemfuensis,7.4,15.4,45.68,48.9
ABC sample,cynodon Nlemfuensis,7.5,15.3,44.37,51.48
ABC sample,cynodon Nlemfuensis,7.6,15.2,46.89,48.52
21086,Lablab purpureus subsp. bengalensis,5.9,15.4,36.92,66.01
21086,Lablab purpureus subsp. bengalensis,6,15.4,35.13,66.39
11652,Leucaena diversifolia,4,6.6,13.61,60.24
11652,Leucaena diversifolia,3.9,7.1,14.36,60.3
15477,Gliricidia sepium    ,7,16.5,38.64,76.41
15477,Gliricidia sepium    ,7.4,16.5,38.69,76.19
21283,Leucaena leucocephala,4.5,5.4,8.85,53.57
21283,Leucaena leucocephala,4.4,6.9,10.58,53.63
21626,Leucaena leucocephala    ,5.2,11.5,23.01,64.77
21626,Leucaena leucocephala    ,4.9,11.4,23.39,63.31
13703,Lablab purpureus  ,6.8,18,42.84,75.27
13703,Lablab purpureus  ,6.9,17.9,41.57,79.48
15480,Gliricidia sepium    ,6.8,16.5,39.2,76.18
15480,Gliricidia sepium    ,6.8,16.4,38.9,77.05
21675,Leucaena  pallida,4.7,10.3,15.23,50.07
21675,Leucaena  pallida,4.1,5.1,8.93,48.32
14504,Gliricidia sepium    ,6.8,13.7,27.19,73.73
14504,Gliricidia sepium    ,6.7,14,27.99,73.52
14342,Leucaena leucocephala,5.2,12.7,24.07,62.01
14342,Leucaena leucocephala,4.8,12.9,23.92,61.7
14503,Gliricidia sepium,6.8,16.1,39.93,73.34
14503,Gliricidia sepium,6.9,16.1,39.86,72.18
15484,Gliricidia sepium    ,6.4,15.4,35.18,74.25
15484,Gliricidia sepium    ,6.4,15.7,38.77,72.39
21045,Lablab purpureus subsp. Uncinatus,5.8,17.3,46.02,61.63
21045,Lablab purpureus subsp. Uncinatus,6,17.3,42.7,68.68
16507,Leucaena diversifolia    ,5.6,12.6,22.7,43.41
16507,Leucaena diversifolia    ,5.6,12.8,22.56,44.45
20373,Gliricidia sepium,6,12.4,27.98,67.97
20373,Gliricidia sepium,6,12.3,28.7,65.36
21322,Leucaena leucocephala,5.1,10.6,23.65,67.57
21322,Leucaena leucocephala,4.8,10.8,24.99,64.96
21684,Leucaena  pallida,4.5,8.1,12.2,49.35
21684,Leucaena  pallida,4.5,9.2,17.64,48.74
11575,Cajanus cajan,5.8,14.9,35.73,62.25
11575,Cajanus cajan,5.8,15.1,36.65,62.91
16277,Cajanus cajan,6.1,15.4,25.87,60.09
16277,Cajanus cajan,6.1,15.5,37.87,53.99
16278,Cajanus cajan,6.3,16.9,43.56,55.48
16278,Cajanus cajan,6.3,17.3,41.24,59.02
16520,Cajanus cajan,7.8,17.7,62.13,57.77
16520,Cajanus cajan,8,17.9,53.67,69.61
16555,Cajanus cajan,6.2,15.7,36.36,65.59
16555,Cajanus cajan,5.9,14.7,35.77,58.61
11652,Leucaena diversifolia,5.4,13.8,30.86,60.03
11652,Leucaena diversifolia,5.7,14.1,32.39,58.33
14203,Leucaena pallida,5,12.7,23.97,70.69
14203,Leucaena pallida,4.9,12.4,24.52,59.33
14501,Gliricidia sepium,4.8,8.4,10.41,71.49
14501,Gliricidia sepium,4.8,8.6,10.12,73.85
14978,Leucaena leucocephala,5.2,14.4,29.84,66.07
14978,Leucaena leucocephala,5.3,14.5,30.9,65.18
20378,Gliricidia sepium,5,11.5,21.09,76.49
20378,Gliricidia sepium,5,11.5,20.74,78.22
21122,Leucaena collinsii,5,12.6,25.81,59.97
21122,Leucaena collinsii,4.9,12.1,24.53,60.57
21356,Leucaena leucocephala,5,13.8,31.24,66.67
21356,Leucaena leucocephala,5.1,14.1,31.84,65.52
21679,Leucaena pallida,3.8,7.6,13.28,54.63
21679,Leucaena pallida,3.4,7,11.78,52.94
internal control1,wheat straw,7,13.8,39.73,43.56
internal control1,wheat straw,7.3,13.7,40.53,42.74
internal control1,wheat straw,7.4,13.6,41.74,44.04
internal control 2,Wheat bran,7,16.6,43.45,70.4
internal control 2,Wheat bran,6.9,16.2,42.49,70.27
internal control 2,Wheat bran,6.9,16.6,43.03,71.18
ABC sample,cynodon Nlemfuensis,7.4,15.9,46.68,51.95
ABC sample,cynodon Nlemfuensis,7.7,15.6,42.86,54.31
ABC sample,cynodon Nlemfuensis,7.9,16,44.21,53.47
21086,Lablab purpureus subsp. bengalensis,6.2,16.2,34.8,70.82
21086,Lablab purpureus subsp. bengalensis,6.1,16.3,34.27,71.63
11652,Leucaena diversifolia,4.2,8.4,16.33,59.54
11652,Leucaena diversifolia,4.2,8.2,16.28,58.32
15477,Gliricidia sepium    ,7.1,17.5,38.26,78.15
15477,Gliricidia sepium    ,7.2,17.5,37.6,77.2
21283,Leucaena leucocephala,4.6,6.7,9.07,56.66
21283,Leucaena leucocephala,4.4,6.2,9.16,55.4
21626,Leucaena leucocephala    ,5.4,12.3,22.89,67.08
21626,Leucaena leucocephala    ,5.3,12,23.69,63.6
13703,Lablab purpureus  ,7.2,19.2,42.91,76.39
13703,Lablab purpureus  ,7.3,19,41.11,79.92
15480,Gliricidia sepium    ,6.7,17.2,41.26,70.65
15480,Gliricidia sepium    ,6.8,17.3,41.02,72.52
21675,Leucaena  pallida,4.6,6,9.45,52.73
21675,Leucaena  pallida,4.5,6,9.59,49.96
14504,Gliricidia sepium    ,6.9,15.1,29.5,71.89
14504,Gliricidia sepium    ,6.9,15.2,27.31,79.74
14342,Leucaena leucocephala,5,13.4,23.64,63.61
14342,Leucaena leucocephala,5,13.5,22.57,66.28
14503,Gliricidia sepium,7.1,17.4,38.61,78.28
14503,Gliricidia sepium,6.9,17,38.7,75.55
15484,Gliricidia sepium    ,6.9,16.8,41.03,68.54
15484,Gliricidia sepium    ,6.6,16.7,43.29,66.2
21045,Lablab purpureus subsp. Uncinatus,6.6,18.5,50.26,56.93
21045,Lablab purpureus subsp. Uncinatus,6.3,18.5,44.42,64.35
16507,Leucaena diversifolia    ,6.3,14,23.56,42.87
16507,Leucaena diversifolia    ,6,13.9,23,44.19
20373,Gliricidia sepium,6.5,13.9,30.63,68.5
20373,Gliricidia sepium,6.5,13.9,31.65,65.18
21322,Leucaena leucocephala,5.5,11.9,24.94,65.28
21322,Leucaena leucocephala,5.2,11.8,30.97,55.57
21684,Leucaena  pallida,5.3,9.8,17.7,48.6
21684,Leucaena  pallida,5.1,8.4,14.41,48.96
11575,Cajanus cajan,6.5,16.1,35.59,66.07
11575,Cajanus cajan,6.4,16.1,39.12,63.83
16277,Cajanus cajan,7.1,17,39,55.87
16277,Cajanus cajan,6,17.7,37.42,59.3
16278,Cajanus cajan,6.9,18.1,38.76,61.6
16278,Cajanus cajan,7.1,18.4,39.58,60.13
16520,Cajanus cajan,8.1,18.3,65.62,54.83
16520,Cajanus cajan,8.2,18.2,64.03,54.11
16555,Cajanus cajan,6.4,16,35.85,60.63
16555,Cajanus cajan,6.5,15.5,32.61,64.47
11652,Leucaena diversifolia,5.6,14.6,29.26,65.41
11652,Leucaena diversifolia,5.7,14.7,30.72,61.64
14203,Leucaena pallida,5.4,12.7,25.38,61.96
14203,Leucaena pallida,5.4,12.9,23.44,65.03
14501,Gliricidia sepium,5.2,11.1,10.37,76.16
14501,Gliricidia sepium,5.1,10.9,8.4,71.93
14978,Leucaena leucocephala,5.4,15.5,27.83,70.5
14978,Leucaena leucocephala,5.4,15.3,28.48,67.95
20378,Gliricidia sepium,5.5,13,22.41,71.72
20378,Gliricidia sepium,5.4,13.1,22.08,75.71
21122,Leucaena collinsii,5.3,12.8,21.36,76.14
21122,Leucaena collinsii,5.2,12.9,22.63,72.09
21356,Leucaena leucocephala,5.4,14.8,30.98,64.99
21356,Leucaena leucocephala,5.2,14.9,27.96,73.26
21679,Leucaena pallida,3.8,8.6,13.96,61.76
21679,Leucaena pallida,3.8,9.2,16.43,55.65
internal control1,wheat straw,7,14.2,40.09,44.75
internal control1,wheat straw,7.5,14.2,41.85,45.49
internal control1,wheat straw,7.4,13.6,40.15,45.15
internal control 2,Wheat bran,7.3,16.2,43.39,69.5
internal control 2,Wheat bran,7.3,15.9,44.31,69.84
internal control 2,Wheat bran,7.2,15.6,36.81,67.29
ABC sample,cynodon Nlemfuensis,7.6,15.4,45.14,49.52
ABC sample,cynodon Nlemfuensis,7.7,15.4,44.06,51.38
ABC sample,cynodon Nlemfuensis,8.1,15.4,47.23,50.6
21086,Lablab purpureus subsp. bengalensis,6.1,15.6,34.83,69.49
21086,Lablab purpureus subsp. bengalensis,6,15.3,34.51,69.89
11652,Leucaena diversifolia,4.7,8.4,17.23,59.57
11652,Leucaena diversifolia,4.8,9.7,20.94,58.53
15477,Gliricidia sepium    ,7.5,17.4,39.1,76.12
15477,Gliricidia sepium    ,7.4,17.4,39.27,76.13
21283,Leucaena leucocephala,4.7,6.6,11.36,53.06
21283,Leucaena leucocephala,4.6,6.3,10.3,54.51
21626,Leucaena leucocephala    ,5.5,12.2,22.78,68.58
21626,Leucaena leucocephala    ,5.4,12.1,22.98,64.86
13703,Lablab purpureus  ,7.5,18.4,40.61,78.75
13703,Lablab purpureus  ,7.6,18.5,39.78,80.87
15480,Gliricidia sepium    ,7.1,17.1,38.96,76.24
15480,Gliricidia sepium    ,7.3,17.1,37.48,77.27
21675,Leucaena  pallida,4.9,6.2,10.83,51.66
21675,Leucaena  pallida,4.7,6.1,10.81,52.01
14504,Gliricidia sepium    ,6.9,14.9,28.29,78.17
14504,Gliricidia sepium    ,7.1,15.5,29.95,75.05
14342,Leucaena leucocephala,5.8,14,23.18,64.3
14342,Leucaena leucocephala,5.7,13.3,22.2,67.52
14503,Gliricidia sepium,7.8,17,38.71,76.85
14503,Gliricidia sepium,7.1,16.9,38.56,74.9
15484,Gliricidia sepium    ,6.9,16.5,40.17,72.34
15484,Gliricidia sepium    ,6.9,16.5,40.09,72.9
21045,Lablab purpureus subsp. Uncinatus,6.7,18,46.06,62.29
21045,Lablab purpureus subsp. Uncinatus,6.6,17.5,45.15,58.97
16507,Leucaena diversifolia    ,6,14.1,26.06,42.1
16507,Leucaena diversifolia    ,5.9,13.9,25.46,42.49
20373,Gliricidia sepium,6.7,14.2,33.55,63.14
20373,Gliricidia sepium,6.7,13.9,32.92,64.86
21322,Leucaena leucocephala,5.7,11.7,26.55,67.11
21322,Leucaena leucocephala,5.5,11.6,26.52,66.4
21684,Leucaena  pallida,6.9,14.2,29.97,50.57
21684,Leucaena  pallida,6,13.5,30.87,45.18
11575,Cajanus cajan,6.8,16,39.52,62.88
11575,Cajanus cajan,6.8,16,37.49,63.54
16277,Cajanus cajan,7.1,17.5,38.6,59.38
16277,Cajanus cajan,7.4,17.2,38.96,57.89
16278,Cajanus cajan,7.1,17.9,41.03,58.91
16278,Cajanus cajan,7.2,18.2,41.62,57.08
16520,Cajanus cajan,8.4,17.7,54.79,69.56
16520,Cajanus cajan,8.3,17.7,57.24,65.24
16555,Cajanus cajan,6.6,16.4,38.36,61.29
16555,Cajanus cajan,6.4,15.8,37.19,60.71
11652,Leucaena diversifolia,5.9,14.5,30.71,62.56
11652,Leucaena diversifolia,5.8,14.4,30,64.91
14203,Leucaena pallida,5.6,13.3,28.78,61.86
14203,Leucaena pallida,5.7,13.2,27.88,62.19
14501,Gliricidia sepium,5.1,12.4,8.24,71.04
14501,Gliricidia sepium,5.3,11.6,16.17,73.54
14978,Leucaena leucocephala,5.4,14.9,27.34,70.92
14978,Leucaena leucocephala,5.4,14.9,32.96,59.98
20378,Gliricidia sepium,5.3,12.9,20.46,82.61
20378,Gliricidia sepium,5.6,13.4,26.22,68.96
21122,Leucaena collinsii,5.5,13.4,26.74,60.91
21122,Leucaena collinsii,5.5,13,26.37,64.74
21356,Leucaena leucocephala,5.4,14.4,28.84,72.56
21356,Leucaena leucocephala,6.1,14.6,28.85,67.07
21679,Leucaena pallida,4.5,9.7,17.68,56.93
21679,Leucaena pallida,4.3,9.3,16.52,59.06
6633,Chloris gayana,5.8,14.9,29.36,70.83
6633,Chloris gayana,5.8,14.9,29.36,70.83
6633,Chloris gayana,5.4,15,29.34,69.12
6633,Chloris gayana,5.4,15,29.34,69.12
6633,Chloris gayana,5.3,14.9,29.96,69.37
6633,Chloris gayana,5.3,14.9,29.96,69.37
internal control1,wheat straw,6.9,9.4,29.71,43.72
internal control1,wheat straw,7.1,9.3,29.33,45.33
internal control1,wheat straw,7.1,9.2,28.57,44.39
internal control 2,Wheat bran,6.7,16.2,43.6,67.81
internal control 2,Wheat bran,6.7,16.1,45.19,65.77
internal control 2,Wheat bran,6.7,16.4,43.11,69.99
ABC sample,cynodon Nlemfuensis,7.5,15.6,44.45,50.31
ABC sample,cynodon Nlemfuensis,7.5,15.5,43.53,52.06
ABC sample,cynodon Nlemfuensis,7.4,15.6,43.4,50.4
10379,Sesbania sesban,5.1,28.1,50.01,71.81
10379,Sesbania sesban,5,27.9,43.47,80.24
10865,Sesbania sesban,5.1,25.8,46.03,74.12
10865,Sesbania sesban,5.2,12.4,25.49,74.31
23654,Sesbania grandiflora,3.7,11.3,23.69,73.49
23654,Sesbania grandiflora,3.7,11.2,23.96,71.84
555,Stylosanthes fruticosa    ,6,15.7,37.87,61.96
555,Stylosanthes fruticosa    ,5.9,15.8,37.69,61.5
11011,Stylosanthes hamata    ,6.7,16.2,42.72,57.2
11011,Stylosanthes hamata    ,6.7,16.2,42.2,57.22
11769,Stylosanthes  guianensis,6.5,16.9,45.51,60.05
11769,Stylosanthes  guianensis,6.4,16.8,43.35,62.32
14197,Leucaena pulverulenta    ,5.2,5.4,8.69,43.39
14197,Leucaena pulverulenta    ,3.7,4.2,6.59,43.4
15853,Stylosanthes hamata    ,6.5,16.3,40.85,64.25
15853,Stylosanthes hamata    ,6.5,16.3,44.22,60.69
17316,Sesbania  sesban,5.7,15.9,34.33,67.09
17316,Sesbania  sesban,5.8,15.7,34.43,67.12
17354,Sesbania  sesban,6,15.2,38.99,53.41
17354,Sesbania  sesban,6.2,15.6,38.4,53.39
2084,Stylosanthes fruticosa,6.5,18.7,46.29,63.13
2084,Stylosanthes fruticosa,6.3,18.6,47.52,60.55
9752,Stylosanthes fruticosa,6.3,17.9,41.14,74.12
9752,Stylosanthes fruticosa,6.1,17.6,45.51,61.23
10391,Stylosanthes fruticosa,6.6,17.4,49,57.29
10391,Stylosanthes fruticosa,6.5,17.5,46.21,60.84
12041,Stylosanthes macrocephala,6.3,17,40.42,60.99
12041,Stylosanthes macrocephala,6.3,16.7,41.6,61.29
12073,Stylosanthes macrocephala,6.7,16.7,39.21,59.77
12073,Stylosanthes macrocephala,6.6,17.5,42.96,56.22
12430,Stylosanthes macrocephala,6.4,18.8,41.12,64.76
12430,Stylosanthes macrocephala,6.4,18.5,48.84,53.57
13950,Stylosanthes fruticosa,6.5,18.7,45.48,61.15
13950,Stylosanthes fruticosa,6.6,18.8,41.08,70.13
13951,Stylosanthes fruticosa,6.6,18.1,44.95,59.04
13951,Stylosanthes fruticosa,6.5,18,43.81,58.99
15846,Stylosanthes hamata,6.8,18.3,40.84,61.26
15846,Stylosanthes hamata,6.8,17.9,41.49,59.13
15913,Stylosanthes hamata,6.5,18.3,47.87,65.65
15913,Stylosanthes hamata,6.6,18.1,47.43,65.38
15931,Stylosanthes hamata,6.6,17.8,53.4,59.54
15931,Stylosanthes hamata,6.6,11.8,40.77,59.53
15934,Stylosanthes hamata,7,13,38.1,56.49
15934,Stylosanthes hamata,7.1,13,33.97,60.8
10375,Sesbania sesban,6.1,12.8,26.78,64.14
10375,Sesbania sesban,6.2,12.8,30.64,57.08
10379,Sesbania sesban,5.7,12.3,25.63,69.53
10379,Sesbania sesban,5.5,12.1,24.79,71.56
1,Stylosanthes guianensis,6.7,13.3,35.93,62.95
1,Stylosanthes guianensis,6.7,13.4,40.61,57.61
2145,Stylosanthes fruticosa,6.3,12.7,39.86,49.47
2145,Stylosanthes fruticosa,6.3,12.7,35.84,54.41
10891,Stylosanthes humilis,6.7,12.9,36.73,52.68
10891,Stylosanthes humilis,6.7,12.8,34.88,57.06
13946,Stylosanthes fruticosa,5.2,10.8,35.64,55.03
13946,Stylosanthes fruticosa,5,10.8,36.5,55.05
16075,Sesbania grandiflora,4.7,10.9,25.21,63.08
16075,Sesbania grandiflora,4.8,10.9,22.95,69.41
21684,Leucaena pallida,3.9,6.5,13.31,47.48
21684,Leucaena pallida,3.9,6.8,14,47.49
21730,Leucaena trichandra,5.1,10.7,27.41,53.92
21730,Leucaena trichandra,5.1,10.8,27.66,53.87
21731,Leucaena trichandra,4.8,7.7,17.45,45.81
21731,Leucaena trichandra,4.8,7.5,19.38,41.11
23658,Sesbania grandiflora,4.7,10.8,20.93,81.07
23658,Sesbania grandiflora,4.5,10.8,22.37,79.28
internal control1,wheat straw,5.2,13.1,35.9,45.09
internal control1,wheat straw,6.6,13.2,37.33,47.78
internal control1,wheat straw,10.2,13.3,40.17,43.19
internal control 2,Wheat bran,9.5,15.6,46.35,70.05
internal control 2,Wheat bran,9.5,15.4,45.63,69.64
internal control 2,Wheat bran,9.3,15.3,39.78,68.99
ABC sample,cynodon Nlemfuensis,10.1,14.9,45.08,49.05
ABC sample,cynodon Nlemfuensis,10.2,15,45.77,47.6
ABC sample,cynodon Nlemfuensis,10.5,14.9,46.28,47.86
10379,Sesbania sesban,6.8,16.3,32.32,79.02
10379,Sesbania sesban,6.6,16.1,33.33,75.43
10865,Sesbania sesban,6.6,14.9,30.89,77.54
10865,Sesbania sesban,6.5,14.9,30.51,78.66
23654,Sesbania grandiflora,5.2,9.8,22.28,75.45
23654,Sesbania grandiflora,5.2,9,19.65,75.7
555,Stylosanthes fruticosa    ,8,14.5,36.1,65.81
555,Stylosanthes fruticosa    ,8.3,14.3,36.98,62.69
11011,Stylosanthes hamata    ,9.6,15.3,43.87,57.69
11011,Stylosanthes hamata    ,9.5,14.8,41.91,58.8
11769,Stylosanthes  guianensis,9.2,15.4,42.91,64.95
11769,Stylosanthes  guianensis,9,15.4,43.16,65.87
14197,Leucaena pulverulenta    ,8.7,4.5,8.43,45.93
14197,Leucaena pulverulenta    ,5.1,4.1,6.45,46.43
15853,Stylosanthes hamata    ,8.8,15.1,43.94,62.77
15853,Stylosanthes hamata    ,8.9,14.9,43.43,62.25
17316,Sesbania  sesban,7.9,14.2,33.64,70.28
17316,Sesbania  sesban,7.7,13.3,33.43,69.12
17354,Sesbania  sesban,8,14.2,34.21,64.78
17354,Sesbania  sesban,7.9,13.9,33.37,66.75
2084,Stylosanthes fruticosa,8.5,17.1,47.48,61.11
2084,Stylosanthes fruticosa,8.7,17.1,49.62,60.25
9752,Stylosanthes fruticosa,8.3,16.1,45.09,67.67
9752,Stylosanthes fruticosa,8.4,16,41.68,67.74
10391,Stylosanthes fruticosa,8.8,16.2,50.54,58.66
10391,Stylosanthes fruticosa,8.7,15.8,46.42,62.25
12041,Stylosanthes macrocephala,8.6,15.6,43.77,60.72
12041,Stylosanthes macrocephala,8.5,15.5,43.12,58.95
12073,Stylosanthes macrocephala,9.4,16.2,40.25,61.06
12073,Stylosanthes macrocephala,9.1,16,46.54,55.98
12430,Stylosanthes macrocephala,8.7,17.1,41.39,66.83
12430,Stylosanthes macrocephala,8.4,16.4,40.25,62.8
13950,Stylosanthes fruticosa,8.6,16.4,41.57,69.19
13950,Stylosanthes fruticosa,8.7,17,44.02,68.2
13951,Stylosanthes fruticosa,8.7,16.6,47.05,60.26
13951,Stylosanthes fruticosa,8.9,16.6,45.16,61.81
15846,Stylosanthes hamata,9.1,16.5,42.44,60.26
15846,Stylosanthes hamata,9.4,16.6,42.86,58.93
15913,Stylosanthes hamata,8.9,16.9,50.26,66.09
15913,Stylosanthes hamata,8.9,16.9,48.76,67.52
15931,Stylosanthes hamata,8.8,16.9,50.68,66.03
15931,Stylosanthes hamata,8.9,16.7,51.19,65.87
15934,Stylosanthes hamata,9.5,16.9,46.26,63.32
15934,Stylosanthes hamata,9.4,16.7,45.02,63.36
10375,Sesbania sesban,8.6,16.3,37.84,59.26
10375,Sesbania sesban,8.2,16.4,38.32,60.1
10379,Sesbania sesban,7.4,15.1,31.89,71.96
10379,Sesbania sesban,7.4,14.7,28.97,69.48
1,Stylosanthes guianensis,8.6,17.2,44.2,65.07
1,Stylosanthes guianensis,8.9,17.5,47.41,67.2
2145,Stylosanthes fruticosa,8.7,16.4,44.68,58.54
2145,Stylosanthes fruticosa,8.5,16.3,46.52,54.89
10891,Stylosanthes humilis,9.1,16.7,48.87,54.41
10891,Stylosanthes humilis,9.3,16.7,47.19,56.67
13946,Stylosanthes fruticosa,7.7,13.4,40.63,59.15
13946,Stylosanthes fruticosa,7.1,13.1,36.57,64.97
16075,Sesbania grandiflora,6.3,13,28.07,74.95
16075,Sesbania grandiflora,6.1,13,27.87,74.33
21684,Leucaena pallida,5.6,7.6,15.94,47.77
21684,Leucaena pallida,5.2,7.1,14.99,46.67
21730,Leucaena trichandra,6.6,14,33.95,59.31
21730,Leucaena trichandra,8.2,14.7,38.66,51.85
21731,Leucaena trichandra,6.9,9.2,20.88,50.52
21731,Leucaena trichandra,6.2,9.2,20.36,53.95
23658,Sesbania grandiflora,5.8,12.2,26.08,81.46
23658,Sesbania grandiflora,5.8,11.9,24.94,82.3
internal control1,wheat straw,9,13.7,41.32,39.96
internal control1,wheat straw,10,13.4,39.12,43.83
internal control1,wheat straw,9.8,13.2,40.56,43.04
internal control 2,Wheat bran,9.3,15.3,46.84,69.18
internal control 2,Wheat bran,9.3,15.3,46.56,69.07
internal control 2,Wheat bran,9.2,14.9,45.16,70.77
ABC sample,cynodon Nlemfuensis,10,15,45.88,48.88
ABC sample,cynodon Nlemfuensis,10.1,14.9,45.63,49.09
ABC sample,cynodon Nlemfuensis,10.1,14.9,45.37,49.06
10379,Sesbania sesban,6.5,17,35.43,76.7
10379,Sesbania sesban,6.6,17.2,34.05,79.26
10865,Sesbania sesban,6.7,15.7,33.32,75.45
10865,Sesbania sesban,6.7,15.5,32.33,76.76
23654,Sesbania grandiflora,4.8,9.7,21.74,74.55
23654,Sesbania grandiflora,4.9,9.3,20.68,72.86
555,Stylosanthes fruticosa    ,8.1,14.6,36.38,65.43
555,Stylosanthes fruticosa    ,7.9,14.7,37.11,62.14
11011,Stylosanthes hamata    ,9.3,15.6,44.38,56.18
11011,Stylosanthes hamata    ,9.3,15.3,46.2,53.04
11769,Stylosanthes  guianensis,9.1,15.7,43.21,62.56
11769,Stylosanthes  guianensis,8.9,15.6,43.99,62.84
14197,Leucaena pulverulenta    ,7.7,4.3,9.13,39.62
14197,Leucaena pulverulenta    ,4.7,4,6.82,41.83
15853,Stylosanthes hamata    ,8.8,15.2,44.88,60.87
15853,Stylosanthes hamata    ,9.1,15.3,48.73,54.86
17316,Sesbania  sesban,7.8,14.8,38.22,63.05
17316,Sesbania  sesban,7.9,14.6,36.74,64.16
17354,Sesbania  sesban,8.2,14.6,38.89,56.79
17354,Sesbania  sesban,8.4,14.8,36.28,61.68
2084,Stylosanthes fruticosa,8.8,16.9,49.64,60.37
2084,Stylosanthes fruticosa,8.8,17,47.65,61.82
9752,Stylosanthes fruticosa,8.2,16.5,44.35,68.73
9752,Stylosanthes fruticosa,8.7,16.2,52.81,55.73
10391,Stylosanthes fruticosa,9.2,16.2,50.13,59.1
10391,Stylosanthes fruticosa,8.9,16.4,47.18,61.98
12041,Stylosanthes macrocephala,8.7,16.1,41.5,61.63
12041,Stylosanthes macrocephala,8.4,15.7,49.81,51.67
12073,Stylosanthes macrocephala,9,15.8,41.93,59.51
12073,Stylosanthes macrocephala,9.2,16.6,43.35,59.05
12430,Stylosanthes macrocephala,8.6,17.3,41.33,64.34
12430,Stylosanthes macrocephala,8.6,17.6,47.57,58.37
13950,Stylosanthes fruticosa,8.8,17.5,52.04,58.7
13950,Stylosanthes fruticosa,8.8,17.6,46.07,68.22
13951,Stylosanthes fruticosa,9,16.8,46.56,58.43
13951,Stylosanthes fruticosa,8.9,16.8,49.73,55.12
15846,Stylosanthes hamata,9.1,16.7,44.97,56.84
15846,Stylosanthes hamata,8.8,16.8,43.4,58.33
15913,Stylosanthes hamata,8.9,16.9,51.91,63.26
15913,Stylosanthes hamata,9.1,17,48.26,68.83
15931,Stylosanthes hamata,9.1,16.8,60.53,54
15931,Stylosanthes hamata,9.3,16.7,54.18,60.49
15934,Stylosanthes hamata,9.5,17,48,60.27
15934,Stylosanthes hamata,9.7,17.2,45.06,63.35
10375,Sesbania sesban,8.2,17,36.42,62.51
10375,Sesbania sesban,8.2,16.9,39.99,56.52
10379,Sesbania sesban,7.5,15.8,34.53,66.8
10379,Sesbania sesban,7.6,16,32.81,69.32
1,Stylosanthes guianensis,9.2,17.7,47.43,65.11
1,Stylosanthes guianensis,9.3,17.3,51.6,58.63
2145,Stylosanthes fruticosa,8.6,16.2,48.74,51.14
2145,Stylosanthes fruticosa,8.5,16.7,46.45,54.97
10891,Stylosanthes humilis,8.9,16.6,43.01,59.63
10891,Stylosanthes humilis,9.2,16.9,44.48,60.67
13946,Stylosanthes fruticosa,7.1,13.3,36.16,66.27
13946,Stylosanthes fruticosa,7,13.2,37.45,65.03
16075,Sesbania grandiflora,6.4,14.2,29,70.94
16075,Sesbania grandiflora,6.3,14.1,27.16,79.29
21684,Leucaena pallida,5.4,8.4,15.23,54.38
21684,Leucaena pallida,4.8,7.7,12.2,55.16
21730,Leucaena trichandra,6.6,14.3,32.91,59.53
21730,Leucaena trichandra,6.6,13.7,31.4,59.55
21731,Leucaena trichandra,6,9.8,19.99,56.59
21731,Leucaena trichandra,7.6,13.1,26.95,55.13
23658,Sesbania grandiflora,5.8,11.6,24.09,82.18
23658,Sesbania grandiflora,6,12.6,24.72,86.41
internal control1,wheat straw,10.3,13.3,39.2,45
internal control1,wheat straw,11.1,13.3,41.18,44.01
internal control1,wheat straw,10.9,13.3,27.77,67.35
internal control 2,Wheat bran,10.2,15.3,48.44,70.2
internal control 2,Wheat bran,9.9,15.5,48.24,70.85
internal control 2,Wheat bran,9.9,15.5,50.09,68.63
ABC sample,cynodon Nlemfuensis,11.1,15.2,48.83,47.74
ABC sample,cynodon Nlemfuensis,11.4,15.1,49.36,48.68
ABC sample,cynodon Nlemfuensis,13.3,15,52.57,50.18
18924,Alysicarpus vaginalis,9.8,17.3,43.73,64.87
18924,Alysicarpus vaginalis,9.9,17.2,42.16,68.17
21879,Macroptilium atropurpureum,8.5,15.3,35.65,62.43
21879,Macroptilium atropurpureum,8.4,15.3,33.74,64.37
6213,Vicia villosa subsp. varia,10.5,14.9,37.64,66.15
6213,Vicia villosa subsp. varia,10.5,15,36.71,65.83
9333,Vigna unguiculata,8.4,15.4,41.87,66.09
9333,Vigna unguiculata,8.2,15.4,40.58,67.38
11989,Vigna unguiculata,9.8,17.1,46.29,78.53
11989,Vigna unguiculata,9.8,17.1,47.02,73.55
12688,Vigna unguiculata,9.3,17.2,40.28,80.64
12688,Vigna unguiculata,9.3,17.1,39.34,82.24
12726,Vigna unguiculata,8,15.7,35.59,76.51
12726,Vigna unguiculata,8,15.7,35.79,76.09
6792,Vicia villosa,9.6,16,40.05,65.42
6792,Vicia villosa,9.4,16.1,36.5,71.48
9334,Vigna unguiculata,9,17.3,42.79,77.78
9334,Vigna unguiculata,9.1,17.3,41.65,78.76
9654,Vigna unguiculata,9.2,17,40.66,81.22
9654,Vigna unguiculata,9.3,17,40.79,80.91
12654,Vigna unguiculata,9.3,17.4,42.54,83.04
12654,Vigna unguiculata,9.1,17.4,41.67,82.71
9339,Vigna unguiculata,9.7,13.7,33.64,72.38
9339,Vigna unguiculata,9.9,13.6,34.79,69.19
11114,Vigna unguiculata,9.9,14.1,40.19,59.92
11114,Vigna unguiculata,10,14.3,37.92,62.12
13326,Vicia Villosa,10.9,14.4,34.39,65.52
13326,Vicia Villosa,11,13.9,24.99,87.16
25335,Vigna unguiculata,10.8,14.9,38.26,67.77
25335,Vigna unguiculata,9.2,14.8,37.97,67.77
5167,Vicia sativa,11.2,17.5,55.47,58.63
5167,Vicia sativa,11.5,18,57.6,59.39
15237,Vicia villosa,10.7,18,52.76,65.29
15237,Vicia villosa,10.3,18,54.17,64.56
24874,Vigna luteola    ,10.3,17,48.77,72.89
24874,Vigna luteola    ,10.4,17,48.67,73.49
5175,Vicia sativa,10.6,18.8,53.44,62.07
5175,Vicia sativa,10.6,18.9,53.45,61.4
5218,Vicia Benhalensis,11.8,17.8,52.05,54.08
5218,Vicia Benhalensis,11.4,17.8,52.92,53.59
9334,Vigina Uniguiculata,9.9,17,44.99,69.5
9334,Vigina Uniguiculata,9.8,17,46.13,67.76
9352,Vigina Uniguiculata,8.8,15.7,43.17,53.11
9352,Vigina Uniguiculata,8.6,15.7,43.11,53.24
24874,Vigna luteola    ,10.3,16.8,47.62,74.32
24874,Vigna luteola    ,10.3,17.1,47.32,75.21
24877,Vigna luteola,9.5,17.1,46.27,75.18
24877,Vigna luteola,9.7,17.4,46.28,75.33
24881,Vigna luteola,10.7,17.6,47.15,73.67
24881,Vigna luteola,10.5,17.3,46.34,74.04
24877,Vigna  luteola,9.8,17.5,45.99,80.62
24877,Vigna  luteola,9.5,17.6,46.13,79.09
5127,Vicia sativa ,10.4,17.3,55.44,51.34
5127,Vicia sativa ,10.4,17.5,54.53,51.58
8003,Trifolium tembense ,11.6,14.9,41.83,58.16
8003,Trifolium tembense ,12,14.7,42.3,59.71
9352,Vigna unguiculata ,9.7,16,42.24,61.94
9352,Vigna unguiculata ,9.7,15.7,41.29,59.57
12528,Trifolium tembense ,11.3,14.8,49.52,56.85
12528,Trifolium tembense ,11.8,14.8,49.09,56.47
10921,Vigna parkeri,10.2,16.5,41.99,64.86
10921,Vigna parkeri,10,16.6,43.81,64.21
10134,Trifolium steudneri Schweinf.,8.2,14,28.53,51.96
10134,Trifolium steudneri Schweinf.,7.8,14,31.32,52.87
7309,Trigonella foenum-graecum,9.6,14.3,24.95,66.1
7309,Trigonella foenum-graecum,9.6,15.2,22.51,58.72
internal control1,wheat straw,8.5,13,38.37,45.22
internal control1,wheat straw,9.8,12.9,40.38,42.92
internal control1,wheat straw,9.5,13,39.3,47.09
internal control 2,Wheat bran,9,14.8,45.55,69.36
internal control 2,Wheat bran,9.1,14.8,46.8,68.69
internal control 2,Wheat bran,9.1,14.7,44.63,70.43
ABC sample,cynodon Nlemfuensis,9.7,14.6,47.32,47.7
ABC sample,cynodon Nlemfuensis,9.8,14.7,46.21,48.42
ABC sample,cynodon Nlemfuensis,10.7,14.8,46.16,47.16
18924,Alysicarpus vaginalis,9.1,16.5,40.58,67.36
18924,Alysicarpus vaginalis,8.4,16.3,38.65,68.73
21879,Macroptilium atropurpureum,7.2,14.6,32.83,62.97
21879,Macroptilium atropurpureum,7.3,14.7,32.31,63.98
6213,Vicia villosa subsp. varia,8.7,14.6,37.68,65.74
6213,Vicia villosa subsp. varia,9,14.3,35.27,67.91
9333,Vigna unguiculata,7,14.6,38.56,66.27
9333,Vigna unguiculata,7,14.6,38.56,66.27
11989,Vigna unguiculata,8.6,16.3,44.2,77.72
11989,Vigna unguiculata,8.5,16.3,49.03,69.32
12688,Vigna unguiculata,8.5,16.6,38.84,78.5
12688,Vigna unguiculata,7.9,16.2,38.51,79.8
12726,Vigna unguiculata,7,15.1,36.71,71.37
12726,Vigna unguiculata,7.1,15,33.08,78.05
6792,Vicia villosa,7.8,15.1,38.31,66
6792,Vicia villosa,8.4,15.2,40.36,63.12
9334,Vigna unguiculata,8.1,16.4,47.71,67.1
9334,Vigna unguiculata,7.6,16.2,50.21,63.05
9654,Vigna unguiculata,7.7,16,42.89,74.7
9654,Vigna unguiculata,8,16,40.31,79
12654,Vigna unguiculata,8.2,16.6,40.33,83.48
12654,Vigna unguiculata,8.3,16.4,39.45,84.48
9339,Vigna unguiculata,8.6,13.2,40.17,57.27
9339,Vigna unguiculata,8.8,13.1,38.42,59.99
11114,Vigna unguiculata,9.5,13.4,45.63,51.04
11114,Vigna unguiculata,9.5,13.2,39.53,57.95
13326,Vicia Villosa,9.7,13.7,33.38,62.76
13326,Vicia Villosa,9.7,13.4,32.44,63.06
25335,Vigna unguiculata,8.6,14.4,42.94,63.24
25335,Vigna unguiculata,8.3,14.2,40.86,65.67
5167,Vicia sativa,11,17,52.46,64.05
5167,Vicia sativa,10.3,16.8,62.76,50.48
15237,Vicia villosa,9.5,16.7,46.21,65.62
15237,Vicia villosa,9.3,16.4,44.8,64.95
24874,Vigna luteola    ,9.5,16.1,47.26,70.68
24874,Vigna luteola    ,9.5,15.9,46.12,71.66
5175,Vicia sativa,9.1,17.1,59.77,50.16
5175,Vicia sativa,9.5,17.2,56.78,53.37
5218,Vicia Benhalensis,10.3,16.4,54.53,50.18
5218,Vicia Benhalensis,10.6,16.4,48.9,55.98
9334,Vigina Uniguiculata,8.7,15.9,45.2,64.29
9334,Vigina Uniguiculata,8.7,15.8,45.48,66.31
9352,Vigina Uniguiculata,8.4,14.4,43.57,48.22
9352,Vigina Uniguiculata,8.3,14.3,40.17,50.23
24874,Vigna luteola    ,8.7,15.3,44.63,71.91
24874,Vigna luteola    ,9.1,15.9,45.93,68.12
24877,Vigna luteola,8.4,15.9,46.37,69.54
24877,Vigna luteola,8.1,15.9,48.12,67.35
24881,Vigna luteola,9.9,16.1,43.72,72.8
24881,Vigna luteola,9.8,16.1,45.08,71.11
24877,Vigna  luteola,8.3,16.3,45.8,74.56
24877,Vigna  luteola,8.2,16.4,44.83,77.13
5127,Vicia sativa ,9.2,16.3,47.93,53.79
5127,Vicia sativa ,9,16.3,48.41,55.09
8003,Trifolium tembense ,10.3,14.3,41.43,55.95
8003,Trifolium tembense ,10.3,13.9,43.85,56.04
9352,Vigna unguiculata ,8.4,15.1,41.29,61.74
9352,Vigna unguiculata ,8.4,14.9,41.56,56.84
12528,Trifolium tembense ,10.1,14.3,44.53,58.01
12528,Trifolium tembense ,10.7,14.3,46.66,55.65
10921,Vigna parkeri,9.2,15.6,43.77,59.38
10921,Vigna parkeri,9.4,15.9,40.29,64.08
10134,Trifolium steudneri Schweinf.,8.7,14.6,28.43,44.39
10134,Trifolium steudneri Schweinf.,8.3,12.5,25,43.6
7309,Trigonella foenum-graecum,8.7,13.2,18.91,63.69
7309,Trigonella foenum-graecum,8.9,13.1,19.87,62.15
internal control1,wheat straw,9.5,13.6,60.53,31.73
internal control1,wheat straw,11.1,13.6,58.92,32.55
internal control1,wheat straw,10.9,13.6,58.7,33.13
internal control 2,Wheat bran,10.3,16.1,51.97,67.88
internal control 2,Wheat bran,10.2,15.8,51.47,67.66
internal control 2,Wheat bran,10.2,15.9,51.56,67.97
ABC sample,cynodon Nlemfuensis,10.7,15.2,61.18,40.29
ABC sample,cynodon Nlemfuensis,10.9,15.2,64.67,38.47
ABC sample,cynodon Nlemfuensis,11.1,15.2,65.48,37.16
18924,Alysicarpus vaginalis,10,17.6,53.3,54.16
18924,Alysicarpus vaginalis,10.3,17.6,53.12,54.07
21879,Macroptilium atropurpureum,8.4,15.3,39.52,53.77
21879,Macroptilium atropurpureum,8.5,15.2,39.17,54.19
6213,Vicia villosa subsp. varia,10.6,15,44.48,56.83
6213,Vicia villosa subsp. varia,10.8,15.2,46.33,54.46
9333,Vigna unguiculata,8.4,15.4,41.99,60.96
9333,Vigna unguiculata,8.6,15.6,45.32,60.98
11989,Vigna unguiculata,10.3,17.3,50.02,73.8
11989,Vigna unguiculata,10,17.1,45.9,77.24
12688,Vigna unguiculata,9.5,17.4,44.65,73.11
12688,Vigna unguiculata,9.6,17.6,43.66,73.34
12726,Vigna unguiculata,8.4,15.9,41.05,67.08
12726,Vigna unguiculata,8.1,15.1,40.21,61.83
6792,Vicia villosa,10.8,16.6,50.57,55.38
6792,Vicia villosa,9.6,16.2,46.11,58.05
9334,Vigna unguiculata,9.1,16.9,42.14,73.99
9334,Vigna unguiculata,9,16.8,41.44,75.43
9654,Vigna unguiculata,9,16.6,45.49,74.63
9654,Vigna unguiculata,12.2,16.5,39.82,77.19
12654,Vigna unguiculata,9.2,17,43.86,79.54
12654,Vigna unguiculata,9.2,17.2,43.21,80.5
9339,Vigna unguiculata,9.7,13.9,35.62,67.9
9339,Vigna unguiculata,9.9,13.8,34.44,70.21
11114,Vigna unguiculata,10.1,13.6,41.8,59.55
11114,Vigna unguiculata,10.1,14.1,39.3,61.04
13326,Vicia Villosa,11,14.5,38.14,61.8
13326,Vicia Villosa,11.1,14.6,37.53,63.25
25335,Vigna unguiculata,11.8,14.3,38.65,63.36
25335,Vigna unguiculata,9.3,14.3,43.66,58.93
5167,Vicia sativa,11.9,18.1,57.27,60.18
5167,Vicia sativa,12.1,18.4,55.71,63.53
15237,Vicia villosa,10.5,18.4,55.25,63.15
15237,Vicia villosa,10.4,18.1,54.71,62.1
24874,Vigna luteola    ,10.5,17.5,49.61,71.16
24874,Vigna luteola    ,10.8,16.9,49.92,71.67
5175,Vicia sativa,10.5,19.2,54.16,61.3
5175,Vicia sativa,10.5,17.1,50.37,60.99
5218,Vicia Benhalensis,11.2,18.2,55.96,53.26
5218,Vicia Benhalensis,11.3,18.2,53.26,56.86
9334,Vigina Uniguiculata,10.2,17.3,47.02,67.09
9334,Vigina Uniguiculata,10,17.2,52.64,58.85
9352,Vigina Uniguiculata,9.3,15.8,48.65,45.75
9352,Vigina Uniguiculata,9.1,15.8,46.66,44.08
24874,Vigna luteola    ,10.2,17.2,49.61,71.88
24874,Vigna luteola    ,10.2,17.2,50.34,70.8
24877,Vigna luteola,9.6,17.2,50.22,69.8
24877,Vigna luteola,9.5,16.9,51.74,66.42
24881,Vigna luteola,11,17.7,51.06,67.8
24881,Vigna luteola,11.3,17.5,52.9,66.25
24877,Vigna  luteola,10,18,48.25,76.66
24877,Vigna  luteola,10,17.8,49.65,73.86
5127,Vicia sativa ,10.8,17.6,60.93,47.81
5127,Vicia sativa ,10.9,17.6,57.13,49.13
8003,Trifolium tembense ,11.7,15,51.9,48.77
8003,Trifolium tembense ,11.7,14.8,50.23,51.84
9352,Vigna unguiculata ,10.3,16,44.2,58.2
9352,Vigna unguiculata ,10,16,44.51,56.77
12528,Trifolium tembense ,11.6,14.9,58.13,48.71
12528,Trifolium tembense ,11.7,15,55,52.61
10921,Vigna parkeri,11,17.1,46.88,60.16
10921,Vigna parkeri,10.4,16.8,45.69,61.44
10134,Trifolium steudneri Schweinf.,9.1,14.3,27.82,48.36
10134,Trifolium steudneri Schweinf.,8.1,13.4,30.7,51.57
7309,Trigonella foenum-graecum,9.5,14,28.23,61.63
7309,Trigonella foenum-graecum,9.6,14.7,22.62,58.81
internal control1,wheat straw,9.1,13.5,41.74,44.31
internal control1,wheat straw,10,13.4,41.15,46.53
internal control1,wheat straw,9.9,13.4,40.02,47.07
internal control 2,Wheat bran,9.3,15.8,48.34,69.5
internal control 2,Wheat bran,9.3,15.5,47.02,68.34
internal control 2,Wheat bran,9.2,15.7,46.33,70.17
ABC sample,cynodon Nlemfuensis,10.1,15.1,45.83,51.15
ABC sample,cynodon Nlemfuensis,10.7,15,46.54,50.57
ABC sample,cynodon Nlemfuensis,10.5,14.9,44.91,53.04
14413,Lablab purpures,9.5,16.4,38.76,73.1
14413,Lablab purpures,9.4,16.5,37.98,75.62
14413,Lablab purpures,7.9,16.1,48.53,51.06
14413,Lablab purpures,7.8,15.9,49.18,49.26
14438,Lablab purpures,8.7,16.4,36.75,77.77
14438,Lablab purpures,8.5,16.2,38.26,73.16
14438,Lablab purpures,7.5,15.8,50.57,50.78
14438,Lablab purpures,7.3,16.1,50.29,49.28
14447,Lablab purpures,8.9,16.5,35.36,80.93
14447,Lablab purpures,8.7,16.3,37.9,74.62
14447,Lablab purpures,7.7,15.7,48.48,51
14447,Lablab purpures,7.8,15.7,50.36,51.09
14458,Lablab purpures,8.7,16.4,39.75,74.05
14458,Lablab purpures,9,16.4,38.47,78.01
14458,Lablab purpures,7.8,16.3,50.91,47.33
14458,Lablab purpures,7.8,16.3,50.42,48.94
14485,Lablab purpures,9.3,16.4,37.69,75.42
14485,Lablab purpures,8.8,16.3,38.46,74.62
14485,Lablab purpures,7.8,15.9,54.34,43.84
14485,Lablab purpures,7.8,16.1,45.55,52.98
14486,Lablab purpures,9,16.7,37,79.86
14486,Lablab purpures,9.2,16.9,38.78,76.06
14486,Lablab purpures,9,15.3,45.54,41.69
14486,Lablab purpures,8.5,15.3,53.2,37.69
18637,Lablab purpures,9.2,16.6,38.06,74.96
18637,Lablab purpures,9,16.6,35.93,77.81
18637,Lablab purpures,7.6,15.7,50.65,47.24
18637,Lablab purpures,7.6,15.6,49.36,51.45
21065,Lablab purpures,8.9,16.1,36.02,78.39
21065,Lablab purpures,8.5,16,32.75,82.77
21065,Lablab purpures,8.3,15.9,56.63,39.73
21065,Lablab purpures,8.3,15.7,48.66,43.92
Doli-I/11640,Lablab purpures,9.6,16.3,32.54,81.51
Doli-I/11640,Lablab purpures,9.1,16.1,32.19,80.61
Doli-I/11640,Lablab purpures,9.7,15.5,46.3,46.4
Doli-I/11640,Lablab purpures,8.9,15.3,54.35,40.23
Doli-II/147,Lablab purpures,9.4,16.4,39.43,71.83
Doli-II/147,Lablab purpures,9.4,16.6,33.85,83.37
Doli-II/147,Lablab purpures,9.3,15.8,48.57,51.55
Doli-II/147,Lablab purpures,9.2,15.8,47.9,54.33
22068,Macroptilium lathyroides,6.9,16.1,42.82,73.32
22068,Macroptilium lathyroides,7.1,16.2,43.02,74.82
22069,Macroptilium lathyroides,8.9,16.6,45.45,69.88
22069,Macroptilium lathyroides,8.4,16.5,44.65,70.09
22070,Macroptilium lathyroides,7.3,15.9,40.45,67.78
22070,Macroptilium lathyroides,7.1,16,39.36,67.07
22071,Macroptilium lathyroides,8.5,16.4,50.3,68.86
22071,Macroptilium lathyroides,8.7,16.2,50.07,69.17
5283,Lathyrus sativus,12.3,15.2,35.46,66.43
5283,Lathyrus sativus,13.1,15.4,34.48,66.42
10663,Lathyrus sativus,10.9,15.8,41.35,70.97
10663,Lathyrus sativus,11.7,15.8,40.31,70.22
16243,Aeschynomene villosa,9.8,16.1,39.92,58.98
16243,Aeschynomene villosa,9.9,16.5,41.48,58.36
9303,Glycine max,9,15.7,41.8,74.01
9303,Glycine max,9.1,15.8,41.41,74.15
15005,Lupinus angustifolius,7.3,15.9,45.17,70.65
15005,Lupinus angustifolius,6.5,15.6,51.95,60.02
19980,Dolichos sp.,4.9,12.8,29.53,64.48
19980,Dolichos sp.,4.8,12.8,28.74,65.2
24727,Clitoria ternatea,6.7,19.2,35.4,69.47
24727,Clitoria ternatea,6.8,18.9,35.3,72.69
21900,Macroptilium atropurpureum,7.9,16.3,36.71,62.88
21900,Macroptilium atropurpureum,7.7,16.1,39.96,58.26
19966,Dolichos  sp.,6.6,11.6,23.86,62.65
19966,Dolichos  sp.,6.4,12.1,30.41,52.88
internal control1,wheat straw,9.6,13.4,41.74,47.21
internal control1,wheat straw,10.3,13.2,42.9,45.63
internal control1,wheat straw,10.2,13.2,41.15,48.07
internal control 2,Wheat bran,9.6,13.7,44.15,69.56
internal control 2,Wheat bran,9.6,15.8,48.77,69.58
internal control 2,Wheat bran,9.5,15.8,49.92,68.08
ABC sample,cynodon Nlemfuensis,10.6,14.9,46.77,52.99
ABC sample,cynodon Nlemfuensis,10.6,15,46.06,52.16
ABC sample,cynodon Nlemfuensis,10.6,14.8,46.71,50.44
14413,Lablab purpures,9.4,16.8,35.49,80.04
14413,Lablab purpures,9.4,16.6,35.09,80.84
14413,Lablab purpures,8.4,16,49.85,50.17
14413,Lablab purpures,8.3,16.1,47.53,51.86
14438,Lablab purpures,8.9,16.9,34.73,83.07
14438,Lablab purpures,8.9,16.7,35.51,82.25
14438,Lablab purpures,7.7,16.3,50.44,51.73
14438,Lablab purpures,7.8,16.2,48.71,51.28
14447,Lablab purpures,9.3,17.1,34.71,82.12
14447,Lablab purpures,9,16.9,33.86,82.66
14447,Lablab purpures,8.1,16,49.78,52.17
14447,Lablab purpures,8.1,16,49.85,52.6
14458,Lablab purpures,9,16.6,36.74,79.75
14458,Lablab purpures,9,16.9,35.57,82.22
14458,Lablab purpures,8.1,16.4,46.95,51.76
14458,Lablab purpures,7.9,16,47.63,51.72
14485,Lablab purpures,9.2,17.3,37.16,81.39
14485,Lablab purpures,9.9,17.1,38.16,80.58
14485,Lablab purpures,8.2,16.2,47.67,50.65
14485,Lablab purpures,8.2,16.2,48.9,49.26
14486,Lablab purpures,8.9,16.8,34.5,85.06
14486,Lablab purpures,9,16.8,33.65,85.27
14486,Lablab purpures,9.1,15.4,46.64,40.78
14486,Lablab purpures,9.2,15.6,45.18,44.23
18637,Lablab purpures,9.1,17,36.41,80.08
18637,Lablab purpures,9.3,17.1,37.26,79.28
18637,Lablab purpures,8.6,16.5,48.89,52.47
18637,Lablab purpures,8.2,16,42.28,53.15
21065,Lablab purpures,9.1,16.4,35.68,76.82
21065,Lablab purpures,9.1,16.5,35.61,77.61
21065,Lablab purpures,9,16.1,49.71,48.27
21065,Lablab purpures,9.1,15.9,48.95,46.83
Doli-I/11640,Lablab purpures,9.4,16.7,31.59,83.48
Doli-I/11640,Lablab purpures,9,16.2,32.3,80.9
Doli-I/11640,Lablab purpures,9.7,15.2,44.47,45.8
Doli-I/11640,Lablab purpures,9.7,15.1,49.12,44.99
Doli-II/147,Lablab purpures,9.6,16.9,34.44,82.49
Doli-II/147,Lablab purpures,10.4,17.1,37.02,80.11
Doli-II/147,Lablab purpures,9.4,16.2,48.28,54.51
Doli-II/147,Lablab purpures,9.9,16.2,47.76,54.21
22068,Macroptilium lathyroides,7.8,16.8,39.05,79.65
22068,Macroptilium lathyroides,7.7,16.7,41.81,76.26
22069,Macroptilium lathyroides,9.2,17.5,42.02,71.65
22069,Macroptilium lathyroides,8.9,17.2,43.73,70.47
22070,Macroptilium lathyroides,7.8,16.4,39.49,72.09
22070,Macroptilium lathyroides,7.8,16.5,36.87,74.53
22071,Macroptilium lathyroides,9.3,16.6,47.1,71.37
22071,Macroptilium lathyroides,9.1,16.8,46.1,72.81
5283,Lathyrus sativus,12.3,15.8,35.02,67.11
5283,Lathyrus sativus,12.5,16,34.93,70.66
10663,Lathyrus sativus,10.7,16.4,40.26,74.96
10663,Lathyrus sativus,11.4,16.7,35.96,83.31
16243,Aeschynomene villosa,9.5,16.8,42.45,59.62
16243,Aeschynomene villosa,9.6,17.1,41,63.23
9303,Glycine max,8.9,16.2,40.41,72.12
9303,Glycine max,8.9,16.1,39.83,75.54
15005,Lupinus angustifolius,7.3,16.3,43.81,72.84
15005,Lupinus angustifolius,7.4,16.2,42.42,74.31
19980,Dolichos sp.,5,13.4,26.57,68.55
19980,Dolichos sp.,4.8,13.2,27.02,67.42
24727,Clitoria ternatea,7,19.3,35.93,73.75
24727,Clitoria ternatea,7.2,19.1,36.61,71.3
21900,Macroptilium atropurpureum,7.9,16.8,36.4,66.43
21900,Macroptilium atropurpureum,8.1,16.8,34.74,66.64
19966,Dolichos  sp.,6.2,12.2,26.43,57.81
19966,Dolichos  sp.,5.9,12.3,26.02,59.79
internal control1,wheat straw,8.9,13.3,44.98,43.16
internal control1,wheat straw,10.2,13.2,43.18,48
internal control1,wheat straw,10.1,13.2,43.24,45.21
internal control 2,Wheat bran,9.6,15.3,50.59,66.16
internal control 2,Wheat bran,9.6,15.4,43.99,66.91
internal control 2,Wheat bran,9.4,15.1,41.6,70.05
ABC sample,cynodon Nlemfuensis,10.6,14.9,48.6,49.05
ABC sample,cynodon Nlemfuensis,10.4,14.9,46.91,52.3
ABC sample,cynodon Nlemfuensis,10.5,14.8,48.14,49.9
14413,Lablab purpures,9.5,16.8,38.23,77.14
14413,Lablab purpures,9.3,16.6,34.96,81.53
14413,Lablab purpures,8.3,16.4,51.76,48.76
14413,Lablab purpures,8.2,16.2,53.25,48.05
14438,Lablab purpures,8.9,16.8,35.32,79.99
14438,Lablab purpures,9,16.8,36.62,78.13
14438,Lablab purpures,8,16.2,52.26,50.21
14438,Lablab purpures,7.9,16.5,56.22,46.8
14447,Lablab purpures,9.1,16.9,37.92,77.85
14447,Lablab purpures,8.8,16.6,36.13,77.48
14447,Lablab purpures,8.4,16.1,51.18,51.44
14447,Lablab purpures,8.3,16,52.18,52.17
14458,Lablab purpures,9.1,16.9,39.77,74.37
14458,Lablab purpures,9.2,16.8,40.34,74.07
14458,Lablab purpures,8,16.4,38.61,64.92
14458,Lablab purpures,8,16.4,55.93,44.83
14485,Lablab purpures,9.2,16.8,39.54,72.61
14485,Lablab purpures,9.4,16.8,38.82,75.66
14485,Lablab purpures,8.3,16.3,53.3,45.15
14485,Lablab purpures,8.5,16.3,49.22,50.61
14486,Lablab purpures,9.1,16.8,35.32,84.1
14486,Lablab purpures,9.1,16.6,34.63,81.9
14486,Lablab purpures,9.1,15.5,47.26,40.72
14486,Lablab purpures,9,15.5,56.06,35.3
18637,Lablab purpures,9.4,17.1,38.2,77.63
18637,Lablab purpures,9.3,17,37.51,78.94
18637,Lablab purpures,8.1,16.2,53.69,45.16
18637,Lablab purpures,8.5,16.2,49.6,52.9
21065,Lablab purpures,8.9,16.6,35.59,79.81
21065,Lablab purpures,8.9,16.5,38.3,71.69
21065,Lablab purpures,9.1,16.3,52.09,49.09
21065,Lablab purpures,8.7,15.9,57.33,43.43
Doli-I/11640,Lablab purpures,9.4,16.2,33.47,80.67
Doli-I/11640,Lablab purpures,9,16.2,32.24,81.4
Doli-I/11640,Lablab purpures,9.6,15.3,50.15,44.79
Doli-I/11640,Lablab purpures,9.5,15.2,55.06,39.42
Doli-II/147,Lablab purpures,9.9,16.6,36.1,76.99
Doli-II/147,Lablab purpures,9.4,16.5,35.76,77.4
Doli-II/147,Lablab purpures,9.6,16.2,49.56,54.5
Doli-II/147,Lablab purpures,9.6,16.1,50.47,53.17
22068,Macroptilium lathyroides,7.8,16.7,42.3,75.7
22068,Macroptilium lathyroides,7.3,16.5,44.34,73.41
22069,Macroptilium lathyroides,9.2,17.3,47.07,69.45
22069,Macroptilium lathyroides,9.2,17.8,47.36,69.46
22070,Macroptilium lathyroides,7.7,16.5,39.44,72.02
22070,Macroptilium lathyroides,7.7,16.5,40.86,68.43
22071,Macroptilium lathyroides,9.2,17,42.91,67.33
22071,Macroptilium lathyroides,9,16.8,51.91,67.14
5283,Lathyrus sativus,12.2,16,34.76,69.88
5283,Lathyrus sativus,12.7,16.1,37.85,65.27
10663,Lathyrus sativus,11.8,16.7,46.47,68.46
10663,Lathyrus sativus,11.8,16.7,44.36,71.91
16243,Aeschynomene villosa,9.8,17.1,42.86,59.07
16243,Aeschynomene villosa,10.1,17.2,41.93,57.68
9303,Glycine max,9.2,16.3,46.18,68.02
9303,Glycine max,9.1,16.4,46.67,66.11
15005,Lupinus angustifolius,7.4,16.2,56.12,56.31
15005,Lupinus angustifolius,7.4,16.1,60.13,52.26
19980,Dolichos sp.,5.2,13.5,28.85,67.1
19980,Dolichos sp.,4.8,12,27.98,63.69
24727,Clitoria ternatea,7.2,18.9,40.55,61.96
24727,Clitoria ternatea,7.1,19,34.77,73.49
21900,Macroptilium atropurpureum,8.5,16.9,35.23,66.48
21900,Macroptilium atropurpureum,8.5,16.7,43.44,56.36
19966,Dolichos  sp.,6.6,11.9,26.71,55.98
19966,Dolichos  sp.,6.2,12.5,33.3,49.53
internal control1,wheat straw,11.1,13,40.51,44.92
internal control1,wheat straw,10.9,13.1,42.01,48.19
internal control1,wheat straw,10.9,13.3,43.94,44.73
internal control 2,Wheat bran,10.3,16.3,47.97,71.16
internal control 2,Wheat bran,10.3,16.1,50.06,68.74
internal control 2,Wheat bran,10.2,16.1,50.74,68.11
ABC sample,cynodon Nlemfuensis,11.4,15.1,47.32,51.45
ABC sample,cynodon Nlemfuensis,11.2,15.1,48.12,50.7
ABC sample,cynodon Nlemfuensis,11.1,15.2,46.76,51.87
19656,Codariocalyx  gyroides,8.2,9.8,23.65,48.41
19656,Codariocalyx  gyroides,7.5,9.2,21.33,52.58
7622,Trifolium semipilosum ,10.6,17,44.67,80.15
7622,Trifolium semipilosum ,10.6,17,43.95,80.54
7638,Trifolium semipilosum,10.6,16.3,46.53,72.9
7638,Trifolium semipilosum,11.5,16.9,46.7,73.17
16260,Trifolium semipilosum,10.5,16.6,48.38,75.92
16260,Trifolium semipilosum,10.6,17.1,51.3,75.77
8214,Trifolium semipilosum,11,16.6,41.81,79.7
8214,Trifolium semipilosum,10.6,17,45.83,78.98
22295,Neonotonia  wightii,10.7,16.6,45.06,65.8
22295,Neonotonia  wightii,10.8,16.8,43.49,67.02
24175,Teramnus labialis,10.5,17.2,42.85,68.78
24175,Teramnus labialis,10.4,17.3,41.98,69.93
14501,Gliricidia  sepium,10.5,17.2,42.35,76.29
14501,Gliricidia  sepium,10.5,16.9,41.94,77.9
24282,Teramnus   uncinatus,12.2,17.1,47.56,59.67
24282,Teramnus   uncinatus,11.8,17.1,47.55,59.9
8191,Trifolium semipilosum,9.1,16.2,47.28,73.47
8191,Trifolium semipilosum,8.9,16.4,46.1,76.35
22210,Neonotonia wightii,10.4,17.5,47.43,71.46
22210,Neonotonia wightii,10.5,17.5,46.58,71.44
24287,Teramnus   uncinatus,11.9,17.1,46.83,60.32
24287,Teramnus   uncinatus,11.8,17,46.02,61.21
22397,Neonotonia wightii    ,9.6,16.7,35.97,74.66
22397,Neonotonia wightii    ,9.6,17.7,46.04,76.89
22416,Neonotonia wightii    ,10.2,17.3,46.19,75.01
22416,Neonotonia wightii    ,9.9,17.4,44.52,74.88
23043,Neustanthus phaseoloides    ,9.7,17.1,43.14,48.35
23043,Neustanthus phaseoloides    ,9.2,14,36.07,49.47
21879,Macroptilium  atropurpureum,11.4,17.3,39.17,66.04
21879,Macroptilium  atropurpureum,11.1,17,39.1,66.29
10856,Macroptilium atropurpureum    ,11.3,18.1,42.74,68.87
10856,Macroptilium atropurpureum    ,11.3,18.2,44.77,65.28
10084,Mucuna pruriens,9.9,16.1,36.87,67.31
10084,Mucuna pruriens,10.2,16,41.11,60.13
11040,Aeschynomene villosa,11.1,18.4,46.09,73.09
11040,Aeschynomene villosa,11.2,18,46.97,71.03
11171,Calopogonium mucunoides,10.6,17.5,44.37,66.9
11171,Calopogonium mucunoides,10.5,17.8,41.83,70.69
11177,Calopogonium caeruleum,10.5,18.2,36.75,74.34
11177,Calopogonium caeruleum,10.9,18.4,38.44,72.76
11186,Aeschynomene brasiliana,11.7,15.8,35.08,62.32
11186,Aeschynomene brasiliana,11.7,15.8,35.08,62.32
12122,Aeschynomene histrix,10.2,16.7,40.73,61.71
12122,Aeschynomene histrix,10.5,16.9,40.46,57.97
14390,Desmanthus acuminatus,7,7.4,14.24,59.56
14390,Desmanthus acuminatus,7.3,10.2,21.59,58.23
14880,Mucuna pruriens,9.5,17.1,38.29,64.87
14880,Mucuna pruriens,9.6,16.6,38.55,62.67
15169,Mucuna pruriens,9.7,16.4,42.53,59.85
15169,Mucuna pruriens,10.3,16.5,31.8,80.41
15490,Desmodium cinereum,8.1,13.1,31.23,55.16
15490,Desmodium cinereum,8,13.1,33.12,53.51
15592,Canavalia brasiliensis,9.2,18.5,46.97,63.34
15592,Canavalia brasiliensis,9.1,18.7,49.27,64.81
16344,Aeschynomene histrix,10.4,15.1,44.76,55.43
16344,Aeschynomene histrix,10.5,15.2,46.07,52.87
16819,Cenchrus purpures,11.7,15.9,44.98,59.13
16819,Cenchrus purpures,12.1,15.9,43.08,60.69
16791,Cenchrus purpures,12,15.3,44.58,56.06
16791,Cenchrus purpures,11.8,15.2,42.74,57.94
7384,Chloris gayana,11.6,16.8,49.06,59.46
7384,Chloris gayana,11.4,16.8,48.3,59.55
6633,Chloris gayana,11.6,16.6,50.24,56.43
6633,Chloris gayana,10.2,16.5,48.79,56.64
CNPGL-93-08-1,Cenchrus purpures,11.5,16.4,46.98,65.73
CNPGL-93-08-1,Cenchrus purpures,11.5,16.3,50.9,60.46
CNPGL-91-25-1,Cenchrus purpures,11.2,17.9,42.94,62.21
CNPGL-91-25-1,Cenchrus purpures,11.3,17.7,43.14,61.57
internal control1,wheat straw,9.1,13.5,44.99,42.17
internal control1,wheat straw,10.7,13.4,42.56,46.2
internal control1,wheat straw,10.4,13.3,43.78,43.7
internal control 2,Wheat bran,9.6,15.4,49.54,66.84
internal control 2,Wheat bran,9.5,15.4,50.66,65.15
internal control 2,Wheat bran,9.4,15.4,47.35,69.7
ABC sample,cynodon Nlemfuensis,10.7,14.9,52.53,46.05
ABC sample,cynodon Nlemfuensis,10.7,14.8,49.53,49.23
ABC sample,cynodon Nlemfuensis,11.1,14.9,48.27,50.46
19656,Codariocalyx  gyroides,7.1,8.2,19.62,49.57
19656,Codariocalyx  gyroides,6.5,7.7,16.95,53.02
7622,Trifolium semipilosum ,9.4,15.9,43.17,78.14
7622,Trifolium semipilosum ,9.4,16.2,41.77,79.87
7638,Trifolium semipilosum,9.9,15.4,43.48,72.04
7638,Trifolium semipilosum,9.8,15.4,42.79,73.25
16260,Trifolium semipilosum,9.8,16.3,48.02,78.14
16260,Trifolium semipilosum,9.8,16.1,49.87,75.75
8214,Trifolium semipilosum,10,16.4,46.77,78.18
8214,Trifolium semipilosum,9.8,16.3,49.81,71.42
22295,Neonotonia  wightii,9.6,16,48.42,59.44
22295,Neonotonia  wightii,9.8,16.2,44.04,63.58
24175,Teramnus labialis,9.8,16.4,42.4,65.5
24175,Teramnus labialis,9.9,16.4,50.03,55.77
14501,Gliricidia  sepium,10.1,16.1,40.97,75.74
14501,Gliricidia  sepium,10.1,16.2,43.19,72.18
24282,Teramnus   uncinatus,10.8,16.5,49.94,54.46
24282,Teramnus   uncinatus,10.9,16.6,54.21,50.47
8191,Trifolium semipilosum,8.1,15.6,44.3,75.09
8191,Trifolium semipilosum,7.8,15.6,43.59,76.23
22210,Neonotonia wightii,9.7,16.6,43.78,72.45
22210,Neonotonia wightii,10.1,16.9,44.86,72.02
24287,Teramnus   uncinatus,10.7,16.5,44.79,60.7
24287,Teramnus   uncinatus,10.4,16.5,44,61.56
22397,Neonotonia wightii    ,9.2,17.1,51.57,67.85
22397,Neonotonia wightii    ,8.7,16.9,42.32,80.26
22416,Neonotonia wightii    ,9.2,16.5,43.51,70.98
22416,Neonotonia wightii    ,8.8,16.7,41.5,76.49
23043,Neustanthus phaseoloides    ,8.5,13.2,37.14,46.03
23043,Neustanthus phaseoloides    ,8.3,13,39.33,42.39
21879,Macroptilium  atropurpureum,10.5,16.2,39.3,62.61
21879,Macroptilium  atropurpureum,10.3,16.6,49.6,50.76
10856,Macroptilium atropurpureum    ,10.5,17.4,48.85,58.57
10856,Macroptilium atropurpureum    ,10.6,17.6,44.27,64.93
10084,Mucuna pruriens,9.8,15.4,42.97,54.05
10084,Mucuna pruriens,9,15.7,40.56,59.25
11040,Aeschynomene villosa,10,17.6,53.35,61.47
11040,Aeschynomene villosa,10.4,17.3,47.71,65.97
11171,Calopogonium mucunoides,9.4,17.2,40.85,70.03
11171,Calopogonium mucunoides,9.9,16.7,38.92,71.87
11177,Calopogonium caeruleum,9.6,17.2,37.67,67.93
11177,Calopogonium caeruleum,9.6,17.6,38.88,68.94
11186,Aeschynomene brasiliana,11.4,15.6,36.15,57.23
11186,Aeschynomene brasiliana,11.8,15.5,36.02,59.28
12122,Aeschynomene histrix,9.4,16.4,39.85,60.18
12122,Aeschynomene histrix,9.7,16.4,45.22,50.12
14390,Desmanthus acuminatus,6,7.7,15.63,55.96
14390,Desmanthus acuminatus,5.9,9.3,21.79,52.46
14880,Mucuna pruriens,8.5,15.9,36.06,62.68
14880,Mucuna pruriens,9.1,15.9,28.58,79.13
15169,Mucuna pruriens,8.9,15.9,44.18,53.49
15169,Mucuna pruriens,8.8,16,45.38,54.14
15490,Desmodium cinereum,7.1,11.9,29.01,57.61
15490,Desmodium cinereum,6.9,11.9,27.56,59.21
15592,Canavalia brasiliensis,8.1,18.1,49.49,62.84
15592,Canavalia brasiliensis,8.2,18.2,48.34,64.15
16344,Aeschynomene histrix,9.9,14.8,43.48,53.3
16344,Aeschynomene histrix,9.5,14.7,44.07,53.34
16819,Cenchrus purpures,10,15.5,44.42,57.88
16819,Cenchrus purpures,10.9,15.5,56.44,48.03
16791,Cenchrus purpures,10.9,15,46.06,52.64
16791,Cenchrus purpures,11.2,15,41.64,58.89
7384,Chloris gayana,10.8,16.5,50.49,53.1
7384,Chloris gayana,10.9,16.6,73.77,37.2
6633,Chloris gayana,10.2,16,47.53,54.3
6633,Chloris gayana,9.5,16.1,51.91,49.42
CNPGL-93-08-1,Cenchrus purpures,10.4,16.2,49.19,59
CNPGL-93-08-1,Cenchrus purpures,10.1,16.2,55.34,53.09
CNPGL-91-25-1,Cenchrus purpures,11.2,17.5,42.18,62.08
CNPGL-91-25-1,Cenchrus purpures,10.5,17.5,42.98,60.83
internal control1,wheat straw,10.4,13.3,40.7,46.54
internal control1,wheat straw,11,13.1,39.63,46.75
internal control1,wheat straw,11,13.2,38.93,46.99
internal control 2,Wheat bran,9.9,15.7,48.46,69.4
internal control 2,Wheat bran,9.9,16.1,53.92,63.74
internal control 2,Wheat bran,9.6,16,52.38,65.39
ABC sample,cynodon Nlemfuensis,10.7,14.7,48.12,49.5
ABC sample,cynodon Nlemfuensis,10.9,14.7,48.36,49.16
ABC sample,cynodon Nlemfuensis,11,14.5,48.98,48.37
19656,Codariocalyx  gyroides,7.3,8.2,19.67,49.4
19656,Codariocalyx  gyroides,6.9,7.8,17.95,49.67
7622,Trifolium semipilosum ,9.7,16.4,41.62,79.9
7622,Trifolium semipilosum ,9.5,16.2,40.86,78.95
7638,Trifolium semipilosum,10,15.7,43.06,72.76
7638,Trifolium semipilosum,9.9,15.9,43.96,72.76
16260,Trifolium semipilosum,9.9,16.4,49.13,74.16
16260,Trifolium semipilosum,10.2,16.5,49.13,75.89
8214,Trifolium semipilosum,10.2,16.8,45.72,78.65
8214,Trifolium semipilosum,9.8,16.2,44.28,78.18
22295,Neonotonia  wightii,9.8,16.1,43.54,63.68
22295,Neonotonia  wightii,9.6,16.2,43.04,65.54
24175,Teramnus labialis,10.1,16.3,42.63,65.33
24175,Teramnus labialis,10,16.6,40.49,69.81
14501,Gliricidia  sepium,10.2,16.3,40.39,75.99
14501,Gliricidia  sepium,10.3,16.2,40.78,75.8
24282,Teramnus   uncinatus,11.1,16.5,42.93,61.08
24282,Teramnus   uncinatus,11.6,16.6,49.8,56.62
8191,Trifolium semipilosum,8.4,15.3,42.5,74.77
8191,Trifolium semipilosum,8.1,15.5,42.89,75.35
22210,Neonotonia wightii,10.2,17.1,45.63,71.03
22210,Neonotonia wightii,10.2,16.9,43.15,68.7
24287,Teramnus   uncinatus,11.1,16.5,46.81,58.78
24287,Teramnus   uncinatus,11.3,16.4,46.04,59.34
22397,Neonotonia wightii    ,9,17,45.22,73.86
22397,Neonotonia wightii    ,9.1,17.1,43.99,77.25
22416,Neonotonia wightii    ,9.6,16.8,41.79,76.31
22416,Neonotonia wightii    ,9.4,17.2,42.47,74.64
23043,Neustanthus phaseoloides    ,8.9,13.9,35.34,50.46
23043,Neustanthus phaseoloides    ,8.5,13.5,36.16,47.64
21879,Macroptilium  atropurpureum,10.7,16.8,36.66,65.92
21879,Macroptilium  atropurpureum,10.9,16.7,39.86,64.26
10856,Macroptilium atropurpureum    ,10.8,17.4,43.83,65.25
10856,Macroptilium atropurpureum    ,10.8,17.4,45.56,62.44
10084,Mucuna pruriens,9.9,15.8,39.92,57.76
10084,Mucuna pruriens,9.6,15.3,39.32,59.5
11040,Aeschynomene villosa,10.7,17.9,47.21,67.18
11040,Aeschynomene villosa,10.7,18.1,48.26,69.15
11171,Calopogonium mucunoides,10.2,16.9,44.36,64.69
11171,Calopogonium mucunoides,9.8,16.8,40.39,68.61
11177,Calopogonium caeruleum,9.7,17.3,36.46,71.19
11177,Calopogonium caeruleum,10.2,17.4,36.19,71.17
11186,Aeschynomene brasiliana,11.1,15.7,39.13,56.09
11186,Aeschynomene brasiliana,10.9,15.5,38.11,59.01
12122,Aeschynomene histrix,10,16.6,42.23,57.21
12122,Aeschynomene histrix,9.6,16.6,43.48,54.42
14390,Desmanthus acuminatus,6.8,7.6,16.65,54.21
14390,Desmanthus acuminatus,6.7,9.6,22.17,52.72
14880,Mucuna pruriens,8,16.1,38.07,59.32
14880,Mucuna pruriens,8.5,15.6,35.4,63.37
15169,Mucuna pruriens,9.1,15.9,41.26,57.66
15169,Mucuna pruriens,9.2,15.9,42.28,54.96
15490,Desmodium cinereum,7.8,12.7,33.14,52.18
15490,Desmodium cinereum,7.5,12.4,33.28,49.57
15592,Canavalia brasiliensis,8.6,18,44.31,61.35
15592,Canavalia brasiliensis,8.3,18,48.01,60.99
16344,Aeschynomene histrix,9.8,15,45,54.09
16344,Aeschynomene histrix,10.3,14.8,46.79,50.41
16819,Cenchrus purpures,11.1,15.1,42.5,57.42
16819,Cenchrus purpures,11.3,15.4,43.28,58.48
16791,Cenchrus purpures,11.4,15,44.4,53.41
16791,Cenchrus purpures,11.3,15,42.45,54.22
7384,Chloris gayana,11.4,16.2,45.09,57.62
7384,Chloris gayana,11,16.2,44.45,57.85
6633,Chloris gayana,10.1,15.7,44.72,55.26
6633,Chloris gayana,10.1,16,44.48,55.71
CNPGL-93-08-1,Cenchrus purpures,10.3,16,46.18,61.72
CNPGL-93-08-1,Cenchrus purpures,10.8,16,47.85,57.46
CNPGL-91-25-1,Cenchrus purpures,10.2,17.2,43.98,56.78
CNPGL-91-25-1,Cenchrus purpures,10.4,17,48.43,49.48
internal control1,wheat straw,9.5,13.3,43.54,44.91
internal control1,wheat straw,10.6,13.1,45.29,45.25
internal control1,wheat straw,10.6,13.2,42.81,44.87
internal control 2,Wheat bran,9.8,15.9,48.47,71.73
internal control 2,Wheat bran,9.8,15.8,50.04,69.99
internal control 2,Wheat bran,9.8,15.8,48.49,71.06
ABC sample,cynodon Nlemfuensis,10.7,14.8,51.11,47.06
ABC sample,cynodon Nlemfuensis,10.7,14.7,47.58,50.95
ABC sample,cynodon Nlemfuensis,10.9,14.9,49.93,49.41
6501,Medicago scutellata,9.5,15.2,37.84,69.68
6501,Medicago scutellata,9.3,15.1,37,72.82
7794,Medicago lupulina,10.4,17.7,33.93,64.32
7794,Medicago lupulina,9.9,17.7,35.88,62.48
248,Centrosema molle,10.9,17.1,42.45,51.74
248,Centrosema molle,10.8,17.4,42.74,51.57
15116,Medicago rugosa,8.4,14.3,20.27,63.33
15116,Medicago rugosa,8.1,14.1,21.2,54.69
15334,Melilotus suaveolens,9.4,15.2,24.95,74.4
15334,Melilotus suaveolens,9.2,15.3,29.33,63.14
16152,Medicago rigidula (L.) All.,10.6,16.7,42.52,62.49
16152,Medicago rigidula (L.) All.,10.4,16.7,41.36,64.23
16156,Medicago polymorpha,9.4,14.8,33.92,66.4
16156,Medicago polymorpha,9.5,15.3,30.37,63.32
16358,Trifolium quartinianum,8.6,14.7,31.67,57.46
16358,Trifolium quartinianum,9,14.6,35.65,50.73
8399,Trifolium mattirolianum,9.4,15.2,23.32,53.41
8399,Trifolium mattirolianum,9,15.1,38.8,34.27
6502,Medicago littoralis,10.9,14.9,38.61,56.69
6502,Medicago littoralis,11.2,14.7,37.59,57.22
7839,Lotus discolor,8.1,14.4,30.05,61.9
7839,Lotus discolor,6.6,14.4,26.35,61.08
7854,Trifolium sp.,9.9,14.3,27.52,60.43
7854,Trifolium sp.,10.4,14.8,30.66,48.62
8415,Indigofera sp.,8.3,17,41.64,68.2
8415,Indigofera sp.,7.3,16.5,40.24,74.84
8442,Indigofera sp.,6.9,21.7,46.2,69.41
8442,Indigofera sp.,6.9,16.3,36.36,69.29
9259,Trifolium sp.,10.5,15.2,32.88,55.64
9259,Trifolium sp.,11.1,15.3,33.45,47.81
21754,Lotononis angolensis,10.6,16.8,42.94,59.38
21754,Lotononis angolensis,10.9,17.2,44.28,58.66
11344,Zornia sp.,10.7,17.9,47.88,59.31
11344,Zornia sp.,10.8,18.1,42.44,65.39
16478,Medicago arabica,10.1,16.2,38.4,59.99
16478,Medicago arabica,9.4,15.8,12.79,61.09
39,Vigna oblongifolia var. parviflora,8.5,16.1,42.47,53.85
39,Vigna oblongifolia var. parviflora,9,16.2,34.46,61.39
52,Vigna oblongifolia var. parviflora,9.1,18.1,37.49,73.21
52,Vigna oblongifolia var. parviflora,9.1,17.9,39.22,71.88
5003,Pisum sativum subsp. sativum,11.5,16.6,39.89,71.01
5003,Pisum sativum subsp. sativum,11.7,16.1,44.38,64.39
5007,Pisum sativum subsp. sativum,12.2,16,39.11,69.28
5007,Pisum sativum subsp. sativum,12.1,15.6,37.23,74.99
5025,Pisum sativum,12.4,15.6,33.38,67.35
5025,Pisum sativum,12.6,15.5,37.26,58.72
5041,Pisum sativum var. arvense (L.) Poir.,9.4,15.6,39.27,59.88
5041,Pisum sativum var. arvense (L.) Poir.,9.4,15.8,40.37,58.72
6503,Macrotyloma uniflorum,8.2,15.5,34.52,70.3
6503,Macrotyloma uniflorum,8.6,15.3,38.79,64.24
7089,Phaseolus sp.,10.9,16.9,46.84,59.03
7089,Phaseolus sp.,10.9,16.8,40.25,70.13
7093,Phaseolus sp.,10.9,16.3,37.94,66.66
7093,Phaseolus sp.,11,16.5,35.31,69.42
14447,Lablab purpureus,10.2,17.9,35.21,74.69
14447,Lablab purpureus,9.8,17.7,38.92,67.85
16129,Medicago minima,11.1,17.8,21.29,56.85
16129,Medicago minima,11.7,17.6,23.15,50.88
16132,Medicago rigidula (L.) All.,10.6,18.9,29.85,61.63
16132,Medicago rigidula (L.) All.,10.3,19,30.16,62.21
24628,Chamaecrista nictitans subsp. patellaria,9.1,16.4,36.25,59.76
24628,Chamaecrista nictitans subsp. patellaria,10.6,16.5,42.11,53.22
5296,Lathyrus ochrus,12.5,19.1,47.47,54.4
5296,Lathyrus ochrus,12.6,19,54.53,50.74
10119,Trifolium tembense,13.1,16.4,35.93,66.69
10119,Trifolium tembense,12.4,15.6,11.23,62.19
15343,Melilotus officinalis,9.6,14.9,45.3,57.53
15343,Melilotus officinalis,9.2,15,54.27,48.19
15193,Melilotus albus,8.6,14.9,40.36,62.52
15193,Melilotus albus,8.4,14.9,41.09,62.57
internal control1,wheat straw,9.6,13.5,66.33,28.4
internal control1,wheat straw,11.3,13.5,66.2,29.64
internal control1,wheat straw,11.6,13.3,64.55,29.68
internal control 2,Wheat bran,10.1,15.9,50.01,68.86
internal control 2,Wheat bran,10,15.6,52.96,62.72
internal control 2,Wheat bran,10.1,15.7,52.3,64.93
ABC sample,cynodon Nlemfuensis,11.5,15.1,63.86,38.21
ABC sample,cynodon Nlemfuensis,11.7,15.2,73.73,33.54
ABC sample,cynodon Nlemfuensis,11.8,14.9,67.66,34.83
6501,Medicago scutellata,9.8,15.6,43.49,60.56
6501,Medicago scutellata,9.6,15.8,38.81,66.03
7794,Medicago lupulina,10.1,17.5,42.03,59.84
7794,Medicago lupulina,9.7,17.4,44.61,60.5
248,Centrosema molle,11.4,17.6,56.46,38.64
248,Centrosema molle,11.1,17.3,62.91,34.74
15116,Medicago rugosa,9.1,15.1,20.77,54.93
15116,Medicago rugosa,8.4,14.2,25.35,56.38
15334,Melilotus suaveolens,8.9,14.9,33.3,60.88
15334,Melilotus suaveolens,9.1,15.2,31.1,60.91
16152,Medicago rigidula (L.) All.,10.4,16.5,51.46,52.73
16152,Medicago rigidula (L.) All.,10.8,16.7,45.41,56.68
16156,Medicago polymorpha,9.1,14.7,36.77,61.53
16156,Medicago polymorpha,9.1,14.6,36.92,65.81
16358,Trifolium quartinianum,8.5,14.4,39.13,49.8
16358,Trifolium quartinianum,8.4,14.4,40.03,48.8
8399,Trifolium mattirolianum,9.3,15.4,25.91,51.06
8399,Trifolium mattirolianum,9.4,15.5,31.4,41.12
6502,Medicago littoralis,10.8,14.6,41.54,56.83
6502,Medicago littoralis,11.1,15.1,37.71,57.69
7839,Lotus discolor,6.6,13.8,29.38,59.1
7839,Lotus discolor,6.4,13.4,28.1,60.24
7854,Trifolium sp.,10.3,14.6,29.88,62.53
7854,Trifolium sp.,10.1,14.2,31.52,66.82
8415,Indigofera sp.,7.8,16.6,38.37,76.23
8415,Indigofera sp.,7.7,16.8,41.41,72.25
8442,Indigofera sp.,7.2,16.3,35.44,70.78
8442,Indigofera sp.,7.1,16.4,33.76,72.82
9259,Trifolium sp.,11.1,15.3,34.94,44.03
9259,Trifolium sp.,11,15.5,41.33,50.69
21754,Lotononis angolensis,10.6,16.9,40.02,64.85
21754,Lotononis angolensis,10.9,17,42.3,56.88
11344,Zornia sp.,10.7,18,43.15,64.4
11344,Zornia sp.,10.7,17.8,47.07,62.57
16478,Medicago arabica,9.7,15.7,37.78,61.58
16478,Medicago arabica,9.6,15.9,36.58,64.57
39,Vigna oblongifolia var. parviflora,9.5,16.3,33.84,63.3
39,Vigna oblongifolia var. parviflora,9.6,16.6,34.31,59.91
52,Vigna oblongifolia var. parviflora,9.4,18.1,44.21,65.46
52,Vigna oblongifolia var. parviflora,8.7,17.8,39.22,71.01
5003,Pisum sativum subsp. sativum,11.7,16.6,41.35,71.39
5003,Pisum sativum subsp. sativum,11.7,16.6,41.39,70.05
5007,Pisum sativum subsp. sativum,11.7,16.3,39.92,71.34
5007,Pisum sativum subsp. sativum,11.7,15.8,40.13,70.41
5025,Pisum sativum,12.4,15.7,35.07,68.98
5025,Pisum sativum,12.3,15.6,36.21,64.65
5041,Pisum sativum var. arvense (L.) Poir.,9.9,16,37.71,64.75
5041,Pisum sativum var. arvense (L.) Poir.,9.4,15.8,39.09,61.81
6503,Macrotyloma uniflorum,7.8,16,34.74,70.3
6503,Macrotyloma uniflorum,7.9,16.1,34.2,72
7089,Phaseolus sp.,10.6,16.9,41.02,71.24
7089,Phaseolus sp.,10.8,17,41.41,71.6
7093,Phaseolus sp.,10.9,16.7,40.18,66.35
7093,Phaseolus sp.,10.8,16.6,38.86,65.68
14447,Lablab purpureus,9.9,18,34.33,68.71
14447,Lablab purpureus,10.1,18,36.46,72.33
16129,Medicago minima,11.4,18.1,21.83,52.99
16129,Medicago minima,11.7,18.3,21.59,53.62
16132,Medicago rigidula (L.) All.,10.2,19.1,35.52,61.41
16132,Medicago rigidula (L.) All.,10.3,19.1,35.3,63.15
24628,Chamaecrista nictitans subsp. patellaria,8.5,16.2,34.64,61.29
24628,Chamaecrista nictitans subsp. patellaria,8.7,16.5,34,63.08
5296,Lathyrus ochrus,11.9,18.8,46.07,60.86
5296,Lathyrus ochrus,11.8,18.9,45.58,60.26
10119,Trifolium tembense,12.1,16.7,43.44,63.67
10119,Trifolium tembense,11.8,16.2,42.42,66.52
15343,Melilotus officinalis,9.1,14.9,46.42,56.93
15343,Melilotus officinalis,9,14.7,48.8,52.59
15193,Melilotus albus,7.8,14.9,36.81,70.1
15193,Melilotus albus,8.5,14.8,36.08,70.09
internal control1,wheat straw,12.8,13.4,92.05,21.46
internal control1,wheat straw,12.5,13.5,83.71,24.61
internal control1,wheat straw,12,13.2,55.63,20.58
internal control 2,Wheat bran,10.5,16,61.45,56.33
internal control 2,Wheat bran,10.5,15.9,60.14,58.58
internal control 2,Wheat bran,10.5,15.3,34.89,63.26
ABC sample,cynodon Nlemfuensis,11.8,15.1,69.82,35.32
ABC sample,cynodon Nlemfuensis,12.3,15,60.98,40.25
ABC sample,cynodon Nlemfuensis,12.3,15.1,62.33,38.95
6501,Medicago scutellata,10.4,16,44.09,62.13
6501,Medicago scutellata,9.8,15.6,39.75,68.59
7794,Medicago lupulina,11,18.3,37.11,55.64
7794,Medicago lupulina,10.2,18.3,45.15,62.73
248,Centrosema molle,11.8,18,49.68,43.27
248,Centrosema molle,11.6,17.8,48.95,43.46
15116,Medicago rugosa,9.7,15.5,19.35,64.68
15116,Medicago rugosa,8.9,14.8,22.15,56.85
15334,Melilotus suaveolens,9.9,15.7,29.18,60.4
15334,Melilotus suaveolens,10.1,15.8,31.65,60.4
16152,Medicago rigidula (L.) All.,11,17.1,53.43,47.34
16152,Medicago rigidula (L.) All.,11.4,17.5,38.16,63.69
16156,Medicago polymorpha,10.3,17.6,46.36,55.91
16156,Medicago polymorpha,9.9,15.3,43.18,55.1
16358,Trifolium quartinianum,10,15.2,44.78,43.56
16358,Trifolium quartinianum,10,14.7,49.93,38.74
8399,Trifolium mattirolianum,10.3,14.6,7.99,44.92
8399,Trifolium mattirolianum,10,15.5,32.45,47.92
6502,Medicago littoralis,11.5,15.3,42.88,51.69
6502,Medicago littoralis,11.8,14.8,37.72,63.36
7839,Lotus discolor,7.3,14.2,25.41,71.52
7839,Lotus discolor,6.9,14.2,25.7,65.94
7854,Trifolium sp.,11.3,14.9,26.28,62.68
7854,Trifolium sp.,11.5,15.2,27.28,61.19
8415,Indigofera sp.,8.4,17.2,41.55,71.48
8415,Indigofera sp.,7.4,16.9,40.61,71.44
8442,Indigofera sp.,7.3,17.1,32.27,70.09
8442,Indigofera sp.,6.9,16.6,36.17,69.23
9259,Trifolium sp.,10.9,15.7,36.06,51.96
9259,Trifolium sp.,10.3,15.7,31.64,54.54
21754,Lotononis angolensis,11.2,17.2,39.47,64.46
21754,Lotononis angolensis,10.9,17.2,41.72,65.8
11344,Zornia sp.,10.8,18.1,46.65,59.71
11344,Zornia sp.,10.7,18.1,46.87,59.28
16478,Medicago arabica,10,16.1,40.9,60.06
16478,Medicago arabica,9.7,16.3,31.7,62.81
39,Vigna oblongifolia var. parviflora,9,17.1,32.03,66.11
39,Vigna oblongifolia var. parviflora,9.1,17.1,31.41,65.5
52,Vigna oblongifolia var. parviflora,8.7,18.5,36.71,75.88
52,Vigna oblongifolia var. parviflora,9.1,18.6,36.9,74.71
5003,Pisum sativum subsp. sativum,11.9,17.2,41.26,68.53
5003,Pisum sativum subsp. sativum,11.8,16.7,47.02,64.58
5007,Pisum sativum subsp. sativum,11.1,16.4,41.76,66.51
5007,Pisum sativum subsp. sativum,11.1,15.8,36.22,75.24
5025,Pisum sativum,12.6,15.5,32.07,73.04
5025,Pisum sativum,12.4,15.7,31.77,72.65
5041,Pisum sativum var. arvense (L.) Poir.,9.8,16.5,38.64,64.45
5041,Pisum sativum var. arvense (L.) Poir.,9.5,16.6,38.43,63.04
6503,Macrotyloma uniflorum,8.3,16.9,37.27,67.35
6503,Macrotyloma uniflorum,8.3,17.1,36.69,67.73
7089,Phaseolus sp.,10.8,17.1,42.65,68.86
7089,Phaseolus sp.,10.7,17.1,48.14,61.46
7093,Phaseolus sp.,11.2,17.2,35.47,71.01
7093,Phaseolus sp.,11.1,16.9,35.01,72.48
14447,Lablab purpureus,11.3,18,46.57,60.93
14447,Lablab purpureus,10.2,18.1,41.39,64.52
16129,Medicago minima,11.5,18.2,19.06,62.51
16129,Medicago minima,11.7,18.7,17.87,66.75
16132,Medicago rigidula (L.) All.,10.4,19.9,30.68,70.1
16132,Medicago rigidula (L.) All.,10.8,20.1,33.61,65.16
24628,Chamaecrista nictitans subsp. patellaria,9.3,16.9,34.9,54.57
24628,Chamaecrista nictitans subsp. patellaria,9.4,16.9,37.96,55.84
5296,Lathyrus ochrus,12.5,18.5,28.51,78.12
5296,Lathyrus ochrus,12,18.6,36.55,72.2
10119,Trifolium tembense,12.5,16.6,53.77,53.78
10119,Trifolium tembense,12.1,16.4,52.74,53.23
15343,Melilotus officinalis,9.6,15.3,49.74,52.86
15343,Melilotus officinalis,9.4,15.2,49.81,51.99
15193,Melilotus albus,8.8,15.5,40.52,64.32
15193,Melilotus albus,8.7,15.8,42.14,62.03
internal control1,wheat straw,10.1,13.2,42.86,45.08
internal control1,wheat straw,11,13.1,41.09,46.44
internal control1,wheat straw,11.9,13.3,44.76,45.82
internal control 2,Wheat bran,11,15.9,51.6,69.37
internal control 2,Wheat bran,9.9,16,51.56,68.06
internal control 2,Wheat bran,10,15.9,49.9,69.15
ABC sample,cynodon Nlemfuensis,12.1,15,48.97,51.26
ABC sample,cynodon Nlemfuensis,11.3,14.8,41.66,58.21
ABC sample,cynodon Nlemfuensis,11.2,14.8,51.77,46.12
24309,Teramnus uncinatus subsp. axilliflorus,10.7,17.4,33.28,69.82
24309,Teramnus uncinatus subsp. axilliflorus,10.5,17.1,31.93,71.02
11343,Zornia sp.,11,17.7,28.02,61
11343,Zornia sp.,11,17.5,27.28,62.21
16246,Bouffordia dichotoma,9.9,14.8,36.25,50.36
16246,Bouffordia dichotoma,9.5,14.9,35.51,56.79
18212,Argyrolobium sp.,9.7,15.1,44.03,62.25
18212,Argyrolobium sp.,9.6,15,43.93,61.64
7803,Podlechiella vogelii subsp. fatmensis,11.9,20.3,35.86,64.95
7803,Podlechiella vogelii subsp. fatmensis,11,20.4,37.84,63.42
10107,Trifolium steudneri Schweinf.,11.4,17.8,38.01,54.34
10107,Trifolium steudneri Schweinf.,11.5,17,44.35,58.36
16159,Medicago polymorpha var. denticulata,11,16.4,26.58,62.81
16159,Medicago polymorpha var. denticulata,11,16,28.04,63.34
8091,Tephrosia sp.,8.7,13.5,29.7,66.17
8091,Tephrosia sp.,8.8,13.6,27.19,71.78
5281,Lathyrus cicera,12.7,15.3,29.97,61.01
5281,Lathyrus cicera,12.9,15.3,32.14,59.86
16108,Medicago polymorpha var. polymorpha,10.9,13.9,28.16,70.5
16108,Medicago polymorpha var. polymorpha,10.8,13.9,25.37,72.5
12528,Trifolium tembense,11.9,14.4,37.29,69.36
12528,Trifolium tembense,12.5,14.6,37.62,69.28
16118,Medicago noeana,9.8,14.6,34.77,69.69
16118,Medicago noeana,9.8,14.5,36.23,67.39
16451,Vicia sp.,11.2,14.3,30.5,75.81
16451,Vicia sp.,10.9,13.8,30.72,74.52
12146,Centrosema macrocarpum,8.9,15.8,40.25,74.27
12146,Centrosema macrocarpum,8.6,16.2,38.52,77.78
7315,Lotononis listii,9.1,14.2,38.45,50.36
7315,Lotononis listii,9,13.9,34.43,54.48
156,Neustanthus phaseoloides,10.7,18.4,41.04,57.07
156,Neustanthus phaseoloides,10.9,18.3,42.54,56.63
11545,Centrosema pascuorum,9.6,15.7,35.41,59.92
11545,Centrosema pascuorum,9.1,15.4,34.66,63.38
4762,Lotus sp.,11.7,18.7,39.04,55.58
4762,Lotus sp.,12,19,40.25,55.84
1030,Desmodium velutinum,10.4,18.6,40.18,66.95
1030,Desmodium velutinum,10.3,18.6,37.19,70.24
21896,Macroptilium atropurpureum,11.4,17.8,44.84,49.25
21896,Macroptilium atropurpureum,11.2,17.6,41.07,53.03
12182,Centrosema acutifolium,10.5,16.2,38.75,59.59
12182,Centrosema acutifolium,10.3,16.4,41.77,56.53
9264,Neustanthus phaseoloides,10.7,18.4,37.74,68.14
9264,Neustanthus phaseoloides,10.5,18.4,41.94,69.73
24234,Teramnus micans,10.1,17.3,37.31,54.37
24234,Teramnus micans,9.7,17,38.68,52.31
11443,Zornia glabra,10.7,17.2,41.51,59.74
11443,Zornia glabra,10.4,17.2,41,60.7
16266,Medicago orbicularis,9.3,17.2,39.47,73.13
16266,Medicago orbicularis,9.5,17.2,35.62,81.5
24268,Teramnus sp.,9.7,18.7,32.68,73.39
24268,Teramnus sp.,9.7,18.9,34.19,71.17
19338,Chamaecrista nictitans,1.3,2,2.21,66.74
19338,Chamaecrista nictitans,0.5,2.1,1.84,63.93
21823,Lotononis sp.,9.2,18.4,37.98,78.18
21823,Lotononis sp.,9,18.7,40.2,78.49
2074,Teramnus sp.,10,19.3,37.45,76.23
2074,Teramnus sp.,9.9,19.7,36.25,75.96
9376,Melilotus sp.,9.1,19.9,46.23,75.7
9376,Melilotus sp.,8.8,19.8,43.51,78.4
18284,Argyrolobium sp.,8.4,18.3,39.67,80.42
18284,Argyrolobium sp.,8.3,18.6,40.52,81.22
20253,Galactia sp.,10.3,20.6,36.18,74.56
20253,Galactia sp.,9.8,20.6,34.8,77.76
15398,Vicia sp.,9.5,19.4,47.74,79.96
15398,Vicia sp.,9.4,19,46.81,79.96
17611,Vicia villosa subsp. varia,9.7,20.7,42.27,80.99
17611,Vicia villosa subsp. varia,9.8,20.9,45.09,75.54
15217,Vicia sativa,9,17.3,31.85,76.26
15217,Vicia sativa,8.4,16.8,37.52,76.68
internal control1,wheat straw,9.2,13.2,43.48,42.88
internal control1,wheat straw,10.9,13.3,45.28,43.13
internal control1,wheat straw,10.9,13.4,45.97,42.81
internal control 2,Wheat bran,9.9,14.9,46.62,68.59
internal control 2,Wheat bran,9.8,15.5,47.42,69.58
internal control 2,Wheat bran,9.7,15.5,50.69,65.86
ABC sample,cynodon Nlemfuensis,10.8,15,48.84,50.28
ABC sample,cynodon Nlemfuensis,10.7,14.7,47.16,49.8
ABC sample,cynodon Nlemfuensis,11.1,14.9,48.28,48.87
24309,Teramnus uncinatus subsp. axilliflorus,10.4,17.1,34.34,67.56
24309,Teramnus uncinatus subsp. axilliflorus,10.2,17.1,33.52,66.73
11343,Zornia sp.,11.1,17.5,26.09,65.04
11343,Zornia sp.,11,17.5,29.32,60.07
16246,Bouffordia dichotoma,9.6,14.5,36.48,53.98
16246,Bouffordia dichotoma,9.1,14.3,35.46,51.41
18212,Argyrolobium sp.,9,14.5,41.07,63.23
18212,Argyrolobium sp.,9.2,14.6,43.6,59.76
7803,Podlechiella vogelii subsp. fatmensis,11.8,19.9,36.91,65.88
7803,Podlechiella vogelii subsp. fatmensis,12.1,18.4,34.92,64.61
10107,Trifolium steudneri Schweinf.,11.4,18.2,33.52,55.66
10107,Trifolium steudneri Schweinf.,10.6,17.1,37.39,64.71
16159,Medicago polymorpha var. denticulata,10.5,16.1,27.99,62
16159,Medicago polymorpha var. denticulata,10.4,15.6,28.72,61.55
8091,Tephrosia sp.,8.7,13.6,27.38,73.17
8091,Tephrosia sp.,7.7,13.2,26.06,75.48
5281,Lathyrus cicera,12.6,15.3,30.89,60.79
5281,Lathyrus cicera,12.6,15.2,31.83,60.91
16108,Medicago polymorpha var. polymorpha,9.8,13.7,28.21,68.7
16108,Medicago polymorpha var. polymorpha,9.8,13.4,28.21,69.97
12528,Trifolium tembense,11.4,14.1,34.93,77.74
12528,Trifolium tembense,11.6,14.4,35.22,75.68
16118,Medicago noeana,9.4,14.9,37.13,68.22
16118,Medicago noeana,8.7,14.3,36.07,67.42
16451,Vicia sp.,10.2,13.7,31.43,69.53
16451,Vicia sp.,10.3,13.4,31.59,68.77
12146,Centrosema macrocarpum,8.3,15.1,39.07,75.83
12146,Centrosema macrocarpum,8.3,15.2,37.83,79.07
7315,Lotononis listii,8.4,14.2,34.51,56.88
7315,Lotononis listii,8.7,13.9,31.41,60.1
156,Neustanthus phaseoloides,12.4,18.6,40.79,56.3
156,Neustanthus phaseoloides,10.7,18,42.33,56.62
11545,Centrosema pascuorum,8.8,14.9,36.19,61.79
11545,Centrosema pascuorum,8.7,15.2,35.11,61.68
4762,Lotus sp.,8.8,18.6,33.93,57.87
4762,Lotus sp.,8.5,18.9,25.77,57.38
1030,Desmodium velutinum,10.2,18.1,36.61,66.66
1030,Desmodium velutinum,10.4,17.7,32.97,66.87
21896,Macroptilium atropurpureum,10.6,17.4,38.88,54.59
21896,Macroptilium atropurpureum,11,17.2,39.49,53.09
12182,Centrosema acutifolium,9.8,16.2,39.41,58.05
12182,Centrosema acutifolium,9.8,16.3,42.17,54.53
9264,Neustanthus phaseoloides,10.1,18.2,38.19,69.11
9264,Neustanthus phaseoloides,10.6,18.1,36.34,69.91
24234,Teramnus micans,9.6,16.9,35.25,54.2
24234,Teramnus micans,9.2,16.7,36.48,51.77
11443,Zornia glabra,10.2,16.8,46.09,55.8
11443,Zornia glabra,10.2,16.9,40.66,60.98
16266,Medicago orbicularis,10.1,16.8,39.22,60.96
16266,Medicago orbicularis,10.5,16.9,44,57.95
24268,Teramnus sp.,9.3,18.7,31.28,74.85
24268,Teramnus sp.,9,18.5,33.14,71.18
19338,Chamaecrista nictitans,0.2,2.3,1.83,70.04
19338,Chamaecrista nictitans,0.3,1.5,1.18,72.38
21823,Lotononis sp.,8.3,16.9,38.37,74.65
21823,Lotononis sp.,8.4,18.3,38.25,77.92
2074,Teramnus sp.,9.1,19.3,37.6,72.19
2074,Teramnus sp.,9.2,19.2,34.69,76.53
9376,Melilotus sp.,8.7,19.3,44.4,74.09
9376,Melilotus sp.,8.6,19,43.42,76.15
18284,Argyrolobium sp.,8,17.6,39.99,78.49
18284,Argyrolobium sp.,8.1,17.5,35.51,83.79
20253,Galactia sp.,9.7,20,33.4,76.98
20253,Galactia sp.,9.8,20,33.46,78.17
15398,Vicia sp.,9.1,18.8,44.76,81.53
15398,Vicia sp.,8.8,19,44.9,79.78
17611,Vicia villosa subsp. varia,9,19.9,41.04,77.97
17611,Vicia villosa subsp. varia,9.1,20.5,41.25,80.19
15217,Vicia sativa,8.2,17.2,35.32,78.11
15217,Vicia sativa,7.9,16.6,35.02,75.2
internal control1,wheat straw,9.7,13.7,40.02,49.52
internal control1,wheat straw,10.7,13.5,43.98,47.3
internal control1,wheat straw,10.7,13.4,46.3,43.8
internal control 2,Wheat bran,9.8,15.7,48.47,69.51
internal control 2,Wheat bran,9.8,15.8,49.62,67.89
internal control 2,Wheat bran,9.8,15.5,50.97,65.85
ABC sample,cynodon Nlemfuensis,10.8,15.3,49.77,48.46
ABC sample,cynodon Nlemfuensis,10.9,15.1,49.97,47.92
ABC sample,cynodon Nlemfuensis,10.9,15,49.33,47.66
24309,Teramnus uncinatus subsp. axilliflorus,10.4,17.3,33.74,69.53
24309,Teramnus uncinatus subsp. axilliflorus,10.3,17.4,35.57,66.79
11343,Zornia sp.,10.7,17.9,30.07,59.17
11343,Zornia sp.,10.6,17.7,31.31,62.37
16246,Bouffordia dichotoma,9.2,15,35.61,55.99
16246,Bouffordia dichotoma,9,14.7,39.68,49.96
18212,Argyrolobium sp.,9.2,15.2,45.51,60.04
18212,Argyrolobium sp.,9.4,15.1,45.19,60.12
7803,Podlechiella vogelii subsp. fatmensis,11.2,20.1,45.94,68.14
7803,Podlechiella vogelii subsp. fatmensis,11.5,20.3,45.79,62.91
10107,Trifolium steudneri Schweinf.,11.1,18.1,41.45,55.99
10107,Trifolium steudneri Schweinf.,10.5,17.4,41.22,56.98
16159,Medicago polymorpha var. denticulata,10.8,16.2,30.96,58.01
16159,Medicago polymorpha var. denticulata,10.6,15.7,30.52,61.69
8091,Tephrosia sp.,8.7,14.3,29.18,70.76
8091,Tephrosia sp.,8.5,14,27.94,72.18
5281,Lathyrus cicera,12.5,15.2,32.4,59.31
5281,Lathyrus cicera,12.8,15.4,30.87,61.4
16108,Medicago polymorpha var. polymorpha,10.6,14.1,28.78,69.27
16108,Medicago polymorpha var. polymorpha,10.2,13.7,26.61,74.86
12528,Trifolium tembense,11.6,14.3,38.19,72.23
12528,Trifolium tembense,11.4,14.3,36.53,74.26
16118,Medicago noeana,9.7,14.5,35.05,69.68
16118,Medicago noeana,9.7,14.7,35.52,69.4
16451,Vicia sp.,10.9,14.1,31.36,72.82
16451,Vicia sp.,11,13.9,30.66,74.06
12146,Centrosema macrocarpum,8.9,15.8,40.19,78.22
12146,Centrosema macrocarpum,8.7,16.3,40.57,75.66
7315,Lotononis listii,8.7,14.5,38.97,49.59
7315,Lotononis listii,8.3,14.1,34.61,56.61
156,Neustanthus phaseoloides,10.4,18.1,41.44,57.87
156,Neustanthus phaseoloides,10.6,18.4,42.97,55.67
11545,Centrosema pascuorum,9.1,15.8,36.13,61.59
11545,Centrosema pascuorum,8.7,15,34.69,61.44
4762,Lotus sp.,11.1,19.1,40.3,55.44
4762,Lotus sp.,11.4,19,38.87,55.42
1030,Desmodium velutinum,10.2,18.2,37.72,69.63
1030,Desmodium velutinum,9.8,18.6,37.97,69.76
21896,Macroptilium atropurpureum,10.7,17.1,39.22,54.17
21896,Macroptilium atropurpureum,10.8,17.3,41.46,50.7
12182,Centrosema acutifolium,10.1,16.5,38.04,58.83
12182,Centrosema acutifolium,9.8,16.7,40.28,57.21
9264,Neustanthus phaseoloides,10.2,18.3,40.94,66.48
9264,Neustanthus phaseoloides,10.2,18.1,43.59,68.14
24234,Teramnus micans,9.5,17.3,34.11,59.9
24234,Teramnus micans,9.4,17.3,36.98,54.59
11443,Zornia glabra,10.4,17.3,42.26,59.84
11443,Zornia glabra,10.4,16.9,42.79,59.2
16266,Medicago orbicularis,9,17.3,35.85,82
16266,Medicago orbicularis,9.2,17.6,34.73,83.47
24268,Teramnus sp.,9.3,19,31.85,75.49
24268,Teramnus sp.,9.2,19,32.39,73.07
19338,Chamaecrista nictitans,1,2,2.14,68.69
19338,Chamaecrista nictitans,0.4,2.2,1.88,71.02
21823,Lotononis sp.,9.8,18.3,39.17,78.99
21823,Lotononis sp.,9.5,17.5,41.26,74.95
2074,Teramnus sp.,9.5,19,38.34,74.01
2074,Teramnus sp.,10.1,19.7,36.56,75.75
9376,Melilotus sp.,9.3,20,43.99,78.42
9376,Melilotus sp.,9.5,20.2,43.33,78.44
18284,Argyrolobium sp.,8.2,18.1,40.35,79.46
18284,Argyrolobium sp.,8.1,17.1,37,80.87
20253,Galactia sp.,10.3,20.3,34.84,75.48
20253,Galactia sp.,9.4,20.6,34.68,77.03
15398,Vicia sp.,9.2,19.3,47.91,80.18
15398,Vicia sp.,9.3,19.1,45.16,81.51
17611,Vicia villosa subsp. varia,9.4,20.2,41.76,79.84
17611,Vicia villosa subsp. varia,9.4,20.4,44.36,75.66
15217,Vicia sativa,8.5,17.4,43.42,69.88
15217,Vicia sativa,8.6,16.7,41.38,67.96
internal control1,wheat straw,10,13.2,43.88,46.1
internal control1,wheat straw,10.4,13.1,40.09,48.78
internal control1,wheat straw,10.4,13.1,40.92,47.55
internal control 2,Wheat bran,#VALUE!,15.7,#VALUE!,68.84
internal control 2,Wheat bran,9.6,15.7,52.03,63.74
internal control 2,Wheat bran,9.9,15.9,48.34,70.02
ABC sample,cynodon Nlemfuensis,9.8,15,50.08,47.21
ABC sample,cynodon Nlemfuensis,10.5,15.1,47.25,49.98
ABC sample,cynodon Nlemfuensis,10.6,15.1,46.92,48.68
9672,Alysicarpus quartinianus,10.8,17.1,35,70.15
9672,Alysicarpus quartinianus,8.2,16.6,34.37,71.03
13212,Rhynchosia sp.,7.5,19.2,34.74,60.86
13212,Rhynchosia sp.,9.7,19,37.68,61.52
16455,Anthyllis sp.,10.8,18.3,32.27,60.2
16455,Anthyllis sp.,10.7,18.4,36.61,64.95
10858,Desmodium incanum,8.7,17.2,33.23,68.34
10858,Desmodium incanum,8.7,17.1,30.45,66.86
16467,Melilotus sp.,8.1,16.4,37.49,74.01
16467,Melilotus sp.,8.1,15.7,44.96,62.44
8554,Lotus sp.,11.2,16.7,27.8,54.35
8554,Lotus sp.,11.9,16.8,15.66,61.85
10909,Centrosema macrocarpum,11.3,17.4,30.28,52.34
10909,Centrosema macrocarpum,13.9,18.7,33.37,50.68
12041,Stylosanthes macrocephala,9.7,17,45.13,62.58
12041,Stylosanthes macrocephala,11.3,17.2,40.87,61.53
20995,Indigofera zollingeriana,11.7,15.4,42.78,62.47
20995,Indigofera zollingeriana,11.4,15.1,50.5,54.48
18293,Medicago laciniata,9.7,21,56.06,65.41
18293,Medicago laciniata,9.5,21,57.54,62.24
12655,Vigna unguiculata,8.7,18.5,35.65,86.19
12655,Vigna unguiculata,8.6,18.8,37.75,79.88
5127,Vicia sativa subsp. sativa,9.3,20,46.67,68.57
5127,Vicia sativa subsp. sativa,9.4,19.9,45.11,72.21
4785,Desmodium dichotomum ,8.9,12,29.17,58.54
4785,Desmodium dichotomum ,8.3,11.9,28.7,58.29
5253,Vicia sativa subsp. nigra,7.9,18.2,40.27,76.92
5253,Vicia sativa subsp. nigra,7.6,18.3,38.48,78.09
5288,Lathyrus clymenum,9.9,19.8,50.05,70.76
5288,Lathyrus clymenum,9.9,20,48.85,72.39
6271,Trifolium decorum,8.2,20.3,53.44,78.31
6271,Trifolium decorum,8.1,20,56.04,72.67
7264,Grona heterocarpa,8.6,15.2,35.83,58.29
7264,Grona heterocarpa,8.2,15,34.06,61
7579,Melilotus indicus,9.8,18.9,55.26,71.04
7579,Melilotus indicus,9.8,18.9,52.53,73.4
12080,Stylosanthes capitata,9,19,50.2,64.47
12080,Stylosanthes capitata,9.1,18.8,53.71,60.63
12935,Rhynchosia sp.,8.7,15,33.37,58.34
12935,Rhynchosia sp.,9,15.1,30.09,60.94
12943,Vigna sp.,9.3,16.1,35.61,61.01
12943,Vigna sp.,9.4,16.2,33.86,65.75
14950,Vicia hirsuta,10.6,18.7,47.68,64.52
14950,Vicia hirsuta,11.1,18.8,45.71,65.06
15204,Vicia bithynica,10.6,19.1,34.85,64.99
15204,Vicia bithynica,10.6,19.3,41.84,63.29
15341,Melilotus siculus,9.1,18.3,54.05,71.8
15341,Melilotus siculus,8.8,18.4,59.26,62.86
15390,Vicia sativa subsp. nigra,11.6,18.2,46.19,68.75
15390,Vicia sativa subsp. nigra,11.9,17.8,56.5,58.25
20258,Galactia sp.,8.5,17.9,37.28,72.14
20258,Galactia sp.,8.4,17.9,43.55,64.49
21893,Macroptilium atropurpureum,10.7,18,45.82,61.35
21893,Macroptilium atropurpureum,10.5,18.1,45.27,62.84
22394,Neonotonia wightii var. longicauda,8.2,17.8,39.3,71.03
22394,Neonotonia wightii var. longicauda,7.8,17.9,38.47,74.85
24986,Vigna sp.,10.1,17.6,40.62,61.41
24986,Vigna sp.,10.2,17.7,35.83,70.89
113,Vigna luteola,9.7,18.4,38.5,82.69
113,Vigna luteola,9.7,18.3,41.65,75.85
1070,Macrotyloma axillare,8.3,18.3,52.63,58.2
1070,Macrotyloma axillare,8.4,18.3,43.48,68.5
7297,Eriosema psoraleoides,8.2,18.3,33.24,56.16
7297,Eriosema psoraleoides,8.6,18.3,40.1,48.24
8354,Tephrosia sp.,9.5,18.3,49.38,66.96
8354,Tephrosia sp.,9.3,18.3,59.02,55.14
9471,Trifolium steudneri ,8.5,18.3,56,71.58
9471,Trifolium steudneri ,8.3,18.3,57.54,71.6
10873,Bouffordia dichotoma,8.8,18.3,43.13,59.93
10873,Bouffordia dichotoma,11.9,18.3,41.34,59.09
internal control1,wheat straw,10.6,13.3,42.44,48.2
internal control1,wheat straw,11.5,13.1,41.48,48.01
internal control1,wheat straw,11.4,13.3,42.33,49.39
internal control 2,Wheat bran,10.5,15.7,40.56,69.33
internal control 2,Wheat bran,10.4,16.1,49.9,68.96
internal control 2,Wheat bran,10.3,16,51.23,67.4
ABC sample,cynodon Nlemfuensis,11,15.1,48.05,53.36
ABC sample,cynodon Nlemfuensis,12.1,15.1,47.65,53.35
ABC sample,cynodon Nlemfuensis,11.3,15.2,48.17,52.73
9672,Alysicarpus quartinianus,9.1,17,35,66.46
9672,Alysicarpus quartinianus,8.4,16.8,35.19,68.43
13212,Rhynchosia sp.,10.5,19.3,39.59,60.07
13212,Rhynchosia sp.,10.5,19.1,38.33,61.43
16455,Anthyllis sp.,11.9,19,34.53,59.03
16455,Anthyllis sp.,11.1,18.6,45.87,63.89
10858,Desmodium incanum,9.4,17.1,33.21,70.78
10858,Desmodium incanum,9.2,17,36.26,67.77
16467,Melilotus sp.,9,16.4,39.75,75.43
16467,Melilotus sp.,8.9,16.4,39.68,74.7
8554,Lotus sp.,12.3,17.7,29.09,59.1
8554,Lotus sp.,12.2,17.5,30.56,62.05
10909,Centrosema macrocarpum,12.5,18.6,34.21,54.5
10909,Centrosema macrocarpum,12.6,18.6,33.06,55.34
12041,Stylosanthes macrocephala,10.6,17.4,44.45,65.56
12041,Stylosanthes macrocephala,10.5,17.6,44.54,66.74
20995,Indigofera zollingeriana,12.1,15.9,45.38,62.92
20995,Indigofera zollingeriana,12.4,15.9,46.64,64.64
18293,Medicago laciniata,10.5,21.4,48.76,75.41
18293,Medicago laciniata,10.2,21.9,50.41,76.34
12655,Vigna unguiculata,9.6,20,37.14,87.78
12655,Vigna unguiculata,9.5,19.6,36.8,88.24
5127,Vicia sativa subsp. sativa,10.2,20.9,44.55,79.81
5127,Vicia sativa subsp. sativa,9.9,21,44.68,79.41
4785,Desmodium dichotomum ,8.8,12.8,27.78,63.55
4785,Desmodium dichotomum ,8.6,12.6,27.63,64.31
5253,Vicia sativa subsp. nigra,9,18.7,41.03,80.88
5253,Vicia sativa subsp. nigra,8.9,19.1,42.34,79.63
5288,Lathyrus clymenum,11.3,19.7,44.97,79.87
5288,Lathyrus clymenum,11,20.3,48.33,74.9
6271,Trifolium decorum,9.5,20.9,43.65,87.14
6271,Trifolium decorum,9.2,20.1,49.27,85.56
7264,Grona heterocarpa,8.4,15.2,32.97,64.79
7264,Grona heterocarpa,8.5,15.3,33.48,64.41
7579,Melilotus indicus,9.8,18.5,56.77,70.94
7579,Melilotus indicus,9.8,18.2,53.01,73.46
12080,Stylosanthes capitata,9,18.8,49.93,66.93
12080,Stylosanthes capitata,8.8,18.5,50.16,66.86
12935,Rhynchosia sp.,8.4,15.4,37.27,54.46
12935,Rhynchosia sp.,8.3,15.4,35.49,58.73
12943,Vigna sp.,9.1,16.2,30.75,72.38
12943,Vigna sp.,9.2,16.1,30.98,72.24
14950,Vicia hirsuta,10.5,18.8,46.91,65.88
14950,Vicia hirsuta,10.6,18.9,50.46,65.07
15204,Vicia bithynica,11,19.4,50.39,63.82
15204,Vicia bithynica,10.5,19.2,50.27,65.23
15341,Melilotus siculus,9.1,18.6,51.63,78.12
15341,Melilotus siculus,9,18.2,54.91,71.16
15390,Vicia sativa subsp. nigra,11.5,18.6,56.06,62.97
15390,Vicia sativa subsp. nigra,11.6,18.2,52.3,65.89
20258,Galactia sp.,8.7,17.6,35.08,77.36
20258,Galactia sp.,9,18,36.73,75.71
21893,Macroptilium atropurpureum,10.9,18.3,43.58,65.19
21893,Macroptilium atropurpureum,10.7,18.1,43,63.31
22394,Neonotonia wightii var. longicauda,8.2,17.9,33.74,78.54
22394,Neonotonia wightii var. longicauda,8.2,17.6,38.84,74.48
24986,Vigna sp.,10.3,18.1,36.82,71.61
24986,Vigna sp.,10.4,18.6,36.32,69.79
113,Vigna luteola,9.8,18.6,39.62,83.01
113,Vigna luteola,9.8,19.1,36.7,85.07
1070,Macrotyloma axillare,8.6,17.8,47.21,66.41
1070,Macrotyloma axillare,8.7,17.8,45.75,66.67
7297,Eriosema psoraleoides,7.8,14.1,29.11,53.92
7297,Eriosema psoraleoides,8.2,14,30.37,50.05
8354,Tephrosia sp.,10,19.5,49.83,70
8354,Tephrosia sp.,9.9,19.5,48.77,71.26
9471,Trifolium steudneri ,9,17,50.62,82.24
9471,Trifolium steudneri ,9.1,16.9,50.46,82.23
10873,Bouffordia dichotoma,9.7,15.9,45.75,54.4
10873,Bouffordia dichotoma,9.3,15.8,42.59,56.99
internal control1,wheat straw,9.3,13.3,38.35,46.81
internal control1,wheat straw,11.9,13.6,41.81,48.04
internal control1,wheat straw,11.9,13.5,40.86,48.85
internal control 2,Wheat bran,10.2,15.4,46.49,71.04
internal control 2,Wheat bran,10.1,15.5,47.4,70.34
internal control 2,Wheat bran,10,15.4,46.42,70.95
ABC sample,cynodon Nlemfuensis,11.6,15.2,47.44,53.62
ABC sample,cynodon Nlemfuensis,11.6,15.1,45.93,53.87
ABC sample,cynodon Nlemfuensis,11.9,14.9,45.49,55.02
9672,Alysicarpus quartinianus,8.8,16,34.51,68.08
9672,Alysicarpus quartinianus,8.3,15.9,31.95,71.95
13212,Rhynchosia sp.,9.5,17.6,36.1,61.3
13212,Rhynchosia sp.,10.2,18.5,36.34,61.92
16455,Anthyllis sp.,11.1,18.2,40.64,61.58
16455,Anthyllis sp.,10.8,17.9,42.92,65.33
10858,Desmodium incanum,8.6,16.7,33.75,69.91
10858,Desmodium incanum,8.6,16.2,35.91,71.07
16467,Melilotus sp.,8.1,15.2,37.61,76.65
16467,Melilotus sp.,8,15.1,47.61,59.98
8554,Lotus sp.,10.3,15.9,31.94,65.17
8554,Lotus sp.,11.3,16.6,30.69,68.89
10909,Centrosema macrocarpum,11.6,18,37.3,54.78
10909,Centrosema macrocarpum,11.9,18.1,35.24,54.36
12041,Stylosanthes macrocephala,10.1,17,42.82,68.24
12041,Stylosanthes macrocephala,14.4,17.5,45.76,56.17
20995,Indigofera zollingeriana,12.1,15.6,43.46,62.25
20995,Indigofera zollingeriana,11.8,15.6,55.44,51.32
18293,Medicago laciniata,10.2,20.1,54.14,67.72
18293,Medicago laciniata,9.7,20.2,53.6,68.84
12655,Vigna unguiculata,8.8,18.6,36.94,87.46
12655,Vigna unguiculata,8.8,18.6,39.99,80.2
5127,Vicia sativa subsp. sativa,9.3,19.7,44.88,74.05
5127,Vicia sativa subsp. sativa,9,19.7,46.83,71.37
4785,Desmodium dichotomum ,9.1,12.4,27.56,64.58
4785,Desmodium dichotomum ,8.9,12.2,26.76,64.86
5253,Vicia sativa subsp. nigra,7.8,17.6,40.43,79.07
5253,Vicia sativa subsp. nigra,7.7,17.6,39.51,81.6
5288,Lathyrus clymenum,10.1,19.1,46.66,77.43
5288,Lathyrus clymenum,10.1,19.2,46.95,77.47
6271,Trifolium decorum,8.3,18.3,46.27,87.03
6271,Trifolium decorum,8.3,19.6,52,83.51
7264,Grona heterocarpa,9.5,14.8,41.7,51.79
7264,Grona heterocarpa,9.4,14.7,35.5,60.13
7579,Melilotus indicus,10.2,17.3,58.67,65.46
7579,Melilotus indicus,10.1,17.6,64.54,60.4
12080,Stylosanthes capitata,9.4,18,53.59,61.3
12080,Stylosanthes capitata,9.3,17.9,47.54,67
12935,Rhynchosia sp.,9.3,14.7,30.33,68.25
12935,Rhynchosia sp.,10.1,14.1,29.84,64.02
12943,Vigna sp.,9.8,15.6,32.66,68.48
12943,Vigna sp.,9.7,15.7,31.75,71.48
14950,Vicia hirsuta,10.8,18.5,50.47,61.7
14950,Vicia hirsuta,11,18.4,52.47,58.03
15204,Vicia bithynica,10.9,18.4,50.37,63.45
15204,Vicia bithynica,10.5,18.5,57.25,55.67
15341,Melilotus siculus,9.33,17.7,54.53,72.17
15341,Melilotus siculus,9,17.8,56.03,68.7
15390,Vicia sativa subsp. nigra,11.7,17.9,51.81,63.7
15390,Vicia sativa subsp. nigra,11.8,17.8,62.15,53.92
20258,Galactia sp.,8.9,17.3,40.3,70.25
20258,Galactia sp.,8.5,17.4,43.87,64.7
21893,Macroptilium atropurpureum,10.3,17.7,43.88,65.11
21893,Macroptilium atropurpureum,10.9,17.9,45.29,63.99
22394,Neonotonia wightii var. longicauda,8.2,16.8,39.03,71.69
22394,Neonotonia wightii var. longicauda,8.4,17.1,40.22,72.68
24986,Vigna sp.,10.1,17.2,42.11,62.78
24986,Vigna sp.,10,17.1,35.1,73.67
113,Vigna luteola,9.7,18,37.5,88.87
113,Vigna luteola,9.7,18.1,39.59,83.35
1070,Macrotyloma axillare,8.2,16.9,48.17,64.47
1070,Macrotyloma axillare,8.5,17,47.89,65.05
7297,Eriosema psoraleoides,8.7,13.6,29.24,51
7297,Eriosema psoraleoides,9.2,13.2,29.34,52.14
8354,Tephrosia sp.,9.7,18.5,48.96,71.7
8354,Tephrosia sp.,9.3,18.4,53.77,64.41
9471,Trifolium steudneri ,8.6,16.4,54.09,75.22
9471,Trifolium steudneri ,8.5,16.4,55.69,74.04
10873,Bouffordia dichotoma,9.5,15.3,42.2,55.64
10873,Bouffordia dichotoma,9,15.3,41.23,58.48
internal control1,wheat straw,11.2,13.6,40.9,49.87
internal control1,wheat straw,12.5,13.4,42.43,48.52
internal control1,wheat straw,12.9,13.6,41.44,50.85
internal control 2,Wheat bran,10.6,16.2,48.15,70.48
internal control 2,Wheat bran,10.6,16.1,49.82,68.43
internal control 2,Wheat bran,10.4,16.1,50.46,67.34
ABC sample,cynodon Nlemfuensis,12.2,15.3,36.17,71.62
ABC sample,cynodon Nlemfuensis,12.2,15.5,47.55,53.91
ABC sample,cynodon Nlemfuensis,12,15.3,46.06,55.55
16128,Medicago rotata,9.9,19.1,58.05,66.27
16128,Medicago rotata,9.8,18.9,55.22,67.83
5227,Vicia sativa subsp. sativa,9.2,17.7,45.53,71.36
5227,Vicia sativa subsp. sativa,9.5,17.8,46.74,70.24
10921,Vigna parkeri,9.8,19,48.15,74.24
10921,Vigna parkeri,10.1,19.1,48.8,74.08
13319,Ornithopus compressus,8.6,15.1,42.97,79.35
13319,Ornithopus compressus,8.7,15,42.72,77.5
15350,Lotus conjugatus subsp. requienii,8.9,15.4,47.9,72.27
15350,Lotus conjugatus subsp. requienii,8.7,15.3,44,75.75
16452,Lotus edulis,7.2,16,44.64,70.08
16452,Lotus edulis,7.1,15.8,39.36,81.57
24931,Vigna parkeri,8.9,18.4,45.13,77.13
24931,Vigna parkeri,9.3,18.9,45.68,78.13
18818,Alysicarpus sp.,10.9,20.7,43.56,74.41
18818,Alysicarpus sp.,10.8,19.5,41.97,73.66
22965,Psoralea sp.,10.9,19.4,53.08,69.51
22965,Psoralea sp.,10.7,19.2,53.34,68.43
740,Macrotyloma sp.,9.6,17.5,47.4,62.16
740,Macrotyloma sp.,9.4,17.3,45.93,63.41
70,Leucaena leucocephala,8.4,14.1,29.18,63.53
70,Leucaena leucocephala,8.3,14,28.76,67.29
273,Calopogonium caeruleum,11.5,19,49.35,64.85
273,Calopogonium caeruleum,11.9,18.9,49.62,64.38
14202,Leucaena trichandra,7.6,6.4,12.24,51.92
14202,Leucaena trichandra,6.2,5.3,9.84,53.15
15166,Calliandra calothyrsus,5.8,6.2,6.98,58.01
15166,Calliandra calothyrsus,5.1,6.4,7.26,57.32
21372,Leucaena leucocephala,9.4,12.9,30.32,64.21
21372,Leucaena leucocephala,9.4,12.9,30.58,64.46
10377,Eriosema sp.,11.8,16.8,40.49,58.33
10377,Eriosema sp.,11.8,16.8,40.87,58.47
1251,Canavalia sp.,8.5,19.2,46.83,68.11
1251,Canavalia sp.,8.3,19.2,44.34,69.82
22396,Neonotonia wightii var. longicauda,9.9,19.1,48.82,62.37
22396,Neonotonia wightii var. longicauda,9.8,19.3,49.86,61.17
669,Macrotyloma sp.,11.5,21.2,47.78,63.43
669,Macrotyloma sp.,11.7,21.6,46.71,65.34
1127,Canavalia sp.,9.2,19,44.64,68.42
1127,Canavalia sp.,9.3,18.9,45.36,66.17
15211,Vicia lutea,12.2,20.3,61.71,60.05
15211,Vicia lutea,12.1,19.8,62.33,66
5309,Lathyrus cicera,12.4,18.5,48.19,62.68
5309,Lathyrus cicera,12.5,18.7,46.78,64.14
7266,Canavalia brasiliensis,9.6,18.7,46.43,69.35
7266,Canavalia brasiliensis,9.5,18.7,45.12,69.24
7271,Lupinus angstifolius,10,16.8,53.81,55.9
7271,Lupinus angstifolius,10,17.1,48.69,63.49
7272,Lupinus angstifolius,9,16.2,46.97,63.19
7272,Lupinus angstifolius,8.6,15.9,46.16,63.93
9304,Glycin max,10.5,17.4,53.05,72.06
9304,Glycin max,10.5,17.4,59.19,64.22
10057,Zonia latifolia,9.6,15.9,38.87,54.13
10057,Zonia latifolia,9.3,16.3,40.94,55.96
10852,GLycin max,10.9,18.1,50.26,76.76
10852,GLycin max,10.8,18.1,51.57,74.13
17772,Bouffordia dichotoma,10.2,15.5,41.02,53.56
17772,Bouffordia dichotoma,10.4,15.7,38.85,57.35
17829,Indigofera hirsuta,7.1,6.9,14.77,48.5
17829,Indigofera hirsuta,7,6.8,13.81,48.44
19339,Chamaecrista nictitans,7.4,14.2,30.38,67.37
19339,Chamaecrista nictitans,7.7,14.5,30.63,69.67
19339,Chamaecrista nictitans,8.1,14.6,33.24,59.89
19339,Chamaecrista nictitans,8.2,14.8,33.8,59.94
20441,Glycin latifolia,10.5,19,52.41,63.08
20441,Glycin latifolia,10.6,18.9,54.85,60.66
21101,Lespendeza,10,15.6,37.69,51.31
21101,Lespendeza,10,15.6,35.95,52.58
internal control1,wheat straw,9.7,13.7,38.86,46.17
internal control1,wheat straw,11,13.4,41.23,46.17
internal control1,wheat straw,10.9,13.5,41.3,46.6
internal control 2,Wheat bran,9.5,15.1,47.22,67.52
internal control 2,Wheat bran,9.5,15.3,49.9,65.49
internal control 2,Wheat bran,9.3,15.1,45.62,69.56
ABC sample,cynodon Nlemfuensis,10.6,14.9,48.4,49.57
ABC sample,cynodon Nlemfuensis,10.6,14.8,47.04,52.22
ABC sample,cynodon Nlemfuensis,10.6,14.9,45.46,50.85
16128,Medicago rotata,8.6,17.8,53.85,68.02
16128,Medicago rotata,8.8,17.8,53.97,67.06
5227,Vicia sativa subsp. sativa,7.8,16.9,42.98,72.16
5227,Vicia sativa subsp. sativa,7.8,16.9,45.6,68.05
10921,Vigna parkeri,10.2,17.1,42.3,71.72
10921,Vigna parkeri,8.2,17.8,45.6,74.46
13319,Ornithopus compressus,7.2,13.4,38.23,74.21
13319,Ornithopus compressus,6.9,13.2,39.93,69.35
15350,Lotus conjugatus subsp. requienii,7.2,13.4,39.48,72.37
15350,Lotus conjugatus subsp. requienii,7.1,13.7,40.39,72.12
16452,Lotus edulis,6,14.2,40.54,69.16
16452,Lotus edulis,5.8,14.1,42.9,65.44
24931,Vigna parkeri,7.4,17.6,42.5,77.61
24931,Vigna parkeri,7.3,17.3,50.71,64.92
18818,Alysicarpus sp.,9.5,18.6,42.66,71.17
18818,Alysicarpus sp.,9.5,18.6,45.43,66.88
22965,Psoralea sp.,9.5,18.1,53.52,65.68
22965,Psoralea sp.,9.7,18.3,51.87,67.79
740,Macrotyloma sp.,8.4,16.2,42.95,61.35
740,Macrotyloma sp.,8.2,16.1,49.66,51.64
70,Leucaena leucocephala,6.9,12.1,26.44,60.76
70,Leucaena leucocephala,6.7,12,30.39,54.43
273,Calopogonium caeruleum,10.5,18,58.64,51.78
273,Calopogonium caeruleum,10.3,18.2,52.29,57.24
14202,Leucaena trichandra,2.4,5.1,7.08,47.19
14202,Leucaena trichandra,4.6,4.6,7.78,49.23
15166,Calliandra calothyrsus,5.1,5.3,6.14,55.46
15166,Calliandra calothyrsus,4,5.3,5.94,54.77
21372,Leucaena leucocephala,7.8,11.2,27.04,59.81
21372,Leucaena leucocephala,7.9,11.3,27.25,59.94
10377,Eriosema sp.,10.7,15.6,39.29,55.58
10377,Eriosema sp.,10.6,15.9,38.52,59.37
1251,Canavalia sp.,7.3,17.6,41.08,70.66
1251,Canavalia sp.,7,17.6,44.43,65.04
22396,Neonotonia wightii var. longicauda,8.6,17.6,55.4,50.22
22396,Neonotonia wightii var. longicauda,8.9,17.7,42.87,64.95
669,Macrotyloma sp.,10.4,19.5,43.43,65.31
669,Macrotyloma sp.,10.8,20.1,45.07,63.54
1127,Canavalia sp.,7.8,17.6,50.49,56.53
1127,Canavalia sp.,7.7,17.5,53.78,53.92
15211,Vicia lutea,10.9,19,67.25,54.33
15211,Vicia lutea,11.5,18.2,66.4,55.49
5309,Lathyrus cicera,11.1,17.9,46.17,62.03
5309,Lathyrus cicera,11,17.7,49.01,56.71
7266,Canavalia brasiliensis,8,17.4,50.54,58.76
7266,Canavalia brasiliensis,7.9,17.5,45.65,64.4
7271,Lupinus angstifolius,8.8,15.9,47.3,58.44
7271,Lupinus angstifolius,8.9,15.7,58.5,47.6
7272,Lupinus angstifolius,7.2,14.5,45.22,59.64
7272,Lupinus angstifolius,7.2,14.5,58.05,47.18
9304,Glycin max,9.4,16.7,52.54,71.46
9304,Glycin max,9.5,16.6,52.86,69.02
10057,Zonia latifolia,7.8,14.7,37.76,54.79
10057,Zonia latifolia,7.7,14.6,40.84,50.61
10852,GLycin max,9.5,17.3,58.09,63.47
10852,GLycin max,9.5,17.2,48.09,75.17
17772,Bouffordia dichotoma,8.6,14.7,39.02,53.28
17772,Bouffordia dichotoma,8.4,14,35.81,54.67
17829,Indigofera hirsuta,6.6,7.2,13.59,46.46
17829,Indigofera hirsuta,5.4,6.5,10.78,46.87
19339,Chamaecrista nictitans,5.6,12.8,28.02,66.66
19339,Chamaecrista nictitans,5.9,13.2,30.14,62.54
19339,Chamaecrista nictitans,6.1,13.1,30.5,59.05
19339,Chamaecrista nictitans,6.5,13.1,31.77,58.18
20441,Glycin latifolia,9.3,17.9,60.83,50.8
20441,Glycin latifolia,9.4,18.1,57.55,54.54
21101,Lespendeza,9.4,13.9,28.67,56.49
21101,Lespendeza,8.5,14,31.33,54.34
internal control1,wheat straw,9.6,13.6,39.42,47.68
internal control1,wheat straw,12.1,13.6,41.76,47.91
internal control1,wheat straw,12.1,13.6,42.99,46.56
internal control 2,Wheat bran,10.2,16,48.28,69.38
internal control 2,Wheat bran,10.5,16,51.57,65.75
internal control 2,Wheat bran,10.3,15.9,51.49,65.93
ABC sample,cynodon Nlemfuensis,12,15.1,48.04,53.55
ABC sample,cynodon Nlemfuensis,11.8,14.6,45.45,53.74
ABC sample,cynodon Nlemfuensis,11.9,15.3,49.28,49.24
16128,Medicago rotata,9.8,18.5,57.71,66.17
16128,Medicago rotata,9.7,18.6,55.55,67.28
5227,Vicia sativa subsp. sativa,9.2,17.2,46.25,69.99
5227,Vicia sativa subsp. sativa,9.2,17.5,45.78,70.72
10921,Vigna parkeri,9.8,18.5,48.4,72.7
10921,Vigna parkeri,9.7,18.5,47.71,73.96
13319,Ornithopus compressus,8.8,15.5,42.64,79.15
13319,Ornithopus compressus,8.7,15.4,44.04,76.23
15350,Lotus conjugatus subsp. requienii,8.7,15.6,49.79,69.99
15350,Lotus conjugatus subsp. requienii,8.8,15.6,46.89,73.56
16452,Lotus edulis,6.9,16.2,45.49,71.78
16452,Lotus edulis,6.8,16.1,44.3,74.41
24931,Vigna parkeri,8.6,18,44.28,77.2
24931,Vigna parkeri,8.9,18.3,45.01,77.27
18818,Alysicarpus sp.,10.6,20.1,44.03,73.87
18818,Alysicarpus sp.,10.6,19.3,43.98,73.81
22965,Psoralea sp.,10.4,18.8,54.52,67.36
22965,Psoralea sp.,10.5,18.5,52.28,67.67
740,Macrotyloma sp.,9.7,17,46.47,61.3
740,Macrotyloma sp.,9.6,16.7,46.17,58.4
70,Leucaena leucocephala,8,13.6,26.32,66.98
70,Leucaena leucocephala,7.9,13.7,28.9,65.86
273,Calopogonium caeruleum,11.5,18.5,51.31,60.37
273,Calopogonium caeruleum,11.5,18.7,47.24,66.54
14202,Leucaena trichandra,7.3,5.4,10.83,51.17
14202,Leucaena trichandra,6,4.9,9.42,50.77
15166,Calliandra calothyrsus,6.1,6.1,7.15,55.86
15166,Calliandra calothyrsus,5.4,5.7,6.4,57.33
21372,Leucaena leucocephala,9.2,12.5,30.63,61.76
21372,Leucaena leucocephala,9.1,12.7,30.9,61.78
10377,Eriosema sp.,11.6,16.3,41.48,56.82
10377,Eriosema sp.,11.4,16.4,43.63,54.73
1251,Canavalia sp.,8.3,8,25.4,67.74
1251,Canavalia sp.,8.3,18.2,42.69,70.93
22396,Neonotonia wightii var. longicauda,9.6,18.6,46.98,63.8
22396,Neonotonia wightii var. longicauda,9.1,18.7,47.31,64.5
669,Macrotyloma sp.,11.3,20.7,46.56,64.24
669,Macrotyloma sp.,11.3,20.6,45.52,65.22
1127,Canavalia sp.,8.9,17.7,44.12,67.4
1127,Canavalia sp.,9.3,17.8,46.33,63.08
15211,Vicia lutea,11.6,19.5,62.25,58.87
15211,Vicia lutea,11.8,19.2,63.61,59.24
5309,Lathyrus cicera,12.1,18.1,47.66,61.82
5309,Lathyrus cicera,12.2,18.4,47.44,63.23
7266,Canavalia brasiliensis,9.2,17.5,44.11,70.16
7266,Canavalia brasiliensis,9.2,17.5,43.43,69.66
7271,Lupinus angstifolius,9.9,16.3,53.83,50.75
7271,Lupinus angstifolius,9.6,16.5,51.19,56.34
7272,Lupinus angstifolius,8.2,15.4,45.47,65.94
7272,Lupinus angstifolius,8.2,15.4,47.5,61.86
9304,Glycin max,10.3,16.8,57.37,67.51
9304,Glycin max,10.3,16.8,57.9,65.34
10057,Zonia latifolia,9.4,15.8,41.31,52.34
10057,Zonia latifolia,8.1,15.4,35.96,60.59
10852,GLycin max,10.6,17.3,50.43,74.67
10852,GLycin max,10.8,17.4,51.16,73.72
17772,Bouffordia dichotoma,10.4,15.3,37.24,56.02
17772,Bouffordia dichotoma,10.1,15.1,37.85,53.87
17829,Indigofera hirsuta,7.1,7.3,14.8,47.9
17829,Indigofera hirsuta,6.5,6.7,13.76,48.35
19339,Chamaecrista nictitans,8,14.2,29.56,66.53
19339,Chamaecrista nictitans,8.1,14.2,30.35,68.25
19339,Chamaecrista nictitans,8.4,14.2,33.94,59.52
19339,Chamaecrista nictitans,7.9,14,31.37,61.17
20441,Glycin latifolia,10.5,18.1,50.46,63.44
20441,Glycin latifolia,10.4,18.2,58.21,55.84
21101,Lespendeza,9.8,15.4,38.93,47.97
21101,Lespendeza,9.4,15.4,39.74,47.97
internal control1,wheat straw,6.4,13.6,36.58,45.35
internal control1,wheat straw,12.7,13.7,42,43.09
internal control1,wheat straw,13.1,13.7,39.63,47.46
internal control 2,Wheat bran,10.7,15.3,50.62,65.95
internal control 2,Wheat bran,10.6,15.5,51.84,63.61
internal control 2,Wheat bran,10.5,15.3,47.15,70.93
ABC sample,cynodon Nlemfuensis,12.4,15.2,48.32,50.92
ABC sample,cynodon Nlemfuensis,11.9,15.1,46.5,51.42
ABC sample,cynodon Nlemfuensis,12.1,15,46.5,52.83
24139,Teramnus labialis,9.9,17.9,46.79,68.38
24139,Teramnus labialis,9.6,18.2,43.32,74
24145,Teramnus labialis,9.8,18.2,47.67,77.31
24145,Teramnus labialis,9.6,18,46.02,78.3
248,Centrosema molle,10.6,16.6,43.86,49.9
248,Centrosema molle,10.8,16.4,43.73,51.78
9917,Leptospron adenanthum    ,10.3,15.8,37.77,74.88
9917,Leptospron adenanthum    ,10.5,16,35.3,78.42
11179,Calopogonium caeruleum    ,10.7,16.4,43.16,59.4
11179,Calopogonium caeruleum    ,11,16.4,50.29,50.83
12148,Centrosema macrocarpum    ,9.3,16.2,36.43,59.79
12148,Centrosema macrocarpum    ,9.1,16.4,38.07,59.17
12250,Grona adscendens    ,4,4,8.24,45.34
12250,Grona adscendens    ,6.6,4.6,11.48,45.33
13787,Calpurnia aurea    ,8.1,12.8,37.2,81.14
13787,Calpurnia aurea    ,7.4,12.8,40.4,72.67
14501,Gliricidia sepium,9.6,14.1,40.9,65.11
14501,Gliricidia sepium,9.3,13.9,35.68,71.53
15537,Albizia chinensis    ,9.2,16.9,41.57,40.2
15537,Albizia chinensis    ,9.7,17.5,43.78,39.01
18034,Calopogonium mucunoides    ,9.7,15.5,39.88,59.01
18034,Calopogonium mucunoides    ,9.5,15.3,41.31,53.81
18576,Acaciella angustissima var.angustissima  ,2.5,5.7,3.41,54.09
18576,Acaciella angustissima var.angustissima  ,2.5,5.7,3.64,53.14
19181,Calliandra calothyrsus,4.6,9.8,13.08,51.46
19181,Calliandra calothyrsus,6,9.3,12.27,53.09
20672,Indigofera  hirsuta,6,6.7,10.54,56.51
20672,Indigofera  hirsuta,5.3,6,9.36,56.5
20675,Indigofera  hirsuta,5,5.2,7.56,54.39
20675,Indigofera  hirsuta,4.5,5,7.32,51.68
21867,Macroptilium  atropurpureum,10.5,15.9,38.9,59.62
21867,Macroptilium  atropurpureum,11.1,16.2,46.96,48.15
21930,Macroptilium  atropurpureum,11.8,17.2,54.46,48.59
21930,Macroptilium  atropurpureum,11.7,17.1,53.21,47.7
22221,Neonotonia wightii    ,11.6,17.4,58.03,55.82
22221,Neonotonia wightii    ,11.3,17.2,51.02,63.98
22353,Neonotonia wightii    ,10.9,18,66.95,48.72
22353,Neonotonia wightii    ,10.9,18.2,52.4,65.24
23046,Neustanthus  phaseoloides,10.6,17.2,46.33,58.64
23046,Neustanthus  phaseoloides,10.9,17.6,44.84,60.01
AF3583,Medicago sativa    ,10.9,18.6,67.23,53.71
AF3583,Medicago sativa    ,11,18.8,72.77,50.17
10,Centrosema brasilianum,11.3,18.1,47.39,60.75
10,Centrosema brasilianum,11.4,17.7,44.61,62.4
103,Centrosema pubescens Benth.,10.3,17.8,37.29,62.19
103,Centrosema pubescens Benth.,10.1,17.8,39.53,61.33
174,Desmodium tortuosum,11.3,18.1,51.39,54.24
174,Desmodium tortuosum,11.4,18.3,49.68,56.07
249,Centrosema pubescens Benth.,10.7,18.1,39.5,62.9
249,Centrosema pubescens Benth.,10.8,17.8,43.67,56.76
271,Centrosema schottii,9.2,17.1,49.07,59.07
271,Centrosema schottii,9.1,17,51.05,57.09
441,Stylosanthes scabra,9.2,17.1,46.37,59.46
441,Stylosanthes scabra,9.5,17.1,44.14,64.02
757,Desmodium salicifolium,9.2,13.9,30.7,56.06
757,Desmodium salicifolium,9.3,13.8,31.12,56.57
1029,Crotalaria sp.,11.3,15.2,64.82,36.07
1029,Crotalaria sp.,11.2,15.1,45.4,48.59
1043,Teramnus repens,11.3,17.5,50.81,61.95
1043,Teramnus repens,11.2,17.8,50.44,61.79
5282,Lathyrus  cicera ,13.2,17.1,47.93,50.7
5282,Lathyrus  cicera ,13.8,16.8,44.79,50.76
5668,Medicago sativa,10.2,18.5,51.01,62.04
5668,Medicago sativa,10.2,18.9,49.84,64.08
5671,Medicago sativa,9.4,18,42.6,69.87
5671,Medicago sativa,9.1,18,49.39,60.89
6761,Neonotonia wightii,9.9,17.5,65.23,46.99
6761,Neonotonia wightii,9.8,17.1,54.17,53.92
6859,Stylosanthes viscosa,9.5,14.9,38.52,62.54
6859,Stylosanthes viscosa,9,14.2,35.8,64.02
6984,Medicago sativa,9.9,18.8,45.59,66.91
6984,Medicago sativa,9.6,19,47.54,65.73
internal control1,wheat straw,9.7,13.8,32.96,55.91
internal control1,wheat straw,12.4,13.9,42.75,47.21
internal control1,wheat straw,12.4,13.8,46.74,43.2
internal control 2,Wheat bran,10.8,16,49.28,69.38
internal control 2,Wheat bran,10.5,15.9,50.8,68.01
internal control 2,Wheat bran,10.5,15.9,51.86,65.94
ABC sample,cynodon Nlemfuensis,11.9,15.4,49.93,52.5
ABC sample,cynodon Nlemfuensis,12.4,15.5,48.81,51.79
ABC sample,cynodon Nlemfuensis,12.1,15.3,51.59,48.6
24139,Teramnus labialis,10.8,18.5,47.5,69.72
24139,Teramnus labialis,10.6,18.7,45.94,71.2
24145,Teramnus labialis,10.6,19.1,49.24,77.41
24145,Teramnus labialis,10.6,18.8,49.5,76.06
248,Centrosema molle,11.3,17.2,47.69,48.24
248,Centrosema molle,11.3,17,48.88,48.36
9917,Leptospron adenanthum    ,11,16.9,39.26,78.16
9917,Leptospron adenanthum    ,11.2,16.7,39.09,78.03
11179,Calopogonium caeruleum    ,11.1,17.2,44.53,61.36
11179,Calopogonium caeruleum    ,11.2,17.4,44.6,60.76
12148,Centrosema macrocarpum    ,10.1,17.1,42.91,57.55
12148,Centrosema macrocarpum    ,9.7,17,38.2,60.16
12250,Grona adscendens    ,7.9,5.4,13.08,48.19
12250,Grona adscendens    ,7.3,5.1,12.78,48.72
13787,Calpurnia aurea    ,8.4,14.1,43.82,76.75
13787,Calpurnia aurea    ,8.6,14.3,41.9,80.97
14501,Gliricidia sepium,10.2,15.5,40.93,70.74
14501,Gliricidia sepium,10.2,15.6,41.36,72.03
15537,Albizia chinensis    ,10.2,18.3,43.52,42.62
15537,Albizia chinensis    ,10.2,18.3,44.37,40.17
18034,Calopogonium mucunoides    ,10,16.2,42.64,57.02
18034,Calopogonium mucunoides    ,9.7,16.2,44.56,53.47
18576,Acaciella angustissima var.angustissima  ,9.8,14.6,9.81,53.01
18576,Acaciella angustissima var.angustissima  ,6.3,8.1,6.2,52.82
19181,Calliandra calothyrsus,6.6,11.8,16.9,51.98
19181,Calliandra calothyrsus,7.1,11.9,17.35,52.71
20672,Indigofera  hirsuta,6.4,6.8,12.24,56.79
20672,Indigofera  hirsuta,5.7,6.5,11.52,55.65
20675,Indigofera  hirsuta,5.5,5.5,8.11,54.05
20675,Indigofera  hirsuta,4.9,5.4,7.42,57.05
21867,Macroptilium  atropurpureum,11.2,16.8,40.22,59.26
21867,Macroptilium  atropurpureum,11,16.8,41.7,57.46
21930,Macroptilium  atropurpureum,11.9,18.1,47.52,56.32
21930,Macroptilium  atropurpureum,11.4,17.6,50.47,52.58
22221,Neonotonia wightii    ,11.4,18.1,55.86,61.11
22221,Neonotonia wightii    ,11.5,18.2,52.92,63.06
22353,Neonotonia wightii    ,11.1,18.6,52.15,66.12
22353,Neonotonia wightii    ,11,18.8,51.48,67.91
23046,Neustanthus  phaseoloides,11.2,18.2,52.17,55.87
23046,Neustanthus  phaseoloides,11.1,18.2,50.75,57.49
AF3583,Medicago sativa    ,11.5,19.6,57.23,66.32
AF3583,Medicago sativa    ,11.8,19.8,60.13,62.63
10,Centrosema brasilianum,12.1,17.9,48.7,59.96
10,Centrosema brasilianum,12.2,17.8,48.52,61.77
103,Centrosema pubescens Benth.,10.8,18.2,41.37,60.34
103,Centrosema pubescens Benth.,10.9,18.2,40.15,60.14
174,Desmodium tortuosum,12.1,18.6,50.01,56.47
174,Desmodium tortuosum,12.5,18.4,51.11,54.36
249,Centrosema pubescens Benth.,11.5,18.3,44.34,58.83
249,Centrosema pubescens Benth.,11.2,18.2,41.8,60.18
271,Centrosema schottii,10,17.5,42.72,69.62
271,Centrosema schottii,10,17.4,44.79,67.31
441,Stylosanthes scabra,10.2,17.4,47.37,59.53
441,Stylosanthes scabra,9.9,17.5,47.19,62.61
757,Desmodium salicifolium,9.8,14.9,32.79,57.65
757,Desmodium salicifolium,10,14.7,32.28,57.55
1029,Crotalaria sp.,12,15.6,51.97,44.85
1029,Crotalaria sp.,12,15.8,51.19,46.11
1043,Teramnus repens,11.7,18.8,50.89,61.99
1043,Teramnus repens,11.8,18.8,52.5,63.36
5282,Lathyrus  cicera ,14.3,17.1,49.09,48.22
5282,Lathyrus  cicera ,14.9,16.2,47.81,41.28
5668,Medicago sativa,11.6,19.5,50.43,63.36
5668,Medicago sativa,11.2,19.7,49.9,66.71
5671,Medicago sativa,10.6,19.1,43.76,72.22
5671,Medicago sativa,10.6,19.1,43.93,69.24
6761,Neonotonia wightii,10.6,18,51.99,57.65
6761,Neonotonia wightii,10.5,18.1,58.52,52.62
6859,Stylosanthes viscosa,9.9,15.5,52.12,49.55
6859,Stylosanthes viscosa,9.6,15.6,42.08,63.29
6984,Medicago sativa,10.7,19.3,54.94,60.74
6984,Medicago sativa,10.9,19.2,51.53,60.75
internal control1,wheat straw,11,13.5,40.53,48.54
internal control1,wheat straw,11.3,13.5,43.22,46.69
internal control1,wheat straw,10.8,13.4,41.82,47.45
internal control 2,Wheat bran,10,15.3,42.49,66.56
internal control 2,Wheat bran,10.1,15.6,49.42,67.13
internal control 2,Wheat bran,10,15.5,48.1,69.64
ABC sample,cynodon Nlemfuensis,11.2,15.3,52.34,49.05
ABC sample,cynodon Nlemfuensis,11.1,15,47.8,53.71
ABC sample,cynodon Nlemfuensis,11,15.1,48.34,52.43
24139,Teramnus labialis,9.7,18.4,50.15,66.07
24139,Teramnus labialis,9.6,19,44.96,72.1
24145,Teramnus labialis,9.8,18.7,49.32,75.83
24145,Teramnus labialis,9.6,18.5,48.58,76.56
248,Centrosema molle,10.7,17.4,50.22,46.02
248,Centrosema molle,10.7,17.3,48.4,48.85
9917,Leptospron adenanthum    ,10.7,16.4,36.33,80.79
9917,Leptospron adenanthum    ,10.5,16.5,38.09,78.91
11179,Calopogonium caeruleum    ,10.3,16.7,44.61,59.31
11179,Calopogonium caeruleum    ,10.5,16.6,51.35,52.05
12148,Centrosema macrocarpum    ,9.4,16.6,38.26,60.74
12148,Centrosema macrocarpum    ,9.5,16.9,37.92,60.8
12250,Grona adscendens    ,7.2,5.1,13.33,47.41
12250,Grona adscendens    ,6.8,4.8,12.8,44.28
13787,Calpurnia aurea    ,8.3,13.4,40.03,80.9
13787,Calpurnia aurea    ,8.1,13.4,44.87,71.69
14501,Gliricidia sepium,9.9,15.4,49.86,58.84
14501,Gliricidia sepium,9.7,15.2,45.32,64.31
15537,Albizia chinensis    ,9.6,17.7,46.06,38.3
15537,Albizia chinensis    ,9.6,17.9,44.59,40.34
18034,Calopogonium mucunoides    ,9.3,15.4,40.63,58.37
18034,Calopogonium mucunoides    ,9.1,15.2,39.89,55.16
18576,Acaciella angustissima var.angustissima  ,8.8,12,9.94,52.24
18576,Acaciella angustissima var.angustissima  ,5.5,8.1,6.37,52.17
19181,Calliandra calothyrsus,5.8,10.2,14.05,53.8
19181,Calliandra calothyrsus,6.3,10.6,14.81,52.43
20672,Indigofera  hirsuta,5.3,6.4,10.67,55.57
20672,Indigofera  hirsuta,5.2,6.1,9.81,55.58
20675,Indigofera  hirsuta,4.7,5.3,7.76,56.78
20675,Indigofera  hirsuta,4.4,5.2,7.73,53.61
21867,Macroptilium  atropurpureum,10.4,16.3,43.63,54.82
21867,Macroptilium  atropurpureum,10.5,16.7,46.23,52.86
21930,Macroptilium  atropurpureum,11.4,17.7,54.01,50.93
21930,Macroptilium  atropurpureum,11.2,17.9,50.44,54.19
22221,Neonotonia wightii    ,11,17.9,55.89,60.1
22221,Neonotonia wightii    ,10.9,18,55.28,62.32
22353,Neonotonia wightii    ,10.6,18.6,57.73,60.2
22353,Neonotonia wightii    ,10.7,18.6,53.05,65.02
23046,Neustanthus  phaseoloides,10.5,17.9,47.98,59.26
23046,Neustanthus  phaseoloides,10.8,18.3,47.08,59.72
AF3583,Medicago sativa    ,11.1,19.5,62.19,61.73
AF3583,Medicago sativa    ,11.1,19.3,64.29,58.87
10,Centrosema brasilianum,11.6,18,47.39,60.43
10,Centrosema brasilianum,11.8,17.8,46.2,61.41
103,Centrosema pubescens Benth.,10.2,18,38.69,62.05
103,Centrosema pubescens Benth.,10.5,18.2,39.15,61.88
174,Desmodium tortuosum,11.9,18.4,52.56,54.67
174,Desmodium tortuosum,11.6,18.3,48.26,57.7
249,Centrosema pubescens Benth.,11.2,18.5,40.55,64.61
249,Centrosema pubescens Benth.,11.2,18.1,42.37,60.27
271,Centrosema schottii,9.5,17.6,48.23,61.11
271,Centrosema schottii,9.5,17.5,51.53,57.48
441,Stylosanthes scabra,9.7,17.9,45.79,62.7
441,Stylosanthes scabra,9.7,18.3,44.26,66.22
757,Desmodium salicifolium,9.2,14.7,31.93,56.94
757,Desmodium salicifolium,10.5,14.7,33.45,55.42
1029,Crotalaria sp.,11.5,15.8,56.9,45.55
1029,Crotalaria sp.,11.4,16,49.55,50.08
1043,Teramnus repens,11.6,18.3,51.35,63.74
1043,Teramnus repens,11.1,18.4,52.45,60.67
5282,Lathyrus  cicera ,13.8,16.3,44.2,45.45
5282,Lathyrus  cicera ,14.8,16.5,45.88,47.33
5668,Medicago sativa,10.9,19.6,49.05,65.85
5668,Medicago sativa,10.7,19.4,51.93,61.7
5671,Medicago sativa,10.6,18.7,44.55,68.37
5671,Medicago sativa,9.9,18.5,48.49,62.48
6761,Neonotonia wightii,10.5,17.8,55.75,55.26
6761,Neonotonia wightii,9.9,17.9,57.06,53.46
6859,Stylosanthes viscosa,9.8,15.2,40.05,62.11
6859,Stylosanthes viscosa,9.1,15.1,39.63,62.45
6984,Medicago sativa,10.3,19.4,45.61,66.64
6984,Medicago sativa,10.4,19.6,49.25,64.6
internal control1,wheat straw,10.6,13.5,40.05,50.01
internal control1,wheat straw,11.3,13.7,43.3,46.77
internal control1,wheat straw,11.3,13.7,47.39,43.7
internal control 2,Wheat bran,10.1,16.1,48.63,70.01
internal control 2,Wheat bran,10,16.1,49.47,68.55
internal control 2,Wheat bran,10,16,50.85,66.02
ABC sample,cynodon Nlemfuensis,11.1,15.4,46.77,54.16
ABC sample,cynodon Nlemfuensis,11.1,15.4,48.43,51.64
ABC sample,cynodon Nlemfuensis,11.8,15.3,52.59,49.71
8141,Trifolium semipilosum,10.2,16.6,51.72,66.7
8141,Trifolium semipilosum,10.4,16.4,50.84,66.48
9270,Mucuna pruriens ,10.7,17.5,44.19,65.14
9270,Mucuna pruriens ,10.9,17.4,43.73,64.08
10084,Mucuna pruriens ,9.6,15.4,41.14,62.64
10084,Mucuna pruriens ,9.5,15.5,41.17,61.71
11397,Zornia latifolia,10.1,18.7,49.66,59.68
11397,Zornia latifolia,10.1,18.4,51.26,57.05
12201,Centrosema brasilianum,11,17.9,44.59,63.01
12201,Centrosema brasilianum,10.8,18.2,46.95,60.61
13776,Neonotonia wightii,9.4,18,56.99,58.99
13776,Neonotonia wightii,9.4,17.9,53.22,63.27
14539,Centrosema schottii,9.6,17.7,39.96,65.87
14539,Centrosema schottii,9.5,17.7,41.08,62.9
20434,Glycine latifolia,9.9,18,50.26,66.83
20434,Glycine latifolia,9.9,18,50.72,67.06
20436,Glycine latifolia,8.4,17.6,45.66,66.09
20436,Glycine latifolia,8.2,17,45.22,65
20440,Glycine latifolia,9.5,17.9,50.83,58.43
20440,Glycine latifolia,9.4,17.7,47.85,60.75
20670,Indigofera hirsuta,6.5,10,21.65,53.54
20670,Indigofera hirsuta,5.9,8.8,17.71,55.26
21881,Macroptilium atropurpureum,10.5,16.5,48.44,53.76
21881,Macroptilium atropurpureum,10.7,16.5,46.99,54.07
21883,Macroptilium atropurpureum,9.2,16.3,47.8,51.54
21883,Macroptilium atropurpureum,9.3,16.4,43.27,57.3
21896,Macroptilium atropurpureum,8.9,16.6,40.43,59.37
21896,Macroptilium atropurpureum,8.8,16.6,40.5,59.59
24140,Teramnus labialis,10.5,17.8,52.17,57.63
24140,Teramnus labialis,10.3,17.6,50.61,60.26
24148,Teramnus labialis,10.8,17.5,46.79,64.55
24148,Teramnus labialis,10.8,17.5,46.54,64.83
11038,Aeschynomene villosa,12,17.6,50.86,52.65
11038,Aeschynomene villosa,12.1,17.3,55.88,44.44
11039,Aeschynomene villosa,11.3,19.3,53.83,62.9
11039,Aeschynomene villosa,10.9,19,51.67,62.19
11205,Aeschynomene americana,11.9,17.4,50.28,41.53
11205,Aeschynomene americana,9.8,17.3,41.91,42.51
11786,Aeschynomene falcata,10.8,18.3,47.52,55.6
11786,Aeschynomene falcata,10.7,18.3,43.2,60.92
12140,Aeschynomene falcata,11.1,18.6,50.27,55.19
12140,Aeschynomene falcata,11,18.6,47.21,58.92
6852,Lotononis bainesii,9.3,15.7,45.76,77.59
6852,Lotononis bainesii,9.3,15.8,45.23,79.37
10000,Alysicarpus rugosus,11.7,18.1,48.93,59.38
10000,Alysicarpus rugosus,12,18.1,46.04,60.84
11459,Zornia glabra,11,19,55.45,69.95
11459,Zornia glabra,10.7,19.1,56.36,68.71
11460,Zornia latifolia,10.9,19.5,57.44,75.85
11460,Zornia latifolia,10.9,19.5,56.9,75.01
12188,Centrosema brasilianum,10.4,18.3,37.17,63.77
12188,Centrosema brasilianum,10.5,17.9,38.03,61.27
24145,Teramnus labialis,11.7,19.2,52.48,71.46
24145,Teramnus labialis,11.7,19.2,53.56,69.88
851,Calopogonium mucunoides,10,16.5,32.98,70.39
851,Calopogonium mucunoides,9.8,16.6,38.8,68.95
10865,Sesbania sesban,8.7,17,38.07,76.62
10865,Sesbania sesban,8.5,17,37.93,77.27
11174,Calopogonium caeruleum,10.4,18.5,41.83,68.7
11174,Calopogonium caeruleum,10.4,18.7,41.91,68.14
11177,Calopogonium caeruleum,10.6,18.3,43.01,68.24
11177,Calopogonium caeruleum,10.8,18.3,42.35,69.85
12118,Aeschynomene falcata,11.3,18.6,45.36,63.12
12118,Aeschynomene falcata,11.4,18.3,46.05,60.17
14371,Desmanthus covillei,8.9,13.5,29.47,63.68
14371,Desmanthus covillei,8.5,13.1,27.89,64.2
15036,Sesbania sesban,8.6,13.1,30.53,66.39
15036,Sesbania sesban,8.4,13.4,34.34,58.53
6756,Macrotyloma axillare,8,16.3,44,72.45
6756,Macrotyloma axillare,7.9,16.6,44.87,72.29
internal control1,wheat straw,10.8,13.5,41.08,47.17
internal control1,wheat straw,11.4,13.6,41.35,47.68
internal control1,wheat straw,12.6,13.8,37.39,51.88
internal control 2,Wheat bran,10.4,16.2,48.19,69.53
internal control 2,Wheat bran,10.3,16.1,48.64,68.55
internal control 2,Wheat bran,10.8,17.3,48.46,71.28
ABC sample,cynodon Nlemfuensis,11,15.3,45.7,51.92
ABC sample,cynodon Nlemfuensis,11.4,15.4,44.19,54.77
ABC sample,cynodon Nlemfuensis,11.4,15.2,47.23,51.85
8141,Trifolium semipilosum,10.2,16.6,55.63,62.57
8141,Trifolium semipilosum,10.4,16.7,53.39,65.01
9270,Mucuna pruriens ,11.2,17.3,44.74,64.02
9270,Mucuna pruriens ,10.7,17.2,42.88,65.32
10084,Mucuna pruriens ,10,15.4,40.28,62.67
10084,Mucuna pruriens ,10,15.7,40.22,62.88
11397,Zornia latifolia,10.7,18.7,48.82,59.5
11397,Zornia latifolia,10.5,18.8,46.86,61.38
12201,Centrosema brasilianum,11.3,18,47.63,59.09
12201,Centrosema brasilianum,11.3,17.9,50.99,52.42
13776,Neonotonia wightii,10,18.3,56.44,61.24
13776,Neonotonia wightii,10,18.3,51.66,63.5
14539,Centrosema schottii,10.2,18.1,42.56,61
14539,Centrosema schottii,10.3,18.3,43.79,59.57
20434,Glycine latifolia,10.7,18.4,52.83,64.11
20434,Glycine latifolia,8.7,17.5,44.24,67.11
20436,Glycine latifolia,9,17.9,45.24,66.96
20436,Glycine latifolia,8.9,17.8,47.01,63.95
20440,Glycine latifolia,10.2,18.4,51.3,57.71
20440,Glycine latifolia,10.1,18.4,49.37,60.31
20670,Indigofera hirsuta,6.8,9.8,19.49,57.89
20670,Indigofera hirsuta,6.5,9.1,17.36,56.18
21881,Macroptilium atropurpureum,10.7,16.4,47.96,52.27
21881,Macroptilium atropurpureum,10.9,17.1,54.96,48.13
21883,Macroptilium atropurpureum,10,16.8,45.43,56.06
21883,Macroptilium atropurpureum,9.9,16.7,48.29,52.52
21896,Macroptilium atropurpureum,9.9,17.3,44.75,54.01
21896,Macroptilium atropurpureum,9.5,17.1,38.29,59.54
24140,Teramnus labialis,10.9,17.8,47.85,64.23
24140,Teramnus labialis,11.1,18.2,46.17,54.86
24148,Teramnus labialis,11.5,18.2,51.63,59.16
24148,Teramnus labialis,11.7,18.1,46.97,62.7
11038,Aeschynomene villosa,12.8,17.6,57.17,44.69
11038,Aeschynomene villosa,12.4,17.9,51.99,50.94
11039,Aeschynomene villosa,12,19,49.23,67.12
11039,Aeschynomene villosa,11.9,19.4,53.8,60.5
11205,Aeschynomene americana,12.1,17.4,48.58,40.33
11205,Aeschynomene americana,12.6,17.6,43.58,47.01
11786,Aeschynomene falcata,12.7,18.4,39.96,68.29
11786,Aeschynomene falcata,11.7,18.1,49.23,64.66
12140,Aeschynomene falcata,11.5,18.3,49.4,54.78
12140,Aeschynomene falcata,11.3,18.4,48,58.06
6852,Lotononis bainesii,10.1,16.2,44.16,76.15
6852,Lotononis bainesii,10,16.8,49.05,77.18
10000,Alysicarpus rugosus,12.4,17.9,47.31,57.51
10000,Alysicarpus rugosus,12.4,17.9,46.5,58.77
11459,Zornia glabra,11.3,19.4,58.91,63.18
11459,Zornia glabra,11.3,19.2,57.86,63.23
11460,Zornia latifolia,11.3,19.8,52.21,77.88
11460,Zornia latifolia,11.8,19.6,60.39,67.82
12188,Centrosema brasilianum,11.5,18.3,41.47,56.75
12188,Centrosema brasilianum,11.3,18.5,39.91,57.88
24145,Teramnus labialis,12,19.5,50.7,73.1
24145,Teramnus labialis,12,19.5,51.54,73.45
851,Calopogonium mucunoides,9.9,17.3,41.76,67.56
851,Calopogonium mucunoides,9.9,17.2,40.25,70.13
10865,Sesbania sesban,9,17.6,37.91,76.95
10865,Sesbania sesban,8.9,17.4,36.05,76.78
11174,Calopogonium caeruleum,10.7,19.1,40.68,70.51
11174,Calopogonium caeruleum,10.8,18.9,43.24,66.26
11177,Calopogonium caeruleum,11.5,18.7,45.96,63.1
11177,Calopogonium caeruleum,11.5,18.7,40.61,71.25
12118,Aeschynomene falcata,11.9,18.4,45.59,62.86
12118,Aeschynomene falcata,12.3,18.3,47.15,58.57
14371,Desmanthus covillei,12.2,18.3,44.38,62.16
14371,Desmanthus covillei,11.7,18.1,45.9,60.18
15036,Sesbania sesban,9.4,13.6,29.82,64.96
15036,Sesbania sesban,9.2,13.6,32.71,60.74
6756,Macrotyloma axillare,8.5,16.9,44.53,72.92
6756,Macrotyloma axillare,8.4,17,44.34,73.84
internal control1,wheat straw,11.1,13.8,40.35,52.37
internal control1,wheat straw,11.3,13.9,42.71,50.81
internal control1,wheat straw,11.4,13.8,42.89,49.21
internal control 2,Wheat bran,10.3,16.5,47.67,72.95
internal control 2,Wheat bran,10.1,16.1,47.45,72.1
internal control 2,Wheat bran,10.2,16.1,48.84,69.58
ABC sample,cynodon Nlemfuensis,11.2,15.6,45.98,55.4
ABC sample,cynodon Nlemfuensis,11.8,15.5,46.74,56.85
ABC sample,cynodon Nlemfuensis,11.4,15.4,47.61,54.41
8141,Trifolium semipilosum,10.7,16.9,53.22,67.4
8141,Trifolium semipilosum,10.5,16.7,50.94,69.58
9270,Mucuna pruriens ,11.3,17.2,42.12,67.43
9270,Mucuna pruriens ,10.9,16.7,41.03,62.16
10084,Mucuna pruriens ,9.9,15.4,40.47,63.18
10084,Mucuna pruriens ,10,15.4,39.38,64.61
11397,Zornia latifolia,10.6,18.4,49.16,58.74
11397,Zornia latifolia,10.6,18.9,51.17,57.57
12201,Centrosema brasilianum,11.4,18.1,46.3,64.78
12201,Centrosema brasilianum,11.2,18.1,47.13,63.11
13776,Neonotonia wightii,9.9,18.1,56.4,60.78
13776,Neonotonia wightii,9.7,18.1,52.28,65.23
14539,Centrosema schottii,10.2,18.3,41.75,64.27
14539,Centrosema schottii,10.1,18.2,39.99,65.25
20434,Glycine latifolia,10.1,18.4,50.08,68.44
20434,Glycine latifolia,10.2,18.3,51.37,68.55
20436,Glycine latifolia,10.7,18,45.48,66.9
20436,Glycine latifolia,8.7,17.6,45.51,66.49
20440,Glycine latifolia,10,18.1,50.1,61.1
20440,Glycine latifolia,9.9,18,47.02,63.09
20670,Indigofera hirsuta,6.5,9.1,17.9,58.39
20670,Indigofera hirsuta,6.3,9.1,18.13,58.52
21881,Macroptilium atropurpureum,10.5,16.7,45.83,55.13
21881,Macroptilium atropurpureum,10.6,16.8,46.87,55.67
21883,Macroptilium atropurpureum,9.6,16.5,44.62,57.31
21883,Macroptilium atropurpureum,9.6,16.5,42.56,59.81
21896,Macroptilium atropurpureum,9.5,16.8,39.98,60.29
21896,Macroptilium atropurpureum,9.5,16.6,41.18,59.74
24140,Teramnus labialis,11.2,18.1,46.17,64.52
24140,Teramnus labialis,10.8,17.9,50.84,62.81
24148,Teramnus labialis,11.4,17.8,45.93,67.58
24148,Teramnus labialis,11.4,17.6,47.94,64.77
11038,Aeschynomene villosa,12.4,17.7,48.44,53.03
11038,Aeschynomene villosa,12.3,17.7,50.74,52.55
11039,Aeschynomene villosa,11.4,19.1,50.93,65.6
11039,Aeschynomene villosa,11.4,19.2,48.25,67.91
11205,Aeschynomene americana,12.1,17.6,46.99,43.51
11205,Aeschynomene americana,11.8,17.3,50.91,36.92
11786,Aeschynomene falcata,11.2,18.4,49.17,55.45
11786,Aeschynomene falcata,11.2,18.3,45.51,57.1
12140,Aeschynomene falcata,11.1,18.7,45.4,62.34
12140,Aeschynomene falcata,11.1,18.4,45.33,60.32
6852,Lotononis bainesii,9.5,16.6,44.26,81.28
6852,Lotononis bainesii,9.6,16.4,44.84,81.68
10000,Alysicarpus rugosus,12,18.1,45.77,61.73
10000,Alysicarpus rugosus,12.3,18.2,46.46,60.33
11459,Zornia glabra,10.9,19.5,55.23,72.39
11459,Zornia glabra,11.2,19.5,55.76,67.85
11460,Zornia latifolia,11.2,19.8,57.97,75.16
11460,Zornia latifolia,11.1,19.8,54.67,75.94
12188,Centrosema brasilianum,10.9,18.4,38.34,59.5
12188,Centrosema brasilianum,11,18.1,39.33,59.87
24145,Teramnus labialis,11.8,19.5,53.12,72.16
24145,Teramnus labialis,11.8,19.6,51.65,73.87
851,Calopogonium mucunoides,10.7,17.4,41.02,72.22
851,Calopogonium mucunoides,10.2,16.9,38.96,71.78
10865,Sesbania sesban,8.9,17.5,37.87,79.02
10865,Sesbania sesban,9.9,17.9,42.2,73.82
11174,Calopogonium caeruleum,10.9,19,41.5,68.88
11174,Calopogonium caeruleum,10.9,18.9,40.09,71.89
11177,Calopogonium caeruleum,11.1,18.7,43.32,69.34
11177,Calopogonium caeruleum,11.2,18.5,41.62,71.27
12118,Aeschynomene falcata,11.6,18.3,43.55,62.82
12118,Aeschynomene falcata,11.4,18.3,43.9,62.57
14371,Desmanthus covillei,8.9,13.5,28.08,69.63
14371,Desmanthus covillei,9.2,13.9,28.86,63.76
15036,Sesbania sesban,9,13.7,32.62,64.11
15036,Sesbania sesban,9,13.1,31.95,62.96
6756,Macrotyloma axillare,8.3,16.5,44.24,73.94
6756,Macrotyloma axillare,8.3,16.7,46.22,71.92
