,net_gas_8h_ml,net_gas_24h_ml,ch4_8h_ml,ch4_24h_ml,ch4_percentage_in_gas_8h,ch4_percentage_in_gas_24h,gas_ml_g_dm_incubated_24h,ch4_ml_g_NDF_digested_24h,methane_intensity,tddm
count,290.0,290.0,290.0,290.0,290.0,290.0,290.0,290.0,290.0,290.0
mean,17.52948275862069,46.65293103448276,2.2147241379310345,11.053793103448276,6.559793103448276,12.321103448275862,103.05862068965517,118.05906896551726,36.98168965517242,66.53513793103448
std,7.680467704547777,11.518185231766747,1.123863867575139,3.085519830013343,1.7076941571043476,2.008628831230142,25.80848856147808,93.2787992625534,8.604028925113122,11.81450982345237
min,5.3,16.71,0.15,1.83,1.08,4.24,36.08,-942.41,6.06,37.18
25%,11.872499999999999,39.0625,1.37,9.122499999999999,5.3675,11.56,85.47,87.725,33.6725,56.6475
50%,16.035,45.225,2.025,11.315000000000001,6.425,12.73,99.105,119.415,38.474999999999994,66.965
75%,21.697499999999998,54.57,2.78,13.1675,7.6875,13.5275,119.2625,143.915,42.6275,76.48
max,45.95,78.18,6.36,17.17,10.78,16.98,175.75,653.16,72.67,89.83
