id_lab,id,subset,no,requisitioner_x,tax_name,functional_group,dm_percentage,ash_dm,om_percentage,pc_percentage_dm,adf_percentage_dm,ndf_percentage_dm,n_replicates_nutrition,net_gas_8h_ml,net_gas_24h_ml,gas_ml_g_dm_incubated_24h,tddm,part_fact,ch4_percentage_in_gas_8h,ch4_percentage_in_gas_24h,ch4_ml_g_dm_incubated_24h,methane_intensity,ch4_ml_g_ndf_digested_24h,n_replicates_gas,ch4_category,tddm_category,lmf_category,lmf_category_rank,quartile,quartile_rank,trial,field,plot,rep,X,Y,lab_delivery_date,sampling_date,material,requisitioner_y,genotype,state,comercial_name,type,biomass_g,dry_biomass_g,dry_matter_pct,height_cm,leaf_number,cover_m2,yield_g_m2,yield_kgDM_ha_cut,yield_ton_ha_cut,yield_ton_ha_year,n_replicates_agronomic
F24-3582,CIAT-BR-02-1752,1.0,51.0,Breeding,Urochloa interespecific,Grasses,96.03,15.7,84.3,10.92,21.14,55.41,2.0,37.05,74.98,156.06,67.39,4.32,13.98,14.61,22.79,33.83,100.28,9.0,Low,High,Category_1a,1.0,Q1,1.0,SOC-BEF_METANO,E1S,2.0,2.0,14.0,1.0,2026-03-30 00:00:00,2026-02-17 00:00:00,Interspecific U.,in vivo,BR02_1752,Opt,Cayman,hybrid,456.99,87.49,0.21,44.5,3.0,0.61,156.98,1667.99,1.67,10.0,9
F24-3583,CIAT-BR-02-1794,1.0,53.0,Breeding,Urochloa interespecific,Grasses,97.05,15.02,84.98,9.39,21.84,55.76,2.0,38.62,76.6,157.75,63.97,4.06,13.79,14.51,22.88,35.77,116.14,9.0,Low,High,Category_1a,5.0,Q1,6.0,SOC-BEF_METANO,LLANOS,1781.0,2.0,13.0,3.0,2024-11-28 00:00:00,2026-03-12 00:00:00,Interspecific U.,Breeding,BR02_1794,,Cobra,hybrid,266.48,62.17,0.23,36.0,2.25,0.56,120.7,1207.01,1.21,7.23,6
F24-3584,CIAT-BR-06-0423,1.0,55.0,Breeding,Urochloa interespecific,Grasses,96.77,15.97,84.03,11.01,25.28,57.36,6.0,37.0,80.33,165.92,60.72,3.72,14.63,15.06,25.0,41.73,62.15,20.0,Low,High,Category_1a,14.0,Q1,13.0,SOC-BEF_METANO,E1S,3.0,3.0,15.0,9.0,2026-03-30 00:00:00,2026-04-01 00:00:00,Interspecific U.,in vivo,BR06_423,Opt,Cayman,hybrid,815.08,167.83,0.22,41.63,2.56,0.67,241.38,3588.08,3.59,21.53,12
F24-3585,CIAT-BR-09-1232,1.0,57.0,Breeding,Urochloa interespecific,Grasses,97.24,13.8,86.2,10.08,21.03,55.66,2.0,39.81,81.29,167.08,66.64,3.99,13.76,14.37,24.02,36.04,108.2,8.0,Low,High,Category_1a,3.0,Q1,2.0,SOC-BEF_METANO,M2N,13.0,1.0,1.0,13.0,2024-11-28 00:00:00,2024-11-20 00:00:00,Interspecific U.,Breeding,BR09_1232,,,hybrid,543.6,111.63,0.21,37.33,,0.54,206.83,2068.33,2.07,12.41,3
F24-3586,CIAT-BR-12-4951,1.0,59.0,Breeding,Urochloa interespecific,Grasses,95.75,15.48,84.52,11.1,23.29,56.86,2.0,35.72,75.13,156.86,65.93,4.21,14.34,15.02,23.59,35.76,103.45,9.0,Low,High,Category_1a,4.0,Q1,3.0,SOC-BEF_METANO,M2N,147.0,1.0,6.0,10.0,2024-11-28 00:00:00,2024-11-20 00:00:00,Interspecific U.,Breeding,BR12_4951,,,hybrid,495.67,108.69,0.22,32.33,,0.46,239.22,2392.19,2.39,14.35,3
F24-3587,CIAT-BR-15-0722,1.0,61.0,Breeding,Urochloa interespecific,Grasses,95.22,14.06,85.94,10.31,26.18,60.21,2.0,31.69,71.1,149.27,60.89,4.09,14.28,14.74,22.0,36.15,105.0,9.0,Low,High,Category_1a,9.0,Q1,12.0,SOC-BEF_METANO,M2N,104.0,1.0,4.0,1.0,2024-11-28 00:00:00,2024-11-20 00:00:00,Interspecific U.,Breeding,BR15_722,,,hybrid,492.33,114.25,0.23,36.0,,0.52,251.57,2515.67,2.52,15.09,3
F24-3588,CIAT-BR-15-6487,1.0,63.0,Breeding,Urochloa interespecific,Grasses,95.07,13.57,86.43,9.61,24.55,59.73,2.0,33.48,72.69,152.82,61.15,4.01,14.01,14.41,22.04,36.06,106.37,8.0,Low,High,Category_1a,8.0,Q1,11.0,SOC-BEF_METANO,M2N,331.0,2.0,13.0,19.0,2024-11-28 00:00:00,2024-11-20 00:00:00,Interspecific U.,Breeding,BR15_6487,,,hybrid,624.47,141.77,0.23,33.67,,0.62,235.56,2355.55,2.36,14.13,3
F24-3589,CIAT-BR-19-0029,1.0,65.0,Breeding,Urochloa interespecific,Grasses,96.07,14.13,85.87,10.08,23.98,58.41,2.0,36.69,76.53,159.25,62.0,3.89,13.94,14.87,23.65,38.23,117.48,8.0,Low,High,Category_1a,12.0,Q1,9.0,SOC-BEF_METANO,M2N,107.0,1.0,5.0,3.0,2024-11-28 00:00:00,2024-11-20 00:00:00,Interspecific U.,Breeding,BR19_29,,,hybrid,472.9,109.83,0.23,34.0,,0.46,252.08,2520.8,2.52,15.12,3
F24-3590,CIAT-BR-19-0423,1.0,67.0,Breeding,Urochloa interespecific,Grasses,95.35,13.9,86.1,10.11,24.49,59.22,2.0,37.69,77.71,162.91,63.48,3.9,13.93,14.41,23.48,37.16,107.12,9.0,Low,High,Category_1a,7.0,Q1,7.0,SOC-BEF_METANO,M2N,319.0,2.0,13.0,7.0,2024-11-28 00:00:00,2024-11-20 00:00:00,Interspecific U.,Breeding,BR19_423,,,hybrid,484.07,113.66,0.23,37.0,,0.45,260.4,2603.96,2.6,15.62,3
F24-3591,CIAT-CIAT-6962,1.0,69.0,Breeding,Megathyrsus maximus,Grasses,95.73,14.25,85.75,8.59,32.14,67.62,4.0,31.88,70.31,146.8,50.87,3.48,14.75,15.79,23.18,46.88,59.75,15.0,Low,Not High,Category_2,62.0,Q2,217.0,SOC-BEF_METANO,M2N,365.0,3.0,15.0,1.0,2024-11-28 00:00:00,2024-11-21 00:00:00,Megathyrsus maximus,Breeding,CIAT_6962,,Mombaza,accesion,1412.43,380.59,0.28,80.33,,0.76,534.01,5340.13,5.34,32.04,3
F24-3592,CIAT-Mulato-II,1.0,71.0,Breeding,Urochloa interespecific,Grasses,96.66,14.97,85.03,11.85,24.36,59.42,2.0,33.95,73.8,152.58,65.32,4.29,14.21,14.64,22.32,34.27,91.55,9.0,Low,High,Category_1a,2.0,Q1,4.0,SOC-BEF_METANO,E1S,3.0,2.0,11.0,13.0,2026-03-30 00:00:00,2026-02-17 00:00:00,Interspecific U.,in vivo,CIAT_36087,Temp,Mulato II,hybrid,597.73,123.5,0.22,37.86,2.5,0.96,149.01,1638.75,1.64,9.83,15
F24-3592-,CIAT-Mulato-II,5.0,,Breeding,Urochloa interespecific,Grasses,96.66,14.98,85.02,11.85,24.36,59.42,2.0,38.52,83.1,171.81,49.35,2.87,14.25,14.49,24.89,50.96,-4.0,6.0,Medium,Not High,Category_2,123.0,Q3,262.0,SOC-BEF_METANO,E1S,3.0,2.0,11.0,13.0,2026-03-30 00:00:00,2026-02-17 00:00:00,Interspecific U.,in vivo,CIAT_36087,Temp,Mulato II,hybrid,597.73,123.5,0.22,37.86,2.5,0.96,149.01,1638.75,1.64,9.83,15
F24-3593,CIAT-PM-21-0215,1.0,73.0,Breeding,Megathyrsus maximus,Grasses,96.02,15.05,84.95,9.73,29.91,65.24,2.0,32.08,68.24,142.05,54.75,3.86,14.81,16.18,22.94,41.92,115.48,9.0,Low,Not High,Category_2,22.0,Q1,102.0,SOC-BEF_METANO,M2N,68.0,1.0,3.0,16.0,2024-11-28 00:00:00,2024-11-21 00:00:00,Megathyrsus maximus,Breeding,PM21_215,,,hybrid,1172.87,294.97,0.25,69.0,,0.75,392.99,3929.89,3.93,23.58,3
F24-3594,CIAT-PM-21-0631,1.0,75.0,Breeding,Megathyrsus maximus,Grasses,96.8,13.99,86.01,9.06,28.78,62.86,2.0,38.59,75.64,156.18,57.12,3.66,14.13,15.82,24.7,43.25,125.16,9.0,Low,Not High,Category_2,28.0,Q1,49.0,SOC-BEF_METANO,M2N,9.0,1.0,1.0,9.0,2024-11-28 00:00:00,2024-11-21 00:00:00,Megathyrsus maximus,Breeding,PM21_631,,,hybrid,544.27,145.75,0.27,68.67,,0.58,249.15,2491.51,2.49,14.95,3
F24-3595,CIAT-PM-21-2195,1.0,77.0,Breeding,Megathyrsus maximus,Grasses,96.76,14.14,85.86,8.72,30.92,68.05,2.0,34.64,71.64,147.93,52.92,3.58,14.39,15.76,23.31,44.07,112.15,9.0,Low,Not High,Category_2,36.0,Q2,162.0,SOC-BEF_METANO,M2N,99.0,1.0,4.0,6.0,2024-11-28 00:00:00,2024-11-21 00:00:00,Megathyrsus maximus,Breeding,PM21_2195,,,hybrid,443.23,107.2,0.26,72.67,,0.61,202.65,2026.54,2.03,12.16,3
F24-3596,CIAT-PM-21-3522,1.0,79.0,Breeding,Megathyrsus maximus,Grasses,96.42,15.65,84.35,8.71,29.82,64.72,2.0,36.6,73.45,152.26,58.99,3.88,14.39,15.89,24.18,41.34,106.77,9.0,Low,Not High,Category_2,17.0,Q1,23.0,SOC-BEF_METANO,M2N,173.0,1.0,7.0,17.0,2024-11-28 00:00:00,2024-11-21 00:00:00,Megathyrsus maximus,Breeding,PM21_3522,,,hybrid,708.83,149.01,0.21,88.33,,0.64,253.48,2534.85,2.53,15.21,3
F24-3597,CIAT-PM-21-3534,1.0,81.0,Breeding,Megathyrsus maximus,Grasses,96.5,15.56,84.44,9.0,30.92,67.23,2.0,36.81,75.35,154.81,58.31,3.77,17.12,18.84,29.17,50.14,115.55,9.0,Medium,Not High,Category_2,107.0,Q1,30.0,SOC-BEF_METANO,M2N,97.0,1.0,4.0,8.0,2024-11-28 00:00:00,2024-11-21 00:00:00,Megathyrsus maximus,Breeding,PM21_3534,,,hybrid,1199.17,284.94,0.24,73.67,,0.85,335.79,3357.85,3.36,20.15,3
F24-3598,CIAT-PM-21-3537,1.0,83.0,Breeding,Megathyrsus maximus,Grasses,97.29,14.48,85.52,10.87,26.81,61.94,2.0,43.76,83.12,171.06,62.32,3.64,17.0,19.23,32.93,52.93,139.41,8.0,Medium,High,Category_1b,3.0,Q1,8.0,SOC-BEF_METANO,M2N,45.0,1.0,2.0,8.0,2024-11-28 00:00:00,2024-11-21 00:00:00,Megathyrsus maximus,Breeding,PM21_3537,,,hybrid,696.77,167.26,0.24,78.33,,0.52,320.17,3201.66,3.2,19.21,3
F24-3599,CIAT-PM-21-3545,1.0,85.0,Breeding,Megathyrsus maximus,Grasses,97.12,14.78,85.22,8.41,30.0,65.74,2.0,38.09,75.85,156.09,58.21,3.73,16.87,18.98,29.64,51.18,141.19,7.0,Medium,Not High,Category_2,130.0,Q1,32.0,SOC-BEF_METANO,M2N,57.0,1.0,3.0,5.0,2024-11-28 00:00:00,2024-11-21 00:00:00,Megathyrsus maximus,Breeding,PM21_3545,,,hybrid,833.9,204.87,0.25,79.33,,0.76,267.99,2679.88,2.68,16.08,3
F24-3600,CIAT-PM-21-3670,1.0,87.0,Breeding,Megathyrsus maximus,Grasses,97.13,14.6,85.4,8.83,29.26,64.38,2.0,35.02,71.89,150.95,58.76,3.91,16.51,18.79,28.29,48.38,128.75,8.0,Medium,Not High,Category_2,82.0,Q1,26.0,SOC-BEF_METANO,M2N,60.0,1.0,3.0,8.0,2024-11-28 00:00:00,2024-11-21 00:00:00,Megathyrsus maximus,Breeding,PM21_3670,,,hybrid,616.67,149.96,0.25,78.33,,0.58,280.5,2804.95,2.81,16.83,3
F24-3601,CIAT-PM-21-6628,1.0,89.0,Breeding,Megathyrsus maximus,Grasses,95.22,14.1,85.9,9.98,29.83,64.96,2.0,36.86,73.29,155.16,60.12,3.95,17.23,19.34,29.91,49.84,119.98,9.0,Medium,High,Category_1b,2.0,Q1,18.0,SOC-BEF_METANO,M2N,36.0,1.0,2.0,17.0,2024-11-28 00:00:00,2024-11-21 00:00:00,Megathyrsus maximus,Breeding,PM21_6628,,,hybrid,588.63,142.05,0.25,85.0,,0.57,221.95,2219.5,2.22,13.32,3
F24-3602,CIAT-BH-08-1149,1.0,91.0,Breeding,Urochloa humidicola,Grasses,94.43,13.32,86.68,7.53,28.61,68.73,2.0,37.6,80.76,171.54,58.29,3.41,16.71,18.65,32.05,55.06,119.09,9.0,Medium,Not High,Category_2,221.0,Q1,31.0,SOC-BEF_METANO,M2N,96.0,1.0,4.0,9.0,2024-12-02 00:00:00,2024-11-26 00:00:00,Urochloa humidicola,Breeding,BH08_1149,,,hybrid,151.8,50.41,0.33,15.67,,1.04,48.09,480.88,0.48,2.89,3
F24-3603,CIAT-BH-16-0550,1.0,93.0,Breeding,Urochloa humidicola,Grasses,94.11,11.52,88.48,6.43,30.15,69.16,2.0,38.92,85.33,179.21,56.56,3.16,16.28,18.26,32.77,58.06,128.43,9.0,High,Not High,Category_4,6.0,Q1,57.0,SOC-BEF_METANO,M2N,198.0,2.0,8.0,11.0,2024-12-02 00:00:00,2024-11-26 00:00:00,Urochloa humidicola,Breeding,BH16_550,,,hybrid,336.13,108.2,0.32,20.83,,1.6,67.07,670.67,0.67,4.02,3
F24-3604,CIAT-BH-16-0562,1.0,95.0,Breeding,Urochloa humidicola,Grasses,95.17,11.17,88.83,5.94,30.47,69.59,2.0,40.82,86.64,180.76,56.42,3.13,15.85,18.02,32.61,57.88,125.98,8.0,Medium,Not High,Category_2,281.0,Q1,61.0,SOC-BEF_METANO,M2N,510.0,3.0,20.0,11.0,2024-12-02 00:00:00,2024-11-26 00:00:00,Urochloa humidicola,Breeding,BH16_562,,,hybrid,407.3,127.54,0.31,19.33,,1.58,80.68,806.82,0.81,4.84,3
F24-3605,CIAT-BH-16-3249,1.0,97.0,Breeding,Urochloa humidicola,Grasses,95.82,12.04,87.96,6.65,28.86,69.65,2.0,39.61,86.22,178.91,59.07,3.31,16.17,18.16,32.52,55.41,115.99,9.0,Medium,Not High,Category_2,225.0,Q1,22.0,SOC-BEF_METANO,M2N,544.0,3.0,21.0,24.0,2024-12-02 00:00:00,2024-11-26 00:00:00,Urochloa humidicola,Breeding,BH16_3249,,,hybrid,349.73,107.58,0.31,21.5,,1.17,92.5,924.97,0.93,5.55,3
F24-3606,CIAT-BH-16-B-0733,1.0,99.0,Breeding,Urochloa humidicola,Grasses,96.31,12.64,87.36,8.1,29.36,68.83,2.0,38.14,82.14,169.84,57.87,3.41,16.61,18.55,31.53,54.65,119.57,9.0,Medium,Not High,Category_2,210.0,Q1,40.0,SOC-BEF_METANO,M2N,515.0,3.0,20.0,6.0,2024-12-02 00:00:00,2024-11-26 00:00:00,Urochloa humidicola,Breeding,BH16B_733,,,hybrid,339.33,101.93,0.31,20.33,,1.37,71.07,710.66,0.71,4.26,3
F24-3607,CIAT-BH-16-B-0741,1.0,101.0,Breeding,Urochloa humidicola,Grasses,96.67,14.23,85.77,7.5,28.14,65.68,2.0,37.84,81.5,168.39,58.82,3.51,16.41,18.67,31.47,53.66,130.36,9.0,Medium,Not High,Category_2,188.0,Q1,25.0,SOC-BEF_METANO,M2N,479.0,3.0,19.0,11.0,2024-12-02 00:00:00,2024-11-26 00:00:00,Urochloa humidicola,Breeding,BH16B_741,,,hybrid,184.13,57.71,0.31,20.17,,1.22,46.31,463.1,0.46,2.78,3
F24-3608,CIAT-BH-16-B-1194,1.0,103.0,Breeding,Urochloa humidicola,Grasses,96.74,11.91,88.09,5.47,29.54,67.77,2.0,39.76,87.64,180.29,57.89,3.23,15.93,17.98,32.39,56.09,127.72,9.0,Medium,Not High,Category_2,239.0,Q1,39.0,SOC-BEF_METANO,M2N,265.0,2.0,11.0,5.0,2024-12-02 00:00:00,2024-11-26 00:00:00,Urochloa humidicola,Breeding,BH16B_1194,,,hybrid,468.5,146.57,0.31,23.67,,1.28,112.77,1127.75,1.13,6.77,3
F24-3609,CIAT-BH-16-B-1618,1.0,105.0,Breeding,Urochloa humidicola,Grasses,97.16,13.98,86.02,8.13,28.05,66.39,2.0,35.19,77.07,158.9,55.96,3.54,16.37,17.53,27.82,49.87,126.29,9.0,Medium,Not High,Category_2,103.0,Q1,73.0,SOC-BEF_METANO,M2N,127.0,1.0,5.0,23.0,2024-12-02 00:00:00,2024-11-26 00:00:00,Urochloa humidicola,Breeding,BH16B_1618,,,hybrid,227.97,71.85,0.31,17.83,,1.3,54.53,545.31,0.55,3.27,3
F24-3610,CIAT-BH-16-B-1707,1.0,107.0,Breeding,Urochloa humidicola,Grasses,96.95,10.52,89.48,5.97,26.74,68.59,2.0,40.01,89.41,184.66,56.99,3.11,15.83,17.95,33.26,58.33,130.17,9.0,High,Not High,Category_4,3.0,Q1,50.0,SOC-BEF_METANO,M2N,90.0,1.0,4.0,15.0,2024-12-02 00:00:00,2024-11-26 00:00:00,Urochloa humidicola,Breeding,BH16B_1707,,,hybrid,447.77,145.76,0.32,26.0,,1.41,104.21,1042.08,1.04,6.25,3
F24-3611,CIAT-CIAT-16888,1.0,109.0,Breeding,Urochloa humidicola,Grasses,96.78,11.69,88.31,6.11,30.81,70.0,2.0,40.65,84.1,181.95,53.26,2.94,16.38,18.25,33.24,62.67,145.13,9.0,High,Not High,Category_4,43.0,Q2,146.0,SOC-BEF_METANO,M2N,401.0,3.0,16.0,16.0,2024-12-02 00:00:00,2024-11-26 00:00:00,Urochloa humidicola,Breeding,CIAT_16888,,,accesion,304.67,96.43,0.32,21.0,,1.32,74.28,742.81,0.74,4.46,3
F25-0990,CIAT-PM-21-0053,1.0,261.0,Breeding,Megathyrsus maximus,Grasses,95.8,11.41,88.59,14.92,32.66,67.93,2.0,34.66,72.78,151.89,51.43,3.39,14.63,16.41,24.93,49.04,141.09,9.0,Medium,Not High,Category_2,91.0,Q2,206.0,FM2410,O4E,519.0,3.0,2.0,84.0,2025-02-28 00:00:00,2025-02-03 00:00:00,Megathyrsus maximus,Breeding,PM21_53,,,hybrid,443.4,103.87,0.24,56.33,,1.49,72.92,729.16,0.73,4.37,3
F25-0991,CIAT-PM-21-3550,1.0,263.0,Breeding,Megathyrsus maximus,Grasses,96.68,14.27,85.73,14.64,30.14,69.18,2.0,32.84,66.14,136.77,45.11,3.3,14.62,16.61,22.72,50.76,172.84,9.0,Medium,Not High,Category_2,115.0,Q4,357.0,FM2410,O4E,520.0,3.0,1.0,84.0,2025-02-28 00:00:00,2025-02-03 00:00:00,Megathyrsus maximus,Breeding,PM21_3550,,,hybrid,199.83,50.5,0.26,60.33,,0.87,76.99,769.87,0.77,4.62,3
F25-0992,CIAT-PM-21-3595,1.0,265.0,Breeding,Megathyrsus maximus,Grasses,95.88,16.61,83.39,14.26,30.86,68.73,2.0,31.96,67.27,140.27,45.29,3.23,14.84,16.26,22.8,50.57,170.26,9.0,Medium,Not High,Category_2,113.0,Q4,356.0,FM2410,O4E,505.0,3.0,5.0,81.0,2025-02-28 00:00:00,2025-02-03 00:00:00,Megathyrsus maximus,Breeding,PM21_3595,,,hybrid,547.03,123.23,0.23,78.67,,1.58,83.56,835.6,0.84,5.01,3
F25-0993,CIAT-PM-21-0086,1.0,267.0,Breeding,Megathyrsus maximus,Grasses,97.47,15.36,84.64,14.81,31.02,67.38,2.0,34.86,69.24,141.97,45.62,3.21,14.82,16.59,23.55,51.77,189.58,9.0,Medium,Not High,Category_2,147.0,Q4,351.0,FM2410,O4E,504.0,3.0,4.0,81.0,2025-02-28 00:00:00,2025-02-03 00:00:00,Megathyrsus maximus,Breeding,PM21_86,,,hybrid,484.33,112.0,0.23,64.0,,1.15,101.35,1013.47,1.01,6.08,3
F25-0994,CIAT-CIAT-16048,1.0,269.0,Breeding,Megathyrsus maximus,Grasses,97.56,15.28,84.72,17.34,32.0,67.1,2.0,35.25,69.05,141.48,48.5,3.43,15.24,16.67,23.58,48.72,155.1,8.0,Medium,Not High,Category_2,86.0,Q3,290.0,FM2410,O4E,227.0,1.0,4.0,26.0,2025-02-28 00:00:00,2025-02-03 00:00:00,Megathyrsus maximus,Breeding,CIAT_16048,,,accesion,369.7,85.7,0.24,50.67,,1.43,63.13,631.29,0.63,3.79,3
F25-0995,CIAT-PM-21-0185,1.0,271.0,Breeding,Megathyrsus maximus,Grasses,96.49,13.88,86.12,16.73,27.9,66.83,2.0,34.76,69.19,143.33,46.89,3.29,14.37,16.5,23.63,50.84,195.92,9.0,Medium,Not High,Category_2,119.0,Q3,330.0,FM2410,O4E,190.0,1.0,1.0,18.0,2025-02-28 00:00:00,2025-02-03 00:00:00,Megathyrsus maximus,Breeding,PM21_185,,,hybrid,423.87,101.83,0.24,71.67,,1.06,95.73,957.35,0.96,5.74,3
F25-0996,CIAT-PM-21-0215,1.0,273.0,Breeding,Megathyrsus maximus,Grasses,95.59,13.71,86.29,15.16,30.25,67.23,2.0,33.73,71.21,148.92,47.29,3.18,14.64,16.56,24.66,52.38,178.23,9.0,Medium,Not High,Category_2,157.0,Q3,319.0,SOC-BEF_METANO,M2N,68.0,1.0,3.0,16.0,2024-11-28 00:00:00,2024-11-21 00:00:00,Megathyrsus maximus,Breeding,PM21_215,,,hybrid,1172.87,294.97,0.25,69.0,,0.75,392.99,3929.89,3.93,23.58,3
F25-0997,CIAT-CIAT-16051,1.0,275.0,Breeding,Megathyrsus maximus,Grasses,96.15,13.98,86.02,14.91,31.61,68.22,2.0,35.25,69.49,144.4,45.79,3.17,14.93,16.89,24.38,53.87,212.21,9.0,Medium,Not High,Category_2,194.0,Q4,350.0,FM2410,O4E,290.0,2.0,1.0,38.0,2025-02-28 00:00:00,2025-02-03 00:00:00,Megathyrsus maximus,Breeding,CIAT_16051,,,accesion,416.3,111.47,0.27,55.67,,1.55,72.04,720.36,0.72,4.32,3
F25-0998,CIAT-PM-21-6080,1.0,277.0,Breeding,Megathyrsus maximus,Grasses,96.35,15.44,84.56,18.29,31.99,67.47,2.0,32.2,64.81,134.46,45.89,3.47,15.08,16.84,22.64,50.46,-490.27,9.0,Medium,Not High,Category_2,112.0,Q3,348.0,FM2410,O4E,232.0,1.0,2.0,27.0,2025-02-28 00:00:00,2025-02-03 00:00:00,Megathyrsus maximus,Breeding,PM21_6080,,,hybrid,228.03,56.33,0.25,58.33,,0.86,68.51,685.07,0.68,4.11,3
F25-0999,CIAT-PM-21-3684,1.0,279.0,Breeding,Megathyrsus maximus,Grasses,97.38,13.46,86.54,14.78,30.39,70.03,2.0,37.37,75.09,154.08,53.76,3.48,14.59,16.22,24.99,47.31,115.73,9.0,Medium,Not High,Category_2,66.0,Q2,127.0,FM2410,O4E,281.0,2.0,1.0,37.0,2025-02-28 00:00:00,2025-02-03 00:00:00,Megathyrsus maximus,Breeding,PM21_3684,,,hybrid,333.97,79.07,0.24,63.33,,1.46,54.47,544.7,0.54,3.27,3
F25-1000,CIAT-PM-21-0076,1.0,281.0,Breeding,Megathyrsus maximus,Grasses,94.91,15.42,84.58,16.15,32.19,67.6,2.0,35.2,71.8,151.21,47.61,3.16,14.89,16.81,25.42,56.0,81.03,9.0,Medium,Not High,Category_2,237.0,Q3,316.0,FM2410,O4E,142.0,1.0,2.0,9.0,2025-02-28 00:00:00,2025-02-03 00:00:00,Megathyrsus maximus,Breeding,PM21_76,,,hybrid,556.3,126.87,0.23,62.33,,1.51,85.06,850.6,0.85,5.1,3
F25-1001,CIAT-CIAT-6890,1.0,283.0,Breeding,Megathyrsus maximus,Grasses,96.17,12.32,87.68,15.87,34.27,71.39,2.0,34.66,73.91,153.66,52.75,3.43,14.33,16.21,24.91,47.38,104.95,9.0,Medium,Not High,Category_2,67.0,Q2,168.0,FM2410,O4E,122.0,1.0,2.0,5.0,2025-02-28 00:00:00,2025-02-03 00:00:00,Megathyrsus maximus,Breeding,CIAT_6890,,,accesion,193.8,48.6,0.25,70.0,,0.57,86.31,863.11,0.86,5.18,3
F25-1002,CIAT-PM-21-6638,1.0,285.0,Breeding,Megathyrsus maximus,Grasses,95.67,16.65,83.35,14.24,34.54,67.34,2.0,33.58,67.81,141.66,49.71,3.51,14.13,15.91,22.53,45.83,152.59,9.0,Low,Not High,Category_2,50.0,Q3,249.0,FM2410,O4E,211.0,1.0,1.0,23.0,2025-02-28 00:00:00,2025-02-05 00:00:00,Megathyrsus maximus,Breeding,PM21_6638,,,hybrid,387.97,87.37,0.23,63.33,,1.18,75.74,757.43,0.76,4.54,3
F25-1003,CIAT-PM-21-0052,1.0,287.0,Breeding,Megathyrsus maximus,Grasses,95.44,14.13,85.87,15.41,31.81,65.13,2.0,33.83,70.08,146.81,50.41,3.43,14.21,16.2,23.78,47.43,164.15,9.0,Medium,Not High,Category_2,70.0,Q2,231.0,FM2410,O4E,422.0,3.0,2.0,65.0,2025-02-28 00:00:00,2025-02-05 00:00:00,Megathyrsus maximus,Breeding,PM21_52,,,hybrid,624.13,140.87,0.23,70.33,,1.64,87.63,876.29,0.88,5.26,3
F25-1004,CIAT-PM-21-4449,1.0,289.0,Breeding,Megathyrsus maximus,Grasses,96.14,12.8,87.2,14.54,32.67,70.18,2.0,29.7,65.7,136.64,42.72,3.13,14.56,16.39,22.39,52.89,199.67,9.0,Medium,Not High,Category_2,169.0,Q4,379.0,FM2410,O4E,182.0,1.0,2.0,17.0,2025-02-28 00:00:00,2025-02-05 00:00:00,Megathyrsus maximus,Breeding,PM21_4449,,,hybrid,454.27,122.37,0.27,71.67,,1.38,92.08,920.76,0.92,5.52,3
F25-1005,CIAT-CIAT-6799,1.0,291.0,Breeding,Megathyrsus maximus,Grasses,96.01,12.66,87.34,13.54,33.7,71.55,2.0,26.99,64.22,133.68,42.1,3.15,14.92,16.22,21.69,51.97,175.55,9.0,Medium,Not High,Category_2,149.0,Q4,386.0,FM2410,O4E,459.0,3.0,2.0,72.0,2025-02-28 00:00:00,2025-02-05 00:00:00,Megathyrsus maximus,Breeding,CIAT_6799,,,accesion,402.57,110.63,0.27,71.33,,1.08,110.12,1101.23,1.1,6.61,3
F25-1006,CIAT-PM-21-0055,1.0,293.0,Breeding,Megathyrsus maximus,Grasses,96.3,13.33,86.67,16.48,31.62,65.68,2.0,32.6,67.57,140.3,46.4,3.32,14.16,16.3,22.86,49.43,197.07,9.0,Medium,Not High,Category_2,96.0,Q3,339.0,FM2410,O4E,451.0,3.0,1.0,71.0,2025-02-28 00:00:00,2025-02-05 00:00:00,Megathyrsus maximus,Breeding,PM21_55,,,hybrid,418.4,98.03,0.23,62.0,,1.37,70.74,707.41,0.71,4.24,3
F25-1007,CIAT-PM-21-6529,1.0,295.0,Breeding,Megathyrsus maximus,Grasses,96.56,14.92,85.08,12.68,30.15,68.18,2.0,30.63,65.85,136.31,46.81,3.44,14.17,15.99,21.82,46.72,165.2,9.0,Low,Not High,Category_2,58.0,Q3,331.0,FM2410,O4E,484.0,3.0,4.0,77.0,2025-02-28 00:00:00,2025-02-05 00:00:00,Megathyrsus maximus,Breeding,PM21_6529,,,hybrid,361.27,84.33,0.23,65.0,,1.49,65.72,657.18,0.66,3.94,3
F25-1008,CIAT-PM-21-0047,1.0,297.0,Breeding,Megathyrsus maximus,Grasses,96.13,14.93,85.07,14.15,32.29,65.85,2.0,35.11,72.44,150.62,48.46,3.2,14.43,16.14,24.31,50.93,-90.3,9.0,Medium,Not High,Category_2,122.0,Q3,293.0,FM2410,O4E,475.0,3.0,5.0,75.0,2025-02-28 00:00:00,2025-02-05 00:00:00,Megathyrsus maximus,Breeding,PM21_47,,,hybrid,791.7,172.43,0.22,65.33,,1.73,103.69,1036.9,1.04,6.22,3
F25-1009,CIAT-PM-21-2195,1.0,299.0,Breeding,Megathyrsus maximus,Grasses,97.0,14.0,86.0,15.49,30.71,67.21,2.0,34.17,71.35,147.06,47.86,3.25,14.26,15.93,23.44,49.68,233.06,9.0,Medium,Not High,Category_2,100.0,Q3,308.0,SOC-BEF_METANO,M2N,99.0,1.0,4.0,6.0,2024-11-28 00:00:00,2024-11-21 00:00:00,Megathyrsus maximus,Breeding,PM21_2195,,,hybrid,443.23,107.2,0.26,72.67,,0.61,202.65,2026.54,2.03,12.16,3
F25-1010,CIAT-PM-21-2627,1.0,301.0,Breeding,Megathyrsus maximus,Grasses,97.37,14.9,85.1,17.29,33.54,65.79,2.0,29.84,64.13,131.64,47.9,3.65,14.24,15.97,21.03,43.9,154.9,9.0,Low,Not High,Category_2,33.0,Q3,306.0,FM2410,O4E,468.0,3.0,3.0,74.0,2025-02-28 00:00:00,2025-02-05 00:00:00,Megathyrsus maximus,Breeding,PM21_2627,,,hybrid,501.3,98.2,0.2,75.0,,0.84,124.11,1241.06,1.24,7.45,3
F25-1011,CIAT-PM-21-0059,1.0,303.0,Breeding,Megathyrsus maximus,Grasses,97.53,14.03,85.97,16.71,31.7,65.46,2.0,33.73,69.68,142.81,49.0,3.44,14.2,16.39,23.4,48.85,282.6,9.0,Medium,Not High,Category_2,87.0,Q3,271.0,FM2410,O4E,458.0,3.0,3.0,72.0,2025-02-28 00:00:00,2025-02-05 00:00:00,Megathyrsus maximus,Breeding,PM21_59,,,hybrid,740.6,158.07,0.22,65.33,,1.62,112.75,1127.53,1.12,6.77,3
F25-1012,CIAT-PM-21-3522,1.0,305.0,Breeding,Megathyrsus maximus,Grasses,97.18,14.6,85.4,13.12,24.9,66.47,2.0,32.7,66.83,137.5,43.41,3.17,13.74,15.62,21.5,50.63,152.24,9.0,Medium,Not High,Category_2,114.0,Q4,372.0,SOC-BEF_METANO,M2N,173.0,1.0,7.0,17.0,2024-11-28 00:00:00,2024-11-21 00:00:00,Megathyrsus maximus,Breeding,PM21_3522,,,hybrid,708.83,149.01,0.21,88.33,,0.64,253.48,2534.85,2.53,15.21,3
F25-1013,CIAT-PM-21-0062,1.0,307.0,Breeding,Megathyrsus maximus,Grasses,98.12,15.74,84.26,13.47,24.42,67.94,2.0,35.01,72.83,148.33,45.38,3.08,13.96,15.8,23.46,51.57,177.35,9.0,Medium,Not High,Category_2,139.0,Q4,354.0,FM2410,O4E,253.0,2.0,3.0,31.0,2025-02-28 00:00:00,2025-02-05 00:00:00,Megathyrsus maximus,Breeding,PM21_62,,,hybrid,523.9,122.27,0.23,68.67,,1.86,65.2,651.99,0.65,3.91,3
F25-1014,CIAT-PM-21-0906,1.0,309.0,Breeding,Megathyrsus maximus,Grasses,97.41,15.32,84.68,14.67,19.5,67.2,2.0,32.84,66.83,137.11,48.6,3.55,13.73,15.55,21.35,43.95,142.26,9.0,Low,Not High,Category_2,34.0,Q3,287.0,FM2410,O4E,155.0,1.0,5.0,11.0,2025-02-28 00:00:00,2025-02-05 00:00:00,Megathyrsus maximus,Breeding,PM21_906,,,hybrid,371.33,82.33,0.23,71.33,,1.19,67.79,677.88,0.68,4.07,3
F25-1701,CIAT-BR-12-1362,2.0,133.0,Breeding,Urochloa interespecific,Grasses,92.46,14.02,85.98,16.89,28.12,57.62,2.0,26.87,78.02,168.69,64.41,3.83,11.96,13.75,23.2,36.67,314.52,9.0,Low,High,Category_1a,6.0,Q1,5.0,FM2411,I1N,679.0,3.0,8.0,49.0,2025-03-25 00:00:00,2025-02-19 00:00:00,Interspecific U.,Breeding,BR12_1362,,,hybrid,918.37,169.23,0.19,41.67,,1.18,151.68,1516.78,1.52,9.1,3
F25-1702,CIAT-BR-12-2462,2.0,135.0,Breeding,Urochloa interespecific,Grasses,95.72,15.58,84.42,12.21,34.75,58.72,2.0,23.92,73.55,153.63,56.21,3.68,12.94,13.07,20.12,35.78,416.36,9.0,Low,Not High,Category_2,3.0,Q1,64.0,FM2411,I1N,195.0,1.0,13.0,14.0,2025-03-25 00:00:00,2025-02-19 00:00:00,Interspecific U.,Breeding,BR12_2462,,,hybrid,2866.47,481.37,0.17,30.0,,2.89,159.15,1591.51,1.59,9.55,2
F25-1703,CIAT-BR-12-3868,2.0,137.0,Breeding,Urochloa interespecific,Grasses,94.15,19.08,80.92,16.3,28.24,54.33,2.0,19.25,64.8,137.58,55.88,4.08,11.08,13.51,18.64,33.46,635.54,9.0,Low,Not High,Category_2,2.0,Q1,75.0,FM2411,I1N,260.0,1.0,7.0,19.0,2025-03-25 00:00:00,2025-02-19 00:00:00,Interspecific U.,Breeding,BR12_3868,,,hybrid,1389.05,236.75,0.17,23.5,,1.5,157.59,1575.91,1.58,9.46,2
F25-1704,CIAT-BR-15-2558,2.0,139.0,Breeding,Urochloa interespecific,Grasses,93.24,14.12,85.88,15.0,26.56,57.46,2.0,27.9,74.39,159.49,57.33,3.6,12.19,13.73,21.86,38.25,437.12,9.0,Low,Not High,Category_2,7.0,Q1,47.0,FM2411,I1N,549.0,2.0,3.0,40.0,2025-03-25 00:00:00,2025-02-19 00:00:00,Interspecific U.,Breeding,BR15_2558,,,hybrid,743.97,152.77,0.21,42.0,,1.22,123.15,1231.54,1.23,7.39,3
F25-1705,CIAT-BR-15-2811,2.0,141.0,Breeding,Urochloa interespecific,Grasses,93.62,16.26,83.74,15.86,29.12,55.78,2.0,24.56,73.21,156.33,56.83,3.64,11.99,13.19,20.6,36.8,164.51,9.0,Low,Not High,Category_2,5.0,Q1,53.0,FM2411,I1N,831.0,3.0,5.0,60.0,2025-03-25 00:00:00,2025-02-19 00:00:00,Interspecific U.,Breeding,BR15_2811,,,hybrid,1207.72,202.39,0.17,25.67,,1.76,113.9,1138.96,1.14,6.83,3
F25-1706,CIAT-BR-15-2891,2.0,143.0,Breeding,Urochloa interespecific,Grasses,93.76,14.84,85.16,15.5,29.38,58.9,2.0,25.98,73.5,156.73,54.93,3.51,13.08,14.05,22.0,40.25,501.48,9.0,Low,Not High,Category_2,9.0,Q1,94.0,FM2411,I1N,451.0,2.0,12.0,33.0,2025-03-25 00:00:00,2025-02-19 00:00:00,Interspecific U.,Breeding,BR15_2891,,,hybrid,1249.17,219.17,0.18,42.33,,1.43,153.02,1530.18,1.53,9.18,3
F25-1707,CIAT-BR-19-1343,2.0,145.0,Breeding,Urochloa interespecific,Grasses,94.1,14.51,85.49,16.19,29.84,58.92,2.0,22.84,69.33,147.28,50.61,3.45,11.84,13.31,19.58,39.18,772.29,9.0,Low,Not High,Category_2,8.0,Q2,223.0,FM2411,I1N,124.0,1.0,3.0,9.0,2025-03-25 00:00:00,2025-02-19 00:00:00,Interspecific U.,Breeding,BR19_1343,,,hybrid,1403.09,246.72,0.18,48.67,,1.55,157.4,1574.03,1.57,9.44,3
F25-1708,CIAT-CIAT-26110,2.0,147.0,Breeding,Urochloa interespecific,Grasses,93.89,11.93,88.07,12.76,33.24,65.67,2.0,26.33,76.06,161.96,49.43,3.07,13.28,14.5,23.5,48.14,560.8,9.0,Medium,Not High,Category_2,77.0,Q3,259.0,FM2411,I1N,407.0,2.0,1.0,30.0,2025-03-25 00:00:00,2025-02-19 00:00:00,Interspecific U.,Breeding,CIAT_26110,,,accesion,1923.16,391.09,0.2,60.5,,2.27,171.04,1710.4,1.71,10.26,3
F25-1709,CIAT-CIAT-26646,2.0,149.0,Breeding,Urochloa interespecific,Grasses,93.56,13.18,86.82,14.14,29.08,60.64,2.0,25.3,73.85,157.8,49.08,3.13,11.56,13.74,21.7,45.13,-2378.79,9.0,Low,Not High,Category_2,42.0,Q3,270.0,FM2411,I1N,409.0,2.0,3.0,30.0,2025-03-25 00:00:00,2025-02-19 00:00:00,Interspecific U.,Breeding,CIAT_26646,,,accesion,1457.17,260.87,0.18,38.33,,1.92,135.69,1356.94,1.35,8.14,3
F25-1710,CIAT-CIAT-6297,2.0,151.0,Breeding,Urochloa interespecific,Grasses,95.1,13.01,86.99,14.86,29.88,61.91,2.0,26.38,74.14,155.86,47.27,3.05,12.91,14.27,22.25,50.2,121.18,9.0,Medium,Not High,Category_2,110.0,Q3,320.0,FM2411,I1N,542.0,2.0,5.0,39.0,2025-03-25 00:00:00,2025-02-19 00:00:00,Interspecific U.,Breeding,CIAT_6297,,,accesion,1020.3,199.27,0.2,29.0,,1.37,144.08,1440.77,1.44,8.64,3
F25-1711,CIAT-BR-12-4400,2.0,153.0,Breeding,Urochloa interespecific,Grasses,93.93,15.3,84.7,14.38,28.07,57.48,2.0,31.79,79.75,169.7,53.36,3.15,12.41,13.98,23.73,46.5,-190.18,9.0,Low,Not High,Category_2,57.0,Q2,143.0,FM2411,I1N,593.0,3.0,10.0,43.0,2025-03-25 00:00:00,2025-02-20 00:00:00,Interspecific U.,Breeding,BR12_4400,,,hybrid,1395.88,261.53,0.19,32.0,,1.68,163.93,1639.33,1.64,9.84,2
F25-1712,CIAT-BR-15-3434,2.0,155.0,Breeding,Urochloa interespecific,Grasses,94.62,14.2,85.8,15.08,28.26,56.12,2.0,30.8,79.21,167.29,50.69,3.04,13.16,14.18,23.74,49.11,377.24,9.0,Medium,Not High,Category_2,92.0,Q2,221.0,FM2411,I1N,347.0,2.0,4.0,25.0,2025-03-25 00:00:00,2025-02-20 00:00:00,Interspecific U.,Breeding,BR15_3434,,,hybrid,1502.62,270.52,0.18,36.33,,1.5,180.18,1801.77,1.8,10.81,3
F25-1713,CIAT-BR-15-3811,2.0,157.0,Breeding,Urochloa interespecific,Grasses,96.3,14.72,85.28,15.49,26.74,58.32,2.0,35.67,79.95,165.94,49.7,3.01,12.68,13.72,22.77,48.25,428.1,9.0,Medium,Not High,Category_2,79.0,Q3,250.0,FM2411,I1N,114.0,1.0,13.0,9.0,2025-03-25 00:00:00,2025-02-20 00:00:00,Interspecific U.,Breeding,BR15_3811,,,hybrid,1322.18,251.68,0.19,30.0,,1.64,149.09,1490.85,1.49,8.95,2
F25-1714,CIAT-BR-15-6547,2.0,159.0,Breeding,Urochloa interespecific,Grasses,94.74,15.54,84.46,15.81,27.02,58.24,2.0,26.62,69.67,147.0,50.44,3.52,12.37,13.83,20.18,41.87,178.65,9.0,Low,Not High,Category_2,21.0,Q2,229.0,FM2411,I1N,670.0,3.0,12.0,48.0,2025-03-25 00:00:00,2025-02-20 00:00:00,Interspecific U.,Breeding,BR15_6547,,,hybrid,1350.49,227.62,0.17,30.67,,1.26,182.51,1825.1,1.82,10.95,3
F25-1715,CIAT-BR-15-7121,2.0,161.0,Breeding,Urochloa interespecific,Grasses,94.82,15.2,84.8,17.04,26.45,56.48,2.0,32.03,80.04,168.76,47.76,2.84,11.98,14.1,23.78,50.81,-4332.82,9.0,Medium,Not High,Category_2,117.0,Q3,312.0,FM2411,I1N,168.0,1.0,14.0,12.0,2025-03-25 00:00:00,2025-02-20 00:00:00,Interspecific U.,Breeding,BR15_7121,,,hybrid,1961.75,330.05,0.17,31.67,,1.95,167.82,1678.15,1.68,10.07,3
F25-1716,CIAT-BR-15-8887,2.0,163.0,Breeding,Urochloa interespecific,Grasses,94.77,12.99,87.01,14.76,27.6,59.44,2.0,34.19,79.73,168.17,51.77,3.08,12.51,14.3,24.02,46.78,721.78,7.0,Low,Not High,Category_2,60.0,Q2,197.0,FM2411,I1N,759.0,3.0,12.0,55.0,2025-03-25 00:00:00,2025-02-20 00:00:00,Interspecific U.,Breeding,BR15_8887,,,hybrid,1021.43,208.53,0.21,46.0,,0.99,207.94,2079.39,2.08,12.48,3
F25-1717,CIAT-BR-19-4678,2.0,165.0,Breeding,Urochloa interespecific,Grasses,92.76,15.1,84.9,15.2,27.94,53.89,2.0,37.58,81.31,175.22,47.83,2.73,12.79,13.9,24.34,51.68,-2899.73,9.0,Medium,Not High,Category_2,144.0,Q3,310.0,FM2411,I1N,404.0,2.0,3.0,29.0,2025-03-25 00:00:00,2025-02-20 00:00:00,Interspecific U.,Breeding,BR19_4678,,,hybrid,1039.75,178.6,0.17,37.5,,1.03,172.39,1723.93,1.72,10.34,2
F25-1718,CIAT-BR-19-5029,2.0,167.0,Breeding,Urochloa interespecific,Grasses,95.62,15.34,84.66,15.06,27.74,59.08,2.0,33.2,75.98,158.86,51.34,3.24,13.11,14.43,22.89,45.62,640.87,9.0,Low,Not High,Category_2,49.0,Q2,209.0,FM2411,I1N,375.0,2.0,4.0,27.0,2025-03-25 00:00:00,2025-02-20 00:00:00,Interspecific U.,Breeding,BR19_5029,,,hybrid,1061.1,204.8,0.19,31.0,,1.48,138.35,1383.45,1.38,8.3,2
F25-1719,CIAT-BR-19-5357,2.0,169.0,Breeding,Urochloa interespecific,Grasses,94.56,15.44,84.56,15.75,28.56,58.4,2.0,31.28,77.08,162.95,48.47,2.97,12.81,14.24,23.2,49.66,535.86,9.0,Medium,Not High,Category_2,99.0,Q3,292.0,FM2411,I1N,571.0,2.0,4.0,41.0,2025-03-25 00:00:00,2025-02-20 00:00:00,Interspecific U.,Breeding,BR19_5357,,,hybrid,1869.92,343.42,0.18,33.5,,2.1,163.65,1636.51,1.64,9.82,2
F25-1720,CIAT-BR-19-5381,2.0,171.0,Breeding,Urochloa interespecific,Grasses,94.58,14.1,85.9,14.96,30.84,62.0,2.0,27.79,70.49,149.01,47.56,3.19,12.34,14.04,20.9,46.28,242.36,9.0,Low,Not High,Category_2,52.0,Q3,317.0,FM2411,I1N,345.0,2.0,6.0,25.0,2025-03-25 00:00:00,2025-02-20 00:00:00,Interspecific U.,Breeding,BR19_5381,,,hybrid,1347.98,245.08,0.18,44.0,,1.29,184.86,1848.56,1.85,11.09,2
F25-1721,CIAT-BR-02-0465,2.0,173.0,Breeding,Urochloa interespecific,Grasses,96.88,13.78,86.22,13.86,32.8,65.62,2.0,28.28,75.07,154.91,43.68,2.82,12.13,14.13,21.88,51.44,-3662.28,9.0,Medium,Not High,Category_2,136.0,Q4,369.0,FM2411,I1N,265.0,1.0,2.0,19.0,2025-03-25 00:00:00,2025-02-24 00:00:00,Interspecific U.,Breeding,BR02_465,,,hybrid,727.0,212.1,0.29,23.0,,1.2,176.22,1762.23,1.76,10.57,1
F25-1722,CIAT-BR-04-3025,2.0,175.0,Breeding,Urochloa interespecific,Grasses,95.84,11.31,88.69,12.25,32.72,67.42,2.0,31.48,85.24,177.8,48.78,2.74,13.46,14.64,26.01,54.31,661.54,9.0,Medium,Not High,Category_2,203.0,Q3,275.0,FM2411,I1N,129.0,1.0,3.0,10.0,2025-03-25 00:00:00,2025-02-24 00:00:00,Interspecific U.,Breeding,BR04_3025,,Camello,hybrid,756.19,160.12,0.22,25.67,2.0,1.01,134.12,1341.22,1.34,8.06,4
F25-1723,CIAT-BR-05-1435,2.0,177.0,Breeding,Urochloa interespecific,Grasses,96.06,14.7,85.29,16.1,30.82,63.96,2.0,21.01,65.72,136.75,43.49,3.19,12.36,14.27,19.49,45.58,1725.24,9.0,Low,Not High,Category_2,48.0,Q4,371.0,FM2411,I1N,603.0,3.0,1.0,44.0,2025-03-25 00:00:00,2025-02-24 00:00:00,Interspecific U.,Breeding,BR05_1435,,,hybrid,1117.7,216.3,0.19,39.0,,0.98,221.12,2211.22,2.21,13.27,1
F25-1724,CIAT-BR-09-3660,2.0,179.0,Breeding,Urochloa interespecific,Grasses,96.24,13.64,86.36,12.77,29.05,61.25,2.0,31.66,72.95,151.51,47.25,3.13,12.94,14.27,21.58,47.59,-144.07,8.0,Medium,Not High,Category_2,71.0,Q3,322.0,FM2411,I1N,241.0,1.0,3.0,18.0,2025-03-25 00:00:00,2025-02-24 00:00:00,Interspecific U.,Breeding,BR09_3660,,,hybrid,873.95,204.55,0.25,41.0,,0.93,200.89,2008.91,2.01,12.05,2
F25-1725,CIAT-BR-19-1264,2.0,181.0,Breeding,Urochloa interespecific,Grasses,96.3,15.61,84.39,18.56,25.08,56.3,2.0,30.95,74.26,154.14,45.46,2.95,12.4,14.3,22.02,49.0,-2093.71,8.0,Medium,Not High,Category_2,90.0,Q4,353.0,FM2411,I1N,76.0,1.0,6.0,6.0,2025-03-25 00:00:00,2025-02-24 00:00:00,Interspecific U.,Breeding,BR19_1264,,,hybrid,633.6,139.0,0.22,42.0,,0.95,145.72,1457.24,1.46,8.74,1
F25-1726,CIAT-BR-19-5217,2.0,183.0,Breeding,Urochloa interespecific,Grasses,96.2,14.22,85.78,13.46,28.8,60.7,2.0,32.28,76.31,158.52,45.08,2.84,12.76,14.24,22.52,50.98,-349.67,7.0,Medium,Not High,Category_2,125.0,Q4,359.0,FM2411,I1N,355.0,2.0,5.0,26.0,2025-03-25 00:00:00,2025-02-24 00:00:00,Interspecific U.,Breeding,BR19_5217,,,hybrid,1876.14,421.54,0.22,33.5,,1.63,247.46,2474.58,2.48,14.85,2
F25-1727,CIAT-CIAT-26124,2.0,185.0,Breeding,Urochloa interespecific,Grasses,96.03,12.82,87.18,14.6,31.6,64.88,2.0,29.91,75.07,156.29,43.78,2.81,13.51,14.36,22.42,53.17,219.87,9.0,Medium,Not High,Category_2,176.0,Q4,368.0,FM2411,I1N,434.0,2.0,1.0,31.0,2025-03-25 00:00:00,2025-02-24 00:00:00,Interspecific U.,Breeding,CIAT_26124,,,accesion,897.67,174.67,0.19,54.67,,1.13,156.08,1560.79,1.56,9.36,3
F25-2077,CIAT-PM-21-3535,2.0,333.0,Breeding,Megathyrsus maximus,Grasses,95.24,13.79,86.21,11.95,34.88,68.35,2.0,34.17,73.66,143.47,53.93,3.78,14.12,15.52,22.25,41.28,353.08,9.0,Low,Not High,Category_2,16.0,Q2,123.0,FM2410,O4E,104.0,1.0,4.0,1.0,2025-05-20 00:00:00,2025-04-01 00:00:00,Megathyrsus maximus,Breeding,PM21_3535,,,hybrid,1455.53,306.7,0.21,105.33,,1.61,189.63,1508.09,1.51,9.05,3
F25-2078,CIAT-PM-21-6106,2.0,335.0,Breeding,Megathyrsus maximus,Grasses,93.92,12.99,87.01,15.69,30.99,66.48,2.0,35.74,74.98,148.35,58.82,3.97,14.51,16.02,23.76,40.45,317.94,9.0,Low,Not High,Category_2,11.0,Q1,24.0,FM2410,O4E,486.0,3.0,5.0,78.0,2025-05-20 00:00:00,2025-04-01 00:00:00,Megathyrsus maximus,Breeding,PM21_6106,,,hybrid,770.17,171.07,0.23,61.67,,1.26,138.36,1420.64,1.42,8.52,3
F25-2079,CIAT-PM-21-2580,2.0,337.0,Breeding,Megathyrsus maximus,Grasses,93.76,12.79,87.21,16.17,31.2,65.05,2.0,39.92,83.49,166.82,60.3,3.62,13.72,15.38,25.66,42.58,331.76,9.0,Low,High,Category_1a,15.0,Q1,15.0,FM2410,O4E,491.0,3.0,1.0,79.0,2025-05-20 00:00:00,2025-04-01 00:00:00,Megathyrsus maximus,Breeding,PM21_2580,,,hybrid,604.07,136.57,0.23,72.0,,0.91,154.09,1070.52,1.07,6.42,3
F25-2080,CIAT-CIAT-16031,2.0,339.0,Breeding,Megathyrsus maximus,Grasses,93.77,13.21,86.79,13.82,32.37,65.74,2.0,37.91,78.82,154.9,55.93,3.62,13.86,15.49,23.98,42.96,374.13,9.0,Low,Not High,Category_2,26.0,Q1,74.0,FM2410,O4E,479.0,3.0,2.0,76.0,2025-05-20 00:00:00,2025-04-01 00:00:00,Megathyrsus maximus,Breeding,CIAT_16031,,Tanzania,accesion,745.87,168.2,0.23,70.33,,1.21,141.33,938.49,0.94,5.63,3
F25-2081,CIAT-CIAT-26936,2.0,341.0,Breeding,Megathyrsus maximus,Grasses,95.09,10.32,89.68,13.55,36.62,66.89,2.0,35.2,77.93,149.63,53.71,3.62,14.43,15.75,23.56,44.14,414.3,9.0,Low,Not High,Category_2,38.0,Q2,130.0,FM2410,O4E,246.0,2.0,5.0,30.0,2025-05-20 00:00:00,2025-04-01 00:00:00,Megathyrsus maximus,Breeding,CIAT_26936,,,accesion,284.53,77.0,0.27,64.67,,0.37,207.07,1299.74,1.3,7.8,3
F25-2082,CIAT-PM-21-0074,2.0,343.0,Breeding,Megathyrsus maximus,Grasses,94.59,13.6,86.4,13.1,30.94,64.42,2.0,39.19,77.0,148.38,54.87,3.73,13.9,15.36,22.79,41.79,411.41,9.0,Low,Not High,Category_2,20.0,Q1,96.0,FM2410,O4E,429.0,3.0,2.0,66.0,2025-05-20 00:00:00,2025-04-01 00:00:00,Megathyrsus maximus,Breeding,PM21_74,,,hybrid,871.67,195.83,0.22,70.0,,1.37,144.86,954.38,0.95,5.73,3
F25-2083,CIAT-PM-21-0072,2.0,345.0,Breeding,Megathyrsus maximus,Grasses,93.4,14.4,85.6,14.7,29.08,66.23,2.0,36.88,75.82,148.52,53.17,3.59,13.57,15.25,22.66,42.67,406.95,9.0,Low,Not High,Category_2,25.0,Q2,151.0,FM2410,O4E,333.0,2.0,3.0,47.0,2025-05-20 00:00:00,2025-04-01 00:00:00,Megathyrsus maximus,Breeding,PM21_72,,,hybrid,653.7,146.3,0.22,64.33,,1.15,127.1,830.93,0.83,4.99,3
F25-2084,CIAT-PM-21-6598,2.0,347.0,Breeding,Megathyrsus maximus,Grasses,94.64,14.45,85.55,12.94,28.83,65.49,2.0,38.84,79.75,154.46,50.76,3.29,13.47,15.17,23.48,46.34,510.25,9.0,Low,Not High,Category_2,54.0,Q2,220.0,FM2410,O4E,456.0,3.0,5.0,72.0,2025-05-20 00:00:00,2025-04-01 00:00:00,Megathyrsus maximus,Breeding,PM21_6598,,,hybrid,949.97,199.87,0.21,74.0,,1.3,165.49,1089.48,1.09,6.54,3
F25-2085,CIAT-PM-21-6647,2.0,349.0,Breeding,Megathyrsus maximus,Grasses,93.16,13.01,86.99,12.43,29.49,66.17,2.0,39.38,80.2,156.84,50.51,3.22,14.16,15.47,24.27,48.25,525.5,9.0,Medium,Not High,Category_2,80.0,Q2,228.0,FM2410,O4E,364.0,2.0,4.0,53.0,2025-05-20 00:00:00,2025-04-01 00:00:00,Megathyrsus maximus,Breeding,PM21_6647,,,hybrid,903.73,200.03,0.22,88.33,,1.11,183.33,1293.12,1.29,7.76,3
F25-2086,CIAT-PM-21-0819,2.0,351.0,Breeding,Megathyrsus maximus,Grasses,92.5,14.13,85.87,15.22,28.57,64.82,2.0,38.45,79.36,157.27,51.88,3.31,13.78,15.26,23.99,46.72,605.8,9.0,Low,Not High,Category_2,59.0,Q2,193.0,FM2410,O4E,376.0,2.0,5.0,56.0,2025-05-20 00:00:00,2025-04-01 00:00:00,Megathyrsus maximus,Breeding,PM21_819,,,hybrid,824.33,170.73,0.21,77.0,,0.94,182.78,1216.44,1.22,7.3,3
F25-2087,CIAT-CIAT-16021,2.0,353.0,Breeding,Megathyrsus maximus,Grasses,94.48,11.82,88.18,12.61,32.73,70.7,2.0,34.17,75.13,146.11,42.94,2.95,14.68,16.19,23.65,55.86,759.07,9.0,Medium,Not High,Category_2,235.0,Q4,377.0,FM2410,O4E,485.0,3.0,5.0,77.0,2025-05-20 00:00:00,2025-04-01 00:00:00,Megathyrsus maximus,Breeding,CIAT_16021,,,accesion,461.2,131.57,0.28,73.33,,0.8,171.47,1634.54,1.63,9.81,3
F25-2088,CIAT-PM-21-6640,2.0,355.0,Breeding,Megathyrsus maximus,Grasses,93.05,15.15,84.85,15.78,26.65,65.68,2.0,32.89,72.58,141.63,49.86,3.53,13.7,15.53,22.0,44.24,495.42,9.0,Low,Not High,Category_2,40.0,Q3,245.0,FM2410,O4E,349.0,2.0,2.0,50.0,2025-05-20 00:00:00,2025-04-01 00:00:00,Megathyrsus maximus,Breeding,PM21_6640,,,hybrid,895.53,174.0,0.2,82.33,,1.22,143.89,994.99,1.0,5.97,3
F25-2089,CIAT-PM-21-0065,2.0,357.0,Breeding,Megathyrsus maximus,Grasses,94.04,13.69,86.31,14.18,30.72,64.87,2.0,40.66,81.18,156.15,49.57,3.18,14.13,15.53,24.25,49.51,680.46,9.0,Medium,Not High,Category_2,97.0,Q3,254.0,FM2410,O4E,446.0,3.0,5.0,70.0,2025-05-20 00:00:00,2025-04-01 00:00:00,Megathyrsus maximus,Breeding,PM21_65,,,hybrid,924.23,208.87,0.23,69.67,,1.25,180.7,1178.0,1.18,7.07,3
F25-2090,CIAT-PM-21-6629,2.0,359.0,Breeding,Megathyrsus maximus,Grasses,93.86,11.33,88.67,11.28,37.88,73.0,2.0,32.16,72.28,139.03,44.82,3.25,13.68,15.16,21.07,47.95,562.9,9.0,Medium,Not High,Category_2,74.0,Q4,360.0,FM2410,O4E,365.0,2.0,5.0,53.0,2025-05-20 00:00:00,2025-04-01 00:00:00,Megathyrsus maximus,Breeding,PM21_6629,,,hybrid,490.9,122.87,0.25,72.33,,0.52,247.18,1576.71,1.58,9.46,3
F25-2091,CIAT-PM-21-6641,2.0,361.0,Breeding,Megathyrsus maximus,Grasses,94.15,15.35,84.65,15.59,28.73,63.07,2.0,43.51,81.33,157.42,51.47,3.3,14.36,15.8,24.86,48.44,587.0,9.0,Medium,Not High,Category_2,83.0,Q2,203.0,FM2410,O4E,159.0,1.0,2.0,12.0,2025-05-20 00:00:00,2025-04-01 00:00:00,Megathyrsus maximus,Breeding,PM21_6641,,,hybrid,1147.5,233.6,0.21,83.67,,1.53,151.88,1065.93,1.07,6.4,3
F25-2092,CIAT-CIAT-16025,2.0,363.0,Breeding,Megathyrsus maximus,Grasses,92.4,14.73,85.27,14.43,32.3,68.73,2.0,33.68,73.02,145.85,45.83,3.14,13.42,14.98,21.85,49.69,211.76,9.0,Medium,Not High,Category_2,102.0,Q3,349.0,FM2410,O4E,412.0,3.0,2.0,63.0,2025-05-20 00:00:00,2025-04-02 00:00:00,Megathyrsus maximus,Breeding,CIAT_16025,,,accesion,1232.23,242.97,0.2,95.67,,0.91,266.88,1828.98,1.83,10.97,3
F25-2093,CIAT-PM-21-0070,2.0,365.0,Breeding,Megathyrsus maximus,Grasses,94.4,13.52,86.48,14.89,29.67,66.68,2.0,36.73,82.81,159.86,54.14,3.39,13.62,15.34,24.54,45.53,431.25,6.0,Low,Not High,Category_2,47.0,Q1,117.0,FM2410,O4E,331.0,2.0,1.0,47.0,2025-05-20 00:00:00,2025-04-02 00:00:00,Megathyrsus maximus,Breeding,PM21_70,,,hybrid,1023.77,215.5,0.21,73.67,,1.35,160.23,1088.87,1.09,6.53,3
F25-2094,CIAT-PM-21-4926,2.0,367.0,Breeding,Megathyrsus maximus,Grasses,93.67,11.76,88.24,14.67,30.03,71.37,2.0,26.13,65.23,129.84,39.9,3.07,14.4,15.78,20.46,53.71,335.98,7.0,Medium,Not High,Category_2,189.0,Q4,405.0,FM2410,O4E,516.0,3.0,5.0,84.0,2025-05-20 00:00:00,2025-04-02 00:00:00,Megathyrsus maximus,Breeding,PM21_4926,,,hybrid,771.17,216.57,0.28,80.33,,1.21,178.68,1495.69,1.5,8.97,3
F25-2095,CIAT-PM-21-3662,2.0,369.0,Breeding,Megathyrsus maximus,Grasses,93.28,14.51,85.49,11.58,32.05,68.09,2.0,34.42,79.02,153.44,57.71,3.76,13.7,15.27,23.41,40.94,340.45,6.0,Low,Not High,Category_2,14.0,Q1,43.0,FM2410,O4E,350.0,2.0,1.0,50.0,2025-05-20 00:00:00,2025-04-02 00:00:00,Megathyrsus maximus,Breeding,PM21_3662,,,hybrid,1017.43,237.03,0.24,84.67,,1.45,165.23,1134.62,1.13,6.81,3
F25-2096,CIAT-PM-21-4448,2.0,371.0,Breeding,Megathyrsus maximus,Grasses,95.49,11.27,88.73,12.03,31.22,72.07,4.0,41.32,86.89,183.14,47.46,2.58,13.27,14.66,26.8,59.28,281.71,9.0,High,Not High,Category_4,62.0,Q3,318.0,FM2410,O4E,443.0,3.0,3.0,69.0,2025-05-20 00:00:00,2025-04-02 00:00:00,Megathyrsus maximus,Breeding,PM21_4448,,,hybrid,632.6,166.53,0.27,77.33,,0.86,196.3,1323.93,1.33,7.94,3
F25-2097,CIAT-PM-21-0079,2.0,373.0,Breeding,Megathyrsus maximus,Grasses,93.91,12.49,87.51,13.48,31.24,68.55,2.0,33.71,77.31,150.26,48.02,3.21,13.37,14.95,22.46,48.6,1407.98,7.0,Medium,Not High,Category_2,85.0,Q3,303.0,FM2410,O4E,418.0,3.0,3.0,64.0,2025-05-20 00:00:00,2025-04-02 00:00:00,Megathyrsus maximus,Breeding,PM21_79,,,hybrid,662.37,145.87,0.22,70.67,,1.03,143.14,896.93,0.9,5.38,3
F25-2098,CIAT-CIAT-6986,2.0,375.0,Breeding,Megathyrsus maximus,Grasses,92.58,11.85,88.15,12.26,33.48,71.82,2.0,30.62,72.38,144.4,45.09,3.2,13.64,15.09,21.78,51.0,1079.45,7.0,Medium,Not High,Category_2,126.0,Q4,358.0,FM2410,O4E,214.0,1.0,4.0,23.0,2025-05-20 00:00:00,2025-04-02 00:00:00,Megathyrsus maximus,Breeding,CIAT_6986,,,accesion,706.6,167.67,0.24,89.0,,0.82,201.84,1389.97,1.39,8.34,3
F25-2099,CIAT-PM-21-4852,2.0,377.0,Breeding,Megathyrsus maximus,Grasses,92.72,11.02,88.98,10.66,34.89,72.86,2.0,30.85,73.03,142.42,40.75,2.88,13.85,15.26,21.72,53.27,636.57,6.0,Medium,Not High,Category_2,179.0,Q4,401.0,FM2410,O4E,339.0,2.0,2.0,48.0,2025-05-20 00:00:00,2025-04-02 00:00:00,Megathyrsus maximus,Breeding,PM21_4852,,,hybrid,807.7,208.8,0.26,85.67,,1.23,169.81,1160.49,1.16,6.96,3
F25-2100,CIAT-PM-21-0078,2.0,379.0,Breeding,Megathyrsus maximus,Grasses,92.6,13.65,86.35,13.84,31.98,66.45,2.0,32.45,72.57,142.62,42.9,3.01,13.74,15.27,21.76,50.97,1497.75,7.0,Medium,Not High,Category_2,124.0,Q4,378.0,FM2410,O4E,233.0,1.0,3.0,27.0,2025-05-20 00:00:00,2025-04-02 00:00:00,Megathyrsus maximus,Breeding,PM21_78,,,hybrid,1110.3,246.0,0.22,73.0,,1.17,213.12,1464.43,1.46,8.79,3
F25-2101,CIAT-CIAT-16071,2.0,381.0,Breeding,Megathyrsus maximus,Grasses,93.03,13.63,86.37,16.96,28.87,66.51,4.0,32.1,78.51,167.22,39.76,2.39,13.28,15.18,25.37,70.27,329.54,9.0,High,Not High,Category_4,132.0,Q4,409.0,FM2410,O4E,473.0,3.0,3.0,75.0,2025-05-20 00:00:00,2025-04-02 00:00:00,Megathyrsus maximus,Breeding,CIAT_16071,,,accesion,845.03,210.57,0.25,69.33,,1.43,149.28,1045.37,1.04,6.27,3
F25-2102,CIAT-PM-21-0876,2.0,383.0,Breeding,Megathyrsus maximus,Grasses,92.49,13.21,86.79,13.1,31.07,66.68,2.0,32.18,73.02,143.37,41.2,2.89,13.43,14.91,21.38,53.15,469.14,7.0,Medium,Not High,Category_2,174.0,Q4,395.0,FM2410,O4E,436.0,3.0,5.0,68.0,2025-05-20 00:00:00,2025-04-02 00:00:00,Megathyrsus maximus,Breeding,PM21_876,,,hybrid,1073.13,239.2,0.22,70.67,,1.4,174.98,1123.38,1.12,6.74,3
F25-2103,CIAT-PM-21-3641,2.0,385.0,Breeding,Megathyrsus maximus,Grasses,93.72,12.53,87.47,12.37,32.19,69.06,2.0,32.41,71.93,137.93,38.93,2.84,13.44,15.02,20.72,58.19,180.62,8.0,High,Not High,Category_4,101.0,Q4,414.0,FM2410,O4E,329.0,2.0,2.0,46.0,2025-05-20 00:00:00,2025-04-02 00:00:00,Megathyrsus maximus,Breeding,PM21_3641,,,hybrid,1056.2,245.17,0.23,85.0,,1.13,221.84,1426.61,1.42,8.56,3
F25-2104,CIAT-BR-06-1348,2.0,387.0,Breeding,Urochloa interespecific,Grasses,93.09,14.48,85.52,12.23,25.64,59.76,4.0,39.3,89.04,191.18,54.58,2.86,13.46,14.59,27.9,51.5,0.63,7.0,Medium,Not High,Category_2,137.0,Q1,105.0,FM2411,I1N,290.0,1.0,5.0,21.0,2025-05-20 00:00:00,2025-04-07 00:00:00,Interspecific U.,Breeding,BR06_1348,,,hybrid,1946.25,451.2,0.23,25.25,4.25,1.48,305.83,3058.28,3.06,18.35,2
F25-2105,CIAT-BR-09-4467,2.0,389.0,Breeding,Urochloa interespecific,Grasses,92.31,14.63,85.37,13.66,24.32,58.96,4.0,36.65,84.67,182.92,42.32,2.32,12.71,14.34,26.13,67.18,311.09,9.0,High,Not High,Category_4,117.0,Q4,384.0,FM2411,I1N,373.0,2.0,6.0,27.0,2025-05-20 00:00:00,2025-04-09 00:00:00,Interspecific U.,Breeding,BR09_4467,,,hybrid,1468.2,310.9,0.21,47.33,4.5,1.47,214.06,2140.64,2.14,12.84,3
F25-2106,CIAT-BR-09-4777,2.0,391.0,Breeding,Urochloa interespecific,Grasses,93.68,13.68,86.32,12.76,24.43,58.97,2.0,37.22,78.66,150.74,40.4,2.7,12.62,13.94,21.01,56.87,808.57,6.0,Medium,Not High,Category_2,261.0,Q4,404.0,FM2411,I1N,699.0,3.0,13.0,50.0,2025-05-20 00:00:00,2025-04-08 00:00:00,Interspecific U.,Breeding,BR09_4777,,,hybrid,1629.17,355.97,0.22,30.5,3.83,1.83,201.74,2017.44,2.02,12.1,3
F25-2107,CIAT-BR-12-0255,2.0,399.0,Breeding,Urochloa interespecific,Grasses,91.85,14.23,85.77,14.96,24.63,57.34,2.0,32.33,79.54,161.2,60.12,3.74,12.31,13.96,22.48,37.48,374.33,9.0,Low,High,Category_1a,13.0,Q1,17.0,FM2411,I1N,31.0,1.0,12.0,3.0,2025-05-20 00:00:00,2025-04-07 00:00:00,Interspecific U.,Breeding,BR12_255,,,hybrid,1344.53,271.4,0.2,37.33,4.25,1.55,177.53,1775.34,1.78,10.65,3
F25-2108,CIAT-BR-12-0461,2.0,401.0,Breeding,Urochloa interespecific,Grasses,92.82,14.72,85.28,13.24,25.6,60.79,2.0,31.39,82.44,161.63,61.59,3.83,12.52,14.27,23.06,37.7,335.97,9.0,Low,High,Category_1a,11.0,Q1,10.0,FM2411,I1N,468.0,2.0,6.0,34.0,2025-05-20 00:00:00,2025-04-09 00:00:00,Interspecific U.,Breeding,BR12_461,,,hybrid,1614.5,358.2,0.22,28.5,4.17,1.3,277.61,2776.06,2.78,16.66,3
F25-2109,CIAT-BR-12-1620,2.0,403.0,Breeding,Urochloa interespecific,Grasses,93.55,13.79,86.21,13.22,25.38,60.36,2.0,33.11,80.13,154.48,60.13,3.92,12.4,13.92,21.48,36.04,345.79,9.0,Low,High,Category_1a,10.0,Q1,16.0,FM2411,I1N,379.0,2.0,1.0,28.0,2025-05-20 00:00:00,2025-04-09 00:00:00,Interspecific U.,Breeding,BR12_1620,,,hybrid,1537.63,318.7,0.21,40.83,4.5,1.66,212.77,2127.66,2.13,12.77,3
F25-2110,CIAT-BR-12-1889,2.0,405.0,Breeding,Urochloa interespecific,Grasses,91.35,15.09,84.91,14.82,23.39,57.75,2.0,31.2,77.57,151.26,57.99,3.85,11.64,14.03,21.2,36.64,408.05,9.0,Low,Not High,Category_2,4.0,Q1,38.0,FM2411,I1N,188.0,1.0,6.0,14.0,2025-05-20 00:00:00,2025-04-07 00:00:00,Interspecific U.,Breeding,BR12_1889,,,hybrid,2022.23,351.33,0.19,28.33,4.67,1.35,255.0,2550.02,2.55,15.3,3
F25-2111,CIAT-BR-12-4039,2.0,407.0,Breeding,Urochloa interespecific,Grasses,92.11,13.6,86.4,15.17,27.47,61.84,2.0,30.95,77.67,149.66,56.17,3.76,12.23,14.28,21.38,38.13,385.12,9.0,Low,Not High,Category_2,6.0,Q1,65.0,FM2411,I1N,273.0,1.0,7.0,20.0,2025-05-20 00:00:00,2025-04-07 00:00:00,Interspecific U.,Breeding,BR12_4039,,,hybrid,2761.1,506.8,0.18,51.0,3.5,1.61,316.98,3169.78,3.17,19.02,2
F25-2112,CIAT-BR-12-4856,2.0,409.0,Breeding,Urochloa interespecific,Grasses,92.58,12.91,87.09,13.01,27.75,63.63,2.0,28.93,72.71,142.33,49.54,3.49,12.56,14.1,20.06,40.7,522.87,9.0,Low,Not High,Category_2,12.0,Q3,255.0,FM2411,I1N,176.0,1.0,7.0,13.0,2025-05-20 00:00:00,2025-04-07 00:00:00,Interspecific U.,Breeding,BR12_4856,,,hybrid,1915.35,374.75,0.2,54.0,3.75,1.3,283.33,2833.28,2.83,17.0,2
F25-2113,CIAT-BR-12-5049,2.0,411.0,Breeding,Urochloa interespecific,Grasses,92.25,14.47,85.53,14.56,26.52,60.6,2.0,32.03,79.05,154.29,50.57,3.29,12.74,14.58,22.5,44.66,731.11,9.0,Low,Not High,Category_2,41.0,Q2,224.0,FM2411,I1N,406.0,2.0,1.0,29.0,2025-05-20 00:00:00,2025-04-09 00:00:00,Interspecific U.,Breeding,BR12_5049,,,hybrid,1758.95,403.8,0.23,44.0,4.5,1.23,369.47,3694.67,3.7,22.17,2
F25-2114,CIAT-BR-15-1851,2.0,413.0,Breeding,Urochloa interespecific,Grasses,92.17,14.82,85.18,11.25,26.14,59.44,2.0,33.8,82.64,159.61,51.12,3.2,12.8,14.36,22.93,45.29,-932.56,9.0,Low,Not High,Category_2,44.0,Q2,211.0,FM2411,I1N,470.0,2.0,8.0,34.0,2025-05-20 00:00:00,2025-04-09 00:00:00,Interspecific U.,Breeding,BR15_1851,,,hybrid,1974.0,415.35,0.21,41.0,4.0,1.74,240.34,2403.43,2.4,14.42,2
F25-2115,CIAT-BR-15-3025,2.0,415.0,Breeding,Urochloa interespecific,Grasses,92.02,14.14,85.86,12.32,26.72,59.94,2.0,33.56,79.93,155.12,52.27,3.37,12.84,14.28,22.16,42.43,594.46,9.0,Low,Not High,Category_2,24.0,Q2,183.0,FM2411,I1N,199.0,1.0,12.0,15.0,2025-05-20 00:00:00,2025-04-07 00:00:00,Interspecific U.,Breeding,BR15_3025,,,hybrid,1748.2,361.67,0.21,37.5,4.0,1.47,250.92,2509.24,2.51,15.06,3
F25-2116,CIAT-BR-15-3248,2.0,417.0,Breeding,Urochloa interespecific,Grasses,92.16,15.9,84.1,13.91,24.29,58.79,2.0,31.79,78.46,151.16,54.32,3.61,12.69,14.48,21.89,40.34,535.61,9.0,Low,Not High,Category_2,10.0,Q1,114.0,FM2411,I1N,15.0,1.0,1.0,2.0,2025-05-20 00:00:00,2025-04-07 00:00:00,Interspecific U.,Breeding,BR15_3248,,,hybrid,952.2,202.3,0.21,35.0,4.0,1.11,182.03,1820.33,1.82,10.92,1
F25-2117,CIAT-BR-15-7659,2.0,419.0,Breeding,Urochloa interespecific,Grasses,93.33,13.73,86.27,12.33,26.95,60.12,2.0,32.92,80.47,153.95,52.92,3.44,12.39,14.07,21.66,41.22,617.08,9.0,Low,Not High,Category_2,15.0,Q2,163.0,FM2411,I1N,522.0,2.0,4.0,38.0,2025-05-20 00:00:00,2025-04-09 00:00:00,Interspecific U.,Breeding,BR15_7659,,,hybrid,1794.47,365.0,0.2,53.67,5.17,1.47,260.46,2604.61,2.6,15.63,3
F25-2118,CIAT-BR-15-8919,2.0,421.0,Breeding,Urochloa interespecific,Grasses,93.52,13.49,86.51,11.76,26.98,63.21,2.0,29.97,79.2,156.59,50.93,3.26,12.42,14.02,21.96,43.24,525.21,9.0,Low,Not High,Category_2,27.0,Q2,215.0,FM2411,I1N,861.0,3.0,7.0,62.0,2025-05-20 00:00:00,2025-04-08 00:00:00,Interspecific U.,Breeding,BR15_8919,,,hybrid,1121.5,248.87,0.22,46.0,3.67,0.99,255.75,2557.47,2.56,15.34,3
F25-2119,CIAT-BR-19-5515,2.0,423.0,Breeding,Urochloa interespecific,Grasses,92.43,14.53,85.47,11.19,26.96,60.89,2.0,33.06,82.64,167.18,52.02,3.12,12.34,14.04,23.48,45.3,600.3,9.0,Low,Not High,Category_2,45.0,Q2,188.0,FM2411,I1N,556.0,2.0,10.0,40.0,2025-05-20 00:00:00,2025-04-09 00:00:00,Interspecific U.,Breeding,BR19_5515,,,hybrid,1785.7,363.7,0.2,49.5,4.5,1.56,231.95,2319.48,2.32,13.92,2
F25-2120,CIAT-BR-19-5877,2.0,425.0,Breeding,Urochloa interespecific,Grasses,93.49,13.01,86.99,12.43,26.07,60.59,2.0,32.43,80.92,158.91,50.02,3.15,12.69,14.25,22.63,46.91,1363.61,9.0,Low,Not High,Category_2,63.0,Q3,239.0,FM2411,I1N,235.0,1.0,4.0,17.0,2025-05-20 00:00:00,2025-04-07 00:00:00,Interspecific U.,Breeding,BR19_5877,,,hybrid,2077.85,464.55,0.22,43.5,5.5,1.74,271.72,2717.16,2.72,16.3,2
F25-2121,CIAT-BR-19-6136,2.0,427.0,Breeding,Urochloa interespecific,Grasses,92.92,14.79,85.21,13.33,25.87,59.53,2.0,32.03,78.56,154.62,46.05,2.98,12.63,14.14,21.86,48.9,-1421.48,9.0,Medium,Not High,Category_2,89.0,Q3,345.0,FM2411,I1N,82.0,1.0,12.0,6.0,2025-05-20 00:00:00,2025-04-07 00:00:00,Interspecific U.,Breeding,BR19_6136,,,hybrid,1476.4,291.7,0.2,44.5,5.0,1.27,229.25,2292.48,2.29,13.75,1
F25-2144,CIAT-BH-16-1763,2.0,465.0,Breeding,Urochloa humidicola,Grasses,97.83,11.86,88.14,7.2,30.68,67.87,2.0,34.96,84.49,160.34,53.52,3.35,12.28,13.81,22.18,41.73,382.68,9.0,Low,Not High,Category_2,19.0,Q2,138.0,FM2407,M1N,192.0,1.0,10.0,9.0,2025-08-05 00:00:00,2025-07-29 00:00:00,Urochloa humidicola,Breeding,BH16_1763,,,hybrid,349.97,106.53,0.31,27.33,,0.25,426.13,4261.33,4.26,25.57,3
F25-2145,CIAT-BH-16-B-2165,2.0,467.0,Breeding,Urochloa humidicola,Grasses,97.83,10.78,89.22,6.57,31.35,71.26,2.0,34.37,88.67,166.23,54.76,3.32,12.58,14.25,23.72,43.54,350.1,9.0,Low,Not High,Category_2,30.0,Q1,99.0,FM2407,M1N,278.0,2.0,18.0,3.0,2025-08-05 00:00:00,2025-05-08 00:00:00,Urochloa humidicola,Breeding,BH16B_2165,,,hybrid,171.85,48.3,0.28,26.5,,0.25,193.2,1932.0,1.94,11.59,2
F25-2146,CIAT-BH-16-B-2167,2.0,469.0,Breeding,Urochloa humidicola,Grasses,98.1,11.51,88.49,6.34,34.92,72.45,2.0,31.61,83.66,154.42,49.81,3.23,12.67,13.87,21.41,43.77,422.52,9.0,Low,Not High,Category_2,32.0,Q3,246.0,FM2407,M1N,237.0,1.0,14.0,4.0,2025-08-05 00:00:00,2025-05-08 00:00:00,Urochloa humidicola,Breeding,BH16B_2167,,,hybrid,205.43,54.9,0.27,25.83,,0.25,219.6,2196.0,2.2,13.18,3
F25-2147,CIAT-CIAT-16886,2.0,471.0,Breeding,Urochloa humidicola,Grasses,98.05,11.56,88.44,7.95,34.95,70.81,2.0,33.29,84.74,156.54,54.54,3.5,13.17,14.11,22.12,40.89,342.02,9.0,Low,Not High,Category_2,13.0,Q1,108.0,FM2407,M1N,385.0,2.0,29.0,5.0,2025-08-05 00:00:00,2025-07-25 00:00:00,Urochloa humidicola,Breeding,CIAT_16886,,,accesion,354.4,91.1,0.26,26.5,,0.25,364.4,3644.0,3.64,21.86,3
F25-2148,CIAT-CIAT-16891,2.0,473.0,Breeding,Urochloa humidicola,Grasses,98.4,12.85,87.15,6.7,31.56,67.91,2.0,30.83,79.63,146.25,49.99,3.44,12.63,14.02,20.54,41.7,461.29,9.0,Low,Not High,Category_2,18.0,Q3,240.0,FM2407,M1N,138.0,1.0,4.0,3.0,2025-08-05 00:00:00,2025-07-25 00:00:00,Urochloa humidicola,Breeding,CIAT_16891,,,accesion,254.8,66.33,0.26,23.33,,0.25,265.33,2653.33,2.65,15.92,3
F25-2149,CIAT-CIAT-26146,2.0,475.0,Breeding,Urochloa humidicola,Grasses,98.78,12.18,87.82,6.52,34.83,72.54,2.0,31.22,87.59,159.56,51.97,3.28,12.61,14.08,22.48,44.07,394.53,9.0,Low,Not High,Category_2,35.0,Q2,189.0,FM2407,M1N,155.0,1.0,6.0,6.0,2025-08-05 00:00:00,2025-07-29 00:00:00,Urochloa humidicola,Breeding,CIAT_26146,,,accesion,304.87,92.23,0.33,19.17,,0.25,368.93,3689.33,3.69,22.14,3
F25-2150,CIAT-CIAT-26149,2.0,477.0,Breeding,Urochloa humidicola,Grasses,98.44,14.71,85.29,6.87,29.44,67.52,2.0,34.56,88.18,162.6,52.93,3.28,12.44,14.02,22.81,43.75,441.89,9.0,Low,Not High,Category_2,31.0,Q2,161.0,FM2407,M1N,336.0,2.0,24.0,5.0,2025-08-05 00:00:00,2025-07-29 00:00:00,Urochloa humidicola,Breeding,CIAT_26149,,,accesion,451.5,134.5,0.3,29.5,,0.25,538.0,5380.0,5.38,32.28,2
F25-2151,CIAT-CIAT-26160,2.0,479.0,Breeding,Urochloa humidicola,Grasses,98.1,14.13,85.87,6.85,32.95,68.42,2.0,31.91,84.89,157.28,52.52,3.38,12.82,14.34,22.59,44.14,463.98,9.0,Low,Not High,Category_2,37.0,Q2,176.0,FM2407,M1N,433.0,3.0,34.0,8.0,2025-08-05 00:00:00,2025-07-25 00:00:00,Urochloa humidicola,Breeding,CIAT_26160,,,accesion,237.37,64.23,0.27,32.67,,0.25,256.93,2569.33,2.57,15.42,3
F25-2152,CIAT-CIAT-26415,2.0,481.0,Breeding,Urochloa humidicola,Grasses,97.76,13.34,86.66,6.65,31.58,69.04,2.0,30.48,79.09,147.76,48.43,3.32,12.09,13.65,20.19,42.34,467.48,9.0,Low,Not High,Category_2,23.0,Q3,294.0,FM2407,M1N,362.0,2.0,27.0,2.0,2025-08-05 00:00:00,2025-07-29 00:00:00,Urochloa humidicola,Breeding,CIAT_26415,,,accesion,296.85,81.45,0.28,22.0,,0.25,325.8,3258.0,3.26,19.55,2
F25-2153,CIAT-BH-22-4092,2.0,483.0,Breeding,Urochloa humidicola,Grasses,98.22,14.52,85.48,7.39,30.64,67.4,2.0,36.83,84.0,157.54,47.84,3.05,12.6,14.1,22.23,47.18,597.32,9.0,Medium,Not High,Category_2,65.0,Q3,309.0,FM2407,M1N,197.0,1.0,10.0,4.0,2025-08-05 00:00:00,2025-07-29 00:00:00,Urochloa humidicola,Breeding,BH22_4092,,,hybrid,533.6,139.7,0.26,37.0,,0.25,558.8,5588.0,5.59,33.53,3
F25-2154,CIAT-CIAT-26438,2.0,485.0,Breeding,Urochloa humidicola,Grasses,98.01,12.58,87.42,7.38,34.69,72.55,2.0,33.76,84.74,156.26,42.4,2.72,12.54,13.91,21.78,54.8,137.65,7.0,Medium,Not High,Category_2,214.0,Q4,383.0,FM2407,M1N,289.0,2.0,19.0,9.0,2025-08-05 00:00:00,2025-07-29 00:00:00,Urochloa humidicola,Breeding,CIAT_26438,,,accesion,398.67,103.33,0.26,26.67,,0.25,413.33,4133.33,4.13,24.8,3
F25-2155,CIAT-CIAT-26570,2.0,487.0,Breeding,Urochloa humidicola,Grasses,97.83,13.76,86.24,7.8,29.98,66.42,2.0,34.04,79.69,148.51,48.12,3.24,13.32,14.65,21.74,45.45,612.5,6.0,Low,Not High,Category_2,46.0,Q3,301.0,FM2407,M1N,275.0,2.0,18.0,6.0,2025-08-05 00:00:00,2025-07-29 00:00:00,Urochloa humidicola,Breeding,CIAT_26570,,,accesion,232.4,63.87,0.27,18.33,,0.25,255.47,2554.67,2.56,15.33,3
F25-2156,CIAT-BH-22-3115,2.0,489.0,Breeding,Urochloa humidicola,Grasses,97.62,11.25,88.75,5.65,33.37,70.99,2.0,31.02,84.54,160.37,37.57,2.34,12.14,13.86,22.23,62.57,266.88,9.0,High,Not High,Category_4,123.0,Q4,424.0,FM2407,M1N,497.0,3.0,40.0,4.0,2025-08-05 00:00:00,2025-05-08 00:00:00,Urochloa humidicola,Breeding,BH22_3115,,,hybrid,312.53,69.23,0.22,26.0,,0.25,276.93,2769.33,2.77,16.62,3
F25-2157,CIAT-BH-22-1375,2.0,491.0,Breeding,Urochloa humidicola,Grasses,97.27,13.89,86.11,7.61,32.47,67.66,2.0,35.34,87.43,167.99,41.97,2.5,12.43,14.07,23.69,58.78,610.27,7.0,High,Not High,Category_4,94.0,Q4,388.0,FM2407,M1N,344.0,2.0,25.0,4.0,2025-08-05 00:00:00,2025-07-25 00:00:00,Urochloa humidicola,Breeding,BH22_1375,,,hybrid,452.17,119.03,0.26,28.67,,0.25,476.13,4761.33,4.76,28.57,3
F25-2158,CIAT-CIAT-6133,2.0,493.0,Breeding,Urochloa humidicola,Grasses,98.39,11.51,88.49,6.57,33.67,72.89,2.0,29.9,83.48,159.55,40.88,2.59,12.4,13.93,22.23,57.67,-105.14,7.0,Medium,Not High,Category_2,277.0,Q4,397.0,FM2407,M1N,390.0,2.0,29.0,10.0,2025-08-05 00:00:00,2025-07-29 00:00:00,Urochloa humidicola,Breeding,CIAT_6133,,Llanero,accesion,460.33,118.03,0.26,32.67,,0.25,472.13,4721.33,4.72,28.33,3
F25-2159,CIAT-CIAT-679,2.0,495.0,Breeding,Urochloa humidicola,Grasses,97.32,12.01,87.99,6.19,31.72,70.77,2.0,33.53,90.21,175.51,41.12,2.36,12.4,13.89,24.4,62.47,-1161.73,6.0,High,Not High,Category_4,106.0,Q4,396.0,FM2407,M1N,170.0,1.0,7.0,10.0,2025-08-05 00:00:00,2025-07-29 00:00:00,Urochloa humidicola,Breeding,CIAT_679,,Tully,accesion,194.8,50.43,0.26,17.67,,0.25,201.73,2017.33,2.02,12.1,3
F25-2160,CIAT-BH-22-4865,2.0,497.0,Breeding,Urochloa humidicola,Grasses,97.48,15.16,84.84,8.77,32.48,67.33,2.0,28.9,75.25,143.84,36.5,2.62,12.82,14.07,20.28,61.35,705.11,8.0,High,Not High,Category_4,124.0,Q4,432.0,FM2407,M1N,410.0,3.0,31.0,10.0,2025-08-05 00:00:00,2025-07-29 00:00:00,Urochloa humidicola,Breeding,BH22_4865,,,hybrid,283.87,84.6,0.3,15.67,,0.25,338.4,3384.0,3.38,20.3,3
F25-2161,CIAT-BH-22-1706,2.0,499.0,Breeding,Urochloa humidicola,Grasses,97.71,11.63,88.37,5.66,34.58,72.37,2.0,28.44,78.78,147.41,36.12,2.49,12.4,13.86,20.44,60.81,-2546.39,6.0,High,Not High,Category_4,122.0,Q4,436.0,FM2407,M1N,438.0,3.0,34.0,3.0,2025-08-05 00:00:00,2025-05-08 00:00:00,Urochloa humidicola,Breeding,BH22_1706,,,hybrid,221.1,60.57,0.28,27.0,,0.25,242.27,2422.67,2.42,14.54,3
F25-2162,CIAT-BH-22-4169,2.0,501.0,Breeding,Urochloa humidicola,Grasses,97.63,12.27,87.73,7.41,35.74,72.26,2.0,26.47,76.25,142.56,30.14,2.08,12.9,14.2,20.26,74.49,2884.43,8.0,High,Not High,Category_4,156.0,Q4,452.0,FM2407,M1N,378.0,2.0,28.0,3.0,2025-08-05 00:00:00,2025-05-08 00:00:00,Urochloa humidicola,Breeding,BH22_4169,,,hybrid,238.2,57.4,0.24,27.33,,0.25,229.6,2296.0,2.3,13.78,3
F25-2163,CIAT-BH-22-1258,2.0,503.0,Breeding,Urochloa humidicola,Grasses,97.73,12.53,87.47,7.02,34.18,71.11,2.0,31.96,82.13,152.54,27.68,1.8,12.87,14.04,21.43,82.25,-284.64,9.0,High,Not High,Category_4,163.0,Q4,456.0,FM2407,M1N,380.0,2.0,28.0,1.0,2025-08-05 00:00:00,2025-07-29 00:00:00,Urochloa humidicola,Breeding,BH22_1258,,,hybrid,359.8,89.5,0.25,17.0,,0.25,358.0,3580.0,3.58,21.48,2
F25-2164,CIAT-BH-22-1370,2.0,505.0,Breeding,Urochloa humidicola,Grasses,97.72,15.36,84.64,8.67,29.64,66.17,2.0,28.9,75.43,138.31,41.92,3.04,12.9,13.96,19.3,48.47,-350.99,7.0,Medium,Not High,Category_2,84.0,Q4,389.0,FM2407,M1N,511.0,3.0,42.0,10.0,2025-08-05 00:00:00,2025-07-25 00:00:00,Urochloa humidicola,Breeding,BH22_1370,,,hybrid,314.37,96.27,0.31,18.83,,0.25,385.07,3850.67,3.85,23.1,3
F25-2165,CIAT-BH-22-2225,2.0,507.0,Breeding,Urochloa humidicola,Grasses,98.06,10.2,89.8,6.62,36.25,73.12,2.0,32.28,82.1,153.88,39.81,2.6,13.15,14.31,22.03,56.26,763.89,6.0,Medium,Not High,Category_2,246.0,Q4,408.0,FM2407,M1N,372.0,2.0,28.0,9.0,2025-08-05 00:00:00,2025-07-29 00:00:00,Urochloa humidicola,Breeding,BH22_2225,,,hybrid,412.9,121.23,0.3,34.17,,0.25,484.93,4849.33,4.85,29.1,3
F25-2167,CIAT-BH-22-3507,2.0,511.0,Breeding,Urochloa humidicola,Grasses,97.94,12.18,87.82,6.61,35.29,71.87,2.0,28.4,70.99,134.39,25.03,1.87,12.8,13.95,18.79,88.9,603.41,8.0,High,Not High,Category_4,166.0,Q4,462.0,FM2407,M1N,270.0,2.0,17.0,10.0,2025-08-05 00:00:00,2025-07-31 00:00:00,Urochloa humidicola,Breeding,BH22_3507,,,hybrid,194.07,63.03,0.32,20.83,,0.25,252.13,2521.33,2.52,15.13,3
F25-2168,CIAT-BH-22-4253,2.0,513.0,Breeding,Urochloa humidicola,Grasses,97.97,13.12,86.88,8.47,32.1,68.01,2.0,30.74,74.55,140.67,36.45,2.63,12.87,13.84,19.45,56.84,126.43,6.0,Medium,Not High,Category_2,259.0,Q4,434.0,FM2407,M1N,463.0,3.0,37.0,3.0,2025-08-05 00:00:00,2025-07-31 00:00:00,Urochloa humidicola,Breeding,BH22_4253,,,hybrid,434.07,121.0,0.28,28.67,,0.25,484.0,4840.0,4.84,29.04,3
F25-2169,CIAT-BH-22-2189,2.0,515.0,Breeding,Urochloa humidicola,Grasses,96.9,15.59,84.41,8.01,33.24,68.2,2.0,28.62,69.99,133.91,27.59,2.1,12.93,14.05,18.84,76.17,-1401.21,9.0,High,Not High,Category_4,158.0,Q4,457.0,FM2407,M1N,257.0,2.0,16.0,4.0,2025-08-05 00:00:00,2025-07-31 00:00:00,Urochloa humidicola,Breeding,BH22_2189,,,hybrid,207.65,67.55,0.33,25.75,,0.25,270.2,2702.0,2.7,16.21,2
F25-2170,CIAT-BH-22-0765,2.0,517.0,Breeding,Urochloa humidicola,Grasses,97.49,10.75,89.25,9.79,36.16,72.26,4.0,35.22,78.98,163.41,36.68,2.2,13.96,14.43,23.52,69.89,335.56,5.0,High,Not High,Category_4,139.0,Q4,431.0,FM2407,M1N,231.0,1.0,14.0,10.0,2025-08-05 00:00:00,2025-07-31 00:00:00,Urochloa humidicola,Breeding,BH22_765,,,hybrid,220.07,67.6,0.31,22.0,,0.25,270.4,2704.0,2.7,16.22,3
F25-2171,CIAT-BH-22-2531,2.0,519.0,Breeding,Urochloa humidicola,Grasses,96.45,12.34,87.66,6.22,33.04,71.22,4.0,38.17,92.44,191.09,40.48,2.1,13.04,14.14,27.02,71.64,346.71,7.0,High,Not High,Category_4,133.0,Q4,403.0,FM2407,M1N,352.0,2.0,26.0,9.0,2025-08-05 00:00:00,2025-07-25 00:00:00,Urochloa humidicola,Breeding,BH22_2531,,,hybrid,257.1,73.87,0.29,21.67,,0.25,295.47,2954.67,2.95,17.73,3
F25-2172,CIAT-BH-22-0132,2.0,521.0,Breeding,Urochloa humidicola,Grasses,96.53,10.96,89.04,6.6,35.42,71.89,2.0,30.5,78.1,147.38,33.38,2.38,12.77,13.95,20.58,69.18,-1126.97,6.0,High,Not High,Category_4,145.0,Q4,448.0,FM2407,M1N,470.0,3.0,37.0,10.0,2025-08-05 00:00:00,2025-05-08 00:00:00,Urochloa humidicola,Breeding,BH22_132,,,hybrid,283.07,76.2,0.27,27.5,,0.25,304.8,3048.0,3.05,18.29,3
F25-2173,CIAT-BH-22-3521,2.0,523.0,Breeding,Urochloa humidicola,Grasses,97.41,11.34,88.66,8.41,27.69,67.79,2.0,30.58,74.21,137.13,36.99,2.76,13.08,13.92,19.08,55.84,6151.64,6.0,Medium,Not High,Category_2,234.0,Q4,430.0,FM2407,M1N,263.0,2.0,17.0,3.0,2025-08-05 00:00:00,2025-05-08 00:00:00,Urochloa humidicola,Breeding,BH22_3521,,,hybrid,141.23,39.63,0.28,26.17,,0.25,158.53,1585.33,1.59,9.51,3
F25-2174,CIAT-BH-22-2074,2.0,531.0,Breeding,Urochloa humidicola,Grasses,96.84,13.34,86.66,7.65,31.56,67.8,2.0,31.88,86.43,178.39,45.93,2.58,13.33,14.6,26.07,59.36,558.45,9.0,High,Not High,Category_4,75.0,Q3,347.0,FM2407,M1N,248.0,2.0,15.0,8.0,2025-08-05 00:00:00,2025-07-25 00:00:00,Urochloa humidicola,Breeding,BH22_2074,,,hybrid,483.53,119.77,0.25,32.67,,0.25,479.07,4790.67,4.79,28.74,3
F25-2175,CIAT-BH-22-0456,2.0,533.0,Breeding,Urochloa humidicola,Grasses,96.71,10.99,89.01,6.02,29.8,67.9,2.0,31.72,89.04,184.06,51.84,2.83,13.02,13.9,25.62,49.34,436.79,6.0,Medium,Not High,Category_2,95.0,Q2,195.0,FM2407,M1N,383.0,2.0,29.0,3.0,2025-08-05 00:00:00,2025-07-31 00:00:00,Urochloa humidicola,Breeding,BH22_456,,,hybrid,324.67,101.47,0.31,21.83,,0.25,405.87,4058.67,4.06,24.35,3
F25-2176,CIAT-BH-22-1832,2.0,535.0,Breeding,Urochloa humidicola,Grasses,97.35,10.82,89.18,6.64,32.6,72.56,2.0,31.79,86.48,177.56,46.12,2.61,13.07,14.05,24.99,60.01,107.32,7.0,High,Not High,Category_4,77.0,Q3,342.0,FM2407,M1N,227.0,1.0,13.0,7.0,2025-08-05 00:00:00,2025-07-31 00:00:00,Urochloa humidicola,Breeding,BH22_1832,,,hybrid,305.5,82.13,0.27,20.5,,0.25,328.53,3285.33,3.29,19.71,3
F25-2178,CIAT-BH-22-0071,2.0,539.0,Breeding,Urochloa humidicola,Grasses,97.09,13.53,86.47,7.41,36.88,70.97,2.0,27.62,76.17,156.82,46.77,2.99,12.98,14.11,22.16,47.41,446.3,6.0,Medium,Not High,Category_2,69.0,Q3,332.0,FM2407,M1N,159.0,1.0,6.0,2.0,2025-08-05 00:00:00,2025-05-08 00:00:00,Urochloa humidicola,Breeding,BH22_71,,,hybrid,158.7,41.5,0.26,24.5,,0.25,166.0,1660.0,1.66,9.96,3
F25-2179,CIAT-BH-22-4454,2.0,541.0,Breeding,Urochloa humidicola,Grasses,97.61,11.16,88.84,6.53,31.12,68.58,2.0,32.19,80.37,164.61,45.38,2.76,13.42,14.52,23.9,52.87,614.83,6.0,Medium,Not High,Category_2,166.0,Q4,355.0,FM2407,M1N,402.0,3.0,31.0,2.0,2025-08-05 00:00:00,2025-05-08 00:00:00,Urochloa humidicola,Breeding,BH22_4454,,,hybrid,193.97,47.9,0.25,26.33,,0.25,191.6,1916.0,1.92,11.5,3
F25-2181,CIAT-BH-22-1303,2.0,545.0,Breeding,Urochloa humidicola,Grasses,96.86,11.54,88.46,7.59,35.25,72.12,2.0,30.2,83.25,171.83,45.5,2.67,13.0,14.14,24.35,53.84,488.64,6.0,Medium,Not High,Category_2,193.0,Q4,352.0,FM2407,M1N,320.0,2.0,22.0,1.0,2025-08-05 00:00:00,2025-07-25 00:00:00,Urochloa humidicola,Breeding,BH22_1303,,,hybrid,292.67,86.1,0.29,27.17,,0.25,344.4,3444.0,3.44,20.66,3
F25-2182,CIAT-BH-22-2508,2.0,547.0,Breeding,Urochloa humidicola,Grasses,97.89,13.19,86.81,8.68,33.88,70.43,2.0,34.69,85.7,174.98,40.88,2.37,13.3,14.46,25.33,67.68,-245.25,8.0,High,Not High,Category_4,125.0,Q4,398.0,FM2407,M1N,176.0,1.0,8.0,5.0,2025-08-05 00:00:00,2025-07-31 00:00:00,Urochloa humidicola,Breeding,BH22_2508,,,hybrid,370.95,101.3,0.27,24.25,,0.25,405.2,4052.0,4.06,24.31,2
F25-2183,CIAT-BH-22-2046,2.0,549.0,Breeding,Urochloa humidicola,Grasses,97.08,10.35,89.65,6.71,32.18,70.29,2.0,34.25,85.72,176.52,39.13,2.25,12.5,13.83,24.45,68.15,568.81,7.0,High,Not High,Category_4,129.0,Q4,413.0,FM2407,M1N,370.0,2.0,27.0,10.0,2025-08-05 00:00:00,2025-07-31 00:00:00,Urochloa humidicola,Breeding,BH22_2046,,,hybrid,228.97,65.23,0.29,24.83,,0.25,260.93,2609.33,2.61,15.66,3
F25-2184,CIAT-BH-22-0303,4.0,103.0,Genetic_bank,Urochloa humidicola,Grasses,94.84,9.51,90.49,8.02,33.13,68.08,6.0,35.12,87.18,183.74,42.06,2.29,13.87,14.82,27.23,65.96,1.75,10.0,High,Not High,Category_4,114.0,Q4,387.0,FM2407,M1N,347.0,2.0,25.0,7.0,2025-08-05 00:00:00,2025-07-31 00:00:00,Urochloa humidicola,Breeding,BH22_303,,,hybrid,250.57,83.43,0.33,27.67,,0.25,333.73,3337.33,3.34,20.02,3
F25-2185,CIAT-BH-22-1594,4.0,105.0,Genetic_bank,Urochloa humidicola,Grasses,95.08,11.59,88.41,7.96,34.08,68.32,2.0,35.01,88.19,185.41,37.18,2.0,14.28,14.91,27.72,77.18,1.65,6.0,High,Not High,Category_4,151.0,Q4,427.0,FM2407,M1N,191.0,1.0,10.0,10.0,2025-08-05 00:00:00,2025-07-31 00:00:00,Urochloa humidicola,Breeding,BH22_1594,,,hybrid,306.17,94.83,0.32,27.33,,0.25,379.33,3793.33,3.79,22.76,3
F25-2186,CIAT-BH-22-0468,4.0,107.0,Genetic_bank,Urochloa humidicola,Grasses,96.02,10.67,89.33,9.59,33.18,67.84,2.0,32.53,81.22,169.11,34.63,2.06,14.35,14.8,25.11,75.5,0.13,8.0,High,Not High,Category_4,153.0,Q4,443.0,FM2407,M1N,323.0,2.0,23.0,3.0,2025-08-05 00:00:00,2025-07-25 00:00:00,Urochloa humidicola,Breeding,BH22_468,,,hybrid,305.67,81.1,0.27,26.5,,0.25,324.4,3244.0,3.25,19.46,3
F25-2187,CIAT-BH-22-3830,4.0,109.0,Genetic_bank,Urochloa humidicola,Grasses,95.96,10.19,89.81,8.04,32.62,67.43,2.0,40.51,97.36,202.78,40.8,2.0,13.9,14.78,30.03,75.1,0.76,6.0,High,Not High,Category_4,140.0,Q4,400.0,FM2407,M1N,318.0,2.0,22.0,3.0,2025-08-05 00:00:00,2025-05-08 00:00:00,Urochloa humidicola,Breeding,BH22_3830,,,hybrid,200.7,50.77,0.25,25.83,,0.25,203.07,2030.67,2.03,12.18,3
F25-2188,CIAT-BH-22-1710,4.0,111.0,Genetic_bank,Urochloa humidicola,Grasses,97.27,9.94,90.06,7.56,35.3,69.39,2.0,35.31,86.78,178.34,36.11,2.03,13.94,14.66,26.19,73.82,-9.63,7.0,High,Not High,Category_4,147.0,Q4,437.0,FM2407,M1N,216.0,1.0,12.0,5.0,2025-08-05 00:00:00,2025-07-31 00:00:00,Urochloa humidicola,Breeding,BH22_1710,,,hybrid,273.97,84.63,0.31,22.5,,0.25,338.53,3385.33,3.38,20.31,3
F25-2189,CIAT-BH-22-2365,4.0,113.0,Genetic_bank,Urochloa humidicola,Grasses,97.1,12.34,87.66,9.98,31.98,64.14,2.0,35.69,87.67,180.47,39.83,2.21,14.0,14.44,26.1,66.84,0.84,5.0,High,Not High,Category_4,126.0,Q4,407.0,FM2407,M1N,531.0,3.0,44.0,10.0,2025-08-05 00:00:00,2025-07-25 00:00:00,Urochloa humidicola,Breeding,BH22_2365,,,hybrid,237.77,75.73,0.32,23.83,,0.25,302.93,3029.33,3.03,18.18,3
F25-2190,CIAT-BH-22-3572,4.0,115.0,Genetic_bank,Urochloa humidicola,Grasses,96.5,10.04,89.96,7.98,32.77,68.19,2.0,34.25,82.25,170.32,26.27,1.54,13.37,13.78,23.46,89.34,-1.41,3.0,High,Not High,Category_4,165.0,Q4,461.0,FM2407,M1N,223.0,1.0,13.0,3.0,2025-08-05 00:00:00,2025-07-31 00:00:00,Urochloa humidicola,Breeding,BH22_3572,,,hybrid,379.1,113.03,0.3,29.5,,0.25,452.13,4521.33,4.52,27.13,3
F25-2191,CIAT-BH-22-0517,4.0,117.0,Genetic_bank,Urochloa humidicola,Grasses,96.87,10.26,89.74,8.21,34.31,69.46,4.0,34.54,87.52,180.6,46.48,2.57,13.65,14.77,26.67,57.99,0.66,6.0,High,Not High,Category_4,61.0,Q3,335.0,FM2407,M1N,382.0,2.0,29.0,2.0,2025-08-05 00:00:00,2025-07-31 00:00:00,Urochloa humidicola,Breeding,BH22_517,,,hybrid,495.0,131.95,0.27,29.0,,0.25,527.8,5278.0,5.28,31.67,2
F25-2192,CIAT-BH-22-0519,4.0,119.0,Genetic_bank,Urochloa humidicola,Grasses,97.66,11.14,88.86,9.36,31.68,64.58,6.0,34.45,81.17,166.15,42.7,2.57,13.86,15.06,25.01,59.36,-0.89,10.0,High,Not High,Category_4,93.0,Q4,380.0,FM2407,M1N,244.0,1.0,15.0,4.0,2025-08-05 00:00:00,2025-07-31 00:00:00,Urochloa humidicola,Breeding,BH22_519,,,hybrid,362.47,102.0,0.29,23.83,,0.25,408.0,4080.0,4.08,24.48,3
F25-2193,CIAT-BH-22-0521,4.0,121.0,Genetic_bank,Urochloa humidicola,Grasses,96.53,10.99,89.01,9.03,31.72,66.88,2.0,41.17,38.84,8.22,13.82,189.71,32.5,1.71,14.38,15.04,28.61,6.0,Low,Not High,Category_2,1.0,Q4,466.0,FM2407,M1N,342.0,2.0,25.0,2.0,2025-08-05 00:00:00,2025-07-25 00:00:00,Urochloa humidicola,Breeding,BH22_521,,,hybrid,499.9,124.87,0.25,32.67,,0.25,499.47,4994.67,5.0,29.97,3
F26-0540-,CIAT-BR-09-2656,5.0,,Breeding,Urochloa interespecific,Grasses,93.42,13.87,86.13,20.4,26.31,58.8,2.0,33.61,84.44,180.68,56.09,3.11,12.92,14.86,26.84,47.98,0.51,6.0,Medium,Not High,Category_2,75.0,Q1,67.0,FM2411,I1N,514.0,2.0,37.0,10.0,2026-02-19 00:00:00,2026-02-11 00:00:00,Interspecific U.,Breeding,BR09_2656,,,hybrid,650.0,137.4,0.21,32.5,3.0,0.78,177.29,1772.94,1.78,10.64,2
F26-0541,CIAT-BR-09-4151,5.0,,Breeding,Urochloa interespecific,Grasses,93.29,12.22,87.78,18.71,26.4,59.71,2.0,32.15,82.0,175.7,54.76,3.12,13.72,15.0,26.36,48.18,0.51,6.0,Medium,Not High,Category_2,78.0,Q1,100.0,FM2411,I1N,307.0,2.0,22.0,13.0,2026-02-19 00:00:00,2026-02-11 00:00:00,Interspecific U.,Breeding,BR09_4151,,,hybrid,626.87,142.83,0.23,44.67,2.83,0.65,219.45,2194.48,2.19,13.17,3
F26-0542,CIAT-BR-09-4014,5.0,,Breeding,Urochloa interespecific,Grasses,94.06,12.98,87.02,18.84,28.23,61.77,2.0,27.86,79.94,169.88,55.33,3.26,14.33,15.09,25.63,46.42,0.45,6.0,Low,Not High,Category_2,56.0,Q1,85.0,FM2411,I1N,575.0,2.0,42.0,1.0,2026-02-19 00:00:00,2026-02-11 00:00:00,Interspecific U.,Breeding,BR09_4014,,,hybrid,754.95,146.0,0.19,43.0,2.75,0.7,209.23,2092.27,2.1,12.55,2
F26-0545,CIAT-BR-19-2886,5.0,,Breeding,Urochloa interespecific,Grasses,93.73,14.41,85.59,19.64,26.33,59.51,2.0,31.86,83.08,177.21,51.45,2.9,13.1,14.96,26.51,51.57,0.69,6.0,Medium,Not High,Category_2,140.0,Q2,205.0,FM2411,I1N,877.0,3.0,63.0,9.0,2026-02-19 00:00:00,2026-02-11 00:00:00,Interspecific U.,Breeding,BR19_2886,,,hybrid,618.67,134.63,0.22,45.0,2.67,0.66,206.35,2063.46,2.06,12.38,3
F26-0546,CIAT-BR-05-1467,5.0,,Breeding,Urochloa interespecific,Grasses,92.91,15.07,84.93,18.97,28.47,60.88,2.0,28.52,77.77,167.3,48.89,2.93,13.02,15.05,25.15,51.68,0.81,6.0,Medium,Not High,Category_2,143.0,Q3,273.0,FM2411,I1N,337.0,2.0,25.0,1.0,2026-02-19 00:00:00,2026-02-11 00:00:00,Interspecific U.,Breeding,BR05_1467,,,hybrid,1153.67,237.74,0.21,47.0,2.83,0.72,336.68,3366.83,3.37,20.2,3
F26-0547,CIAT-BR-19-5294,5.0,,Breeding,Urochloa interespecific,Grasses,94.22,13.74,86.26,19.41,27.36,63.29,2.0,28.11,73.69,156.34,51.01,6.95,12.9,14.69,23.09,46.35,0.56,6.0,Low,Not High,Category_2,55.0,Q2,214.0,FM2411,I1N,795.0,3.0,57.0,11.0,2026-02-19 00:00:00,2026-02-11 00:00:00,Interspecific U.,Breeding,BR19_5294,,,hybrid,759.47,172.22,0.23,46.67,3.0,0.79,221.66,2216.64,2.22,13.3,3
F26-0549,CIAT-BR-12-3436,5.0,,Breeding,Urochloa interespecific,Grasses,92.77,14.0,86.0,20.72,24.89,64.48,2.0,32.36,77.27,166.53,47.02,2.83,13.82,15.38,25.63,54.69,0.69,6.0,Medium,Not High,Category_2,211.0,Q3,326.0,FM2411,I1N,154.0,1.0,11.0,14.0,2026-02-19 00:00:00,2026-02-11 00:00:00,Interspecific U.,Breeding,BR12_3436,,,hybrid,550.8,119.99,0.22,40.67,2.83,0.64,194.83,1948.25,1.95,11.69,3
F26-0551,CIAT-BR-09-2267,5.0,,Breeding,Urochloa interespecific,Grasses,91.86,14.05,85.95,22.28,24.55,64.61,2.0,30.73,77.33,168.27,50.89,3.02,12.92,14.97,25.19,49.55,0.5,6.0,Medium,Not High,Category_2,98.0,Q2,216.0,FM2411,I1N,539.0,2.0,39.0,7.0,2026-02-19 00:00:00,2026-02-11 00:00:00,Interspecific U.,Breeding,BR09_2267,,,hybrid,920.53,193.95,0.21,44.33,3.0,0.72,265.41,2654.1,2.66,15.92,3
F26-0552,CIAT-BR-09-3167,5.0,,Breeding,Urochloa interespecific,Grasses,93.43,12.12,87.88,18.6,25.24,63.46,2.0,37.02,85.85,183.65,51.9,2.83,13.58,15.04,27.62,53.47,0.56,6.0,Medium,Not High,Category_2,184.0,Q2,191.0,FM2411,I1N,226.0,1.0,17.0,2.0,2026-02-19 00:00:00,2026-02-11 00:00:00,Interspecific U.,Breeding,BR09_3167,,,hybrid,788.47,184.49,0.23,47.67,2.67,0.66,281.44,2814.44,2.82,16.89,3
F26-0554,CIAT-BR-12-5082,5.0,,Breeding,Urochloa interespecific,Grasses,92.63,13.59,86.41,18.83,26.48,63.06,2.0,32.61,80.85,174.49,50.55,2.9,13.32,14.89,25.97,51.64,0.62,6.0,Medium,Not High,Category_2,141.0,Q2,226.0,FM2411,I1N,230.0,1.0,17.0,6.0,2026-02-19 00:00:00,2026-02-11 00:00:00,Interspecific U.,Breeding,BR12_5082,,,hybrid,491.63,99.37,0.2,38.33,2.67,0.63,147.57,1475.72,1.48,8.85,3
F26-0555,CIAT-BR-12-5323,5.0,,Breeding,Urochloa interespecific,Grasses,93.9,13.17,86.83,19.74,27.36,64.76,2.0,29.11,77.85,165.74,48.02,2.89,12.38,14.68,24.32,51.26,0.74,6.0,Medium,Not High,Category_2,131.0,Q3,304.0,FM2411,I1N,711.0,3.0,51.0,11.0,2026-02-19 00:00:00,2026-02-11 00:00:00,Interspecific U.,Breeding,BR12_5323,,,hybrid,886.33,178.78,0.2,51.0,2.83,0.74,241.08,2410.84,2.41,14.47,3
F26-0556,CIAT-BR-15-1168,5.0,,Breeding,Urochloa interespecific,Grasses,92.87,12.91,87.09,19.79,25.38,63.94,2.0,34.19,82.6,177.86,51.66,2.91,13.22,15.0,26.67,52.24,0.63,6.0,Medium,Not High,Category_2,155.0,Q2,199.0,FM2411,I1N,322.0,2.0,23.0,14.0,2026-02-19 00:00:00,2026-02-11 00:00:00,Interspecific U.,Breeding,BR15_1168,,,hybrid,769.77,169.45,0.22,40.67,2.83,0.69,248.5,2485.03,2.49,14.91,3
F26-0557,CIAT-BR-12-2679,5.0,,Breeding,Urochloa interespecific,Grasses,93.25,12.77,87.23,20.34,26.71,65.59,2.0,32.44,83.85,179.73,50.83,2.83,13.0,14.57,26.19,52.04,0.56,6.0,Medium,Not High,Category_2,150.0,Q2,219.0,FM2411,I1N,780.0,3.0,56.0,10.0,2026-02-19 00:00:00,2026-02-11 00:00:00,Interspecific U.,Breeding,BR12_2679,,,hybrid,1124.1,225.67,0.2,47.0,2.67,0.8,283.65,2836.47,2.84,17.02,3
F26-0558,CIAT-BR-09-3341,5.0,,Breeding,Urochloa interespecific,Grasses,92.4,13.3,86.7,19.96,25.45,63.61,2.0,36.36,84.44,182.69,48.68,2.67,13.18,14.91,27.23,56.2,0.71,6.0,Medium,Not High,Category_2,244.0,Q3,281.0,FM2411,I1N,299.0,2.0,22.0,5.0,2026-02-19 00:00:00,2026-02-11 00:00:00,Interspecific U.,Breeding,BR09_3341,,,hybrid,847.97,177.21,0.21,43.67,3.0,0.62,292.56,2925.61,2.93,17.55,3
F26-0559,CIAT-BR-09-2715,5.0,,Breeding,Urochloa interespecific,Grasses,93.67,12.46,87.54,17.32,27.05,60.58,2.0,36.69,85.94,183.39,51.03,2.78,13.3,14.54,26.66,52.48,0.75,6.0,Medium,Not High,Category_2,159.0,Q2,213.0,FM2411,I1N,291.0,1.0,21.0,11.0,2026-02-19 00:00:00,2026-02-11 00:00:00,Interspecific U.,Breeding,BR09_2715,,,hybrid,1018.65,220.18,0.23,46.5,3.25,0.78,280.28,2802.84,2.8,16.82,2
F26-0560,CIAT-BR-15-8543,5.0,,Breeding,Urochloa interespecific,Grasses,93.24,14.45,85.55,20.61,25.88,58.22,2.0,32.52,82.69,177.29,49.14,2.77,12.35,14.64,25.97,52.94,1.17,6.0,Medium,Not High,Category_2,170.0,Q3,268.0,FM2411,I1N,678.0,3.0,49.0,6.0,2026-02-19 00:00:00,2026-02-11 00:00:00,Interspecific U.,Breeding,BR15_8543,,,hybrid,1249.77,233.64,0.19,45.33,3.17,0.91,255.2,2551.96,2.55,15.31,3
F26-0561,CIAT-BR-02-1718,5.0,,Breeding,Urochloa interespecific,Grasses,93.5,13.32,86.68,18.75,27.54,59.15,2.0,29.52,78.94,168.75,49.12,2.91,11.72,13.84,23.36,47.69,0.89,6.0,Medium,Not High,Category_2,72.0,Q3,269.0,FM2411,I1N,774.0,3.0,56.0,4.0,2026-02-19 00:00:00,2026-02-11 00:00:00,Interspecific U.,Breeding,BR02_1718,,,hybrid,1251.5,217.04,0.17,36.0,3.5,0.86,253.04,2530.38,2.53,15.18,2
F26-0563,CIAT-BR-15-1462,5.0,,Breeding,Urochloa interespecific,Grasses,93.68,12.16,87.84,20.51,22.71,58.53,2.0,35.44,84.02,179.29,50.38,2.81,13.22,14.64,26.25,52.72,1.59,6.0,Medium,Not High,Category_2,164.0,Q2,232.0,FM2411,I1N,764.0,3.0,55.0,8.0,2026-02-19 00:00:00,2026-02-11 00:00:00,Interspecific U.,Breeding,BR15_1462,,,hybrid,625.6,138.96,0.22,36.33,2.67,0.75,180.27,1802.74,1.8,10.82,3
F26-2915,CIAT-BR-04-2515,6.0,175.0,Breeding,Urochloa interespecific,Grasses,94.72,12.35,87.65,15.31,29.64,63.67,2.0,34.46,91.18,192.43,51.4,2.67,16.6,17.13,32.94,64.15,1.34,6.0,High,Not High,Category_4,64.0,Q2,207.0,FM2411,I1N,236.0,1.0,17.0,12.0,2026-05-08 00:00:00,2026-03-18 00:00:00,Interspecific U.,Breeding,BR04_2515,,,hybrid,644.7,143.3,0.22,,,0.61,236.64,2366.36,2.37,14.2,3
F26-2917,CIAT-BR-09-5252,6.0,179.0,Breeding,Urochloa interespecific,Grasses,94.28,10.78,89.22,15.32,26.84,57.18,2.0,37.21,85.76,181.84,48.67,2.68,15.18,15.88,28.9,59.56,-2.17,6.0,High,Not High,Category_4,54.0,Q3,282.0,FM2411,I1N,775.0,3.0,56.0,5.0,2026-05-08 00:00:00,2026-03-18 00:00:00,Interspecific U.,Breeding,BR09_5252,,,hybrid,617.67,149.51,0.24,,,0.64,235.27,2352.66,2.35,14.12,3
F26-2918,CIAT-BR-12-1176,6.0,181.0,Breeding,Urochloa interespecific,Grasses,93.89,12.22,87.78,16.74,26.48,57.0,2.0,37.13,90.51,192.66,55.03,2.85,14.72,16.53,31.84,58.2,0.8,6.0,High,Not High,Category_4,8.0,Q1,93.0,FM2411,I1N,568.0,2.0,41.0,8.0,2026-05-08 00:00:00,2026-03-18 00:00:00,Interspecific U.,Breeding,BR12_1176,,,hybrid,1122.47,261.38,0.25,37.5,,0.74,339.86,3398.56,3.4,20.39,3
F26-2919,CIAT-BR-12-1280,6.0,183.0,Breeding,Urochloa interespecific,Grasses,94.95,12.42,87.58,18.85,22.12,51.52,2.0,35.63,83.18,175.13,54.13,3.08,15.58,16.93,29.65,55.06,0.72,6.0,Medium,Not High,Category_2,220.0,Q2,118.0,FM2411,I1N,317.0,2.0,23.0,9.0,2026-05-08 00:00:00,2026-03-18 00:00:00,Interspecific U.,Breeding,BR12_1280,,,hybrid,472.25,113.19,0.24,,,0.49,233.7,2337.05,2.34,14.02,2
F26-2920,CIAT-BR-12-1282,6.0,185.0,Breeding,Urochloa interespecific,Grasses,94.67,11.95,88.05,14.75,27.0,56.74,2.0,35.13,85.18,179.86,51.29,2.84,15.42,16.13,29.03,56.84,0.95,6.0,Medium,Not High,Category_2,260.0,Q2,210.0,FM2411,I1N,662.0,3.0,48.0,4.0,2026-05-08 00:00:00,2026-03-18 00:00:00,Interspecific U.,Breeding,BR12_1282,,,hybrid,822.67,151.5,0.18,,,0.63,220.25,2202.5,2.2,13.22,3
F26-2921,CIAT-BR-12-1325,6.0,187.0,Breeding,Urochloa interespecific,Grasses,94.9,12.78,87.22,16.4,27.47,58.3,2.0,32.46,84.68,178.38,49.23,2.75,15.23,16.4,29.26,59.88,0.68,6.0,High,Not High,Category_4,53.0,Q3,266.0,FM2411,I1N,553.0,2.0,40.0,7.0,2026-05-08 00:00:00,2026-03-18 00:00:00,Interspecific U.,Breeding,BR12_1325,,,hybrid,1146.17,230.53,0.21,,,0.84,273.18,2731.79,2.73,16.39,3
F26-2922,CIAT-BR-12-1399,6.0,189.0,Breeding,Urochloa interespecific,Grasses,95.16,11.88,88.12,15.65,27.9,59.79,2.0,36.24,85.2,178.97,57.6,3.23,16.07,16.56,29.6,51.41,0.55,4.0,Medium,Not High,Category_2,135.0,Q1,44.0,FM2411,I1N,840.0,3.0,60.0,14.0,2026-05-08 00:00:00,2026-03-18 00:00:00,Interspecific U.,Breeding,BR12_1399,,,hybrid,653.3,138.69,0.21,,,0.55,243.79,2437.93,2.44,14.63,3
F26-2923,CIAT-BR-12-1418,6.0,191.0,Breeding,Urochloa interespecific,Grasses,93.82,12.02,87.98,16.27,28.31,60.12,2.0,33.88,87.51,186.49,53.28,2.86,16.1,16.64,31.04,58.69,1.1,6.0,High,Not High,Category_4,16.0,Q2,145.0,FM2411,I1N,675.0,3.0,49.0,3.0,2026-05-08 00:00:00,2026-03-18 00:00:00,Interspecific U.,Breeding,BR12_1418,,,hybrid,803.13,185.57,0.23,,,0.68,277.25,2772.51,2.77,16.64,3
F26-2924,CIAT-BR-12-1509,6.0,193.0,Breeding,Urochloa interespecific,Grasses,94.64,13.81,86.19,16.01,27.7,57.26,2.0,39.41,85.37,180.33,55.17,3.06,15.83,16.57,29.87,54.11,0.61,4.0,Medium,Not High,Category_2,200.0,Q1,89.0,FM2411,I1N,616.0,3.0,44.0,14.0,2026-05-08 00:00:00,2026-03-18 00:00:00,Interspecific U.,Breeding,BR12_1509,,,hybrid,521.57,116.82,0.22,,,0.58,204.37,2043.68,2.05,12.26,3
F26-2925,CIAT-BR-12-1535,6.0,195.0,Breeding,Urochloa interespecific,Grasses,94.82,10.96,89.04,15.65,27.4,57.13,2.0,35.79,84.51,178.17,53.95,3.03,16.0,17.31,30.86,57.49,0.8,6.0,Medium,Not High,Category_2,271.0,Q2,122.0,FM2411,I1N,700.0,3.0,50.0,14.0,2026-05-08 00:00:00,2026-03-18 00:00:00,Interspecific U.,Breeding,BR12_1535,,,hybrid,505.17,123.71,0.26,,,0.49,236.35,2363.49,2.36,14.18,3
F26-2926,CIAT-BR-12-1685,6.0,197.0,Breeding,Urochloa interespecific,Grasses,94.66,12.95,87.05,14.65,27.51,56.81,2.0,31.88,79.76,168.43,52.52,3.13,15.47,16.14,27.2,52.14,0.92,6.0,Medium,Not High,Category_2,153.0,Q2,177.0,FM2411,I1N,621.0,3.0,45.0,5.0,2026-05-08 00:00:00,2026-03-18 00:00:00,Interspecific U.,Breeding,BR12_1685,,,hybrid,687.7,150.37,0.22,,,0.68,221.03,2210.27,2.21,13.26,3
F26-2927,CIAT-BR-12-1844,6.0,199.0,Breeding,Urochloa interespecific,Grasses,94.2,13.04,86.96,13.39,27.76,58.74,2.0,37.33,87.54,185.78,52.39,2.82,15.68,16.29,30.25,57.95,0.66,4.0,Medium,Not High,Category_2,282.0,Q2,180.0,FM2411,I1N,617.0,3.0,45.0,1.0,2026-05-08 00:00:00,2026-03-18 00:00:00,Interspecific U.,Breeding,BR12_1844,,,hybrid,755.3,177.89,0.24,,,0.69,260.96,2609.59,2.61,15.66,3
F26-2928,CIAT-BR-12-1888,6.0,201.0,Breeding,Urochloa interespecific,Grasses,93.65,14.08,85.92,16.78,27.81,58.01,2.0,30.04,76.93,164.21,52.94,3.23,15.27,16.13,26.51,50.25,0.52,6.0,Medium,Not High,Category_2,111.0,Q2,159.0,FM2411,I1N,855.0,3.0,62.0,1.0,2026-05-08 00:00:00,2026-03-18 00:00:00,Interspecific U.,Breeding,BR12_1888,,,hybrid,1437.0,281.47,0.2,,,0.99,280.15,2801.46,2.8,16.81,3
F26-2929,CIAT-BR-12-1939,6.0,203.0,Breeding,Urochloa interespecific,Grasses,94.5,12.42,87.58,15.35,27.68,58.63,2.0,36.46,83.43,176.49,52.32,2.97,15.08,16.24,28.66,55.0,0.62,6.0,Medium,Not High,Category_2,218.0,Q2,182.0,FM2411,I1N,783.0,3.0,56.0,13.0,2026-05-08 00:00:00,2026-03-18 00:00:00,Interspecific U.,Breeding,BR12_1939,,,hybrid,1192.43,265.47,0.23,45.0,,0.9,292.01,2920.05,2.92,17.52,3
F26-2930,CIAT-BR-12-2243,6.0,205.0,Breeding,Urochloa interespecific,Grasses,94.86,13.12,86.88,15.2,25.98,61.7,2.0,35.21,85.01,179.15,55.38,3.1,15.45,16.4,29.4,53.39,0.54,6.0,Medium,Not High,Category_2,183.0,Q1,84.0,FM2411,I1N,684.0,3.0,49.0,12.0,2026-05-08 00:00:00,2026-03-18 00:00:00,Interspecific U.,Breeding,BR12_2243,,,hybrid,804.1,186.84,0.24,,,0.79,231.13,2311.09,2.32,13.89,3
F26-2931,CIAT-BR-12-2254,6.0,207.0,Breeding,Urochloa interespecific,Grasses,92.14,13.52,86.48,13.05,27.7,62.69,2.0,38.29,89.68,194.56,52.87,2.72,15.7,16.13,31.39,59.84,0.57,6.0,High,Not High,Category_4,29.0,Q2,165.0,FM2411,I1N,706.0,3.0,51.0,6.0,2026-05-08 00:00:00,2026-03-18 00:00:00,Interspecific U.,Breeding,BR12_2254,,,hybrid,957.5,210.32,0.22,48.0,,0.78,270.19,2701.91,2.7,16.21,3
F26-2932,CIAT-BR-12-2255,6.0,209.0,Breeding,Urochloa interespecific,Grasses,93.3,13.99,86.01,17.54,26.2,61.98,2.0,37.63,89.26,191.2,56.74,2.97,15.9,17.25,32.99,58.26,0.57,6.0,High,Not High,Category_4,5.0,Q1,55.0,FM2411,I1N,652.0,3.0,47.0,8.0,2026-05-08 00:00:00,2026-03-18 00:00:00,Interspecific U.,Breeding,BR12_2255,,,hybrid,907.05,201.13,0.22,37.0,,0.73,277.02,2770.18,2.77,16.62,2
F26-2933,CIAT-BR-12-2305,6.0,211.0,Breeding,Urochloa interespecific,Grasses,92.18,13.25,86.75,16.3,27.05,61.51,2.0,37.13,88.84,192.63,57.44,2.99,15.62,16.45,31.7,55.33,0.43,6.0,Medium,Not High,Category_2,224.0,Q1,45.0,FM2411,I1N,344.0,2.0,25.0,8.0,2026-05-08 00:00:00,2026-03-18 00:00:00,Interspecific U.,Breeding,BR12_2305,,,hybrid,674.2,160.86,0.24,,,0.71,230.56,2305.64,2.3,13.83,3
F26-2934,CIAT-BR-12-2316,6.0,213.0,Breeding,Urochloa interespecific,Grasses,93.08,12.29,87.71,13.11,29.0,64.92,2.0,36.13,83.68,179.7,48.86,2.72,14.98,15.42,27.71,56.74,0.97,6.0,Medium,Not High,Category_2,256.0,Q3,274.0,FM2411,I1N,633.0,3.0,46.0,3.0,2026-05-08 00:00:00,2026-03-18 00:00:00,Interspecific U.,Breeding,BR12_2316,,,hybrid,598.7,134.33,0.23,,,0.56,235.55,2355.46,2.36,14.13,3
F26-2935,CIAT-BR-12-2367,6.0,215.0,Breeding,Urochloa interespecific,Grasses,92.95,13.3,86.7,16.96,24.03,59.76,2.0,34.46,79.68,171.37,55.17,3.24,14.95,16.7,28.63,52.57,0.7,6.0,Medium,Not High,Category_2,162.0,Q1,90.0,FM2411,I1N,642.0,3.0,46.0,12.0,2026-05-08 00:00:00,2026-03-18 00:00:00,Interspecific U.,Breeding,BR12_2367,,,hybrid,510.27,116.67,0.23,,,0.48,250.26,2502.64,2.5,15.02,3
F26-2936,CIAT-BR-12-2461,6.0,217.0,Breeding,Urochloa interespecific,Grasses,94.24,13.21,86.79,14.37,27.02,65.16,2.0,37.46,87.68,185.98,52.74,2.83,15.2,16.28,30.28,57.51,0.52,6.0,Medium,Not High,Category_2,272.0,Q2,169.0,FM2411,I1N,682.0,3.0,49.0,10.0,2026-05-08 00:00:00,2026-03-18 00:00:00,Interspecific U.,Breeding,BR12_2461,,,hybrid,829.14,176.39,0.21,,,0.75,236.45,2364.51,2.36,14.19,3
F26-2937,CIAT-BR-12-3018,6.0,219.0,Breeding,Urochloa interespecific,Grasses,93.25,15.39,84.61,15.92,24.54,59.49,2.0,38.88,85.34,182.98,53.78,2.94,15.2,16.29,29.82,55.47,0.55,6.0,Medium,Not High,Category_2,226.0,Q2,126.0,FM2411,I1N,834.0,3.0,60.0,8.0,2026-05-08 00:00:00,2026-03-18 00:00:00,Interspecific U.,Breeding,BR12_3018,,,hybrid,362.77,90.36,0.26,,,0.48,189.19,1891.93,1.89,11.35,3
F26-2938,CIAT-BR-12-3067,6.0,221.0,Breeding,Urochloa interespecific,Grasses,91.81,15.11,84.89,17.13,25.62,59.87,2.0,36.03,84.0,182.86,59.21,3.25,15.36,16.17,29.57,50.02,0.37,6.0,Medium,Not High,Category_2,105.0,Q1,20.0,FM2411,I1N,761.0,3.0,55.0,5.0,2026-05-08 00:00:00,2026-03-18 00:00:00,Interspecific U.,Breeding,BR12_3067,,,hybrid,508.27,106.93,0.22,,,0.43,259.57,2595.69,2.59,15.57,3
F26-2939,CIAT-BR-12-3069,6.0,223.0,Breeding,Urochloa interespecific,Grasses,93.56,13.85,86.15,15.7,27.95,65.58,2.0,33.21,85.59,182.87,50.31,2.76,15.37,16.56,30.3,60.24,0.81,6.0,High,Not High,Category_4,51.0,Q3,235.0,FM2411,I1N,558.0,2.0,40.0,12.0,2026-05-08 00:00:00,2026-03-18 00:00:00,Interspecific U.,Breeding,BR12_3069,,,hybrid,808.97,169.52,0.21,,,0.67,247.06,2470.57,2.47,14.82,3
F26-2940,CIAT-BR-12-3358,6.0,225.0,Breeding,Urochloa interespecific,Grasses,92.32,12.79,87.21,15.52,28.72,62.08,2.0,35.88,84.84,183.69,53.34,2.91,16.02,17.09,31.42,58.95,0.68,6.0,High,Not High,Category_4,18.0,Q2,144.0,FM2411,I1N,656.0,3.0,47.0,12.0,2026-05-08 00:00:00,2026-03-18 00:00:00,Interspecific U.,Breeding,BR12_3358,,,hybrid,784.5,173.87,0.24,,,0.63,250.09,2500.88,2.5,15.01,2
F26-2941,CIAT-BR-12-3377,6.0,227.0,Breeding,Urochloa interespecific,Grasses,92.43,12.11,87.89,14.95,27.63,64.64,2.0,38.96,87.26,188.73,48.74,2.59,15.65,16.57,31.3,64.4,-0.91,6.0,High,Not High,Category_4,82.0,Q3,278.0,FM2411,I1N,576.0,2.0,42.0,2.0,2026-05-08 00:00:00,2026-03-18 00:00:00,Interspecific U.,Breeding,BR12_3377,,,hybrid,720.13,158.61,0.23,,,0.54,292.17,2921.7,2.92,17.53,3
F26-2945,CIAT-BR-15-1468,6.0,,Breeding,Urochloa interespecific,Grasses,92.33,14.24,85.76,15.17,24.43,55.88,2.0,36.54,85.51,185.13,54.09,2.93,15.72,16.34,30.24,56.04,0.65,6.0,Medium,Not High,Category_2,238.0,Q2,119.0,FM2411,I1N,669.0,3.0,48.0,11.0,2026-05-08 00:00:00,2026-03-18 00:00:00,Interspecific U.,Breeding,BR15_1468,,,hybrid,571.47,126.65,0.22,,,0.58,213.57,2135.71,2.14,12.81,3
F26-2946,CIAT-BR-15-1628,6.0,,Breeding,Urochloa interespecific,Grasses,92.18,14.22,85.78,14.49,26.48,61.17,2.0,36.63,87.59,189.95,51.87,2.72,15.63,16.34,31.05,60.5,-0.08,6.0,High,Not High,Category_4,39.0,Q2,194.0,FM2411,I1N,786.0,3.0,57.0,2.0,2026-05-08 00:00:00,2026-03-18 00:00:00,Interspecific U.,Breeding,BR15_1628,,,hybrid,638.33,147.87,0.23,37.0,,0.59,247.7,2477.02,2.48,14.86,3
F26-2947,CIAT-BR-15-1689,6.0,,Breeding,Urochloa interespecific,Grasses,92.34,14.84,85.16,16.71,27.8,59.7,2.0,33.54,87.09,188.55,58.17,3.09,14.82,15.73,29.66,51.32,0.62,6.0,Medium,Not High,Category_2,132.0,Q1,34.0,FM2411,I1N,589.0,3.0,43.0,1.0,2026-05-08 00:00:00,2026-03-18 00:00:00,Interspecific U.,Breeding,BR15_1689,,,hybrid,391.9,87.75,0.23,38.0,,0.35,253.65,2536.46,2.54,15.22,3
F26-2948,CIAT-BR-15-1712,6.0,,Breeding,Urochloa interespecific,Grasses,95.14,13.29,86.71,15.74,26.54,57.1,2.0,36.54,84.51,177.57,55.25,3.11,14.8,15.95,28.33,51.4,0.57,6.0,Medium,Not High,Category_2,134.0,Q1,86.0,FM2411,I1N,688.0,3.0,50.0,2.0,2026-05-08 00:00:00,2026-03-18 00:00:00,Interspecific U.,Breeding,BR15_1712,,,hybrid,812.9,176.24,0.22,39.0,,0.64,265.36,2653.57,2.65,15.92,3
F26-2949,CIAT-BR-15-1830,6.0,,Breeding,Urochloa interespecific,Grasses,95.07,13.23,86.77,15.84,28.05,59.05,2.0,36.63,84.68,178.1,51.7,2.9,15.85,16.86,30.04,58.83,1.0,6.0,High,Not High,Category_4,31.0,Q2,198.0,FM2411,I1N,566.0,2.0,41.0,6.0,2026-05-08 00:00:00,2026-03-18 00:00:00,Interspecific U.,Breeding,BR15_1830,,,hybrid,942.2,202.93,0.22,,,0.75,269.8,2698.02,2.7,16.19,3
F26-2950,CIAT-BR-15-1865,6.0,,Breeding,Urochloa interespecific,Grasses,95.44,12.58,87.42,14.48,26.39,56.92,2.0,39.38,87.84,184.02,54.37,2.95,15.03,16.19,29.81,54.89,0.7,6.0,Medium,Not High,Category_2,216.0,Q1,112.0,FM2411,I1N,856.0,3.0,62.0,2.0,2026-05-08 00:00:00,2026-03-18 00:00:00,Interspecific U.,Breeding,BR15_1865,,,hybrid,1153.5,293.72,0.28,35.0,,0.88,333.03,3330.26,3.33,19.98,3
F26-2951,CIAT-BR-15-1877,6.0,,Breeding,Urochloa interespecific,Grasses,95.32,14.12,85.88,15.9,24.35,56.08,2.0,35.63,83.43,174.99,55.06,3.15,15.62,16.24,28.44,51.71,0.53,6.0,Medium,Not High,Category_2,145.0,Q1,92.0,FM2411,I1N,179.0,1.0,13.0,11.0,2026-05-08 00:00:00,2026-03-18 00:00:00,Interspecific U.,Breeding,BR15_1877,,,hybrid,761.63,156.8,0.21,,,0.67,223.2,2232.03,2.23,13.39,3
F26-2952,CIAT-BR-15-2174,6.0,,Breeding,Urochloa interespecific,Grasses,95.64,11.72,88.28,13.05,27.24,59.6,2.0,36.54,88.01,183.96,56.47,3.07,15.17,16.37,30.13,53.38,0.44,6.0,Medium,Not High,Category_2,182.0,Q1,60.0,FM2411,I1N,773.0,3.0,56.0,3.0,2026-05-08 00:00:00,2026-03-18 00:00:00,Interspecific U.,Breeding,BR15_2174,,,hybrid,582.1,149.75,0.26,,,0.61,246.07,2460.69,2.46,14.76,3
F26-2953,CIAT-BR-15-2464,6.0,,Breeding,Urochloa interespecific,Grasses,95.34,12.2,87.8,13.96,28.49,61.69,2.0,36.43,86.9,182.17,54.48,3.0,15.12,15.57,28.37,52.12,0.41,6.0,Medium,Not High,Category_2,151.0,Q1,111.0,FM2411,I1N,180.0,1.0,13.0,12.0,2026-05-08 00:00:00,2026-03-18 00:00:00,Interspecific U.,Breeding,BR15_2464,,,hybrid,773.85,181.17,0.24,,,0.75,228.67,2286.68,2.28,13.72,2
F26-2954,CIAT-BR-15-2528,6.0,,Breeding,Urochloa interespecific,Grasses,94.11,12.19,87.81,13.75,26.47,58.43,2.0,37.79,84.93,180.36,58.08,3.22,15.62,16.51,29.79,51.33,0.45,6.0,Medium,Not High,Category_2,133.0,Q1,36.0,FM2411,I1N,259.0,1.0,19.0,7.0,2026-05-08 00:00:00,2026-03-18 00:00:00,Interspecific U.,Breeding,BR15_2528,,,hybrid,592.1,148.97,0.25,,,0.65,220.53,2205.28,2.2,13.23,2
F26-2955,CIAT-BR-15-2532,6.0,,Breeding,Urochloa interespecific,Grasses,95.4,12.47,87.53,14.44,25.43,61.22,2.0,35.88,83.01,173.94,60.62,3.49,15.82,16.78,29.19,48.21,0.68,6.0,Medium,High,Category_1b,1.0,Q1,14.0,FM2411,I1N,766.0,3.0,55.0,10.0,2026-05-08 00:00:00,2026-03-18 00:00:00,Interspecific U.,Breeding,BR15_2532,,,hybrid,764.27,166.46,0.22,36.0,,0.69,234.42,2344.17,2.34,14.07,3
F26-2956,CIAT-BR-15-2538,6.0,,Breeding,Urochloa interespecific,Grasses,92.86,12.03,87.97,15.92,26.45,65.61,2.0,35.38,86.09,185.37,58.14,3.14,15.53,16.57,30.7,52.87,0.6,6.0,Medium,Not High,Category_2,167.0,Q1,35.0,FM2411,I1N,779.0,3.0,56.0,9.0,2026-05-08 00:00:00,2026-03-18 00:00:00,Interspecific U.,Breeding,BR15_2538,,,hybrid,670.63,171.39,0.25,39.0,,0.57,303.29,3032.88,3.03,18.2,3
F26-2957,CIAT-BR-15-2545,6.0,,Breeding,Urochloa interespecific,Grasses,91.78,11.52,88.48,14.0,30.52,68.18,2.0,34.38,84.43,183.86,55.68,3.03,15.83,16.13,29.66,53.27,0.61,6.0,Medium,Not High,Category_2,178.0,Q1,81.0,FM2411,I1N,126.0,1.0,9.0,14.0,2026-05-08 00:00:00,2026-03-18 00:00:00,Interspecific U.,Breeding,BR15_2545,,,hybrid,566.65,132.55,0.23,,,0.69,193.26,1932.62,1.93,11.6,2
F26-2958,CIAT-BR-15-2767,6.0,,Breeding,Urochloa interespecific,Grasses,92.49,13.41,86.59,15.14,27.25,61.24,2.0,39.53,89.7,193.81,58.58,3.02,15.18,16.09,31.18,53.37,0.59,5.0,Medium,Not High,Category_2,181.0,Q1,28.0,FM2411,I1N,517.0,2.0,37.0,13.0,2026-05-08 00:00:00,2026-03-18 00:00:00,Interspecific U.,Breeding,BR15_2767,,,hybrid,553.97,130.92,0.25,,,0.6,220.85,2208.54,2.21,13.25,3
F26-2959,CIAT-BR-15-3013,6.0,,Breeding,Urochloa interespecific,Grasses,93.73,14.28,85.72,15.48,28.21,65.14,2.0,33.94,85.25,181.82,51.51,2.83,15.83,16.96,30.85,60.15,0.6,6.0,High,Not High,Category_4,40.0,Q2,202.0,FM2411,I1N,691.0,3.0,50.0,5.0,2026-05-08 00:00:00,2026-03-18 00:00:00,Interspecific U.,Breeding,BR15_3013,,,hybrid,923.9,193.7,0.21,35.0,,0.76,259.34,2593.42,2.59,15.56,3
F26-2960,CIAT-BR-15-3017,6.0,,Breeding,Urochloa interespecific,Grasses,93.5,13.03,86.97,17.55,27.86,65.32,2.0,36.1,88.08,188.35,49.97,2.65,15.67,16.81,31.67,63.54,0.67,6.0,High,Not High,Category_4,73.0,Q3,241.0,FM2411,I1N,186.0,1.0,14.0,4.0,2026-05-08 00:00:00,2026-03-18 00:00:00,Interspecific U.,Breeding,BR15_3017,,,hybrid,553.67,119.97,0.22,,,0.62,189.52,1895.19,1.9,11.37,3
F26-2961,CIAT-BR-15-3186,6.0,,Breeding,Urochloa interespecific,Grasses,92.81,12.86,87.14,15.54,27.65,64.45,2.0,37.44,88.42,190.46,50.57,2.65,15.1,16.43,31.29,62.21,0.7,6.0,High,Not High,Category_4,56.0,Q2,225.0,FM2411,I1N,767.0,3.0,55.0,11.0,2026-05-08 00:00:00,2026-03-18 00:00:00,Interspecific U.,Breeding,BR15_3186,,,hybrid,965.33,194.15,0.21,,,0.72,259.12,2591.18,2.59,15.55,3
F26-2962,CIAT-BR-15-3234,6.0,,Breeding,Urochloa interespecific,Grasses,93.03,13.7,86.3,15.5,27.88,65.92,2.0,31.65,81.5,175.14,44.4,2.54,15.24,16.19,28.37,64.2,0.94,6.0,High,Not High,Category_4,100.0,Q4,364.0,FM2411,I1N,778.0,3.0,56.0,8.0,2026-05-08 00:00:00,2026-03-18 00:00:00,Interspecific U.,Breeding,BR15_3234,,,hybrid,1049.9,212.17,0.2,36.0,,0.75,282.24,2822.43,2.82,16.93,3
F26-2963,CIAT-BR-15-3280,6.0,,Breeding,Urochloa interespecific,Grasses,92.82,12.65,87.35,14.49,28.57,66.32,2.0,35.02,86.58,186.49,46.1,2.47,15.53,16.41,30.61,67.1,1.11,6.0,High,Not High,Category_4,102.0,Q3,343.0,FM2411,I1N,664.0,3.0,48.0,6.0,2026-05-08 00:00:00,2026-03-18 00:00:00,Interspecific U.,Breeding,BR15_3280,,,hybrid,741.97,156.93,0.22,36.0,,0.64,245.34,2453.43,2.45,14.72,3
F26-2964,CIAT-BR-15-3294,6.0,,Breeding,Urochloa interespecific,Grasses,92.8,13.9,86.1,15.69,26.37,65.58,2.0,36.51,88.04,189.68,52.22,2.76,15.63,16.98,32.2,61.88,0.56,4.0,High,Not High,Category_4,47.0,Q2,184.0,FM2411,I1N,218.0,1.0,16.0,8.0,2026-05-08 00:00:00,2026-03-18 00:00:00,Interspecific U.,Breeding,BR15_3294,,,hybrid,596.4,136.48,0.24,,,0.55,230.39,2303.95,2.31,13.82,3
F26-2965,CIAT-BR-15-3571,6.0,,Breeding,Urochloa interespecific,Grasses,93.5,13.24,86.76,15.42,29.16,65.69,2.0,33.19,83.83,179.27,44.07,2.45,15.75,16.62,29.79,68.37,1.72,6.0,High,Not High,Category_4,115.0,Q4,365.0,FM2411,I1N,535.0,2.0,39.0,3.0,2026-05-08 00:00:00,2026-03-18 00:00:00,Interspecific U.,Breeding,BR15_3571,,,hybrid,899.33,194.64,0.22,,,0.76,243.86,2438.55,2.44,14.63,3
F26-2966,CIAT-BR-15-3597,6.0,,Breeding,Urochloa interespecific,Grasses,93.86,12.66,87.34,14.42,27.72,64.73,2.0,36.69,87.0,185.29,49.38,2.66,15.53,16.49,30.56,62.53,0.82,6.0,High,Not High,Category_4,70.0,Q3,261.0,FM2411,I1N,728.0,3.0,52.0,14.0,2026-05-08 00:00:00,2026-03-18 00:00:00,Interspecific U.,Breeding,BR15_3597,,,hybrid,973.97,217.89,0.22,,,0.88,250.15,2501.54,2.5,15.01,3
F26-2968,CIAT-BR-15-3726,6.0,,Breeding,Urochloa interespecific,Grasses,95.2,12.9,87.1,15.19,28.02,63.72,2.0,42.67,93.57,196.45,57.83,2.94,15.28,16.34,32.1,55.64,0.46,6.0,Medium,Not High,Category_2,228.0,Q1,42.0,FM2411,I1N,822.0,3.0,59.0,10.0,2026-05-08 00:00:00,2026-03-18 00:00:00,Interspecific U.,Breeding,BR15_3726,,,hybrid,210.33,56.0,0.27,,,0.33,169.55,1695.5,1.7,10.17,3
F26-2970,CIAT-BR-15-3810,6.0,,Breeding,Urochloa interespecific,Grasses,94.69,15.11,84.89,14.69,34.59,63.63,2.0,35.85,86.17,181.85,41.82,2.3,15.25,16.33,29.7,72.0,0.82,6.0,High,Not High,Category_4,130.0,Q4,390.0,FM2411,I1N,733.0,3.0,53.0,5.0,2026-05-08 00:00:00,2026-03-18 00:00:00,Interspecific U.,Breeding,BR15_3810,,,hybrid,775.73,182.57,0.23,,,0.78,239.4,2394.04,2.39,14.36,3
F26-2972,CIAT-BR-15-4368,6.0,,Breeding,Urochloa interespecific,Grasses,93.48,15.45,84.55,16.95,34.14,66.02,2.0,32.44,85.25,182.3,46.92,2.57,15.08,16.03,29.24,62.92,0.83,6.0,High,Not High,Category_4,89.0,Q3,328.0,FM2411,I1N,613.0,3.0,44.0,11.0,2026-05-08 00:00:00,2026-03-18 00:00:00,Interspecific U.,Breeding,BR15_4368,,,hybrid,530.83,109.07,0.21,,,0.49,219.35,2193.54,2.19,13.16,3
F26-2973,CIAT-BR-15-4442,6.0,,Breeding,Urochloa interespecific,Grasses,93.17,14.5,85.5,16.12,26.4,63.68,2.0,31.85,83.58,179.35,50.62,2.82,14.85,16.02,28.73,57.02,0.66,6.0,Medium,Not High,Category_2,265.0,Q2,222.0,FM2411,I1N,869.0,3.0,63.0,1.0,2026-05-08 00:00:00,2026-03-18 00:00:00,Interspecific U.,Breeding,BR15_4442,,,hybrid,1114.43,234.4,0.21,,,0.84,285.95,2859.52,2.86,17.16,3
F26-2974,CIAT-BR-15-4483,6.0,,Breeding,Urochloa interespecific,Grasses,94.16,13.3,86.7,13.11,28.73,64.28,2.0,36.07,86.37,183.41,52.57,2.86,15.14,15.63,28.66,54.62,0.53,6.0,Medium,Not High,Category_2,209.0,Q2,173.0,FM2411,I1N,623.0,3.0,45.0,7.0,2026-05-08 00:00:00,2026-03-18 00:00:00,Interspecific U.,Breeding,BR15_4483,,,hybrid,718.4,161.93,0.22,37.0,,0.7,231.15,2311.48,2.31,13.87,3
F26-2976,CIAT-BR-15-5152,6.0,,Breeding,Urochloa interespecific,Grasses,94.32,13.54,86.46,14.9,27.39,63.58,2.0,36.02,86.42,183.15,48.61,2.65,15.88,16.94,31.04,64.19,0.91,6.0,High,Not High,Category_4,81.0,Q3,286.0,FM2411,I1N,810.0,3.0,58.0,12.0,2026-05-08 00:00:00,2026-03-18 00:00:00,Interspecific U.,Breeding,BR15_5152,,,hybrid,655.33,163.33,0.25,,,0.68,243.15,2431.5,2.43,14.59,3
F26-2977,CIAT-BR-15-5232,6.0,,Breeding,Urochloa interespecific,Grasses,93.79,12.67,87.33,16.51,29.58,68.74,2.0,29.1,81.83,174.45,43.98,2.52,14.28,16.35,28.54,65.06,0.76,6.0,High,Not High,Category_4,104.0,Q4,367.0,FM2411,I1N,687.0,3.0,50.0,1.0,2026-05-08 00:00:00,2026-03-18 00:00:00,Interspecific U.,Breeding,BR15_5232,,,hybrid,876.33,200.23,0.23,,,0.75,268.83,2688.28,2.69,16.13,3
F26-2980,CIAT-BR-15-6346,6.0,,Breeding,Urochloa interespecific,Grasses,94.4,12.78,87.22,15.13,27.76,66.62,2.0,35.44,87.5,185.3,48.73,2.63,15.1,16.08,29.79,61.84,0.7,6.0,High,Not High,Category_4,71.0,Q3,279.0,FM2411,I1N,853.0,3.0,61.0,13.0,2026-05-08 00:00:00,2026-03-18 00:00:00,Interspecific U.,Breeding,BR15_6346,,,hybrid,521.43,95.09,0.2,,,0.55,181.32,1813.18,1.81,10.88,3
F26-2981,CIAT-BR-15-6401,6.0,,Breeding,Urochloa interespecific,Grasses,94.6,13.85,86.15,14.41,27.27,64.31,2.0,36.27,85.08,179.82,51.78,2.88,15.43,16.33,29.38,56.98,0.62,6.0,Medium,Not High,Category_2,262.0,Q2,196.0,FM2411,I1N,826.0,3.0,59.0,14.0,2026-05-08 00:00:00,2026-03-18 00:00:00,Interspecific U.,Breeding,BR15_6401,,,hybrid,538.7,127.5,0.24,37.0,,0.58,224.03,2240.32,2.24,13.44,3
F26-2982,CIAT-BR-15-6402,6.0,,Breeding,Urochloa interespecific,Grasses,94.79,13.89,86.11,15.89,27.91,60.4,2.0,40.17,89.77,189.38,56.31,2.98,15.22,16.38,31.02,55.2,0.54,6.0,Medium,Not High,Category_2,222.0,Q1,63.0,FM2411,I1N,635.0,3.0,46.0,5.0,2026-05-08 00:00:00,2026-03-18 00:00:00,Interspecific U.,Breeding,BR15_6402,,,hybrid,985.2,220.06,0.22,35.0,,0.84,263.86,2638.59,2.64,15.83,3
F26-2983,CIAT-BR-15-6434,6.0,,Breeding,Urochloa interespecific,Grasses,94.18,12.96,87.04,15.76,28.12,65.14,2.0,34.19,86.33,183.27,56.51,3.09,15.72,16.5,30.25,53.54,0.43,6.0,Medium,Not High,Category_2,186.0,Q1,59.0,FM2411,I1N,423.0,2.0,31.0,3.0,2026-05-08 00:00:00,2026-03-18 00:00:00,Interspecific U.,Breeding,BR15_6434,,,hybrid,376.87,91.62,0.25,,,0.42,216.15,2161.55,2.16,12.97,3
F26-2984,CIAT-BR-15-6504,6.0,,Breeding,Urochloa interespecific,Grasses,93.41,13.05,86.95,14.99,31.22,61.52,2.0,33.85,83.33,178.36,55.18,3.1,15.95,16.19,28.88,52.52,0.51,6.0,Medium,Not High,Category_2,161.0,Q1,88.0,FM2411,I1N,647.0,3.0,47.0,3.0,2026-05-08 00:00:00,2026-03-18 00:00:00,Interspecific U.,Breeding,BR15_6504,,,hybrid,701.43,160.81,0.23,,,0.81,199.65,1996.45,2.0,11.98,3
F26-2985,CIAT-BR-15-6508,6.0,,Breeding,Urochloa interespecific,Grasses,95.98,12.21,87.79,15.07,26.65,62.17,2.0,33.52,83.33,173.6,53.6,3.09,15.23,16.26,28.24,52.84,0.55,6.0,Medium,Not High,Category_2,165.0,Q2,134.0,FM2411,I1N,724.0,3.0,52.0,10.0,2026-05-08 00:00:00,2026-03-18 00:00:00,Interspecific U.,Breeding,BR15_6508,,,hybrid,550.93,129.77,0.24,,,0.59,220.7,2207.01,2.21,13.24,3
F26-2986,CIAT-BR-15-6543,6.0,,Breeding,Urochloa interespecific,Grasses,96.07,13.55,86.45,14.68,24.7,58.99,2.0,34.52,81.83,170.23,57.33,3.37,15.72,16.79,28.61,49.91,0.5,6.0,Medium,Not High,Category_2,104.0,Q1,46.0,FM2411,I1N,502.0,2.0,36.0,12.0,2026-05-08 00:00:00,2026-03-18 00:00:00,Interspecific U.,Breeding,BR15_6543,,,hybrid,727.7,160.95,0.23,,,0.67,229.82,2298.16,2.3,13.79,3
F26-2987,CIAT-BR-15-6571,6.0,,Breeding,Urochloa interespecific,Grasses,96.45,12.26,87.74,13.52,26.06,60.62,2.0,37.02,85.58,177.34,53.74,3.03,15.2,16.27,28.85,53.75,0.61,6.0,Medium,Not High,Category_2,190.0,Q2,128.0,FM2411,I1N,800.0,3.0,58.0,2.0,2026-05-08 00:00:00,2026-03-18 00:00:00,Interspecific U.,Breeding,BR15_6571,,,hybrid,691.03,155.1,0.23,36.0,,0.73,211.84,2118.08,2.12,12.71,3
F26-2988,CIAT-BR-15-6590,6.0,,Breeding,Urochloa interespecific,Grasses,96.69,14.0,86.0,14.29,24.86,58.3,2.0,39.69,88.92,183.83,53.85,2.93,15.35,16.44,30.22,56.17,0.72,6.0,Medium,Not High,Category_2,240.0,Q2,125.0,FM2411,I1N,595.0,3.0,43.0,7.0,2026-05-08 00:00:00,2026-03-18 00:00:00,Interspecific U.,Breeding,BR15_6590,,,hybrid,693.8,146.91,0.22,,,0.7,210.7,2106.96,2.11,12.64,3
F26-2989,CIAT-BR-15-6758,6.0,,Breeding,Urochloa interespecific,Grasses,94.27,13.42,86.58,16.62,25.97,62.1,2.0,34.77,82.75,175.49,54.48,3.1,14.88,16.85,29.6,54.44,0.56,6.0,Medium,Not High,Category_2,204.0,Q1,110.0,FM2411,I1N,515.0,2.0,37.0,11.0,2026-05-08 00:00:00,2026-03-18 00:00:00,Interspecific U.,Breeding,BR15_6758,,,hybrid,708.8,156.55,0.24,34.0,,0.61,235.83,2358.34,2.36,14.15,2
F26-2990,CIAT-BR-15-7006,6.0,,Breeding,Urochloa interespecific,Grasses,95.42,12.91,87.09,14.63,25.16,62.05,2.0,38.1,88.67,185.74,54.28,2.92,15.62,16.62,30.88,57.01,0.59,6.0,Medium,Not High,Category_2,263.0,Q1,115.0,FM2411,I1N,696.0,3.0,50.0,10.0,2026-05-08 00:00:00,2026-03-18 00:00:00,Interspecific U.,Breeding,BR15_7006,,,hybrid,809.13,182.12,0.23,,,0.79,234.85,2348.45,2.35,14.09,3
F26-2991,CIAT-BR-15-7316,6.0,,Breeding,Urochloa interespecific,Grasses,94.25,12.22,87.78,14.76,27.09,58.54,2.0,40.69,92.08,195.31,53.86,2.76,15.52,16.57,32.37,60.13,0.73,6.0,High,Not High,Category_4,22.0,Q2,124.0,FM2411,I1N,742.0,3.0,53.0,14.0,2026-05-08 00:00:00,2026-03-18 00:00:00,Interspecific U.,Breeding,BR15_7316,,,hybrid,493.07,122.61,0.25,,,0.54,233.55,2335.5,2.34,14.01,3
F26-2992,CIAT-BR-15-7318,6.0,,Breeding,Urochloa interespecific,Grasses,94.73,12.94,87.06,14.05,28.55,59.88,2.0,39.27,91.08,192.16,52.1,2.71,15.68,16.66,32.02,61.54,0.78,6.0,High,Not High,Category_4,46.0,Q2,185.0,FM2411,I1N,736.0,3.0,53.0,8.0,2026-05-08 00:00:00,2026-03-18 00:00:00,Interspecific U.,Breeding,BR15_7318,,,hybrid,1091.33,251.6,0.23,38.0,,0.89,291.33,2913.29,2.91,17.48,3
F26-2997,CIAT-BR-15-8529,6.0,,Breeding,Urochloa interespecific,Grasses,93.88,13.17,86.83,14.18,28.57,59.46,2.0,36.35,88.0,187.39,47.73,2.55,14.98,16.09,30.17,63.4,1.7,6.0,High,Not High,Category_4,83.0,Q3,313.0,FM2411,I1N,252.0,1.0,18.0,14.0,2026-05-08 00:00:00,2026-03-18 00:00:00,Interspecific U.,Breeding,BR15_8529,,,hybrid,563.15,135.7,0.24,,,0.61,220.44,2204.37,2.2,13.23,2
F26-2998,CIAT-BR-15-8650,6.0,,Breeding,Urochloa interespecific,Grasses,95.46,13.61,86.39,16.22,25.61,57.27,2.0,37.22,91.38,191.38,56.07,2.93,15.05,16.31,31.22,55.81,0.69,4.0,Medium,Not High,Category_2,232.0,Q1,69.0,FM2411,I1N,660.0,3.0,48.0,2.0,2026-05-08 00:00:00,2026-03-18 00:00:00,Interspecific U.,Breeding,BR15_8650,,,hybrid,589.87,148.82,0.26,,,0.63,236.68,2366.76,2.37,14.2,3
F26-2999,CIAT-BR-15-8756,6.0,,Breeding,Urochloa interespecific,Grasses,94.94,13.72,86.28,16.31,26.95,57.33,2.0,35.27,87.5,184.24,54.83,2.98,15.47,16.57,30.53,55.72,0.7,6.0,Medium,Not High,Category_2,230.0,Q1,97.0,FM2411,I1N,287.0,1.0,21.0,7.0,2026-05-08 00:00:00,2026-03-18 00:00:00,Interspecific U.,Breeding,BR15_8756,,,hybrid,604.53,140.56,0.23,,,0.56,244.23,2442.26,2.44,14.65,3
F26-3000,CIAT-BR-15-8881,6.0,,Breeding,Urochloa interespecific,Grasses,94.23,12.75,87.25,12.85,30.09,61.87,2.0,39.02,89.5,189.89,49.91,2.63,15.5,16.23,30.82,61.86,0.83,6.0,High,Not High,Category_4,59.0,Q3,244.0,FM2411,I1N,632.0,3.0,46.0,2.0,2026-05-08 00:00:00,2026-03-18 00:00:00,Interspecific U.,Breeding,BR15_8881,,,hybrid,732.13,167.47,0.23,,,0.81,211.9,2118.95,2.12,12.71,3
F26-3001,CIAT-BR-15-8905,6.0,,Breeding,Urochloa interespecific,Grasses,94.19,12.51,87.49,15.4,28.99,57.84,2.0,38.6,87.83,186.46,50.37,2.7,15.13,16.19,30.19,60.1,1.28,6.0,High,Not High,Category_4,48.0,Q2,233.0,FM2411,I1N,333.0,2.0,24.0,11.0,2026-05-08 00:00:00,2026-03-18 00:00:00,Interspecific U.,Breeding,BR15_8905,,,hybrid,942.6,192.45,0.2,,,0.9,216.92,2169.25,2.17,13.02,2
F26-3002,CIAT-BR-15-8976,6.0,,Breeding,Urochloa interespecific,Grasses,94.15,11.47,88.53,15.56,26.47,56.15,2.0,41.94,91.77,194.87,53.64,2.75,14.9,15.89,30.96,57.81,0.88,6.0,Medium,Not High,Category_2,278.0,Q2,132.0,FM2411,I1N,371.0,2.0,27.0,7.0,2026-05-08 00:00:00,2026-03-18 00:00:00,Interspecific U.,Breeding,BR15_8976,,,hybrid,748.03,167.93,0.22,,,0.77,211.7,2116.98,2.12,12.7,3
F26-3003,CIAT-BR-15-9125,6.0,,Breeding,Urochloa interespecific,Grasses,95.19,13.68,86.32,15.78,27.09,59.74,2.0,38.52,86.67,181.97,51.34,2.83,15.48,16.45,29.94,58.54,0.82,6.0,High,Not High,Category_4,32.0,Q2,208.0,FM2411,I1N,845.0,3.0,61.0,5.0,2026-05-08 00:00:00,2026-03-18 00:00:00,Interspecific U.,Breeding,BR15_9125,,,hybrid,310.1,74.92,0.24,,,0.4,192.73,1927.32,1.93,11.56,3
F26-3004,CIAT-BR-15-9141,6.0,,Breeding,Urochloa interespecific,Grasses,94.13,12.53,87.47,16.15,29.27,63.14,2.0,36.77,88.58,188.17,53.72,2.85,15.1,16.44,30.95,57.88,0.6,6.0,Medium,Not High,Category_2,280.0,Q2,129.0,FM2411,I1N,812.0,3.0,58.0,14.0,2026-05-08 00:00:00,2026-03-18 00:00:00,Interspecific U.,Breeding,BR15_9141,,,hybrid,831.7,173.43,0.21,,,0.69,242.5,2425.0,2.43,14.55,3
F26-3005,CIAT-BR-15-9142,6.0,,Breeding,Urochloa interespecific,Grasses,93.97,14.17,85.83,14.36,26.24,61.25,2.0,39.6,88.67,188.62,54.68,2.9,15.92,16.85,31.78,58.18,0.58,6.0,High,Not High,Category_4,10.0,Q1,104.0,FM2411,I1N,694.0,3.0,50.0,8.0,2026-05-08 00:00:00,2026-03-18 00:00:00,Interspecific U.,Breeding,BR15_9142,,,hybrid,569.77,122.34,0.21,,,0.59,209.66,2096.56,2.1,12.58,3
F26-3007,CIAT-BR-19-1033,6.0,,Breeding,Urochloa interespecific,Grasses,94.79,12.69,87.31,15.99,26.75,64.24,2.0,37.19,89.08,187.86,52.54,2.8,15.07,16.32,30.67,59.06,0.7,6.0,High,Not High,Category_4,26.0,Q2,174.0,FM2411,I1N,719.0,3.0,52.0,5.0,2026-05-08 00:00:00,2026-03-18 00:00:00,Interspecific U.,Breeding,BR19_1033,,,hybrid,715.5,160.14,0.22,,,0.66,238.27,2382.71,2.38,14.3,3
F26-3009,CIAT-BR-19-1444,6.0,,Breeding,Urochloa interespecific,Grasses,94.26,12.25,87.75,14.71,26.52,62.2,2.0,40.35,88.83,188.37,49.52,2.63,15.62,16.81,31.69,64.34,0.94,6.0,High,Not High,Category_4,79.0,Q3,257.0,FM2411,I1N,640.0,3.0,46.0,10.0,2026-05-08 00:00:00,2026-03-18 00:00:00,Interspecific U.,Breeding,BR19_1444,,,hybrid,393.33,103.83,0.28,,,0.44,237.33,2373.35,2.37,14.24,3
F26-3010,CIAT-BR-19-1583,6.0,,Breeding,Urochloa interespecific,Grasses,95.35,13.67,86.33,17.55,27.36,61.81,2.0,38.07,90.97,190.76,54.57,2.86,15.5,16.6,31.68,58.17,0.58,6.0,High,Not High,Category_4,11.0,Q1,107.0,FM2411,I1N,663.0,3.0,48.0,5.0,2026-05-08 00:00:00,2026-03-18 00:00:00,Interspecific U.,Breeding,BR19_1583,,,hybrid,699.33,133.14,0.2,,,0.6,222.21,2222.14,2.22,13.33,3
F26-3012,CIAT-BR-19-1727,6.0,,Breeding,Urochloa interespecific,Grasses,93.95,9.51,90.49,12.15,35.01,74.69,2.0,33.94,90.83,193.27,46.08,2.38,15.65,16.5,31.89,69.58,0.56,6.0,High,Not High,Category_4,111.0,Q3,344.0,FM2411,I1N,190.0,1.0,14.0,8.0,2026-05-08 00:00:00,2026-03-18 00:00:00,Interspecific U.,Breeding,BR19_1727,,,hybrid,784.6,195.42,0.25,,,0.9,217.79,2177.94,2.18,13.07,1
F26-3013,CIAT-BR-19-1783,6.0,,Breeding,Urochloa interespecific,Grasses,93.31,14.89,85.11,16.45,27.2,58.9,2.0,37.6,85.67,183.57,58.07,3.16,14.88,16.07,29.52,50.83,0.49,6.0,Medium,Not High,Category_2,118.0,Q1,37.0,FM2411,I1N,749.0,3.0,54.0,7.0,2026-05-08 00:00:00,2026-03-18 00:00:00,Interspecific U.,Breeding,BR19_1783,,,hybrid,397.03,98.95,0.25,,,0.42,234.13,2341.32,2.34,14.05,3
F26-3014,CIAT-BR-19-1793,6.0,,Breeding,Urochloa interespecific,Grasses,93.38,13.55,86.45,16.38,25.39,62.62,2.0,33.1,80.17,171.64,49.39,2.87,14.23,16.26,27.92,56.73,0.77,6.0,Medium,Not High,Category_2,254.0,Q3,260.0,FM2411,I1N,739.0,3.0,53.0,11.0,2026-05-08 00:00:00,2026-03-18 00:00:00,Interspecific U.,Breeding,BR19_1793,,,hybrid,345.77,96.88,0.29,,,0.36,262.59,2625.89,2.63,15.76,3
F26-3015,CIAT-BR-19-1806,6.0,,Breeding,Urochloa interespecific,Grasses,94.41,14.14,85.86,15.03,25.64,62.4,2.0,39.35,89.5,189.5,53.99,2.85,15.5,16.95,32.12,59.51,0.58,6.0,High,Not High,Category_4,15.0,Q2,121.0,FM2411,I1N,698.0,3.0,50.0,12.0,2026-05-08 00:00:00,2026-03-18 00:00:00,Interspecific U.,Breeding,BR19_1806,,,hybrid,524.75,137.86,0.26,,,0.49,282.38,2823.81,2.82,16.94,2
F26-3016,CIAT-BR-19-2001,6.0,,Breeding,Urochloa interespecific,Grasses,94.4,13.08,86.92,17.57,26.41,63.97,2.0,32.94,80.75,171.03,47.65,2.78,15.65,17.0,29.11,61.81,3.22,6.0,High,Not High,Category_4,78.0,Q3,315.0,FM2411,I1N,823.0,3.0,59.0,11.0,2026-05-08 00:00:00,2026-03-18 00:00:00,Interspecific U.,Breeding,BR19_2001,,,hybrid,475.6,110.22,0.23,,,0.53,194.66,1946.57,1.95,11.68,3
F26-3018,CIAT-BR-19-2124,6.0,,Breeding,Urochloa interespecific,Grasses,94.6,12.96,87.04,15.22,26.36,62.19,2.0,36.6,86.0,181.71,54.76,3.01,16.08,16.68,30.32,55.69,0.58,6.0,Medium,Not High,Category_2,229.0,Q1,101.0,FM2411,I1N,720.0,3.0,52.0,6.0,2026-05-08 00:00:00,2026-03-18 00:00:00,Interspecific U.,Breeding,BR19_2124,,,hybrid,618.27,137.34,0.23,,,0.57,229.74,2297.42,2.3,13.78,3
F26-3019,CIAT-BR-19-2287,6.0,,Breeding,Urochloa interespecific,Grasses,94.56,11.82,88.18,15.05,28.76,62.79,2.0,34.69,85.25,180.24,53.02,2.94,15.53,16.53,29.82,56.65,0.66,6.0,Medium,Not High,Category_2,253.0,Q2,156.0,FM2411,I1N,772.0,3.0,56.0,2.0,2026-05-08 00:00:00,2026-03-18 00:00:00,Interspecific U.,Breeding,BR19_2287,,,hybrid,571.9,154.23,0.27,,,0.55,277.8,2777.98,2.78,16.67,3
F26-3021,CIAT-BR-19-2329,6.0,,Breeding,Urochloa interespecific,Grasses,96.83,13.3,86.7,13.7,25.04,62.52,2.0,42.53,95.02,196.17,55.99,2.85,14.35,15.79,30.97,56.31,0.77,6.0,Medium,Not High,Category_2,247.0,Q1,71.0,FM2411,I1N,604.0,3.0,44.0,2.0,2026-05-08 00:00:00,2026-03-18 00:00:00,Interspecific U.,Breeding,BR19_2329,,,hybrid,584.77,133.62,0.23,,,0.7,189.26,1892.55,1.89,11.36,3
F26-3024,CIAT-BR-19-2520,6.0,,Breeding,Urochloa interespecific,Grasses,95.78,12.75,87.25,13.85,26.51,60.86,2.0,42.61,94.6,197.45,51.58,2.61,15.52,16.52,32.61,63.85,0.94,6.0,High,Not High,Category_4,60.0,Q2,200.0,FM2411,I1N,744.0,3.0,54.0,2.0,2026-05-08 00:00:00,2026-03-18 00:00:00,Interspecific U.,Breeding,BR19_2520,,,hybrid,529.1,131.31,0.25,,,0.62,212.13,2121.26,2.12,12.73,3
F26-3025,CIAT-BR-19-2632,6.0,,Breeding,Urochloa interespecific,Grasses,93.68,12.15,87.85,16.01,26.6,58.86,2.0,35.77,88.18,188.23,48.09,2.56,13.45,15.4,28.98,60.76,3.37,6.0,High,Not High,Category_4,68.0,Q3,302.0,FM2411,I1N,261.0,1.0,19.0,9.0,2026-05-08 00:00:00,2026-03-18 00:00:00,Interspecific U.,Breeding,BR19_2632,,,hybrid,694.7,164.62,0.24,,,0.81,202.75,2027.49,2.03,12.16,1
F26-3026,CIAT-BR-19-2734,6.0,,Breeding,Urochloa interespecific,Grasses,95.77,13.58,86.42,14.96,26.3,58.01,2.0,48.11,98.6,205.83,58.19,2.82,14.75,16.17,33.3,58.16,0.65,6.0,High,Not High,Category_4,1.0,Q1,33.0,FM2411,I1N,763.0,3.0,55.0,7.0,2026-05-08 00:00:00,2026-03-18 00:00:00,Interspecific U.,Breeding,BR19_2734,,,hybrid,630.03,152.68,0.28,,,0.56,249.57,2495.66,2.49,14.97,3
F26-3027,CIAT-BR-19-2789,6.0,,Breeding,Urochloa interespecific,Grasses,95.76,15.53,84.47,14.82,26.47,60.39,2.0,40.02,89.02,185.85,48.76,2.62,15.0,15.99,29.72,61.56,10.46,6.0,High,Not High,Category_4,69.0,Q3,276.0,FM2411,I1N,784.0,3.0,56.0,14.0,2026-05-08 00:00:00,2026-03-18 00:00:00,Interspecific U.,Breeding,BR19_2789,,,hybrid,544.13,121.43,0.23,,,0.51,220.65,2206.48,2.2,13.24,3
F26-3028,CIAT-BR-19-2958,6.0,,Breeding,Urochloa interespecific,Grasses,93.46,13.47,86.53,16.77,23.95,54.59,2.0,41.86,93.85,200.68,56.01,2.79,14.6,15.75,31.6,56.79,0.79,6.0,Medium,Not High,Category_2,257.0,Q1,70.0,FM2411,I1N,760.0,3.0,55.0,4.0,2026-05-08 00:00:00,2026-03-18 00:00:00,Interspecific U.,Breeding,BR19_2958,,,hybrid,793.9,169.7,0.21,,,0.67,259.11,2591.13,2.59,15.55,3
F26-3030,CIAT-BR-19-3048,6.0,,Breeding,Urochloa interespecific,Grasses,95.74,12.7,87.3,16.14,27.29,57.79,2.0,41.94,94.51,197.34,53.52,2.71,14.58,16.02,31.6,59.36,0.8,6.0,High,Not High,Category_4,21.0,Q2,139.0,FM2411,I1N,689.0,3.0,50.0,3.0,2026-05-08 00:00:00,2026-03-18 00:00:00,Interspecific U.,Breeding,BR19_3048,,,hybrid,480.63,112.92,0.25,,,0.54,198.05,1980.54,1.98,11.88,3
F26-3031,CIAT-BR-19-3107,6.0,,Breeding,Urochloa interespecific,Grasses,96.76,15.88,84.12,15.38,26.83,60.35,2.0,40.11,92.01,190.03,49.69,2.61,14.9,15.97,30.35,62.12,3.76,6.0,High,Not High,Category_4,63.0,Q3,251.0,FM2411,I1N,591.0,3.0,43.0,3.0,2026-05-08 00:00:00,2026-03-18 00:00:00,Interspecific U.,Breeding,BR19_3107,,,hybrid,903.93,193.9,0.21,35.0,,0.82,239.76,2397.55,2.4,14.39,3
F26-3033,CIAT-BR-19-3294,6.0,,Breeding,Urochloa interespecific,Grasses,96.14,15.06,84.94,14.28,27.1,59.06,2.0,37.94,90.18,187.47,47.01,2.51,14.02,14.83,27.8,60.69,0.82,6.0,High,Not High,Category_4,76.0,Q3,327.0,FM2411,I1N,110.0,1.0,8.0,12.0,2026-05-08 00:00:00,2026-03-18 00:00:00,Interspecific U.,Breeding,BR19_3294,,,hybrid,651.1,127.95,0.2,,,0.6,214.54,2145.44,2.15,12.87,1
F26-3034,CIAT-BR-19-3334,6.0,,Breeding,Urochloa interespecific,Grasses,96.66,13.43,86.57,16.17,27.82,59.83,2.0,39.02,91.43,189.06,50.36,2.66,14.6,15.83,29.92,60.29,1.52,6.0,High,Not High,Category_4,49.0,Q3,234.0,FM2411,I1N,567.0,2.0,41.0,7.0,2026-05-08 00:00:00,2026-03-18 00:00:00,Interspecific U.,Breeding,BR19_3334,,,hybrid,927.1,194.92,0.21,,,0.76,259.93,2599.27,2.6,15.6,3
F26-3035,CIAT-BR-19-3677,6.0,,Breeding,Urochloa interespecific,Grasses,95.91,12.16,87.84,16.49,25.96,57.37,2.0,44.6,94.51,196.95,48.42,2.46,14.55,16.0,31.52,66.05,0.24,6.0,High,Not High,Category_4,92.0,Q3,295.0,FM2411,I1N,792.0,3.0,57.0,8.0,2026-05-08 00:00:00,2026-03-18 00:00:00,Interspecific U.,Breeding,BR19_3677,,,hybrid,474.13,118.63,0.25,,,0.53,225.58,2255.77,2.26,13.53,3
F26-3036,CIAT-BR-19-3786,6.0,,Breeding,Urochloa interespecific,Grasses,96.68,14.58,85.42,15.92,26.9,55.69,2.0,42.1,90.68,187.5,53.1,2.83,15.18,16.29,30.54,57.83,1.1,6.0,Medium,Not High,Category_2,279.0,Q2,153.0,FM2411,I1N,672.0,3.0,48.0,14.0,2026-05-08 00:00:00,2026-03-18 00:00:00,Interspecific U.,Breeding,BR19_3786,,,hybrid,373.5,85.79,0.23,,,0.43,199.98,1999.75,2.0,12.0,3
F26-3039,CIAT-BR-19-3918,6.0,,Breeding,Urochloa interespecific,Grasses,93.07,12.1,87.9,15.89,27.94,59.5,2.0,43.1,94.68,203.39,54.35,2.67,15.13,16.07,32.69,60.24,0.65,6.0,High,Not High,Category_4,19.0,Q1,113.0,FM2411,I1N,729.0,3.0,53.0,1.0,2026-05-08 00:00:00,2026-03-18 00:00:00,Interspecific U.,Breeding,BR19_3918,,,hybrid,547.23,140.36,0.26,,,0.53,259.65,2596.52,2.6,15.58,3
F26-3040,CIAT-BR-19-3959,6.0,,Breeding,Urochloa interespecific,Grasses,93.53,12.43,87.57,15.91,28.64,60.71,2.0,40.6,94.34,201.71,52.58,2.61,15.08,15.74,31.75,60.57,0.76,6.0,High,Not High,Category_4,35.0,Q2,172.0,FM2411,I1N,704.0,3.0,51.0,4.0,2026-05-08 00:00:00,2026-03-18 00:00:00,Interspecific U.,Breeding,BR19_3959,,,hybrid,623.23,147.8,0.24,,,0.64,220.44,2204.4,2.2,13.23,3
F26-3043,CIAT-BR-19-4253,6.0,,Breeding,Urochloa interespecific,Grasses,93.95,11.75,88.25,15.59,27.99,58.21,2.0,44.02,94.34,200.75,55.83,2.78,14.97,15.68,31.47,56.6,0.57,6.0,Medium,Not High,Category_2,252.0,Q1,76.0,FM2411,I1N,878.0,3.0,63.0,10.0,2026-05-08 00:00:00,2026-03-18 00:00:00,Interspecific U.,Breeding,BR19_4253,,,hybrid,574.3,128.24,0.23,,,0.53,236.47,2364.71,2.37,14.19,2
F26-3044,CIAT-BR-19-4423,6.0,,Breeding,Urochloa interespecific,Grasses,93.59,12.54,87.46,15.65,27.57,58.56,2.0,45.93,100.34,214.36,58.42,2.73,14.6,16.0,34.3,58.98,0.6,6.0,High,Not High,Category_4,2.0,Q1,29.0,FM2411,I1N,755.0,3.0,54.0,13.0,2026-05-08 00:00:00,2026-03-18 00:00:00,Interspecific U.,Breeding,BR19_4423,,,hybrid,468.37,111.28,0.25,,,0.52,201.97,2019.72,2.02,12.12,3
F26-3045,CIAT-BR-19-4439,6.0,,Breeding,Urochloa interespecific,Grasses,94.19,13.59,86.41,15.21,28.1,58.11,2.0,39.85,91.67,194.57,56.09,2.88,14.6,15.69,30.52,54.55,0.6,6.0,Medium,Not High,Category_2,206.0,Q1,68.0,FM2411,I1N,693.0,3.0,50.0,7.0,2026-05-08 00:00:00,2026-03-18 00:00:00,Interspecific U.,Breeding,BR19_4439,,,hybrid,473.07,123.21,0.26,,,0.49,256.25,2562.49,2.56,15.37,3
F26-3046,CIAT-BR-19-4440,6.0,,Breeding,Urochloa interespecific,Grasses,93.88,12.73,87.27,13.14,28.23,58.61,2.0,42.93,92.26,196.48,56.13,2.86,15.05,15.65,30.75,55.04,0.42,6.0,Medium,Not High,Category_2,219.0,Q1,66.0,FM2411,I1N,649.0,3.0,47.0,5.0,2026-05-08 00:00:00,2026-03-18 00:00:00,Interspecific U.,Breeding,BR19_4440,,,hybrid,401.67,102.02,0.26,,,0.44,227.58,2275.84,2.28,13.66,3
F26-3047,CIAT-BR-19-4529,6.0,,Breeding,Urochloa interespecific,Grasses,94.69,12.91,87.09,17.67,27.7,58.93,2.0,41.43,91.01,192.15,55.19,2.87,14.03,15.84,30.44,55.32,0.65,6.0,Medium,Not High,Category_2,223.0,Q1,87.0,FM2411,I1N,776.0,3.0,56.0,6.0,2026-05-08 00:00:00,2026-03-18 00:00:00,Interspecific U.,Breeding,BR19_4529,,,hybrid,657.73,144.71,0.23,,,0.6,229.21,2292.14,2.29,13.75,3
F26-3048,CIAT-BR-19-4581,6.0,,Breeding,Urochloa interespecific,Grasses,95.2,12.53,87.47,14.56,29.6,60.32,2.0,45.35,93.67,196.66,55.97,2.85,14.47,15.86,31.2,55.81,0.59,6.0,Medium,Not High,Category_2,233.0,Q1,72.0,FM2411,I1N,701.0,3.0,51.0,1.0,2026-05-08 00:00:00,2026-03-18 00:00:00,Interspecific U.,Breeding,BR19_4581,,,hybrid,713.3,168.13,0.24,,,0.68,251.73,2517.26,2.52,15.1,3
F26-3049,CIAT-BR-19-4988,6.0,,Breeding,Urochloa interespecific,Grasses,94.73,12.28,87.72,13.75,25.79,62.68,2.0,46.52,97.42,205.55,55.83,2.72,14.5,15.73,32.34,58.03,0.57,6.0,High,Not High,Category_4,7.0,Q1,77.0,FM2411,I1N,716.0,3.0,52.0,2.0,2026-05-08 00:00:00,2026-03-18 00:00:00,Interspecific U.,Breeding,BR19_4988,,,hybrid,824.67,197.77,0.24,,,0.77,257.82,2578.15,2.58,15.47,3
F26-3050,CIAT-BR-19-5055,6.0,,Breeding,Urochloa interespecific,Grasses,95.39,13.14,86.86,14.1,25.97,60.93,2.0,47.87,97.64,204.63,56.96,2.78,15.1,15.62,31.97,56.18,0.49,6.0,Medium,Not High,Category_2,243.0,Q1,51.0,FM2411,I1N,671.0,3.0,48.0,13.0,2026-05-08 00:00:00,2026-03-18 00:00:00,Interspecific U.,Breeding,BR19_5055,,,hybrid,549.35,125.05,0.23,,,0.56,224.48,2244.83,2.24,13.47,2
F26-3051,CIAT-BR-19-5057,6.0,,Breeding,Urochloa interespecific,Grasses,95.17,12.41,87.59,16.17,26.03,62.66,2.0,44.26,97.09,203.93,56.8,2.78,13.47,15.19,30.98,54.75,0.51,6.0,Medium,Not High,Category_2,213.0,Q1,54.0,FM2411,I1N,583.0,2.0,42.0,9.0,2026-05-08 00:00:00,2026-03-18 00:00:00,Interspecific U.,Breeding,BR19_5057,,,hybrid,591.0,131.67,0.23,,,0.51,246.67,2466.67,2.47,14.8,3
F26-3052,CIAT-BR-19-5178,6.0,,Breeding,Urochloa interespecific,Grasses,95.45,14.79,85.21,17.14,26.77,64.21,2.0,45.01,97.26,203.71,59.17,2.91,14.53,16.25,33.09,56.18,0.46,6.0,Medium,Not High,Category_2,242.0,Q1,21.0,FM2411,I1N,797.0,3.0,57.0,13.0,2026-05-08 00:00:00,2026-03-18 00:00:00,Interspecific U.,Breeding,BR19_5178,,,hybrid,555.63,136.17,0.25,,,0.52,273.78,2737.82,2.74,16.43,3
F26-3053,CIAT-BR-19-5273,6.0,,Breeding,Urochloa interespecific,Grasses,94.49,12.58,87.42,14.67,25.8,62.37,2.0,46.01,94.09,198.98,54.54,2.74,13.97,15.18,30.2,55.62,0.52,6.0,Medium,Not High,Category_2,227.0,Q1,109.0,FM2411,I1N,801.0,3.0,58.0,3.0,2026-05-08 00:00:00,2026-03-18 00:00:00,Interspecific U.,Breeding,BR19_5273,,,hybrid,816.87,189.69,0.24,,,0.7,262.02,2620.23,2.62,15.72,3
F26-3054,CIAT-BR-19-5348,6.0,,Breeding,Urochloa interespecific,Grasses,94.61,11.49,88.51,16.46,27.99,68.6,2.0,42.85,93.5,197.54,55.72,2.82,14.35,16.18,31.97,57.53,0.5,6.0,Medium,Not High,Category_2,274.0,Q1,80.0,FM2411,I1N,690.0,3.0,50.0,4.0,2026-05-08 00:00:00,2026-03-18 00:00:00,Interspecific U.,Breeding,BR19_5348,,,hybrid,367.7,93.96,0.27,,,0.41,239.36,2393.58,2.4,14.36,3
F26-3055,CIAT-BR-19-5615,6.0,,Breeding,Urochloa interespecific,Grasses,95.16,14.7,85.3,17.53,24.47,65.87,2.0,41.58,92.0,193.26,57.83,3.0,13.78,13.69,26.5,46.33,0.35,5.0,Low,Not High,Category_2,53.0,Q1,41.0,FM2411,I1N,809.0,3.0,58.0,11.0,2026-05-08 00:00:00,2026-03-18 00:00:00,Interspecific U.,Breeding,BR19_5615,,,hybrid,488.93,111.82,0.24,,,0.53,201.65,2016.53,2.02,12.1,3
F26-3056,CIAT-BR-19-5751,6.0,,Breeding,Urochloa interespecific,Grasses,95.42,13.33,86.67,15.69,27.06,65.89,2.0,44.93,94.87,198.72,54.69,2.75,14.62,15.96,31.71,58.01,0.47,4.0,High,Not High,Category_4,9.0,Q1,103.0,FM2411,I1N,651.0,3.0,47.0,7.0,2026-05-08 00:00:00,2026-03-18 00:00:00,Interspecific U.,Breeding,BR19_5751,,,hybrid,731.53,165.63,0.23,42.0,,0.67,251.75,2517.54,2.52,15.11,3
F26-3057,CIAT-BR-19-5898,6.0,,Breeding,Urochloa interespecific,Grasses,95.24,12.16,87.84,14.12,27.96,68.14,2.0,44.68,95.37,200.17,53.01,2.65,15.02,15.84,31.7,59.98,0.53,4.0,High,Not High,Category_4,28.0,Q2,157.0,FM2411,I1N,644.0,3.0,46.0,14.0,2026-05-08 00:00:00,2026-03-18 00:00:00,Interspecific U.,Breeding,BR19_5898,,,hybrid,553.1,123.62,0.23,,,0.6,201.25,2012.55,2.01,12.08,3
F26-3058,CIAT-BR-19-6068,6.0,,Breeding,Urochloa interespecific,Grasses,95.06,12.83,87.17,16.63,24.83,65.45,2.0,44.81,93.75,197.15,55.61,2.82,13.1,14.91,29.39,52.89,0.44,4.0,Medium,Not High,Category_2,168.0,Q1,82.0,FM2411,I1N,872.0,3.0,63.0,4.0,2026-05-08 00:00:00,2026-03-18 00:00:00,Interspecific U.,Breeding,BR19_6068,,,hybrid,739.0,179.47,0.25,,,0.7,251.49,2514.87,2.51,15.09,3
F26-3059,CIAT-BR-19-6160,6.0,,Breeding,Urochloa interespecific,Grasses,95.5,13.56,86.44,16.45,26.85,64.72,2.0,46.43,94.87,198.58,55.42,2.79,13.95,15.07,29.93,54.02,0.42,4.0,Medium,Not High,Category_2,197.0,Q1,83.0,FM2411,I1N,741.0,3.0,53.0,13.0,2026-05-08 00:00:00,2026-03-18 00:00:00,Interspecific U.,Breeding,BR19_6160,,,hybrid,353.93,89.8,0.25,,,0.44,204.71,2047.08,2.05,12.28,3
F26-3060,CIAT-BR-19-6352,6.0,,Breeding,Urochloa interespecific,Grasses,95.81,11.73,88.27,14.71,29.91,69.33,2.0,43.06,93.37,194.78,48.72,2.5,15.25,16.38,31.91,65.92,0.7,4.0,High,Not High,Category_4,91.0,Q3,280.0,FM2411,I1N,628.0,3.0,45.0,12.0,2026-05-08 00:00:00,2026-03-18 00:00:00,Interspecific U.,Breeding,BR19_6352,,,hybrid,458.57,113.22,0.25,,,0.54,211.02,2110.23,2.11,12.66,3
F26-3061,CIAT-BR-19-6397,6.0,,Breeding,Urochloa interespecific,Grasses,94.32,13.4,86.6,17.3,29.48,66.93,2.0,42.31,94.25,199.75,55.75,2.79,14.42,16.0,31.95,57.37,0.43,4.0,Medium,Not High,Category_2,267.0,Q1,78.0,FM2411,I1N,879.0,3.0,63.0,11.0,2026-05-08 00:00:00,2026-03-18 00:00:00,Interspecific U.,Breeding,BR19_6397,,,hybrid,575.33,133.3,0.24,,,0.64,212.66,2126.61,2.13,12.76,3
F26-3062,CIAT-BR-19-6400,6.0,,Breeding,Urochloa interespecific,Grasses,95.12,13.91,86.09,15.65,29.29,68.03,2.0,42.31,92.33,194.0,52.5,2.7,13.93,15.31,29.71,57.53,0.53,4.0,Medium,Not High,Category_2,273.0,Q2,178.0,FM2411,I1N,858.0,3.0,62.0,4.0,2026-05-08 00:00:00,2026-03-18 00:00:00,Interspecific U.,Breeding,BR19_6400,,,hybrid,726.73,161.47,0.24,,,0.62,240.67,2406.67,2.41,14.44,3
F26-3063,CIAT-BR-19-6868,6.0,,Breeding,Urochloa interespecific,Grasses,95.74,11.77,88.23,14.39,33.43,71.04,2.0,48.55,98.87,206.47,53.25,2.58,15.12,16.3,33.65,63.67,0.53,4.0,High,Not High,Category_4,50.0,Q2,147.0,FM2411,I1N,377.0,2.0,27.0,13.0,2026-05-08 00:00:00,2026-03-18 00:00:00,Interspecific U.,Breeding,BR19_6868,,,hybrid,695.0,162.83,0.23,,,0.66,245.42,2454.21,2.46,14.73,2
F26-3064,CIAT-BR-19-6984,6.0,,Breeding,Urochloa interespecific,Grasses,95.45,13.57,86.43,16.22,29.18,67.8,2.0,41.43,88.5,185.34,51.46,2.77,14.4,16.07,29.78,58.88,0.61,4.0,High,Not High,Category_4,34.0,Q2,204.0,FM2411,I1N,225.0,1.0,17.0,1.0,2026-05-08 00:00:00,2026-03-18 00:00:00,Interspecific U.,Breeding,BR19_6984,,,hybrid,756.13,183.91,0.24,,,0.68,265.25,2652.48,2.65,15.91,3
F26-3068,CIAT-CIAT-16320,6.0,,Breeding,Urochloa interespecific,Grasses,95.48,10.75,89.25,14.62,34.61,73.06,2.0,41.55,93.87,196.58,52.43,2.67,15.32,16.47,32.38,61.87,0.45,4.0,High,Not High,Category_4,45.0,Q2,179.0,FM2411,I1N,339.0,2.0,25.0,3.0,2026-05-08 00:00:00,2026-03-18 00:00:00,Interspecific U.,Breeding,CIAT_16320,,,accesion,962.0,222.74,0.23,,,1.17,190.5,1905.02,1.91,11.43,1
F26-3069,CIAT-CIAT-6387,6.0,,Breeding,Urochloa interespecific,Grasses,95.77,11.62,88.38,12.65,33.04,73.09,2.0,42.18,94.0,196.17,52.84,2.69,15.15,15.89,31.18,59.18,0.44,6.0,High,Not High,Category_4,23.0,Q2,167.0,FM2411,I1N,625.0,3.0,45.0,9.0,2026-05-08 00:00:00,2026-03-18 00:00:00,Interspecific U.,Breeding,CIAT_6387,,,accesion,855.13,193.2,0.23,36.0,,0.63,287.44,2874.41,2.88,17.25,3
F26-3070,CIAT-CIAT-6780,6.0,,Breeding,Urochloa interespecific,Grasses,95.23,11.29,88.71,12.62,31.85,71.72,2.0,44.09,97.25,204.14,53.51,2.62,14.52,15.52,31.68,59.32,0.48,6.0,High,Not High,Category_4,20.0,Q2,140.0,FM2411,I1N,57.0,1.0,5.0,1.0,2026-05-08 00:00:00,2026-03-18 00:00:00,Interspecific U.,Breeding,CIAT_6780,,,accesion,499.6,119.5,0.24,,,0.71,165.1,1650.96,1.66,9.91,2
F26-3071,CIAT-GP-3207,6.0,,Breeding,Urochloa interespecific,Grasses,96.28,11.79,88.21,13.54,32.5,65.62,2.0,43.67,98.0,203.43,53.65,2.64,15.13,16.05,32.64,60.93,0.67,6.0,High,Not High,Category_4,30.0,Q2,131.0,FM2411,I1N,748.0,3.0,54.0,6.0,2026-05-08 00:00:00,2026-03-18 00:00:00,Interspecific U.,Breeding,GP_3207,,,hybrid,746.93,174.29,0.23,,,0.66,258.73,2587.29,2.59,15.52,3
F26-3072,CIAT-Mavuno,6.0,,Breeding,Urochloa interespecific,Grasses,95.56,12.3,87.7,15.72,29.14,58.77,2.0,40.01,85.25,178.37,52.62,2.95,14.32,15.12,26.97,51.67,0.77,6.0,Medium,Not High,Category_2,142.0,Q2,171.0,FM2411,I1N,554.0,2.0,40.0,8.0,2026-05-08 00:00:00,2026-03-18 00:00:00,Interspecific U.,Breeding,Mavuno,,,hybrid,857.4,170.37,0.2,36.0,,0.74,234.17,2341.72,2.34,14.05,3
