id_lab,id,subset,no,requisitioner,tax_name,functional_group,net_gas_8h_ml,net_gas_24h_ml,gas_ml_g_dm_incubated_24h,tddm,part_fact,ch4_percentage_in_gas_8h,ch4_percentage_in_gas_24h,ch4_ml_g_dm_incubated_24h,methane_intensity,ch4_ml_g_ndf_digested_24h,n_replicates_gas
Dieta-1-:-F263137-+-F261072-(40%/60%)-Estrella/Leucaena),Dieta-1-:-F-263137-+-F-261072-(40%/60%)-Estrella/Leucaena),5,1777, ISABEL MOLINA/ EXP Camaras In vivo ,,,29.02,59.27,125.28,35.69,2.85,12.68,13.8,17.29,48.82,1.91,6
Dieta-1_Exp1,Dieta-1-Exp-1,3,839,LMF-invivo,Dieta 1_Exp1,,30.67,67.46,149.92,34.9,2.31,14.42,14.69,21.82,71.84,321.88,6
Dieta-1_Exp2,Dieta-1-Exp-2,3,1019,LMF-invivo,Dieta 1_Exp2,,28.26,57.51,129.22,33.33,2.41,13.66,14.43,18.49,70.34,313.12,8
Dieta-2-:-F263137-+-F263138-(55%/45%)-Estrella/Canavalia),Dieta-2-:-F-263137-+-F-263138-(55%/45%)-Estrella/Canavalia),5,1779, ISABEL MOLINA/ EXP Camaras In vivo ,,,35.36,74.77,158.74,42.41,2.68,16.03,16.99,26.98,63.7,0.9,6
Dieta-2_Exp1,Dieta-2-Exp-1,3,738,LMF-invivo,Dieta 2_Exp1,,29.6,62.15,139.52,30.16,2.16,13.87,14.36,20.02,71.36,317.83,6
Dieta-2_Exp2,Dieta-2-Exp-2,3,1022,LMF-invivo,Dieta 2_Exp2,,23.63,47.33,106.3,20.63,1.92,13.89,14.47,15.36,81.9,364.69,7
Estrella-100%,Estrella-100%,5,367,,,,24.54,58.35,127.44,17.63,1.38,13.38,14.1,17.97,109.12,0.66,6
Estrella_55%_Canabra_45%,Estrella-55%-Canabra-45%,5,377,,,,34.04,69.02,147.86,38.88,2.63,14.63,16.55,24.47,63.23,-123.26,6
Estrella_55%_Indsuf_45%,Estrella-55%-Indsuf-45%,5,375,,,,36.29,75.27,161.53,37.31,2.31,15.03,16.37,26.44,72.66,-0.18,6
Estrella_55%_Leudiv_45%,Estrella-55%-Leudiv-45%,5,379,,,,27.04,55.02,118.14,20.84,1.75,12.27,13.51,15.95,84.66,-0.68,6
Estrella_70%_Canabra_30%,Estrella-70%-Canabra-30%,5,371,,,,35.04,71.27,153.68,33.23,2.16,14.93,16.19,24.89,75.13,1.92,6
Estrella_70%_Indsuf_30%,Estrella-70%-Indsuf-30%,5,369,,,,34.7,72.35,156.17,29.04,1.86,14.62,15.56,24.29,87.23,-1.93,6
Estrella_70%_Leudiv_30%,Estrella-70%-Leudiv-30%,5,373,,,,29.87,59.68,128.91,23.77,1.88,12.93,13.87,17.84,76.81,-2.77,6
F24-3416,CIAT-705,1,1,Genetic_bank,Indigofera suffruticosa,Shrub_Trees,29.35,61.94,134.59,74.34,5.52,14.26,17.35,23.36,31.84,149.32,9
F24-3417,CIAT-707,1,4,Genetic_bank,Alysicarpus ovalifolius,Herbaceous_legumes,30.58,66.26,147.01,65.97,4.49,13.54,16.25,23.89,36.44,125.18,9
F24-3418,CIAT-712,1,7,Genetic_bank,Clitoria ternatea,Herbaceous_legumes,39.78,78.31,171.45,62.66,3.66,12.57,14.79,25.37,40.73,153.83,9
F24-3419,CIAT-749,1,10,Genetic_bank,Crotalaria juncea,Shrub_Trees,35.74,67.64,147.39,65.15,4.43,14.03,15.59,22.98,35.43,150.15,9
F24-3420,CIAT-768,1,13,Genetic_bank,Clitoria ternatea,Herbaceous_legumes,33.53,74.13,160.77,64.82,4.03,13.49,15.73,25.3,39.08,134.6,9
F24-3421,CIAT-772,1,16,Genetic_bank,Clitoria ternatea,Herbaceous_legumes,32.3,75.07,163.99,65.1,4.06,13.46,14.99,24.42,37.92,77.57,9
F24-3422,CIAT-819,1,19,Genetic_bank,Indigofera suffruticosa,Shrub_Trees,32.19,63.25,139.32,60.93,4.39,14.22,16.94,23.64,39.4,201.43,8
F24-3423,CIAT-905,1,22,Genetic_bank,Canavalia brasiliensis,Herbaceous_legumes,38.42,76.32,166.0,63.42,3.87,12.08,15.4,25.65,40.88,908.11,9
F24-3424,CIAT-913,1,25,Genetic_bank,Cajanus cajan,Shrub_Trees,23.96,58.27,122.89,60.86,5.01,13.53,16.14,19.76,32.83,102.87,9
F24-3425,CIAT-955,1,28,Genetic_bank,Clitoria ternatea,Herbaceous_legumes,37.78,84.29,183.5,59.65,3.29,12.82,14.54,26.67,45.45,138.42,9
F24-3426,CIAT-989,1,406,Genetic_bank,Indigofera hirsuta,Herbaceous_legumes,27.27,46.83,101.37,52.31,5.15,15.57,16.78,16.97,32.85,160.5,9
F24-3427,CIAT-1257,1,409,Genetic_bank,Stylosanthes scabra,Herbaceous_legumes,36.17,69.8,150.5,58.95,4.36,15.71,17.6,26.55,46.32,103.03,9
F24-3428,CIAT-3240,1,412,Genetic_bank,Desmodium cinereum,Shrub_Trees,33.32,52.78,113.63,54.72,4.84,19.2,19.67,22.33,40.86,246.37,9
F24-3429,CIAT-3522,1,415,Genetic_bank,Desmodium incanum,Herbaceous_legumes,24.32,38.72,82.96,36.5,4.42,17.03,18.51,15.33,42.18,-1605.11,9
F24-3430,CIAT-4134,1,418,Genetic_bank,Macroptilium lathyroides,Herbaceous_legumes,40.55,75.25,163.66,65.38,4.03,17.4,18.91,30.91,47.73,-81.53,9
F24-3431,CIAT-4279,1,421,Genetic_bank,Vigna umbellata,Herbaceous_legumes,38.53,75.89,166.66,66.91,4.04,17.63,19.09,31.79,47.82,182.93,9
F24-3432,CIAT-5124,1,425,Genetic_bank,Centrosema molle x acutifolium,Herbaceous_legumes,34.01,56.77,123.97,56.75,4.62,17.54,18.89,23.4,42.1,116.73,8
F24-3433,CIAT-5234,1,427,Genetic_bank,Centrosema brasilianum,Herbaceous_legumes,37.44,67.17,145.12,62.56,4.32,15.51,17.45,25.29,40.52,111.95,8
F24-3434,CIAT-7292,1,430,Genetic_bank,Chamaecrista desvauxii,Herbaceous_legumes,28.85,49.0,106.45,48.05,4.55,15.74,17.19,18.27,38.18,285.98,9
F24-3435,CIAT-7317,1,433,Genetic_bank,Canavalia sp.,Herbaceous_legumes,36.07,63.9,138.17,70.24,5.14,15.92,17.4,24.0,34.3,110.77,9
F24-3436,CIAT-7322,1,436,Genetic_bank,Canavalia sp.,Herbaceous_legumes,39.02,77.02,172.33,74.64,4.37,17.21,19.04,32.75,43.86,150.58,9
F24-3437,CIAT-7339,1,439,Genetic_bank,Indigofera lespedezioides,Herbaceous_legumes,28.21,47.62,103.48,53.95,5.34,16.06,17.66,18.23,34.71,268.38,9
F24-3438,CIAT-7469,1,442,Genetic_bank,Clitoria ternatea,Herbaceous_legumes,42.42,79.04,171.45,65.71,3.85,16.63,18.01,30.78,47.75,135.76,9
F24-3439,CIAT-7643,1,445,Genetic_bank,Desmanthus pernambucanus,Shrub_Trees,29.59,54.22,115.47,47.16,4.08,16.55,18.19,21.0,44.69,158.79,6
F24-3440,CIAT-7703,1,448,Genetic_bank,Aeschynomene indica,Herbaceous_legumes,37.66,66.23,144.0,57.36,3.98,16.48,17.45,25.07,44.47,116.69,8
F24-3441,CIAT-7714,1,631,Genetic_bank,Alysicarpus glumaceus,Herbaceous_legumes,39.01,71.0,152.54,65.53,4.32,17.38,18.66,28.47,44.37,61.63,12
F24-3442,CIAT-7757,1,634,Genetic_bank,Clitoria ternatea,Herbaceous_legumes,42.92,82.51,179.01,64.83,3.63,17.82,19.58,35.05,54.11,160.88,12
F24-3443,CIAT-7759,1,637,Genetic_bank,Clitoria ternatea,Herbaceous_legumes,42.26,92.17,196.92,66.8,3.4,17.9,19.08,37.58,56.38,138.77,6
F24-3444,CIAT-7790,1,640,Genetic_bank,Crotalaria pallida,Herbaceous_legumes,35.33,76.53,166.06,64.54,3.91,17.65,21.04,35.06,54.82,113.86,6
F24-3445,CIAT-7792,1,643,Genetic_bank,Chamaecrista rotundifolia,Herbaceous_legumes,42.78,77.94,167.74,65.27,3.89,16.63,19.18,32.19,49.52,114.17,6
F24-3446,CIAT-7816,1,646,Genetic_bank,Indigofera spicata,Herbaceous_legumes,31.86,68.94,149.0,64.89,4.39,15.45,17.82,26.54,41.04,144.5,6
F24-3447,CIAT-7858,1,649,Genetic_bank,Crotalaria incana,Herbaceous_legumes,47.91,85.8,184.16,73.8,4.04,16.68,18.6,34.28,46.55,101.24,6
F24-3448,CIAT-7972,1,652,Genetic_bank,Canavalia brasiliensis,Herbaceous_legumes,37.19,71.24,154.94,66.01,4.25,16.23,18.63,28.8,44.18,170.11,6
F24-3449,CIAT-8205,1,655,Genetic_bank,Indigofera suffruticosa,Shrub_Trees,30.68,65.55,142.02,62.07,4.4,19.0,20.51,29.08,46.97,240.8,6
F24-3450,CIAT-8402,1,658,Genetic_bank,Indigofera suffruticosa,Shrub_Trees,34.0,59.08,128.37,62.49,4.87,18.76,20.59,26.43,42.3,267.13,5
F24-3451,CIAT-8408,1,661,Genetic_bank,Chamaecrista nictitans,Herbaceous_legumes,32.82,63.48,134.96,47.3,3.52,17.22,20.47,27.69,58.52,501.47,6
F24-3452,CIAT-8409,1,664,Genetic_bank,Chamaecrista nictitans,Herbaceous_legumes,35.09,60.09,130.68,49.94,3.82,16.98,20.56,26.92,54.13,276.79,5
F24-3453,CIAT-8719,1,667,Genetic_bank,Canavalia sp. ,Herbaceous_legumes,36.43,69.75,149.06,65.39,4.39,16.52,19.17,28.62,44.01,296.13,12
F24-3454,CIAT-8797,1,670,Genetic_bank,Desmanthus virgatus,Shrub_Trees,31.49,61.64,132.58,48.5,3.67,15.47,17.84,23.64,48.75,291.63,6
F24-3455,CIAT-8819,1,673,Genetic_bank,Coursetia caribaea,Shrub_Trees,33.47,69.52,151.45,63.34,4.19,18.58,20.43,30.96,48.94,226.66,5
F24-3456,CIAT-9170,1,676,Genetic_bank,Indigofera lespedezioides,Herbaceous_legumes,28.1,44.6,95.77,42.54,4.45,15.12,16.69,15.99,38.2,468.11,6
F24-3457,CIAT-9254,1,679,Genetic_bank,Crotalaria pallida,Herbaceous_legumes,31.49,68.2,150.13,59.58,4.0,18.25,20.76,31.24,52.29,222.84,6
F24-3458,CIAT-9283,1,682,Genetic_bank,Crotalaria pallida,Herbaceous_legumes,32.82,67.76,145.95,60.12,4.12,18.13,20.82,30.4,50.83,254.6,6
F24-3459,CIAT-9288,1,685,Genetic_bank,Indigofera suffruticosa,Shrub_Trees,39.46,68.94,147.0,68.02,4.63,19.38,22.66,33.31,49.11,168.49,6
F24-3460,CIAT-9336,1,688,Genetic_bank,Clitoria ternatea,Herbaceous_legumes,46.54,77.42,171.22,69.15,4.09,18.63,20.19,34.64,50.58,214.71,6
F24-3461,CIAT-9349,1,691,Genetic_bank,Mucuna pruriens,Herbaceous_legumes,30.09,59.72,130.61,56.47,4.33,17.35,18.52,24.19,43.23,295.65,6
F24-3462,CIAT-9356,1,694,Genetic_bank,Tephrosia noctiflora,Shrub_Trees,32.3,59.94,128.77,53.77,4.18,18.7,20.48,26.38,49.48,375.49,6
F24-3463,CIAT-9432,1,697,Genetic_bank,Clitoria ternatea,Herbaceous_legumes,36.95,70.2,153.75,50.87,3.32,17.36,18.9,29.07,57.24,-1104.57,5
F24-3464,CIAT-9433,1,700,Genetic_bank,Clitoria ternatea,Herbaceous_legumes,39.97,68.5,145.22,61.82,4.26,17.95,19.36,28.12,46.43,817.83,6
F24-3465,CIAT-9435,1,703,Genetic_bank,Desmanthus pubescens,Shrub_Trees,27.95,48.29,102.03,43.26,4.24,16.03,18.91,19.3,44.69,938.75,6
F24-3466,CIAT-9530,1,706,Genetic_bank,Crotalaria maypurensis,Herbaceous_legumes,47.13,83.98,179.99,68.2,3.8,17.02,19.21,34.56,51.12,-1583.51,6
F24-3467,CIAT-9562,1,709,Genetic_bank,Eriosema diffusum,Herbaceous_legumes,19.18,33.01,70.26,28.14,4.01,16.85,18.0,12.64,45.14,-184.81,4
F24-3468,CIAT-9982,1,712,Genetic_bank,Crotalaria incana,Herbaceous_legumes,45.21,84.79,180.65,72.64,4.02,17.05,19.0,34.32,47.26,178.64,6
F24-3470,CIAT-11194,1,718,Genetic_bank,Stylosanthes hamata,Herbaceous_legumes,33.85,70.41,151.51,59.25,3.91,15.17,18.02,27.31,46.12,184.66,6
F24-3471,CIAT-11999,1,811,Genetic_bank,Stylosanthes guianensis,Herbaceous_legumes,34.49,78.22,167.21,58.55,3.5,12.98,16.25,27.25,46.61,139.83,9
F24-3472,CIAT-12318,1,814,Genetic_bank,Stylosanthes hamata,Herbaceous_legumes,39.9,82.4,175.02,56.88,3.25,13.99,16.96,29.75,52.27,259.42,9
F24-3473,CIAT-13575,1,817,Genetic_bank,Desmodium incanum,Herbaceous_legumes,25.6,51.93,110.26,42.85,3.89,13.6,16.23,17.97,42.43,502.53,9
F24-3474,CIAT-13609,1,820,Genetic_bank,Desmodium incanum,Herbaceous_legumes,27.51,50.25,107.53,38.4,3.58,13.66,16.31,17.58,46.39,-1188.43,9
F24-3475,CIAT-15551,1,823,Genetic_bank,Centrosema molle,Herbaceous_legumes,32.77,65.88,140.48,49.72,3.55,14.79,17.49,24.68,50.03,290.19,9
F24-3476,CIAT-17024,1,826,Genetic_bank,Desmanthus pernambucanus,Shrub_Trees,28.59,50.45,108.95,40.14,3.7,14.17,16.84,18.45,46.29,-1508.62,9
F24-3477,CIAT-17091,1,829,Genetic_bank,Crotalaria micans,Shrub_Trees,41.67,87.22,184.37,66.12,3.59,15.17,17.47,32.25,48.83,212.3,9
F24-3478,CIAT-17365,1,832,Genetic_bank,Clitoria ternatea,Herbaceous_legumes,47.57,86.39,184.9,63.39,3.43,15.12,17.56,32.55,51.29,221.13,9
F24-3479,CIAT-17451,1,835,Genetic_bank,Canavalia sp.,Herbaceous_legumes,35.57,68.16,148.64,62.07,4.18,12.8,15.61,23.25,37.55,223.01,9
F24-3480,CIAT-17775,1,838,Genetic_bank,Christia obcordata,Herbaceous_legumes,45.41,83.24,176.41,59.09,3.35,15.26,18.43,32.55,55.22,244.5,9
F24-3481,CIAT-18016,1,841,Genetic_bank,Sesbania emerus,Shrub_Trees,31.79,61.95,132.84,50.31,3.8,14.23,15.96,21.31,42.47,612.91,9
F24-3482,CIAT-18044,1,844,Genetic_bank,Christia sp.,Herbaceous_legumes,36.57,70.56,150.62,58.33,3.87,15.28,18.25,27.52,47.47,250.94,8
F24-3483,CIAT-18288,1,847,Genetic_bank,Sesbania exasperata,Shrub_Trees,39.39,73.99,159.19,55.66,3.49,14.9,16.94,27.04,48.91,-1024.53,8
F24-3484,CIAT-18447,1,850,Genetic_bank,Clitoria ternatea,Herbaceous_legumes,45.21,80.39,172.89,55.28,3.2,14.51,16.92,29.34,53.02,361.74,9
F24-3485,CIAT-18455,1,853,Genetic_bank,Christia obcordata,Herbaceous_legumes,40.14,81.32,174.41,59.86,3.47,15.41,18.54,32.52,54.18,301.16,9
F24-3486,CIAT-18707,1,856,Genetic_bank,Crotalaria pallida,Herbaceous_legumes,36.7,69.77,150.03,53.89,3.6,16.06,21.49,32.3,60.94,4102.07,9
F24-3487,CIAT-18749,1,859,Genetic_bank,Arachis pintoi,Herbaceous_legumes,24.41,64.46,139.0,61.12,4.41,11.69,15.84,22.11,36.23,193.52,9
F24-3488,CIAT-18813,1,862,Genetic_bank,Crotalaria nitens,Herbaceous_legumes,27.31,54.58,118.83,51.23,4.36,13.41,16.45,19.62,38.58,-51.21,9
F24-3489,CIAT-18848,1,865,Genetic_bank,Alysicarpus rugosus,Herbaceous_legumes,32.97,53.64,113.58,57.17,5.05,14.5,16.9,19.17,34.19,-169.44,9
F24-3490,CIAT-18862,1,868,Genetic_bank,Alysicarpus rugosus,Herbaceous_legumes,32.72,59.3,127.37,49.62,3.91,15.2,17.3,22.1,44.91,203.33,9
F24-3491,CIAT-18931,1,871,Genetic_bank,Tephrosia linearis,Shrub_Trees,30.95,58.9,125.87,49.75,3.95,14.06,16.35,20.54,42.05,293.07,9
F24-3492,CIAT-19038,1,874,Genetic_bank,Canavalia sp.,Herbaceous_legumes,33.95,69.37,153.76,63.37,4.15,14.78,17.6,27.11,43.52,-75.3,9
F24-3493,CIAT-19118,1,877,Genetic_bank,Alysicarpus rugosus,Herbaceous_legumes,35.18,69.18,148.82,59.74,4.02,15.71,17.7,26.31,44.5,451.56,9
F24-3494,CIAT-19127,1,880,Genetic_bank,Alysicarpus rugosus,Herbaceous_legumes,32.38,61.46,133.18,48.76,3.66,15.48,17.96,23.89,49.24,435.96,9
F24-3495,CIAT-19128,1,883,Genetic_bank,Alysicarpus rugosus,Herbaceous_legumes,31.15,60.03,129.47,46.81,3.62,15.19,17.68,22.87,49.01,275.49,9
F24-3496,CIAT-19129,1,886,Genetic_bank,Alysicarpus rugosus,Herbaceous_legumes,34.59,62.25,133.12,49.9,3.75,15.91,18.28,24.34,49.18,252.14,9
F24-3497,CIAT-19133,1,889,Genetic_bank,Alysicarpus rugosus,Herbaceous_legumes,36.85,65.88,141.43,48.23,3.42,15.61,18.06,25.59,55.12,-223.92,9
F24-3498,CIAT-19137,1,892,Genetic_bank,Alysicarpus rugosus,Herbaceous_legumes,37.39,67.9,144.72,53.2,3.68,15.31,17.59,25.49,48.49,578.79,9
F24-3499,CIAT-19138,1,895,Genetic_bank,Alysicarpus rugosus,Herbaceous_legumes,34.15,62.59,134.98,54.86,4.07,15.26,17.55,23.69,43.21,290.69,9
F24-3500,CIAT-19139,1,898,Genetic_bank,Alysicarpus ovalifolius,Herbaceous_legumes,30.61,56.94,120.28,52.41,4.37,14.24,17.2,20.77,39.74,239.14,9
F24-3501,CIAT-19213,1,1156,Genetic_bank,Clitoria ternatea,Herbaceous_legumes,50.45,71.89,153.19,63.66,4.15,14.99,16.09,24.65,39.14,194.95,9
F24-3502,CIAT-19421,1,1159,Genetic_bank,Uraria lagopodioides,Herbaceous_legumes,41.01,56.9,120.89,54.27,4.49,14.13,15.13,18.29,33.82,-270.24,9
F24-3503,CIAT-19566,1,1162,Genetic_bank,Tephrosia noctiflora,Shrub_Trees,45.23,68.65,146.32,64.11,4.39,15.42,16.28,23.83,37.31,595.67,9
F24-3504,CIAT-19667,1,1165,Genetic_bank,Indigofera hirsuta,Herbaceous_legumes,30.63,46.87,101.39,44.81,4.44,13.07,14.31,14.51,32.52,-324.21,9
F24-3505,CIAT-19673,1,1168,Genetic_bank,Alysicarpus rugosus,Herbaceous_legumes,42.48,65.45,141.49,51.27,3.64,14.38,15.9,22.51,43.95,-505.48,9
F24-3506,CIAT-19895,1,1351,Genetic_bank,Aeschynomene americana,Shrub_Trees,37.07,75.15,160.96,67.43,4.23,14.14,15.62,25.13,38.27,100.81,9
F24-3507,CIAT-20093,1,1354,Genetic_bank,Canavalia sp.,Herbaceous_legumes,39.24,73.92,156.59,65.75,4.25,14.71,15.94,24.97,37.98,162.04,9
F24-3508,CIAT-20113,1,1357,Genetic_bank,Canavalia sp.,Herbaceous_legumes,38.5,78.2,165.17,65.3,3.97,13.02,15.11,24.95,38.26,203.42,9
F24-3509,CIAT-20125,1,1360,Genetic_bank,Coursetia caribaea,Shrub_Trees,32.16,63.55,135.87,57.96,4.35,15.43,17.01,23.1,40.0,-114.46,9
F24-3510,CIAT-20298,1,1363,Genetic_bank,Canavalia sp.,Herbaceous_legumes,34.42,67.24,143.52,56.36,3.98,13.89,15.34,22.05,39.36,-380.08,9
F24-3511,CIAT-20305,1,1366,Genetic_bank,Canavalia sp.,Herbaceous_legumes,40.66,68.91,147.24,62.07,4.56,12.71,14.72,21.85,35.46,523.12,9
F24-3512,CIAT-20803,1,1369,Genetic_bank,Canavalia sp.,Herbaceous_legumes,35.35,68.27,146.13,55.7,3.86,13.8,15.98,23.37,42.61,344.33,9
F24-3513,CIAT-21031,1,1372,Genetic_bank,Christia obcordata,Herbaceous_legumes,34.52,60.94,129.5,55.29,4.34,13.8,15.58,20.23,37.14,282.43,9
F24-3514,CIAT-21128,1,1375,Genetic_bank,Crotalaria pallida,Herbaceous_legumes,33.38,65.81,140.73,53.1,3.83,15.13,17.95,25.14,47.36,521.97,9
F24-3515,CIAT-21212,1,1378,Genetic_bank,Canavalia sp.,Herbaceous_legumes,39.43,77.07,164.44,66.3,4.07,13.34,16.14,26.58,40.3,281.56,9
F24-3516,CIAT-21263,1,1381,Genetic_bank,Sesbania rostrata,Shrub_Trees,38.45,68.47,147.82,60.43,4.16,14.32,15.06,22.31,37.31,899.24,9
F24-3517,CIAT-21514,1,1384,Genetic_bank,Desmanthus virgatus,Shrub_Trees,27.93,48.55,103.75,35.54,3.65,13.74,15.01,15.6,46.93,-218.72,9
F24-3518,CIAT-21565,1,1387,Genetic_bank,Chamaecrista rotundifolia,Herbaceous_legumes,36.78,71.66,154.6,57.7,3.81,12.47,14.73,22.85,39.86,156.23,9
F24-3519,CIAT-21709,1,1390,Genetic_bank,Crotalaria juncea,Shrub_Trees,39.28,69.74,151.26,57.17,3.84,14.92,15.88,24.04,42.07,151.59,9
F24-3520,CIAT-22286,1,1393,Genetic_bank,Crotalaria micans,Shrub_Trees,36.48,74.76,159.67,59.54,3.76,14.86,15.96,25.49,43.2,1203.16,9
F24-3521,CIAT-22475,1,1396,Genetic_bank,Alysicarpus rugosus,Herbaceous_legumes,31.22,59.17,125.61,43.56,3.56,14.0,15.47,19.51,44.51,97.12,9
F24-3522,CIAT-22481,1,1399,Genetic_bank,Sesbania cochinchinensis,Shrub_Trees,30.63,52.58,114.3,51.99,4.62,13.89,14.44,16.5,31.77,130.73,9
F24-3523,CIAT-22520,1,1402,Genetic_bank,Arachis pusilla,Herbaceous_legumes,32.79,64.53,138.62,51.33,3.77,13.09,14.92,20.77,40.72,107.82,9
F24-3524,CIAT-22570,1,1405,Genetic_bank,Desmanthus bicornutus,Shrub_Trees,20.63,28.26,60.98,36.77,6.51,13.38,14.61,9.06,24.79,-1394.92,8
F24-3525,CIAT-22594,1,1408,Genetic_bank,Desmanthus pernambucanus,Shrub_Trees,27.09,43.49,91.94,38.96,4.29,13.66,14.94,13.77,35.36,-536.91,9
F24-3526,CIAT-22754,1,1412,Genetic_bank,Lablab purpureus,Herbaceous_legumes,42.09,67.48,147.12,51.68,3.53,13.58,15.12,22.29,43.14,287.96,8
F24-3527,CIAT-22915,1,1414,Genetic_bank,Aeschynomene villosa,Herbaceous_legumes,40.76,72.35,157.1,58.09,3.7,13.71,15.35,24.14,41.67,115.98,9
F24-3528,CIAT-23259,1,1417,Genetic_bank,Desmodium gangeticum,Shrub_Trees,27.44,53.1,114.29,51.49,4.56,15.36,16.83,19.24,37.41,-17.74,8
F24-3529,CIAT-23339,1,1420,Genetic_bank,Desmodium gangeticum,Shrub_Trees,27.34,52.34,111.66,53.81,4.9,15.24,16.87,18.86,35.07,236.82,9
F24-3530,CIAT-23761,1,1423,Genetic_bank,Uraria picta,Herbaceous_legumes,32.55,50.91,107.11,44.14,4.23,12.26,13.68,14.71,33.56,443.23,9
F24-3531,CIAT-24360,1,1426,Genetic_bank,Vigna umbellata,Herbaceous_legumes,32.75,57.94,124.94,52.16,4.19,13.99,15.44,19.32,37.12,-1517.27,9
F24-3532,CIAT-24466,1,1429,Genetic_bank,Vigna umbellata,Herbaceous_legumes,37.51,60.16,129.53,61.87,4.85,13.63,14.71,19.08,31.71,321.02,9
F24-3533,CIAT-32246,1,1432,Genetic_bank,Chamaecrista nictitans,Herbaceous_legumes,33.19,55.68,121.6,42.36,3.56,13.48,15.7,19.15,46.27,94.81,9
F24-3534,CIAT-32365,1,1435,Genetic_bank,Desmanthus virgatus,Shrub_Trees,25.61,40.89,89.89,35.6,4.1,12.9,14.73,13.35,37.06,120.66,8
F24-3535,CIAT-32373,1,1438,Genetic_bank,Desmanthus pubescens,Shrub_Trees,28.32,43.44,94.05,42.56,4.62,12.34,14.13,13.35,31.7,69.85,9
F24-3536,CIAT-32379,2,4,Genetic_bank,Desmanthus pubescens,Shrub_Trees,29.21,58.07,124.89,48.67,3.9,12.51,14.68,18.35,38.16,294.76,8
F24-3537,CIAT-32380,2,6,Genetic_bank,Desmanthus pubescens,Shrub_Trees,25.84,52.84,113.23,39.27,3.47,12.96,15.24,17.25,44.36,379.47,9
F24-3538,CIAT-33249,2,9,Genetic_bank,Desmodium velutinum,Shrub_Trees,31.15,61.99,133.06,41.65,3.13,14.49,15.65,20.83,50.33,376.46,9
F24-3539,CIAT-172,2,488,Genetic_bank,Stylosanthes hamata,Herbaceous_legumes,31.77,74.82,164.07,39.14,2.38,12.82,14.22,23.32,64.24,498.96,6
F24-3540,CIAT-1467,3,4,Genetic_bank,Stylosanthes hamata,Herbaceous_legumes,43.33,97.52,210.51,58.12,2.76,12.74,14.4,30.31,52.16,241.64,5
F24-3541,CIAT-1475,3,6,Genetic_bank,Stylosanthes hamata,Herbaceous_legumes,45.1,94.34,206.28,56.26,2.73,13.22,14.72,30.38,54.15,247.53,9
F24-3542,CIAT-1650,2,392,Genetic_bank,Stylosanthes guianensis,Herbaceous_legumes,32.46,70.56,153.47,41.78,2.72,12.96,14.21,21.77,52.62,230.68,7
F24-3543,CIAT-1706,2,396,Genetic_bank,Stylosanthes humilis,Herbaceous_legumes,36.01,73.09,157.6,39.5,2.51,12.77,14.31,22.53,58.93,275.23,7
F24-3544,CIAT-1727,2,398,Genetic_bank,Stylosanthes humilis,Herbaceous_legumes,36.78,73.8,160.16,36.15,2.25,11.83,14.23,22.72,64.29,288.8,9
F24-3546,CIAT-1964,2,404,Genetic_bank,Stylosanthes guianensis,Herbaceous_legumes,28.74,67.77,150.08,40.86,2.72,13.22,14.24,21.35,52.88,395.68,6
F24-3547,CIAT-2613,2,407,Genetic_bank,Stylosanthes guianensis,Herbaceous_legumes,28.09,57.51,125.03,38.22,3.04,11.4,12.03,15.02,40.06,414.44,6
F24-3548,CIAT-2783,3,673,Genetic_bank,Stylosanthes humilis,Herbaceous_legumes,41.15,96.56,215.11,50.74,2.35,12.3,13.71,29.48,61.98,278.2,6
F24-3549,CIAT-10440,3,675,Genetic_bank,Stylosanthes humilis,Herbaceous_legumes,41.79,91.86,203.9,51.58,2.54,12.27,13.77,28.08,57.24,257.78,9
F24-3550,CIAT-10613,3,678,Genetic_bank,Stylosanthes scabra,Herbaceous_legumes,34.85,73.47,159.51,45.3,4.59,12.26,13.8,22.13,50.74,234.03,9
F24-3551,CIAT-10627,3,681,Genetic_bank,Stylosanthes scabra,Herbaceous_legumes,36.13,77.82,166.9,42.54,2.56,12.31,13.63,22.76,56.51,263.33,9
F24-3552,CIAT-10634,3,684,Genetic_bank,Stylosanthes scabra,Herbaceous_legumes,37.85,83.92,180.11,50.7,2.83,12.52,13.58,24.43,49.55,230.87,9
F24-3553,CIAT-10639,3,687,Genetic_bank,Stylosanthes scabra,Herbaceous_legumes,40.9,88.97,191.0,51.6,2.7,12.81,14.09,26.9,52.82,246.04,9
F24-3554,CIAT-10725,3,690,Genetic_bank,Stylosanthes scabra,Herbaceous_legumes,37.24,78.75,169.85,47.39,2.8,12.89,14.22,24.15,52.85,244.98,9
F24-3555,CIAT-11199,3,696,Genetic_bank,Stylosanthes hamata,Herbaceous_legumes,39.57,85.64,186.47,48.04,2.58,12.9,14.58,27.2,57.28,263.09,6
F24-3556,CIAT-11215,3,698,Genetic_bank,Stylosanthes hamata,Herbaceous_legumes,37.96,85.25,184.22,51.59,2.81,13.06,14.32,26.38,54.75,253.05,9
F24-3557,CIAT-11220,3,701,Genetic_bank,Stylosanthes hamata,Herbaceous_legumes,40.07,89.31,193.65,55.83,2.89,12.89,14.22,27.54,50.46,232.65,9
F24-3558,CIAT-11232,3,704,Genetic_bank,Stylosanthes hamata,Herbaceous_legumes,40.68,91.36,199.74,48.31,2.42,12.58,14.31,28.58,61.27,280.24,9
F24-3559,CIAT-11313,3,707,Genetic_bank,Stylosanthes guianensis,Herbaceous_legumes,35.07,81.53,177.53,47.02,2.65,12.37,13.81,24.59,53.3,244.88,9
F24-3560,CIAT-11417,3,710,Genetic_bank,Stylosanthes guianensis,Herbaceous_legumes,31.07,70.64,153.96,41.34,2.68,12.21,12.62,19.46,50.02,229.62,9
F24-3561,CIAT-11624,3,713,Genetic_bank,Stylosanthes humilis,Herbaceous_legumes,34.9,77.97,169.68,48.45,2.87,12.07,12.87,21.9,47.32,217.47,9
F24-3562,CIAT-11690,3,716,Genetic_bank,Stylosanthes humilis,Herbaceous_legumes,38.18,81.36,178.5,46.09,2.58,12.26,13.46,24.03,54.81,249.85,9
F24-3563,CIAT-11762,3,719,Genetic_bank,Stylosanthes hamata,Herbaceous_legumes,39.74,83.75,184.63,40.89,2.22,12.92,14.23,26.28,68.27,309.67,9
F24-3564,CIAT-11778,3,722,Genetic_bank,Stylosanthes hamata,Herbaceous_legumes,42.63,86.14,188.01,51.18,2.79,12.86,14.31,26.96,55.78,255.33,9
F24-3565,CIAT-11784,3,725,Genetic_bank,Stylosanthes hamata,Herbaceous_legumes,39.13,84.53,183.26,45.06,2.48,12.97,14.35,26.26,61.02,281.5,9
F24-3566,CIAT-11820,3,728,Genetic_bank,Stylosanthes scabra,Herbaceous_legumes,39.35,83.03,180.49,43.83,2.42,12.76,14.12,25.48,61.0,280.7,9
F24-3567,CIAT-12042,3,731,Genetic_bank,Stylosanthes humilis,Herbaceous_legumes,39.13,81.75,178.59,42.08,2.35,12.37,13.56,24.23,62.04,283.92,9
F24-3568,CIAT-12115,3,1026,Genetic_bank,Stylosanthes humilis,Herbaceous_legumes,43.97,91.29,197.31,53.09,2.7,12.65,14.01,27.66,52.95,244.99,6
F24-3569,CIAT-12140,3,1029,Genetic_bank,Stylosanthes humilis,Herbaceous_legumes,45.22,90.52,197.07,62.5,3.18,12.26,13.77,27.14,43.51,199.85,7
F24-3570,CIAT-12184,3,1031,Genetic_bank,Stylosanthes humilis,Herbaceous_legumes,44.5,91.29,197.93,58.27,2.94,12.76,14.03,27.78,48.43,223.34,9
F24-3571,CIAT-12202,3,1034,Genetic_bank,Stylosanthes humilis,Herbaceous_legumes,43.94,92.18,199.0,55.27,2.77,12.68,14.03,27.93,51.07,236.56,9
F24-3572,CIAT-12311,3,1037,Genetic_bank,Stylosanthes guianensis,Herbaceous_legumes,41.78,90.18,195.8,56.55,2.89,12.64,13.98,27.37,49.75,229.07,9
F24-3573,CIAT-12381,3,1040,Genetic_bank,Stylosanthes hamata,Herbaceous_legumes,45.78,93.35,202.65,51.87,2.57,12.94,14.4,29.2,57.46,264.72,9
F24-3574,CIAT-12374,3,1043,Genetic_bank,Stylosanthes hamata,Herbaceous_legumes,48.56,96.68,210.03,55.16,2.63,13.13,14.65,30.78,56.36,259.46,9
F24-3575,CIAT-12457,3,1046,Genetic_bank,Stylosanthes hamata,Herbaceous_legumes,46.78,96.18,206.58,55.37,2.68,13.02,14.61,30.18,54.9,255.6,9
F24-3576,CIAT-12462,3,1049,Genetic_bank,Stylosanthes hamata,Herbaceous_legumes,45.33,93.52,201.18,59.37,2.95,12.93,14.58,29.34,49.69,230.93,9
F24-3577,CIAT-12485,3,1052,Genetic_bank,Stylosanthes scabra,Herbaceous_legumes,38.33,78.52,168.09,52.58,3.13,12.92,14.07,23.73,45.31,211.83,9
F24-3578,CIAT-12615,3,1055,Genetic_bank,Stylosanthes guianensis,Herbaceous_legumes,35.06,78.07,171.46,52.96,3.13,12.81,13.7,23.47,44.78,203.79,9
F24-3579,CIAT-12686,3,1058,Genetic_bank,Stylosanthes hamata,Herbaceous_legumes,37.94,86.07,189.99,52.94,2.79,12.22,13.68,25.99,49.39,223.83,9
F24-3580,CIAT-12710,3,1061,Genetic_bank,Stylosanthes scabra,Herbaceous_legumes,37.53,80.64,176.41,48.15,2.75,12.44,13.74,24.24,50.99,233.06,7
F24-3581,CIAT-12758,3,1064,Genetic_bank,Stylosanthes guianensis,Herbaceous_legumes,36.0,76.13,166.31,45.1,2.71,12.23,12.36,20.59,46.35,212.18,9
F24-3582,CIAT-BR-02-1752,1,226,Breeding,Urochloa interespecific,Grass,37.05,74.98,156.06,67.39,4.32,13.98,14.61,22.79,33.83,100.28,9
F24-3583,CIAT-BR-02-1794,1,229,Breeding,Urochloa interespecific,Grass,38.62,76.6,157.75,63.97,4.06,13.79,14.51,22.88,35.77,116.14,9
F24-3584,CIAT-BR-06-0423,1,232,Breeding,Urochloa interespecific,Grass,37.0,80.33,165.92,60.72,3.72,14.63,15.06,25.0,41.73,62.15,20
F24-3585,CIAT-BR-09-1232,1,235,Breeding,Urochloa interespecific,Grass,39.81,81.29,167.08,66.64,3.99,13.76,14.37,24.02,36.04,108.2,8
F24-3586,CIAT-BR-12-4951,1,238,Breeding,Urochloa interespecific,Grass,35.72,75.13,156.86,65.93,4.21,14.34,15.02,23.59,35.76,103.45,9
F24-3587,CIAT-BR-15-0722,1,241,Breeding,Urochloa interespecific,Grass,31.69,71.1,149.27,60.89,4.09,14.28,14.74,22.0,36.15,105.0,9
F24-3588,CIAT-BR-15-6487,1,244,Breeding,Urochloa interespecific,Grass,33.48,72.69,152.82,61.15,4.01,14.01,14.41,22.04,36.06,106.37,8
F24-3589,CIAT-BR-19-0029,1,247,Breeding,Urochloa interespecific,Grass,36.69,76.53,159.25,62.0,3.89,13.94,14.87,23.65,38.23,117.48,8
F24-3590,CIAT-BR-19-0423,1,250,Breeding,Urochloa interespecific,Grass,37.69,77.71,162.91,63.48,3.9,13.93,14.41,23.48,37.16,107.12,9
F24-3591,CIAT-CIAT-6962,1,253,Breeding,Megathyrsus maximus,Grass,31.88,70.31,146.8,50.87,3.48,14.75,15.79,23.18,46.88,59.75,15
F24-3592,CIAT-Mulato-II,1,256,Breeding,Urochloa interespecific,Grass,33.95,73.8,152.58,65.32,4.29,14.21,14.64,22.32,34.27,91.55,9
F24-3592-,CIAT-Mulato-II,5,1763,Breeding,Urochloa interespecific,Grass,38.52,83.1,171.81,49.35,2.87,14.25,14.49,24.89,50.96,-4.0,6
F24-3593,CIAT-PM-21-0215,1,259,Breeding,Megathyrsus maximus,Grass,32.08,68.24,142.05,54.75,3.86,14.81,16.18,22.94,41.92,115.48,9
F24-3594,CIAT-PM-21-0631,1,262,Breeding,Megathyrsus maximus,Grass,38.59,75.64,156.18,57.12,3.66,14.13,15.82,24.7,43.25,125.16,9
F24-3595,CIAT-PM-21-2195,1,265,Breeding,Megathyrsus maximus,Grass,34.64,71.64,147.93,52.92,3.58,14.39,15.76,23.31,44.07,112.15,9
F24-3596,CIAT-PM-21-3522,1,268,Breeding,Megathyrsus maximus,Grass,36.6,73.45,152.26,58.99,3.88,14.39,15.89,24.18,41.34,106.77,9
F24-3597,CIAT-PM-21-3534,1,361,Breeding,Megathyrsus maximus,Grass,36.81,75.35,154.81,58.31,3.77,17.12,18.84,29.17,50.14,115.55,9
F24-3598,CIAT-PM-21-3537,1,364,Breeding,Megathyrsus maximus,Grass,43.76,83.12,171.06,62.32,3.64,17.0,19.23,32.93,52.93,139.41,8
F24-3599,CIAT-PM-21-3545,1,367,Breeding,Megathyrsus maximus,Grass,38.09,75.85,156.09,58.21,3.73,16.87,18.98,29.64,51.18,141.19,7
F24-3600,CIAT-PM-21-3670,1,370,Breeding,Megathyrsus maximus,Grass,35.02,71.89,150.95,58.76,3.91,16.51,18.79,28.29,48.38,128.75,8
F24-3601,CIAT-PM-21-6628,1,373,Breeding,Megathyrsus maximus,Grass,36.86,73.29,155.16,60.12,3.95,17.23,19.34,29.91,49.84,119.98,9
F24-3602,CIAT-BH-08-1149,1,376,Breeding,Urochloa humidicola,Grass,37.6,80.76,171.54,58.29,3.41,16.71,18.65,32.05,55.06,119.09,9
F24-3603,CIAT-BH-16-0550,1,379,Breeding,Urochloa humidicola,Grass,38.92,85.33,179.21,56.56,3.16,16.28,18.26,32.77,58.06,128.43,9
F24-3604,CIAT-BH-16-0562,1,382,Breeding,Urochloa humidicola,Grass,40.82,86.64,180.76,56.42,3.13,15.85,18.02,32.61,57.88,125.98,8
F24-3605,CIAT-BH-16-3249,1,385,Breeding,Urochloa humidicola,Grass,39.61,86.22,178.91,59.07,3.31,16.17,18.16,32.52,55.41,115.99,9
F24-3606,CIAT-BH-16-B-0733,1,388,Breeding,Urochloa humidicola,Grass,38.14,82.14,169.84,57.87,3.41,16.61,18.55,31.53,54.65,119.57,9
F24-3607,CIAT-BH-16-B-0741,1,391,Breeding,Urochloa humidicola,Grass,37.84,81.5,168.39,58.82,3.51,16.41,18.67,31.47,53.66,130.36,9
F24-3608,CIAT-BH-16-B-1194,1,394,Breeding,Urochloa humidicola,Grass,39.76,87.64,180.29,57.89,3.23,15.93,17.98,32.39,56.09,127.72,9
F24-3609,CIAT-BH-16-B-1618,1,397,Breeding,Urochloa humidicola,Grass,35.19,77.07,158.9,55.96,3.54,16.37,17.53,27.82,49.87,126.29,9
F24-3610,CIAT-BH-16-B-1707,1,400,Breeding,Urochloa humidicola,Grass,40.01,89.41,184.66,56.99,3.11,15.83,17.95,33.26,58.33,130.17,9
F24-3611,CIAT-CIAT-16888,1,403,Breeding,Urochloa humidicola,Grass,40.65,84.1,181.95,53.26,2.94,16.38,18.25,33.24,62.67,145.13,9
F24-3612,CIAT-398,2,12,Genetic_bank,Desmodium incanum,Herbaceous_legumes,25.59,55.35,120.53,37.94,3.15,13.99,15.66,18.88,49.86,-398.95,9
F24-3613,CIAT-438,2,15,Genetic_bank,Centrosema molle x acutifolium,Herbaceous_legumes,27.8,51.32,109.5,38.37,3.51,14.41,15.63,17.13,44.76,-31.83,9
F24-3614,CIAT-442,2,18,Genetic_bank,Centrosema molle x acutifolium,Herbaceous_legumes,34.83,66.12,140.7,43.3,3.08,14.57,15.9,22.38,52.27,-10615.89,9
F24-3615,CIAT-466,2,21,Genetic_bank,Vigna umbellata,Herbaceous_legumes,44.62,84.7,182.53,62.6,3.43,14.22,15.95,29.12,46.59,1409.84,9
F24-3616,CIAT-715,2,24,Genetic_bank,Canavalia ensiformis,Herbaceous_legumes,37.49,72.02,158.87,55.83,3.51,13.9,15.42,24.51,44.06,1212.1,9
F24-3617,CIAT-887,2,27,Genetic_bank,Calopogonium mucunoides,Herbaceous_legumes,32.87,62.18,134.86,52.78,3.91,14.44,16.22,21.88,41.52,-1933.48,9
F24-3618,CIAT-923,2,30,Genetic_bank,Galactia latisiliqua,Herbaceous_legumes,42.36,90.16,194.09,63.67,3.28,14.04,16.3,31.65,49.82,728.15,9
F24-3619,CIAT-3813,2,33,Genetic_bank,Desmodium sequax,Shrub_Trees,19.89,34.95,75.02,23.81,3.18,13.71,15.03,11.27,47.74,-137.16,9
F24-3620,CIAT-5512,2,36,Genetic_bank,Centrosema brasilianum,Herbaceous_legumes,45.26,77.92,168.82,59.21,3.51,14.28,16.09,27.16,45.89,1170.89,9
F24-3621,CIAT-5568,2,39,Genetic_bank,Centrosema acutifolium,Herbaceous_legumes,35.23,67.15,146.58,44.5,3.04,14.09,15.92,23.35,52.67,1886.25,9
F24-3622,CIAT-5657,2,42,Genetic_bank,Centrosema brasilianum,Herbaceous_legumes,41.23,72.9,158.7,50.66,3.2,12.8,14.93,23.68,47.4,484.04,9
F24-3623,CIAT-5744,2,45,Genetic_bank,Centrosema macrocarpum,Herbaceous_legumes,33.92,59.04,126.09,39.53,3.14,14.21,16.11,20.32,52.4,640.22,8
F24-3624,CIAT-7131,2,48,Genetic_bank,Eriosema diffusum,Herbaceous_legumes,19.48,38.41,83.25,23.05,2.76,13.3,14.58,12.13,55.01,-265.17,8
F24-3625,CIAT-7318,2,53,Genetic_bank,Canavalia sp.,Herbaceous_legumes,40.22,81.53,176.37,55.31,3.16,12.61,14.96,26.4,48.52,-5919.72,8
F24-3626,CIAT-7395,2,56,Genetic_bank,Galactia striata,Herbaceous_legumes,32.81,69.61,151.69,51.78,3.45,12.74,15.1,22.95,47.01,393.38,8
F24-3627,CIAT-7648,2,59,Genetic_bank,Canavalia brasiliensis,Herbaceous_legumes,38.11,73.49,159.69,57.02,3.59,12.66,15.17,24.27,43.86,-24.7,7
F24-3628,CIAT-7746,2,62,Genetic_bank,Crotalaria paulina,Herbaceous_legumes,38.08,72.31,156.99,57.79,3.69,12.88,14.83,23.29,41.13,5746.12,9
F24-3629,CIAT-7813,2,65,Genetic_bank,Indigofera cryptantha,Herbaceous_legumes,44.9,91.27,202.34,61.75,3.06,14.09,17.11,34.62,57.58,789.63,7
F24-3630,CIAT-7831,2,68,Genetic_bank,Tephrosia rhodesica,Shrub_Trees,38.42,73.54,157.09,51.58,3.31,14.91,17.57,27.61,54.47,808.04,9
F24-3631,CIAT-7894,2,71,Genetic_bank,Canavalia brasiliensis,Herbaceous_legumes,37.79,73.06,156.45,52.77,3.39,12.3,15.04,23.54,45.89,-134.01,8
F24-3632,CIAT-7991,2,74,Genetic_bank,Indigofera suffruticosa,Shrub_Trees,30.66,64.0,137.63,39.55,2.9,14.83,16.72,23.12,63.57,-221.88,9
F24-3633,CIAT-8202,2,77,Genetic_bank,Chamaecrista rotundifolia,Herbaceous_legumes,46.14,74.23,160.13,51.8,3.24,13.61,15.52,24.86,48.87,1005.71,9
F24-3634,CIAT-9189,2,80,Genetic_bank,Indigofera suffruticosa,Shrub_Trees,36.85,68.25,147.93,57.89,3.92,15.22,17.47,25.84,45.56,962.5,8
F24-3635,CIAT-9434,2,83,Genetic_bank,Clitoria ternatea,Herbaceous_legumes,41.23,81.72,179.93,54.0,3.03,14.98,16.4,29.55,56.61,-224307.05,6
F24-3636,CIAT-11162,2,86,Genetic_bank,Stylosanthes scabra,Herbaceous_legumes,44.2,84.99,185.75,56.82,3.07,12.46,14.92,27.72,50.47,-1411.29,8
F24-3637,CIAT-13301,2,89,Genetic_bank,Desmodium sequax,Shrub_Trees,21.65,36.71,79.25,26.72,3.42,14.0,15.79,12.51,48.61,-287.68,6
F24-3638,CIAT-15401,2,92,Genetic_bank,Centrosema brasilianum,Herbaceous_legumes,42.28,70.33,150.83,52.1,3.47,13.84,15.7,23.67,45.47,-30307.6,7
F24-3639,CIAT-17360,2,319,Genetic_bank,Alysicarpus vaginalis,Herbaceous_legumes,37.19,68.51,147.48,62.8,4.26,15.72,16.94,24.99,39.91,-1689.12,8
F24-3641,CIAT-18004,2,324,Genetic_bank,Chamaecrista rotundifolia,Herbaceous_legumes,43.61,92.53,199.03,58.72,2.95,13.81,15.73,31.32,53.53,1161.41,9
F24-3642,CIAT-18430,2,327,Genetic_bank,Alysicarpus vaginalis,Herbaceous_legumes,42.43,78.86,170.13,62.24,3.66,15.38,16.74,28.48,46.1,297.36,9
F24-3644,CIAT-18708,2,330,Genetic_bank,Crotalaria pallida,Herbaceous_legumes,44.0,80.49,173.23,59.88,3.47,15.06,17.16,29.73,49.94,-62035.89,9
F24-3645,CIAT-18850,2,333,Genetic_bank,Alysicarpus rugosus,Herbaceous_legumes,37.07,71.34,151.79,58.68,3.87,15.3,15.95,24.2,41.53,207.48,9
F24-3646,CIAT-18865,2,336,Genetic_bank,Alysicarpus rugosus,Herbaceous_legumes,36.04,71.98,154.0,51.17,3.32,14.34,15.09,23.25,45.67,-941.73,9
F24-3647,CIAT-19032,2,339,Genetic_bank,Canavalia sp.,Herbaceous_legumes,37.81,80.83,174.84,59.15,3.39,13.27,15.33,26.81,45.7,-1866.4,9
F24-3648,CIAT-19119,2,342,Genetic_bank,Alysicarpus rugosus,Herbaceous_legumes,38.55,66.18,143.02,56.58,3.95,14.11,15.47,22.13,40.18,-661.24,9
F24-3650,CIAT-20303,2,345,Genetic_bank,Canavalia brasiliensis,Herbaceous_legumes,39.58,84.67,190.21,58.61,3.09,13.51,15.82,30.08,52.89,-292.82,9
F24-3651,CIAT-20589,2,348,Genetic_bank,Uraria lagopodioides,Herbaceous_legumes,34.42,63.62,138.18,55.03,3.99,14.99,16.47,22.78,41.75,124.42,9
F24-3652,CIAT-21687,2,351,Genetic_bank,Desmanthus virgatus,Shrub_Trees,30.24,58.13,126.5,45.4,3.58,12.63,14.66,18.59,42.42,-2025.92,9
F24-3653,CIAT-22048,2,459,Genetic_bank,Aeschynomene americana,Shrub_Trees,51.18,86.56,193.58,63.48,3.28,13.2,14.47,28.01,44.16,1378.74,6
F24-3654,CIAT-22156,2,357,Genetic_bank,Arachis pintoi,Herbaceous_legumes,43.04,91.27,203.44,56.59,2.78,12.54,14.41,29.31,53.44,58.01,9
F24-3655,CIAT-22507,2,361,Genetic_bank,Desmanthus subulatus,Shrub_Trees,30.8,54.98,122.18,42.78,3.51,12.19,13.98,17.07,40.95,-313.27,7
F24-3656,CIAT-22510,2,363,Genetic_bank,Desmanthus bicornutus,Shrub_Trees,26.07,48.27,109.68,32.63,3.02,12.46,14.39,15.78,51.7,-129.72,8
F24-3657,CIAT-22598,2,368,Genetic_bank,Lablab purpureus,Herbaceous_legumes,34.61,64.75,145.54,52.73,3.63,15.1,15.84,23.06,45.23,389.46,7
F24-3658,CIAT-22784,2,371,Genetic_bank,Desmanthus bicornutus,Shrub_Trees,28.66,53.14,114.68,39.85,3.46,12.88,14.99,17.19,44.64,-217.67,8
F24-3659,CIAT-25113,2,374,Genetic_bank,Centrosema brasilianum,Herbaceous_legumes,40.45,66.74,145.32,46.38,3.2,14.56,15.63,22.7,50.97,743.17,8
F24-3660,CIAT-33114,2,377,Genetic_bank,Dendrolobium sp.,Shrub_Trees,25.02,44.28,96.72,26.15,2.7,13.69,15.27,14.74,58.31,-213.51,8
F24-3662,CIAT-43477,2,381,Genetic_bank,Desmodium cinereum,Shrub_Trees,33.17,57.35,125.78,36.81,2.92,15.09,15.83,19.9,57.22,-158.14,7
F25-0006,Sample-6,1,#REF!,LMF,Cynodon nlemfuensis ,Grass,24.93,64.72,136.79,34.39,2.51,14.4,15.61,21.35,65.0,0.0,3
F25-0008,Sample-8,2,102,LMF,Cynodon nlemfuensis ,Grass,21.56,57.76,122.84,31.61,2.62,14.62,15.7,19.25,70.07,537.55,606
F25-0017,Hohenheimer-Heustandard,1,#REF!,LMF,Hohenheimer Heustandard,Forage,22.81,46.64,161.51,47.89,3.63,14.41,15.66,25.27,61.33,74.44,374
F25-0018,Homenheim-Concentrate,1,1624,LMF,Homenheim Concentrate,Concentrate,29.35,55.22,193.69,54.42,3.32,15.0,16.31,31.47,69.13,0.0,322
F25-0798,ICARDA-IFLA-ENT-27,1,#REF!,LMF,Lathyrus sativus,,52.66,93.18,205.04,54.67,2.67,15.3,17.55,35.98,66.26,0.0,3
F25-0814,ICARDA-T-216004,1,#REF!,LMF,Vicia narbonensis L.,,48.23,84.04,184.91,52.37,2.83,13.93,15.51,28.68,55.07,0.0,3
F25-0818,ICARDA-T-216008,1,#REF!,LMF,Hedysarum coronarium L.,,43.37,81.83,180.07,62.41,3.47,13.63,15.09,27.17,43.58,0.0,3
F25-0819,ICARDA-T-216009,1,#REF!,LMF,Hedysarum carnosum Desf.,,37.61,69.44,152.88,54.6,3.57,12.03,13.36,20.43,37.57,0.0,3
F25-0845,ILRI-21682-24,1,#REF!,LMF,Leucaena pallida,Shrub_Trees,24.34,45.54,100.13,22.24,2.22,10.6,12.14,12.15,55.47,0.0,3
F25-0848,ILRI-2273-27,1,#REF!,Genetic_bank,Trifolium burchellianum,Herbaceous_legumes,27.58,39.94,87.47,41.6,4.77,10.1,11.34,9.92,23.97,0.0,3
F25-0863,ILRI-10299-42,1,#REF!,LMF,Erythrina abyssinica,,22.72,47.9,105.44,23.94,2.32,14.17,15.24,16.08,69.0,0.0,3
F25-0867,ILRI-20145-46,1,#REF!,LMF,Flemingia macrophylla,,22.42,36.1,79.47,12.98,1.64,13.5,14.76,11.73,93.53,0.0,3
F25-0869,ILRI-16555-48,1,#REF!,LMF,Cajanus cajan,Shrub_Trees,22.86,47.31,104.14,21.63,2.07,13.5,15.73,16.38,90.64,0.0,3
F25-0873,ILRI-7384-52,1,#REF!,LMF,Chloris gayana,,24.04,69.14,152.0,47.47,3.12,12.87,16.89,25.68,54.67,0.0,3
F25-0874,ILRI-16791-53,1,#REF!,LMF,Cenchrus Purpureues,,28.62,62.5,137.54,30.44,2.21,15.2,16.23,22.32,78.0,0.0,3
F25-0878,ILRI-7153-57,1,#REF!,LMF,Panicum coloratum,,29.94,64.72,142.42,35.58,2.5,13.63,12.77,18.18,51.49,0.0,3
F25-0883,CIAT-20893,1,#REF!,LMF,Cajanus cajan,Shrub_Trees,17.85,32.41,71.32,22.14,3.1,12.5,14.29,10.19,48.35,0.0,3
F25-0891,CIAT-23890,1,#REF!,LMF,Desmodium heterocarpon,,18.0,36.69,80.77,21.8,2.7,12.7,13.33,10.76,49.87,0.0,3
F25-0893,CIAT-43253,1,#REF!,LMF,Desmodium scorpiurus,,32.16,76.52,168.38,49.54,2.94,15.47,16.41,27.64,55.84,0.0,3
F25-0897,CIAT-21694,1,#REF!,LMF,Erythrina velutina,,39.38,73.86,162.59,53.97,3.33,14.23,16.08,26.15,48.88,0.0,3
F25-0899,CIAT-32055,1,#REF!,LMF,Flemingia macrophylla,,20.95,35.22,77.52,15.46,1.99,13.07,13.92,10.79,71.28,0.0,3
F25-0907,CIAT-17488,1,#REF!,LMF,Leucaena leucocephala,Shrub_Trees,34.52,65.75,144.71,42.03,2.9,11.2,12.94,18.73,46.4,0.0,3
F25-0923,CIAT-36099,1,#REF!,LMF,Cenchrus ciliaris,,22.86,65.31,143.71,50.72,3.53,14.0,16.71,24.02,47.56,0.0,3
F25-0924,CIAT-16666,1,#REF!,LMF,Chloris gayana,,29.5,72.68,161.96,43.52,2.69,13.27,15.56,25.21,58.31,0.0,3
F25-0929,CIAT-15474,2,949,Genetic_bank,Centrosema molle,Herbaceous_legumes,29.24,54.85,118.8,47.0,3.98,13.15,13.56,16.13,35.27,1242.16,6
F25-0930,CIAT-15470,2,951,Genetic_bank,Centrosema molle,Herbaceous_legumes,30.78,57.8,122.56,45.55,3.73,13.77,14.6,17.91,40.38,717.4,9
F25-0931,CIAT-13268,2,954,Genetic_bank,Tadehagi triquetrum,Herbaceous_legumes,21.73,42.65,90.5,38.94,4.31,11.21,12.93,11.71,30.9,-670.09,9
F25-0932,CIAT-22768,2,957,Genetic_bank,Lablab purpureus,Herbaceous_legumes,54.92,93.93,199.4,64.18,3.22,14.17,15.71,31.33,49.54,937.42,9
F25-0933,CIAT-22770,2,960,Genetic_bank,Lablab purpureus,Herbaceous_legumes,50.39,95.71,205.06,68.75,3.36,14.1,15.65,32.08,47.68,515.45,8
F25-0934,CIAT-18701,2,963,Genetic_bank,Cajanus cajan,Shrub_Trees,23.55,47.08,99.27,31.19,3.18,13.36,15.11,14.99,54.17,3921.96,9
F25-0935,CIAT-20891,2,966,Genetic_bank,Cajanus cajan,Shrub_Trees,26.16,45.26,94.97,29.51,3.11,12.92,14.44,13.72,47.98,-250.72,9
F25-0936,CIAT-5172,2,969,Genetic_bank,Centrosema molle,Herbaceous_legumes,30.43,54.95,117.3,35.41,3.03,13.16,14.26,16.73,50.12,-103.62,9
F25-0937,CIAT-5452,2,973,Genetic_bank,Centrosema macrocarpum,Herbaceous_legumes,40.82,62.13,131.12,32.09,2.45,12.71,14.26,18.7,58.64,-263.83,7
F25-0938,CIAT-5733,2,975,Genetic_bank,Centrosema macrocarpum,Herbaceous_legumes,40.26,66.64,139.87,43.99,3.17,13.21,14.72,20.58,48.62,-672.07,9
F25-0939,CIAT-5735,2,978,Genetic_bank,Centrosema macrocarpum,Herbaceous_legumes,45.14,73.33,155.99,51.89,3.33,13.9,15.3,23.86,47.18,406.03,9
F25-0940,CIAT-5749,2,983,Genetic_bank,Centrosema plumieri,Herbaceous_legumes,43.24,77.5,166.45,52.88,3.21,12.87,15.15,25.27,49.14,779.35,7
F25-0941,CIAT-5911,2,984,Genetic_bank,Centrosema macrocarpum,Herbaceous_legumes,46.19,76.4,160.22,43.41,2.71,13.08,14.91,23.9,57.79,-252.48,8
F25-0942,CIAT-13692,2,987,Genetic_bank,Desmodium velutinum,Shrub_Trees,35.79,60.55,127.54,40.73,3.26,15.48,16.96,21.64,56.63,-706.56,9
F25-0943,CIAT-15121,2,990,Genetic_bank,Centrosema macrocarpum,Herbaceous_legumes,39.47,69.08,147.06,53.13,3.62,13.62,15.27,22.45,43.07,-866.37,6
F25-0944,CIAT-15150,2,993,Genetic_bank,Centrosema molle,Herbaceous_legumes,33.48,66.25,142.28,43.89,3.09,13.48,14.24,20.27,48.67,773.0,9
F25-0945,CIAT-15154,2,998,Genetic_bank,Centrosema molle,Herbaceous_legumes,26.8,53.03,112.33,34.19,3.04,13.42,14.17,15.94,50.54,12656.79,9
F25-0946,CIAT-15561,2,1001,Genetic_bank,Centrosema molle,Herbaceous_legumes,33.47,59.49,128.56,47.01,3.66,13.34,14.8,19.08,41.13,394.94,7
F25-0947,CIAT-15799,2,1004,Genetic_bank,Centrosema macrocarpum,Herbaceous_legumes,36.0,57.61,124.07,47.56,3.83,13.26,14.06,17.45,37.78,-509.2,9
F25-0948,CIAT-15816,2,1007,Genetic_bank,Centrosema acutifolium,Herbaceous_legumes,40.01,68.46,142.98,46.2,3.23,13.39,14.86,21.26,47.5,-37.69,7
F25-0949,CIAT-20304,2,1010,Genetic_bank,Canavalia brasiliensis,Herbaceous_legumes,46.35,85.14,180.0,65.02,3.61,13.52,16.93,30.49,47.76,334.29,8
F25-0950,CIAT-21603,2,1013,Genetic_bank,Lablab purpureus,Herbaceous_legumes,47.51,89.84,190.52,53.45,2.82,13.82,15.45,29.46,56.99,-5460.16,8
F25-0951,CIAT-23248,2,1016,Genetic_bank,Desmodium velutinum,Shrub_Trees,43.81,75.85,159.69,53.11,3.32,14.16,16.2,25.88,49.94,105.02,8
F25-0952,CIAT-23271,2,1019,Genetic_bank,Desmodium velutinum,Shrub_Trees,43.22,69.01,145.11,53.06,3.66,13.81,16.05,23.3,45.15,-84.07,9
F25-0953,CIAT-23279,2,1022,Genetic_bank,Desmodium velutinum,Shrub_Trees,44.25,75.84,162.17,46.68,2.88,14.41,16.41,26.61,59.41,405.58,9
F25-0954,CIAT-23326,3,9,Genetic_bank,Desmodium velutinum,Shrub_Trees,41.98,81.19,172.6,59.89,3.53,14.14,15.89,27.36,46.38,217.91,9
F25-0955,CIAT-33255,2,1029,Genetic_bank,Desmodium velutinum,Shrub_Trees,40.9,62.63,131.85,44.57,3.38,15.11,16.67,21.97,51.85,116.47,8
F25-0956,CIAT-33428,2,1031,Genetic_bank,Desmodium velutinum,Shrub_Trees,31.75,55.66,115.68,52.17,4.54,14.39,15.82,18.3,35.5,-387.46,8
F25-0957,CIAT-33451,2,1034,Genetic_bank,Desmodium velutinum,Shrub_Trees,28.22,51.28,106.79,47.19,4.41,13.02,13.92,14.89,31.73,-185932.36,8
F25-0958,CIAT-33463,2,1037,Genetic_bank,Desmodium velutinum,Shrub_Trees,35.02,57.76,119.98,61.64,5.15,14.44,16.29,19.55,31.74,1783.58,8
F25-0959,CIAT-350,2,1263,Genetic_bank,Desmodium heterocarpon,Herbaceous_legumes,23.72,47.5,100.69,41.39,4.11,12.3,13.37,13.46,32.84,-737.07,7
F25-0960,CIAT-3187,2,1266,Genetic_bank,Desmodium cajanifolium,Shrub_Trees,42.6,79.96,169.94,70.3,4.14,12.83,14.49,24.62,35.08,855.03,9
F25-0961,CIAT-4028,2,1269,Genetic_bank,Galactia glaucescens,Herbaceous_legumes,19.69,41.07,86.86,30.52,3.52,11.34,13.36,11.61,40.58,497.51,9
F25-0962,CIAT-5277,2,1272,Genetic_bank,Centrosema acutifolium,Herbaceous_legumes,41.52,79.91,174.71,57.08,3.26,13.27,14.97,26.16,46.87,1988.85,9
F25-0963,CIAT-7227,2,1275,Genetic_bank,Galactia texana,Herbaceous_legumes,32.47,62.26,133.75,51.21,3.8,10.43,11.52,15.4,31.16,38491.0,9
F25-0964,CIAT-8013,2,1278,Genetic_bank,Crotalaria paulina,Herbaceous_legumes,45.15,88.15,188.0,68.31,3.63,13.18,14.46,27.18,40.57,330.68,8
F25-0965,CIAT-8156,2,1281,Genetic_bank,Chamaecrista rotundifolia,Herbaceous_legumes,41.84,60.21,127.92,50.26,3.92,14.38,16.11,20.62,42.34,-4182.55,8
F25-0966,CIAT-9323,2,1284,Genetic_bank,Crotalaria vitellina,Herbaceous_legumes,55.63,96.53,208.83,64.57,3.1,14.66,15.74,32.86,51.69,844.04,9
F25-0967,CIAT-9537,2,1287,Genetic_bank,Crotalaria sagittalis,Herbaceous_legumes,38.23,84.97,185.1,63.64,3.44,13.62,14.68,27.16,43.17,812.79,9
F25-0968,CIAT-9690,2,1290,Genetic_bank,Aeschynomene histrix,Herbaceous_legumes,44.88,81.56,173.86,60.47,3.48,14.29,15.56,27.05,45.88,-186.15,8
F25-0969,CIAT-9900,2,1293,Genetic_bank,Pueraria phaseoloides,Herbaceous_legumes,25.52,60.43,130.19,45.12,3.47,14.05,14.64,19.05,43.37,352.88,8
F25-0970,CIAT-11998,2,1296,Genetic_bank,Stylosanthes guianensis,Herbaceous_legumes,30.5,65.3,138.0,44.05,3.18,11.15,11.91,16.43,38.27,-545.97,8
F25-0971,CIAT-13149,3,12,Genetic_bank,Desmodium strigillosum,Herbaceous_legumes,38.15,70.39,148.87,52.81,3.53,13.58,14.95,22.36,42.43,200.5,9
F25-0972,CIAT-13389,2,1302,Genetic_bank,Desmodium sequax,Shrub_Trees,23.64,33.61,71.62,21.43,2.98,12.72,13.54,9.7,48.91,-137.82,8
F25-0973,CIAT-13651,2,1305,Genetic_bank,Desmodium heterocarpon,Herbaceous_legumes,25.55,50.22,105.62,26.5,2.51,13.16,14.0,14.78,60.65,-274.1,7
F25-0974,CIAT-13946,3,15,Genetic_bank,Desmodium sequax,Shrub_Trees,24.47,42.2,89.95,32.25,3.89,12.26,13.16,12.18,35.66,167.31,7
F25-0975,CIAT-15160,2,1313,Genetic_bank,Centrosema molle,Herbaceous_legumes,28.67,56.67,119.87,33.15,2.78,13.45,14.19,17.01,57.4,-633.03,8
F25-0976,CIAT-17000,2,1316,Genetic_bank,Chamaecrista rotundifolia,Herbaceous_legumes,38.68,71.33,150.8,42.81,2.84,4.96,9.02,13.6,31.98,-599.89,8
F25-0977,CIAT-17009,2,1319,Genetic_bank,Canavalia brasiliensis,Herbaceous_legumes,44.27,85.3,179.93,47.23,2.63,13.86,16.38,29.47,64.87,-1490.33,8
F25-0978,CIAT-18700,2,1323,Genetic_bank,Cajanus cajan,Shrub_Trees,28.2,53.11,113.06,32.23,2.84,13.9,15.46,17.47,59.27,-872.46,6
F25-0979,CIAT-18873,2,1325,Genetic_bank,Alysicarpus ferrugineus,Herbaceous_legumes,31.85,58.97,124.07,34.7,2.8,15.74,16.3,20.23,62.93,-1255.13,7
F25-0980,CIAT-19867,3,19,Genetic_bank,Uraria lagopodioides,Herbaceous_legumes,40.35,72.59,151.33,52.36,3.46,15.53,16.05,24.29,47.81,229.34,6
F25-0981,CIAT-20207,2,1332,Genetic_bank,Aeschynomene sensitiva,Shrub_Trees,33.41,61.78,136.11,44.19,3.25,12.4,13.02,17.72,42.6,-1084.49,8
F25-0982,CIAT-20709,2,1334,Genetic_bank,Calopogonium mucunoides,Herbaceous_legumes,29.92,62.77,133.61,37.16,2.78,14.98,15.95,21.31,61.02,171.88,6
F25-0983,CIAT-18437,2,1337,Genetic_bank,Flemingia macrophylla,Shrub_Trees,21.99,33.9,70.84,22.61,3.2,12.28,13.05,9.25,41.87,-248.83,5
F25-0984,CIAT-25522,2,1340,Genetic_bank,Centrosema macrocarpum,Herbaceous_legumes,43.73,72.63,152.35,52.0,3.41,13.87,15.27,23.27,45.94,231.59,6
F25-0985,CIAT-25704,2,1343,Genetic_bank,Centrosema molle x acutifolium,Herbaceous_legumes,31.55,64.25,134.2,38.46,2.87,13.13,14.05,18.85,52.85,-191.37,7
F25-0986,CIAT-33729,2,1346,Genetic_bank,Desmodium cinereum,Shrub_Trees,33.37,56.56,120.1,43.74,3.64,14.24,14.84,17.82,42.98,-449.72,8
F25-0987,CIAT-33827,2,1349,Genetic_bank,Desmodium incanum,Herbaceous_legumes,25.37,44.71,95.2,22.28,2.35,12.48,14.67,13.97,68.58,-124.29,6
F25-0988,CIAT-8512,2,1354,Genetic_bank,Calopogonium caeruleum,Herbaceous_legumes,28.42,60.92,131.05,42.35,3.24,14.64,15.93,20.9,51.26,-552.62,6
F25-0989,CIAT-11833,2,1355,Genetic_bank,Stylosanthes guianensis,Herbaceous_legumes,33.95,63.44,133.53,30.51,2.29,11.63,13.19,17.6,63.62,-1610.91,9
F25-0990,CIAT-PM-21-0053,1,1081,Breeding,Megathyrsus maximus,Grass,34.66,72.78,151.89,51.43,3.39,14.63,16.41,24.93,49.04,141.09,9
F25-0991,CIAT-PM-21-3550,1,1084,Breeding,Megathyrsus maximus,Grass,32.84,66.14,136.77,45.11,3.3,14.62,16.61,22.72,50.76,172.84,9
F25-0992,CIAT-PM-21-3595,1,1087,Breeding,Megathyrsus maximus,Grass,31.96,67.27,140.27,45.29,3.23,14.84,16.26,22.8,50.57,170.26,9
F25-0993,CIAT-PM-21-0086,1,1090,Breeding,Megathyrsus maximus,Grass,34.86,69.24,141.97,45.62,3.21,14.82,16.59,23.55,51.77,189.58,9
F25-0994,CIAT-CIAT-16048,1,1093,Breeding,Megathyrsus maximus,Grass,35.25,69.05,141.48,48.5,3.43,15.24,16.67,23.58,48.72,155.1,8
F25-0995,CIAT-PM-21-0185,1,1096,Breeding,Megathyrsus maximus,Grass,34.76,69.19,143.33,46.89,3.29,14.37,16.5,23.63,50.84,195.92,9
F25-0996,CIAT-PM-21-0215,1,1099,Breeding,Megathyrsus maximus,Grass,33.73,71.21,148.92,47.29,3.18,14.64,16.56,24.66,52.38,178.23,9
F25-0997,CIAT-CIAT-16051,1,1102,Breeding,Megathyrsus maximus,Grass,35.25,69.49,144.4,45.79,3.17,14.93,16.89,24.38,53.87,212.21,9
F25-0998,CIAT-PM-21-6080,1,1105,Breeding,Megathyrsus maximus,Grass,32.2,64.81,134.46,45.89,3.47,15.08,16.84,22.64,50.46,-490.27,9
F25-0999,CIAT-PM-21-3684,1,1108,Breeding,Megathyrsus maximus,Grass,37.37,75.09,154.08,53.76,3.48,14.59,16.22,24.99,47.31,115.73,9
F25-1000,CIAT-PM-21-0076,1,1111,Breeding,Megathyrsus maximus,Grass,35.2,71.8,151.21,47.61,3.16,14.89,16.81,25.42,56.0,81.03,9
F25-1001,CIAT-CIAT-6890,1,1114,Breeding,Megathyrsus maximus,Grass,34.66,73.91,153.66,52.75,3.43,14.33,16.21,24.91,47.38,104.95,9
F25-1002,CIAT-PM-21-6638,1,1117,Breeding,Megathyrsus maximus,Grass,33.58,67.81,141.66,49.71,3.51,14.13,15.91,22.53,45.83,152.59,9
F25-1003,CIAT-PM-21-0052,1,1120,Breeding,Megathyrsus maximus,Grass,33.83,70.08,146.81,50.41,3.43,14.21,16.2,23.78,47.43,164.15,9
F25-1004,CIAT-PM-21-4449,1,1123,Breeding,Megathyrsus maximus,Grass,29.7,65.7,136.64,42.72,3.13,14.56,16.39,22.39,52.89,199.67,9
F25-1005,CIAT-CIAT-6799,1,1126,Breeding,Megathyrsus maximus,Grass,26.99,64.22,133.68,42.1,3.15,14.92,16.22,21.69,51.97,175.55,9
F25-1006,CIAT-PM-21-0055,1,1129,Breeding,Megathyrsus maximus,Grass,32.6,67.57,140.3,46.4,3.32,14.16,16.3,22.86,49.43,197.07,9
F25-1007,CIAT-PM-21-6529,1,1132,Breeding,Megathyrsus maximus,Grass,30.63,65.85,136.31,46.81,3.44,14.17,15.99,21.82,46.72,165.2,9
F25-1008,CIAT-PM-21-0047,1,1135,Breeding,Megathyrsus maximus,Grass,35.11,72.44,150.62,48.46,3.2,14.43,16.14,24.31,50.93,-90.3,9
F25-1009,CIAT-PM-21-2195,1,1138,Breeding,Megathyrsus maximus,Grass,34.17,71.35,147.06,47.86,3.25,14.26,15.93,23.44,49.68,233.06,9
F25-1010,CIAT-PM-21-2627,1,1141,Breeding,Megathyrsus maximus,Grass,29.84,64.13,131.64,47.9,3.65,14.24,15.97,21.03,43.9,154.9,9
F25-1011,CIAT-PM-21-0059,1,1144,Breeding,Megathyrsus maximus,Grass,33.73,69.68,142.81,49.0,3.44,14.2,16.39,23.4,48.85,282.6,9
F25-1012,CIAT-PM-21-3522,1,1147,Breeding,Megathyrsus maximus,Grass,32.7,66.83,137.5,43.41,3.17,13.74,15.62,21.5,50.63,152.24,9
F25-1013,CIAT-PM-21-0062,1,1150,Breeding,Megathyrsus maximus,Grass,35.01,72.83,148.33,45.38,3.08,13.96,15.8,23.46,51.57,177.35,9
F25-1014,CIAT-PM-21-0906,1,1153,Breeding,Megathyrsus maximus,Grass,32.84,66.83,137.11,48.6,3.55,13.73,15.55,21.35,43.95,142.26,9
F25-1651,CIAT-798,2,1956,Genetic_bank,Galactia striata,Herbaceous_legumes,39.46,84.43,175.53,56.06,3.24,13.27,15.03,26.25,47.46,119.06,15
F25-1652,CIAT-822,2,1961,Genetic_bank,Calopogonium mucunoides,Herbaceous_legumes,39.7,76.91,157.25,52.37,3.39,13.64,14.93,23.39,45.92,981.1,18
F25-1653,CIAT-852,2,1964,Genetic_bank,Dioclea sericea,Herbaceous_legumes,23.52,44.02,90.79,29.57,3.37,12.12,13.35,12.36,45.01,-34.39,17
F25-1654,CIAT-907,2,1967,Genetic_bank,Dioclea virgata,Herbaceous_legumes,26.79,62.21,127.78,41.03,3.27,13.16,14.84,19.11,47.76,446.04,16
F25-1655,CIAT-1992,2,1970,Genetic_bank,Stylosanthes guianensis,Herbaceous_legumes,32.29,73.6,152.09,46.27,3.05,12.03,13.33,20.26,45.36,160.71,17
F25-1656,CIAT-3001,2,1973,Genetic_bank,Codariocalyx gyroides,Shrub_Trees,28.3,59.44,122.62,37.81,3.13,12.29,13.72,16.69,45.03,-191.69,16
F25-1657,CIAT-3304,3,39,Genetic_bank,Desmodium cajanifolium,Shrub_Trees,45.09,84.23,177.58,53.08,3.02,12.93,14.08,25.07,47.33,224.46,7
F25-1658,CIAT-5713,2,1979,Genetic_bank,Centrosema macrocarpum,Herbaceous_legumes,42.63,81.38,165.82,46.41,2.8,13.59,15.01,24.77,56.1,-463.96,17
F25-1659,CIAT-7381,3,45,Genetic_bank,Galactia glaucescens,Herbaceous_legumes,32.4,63.18,133.57,34.08,2.62,12.85,14.54,19.46,57.97,274.14,6
F25-1660,CIAT-7799,3,48,Genetic_bank,Dioclea guianensis,Herbaceous_legumes,23.82,48.28,102.79,32.17,3.12,12.26,13.61,14.03,43.95,206.37,5
F25-1661,CIAT-7803,3,54,Genetic_bank,Dioclea holtiana,Herbaceous_legumes,24.68,49.17,104.29,28.81,2.75,11.52,12.55,13.09,60.55,285.52,6
F25-1662,CIAT-8182,3,56,Genetic_bank,Eriosema diffusum,Herbaceous_legumes,27.07,47.26,100.89,26.65,2.66,12.63,13.78,13.92,55.64,260.38,6
F25-1663,CIAT-8434,3,59,Genetic_bank,Dioclea sericea,Herbaceous_legumes,34.82,63.08,134.89,35.13,2.55,13.53,14.84,20.06,63.72,297.93,7
F25-1664,CIAT-8702,2,1997,Genetic_bank,Calopogonium caeruleum,Herbaceous_legumes,33.15,63.77,132.26,40.32,3.09,14.18,15.65,20.65,55.47,1471.83,15
F25-1665,CIAT-8816,2,2000,Genetic_bank,Crotalaria micans,Shrub_Trees,49.37,88.54,181.86,63.24,3.51,13.97,15.22,27.61,44.2,1037.04,17
F25-1666,CIAT-8826,3,68,Genetic_bank,Zapoteca formosa,Shrub_Trees,48.1,97.95,209.13,67.03,3.2,11.7,12.72,26.62,40.33,188.85,9
F25-1667,CIAT-9578,3,319,Genetic_bank,Dioclea sericea,Herbaceous_legumes,20.76,40.81,85.8,30.44,3.55,11.8,12.81,10.98,36.32,172.76,6
F25-1668,CIAT-9740,3,74,Genetic_bank,Chamaecrista desvauxii,Herbaceous_legumes,38.78,75.93,159.16,44.55,2.85,10.47,13.39,21.33,48.33,230.54,7
F25-1669,CIAT-9934,3,77,Genetic_bank,Aeschynomene americana,Shrub_Trees,50.65,87.34,185.18,49.69,2.77,11.9,13.9,25.85,53.64,252.95,9
F25-1670,CIAT-13158,3,321,Genetic_bank,Desmodium strigillosum,Herbaceous_legumes,26.87,54.62,116.29,43.29,3.72,12.41,13.34,15.54,35.94,169.08,9
F25-1671,CIAT-13329,3,324,Genetic_bank,Desmodium cajanifolium,Shrub_Trees,39.2,76.46,162.6,57.81,3.57,12.69,13.42,21.83,37.73,177.37,9
F25-1672,CIAT-13387,3,327,Genetic_bank,Desmodium sequax,Shrub_Trees,28.43,51.81,110.62,40.21,3.84,11.94,12.99,14.55,34.58,161.41,8
F25-1673,CIAT-13547,3,330,Genetic_bank,Codariocalyx gyroides,Shrub_Trees,21.31,44.18,93.54,29.5,3.13,11.69,13.27,12.5,42.99,202.68,8
F25-1674,CIAT-13953,3,333,Genetic_bank,Desmodium velutinum,Shrub_Trees,33.72,68.02,145.76,53.62,3.67,13.15,14.86,21.8,40.6,189.62,8
F25-1675,CIAT-15086,3,336,Genetic_bank,Centrosema acutifolium,Herbaceous_legumes,39.15,78.46,166.1,56.65,3.42,13.22,14.67,24.35,43.22,204.22,9
F25-1676,CIAT-17403,3,339,Genetic_bank,Flemingia macrophylla,Shrub_Trees,30.66,56.91,120.23,39.68,3.39,12.6,13.4,16.54,40.71,192.39,7
F25-1677,CIAT-17519,3,342,Genetic_bank,Mimosa somnians,Herbaceous_legumes,25.81,46.24,97.96,39.33,3.94,10.61,10.63,10.28,30.94,145.82,9
F25-1678,CIAT-17896,3,345,Genetic_bank,Chamaecrista desvauxii,Herbaceous_legumes,21.65,46.46,98.13,41.83,4.25,9.61,10.98,10.69,26.25,124.31,9
F25-1679,CIAT-18123,3,348,Genetic_bank,Dioclea virgata,Herbaceous_legumes,21.04,50.07,105.77,38.16,3.66,10.54,12.68,13.56,36.32,171.91,9
F25-1680,CIAT-18126,3,351,Genetic_bank,Dioclea virgata,Herbaceous_legumes,24.92,59.24,126.88,41.54,3.28,11.91,13.68,17.37,43.08,201.21,9
F25-1681,CIAT-18127,3,354,Genetic_bank,Dioclea virgata,Herbaceous_legumes,27.81,61.96,132.14,42.69,3.24,11.93,13.6,17.98,42.73,200.37,9
F25-1682,CIAT-18668,3,357,Genetic_bank,Cratylia argentea,Shrub_Trees,29.54,67.62,143.59,50.74,3.52,13.7,15.73,22.68,44.73,210.68,9
F25-1683,CIAT-19228,3,360,Genetic_bank,Eriosema psoraleoides,Herbaceous_legumes,26.76,58.18,123.89,39.92,3.21,12.7,14.43,18.12,45.99,215.96,9
F25-1684,CIAT-19537,3,363,Genetic_bank,Crotalaria verrucosa,Herbaceous_legumes,40.04,80.12,171.18,54.8,3.23,12.79,13.98,24.24,43.71,204.62,9
F25-1685,CIAT-20208,3,369,Genetic_bank,Aeschynomene sensitiva,Shrub_Trees,49.59,94.62,198.13,60.57,3.06,12.92,14.4,28.55,47.6,227.34,6
F25-1686,CIAT-20345,3,371,Genetic_bank,Pachyrhizus erosus,Herbaceous_legumes,42.48,87.96,186.45,64.53,3.47,13.31,14.14,26.38,41.24,194.6,9
F25-1687,CIAT-20927,3,374,Genetic_bank,Mimosa albida,Herbaceous_legumes,30.7,62.0,132.31,47.14,3.67,12.43,13.29,17.88,37.14,174.04,7
F25-1688,CIAT-21849,3,377,Genetic_bank,Chamaecrista desvauxii,Herbaceous_legumes,25.87,52.18,110.32,33.72,3.08,11.08,12.48,13.76,41.64,196.87,9
F25-1689,CIAT-22072,3,380,Genetic_bank,Bauhinia sp.,Shrub_Trees,36.04,74.85,159.29,53.36,3.35,12.71,14.63,23.76,43.97,206.7,9
F25-1690,CIAT-22409,3,383,Genetic_bank,Cratylia argentea,Shrub_Trees,34.24,75.74,162.36,45.35,2.77,14.79,16.48,26.72,60.59,282.48,7
F25-1691,CIAT-22692,3,386,Genetic_bank,Lablab purpureus,Herbaceous_legumes,40.31,87.9,190.07,55.02,2.94,14.27,15.89,30.12,54.85,253.73,9
F25-1692-,CIAT-23715,5,1767,Genetic_bank,Desmodium sequax,Shrub_Trees,21.86,31.35,66.82,20.65,3.1,12.52,11.96,7.98,77.73,-0.21,6
F25-1693,CIAT-23746,3,393,Genetic_bank,Codariocalyx gyroides,Shrub_Trees,20.88,47.39,100.97,29.68,2.96,11.14,12.98,13.24,46.78,219.54,5
F25-1694,CIAT-23985,3,395,Genetic_bank,Desmodium velutinum,Shrub_Trees,33.43,63.81,134.44,47.26,3.51,13.85,15.11,20.46,43.98,208.69,8
F25-1695,CIAT-32265,3,398,Genetic_bank,Chamaecrista diphylla,Herbaceous_legumes,39.31,76.79,160.56,47.61,3.01,11.34,14.44,23.07,51.22,244.96,9
F25-1696,CIAT-33070,3,401,Genetic_bank,Desmodium oblongum,Shrub_Trees,38.04,73.12,152.37,45.14,2.96,11.04,13.32,20.31,46.65,223.91,9
F25-1697,CIAT-33079,3,404,Genetic_bank,Desmodium oblongum,Shrub_Trees,42.65,75.07,156.73,50.04,3.18,13.3,14.79,23.28,47.36,226.86,9
F25-1698,CIAT-33131,3,407,Genetic_bank,Codariocalyx gyroides,Shrub_Trees,31.51,59.14,124.22,41.0,3.27,12.53,13.72,17.42,43.09,205.04,6
F25-1699,CIAT-33195,3,410,Genetic_bank,Dalea carthagenensis,Herbaceous_legumes,34.72,76.21,159.37,45.74,2.95,12.52,14.94,24.24,54.14,258.88,8
F25-1700,CIAT-43055,3,413,Genetic_bank,Desmodium discolor,Herbaceous_legumes,42.37,83.12,174.67,56.46,3.24,14.27,15.72,27.47,49.32,234.73,9
F25-1701,CIAT-BR-12-1362,2,633,Breeding,Urochloa interespecific,Grass,26.87,78.02,168.69,64.41,3.83,11.96,13.75,23.2,36.67,314.52,9
F25-1702,CIAT-BR-12-2462,2,636,Breeding,Urochloa interespecific,Grass,23.92,73.55,153.63,56.21,3.68,12.94,13.07,20.12,35.78,416.36,9
F25-1703,CIAT-BR-12-3868,2,639,Breeding,Urochloa interespecific,Grass,19.25,64.8,137.58,55.88,4.08,11.08,13.51,18.64,33.46,635.54,9
F25-1704,CIAT-BR-15-2558,2,642,Breeding,Urochloa interespecific,Grass,27.9,74.39,159.49,57.33,3.6,12.19,13.73,21.86,38.25,437.12,9
F25-1705,CIAT-BR-15-2811,2,645,Breeding,Urochloa interespecific,Grass,24.56,73.21,156.33,56.83,3.64,11.99,13.19,20.6,36.8,164.51,9
F25-1706,CIAT-BR-15-2891,2,648,Breeding,Urochloa interespecific,Grass,25.98,73.5,156.73,54.93,3.51,13.08,14.05,22.0,40.25,501.48,9
F25-1707,CIAT-BR-19-1343,2,651,Breeding,Urochloa interespecific,Grass,22.84,69.33,147.28,50.61,3.45,11.84,13.31,19.58,39.18,772.29,9
F25-1708,CIAT-CIAT-26110,2,654,Breeding,Urochloa interespecific,Grass,26.33,76.06,161.96,49.43,3.07,13.28,14.5,23.5,48.14,560.8,9
F25-1709,CIAT-CIAT-26646,2,657,Breeding,Urochloa interespecific,Grass,25.3,73.85,157.8,49.08,3.13,11.56,13.74,21.7,45.13,-2378.79,9
F25-1710,CIAT-CIAT-6297,2,660,Breeding,Urochloa interespecific,Grass,26.38,74.14,155.86,47.27,3.05,12.91,14.27,22.25,50.2,121.18,9
F25-1711,CIAT-BR-12-4400,2,663,Breeding,Urochloa interespecific,Grass,31.79,79.75,169.7,53.36,3.15,12.41,13.98,23.73,46.5,-190.18,9
F25-1712,CIAT-BR-15-3434,2,666,Breeding,Urochloa interespecific,Grass,30.8,79.21,167.29,50.69,3.04,13.16,14.18,23.74,49.11,377.24,9
F25-1713,CIAT-BR-15-3811,2,669,Breeding,Urochloa interespecific,Grass,35.67,79.95,165.94,49.7,3.01,12.68,13.72,22.77,48.25,428.1,9
F25-1714,CIAT-BR-15-6547,2,672,Breeding,Urochloa interespecific,Grass,26.62,69.67,147.0,50.44,3.52,12.37,13.83,20.18,41.87,178.65,9
F25-1715,CIAT-BR-15-7121,2,675,Breeding,Urochloa interespecific,Grass,32.03,80.04,168.76,47.76,2.84,11.98,14.1,23.78,50.81,-4332.82,9
F25-1716,CIAT-BR-15-8887,2,678,Breeding,Urochloa interespecific,Grass,34.19,79.73,168.17,51.77,3.08,12.51,14.3,24.02,46.78,721.78,7
F25-1717,CIAT-BR-19-4678,2,683,Breeding,Urochloa interespecific,Grass,37.58,81.31,175.22,47.83,2.73,12.79,13.9,24.34,51.68,-2899.73,9
F25-1718,CIAT-BR-19-5029,2,686,Breeding,Urochloa interespecific,Grass,33.2,75.98,158.86,51.34,3.24,13.11,14.43,22.89,45.62,640.87,9
F25-1719,CIAT-BR-19-5357,2,689,Breeding,Urochloa interespecific,Grass,31.28,77.08,162.95,48.47,2.97,12.81,14.24,23.2,49.66,535.86,9
F25-1720,CIAT-BR-19-5381,2,692,Breeding,Urochloa interespecific,Grass,27.79,70.49,149.01,47.56,3.19,12.34,14.04,20.9,46.28,242.36,9
F25-1721,CIAT-BR-02-0465,2,695,Breeding,Urochloa interespecific,Grass,28.28,75.07,154.91,43.68,2.82,12.13,14.13,21.88,51.44,-3662.28,9
F25-1722,CIAT-BR-04-3025,2,698,Breeding,Urochloa interespecific,Grass,31.48,85.24,177.8,48.78,2.74,13.46,14.64,26.01,54.31,661.54,9
F25-1723,CIAT-BR-05-1435,2,701,Breeding,Urochloa interespecific,Grass,21.01,65.72,136.75,43.49,3.19,12.36,14.27,19.49,45.58,1725.24,9
F25-1724,CIAT-BR-09-3660,2,704,Breeding,Urochloa interespecific,Grass,31.66,72.95,151.51,47.25,3.13,12.94,14.27,21.58,47.59,-144.07,8
F25-1725,CIAT-BR-19-1264,2,707,Breeding,Urochloa interespecific,Grass,30.95,74.26,154.14,45.46,2.95,12.4,14.3,22.02,49.0,-2093.71,8
F25-1726,CIAT-BR-19-5217,2,710,Breeding,Urochloa interespecific,Grass,32.28,76.31,158.52,45.08,2.84,12.76,14.24,22.52,50.98,-349.67,7
F25-1727,CIAT-CIAT-26124,2,713,Breeding,Urochloa interespecific,Grass,29.91,75.07,156.29,43.78,2.81,13.51,14.36,22.42,53.17,219.87,9
F25-1728,CIAT-13262,4,3,Genetic_bank,Dendrolobium triangulare,Shrub_Trees,27.23,46.52,97.92,32.71,3.39,13.46,14.98,14.64,45.6,-0.93,5
F25-1729,CIAT-13528,4,6,Genetic_bank,Dendrolobium lanceolatum,Shrub_Trees,24.18,38.17,80.27,25.89,3.22,12.78,14.42,11.58,46.62,-0.2,8
F25-1730,CIAT-13529,4,9,Genetic_bank,Dendrolobium triangulare,Shrub_Trees,26.52,51.6,109.28,31.83,2.94,13.73,15.62,17.08,55.06,2.81,7
F25-1731,CIAT-13710,4,13,Genetic_bank,Dendrolobium lanceolatum,Shrub_Trees,21.44,34.24,72.71,18.1,2.5,13.91,15.26,11.09,63.86,-0.2,7
F25-1732,CIAT-22004,4,15,Genetic_bank,Dendrolobium triangulare,Shrub_Trees,23.69,44.49,94.31,23.51,2.5,13.47,15.14,14.27,61.95,-0.36,7
F25-1733,CIAT-23104,4,18,Genetic_bank,Dendrolobium triangulare,Shrub_Trees,21.8,41.81,90.22,18.16,2.02,14.43,15.96,14.39,80.77,-0.32,6
F25-1734,CIAT-23106,4,21,Genetic_bank,Dendrolobium triangulare,Shrub_Trees,20.49,36.12,76.28,18.83,2.51,14.54,16.08,12.25,69.06,-0.33,7
F25-1735,CIAT-23107,4,24,Genetic_bank,Dendrolobium triangulare,Shrub_Trees,18.19,33.64,70.82,18.22,2.57,14.26,16.04,11.34,62.47,-0.25,5
F25-1736,CIAT-23108,4,27,Genetic_bank,Dendrolobium triangulare,Shrub_Trees,19.94,36.6,77.37,17.48,2.26,13.61,15.79,12.22,71.58,-0.32,7
F25-1737,CIAT-23412,4,30,Genetic_bank,Dendrolobium triangulare,Shrub_Trees,21.48,34.13,72.44,19.64,2.72,13.51,14.92,10.8,58.16,-0.18,7
F25-1738,CIAT-23413,4,33,Genetic_bank,Dendrolobium triangulare,Shrub_Trees,23.18,41.48,88.66,22.62,2.57,14.12,15.3,13.53,62.63,-0.23,8
F25-1739,CIAT-23419,4,36,Genetic_bank,Dendrolobium triangulare,Shrub_Trees,22.37,39.67,84.39,17.59,2.1,14.04,15.79,13.31,80.56,-0.17,8
F25-1740,CIAT-23422,4,39,Genetic_bank,Dendrolobium triangulare,Shrub_Trees,21.28,39.76,86.53,21.77,2.93,14.63,16.19,14.06,69.29,-0.23,7
F25-1741,CIAT-23734,4,42,Genetic_bank,Dendrolobium triangulare,Shrub_Trees,25.69,49.18,103.8,30.16,2.91,15.12,16.26,16.88,60.39,-0.5,8
F25-1742,CIAT-23932,4,45,Genetic_bank,Dendrolobium triangulare,Shrub_Trees,24.31,46.54,97.8,22.76,2.35,14.7,16.24,15.87,73.46,-0.28,8
F25-1743,CIAT-23933,4,48,Genetic_bank,Dendrolobium triangulare,Shrub_Trees,21.55,47.56,101.41,22.87,2.26,15.03,14.65,14.96,65.72,-0.4,6
F25-1744,CIAT-23934,4,53,Genetic_bank,Dendrolobium triangulare,Shrub_Trees,27.06,50.73,107.67,29.86,2.8,14.45,15.71,16.87,58.42,-0.16,8
F25-1745,CIAT-23936,4,56,Genetic_bank,Dendrolobium triangulare,Shrub_Trees,21.56,42.33,89.97,21.51,2.41,14.27,15.87,14.26,69.63,-0.28,7
F25-1746,CIAT-33119,4,59,Genetic_bank,Dendrolobium triangulare,Shrub_Trees,26.73,51.38,107.78,29.76,2.75,14.65,16.27,17.52,60.37,88.57,6
F25-1747,CIAT-33383,4,62,Genetic_bank,Dendrolobium sp.,Shrub_Trees,23.56,49.23,103.96,30.62,2.94,14.32,15.94,16.57,56.51,-0.65,8
F25-1748,CIAT-33402,4,65,Genetic_bank,Dendrolobium triangulare,Shrub_Trees,24.81,51.67,109.13,29.73,2.74,14.39,15.88,17.33,60.27,-0.61,8
F25-1749,CIAT-33508,4,69,Genetic_bank,Dendrolobium umbellatum,Shrub_Trees,27.8,56.81,121.09,31.78,2.63,14.74,16.94,20.5,67.34,-0.08,7
F25-1750,CIAT-33515,4,72,Genetic_bank,Dendrolobium triangulare,Shrub_Trees,21.21,41.84,89.54,18.94,2.14,14.2,15.58,13.93,79.12,-0.24,6
F25-1751,CIAT-7353,4,74,Genetic_bank,Prosopis juliflora,Shrub_Trees,18.68,30.98,65.45,44.37,6.98,11.21,9.59,6.48,15.04,-0.3,8
F25-1752,CIAT-7976,4,77,Genetic_bank,Cassia sp.,Shrub_Trees,31.56,59.92,128.2,41.56,3.26,12.78,14.12,18.07,44.81,-0.33,8
F25-1753,CIAT-8018,4,80,Genetic_bank,Acacia aroma,Shrub_Trees,25.82,41.96,89.45,19.41,2.18,14.07,15.7,14.04,74.59,-0.49,6
F25-1754,CIAT-9990,4,83,Genetic_bank,Prosopis juliflora,Shrub_Trees,15.37,26.54,57.07,52.35,9.25,9.28,6.78,3.88,7.53,-0.12,8
F25-1755,CIAT-13258,4,86,Genetic_bank,Dendrolobium lanceolatum,Shrub_Trees,18.81,28.98,61.24,19.8,3.22,12.89,13.15,8.06,41.85,-0.14,8
F25-1756,CIAT-13260,4,89,Genetic_bank,Dendrolobium lanceolatum,Shrub_Trees,21.62,33.98,72.2,18.9,2.66,13.58,14.5,10.46,60.35,-0.25,8
F25-1757,CIAT-17263,4,92,Genetic_bank,Leucaena leucocephala,Shrub_Trees,31.62,58.77,124.36,48.81,3.93,12.34,13.6,16.93,35.31,-0.12,7
F25-1758,CIAT-17459,4,285,Genetic_bank,Erythrina berteroana,Shrub_Trees,27.85,66.78,141.12,55.9,3.97,13.12,14.15,19.99,35.84,0.68,8
F25-1759,CIAT-17482,4,289,Genetic_bank,Leucaena leucocephala,Shrub_Trees,34.08,60.43,130.37,48.79,3.77,10.94,12.1,15.79,32.96,1.33,7
F25-1760,CIAT-17502,4,291,Genetic_bank,Leucaena leucocephala,Shrub_Trees,31.53,61.9,131.29,48.39,3.68,11.68,13.15,17.27,35.97,-2.0,8
F25-1761,CIAT-19384,4,294,Genetic_bank,Prosopis juliflora,Shrub_Trees,12.97,25.03,53.58,60.95,11.55,8.28,5.6,3.01,4.92,0.06,8
F25-1762,CIAT-19571,4,297,Genetic_bank,Senna cobanensis,Shrub_Trees,39.41,77.23,165.62,44.59,2.69,13.84,15.97,26.48,61.87,1.01,8
F25-1763,CIAT-20126,4,300,Genetic_bank,Acacia angustissima,Shrub_Trees,19.99,34.86,74.17,25.99,3.54,12.2,12.18,9.04,35.13,-0.16,6
F25-1764,CIAT-20788,4,303,Genetic_bank,Senna pallida,Shrub_Trees,48.88,97.71,207.97,67.1,3.23,12.93,15.23,31.7,47.31,0.39,7
F25-1765,CIAT-21242,4,306,Genetic_bank,Leucaena diversifolia,Shrub_Trees,23.28,41.97,90.01,32.08,3.59,11.32,12.5,11.27,35.98,0.04,8
F25-1766,CIAT-21512,4,309,Genetic_bank,Calliandra calothyrsus,Shrub_Trees,13.35,25.47,54.87,25.15,4.88,11.1,12.11,6.65,27.96,-0.08,8
F25-1767,CIAT-21601,4,312,Genetic_bank,Erythrina fusca,Shrub_Trees,21.28,48.78,104.57,29.92,2.9,13.99,14.78,15.49,52.41,-6.82,8
F25-1768,CIAT-21809,4,315,Genetic_bank,Acacia farnesiana,Shrub_Trees,33.78,63.72,134.62,38.97,2.9,13.66,15.72,21.17,54.95,0.21,8
F25-1769,CIAT-21810,4,318,Genetic_bank,Acacia angustissima,Shrub_Trees,17.85,34.97,73.76,33.76,4.62,10.94,11.11,8.21,26.04,-0.18,8
F25-1770,CIAT-21888,4,321,Genetic_bank,Leucaena leucocephala,Shrub_Trees,32.67,65.85,140.47,46.47,3.33,11.14,12.68,17.83,39.88,0.53,7
F25-1771,CIAT-22310,4,324,Genetic_bank,Calliandra calothyrsus,Shrub_Trees,17.74,29.71,62.59,22.65,3.69,10.89,11.49,7.21,32.88,-0.09,7
F25-1772-,CIAT-22311,5,1765,Genetic_bank,Calliandra calothyrsus,Shrub_Trees,20.94,35.02,74.58,28.34,3.81,12.62,12.07,8.98,32.07,-0.15,6
F25-1773,CIAT-22316,4,330,Genetic_bank,Calliandra calothyrsus,Shrub_Trees,19.95,31.49,65.91,31.08,4.63,12.41,12.6,8.3,28.14,-0.14,7
F25-1774,CIAT-23239,4,333,Genetic_bank,Dendrolobium triangulare,Shrub_Trees,25.88,49.56,103.36,22.69,2.22,13.71,15.68,16.23,72.83,-0.47,7
F25-1775,CIAT-33116,4,336,Genetic_bank,Dendrolobium triangulare,Shrub_Trees,24.14,41.39,86.49,26.21,3.08,13.88,15.41,13.36,51.55,-0.58,5
F25-2077,CIAT-PM-21-3535,2,1596,Breeding,Megathyrsus maximus,Grass,34.17,73.66,143.47,53.93,3.78,14.12,15.52,22.25,41.28,353.08,9
F25-2078,CIAT-PM-21-6106,2,1599,Breeding,Megathyrsus maximus,Grass,35.74,74.98,148.35,58.82,3.97,14.51,16.02,23.76,40.45,317.94,9
F25-2079,CIAT-PM-21-2580,2,1602,Breeding,Megathyrsus maximus,Grass,39.92,83.49,166.82,60.3,3.62,13.72,15.38,25.66,42.58,331.76,9
F25-2080,CIAT-CIAT-16031,2,1605,Breeding,Megathyrsus maximus,Grass,37.91,78.82,154.9,55.93,3.62,13.86,15.49,23.98,42.96,374.13,9
F25-2081,CIAT-CIAT-26936,2,1608,Breeding,Megathyrsus maximus,Grass,35.2,77.93,149.63,53.71,3.62,14.43,15.75,23.56,44.14,414.3,9
F25-2082,CIAT-PM-21-0074,2,1611,Breeding,Megathyrsus maximus,Grass,39.19,77.0,148.38,54.87,3.73,13.9,15.36,22.79,41.79,411.41,9
F25-2083,CIAT-PM-21-0072,2,1614,Breeding,Megathyrsus maximus,Grass,36.88,75.82,148.52,53.17,3.59,13.57,15.25,22.66,42.67,406.95,9
F25-2084,CIAT-PM-21-6598,2,1617,Breeding,Megathyrsus maximus,Grass,38.84,79.75,154.46,50.76,3.29,13.47,15.17,23.48,46.34,510.25,9
F25-2085,CIAT-PM-21-6647,2,1620,Breeding,Megathyrsus maximus,Grass,39.38,80.2,156.84,50.51,3.22,14.16,15.47,24.27,48.25,525.5,9
F25-2086,CIAT-PM-21-0819,2,1623,Breeding,Megathyrsus maximus,Grass,38.45,79.36,157.27,51.88,3.31,13.78,15.26,23.99,46.72,605.8,9
F25-2087,CIAT-CIAT-16021,2,1626,Breeding,Megathyrsus maximus,Grass,34.17,75.13,146.11,42.94,2.95,14.68,16.19,23.65,55.86,759.07,9
F25-2088,CIAT-PM-21-6640,2,1629,Breeding,Megathyrsus maximus,Grass,32.89,72.58,141.63,49.86,3.53,13.7,15.53,22.0,44.24,495.42,9
F25-2089,CIAT-PM-21-0065,2,1632,Breeding,Megathyrsus maximus,Grass,40.66,81.18,156.15,49.57,3.18,14.13,15.53,24.25,49.51,680.46,9
F25-2090,CIAT-PM-21-6629,2,1635,Breeding,Megathyrsus maximus,Grass,32.16,72.28,139.03,44.82,3.25,13.68,15.16,21.07,47.95,562.9,9
F25-2091,CIAT-PM-21-6641,2,1638,Breeding,Megathyrsus maximus,Grass,43.51,81.33,157.42,51.47,3.3,14.36,15.8,24.86,48.44,587.0,9
F25-2092,CIAT-CIAT-16025,2,1641,Breeding,Megathyrsus maximus,Grass,33.68,73.02,145.85,45.83,3.14,13.42,14.98,21.85,49.69,211.76,9
F25-2093,CIAT-PM-21-0070,2,1646,Breeding,Megathyrsus maximus,Grass,36.73,82.81,159.86,54.14,3.39,13.62,15.34,24.54,45.53,431.25,6
F25-2094,CIAT-PM-21-4926,2,1650,Breeding,Megathyrsus maximus,Grass,26.13,65.23,129.84,39.9,3.07,14.4,15.78,20.46,53.71,335.98,7
F25-2095,CIAT-PM-21-3662,2,1652,Breeding,Megathyrsus maximus,Grass,34.42,79.02,153.44,57.71,3.76,13.7,15.27,23.41,40.94,340.45,6
F25-2096,CIAT-PM-21-4448,3,80,Breeding,Megathyrsus maximus,Grass,41.32,86.89,183.14,47.46,2.58,13.27,14.66,26.8,59.28,281.71,9
F25-2097,CIAT-PM-21-0079,2,1658,Breeding,Megathyrsus maximus,Grass,33.71,77.31,150.26,48.02,3.21,13.37,14.95,22.46,48.6,1407.98,7
F25-2098,CIAT-CIAT-6986,2,1661,Breeding,Megathyrsus maximus,Grass,30.62,72.38,144.4,45.09,3.2,13.64,15.09,21.78,51.0,1079.45,7
F25-2099,CIAT-PM-21-4852,2,1665,Breeding,Megathyrsus maximus,Grass,30.85,73.03,142.42,40.75,2.88,13.85,15.26,21.72,53.27,636.57,6
F25-2100,CIAT-PM-21-0078,2,1667,Breeding,Megathyrsus maximus,Grass,32.45,72.57,142.62,42.9,3.01,13.74,15.27,21.76,50.97,1497.75,7
F25-2101,CIAT-CIAT-16071,3,83,Breeding,Megathyrsus maximus,Grass,32.1,78.51,167.22,39.76,2.39,13.28,15.18,25.37,70.27,329.54,9
F25-2102,CIAT-PM-21-0876,2,1673,Breeding,Megathyrsus maximus,Grass,32.18,73.02,143.37,41.2,2.89,13.43,14.91,21.38,53.15,469.14,7
F25-2103,CIAT-PM-21-3641,2,1677,Breeding,Megathyrsus maximus,Grass,32.41,71.93,137.93,38.93,2.84,13.44,15.02,20.72,58.19,180.62,8
F25-2104,CIAT-BR-06-1348,4,1066,Breeding,Urochloa interespecific,Grass,39.3,89.04,191.18,54.58,2.86,13.46,14.59,27.9,51.5,0.63,7
F25-2105,CIAT-BR-09-4467,3,86,Breeding,Urochloa interespecific,Grass,36.65,84.67,182.92,42.32,2.32,12.71,14.34,26.13,67.18,311.09,9
F25-2106,CIAT-BR-09-4777,2,1685,Breeding,Urochloa interespecific,Grass,37.22,78.66,150.74,40.4,2.7,12.62,13.94,21.01,56.87,808.57,6
F25-2107,CIAT-BR-12-0255,2,1911,Breeding,Urochloa interespecific,Grass,32.33,79.54,161.2,60.12,3.74,12.31,13.96,22.48,37.48,374.33,9
F25-2108,CIAT-BR-12-0461,2,1914,Breeding,Urochloa interespecific,Grass,31.39,82.44,161.63,61.59,3.83,12.52,14.27,23.06,37.7,335.97,9
F25-2109,CIAT-BR-12-1620,2,1917,Breeding,Urochloa interespecific,Grass,33.11,80.13,154.48,60.13,3.92,12.4,13.92,21.48,36.04,345.79,9
F25-2110,CIAT-BR-12-1889,2,1920,Breeding,Urochloa interespecific,Grass,31.2,77.57,151.26,57.99,3.85,11.64,14.03,21.2,36.64,408.05,9
F25-2111,CIAT-BR-12-4039,2,1923,Breeding,Urochloa interespecific,Grass,30.95,77.67,149.66,56.17,3.76,12.23,14.28,21.38,38.13,385.12,9
F25-2112,CIAT-BR-12-4856,2,1926,Breeding,Urochloa interespecific,Grass,28.93,72.71,142.33,49.54,3.49,12.56,14.1,20.06,40.7,522.87,9
F25-2113,CIAT-BR-12-5049,2,1929,Breeding,Urochloa interespecific,Grass,32.03,79.05,154.29,50.57,3.29,12.74,14.58,22.5,44.66,731.11,9
F25-2114,CIAT-BR-15-1851,2,1932,Breeding,Urochloa interespecific,Grass,33.8,82.64,159.61,51.12,3.2,12.8,14.36,22.93,45.29,-932.56,9
F25-2115,CIAT-BR-15-3025,2,1935,Breeding,Urochloa interespecific,Grass,33.56,79.93,155.12,52.27,3.37,12.84,14.28,22.16,42.43,594.46,9
F25-2116,CIAT-BR-15-3248,2,1938,Breeding,Urochloa interespecific,Grass,31.79,78.46,151.16,54.32,3.61,12.69,14.48,21.89,40.34,535.61,9
F25-2117,CIAT-BR-15-7659,2,1941,Breeding,Urochloa interespecific,Grass,32.92,80.47,153.95,52.92,3.44,12.39,14.07,21.66,41.22,617.08,9
F25-2118,CIAT-BR-15-8919,2,1944,Breeding,Urochloa interespecific,Grass,29.97,79.2,156.59,50.93,3.26,12.42,14.02,21.96,43.24,525.21,9
F25-2119,CIAT-BR-19-5515,2,1947,Breeding,Urochloa interespecific,Grass,33.06,82.64,167.18,52.02,3.12,12.34,14.04,23.48,45.3,600.3,9
F25-2120,CIAT-BR-19-5877,2,1950,Breeding,Urochloa interespecific,Grass,32.43,80.92,158.91,50.02,3.15,12.69,14.25,22.63,46.91,1363.61,9
F25-2121,CIAT-BR-19-6136,2,1953,Breeding,Urochloa interespecific,Grass,32.03,78.56,154.62,46.05,2.98,12.63,14.14,21.86,48.9,-1421.48,9
F25-2134,Hohenheimer-Heustandard-IAG-2025/1-S-1,3,740,LMF,Hohenheimer Heustandard,,30.33,55.62,186.17,40.78,2.22,14.02,14.5,27.36,71.19,214.13,15
F25-2136,CIAT-6962-Mombaza-Ex,3,646,Benchmark,Megathyrsus maximus,Grass,36.57,79.72,164.44,39.84,2.42,12.72,12.75,21.01,53.88,261.25,6
F25-2137,CIAT-606-Basilisk-Opt,3,648,Benchmark,Urochloa interespecific,Grass,35.96,85.47,176.46,48.32,2.74,13.06,14.05,24.73,52.51,254.39,9
F25-2138,CIAT-6294-Marandu-Opt,3,651,Benchmark,Urochloa interespecific,Grass,34.79,89.71,186.16,48.61,2.63,13.08,13.72,25.53,54.61,263.1,9
F25-2139,CIAT-36087-MulatoII-Opt,3,654,Benchmark,Urochloa interespecific,Grass,37.44,87.86,181.58,51.91,2.88,12.86,13.63,24.75,49.16,237.77,8
F25-2140,CIAT-6133-Llanero-Opt,3,657,Benchmark,Urochloa humidicola,Grass,36.02,84.97,174.7,48.53,2.79,13.33,13.86,24.21,50.79,247.09,9
F25-2141,CIAT-6962-Mombaza-Opt,3,660,Benchmark,Megathyrsus maximus ,Grass,37.9,84.2,172.66,44.44,2.58,13.03,14.08,24.32,55.76,271.88,9
F25-2144,CIAT-BH-16-1763,2,2226,Breeding,Urochloa humidicola,Grass,34.96,84.49,160.34,53.52,3.35,12.28,13.81,22.18,41.73,382.68,9
F25-2145,CIAT-BH-16-B-2165,2,2229,Breeding,Urochloa humidicola,Grass,34.37,88.67,166.23,54.76,3.32,12.58,14.25,23.72,43.54,350.1,9
F25-2146,CIAT-BH-16-B-2167,2,2232,Breeding,Urochloa humidicola,Grass,31.61,83.66,154.42,49.81,3.23,12.67,13.87,21.41,43.77,422.52,9
F25-2147,CIAT-CIAT-16886,2,2235,Breeding,Urochloa humidicola,Grass,33.29,84.74,156.54,54.54,3.5,13.17,14.11,22.12,40.89,342.02,9
F25-2148,CIAT-CIAT-16891,2,2238,Breeding,Urochloa humidicola,Grass,30.83,79.63,146.25,49.99,3.44,12.63,14.02,20.54,41.7,461.29,9
F25-2149,CIAT-CIAT-26146,2,2241,Breeding,Urochloa humidicola,Grass,31.22,87.59,159.56,51.97,3.28,12.61,14.08,22.48,44.07,394.53,9
F25-2150,CIAT-CIAT-26149,2,2244,Breeding,Urochloa humidicola,Grass,34.56,88.18,162.6,52.93,3.28,12.44,14.02,22.81,43.75,441.89,9
F25-2151,CIAT-CIAT-26160,2,2247,Breeding,Urochloa humidicola,Grass,31.91,84.89,157.28,52.52,3.38,12.82,14.34,22.59,44.14,463.98,9
F25-2152,CIAT-CIAT-26415,2,2250,Breeding,Urochloa humidicola,Grass,30.48,79.09,147.76,48.43,3.32,12.09,13.65,20.19,42.34,467.48,9
F25-2153,CIAT-BH-22-4092,2,2253,Breeding,Urochloa humidicola,Grass,36.83,84.0,157.54,47.84,3.05,12.6,14.1,22.23,47.18,597.32,9
F25-2154,CIAT-CIAT-26438,2,2256,Breeding,Urochloa humidicola,Grass,33.76,84.74,156.26,42.4,2.72,12.54,13.91,21.78,54.8,137.65,7
F25-2155,CIAT-CIAT-26570,2,2259,Breeding,Urochloa humidicola,Grass,34.04,79.69,148.51,48.12,3.24,13.32,14.65,21.74,45.45,612.5,6
F25-2156,CIAT-BH-22-3115,2,2262,Breeding,Urochloa humidicola,Grass,31.02,84.54,160.37,37.57,2.34,12.14,13.86,22.23,62.57,266.88,9
F25-2157,CIAT-BH-22-1375,2,2265,Breeding,Urochloa humidicola,Grass,35.34,87.43,167.99,41.97,2.5,12.43,14.07,23.69,58.78,610.27,7
F25-2158,CIAT-CIAT-6133,2,2268,Breeding,Urochloa humidicola,Grass,29.9,83.48,159.55,40.88,2.59,12.4,13.93,22.23,57.67,-105.14,7
F25-2159,CIAT-CIAT-679,2,2271,Breeding,Urochloa humidicola,Grass,33.53,90.21,175.51,41.12,2.36,12.4,13.89,24.4,62.47,-1161.73,6
F25-2160,CIAT-BH-22-4865,2,2276,Breeding,Urochloa humidicola,Grass,28.9,75.25,143.84,36.5,2.62,12.82,14.07,20.28,61.35,705.11,8
F25-2161,CIAT-BH-22-1706,2,2280,Breeding,Urochloa humidicola,Grass,28.44,78.78,147.41,36.12,2.49,12.4,13.86,20.44,60.81,-2546.39,6
F25-2162,CIAT-BH-22-4169,2,2282,Breeding,Urochloa humidicola,Grass,26.47,76.25,142.56,30.14,2.08,12.9,14.2,20.26,74.49,2884.43,8
F25-2163,CIAT-BH-22-1258,2,2285,Breeding,Urochloa humidicola,Grass,31.96,82.13,152.54,27.68,1.8,12.87,14.04,21.43,82.25,-284.64,9
F25-2164,CIAT-BH-22-1370,2,2288,Breeding,Urochloa humidicola,Grass,28.9,75.43,138.31,41.92,3.04,12.9,13.96,19.3,48.47,-350.99,7
F25-2165,CIAT-BH-22-2225,2,2291,Breeding,Urochloa humidicola,Grass,32.28,82.1,153.88,39.81,2.6,13.15,14.31,22.03,56.26,763.89,6
F25-2166,CIAT-BH-22-0528,4,1069,Breeding,Urochloa humidicola,Grass,33.51,87.61,178.31,43.19,2.42,13.67,14.81,26.41,61.79,0.62,7
F25-2167,CIAT-BH-22-3507,2,2297,Breeding,Urochloa humidicola,Grass,28.4,70.99,134.39,25.03,1.87,12.8,13.95,18.79,88.9,603.41,8
F25-2168,CIAT-BH-22-4253,2,2302,Breeding,Urochloa humidicola,Grass,30.74,74.55,140.67,36.45,2.63,12.87,13.84,19.45,56.84,126.43,6
F25-2169,CIAT-BH-22-2189,2,2303,Breeding,Urochloa humidicola,Grass,28.62,69.99,133.91,27.59,2.1,12.93,14.05,18.84,76.17,-1401.21,9
F25-2170,CIAT-BH-22-0765,3,92,Breeding,Urochloa humidicola,Grass,35.22,78.98,163.41,36.68,2.2,13.96,14.43,23.52,69.89,335.56,5
F25-2171,CIAT-BH-22-2531,3,95,Breeding,Urochloa humidicola,Grass,38.17,92.44,191.09,40.48,2.1,13.04,14.14,27.02,71.64,346.71,7
F25-2172,CIAT-BH-22-0132,2,2312,Breeding,Urochloa humidicola,Grass,30.5,78.1,147.38,33.38,2.38,12.77,13.95,20.58,69.18,-1126.97,6
F25-2173,CIAT-BH-22-3521,2,2316,Breeding,Urochloa humidicola,Grass,30.58,74.21,137.13,36.99,2.76,13.08,13.92,19.08,55.84,6151.64,6
F25-2174,CIAT-BH-22-2074,2,2583,Breeding,Urochloa humidicola,Grass,31.88,86.43,178.39,45.93,2.58,13.33,14.6,26.07,59.36,558.45,9
F25-2175,CIAT-BH-22-0456,2,2586,Breeding,Urochloa humidicola,Grass,31.72,89.04,184.06,51.84,2.83,13.02,13.9,25.62,49.34,436.79,6
F25-2176,CIAT-BH-22-1832,2,2589,Breeding,Urochloa humidicola,Grass,31.79,86.48,177.56,46.12,2.61,13.07,14.05,24.99,60.01,107.32,7
F25-2177,CIAT-BH-22-1872,2,2592,Breeding,Urochloa humidicola,Grass,32.98,87.25,178.63,40.81,2.33,12.99,14.32,25.63,81.86,124.63,8
F25-2178,CIAT-BH-22-0071,2,2595,Breeding,Urochloa humidicola,Grass,27.62,76.17,156.82,46.77,2.99,12.98,14.11,22.16,47.41,446.3,6
F25-2179,CIAT-BH-22-4454,2,2598,Breeding,Urochloa humidicola,Grass,32.19,80.37,164.61,45.38,2.76,13.42,14.52,23.9,52.87,614.83,6
F25-2180,CIAT-BH-22-1267,2,2601,Breeding,Urochloa humidicola,Grass,30.2,83.69,171.21,42.58,2.49,12.68,14.02,24.02,56.47,624.25,6
F25-2181,CIAT-BH-22-1303,2,2604,Breeding,Urochloa humidicola,Grass,30.2,83.25,171.83,45.5,2.67,13.0,14.14,24.35,53.84,488.64,6
F25-2182,CIAT-BH-22-2508,2,2607,Breeding,Urochloa humidicola,Grass,34.69,85.7,174.98,40.88,2.37,13.3,14.46,25.33,67.68,-245.25,8
F25-2183,CIAT-BH-22-2046,2,2610,Breeding,Urochloa humidicola,Grass,34.25,85.72,176.52,39.13,2.25,12.5,13.83,24.45,68.15,568.81,7
F25-2184,CIAT-BH-22-0303,5,349,Breeding,Urochloa humidicola,Grass,35.12,87.18,183.74,42.06,2.29,13.87,14.82,27.23,65.96,1.75,10
F25-2185,CIAT-BH-22-1594,4,342,Genetic_bank,Urochloa humidicola,Grass,35.01,88.19,185.41,37.18,2.0,14.28,14.91,27.72,77.18,1.65,6
F25-2186,CIAT-BH-22-0468,4,345,Genetic_bank,Urochloa humidicola,Grass,32.53,81.22,169.11,34.63,2.06,14.35,14.8,25.11,75.5,0.13,8
F25-2187,CIAT-BH-22-3830,4,348,Genetic_bank,Urochloa humidicola,Grass,40.51,97.36,202.78,40.8,2.0,13.9,14.78,30.03,75.1,0.76,6
F25-2188,CIAT-BH-22-1710,4,351,Genetic_bank,Urochloa humidicola,Grass,35.31,86.78,178.34,36.11,2.03,13.94,14.66,26.19,73.82,-9.63,7
F25-2189,CIAT-BH-22-2365,4,354,Genetic_bank,Urochloa humidicola,Grass,35.69,87.67,180.47,39.83,2.21,14.0,14.44,26.1,66.84,0.84,5
F25-2190,CIAT-BH-22-3572,4,357,Genetic_bank,Urochloa humidicola,Grass,34.25,82.25,170.32,26.27,1.54,13.37,13.78,23.46,89.34,-1.41,3
F25-2191,CIAT-BH-22-0517,5,351,Breeding,Urochloa humidicola,Grass,34.54,87.52,180.6,46.48,2.57,13.65,14.77,26.67,57.99,0.66,6
F25-2192,CIAT-BH-22-0519,5,353,Breeding,Urochloa humidicola,Grass,34.45,81.17,166.15,42.7,2.57,13.86,15.06,25.01,59.36,-0.89,10
F25-2193,CIAT-BH-22-0521,4,366,Genetic_bank,Urochloa humidicola,Grass,41.17,38.84,8.22,13.82,189.71,32.5,1.71,14.38,15.04,28.61,6
F25-2566,Paja-Sabana-Madura,3,663,Benchmark,,Grass,23.72,51.13,106.69,26.61,2.38,12.43,13.74,14.9,58.75,277.42,7
F25-2567,Humidicola-679,3,666,Benchmark,Urochloa humidicola,Grass,13.2,44.32,96.03,19.02,1.98,13.12,13.68,13.13,70.74,326.57,8
F25-2568,Sabana-Quemada,3,774,Benchmark,,Grass,9.83,32.54,70.06,17.8,2.7,12.72,13.52,9.52,53.78,250.4,6
F25-2574,CIAT-326,4,369,Genetic_bank,Desmodium scorpiurus,Herbaceous_legumes,30.1,62.06,135.33,39.09,3.24,13.77,15.23,20.62,55.45,-1.65,6
F25-2575,CIAT-415,4,377,Genetic_bank,Vigna radiata,Herbaceous_legumes,27.62,72.74,157.79,51.39,3.28,11.22,13.79,21.74,43.25,-0.03,8
F25-2576,CIAT-416,4,380,Genetic_bank,Vigna radiata,Herbaceous_legumes,39.51,86.31,188.72,56.45,2.99,12.38,14.79,27.92,50.26,13.58,8
F25-2577,CIAT-517,4,383,Genetic_bank,Macroptilium atropurpureum,Herbaceous_legumes,33.38,67.5,148.11,37.99,2.57,11.58,13.23,19.59,52.88,-0.29,8
F25-2578,CIAT-563,4,386,Genetic_bank,Macroptilium bracteatum,Herbaceous_legumes,31.19,72.62,156.13,40.95,2.62,12.19,13.66,21.32,53.49,-0.06,8
F25-2579,CIAT-789,4,389,Genetic_bank,Zornia latifolia,Herbaceous_legumes,45.63,96.06,216.16,40.55,1.88,13.2,14.71,31.79,84.23,-0.95,8
F25-2580,CIAT-2085,4,392,Genetic_bank,Stylosanthes seabrana,Herbaceous_legumes,29.76,75.88,164.94,35.99,2.18,10.87,13.13,21.64,60.41,-0.95,6
F25-2581,CIAT-2690,4,395,Genetic_bank,Stylosanthes angustifolia,Herbaceous_legumes,35.88,79.5,174.66,29.9,1.72,11.0,13.35,23.3,85.57,-1.15,8
F25-2582,CIAT-4069,4,398,Genetic_bank,Macroptilium atropurpureum,Herbaceous_legumes,28.69,64.12,138.89,33.68,2.43,11.35,12.68,17.61,57.03,-0.5,8
F25-2583,CIAT-4141,4,401,Genetic_bank,Vigna radiata,Herbaceous_legumes,39.14,85.37,187.65,44.74,2.38,13.85,15.23,28.62,66.23,0.54,12
F25-2584,CIAT-4532,4,404,Genetic_bank,Vigna unguiculata,Herbaceous_legumes,40.63,87.06,189.04,37.31,1.98,13.18,14.6,27.6,78.97,-1.65,8
F25-2585,CIAT-4537,4,407,Genetic_bank,Vigna unguiculata,Herbaceous_legumes,38.7,83.66,181.3,46.92,2.6,11.7,13.68,24.81,55.33,0.59,7
F25-2586,CIAT-7289,4,411,Genetic_bank,Chamaecrista mimosoides,Herbaceous_legumes,37.6,76.23,166.69,34.76,2.08,14.36,15.99,26.66,79.99,-0.51,12
F25-2587,CIAT-7826,4,413,Genetic_bank,Tephrosia purpurea,Herbaceous_legumes,32.01,68.25,150.34,34.59,2.31,13.38,14.83,22.28,66.85,-0.7,8
F25-2588,CIAT-8014,4,416,Genetic_bank,Crotalaria retusa,Herbaceous_legumes,48.77,97.1,212.54,53.05,2.5,12.68,13.71,29.18,55.76,0.94,13
F25-2589,CIAT-8849,4,419,Genetic_bank,Zornia brasiliensis,Herbaceous_legumes,33.51,71.31,157.93,37.41,2.37,12.7,15.12,23.88,65.41,-0.74,8
F25-2590,CIAT-9326,4,422,Genetic_bank,Crotalaria retusa,Herbaceous_legumes,38.6,90.52,196.68,44.24,2.26,12.16,13.58,26.7,62.07,-1.66,7
F25-2591,CIAT-9337,4,425,Genetic_bank,Crotalaria retusa,Herbaceous_legumes,36.96,81.47,176.63,46.3,2.62,12.0,12.72,22.46,50.54,0.08,6
F25-2592,CIAT-9350,4,428,Genetic_bank,Crotalaria pumila,Herbaceous_legumes,42.76,89.68,196.59,59.88,3.05,12.82,13.98,27.49,46.71,0.55,8
F25-2593,CIAT-9352,4,431,Genetic_bank,Crotalaria pumila,Herbaceous_legumes,43.38,84.0,179.76,47.09,2.62,12.9,14.7,26.43,57.38,4.99,8
F25-2594,CIAT-9472,4,434,Genetic_bank,Zornia brasiliensis,Herbaceous_legumes,32.1,62.52,135.71,35.27,2.62,12.33,14.86,20.17,61.18,-0.4,7
F25-2595,CIAT-9531,4,437,Genetic_bank,Indigofera spicata,Herbaceous_legumes,31.46,76.3,166.56,50.85,3.06,12.43,14.65,24.39,48.49,-1.41,7
F25-2596,CIAT-10026,4,440,Genetic_bank,Stylosanthes seabrana,Herbaceous_legumes,29.6,73.02,157.39,42.25,2.68,11.29,13.31,20.95,51.61,0.52,7
F25-2597,CIAT-12411,4,443,Genetic_bank,Stylosanthes sympodialis,Herbaceous_legumes,38.25,82.87,180.65,55.06,3.05,11.17,13.42,24.24,44.51,0.49,7
F25-2598,CIAT-13494,4,446,Genetic_bank,Desmodium tortuosum,Shrub_Trees,39.63,82.68,180.29,47.79,2.68,12.11,14.31,25.79,56.13,-0.32,8
F25-2599,CIAT-13562,4,449,Genetic_bank,Desmodium tortuosum,Shrub_Trees,36.81,68.8,149.81,46.73,3.14,14.07,15.36,23.02,49.56,2.13,6
F25-2600,CIAT-13593,4,452,Genetic_bank,Desmodium scorpiurus,Herbaceous_legumes,32.56,65.46,144.28,34.39,2.4,14.68,15.99,23.07,76.03,-2.55,6
F25-2601,CIAT-13608,4,455,Genetic_bank,Desmodium incanum,Herbaceous_legumes,28.23,61.13,131.96,31.24,2.39,13.08,14.88,19.63,64.77,-1.1,6
F25-2602,CIAT-18277,4,458,Genetic_bank,Indigofera jamaicensis,Herbaceous_legumes,22.98,60.88,135.48,39.46,2.93,12.42,14.44,19.57,51.22,-0.69,6
F25-2603,CIAT-18952,4,461,Genetic_bank,Indigofera atriceps,Herbaceous_legumes,22.98,49.3,109.07,32.47,3.01,12.62,13.8,15.05,51.46,-0.2,6
F25-2604,CIAT-18953,4,783,Genetic_bank,Indigofera atriceps,Herbaceous_legumes,33.85,63.83,142.5,39.31,2.75,13.88,13.92,19.87,51.33,-0.82,6
F25-2605,CIAT-18954,4,785,Genetic_bank,Indigofera atriceps,Herbaceous_legumes,28.18,57.14,122.93,33.48,2.7,12.03,13.02,16.05,49.98,-0.5,7
F25-2606,CIAT-19198,4,788,Genetic_bank,Tephrosia villosa,Herbaceous_legumes,33.28,69.98,154.49,45.87,3.37,13.71,15.7,24.42,53.55,-1.36,8
F25-2607,CIAT-19460,4,791,Genetic_bank,Sesbania cannabina,Shrub_Trees,36.45,78.19,171.68,25.96,1.5,14.15,15.04,25.87,105.58,-0.41,6
F25-2608,CIAT-20044,4,794,Genetic_bank,Tephrosia purpurea,Herbaceous_legumes,40.91,78.8,170.87,57.06,3.39,14.34,16.28,27.83,49.36,1.09,8
F25-2609,CIAT-22423,4,797,Genetic_bank,Vigna unguiculata,Herbaceous_legumes,42.14,83.63,184.49,64.95,3.52,13.5,14.82,27.41,42.49,0.7,7
F25-2610,CIAT-22480,4,800,Genetic_bank,Sesbania cannabina,Shrub_Trees,45.03,88.67,191.69,56.26,2.94,13.81,15.0,28.81,51.39,-3.65,8
F25-2611,CIAT-23116,4,803,Genetic_bank,Desmodium tortuosum,Shrub_Trees,40.34,77.61,167.55,38.29,2.31,14.11,15.66,26.29,69.81,-3.53,8
F25-2612,CIAT-23416,4,806,Genetic_bank,Codariocalyx motorius,Shrub_Trees,29.64,63.07,135.85,37.76,2.78,13.18,14.59,19.86,56.09,-0.82,14
F25-2613,CIAT-23806,4,809,Genetic_bank,Desmodium angustifolium,Herbaceous_legumes,39.47,81.61,175.81,44.04,2.52,13.49,15.07,26.57,60.64,2.19,8
F25-2614,CIAT-24104,4,812,Genetic_bank,Macroptilium atropurpureum,Herbaceous_legumes,39.47,73.73,159.68,56.78,3.58,12.88,14.35,22.98,40.93,0.62,8
F25-2615,CIAT-24565,4,815,Genetic_bank,Vigna unguiculata,Herbaceous_legumes,30.86,73.75,163.65,50.41,3.08,12.92,14.38,23.63,46.92,0.07,6
F25-2616,CIAT-33561,4,818,Genetic_bank,Desmodium wigginsii,Herbaceous_legumes,40.78,79.73,173.51,43.12,2.49,13.89,15.32,26.64,62.43,-1.68,8
F25-2617,CIAT-34038,4,821,Genetic_bank,Vigna unguiculata,Herbaceous_legumes,37.78,82.42,179.52,55.34,3.09,12.9,14.44,25.96,47.68,0.38,8
F25-2618,CIAT-34040,4,824,Genetic_bank,Vigna aconitifolia,Herbaceous_legumes,44.97,88.98,196.21,54.28,2.77,13.5,15.4,30.27,56.11,5.86,8
F25-2619,CIAT-34042,4,827,Genetic_bank,Vigna aconitifolia,Herbaceous_legumes,38.78,83.58,183.48,49.93,2.73,13.48,15.2,27.98,56.27,1.79,8
F25-2620,CIAT-34044,4,832,Genetic_bank,Vigna aconitifolia,Herbaceous_legumes,44.47,90.61,197.76,49.46,2.48,13.74,15.67,31.07,64.72,-1.39,8
F25-2621,CIAT-34148,4,835,Genetic_bank,Vigna radiata,Herbaceous_legumes,33.78,76.98,171.85,46.55,2.72,13.89,15.41,26.49,58.17,13.1,8
F25-2622,CIAT-34159,4,838,Genetic_bank,Vigna unguiculata,Herbaceous_legumes,44.97,89.11,196.9,54.02,2.76,14.09,15.22,30.03,56.72,1.45,8
F25-2623,CIAT-34347,4,841,Genetic_bank,Vigna unguiculata,Herbaceous_legumes,36.16,78.18,174.57,53.14,3.03,12.32,13.84,24.26,45.74,0.93,6
F25-2624,CIAT-6294-Marandu-Exc,3,969,Benchmark,Urochloa interespecific,Grass,36.87,86.91,181.93,51.57,2.87,14.1,15.13,27.47,53.09,253.2,8
F25-2625,CIAT-36087-MulatoII-Exc,3,1080,Benchmark,Urochloa interespecific,Grass,43.05,94.65,195.52,58.75,3.01,13.38,14.5,28.37,48.27,233.65,6
F25-2626,CIAT-606-Basilisk-Exc,3,975,Benchmark,Urochloa interespecific,Grass,44.44,99.35,204.88,56.72,2.77,13.33,14.44,29.59,52.25,253.37,9
F25-2627,BR-02-1752-Cayman-Exc,3,978,Benchmark,Urochloa interespecific,Grass,43.72,92.63,191.41,55.11,2.88,13.62,14.68,28.08,51.03,246.95,9
F25-2628,BR-06-423-Cayman-Exc,3,981,Benchmark,Urochloa interespecific,Grass,43.72,91.35,188.93,55.73,2.96,13.48,14.77,27.9,50.2,242.7,9
F25-2629,CIAT-20692,3,984,Genetic_bank,Clitoria ternatea ,Herbaceous_legumes,47.89,88.9,185.34,55.34,2.99,14.19,15.32,28.37,51.76,248.17,9
F25-2630,CIAT-20692,3,987,Genetic_bank,Clitoria ternatea ,Herbaceous_legumes,56.22,95.52,202.32,55.21,2.76,14.76,15.96,32.32,58.65,276.89,9
F25-2633,CIAT-712,3,998,Genetic_bank,Clitoria ternatea ,Herbaceous_legumes,50.88,88.64,187.3,54.8,2.94,14.39,15.48,28.98,53.06,251.15,7
F25-2634,CIAT-712,3,999,Genetic_bank,Clitoria ternatea ,Herbaceous_legumes,51.0,87.74,189.69,53.03,2.8,14.48,15.64,29.67,56.29,260.25,9
F25-2635,CIAT-9432,3,1002,Genetic_bank,Clitoria ternatea ,Herbaceous_legumes,48.11,84.96,179.7,47.39,2.64,14.82,15.81,28.4,60.83,287.97,9
F25-2636,CIAT-9432,3,1005,Genetic_bank,Clitoria ternatea ,Herbaceous_legumes,50.94,85.46,179.71,49.44,2.76,15.33,16.3,29.3,59.93,285.01,9
F25-2637,CIAT-17462,3,1008,Breeding,Leucaena leucocephala ,Shrub_Trees,35.06,68.57,146.8,40.83,2.79,13.94,15.24,22.63,55.55,259.28,9
F25-2638,,3,1011,Breeding,Tithonia diversifolia,Shrub_Trees,21.06,50.46,109.21,46.97,4.39,12.72,13.7,15.02,32.84,151.79,9
F25-2639,,3,1017,Breeding,Gliricidia sepium ,Shrub_Trees,42.64,85.24,191.6,61.81,3.24,12.95,13.95,26.73,44.28,196.99,6
F25-2640,Cayman-Br-02-1752,4,95,Isabel Molina,Urochloa interespecific,Grass,39.43,88.29,181.98,50.22,2.76,12.99,13.37,24.32,50.17,-4.2,8
F25-2641,,4,98,Mauricio Sotelo,Gliricidia sepium ,Shrub_Trees,37.63,78.54,167.9,55.91,3.33,13.69,14.98,25.16,45.48,-3.09,7
F26-0013,CIAT-590,4,974,Genetic_bank,Macroptilium bracteatum,Herbaceous_legumes,37.66,75.54,163.1,44.66,2.75,13.09,14.56,23.77,55.65,-12.94,7
F26-0014,CIAT-778,4,977,Genetic_bank,Macroptilium atropurpureum,Herbaceous_legumes,31.66,62.32,134.57,38.62,2.92,11.24,13.13,17.69,48.69,-1.09,7
F26-0015,CIAT-827,4,980,Genetic_bank,Indigofera jamaicensis,Herbaceous_legumes,29.09,71.61,151.06,45.19,3.01,13.93,15.38,23.25,52.87,-0.21,7
F26-0016,CIAT-997,4,983,Genetic_bank,Macroptilium atropurpureum,Herbaceous_legumes,33.87,64.25,137.29,42.42,3.1,12.11,13.85,19.02,46.31,-2.0,7
F26-0017,CIAT-1405,4,986,Genetic_bank,Stylosanthes capitata,Herbaceous_legumes,35.06,68.39,144.45,38.77,2.71,13.26,15.08,21.79,58.91,2.05,5
F26-0018,CIAT-1812,4,989,Genetic_bank,Stylosanthes viscosa,Herbaceous_legumes,23.56,33.86,70.92,19.42,2.75,12.6,13.22,9.36,51.65,-0.11,6
F26-0019,CIAT-3694,4,992,Genetic_bank,Desmodium sandwicense,Herbaceous_legumes,27.59,57.18,121.01,21.4,1.77,14.04,15.41,18.64,96.04,-0.36,7
F26-0020,CIAT-4080,4,995,Genetic_bank,Macroptilium bracteatum,Herbaceous_legumes,36.09,72.4,152.87,38.61,2.53,13.34,14.91,22.79,60.76,-0.21,7
F26-0021,CIAT-7162,4,998,Genetic_bank,Indigofera jamaicensis,Herbaceous_legumes,27.37,70.47,149.84,41.56,2.77,12.81,14.44,21.63,53.04,-0.49,7
F26-0022,CIAT-8820,4,1001,Genetic_bank,Tephrosia cinerea,Herbaceous_legumes,46.37,84.82,178.35,45.42,2.56,15.06,16.61,29.61,66.38,1.14,7
F26-0023,CIAT-14080,4,1004,Genetic_bank,Zornia brasiliensis,Herbaceous_legumes,41.3,76.97,162.45,44.37,2.75,12.21,14.63,23.76,54.79,0.23,7
F26-0024,CIAT-18950,4,1007,Genetic_bank,Indigofera spicata,Herbaceous_legumes,40.8,83.82,179.21,47.3,2.66,13.91,15.55,27.83,59.59,-0.67,7
F26-0025,CIAT-19193,4,1010,Genetic_bank,Tephrosia villosa,Herbaceous_legumes,40.59,73.32,155.39,39.26,2.56,14.99,16.7,25.98,68.15,3.59,7
F26-0026,CIAT-19641,4,1013,Genetic_bank,Tephrosia purpurea,Herbaceous_legumes,39.59,73.11,152.16,36.64,2.43,14.43,16.25,24.73,71.68,2.58,7
F26-0027,CIAT-23503,4,1016,Genetic_bank,Desmodium macrodesmum,Herbaceous_legumes,34.73,64.4,137.95,32.87,2.4,12.94,14.37,19.82,64.16,-0.7,7
F26-0028,CIAT-24333,4,1019,Genetic_bank,Macroptilium bracteatum,Herbaceous_legumes,44.01,84.9,179.77,35.63,1.98,14.54,15.59,28.01,84.68,-0.5,7
F26-0029,CIAT-33235,4,1024,Genetic_bank,Desmodium scorpiurus,Herbaceous_legumes,30.51,58.11,124.49,33.78,2.74,14.79,15.42,19.18,58.31,-1.84,7
F26-0030,CIAT-33605,4,1027,Genetic_bank,Desmodium sandwicense x intortum,Herbaceous_legumes,29.87,59.75,125.01,31.27,2.51,13.69,14.84,18.55,60.55,-0.89,7
F26-0031,CIAT-34144,4,1031,Genetic_bank,Vigna radiata,Herbaceous_legumes,40.06,86.44,190.12,54.61,2.74,14.05,15.67,29.78,59.13,-0.31,6
F26-0032,CIAT-7934,4,1033,Genetic_bank,Sesbania sesban,Shrub_Trees,42.38,87.36,181.01,40.75,2.25,14.54,14.7,26.61,66.79,-1.14,5
F26-0033,CIAT-7937,4,1036,Genetic_bank,Mimosa nuda,Shrub_Trees,27.01,55.97,116.32,28.95,2.49,12.96,13.76,16.01,61.51,-0.61,7
F26-0034,CIAT-8056,4,1039,Genetic_bank,Mimosa diplotricha,Shrub_Trees,32.66,67.39,141.41,35.26,2.5,12.74,14.22,20.12,58.67,0.97,5
F26-0035,CIAT-17514,4,1042,Genetic_bank,Mimosa pudica,Shrub_Trees,31.73,62.04,128.62,30.36,2.36,13.73,15.13,19.46,69.97,1.86,7
F26-0036,CIAT-17725,4,1045,Genetic_bank,Mimosa polycarpa,Shrub_Trees,30.44,65.55,137.0,30.02,2.19,13.0,14.85,20.34,71.03,-1.08,7
F26-0037,CIAT-18947,4,1048,Genetic_bank,Sesbania sesban,Shrub_Trees,35.23,73.9,154.75,51.99,3.36,13.67,13.76,21.3,41.93,-0.47,7
F26-0038,CIAT-19165,4,1051,Genetic_bank,Sesbania keniensis,Shrub_Trees,36.44,76.11,157.76,44.03,2.79,14.66,15.21,24.0,56.24,-8.23,7
F26-0039,CIAT-21899,4,1054,Genetic_bank,Sesbania sesban,Shrub_Trees,36.09,68.9,143.71,36.07,2.51,14.06,14.81,21.29,61.07,0.43,7
F26-0040,CIAT-23414,4,1057,Genetic_bank,Codariocalyx motorius,Shrub_Trees,29.68,59.26,122.99,26.23,2.13,14.6,15.26,18.76,73.03,-0.58,5
F26-0041,CIAT-23767,4,1060,Genetic_bank,Desmodium nicaraguense,Shrub_Trees,39.44,74.68,157.14,46.73,2.97,16.24,16.82,26.44,56.97,1.72,7
F26-0042-,CIAT-33127,5,1943,Genetic_bank,Codariocalyx motorius,Shrub_Trees,24.52,51.31,107.22,33.03,3.08,15.18,15.45,16.56,50.58,4.66,4
F26-0043,CIAT-43427,5,3,Genetic_bank,Desmodium nicaraguense,Shrub_Trees,34.37,71.56,148.54,42.66,2.88,14.2,15.14,22.52,52.96,2.79,6
F26-0044,CIAT-601,5,5,Genetic_bank,Hyparrhenia rufa,Grass,26.37,69.39,149.5,48.23,3.23,13.15,14.58,21.79,45.26,0.47,6
F26-0045,CIAT-606,5,7,Genetic_bank,Brachiaria decumbens,Grass,30.12,78.98,163.76,49.62,3.03,13.87,14.9,24.4,49.69,0.49,6
F26-0046,CIAT-6038,5,9,Genetic_bank,Sorghum almum,Grass,34.54,79.73,169.37,46.03,2.71,13.63,15.19,25.73,56.56,0.6,6
F26-0047,CIAT-6042,5,11,Genetic_bank,Chloris gayana,Grass,31.79,78.06,168.19,46.9,2.79,14.42,14.83,24.94,53.79,0.44,6
F26-0048,CIAT-6080,5,13,Genetic_bank,Eragrostis curvula,Grass,26.61,58.44,121.28,31.34,2.6,15.28,15.88,19.26,65.01,-3.56,12
F26-0049,CIAT-6159,5,15,Genetic_bank,Andropogon gayanus,Grass,27.29,70.39,149.3,38.13,2.55,12.98,14.54,21.71,57.49,0.81,6
F26-0050,CIAT-6235,5,17,Genetic_bank,Andropogon gayanus,Grass,31.45,75.56,157.16,44.04,2.8,13.18,14.56,22.88,52.19,0.56,6
F26-0051,CIAT-6236,5,19,Genetic_bank,Andropogon gayanus,Grass,24.29,67.56,144.4,39.63,2.74,12.88,14.17,20.46,53.04,0.18,6
F26-0052,CIAT-6370,5,21,Genetic_bank,Brachiaria decumbens,Grass,40.54,90.73,191.56,51.88,2.71,13.43,14.37,27.53,53.48,0.83,6
F26-0053,CIAT-6489,5,23,Genetic_bank,Panicum maximum,Grass,34.45,77.06,159.26,46.49,2.92,14.33,15.76,25.1,54.18,0.55,6
F26-0054,CIAT-6590,5,25,Genetic_bank,Panicum maximum,Grass,34.7,79.14,169.13,38.21,2.26,14.67,16.15,27.32,73.39,1.54,6
F26-0055,CIAT-6793,5,27,Genetic_bank,Panicum maximum,Grass,38.79,80.73,170.86,47.09,2.76,14.13,16.38,27.98,59.53,0.79,6
F26-0056,CIAT-6817,5,29,Genetic_bank,Panicum maximum,Grass,32.45,73.23,154.99,39.48,2.55,14.75,16.26,25.2,64.73,1.15,6
F26-0057,CIAT-6901,5,31,Genetic_bank,Panicum maximum,Grass,31.45,72.31,155.32,37.32,2.4,14.5,16.05,24.94,67.21,0.97,6
F26-0058,CIAT-16076,5,33,Genetic_bank,Pennisetum purpureum,Grass,28.29,68.81,149.4,47.27,3.17,14.87,16.29,24.34,52.44,0.19,6
F26-0059,CIAT-16081,5,35,Genetic_bank,Paspalum secans,Grass,20.45,58.56,124.53,27.28,2.19,14.42,15.55,19.36,71.51,3.44,8
F26-0060,CIAT-16082,5,37,Genetic_bank,Paspalum guenoarum,Grass,23.79,64.56,137.84,32.79,2.38,14.03,15.28,21.06,64.73,1.11,6
F26-0061,CIAT-16215,5,39,Genetic_bank,Brachiaria lachnantha,Grass,28.37,67.64,143.43,33.87,2.38,14.83,16.81,24.07,72.07,161.83,6
F26-0062,CIAT-16234,5,41,Genetic_bank,Echinochloa pyramidalis,Grass,39.54,84.39,180.84,53.54,2.97,14.33,15.05,27.2,50.92,0.92,6
F26-0063,CIAT-16254,5,1785,Genetic_bank,Hyparrhenia hirta,Grass,27.11,67.19,139.26,36.33,2.6,13.88,14.66,20.4,56.47,11.18,6
F26-0064,CIAT-16287,5,45,Genetic_bank,Echinochloa haploclada,Grass,29.04,75.23,163.35,51.1,3.12,13.45,15.41,25.17,50.1,0.52,6
F26-0065,CIAT-16309,5,49,Genetic_bank,Brachiaria brizantha,Grass,33.04,82.48,174.16,49.95,2.87,14.25,15.23,26.51,53.17,0.59,6
F26-0066,CIAT-16379,5,1787,Genetic_bank,Panicum maximum,Grass,27.94,66.6,140.38,37.11,2.64,14.97,15.62,21.92,59.46,1.3,6
F26-0067,CIAT-16537,5,53,Genetic_bank,Sporobolus sp.,Grass,33.0,83.29,172.16,47.97,2.8,14.8,16.55,28.5,60.49,0.67,12
F26-0068,CIAT-16561,5,1789,Genetic_bank,Panicum maximum,Grass,31.94,73.1,154.51,41.26,2.67,14.32,16.55,25.57,62.8,0.69,6
F26-0069,CIAT-16569,5,57,Genetic_bank,Panicum infestum,Grass,27.87,72.39,153.27,37.73,2.47,13.6,15.36,23.52,62.57,1.0,6
F26-0070,CIAT-16629,5,59,Genetic_bank,Echinochloa haploclada,Grass,29.7,73.06,155.94,42.99,2.77,13.8,15.94,24.85,58.61,1.65,6
F26-0071,CIAT-16635,5,61,Genetic_bank,Cenchrus ciliaris,Grass,29.95,80.89,174.94,46.46,2.65,15.53,17.73,31.01,67.93,1.32,6
F26-0072,CIAT-16644,5,63,Genetic_bank,Cenchrus ciliaris,Grass,23.62,68.81,153.46,41.41,2.7,13.22,14.55,22.33,54.46,1.54,6
F26-0073,CIAT-16665,5,65,Genetic_bank,Chloris gayana,Grass,36.45,81.89,173.04,50.05,2.89,14.17,15.62,27.03,54.16,0.63,6
F26-0074,CIAT-16666,5,67,Genetic_bank,Chloris gayana,Grass,32.04,78.31,166.17,47.78,2.88,14.88,15.39,25.55,53.64,0.61,6
F26-0075,CIAT-16683,5,69,Genetic_bank,Cynodon sp.,Grass,34.29,78.48,168.47,47.68,2.83,12.83,15.05,25.35,53.29,1.03,6
F26-0076,CIAT-16690,5,71,Genetic_bank,Cynodon sp.,Grass,34.04,76.23,161.54,44.52,2.75,13.28,14.99,24.21,54.91,187.45,11
F26-0077,CIAT-16727,5,73,Genetic_bank,Bothriochloa sp.,Grass,32.79,74.31,157.8,44.68,2.83,13.15,14.92,23.55,53.11,0.85,6
F26-0078,CIAT-16896,5,75,Genetic_bank,Brachiaria bovonei,Grass,33.2,80.39,171.71,39.5,2.3,14.0,15.29,26.25,67.53,0.92,6
F26-0079,CIAT-16903,5,77,Genetic_bank,Brachiaria nigropedata,Grass,30.7,64.14,135.35,37.49,2.77,14.65,15.91,21.52,57.98,1.94,6
F26-0080,CIAT-16927,5,291,Genetic_bank,Brachiaria nigropedata,Grass,23.7,61.85,131.98,38.34,2.91,13.9,16.41,21.65,56.74,-1.2,6
F26-0081,CIAT-16980,5,293,Genetic_bank,Andropogon gayanus,Grass,23.45,67.1,142.53,41.4,2.91,13.8,15.01,21.4,51.82,0.71,6
F26-0082,CIAT-16985,5,295,Genetic_bank,Andropogon gayanus,Grass,24.79,70.6,149.29,38.04,2.55,13.13,14.63,21.84,57.61,1.35,6
F26-0083,CIAT-16997,5,297,Genetic_bank,Chloris gayana,Grass,22.62,67.52,146.59,38.23,2.62,12.9,14.53,21.3,56.17,0.96,6
F26-0084,CIAT-26013,5,299,Genetic_bank,Eragrostis curvula,Grass,26.45,64.85,137.23,28.98,2.12,14.22,16.33,22.41,78.83,2.82,6
F26-0085,CIAT-26028,5,301,Genetic_bank,Hyparrhenia filipendula,Grass,29.95,77.85,163.95,40.66,2.48,12.68,14.67,24.06,59.74,1.18,6
F26-0086,CIAT-26033,5,303,Genetic_bank,Brachiaria nigropedata,Grass,23.79,61.68,134.34,27.33,2.04,14.07,15.42,20.71,76.67,-21.23,6
F26-0088,CIAT-26075,5,307,Genetic_bank,Setaria incrassata,Grass,23.62,66.43,140.42,30.44,2.17,15.5,17.2,24.16,82.44,3.47,6
F26-0089,CIAT-26079,5,309,Genetic_bank,Setaria incrassata,Grass,24.87,69.52,147.7,33.66,2.29,14.6,17.05,25.19,76.09,0.74,6
F26-0090,CIAT-26235,5,311,Genetic_bank,Hyparrhenia sp.,Grass,33.45,79.18,165.28,43.04,2.6,14.05,15.08,24.93,57.99,8.83,6
F26-0091,CIAT-26661,5,313,Genetic_bank,Paspalum virgatum,Grass,27.95,74.02,160.46,33.93,2.12,12.87,15.23,24.45,72.79,2.3,6
F26-0092,CIAT-26838,5,315,Genetic_bank,Echinochloa pyramidalis,Grass,26.95,70.18,147.76,35.66,2.43,14.45,16.05,23.72,67.5,1.33,6
F26-0093,CIAT-26850,5,317,Genetic_bank,Pennisetum purpureum,Grass,23.62,67.43,147.28,35.72,2.42,15.13,16.3,24.0,69.82,0.73,6
F26-0094,CIAT-26858,5,319,Genetic_bank,Hyparrhenia rufa,Grass,29.12,73.27,155.24,35.4,2.28,13.05,14.8,22.99,65.99,4.04,6
F26-0095,CIAT-26867,5,321,Genetic_bank,Chloris gayana,Grass,28.45,73.35,157.51,38.58,2.45,13.15,15.26,24.03,63.28,1.36,6
F26-0096,CIAT-26877,5,323,Genetic_bank,Echinochloa pyramidalis,Grass,31.29,82.4,174.92,42.59,2.44,14.16,15.76,27.56,65.36,1.0,5
F26-0097,CIAT-26895,5,325,Genetic_bank,Vetiveria zizanioides,Grass,20.54,59.1,123.04,28.0,2.28,13.98,14.62,17.99,64.96,2.97,6
F26-0098,CIAT-26898,5,327,Genetic_bank,Vetiveria zizanioides,Grass,17.04,55.43,116.81,22.04,1.89,14.4,14.86,17.36,80.79,-0.74,6
F26-0099,CIAT-26980,5,329,Genetic_bank,Pennisetum purpureum,Grass,22.37,63.77,136.22,36.48,2.68,14.38,16.11,21.95,61.15,-0.76,6
F26-0100,CIAT-26985,5,331,Genetic_bank,Paspalum guenoarum,Grass,24.54,73.27,155.27,38.24,2.48,10.92,13.69,21.26,56.56,-1.67,6
F26-0101,CIAT-26993,5,333,Genetic_bank,Paspalum sp.,Grass,25.45,70.43,149.25,37.0,2.48,11.57,14.84,22.15,60.7,2.03,6
F26-0102,CIAT-36011,5,335,Genetic_bank,Paspalum plicatulum,Grass,26.79,72.85,155.15,41.23,2.66,12.93,15.03,23.32,57.2,1.07,6
F26-0103,CIAT-36018,5,337,Genetic_bank,Paspalum yaguaronense,Grass,26.7,67.68,142.26,43.67,3.07,11.42,13.95,19.84,45.92,1.05,6
F26-0104,CIAT-36061,5,339,Genetic_bank,Brachiaria xruziziensisxdecumbe,Grass,29.04,75.6,160.66,49.45,3.09,13.63,14.82,23.81,48.85,6.84,6
F26-0105,CIAT-36062,5,341,Genetic_bank,Brachiaria xruziziensisxdecumbe,Grass,26.62,69.93,150.09,48.75,3.25,13.55,14.31,21.49,44.21,0.59,6
F26-0106,CIAT-36088,5,343,Genetic_bank,Paspalum dilatatum,Grass,28.95,68.6,146.29,46.43,3.18,13.17,15.51,22.68,49.21,0.84,10
F26-0107,CIAT-36089,5,345,Genetic_bank,Paspalum dilatatum,Grass,28.37,70.6,148.3,48.48,3.3,13.6,15.53,23.04,47.94,0.52,6
F26-0108,CIAT-36090,5,347,Genetic_bank,Cenchrus ciliaris,Grass,18.24,66.08,152.98,46.69,3.1,13.82,16.07,24.6,54.56,-0.2,12
F26-0426,CIAT-17524,5,863,Genetic_bank,Aeschynomene americana,Shrub_Trees,68.57,105.75,226.57,61.86,2.73,14.92,15.97,36.17,58.8,0.63,6
F26-0427,CIAT-7026,5,383,Genetic_bank,Aeschynomene americana,Shrub_Trees,54.45,93.52,201.12,60.73,3.02,14.4,15.56,31.3,51.65,0.56,6
F26-0428,CIAT-508,5,385,Genetic_bank,Teramnus uncinatus,Herbaceous_legumes,27.79,66.93,144.52,44.17,3.06,13.93,15.67,22.64,51.86,-8.2,6
F26-0429,CIAT-795,5,387,Genetic_bank,Rhynchosia reticulata,Herbaceous_legumes,23.28,52.13,109.99,28.45,2.64,13.61,15.45,16.99,66.48,-1.44,12
F26-0430,CIAT-936,5,389,Genetic_bank,Teramnus uncinatus,Herbaceous_legumes,28.54,67.27,143.9,40.2,2.83,14.15,15.71,22.63,57.54,0.93,6
F26-0431,CIAT-958,5,391,Genetic_bank,Canavalia rosea,Herbaceous_legumes,44.87,95.07,202.98,59.06,2.91,13.67,16.16,32.79,55.93,0.33,6
F26-0432,CIAT-966,5,393,Genetic_bank,Teramnus labialis,Herbaceous_legumes,27.37,72.04,155.05,43.59,2.81,13.41,14.61,22.68,53.52,-0.45,12
F26-0433,CIAT-4042,5,395,Genetic_bank,Centrosema grazielae,Herbaceous_legumes,33.4,70.94,148.4,43.02,2.9,15.36,15.52,22.96,54.54,0.1,18
F26-0434,CIAT-4862,5,397,Genetic_bank,Macrotyloma daltonii,Herbaceous_legumes,47.79,89.18,193.8,54.42,2.81,13.47,15.06,29.2,54.12,-4.03,6
F26-0435,CIAT-4986,5,399,Genetic_bank,Teramnus labialis,Herbaceous_legumes,40.37,81.1,175.51,51.27,2.93,14.73,16.52,28.99,57.22,1.78,6
F26-0436,CIAT-5098,5,867,Genetic_bank,Centrosema schottii,Herbaceous_legumes,36.62,76.54,162.4,44.74,2.76,13.98,14.85,24.13,54.72,-7.48,12
F26-0437,CIAT-5121,5,403,Genetic_bank,Centrosema grazielae,Herbaceous_legumes,33.37,67.02,141.94,41.8,2.95,13.27,14.65,20.81,50.59,-1.95,6
F26-0438,CIAT-5166,5,405,Genetic_bank,Centrosema schottii,Herbaceous_legumes,39.2,87.08,184.15,48.5,2.63,14.02,15.05,27.76,58.07,0.94,12
F26-0439,CIAT-5196,5,407,Genetic_bank,Centrosema pascuorum,Herbaceous_legumes,34.12,70.93,151.51,44.62,2.95,13.37,14.69,22.25,50.25,0.99,6
F26-0440,CIAT-5217,5,869,Genetic_bank,Centrosema pascuorum,Herbaceous_legumes,41.04,71.85,153.48,46.59,3.05,13.65,14.83,22.78,49.8,6.35,6
F26-0441,CIAT-5236,5,411,Genetic_bank,Centrosema arenarium,Herbaceous_legumes,35.67,68.66,144.77,43.91,3.03,13.69,15.12,21.92,50.35,18.66,18
F26-0442,CIAT-5325,5,413,Genetic_bank,Centrosema virginianum,Herbaceous_legumes,35.07,73.08,155.52,42.6,2.72,13.57,14.98,23.39,55.58,-2.33,12
F26-0443,CIAT-5383,5,415,Genetic_bank,Periandra coccinea,Herbaceous_legumes,37.77,77.52,161.67,43.17,2.67,14.28,15.43,24.98,59.11,0.75,17
F26-0444,CIAT-5484,5,417,Genetic_bank,Centrosema vexillatum,Herbaceous_legumes,28.76,65.42,136.84,35.0,2.56,13.23,14.42,19.79,57.33,-0.28,18
F26-0445,CIAT-5504,5,419,Genetic_bank,Centrosema pascuorum,Herbaceous_legumes,30.37,63.77,133.62,34.76,2.61,13.28,14.29,19.12,55.79,-2.68,6
F26-0446,CIAT-5599,5,421,Genetic_bank,Centrosema arenarium,Herbaceous_legumes,32.79,63.6,135.42,41.53,3.1,13.08,14.36,19.49,47.79,-1.14,6
F26-0447,CIAT-5850,5,423,Genetic_bank,Centrosema brachypodum,Herbaceous_legumes,37.81,73.06,153.18,43.21,2.82,14.3,15.56,23.89,56.9,-1.69,18
F26-0448,CIAT-5984,5,425,Genetic_bank,Centrosema pubescens,Herbaceous_legumes,29.7,61.18,128.46,36.64,2.87,12.65,13.95,17.94,49.53,-1.01,6
F26-0449,CIAT-5989,5,427,Genetic_bank,Centrosema grandiflorum,Herbaceous_legumes,32.62,68.02,143.67,45.15,3.16,12.58,14.06,20.23,45.16,11.1,6
F26-0450,CIAT-7146,5,429,Genetic_bank,Rhynchosia reticulata,Herbaceous_legumes,18.76,39.98,84.56,20.16,2.4,13.18,15.08,12.79,65.83,-0.34,18
F26-0451,CIAT-7177,5,431,Genetic_bank,Canavalia rosea,Herbaceous_legumes,33.5,68.31,144.41,40.72,2.83,12.38,14.44,20.91,52.58,0.69,12
F26-0452,CIAT-7320,5,883,Genetic_bank,Canavalia dictyota,Herbaceous_legumes,46.62,84.52,180.33,53.26,2.96,13.67,15.51,27.98,52.79,0.6,6
F26-0453,CIAT-7821,5,435,Genetic_bank,Teramnus labialis,Herbaceous_legumes,28.7,69.27,147.71,40.53,2.75,14.13,14.94,22.07,55.19,-0.83,6
F26-0454,CIAT-8384,5,885,Genetic_bank,Canavalia dictyota,Herbaceous_legumes,48.16,89.42,192.98,53.42,2.77,13.79,15.71,30.33,57.31,0.62,12
F26-0455,CIAT-8772,5,887,Genetic_bank,Canavalia bicarinata,Herbaceous_legumes,45.46,85.77,182.72,56.52,3.1,12.65,14.64,26.75,47.56,1.93,6
F26-0456,CIAT-8808,5,759,Genetic_bank,Galactia jussiaeana,Herbaceous_legumes,27.14,54.79,117.69,28.02,2.39,10.99,12.54,14.78,56.41,-0.18,11
F26-0457,CIAT-9177,5,761,Genetic_bank,Vigna gentryi,Herbaceous_legumes,53.21,93.85,200.24,60.12,3.0,14.95,15.84,31.7,52.8,0.63,6
F26-0458,CIAT-9389,5,763,Genetic_bank,Rhynchosia reticulata,Herbaceous_legumes,22.29,47.19,100.04,24.33,2.42,12.78,14.56,14.56,61.32,-0.37,6
F26-0459,CIAT-9992,5,765,Genetic_bank,Canavalia dictyota,Herbaceous_legumes,45.46,96.52,205.62,59.61,2.9,13.62,15.58,32.04,53.77,3.12,6
F26-0460,CIAT-15023,5,767,Genetic_bank,Centrosema virginianum,Herbaceous_legumes,38.62,80.6,171.95,44.51,2.59,13.78,15.26,26.24,59.57,1.95,6
F26-0461,CIAT-15027,5,769,Genetic_bank,Centrosema brachypodum,Herbaceous_legumes,36.29,72.02,152.92,41.28,2.72,13.95,15.03,22.99,56.09,10.53,6
F26-0462,CIAT-15055,5,771,Genetic_bank,Centrosema vexillatum,Herbaceous_legumes,35.12,72.27,152.71,40.19,2.63,13.25,14.61,22.3,55.53,2.58,6
F26-0463,CIAT-15079,5,773,Genetic_bank,Centrosema vexillatum,Herbaceous_legumes,23.96,55.1,118.47,32.33,2.74,13.48,14.2,16.8,53.77,-0.96,6
F26-0464,CIAT-15234,5,775,Genetic_bank,Centrosema platycarpum,Herbaceous_legumes,27.41,60.91,128.58,40.2,3.12,12.66,12.81,16.49,41.06,-2.09,11
F26-0465,CIAT-15252,5,777,Genetic_bank,Centrosema bifidum,Herbaceous_legumes,47.54,74.44,156.02,41.05,2.65,13.92,15.02,23.42,57.91,-6.09,6
F26-0466,CIAT-15254,5,779,Genetic_bank,Centrosema bifidum,Herbaceous_legumes,36.71,58.77,125.06,32.15,2.57,13.8,14.84,18.56,58.27,-1.55,6
F26-0467,CIAT-15349,5,781,Genetic_bank,Centrosema schottii,Herbaceous_legumes,33.87,75.19,161.67,43.17,2.67,14.25,14.77,23.86,55.31,-24.0,6
F26-0468,CIAT-15444,5,783,Genetic_bank,Centrosema tetragonolobum,Herbaceous_legumes,41.21,75.23,159.51,44.47,2.78,13.24,14.74,23.52,53.13,1.35,10
F26-0469,CIAT-15837,5,785,Genetic_bank,Centrosema tetragonolobum,Herbaceous_legumes,40.04,69.02,146.04,37.36,2.56,12.95,14.42,21.05,56.88,0.11,6
F26-0470,CIAT-17152,5,787,Genetic_bank,Macrotyloma uniflorum,Herbaceous_legumes,51.87,96.94,209.89,53.74,2.56,13.7,15.2,31.9,59.77,13.52,6
F26-0471,CIAT-17155,5,789,Genetic_bank,Macrotyloma uniflorum,Herbaceous_legumes,45.71,89.85,193.07,45.01,2.33,14.95,16.14,31.17,69.99,2.89,6
F26-0472,CIAT-17173,5,791,Genetic_bank,Macrotyloma daltonii,Herbaceous_legumes,49.71,103.52,220.28,56.15,2.55,13.97,16.1,35.47,63.47,1.21,6
F26-0473,CIAT-17210,5,793,Genetic_bank,Neonotonia wightii,Herbaceous_legumes,38.87,78.94,169.86,48.35,2.85,13.68,14.81,25.16,53.44,1.49,6
F26-0474,CIAT-17555,5,795,Genetic_bank,Vigna adenantha,Herbaceous_legumes,42.29,84.52,180.39,51.47,2.85,14.65,15.23,27.46,53.83,2.43,6
F26-0475,CIAT-17565,5,797,Genetic_bank,Canavalia bicarinata,Herbaceous_legumes,40.46,83.27,178.24,49.57,2.78,13.48,15.1,26.89,54.76,-2.09,6
F26-0476,CIAT-17570,5,799,Genetic_bank,Calopogonium velutinum,Herbaceous_legumes,43.29,82.85,173.84,53.12,3.06,14.48,15.78,27.42,51.89,2.33,6
F26-0477,CIAT-18061,5,801,Genetic_bank,Galactia elliptifoliola,Herbaceous_legumes,39.79,78.85,167.23,42.19,2.52,14.08,15.67,26.2,62.79,3.39,6
F26-0478,CIAT-18068,5,803,Genetic_bank,Galactia elliptifoliola,Herbaceous_legumes,44.29,86.94,183.26,53.71,2.93,13.9,15.74,28.85,54.21,0.62,6
F26-0479,CIAT-18658,5,805,Genetic_bank,Periandra densiflora,Herbaceous_legumes,27.12,60.69,128.44,42.05,3.27,12.37,12.89,16.58,39.43,1.42,6
F26-0480,CIAT-18857,5,807,Genetic_bank,Neonotonia wightii,Herbaceous_legumes,43.37,84.77,180.88,47.7,2.63,14.9,16.1,29.12,61.78,1.35,6
F26-0481,CIAT-19215,5,809,Genetic_bank,Macrotyloma axillare,Herbaceous_legumes,49.62,92.85,201.4,48.8,2.42,14.77,15.99,32.2,66.07,0.95,6
F26-0482,CIAT-19445,5,811,Genetic_bank,Galactia dubia,Herbaceous_legumes,35.54,69.82,149.38,44.99,3.02,13.21,15.12,22.6,50.49,0.79,11
F26-0483,CIAT-19826,5,813,Genetic_bank,Dunbaria nivea,Herbaceous_legumes,28.96,57.77,123.25,33.17,2.69,14.77,15.75,19.42,59.71,2.08,6
F26-0484,CIAT-20820,5,815,Genetic_bank,Canavalia gladiata,Herbaceous_legumes,45.45,89.59,194.21,58.46,3.02,13.31,15.56,30.22,51.92,0.61,11
F26-0485,CIAT-21015,5,817,Genetic_bank,Galactia elliptifoliola,Herbaceous_legumes,39.04,74.52,159.44,41.27,2.59,13.83,15.43,24.59,60.22,0.79,6
F26-0486,CIAT-21037,5,819,Genetic_bank,Dolichos trilobus,Herbaceous_legumes,75.37,115.6,246.21,67.89,2.76,14.27,16.5,40.62,60.06,0.52,6
F26-0487,CIAT-21038,5,821,Genetic_bank,Dolichos trilobus,Herbaceous_legumes,50.87,91.69,199.59,50.9,2.55,14.13,15.83,31.61,62.47,0.81,6
F26-0488,CIAT-21236,5,823,Genetic_bank,Canavalia mattogrossensis,Herbaceous_legumes,40.04,88.35,194.35,49.8,2.56,12.98,15.17,29.48,59.27,1.68,6
F26-0489,CIAT-21829,5,825,Genetic_bank,Rhynchosia minima,Herbaceous_legumes,29.77,62.56,134.58,31.84,2.37,13.13,15.11,20.33,64.61,-0.39,11
F26-0490,CIAT-22034,5,827,Genetic_bank,Rhynchosia minima,Herbaceous_legumes,26.04,50.1,106.67,27.24,2.56,12.98,14.79,15.78,58.18,-0.48,6
F26-0491,CIAT-22080,5,829,Genetic_bank,Cajanus crassus,Herbaceous_legumes,35.21,64.94,137.29,34.33,2.5,12.43,13.99,19.21,56.43,2.0,6
F26-0492,CIAT-22188,5,831,Genetic_bank,Rhynchosia minima,Herbaceous_legumes,33.37,64.59,138.31,30.53,2.21,13.28,14.93,20.65,69.58,-1.16,12
F26-0493,CIAT-22283,5,835,Genetic_bank,Cajanus scarabaeoides,Herbaceous_legumes,27.96,53.69,116.6,23.37,2.02,9.83,12.3,14.31,62.69,-0.35,6
F26-0494,CIAT-22525,5,837,Genetic_bank,Dolichos trilobus,Herbaceous_legumes,49.96,87.19,187.21,61.72,3.3,13.48,14.7,27.52,44.83,-0.18,6
F26-0495,CIAT-24002,5,839,Genetic_bank,Neonotonia wightii,Herbaceous_legumes,34.37,76.77,164.95,42.23,2.56,13.77,15.21,25.09,59.75,-39.64,6
F26-0496,CIAT-24024,5,841,Genetic_bank,Vigna adenantha,Herbaceous_legumes,44.54,83.12,178.8,58.12,3.25,14.48,15.29,27.34,47.07,1.78,6
F26-0497,CIAT-24082,5,843,Genetic_bank,Vigna gentryi,Herbaceous_legumes,45.37,82.52,174.94,48.44,2.78,13.95,14.85,25.97,54.02,-1.14,6
F26-0498,CIAT-25102,5,845,Genetic_bank,Centrosema arenarium,Herbaceous_legumes,33.46,61.29,131.1,39.72,3.04,13.7,14.88,19.5,50.2,0.65,6
F26-0499,CIAT-25124,5,847,Genetic_bank,Centrosema capitatum,Herbaceous_legumes,33.87,65.85,140.73,42.47,3.02,14.0,14.96,21.06,49.88,-3.82,6
F26-0500,CIAT-25156,5,849,Genetic_bank,Centrosema platycarpum,Herbaceous_legumes,25.36,52.77,111.99,36.74,3.29,12.55,12.44,13.91,38.33,-0.74,11
F26-0501,CIAT-25254,5,1197,Genetic_bank,Centrosema pubescens,Herbaceous_legumes,39.82,76.09,163.04,52.78,3.24,12.5,13.97,22.76,43.47,2.53,6
F26-0502,CIAT-25516,5,1199,Genetic_bank,Centrosema tetragonolobum,Herbaceous_legumes,36.94,70.21,150.1,53.55,3.57,13.27,14.45,21.68,40.99,0.89,6
F26-0503,CIAT-286,5,1201,Genetic_bank,Zornia glabra,Herbaceous_legumes,59.44,103.79,224.31,55.73,2.49,13.17,15.22,34.15,62.2,1.27,6
F26-0504,CIAT-330,5,1203,Genetic_bank,Desmodium incanum,Herbaceous_legumes,25.52,47.38,101.46,26.27,2.59,13.5,14.22,14.42,56.92,-2.55,6
F26-0505,CIAT-506,5,1205,Genetic_bank,Macroptilium atropurpureum,Herbaceous_legumes,40.02,71.54,151.7,47.67,3.14,12.7,14.44,21.91,46.7,-7.34,6
F26-0506,CIAT-921,5,1207,Genetic_bank,Tephrosia cinerea,Herbaceous_legumes,47.85,85.71,186.34,47.5,2.55,15.68,18.16,33.83,71.77,1.39,6
F26-0507,CIAT-1011,5,1209,Genetic_bank,Stylosanthes viscosa,Herbaceous_legumes,24.52,35.54,75.56,23.67,3.14,11.9,12.8,9.67,43.01,-0.22,6
F26-0508,CIAT-1013,5,1211,Genetic_bank,Stylosanthes fruticosa,Herbaceous_legumes,48.94,92.46,196.35,45.36,2.31,13.25,15.36,30.15,66.73,0.87,6
F26-0509,CIAT-1985,5,1213,Genetic_bank,Stylosanthes fruticosa,Herbaceous_legumes,46.69,93.13,200.11,46.34,2.31,13.15,15.57,31.15,67.81,1.17,6
F26-0510,CIAT-2001,5,1215,Genetic_bank,Stylosanthes viscosa,Herbaceous_legumes,44.1,91.88,196.03,50.8,2.59,12.47,14.41,28.26,55.84,0.7,6
F26-0511,CIAT-4263,5,1217,Genetic_bank,Macroptilium bracteatum,Herbaceous_legumes,52.35,93.63,201.89,50.17,2.49,14.63,16.18,32.68,65.83,3.25,6
F26-0512,CIAT-4495,5,1219,Genetic_bank,Vigna radiata,Herbaceous_legumes,45.69,90.88,197.07,58.78,2.99,14.32,15.53,30.61,53.11,0.49,6
F26-0513,CIAT-7739,5,1221,Genetic_bank,Chamaecrista mimosoides,Herbaceous_legumes,34.35,64.13,137.72,39.41,2.86,13.23,14.78,20.35,51.75,-1.67,6
F26-0514,CIAT-8279,5,1223,Genetic_bank,Zornia glabra,Herbaceous_legumes,53.44,93.46,206.2,46.97,2.28,13.65,15.28,31.5,67.12,3.39,6
F26-0515,CIAT-11898,5,1225,Genetic_bank,Stylosanthes erecta,Herbaceous_legumes,49.77,98.13,212.15,51.05,2.41,12.65,14.92,31.65,62.03,1.29,6
F26-0516,CIAT-12001,5,1227,Genetic_bank,Stylosanthes mexicana,Herbaceous_legumes,41.27,81.21,176.44,47.45,2.69,14.05,15.55,27.43,58.01,4.41,6
F26-0517,CIAT-19199,5,1229,Genetic_bank,Tephrosia villosa,Herbaceous_legumes,40.1,73.88,156.69,41.47,2.66,14.6,16.68,26.14,63.69,-0.5,6
F26-0518,CIAT-19819,5,1231,Genetic_bank,Pseudarthria viscida,Herbaceous_legumes,24.94,54.63,117.33,37.0,3.16,13.37,14.49,17.0,46.26,-3.34,6
F26-0519,CIAT-20646,5,1233,Genetic_bank,Pseudarthria viscida,Herbaceous_legumes,27.69,61.04,131.23,44.24,3.39,13.35,14.17,18.59,42.29,0.25,6
F26-0520,CIAT-20778,5,1235,Genetic_bank,Chamaecrista serpens,Herbaceous_legumes,51.69,80.04,169.88,45.26,2.66,15.03,16.79,28.53,63.89,-4.52,6
F26-0521,CIAT-23035,5,1237,Genetic_bank,Desmodium laxiflorum,Herbaceous_legumes,50.19,86.41,187.39,54.36,2.91,15.0,16.74,31.36,58.02,8.06,12
F26-0522,CIAT-24004,5,1239,Genetic_bank,Vigna radiata,Herbaceous_legumes,29.94,60.21,127.42,38.19,3.0,13.52,14.24,18.14,47.9,-0.58,6
F26-0523,CIAT-33606,5,1241,Genetic_bank,Desmodium sandwicense x intortum,Herbaceous_legumes,30.44,64.88,141.22,38.07,2.69,13.22,14.24,20.11,53.72,0.63,6
F26-0524,CIAT-33623,5,1243,Genetic_bank,Desmodium brachypodum,Herbaceous_legumes,38.35,69.88,150.32,40.93,2.73,15.98,16.82,25.29,62.54,0.44,6
F26-0525,CIAT-33636,5,1245,Genetic_bank,Desmodium muelleri,Herbaceous_legumes,28.44,61.71,131.85,35.46,2.71,13.78,14.7,19.39,55.18,-1.7,6
F26-0526,CIAT-33726,5,1247,Genetic_bank,Desmodium sandwicense,Herbaceous_legumes,27.61,58.76,125.79,33.97,2.7,14.07,14.61,18.37,55.32,-0.48,12
F26-0527,CIAT-33727,5,1249,Genetic_bank,Desmodium sandwicense,Herbaceous_legumes,29.69,56.38,121.74,26.79,2.2,13.05,13.82,16.83,66.14,-0.53,6
F26-0528,CIAT-43324,5,1251,Genetic_bank,Desmodium muelleri,Herbaceous_legumes,37.35,71.63,155.0,39.89,2.57,14.9,16.03,24.86,63.0,-0.12,6
F26-0529,CIAT-9776,5,1253,Genetic_bank,Mimosa debilis,Shrub_Trees,15.94,30.63,66.62,20.25,3.09,10.37,11.33,7.54,38.63,-0.13,6
F26-0530,CIAT-13761,5,1255,Genetic_bank,Desmodium distortum,Shrub_Trees,38.6,78.79,168.92,38.86,2.3,13.4,13.84,23.39,62.43,-0.85,6
F26-0531,CIAT-13929,5,1257,Genetic_bank,Desmodium distortum,Shrub_Trees,56.59,108.31,238.41,62.12,2.6,15.0,15.61,37.26,60.42,-0.49,6
F26-0532,CIAT-13930,5,1259,Genetic_bank,Desmodium glabrum,Shrub_Trees,53.48,103.97,225.84,66.93,2.97,15.44,15.75,35.57,53.69,0.97,12
F26-0533,CIAT-21082,5,1261,Genetic_bank,Flemingia stricta,Shrub_Trees,25.04,47.33,100.11,30.68,3.09,13.4,14.1,14.12,49.9,0.11,12
F26-0534,CIAT-21089,5,1263,Genetic_bank,Flemingia stricta,Shrub_Trees,25.27,41.29,88.87,22.09,2.51,12.22,12.85,11.42,53.05,-0.26,6
F26-0535,CIAT-21091,5,1265,Genetic_bank,Flemingia stricta,Shrub_Trees,21.03,35.49,77.03,20.52,2.84,12.85,13.32,10.25,51.08,-0.44,12
F26-0536,CIAT-21115,5,1267,Genetic_bank,Flemingia lineata,Shrub_Trees,26.77,47.93,103.63,28.59,2.79,13.16,14.2,14.73,55.19,-0.5,12
F26-0537,CIAT-21118,5,1269,Genetic_bank,Flemingia lineata,Shrub_Trees,28.25,48.64,105.11,23.77,2.26,12.86,13.94,14.65,64.82,-0.44,6
F26-0538,CIAT-22063,5,1273,Genetic_bank,Flemingia lineata,Shrub_Trees,30.69,52.46,112.83,33.14,2.96,12.83,14.24,16.07,52.32,-0.73,6
F26-0539,CIAT-43154,5,1275,Genetic_bank,Desmodium distortum,Shrub_Trees,57.85,103.94,220.61,53.57,2.43,15.22,16.23,35.82,67.17,2.07,6
F26-0540-,CIAT-BR-09-2656,5,1707,Breeding,Urochloa interespecific,Grass,33.61,84.44,180.68,56.09,3.11,12.92,14.86,26.84,47.98,0.51,6
F26-0541,CIAT-BR-09-4151,5,1709,Breeding,Urochloa interespecific,Grass,32.15,82.0,175.7,54.76,3.12,13.72,15.0,26.36,48.18,0.51,6
F26-0542,CIAT-BR-09-4014,5,1711,Breeding,Urochloa interespecific,Grass,27.86,79.94,169.88,55.33,3.26,14.33,15.09,25.63,46.42,0.45,6
F26-0543,CIAT-BR-15-582,5,1713,Breeding,Urochloa interespecific,Grass,31.36,80.94,174.71,49.76,2.85,12.8,14.48,25.28,51.17,1.06,6
F26-0544,CIAT-BR-09-834,5,1715,Breeding,Urochloa interespecific,Grass,29.77,83.44,180.28,50.42,2.8,12.67,14.71,26.52,52.67,0.71,6
F26-0545,CIAT-BR-19-2886,5,1717,Breeding,Urochloa interespecific,Grass,31.86,83.08,177.21,51.45,2.9,13.1,14.96,26.51,51.57,0.69,6
F26-0546,CIAT-BR-05-1467,5,1719,Breeding,Urochloa interespecific,Grass,28.52,77.77,167.3,48.89,2.93,13.02,15.05,25.15,51.68,0.81,6
F26-0547,CIAT-BR-19-5294,5,1721,Breeding,Urochloa interespecific,Grass,28.11,73.69,156.34,51.01,6.95,12.9,14.69,23.09,46.35,0.56,6
F26-0548,CIAT-BR-19-626,5,1723,Breeding,Urochloa interespecific,Grass,31.19,80.69,173.49,49.72,2.86,12.77,14.81,25.7,52.13,0.71,6
F26-0549,CIAT-BR-12-3436,5,1725,Breeding,Urochloa interespecific,Grass,32.36,77.27,166.53,47.02,2.83,13.82,15.38,25.63,54.69,0.69,6
F26-0550,CIAT-BR-09-305,5,1727,Breeding,Urochloa interespecific,Grass,31.19,82.27,175.69,48.65,2.77,13.6,14.93,26.22,54.07,0.6,6
F26-0551,CIAT-BR-09-2267,5,1729,Breeding,Urochloa interespecific,Grass,30.73,77.33,168.27,50.89,3.02,12.92,14.97,25.19,49.55,0.5,6
F26-0552,CIAT-BR-09-3167,5,1731,Breeding,Urochloa interespecific,Grass,37.02,85.85,183.65,51.9,2.83,13.58,15.04,27.62,53.47,0.56,6
F26-0553,CIAT-BR-09-343,5,1733,Breeding,Urochloa interespecific,Grass,30.61,79.44,170.69,53.18,3.12,12.52,14.63,24.97,47.09,0.42,6
F26-0554,CIAT-BR-12-5082,5,1735,Breeding,Urochloa interespecific,Grass,32.61,80.85,174.49,50.55,2.9,13.32,14.89,25.97,51.64,0.62,6
F26-0555,CIAT-BR-12-5323,5,1737,Breeding,Urochloa interespecific,Grass,29.11,77.85,165.74,48.02,2.89,12.38,14.68,24.32,51.26,0.74,6
F26-0556,CIAT-BR-15-1168,5,1741,Breeding,Urochloa interespecific,Grass,34.19,82.6,177.86,51.66,2.91,13.22,15.0,26.67,52.24,0.63,6
F26-0557,CIAT-BR-12-2679,5,1743,Breeding,Urochloa interespecific,Grass,32.44,83.85,179.73,50.83,2.83,13.0,14.57,26.19,52.04,0.56,6
F26-0558,CIAT-BR-09-3341,5,1745,Breeding,Urochloa interespecific,Grass,36.36,84.44,182.69,48.68,2.67,13.18,14.91,27.23,56.2,0.71,6
F26-0559,CIAT-BR-09-2715,5,1747,Breeding,Urochloa interespecific,Grass,36.69,85.94,183.39,51.03,2.78,13.3,14.54,26.66,52.48,0.75,6
F26-0560,CIAT-BR-15-8543,5,1749,Breeding,Urochloa interespecific,Grass,32.52,82.69,177.29,49.14,2.77,12.35,14.64,25.97,52.94,1.17,6
F26-0561,CIAT-BR-02-1718,5,1751,Breeding,Urochloa interespecific,Grass,29.52,78.94,168.75,49.12,2.91,11.72,13.84,23.36,47.69,0.89,6
F26-0562,CIAT-BR-12-804,5,1753,Breeding,Urochloa interespecific,Grass,34.52,81.85,172.9,49.35,2.85,13.63,15.14,26.17,53.25,0.79,6
F26-0563,CIAT-BR-15-1462,5,1755,Breeding,Urochloa interespecific,Grass,35.44,84.02,179.29,50.38,2.81,13.22,14.64,26.25,52.72,1.59,6
F26-0564,BR-02-1752-Cayman-Opt,5,79,Breeding,Urochloa interespecific,Grass,46.29,89.89,190.36,56.88,2.99,13.02,14.35,27.33,48.08,0.8,6
F26-0565,BR-06-423-Cayman-Opt,5,81,Breeding,Urochloa interespecific,Grass,47.37,93.48,197.91,49.24,2.5,13.05,14.05,27.81,56.82,1.73,6
F26-0566,CIAT-679-Tully-Exc,5,83,Breeding,Urochloa interespecific,Grass,36.62,81.73,173.91,35.93,2.06,13.17,13.79,23.97,67.56,1.14,8
F26-0567,CIAT-679-Tully-Opt,5,85,Breeding,Urochloa interespecific,Grass,30.12,74.14,159.44,38.63,2.43,14.25,14.73,23.47,60.99,0.87,6
F26-0568,CIAT-6133-Llanero-Exc,5,87,Breeding,Urochloa interespecific,Grass,34.87,83.31,174.91,35.55,2.03,13.48,14.34,25.06,71.9,0.73,6
F26-0656,CIAT-17009,5,89,Genetic_bank,Canavalia brasiliensis,Herbaceous_legumes,45.37,85.53,182.66,62.06,3.41,13.34,15.64,28.56,46.24,-1.48,6
F26-0657,CIAT-17462,5,91,Genetic_bank,Canavalia brasiliensis,Herbaceous_legumes,42.12,81.14,200.99,58.27,2.91,14.02,16.27,32.68,56.69,0.83,6
F26-1029,CIAT-5913,5,1305,Genetic_bank,Centrosema grandiflorum,Herbaceous_legumes,35.6,65.38,138.16,30.1,2.17,13.73,14.75,20.42,70.65,-0.99,6
F26-1030,CIAT-7389,5,1307,Genetic_bank,Rhynchosia schomburgkii,Herbaceous_legumes,24.19,40.71,85.96,20.94,2.48,14.44,15.28,13.14,65.38,-0.25,6
F26-1031,CIAT-7649,5,1309,Genetic_bank,Periandra coccinea,Herbaceous_legumes,21.35,48.29,102.15,24.46,2.42,12.07,12.97,13.27,55.91,-0.25,6
F26-1032,CIAT-7796,5,1311,Genetic_bank,Calopogonium velutinum,Herbaceous_legumes,34.77,72.63,153.42,42.14,2.76,13.42,14.62,22.45,53.58,-8.19,6
F26-1033,CIAT-8114,5,1313,Genetic_bank,Calopogonium velutinum,Herbaceous_legumes,35.6,69.38,150.02,36.92,2.47,13.83,15.08,22.63,63.85,-2.37,6
F26-1034,CIAT-8539,5,1315,Genetic_bank,Canavalia grandiflora,Herbaceous_legumes,33.25,66.58,142.71,41.77,2.93,12.63,14.31,20.42,49.35,-0.93,12
F26-1035,CIAT-8562,5,1317,Genetic_bank,Periandra coccinea,Herbaceous_legumes,17.94,37.04,78.53,20.26,2.65,12.28,13.17,10.36,52.7,-0.31,6
F26-1036,CIAT-8589,5,1319,Genetic_bank,Galactia jussiaeana,Herbaceous_legumes,26.2,57.98,122.83,37.14,3.03,11.99,14.16,17.4,47.5,-0.66,12
F26-1037,CIAT-9525,5,1321,Genetic_bank,Canavalia bicarinata,Herbaceous_legumes,44.02,85.04,182.2,49.01,2.7,12.62,14.71,26.83,55.6,-22.22,6
F26-1038,CIAT-9991,5,1323,Genetic_bank,Galactia jussiaeana,Herbaceous_legumes,21.27,43.38,91.75,21.93,2.4,12.17,13.98,12.81,64.83,-0.29,6
F26-1039,CIAT-15024,5,1325,Genetic_bank,Centrosema pubescens,Herbaceous_legumes,31.94,59.54,124.55,36.61,2.96,13.43,14.66,18.25,51.04,-1.63,6
F26-1040,CIAT-15039,5,1327,Genetic_bank,Centrosema angustifolium,Herbaceous_legumes,34.35,57.79,120.46,33.47,2.78,14.67,15.4,18.56,56.59,-0.64,6
F26-1041,CIAT-15285,5,1329,Genetic_bank,Centrosema bifidum,Herbaceous_legumes,43.42,73.78,156.68,46.07,2.96,13.12,14.06,22.04,48.61,0.46,6
F26-1042,CIAT-17333,5,1331,Genetic_bank,Dunbaria nivea,Herbaceous_legumes,28.85,53.96,114.2,29.69,2.62,14.08,15.26,17.43,65.21,-0.27,6
F26-1043,CIAT-17392,5,1333,Genetic_bank,Cajanus scarabaeoides,Herbaceous_legumes,27.94,57.79,122.01,25.69,2.11,12.85,14.84,18.11,74.29,-0.6,6
F26-1044,CIAT-18164,5,1335,Genetic_bank,Teramnus volubilis,Herbaceous_legumes,29.77,67.46,143.78,43.12,2.99,14.68,15.38,22.12,52.4,1.21,6
F26-1045,CIAT-18260,5,1337,Genetic_bank,Canavalia grandiflora,Herbaceous_legumes,40.69,79.29,169.26,48.61,2.89,12.68,14.11,23.92,49.57,-1.18,6
F26-1046,CIAT-18410,5,1339,Genetic_bank,Cajanus crassus,Herbaceous_legumes,34.52,65.21,136.87,31.91,2.34,10.18,12.17,16.66,58.13,-0.34,6
F26-1047,CIAT-18522,5,1341,Genetic_bank,Rhynchosia phaseoloides,Herbaceous_legumes,29.6,53.21,114.57,27.68,2.43,12.75,13.91,15.94,58.25,-0.29,6
F26-1048,CIAT-18584,5,1343,Genetic_bank,Canavalia mattogrossensis,Herbaceous_legumes,25.85,53.79,115.99,26.19,2.26,13.83,15.47,17.95,68.46,-0.37,6
F26-1049-,CIAT-18586,5,1665,Genetic_bank,Canavalia mattogrossensis,Herbaceous_legumes,29.58,65.8,140.27,32.91,2.35,12.9,14.77,20.7,64.09,0.12,4
F26-1050,CIAT-18632,5,1667,Genetic_bank,Dioclea crenata,Herbaceous_legumes,25.58,49.8,105.28,29.97,2.83,12.65,14.04,14.78,55.82,-0.3,4
F26-1051,CIAT-21137,5,1669,Genetic_bank,Cajanus goensis,Herbaceous_legumes,24.56,47.1,101.15,12.76,1.25,15.65,15.9,16.09,135.04,-0.24,4
F26-1052,CIAT-21174,5,1671,Genetic_bank,Cajanus goensis,Herbaceous_legumes,26.83,51.55,107.81,26.43,2.48,15.72,16.22,17.49,72.56,-0.35,4
F26-1053,CIAT-22055,5,1673,Genetic_bank,Cajanus crassus,Herbaceous_legumes,35.08,67.05,143.31,34.86,2.43,10.7,12.35,17.68,51.15,-0.44,4
F26-1054,CIAT-22059,5,1675,Genetic_bank,Pueraria montana,Herbaceous_legumes,39.33,78.17,167.23,43.67,2.61,13.22,14.56,24.35,56.21,-0.92,4
F26-1055,CIAT-25157,5,1677,Genetic_bank,Centrosema capitatum,Herbaceous_legumes,31.77,64.85,136.38,29.18,2.14,14.6,15.63,21.3,74.7,-0.77,6
F26-1056,CIAT-25214,5,1679,Genetic_bank,Centrosema grandiflorum,Herbaceous_legumes,31.94,60.52,128.61,32.9,2.56,13.62,14.44,18.57,57.96,5.23,6
F26-1057,CIAT-25224,5,1681,Genetic_bank,Centrosema capitatum,Herbaceous_legumes,32.83,63.8,135.51,30.08,2.22,14.4,15.24,20.65,73.5,-2.16,6
F26-1058,CIAT-32092,5,1683,Genetic_bank,Cajanus scarabaeoides,Herbaceous_legumes,26.86,59.83,127.1,20.35,1.6,13.35,15.41,19.59,97.99,-0.38,6
F26-1059,CIAT-4846,5,1685,Genetic_bank,Clitoria ternatea L.,Herbaceous_legumes,50.1,87.53,195.14,38.13,1.95,15.3,16.1,31.41,83.41,-0.56,6
F26-1060,CIAT-9466,5,1687,Genetic_bank,Clitoria ternatea L.,Herbaceous_legumes,50.94,89.19,198.68,32.59,1.64,14.75,15.77,31.33,101.05,-0.91,6
F26-1061,CIAT-19092,5,1689,Genetic_bank,Clitoria ternatea L.,Herbaceous_legumes,51.27,90.1,197.51,36.99,1.87,14.93,15.87,31.35,85.02,-0.45,6
F26-1062,CIAT-19212,5,1691,Genetic_bank,Clitoria ternatea L.,Herbaceous_legumes,46.36,90.89,198.46,36.06,1.82,15.04,15.6,30.95,87.88,1.37,6
F26-1063,CIAT-19221,5,1693,Genetic_bank,Clitoria ternatea L.,Herbaceous_legumes,46.11,86.7,187.96,35.09,1.87,15.92,16.4,30.84,89.72,12.63,6
F26-1064,CIAT-19447,5,1695,Genetic_bank,Clitoria ternatea L.,Herbaceous_legumes,50.77,89.19,196.02,33.77,1.72,15.93,16.3,31.94,95.76,-0.51,6
F26-1065,CIAT-19806,5,1697,Genetic_bank,Clitoria ternatea L.,Herbaceous_legumes,51.9,91.13,198.74,44.4,2.24,15.05,15.82,31.44,71.39,-0.86,6
F26-1066,CIAT-21204,5,1699,Genetic_bank,Clitoria ternatea L.,Herbaceous_legumes,54.0,94.63,205.54,45.79,2.23,14.24,15.34,31.54,70.01,-1.18,6
F26-1067,CIAT-21705,5,1701,Genetic_bank,Clitoria ternatea L.,Herbaceous_legumes,53.11,95.7,208.63,48.69,2.33,14.58,15.56,32.47,67.42,-7.42,6
F26-1068,CIAT-21815,5,1703,Genetic_bank,Clitoria ternatea L.,Herbaceous_legumes,51.92,92.83,202.68,39.32,1.94,15.04,15.85,32.12,82.36,-0.68,6
F26-1069-,CIAT-22274,5,1705,Genetic_bank,Clitoria ternatea L.,Herbaceous_legumes,52.44,94.38,205.31,39.18,1.91,15.12,15.99,32.83,85.46,-1.59,6
F26-1072-(100%),Leu-div-ILRI-15551,5,1769,ISABEL MOLINA,Leucaena diversifolia,Shrub_Trees,27.69,53.44,112.49,45.67,4.07,11.3,12.34,13.89,30.56,3.65,6
F26-1074,CIAT-BR-06-423-Temp-B,5,851,Breeding,Urochloa interespecific,Grass,45.29,91.77,196.24,53.5,2.73,12.82,14.01,27.49,51.71,0.93,6
F26-1075,CIAT-MulatoII-Temp-C,5,853,Breeding,Urochloa interespecific,Grass,35.62,82.85,174.89,59.43,3.4,13.03,14.7,25.7,43.32,0.42,6
F26-1076,CIAT-BR-06-423-Opt-F,5,1757,Breeding,Urochloa interespecific,Grass,30.44,74.69,159.15,49.19,3.1,15.18,15.76,25.08,51.11,0.71,6
F26-1077,CIAT-MulatoII-Opt-D,5,857,Breeding,Urochloa interespecific,Grass,31.94,79.02,166.09,52.68,3.17,14.5,14.91,24.75,47.41,0.74,18
F26-1078,CIAT-BR-06-423-Exc-G,5,859,Breeding,Urochloa interespecific,Grass,31.71,81.35,174.3,47.24,2.71,11.22,13.55,23.71,50.86,1.53,6
F26-1079,CIAT-MulatoII-Exc-E,5,861,Breeding,Urochloa interespecific,Grass,32.12,81.02,175.39,54.8,3.14,12.77,14.42,25.29,46.84,0.4,6
F26-1080,CIAT-17009,5,1281,Genetic_bank,Canavalia brasiliensis,Herbaceous_legumes,42.6,84.21,183.19,59.51,3.26,15.02,17.01,31.17,52.51,0.93,6
F26-1081,CIAT-17462,5,1283,Genetic_bank,Canavalia brasiliensis,Herbaceous_legumes,41.77,84.38,183.98,56.35,3.07,15.0,16.71,30.76,55.56,-0.38,6
F26-1082,CIAT-13953,5,1285,LMF,Desmodium velutinum,Shrub_Trees,38.09,71.21,160.18,45.81,2.86,13.78,15.57,24.94,54.94,-1.71,6
F26-1083,CIAT-9432,5,1287,Genetic_bank,Clitoria tertanea,Herbaceous_legumes,58.44,96.21,207.12,58.46,2.84,15.73,16.96,35.15,61.2,1.28,6
F26-1085,CIAT-22768,5,1291,Genetic_bank,Lablab purpureus,Herbaceous_legumes,61.52,102.29,223.19,59.05,2.65,15.27,16.73,37.37,63.67,0.71,6
F26-1086,CIAT-22598,5,1293,Genetic_bank,Lablab purpureus,Herbaceous_legumes,61.52,102.79,224.7,57.16,2.55,15.82,17.29,38.86,68.74,1.04,6
F26-1087,CIAT-18701,5,1295,LMF,Cajanus cajan,Shrub_Trees,29.11,51.01,110.78,27.75,2.6,13.76,15.42,17.12,70.43,-1.19,12
F26-1088,CIAT-20891,5,1297,LMF,Cajanus cajan,Shrub_Trees,29.1,46.38,100.86,22.08,2.22,13.42,14.84,14.98,73.23,-0.22,6
F26-1089,CIAT-15551,5,1299,Genetic_bank,Centrosema molle,Herbaceous_legumes,25.69,51.29,111.54,30.91,2.83,14.08,15.11,16.88,55.46,2.83,6
F26-2902-(100%),STAR-GRASS-Porvenir,5,1345,ISABEL MOLINA,Cynodon nlemfuensis ,,23.27,59.94,129.57,28.7,2.22,15.62,15.94,20.65,72.92,1.26,12
F26-2903,CIAT-BR-04-3025-Llan,6,471,Breeding,Urochloa interespecific,Grass,38.71,89.18,190.78,49.53,2.61,15.18,16.32,31.13,63.1,1.0,6
F26-2904,CIAT-BR-02-1752-Llan,6,473,Breeding,Urochloa interespecific,Grass,34.54,85.68,182.56,47.23,2.6,15.45,15.98,29.24,61.99,0.8,6
F26-2905,CIAT-CIAT-606-Llan,6,475,Breeding,Urochloa interespecific,Grass,31.46,84.26,178.86,42.12,2.36,16.3,16.48,29.45,69.99,0.87,6
F26-2906,CIAT-BR-02-1794-Llan,6,477,Breeding,Urochloa interespecific,Grass,41.38,91.59,195.02,48.15,2.48,15.17,15.7,30.64,63.94,1.59,6
F26-2907,CIAT-CIAT-6294-Llan,6,479,Breeding,Urochloa interespecific,Grass,41.38,91.68,194.32,46.26,2.39,15.88,16.5,32.09,69.43,0.46,6
F26-2908,CIAT-Mulato-II-Llan,6,481,Breeding,Urochloa interespecific,Grass,27.63,78.4,166.89,46.44,2.79,14.92,15.99,26.7,57.39,1.75,6
F26-2909,CIAT-BR-04-3025-Qu,6,483,Breeding,Urochloa interespecific,Grass,37.46,95.01,201.19,49.27,2.45,16.53,16.51,33.19,67.61,2.08,6
F26-2910,CIAT-BR-02-1752-Qu,6,485,Breeding,Urochloa interespecific,Grass,37.38,84.26,184.07,53.58,2.91,16.27,15.89,29.25,54.74,1.0,6
F26-2911,CIAT-CIAT-606-Qu,6,487,Breeding,Urochloa interespecific,Grass,40.63,93.01,196.81,52.98,2.69,16.03,16.26,31.99,60.63,1.09,6
F26-2912,CIAT-BR-02-1794-Qu,6,489,Breeding,Urochloa interespecific,Grass,40.38,90.34,191.68,53.49,2.79,16.0,16.2,31.02,58.62,0.64,6
F26-2913,CIAT-CIAT-6294-Qu,6,491,Breeding,Urochloa interespecific,Grass,39.04,93.34,198.66,54.05,2.72,16.77,16.94,33.64,62.73,0.95,6
F26-2914,CIAT-Mulato-II-Qu,6,493,Breeding,Urochloa interespecific,Grass,37.29,84.84,180.99,50.13,2.78,16.18,16.25,29.41,58.78,1.24,6
F26-2915,CIAT-BR-04-2515,6,495,Breeding,Urochloa interespecific,Grass,34.46,91.18,192.43,51.4,2.67,16.6,17.13,32.94,64.15,1.34,6
F26-2916,CIAT-BR-05-931,6,497,Breeding,Urochloa interespecific,Grass,38.26,90.97,192.9,48.65,2.52,15.6,16.93,32.67,67.86,-3.91,6
F26-2917,CIAT-BR-09-5252,6,499,Breeding,Urochloa interespecific,Grass,37.21,85.76,181.84,48.67,2.68,15.18,15.88,28.9,59.56,-2.17,6
F26-2919,CIAT-BR-12-1280,6,503,Breeding,Urochloa interespecific,Grass,35.63,83.18,175.13,54.13,3.08,15.58,16.93,29.65,55.06,0.72,6
F26-2920,CIAT-BR-12-1282,6,505,Breeding,Urochloa interespecific,Grass,35.13,85.18,179.86,51.29,2.84,15.42,16.13,29.03,56.84,0.95,6
F26-2921,CIAT-BR-12-1325,6,507,Breeding,Urochloa interespecific,Grass,32.46,84.68,178.38,49.23,2.75,15.23,16.4,29.26,59.88,0.68,6
F26-2922,CIAT-BR-12-1399,6,509,Breeding,Urochloa interespecific,Grass,36.24,85.2,178.97,57.6,3.23,16.07,16.56,29.6,51.41,0.55,4
F26-2923,CIAT-BR-12-1418,6,511,Breeding,Urochloa interespecific,Grass,33.88,87.51,186.49,53.28,2.86,16.1,16.64,31.04,58.69,1.1,6
F26-2924,CIAT-BR-12-1509,6,513,Breeding,Urochloa interespecific,Grass,39.41,85.37,180.33,55.17,3.06,15.83,16.57,29.87,54.11,0.61,4
F26-2925,CIAT-BR-12-1535,6,515,Breeding,Urochloa interespecific,Grass,35.79,84.51,178.17,53.95,3.03,16.0,17.31,30.86,57.49,0.8,6
F26-2926,CIAT-BR-12-1685,6,517,Breeding,Urochloa interespecific,Grass,31.88,79.76,168.43,52.52,3.13,15.47,16.14,27.2,52.14,0.92,6
F26-2927,CIAT-BR-12-1844,6,519,Breeding,Urochloa interespecific,Grass,37.33,87.54,185.78,52.39,2.82,15.68,16.29,30.25,57.95,0.66,4
F26-2928,CIAT-BR-12-1888,6,521,Breeding,Urochloa interespecific,Grass,30.04,76.93,164.21,52.94,3.23,15.27,16.13,26.51,50.25,0.52,6
F26-2929,CIAT-BR-12-1939,6,523,Breeding,Urochloa interespecific,Grass,36.46,83.43,176.49,52.32,2.97,15.08,16.24,28.66,55.0,0.62,6
F26-2930,CIAT-BR-12-2243,6,525,Breeding,Urochloa interespecific,Grass,35.21,85.01,179.15,55.38,3.1,15.45,16.4,29.4,53.39,0.54,6
F26-2931,CIAT-BR-12-2254,6,527,Breeding,Urochloa interespecific,Grass,38.29,89.68,194.56,52.87,2.72,15.7,16.13,31.39,59.84,0.57,6
F26-2932,CIAT-BR-12-2255,6,529,Breeding,Urochloa interespecific,Grass,37.63,89.26,191.2,56.74,2.97,15.9,17.25,32.99,58.26,0.57,6
F26-2933,CIAT-BR-12-2305,6,531,Breeding,Urochloa interespecific,Grass,37.13,88.84,192.63,57.44,2.99,15.62,16.45,31.7,55.33,0.43,6
F26-2934,CIAT-BR-12-2316,6,533,Breeding,Urochloa interespecific,Grass,36.13,83.68,179.7,48.86,2.72,14.98,15.42,27.71,56.74,0.97,6
F26-2935,CIAT-BR-12-2367,6,535,Breeding,Urochloa interespecific,Grass,34.46,79.68,171.37,55.17,3.24,14.95,16.7,28.63,52.57,0.7,6
F26-2936,CIAT-BR-12-2461,6,537,Breeding,Urochloa interespecific,Grass,37.46,87.68,185.98,52.74,2.83,15.2,16.28,30.28,57.51,0.52,6
F26-2937,CIAT-BR-12-3018,6,539,Breeding,Urochloa interespecific,Grass,38.88,85.34,182.98,53.78,2.94,15.2,16.29,29.82,55.47,0.55,6
F26-2938,CIAT-BR-12-3067,6,541,Breeding,Urochloa interespecific,Grass,36.03,84.0,182.86,59.21,3.25,15.36,16.17,29.57,50.02,0.37,6
F26-2939,CIAT-BR-12-3069,6,543,Breeding,Urochloa interespecific,Grass,33.21,85.59,182.87,50.31,2.76,15.37,16.56,30.3,60.24,0.81,6
F26-2940,CIAT-BR-12-3358,6,547,Breeding,Urochloa interespecific,Grass,35.88,84.84,183.69,53.34,2.91,16.02,17.09,31.42,58.95,0.68,6
F26-2941,CIAT-BR-12-3377,6,549,Breeding,Urochloa interespecific,Grass,38.96,87.26,188.73,48.74,2.59,15.65,16.57,31.3,64.4,-0.91,6
F26-2942,CIAT-BR-12-49,6,551,Breeding,Urochloa interespecific,Grass,38.29,89.09,190.81,53.15,2.79,15.08,15.99,30.54,57.55,0.62,6
F26-2943,CIAT-BR-12-61,6,553,Breeding,Urochloa interespecific,Grass,40.46,91.84,199.2,56.53,2.84,15.43,16.39,32.66,58.01,0.58,6
F26-2944,CIAT-BR-12-91,6,555,Breeding,Urochloa interespecific,Grass,36.96,86.01,185.75,53.08,2.88,14.43,16.22,30.14,57.4,1.09,6
F26-2945,CIAT-BR-15-1468,6,557,Breeding,Urochloa interespecific,Grass,36.54,85.51,185.13,54.09,2.93,15.72,16.34,30.24,56.04,0.65,6
F26-2946,CIAT-BR-15-1628,6,559,Breeding,Urochloa interespecific,Grass,36.63,87.59,189.95,51.87,2.72,15.63,16.34,31.05,60.5,-0.08,6
F26-2947,CIAT-BR-15-1689,6,561,Breeding,Urochloa interespecific,Grass,33.54,87.09,188.55,58.17,3.09,14.82,15.73,29.66,51.32,0.62,6
F26-2948,CIAT-BR-15-1712,6,563,Breeding,Urochloa interespecific,Grass,36.54,84.51,177.57,55.25,3.11,14.8,15.95,28.33,51.4,0.57,6
F26-2949,CIAT-BR-15-1830,6,565,Breeding,Urochloa interespecific,Grass,36.63,84.68,178.1,51.7,2.9,15.85,16.86,30.04,58.83,1.0,6
F26-2950,CIAT-BR-15-1865,6,567,Breeding,Urochloa interespecific,Grass,39.38,87.84,184.02,54.37,2.95,15.03,16.19,29.81,54.89,0.7,6
F26-2951,CIAT-BR-15-1877,6,569,Breeding,Urochloa interespecific,Grass,35.63,83.43,174.99,55.06,3.15,15.62,16.24,28.44,51.71,0.53,6
F26-2952,CIAT-BR-15-2174,6,571,Breeding,Urochloa interespecific,Grass,36.54,88.01,183.96,56.47,3.07,15.17,16.37,30.13,53.38,0.44,6
F26-2953,CIAT-BR-15-2464,6,573,Breeding,Urochloa interespecific,Grass,36.43,86.9,182.17,54.48,3.0,15.12,15.57,28.37,52.12,0.41,6
F26-2954,CIAT-BR-15-2528,6,575,Breeding,Urochloa interespecific,Grass,37.79,84.93,180.36,58.08,3.22,15.62,16.51,29.79,51.33,0.45,6
F26-2955,CIAT-BR-15-2532,6,577,Breeding,Urochloa interespecific,Grass,35.88,83.01,173.94,60.62,3.49,15.82,16.78,29.19,48.21,0.68,6
F26-2956,CIAT-BR-15-2538,6,579,Breeding,Urochloa interespecific,Grass,35.38,86.09,185.37,58.14,3.14,15.53,16.57,30.7,52.87,0.6,6
F26-2957,CIAT-BR-15-2545,6,581,Breeding,Urochloa interespecific,Grass,34.38,84.43,183.86,55.68,3.03,15.83,16.13,29.66,53.27,0.61,6
F26-2958,CIAT-BR-15-2767,6,583,Breeding,Urochloa interespecific,Grass,39.53,89.7,193.81,58.58,3.02,15.18,16.09,31.18,53.37,0.59,5
F26-2959,CIAT-BR-15-3013,6,939,Breeding,Urochloa interespecific,Grass,33.94,85.25,181.82,51.51,2.83,15.83,16.96,30.85,60.15,0.6,6
F26-2960,CIAT-BR-15-3017,6,941,Breeding,Urochloa interespecific,Grass,36.1,88.08,188.35,49.97,2.65,15.67,16.81,31.67,63.54,0.67,6
F26-2961,CIAT-BR-15-3186,6,943,Breeding,Urochloa interespecific,Grass,37.44,88.42,190.46,50.57,2.65,15.1,16.43,31.29,62.21,0.7,6
F26-2962,CIAT-BR-15-3234,6,945,Breeding,Urochloa interespecific,Grass,31.65,81.5,175.14,44.4,2.54,15.24,16.19,28.37,64.2,0.94,6
F26-2963,CIAT-BR-15-3280,6,947,Breeding,Urochloa interespecific,Grass,35.02,86.58,186.49,46.1,2.47,15.53,16.41,30.61,67.1,1.11,6
F26-2964,CIAT-BR-15-3294,6,1105,Breeding,Urochloa interespecific,Grass,36.51,88.04,189.68,52.22,2.76,15.63,16.98,32.2,61.88,0.56,4
F26-2965,CIAT-BR-15-3571,6,951,Breeding,Urochloa interespecific,Grass,33.19,83.83,179.27,44.07,2.45,15.75,16.62,29.79,68.37,1.72,6
F26-2966,CIAT-BR-15-3597,6,953,Breeding,Urochloa interespecific,Grass,36.69,87.0,185.29,49.38,2.66,15.53,16.49,30.56,62.53,0.82,6
F26-2967,CIAT-BR-15-361,6,1267,Breeding,Urochloa interespecific,Grass,34.29,82.13,175.35,50.85,2.9,16.3,17.06,29.91,58.82,0.52,2
F26-2968,CIAT-BR-15-3726,6,957,Breeding,Urochloa interespecific,Grass,42.67,93.57,196.45,57.83,2.94,15.28,16.34,32.1,55.64,0.46,6
F26-2969,CIAT-BR-15-378,6,959,Breeding,Urochloa interespecific,Grass,33.94,85.17,179.04,48.36,2.7,15.0,16.44,29.46,61.56,0.9,6
F26-2970,CIAT-BR-15-3810,6,961,Breeding,Urochloa interespecific,Grass,35.85,86.17,181.85,41.82,2.3,15.25,16.33,29.7,72.0,0.82,6
F26-2971,CIAT-BR-15-395,6,963,Breeding,Urochloa interespecific,Grass,39.35,91.25,194.26,53.58,2.76,15.25,16.59,32.19,60.15,0.5,6
F26-2972,CIAT-BR-15-4368,6,965,Breeding,Urochloa interespecific,Grass,32.44,85.25,182.3,46.92,2.57,15.08,16.03,29.24,62.92,0.83,6
F26-2973,CIAT-BR-15-4442,6,967,Breeding,Urochloa interespecific,Grass,31.85,83.58,179.35,50.62,2.82,14.85,16.02,28.73,57.02,0.66,6
F26-2974,CIAT-BR-15-4483,6,969,Breeding,Urochloa interespecific,Grass,36.07,86.37,183.41,52.57,2.86,15.14,15.63,28.66,54.62,0.53,6
F26-2975,CIAT-BR-15-503,6,971,Breeding,Urochloa interespecific,Grass,35.35,87.17,185.98,52.84,2.84,15.53,16.88,31.4,59.7,0.67,6
F26-2976,CIAT-BR-15-5152,6,973,Breeding,Urochloa interespecific,Grass,36.02,86.42,183.15,48.61,2.65,15.88,16.94,31.04,64.19,0.91,6
F26-2977,CIAT-BR-15-5232,6,975,Breeding,Urochloa interespecific,Grass,29.1,81.83,174.45,43.98,2.52,14.28,16.35,28.54,65.06,0.76,6
F26-2978,CIAT-BR-15-58,6,977,Breeding,Urochloa interespecific,Grass,39.1,93.5,201.04,52.04,2.59,15.5,16.54,33.25,64.15,0.7,6
F26-2979,CIAT-BR-15-60,6,979,Breeding,Urochloa interespecific,Grass,34.85,86.17,182.7,49.64,2.73,16.02,16.86,30.8,62.3,0.7,6
F26-2980,CIAT-BR-15-6346,6,981,Breeding,Urochloa interespecific,Grass,35.44,87.5,185.3,48.73,2.63,15.1,16.08,29.79,61.84,0.7,6
F26-2981,CIAT-BR-15-6401,6,983,Breeding,Urochloa interespecific,Grass,36.27,85.08,179.82,51.78,2.88,15.43,16.33,29.38,56.98,0.62,6
F26-2982,CIAT-BR-15-6402,6,985,Breeding,Urochloa interespecific,Grass,40.17,89.77,189.38,56.31,2.98,15.22,16.38,31.02,55.2,0.54,6
F26-2983,CIAT-BR-15-6434,6,987,Breeding,Urochloa interespecific,Grass,34.19,86.33,183.27,56.51,3.09,15.72,16.5,30.25,53.54,0.43,6
F26-2984,CIAT-BR-15-6504,6,989,Breeding,Urochloa interespecific,Grass,33.85,83.33,178.36,55.18,3.1,15.95,16.19,28.88,52.52,0.51,6
F26-2985,CIAT-BR-15-6508,6,991,Breeding,Urochloa interespecific,Grass,33.52,83.33,173.6,53.6,3.09,15.23,16.26,28.24,52.84,0.55,6
F26-2986,CIAT-BR-15-6543,6,993,Breeding,Urochloa interespecific,Grass,34.52,81.83,170.23,57.33,3.37,15.72,16.79,28.61,49.91,0.5,6
F26-2987,CIAT-BR-15-6571,6,995,Breeding,Urochloa interespecific,Grass,37.02,85.58,177.34,53.74,3.03,15.2,16.27,28.85,53.75,0.61,6
F26-2988,CIAT-BR-15-6590,6,997,Breeding,Urochloa interespecific,Grass,39.69,88.92,183.83,53.85,2.93,15.35,16.44,30.22,56.17,0.72,6
F26-2989,CIAT-BR-15-6758,6,999,Breeding,Urochloa interespecific,Grass,34.77,82.75,175.49,54.48,3.1,14.88,16.85,29.6,54.44,0.56,6
F26-2990,CIAT-BR-15-7006,6,1001,Breeding,Urochloa interespecific,Grass,38.1,88.67,185.74,54.28,2.92,15.62,16.62,30.88,57.01,0.59,6
F26-2991,CIAT-BR-15-7316,6,1003,Breeding,Urochloa interespecific,Grass,40.69,92.08,195.31,53.86,2.76,15.52,16.57,32.37,60.13,0.73,6
F26-2992,CIAT-BR-15-7318,6,1005,Breeding,Urochloa interespecific,Grass,39.27,91.08,192.16,52.1,2.71,15.68,16.66,32.02,61.54,0.78,6
F26-2993,CIAT-BR-15-757,6,1007,Breeding,Urochloa interespecific,Grass,39.85,92.5,195.71,52.53,2.68,15.53,16.43,32.17,61.41,0.89,6
F26-2994,CIAT-BR-15-780,6,1009,Breeding,Urochloa interespecific,Grass,40.1,89.58,191.61,52.32,2.73,15.52,16.58,31.78,61.01,1.17,6
F26-2995,CIAT-BR-15-800,6,1011,Breeding,Urochloa interespecific,Grass,34.94,84.0,177.58,53.06,2.99,15.15,16.37,29.08,54.87,0.79,6
F26-2996,CIAT-BR-15-823,6,1015,Breeding,Urochloa interespecific,Grass,38.94,88.67,186.3,54.28,2.92,15.02,15.61,29.08,53.91,0.75,6
F26-2997,CIAT-BR-15-8529,6,1017,Breeding,Urochloa interespecific,Grass,36.35,88.0,187.39,47.73,2.55,14.98,16.09,30.17,63.4,1.7,6
F26-2998,CIAT-BR-15-8650,6,1019,Breeding,Urochloa interespecific,Grass,37.22,91.38,191.38,56.07,2.93,15.05,16.31,31.22,55.81,0.69,4
F26-2999,CIAT-BR-15-8756,6,1021,Breeding,Urochloa interespecific,Grass,35.27,87.5,184.24,54.83,2.98,15.47,16.57,30.53,55.72,0.7,6
F26-3000,CIAT-BR-15-8881,6,1023,Breeding,Urochloa interespecific,Grass,39.02,89.5,189.89,49.91,2.63,15.5,16.23,30.82,61.86,0.83,6
F26-3001,CIAT-BR-15-8905,6,1025,Breeding,Urochloa interespecific,Grass,38.6,87.83,186.46,50.37,2.7,15.13,16.19,30.19,60.1,1.28,6
F26-3002,CIAT-BR-15-8976,6,1027,Breeding,Urochloa interespecific,Grass,41.94,91.77,194.87,53.64,2.75,14.9,15.89,30.96,57.81,0.88,6
F26-3003,CIAT-BR-15-9125,6,1029,Breeding,Urochloa interespecific,Grass,38.52,86.67,181.97,51.34,2.83,15.48,16.45,29.94,58.54,0.82,6
F26-3004,CIAT-BR-15-9141,6,1031,Breeding,Urochloa interespecific,Grass,36.77,88.58,188.17,53.72,2.85,15.1,16.44,30.95,57.88,0.6,6
F26-3005,CIAT-BR-15-9142,6,1033,Breeding,Urochloa interespecific,Grass,39.6,88.67,188.62,54.68,2.9,15.92,16.85,31.78,58.18,0.58,6
F26-3006,CIAT-BR-15-972,6,1035,Breeding,Urochloa interespecific,Grass,39.19,87.58,185.74,53.2,2.87,15.62,16.62,30.88,58.1,0.54,6
F26-3007,CIAT-BR-19-1033,6,1037,Breeding,Urochloa interespecific,Grass,37.19,89.08,187.86,52.54,2.8,15.07,16.32,30.67,59.06,0.7,6
F26-3008,CIAT-BR-19-113,6,1039,Breeding,Urochloa interespecific,Grass,42.77,91.42,193.08,52.04,2.69,15.33,16.48,31.82,61.27,0.76,6
F26-3009,CIAT-BR-19-1444,6,1041,Breeding,Urochloa interespecific,Grass,40.35,88.83,188.37,49.52,2.63,15.62,16.81,31.69,64.34,0.94,6
F26-3010,CIAT-BR-19-1583,6,1043,Breeding,Urochloa interespecific,Grass,38.07,90.97,190.76,54.57,2.86,15.5,16.6,31.68,58.17,0.58,6
F26-3011,CIAT-BR-19-166,6,1045,Breeding,Urochloa interespecific,Grass,37.52,89.33,188.52,52.89,2.81,15.47,16.31,30.74,58.26,0.57,6
F26-3012,CIAT-BR-19-1727,6,1047,Breeding,Urochloa interespecific,Grass,33.94,90.83,193.27,46.08,2.38,15.65,16.5,31.89,69.58,0.56,6
F26-3013,CIAT-BR-19-1783,6,1049,Breeding,Urochloa interespecific,Grass,37.6,85.67,183.57,58.07,3.16,14.88,16.07,29.52,50.83,0.49,6
F26-3014,CIAT-BR-19-1793,6,1051,Breeding,Urochloa interespecific,Grass,33.1,80.17,171.64,49.39,2.87,14.23,16.26,27.92,56.73,0.77,6
F26-3015,CIAT-BR-19-1806,6,1053,Breeding,Urochloa interespecific,Grass,39.35,89.5,189.5,53.99,2.85,15.5,16.95,32.12,59.51,0.58,6
F26-3016,CIAT-BR-19-2001,6,1055,Breeding,Urochloa interespecific,Grass,32.94,80.75,171.03,47.65,2.78,15.65,17.0,29.11,61.81,3.22,6
F26-3017,CIAT-BR-19-21,6,1057,Breeding,Urochloa interespecific,Grass,32.44,83.33,177.02,53.63,3.03,14.7,16.37,28.99,54.06,0.52,6
F26-3018,CIAT-BR-19-2124,6,1059,Breeding,Urochloa interespecific,Grass,36.6,86.0,181.71,54.76,3.01,16.08,16.68,30.32,55.69,0.58,6
F26-3019,CIAT-BR-19-2287,6,1061,Breeding,Urochloa interespecific,Grass,34.69,85.25,180.24,53.02,2.94,15.53,16.53,29.82,56.65,0.66,6
F26-3020,CIAT-BR-19-231,6,1063,Breeding,Urochloa interespecific,Grass,34.35,81.1,171.27,46.34,2.71,15.78,16.82,28.82,62.23,0.89,6
F26-3021,CIAT-BR-19-2329,6,1409,Breeding,Urochloa interespecific,Grass,42.53,95.02,196.17,55.99,2.85,14.35,15.79,30.97,56.31,0.77,6
F26-3022,CIAT-BR-19-244,6,1411,Breeding,Urochloa interespecific,Grass,43.03,97.02,202.29,57.21,2.83,13.47,15.85,32.06,56.22,0.52,6
F26-3023,CIAT-BR-19-247,6,1413,Breeding,Urochloa interespecific,Grass,37.28,89.52,187.51,47.89,2.55,14.85,16.14,30.26,63.9,-28.75,6
F26-3024,CIAT-BR-19-2520,6,1415,Breeding,Urochloa interespecific,Grass,42.61,94.6,197.45,51.58,2.61,15.52,16.52,32.61,63.85,0.94,6
F26-3025,CIAT-BR-19-2632,6,1417,Breeding,Urochloa interespecific,Grass,35.77,88.18,188.23,48.09,2.56,13.45,15.4,28.98,60.76,3.37,6
F26-3026,CIAT-BR-19-2734,6,1419,Breeding,Urochloa interespecific,Grass,48.11,98.6,205.83,58.19,2.82,14.75,16.17,33.3,58.16,0.65,6
F26-3027,CIAT-BR-19-2789,6,1421,Breeding,Urochloa interespecific,Grass,40.02,89.02,185.85,48.76,2.62,15.0,15.99,29.72,61.56,10.46,6
F26-3028,CIAT-BR-19-2958,6,1423,Breeding,Urochloa interespecific,Grass,41.86,93.85,200.68,56.01,2.79,14.6,15.75,31.6,56.79,0.79,6
F26-3029,CIAT-BR-19-300,6,1425,Breeding,Urochloa interespecific,Grass,37.27,89.6,185.18,48.57,2.63,14.43,15.49,28.68,59.49,1.73,6
F26-3030,CIAT-BR-19-3048,6,1427,Breeding,Urochloa interespecific,Grass,41.94,94.51,197.34,53.52,2.71,14.58,16.02,31.6,59.36,0.8,6
F26-3031,CIAT-BR-19-3107,6,1429,Breeding,Urochloa interespecific,Grass,40.11,92.01,190.03,49.69,2.61,14.9,15.97,30.35,62.12,3.76,6
F26-3032,CIAT-BR-19-325,6,1431,Breeding,Urochloa interespecific,Grass,36.69,88.76,184.18,48.95,2.7,14.6,15.7,28.9,59.4,1.13,6
F26-3033,CIAT-BR-19-3294,6,1433,Breeding,Urochloa interespecific,Grass,37.94,90.18,187.47,47.01,2.51,14.02,14.83,27.8,60.69,0.82,6
F26-3034,CIAT-BR-19-3334,6,1435,Breeding,Urochloa interespecific,Grass,39.02,91.43,189.06,50.36,2.66,14.6,15.83,29.92,60.29,1.52,6
F26-3035,CIAT-BR-19-3677,6,1437,Breeding,Urochloa interespecific,Grass,44.6,94.51,196.95,48.42,2.46,14.55,16.0,31.52,66.05,0.24,6
F26-3036,CIAT-BR-19-3786,6,1439,Breeding,Urochloa interespecific,Grass,42.1,90.68,187.5,53.1,2.83,15.18,16.29,30.54,57.83,1.1,6
F26-3037,CIAT-BR-19-388,6,1441,Breeding,Urochloa interespecific,Grass,40.02,89.84,191.91,52.93,2.76,14.1,15.63,29.98,57.01,1.69,6
F26-3038,CIAT-BR-19-39,6,1443,Breeding,Urochloa interespecific,Grass,39.27,91.09,193.74,49.96,2.58,14.5,15.82,30.66,61.82,1.69,6
F26-3039,CIAT-BR-19-3918,6,1445,Breeding,Urochloa interespecific,Grass,43.1,94.68,203.39,54.35,2.67,15.13,16.07,32.69,60.24,0.65,6
F26-3040,CIAT-BR-19-3959,6,1447,Breeding,Urochloa interespecific,Grass,40.6,94.34,201.71,52.58,2.61,15.08,15.74,31.75,60.57,0.76,6
F26-3041,CIAT-BR-19-396,6,1449,Breeding,Urochloa interespecific,Grass,43.35,91.01,194.26,53.21,2.74,14.6,16.34,31.73,59.73,0.73,6
F26-3042,CIAT-BR-19-405,6,1451,Breeding,Urochloa interespecific,Grass,41.77,97.76,209.66,54.9,2.62,14.9,15.64,32.78,59.81,0.65,6
F26-3043,CIAT-BR-19-4253,6,1453,Breeding,Urochloa interespecific,Grass,44.02,94.34,200.75,55.83,2.78,14.97,15.68,31.47,56.6,0.57,6
F26-3044,CIAT-BR-19-4423,6,1455,Breeding,Urochloa interespecific,Grass,45.93,100.34,214.36,58.42,2.73,14.6,16.0,34.3,58.98,0.6,6
F26-3045,CIAT-BR-19-4439,6,1457,Breeding,Urochloa interespecific,Grass,39.85,91.67,194.57,56.09,2.88,14.6,15.69,30.52,54.55,0.6,6
F26-3046,CIAT-BR-19-4440,6,1461,Breeding,Urochloa interespecific,Grass,42.93,92.26,196.48,56.13,2.86,15.05,15.65,30.75,55.04,0.42,6
F26-3047,CIAT-BR-19-4529,6,1463,Breeding,Urochloa interespecific,Grass,41.43,91.01,192.15,55.19,2.87,14.03,15.84,30.44,55.32,0.65,6
F26-3048,CIAT-BR-19-4581,6,1465,Breeding,Urochloa interespecific,Grass,45.35,93.67,196.66,55.97,2.85,14.47,15.86,31.2,55.81,0.59,6
F26-3049,CIAT-BR-19-4988,6,1467,Breeding,Urochloa interespecific,Grass,46.52,97.42,205.55,55.83,2.72,14.5,15.73,32.34,58.03,0.57,6
F26-3050,CIAT-BR-19-5055,6,1469,Breeding,Urochloa interespecific,Grass,47.87,97.64,204.63,56.96,2.78,15.1,15.62,31.97,56.18,0.49,6
F26-3051,CIAT-BR-19-5057,6,1471,Breeding,Urochloa interespecific,Grass,44.26,97.09,203.93,56.8,2.78,13.47,15.19,30.98,54.75,0.51,6
F26-3052,CIAT-BR-19-5178,6,1473,Breeding,Urochloa interespecific,Grass,45.01,97.26,203.71,59.17,2.91,14.53,16.25,33.09,56.18,0.46,6
F26-3053,CIAT-BR-19-5273,6,1475,Breeding,Urochloa interespecific,Grass,46.01,94.09,198.98,54.54,2.74,13.97,15.18,30.2,55.62,0.52,6
F26-3054,CIAT-BR-19-5348,6,1477,Breeding,Urochloa interespecific,Grass,42.85,93.5,197.54,55.72,2.82,14.35,16.18,31.97,57.53,0.5,6
F26-3055,CIAT-BR-19-5615,6,1479,Breeding,Urochloa interespecific,Grass,41.58,92.0,193.26,57.83,3.0,13.78,13.69,26.5,46.33,0.35,5
F26-3056,CIAT-BR-19-5751,6,1483,Breeding,Urochloa interespecific,Grass,44.93,94.87,198.72,54.69,2.75,14.62,15.96,31.71,58.01,0.47,4
F26-3057,CIAT-BR-19-5898,6,1485,Breeding,Urochloa interespecific,Grass,44.68,95.37,200.17,53.01,2.65,15.02,15.84,31.7,59.98,0.53,4
F26-3058,CIAT-BR-19-6068,6,1487,Breeding,Urochloa interespecific,Grass,44.81,93.75,197.15,55.61,2.82,13.1,14.91,29.39,52.89,0.44,4
F26-3059,CIAT-BR-19-6160,6,1489,Breeding,Urochloa interespecific,Grass,46.43,94.87,198.58,55.42,2.79,13.95,15.07,29.93,54.02,0.42,4
F26-3060,CIAT-BR-19-6352,6,1491,Breeding,Urochloa interespecific,Grass,43.06,93.37,194.78,48.72,2.5,15.25,16.38,31.91,65.92,0.7,4
F26-3061,CIAT-BR-19-6397,6,1493,Breeding,Urochloa interespecific,Grass,42.31,94.25,199.75,55.75,2.79,14.42,16.0,31.95,57.37,0.43,4
F26-3062,CIAT-BR-19-6400,6,1495,Breeding,Urochloa interespecific,Grass,42.31,92.33,194.0,52.5,2.7,13.93,15.31,29.71,57.53,0.53,4
F26-3063,CIAT-BR-19-6868,6,1497,Breeding,Urochloa interespecific,Grass,48.55,98.87,206.47,53.25,2.58,15.12,16.3,33.65,63.67,0.53,4
F26-3064,CIAT-BR-19-6984,6,1499,Breeding,Urochloa interespecific,Grass,41.43,88.5,185.34,51.46,2.77,14.4,16.07,29.78,58.88,0.61,4
F26-3065,CIAT-BR-19-811,6,1501,Breeding,Urochloa interespecific,Grass,48.18,96.75,203.66,50.55,2.48,15.15,16.47,33.55,67.1,0.78,4
F26-3066,CIAT-BR-19-818,6,1503,Breeding,Urochloa interespecific,Grass,46.18,93.5,196.99,56.33,2.86,14.58,15.97,31.48,55.86,0.44,4
F26-3067,CIAT-BR-19-95,6,1505,Breeding,Urochloa interespecific,Grass,46.05,95.74,200.31,48.23,2.41,15.0,16.3,32.66,67.84,0.61,4
F26-3068,CIAT-CIAT-16320,6,1507,Breeding,Urochloa interespecific,Grass,41.55,93.87,196.58,52.43,2.67,15.32,16.47,32.38,61.87,0.45,4
F26-3069,CIAT-CIAT-6387,6,1509,Breeding,Urochloa interespecific,Grass,42.18,94.0,196.17,52.84,2.69,15.15,15.89,31.18,59.18,0.44,6
F26-3070,CIAT-CIAT-6780,6,1511,Breeding,Urochloa interespecific,Grass,44.09,97.25,204.14,53.51,2.62,14.52,15.52,31.68,59.32,0.48,6
F26-3071,CIAT-GP-3207,6,1513,Breeding,Urochloa interespecific,Grass,43.67,98.0,203.43,53.65,2.64,15.13,16.05,32.64,60.93,0.67,6
F26-3072,CIAT-Mavuno,6,1515,Breeding,Urochloa interespecific,Grass,40.01,85.25,178.37,52.62,2.95,14.32,15.12,26.97,51.67,0.77,6
F26-3137-(-100%)-,Estrella-CIAT,5,1771,ISABEL MOLINA,Cynodon nlemfuensis,,31.27,69.35,147.36,35.85,2.44,14.63,15.32,22.58,65.63,0.52,6
F26-3138-(100%)-,CIAT-17009,5,1773,Genetic_bank,Canavalia brasiliensis,Herbaceous_legumes,36.02,76.1,161.39,52.36,3.25,16.18,18.06,29.15,56.61,1.59,6
F26-3139,CIAT-918,6,49,Genetic_bank,Rhynchosia schomburgkii,Herbaceous_legumes,23.86,43.82,95.59,21.78,2.26,14.2,15.19,14.54,71.83,-1.03,6
F26-3140,CIAT-8215,6,51,Genetic_bank,Rhynchosia schomburgkii,Herbaceous_legumes,24.64,37.6,81.43,16.49,2.08,13.96,14.78,12.25,72.92,-0.35,6
F26-3141,CIAT-15008,6,53,Genetic_bank,Centrosema triquetrum,Herbaceous_legumes,22.45,48.82,103.9,39.83,3.84,12.1,12.26,12.73,32.24,2.97,6
F26-3142,CIAT-17334,6,55,Genetic_bank,Dunbaria nivea,Herbaceous_legumes,26.2,53.07,111.92,35.22,3.15,14.1,15.67,17.58,49.95,1.58,6
F26-3143,CIAT-17892,6,57,Genetic_bank,Dioclea valliana,Herbaceous_legumes,20.86,41.82,91.0,30.42,3.35,12.8,14.13,12.86,42.35,0.35,6
F26-3144,CIAT-17916,6,59,Genetic_bank,Clitoria falcata,Herbaceous_legumes,30.78,61.98,130.9,37.73,2.89,14.8,16.25,21.27,56.75,0.74,6
F26-3145,CIAT-17969,6,61,Genetic_bank,Canavalia grandiflora,Herbaceous_legumes,41.61,85.4,186.86,50.64,2.71,12.47,14.4,26.9,53.19,1.39,6
F26-3146,CIAT-18497,6,63,Genetic_bank,Dioclea valliana,Herbaceous_legumes,20.86,41.15,89.54,24.66,2.76,12.58,14.01,12.55,51.79,8.33,6
F26-3147,CIAT-18521,6,65,Genetic_bank,Rhynchosia phaseoloides,Herbaceous_legumes,25.45,49.9,108.11,32.6,3.02,13.45,14.24,15.4,47.25,1.2,6
F26-3148,CIAT-18631,6,67,Genetic_bank,Dioclea crenata,Herbaceous_legumes,21.53,39.98,87.09,28.02,3.23,12.47,13.76,11.99,43.96,0.67,6
F26-3149,CIAT-22303,6,73,Genetic_bank,Macrotyloma axillare,Herbaceous_legumes,55.53,96.4,217.36,59.21,2.73,14.45,15.88,34.49,58.67,0.78,6
F26-3150,CIAT-18633,6,75,Genetic_bank,Dioclea crenata,Herbaceous_legumes,26.86,55.07,119.57,35.54,2.98,13.25,14.38,17.18,48.54,-0.25,6
F26-3151,CIAT-21134,6,79,Genetic_bank,Cajanus goensis,Herbaceous_legumes,22.45,42.73,92.85,29.52,3.18,14.58,14.94,13.86,47.26,0.52,6
F26-3152,CIAT-21433,6,81,Genetic_bank,Calopogonium galactioides,Herbaceous_legumes,42.2,89.23,193.75,51.56,2.67,15.3,15.84,30.66,59.57,1.08,6
F26-3153,CIAT-21475,6,83,Genetic_bank,Rhynchosia phaseoloides,Herbaceous_legumes,23.7,52.98,114.78,30.57,2.66,13.42,14.11,16.18,53.2,3.38,6
F26-3154,CIAT-21951,6,85,Genetic_bank,Pueraria montana,Herbaceous_legumes,29.45,62.9,133.18,42.15,3.17,13.22,14.87,19.8,47.23,7.89,6
F26-3155,CIAT-25213,6,87,Genetic_bank,Centrosema brachypodum,Herbaceous_legumes,36.61,64.57,137.04,43.41,3.17,14.9,16.26,22.28,51.41,1.36,6
F26-3156,CIAT-32229,6,89,Genetic_bank,Calopogonium galactioides,Herbaceous_legumes,39.28,85.9,186.21,53.52,2.88,16.05,16.38,30.47,57.22,0.76,6
F26-3157,CIAT-8206,6,91,Genetic_bank,Desmanthus leptophyllus,Shrub_Trees,27.86,54.65,118.89,37.13,3.13,12.4,14.19,16.87,46.77,0.53,6
F26-3158,CIAT-8886,6,93,Genetic_bank,Zornia myriadena,Herbaceous_legumes,23.82,46.39,101.12,43.7,4.32,12.4,13.33,13.5,30.85,-14.8,5
F26-3159,CIAT-13701,6,95,Genetic_bank,Pseudarthria viscida,Shrub_Trees,24.28,56.32,121.75,42.5,3.5,13.58,14.35,17.47,41.25,-0.27,6
F26-3160,CIAT-18859,6,97,Genetic_bank,Pseudarthria hookeri,Shrub_Trees,25.86,50.65,109.27,35.61,3.27,13.9,14.49,15.83,45.3,-0.55,6
F26-3161,CIAT-19661,6,99,Genetic_bank,Pseudarthria hookeri,Shrub_Trees,20.45,44.65,94.46,31.36,3.32,13.27,14.78,13.96,45.1,4.16,6
F26-3162,CIAT-20129,6,101,Genetic_bank,Desmanthus leptophyllus,Shrub_Trees,27.53,53.57,116.67,37.1,3.2,12.08,13.74,16.01,43.76,2.94,6
F26-3163,CIAT-20386,6,103,Genetic_bank,Desmanthus leptophyllus,Shrub_Trees,26.61,49.48,108.02,25.84,2.4,12.52,14.22,15.37,65.35,-0.64,6
F26-3164,CIAT-21286,6,105,Genetic_bank,Pseudarthria hookeri,Shrub_Trees,25.61,54.82,118.92,34.52,2.91,14.65,15.74,18.7,55.06,0.78,6
F26-3165,CIAT-22500,6,107,Genetic_bank,Desmanthus fruticosus,Shrub_Trees,25.53,47.98,104.54,32.7,3.15,13.3,14.59,15.25,48.05,0.58,6
F26-3166,CIAT-22501,6,109,Genetic_bank,Desmanthus covillei,Shrub_Trees,27.7,56.23,122.9,36.57,2.97,13.4,14.89,18.32,50.5,-2.27,6
F26-3167,CIAT-22571,6,111,Genetic_bank,Desmanthus covillei,Shrub_Trees,32.53,67.32,146.09,42.36,2.88,12.12,13.86,20.28,48.88,-0.24,6
F26-3168,CIAT-22572,6,113,Genetic_bank,Desmanthus covillei,Shrub_Trees,17.78,39.98,87.34,19.13,2.18,10.62,11.62,10.15,61.59,1.84,6
F26-3169,CIAT-22574,6,119,Genetic_bank,Desmanthus fruticosus,Shrub_Trees,27.7,58.32,126.55,32.63,2.58,11.42,13.54,17.14,56.0,-1.58,6
F26-3170,CIAT-8529,6,121,Genetic_bank,Mimosa albolanata,Shrub_Trees,15.53,27.07,58.5,18.4,3.13,10.3,11.43,6.69,37.42,-0.25,6
F26-3171,CIAT-33510,6,123,Genetic_bank,Phyllodium pulchellum,Shrub_Trees,21.45,40.65,87.0,31.9,3.67,11.95,12.58,10.94,36.66,-0.55,6
F26-3172,CIAT-33499,6,125,Genetic_bank,Phyllodium pulchellum,Shrub_Trees,20.03,35.57,76.34,28.61,3.75,12.83,13.96,10.66,38.09,-0.04,6
F26-3173,CIAT-23111,6,127,Genetic_bank,Phyllodium elegans,Shrub_Trees,26.45,53.65,115.03,33.57,2.94,12.75,13.84,15.9,48.54,3.26,6
F26-3174,CIAT-23110,6,129,Genetic_bank,Phyllodium elegans,Shrub_Trees,21.86,44.98,96.39,35.89,3.75,12.9,13.73,13.23,37.73,0.03,6
F26-3175,CIAT-9360,6,131,Genetic_bank,Clitoria falcata,Herbaceous_legumes,32.7,64.9,139.14,35.03,2.52,13.98,15.46,21.51,61.77,0.95,6
F26-3176,CIAT-21292,6,133,Genetic_bank,Canavalia Gladiata,Herbaceous_legumes,47.36,91.48,198.28,69.11,3.49,26.12,21.88,43.45,62.21,0.54,6
F26-3177,IAG-2026-S-1,6,45,Genetic_bank,Green Meal,Green Meal,53.28,95.62,205.55,54.14,2.64,13.67,15.25,31.35,58.21,,18
F26-3178,IAG-2026-S-2,6,47,Genetic_bank,Compound feed,Compound feed,69.31,138.43,302.33,82.66,2.74,14.76,15.42,46.68,56.49,,18
F26-3289,CIAT-17009,6,585,Genetic_bank,Canavalia brasiliensis,Herbaceous_legumes,33.63,79.51,173.79,58.13,3.34,15.77,17.42,30.28,52.38,0.5,6
F26-3290,CIAT-17462,6,587,Genetic_bank,Canavalia brasiliensis,Herbaceous_legumes,30.46,71.18,157.4,62.92,4.0,16.08,16.27,25.61,40.76,0.43,6
F26-3291,CIAT-13953,6,589,JUAN CARDOSO,Desmodium velutinum,Shrub_Trees,30.63,65.51,142.07,49.72,3.5,16.07,16.65,23.66,47.77,-0.53,6
F26-3292,CIAT-9432,6,591,Genetic_bank,Clitoria tertanea,Herbaceous_legumes,43.13,80.59,174.64,50.93,2.91,18.57,19.27,33.66,66.2,0.44,6
F26-3294,CIAT-22768,6,595,Genetic_bank,Lablab purpureus,Herbaceous_legumes,41.13,87.76,192.92,57.87,3.0,16.65,17.5,33.75,59.03,0.37,6
F26-3295,CIAT-22598,6,597,Genetic_bank,Lablab purpureus,Herbaceous_legumes,42.21,84.76,185.28,63.74,3.44,17.53,30.79,57.67,88.11,0.8,6
F26-3296,CIAT-18701,6,599,JUAN CARDOSO,Cajanus cajan,Shrub_Trees,19.79,39.43,84.97,16.24,1.96,15.57,17.1,14.55,101.18,-0.09,6
F26-3297,CIAT-20891,6,601,JUAN CARDOSO,Cajanus cajan,Shrub_Trees,24.86,47.87,103.77,26.51,2.57,15.64,16.83,17.44,66.23,-0.31,6
F26-3298,CIAT-15551,6,603,Genetic_bank,Centrosema molle,Herbaceous_legumes,24.38,48.18,105.17,26.37,2.52,16.58,16.68,17.55,71.67,-0.61,6
F26-3299,CIAT-17009,6,605,Genetic_bank,Canavalia brasiliensis,Herbaceous_legumes,35.88,81.01,177.3,57.21,3.23,15.82,16.14,28.59,51.35,0.17,6
F26-3300,CIAT-17462,6,607,Genetic_bank,Canavalia brasiliensis,Herbaceous_legumes,33.29,77.51,169.45,58.51,3.45,16.2,15.92,26.98,46.61,0.76,6
F26-3301,CIAT-9432,6,609,Genetic_bank,Clitoria tertanea,Herbaceous_legumes,41.21,79.76,171.53,51.92,3.02,18.27,17.99,30.86,59.67,0.64,6
F26-3303,CIAT-22768,6,613,Genetic_bank,Lablab purpureus,Herbaceous_legumes,38.88,83.68,181.26,67.8,3.74,17.57,17.72,32.11,47.44,0.26,6
F26-3304,CIAT-22598,6,615,Genetic_bank,Lablab purpureus,Herbaceous_legumes,46.04,98.59,215.21,65.47,3.05,16.82,17.87,38.44,58.86,0.38,6
F26-3305,CIAT-18701,6,617,JUAN CARDOSO,Cajanus cajan,Shrub_Trees,28.86,59.37,124.48,40.76,3.27,16.5,18.2,22.69,55.63,2.0,6
F26-3306,CIAT-20891,6,619,JUAN CARDOSO,Cajanus cajan,Shrub_Trees,27.13,55.51,116.87,35.59,3.04,16.62,17.43,20.35,58.5,0.18,6
F26-3376,CIAT-17009,6,1065,Genetic_bank,Canavalia brasiliensis,Herbaceous_legumes,38.52,81.75,180.19,58.93,3.27,16.0,17.7,31.9,54.26,4.36,6
F26-3377,CIAT-17462,6,1067,Genetic_bank,Canavalia brasiliensis,Herbaceous_legumes,39.44,81.5,172.9,64.79,3.75,16.12,17.97,31.06,48.07,0.92,6
F26-3378,CIAT-13953,6,1069,JUAN CARDOSO,Desmodium velutinum,Shrub_Trees,33.6,66.25,138.63,51.55,3.76,16.5,17.46,24.18,46.88,-2.48,6
F26-3379,CIAT-9432,6,1071,Genetic_bank,Clitoria tertanea,Herbaceous_legumes,45.44,80.83,168.03,52.1,3.1,18.5,19.65,33.02,63.71,1.39,6
F26-3381,CIAT-22768,6,1075,Genetic_bank,Lablab purpureus,Herbaceous_legumes,44.69,89.92,190.14,67.45,3.55,17.58,18.25,34.7,51.52,0.68,6
F26-3382,CIAT-22598,6,1077,Genetic_bank,Lablab purpureus,Herbaceous_legumes,45.02,92.58,194.99,65.32,3.36,16.8,17.75,34.59,52.95,0.74,6
F26-3383,CIAT-18701,6,1079,JUAN CARDOSO,Cajanus cajan,Shrub_Trees,27.35,54.67,116.97,35.13,3.01,16.73,18.09,21.15,60.71,-2.58,6
F26-3384,CIAT-20891,6,1081,JUAN CARDOSO,Cajanus cajan,Shrub_Trees,27.69,57.33,120.83,36.45,3.02,17.02,18.08,21.84,60.25,0.11,6
F26-3385,CIAT-15551,6,1083,Genetic_bank,Centrosema molle,Herbaceous_legumes,28.52,56.5,118.8,38.56,3.25,16.43,16.76,19.9,51.71,-1.11,6
F26-3386,CIAT-13953,6,1085,JUAN CARDOSO,Desmodium velutinum,Shrub_Trees,29.52,62.75,133.44,45.71,3.43,16.87,17.58,23.45,51.47,11.73,6
F26-3387,CIAT-15551,6,1087,Genetic_bank,Centrosema molle,Herbaceous_legumes,22.69,46.67,98.49,32.22,3.28,17.0,17.14,16.88,52.59,-1.21,6
F26-4574,Cayman-Br-02-1752-Exp-VII-Gramíneas,6,1517,ISABEL MOLINA,Urochloa interespecific,Grass,33.34,81.16,176.47,54.58,3.1,15.58,15.86,28.0,51.51,0.38,6
F26-4575,Estrella-Exp-VII-Gramíneas,6,1519,ISABEL MOLINA,Cynodon nlemfuensis,,32.09,70.75,151.03,32.7,2.18,16.17,16.56,25.01,77.12,4.06,6
F26-4576,Mulato-Br-02-1752-Exp-VII-Gramíneas,6,1521,ISABEL MOLINA,Urochloa interespecific,Grass,36.51,85.75,182.57,43.26,2.37,15.55,15.62,28.51,66.2,0.64,6
F26-4577,Heno-Estrella,6,1523,ISABEL MOLINA,Cynodon nlemfuensis,,33.01,67.33,141.72,27.52,1.94,15.33,15.78,22.36,81.63,3.48,6
F26-4578,Heno-Estrella,6,1525,ISABEL MOLINA,Cynodon nlemfuensis,,36.26,71.41,151.15,31.32,2.08,16.17,16.49,24.91,79.82,0.67,6
F26-4724,CIAT-17009,6,1527,Genetic_bank,Canavalia brasiliensis,Herbaceous_legumes,43.59,87.41,186.83,60.76,3.25,15.1,16.72,31.23,51.6,1.44,6
F26-4725,CIAT-17462,6,1529,Genetic_bank,Canavalia brasiliensis,Herbaceous_legumes,43.0,86.91,183.69,62.94,3.43,15.9,17.32,31.81,50.63,-1.26,6
F26-4726,CIAT-13953,6,1531,JUAN CARDOSO,Desmodium velutinum,Shrub_Trees,43.59,79.33,164.71,53.67,3.25,15.43,17.18,28.28,53.53,0.95,6
F26-4727,CIAT-9432,6,1533,Genetic_bank,Clitoria tertanea,Herbaceous_legumes,48.42,87.16,183.08,56.08,3.08,16.67,18.1,33.2,60.17,0.7,6
F26-4729,CIAT-22768,6,1537,Genetic_bank,Lablab purpureus,Herbaceous_legumes,53.34,105.58,222.9,63.99,2.87,16.37,17.37,38.71,61.02,1.21,6
F26-4730,CIAT-22598,6,1539,Genetic_bank,Lablab purpureus,Herbaceous_legumes,51.34,96.24,201.5,63.0,3.13,16.65,17.74,35.75,56.95,0.69,6
F26-4731,CIAT-18701,6,1541,JUAN CARDOSO,Cajanus cajan,Shrub_Trees,29.37,54.29,114.75,21.58,1.87,15.3,16.55,18.99,94.48,-0.35,6
F26-4732,CIAT-20891,6,1543,JUAN CARDOSO,Cajanus cajan,Shrub_Trees,31.92,57.99,122.76,26.37,2.16,15.6,17.1,21.0,84.83,-0.65,6
F26-4733,CIAT-15551,6,1545,Genetic_bank,Centrosema molle,Herbaceous_legumes,36.17,68.69,141.71,39.7,2.81,15.98,16.78,23.77,61.36,-0.87,6
F26-4734,CIAT-17009,6,1547,Genetic_bank,Canavalia brasiliensis,Herbaceous_legumes,42.25,83.08,171.4,55.04,3.22,15.4,17.73,30.41,55.53,1.1,6
F26-4735,CIAT-17462,6,1549,Genetic_bank,Canavalia brasiliensis,Herbaceous_legumes,37.42,79.66,164.48,54.2,3.29,15.18,17.43,28.68,54.6,5.62,6
F26-4736,CIAT-17009,6,1551,Genetic_bank,Canavalia brasiliensis,Herbaceous_legumes,37.0,77.99,164.4,57.99,3.53,15.17,16.66,27.39,47.53,-3.64,6
F26-4737,CIAT-17462,6,1553,Genetic_bank,Canavalia brasiliensis,Herbaceous_legumes,42.33,86.99,182.5,55.09,3.03,15.55,17.53,31.96,58.37,-2.55,6
