id_lab,subset,no,requisitioner,id,tax_order,family,genus,species,tax_name,functional_group,set_ciat,batch,run,replication,syrange,information_remarks_1,information_remarks_2,gas_remarks_1,gas_remarks_2,digest_remarks_1,digest_remarks_2,delete,sample_weight_g,undigested_dm_g,dm_incubated,digested_feed_mg,net_gas_8h_ml,net_gas_24h_ml,ch4_8h_ml,ch4_24h_ml,ch4_percentage_in_gas_8h,ch4_percentage_in_gas_24h,gas_ml_g_dm_incubated_24h,part_fact,ch4_ml_g_dm_incubated_24h,ch4_ml_g_ndf_digested_24h,methane_intensity,tddm,n_replicates_gas
F24-3582,1,226,Breeding,CIAT-BR-02-1752,Poales,Poaceae,Urochloa,interespecific,Urochloa interespecific,Grass,4,10,1,1,1.0,F24 3548,"10, 11, 12",Embolo duro,,,,no,0.5,0.16,480.46,323.76,37.05,74.98,5.18,10.95,13.98,14.61,156.06,4.32,22.79,100.28,33.83,67.39,9
F24-3583,1,229,Breeding,CIAT-BR-02-1794,Poales,Poaceae,Urochloa,interespecific,Urochloa interespecific,Grass,4,10,1,1,1.0,F24 3549,,,,,,no,0.5,0.17,485.58,310.63,38.62,76.6,5.32,11.11,13.79,14.51,157.75,4.06,22.88,116.14,35.77,63.97,9
F24-3584,1,232,Breeding,CIAT-BR-06-0423,Poales,Poaceae,Urochloa,interespecific,Urochloa interespecific,Grass,4,10,1,1,1.0,F24 3550,,embolo duerome,,,,no,0.5,0.2,484.16,285.52,37.0,80.33,5.42,12.1,14.63,15.06,165.92,3.72,25.0,62.15,41.73,60.72,20
F24-3585,1,235,Breeding,CIAT-BR-09-1232,Poales,Poaceae,Urochloa,interespecific,Urochloa interespecific,Grass,4,10,1,1,1.0,F24 3551,,Embolo duro desde el llenado,,,,no,0.5,0.16,486.53,324.24,39.81,81.29,5.48,11.69,13.76,14.37,167.08,3.99,24.02,108.2,36.04,66.64,8
F24-3586,1,238,Breeding,CIAT-BR-12-4951,Poales,Poaceae,Urochloa,interespecific,Urochloa interespecific,Grass,4,10,1,1,1.0,F24 3552,,,,,,no,0.5,0.16,478.93,315.78,35.72,75.13,5.12,11.3,14.34,15.02,156.86,4.21,23.59,103.45,35.76,65.93,9
F24-3587,1,241,Breeding,CIAT-BR-15-0722,Poales,Poaceae,Urochloa,interespecific,Urochloa interespecific,Grass,4,10,1,1,1.0,F24 3553,,Embolo duro,,,,no,0.5,0.19,476.29,290.02,31.69,71.1,4.52,10.48,14.28,14.74,149.27,4.09,22.0,105.0,36.15,60.89,9
F24-3588,1,244,Breeding,CIAT-BR-15-6487,Poales,Poaceae,Urochloa,interespecific,Urochloa interespecific,Grass,4,10,1,1,1.0,F24 3554,,Embolo duro desde el llenado,,,,no,0.5,0.18,475.64,290.86,33.48,72.69,4.69,10.48,14.01,14.41,152.82,4.01,22.04,106.37,36.06,61.15,8
F24-3589,1,247,Breeding,CIAT-BR-19-0029,Poales,Poaceae,Urochloa,interespecific,Urochloa interespecific,Grass,4,10,1,1,1.0,F24 3555,,,,,,no,0.5,0.18,480.57,297.93,36.69,76.53,5.1,11.37,13.94,14.87,159.25,3.89,23.65,117.48,38.23,62.0,8
F24-3590,1,250,Breeding,CIAT-BR-19-0423,Poales,Poaceae,Urochloa,interespecific,Urochloa interespecific,Grass,4,10,1,1,1.0,F24 3556,,,,,,no,0.5,0.17,477.03,302.83,37.69,77.71,5.23,11.2,13.93,14.41,162.91,3.9,23.48,107.12,37.16,63.48,9
F24-3591,1,253,Breeding,CIAT-CIAT-6962,Poales,Poaceae,Megathyrsus,maximus,Megathyrsus maximus,Grass,4,10,1,1,1.0,F24 3557,,,,,,no,0.5,0.24,478.97,243.64,31.88,70.31,4.7,11.1,14.75,15.79,146.8,3.48,23.18,59.75,46.88,50.87,15
F24-3592,1,256,Breeding,CIAT-Mulato-II,Poales,Poaceae,Urochloa,interespecific,Urochloa interespecific,Grass,4,10,1,1,1.0,F24 3558,,Feed despues del clik,,,,no,0.5,0.17,483.69,315.95,33.95,73.8,4.81,10.8,14.21,14.64,152.58,4.29,22.32,91.55,34.27,65.32,9
F24-3592-,5,1763,Breeding,CIAT-Mulato-II,Poales,Poaceae,Urochloa,interespecific,Urochloa interespecific,Grass,37,86,1,1,0.0,,,RESIDUO DE MUESTRA DESPUES DEL CLIC 8H,,,,no,0.5,0.24,483.7,238.7,38.52,83.1,5.49,12.04,14.25,14.49,171.81,2.87,24.89,-4.0,50.96,49.35,6
F24-3593,1,259,Breeding,CIAT-PM-21-0215,Poales,Poaceae,Megathyrsus,maximus,Megathyrsus maximus,Grass,4,10,1,1,1.0,F24 3559,,,,,,no,0.5,0.22,480.43,263.03,32.08,68.24,4.74,11.02,14.81,16.18,142.05,3.86,22.94,115.48,41.92,54.75,9
F24-3594,1,262,Breeding,CIAT-PM-21-0631,Poales,Poaceae,Megathyrsus,maximus,Megathyrsus maximus,Grass,4,10,1,1,1.0,F24 3560,,Embolo duro 8h,,,,no,0.5,0.21,484.29,276.62,38.59,75.64,5.44,11.96,14.13,15.82,156.18,3.66,24.7,125.16,43.25,57.12,9
F24-3595,1,265,Breeding,CIAT-PM-21-2195,Poales,Poaceae,Megathyrsus,maximus,Megathyrsus maximus,Grass,4,10,1,1,1.0,F24 3561,,,,,,no,0.5,0.23,484.25,256.28,34.64,71.64,4.97,11.29,14.39,15.76,147.93,3.58,23.31,112.15,44.07,52.92,9
F24-3596,1,268,Breeding,CIAT-PM-21-3522,Poales,Poaceae,Megathyrsus,maximus,Megathyrsus maximus,Grass,4,10,1,1,1.0,F24 3562,,"Problemas en llenada, flata frasco par llenado. Esta en proceso de entrega.",,,,no,0.5,0.2,482.38,284.54,36.6,73.45,5.25,11.67,14.39,15.89,152.26,3.88,24.18,106.77,41.34,58.99,9
F24-3597,1,361,Breeding,CIAT-PM-21-3534,Poales,Poaceae,Megathyrsus,maximus,Megathyrsus maximus,Grass,5,13,1,1,1.0,F24 3563,"1,2.3",,,,,no,0.5,0.2,486.73,283.83,36.81,75.35,6.32,14.2,17.12,18.84,154.81,3.77,29.17,115.55,50.14,58.31,9
F24-3598,1,364,Breeding,CIAT-PM-21-3537,Poales,Poaceae,Megathyrsus,maximus,Megathyrsus maximus,Grass,5,13,1,1,1.0,F24 3564,,Embolo duro a las 8 h,,,,no,0.5,0.18,485.9,302.8,43.76,83.12,7.47,16.0,17.0,19.23,171.06,3.64,32.93,139.41,52.93,62.32,8
F24-3599,1,367,Breeding,CIAT-PM-21-3545,Poales,Poaceae,Megathyrsus,maximus,Megathyrsus maximus,Grass,5,13,1,1,1.0,F24 3565,,"Embolo duro 0h, despues de una hora de haber finalizado el llenado se obserba que la jeringa forza la subida del embolo, lo que ocasiona que se pierda liquido por la parte de arriba del embolo.",,,,no,0.5,0.2,485.93,282.84,38.09,75.85,6.45,14.4,16.87,18.98,156.09,3.73,29.64,141.19,51.18,58.21,7
F24-3600,1,370,Breeding,CIAT-PM-21-3670,Poales,Poaceae,Megathyrsus,maximus,Megathyrsus maximus,Grass,5,13,1,1,1.0,F24 3566,,"Embolo duro, 8h",,,,no,0.5,0.2,476.23,279.82,35.02,71.89,5.76,13.47,16.51,18.79,150.95,3.91,28.29,128.75,48.38,58.76,8
F24-3601,1,373,Breeding,CIAT-PM-21-6628,Poales,Poaceae,Megathyrsus,maximus,Megathyrsus maximus,Grass,5,13,1,1,1.0,F24 3567,,Embolo duro,,,,no,0.5,0.19,472.33,283.95,36.86,73.29,6.34,14.13,17.23,19.34,155.16,3.95,29.91,119.98,49.84,60.12,9
F24-3602,1,376,Breeding,CIAT-BH-08-1149,Poales,Poaceae,Urochloa,humidicola,Urochloa humidicola,Grass,5,13,1,1,1.0,F24 3568,,Muestra en el feed,,,,no,0.5,0.2,470.79,274.4,37.6,80.76,6.32,15.09,16.71,18.65,171.54,3.41,32.05,119.09,55.06,58.29,9
F24-3603,1,379,Breeding,CIAT-BH-16-0550,Poales,Poaceae,Urochloa,humidicola,Urochloa humidicola,Grass,5,13,1,1,1.0,F24 3569,,"Embolo duro 0h, despues de una hora de haber finalizado el llenado se obserba que la jeringa forza la subida del embolo, lo que ocasiona que se pierda liquido por la parte de arriba del embolo.",,,,no,0.5,0.21,476.15,269.31,38.92,85.33,6.36,15.6,16.28,18.26,179.21,3.16,32.77,128.43,58.06,56.56,9
F24-3604,1,382,Breeding,CIAT-BH-16-0562,Poales,Poaceae,Urochloa,humidicola,Urochloa humidicola,Grass,5,13,1,1,1.0,F24 3570,,Muestra en manguera,,,,no,0.5,0.21,479.32,270.43,40.82,86.64,6.48,15.63,15.85,18.02,180.76,3.13,32.61,125.98,57.88,56.42,8
F24-3605,1,385,Breeding,CIAT-BH-16-3249,Poales,Poaceae,Urochloa,humidicola,Urochloa humidicola,Grass,5,13,1,1,1.0,F24 3571,,,,,,no,0.5,0.2,481.89,284.64,39.61,86.22,6.43,15.67,16.17,18.16,178.91,3.31,32.52,115.99,55.41,59.07,9
F24-3606,1,388,Breeding,CIAT-BH-16-B-0733,Poales,Poaceae,Urochloa,humidicola,Urochloa humidicola,Grass,5,13,1,1,1.0,F24 3572,,Muestra en manguera 8h,,,,no,0.5,0.2,483.6,279.84,38.14,82.14,6.36,15.25,16.61,18.55,169.84,3.41,31.53,119.57,54.65,57.87,9
F24-3607,1,391,Breeding,CIAT-BH-16-B-0741,Poales,Poaceae,Urochloa,humidicola,Urochloa humidicola,Grass,5,13,1,1,1.0,F24 3573,,Embolo duro durante las 8H,,,,no,0.5,0.2,483.99,284.69,37.84,81.5,6.24,15.23,16.41,18.67,168.39,3.51,31.47,130.36,53.66,58.82,9
F24-3608,1,394,Breeding,CIAT-BH-16-B-1194,Poales,Poaceae,Urochloa,humidicola,Urochloa humidicola,Grass,5,13,1,1,1.0,F24 3574,,"Embolo duro, muestra en manguera 8H",,Bola rota en la parte inferior,,no,0.5,0.2,486.13,281.41,39.76,87.64,6.33,15.75,15.93,17.98,180.29,3.23,32.39,127.72,56.09,57.89,9
F24-3609,1,397,Breeding,CIAT-BH-16-B-1618,Poales,Poaceae,Urochloa,humidicola,Urochloa humidicola,Grass,5,13,1,1,1.0,F24 3575,,Embolo duro,,,,no,0.5,0.21,485.02,271.43,35.19,77.07,5.78,13.49,16.37,17.53,158.9,3.54,27.82,126.29,49.87,55.96,9
F24-3610,1,400,Breeding,CIAT-BH-16-B-1707,Poales,Poaceae,Urochloa,humidicola,Urochloa humidicola,Grass,5,13,1,1,1.0,F24 3576,,Contiene liquido de la solucion en la parte del embolo,,,,no,0.5,0.21,484.2,275.97,40.01,89.41,6.37,16.1,15.83,17.95,184.66,3.11,33.26,130.17,58.33,56.99,9
F24-3611,1,403,Breeding,CIAT-CIAT-16888,Poales,Poaceae,Urochloa,humidicola,Urochloa humidicola,Grass,5,13,1,1,1.0,F24 3577,,"Embolo duro, muestra en manguera 8H",,,,no,0.5,0.22,462.22,246.18,40.65,84.1,6.68,15.36,16.38,18.25,181.95,2.94,33.24,145.13,62.67,53.26,9
F25-0006,1,#REF!,LMF,Sample-6,Poales,Poaceae,Cynodon,nlemfuensis ,Cynodon nlemfuensis ,Grass,11,29,1,1,1.0,OMS,,,,,,no,0.5,0.31,473.11,162.71,24.93,64.72,3.59,10.1,14.4,15.61,136.79,2.51,21.35,0.0,65.0,34.39,3
F25-0008,2,102,LMF,Sample-8,Poales,Poaceae,Cynodon, nlemfuensis ,Cynodon nlemfuensis ,Grass,14,34,1,2,107.0,OT-001,"30,31,32",Muestra regada por encima del embolo 4H,,Bolsa sin tara a 105 °C,Bolsa sin tara a 105 °C,no,0.51,0.33,479.28,149.41,21.56,57.76,3.15,9.06,14.62,15.7,122.84,2.62,19.25,537.55,70.07,31.61,606
F25-0990,1,1081,Breeding,CIAT-PM-21-0053,Poales,Poaceae,Megathyrsus ,maximus,Megathyrsus maximus,Grass,9,23,1,1,1.0,,"11,12,13",,,,,no,0.5,0.23,479.17,246.44,34.66,72.78,5.09,11.95,14.63,16.41,151.89,3.39,24.93,141.09,49.04,51.43,9
F25-0991,1,1084,Breeding,CIAT-PM-21-3550,Poales,Poaceae,Megathyrsus ,maximus,Megathyrsus maximus,Grass,9,23,1,1,1.0,,T06,Cambio de filtro ,,,,no,0.5,0.27,483.58,218.14,32.84,66.14,4.82,10.98,14.62,16.61,136.77,3.3,22.72,172.84,50.76,45.11,9
F25-0992,1,1087,Breeding,CIAT-PM-21-3595,Poales,Poaceae,Megathyrsus ,maximus,Megathyrsus maximus,Grass,9,23,1,1,1.0,,,,,,,no,0.5,0.26,479.59,217.2,31.96,67.27,4.75,10.94,14.84,16.26,140.27,3.23,22.8,170.26,50.57,45.29,9
F25-0993,1,1090,Breeding,CIAT-PM-21-0086,Poales,Poaceae,Megathyrsus ,maximus,Megathyrsus maximus,Grass,9,23,1,1,1.0,,,,,,,no,0.5,0.27,487.71,222.51,34.86,69.24,5.18,11.48,14.82,16.59,141.97,3.21,23.55,189.58,51.77,45.62,9
F25-0994,1,1093,Breeding,CIAT-CIAT-16048,Poales,Poaceae,Megathyrsus ,maximus,Megathyrsus maximus,Grass,9,23,1,1,1.0,,,,,,,no,0.5,0.25,488.07,236.72,35.25,69.05,5.38,11.51,15.24,16.67,141.48,3.43,23.58,155.1,48.72,48.5,8
F25-0995,1,1096,Breeding,CIAT-PM-21-0185,Poales,Poaceae,Megathyrsus ,maximus,Megathyrsus maximus,Grass,9,23,1,1,1.0,,,Residuo de ,,,,no,0.5,0.26,482.74,226.37,34.76,69.19,5.0,11.41,14.37,16.5,143.33,3.29,23.63,195.92,50.84,46.89,9
F25-0996,1,1099,Breeding,CIAT-PM-21-0215,Poales,Poaceae,Megathyrsus ,maximus,Megathyrsus maximus,Grass,9,23,1,1,1.0,,,Embolo duro,,,,no,0.5,0.25,478.16,226.1,33.73,71.21,4.96,11.79,14.64,16.56,148.92,3.18,24.66,178.23,52.38,47.29,9
F25-0997,1,1102,Breeding,CIAT-CIAT-16051,Poales,Poaceae,Megathyrsus ,maximus,Megathyrsus maximus,Grass,9,23,1,1,1.0,,,,,,,no,0.5,0.26,481.18,220.34,35.25,69.49,5.28,11.73,14.93,16.89,144.4,3.17,24.38,212.21,53.87,45.79,9
F25-0998,1,1105,Breeding,CIAT-PM-21-6080,Poales,Poaceae,Megathyrsus ,maximus,Megathyrsus maximus,Grass,9,23,1,1,1.0,,,Embolo duro 24h,,,,no,0.5,0.26,482.05,221.19,32.2,64.81,4.86,10.91,15.08,16.84,134.46,3.47,22.64,-490.27,50.46,45.89,9
F25-0999,1,1108,Breeding,CIAT-PM-21-3684,Poales,Poaceae,Megathyrsus ,maximus,Megathyrsus maximus,Grass,9,23,1,1,1.0,,,Embolo duro 0h,,,,no,0.5,0.23,487.35,262.01,37.37,75.09,5.46,12.18,14.59,16.22,154.08,3.48,24.99,115.73,47.31,53.76,9
F25-1000,1,1111,Breeding,CIAT-PM-21-0076,Poales,Poaceae,Megathyrsus ,maximus,Megathyrsus maximus,Grass,9,23,1,1,1.0,,,,,,,no,0.5,0.25,474.82,226.06,35.2,71.8,5.26,12.07,14.89,16.81,151.21,3.16,25.42,81.03,56.0,47.61,9
F25-1001,1,1114,Breeding,CIAT-CIAT-6890,Poales,Poaceae,Megathyrsus ,maximus,Megathyrsus maximus,Grass,9,23,1,1,1.0,,,"Embolo duro, residuo muestra en el clip 24h",,,,no,0.5,0.23,481.0,253.73,34.66,73.91,4.99,11.98,14.33,16.21,153.66,3.43,24.91,104.95,47.38,52.75,9
F25-1002,1,1117,Breeding,CIAT-PM-21-6638,Poales,Poaceae,Megathyrsus ,maximus,Megathyrsus maximus,Grass,9,23,1,1,1.0,,,,,,,no,0.5,0.24,478.69,237.95,33.58,67.81,4.76,10.78,14.13,15.91,141.66,3.51,22.53,152.59,45.83,49.71,9
F25-1003,1,1120,Breeding,CIAT-PM-21-0052,Poales,Poaceae,Megathyrsus ,maximus,Megathyrsus maximus,Grass,9,23,1,1,1.0,,,,,,,no,0.5,0.24,477.33,240.61,33.83,70.08,4.83,11.35,14.21,16.2,146.81,3.43,23.78,164.15,47.43,50.41,9
F25-1004,1,1123,Breeding,CIAT-PM-21-4449,Poales,Poaceae,Megathyrsus ,maximus,Megathyrsus maximus,Grass,9,23,1,1,1.0,,,,,,,no,0.5,0.28,480.83,205.41,29.7,65.7,4.34,10.77,14.56,16.39,136.64,3.13,22.39,199.67,52.89,42.72,9
F25-1005,1,1126,Breeding,CIAT-CIAT-6799,Poales,Poaceae,Megathyrsus ,maximus,Megathyrsus maximus,Grass,9,23,1,1,1.0,,,Embolo duro,,,,no,0.5,0.28,480.43,202.27,26.99,64.22,4.04,10.42,14.92,16.22,133.68,3.15,21.69,175.55,51.97,42.1,9
F25-1006,1,1129,Breeding,CIAT-PM-21-0055,Poales,Poaceae,Megathyrsus ,maximus,Megathyrsus maximus,Grass,9,23,1,1,1.0,,,"Manguera rota 0h, se hace cambio de manguera, se pierde poquita muestra",,,,no,0.5,0.26,481.59,223.47,32.6,67.57,4.63,11.01,14.16,16.3,140.3,3.32,22.86,197.07,49.43,46.4,9
F25-1007,1,1132,Breeding,CIAT-PM-21-6529,Poales,Poaceae,Megathyrsus ,maximus,Megathyrsus maximus,Grass,9,23,1,1,1.0,,, residuo muestra despues del clip 24h,,,,no,0.5,0.26,483.06,226.13,30.63,65.85,4.36,10.54,14.17,15.99,136.31,3.44,21.82,165.2,46.72,46.81,9
F25-1008,1,1135,Breeding,CIAT-PM-21-0047,Poales,Poaceae,Megathyrsus ,maximus,Megathyrsus maximus,Grass,9,23,1,1,1.0,,,,,,,no,0.5,0.25,480.92,233.05,35.11,72.44,5.09,11.69,14.43,16.14,150.62,3.2,24.31,-90.3,50.93,48.46,9
F25-1009,1,1138,Breeding,CIAT-PM-21-2195,Poales,Poaceae,Megathyrsus ,maximus,Megathyrsus maximus,Grass,9,23,1,1,1.0,,,Residuo de muestra despues del clip 24h,,,,no,0.5,0.25,485.21,232.22,34.17,71.35,4.89,11.37,14.26,15.93,147.06,3.25,23.44,233.06,49.68,47.86,9
F25-1010,1,1141,Breeding,CIAT-PM-21-2627,Poales,Poaceae,Megathyrsus ,maximus,Megathyrsus maximus,Grass,9,23,1,1,1.0,,,,,,,no,0.5,0.25,487.12,233.32,29.84,64.13,4.28,10.24,14.24,15.97,131.64,3.65,21.03,154.9,43.9,47.9,9
F25-1011,1,1144,Breeding,CIAT-PM-21-0059,Poales,Poaceae,Megathyrsus ,maximus,Megathyrsus maximus,Grass,9,23,1,1,1.0,,,Residuo muestra despues del clip 24h,,,,no,0.5,0.25,487.92,239.07,33.73,69.68,4.82,11.42,14.2,16.39,142.81,3.44,23.4,282.6,48.85,49.0,9
F25-1012,1,1147,Breeding,CIAT-PM-21-3522,Poales,Poaceae,Megathyrsus ,maximus,Megathyrsus maximus,Grass,9,23,1,1,1.0,,,,,,,no,0.5,0.28,486.03,210.97,32.7,66.83,4.52,10.45,13.74,15.62,137.5,3.17,21.5,152.24,50.63,43.41,9
F25-1013,1,1150,Breeding,CIAT-PM-21-0062,Poales,Poaceae,Megathyrsus ,maximus,Megathyrsus maximus,Grass,9,23,1,1,1.0,,,,,,,no,0.5,0.27,490.97,222.78,35.01,72.83,4.91,11.52,13.96,15.8,148.33,3.08,23.46,177.35,51.57,45.38,9
F25-1014,1,1153,Breeding,CIAT-PM-21-0906,Poales,Poaceae,Megathyrsus ,maximus,Megathyrsus maximus,Grass,9,23,1,1,1.0,,,Embolo duro,,,,no,0.5,0.25,487.43,236.91,32.84,66.83,4.53,10.41,13.73,15.55,137.11,3.55,21.35,142.26,43.95,48.6,9
F25-1701,2,633,Breeding,CIAT-BR-12-1362,Poales,Poaceae,Urochloa,interespecific,Urochloa interespecific,Grass,16,40,1,1,4.0,,,,,,,no,0.5,0.16,462.5,297.9,26.87,78.02,3.26,10.73,11.96,13.75,168.69,3.83,23.2,314.52,36.67,64.41,9
F25-1702,2,636,Breeding,CIAT-BR-12-2462,Poales,Poaceae,Urochloa,interespecific,Urochloa interespecific,Grass,16,40,1,1,7.0,,,,,,,no,0.5,0.21,478.78,269.1,23.92,73.55,3.13,9.63,12.94,13.07,153.63,3.68,20.12,416.36,35.78,56.21,9
F25-1703,2,639,Breeding,CIAT-BR-12-3868,Poales,Poaceae,Urochloa,interespecific,Urochloa interespecific,Grass,16,40,1,1,10.0,,,,,,,no,0.5,0.21,471.0,263.2,19.25,64.8,2.18,8.78,11.08,13.51,137.58,4.08,18.64,635.54,33.46,55.88,9
F25-1704,2,642,Breeding,CIAT-BR-15-2558,Poales,Poaceae,Urochloa,interespecific,Urochloa interespecific,Grass,16,40,1,1,13.0,,,,,,,no,0.5,0.2,466.41,267.37,27.9,74.39,3.43,10.2,12.19,13.73,159.49,3.6,21.86,437.12,38.25,57.33,9
F25-1705,2,645,Breeding,CIAT-BR-15-2811,Poales,Poaceae,Urochloa,interespecific,Urochloa interespecific,Grass,16,40,1,1,16.0,,,,,,,no,0.5,0.2,468.29,266.12,24.56,73.21,2.97,9.65,11.99,13.19,156.33,3.64,20.6,164.51,36.8,56.83,9
F25-1706,2,648,Breeding,CIAT-BR-15-2891,Poales,Poaceae,Urochloa,interespecific,Urochloa interespecific,Grass,16,40,1,1,19.0,,,,,,,no,0.5,0.21,468.99,257.62,25.98,73.5,3.43,10.32,13.08,14.05,156.73,3.51,22.0,501.48,40.25,54.93,9
F25-1707,2,651,Breeding,CIAT-BR-19-1343,Poales,Poaceae,Urochloa,interespecific,Urochloa interespecific,Grass,16,40,1,1,22.0,,,,,,,no,0.5,0.23,470.72,238.25,22.84,69.33,2.73,9.22,11.84,13.31,147.28,3.45,19.58,772.29,39.18,50.61,9
F25-1708,2,654,Breeding,CIAT-CIAT-26110,Poales,Poaceae,Urochloa,interespecific,Urochloa interespecific,Grass,16,40,1,1,25.0,,,,,,,no,0.5,0.24,469.63,232.15,26.33,76.06,3.53,11.04,13.28,14.5,161.96,3.07,23.5,560.8,48.14,49.43,9
F25-1709,2,657,Breeding,CIAT-CIAT-26646,Poales,Poaceae,Urochloa,interespecific,Urochloa interespecific,Grass,16,40,1,1,28.0,,,,,,,no,0.5,0.24,468.01,229.7,25.3,73.85,2.97,10.16,11.56,13.74,157.8,3.13,21.7,-2378.79,45.13,49.08,9
F25-1710,2,660,Breeding,CIAT-CIAT-6297,Poales,Poaceae,Urochloa,interespecific,Urochloa interespecific,Grass,16,40,1,1,31.0,,,,,,,no,0.5,0.25,475.7,224.88,26.38,74.14,3.44,10.58,12.91,14.27,155.86,3.05,22.25,121.18,50.2,47.27,9
F25-1711,2,663,Breeding,CIAT-BR-12-4400,Poales,Poaceae,Urochloa,interespecific,Urochloa interespecific,Grass,16,40,1,1,34.0,,,,,,,no,0.5,0.22,469.93,250.75,31.79,79.75,3.98,11.15,12.41,13.98,169.7,3.15,23.73,-190.18,46.5,53.36,9
F25-1712,2,666,Breeding,CIAT-BR-15-3434,Poales,Poaceae,Urochloa,interespecific,Urochloa interespecific,Grass,16,40,1,1,37.0,,,,,,,no,0.5,0.23,473.46,240.0,30.8,79.21,4.1,11.24,13.16,14.18,167.29,3.04,23.74,377.24,49.11,50.69,9
F25-1713,2,669,Breeding,CIAT-BR-15-3811,Poales,Poaceae,Urochloa,interespecific,Urochloa interespecific,Grass,16,40,1,1,40.0,,,,,,,no,0.5,0.24,481.79,239.43,35.67,79.95,4.55,10.97,12.68,13.72,165.94,3.01,22.77,428.1,48.25,49.7,9
F25-1714,2,672,Breeding,CIAT-BR-15-6547,Poales,Poaceae,Urochloa,interespecific,Urochloa interespecific,Grass,16,40,1,1,43.0,,,,,,,no,0.5,0.23,473.94,239.05,26.62,69.67,3.28,9.56,12.37,13.83,147.0,3.52,20.18,178.65,41.87,50.44,9
F25-1715,2,675,Breeding,CIAT-BR-15-7121,Poales,Poaceae,Urochloa,interespecific,Urochloa interespecific,Grass,16,40,1,1,46.0,,,,,,,no,0.5,0.25,474.3,226.52,32.03,80.04,3.86,11.28,11.98,14.1,168.76,2.84,23.78,-4332.82,50.81,47.76,9
F25-1716,2,678,Breeding,CIAT-BR-15-8887,Poales,Poaceae,Urochloa,interespecific,Urochloa interespecific,Grass,16,40,1,1,49.0,,,,,,,no,0.5,0.23,474.13,245.46,34.19,79.73,4.3,11.39,12.51,14.3,168.17,3.08,24.02,721.78,46.78,51.77,7
F25-1717,2,683,Breeding,CIAT-BR-19-4678,Poales,Poaceae,Urochloa,interespecific,Urochloa interespecific,Grass,16,40,1,1,54.0,,,,,,,no,0.5,0.24,464.05,221.94,37.58,81.31,4.83,11.29,12.79,13.9,175.22,2.73,24.34,-2899.73,51.68,47.83,9
F25-1718,2,686,Breeding,CIAT-BR-19-5029,Poales,Poaceae,Urochloa,interespecific,Urochloa interespecific,Grass,16,40,1,1,57.0,,,,,,,no,0.5,0.23,478.29,245.54,33.2,75.98,4.37,10.95,13.11,14.43,158.86,3.24,22.89,640.87,45.62,51.34,9
F25-1719,2,689,Breeding,CIAT-BR-19-5357,Poales,Poaceae,Urochloa,interespecific,Urochloa interespecific,Grass,16,40,1,1,60.0,,,,,,,no,0.5,0.24,473.02,229.28,31.28,77.08,4.04,10.97,12.81,14.24,162.95,2.97,23.2,535.86,49.66,48.47,9
F25-1720,2,692,Breeding,CIAT-BR-19-5381,Poales,Poaceae,Urochloa,interespecific,Urochloa interespecific,Grass,16,40,1,1,63.0,,,,,,,no,0.5,0.25,473.1,225.01,27.79,70.49,3.45,9.89,12.34,14.04,149.01,3.19,20.9,242.36,46.28,47.56,9
F25-1721,2,695,Breeding,CIAT-BR-02-0465,Poales,Poaceae,Urochloa,interespecific,Urochloa interespecific,Grass,16,40,1,1,66.0,,,,,,,no,0.5,0.27,484.57,211.66,28.28,75.07,3.46,10.6,12.13,14.13,154.91,2.82,21.88,-3662.28,51.44,43.68,9
F25-1722,2,698,Breeding,CIAT-BR-04-3025,Poales,Poaceae,Urochloa,interespecific,Urochloa interespecific,Grass,16,40,1,1,70.0,,,,,,,no,0.5,0.25,479.43,233.89,31.48,85.24,4.25,12.47,13.46,14.64,177.8,2.74,26.01,661.54,54.31,48.78,9
F25-1723,2,701,Breeding,CIAT-BR-05-1435,Poales,Poaceae,Urochloa,interespecific,Urochloa interespecific,Grass,16,40,1,1,73.0,,,,,,,no,0.5,0.27,480.61,209.0,21.01,65.72,2.63,9.37,12.36,14.27,136.75,3.19,19.49,1725.24,45.58,43.49,9
F25-1724,2,704,Breeding,CIAT-BR-09-3660,Poales,Poaceae,Urochloa,interespecific,Urochloa interespecific,Grass,16,40,1,1,76.0,,,,,,,no,0.5,0.25,481.51,227.53,31.66,72.95,4.12,10.39,12.94,14.27,151.51,3.13,21.58,-144.07,47.59,47.25,8
F25-1725,2,707,Breeding,CIAT-BR-19-1264,Poales,Poaceae,Urochloa,interespecific,Urochloa interespecific,Grass,16,40,1,1,79.0,,,,,,,no,0.5,0.26,481.74,218.98,30.95,74.26,3.86,10.61,12.4,14.3,154.14,2.95,22.02,-2093.71,49.0,45.46,8
F25-1726,2,710,Breeding,CIAT-BR-19-5217,Poales,Poaceae,Urochloa,interespecific,Urochloa interespecific,Grass,16,40,1,1,82.0,,,,,,,no,0.5,0.26,481.37,217.0,32.28,76.31,4.14,10.84,12.76,14.24,158.52,2.84,22.52,-349.67,50.98,45.08,7
F25-1727,2,713,Breeding,CIAT-CIAT-26124,Poales,Poaceae,Urochloa,interespecific,Urochloa interespecific,Grass,16,40,1,1,85.0,,,,,,,no,0.5,0.27,480.31,210.3,29.91,75.07,4.06,10.77,13.51,14.36,156.29,2.81,22.42,219.87,53.17,43.78,9
F25-2077,2,1596,Breeding,CIAT-PM-21-3535,Poales,Poaceae,Megathyrsus,maximus,Megathyrsus maximus,Grass,19,49,1,1,114.0,,"36,37,38",,,,,no,0.54,0.24,513.64,276.94,34.17,73.66,4.82,11.43,14.12,15.52,143.47,3.78,22.25,353.08,41.28,53.93,9
F25-2078,2,1599,Breeding,CIAT-PM-21-6106,Poales,Poaceae,Megathyrsus,maximus,Megathyrsus maximus,Grass,19,49,1,1,117.0,,"36,37,38",,,,,no,0.54,0.21,505.3,297.18,35.74,74.98,5.19,12.01,14.51,16.02,148.35,3.97,23.76,317.94,40.45,58.82,9
F25-2079,2,1602,Breeding,CIAT-PM-21-2580,Poales,Poaceae,Megathyrsus,maximus,Megathyrsus maximus,Grass,19,49,1,1,120.0,,"36,37,38",,,,,no,0.53,0.2,500.39,301.62,39.92,83.49,5.48,12.84,13.72,15.38,166.82,3.62,25.66,331.76,42.58,60.3,9
F25-2080,2,1605,Breeding,CIAT-CIAT-16031,Poales,Poaceae,Megathyrsus,maximus,Megathyrsus maximus,Grass,19,49,1,1,123.0,,"36,37,38",,,,,no,0.54,0.22,508.99,284.61,37.91,78.82,5.25,12.2,13.86,15.49,154.9,3.62,23.98,374.13,42.96,55.93,9
F25-2081,2,1608,Breeding,CIAT-CIAT-26936,Poales,Poaceae,Megathyrsus,maximus,Megathyrsus maximus,Grass,19,49,1,1,126.0,,"36,37,38",,,,,no,0.55,0.24,520.86,279.91,35.2,77.93,5.08,12.27,14.43,15.75,149.63,3.62,23.56,414.3,44.14,53.71,9
F25-2082,2,1611,Breeding,CIAT-PM-21-0074,Poales,Poaceae,Megathyrsus,maximus,Megathyrsus maximus,Grass,19,49,1,1,129.0,,"36,37,38",,,,,no,0.55,0.23,519.52,285.13,39.19,77.0,5.45,11.83,13.9,15.36,148.38,3.73,22.79,411.41,41.79,54.87,9
F25-2083,2,1614,Breeding,CIAT-PM-21-0072,Poales,Poaceae,Megathyrsus,maximus,Megathyrsus maximus,Grass,19,49,1,1,132.0,,"36,37,38",,,,,no,0.55,0.24,511.32,271.64,36.88,75.82,5.0,11.56,13.57,15.25,148.52,3.59,22.66,406.95,42.67,53.17,9
F25-2084,2,1617,Breeding,CIAT-PM-21-6598,Poales,Poaceae,Megathyrsus,maximus,Megathyrsus maximus,Grass,19,49,1,1,135.0,,"36,37,38",,,,,no,0.55,0.25,516.63,262.29,38.84,79.75,5.23,12.12,13.47,15.17,154.46,3.29,23.48,510.25,46.34,50.76,9
F25-2085,2,1620,Breeding,CIAT-PM-21-6647,Poales,Poaceae,Megathyrsus,maximus,Megathyrsus maximus,Grass,19,49,1,1,138.0,,"36,37,38",,,,,no,0.55,0.25,511.7,258.22,39.38,80.2,5.57,12.41,14.16,15.47,156.84,3.22,24.27,525.5,48.25,50.51,9
F25-2086,2,1623,Breeding,CIAT-PM-21-0819,Poales,Poaceae,Megathyrsus,maximus,Megathyrsus maximus,Grass,19,49,1,1,141.0,,"36,37,38",,,,,no,0.55,0.24,505.26,261.99,38.45,79.36,5.3,12.11,13.78,15.26,157.27,3.31,23.99,605.8,46.72,51.88,9
F25-2087,2,1626,Breeding,CIAT-CIAT-16021,Poales,Poaceae,Megathyrsus,maximus,Megathyrsus maximus,Grass,19,49,1,1,144.0,,"36,37,38",,,,,no,0.54,0.29,514.35,220.82,34.17,75.13,5.01,12.16,14.68,16.19,146.11,2.95,23.65,759.07,55.86,42.94,9
F25-2088,2,1629,Breeding,CIAT-PM-21-6640,Poales,Poaceae,Megathyrsus,maximus,Megathyrsus maximus,Grass,19,49,1,1,147.0,,"36,37,38",,,,,no,0.55,0.26,512.62,255.72,32.89,72.58,4.51,11.27,13.7,15.53,141.63,3.53,22.0,495.42,44.24,49.86,9
F25-2089,2,1632,Breeding,CIAT-PM-21-0065,Poales,Poaceae,Megathyrsus,maximus,Megathyrsus maximus,Grass,19,49,1,1,150.0,,"36,37,38",,,,,no,0.55,0.26,519.92,257.85,40.66,81.18,5.75,12.61,14.13,15.53,156.15,3.18,24.25,680.46,49.51,49.57,9
F25-2090,2,1635,Breeding,CIAT-PM-21-6629,Poales,Poaceae,Megathyrsus,maximus,Megathyrsus maximus,Grass,19,49,1,1,153.0,,"36,37,38",,,,,no,0.55,0.29,520.6,233.73,32.16,72.28,4.39,10.96,13.68,15.16,139.03,3.25,21.07,562.9,47.95,44.82,9
F25-2091,2,1638,Breeding,CIAT-PM-21-6641,Poales,Poaceae,Megathyrsus,maximus,Megathyrsus maximus,Grass,19,49,1,1,156.0,,"36,37,38",,,,,no,0.55,0.25,516.11,265.71,43.51,81.33,6.26,12.84,14.36,15.8,157.42,3.3,24.86,587.0,48.44,51.47,9
F25-2092,2,1641,Breeding,CIAT-CIAT-16025,Poales,Poaceae,Megathyrsus,maximus,Megathyrsus maximus,Grass,19,49,1,1,159.0,,"36,37,38",,,,,no,0.54,0.27,500.73,229.61,33.68,73.02,4.52,10.94,13.42,14.98,145.85,3.14,21.85,211.76,49.69,45.83,9
F25-2093,2,1646,Breeding,CIAT-PM-21-0070,Poales,Poaceae,Megathyrsus,maximus,Megathyrsus maximus,Grass,19,49,1,1,164.0,,"36,37,38",,,,,no,0.55,0.24,517.92,280.64,36.73,82.81,5.0,12.71,13.62,15.34,159.86,3.39,24.54,431.25,45.53,54.14,6
F25-2094,2,1650,Breeding,CIAT-PM-21-4926,Poales,Poaceae,Megathyrsus,maximus,Megathyrsus maximus,Grass,19,49,1,2,168.0,,"36,37,38",,,,,no,0.54,0.3,503.17,200.5,26.13,65.23,3.75,10.28,14.4,15.78,129.84,3.07,20.46,335.98,53.71,39.9,7
F25-2095,2,1652,Breeding,CIAT-PM-21-3662,Poales,Poaceae,Megathyrsus,maximus,Megathyrsus maximus,Grass,19,49,1,1,170.0,,"36,37,38",,,,,no,0.55,0.22,515.54,297.13,34.42,79.02,4.71,12.06,13.7,15.27,153.44,3.76,23.41,340.45,40.94,57.71,6
F25-2096,3,80,Breeding,CIAT-PM-21-4448,Poales,Poaceae,Megathyrsus,maximus,Megathyrsus maximus,Grass,23,46,1,1,80.0,OT-013,,,,,,no,0.5,0.25,477.72,202.6,41.32,86.89,5.46,12.72,13.27,14.66,183.14,2.58,26.8,281.71,59.28,47.46,9
F25-2097,2,1658,Breeding,CIAT-PM-21-0079,Poales,Poaceae,Megathyrsus,maximus,Megathyrsus maximus,Grass,19,49,1,1,176.0,,"36,37,38",,,,,no,0.55,0.27,514.73,247.61,33.71,77.31,4.51,11.55,13.37,14.95,150.26,3.21,22.46,1407.98,48.6,48.02,7
F25-2098,2,1661,Breeding,CIAT-CIAT-6986,Poales,Poaceae,Megathyrsus,maximus,Megathyrsus maximus,Grass,19,49,1,1,179.0,,"36,37,38",,,,,no,0.54,0.28,501.93,226.71,30.62,72.38,4.17,10.92,13.64,15.09,144.4,3.2,21.78,1079.45,51.0,45.09,7
F25-2099,2,1665,Breeding,CIAT-PM-21-4852,Poales,Poaceae,Megathyrsus,maximus,Megathyrsus maximus,Grass,19,49,1,2,183.0,,"36,37,38",,,,,no,0.55,0.3,513.51,209.0,30.85,73.03,4.27,11.14,13.85,15.26,142.42,2.88,21.72,636.57,53.27,40.75,6
F25-2100,2,1667,Breeding,CIAT-PM-21-0078,Poales,Poaceae,Megathyrsus,maximus,Megathyrsus maximus,Grass,19,49,1,1,185.0,,"36,37,38",,,,,no,0.55,0.29,509.74,218.21,32.45,72.57,4.45,11.08,13.74,15.27,142.62,3.01,21.76,1497.75,50.97,42.9,7
F25-2101,3,83,Breeding,CIAT-CIAT-16071,Poales,Poaceae,Megathyrsus,maximus,Megathyrsus maximus,Grass,23,46,1,1,83.0,OT-013,,,,,,no,0.5,0.28,465.36,179.47,32.1,78.51,4.26,11.91,13.28,15.18,167.22,2.39,25.37,329.54,70.27,39.76,9
F25-2102,2,1673,Breeding,CIAT-PM-21-0876,Poales,Poaceae,Megathyrsus,maximus,Megathyrsus maximus,Grass,19,49,1,1,191.0,,"36,37,38",,,,,no,0.55,0.3,509.96,210.25,32.18,73.02,4.32,10.89,13.43,14.91,143.37,2.89,21.38,469.14,53.15,41.2,7
F25-2103,2,1677,Breeding,CIAT-PM-21-3641,Poales,Poaceae,Megathyrsus,maximus,Megathyrsus maximus,Grass,19,49,1,2,195.0,,"36,37,38",,,,,no,0.56,0.32,522.23,202.87,32.41,71.93,4.35,10.8,13.44,15.02,137.93,2.84,20.72,180.62,58.19,38.93,8
F25-2104,4,1066,Breeding,CIAT-BR-06-1348,Poales,Poaceae,Urochloa,interespecific,Urochloa interespecific,Grass,30,64,1,1,200.0,,,Cambio de manguera,,Cambio de manguera,,no,0.5,0.21,465.73,254.2,39.3,89.04,5.29,12.99,13.46,14.59,191.18,2.86,27.9,0.63,51.5,54.58,7
F25-2105,3,86,Breeding,CIAT-BR-09-4467,Poales,Poaceae,Urochloa,interespecific,Urochloa interespecific,Grass,23,46,1,1,86.0,OT-013,,,,,,no,0.5,0.27,461.79,200.24,36.65,84.67,4.65,12.1,12.71,14.34,182.92,2.32,26.13,311.09,67.18,42.32,9
F25-2106,2,1685,Breeding,CIAT-BR-09-4777,Poales,Poaceae,Urochloa,interespecific,Urochloa interespecific,Grass,19,49,1,1,203.0,,"36,37,38",,,,,no,0.56,0.31,521.75,210.48,37.22,78.66,4.69,10.96,12.62,13.94,150.74,2.7,21.01,808.57,56.87,40.4,6
F25-2107,2,1911,Breeding,CIAT-BR-12-0255,Poales,Poaceae,Urochloa,interespecific,Urochloa interespecific,Grass,20,52,1,1,3.0,,"39,40,41",,,,,no,0.54,0.2,494.1,297.19,32.33,79.54,3.98,11.1,12.31,13.96,161.2,3.74,22.48,374.33,37.48,60.12,9
F25-2108,2,1914,Breeding,CIAT-BR-12-0461,Poales,Poaceae,Urochloa,interespecific,Urochloa interespecific,Grass,20,52,1,1,6.0,,"39,40,41",,,,,no,0.55,0.2,510.63,314.83,31.39,82.44,3.94,11.76,12.52,14.27,161.63,3.83,23.06,335.97,37.7,61.59,9
F25-2109,2,1917,Breeding,CIAT-BR-12-1620,Poales,Poaceae,Urochloa,interespecific,Urochloa interespecific,Grass,20,52,1,1,9.0,,"39,40,41",,,,,no,0.56,0.21,519.43,313.03,33.11,80.13,4.11,11.15,12.4,13.92,154.48,3.92,21.48,345.79,36.04,60.13,9
F25-2110,2,1920,Breeding,CIAT-BR-12-1889,Poales,Poaceae,Urochloa,interespecific,Urochloa interespecific,Grass,20,52,1,1,12.0,,"39,40,41",,,,,no,0.56,0.22,513.74,298.18,31.2,77.57,3.63,10.88,11.64,14.03,151.26,3.85,21.2,408.05,36.64,57.99,9
F25-2111,2,1923,Breeding,CIAT-BR-12-4039,Poales,Poaceae,Urochloa,interespecific,Urochloa interespecific,Grass,20,52,1,1,15.0,,"39,40,41",,,,,no,0.56,0.23,519.47,292.02,30.95,77.67,3.79,11.09,12.23,14.28,149.66,3.76,21.38,385.12,38.13,56.17,9
F25-2112,2,1926,Breeding,CIAT-BR-12-4856,Poales,Poaceae,Urochloa,interespecific,Urochloa interespecific,Grass,20,52,1,1,18.0,,"39,40,41",,,,,no,0.55,0.26,511.39,253.88,28.93,72.71,3.63,10.26,12.56,14.1,142.33,3.49,20.06,522.87,40.7,49.54,9
F25-2113,2,1929,Breeding,CIAT-BR-12-5049,Poales,Poaceae,Urochloa,interespecific,Urochloa interespecific,Grass,20,52,1,1,21.0,,"39,40,41",,,,,no,0.56,0.25,512.71,259.3,32.03,79.05,4.09,11.53,12.74,14.58,154.29,3.29,22.5,731.11,44.66,50.57,9
F25-2114,2,1932,Breeding,CIAT-BR-15-1851,Poales,Poaceae,Urochloa,interespecific,Urochloa interespecific,Grass,20,52,1,1,24.0,,"39,40,41",,,,,no,0.56,0.25,518.03,264.93,33.8,82.64,4.33,11.87,12.8,14.36,159.61,3.2,22.93,-932.56,45.29,51.12,9
F25-2115,2,1935,Breeding,CIAT-BR-15-3025,Poales,Poaceae,Urochloa,interespecific,Urochloa interespecific,Grass,20,52,1,1,27.0,,"39,40,41",,,,,no,0.56,0.25,515.65,269.53,33.56,79.93,4.31,11.42,12.84,14.28,155.12,3.37,22.16,594.46,42.43,52.27,9
F25-2116,2,1938,Breeding,CIAT-BR-15-3248,Poales,Poaceae,Urochloa,interespecific,Urochloa interespecific,Grass,20,52,1,1,30.0,,"39,40,41",,,,,no,0.56,0.24,518.85,281.83,31.79,78.46,4.04,11.36,12.69,14.48,151.16,3.61,21.89,535.61,40.34,54.32,9
F25-2117,2,1941,Breeding,CIAT-BR-15-7659,Poales,Poaceae,Urochloa,interespecific,Urochloa interespecific,Grass,20,52,1,1,33.0,,"39,40,41",,,,,no,0.56,0.25,523.01,277.34,32.92,80.47,4.08,11.33,12.39,14.07,153.95,3.44,21.66,617.08,41.22,52.92,9
F25-2118,2,1944,Breeding,CIAT-BR-15-8919,Poales,Poaceae,Urochloa,interespecific,Urochloa interespecific,Grass,20,52,1,1,36.0,,"39,40,41",,,,,no,0.54,0.25,505.84,257.85,29.97,79.2,3.73,11.11,12.42,14.02,156.59,3.26,21.96,525.21,43.24,50.93,9
F25-2119,2,1947,Breeding,CIAT-BR-19-5515,Poales,Poaceae,Urochloa,interespecific,Urochloa interespecific,Grass,20,52,1,1,39.0,,"39,40,41",,,,,no,0.54,0.24,494.57,257.24,33.06,82.64,4.09,11.6,12.34,14.04,167.18,3.12,23.48,600.3,45.3,52.02,9
F25-2120,2,1950,Breeding,CIAT-BR-19-5877,Poales,Poaceae,Urochloa,interespecific,Urochloa interespecific,Grass,20,52,1,1,42.0,,"39,40,41",,,,,no,0.55,0.25,509.62,254.83,32.43,80.92,4.12,11.53,12.69,14.25,158.91,3.15,22.63,1363.61,46.91,50.02,9
F25-2121,2,1953,Breeding,CIAT-BR-19-6136,Poales,Poaceae,Urochloa,interespecific,Urochloa interespecific,Grass,20,52,1,1,45.0,,"39,40,41",,,,,no,0.55,0.27,508.47,234.31,32.03,78.56,4.05,11.11,12.63,14.14,154.62,2.98,21.86,-1421.48,48.9,46.05,9
F25-2136,3,646,Benchmark,CIAT-6962-Mombaza-Ex,Poales,Poaceae,Megathyrsus ,maximus,Megathyrsus maximus,Grass,25,52,1,2,115.0,OT-018,,,,,,no,0.5,0.29,484.83,187.58,36.57,79.72,4.65,10.19,12.72,12.75,164.44,2.42,21.01,261.25,53.88,39.84,6
F25-2137,3,648,Benchmark,CIAT-606-Basilisk-Opt,Poales,Poaceae,Urochloa,interespecific,Urochloa interespecific,Grass,25,52,1,1,117.0,OT-018,,,,,,no,0.5,0.25,484.17,258.33,35.96,85.47,4.69,11.98,13.06,14.05,176.46,2.74,24.73,254.39,52.51,48.32,9
F25-2138,3,651,Benchmark,CIAT-6294-Marandu-Opt,Poales,Poaceae,Urochloa,interespecific,Urochloa interespecific,Grass,25,52,1,1,120.0,OT-018,,,,,,no,0.5,0.25,480.75,198.04,34.79,89.71,4.55,12.3,13.08,13.72,186.16,2.63,25.53,263.1,54.61,48.61,9
F25-2139,3,654,Benchmark,CIAT-36087-MulatoII-Opt,Poales,Poaceae,Urochloa,interespecific,Urochloa interespecific,Grass,25,52,1,1,123.0,OT-018,,,,Embolo duro 24h,,no,0.5,0.23,484.95,255.06,37.44,87.86,4.82,11.98,12.86,13.63,181.58,2.88,24.75,237.77,49.16,51.91,8
F25-2140,3,657,Benchmark,CIAT-6133-Llanero-Opt,Poales,Poaceae,Urochloa,humidicola,Urochloa humidicola,Grass,25,52,1,1,126.0,OT-018,,,,,,no,0.5,0.25,487.19,223.51,36.02,84.97,4.8,11.78,13.33,13.86,174.7,2.79,24.21,247.09,50.79,48.53,9
F25-2141,3,660,Benchmark,CIAT-6962-Mombaza-Opt,Poales,Poaceae,Megathyrsus ,maximus,Megathyrsus maximus ,Grass,25,52,1,1,129.0,OT-018,,,,En la primera agitación se observa líquido por la parte superior del embolo 0h,,no,0.5,0.27,487.82,218.34,37.9,84.2,4.93,11.86,13.03,14.08,172.66,2.58,24.32,271.88,55.76,44.44,9
F25-2144,2,2226,Breeding,CIAT-BH-16-1763,Poales,Poaceae,Urochloa,humidicola,Urochloa humidicola,Grass,21,55,1,1,3.0,,"42,43,44",,,,,no,0.54,0.24,527.98,283.07,34.96,84.49,4.29,11.68,12.28,13.81,160.34,3.35,22.18,382.68,41.73,53.52,9
F25-2145,2,2229,Breeding,CIAT-BH-16-B-2165,Poales,Poaceae,Urochloa,humidicola,Urochloa humidicola,Grass,21,55,1,1,6.0,,"42,43,44",,,,,no,0.55,0.24,534.85,293.42,34.37,88.67,4.32,12.64,12.58,14.25,166.23,3.32,23.72,350.1,43.54,54.76,9
F25-2146,2,2232,Breeding,CIAT-BH-16-B-2167,Poales,Poaceae,Urochloa,humidicola,Urochloa humidicola,Grass,21,55,1,1,9.0,,"42,43,44",,,,,no,0.55,0.27,541.74,270.86,31.61,83.66,4.0,11.6,12.67,13.87,154.42,3.23,21.41,422.52,43.77,49.81,9
F25-2147,2,2235,Breeding,CIAT-CIAT-16886,Poales,Poaceae,Urochloa,humidicola,Urochloa humidicola,Grass,21,55,1,1,12.0,,"42,43,44",,,,,no,0.55,0.25,542.48,296.73,33.29,84.74,4.38,11.96,13.17,14.11,156.54,3.5,22.12,342.02,40.89,54.54,9
F25-2148,2,2238,Breeding,CIAT-CIAT-16891,Poales,Poaceae,Urochloa,humidicola,Urochloa humidicola,Grass,21,55,1,1,15.0,,"42,43,44",,,,,no,0.56,0.27,546.3,274.24,30.83,79.63,3.89,11.17,12.63,14.02,146.25,3.44,20.54,461.29,41.7,49.99,9
F25-2149,2,2241,Breeding,CIAT-CIAT-26146,Poales,Poaceae,Urochloa,humidicola,Urochloa humidicola,Grass,21,55,1,1,18.0,,"42,43,44",,,,,no,0.56,0.26,550.18,286.96,31.22,87.59,3.94,12.33,12.61,14.08,159.56,3.28,22.48,394.53,44.07,51.97,9
F25-2150,2,2244,Breeding,CIAT-CIAT-26149,Poales,Poaceae,Urochloa,humidicola,Urochloa humidicola,Grass,21,55,1,1,21.0,,"42,43,44",,,,,no,0.55,0.26,543.21,288.08,34.56,88.18,4.3,12.36,12.44,14.02,162.6,3.28,22.81,441.89,43.75,52.93,9
F25-2151,2,2247,Breeding,CIAT-CIAT-26160,Poales,Poaceae,Urochloa,humidicola,Urochloa humidicola,Grass,21,55,1,1,24.0,,"42,43,44",,,,,no,0.55,0.26,542.06,286.13,31.91,84.89,4.09,12.18,12.82,14.34,157.28,3.38,22.59,463.98,44.14,52.52,9
F25-2152,2,2250,Breeding,CIAT-CIAT-26415,Poales,Poaceae,Urochloa,humidicola,Urochloa humidicola,Grass,21,55,1,1,27.0,,"42,43,44",,,,,no,0.55,0.28,537.82,261.66,30.48,79.09,3.68,10.8,12.09,13.65,147.76,3.32,20.19,467.48,42.34,48.43,9
F25-2153,2,2253,Breeding,CIAT-BH-22-4092,Poales,Poaceae,Urochloa,humidicola,Urochloa humidicola,Grass,21,55,1,1,30.0,,"42,43,44",,,,,no,0.54,0.28,534.18,256.16,36.83,84.0,4.64,11.85,12.6,14.1,157.54,3.05,22.23,597.32,47.18,47.84,9
F25-2154,2,2256,Breeding,CIAT-CIAT-26438,Poales,Poaceae,Urochloa,humidicola,Urochloa humidicola,Grass,21,55,1,1,33.0,,"42,43,44",,,,,no,0.55,0.31,542.98,229.86,33.76,84.74,4.23,11.81,12.54,13.91,156.26,2.72,21.78,137.65,54.8,42.4,7
F25-2155,2,2259,Breeding,CIAT-CIAT-26570,Poales,Poaceae,Urochloa,humidicola,Urochloa humidicola,Grass,21,55,1,1,36.0,,"42,43,44",,,,,no,0.55,0.28,536.75,258.46,34.04,79.69,4.53,11.67,13.32,14.65,148.51,3.24,21.74,612.5,45.45,48.12,6
F25-2156,2,2262,Breeding,CIAT-BH-22-3115,Poales,Poaceae,Urochloa,humidicola,Urochloa humidicola,Grass,21,55,1,1,39.0,,"42,43,44",,,,,no,0.54,0.33,527.51,197.35,31.02,84.54,3.77,11.71,12.14,13.86,160.37,2.34,22.23,266.88,62.57,37.57,9
F25-2157,2,2265,Breeding,CIAT-BH-22-1375,Poales,Poaceae,Urochloa,humidicola,Urochloa humidicola,Grass,21,55,1,1,42.0,,"42,43,44",,,,,no,0.54,0.3,522.17,218.85,35.34,87.43,4.39,12.31,12.43,14.07,167.99,2.5,23.69,610.27,58.78,41.97,7
F25-2158,2,2268,Breeding,CIAT-CIAT-6133,Poales,Poaceae,Urochloa,humidicola,Urochloa humidicola,Grass,21,55,1,1,45.0,,"42,43,44",,,,,no,0.53,0.31,524.25,215.78,29.9,83.48,3.71,11.63,12.4,13.93,159.55,2.59,22.23,-105.14,57.67,40.88,7
F25-2159,2,2271,Breeding,CIAT-CIAT-679,Poales,Poaceae,Urochloa,humidicola,Urochloa humidicola,Grass,21,55,1,1,48.0,,"42,43,44",,,,,no,0.53,0.3,514.73,211.83,33.53,90.21,4.16,12.53,12.4,13.89,175.51,2.36,24.4,-1161.73,62.47,41.12,6
F25-2160,2,2276,Breeding,CIAT-BH-22-4865,Poales,Poaceae,Urochloa,humidicola,Urochloa humidicola,Grass,21,55,1,1,53.0,,"42,43,44",,,,,no,0.54,0.33,525.9,193.67,28.9,75.25,3.7,10.59,12.82,14.07,143.84,2.62,20.28,705.11,61.35,36.5,8
F25-2161,2,2280,Breeding,CIAT-BH-22-1706,Poales,Poaceae,Urochloa,humidicola,Urochloa humidicola,Grass,21,55,1,2,57.0,,"42,43,44",,,,,no,0.55,0.34,535.9,194.0,28.44,78.78,3.52,10.92,12.4,13.86,147.41,2.49,20.44,-2546.39,60.81,36.12,6
F25-2162,2,2282,Breeding,CIAT-BH-22-4169,Poales,Poaceae,Urochloa,humidicola,Urochloa humidicola,Grass,21,55,1,1,59.0,,"42,43,44",,,,,no,0.55,0.38,536.46,160.54,26.47,76.25,3.41,10.83,12.9,14.2,142.56,2.08,20.26,2884.43,74.49,30.14,8
F25-2163,2,2285,Breeding,CIAT-BH-22-1258,Poales,Poaceae,Urochloa,humidicola,Urochloa humidicola,Grass,21,55,1,1,62.0,,"42,43,44",,,,,no,0.55,0.39,539.54,148.0,31.96,82.13,4.11,11.53,12.87,14.04,152.54,1.8,21.43,-284.64,82.25,27.68,9
F25-2164,2,2288,Breeding,CIAT-BH-22-1370,Poales,Poaceae,Urochloa,humidicola,Urochloa humidicola,Grass,21,55,1,1,65.0,,"42,43,44",,,,,no,0.56,0.32,546.41,228.9,28.9,75.43,3.73,10.53,12.9,13.96,138.31,3.04,19.3,-350.99,48.47,41.92,7
F25-2165,2,2291,Breeding,CIAT-BH-22-2225,Poales,Poaceae,Urochloa,humidicola,Urochloa humidicola,Grass,21,55,1,1,68.0,,"42,43,44",,,,,no,0.55,0.32,534.47,213.13,32.28,82.1,4.24,11.74,13.15,14.31,153.88,2.6,22.03,763.89,56.26,39.81,6
F25-2166,4,1069,Breeding,CIAT-BH-22-0528,Poales,Poaceae,Urochloa,humidicola,Urochloa humidicola,Grass,30,64,1,1,203.0,,,Muestra en la manguera despues del clip 8h,,Muestra en la manguera despues del clip 8h,,no,0.5,0.28,491.33,212.22,33.51,87.61,4.58,12.97,13.67,14.81,178.31,2.42,26.41,0.62,61.79,43.19,7
F25-2167,2,2297,Breeding,CIAT-BH-22-3507,Poales,Poaceae,Urochloa,humidicola,Urochloa humidicola,Grass,21,55,1,1,74.0,,"42,43,44",,,,,no,0.54,0.4,530.6,132.76,28.4,70.99,3.64,9.91,12.8,13.95,134.39,1.87,18.79,603.41,88.9,25.03,8
F25-2168,2,2302,Breeding,CIAT-BH-22-4253,Poales,Poaceae,Urochloa,humidicola,Urochloa humidicola,Grass,21,55,1,3,79.0,,"42,43,44",,,,,no,0.54,0.34,532.23,193.46,30.74,74.55,3.95,10.31,12.87,13.84,140.67,2.63,19.45,126.43,56.84,36.45,6
F25-2169,2,2303,Breeding,CIAT-BH-22-2189,Poales,Poaceae,Urochloa,humidicola,Urochloa humidicola,Grass,21,55,1,1,80.0,,"42,43,44",,,,,no,0.54,0.38,525.66,145.48,28.62,69.99,3.7,9.83,12.93,14.05,133.91,2.1,18.84,-1401.21,76.17,27.59,9
F25-2170,3,92,Breeding,CIAT-BH-22-0765,Poales,Poaceae,Urochloa,humidicola,Urochloa humidicola,Grass,23,46,1,1,92.0,OT-020,,,,,,no,0.5,0.3,487.5,227.9,35.22,78.98,4.91,11.36,13.96,14.43,163.41,2.2,23.52,335.56,69.89,36.68,5
F25-2171,3,95,Breeding,CIAT-BH-22-2531,Poales,Poaceae,Urochloa,humidicola,Urochloa humidicola,Grass,23,46,1,1,95.0,OT-020,,,,,,no,0.5,0.29,413.49,173.21,38.17,92.44,4.98,13.07,13.04,14.14,191.09,2.1,27.02,346.71,71.64,40.48,7
F25-2172,2,2312,Breeding,CIAT-BH-22-0132,Poales,Poaceae,Urochloa,humidicola,Urochloa humidicola,Grass,21,55,1,1,89.0,,"42,43,44",,,,,no,0.55,0.35,534.43,180.68,30.5,78.1,3.89,10.9,12.77,13.95,147.38,2.38,20.58,-1126.97,69.18,33.38,6
F25-2173,2,2316,Breeding,CIAT-BH-22-3521,Poales,Poaceae,Urochloa,humidicola,Urochloa humidicola,Grass,21,55,1,2,93.0,,"42,43,44",,,,,no,0.56,0.34,542.55,200.18,30.58,74.21,4.0,10.32,13.08,13.92,137.13,2.76,19.08,6151.64,55.84,36.99,6
F25-2174,2,2583,Breeding,CIAT-BH-22-2074,Poales,Poaceae,Urochloa,humidicola,Urochloa humidicola,Grass,22,59,2,1,108.0,,"45,46,47",,,,,no,0.5,0.26,484.51,221.54,31.88,86.43,4.26,12.63,13.33,14.6,178.39,2.58,26.07,558.45,59.36,45.93,9
F25-2175,2,2586,Breeding,CIAT-BH-22-0456,Poales,Poaceae,Urochloa,humidicola,Urochloa humidicola,Grass,22,59,2,1,111.0,,"45,46,47",,,,,no,0.5,0.24,483.79,250.81,31.72,89.04,4.14,12.4,13.02,13.9,184.06,2.83,25.62,436.79,49.34,51.84,6
F25-2176,2,2589,Breeding,CIAT-BH-22-1832,Poales,Poaceae,Urochloa,humidicola,Urochloa humidicola,Grass,22,59,2,1,114.0,,"45,46,47",,,,,no,0.5,0.26,487.05,224.45,31.79,86.48,4.16,12.17,13.07,14.05,177.56,2.61,24.99,107.32,60.01,46.12,7
F25-2177,2,2592,Breeding,CIAT-BH-22-1872,Poales,Poaceae,Urochloa,humidicola,Urochloa humidicola,Grass,22,59,2,1,117.0,,"45,46,47",,,,,no,0.5,0.29,488.45,199.22,32.98,87.25,4.29,12.52,12.99,14.32,178.63,2.33,25.63,124.63,81.86,40.81,8
F25-2178,2,2595,Breeding,CIAT-BH-22-0071,Poales,Poaceae,Urochloa,humidicola,Urochloa humidicola,Grass,22,59,2,1,120.0,,"45,46,47",,,,,no,0.5,0.26,485.68,227.35,27.62,76.17,3.59,10.76,12.98,14.11,156.82,2.99,22.16,446.3,47.41,46.77,6
F25-2179,2,2598,Breeding,CIAT-BH-22-4454,Poales,Poaceae,Urochloa,humidicola,Urochloa humidicola,Grass,22,59,2,1,123.0,,"45,46,47",,,,,no,0.5,0.27,488.23,221.33,32.19,80.37,4.32,11.67,13.42,14.52,164.61,2.76,23.9,614.83,52.87,45.38,6
F25-2180,2,2601,Breeding,CIAT-BH-22-1267,Poales,Poaceae,Urochloa,humidicola,Urochloa humidicola,Grass,22,59,2,1,126.0,,"45,46,47",,,,,no,0.5,0.28,488.82,208.12,30.2,83.69,3.84,11.74,12.68,14.02,171.21,2.49,24.02,624.25,56.47,42.58,6
F25-2181,2,2604,Breeding,CIAT-BH-22-1303,Poales,Poaceae,Urochloa,humidicola,Urochloa humidicola,Grass,22,59,2,1,129.0,,"45,46,47",,,,,no,0.5,0.26,484.46,220.77,30.2,83.25,3.94,11.79,13.0,14.14,171.83,2.67,24.35,488.64,53.84,45.5,6
F25-2182,2,2607,Breeding,CIAT-BH-22-2508,Poales,Poaceae,Urochloa,humidicola,Urochloa humidicola,Grass,22,59,2,1,132.0,,"45,46,47",,,,,no,0.5,0.29,489.77,199.86,34.69,85.7,4.62,12.41,13.3,14.46,174.98,2.37,25.33,-245.25,67.68,40.88,8
F25-2183,2,2610,Breeding,CIAT-BH-22-2046,Poales,Poaceae,Urochloa,humidicola,Urochloa humidicola,Grass,22,59,2,1,135.0,,"45,46,47",,,,,no,0.5,0.27,485.62,190.3,34.25,85.72,4.29,11.88,12.5,13.83,176.52,2.25,24.45,568.81,68.15,39.13,7
F25-2184,5,349,Breeding,CIAT-BH-22-0303,Poales,Poaceae,Urochloa,humidicola,Urochloa humidicola,Grass,34,77,1,1,61.0,,,,,,,no,0.5,0.27,474.5,202.8,35.12,87.18,4.87,12.92,13.87,14.82,183.74,2.29,27.23,1.75,65.96,42.06,10
F25-2185,4,342,Genetic_bank,CIAT-BH-22-1594,Poales,Poaceae,Urochloa,humidicola,Urochloa humidicola,Grass,28,60,1,1,270.0,,,,,,,no,0.5,0.3,475.65,176.87,35.01,88.19,5.01,13.19,14.28,14.91,185.41,2.0,27.72,1.65,77.18,37.18,6
F25-2186,4,345,Genetic_bank,CIAT-BH-22-0468,Poales,Poaceae,Urochloa,humidicola,Urochloa humidicola,Grass,28,60,1,1,3.0,,,Muestra se riega en el baño maría por que estaba abierto el click,,,,no,0.5,0.31,480.25,166.28,32.53,81.22,4.68,12.06,14.35,14.8,169.11,2.06,25.11,0.13,75.5,34.63,8
F25-2187,4,348,Genetic_bank,CIAT-BH-22-3830,Poales,Poaceae,Urochloa,humidicola,Urochloa humidicola,Grass,28,60,1,1,6.0,,,"En el primer llenado marco 35 y se volvio a llenar para compeletar el volumen y quedo en 45, se ajusto el dispensador",,,,no,0.5,0.28,480.11,195.87,40.51,97.36,5.64,14.42,13.9,14.78,202.78,2.0,30.03,0.76,75.1,40.8,6
F25-2188,4,351,Genetic_bank,CIAT-BH-22-1710,Poales,Poaceae,Urochloa,humidicola,Urochloa humidicola,Grass,28,60,1,1,9.0,,,Embolo duro 8h,,,,no,0.5,0.31,486.59,175.72,35.31,86.78,4.93,12.75,13.94,14.66,178.34,2.03,26.19,-9.63,73.82,36.11,7
F25-2189,4,354,Genetic_bank,CIAT-BH-22-2365,Poales,Poaceae,Urochloa,humidicola,Urochloa humidicola,Grass,28,60,1,1,12.0,,,,,,,no,0.5,0.29,485.79,193.47,35.69,87.67,5.0,12.68,14.0,14.44,180.47,2.21,26.1,0.84,66.84,39.83,5
F25-2190,4,357,Genetic_bank,CIAT-BH-22-3572,Poales,Poaceae,Urochloa,humidicola,Urochloa humidicola,Grass,28,60,1,1,20.0,,,,,,,no,0.5,0.36,482.95,126.85,34.25,82.25,4.58,11.33,13.37,13.78,170.32,1.54,23.46,-1.41,89.34,26.27,3
F25-2191,5,351,Breeding,CIAT-BH-22-0517,Poales,Poaceae,Urochloa,humidicola,Urochloa humidicola,Grass,34,77,1,1,63.0,,,,,,,no,0.5,0.26,484.6,225.22,34.54,87.52,4.71,12.92,13.65,14.77,180.6,2.57,26.67,0.66,57.99,46.48,6
F25-2192,5,353,Breeding,CIAT-BH-22-0519,Poales,Poaceae,Urochloa,humidicola,Urochloa humidicola,Grass,34,77,1,1,65.0,,,,,,,no,0.5,0.28,488.52,208.35,34.45,81.17,4.77,12.22,13.86,15.06,166.15,2.57,25.01,-0.89,59.36,42.7,10
F25-2193,4,366,Genetic_bank,CIAT-BH-22-0521,Poales,Poaceae,Urochloa,humidicola,Urochloa humidicola,Grass,28,60,1,1,24.0,,,,,,,no,0.5,0.33,482.87,156.91,41.17,38.84,52.76,5.6,32.5,1.71,8.22,189.71,14.38,28.61,15.04,13.82,6
F25-2566,3,663,Benchmark,Paja-Sabana-Madura,Poales,Poaceae,,,,Grass,25,52,1,1,132.0,OT-028,,,,,,no,0.5,0.35,462.2,62.56,23.72,51.13,2.99,7.14,12.43,13.74,106.69,2.38,14.9,277.42,58.75,26.61,7
F25-2567,3,666,Benchmark,Humidicola-679,Poales,Poaceae,Urochloa,humidicola,Urochloa humidicola,Grass,25,52,1,1,135.0,OT-028,,,,Muestra en la manguera 24h,,no,0.5,0.37,461.41,111.16,13.2,44.32,1.73,6.06,13.12,13.68,96.03,1.98,13.13,326.57,70.74,19.02,8
F25-2568,3,774,Benchmark,Sabana-Quemada,Poales,Poaceae,,,,Grass,25,53,2,1,27.0,OT-028,,,,,,no,0.5,0.38,468.2,68.52,9.83,32.54,1.27,4.42,12.72,13.52,70.06,2.7,9.52,250.4,53.78,17.8,6
F25-2624,3,969,Benchmark,CIAT-6294-Marandu-Exc,Poales,Poaceae,Urochloa,interespecific,Urochloa interespecific,Grass,26,55,1,1,114.0,OT-032,,,,MUESTRA EN LA MANGUERA DESPUES DEL CLICK 8H,,no,0.5,0.23,481.29,272.74,36.87,86.91,5.17,13.12,14.1,15.13,181.93,2.87,27.47,253.2,53.09,51.57,8
F25-2625,3,1080,Benchmark,CIAT-36087-MulatoII-Exc,Poales,Poaceae,Urochloa,interespecific,Urochloa interespecific,Grass,26,55,2,1,9.0,OT-032,,,,,,no,0.5,0.2,485.54,280.17,43.05,94.65,5.76,13.73,13.38,14.5,195.52,3.01,28.37,233.65,48.27,58.75,6
F25-2626,3,975,Benchmark,CIAT-606-Basilisk-Exc,Poales,Poaceae,Urochloa,interespecific,Urochloa interespecific,Grass,26,55,1,1,120.0,OT-032,,,,,,no,0.5,0.21,484.62,278.39,44.44,99.35,5.92,14.35,13.33,14.44,204.88,2.77,29.59,253.37,52.25,56.72,9
F25-2627,3,978,Benchmark,BR-02-1752-Cayman-Exc,Poales,Poaceae,Urochloa,interespecific,Urochloa interespecific,Grass,26,55,1,1,123.0,OT-032,,,,EMBOLO DURO 8H,,no,0.5,0.22,483.47,260.92,43.72,92.63,5.96,13.59,13.62,14.68,191.41,2.88,28.08,246.95,51.03,55.11,9
F25-2628,3,981,Benchmark,BR-06-423-Cayman-Exc,Poales,Poaceae,Urochloa,interespecific,Urochloa interespecific,Grass,26,55,1,1,126.0,OT-032,,,,EMBOLO DURO 8H,,no,0.5,0.21,483.59,280.14,43.72,91.35,5.89,13.49,13.48,14.77,188.93,2.96,27.9,242.7,50.2,55.73,9
F25-2640,4,95,Isabel Molina,Cayman-Br-02-1752,Poales,Poaceae,Urochloa,interespecific,Urochloa interespecific,Grass,27,58,1,1,275.0,,,,,Embolo duro 8H y 24H,,no,0.5,0.24,485.18,243.66,39.43,88.29,5.11,11.8,12.99,13.37,181.98,2.76,24.32,-4.2,50.17,50.22,8
F26-0044,5,5,Genetic_bank,CIAT-601,Poales,Poaceae,Hyparrhenia,rufa,Hyparrhenia rufa,Grass,32,72,1,1,5.0,,,Residuo de muestra en la manguera despues del clip 24h,,Residuo de muestra en la manguera despues del clip 24h,,no,0.5,0.24,464.16,223.87,26.37,69.39,3.47,10.11,13.15,14.58,149.5,3.23,21.79,0.47,45.26,48.23,6
F26-0045,5,7,Genetic_bank,CIAT-606,Poales,Poaceae,Urochloa,decumbens,Brachiaria decumbens,Grass,32,72,1,1,7.0,,,MUESTRA MANGUERA 8H,,MUESTRA MANGUERA 8H,,no,0.5,0.24,482.27,239.32,30.12,78.98,4.18,11.77,13.87,14.9,163.76,3.03,24.4,0.49,49.69,49.62,6
F26-0046,5,9,Genetic_bank,CIAT-6038,Poales,Poaceae,Sorghum,almum,Sorghum almum,Grass,32,72,1,1,9.0,,,Embolo duro a las 0H,,Embolo duro a las 0H,,no,0.5,0.25,470.73,216.7,34.54,79.73,4.71,12.11,13.63,15.19,169.37,2.71,25.73,0.6,56.56,46.03,6
F26-0047,5,11,Genetic_bank,CIAT-6042,Poales,Poaceae,Chloris,gayana,Chloris gayana,Grass,32,72,1,1,11.0,,,Muestra despues del click 24H,,Muestra despues del click 24H,,no,0.5,0.25,464.11,217.66,31.79,78.06,4.58,11.57,14.42,14.83,168.19,2.79,24.94,0.44,53.79,46.9,6
F26-0048,5,13,Genetic_bank,CIAT-6080,Poales,Poaceae,Eragrostis,curvula,Eragrostis curvula,Grass,32,72,1,1,13.0,,,Se troca el embolo de la jeringa 3,,Se troca el embolo de la jeringa 3,,no,0.5,0.33,481.79,149.11,26.61,58.44,4.07,9.28,15.28,15.88,121.28,2.6,19.26,-3.56,65.01,31.34,12
F26-0049,5,15,Genetic_bank,CIAT-6159,Poales,Poaceae,Andropogon,gayanus,Andropogon gayanus,Grass,32,72,1,1,15.0,,,,,,,no,0.5,0.29,471.48,179.78,27.29,70.39,3.54,10.24,12.98,14.54,149.3,2.55,21.71,0.81,57.49,38.13,6
F26-0050,5,17,Genetic_bank,CIAT-6235,Poales,Poaceae,Andropogon,gayanus,Andropogon gayanus,Grass,32,72,1,1,17.0,,,,,,,no,0.5,0.27,480.78,211.73,31.45,75.56,4.15,11.0,13.18,14.56,157.16,2.8,22.88,0.56,52.19,44.04,6
F26-0051,5,19,Genetic_bank,CIAT-6236,Poales,Poaceae,Andropogon,gayanus,Andropogon gayanus,Grass,32,72,1,1,19.0,,,,,,,no,0.5,0.28,467.85,185.39,24.29,67.56,3.13,9.57,12.88,14.17,144.4,2.74,20.46,0.18,53.04,39.63,6
F26-0052,5,21,Genetic_bank,CIAT-6370,Poales,Poaceae,Urochloa,decumbens,Brachiaria decumbens,Grass,32,72,1,1,21.0,,,,,,,no,0.5,0.23,473.62,245.72,40.54,90.73,5.45,13.04,13.43,14.37,191.56,2.71,27.53,0.83,53.48,51.88,6
F26-0053,5,23,Genetic_bank,CIAT-6489,Poales,Poaceae,Panicum,maximum,Panicum maximum,Grass,32,72,1,1,23.0,,,,,,,no,0.5,0.26,483.85,224.93,34.45,77.06,4.94,12.14,14.33,15.76,159.26,2.92,25.1,0.55,54.18,46.49,6
F26-0054,5,25,Genetic_bank,CIAT-6590,Poales,Poaceae,Panicum,maximum,Panicum maximum,Grass,32,72,1,1,25.0,,,,,,,no,0.5,0.29,467.95,178.78,34.7,79.14,5.09,12.78,14.67,16.15,169.13,2.26,27.32,1.54,73.39,38.21,6
F26-0055,5,27,Genetic_bank,CIAT-6793,Poales,Poaceae,Panicum,maximum,Panicum maximum,Grass,32,72,1,1,27.0,,,,,,,no,0.5,0.25,472.48,222.5,38.79,80.73,5.48,13.22,14.13,16.38,170.86,2.76,27.98,0.79,59.53,47.09,6
F26-0056,5,29,Genetic_bank,CIAT-6817,Poales,Poaceae,Panicum,maximum,Panicum maximum,Grass,32,72,1,1,29.0,,,,,,,no,0.5,0.29,472.46,186.54,32.45,73.23,4.79,11.91,14.75,16.26,154.99,2.55,25.2,1.15,64.73,39.48,6
F26-0057,5,31,Genetic_bank,CIAT-6901,Poales,Poaceae,Panicum,maximum,Panicum maximum,Grass,32,72,1,1,31.0,,,Mtra despues clip 24H,,Mtra despues clip 24H,,no,0.5,0.29,465.54,173.76,31.45,72.31,4.56,11.61,14.5,16.05,155.32,2.4,24.94,0.97,67.21,37.32,6
F26-0058,5,33,Genetic_bank,CIAT-16076,Poales,Poaceae,Pennisetum,purpureum,Pennisetum purpureum,Grass,32,72,1,1,33.0,,,,,,,no,0.5,0.24,460.56,217.7,28.29,68.81,4.2,11.21,14.87,16.29,149.4,3.17,24.34,0.19,52.44,47.27,6
F26-0059,5,35,Genetic_bank,CIAT-16081,Poales,Poaceae,Paspalum,secans,Paspalum secans,Grass,32,72,1,1,35.0,,,Se observa gotas de liquido por encima del embolo a las 24H,,Se observa gotas de liquido por encima del embolo a las 24H,,no,0.5,0.35,470.29,121.24,20.45,58.56,2.95,9.1,14.42,15.55,124.53,2.19,19.36,3.44,71.51,27.28,8
F26-0060,5,37,Genetic_bank,CIAT-16082,Poales,Poaceae,Paspalum,guenoarum,Paspalum guenoarum,Grass,32,72,1,1,37.0,,,,,,,no,0.5,0.31,468.34,153.59,23.79,64.56,3.34,9.87,14.03,15.28,137.84,2.38,21.06,1.11,64.73,32.79,6
F26-0061,5,39,Genetic_bank,CIAT-16215,Poales,Poaceae,Urochloa,lachnantha,Brachiaria lachnantha,Grass,32,72,1,1,39.0,,,,,,,no,0.5,0.31,471.59,159.74,28.37,67.64,4.21,11.35,14.83,16.81,143.43,2.38,24.07,161.83,72.07,33.87,6
F26-0062,5,41,Genetic_bank,CIAT-16234,Poales,Poaceae,Echinochloa,pyramidalis,Echinochloa pyramidalis,Grass,32,72,1,1,41.0,,,,,,,no,0.5,0.22,466.67,249.87,39.54,84.39,5.66,12.69,14.33,15.05,180.84,2.97,27.2,0.92,50.92,53.54,6
F26-0063,5,1785,Genetic_bank,CIAT-16254,Poales,Poaceae,Hyparrhenia,hirta,Hyparrhenia hirta,Grass,37,86,1,1,0.0,,,,,,,no,0.5,0.31,482.46,175.27,27.11,67.19,3.76,9.84,13.88,14.66,139.26,2.6,20.4,11.18,56.47,36.33,6
F26-0064,5,45,Genetic_bank,CIAT-16287,Poales,Poaceae,Echinochloa,haploclada,Echinochloa haploclada,Grass,32,72,1,1,45.0,,,,,,,no,0.5,0.23,460.53,235.34,29.04,75.23,3.91,11.59,13.45,15.41,163.35,3.12,25.17,0.52,50.1,51.1,6
F26-0065,5,49,Genetic_bank,CIAT-16309,Poales,Poaceae,Urochloa,brizantha,Brachiaria brizantha,Grass,32,72,1,1,49.0,,,,,,,no,0.5,0.24,473.57,236.55,33.04,82.48,4.71,12.56,14.25,15.23,174.16,2.87,26.51,0.59,53.17,49.95,6
F26-0066,5,1787,Genetic_bank,CIAT-16379,Poales,Poaceae,Panicum,maximum,Panicum maximum,Grass,37,86,1,1,0.0,,,Residuo de muestra despues del clic 8h,,,,no,0.5,0.3,474.44,176.06,27.94,66.6,4.18,10.4,14.97,15.62,140.38,2.64,21.92,1.3,59.46,37.11,6
F26-0067,5,53,Genetic_bank,CIAT-16537,Poales,Poaceae,Sporobolus,sp.,Sporobolus sp.,Grass,32,72,1,1,53.0,,,Residuo de muestra en la manguera despues del clip 8h,,Residuo de muestra en la manguera despues del clip 8h,,no,0.5,0.25,483.78,232.07,33.0,83.29,4.89,13.79,14.8,16.55,172.16,2.8,28.5,0.67,60.49,47.97,12
F26-0068,5,1789,Genetic_bank,CIAT-16561,Poales,Poaceae,Panicum,maximum,Panicum maximum,Grass,37,86,1,1,0.0,,,,,,,no,0.5,0.28,473.13,195.21,31.94,73.1,4.57,12.1,14.32,16.55,154.51,2.67,25.57,0.69,62.8,41.26,6
F26-0069,5,57,Genetic_bank,CIAT-16569,Poales,Poaceae,Panicum,infestum,Panicum infestum,Grass,32,72,1,1,57.0,,,,,,,no,0.5,0.29,472.32,178.18,27.87,72.39,3.79,11.11,13.6,15.36,153.27,2.47,23.52,1.0,62.57,37.73,6
F26-0070,5,59,Genetic_bank,CIAT-16629,Poales,Poaceae,Echinochloa,haploclada,Echinochloa haploclada,Grass,32,72,1,1,59.0,,,,,,,no,0.5,0.27,468.5,201.43,29.7,73.06,4.1,11.64,13.8,15.94,155.94,2.77,24.85,1.65,58.61,42.99,6
F26-0071,5,61,Genetic_bank,CIAT-16635,Poales,Poaceae,Cenchrus,ciliaris,Cenchrus ciliaris,Grass,32,72,1,1,61.0,,,,,,,no,0.5,0.25,462.39,214.84,29.95,80.89,4.65,14.34,15.53,17.73,174.94,2.65,31.01,1.32,67.93,46.46,6
F26-0072,5,63,Genetic_bank,CIAT-16644,Poales,Poaceae,Cenchrus,ciliaris,Cenchrus ciliaris,Grass,32,72,1,1,63.0,,,,,,,no,0.5,0.26,448.38,185.67,23.62,68.81,3.12,10.01,13.22,14.55,153.46,2.7,22.33,1.54,54.46,41.41,6
F26-0073,5,65,Genetic_bank,CIAT-16665,Poales,Poaceae,Chloris,gayana,Chloris gayana,Grass,32,72,1,1,65.0,,,,,,,no,0.5,0.24,473.24,236.86,36.45,81.89,5.16,12.79,14.17,15.62,173.04,2.89,27.03,0.63,54.16,50.05,6
F26-0074,5,67,Genetic_bank,CIAT-16666,Poales,Poaceae,Chloris,gayana,Chloris gayana,Grass,32,72,1,1,67.0,,,,,,,no,0.5,0.25,471.25,225.15,32.04,78.31,4.76,12.04,14.88,15.39,166.17,2.88,25.55,0.61,53.64,47.78,6
F26-0075,5,69,Genetic_bank,CIAT-16683,Poales,Poaceae,Cynodon,sp.,Cynodon sp.,Grass,32,72,1,1,69.0,,,,,,,no,0.5,0.24,465.82,222.09,34.29,78.48,4.4,11.81,12.83,15.05,168.47,2.83,25.35,1.03,53.29,47.68,6
F26-0076,5,71,Genetic_bank,CIAT-16690,Poales,Poaceae,Cynodon,sp.,Cynodon sp.,Grass,32,72,1,1,71.0,,,,,,,no,0.5,0.26,472.14,215.29,34.04,76.23,4.52,11.43,13.28,14.99,161.54,2.75,24.21,187.45,54.91,44.52,11
F26-0077,5,73,Genetic_bank,CIAT-16727,Poales,Poaceae,Bothriochloa,sp.,Bothriochloa sp.,Grass,32,72,1,1,73.0,,,Embolo duro 0h,,Embolo duro 0h,,no,0.5,0.26,470.92,210.38,32.79,74.31,4.31,11.09,13.15,14.92,157.8,2.83,23.55,0.85,53.11,44.68,6
F26-0078,5,75,Genetic_bank,CIAT-16896,Poales,Poaceae,Urochloa,bovonei,Brachiaria bovonei,Grass,32,72,1,1,75.0,,,,,,,no,0.5,0.28,468.19,184.95,33.2,80.39,4.64,12.29,14.0,15.29,171.71,2.3,26.25,0.92,67.53,39.5,6
F26-0079,5,77,Genetic_bank,CIAT-16903,Poales,Poaceae,Urochloa,nigropedata,Brachiaria nigropedata,Grass,32,72,1,1,77.0,,,,,,,no,0.5,0.3,473.89,177.66,30.7,64.14,4.5,10.2,14.65,15.91,135.35,2.77,21.52,1.94,57.98,37.49,6
F26-0080,5,291,Genetic_bank,CIAT-16927,Poales,Poaceae,Urochloa,nigropedata,Brachiaria nigropedata,Grass,34,77,1,1,3.0,,,,,,,no,0.5,0.29,468.63,179.65,23.7,61.85,3.3,10.15,13.9,16.41,131.98,2.91,21.65,-1.2,56.74,38.34,6
F26-0081,5,293,Genetic_bank,CIAT-16980,Poales,Poaceae,Andropogon,gayanus,Andropogon gayanus,Grass,34,77,1,1,5.0,,,,,,,no,0.5,0.28,470.79,194.89,23.45,67.1,3.24,10.08,13.8,15.01,142.53,2.91,21.4,0.71,51.82,41.4,6
F26-0082,5,295,Genetic_bank,CIAT-16985,Poales,Poaceae,Andropogon,gayanus,Andropogon gayanus,Grass,34,77,1,1,7.0,,,,,,,no,0.5,0.29,472.91,179.9,24.79,70.6,3.26,10.33,13.13,14.63,149.29,2.55,21.84,1.35,57.61,38.04,6
F26-0083,5,297,Genetic_bank,CIAT-16997,Poales,Poaceae,Chloris,gayana,Chloris gayana,Grass,34,77,1,1,9.0,,,,,,,no,0.5,0.28,460.59,176.1,22.62,67.52,2.92,9.81,12.9,14.53,146.59,2.62,21.3,0.96,56.17,38.23,6
F26-0084,5,299,Genetic_bank,CIAT-26013,Poales,Poaceae,Eragrostis,curvula,Eragrostis curvula,Grass,34,77,1,1,11.0,,,,,,,no,0.5,0.34,472.55,136.95,26.45,64.85,3.76,10.59,14.22,16.33,137.23,2.12,22.41,2.82,78.83,28.98,6
F26-0085,5,301,Genetic_bank,CIAT-26028,Poales,Poaceae,Hyparrhenia,filipendula,Hyparrhenia filipendula,Grass,34,77,1,1,13.0,,,,,,,no,0.5,0.28,474.83,193.05,29.95,77.85,3.8,11.42,12.68,14.67,163.95,2.48,24.06,1.18,59.74,40.66,6
F26-0086,5,303,Genetic_bank,CIAT-26033,Poales,Poaceae,Urochloa,nigropedata,Brachiaria nigropedata,Grass,34,77,1,1,15.0,,,,,,,no,0.5,0.33,459.15,125.47,23.79,61.68,3.34,9.51,14.07,15.42,134.34,2.04,20.71,-21.23,76.67,27.33,6
F26-0088,5,307,Genetic_bank,CIAT-26075,Poales,Poaceae,Setaria,incrassata,Setaria incrassata,Grass,34,77,1,1,19.0,,,,,,,no,0.5,0.33,473.1,144.01,23.62,66.43,3.66,11.43,15.5,17.2,140.42,2.17,24.16,3.47,82.44,30.44,6
F26-0089,5,309,Genetic_bank,CIAT-26079,Poales,Poaceae,Setaria,incrassata,Setaria incrassata,Grass,34,77,1,1,21.0,,,,,,,no,0.5,0.31,470.65,158.43,24.87,69.52,3.63,11.85,14.6,17.05,147.7,2.29,25.19,0.74,76.09,33.66,6
F26-0090,5,311,Genetic_bank,CIAT-26235,Poales,Poaceae,Hyparrhenia,sp.,Hyparrhenia sp.,Grass,34,77,1,1,23.0,,,Muestra despues del click 8h,,Residuo despues del click 8h,,no,0.5,0.27,479.07,206.19,33.45,79.18,4.7,11.94,14.05,15.08,165.28,2.6,24.93,8.83,57.99,43.04,6
F26-0091,5,313,Genetic_bank,CIAT-26661,Poales,Poaceae,Paspalum,virgatum,Paspalum virgatum,Grass,34,77,1,1,25.0,,,,,,,no,0.5,0.3,461.29,156.54,27.95,74.02,3.6,11.28,12.87,15.23,160.46,2.12,24.45,2.3,72.79,33.93,6
F26-0092,5,315,Genetic_bank,CIAT-26838,Poales,Poaceae,Echinochloa,pyramidalis,Echinochloa pyramidalis,Grass,34,77,1,1,27.0,,,,,,,no,0.5,0.31,474.98,169.38,26.95,70.18,3.89,11.27,14.45,16.05,147.76,2.43,23.72,1.33,67.5,35.66,6
F26-0093,5,317,Genetic_bank,CIAT-26850,Poales,Poaceae,Pennisetum,purpureum,Pennisetum purpureum,Grass,34,77,1,1,29.0,,,,,,,no,0.5,0.29,457.85,163.53,23.62,67.43,3.57,10.99,15.13,16.3,147.28,2.42,24.0,0.73,69.82,35.72,6
F26-0094,5,319,Genetic_bank,CIAT-26858,Poales,Poaceae,Hyparrhenia,rufa,Hyparrhenia rufa,Grass,34,77,1,1,31.0,,,,,,,no,0.5,0.3,471.95,167.09,29.12,73.27,3.8,10.85,13.05,14.8,155.24,2.28,22.99,4.04,65.99,35.4,6
F26-0095,5,321,Genetic_bank,CIAT-26867,Poales,Poaceae,Chloris,gayana,Chloris gayana,Grass,34,77,1,1,33.0,,,,,,,no,0.5,0.29,465.68,179.68,28.45,73.35,3.74,11.19,13.15,15.26,157.51,2.45,24.03,1.36,63.28,38.58,6
F26-0096,5,323,Genetic_bank,CIAT-26877,Poales,Poaceae,Echinochloa,pyramidalis,Echinochloa pyramidalis,Grass,34,77,1,1,35.0,,,,,,,no,0.5,0.27,471.11,200.63,31.29,82.4,4.43,12.99,14.16,15.76,174.92,2.44,27.56,1.0,65.36,42.59,5
F26-0097,5,325,Genetic_bank,CIAT-26895,Poales,Poaceae,Vetiveria,zizanioides,Vetiveria zizanioides,Grass,34,77,1,1,37.0,,,Residuo de muestra despues del click,,Residuo de muestra despues del click,,no,0.5,0.35,480.35,134.5,20.54,59.1,2.87,8.64,13.98,14.62,123.04,2.28,17.99,2.97,64.96,28.0,6
F26-0098,5,327,Genetic_bank,CIAT-26898,Poales,Poaceae,Vetiveria,zizanioides,Vetiveria zizanioides,Grass,34,77,1,1,39.0,,,,,,,no,0.5,0.37,474.55,104.57,17.04,55.43,2.45,8.24,14.4,14.86,116.81,1.89,17.36,-0.74,80.79,22.04,6
F26-0099,5,329,Genetic_bank,CIAT-26980,Poales,Poaceae,Pennisetum,purpureum,Pennisetum purpureum,Grass,34,77,1,1,41.0,,,,,,,no,0.5,0.3,468.13,170.78,22.37,63.77,3.22,10.28,14.38,16.11,136.22,2.68,21.95,-0.76,61.15,36.48,6
F26-0100,5,331,Genetic_bank,CIAT-26985,Poales,Poaceae,Paspalum,guenoarum,Paspalum guenoarum,Grass,34,77,1,1,43.0,,,,,,,no,0.5,0.29,471.87,180.45,24.54,73.27,2.68,10.03,10.92,13.69,155.27,2.48,21.26,-1.67,56.56,38.24,6
F26-0101,5,333,Genetic_bank,CIAT-26993,Poales,Poaceae,Paspalum,sp.,Paspalum sp.,Grass,34,77,1,1,45.0,,,,,,,no,0.5,0.3,471.91,174.63,25.45,70.43,2.94,10.45,11.57,14.84,149.25,2.48,22.15,2.03,60.7,37.0,6
F26-0102,5,335,Genetic_bank,CIAT-36011,Poales,Poaceae,Paspalum,plicatulum,Paspalum plicatulum,Grass,34,77,1,1,47.0,,,Embolo durro 8h,,,,no,0.5,0.28,469.55,193.58,26.79,72.85,3.46,10.95,12.93,15.03,155.15,2.66,23.32,1.07,57.2,41.23,6
F26-0103,5,337,Genetic_bank,CIAT-36018,Poales,Poaceae,Paspalum,yaguaronense,Paspalum yaguaronense,Grass,34,77,1,1,49.0,,,,,,,no,0.5,0.27,475.77,207.75,26.7,67.68,3.05,9.44,11.42,13.95,142.26,3.07,19.84,1.05,45.92,43.67,6
F26-0104,5,339,Genetic_bank,CIAT-36061,Poales,Poaceae,Urochloa,xruziziensisxdecumbe,Brachiaria xruziziensisxdecumbe,Grass,34,77,1,1,51.0,,,,,,,no,0.5,0.24,470.55,232.7,29.04,75.6,3.96,11.2,13.63,14.82,160.66,3.09,23.81,6.84,48.85,49.45,6
F26-0105,5,341,Genetic_bank,CIAT-36062,Poales,Poaceae,Urochloa,xruziziensisxdecumbe,Brachiaria xruziziensisxdecumbe,Grass,34,77,1,1,53.0,,,,,,,no,0.5,0.24,465.93,227.15,26.62,69.93,3.61,10.01,13.55,14.31,150.09,3.25,21.49,0.59,44.21,48.75,6
F26-0106,5,343,Genetic_bank,CIAT-36088,Poales,Poaceae,Paspalum,dilatatum,Paspalum dilatatum,Grass,34,77,1,1,55.0,,,,,,,no,0.5,0.25,468.96,217.4,28.95,68.6,3.81,10.64,13.17,15.51,146.29,3.18,22.68,0.84,49.21,46.43,10
F26-0107,5,345,Genetic_bank,CIAT-36089,Poales,Poaceae,Paspalum,dilatatum,Paspalum dilatatum,Grass,34,77,1,1,57.0,,,,,,,no,0.5,0.25,476.07,230.79,28.37,70.6,3.86,10.97,13.6,15.53,148.3,3.3,23.04,0.52,47.94,48.48,6
F26-0108,5,347,Genetic_bank,CIAT-36090,Poales,Poaceae,Cenchrus,ciliaris,Cenchrus ciliaris,Grass,34,77,1,1,59.0,,,Embolo duro 8h,,Embolo duro 8h,,no,0.5,0.23,431.98,201.67,18.24,66.08,2.54,10.63,13.82,16.07,152.98,3.1,24.6,-0.2,54.56,46.69,12
F26-0540-,5,1707,Breeding,CIAT-BR-09-2656,Poales,Poaceae,Urochloa,interespecific,Urochloa interespecific,Grass,37,86,1,1,0.0,,,,Repetir,,,no,0.5,0.21,467.33,262.13,33.61,84.44,4.34,12.54,12.92,14.86,180.68,3.11,26.84,0.51,47.98,56.09,6
F26-0541,5,1709,Breeding,CIAT-BR-09-4151,Poales,Poaceae,Urochloa,interespecific,Urochloa interespecific,Grass,37,86,1,1,0.0,,,"Embolo duro 0h, Residuo de muestra en la manguera despues del clip 8h",,,,no,0.5,0.21,466.68,252.2,32.15,82.0,4.42,12.3,13.72,15.0,175.7,3.12,26.36,0.51,48.18,54.76,6
F26-0542,5,1711,Breeding,CIAT-BR-09-4014,Poales,Poaceae,Urochloa,interespecific,Urochloa interespecific,Grass,37,86,1,1,0.0,,,,,,,no,0.5,0.21,470.53,260.35,27.86,79.94,3.99,12.06,14.33,15.09,169.88,3.26,25.63,0.45,46.42,55.33,6
F26-0543,5,1713,Breeding,CIAT-BR-15-582,Poales,Poaceae,Urochloa,interespecific,Urochloa interespecific,Grass,37,86,1,1,0.0,,,Embolo duro Y Se safo la manguera del mendidor en el transcurso de la medicion 24H ,,,,no,0.5,0.23,463.25,230.5,31.36,80.94,4.01,11.71,12.8,14.48,174.71,2.85,25.28,1.06,51.17,49.76,6
F26-0544,5,1715,Breeding,CIAT-BR-09-834,Poales,Poaceae,Urochloa,interespecific,Urochloa interespecific,Grass,37,86,1,1,0.0,,,Embolo duro 24h,,,,no,0.5,0.23,462.8,233.35,29.77,83.44,3.77,12.27,12.67,14.71,180.28,2.8,26.52,0.71,52.67,50.42,6
F26-0545,5,1717,Breeding,CIAT-BR-19-2886,Poales,Poaceae,Urochloa,interespecific,Urochloa interespecific,Grass,37,86,1,1,0.0,,,Residuo de muestra en la manguera despues del clip 8h,,,,no,0.5,0.22,468.83,244.65,31.86,83.08,4.17,12.43,13.1,14.96,177.21,2.9,26.51,0.69,51.57,51.45,6
F26-0546,5,1719,Breeding,CIAT-BR-05-1467,Poales,Poaceae,Urochloa,interespecific,Urochloa interespecific,Grass,37,86,1,1,0.0,,,liquido por encima del embolo desde la primera agitacion ,,,,no,0.5,0.24,464.85,227.25,28.52,77.77,3.7,11.69,13.02,15.05,167.3,2.93,25.15,0.81,51.68,48.89,6
F26-0547,5,1721,Breeding,CIAT-BR-19-5294,Poales,Poaceae,Urochloa,interespecific,Urochloa interespecific,Grass,37,86,1,1,0.0,,,"Embolo duro, se observa liquido por la parte superior del embolo en la primera agitacion",,,,no,0.5,0.23,471.3,240.42,28.11,73.69,3.64,10.88,12.9,14.69,156.34,6.95,23.09,0.56,46.35,51.01,6
F26-0548,5,1723,Breeding,CIAT-BR-19-626,Poales,Poaceae,Urochloa,interespecific,Urochloa interespecific,Grass,37,86,1,1,0.0,,,,,,,no,0.5,0.23,465.08,231.26,31.19,80.69,3.98,11.95,12.77,14.81,173.49,2.86,25.7,0.71,52.13,49.72,6
F26-0549,5,1725,Breeding,CIAT-BR-12-3436,Poales,Poaceae,Urochloa,interespecific,Urochloa interespecific,Grass,37,86,1,1,0.0,,,,,,,no,0.5,0.25,463.99,218.15,32.36,77.27,4.46,11.89,13.82,15.38,166.53,2.83,25.63,0.69,54.69,47.02,6
F26-0550,5,1727,Breeding,CIAT-BR-09-305,Poales,Poaceae,Urochloa,interespecific,Urochloa interespecific,Grass,37,86,1,1,0.0,,,,,,,no,0.5,0.24,468.25,227.8,31.19,82.27,4.24,12.28,13.6,14.93,175.69,2.77,26.22,0.6,54.07,48.65,6
F26-0551,5,1729,Breeding,CIAT-BR-09-2267,Poales,Poaceae,Urochloa,interespecific,Urochloa interespecific,Grass,37,86,1,1,0.0,,,Embolo duro 24h,,,,no,0.5,0.24,459.64,222.96,30.73,77.33,3.97,11.58,12.92,14.97,168.27,3.02,25.19,0.5,49.55,50.89,6
F26-0552,5,1731,Breeding,CIAT-BR-09-3167,Poales,Poaceae,Urochloa,interespecific,Urochloa interespecific,Grass,37,86,1,1,0.0,,,,,,,no,0.5,0.22,467.49,242.6,37.02,85.85,5.03,12.91,13.58,15.04,183.65,2.83,27.62,0.56,53.47,51.9,6
F26-0553,5,1733,Breeding,CIAT-BR-09-343,Poales,Poaceae,Urochloa,interespecific,Urochloa interespecific,Grass,37,86,1,1,0.0,,,,,,,no,0.5,0.22,465.37,247.48,30.61,79.44,3.83,11.62,12.52,14.63,170.69,3.12,24.97,0.42,47.09,53.18,6
F26-0554,5,1735,Breeding,CIAT-BR-12-5082,Poales,Poaceae,Urochloa,interespecific,Urochloa interespecific,Grass,37,86,1,1,0.0,,,Embolo duro 0h,,,,no,0.5,0.23,463.36,234.23,32.61,80.85,4.34,12.03,13.32,14.89,174.49,2.9,25.97,0.62,51.64,50.55,6
F26-0555,5,1737,Breeding,CIAT-BR-12-5323,Poales,Poaceae,Urochloa,interespecific,Urochloa interespecific,Grass,37,86,1,1,0.0,,,,,,,no,0.5,0.24,469.74,225.55,29.11,77.85,3.6,11.42,12.38,14.68,165.74,2.89,24.32,0.74,51.26,48.02,6
F26-0556,5,1741,Breeding,CIAT-BR-15-1168,Poales,Poaceae,Urochloa,interespecific,Urochloa interespecific,Grass,37,86,1,1,0.0,,,RESIDUO DE MUESTRA DESPUES DEL CLIC 8H,,,,no,0.5,0.22,464.43,239.95,34.19,82.6,4.52,12.39,13.22,15.0,177.86,2.91,26.67,0.63,52.24,51.66,6
F26-0557,5,1743,Breeding,CIAT-BR-12-2679,Poales,Poaceae,Urochloa,interespecific,Urochloa interespecific,Grass,37,86,1,1,0.0,,,,,,,no,0.5,0.23,466.55,237.15,32.44,83.85,4.22,12.22,13.0,14.57,179.73,2.83,26.19,0.56,52.04,50.83,6
F26-0558,5,1745,Breeding,CIAT-BR-09-3341,Poales,Poaceae,Urochloa,interespecific,Urochloa interespecific,Grass,37,86,1,1,0.0,,,,,,,no,0.5,0.24,462.19,224.99,36.36,84.44,4.79,12.58,13.18,14.91,182.69,2.67,27.23,0.71,56.2,48.68,6
F26-0559,5,1747,Breeding,CIAT-BR-09-2715,Poales,Poaceae,Urochloa,interespecific,Urochloa interespecific,Grass,37,86,1,1,0.0,,,,,,,no,0.5,0.23,468.6,239.13,36.69,85.94,4.88,12.49,13.3,14.54,183.39,2.78,26.66,0.75,52.48,51.03,6
F26-0560,5,1749,Breeding,CIAT-BR-15-8543,Poales,Poaceae,Urochloa,interespecific,Urochloa interespecific,Grass,37,86,1,1,0.0,,,,,,,no,0.5,0.24,466.4,229.17,32.52,82.69,4.02,12.11,12.35,14.64,177.29,2.77,25.97,1.17,52.94,49.14,6
F26-0561,5,1751,Breeding,CIAT-BR-02-1718,Poales,Poaceae,Urochloa,interespecific,Urochloa interespecific,Grass,37,86,1,1,0.0,,,,,,,no,0.5,0.24,467.77,229.77,29.52,78.94,3.46,10.93,11.72,13.84,168.75,2.91,23.36,0.89,47.69,49.12,6
F26-0562,5,1753,Breeding,CIAT-BR-12-804,Poales,Poaceae,Urochloa,interespecific,Urochloa interespecific,Grass,37,86,1,1,0.0,,,,,,,no,0.5,0.24,473.4,233.6,34.52,81.85,4.71,12.39,13.63,15.14,172.9,2.85,26.17,0.79,53.25,49.35,6
F26-0563,5,1755,Breeding,CIAT-BR-15-1462,Poales,Poaceae,Urochloa,interespecific,Urochloa interespecific,Grass,37,86,1,1,0.0,,,,,,,no,0.5,0.23,468.62,236.07,35.44,84.02,4.68,12.3,13.22,14.64,179.29,2.81,26.25,1.59,52.72,50.38,6
F26-0564,5,79,Breeding,BR-02-1752-Cayman-Opt,Poales,Poaceae,Urochloa,interespecific,Urochloa interespecific,Grass,32,72,1,1,79.0,,,,,,,no,0.5,0.2,472.21,268.6,46.29,89.89,6.03,12.9,13.02,14.35,190.36,2.99,27.33,0.8,48.08,56.88,6
F26-0565,5,81,Breeding,BR-06-423-Cayman-Opt,Poales,Poaceae,Urochloa,interespecific,Urochloa interespecific,Grass,32,72,1,1,81.0,,,residuo de muestra en la manguera despues del clip 8h,,Residuo de muestra en la manguera despues del clip 8h,,no,0.5,0.24,472.31,232.58,47.37,93.48,6.19,13.13,13.05,14.05,197.91,2.5,27.81,1.73,56.82,49.24,6
F26-0566,5,83,Breeding,CIAT-679-Tully-Exc,Poales,Poaceae,Urochloa,interespecific,Urochloa interespecific,Grass,32,72,1,1,83.0,,,,,,,no,0.5,0.3,469.96,167.71,36.62,81.73,4.82,11.27,13.17,13.79,173.91,2.06,23.97,1.14,67.56,35.93,8
F26-0567,5,85,Breeding,CIAT-679-Tully-Opt,Poales,Poaceae,Urochloa,interespecific,Urochloa interespecific,Grass,32,72,1,1,85.0,,,,,,,no,0.5,0.29,465.02,179.64,30.12,74.14,4.29,10.91,14.25,14.73,159.44,2.43,23.47,0.87,60.99,38.63,6
F26-0568,5,87,Breeding,CIAT-6133-Llanero-Exc,Poales,Poaceae,Urochloa,interespecific,Urochloa interespecific,Grass,32,72,1,1,87.0,,,,,,,no,0.5,0.31,476.3,169.35,34.87,83.31,4.7,11.93,13.48,14.34,174.91,2.03,25.06,0.73,71.9,35.55,6
F26-1074,5,851,Breeding,CIAT-BR-06-423-Temp-B,Poales,Poaceae,Urochloa,interespecific,Urochloa interespecific,Grass,35,80,1,1,95.0,,,,,,,no,0.5,0.22,467.65,250.2,45.29,91.77,5.81,12.86,12.82,14.01,196.24,2.73,27.49,0.93,51.71,53.5,6
F26-1075,5,853,Breeding,CIAT-MulatoII-Temp-C,Poales,Poaceae,Urochloa,interespecific,Urochloa interespecific,Grass,35,80,1,1,97.0,,,,,,,no,0.5,0.19,473.74,281.52,35.62,82.85,4.64,12.18,13.03,14.7,174.89,3.4,25.7,0.42,43.32,59.43,6
F26-1076,5,1757,Breeding,CIAT-BR-06-423-Opt-F,Poales,Poaceae,Urochloa,interespecific,Urochloa interespecific,Grass,37,86,1,1,0.0,,,,,,,no,0.5,0.24,469.29,230.84,30.44,74.69,4.62,11.77,15.18,15.76,159.15,3.1,25.08,0.71,51.11,49.19,6
F26-1077,5,857,Breeding,CIAT-MulatoII-Opt-D,Poales,Poaceae,Urochloa,interespecific,Urochloa interespecific,Grass,35,80,1,1,101.0,,,Embolo duro 0h,,,,no,0.5,0.22,475.72,260.38,31.94,79.02,4.63,11.78,14.5,14.91,166.09,3.17,24.75,0.74,47.41,52.68,18
F26-1078,5,859,Breeding,CIAT-BR-06-423-Exc-G,Poales,Poaceae,Urochloa,interespecific,Urochloa interespecific,Grass,35,80,1,1,103.0,,,"Debido a que la manguera estaba rota se escapo el gas por lo tanto no se pudo realizar la lectura, igualmente se hizo cambio de manguera a las 8h",,"Debido a que la manguera estaba rota se escapo el gas por lo tanto no se pudo realizar la lectura, igualmente se hizo cambio de manguera a las 8h",,no,0.5,0.25,466.74,220.47,31.71,81.35,3.64,11.07,11.22,13.55,174.3,2.71,23.71,1.53,50.86,47.24,6
F26-1079,5,861,Breeding,CIAT-MulatoII-Exc-E,Poales,Poaceae,Urochloa,interespecific,Urochloa interespecific,Grass,35,80,1,1,105.0,,,,,,,no,0.5,0.21,461.93,253.13,32.12,81.02,4.1,11.68,12.77,14.42,175.39,3.14,25.29,0.4,46.84,54.8,6
F26-2903,6,471,Breeding,CIAT-BR-04-3025-Llan,Poales,Poaceae,Urochloa,interespecific,Urochloa interespecific,Grass,39,92,1,1,3.0,,,,,,,no,0.5,0.24,467.43,231.51,38.71,89.18,5.87,14.55,15.18,16.32,190.78,2.61,31.13,1.0,63.1,49.53,6
F26-2904,6,473,Breeding,CIAT-BR-02-1752-Llan,Poales,Poaceae,Urochloa,interespecific,Urochloa interespecific,Grass,39,92,1,1,5.0,,,,,,,no,0.5,0.25,469.3,221.65,34.54,85.68,5.37,13.72,15.45,15.98,182.56,2.6,29.24,0.8,61.99,47.23,6
F26-2905,6,475,Breeding,CIAT-CIAT-606-Llan,Poales,Poaceae,Urochloa,interespecific,Urochloa interespecific,Grass,39,92,1,1,7.0,,,,,,,no,0.5,0.27,471.1,198.45,31.46,84.26,5.11,13.88,16.3,16.48,178.86,2.36,29.45,0.87,69.99,42.12,6
F26-2906,6,477,Breeding,CIAT-BR-02-1794-Llan,Poales,Poaceae,Urochloa,interespecific,Urochloa interespecific,Grass,39,92,1,1,9.0,,,,,,,no,0.5,0.24,469.66,226.15,41.38,91.59,6.28,14.39,15.17,15.7,195.02,2.48,30.64,1.59,63.94,48.15,6
F26-2907,6,479,Breeding,CIAT-CIAT-6294-Llan,Poales,Poaceae,Urochloa,interespecific,Urochloa interespecific,Grass,39,92,1,1,11.0,,,,,,,no,0.5,0.25,471.78,218.25,41.38,91.68,6.58,15.14,15.88,16.5,194.32,2.39,32.09,0.46,69.43,46.26,6
F26-2908,6,481,Breeding,CIAT-Mulato-II-Llan,Poales,Poaceae,Urochloa,interespecific,Urochloa interespecific,Grass,39,92,1,1,13.0,,,,,,,no,0.5,0.26,469.77,206.4,27.63,78.4,4.12,12.54,14.92,15.99,166.89,2.79,26.7,1.75,57.39,46.44,6
F26-2909,6,483,Breeding,CIAT-BR-04-3025-Qu,Poales,Poaceae,Urochloa,interespecific,Urochloa interespecific,Grass,39,92,1,1,15.0,,,,,,,no,0.5,0.24,472.24,232.68,37.46,95.01,6.17,15.68,16.53,16.51,201.19,2.45,33.19,2.08,67.61,49.27,6
F26-2910,6,485,Breeding,CIAT-BR-02-1752-Qu,Poales,Poaceae,Urochloa,interespecific,Urochloa interespecific,Grass,39,92,1,1,17.0,,,,,,,no,0.5,0.21,457.76,245.26,37.38,84.26,6.07,13.39,16.27,15.89,184.07,2.91,29.25,1.0,54.74,53.58,6
F26-2911,6,487,Breeding,CIAT-CIAT-606-Qu,Poales,Poaceae,Urochloa,interespecific,Urochloa interespecific,Grass,39,92,1,1,19.0,,,,,,,no,0.5,0.22,472.58,250.36,40.63,93.01,6.5,15.12,16.03,16.26,196.81,2.69,31.99,1.09,60.63,52.98,6
F26-2912,6,489,Breeding,CIAT-BR-02-1794-Qu,Poales,Poaceae,Urochloa,interespecific,Urochloa interespecific,Grass,39,92,1,1,21.0,,,,,,,no,0.5,0.22,471.33,252.1,40.38,90.34,6.45,14.62,16.0,16.2,191.68,2.79,31.02,0.64,58.62,53.49,6
F26-2913,6,491,Breeding,CIAT-CIAT-6294-Qu,Poales,Poaceae,Urochloa,interespecific,Urochloa interespecific,Grass,39,92,1,1,23.0,,,0,,,,no,0.5,0.22,469.87,253.95,39.04,93.34,6.52,15.81,16.77,16.94,198.66,2.72,33.64,0.95,62.73,54.05,6
F26-2914,6,493,Breeding,CIAT-Mulato-II-Qu,Poales,Poaceae,Urochloa,interespecific,Urochloa interespecific,Grass,39,92,1,1,25.0,,,,,,,no,0.5,0.23,468.78,234.99,37.29,84.84,6.01,13.79,16.18,16.25,180.99,2.78,29.41,1.24,58.78,50.13,6
F26-2915,6,495,Breeding,CIAT-BR-04-2515,Poales,Poaceae,Urochloa,interespecific,Urochloa interespecific,Grass,39,92,1,1,27.0,,,,,,,no,0.5,0.23,473.82,243.55,34.46,91.18,5.71,15.61,16.6,17.13,192.43,2.67,32.94,1.34,64.15,51.4,6
F26-2916,6,497,Breeding,CIAT-BR-05-931,Poales,Poaceae,Urochloa,interespecific,Urochloa interespecific,Grass,39,92,1,1,29.0,,,,,,,no,0.5,0.25,471.6,216.73,38.26,90.97,5.96,15.41,15.6,16.93,192.9,2.52,32.67,-3.91,67.86,48.65,6
F26-2917,6,499,Breeding,CIAT-BR-09-5252,Poales,Poaceae,Urochloa,interespecific,Urochloa interespecific,Grass,39,92,1,1,31.0,,,,,,,no,0.5,0.24,471.61,229.55,37.21,85.76,5.65,13.63,15.18,15.88,181.84,2.68,28.9,-2.17,59.56,48.67,6
F26-2919,6,503,Breeding,CIAT-BR-12-1280,Poales,Poaceae,Urochloa,interespecific,Urochloa interespecific,Grass,39,92,1,1,35.0,,,,,,,no,0.5,0.22,474.94,257.11,35.63,83.18,5.55,14.08,15.58,16.93,175.13,3.08,29.65,0.72,55.06,54.13,6
F26-2920,6,505,Breeding,CIAT-BR-12-1282,Poales,Poaceae,Urochloa,interespecific,Urochloa interespecific,Grass,39,92,1,1,37.0,,,,,,,no,0.5,0.23,473.57,242.92,35.13,85.18,5.41,13.75,15.42,16.13,179.86,2.84,29.03,0.95,56.84,51.29,6
F26-2921,6,507,Breeding,CIAT-BR-12-1325,Poales,Poaceae,Urochloa,interespecific,Urochloa interespecific,Grass,39,92,1,1,39.0,,,,,,,no,0.5,0.24,474.7,233.72,32.46,84.68,4.95,13.89,15.23,16.4,178.38,2.75,29.26,0.68,59.88,49.23,6
F26-2922,6,509,Breeding,CIAT-BR-12-1399,Poales,Poaceae,Urochloa,interespecific,Urochloa interespecific,Grass,39,92,1,1,41.0,Bach 94 reemplazado por Bach 104 (set 43),Bach 94 reemplazado por Bach 104 (set 43),,,,,no,0.5,0.22,476.09,257.22,36.24,85.2,5.8,14.09,16.07,16.56,178.97,3.23,29.6,0.55,51.41,57.6,4
F26-2923,6,511,Breeding,CIAT-BR-12-1418,Poales,Poaceae,Urochloa,interespecific,Urochloa interespecific,Grass,39,104,1,1,17.0,Bach 92 reemplazado por Bach 104 (set 43),Bach 92 reemplazado por Bach 104 (set 43),,,,,no,0.5,0.22,469.24,250.0,33.88,87.51,5.46,14.57,16.1,16.64,186.49,2.86,31.04,1.1,58.69,53.28,6
F26-2924,6,513,Breeding,CIAT-BR-12-1509,Poales,Poaceae,Urochloa,interespecific,Urochloa interespecific,Grass,39,92,1,1,45.0,Bach 94 reemplazado por Bach 104 (set 43),Bach 94 reemplazado por Bach 104 (set 43),,,,,no,0.5,0.22,473.37,251.0,39.41,85.37,6.24,14.14,15.83,16.57,180.33,3.06,29.87,0.61,54.11,55.17,4
F26-2925,6,515,Breeding,CIAT-BR-12-1535,Poales,Poaceae,Urochloa,interespecific,Urochloa interespecific,Grass,39,92,1,1,47.0,,,,,,,no,0.5,0.22,474.31,255.9,35.79,84.51,5.73,14.64,16.0,17.31,178.17,3.03,30.86,0.8,57.49,53.95,6
F26-2926,6,517,Breeding,CIAT-BR-12-1685,Poales,Poaceae,Urochloa,interespecific,Urochloa interespecific,Grass,39,92,1,1,49.0,,,0,,,,no,0.5,0.22,473.56,248.71,31.88,79.76,4.92,12.88,15.47,16.14,168.43,3.13,27.2,0.92,52.14,52.52,6
F26-2927,6,519,Breeding,CIAT-BR-12-1844,Poales,Poaceae,Urochloa,interespecific,Urochloa interespecific,Grass,39,92,1,1,51.0,,,0,,,,no,0.5,0.22,471.19,246.84,37.33,87.54,5.84,14.25,15.68,16.29,185.78,2.82,30.25,0.66,57.95,52.39,4
F26-2928,6,521,Breeding,CIAT-BR-12-1888,Poales,Poaceae,Urochloa,interespecific,Urochloa interespecific,Grass,39,92,1,1,53.0,,,,,,,no,0.5,0.22,468.47,248.0,30.04,76.93,4.59,12.42,15.27,16.13,164.21,3.23,26.51,0.52,50.25,52.94,6
F26-2929,6,523,Breeding,CIAT-BR-12-1939,Poales,Poaceae,Urochloa,interespecific,Urochloa interespecific,Grass,39,92,1,1,55.0,,,,,,,no,0.5,0.23,472.69,247.31,36.46,83.43,5.5,13.55,15.08,16.24,176.49,2.97,28.66,0.62,55.0,52.32,6
F26-2930,6,525,Breeding,CIAT-BR-12-2243,Poales,Poaceae,Urochloa,interespecific,Urochloa interespecific,Grass,39,92,1,1,57.0,,,0,,,,no,0.5,0.21,474.52,262.79,35.21,85.01,5.44,13.95,15.45,16.4,179.15,3.1,29.4,0.54,53.39,55.38,6
F26-2931,6,527,Breeding,CIAT-BR-12-2254,Poales,Poaceae,Urochloa,interespecific,Urochloa interespecific,Grass,39,92,1,1,59.0,,,,,,,no,0.5,0.22,460.91,243.68,38.29,89.68,6.01,14.47,15.7,16.13,194.56,2.72,31.39,0.57,59.84,52.87,6
F26-2932,6,529,Breeding,CIAT-BR-12-2255,Poales,Poaceae,Urochloa,interespecific,Urochloa interespecific,Grass,39,92,1,1,61.0,,,0,,,,no,0.5,0.2,466.82,264.89,37.63,89.26,5.98,15.4,15.9,17.25,191.2,2.97,32.99,0.57,58.26,56.74,6
F26-2933,6,531,Breeding,CIAT-BR-12-2305,Poales,Poaceae,Urochloa,interespecific,Urochloa interespecific,Grass,39,92,1,1,63.0,,,0,,,,no,0.5,0.2,461.2,264.94,37.13,88.84,5.8,14.62,15.62,16.45,192.63,2.99,31.7,0.43,55.33,57.44,6
F26-2934,6,533,Breeding,CIAT-BR-12-2316,Poales,Poaceae,Urochloa,interespecific,Urochloa interespecific,Grass,39,92,1,1,65.0,,,,,,,no,0.5,0.24,465.65,227.52,36.13,83.68,5.41,12.9,14.98,15.42,179.7,2.72,27.71,0.97,56.74,48.86,6
F26-2935,6,535,Breeding,CIAT-BR-12-2367,Poales,Poaceae,Urochloa,interespecific,Urochloa interespecific,Grass,39,92,1,1,67.0,,,,,,,no,0.5,0.21,464.93,256.48,34.46,79.68,5.15,13.31,14.95,16.7,171.37,3.24,28.63,0.7,52.57,55.17,6
F26-2936,6,537,Breeding,CIAT-BR-12-2461,Poales,Poaceae,Urochloa,interespecific,Urochloa interespecific,Grass,39,92,1,1,69.0,,,0,,,,no,0.5,0.22,471.42,248.62,37.46,87.68,5.69,14.28,15.2,16.28,185.98,2.83,30.28,0.52,57.51,52.74,6
F26-2937,6,539,Breeding,CIAT-BR-12-3018,Poales,Poaceae,Urochloa,interespecific,Urochloa interespecific,Grass,39,92,1,1,71.0,,,,,,,no,0.5,0.22,466.4,250.83,38.88,85.34,5.91,13.91,15.2,16.29,182.98,2.94,29.82,0.55,55.47,53.78,6
F26-2938,6,541,Breeding,CIAT-BR-12-3067,Poales,Poaceae,Urochloa,interespecific,Urochloa interespecific,Grass,39,92,1,1,73.0,,,,,,,no,0.5,0.2,459.35,263.22,36.03,84.0,5.53,13.58,15.36,16.17,182.86,3.25,29.57,0.37,50.02,59.21,6
F26-2939,6,543,Breeding,CIAT-BR-12-3069,Poales,Poaceae,Urochloa,interespecific,Urochloa interespecific,Grass,39,92,1,1,75.0,,,0,,,,no,0.5,0.23,468.06,235.47,33.21,85.59,5.1,14.18,15.37,16.56,182.87,2.76,30.3,0.81,60.24,50.31,6
F26-2940,6,547,Breeding,CIAT-BR-12-3358,Poales,Poaceae,Urochloa,interespecific,Urochloa interespecific,Grass,39,92,1,1,79.0,,,0,,,,no,0.5,0.22,461.88,246.35,35.88,84.84,5.76,14.51,16.02,17.09,183.69,2.91,31.42,0.68,58.95,53.34,6
F26-2941,6,549,Breeding,CIAT-BR-12-3377,Poales,Poaceae,Urochloa,interespecific,Urochloa interespecific,Grass,39,92,1,1,81.0,,,,,,,no,0.5,0.24,462.35,225.35,38.96,87.26,6.11,14.47,15.65,16.57,188.73,2.59,31.3,-0.91,64.4,48.74,6
F26-2942,6,551,Breeding,CIAT-BR-12-49,Poales,Poaceae,Urochloa,interespecific,Urochloa interespecific,Grass,39,92,1,1,83.0,,,0,,,,no,0.5,0.22,466.92,248.19,38.29,89.09,5.78,14.26,15.08,15.99,190.81,2.79,30.54,0.62,57.55,53.15,6
F26-2943,6,553,Breeding,CIAT-BR-12-61,Poales,Poaceae,Urochloa,interespecific,Urochloa interespecific,Grass,39,92,1,1,85.0,,,,,,,no,0.5,0.2,461.06,260.63,40.46,91.84,6.25,15.06,15.43,16.39,199.2,2.84,32.66,0.58,58.01,56.53,6
F26-2944,6,555,Breeding,CIAT-BR-12-91,Poales,Poaceae,Urochloa,interespecific,Urochloa interespecific,Grass,39,92,1,1,87.0,,,,,,,no,0.5,0.22,463.1,245.82,36.96,86.01,5.36,13.96,14.43,16.22,185.75,2.88,30.14,1.09,57.4,53.08,6
F26-2945,6,557,Breeding,CIAT-BR-15-1468,Poales,Poaceae,Urochloa,interespecific,Urochloa interespecific,Grass,39,92,1,1,89.0,,,,,,,no,0.5,0.21,461.89,249.82,36.54,85.51,5.73,13.97,15.72,16.34,185.13,2.93,30.24,0.65,56.04,54.09,6
F26-2946,6,559,Breeding,CIAT-BR-15-1628,Poales,Poaceae,Urochloa,interespecific,Urochloa interespecific,Grass,39,92,1,1,91.0,,,,,,,no,0.5,0.22,461.13,239.18,36.63,87.59,5.73,14.32,15.63,16.34,189.95,2.72,31.05,-0.08,60.5,51.87,6
F26-2947,6,561,Breeding,CIAT-BR-15-1689,Poales,Poaceae,Urochloa,interespecific,Urochloa interespecific,Grass,39,92,1,1,93.0,Bach 94 reemplazado por Bach 104 (set 43),Bach 94 reemplazado por Bach 104 (set 43),0,,,,no,0.5,0.19,461.91,268.68,33.54,87.09,4.97,13.7,14.82,15.73,188.55,3.09,29.66,0.62,51.32,58.17,6
F26-2948,6,563,Breeding,CIAT-BR-15-1712,Poales,Poaceae,Urochloa,interespecific,Urochloa interespecific,Grass,39,92,1,1,95.0,"Bach 93, 94 reemplazado por Bach 104, 105 (set 43)","Bach 93, 94 reemplazado por Bach 104, 105 (set 43)",,,,,no,0.5,0.21,475.93,262.96,36.54,84.51,5.41,13.48,14.8,15.95,177.57,3.11,28.33,0.57,51.4,55.25,6
F26-2949,6,565,Breeding,CIAT-BR-15-1830,Poales,Poaceae,Urochloa,interespecific,Urochloa interespecific,Grass,39,92,1,1,97.0,,,0,,,,no,0.5,0.23,475.45,245.82,36.63,84.68,5.8,14.28,15.85,16.86,178.1,2.9,30.04,1.0,58.83,51.7,6
F26-2950,6,567,Breeding,CIAT-BR-15-1865,Poales,Poaceae,Urochloa,interespecific,Urochloa interespecific,Grass,39,92,1,1,99.0,,,,,,,no,0.5,0.22,477.35,259.55,39.38,87.84,5.93,14.23,15.03,16.19,184.02,2.95,29.81,0.7,54.89,54.37,6
F26-2951,6,569,Breeding,CIAT-BR-15-1877,Poales,Poaceae,Urochloa,interespecific,Urochloa interespecific,Grass,39,92,1,1,101.0,,,,,,,no,0.5,0.21,476.75,262.51,35.63,83.43,5.56,13.56,15.62,16.24,174.99,3.15,28.44,0.53,51.71,55.06,6
F26-2952,6,571,Breeding,CIAT-BR-15-2174,Poales,Poaceae,Urochloa,interespecific,Urochloa interespecific,Grass,39,92,1,1,103.0,,,,,,,no,0.5,0.21,478.43,270.16,36.54,88.01,5.55,14.42,15.17,16.37,183.96,3.07,30.13,0.44,53.38,56.47,6
F26-2953,6,573,Breeding,CIAT-BR-15-2464,Poales,Poaceae,Urochloa,interespecific,Urochloa interespecific,Grass,39,92,1,1,105.0,,,,,,,no,0.5,0.2,477.0,274.95,36.43,86.9,5.51,13.54,15.12,15.57,182.17,3.0,28.37,0.41,52.12,54.48,6
F26-2954,6,575,Breeding,CIAT-BR-15-2528,Poales,Poaceae,Urochloa,interespecific,Urochloa interespecific,Grass,39,92,1,1,107.0,,,,,,,no,0.5,0.2,470.86,273.46,37.79,84.93,5.9,14.03,15.62,16.51,180.36,3.22,29.79,0.45,51.33,58.08,6
F26-2955,6,577,Breeding,CIAT-BR-15-2532,Poales,Poaceae,Urochloa,interespecific,Urochloa interespecific,Grass,39,92,1,1,109.0,,,0,,,,no,0.5,0.19,477.24,289.3,35.88,83.01,5.67,13.93,15.82,16.78,173.94,3.49,29.19,0.68,48.21,60.62,6
F26-2956,6,579,Breeding,CIAT-BR-15-2538,Poales,Poaceae,Urochloa,interespecific,Urochloa interespecific,Grass,39,92,1,1,111.0,,,,,,,no,0.5,0.19,464.45,270.03,35.38,86.09,5.49,14.26,15.53,16.57,185.37,3.14,30.7,0.6,52.87,58.14,6
F26-2957,6,581,Breeding,CIAT-BR-15-2545,Poales,Poaceae,Urochloa,interespecific,Urochloa interespecific,Grass,39,92,1,1,113.0,,,,,,,no,0.5,0.2,459.19,255.68,34.38,84.43,5.44,13.62,15.83,16.13,183.86,3.03,29.66,0.61,53.27,55.68,6
F26-2958,6,583,Breeding,CIAT-BR-15-2767,Poales,Poaceae,Urochloa,interespecific,Urochloa interespecific,Grass,39,92,1,1,115.0,"Bach 93, 94 reemplazado por Bach 104, 105 (set 43)","Bach 93, 94 reemplazado por Bach 104, 105 (set 43)",,,,,no,0.5,0.19,462.82,271.14,39.53,89.7,6.0,14.43,15.18,16.09,193.81,3.02,31.18,0.59,53.37,58.58,5
F26-2959,6,939,Breeding,CIAT-BR-15-3013,Poales,Poaceae,Urochloa,interespecific,Urochloa interespecific,Grass,41,98,1,1,3.0,,,0,,,,no,0.5,0.23,468.85,241.52,33.94,85.25,5.38,14.46,15.83,16.96,181.82,2.83,30.85,0.6,60.15,51.51,6
F26-2960,6,941,Breeding,CIAT-BR-15-3017,Poales,Poaceae,Urochloa,interespecific,Urochloa interespecific,Grass,41,98,1,1,5.0,,,0,,,,no,0.5,0.23,467.67,233.72,36.1,88.08,5.66,14.81,15.67,16.81,188.35,2.65,31.67,0.67,63.54,49.97,6
F26-2961,6,943,Breeding,CIAT-BR-15-3186,Poales,Poaceae,Urochloa,interespecific,Urochloa interespecific,Grass,41,98,1,1,7.0,,,,,,,no,0.5,0.23,464.23,234.76,37.44,88.42,5.65,14.53,15.1,16.43,190.46,2.65,31.29,0.7,62.21,50.57,6
F26-2962,6,945,Breeding,CIAT-BR-15-3234,Poales,Poaceae,Urochloa,interespecific,Urochloa interespecific,Grass,41,98,1,1,9.0,,,,,,,no,0.5,0.25,465.32,214.34,31.65,81.5,4.82,13.2,15.24,16.19,175.14,2.54,28.37,0.94,64.2,44.4,6
F26-2963,6,947,Breeding,CIAT-BR-15-3280,Poales,Poaceae,Urochloa,interespecific,Urochloa interespecific,Grass,41,98,1,1,11.0,,,0,,,,no,0.5,0.25,464.28,214.02,35.02,86.58,5.44,14.21,15.53,16.41,186.49,2.47,30.61,1.11,67.1,46.1,6
F26-2964,6,1105,Breeding,CIAT-BR-15-3294,Poales,Poaceae,Urochloa,interespecific,Urochloa interespecific,Grass,41,99,2,1,13.0,Bach 98 reemplazado por Bach 104 (set 43),Bach 98 reemplazado por Bach 104 (set 43),,,,,no,0.5,0.24,464.19,228.17,36.51,88.04,5.71,14.95,15.63,16.98,189.68,2.76,32.2,0.56,61.88,52.22,4
F26-2965,6,951,Breeding,CIAT-BR-15-3571,Poales,Poaceae,Urochloa,interespecific,Urochloa interespecific,Grass,41,98,1,1,15.0,,,0,,,,no,0.5,0.26,467.65,206.08,33.19,83.83,5.23,13.93,15.75,16.62,179.27,2.45,29.79,1.72,68.37,44.07,6
F26-2966,6,953,Breeding,CIAT-BR-15-3597,Poales,Poaceae,Urochloa,interespecific,Urochloa interespecific,Grass,41,98,1,1,17.0,,,,,,,no,0.5,0.24,469.54,231.87,36.69,87.0,5.7,14.35,15.53,16.49,185.29,2.66,30.56,0.82,62.53,49.38,6
F26-2967,6,1267,Breeding,CIAT-BR-15-361,Poales,Poaceae,Urochloa,interespecific,Urochloa interespecific,Grass,41,100,3,1,175.0,"Bach 98, 99 reemplazado por Bach 104, 105 (set 43)","Bach 98, 99 reemplazado por Bach 104, 105 (set 43)",0,,,,no,0.5,0.25,468.3,221.55,34.29,82.13,5.59,14.01,16.3,17.06,175.35,2.9,29.91,0.52,58.82,50.85,2
F26-2968,6,957,Breeding,CIAT-BR-15-3726,Poales,Poaceae,Urochloa,interespecific,Urochloa interespecific,Grass,41,104,1,1,21.0,"Bach 98, 99 reemplazado por Bach 104, 105 (set 43)","Bach 98, 99 reemplazado por Bach 104, 105 (set 43)",,,,,no,0.5,0.21,476.26,266.98,42.67,93.57,6.52,15.29,15.28,16.34,196.45,2.94,32.1,0.46,55.64,57.83,6
F26-2969,6,959,Breeding,CIAT-BR-15-378,Poales,Poaceae,Urochloa,interespecific,Urochloa interespecific,Grass,41,98,1,1,23.0,,,,,,,no,0.5,0.25,475.68,230.05,33.94,85.17,5.1,14.01,15.0,16.44,179.04,2.7,29.46,0.9,61.56,48.36,6
F26-2970,6,961,Breeding,CIAT-BR-15-3810,Poales,Poaceae,Urochloa,interespecific,Urochloa interespecific,Grass,41,98,1,1,25.0,,,0,,,,no,0.5,0.28,473.83,198.16,35.85,86.17,5.47,14.07,15.25,16.33,181.85,2.3,29.7,0.82,72.0,41.82,6
F26-2971,6,963,Breeding,CIAT-BR-15-395,Poales,Poaceae,Urochloa,interespecific,Urochloa interespecific,Grass,41,105,1,1,27.0,Bach 98 reemplazado por Bach 105 (set 43),Bach 98 reemplazado por Bach 105 (set 43),0,,,,no,0.5,0.22,469.72,251.69,39.35,91.25,6.0,15.12,15.25,16.59,194.26,2.76,32.19,0.5,60.15,53.58,6
F26-2972,6,965,Breeding,CIAT-BR-15-4368,Poales,Poaceae,Urochloa,interespecific,Urochloa interespecific,Grass,41,98,1,1,29.0,,,0,,,,no,0.5,0.25,467.62,219.4,32.44,85.25,4.89,13.67,15.08,16.03,182.3,2.57,29.24,0.83,62.92,46.92,6
F26-2973,6,967,Breeding,CIAT-BR-15-4442,Poales,Poaceae,Urochloa,interespecific,Urochloa interespecific,Grass,41,98,1,1,31.0,,,,,,,no,0.5,0.23,466.04,235.91,31.85,83.58,4.73,13.39,14.85,16.02,179.35,2.82,28.73,0.66,57.02,50.62,6
F26-2974,6,969,Breeding,CIAT-BR-15-4483,Poales,Poaceae,Urochloa,interespecific,Urochloa interespecific,Grass,41,104,1,1,33.0,"Bach 98, 99 reemplazado por Bach 104,105 (set 43)","Bach 98, 99 reemplazado por Bach 104,105 (set 43)",0,,,,no,0.5,0.22,470.96,254.16,36.07,86.37,5.46,13.5,15.14,15.63,183.41,2.86,28.66,0.53,54.62,52.57,6
F26-2975,6,971,Breeding,CIAT-BR-15-503,Poales,Poaceae,Urochloa,interespecific,Urochloa interespecific,Grass,41,98,1,1,35.0,,,0,,,,no,0.5,0.22,468.67,247.67,35.35,87.17,5.49,14.72,15.53,16.88,185.98,2.84,31.4,0.67,59.7,52.84,6
F26-2976,6,973,Breeding,CIAT-BR-15-5152,Poales,Poaceae,Urochloa,interespecific,Urochloa interespecific,Grass,41,98,1,1,37.0,,,0,,,,no,0.5,0.24,471.83,229.36,36.02,86.42,5.72,14.64,15.88,16.94,183.15,2.65,31.04,0.91,64.19,48.61,6
F26-2977,6,975,Breeding,CIAT-BR-15-5232,Poales,Poaceae,Urochloa,interespecific,Urochloa interespecific,Grass,41,98,1,1,39.0,,,,,,,no,0.5,0.26,469.1,206.33,29.1,81.83,4.16,13.39,14.28,16.35,174.45,2.52,28.54,0.76,65.06,43.98,6
F26-2978,6,977,Breeding,CIAT-BR-15-58,Poales,Poaceae,Urochloa,interespecific,Urochloa interespecific,Grass,41,98,1,1,41.0,,,,,,,no,0.5,0.22,465.07,242.03,39.1,93.5,6.06,15.46,15.5,16.54,201.04,2.59,33.25,0.7,64.15,52.04,6
F26-2979,6,979,Breeding,CIAT-BR-15-60,Poales,Poaceae,Urochloa,interespecific,Urochloa interespecific,Grass,41,98,1,1,43.0,,,,,,,no,0.5,0.24,471.62,234.11,34.85,86.17,5.58,14.52,16.02,16.86,182.7,2.73,30.8,0.7,62.3,49.64,6
F26-2980,6,981,Breeding,CIAT-BR-15-6346,Poales,Poaceae,Urochloa,interespecific,Urochloa interespecific,Grass,41,98,1,1,45.0,,,,,,,no,0.5,0.24,472.2,230.11,35.44,87.5,5.35,14.07,15.1,16.08,185.3,2.63,29.79,0.7,61.84,48.73,6
F26-2981,6,983,Breeding,CIAT-BR-15-6401,Poales,Poaceae,Urochloa,interespecific,Urochloa interespecific,Grass,41,98,1,1,47.0,,,,,,,no,0.5,0.23,473.16,245.0,36.27,85.08,5.6,13.9,15.43,16.33,179.82,2.88,29.38,0.62,56.98,51.78,6
F26-2982,6,985,Breeding,CIAT-BR-15-6402,Poales,Poaceae,Urochloa,interespecific,Urochloa interespecific,Grass,41,105,1,1,49.0,Bach 99 reemplazado por Bach 105 (set 43),Bach 99 reemplazado por Bach 105 (set 43),0,,,,no,0.5,0.21,474.06,261.44,40.17,89.77,6.11,14.71,15.22,16.38,189.38,2.98,31.02,0.54,55.2,56.31,6
F26-2983,6,987,Breeding,CIAT-BR-15-6434,Poales,Poaceae,Urochloa,interespecific,Urochloa interespecific,Grass,41,98,1,1,51.0,,,,,,,no,0.5,0.2,471.07,266.2,34.19,86.33,5.37,14.25,15.72,16.5,183.27,3.09,30.25,0.43,53.54,56.51,6
F26-2984,6,989,Breeding,CIAT-BR-15-6504,Poales,Poaceae,Urochloa,interespecific,Urochloa interespecific,Grass,41,98,1,1,53.0,,,,,,,no,0.5,0.21,467.23,257.83,33.85,83.33,5.4,13.49,15.95,16.19,178.36,3.1,28.88,0.51,52.52,55.18,6
F26-2985,6,991,Breeding,CIAT-BR-15-6508,Poales,Poaceae,Urochloa,interespecific,Urochloa interespecific,Grass,41,98,1,1,55.0,,,,,,,no,0.5,0.22,480.04,257.32,33.52,83.33,5.11,13.55,15.23,16.26,173.6,3.09,28.24,0.55,52.84,53.6,6
F26-2986,6,993,Breeding,CIAT-BR-15-6543,Poales,Poaceae,Urochloa,interespecific,Urochloa interespecific,Grass,41,98,1,1,57.0,,,,,,,no,0.5,0.21,480.72,275.6,34.52,81.83,5.43,13.75,15.72,16.79,170.23,3.37,28.61,0.5,49.91,57.33,6
F26-2987,6,995,Breeding,CIAT-BR-15-6571,Poales,Poaceae,Urochloa,interespecific,Urochloa interespecific,Grass,41,98,1,1,59.0,,,,,,,no,0.5,0.22,482.59,259.36,37.02,85.58,5.63,13.92,15.2,16.27,177.34,3.03,28.85,0.61,53.75,53.74,6
F26-2988,6,997,Breeding,CIAT-BR-15-6590,Poales,Poaceae,Urochloa,interespecific,Urochloa interespecific,Grass,41,98,1,1,61.0,,,,,,,no,0.5,0.22,483.69,260.46,39.69,88.92,6.09,14.62,15.35,16.44,183.83,2.93,30.22,0.72,56.17,53.85,6
F26-2989,6,999,Breeding,CIAT-BR-15-6758,Poales,Poaceae,Urochloa,interespecific,Urochloa interespecific,Grass,41,98,1,1,63.0,,,,,,,no,0.5,0.21,471.53,256.91,34.77,82.75,5.18,13.96,14.88,16.85,175.49,3.1,29.6,0.56,54.44,54.48,6
F26-2990,6,1001,Breeding,CIAT-BR-15-7006,Poales,Poaceae,Urochloa,interespecific,Urochloa interespecific,Grass,41,98,1,1,65.0,,,,,,,no,0.5,0.22,477.37,259.14,38.1,88.67,5.95,14.74,15.62,16.62,185.74,2.92,30.88,0.59,57.01,54.28,6
F26-2991,6,1003,Breeding,CIAT-BR-15-7316,Poales,Poaceae,Urochloa,interespecific,Urochloa interespecific,Grass,41,98,1,1,67.0,,,0,,,,no,0.5,0.22,471.46,253.93,40.69,92.08,6.31,15.26,15.52,16.57,195.31,2.76,32.37,0.73,60.13,53.86,6
F26-2992,6,1005,Breeding,CIAT-BR-15-7318,Poales,Poaceae,Urochloa,interespecific,Urochloa interespecific,Grass,41,98,1,1,69.0,,,,,,,no,0.5,0.23,473.99,246.94,39.27,91.08,6.16,15.18,15.68,16.66,192.16,2.71,32.02,0.78,61.54,52.1,6
F26-2993,6,1007,Breeding,CIAT-BR-15-757,Poales,Poaceae,Urochloa,interespecific,Urochloa interespecific,Grass,41,98,1,1,71.0,,,,,,,no,0.5,0.22,472.65,248.28,39.85,92.5,6.19,15.21,15.53,16.43,195.71,2.68,32.17,0.89,61.41,52.53,6
F26-2994,6,1009,Breeding,CIAT-BR-15-780,Poales,Poaceae,Urochloa,interespecific,Urochloa interespecific,Grass,41,98,1,1,73.0,,,Embolo duro 0h,,,,no,0.5,0.22,467.53,244.62,40.1,89.58,6.22,14.86,15.52,16.58,191.61,2.73,31.78,1.17,61.01,52.32,6
F26-2995,6,1011,Breeding,CIAT-BR-15-800,Poales,Poaceae,Urochloa,interespecific,Urochloa interespecific,Grass,41,98,1,1,75.0,,,,,,,no,0.5,0.22,473.04,250.99,34.94,84.0,5.29,13.76,15.15,16.37,177.58,2.99,29.08,0.79,54.87,53.06,6
F26-2996,6,1015,Breeding,CIAT-BR-15-823,Poales,Poaceae,Urochloa,interespecific,Urochloa interespecific,Grass,41,98,1,1,79.0,,,0,,,,no,0.5,0.22,475.92,258.32,38.94,88.67,5.85,13.84,15.02,15.61,186.3,2.92,29.08,0.75,53.91,54.28,6
F26-2997,6,1017,Breeding,CIAT-BR-15-8529,Poales,Poaceae,Urochloa,interespecific,Urochloa interespecific,Grass,41,98,1,1,81.0,,,,,,,no,0.5,0.25,469.61,224.16,36.35,88.0,5.45,14.17,14.98,16.09,187.39,2.55,30.17,1.7,63.4,47.73,6
F26-2998,6,1019,Breeding,CIAT-BR-15-8650,Poales,Poaceae,Urochloa,interespecific,Urochloa interespecific,Grass,41,98,1,1,83.0,Bach 99 reemplazado por Bach 104 (set 43),Bach 99 reemplazado por Bach 104 (set 43),,,,,no,0.5,0.21,477.47,267.69,37.22,91.38,5.6,14.91,15.05,16.31,191.38,2.93,31.22,0.69,55.81,56.07,4
F26-2999,6,1021,Breeding,CIAT-BR-15-8756,Poales,Poaceae,Urochloa,interespecific,Urochloa interespecific,Grass,41,98,1,1,85.0,,,0,,,,no,0.5,0.21,474.92,260.42,35.27,87.5,5.45,14.5,15.47,16.57,184.24,2.98,30.53,0.7,55.72,54.83,6
F26-3000,6,1023,Breeding,CIAT-BR-15-8881,Poales,Poaceae,Urochloa,interespecific,Urochloa interespecific,Grass,41,98,1,1,87.0,,,,,,,no,0.5,0.24,471.33,235.26,39.02,89.5,6.04,14.53,15.5,16.23,189.89,2.63,30.82,0.83,61.86,49.91,6
F26-3001,6,1025,Breeding,CIAT-BR-15-8905,Poales,Poaceae,Urochloa,interespecific,Urochloa interespecific,Grass,41,98,1,1,89.0,,,,,,,no,0.5,0.23,471.05,237.27,38.6,87.83,5.84,14.22,15.13,16.19,186.46,2.7,30.19,1.28,60.1,50.37,6
F26-3002,6,1027,Breeding,CIAT-BR-15-8976,Poales,Poaceae,Urochloa,interespecific,Urochloa interespecific,Grass,41,98,1,1,91.0,,,0,,,,no,0.5,0.25,470.98,220.36,41.94,91.77,6.25,14.58,14.9,15.89,194.87,2.75,30.96,0.88,57.81,53.64,6
F26-3003,6,1029,Breeding,CIAT-BR-15-9125,Poales,Poaceae,Urochloa,interespecific,Urochloa interespecific,Grass,41,98,1,1,93.0,,,0,,,,no,0.5,0.23,476.26,244.51,38.52,86.67,5.96,14.26,15.48,16.45,181.97,2.83,29.94,0.82,58.54,51.34,6
F26-3004,6,1031,Breeding,CIAT-BR-15-9141,Poales,Poaceae,Urochloa,interespecific,Urochloa interespecific,Grass,41,98,1,1,95.0,,,,,,,no,0.5,0.22,470.76,252.88,36.77,88.58,5.55,14.57,15.1,16.44,188.17,2.85,30.95,0.6,57.88,53.72,6
F26-3005,6,1033,Breeding,CIAT-BR-15-9142,Poales,Poaceae,Urochloa,interespecific,Urochloa interespecific,Grass,41,98,1,1,97.0,,,0,,,,no,0.5,0.21,470.07,257.05,39.6,88.67,6.3,14.94,15.92,16.85,188.62,2.9,31.78,0.58,58.18,54.68,6
F26-3006,6,1035,Breeding,CIAT-BR-15-972,Poales,Poaceae,Urochloa,interespecific,Urochloa interespecific,Grass,41,98,1,1,99.0,,,,,,,no,0.5,0.22,471.54,250.84,39.19,87.58,6.12,14.56,15.62,16.62,185.74,2.87,30.88,0.54,58.1,53.2,6
F26-3007,6,1037,Breeding,CIAT-BR-19-1033,Poales,Poaceae,Urochloa,interespecific,Urochloa interespecific,Grass,41,98,1,1,101.0,,,,,,,no,0.5,0.23,474.2,249.13,37.19,89.08,5.6,14.55,15.07,16.32,187.86,2.8,30.67,0.7,59.06,52.54,6
F26-3008,6,1039,Breeding,CIAT-BR-19-113,Poales,Poaceae,Urochloa,interespecific,Urochloa interespecific,Grass,41,98,1,1,103.0,,,0,,,,no,0.5,0.23,473.45,246.4,42.77,91.42,6.56,15.07,15.33,16.48,193.08,2.69,31.82,0.76,61.27,52.04,6
F26-3009,6,1041,Breeding,CIAT-BR-19-1444,Poales,Poaceae,Urochloa,interespecific,Urochloa interespecific,Grass,41,98,1,1,105.0,,,,,,,no,0.5,0.24,471.58,233.53,40.35,88.83,6.3,14.94,15.62,16.81,188.37,2.63,31.69,0.94,64.34,49.52,6
F26-3010,6,1043,Breeding,CIAT-BR-19-1583,Poales,Poaceae,Urochloa,interespecific,Urochloa interespecific,Grass,41,105,1,1,123.0,Bach 98 reemplazado por Bach 105 (set 43),Bach 98 reemplazado por Bach 105 (set 43),,,,,no,0.5,0.21,476.92,266.97,38.07,90.97,5.9,15.11,15.5,16.6,190.76,2.86,31.68,0.58,58.17,54.57,6
F26-3011,6,1045,Breeding,CIAT-BR-19-166,Poales,Poaceae,Urochloa,interespecific,Urochloa interespecific,Grass,41,98,1,1,109.0,,,0,,,,no,0.5,0.22,473.86,250.62,37.52,89.33,5.8,14.57,15.47,16.31,188.52,2.81,30.74,0.57,58.26,52.89,6
F26-3012,6,1047,Breeding,CIAT-BR-19-1727,Poales,Poaceae,Urochloa,interespecific,Urochloa interespecific,Grass,41,98,1,1,111.0,,,,,,,no,0.5,0.25,469.97,216.55,33.94,90.83,5.31,14.99,15.65,16.5,193.27,2.38,31.89,0.56,69.58,46.08,6
F26-3013,6,1049,Breeding,CIAT-BR-19-1783,Poales,Poaceae,Urochloa,interespecific,Urochloa interespecific,Grass,41,98,1,1,113.0,,,,,,,no,0.5,0.2,466.67,270.99,37.6,85.67,5.6,13.77,14.88,16.07,183.57,3.16,29.52,0.49,50.83,58.07,6
F26-3014,6,1051,Breeding,CIAT-BR-19-1793,Poales,Poaceae,Urochloa,interespecific,Urochloa interespecific,Grass,41,98,1,1,115.0,,,,,,,no,0.5,0.24,467.06,230.69,33.1,80.17,4.71,13.04,14.23,16.26,171.64,2.87,27.92,0.77,56.73,49.39,6
F26-3015,6,1053,Breeding,CIAT-BR-19-1806,Poales,Poaceae,Urochloa,interespecific,Urochloa interespecific,Grass,41,98,1,1,117.0,,,,,,,no,0.5,0.22,472.3,255.0,39.35,89.5,6.1,15.17,15.5,16.95,189.5,2.85,32.12,0.58,59.51,53.99,6
F26-3016,6,1055,Breeding,CIAT-BR-19-2001,Poales,Poaceae,Urochloa,interespecific,Urochloa interespecific,Grass,41,98,1,1,119.0,,,,,,,no,0.5,0.25,472.13,224.98,32.94,80.75,5.16,13.74,15.65,17.0,171.03,2.78,29.11,3.22,61.81,47.65,6
F26-3017,6,1057,Breeding,CIAT-BR-19-21,Poales,Poaceae,Urochloa,interespecific,Urochloa interespecific,Grass,41,98,1,1,121.0,,,,,,,no,0.5,0.22,470.74,252.44,32.44,83.33,4.77,13.65,14.7,16.37,177.02,3.03,28.99,0.52,54.06,53.63,6
F26-3018,6,1059,Breeding,CIAT-BR-19-2124,Poales,Poaceae,Urochloa,interespecific,Urochloa interespecific,Grass,41,98,1,1,123.0,,,0,,,,no,0.5,0.21,473.28,259.16,36.6,86.0,5.89,14.35,16.08,16.68,181.71,3.01,30.32,0.58,55.69,54.76,6
F26-3019,6,1061,Breeding,CIAT-BR-19-2287,Poales,Poaceae,Urochloa,interespecific,Urochloa interespecific,Grass,41,98,1,1,125.0,,,0,,,,no,0.5,0.22,472.98,250.8,34.69,85.25,5.39,14.1,15.53,16.53,180.24,2.94,29.82,0.66,56.65,53.02,6
F26-3020,6,1063,Breeding,CIAT-BR-19-231,Poales,Poaceae,Urochloa,interespecific,Urochloa interespecific,Grass,41,98,1,1,127.0,,,0,,,,no,0.5,0.24,473.54,231.22,34.35,81.1,5.42,13.65,15.78,16.82,171.27,2.71,28.82,0.89,62.23,46.34,6
F26-3021,6,1409,Breeding,CIAT-BR-19-2329,Poales,Poaceae,Urochloa,interespecific,Urochloa interespecific,Grass,42,101,1,1,5.0,,,0,,,,no,0.5,0.21,484.35,271.19,42.53,95.02,6.1,15.0,14.35,15.79,196.17,2.85,30.97,0.77,56.31,55.99,6
F26-3022,6,1411,Breeding,CIAT-BR-19-244,Poales,Poaceae,Urochloa,interespecific,Urochloa interespecific,Grass,42,101,1,1,7.0,,,,,,,no,0.5,0.21,479.59,274.36,43.03,97.02,5.79,15.38,13.47,15.85,202.29,2.83,32.06,0.52,56.22,57.21,6
F26-3023,6,1413,Breeding,CIAT-BR-19-247,Poales,Poaceae,Urochloa,interespecific,Urochloa interespecific,Grass,42,101,1,1,9.0,,,0,,,,no,0.5,0.25,477.41,228.61,37.28,89.52,5.54,14.44,14.85,16.14,187.51,2.55,30.26,-28.75,63.9,47.89,6
F26-3024,6,1415,Breeding,CIAT-BR-19-2520,Poales,Poaceae,Urochloa,interespecific,Urochloa interespecific,Grass,42,101,1,1,11.0,,,,,,,no,0.5,0.23,479.1,247.1,42.61,94.6,6.61,15.63,15.52,16.52,197.45,2.61,32.61,0.94,63.85,51.58,6
F26-3025,6,1417,Breeding,CIAT-BR-19-2632,Poales,Poaceae,Urochloa,interespecific,Urochloa interespecific,Grass,42,101,1,1,13.0,,,0,,,,no,0.5,0.24,468.47,225.3,35.77,88.18,4.81,13.58,13.45,15.4,188.23,2.56,28.98,3.37,60.76,48.09,6
F26-3026,6,1419,Breeding,CIAT-BR-19-2734,Poales,Poaceae,Urochloa,interespecific,Urochloa interespecific,Grass,42,101,1,1,15.0,,,,,,,no,0.5,0.2,479.03,278.76,48.11,98.6,7.1,15.95,14.75,16.17,205.83,2.82,33.3,0.65,58.16,58.19,6
F26-3027,6,1421,Breeding,CIAT-BR-19-2789,Poales,Poaceae,Urochloa,interespecific,Urochloa interespecific,Grass,42,101,1,1,17.0,,,,,,,no,0.5,0.25,478.97,233.54,40.02,89.02,6.0,14.24,15.0,15.99,185.85,2.62,29.72,10.46,61.56,48.76,6
F26-3028,6,1423,Breeding,CIAT-BR-19-2958,Poales,Poaceae,Urochloa,interespecific,Urochloa interespecific,Grass,42,101,1,1,19.0,,,0,,,,no,0.5,0.21,467.66,261.94,41.86,93.85,6.11,14.78,14.6,15.75,200.68,2.79,31.6,0.79,56.79,56.01,6
F26-3029,6,1425,Breeding,CIAT-BR-19-300,Poales,Poaceae,Urochloa,interespecific,Urochloa interespecific,Grass,42,101,1,1,21.0,,,,,,,no,0.5,0.25,483.86,235.02,37.27,89.6,5.38,13.88,14.43,15.49,185.18,2.63,28.68,1.73,59.49,48.57,6
F26-3030,6,1427,Breeding,CIAT-BR-19-3048,Poales,Poaceae,Urochloa,interespecific,Urochloa interespecific,Grass,42,101,1,1,23.0,,,,,,,no,0.5,0.22,478.93,256.33,41.94,94.51,6.12,15.13,14.58,16.02,197.34,2.71,31.6,0.8,59.36,53.52,6
F26-3031,6,1429,Breeding,CIAT-BR-19-3107,Poales,Poaceae,Urochloa,interespecific,Urochloa interespecific,Grass,42,101,1,1,25.0,,,,,,,no,0.5,0.24,484.2,240.61,40.11,92.01,5.98,14.7,14.9,15.97,190.03,2.61,30.35,3.76,62.12,49.69,6
F26-3032,6,1431,Breeding,CIAT-BR-19-325,Poales,Poaceae,Urochloa,interespecific,Urochloa interespecific,Grass,42,101,1,1,27.0,,,,,,,no,0.5,0.25,481.93,235.89,36.69,88.76,5.35,13.93,14.6,15.7,184.18,2.7,28.9,1.13,59.4,48.95,6
F26-3033,6,1433,Breeding,CIAT-BR-19-3294,Poales,Poaceae,Urochloa,interespecific,Urochloa interespecific,Grass,42,101,1,1,29.0,,,,,,,no,0.5,0.25,481.02,226.14,37.94,90.18,5.32,13.37,14.02,14.83,187.47,2.51,27.8,0.82,60.69,47.01,6
F26-3034,6,1435,Breeding,CIAT-BR-19-3334,Poales,Poaceae,Urochloa,interespecific,Urochloa interespecific,Grass,42,101,1,1,31.0,,,0,,,,no,0.5,0.24,483.6,243.53,39.02,91.43,5.7,14.47,14.6,15.83,189.06,2.66,29.92,1.52,60.29,50.36,6
F26-3035,6,1437,Breeding,CIAT-BR-19-3677,Poales,Poaceae,Urochloa,interespecific,Urochloa interespecific,Grass,42,101,1,1,33.0,,,0,,,,no,0.5,0.25,479.88,232.36,44.6,94.51,6.49,15.13,14.55,16.0,196.95,2.46,31.52,0.24,66.05,48.42,6
F26-3036,6,1439,Breeding,CIAT-BR-19-3786,Poales,Poaceae,Urochloa,interespecific,Urochloa interespecific,Grass,42,101,1,1,35.0,,,,,,,no,0.5,0.23,483.61,256.79,42.1,90.68,6.39,14.77,15.18,16.29,187.5,2.83,30.54,1.1,57.83,53.1,6
F26-3037,6,1441,Breeding,CIAT-BR-19-388,Poales,Poaceae,Urochloa,interespecific,Urochloa interespecific,Grass,42,101,1,1,37.0,,,,,,,no,0.5,0.22,468.17,247.8,40.02,89.84,5.64,14.04,14.1,15.63,191.91,2.76,29.98,1.69,57.01,52.93,6
F26-3038,6,1443,Breeding,CIAT-BR-19-39,Poales,Poaceae,Urochloa,interespecific,Urochloa interespecific,Grass,42,101,1,1,39.0,,,,,,,no,0.5,0.24,470.18,234.88,39.27,91.09,5.69,14.41,14.5,15.82,193.74,2.58,30.66,1.69,61.82,49.96,6
F26-3039,6,1445,Breeding,CIAT-BR-19-3918,Poales,Poaceae,Urochloa,interespecific,Urochloa interespecific,Grass,42,101,1,1,41.0,,,,,,,no,0.5,0.21,465.49,252.97,43.1,94.68,6.52,15.22,15.13,16.07,203.39,2.67,32.69,0.65,60.24,54.35,6
F26-3040,6,1447,Breeding,CIAT-BR-19-3959,Poales,Poaceae,Urochloa,interespecific,Urochloa interespecific,Grass,42,101,1,1,43.0,,,,,,,no,0.5,0.22,467.72,245.91,40.6,94.34,6.12,14.85,15.08,15.74,201.71,2.61,31.75,0.76,60.57,52.58,6
F26-3041,6,1449,Breeding,CIAT-BR-19-396,Poales,Poaceae,Urochloa,interespecific,Urochloa interespecific,Grass,42,101,1,1,45.0,,,,,,,no,0.5,0.22,468.5,249.3,43.35,91.01,6.33,14.87,14.6,16.34,194.26,2.74,31.73,0.73,59.73,53.21,6
F26-3042,6,1451,Breeding,CIAT-BR-19-405,Poales,Poaceae,Urochloa,interespecific,Urochloa interespecific,Grass,42,101,1,1,47.0,,,,,,,no,0.5,0.21,466.28,255.98,41.77,97.76,6.22,15.29,14.9,15.64,209.66,2.62,32.78,0.65,59.81,54.9,6
F26-3043,6,1453,Breeding,CIAT-BR-19-4253,Poales,Poaceae,Urochloa,interespecific,Urochloa interespecific,Grass,42,101,1,1,49.0,,,0,,,,no,0.5,0.21,469.94,262.35,44.02,94.34,6.58,14.79,14.97,15.68,200.75,2.78,31.47,0.57,56.6,55.83,6
F26-3044,6,1455,Breeding,CIAT-BR-19-4423,Poales,Poaceae,Urochloa,interespecific,Urochloa interespecific,Grass,42,101,1,1,51.0,,,0,,,,no,0.5,0.19,468.11,273.46,45.93,100.34,6.7,16.05,14.6,16.0,214.36,2.73,34.3,0.6,58.98,58.42,6
F26-3045,6,1457,Breeding,CIAT-BR-19-4439,Poales,Poaceae,Urochloa,interespecific,Urochloa interespecific,Grass,42,101,1,1,53.0,,,,,,,no,0.5,0.21,471.16,264.26,39.85,91.67,5.82,14.38,14.6,15.69,194.57,2.88,30.52,0.6,54.55,56.09,6
F26-3046,6,1461,Breeding,CIAT-BR-19-4440,Poales,Poaceae,Urochloa,interespecific,Urochloa interespecific,Grass,42,101,1,1,57.0,,,,,,,no,0.5,0.21,469.56,263.56,42.93,92.26,6.46,14.44,15.05,15.65,196.48,2.86,30.75,0.42,55.04,56.13,6
F26-3047,6,1463,Breeding,CIAT-BR-19-4529,Poales,Poaceae,Urochloa,interespecific,Urochloa interespecific,Grass,42,101,1,1,59.0,,,,,,,no,0.5,0.21,473.63,261.39,41.43,91.01,5.82,14.42,14.03,15.84,192.15,2.87,30.44,0.65,55.32,55.19,6
F26-3048,6,1465,Breeding,CIAT-BR-19-4581,Poales,Poaceae,Urochloa,interespecific,Urochloa interespecific,Grass,42,101,1,1,61.0,,,,,,,no,0.5,0.21,476.31,266.59,45.35,93.67,6.56,14.86,14.47,15.86,196.66,2.85,31.2,0.59,55.81,55.97,6
F26-3049,6,1467,Breeding,CIAT-BR-19-4988,Poales,Poaceae,Urochloa,interespecific,Urochloa interespecific,Grass,42,101,1,1,63.0,,,,,,,no,0.5,0.21,473.96,264.59,46.52,97.42,6.74,15.33,14.5,15.73,205.55,2.72,32.34,0.57,58.03,55.83,6
F26-3050,6,1469,Breeding,CIAT-BR-19-5055,Poales,Poaceae,Urochloa,interespecific,Urochloa interespecific,Grass,42,101,1,1,65.0,,,,,,,no,0.5,0.21,477.12,267.33,47.87,97.64,7.23,15.25,15.1,15.62,204.63,2.78,31.97,0.49,56.18,56.96,6
F26-3051,6,1471,Breeding,CIAT-BR-19-5057,Poales,Poaceae,Urochloa,interespecific,Urochloa interespecific,Grass,42,101,1,1,67.0,,,,,,,no,0.5,0.21,476.1,270.4,44.26,97.09,5.96,14.75,13.47,15.19,203.93,2.78,30.98,0.51,54.75,56.8,6
F26-3052,6,1473,Breeding,CIAT-BR-19-5178,Poales,Poaceae,Urochloa,interespecific,Urochloa interespecific,Grass,42,101,1,1,69.0,,,,,,,no,0.5,0.19,477.42,282.51,45.01,97.26,6.54,15.8,14.53,16.25,203.71,2.91,33.09,0.46,56.18,59.17,6
F26-3053,6,1475,Breeding,CIAT-BR-19-5273,Poales,Poaceae,Urochloa,interespecific,Urochloa interespecific,Grass,42,101,1,1,71.0,,,,,,,no,0.5,0.21,472.85,257.88,46.01,94.09,6.42,14.28,13.97,15.18,198.98,2.74,30.2,0.52,55.62,54.54,6
F26-3054,6,1477,Breeding,CIAT-BR-19-5348,Poales,Poaceae,Urochloa,interespecific,Urochloa interespecific,Grass,42,101,1,1,73.0,,,,,,,no,0.5,0.21,473.35,263.75,42.85,93.5,6.15,15.13,14.35,16.18,197.54,2.82,31.97,0.5,57.53,55.72,6
F26-3055,6,1479,Breeding,CIAT-BR-19-5615,Poales,Poaceae,Urochloa,interespecific,Urochloa interespecific,Grass,42,101,1,1,75.0,,,0,,,,no,0.5,0.2,476.05,275.31,41.58,92.0,5.73,12.62,13.78,13.69,193.26,3.0,26.5,0.35,46.33,57.83,5
F26-3056,6,1483,Breeding,CIAT-BR-19-5751,Poales,Poaceae,Urochloa,interespecific,Urochloa interespecific,Grass,42,101,1,1,79.0,,,,,,,no,0.5,0.22,477.42,261.12,44.93,94.87,6.57,15.14,14.62,15.96,198.72,2.75,31.71,0.47,58.01,54.69,4
F26-3057,6,1485,Breeding,CIAT-BR-19-5898,Poales,Poaceae,Urochloa,interespecific,Urochloa interespecific,Grass,42,101,1,1,81.0,,,0,,,,no,0.5,0.22,476.47,252.57,44.68,95.37,6.71,15.1,15.02,15.84,200.17,2.65,31.7,0.53,59.98,53.01,4
F26-3058,6,1487,Breeding,CIAT-BR-19-6068,Poales,Poaceae,Urochloa,interespecific,Urochloa interespecific,Grass,42,101,1,1,83.0,,,0,,,,no,0.5,0.21,475.52,264.42,44.81,93.75,5.87,13.97,13.1,14.91,197.15,2.82,29.39,0.44,52.89,55.61,4
F26-3059,6,1489,Breeding,CIAT-BR-19-6160,Poales,Poaceae,Urochloa,interespecific,Urochloa interespecific,Grass,42,101,1,1,85.0,,,,,,,no,0.5,0.21,477.76,264.79,46.43,94.87,6.48,14.3,13.95,15.07,198.58,2.79,29.93,0.42,54.02,55.42,4
F26-3060,6,1491,Breeding,CIAT-BR-19-6352,Poales,Poaceae,Urochloa,interespecific,Urochloa interespecific,Grass,42,101,1,1,87.0,,,,,,,no,0.5,0.25,479.37,233.57,43.06,93.37,6.56,15.3,15.25,16.38,194.78,2.5,31.91,0.7,65.92,48.72,4
F26-3061,6,1493,Breeding,CIAT-BR-19-6397,Poales,Poaceae,Urochloa,interespecific,Urochloa interespecific,Grass,42,101,1,1,89.0,,,,,,,no,0.5,0.21,471.81,263.01,42.31,94.25,6.1,15.08,14.42,16.0,199.75,2.79,31.95,0.43,57.37,55.75,4
F26-3062,6,1495,Breeding,CIAT-BR-19-6400,Poales,Poaceae,Urochloa,interespecific,Urochloa interespecific,Grass,42,101,1,1,91.0,,,,,,,no,0.5,0.03,475.91,449.56,42.31,92.33,5.89,14.14,13.93,15.31,194.0,2.7,29.71,0.53,57.53,52.5,4
F26-3063,6,1497,Breeding,CIAT-BR-19-6868,Poales,Poaceae,Urochloa,interespecific,Urochloa interespecific,Grass,42,101,1,1,93.0,,,0,,,,no,0.5,0.22,478.87,254.97,48.55,98.87,7.34,16.11,15.12,16.3,206.47,2.58,33.65,0.53,63.67,53.25,4
F26-3064,6,1499,Breeding,CIAT-BR-19-6984,Poales,Poaceae,Urochloa,interespecific,Urochloa interespecific,Grass,42,101,1,1,95.0,,,,,,,no,0.5,0.23,477.47,245.72,41.43,88.5,5.96,14.22,14.4,16.07,185.34,2.77,29.78,0.61,58.88,51.46,4
F26-3065,6,1501,Breeding,CIAT-BR-19-811,Poales,Poaceae,Urochloa,interespecific,Urochloa interespecific,Grass,42,101,1,1,97.0,,,,,,,no,0.5,0.23,475.04,240.12,48.18,96.75,7.3,15.94,15.15,16.47,203.66,2.48,33.55,0.78,67.1,50.55,4
F26-3066,6,1503,Breeding,CIAT-BR-19-818,Poales,Poaceae,Urochloa,interespecific,Urochloa interespecific,Grass,42,101,1,1,99.0,,,,,,,no,0.5,0.21,474.61,267.34,46.18,93.5,6.73,14.94,14.58,15.97,196.99,2.86,31.48,0.44,55.86,56.33,4
F26-3067,6,1505,Breeding,CIAT-BR-19-95,Poales,Poaceae,Urochloa,interespecific,Urochloa interespecific,Grass,42,101,1,1,101.0,,,,,,,no,0.5,0.25,477.97,230.55,46.05,95.74,6.9,15.61,15.0,16.3,200.31,2.41,32.66,0.61,67.84,48.23,4
F26-3068,6,1507,Breeding,CIAT-CIAT-16320,Poales,Poaceae,Urochloa,interespecific,Urochloa interespecific,Grass,42,101,1,1,103.0,,,,,,,no,0.5,0.23,477.5,250.38,41.55,93.87,6.37,15.46,15.32,16.47,196.58,2.67,32.38,0.45,61.87,52.43,4
F26-3069,6,1509,Breeding,CIAT-CIAT-6387,Poales,Poaceae,Urochloa,interespecific,Urochloa interespecific,Grass,42,101,1,1,105.0,,,,,,,no,0.5,0.23,479.17,253.17,42.18,94.0,6.39,14.94,15.15,15.89,196.17,2.69,31.18,0.44,59.18,52.84,6
F26-3070,6,1511,Breeding,CIAT-CIAT-6780,Poales,Poaceae,Urochloa,interespecific,Urochloa interespecific,Grass,42,101,1,1,107.0,,,,,,,no,0.5,0.22,476.4,254.93,44.09,97.25,6.4,15.09,14.52,15.52,204.14,2.62,31.68,0.48,59.32,53.51,6
F26-3071,6,1513,Breeding,CIAT-GP-3207,Poales,Poaceae,Urochloa,interespecific,Urochloa interespecific,Grass,42,101,1,1,109.0,,,,,,,no,0.5,0.22,481.72,258.42,43.67,98.0,6.61,15.72,15.13,16.05,203.43,2.64,32.64,0.67,60.93,53.65,6
F26-3072,6,1515,Breeding,CIAT-Mavuno,Poales,Poaceae,Urochloa,interespecific,Urochloa interespecific,Grass,42,101,1,1,111.0,,,0,,,,no,0.5,0.23,477.93,251.48,40.01,85.25,5.73,12.89,14.32,15.12,178.37,2.95,26.97,0.77,51.67,52.62,6
F26-4574,6,1517,ISABEL MOLINA,Cayman-Br-02-1752-Exp-VII-Gramíneas,Poales,Poaceae,Urochloa,interespecific,Urochloa interespecific,Grass,42,101,1,1,113.0,,,,,,,no,0.5,0.21,459.93,251.03,33.34,81.16,5.19,12.88,15.58,15.86,176.47,3.1,28.0,0.38,51.51,54.58,6
F26-4576,6,1521,ISABEL MOLINA,Mulato-Br-02-1752-Exp-VII-Gramíneas,Poales,Poaceae,Urochloa,interespecific,Urochloa interespecific,Grass,42,101,1,1,117.0,,,,,,,no,0.5,0.27,469.66,203.2,36.51,85.75,5.68,13.39,15.55,15.62,182.57,2.37,28.51,0.64,66.2,43.26,6
