id_lab,id,subset,no,requisitioner,tax_name,functional_group,dm_percentage,ash_dm,om_percentage,pc_percentage_dm,adf_percentage_dm,ndf_percentage_dm,n_replicates_nutrition
Dieta-1-:-F263137-+-F261072-(40%/60%)-Estrella/Leucaena),Dieta-1-:-F-263137-+-F-261072-(40%/60%)-Estrella/Leucaena),5,, ISABEL MOLINA/ EXP Camaras In vivo ,,,0.03,0.27,0.27,0.2,0.78,1.24,2
Dieta-1_Exp1,Dieta-1-Exp-1,3,193.0,LMF-invivo,Dieta 1_Exp1,,0.0,0.0,0.0,0.0,0.0,0.0,2
Dieta-1_Exp2,Dieta-1-Exp-2,3,235.0,LMF-invivo,Dieta 1_Exp2,,0.0,0.0,0.0,0.0,0.0,0.0,2
Dieta-2-:-F263137-+-F263138-(55%/45%)-Estrella/Canavalia),Dieta-2-:-F-263137-+-F-263138-(55%/45%)-Estrella/Canavalia),5,, ISABEL MOLINA/ EXP Camaras In vivo ,,,0.03,0.1,0.1,0.09,0.23,1.37,2
Dieta-2_Exp1,Dieta-2-Exp-1,3,195.0,LMF-invivo,Dieta 2_Exp1,,0.0,0.0,0.0,0.0,0.0,0.0,2
Dieta-2_Exp2,Dieta-2-Exp-2,3,237.0,LMF-invivo,Dieta 2_Exp2,,0.0,0.0,0.0,0.0,0.0,0.0,2
Estrella-100%,Estrella-100%,5,165.0,,,,0.0,0.0,0.0,0.0,0.0,0.0,2
Estrella_55%_Canabra_45%,Estrella-55%-Canabra-45%,5,175.0,,,,0.34,0.03,0.03,0.07,0.43,0.68,2
Estrella_55%_Indsuf_45%,Estrella-55%-Indsuf-45%,5,173.0,,,,0.0,0.06,0.06,0.62,0.19,0.51,2
Estrella_55%_Leudiv_45%,Estrella-55%-Leudiv-45%,5,177.0,,,,0.03,0.1,0.1,0.13,0.55,1.09,2
Estrella_70%_Canabra_30%,Estrella-70%-Canabra-30%,5,169.0,,,,0.23,0.04,0.04,0.07,0.36,0.64,2
Estrella_70%_Indsuf_30%,Estrella-70%-Indsuf-30%,5,167.0,,,,0.0,0.07,0.07,0.39,0.21,0.16,2
Estrella_70%_Leudiv_30%,Estrella-70%-Leudiv-30%,5,171.0,,,,0.02,0.04,0.04,0.11,0.29,0.91,2
F24-3416,CIAT-705,1,1.0,Genetic_bank,Indigofera suffruticosa,Shrub_Trees,0.06,0.07,0.07,0.0,0.62,0.02,2
F24-3417,CIAT-707,1,3.0,Genetic_bank,Alysicarpus ovalifolius,Herbaceous_legumes,0.78,0.23,0.23,0.0,1.07,0.63,2
F24-3418,CIAT-712,1,5.0,Genetic_bank,Clitoria ternatea,Herbaceous_legumes,0.07,0.07,0.07,0.0,1.21,0.46,2
F24-3419,CIAT-749,1,7.0,Genetic_bank,Crotalaria juncea,Shrub_Trees,0.06,0.12,0.12,0.0,1.01,2.49,2
F24-3420,CIAT-768,1,9.0,Genetic_bank,Clitoria ternatea,Herbaceous_legumes,0.09,0.04,0.04,0.0,0.32,1.67,2
F24-3421,CIAT-772,1,11.0,Genetic_bank,Clitoria ternatea,Herbaceous_legumes,0.01,0.04,0.04,0.0,0.78,2.19,2
F24-3422,CIAT-819,1,13.0,Genetic_bank,Indigofera suffruticosa,Shrub_Trees,0.01,0.02,0.02,0.0,1.25,0.16,2
F24-3423,CIAT-905,1,15.0,Genetic_bank,Canavalia brasiliensis,Herbaceous_legumes,0.04,0.11,0.11,0.0,0.56,0.77,2
F24-3424,CIAT-913,1,17.0,Genetic_bank,Cajanus cajan,Shrub_Trees,0.04,0.02,0.02,0.0,1.07,1.66,2
F24-3425,CIAT-955,1,19.0,Genetic_bank,Clitoria ternatea,Herbaceous_legumes,0.02,0.03,0.03,0.0,0.35,0.95,2
F24-3426,CIAT-989,1,111.0,Genetic_bank,Indigofera hirsuta,Herbaceous_legumes,0.01,0.14,0.14,0.0,0.02,0.53,2
F24-3427,CIAT-1257,1,113.0,Genetic_bank,Stylosanthes scabra,Herbaceous_legumes,0.15,0.08,0.08,0.0,0.18,1.43,2
F24-3428,CIAT-3240,1,115.0,Genetic_bank,Desmodium cinereum,Herbaceous_legumes,0.02,0.04,0.04,0.0,0.53,0.67,4
F24-3429,CIAT-3522,1,117.0,Genetic_bank,Desmodium incanum,Herbaceous_legumes,0.06,0.14,0.14,0.0,1.15,0.31,2
F24-3430,CIAT-4134,1,119.0,Genetic_bank,Macroptilium lathyroides,Herbaceous_legumes,0.1,0.06,0.06,0.0,0.02,2.07,2
F24-3431,CIAT-4279,1,121.0,Genetic_bank,Vigna umbellata,Herbaceous_legumes,0.11,0.0,0.0,0.0,0.15,1.51,2
F24-3432,CIAT-5124,1,123.0,Genetic_bank,Centrosema molle x acutifolium,Herbaceous_legumes,0.06,0.03,0.03,0.0,1.13,2.71,2
F24-3433,CIAT-5234,1,125.0,Genetic_bank,Centrosema brasilianum,Herbaceous_legumes,0.07,0.0,0.0,0.0,0.04,1.52,2
F24-3434,CIAT-7292,1,127.0,Genetic_bank,Chamaecrista desvauxii,Herbaceous_legumes,0.08,0.08,0.08,0.0,1.46,1.14,2
F24-3435,CIAT-7317,1,129.0,Genetic_bank,Canavalia sp.,Herbaceous_legumes,0.92,0.0,0.0,0.0,0.2,2.36,2
F24-3436,CIAT-7322,1,131.0,Genetic_bank,Canavalia sp.,Herbaceous_legumes,0.12,0.09,0.09,0.0,0.13,2.38,2
F24-3437,CIAT-7339,1,133.0,Genetic_bank,Indigofera lespedezioides,Herbaceous_legumes,0.05,0.18,0.18,0.0,0.7,0.65,2
F24-3438,CIAT-7469,1,135.0,Genetic_bank,Clitoria ternatea,Herbaceous_legumes,0.06,0.04,0.04,0.0,0.12,2.16,2
F24-3439,CIAT-7643,1,137.0,Genetic_bank,Desmanthus pernambucanus,Shrub_Trees,0.05,0.0,0.0,0.0,0.09,1.58,4
F24-3440,CIAT-7703,1,139.0,Genetic_bank,Aeschynomene indica,Herbaceous_legumes,0.11,0.04,0.04,0.0,1.23,1.74,2
F24-3441,CIAT-7714,1,21.0,Genetic_bank,Alysicarpus glumaceus,Herbaceous_legumes,0.06,0.06,0.06,0.77,0.15,17.6,4
F24-3442,CIAT-7757,1,23.0,Genetic_bank,Clitoria ternatea,Herbaceous_legumes,0.1,0.01,0.01,2.13,0.75,1.34,4
F24-3443,CIAT-7759,1,25.0,Genetic_bank,Clitoria ternatea,Herbaceous_legumes,0.05,0.01,0.01,3.95,0.17,2.12,4
F24-3444,CIAT-7790,1,27.0,Genetic_bank,Crotalaria pallida,Herbaceous_legumes,0.05,0.09,0.09,5.36,0.3,1.85,4
F24-3445,CIAT-7792,1,29.0,Genetic_bank,Chamaecrista rotundifolia,Herbaceous_legumes,0.08,0.01,0.01,3.6,0.72,0.32,4
F24-3446,CIAT-7816,1,31.0,Genetic_bank,Indigofera spicata,Herbaceous_legumes,0.1,0.1,0.1,3.95,0.69,2.22,4
F24-3447,CIAT-7858,1,33.0,Genetic_bank,Crotalaria incana,Herbaceous_legumes,0.1,0.06,0.06,1.61,2.47,1.18,4
F24-3448,CIAT-7972,1,35.0,Genetic_bank,Canavalia brasiliensis,Herbaceous_legumes,0.08,0.39,0.39,2.47,0.78,0.62,4
F24-3449,CIAT-8205,1,37.0,Genetic_bank,Indigofera suffruticosa,Shrub_Trees,0.11,0.12,0.12,1.11,0.32,0.55,4
F24-3450,CIAT-8402,1,39.0,Genetic_bank,Indigofera suffruticosa,Shrub_Trees,0.1,0.07,0.07,1.31,0.37,1.85,4
F24-3451,CIAT-8408,1,41.0,Genetic_bank,Chamaecrista nictitans,Herbaceous_legumes,0.06,0.06,0.06,1.47,0.48,0.17,4
F24-3452,CIAT-8409,1,43.0,Genetic_bank,Chamaecrista nictitans,Herbaceous_legumes,0.05,0.06,0.06,1.93,1.48,0.63,4
F24-3453,CIAT-8719,1,45.0,Genetic_bank,Canavalia sp. ,Herbaceous_legumes,0.11,0.02,0.02,3.26,0.4,1.46,8
F24-3454,CIAT-8797,1,47.0,Genetic_bank,Desmanthus virgatus,Shrub_Trees,0.18,0.06,0.06,2.73,0.12,0.83,4
F24-3455,CIAT-8819,1,49.0,Genetic_bank,Coursetia caribaea,Shrub_Trees,0.14,0.23,0.23,2.18,2.21,9.28,4
F24-3456,CIAT-9170,1,171.0,Genetic_bank,Indigofera lespedezioides,Herbaceous_legumes,0.01,0.08,0.08,1.08,0.41,0.36,2
F24-3457,CIAT-9254,1,173.0,Genetic_bank,Crotalaria pallida,Herbaceous_legumes,0.05,0.05,0.05,5.89,0.95,0.06,2
F24-3458,CIAT-9283,1,175.0,Genetic_bank,Crotalaria pallida,Herbaceous_legumes,0.06,0.03,0.03,3.73,0.27,1.16,2
F24-3459,CIAT-9288,1,177.0,Genetic_bank,Indigofera suffruticosa,Shrub_Trees,0.08,0.03,0.03,6.93,0.19,0.22,2
F24-3460,CIAT-9336,1,179.0,Genetic_bank,Clitoria ternatea,Herbaceous_legumes,0.03,0.0,0.0,2.86,0.38,0.04,2
F24-3461,CIAT-9349,1,181.0,Genetic_bank,Mucuna pruriens,Herbaceous_legumes,0.13,0.0,0.0,1.52,0.03,0.45,2
F24-3462,CIAT-9356,1,183.0,Genetic_bank,Tephrosia noctiflora,Shrub_Trees,0.07,0.05,0.05,0.41,0.09,0.35,2
F24-3463,CIAT-9432,1,185.0,Genetic_bank,Clitoria ternatea,Herbaceous_legumes,0.04,0.01,0.01,0.47,0.62,2.17,2
F24-3464,CIAT-9433,1,187.0,Genetic_bank,Clitoria ternatea,Herbaceous_legumes,0.03,0.06,0.06,1.54,0.02,1.66,2
F24-3465,CIAT-9435,1,189.0,Genetic_bank,Desmanthus pubescens,Shrub_Trees,0.01,0.02,0.02,0.06,0.29,0.82,2
F24-3466,CIAT-9530,1,191.0,Genetic_bank,Crotalaria maypurensis,Herbaceous_legumes,0.06,0.07,0.07,0.0,0.49,1.07,2
F24-3467,CIAT-9562,1,193.0,Genetic_bank,Eriosema diffusum,Herbaceous_legumes,0.03,0.15,0.15,0.0,0.06,0.3,2
F24-3468,CIAT-9982,1,195.0,Genetic_bank,Crotalaria incana,Herbaceous_legumes,0.08,0.05,0.05,0.0,0.5,0.54,2
F24-3470,CIAT-11194,1,199.0,Genetic_bank,Stylosanthes hamata,Herbaceous_legumes,0.01,0.25,0.25,0.0,0.3,0.36,2
F24-3471,CIAT-11999,1,201.0,Genetic_bank,Stylosanthes guianensis,Herbaceous_legumes,0.09,0.28,0.28,0.0,1.44,2.22,2
F24-3472,CIAT-12318,1,203.0,Genetic_bank,Stylosanthes hamata,Herbaceous_legumes,0.0,0.02,0.02,0.0,0.3,1.91,2
F24-3473,CIAT-13575,1,205.0,Genetic_bank,Desmodium incanum,Herbaceous_legumes,0.05,0.04,0.04,0.0,0.96,0.69,2
F24-3474,CIAT-13609,1,207.0,Genetic_bank,Desmodium incanum,Herbaceous_legumes,0.08,0.25,0.25,0.0,1.85,0.94,2
F24-3475,CIAT-15551,1,209.0,Genetic_bank,Centrosema molle,Herbaceous_legumes,0.03,0.02,0.02,0.0,0.46,1.07,2
F24-3476,CIAT-17024,1,211.0,Genetic_bank,Desmanthus pernambucanus,Shrub_Trees,0.02,0.06,0.06,0.0,0.29,0.47,2
F24-3477,CIAT-17091,1,213.0,Genetic_bank,Crotalaria micans,Shrub_Trees,0.54,0.03,0.03,0.0,0.28,0.36,2
F24-3478,CIAT-17365,1,215.0,Genetic_bank,Clitoria ternatea,Herbaceous_legumes,0.01,0.17,0.17,0.0,0.46,1.2,2
F24-3479,CIAT-17451,1,217.0,Genetic_bank,Canavalia sp.,Herbaceous_legumes,0.01,0.16,0.16,0.0,0.15,0.29,2
F24-3480,CIAT-17775,1,219.0,Genetic_bank,Christia obcordata,Herbaceous_legumes,0.33,0.06,0.06,0.0,0.55,2.66,2
F24-3481,CIAT-18016,1,221.0,Genetic_bank,Sesbania emerus,Shrub_Trees,0.3,0.12,0.12,0.0,1.38,0.62,2
F24-3482,CIAT-18044,1,223.0,Genetic_bank,Christia sp.,Herbaceous_legumes,0.06,0.01,0.01,0.0,0.47,1.1,2
F24-3483,CIAT-18288,1,225.0,Genetic_bank,Sesbania exasperata,Shrub_Trees,0.04,0.06,0.06,0.0,0.12,0.58,2
F24-3484,CIAT-18447,1,227.0,Genetic_bank,Clitoria ternatea,Herbaceous_legumes,0.16,0.07,0.07,0.0,0.22,2.46,2
F24-3485,CIAT-18455,1,229.0,Genetic_bank,Christia obcordata,Herbaceous_legumes,0.01,0.07,0.07,0.0,0.14,0.8,2
F24-3486,CIAT-18707,1,231.0,Genetic_bank,Crotalaria pallida,Herbaceous_legumes,0.09,0.17,0.17,0.0,0.11,2.12,2
F24-3487,CIAT-18749,1,233.0,Genetic_bank,Arachis pintoi,Herbaceous_legumes,0.15,0.03,0.03,0.0,0.23,0.66,2
F24-3488,CIAT-18813,1,235.0,Genetic_bank,Crotalaria nitens,Herbaceous_legumes,0.21,0.23,0.23,0.0,0.52,1.06,2
F24-3489,CIAT-18848,1,237.0,Genetic_bank,Alysicarpus rugosus,Herbaceous_legumes,0.05,0.05,0.05,0.0,0.9,1.03,2
F24-3490,CIAT-18862,1,239.0,Genetic_bank,Alysicarpus rugosus,Herbaceous_legumes,0.05,0.08,0.08,0.0,0.09,1.74,2
F24-3491,CIAT-18931,1,241.0,Genetic_bank,Tephrosia linearis,Shrub_Trees,0.05,0.12,0.12,0.0,0.84,2.43,2
F24-3492,CIAT-19038,1,243.0,Genetic_bank,Canavalia sp.,Herbaceous_legumes,0.01,0.16,0.16,0.0,0.0,1.72,2
F24-3493,CIAT-19118,1,245.0,Genetic_bank,Alysicarpus rugosus,Herbaceous_legumes,0.07,0.04,0.04,0.0,0.42,0.14,2
F24-3494,CIAT-19127,1,247.0,Genetic_bank,Alysicarpus rugosus,Herbaceous_legumes,0.06,0.12,0.12,0.0,0.2,1.2,2
F24-3495,CIAT-19128,1,249.0,Genetic_bank,Alysicarpus rugosus,Herbaceous_legumes,0.06,0.03,0.03,0.0,0.33,0.51,2
F24-3496,CIAT-19129,1,251.0,Genetic_bank,Alysicarpus rugosus,Herbaceous_legumes,0.08,0.62,0.62,0.0,0.24,1.09,2
F24-3497,CIAT-19133,1,253.0,Genetic_bank,Alysicarpus rugosus,Herbaceous_legumes,0.02,0.27,0.27,0.0,0.51,0.9,2
F24-3498,CIAT-19137,1,255.0,Genetic_bank,Alysicarpus rugosus,Herbaceous_legumes,0.03,0.09,0.09,0.0,0.55,0.96,2
F24-3499,CIAT-19138,1,257.0,Genetic_bank,Alysicarpus rugosus,Herbaceous_legumes,0.14,0.03,0.03,0.0,1.05,2.12,2
F24-3500,CIAT-19139,1,259.0,Genetic_bank,Alysicarpus ovalifolius,Herbaceous_legumes,0.01,0.98,0.98,0.0,0.31,0.5,2
F24-3501,CIAT-19213,1,311.0,Genetic_bank,Clitoria ternatea,Herbaceous_legumes,0.07,2.11,2.11,0.0,0.5,0.3,2
F24-3502,CIAT-19421,1,313.0,Genetic_bank,Uraria lagopodioides,Herbaceous_legumes,0.14,0.36,0.36,0.0,0.08,1.11,2
F24-3503,CIAT-19566,1,315.0,Genetic_bank,Tephrosia noctiflora,Shrub_Trees,2.14,2.45,2.45,0.0,0.13,1.98,2
F24-3504,CIAT-19667,1,317.0,Genetic_bank,Indigofera hirsuta,Herbaceous_legumes,0.0,0.02,0.02,0.0,0.5,0.11,2
F24-3505,CIAT-19673,1,319.0,Genetic_bank,Alysicarpus rugosus,Herbaceous_legumes,0.01,0.28,0.28,0.0,0.08,0.06,2
F24-3506,CIAT-19895,1,321.0,Genetic_bank,Aeschynomene americana,Shrub_Trees,0.09,0.12,0.12,0.0,0.91,1.01,2
F24-3507,CIAT-20093,1,323.0,Genetic_bank,Canavalia sp.,Herbaceous_legumes,0.05,0.04,0.04,0.0,0.33,1.16,2
F24-3508,CIAT-20113,1,325.0,Genetic_bank,Canavalia sp.,Herbaceous_legumes,0.01,0.16,0.16,0.0,0.06,1.91,2
F24-3509,CIAT-20125,1,327.0,Genetic_bank,Coursetia caribaea,Shrub_Trees,0.04,0.18,0.18,0.0,0.09,0.37,2
F24-3510,CIAT-20298,1,329.0,Genetic_bank,Canavalia sp.,Herbaceous_legumes,0.09,0.75,0.75,0.0,0.35,0.65,2
F24-3511,CIAT-20305,1,331.0,Genetic_bank,Canavalia sp.,Herbaceous_legumes,0.06,0.71,0.71,0.0,6.44,1.67,2
F24-3512,CIAT-20803,1,333.0,Genetic_bank,Canavalia sp.,Herbaceous_legumes,0.09,0.6,0.6,0.0,2.12,2.06,2
F24-3513,CIAT-21031,1,335.0,Genetic_bank,Christia obcordata,Herbaceous_legumes,0.05,1.0,1.0,0.0,0.35,1.26,2
F24-3514,CIAT-21128,1,337.0,Genetic_bank,Crotalaria pallida,Herbaceous_legumes,0.01,2.58,2.58,0.0,0.16,15.03,2
F24-3515,CIAT-21212,1,339.0,Genetic_bank,Canavalia sp.,Herbaceous_legumes,0.01,1.61,1.61,0.07,0.98,11.25,2
F24-3516,CIAT-21263,1,341.0,Genetic_bank,Sesbania rostrata,Shrub_Trees,0.06,1.73,1.73,0.0,0.05,1.43,2
F24-3517,CIAT-21514,1,343.0,Genetic_bank,Desmanthus virgatus,Shrub_Trees,0.07,1.25,1.25,0.0,0.72,1.67,2
F24-3518,CIAT-21565,1,345.0,Genetic_bank,Chamaecrista rotundifolia,Herbaceous_legumes,0.07,0.08,0.08,0.0,0.07,2.84,2
F24-3519,CIAT-21709,1,347.0,Genetic_bank,Crotalaria juncea,Shrub_Trees,0.09,0.01,0.01,0.0,0.91,2.03,2
F24-3520,CIAT-22286,1,349.0,Genetic_bank,Crotalaria micans,Shrub_Trees,0.04,0.01,0.01,0.0,0.46,2.17,2
F24-3521,CIAT-22475,1,351.0,Genetic_bank,Alysicarpus rugosus,Herbaceous_legumes,0.13,0.08,0.08,0.0,1.1,1.13,2
F24-3522,CIAT-22481,1,353.0,Genetic_bank,Sesbania cochinchinensis,Shrub_Trees,0.08,0.2,0.2,0.0,1.32,2.59,2
F24-3523,CIAT-22520,1,355.0,Genetic_bank,Arachis pusilla,Herbaceous_legumes,0.13,0.48,0.48,0.0,0.31,0.18,2
F24-3524,CIAT-22570,1,357.0,Genetic_bank,Desmanthus bicornutus,Shrub_Trees,0.07,0.04,0.04,0.0,0.16,1.44,2
F24-3525,CIAT-22594,1,359.0,Genetic_bank,Desmanthus pernambucanus,Shrub_Trees,0.06,0.0,0.0,0.0,0.36,1.77,2
F24-3526,CIAT-22754,1,361.0,Genetic_bank,Lablab purpureus,Herbaceous_legumes,0.09,0.01,0.01,0.0,0.93,0.82,2
F24-3527,CIAT-22915,1,363.0,Genetic_bank,Aeschynomene villosa,Herbaceous_legumes,0.05,0.01,0.01,0.0,0.08,2.62,2
F24-3528,CIAT-23259,1,365.0,Genetic_bank,Desmodium gangeticum,Shrub_Trees,0.03,0.32,0.32,0.0,0.36,0.43,2
F24-3529,CIAT-23339,1,367.0,Genetic_bank,Desmodium gangeticum,Shrub_Trees,0.03,0.01,0.01,0.0,0.46,0.7,2
F24-3530,CIAT-23761,1,369.0,Genetic_bank,Uraria picta,Herbaceous_legumes,0.04,0.02,0.02,0.0,0.3,1.22,2
F24-3531,CIAT-24360,1,371.0,Genetic_bank,Vigna umbellata,Herbaceous_legumes,0.01,0.16,0.16,0.0,0.92,0.0,2
F24-3532,CIAT-24466,1,373.0,Genetic_bank,Vigna umbellata,Herbaceous_legumes,0.06,0.03,0.03,0.0,0.25,0.28,2
F24-3533,CIAT-32246,1,375.0,Genetic_bank,Chamaecrista nictitans,Herbaceous_legumes,0.04,0.0,0.0,0.0,0.31,3.29,2
F24-3534,CIAT-32365,1,377.0,Genetic_bank,Desmanthus virgatus,Shrub_Trees,0.08,0.08,0.08,0.0,0.92,2.98,2
F24-3535,CIAT-32373,1,379.0,Genetic_bank,Desmanthus pubescens,Shrub_Trees,0.05,0.07,0.07,0.0,0.25,2.29,2
F24-3536,CIAT-32379,2,1.0,Genetic_bank,Desmanthus pubescens,Shrub_Trees,0.04,0.05,0.05,0.0,0.92,0.86,2
F24-3537,CIAT-32380,2,3.0,Genetic_bank,Desmanthus pubescens,Shrub_Trees,0.06,0.05,0.05,0.0,0.39,0.65,2
F24-3538,CIAT-33249,2,5.0,Genetic_bank,Desmodium velutinum,Shrub_Trees,0.1,0.04,0.04,0.0,0.01,3.38,2
F24-3539,CIAT-172,2,109.0,Genetic_bank,Stylosanthes hamata,Herbaceous_legumes,0.04,0.11,0.11,0.0,1.1,0.64,2
F24-3540,CIAT-1467,2,111.0,Genetic_bank,Stylosanthes hamata,Herbaceous_legumes,0.13,0.06,0.06,0.0,0.39,25.55,4
F24-3541,CIAT-1475,2,113.0,Genetic_bank,Stylosanthes hamata,Herbaceous_legumes,0.2,0.06,0.06,0.0,0.3,18.2,4
F24-3542,CIAT-1650,2,115.0,Genetic_bank,Stylosanthes guianensis,Herbaceous_legumes,0.01,0.21,0.21,0.0,1.71,4.76,2
F24-3543,CIAT-1706,2,117.0,Genetic_bank,Stylosanthes humilis,Herbaceous_legumes,0.01,0.3,0.3,0.0,0.2,0.79,2
F24-3544,CIAT-1727,2,119.0,Genetic_bank,Stylosanthes humilis,Herbaceous_legumes,0.04,0.3,0.3,0.0,0.86,0.02,2
F24-3545,CIAT-1803,2,121.0,Genetic_bank,Stylosanthes humilis,Herbaceous_legumes,0.01,0.06,0.06,0.0,1.69,0.47,2
F24-3546,CIAT-1964,2,123.0,Genetic_bank,Stylosanthes guianensis,Herbaceous_legumes,0.0,0.04,0.04,0.0,0.64,0.35,2
F24-3547,CIAT-2613,2,125.0,Genetic_bank,Stylosanthes guianensis,Herbaceous_legumes,0.08,0.06,0.06,0.0,0.04,0.23,2
F24-3548,CIAT-2783,3,153.0,Genetic_bank,Stylosanthes humilis,Herbaceous_legumes,0.08,0.01,0.01,0.02,0.28,0.41,2
F24-3549,CIAT-10440,3,155.0,Genetic_bank,Stylosanthes humilis,Herbaceous_legumes,0.01,0.26,0.26,0.0,0.17,0.4,2
F24-3550,CIAT-10613,3,157.0,Genetic_bank,Stylosanthes scabra,Herbaceous_legumes,0.02,1.46,1.46,0.0,1.21,0.27,2
F24-3551,CIAT-10627,3,159.0,Genetic_bank,Stylosanthes scabra,Herbaceous_legumes,0.05,0.0,0.0,0.0,0.19,1.22,2
F24-3552,CIAT-10634,3,161.0,Genetic_bank,Stylosanthes scabra,Herbaceous_legumes,0.16,0.05,0.05,0.0,0.19,0.41,2
F24-3553,CIAT-10639,3,163.0,Genetic_bank,Stylosanthes scabra,Herbaceous_legumes,0.01,0.24,0.24,0.0,0.72,1.46,2
F24-3554,CIAT-10725,3,165.0,Genetic_bank,Stylosanthes scabra,Herbaceous_legumes,0.03,0.15,0.15,0.0,1.11,0.79,2
F24-3555,CIAT-11199,3,167.0,Genetic_bank,Stylosanthes hamata,Herbaceous_legumes,0.12,0.1,0.1,0.0,0.27,1.53,2
F24-3556,CIAT-11215,3,169.0,Genetic_bank,Stylosanthes hamata,Herbaceous_legumes,0.03,0.05,0.05,0.0,0.8,2.51,2
F24-3557,CIAT-11220,3,171.0,Genetic_bank,Stylosanthes hamata,Herbaceous_legumes,0.05,0.01,0.01,0.0,0.9,1.89,2
F24-3558,CIAT-11232,3,173.0,Genetic_bank,Stylosanthes hamata,Herbaceous_legumes,0.01,0.01,0.01,0.0,0.46,0.1,2
F24-3559,CIAT-11313,3,175.0,Genetic_bank,Stylosanthes guianensis,Herbaceous_legumes,0.11,0.02,0.02,0.0,0.48,0.34,2
F24-3560,CIAT-11417,3,177.0,Genetic_bank,Stylosanthes guianensis,Herbaceous_legumes,0.03,0.18,0.18,0.0,0.22,0.69,2
F24-3561,CIAT-11624,3,179.0,Genetic_bank,Stylosanthes humilis,Herbaceous_legumes,0.01,0.01,0.01,0.0,0.28,2.03,2
F24-3562,CIAT-11690,3,181.0,Genetic_bank,Stylosanthes humilis,Herbaceous_legumes,0.52,0.74,0.74,0.0,0.57,0.34,2
F24-3563,CIAT-11762,3,183.0,Genetic_bank,Stylosanthes hamata,Herbaceous_legumes,0.08,0.13,0.13,0.0,0.41,1.12,2
F24-3564,CIAT-11778,3,185.0,Genetic_bank,Stylosanthes hamata,Herbaceous_legumes,0.16,0.04,0.04,0.0,0.78,0.46,2
F24-3565,CIAT-11784,3,187.0,Genetic_bank,Stylosanthes hamata,Herbaceous_legumes,0.14,0.14,0.14,0.0,1.2,1.86,2
F24-3566,CIAT-11820,3,189.0,Genetic_bank,Stylosanthes scabra,Herbaceous_legumes,0.12,2.63,2.63,0.02,0.33,0.47,2
F24-3567,CIAT-12042,3,191.0,Genetic_bank,Stylosanthes humilis,Herbaceous_legumes,0.13,0.65,0.65,0.0,0.43,0.1,2
F24-3568,CIAT-12115,3,239.0,Genetic_bank,Stylosanthes humilis,Herbaceous_legumes,0.11,0.27,0.27,0.0,0.5,1.26,2
F24-3569,CIAT-12140,3,241.0,Genetic_bank,Stylosanthes humilis,Herbaceous_legumes,0.03,0.08,0.08,0.0,0.21,0.97,2
F24-3570,CIAT-12184,3,243.0,Genetic_bank,Stylosanthes humilis,Herbaceous_legumes,0.56,0.2,0.2,0.0,0.13,2.33,2
F24-3571,CIAT-12202,3,245.0,Genetic_bank,Stylosanthes humilis,Herbaceous_legumes,0.06,0.01,0.01,0.0,1.12,0.13,2
F24-3572,CIAT-12311,3,247.0,Genetic_bank,Stylosanthes guianensis,Herbaceous_legumes,0.13,0.02,0.02,0.0,0.35,1.42,2
F24-3573,CIAT-12381,3,249.0,Genetic_bank,Stylosanthes hamata,Herbaceous_legumes,0.01,0.03,0.03,0.0,0.06,0.28,2
F24-3574,CIAT-12374,3,251.0,Genetic_bank,Stylosanthes hamata,Herbaceous_legumes,0.95,0.55,0.55,0.0,0.08,1.0,2
F24-3575,CIAT-12457,3,253.0,Genetic_bank,Stylosanthes hamata,Herbaceous_legumes,0.09,0.08,0.08,0.0,0.88,2.58,2
F24-3576,CIAT-12462,3,255.0,Genetic_bank,Stylosanthes hamata,Herbaceous_legumes,0.13,0.05,0.05,0.0,0.64,2.35,2
F24-3577,CIAT-12485,3,257.0,Genetic_bank,Stylosanthes scabra,Herbaceous_legumes,0.16,0.33,0.33,0.0,0.08,1.06,2
F24-3578,CIAT-12615,3,259.0,Genetic_bank,Stylosanthes guianensis,Herbaceous_legumes,0.04,0.02,0.02,0.0,0.94,1.84,2
F24-3579,CIAT-12686,3,261.0,Genetic_bank,Stylosanthes hamata,Herbaceous_legumes,0.02,0.01,0.01,0.0,1.01,2.15,2
F24-3580,CIAT-12710,3,263.0,Genetic_bank,Stylosanthes scabra,Herbaceous_legumes,0.06,0.65,0.65,0.0,0.74,0.16,2
F24-3581,CIAT-12758,3,265.0,Genetic_bank,Stylosanthes guianensis,Herbaceous_legumes,0.02,0.08,0.08,0.0,1.56,1.84,2
F24-3582,CIAT-BR-02-1752,1,51.0,Breeding,Urochloa interespecific,Grass,0.06,0.09,0.09,0.0,0.08,0.25,2
F24-3583,CIAT-BR-02-1794,1,53.0,Breeding,Urochloa interespecific,Grass,0.11,0.17,0.17,0.0,0.8,1.32,2
F24-3584,CIAT-BR-06-0423,1,55.0,Breeding,Urochloa interespecific,Grass,0.22,0.01,0.01,0.0,5.11,0.09,10
F24-3585,CIAT-BR-09-1232,1,57.0,Breeding,Urochloa interespecific,Grass,0.15,0.04,0.04,0.0,0.01,0.16,2
F24-3586,CIAT-BR-12-4951,1,59.0,Breeding,Urochloa interespecific,Grass,0.39,0.0,0.0,0.0,0.04,0.11,2
F24-3587,CIAT-BR-15-0722,1,61.0,Breeding,Urochloa interespecific,Grass,0.2,0.01,0.01,0.0,0.49,0.65,2
F24-3588,CIAT-BR-15-6487,1,63.0,Breeding,Urochloa interespecific,Grass,0.14,0.24,0.24,0.0,0.33,0.04,2
F24-3589,CIAT-BR-19-0029,1,65.0,Breeding,Urochloa interespecific,Grass,0.03,0.03,0.03,0.0,0.31,0.55,2
F24-3590,CIAT-BR-19-0423,1,67.0,Breeding,Urochloa interespecific,Grass,0.23,0.05,0.05,0.0,0.35,0.4,2
F24-3591,CIAT-CIAT-6962,1,69.0,Breeding,Megathyrsus maximus,Grass,0.17,0.06,0.06,0.0,0.64,0.53,4
F24-3592,CIAT-Mulato-II,1,71.0,Breeding,Urochloa interespecific,Grass,0.04,0.02,0.02,0.0,0.12,0.89,2
F24-3592-,CIAT-Mulato-II,5,,Breeding,Urochloa interespecific,Grass,0.04,0.02,0.02,0.0,0.12,0.89,2
F24-3593,CIAT-PM-21-0215,1,73.0,Breeding,Megathyrsus maximus,Grass,0.05,0.03,0.03,0.0,0.22,0.32,2
F24-3594,CIAT-PM-21-0631,1,75.0,Breeding,Megathyrsus maximus,Grass,0.09,0.01,0.01,0.0,0.41,0.52,2
F24-3595,CIAT-PM-21-2195,1,77.0,Breeding,Megathyrsus maximus,Grass,0.14,0.06,0.06,0.0,0.3,0.28,2
F24-3596,CIAT-PM-21-3522,1,79.0,Breeding,Megathyrsus maximus,Grass,0.06,0.29,0.29,0.0,0.36,0.33,2
F24-3597,CIAT-PM-21-3534,1,81.0,Breeding,Megathyrsus maximus,Grass,0.65,0.04,0.04,0.0,0.06,0.03,2
F24-3598,CIAT-PM-21-3537,1,83.0,Breeding,Megathyrsus maximus,Grass,0.19,0.02,0.02,0.0,0.26,0.32,2
F24-3599,CIAT-PM-21-3545,1,85.0,Breeding,Megathyrsus maximus,Grass,0.2,0.02,0.02,0.0,0.24,0.06,2
F24-3600,CIAT-PM-21-3670,1,87.0,Breeding,Megathyrsus maximus,Grass,0.24,0.06,0.06,0.0,0.07,0.04,2
F24-3601,CIAT-PM-21-6628,1,89.0,Breeding,Megathyrsus maximus,Grass,0.14,0.16,0.16,0.0,0.17,0.15,2
F24-3602,CIAT-BH-08-1149,1,91.0,Breeding,Urochloa humidicola,Grass,0.08,0.02,0.02,0.0,0.09,1.75,2
F24-3603,CIAT-BH-16-0550,1,93.0,Breeding,Urochloa humidicola,Grass,0.16,0.1,0.1,0.0,0.45,0.57,2
F24-3604,CIAT-BH-16-0562,1,95.0,Breeding,Urochloa humidicola,Grass,0.23,0.1,0.1,0.0,0.28,0.45,2
F24-3605,CIAT-BH-16-3249,1,97.0,Breeding,Urochloa humidicola,Grass,0.18,0.13,0.13,0.0,0.51,0.45,2
F24-3606,CIAT-BH-16-B-0733,1,99.0,Breeding,Urochloa humidicola,Grass,0.13,0.27,0.27,0.0,0.17,0.13,2
F24-3607,CIAT-BH-16-B-0741,1,101.0,Breeding,Urochloa humidicola,Grass,0.28,0.13,0.13,0.0,0.0,0.05,2
F24-3608,CIAT-BH-16-B-1194,1,103.0,Breeding,Urochloa humidicola,Grass,0.13,0.02,0.02,0.0,0.12,0.02,2
F24-3609,CIAT-BH-16-B-1618,1,105.0,Breeding,Urochloa humidicola,Grass,0.21,0.02,0.02,0.0,0.67,0.73,2
F24-3610,CIAT-BH-16-B-1707,1,107.0,Breeding,Urochloa humidicola,Grass,0.17,0.09,0.09,0.0,0.07,0.4,2
F24-3611,CIAT-CIAT-16888,1,109.0,Breeding,Urochloa humidicola,Grass,0.06,0.08,0.08,0.0,0.65,0.96,2
F24-3612,CIAT-398,2,7.0,Genetic_bank,Desmodium incanum,Herbaceous_legumes,0.06,0.28,0.28,0.11,1.15,1.44,2
F24-3613,CIAT-438,2,9.0,Genetic_bank,Centrosema molle x acutifolium,Herbaceous_legumes,0.02,1.34,1.34,0.0,1.56,1.62,2
F24-3614,CIAT-442,2,11.0,Genetic_bank,Centrosema molle x acutifolium,Herbaceous_legumes,0.04,1.8,1.8,0.0,0.26,0.24,2
F24-3615,CIAT-466,2,13.0,Genetic_bank,Vigna umbellata,Herbaceous_legumes,0.06,0.94,0.94,0.0,0.69,1.0,2
F24-3616,CIAT-715,2,15.0,Genetic_bank,Canavalia ensiformis,Herbaceous_legumes,0.01,0.12,0.12,0.0,0.24,0.4,2
F24-3617,CIAT-887,2,17.0,Genetic_bank,Calopogonium mucunoides,Herbaceous_legumes,0.01,0.79,0.79,0.0,0.33,2.18,2
F24-3618,CIAT-923,2,19.0,Genetic_bank,Galactia latisiliqua,Herbaceous_legumes,0.08,0.0,0.0,0.0,0.4,1.8,2
F24-3619,CIAT-3813,2,21.0,Genetic_bank,Desmodium sequax,Shrub_Trees,0.03,0.18,0.18,0.0,0.64,0.52,2
F24-3620,CIAT-5512,2,23.0,Genetic_bank,Centrosema brasilianum,Herbaceous_legumes,0.06,0.14,0.14,0.0,0.11,2.13,2
F24-3621,CIAT-5568,2,25.0,Genetic_bank,Centrosema acutifolium,Herbaceous_legumes,0.06,0.74,0.74,0.0,1.64,1.2,2
F24-3622,CIAT-5657,2,27.0,Genetic_bank,Centrosema brasilianum,Herbaceous_legumes,0.06,0.04,0.04,0.0,0.69,1.87,2
F24-3623,CIAT-5744,2,29.0,Genetic_bank,Centrosema macrocarpum,Herbaceous_legumes,0.01,0.01,0.01,0.0,0.86,0.24,2
F24-3624,CIAT-7131,2,31.0,Genetic_bank,Eriosema diffusum,Herbaceous_legumes,0.11,0.24,0.24,0.0,0.69,0.94,2
F24-3625,CIAT-7318,2,33.0,Genetic_bank,Canavalia sp.,Herbaceous_legumes,0.04,0.18,0.18,0.0,0.91,0.66,2
F24-3626,CIAT-7395,2,35.0,Genetic_bank,Galactia striata,Herbaceous_legumes,0.06,0.01,0.01,0.0,0.63,0.93,2
F24-3627,CIAT-7648,2,37.0,Genetic_bank,Canavalia brasiliensis,Herbaceous_legumes,0.05,0.01,0.01,0.0,0.74,2.23,2
F24-3628,CIAT-7746,2,39.0,Genetic_bank,Crotalaria paulina,Herbaceous_legumes,0.16,0.68,0.68,0.0,0.61,2.15,2
F24-3629,CIAT-7813,2,41.0,Genetic_bank,Indigofera cryptantha,Herbaceous_legumes,0.01,2.52,2.52,0.0,0.89,0.09,2
F24-3630,CIAT-7831,2,43.0,Genetic_bank,Tephrosia rhodesica,Shrub_Trees,0.08,2.98,2.98,0.0,0.62,2.27,2
F24-3631,CIAT-7894,2,45.0,Genetic_bank,Canavalia brasiliensis,Herbaceous_legumes,0.04,2.3,2.3,0.04,0.86,1.09,2
F24-3632,CIAT-7991,2,47.0,Genetic_bank,Indigofera suffruticosa,Shrub_Trees,0.1,4.41,4.41,0.0,0.64,0.83,2
F24-3633,CIAT-8202,2,49.0,Genetic_bank,Chamaecrista rotundifolia,Herbaceous_legumes,0.09,7.11,7.11,0.0,0.07,3.11,2
F24-3634,CIAT-9189,2,51.0,Genetic_bank,Indigofera suffruticosa,Shrub_Trees,0.06,1.72,1.72,0.0,1.58,2.34,2
F24-3635,CIAT-9434,2,53.0,Genetic_bank,Clitoria ternatea,Herbaceous_legumes,0.05,6.47,6.47,0.0,0.15,0.12,2
F24-3636,CIAT-11162,2,55.0,Genetic_bank,Stylosanthes scabra,Herbaceous_legumes,0.02,2.68,2.68,0.0,0.02,1.9,2
F24-3637,CIAT-13301,2,57.0,Genetic_bank,Desmodium sequax,Shrub_Trees,0.01,5.76,5.76,0.0,1.12,1.15,2
F24-3638,CIAT-15401,2,59.0,Genetic_bank,Centrosema brasilianum,Herbaceous_legumes,0.04,4.2,4.2,0.0,1.31,1.23,2
F24-3639,CIAT-17360,2,67.0,Genetic_bank,Alysicarpus vaginalis,Herbaceous_legumes,0.01,2.8,2.8,0.0,0.21,1.31,2
F24-3641,CIAT-18004,2,71.0,Genetic_bank,Chamaecrista rotundifolia,Herbaceous_legumes,0.18,0.83,0.83,0.0,0.18,1.66,2
F24-3642,CIAT-18430,2,73.0,Genetic_bank,Alysicarpus vaginalis,Herbaceous_legumes,0.06,0.03,0.03,0.0,0.22,0.19,2
F24-3644,CIAT-18708,2,75.0,Genetic_bank,Crotalaria pallida,Herbaceous_legumes,0.01,0.01,0.01,0.0,2.26,1.81,2
F24-3645,CIAT-18850,2,77.0,Genetic_bank,Alysicarpus rugosus,Herbaceous_legumes,0.08,0.04,0.04,0.0,0.18,1.32,2
F24-3646,CIAT-18865,2,79.0,Genetic_bank,Alysicarpus rugosus,Herbaceous_legumes,0.13,0.09,0.09,0.0,0.8,1.92,2
F24-3647,CIAT-19032,2,81.0,Genetic_bank,Canavalia sp.,Herbaceous_legumes,0.04,0.13,0.13,0.0,0.87,1.63,2
F24-3648,CIAT-19119,2,83.0,Genetic_bank,Alysicarpus rugosus,Herbaceous_legumes,0.01,0.16,0.16,0.0,0.94,0.74,2
F24-3650,CIAT-20303,2,85.0,Genetic_bank,Canavalia brasiliensis,Herbaceous_legumes,0.01,0.05,0.05,0.0,1.44,2.59,2
F24-3651,CIAT-20589,2,87.0,Genetic_bank,Uraria lagopodioides,Herbaceous_legumes,0.05,0.7,0.7,0.01,0.23,0.58,2
F24-3652,CIAT-21687,2,89.0,Genetic_bank,Desmanthus virgatus,Shrub_Trees,0.06,0.01,0.01,0.0,1.7,3.35,2
F24-3653,CIAT-22048,2,91.0,Genetic_bank,Aeschynomene americana,Shrub_Trees,0.05,0.04,0.04,0.0,0.77,2.03,2
F24-3654,CIAT-22156,2,93.0,Genetic_bank,Arachis pintoi,Herbaceous_legumes,0.13,0.01,0.01,0.0,0.19,1.97,2
F24-3655,CIAT-22507,2,95.0,Genetic_bank,Desmanthus subulatus,Shrub_Trees,0.03,0.08,0.08,0.0,0.45,2.11,2
F24-3656,CIAT-22510,2,97.0,Genetic_bank,Desmanthus bicornutus,Shrub_Trees,0.06,0.01,0.01,0.0,0.2,0.0,2
F24-3657,CIAT-22598,2,99.0,Genetic_bank,Lablab purpureus,Herbaceous_legumes,0.08,0.07,0.07,0.0,3.1,2.65,2
F24-3658,CIAT-22784,2,101.0,Genetic_bank,Desmanthus bicornutus,Shrub_Trees,0.08,0.06,0.06,0.0,0.14,0.75,2
F24-3659,CIAT-25113,2,103.0,Genetic_bank,Centrosema brasilianum,Herbaceous_legumes,0.03,0.06,0.06,0.0,0.72,0.09,2
F24-3660,CIAT-33114,2,105.0,Genetic_bank,Dendrolobium sp.,Shrub_Trees,0.06,0.05,0.05,0.0,0.15,0.98,2
F24-3662,CIAT-43477,2,107.0,Genetic_bank,Desmodium cinereum,Shrub_Trees,0.01,0.06,0.06,0.0,0.33,0.01,2
F25-0008,Sample-8,2,331.0,LMF,Cynodon nlemfuensis ,Grass,0.19,0.09,0.09,5.9,16.15,37.72,215
F25-0017,Hohenheimer-Heustandard,2,61.0,LMF,Hohenheimer Heustandard,Forage,0.01,0.07,0.07,2.65,0.0,0.0,146
F25-0018,Homenheim-Concentrate,2,63.0,LMF,Homenheim Concentrate,Concentrate,0.04,0.15,0.15,0.0,0.0,0.0,162
F25-0929,CIAT-15474,2,197.0,Genetic_bank,Centrosema molle,Herbaceous_legumes,0.24,0.01,0.01,0.07,0.28,0.6,2
F25-0930,CIAT-15470,2,199.0,Genetic_bank,Centrosema molle,Herbaceous_legumes,0.08,0.03,0.03,0.0,0.51,1.92,2
F25-0931,CIAT-13268,2,201.0,Genetic_bank,Tadehagi triquetrum,Herbaceous_legumes,0.16,0.18,0.18,0.0,0.88,1.13,2
F25-0932,CIAT-22768,2,203.0,Genetic_bank,Lablab purpureus,Herbaceous_legumes,0.28,0.22,0.22,0.0,0.05,0.34,2
F25-0933,CIAT-22770,2,205.0,Genetic_bank,Lablab purpureus,Herbaceous_legumes,0.12,0.02,0.02,0.0,0.16,0.49,2
F25-0934,CIAT-18701,2,207.0,Genetic_bank,Cajanus cajan,Shrub_Trees,0.03,0.02,0.02,0.0,0.32,0.16,2
F25-0935,CIAT-20891,2,209.0,Genetic_bank,Cajanus cajan,Shrub_Trees,0.07,0.13,0.13,0.0,0.77,0.3,2
F25-0936,CIAT-5172,2,211.0,Genetic_bank,Centrosema molle,Herbaceous_legumes,0.16,0.05,0.05,0.0,0.33,0.32,2
F25-0937,CIAT-5452,2,213.0,Genetic_bank,Centrosema macrocarpum,Herbaceous_legumes,0.15,0.13,0.13,0.0,0.99,0.2,2
F25-0938,CIAT-5733,2,215.0,Genetic_bank,Centrosema macrocarpum,Herbaceous_legumes,0.21,0.36,0.36,0.0,0.05,1.46,2
F25-0939,CIAT-5735,2,217.0,Genetic_bank,Centrosema macrocarpum,Herbaceous_legumes,0.02,0.06,0.06,0.0,0.17,0.63,2
F25-0940,CIAT-5749,2,219.0,Genetic_bank,Centrosema plumieri,Herbaceous_legumes,0.02,0.05,0.05,0.64,0.3,1.96,2
F25-0941,CIAT-5911,2,221.0,Genetic_bank,Centrosema macrocarpum,Herbaceous_legumes,0.08,0.18,0.18,0.0,0.31,0.39,2
F25-0942,CIAT-13692,2,223.0,Genetic_bank,Desmodium velutinum,Shrub_Trees,0.09,0.02,0.02,0.0,1.03,2.17,2
F25-0943,CIAT-15121,2,225.0,Genetic_bank,Centrosema macrocarpum,Herbaceous_legumes,0.15,0.18,0.18,0.0,0.28,0.01,2
F25-0944,CIAT-15150,2,227.0,Genetic_bank,Centrosema molle,Herbaceous_legumes,0.17,0.06,0.06,0.0,0.51,1.66,2
F25-0945,CIAT-15154,2,229.0,Genetic_bank,Centrosema molle,Herbaceous_legumes,0.13,0.1,0.1,0.0,1.63,1.81,2
F25-0946,CIAT-15561,2,231.0,Genetic_bank,Centrosema molle,Herbaceous_legumes,0.33,0.01,0.01,0.0,0.31,2.17,2
F25-0947,CIAT-15799,2,233.0,Genetic_bank,Centrosema macrocarpum,Herbaceous_legumes,0.14,0.1,0.1,0.0,1.53,2.29,2
F25-0948,CIAT-15816,2,235.0,Genetic_bank,Centrosema acutifolium,Herbaceous_legumes,0.21,0.05,0.05,0.11,1.0,1.02,2
F25-0949,CIAT-20304,2,237.0,Genetic_bank,Canavalia brasiliensis,Herbaceous_legumes,0.12,0.06,0.06,0.0,0.59,0.96,2
F25-0950,CIAT-21603,2,239.0,Genetic_bank,Lablab purpureus,Herbaceous_legumes,0.23,0.46,0.46,0.0,0.68,1.28,2
F25-0951,CIAT-23248,2,241.0,Genetic_bank,Desmodium velutinum,Shrub_Trees,0.2,0.04,0.04,0.0,0.01,0.58,2
F25-0952,CIAT-23271,2,243.0,Genetic_bank,Desmodium velutinum,Shrub_Trees,0.08,0.06,0.06,0.0,0.76,2.14,2
F25-0953,CIAT-23279,2,245.0,Genetic_bank,Desmodium velutinum,Shrub_Trees,0.21,0.1,0.1,0.0,0.13,2.11,2
F25-0954,CIAT-23326,2,247.0,Genetic_bank,Desmodium velutinum,Shrub_Trees,0.08,0.12,0.12,0.0,0.09,0.66,4
F25-0955,CIAT-33255,2,249.0,Genetic_bank,Desmodium velutinum,Shrub_Trees,0.16,0.07,0.07,0.0,0.93,0.42,2
F25-0956,CIAT-33428,2,251.0,Genetic_bank,Desmodium velutinum,Shrub_Trees,0.11,0.06,0.06,0.0,0.21,0.02,2
F25-0957,CIAT-33451,2,253.0,Genetic_bank,Desmodium velutinum,Shrub_Trees,0.16,0.01,0.01,0.0,0.27,0.18,2
F25-0958,CIAT-33463,2,255.0,Genetic_bank,Desmodium velutinum,Shrub_Trees,0.02,0.08,0.08,0.07,0.39,0.65,2
F25-0959,CIAT-350,2,263.0,Genetic_bank,Desmodium heterocarpon,Herbaceous_legumes,0.01,0.06,0.06,0.0,0.01,0.3,2
F25-0960,CIAT-3187,2,265.0,Genetic_bank,Desmodium cajanifolium,Shrub_Trees,0.07,0.09,0.09,0.0,0.19,0.91,2
F25-0961,CIAT-4028,2,267.0,Genetic_bank,Galactia glaucescens,Herbaceous_legumes,0.11,0.16,0.16,0.0,1.06,1.32,2
F25-0962,CIAT-5277,2,269.0,Genetic_bank,Centrosema acutifolium,Herbaceous_legumes,0.06,0.11,0.11,0.0,0.87,1.06,2
F25-0963,CIAT-7227,2,271.0,Genetic_bank,Galactia texana,Herbaceous_legumes,0.21,0.01,0.01,0.0,0.66,1.41,2
F25-0964,CIAT-8013,2,273.0,Genetic_bank,Crotalaria paulina,Herbaceous_legumes,0.09,0.09,0.09,0.0,0.23,3.71,2
F25-0965,CIAT-8156,2,275.0,Genetic_bank,Chamaecrista rotundifolia,Herbaceous_legumes,0.1,0.03,0.03,0.0,1.04,0.67,2
F25-0966,CIAT-9323,2,277.0,Genetic_bank,Crotalaria vitellina,Herbaceous_legumes,0.01,0.0,0.0,0.0,0.08,0.77,2
F25-0967,CIAT-9537,2,279.0,Genetic_bank,Crotalaria sagittalis,Herbaceous_legumes,0.01,0.09,0.09,0.0,0.31,0.96,2
F25-0968,CIAT-9690,2,281.0,Genetic_bank,Aeschynomene histrix,Herbaceous_legumes,0.04,0.15,0.15,0.23,0.69,2.4,2
F25-0969,CIAT-9900,2,283.0,Genetic_bank,Pueraria phaseoloides,Herbaceous_legumes,0.08,0.13,0.13,0.0,0.21,1.66,2
F25-0970,CIAT-11998,2,285.0,Genetic_bank,Stylosanthes guianensis,Herbaceous_legumes,0.05,0.05,0.05,0.0,0.74,2.08,2
F25-0971,CIAT-13149,2,287.0,Genetic_bank,Desmodium strigillosum,Herbaceous_legumes,0.09,0.05,0.05,0.0,0.08,1.53,4
F25-0972,CIAT-13389,2,289.0,Genetic_bank,Desmodium sequax,Shrub_Trees,0.07,0.05,0.05,0.0,0.35,0.3,2
F25-0973,CIAT-13651,2,291.0,Genetic_bank,Desmodium heterocarpon,Herbaceous_legumes,0.06,0.04,0.04,0.0,1.73,1.2,2
F25-0974,CIAT-13946,2,293.0,Genetic_bank,Desmodium sequax,Shrub_Trees,0.01,0.03,0.03,0.0,0.14,0.23,4
F25-0975,CIAT-15160,2,295.0,Genetic_bank,Centrosema molle,Herbaceous_legumes,0.04,0.21,0.21,0.0,0.16,0.06,2
F25-0976,CIAT-17000,2,297.0,Genetic_bank,Chamaecrista rotundifolia,Herbaceous_legumes,0.06,0.03,0.03,0.0,0.53,1.11,2
F25-0977,CIAT-17009,2,299.0,Genetic_bank,Canavalia brasiliensis,Herbaceous_legumes,0.2,0.08,0.08,0.0,0.05,0.09,2
F25-0978,CIAT-18700,2,301.0,Genetic_bank,Cajanus cajan,Shrub_Trees,0.06,0.02,0.02,0.56,1.48,0.45,2
F25-0979,CIAT-18873,2,303.0,Genetic_bank,Alysicarpus ferrugineus,Herbaceous_legumes,0.08,0.36,0.36,0.0,0.59,0.04,2
F25-0980,CIAT-19867,2,305.0,Genetic_bank,Uraria lagopodioides,Herbaceous_legumes,0.05,0.04,0.04,0.0,0.7,1.39,4
F25-0981,CIAT-20207,2,307.0,Genetic_bank,Aeschynomene sensitiva,Shrub_Trees,0.11,0.02,0.02,0.0,0.08,0.48,2
F25-0982,CIAT-20709,2,309.0,Genetic_bank,Calopogonium mucunoides,Herbaceous_legumes,0.08,0.04,0.04,0.0,0.41,0.37,2
F25-0983,CIAT-18437,2,311.0,Genetic_bank,Flemingia macrophylla,Shrub_Trees,0.11,0.01,0.01,0.0,0.43,0.19,2
F25-0984,CIAT-25522,2,313.0,Genetic_bank,Centrosema macrocarpum,Herbaceous_legumes,0.06,0.08,0.08,0.0,0.11,1.07,2
F25-0985,CIAT-25704,2,315.0,Genetic_bank,Centrosema molle x acutifolium,Herbaceous_legumes,0.02,0.09,0.09,0.0,0.69,2.36,2
F25-0986,CIAT-33729,2,317.0,Genetic_bank,Desmodium cinereum,Shrub_Trees,0.06,0.07,0.07,0.0,0.18,0.08,2
F25-0987,CIAT-33827,2,319.0,Genetic_bank,Desmodium incanum,Herbaceous_legumes,0.1,0.05,0.05,0.0,0.29,0.1,2
F25-0988,CIAT-8512,2,321.0,Genetic_bank,Calopogonium caeruleum,Herbaceous_legumes,0.04,0.03,0.03,0.23,0.72,1.93,2
F25-0989,CIAT-11833,2,323.0,Genetic_bank,Stylosanthes guianensis,Herbaceous_legumes,0.1,0.12,0.12,0.0,0.57,2.11,2
F25-0990,CIAT-PM-21-0053,1,261.0,Breeding,Megathyrsus maximus,Grass,0.01,0.12,0.12,0.06,0.17,0.85,2
F25-0991,CIAT-PM-21-3550,1,263.0,Breeding,Megathyrsus maximus,Grass,0.09,0.26,0.26,0.04,0.33,0.01,2
F25-0992,CIAT-PM-21-3595,1,265.0,Breeding,Megathyrsus maximus,Grass,0.04,0.19,0.19,0.02,0.18,1.01,2
F25-0993,CIAT-PM-21-0086,1,267.0,Breeding,Megathyrsus maximus,Grass,0.89,0.71,0.71,0.03,0.17,0.02,2
F25-0994,CIAT-CIAT-16048,1,269.0,Breeding,Megathyrsus maximus,Grass,0.23,0.12,0.12,0.06,0.41,0.26,2
F25-0995,CIAT-PM-21-0185,1,271.0,Breeding,Megathyrsus maximus,Grass,0.12,0.04,0.04,0.02,0.34,0.42,2
F25-0996,CIAT-PM-21-0215,1,273.0,Breeding,Megathyrsus maximus,Grass,0.17,0.21,0.21,0.01,0.41,0.22,2
F25-0997,CIAT-CIAT-16051,1,275.0,Breeding,Megathyrsus maximus,Grass,0.23,0.08,0.08,0.06,1.09,0.06,2
F25-0998,CIAT-PM-21-6080,1,277.0,Breeding,Megathyrsus maximus,Grass,0.16,0.08,0.08,0.06,1.36,0.74,2
F25-0999,CIAT-PM-21-3684,1,279.0,Breeding,Megathyrsus maximus,Grass,0.3,0.03,0.03,0.05,0.06,0.62,2
F25-1000,CIAT-PM-21-0076,1,281.0,Breeding,Megathyrsus maximus,Grass,0.06,0.05,0.05,0.04,0.27,1.85,2
F25-1001,CIAT-CIAT-6890,1,283.0,Breeding,Megathyrsus maximus,Grass,0.02,0.09,0.09,0.13,0.06,1.71,2
F25-1002,CIAT-PM-21-6638,1,285.0,Breeding,Megathyrsus maximus,Grass,0.12,0.01,0.01,0.14,0.13,0.13,2
F25-1003,CIAT-PM-21-0052,1,287.0,Breeding,Megathyrsus maximus,Grass,0.01,0.18,0.18,0.26,0.53,0.53,2
F25-1004,CIAT-PM-21-4449,1,289.0,Breeding,Megathyrsus maximus,Grass,0.11,0.03,0.03,0.08,0.31,0.42,2
F25-1005,CIAT-CIAT-6799,1,291.0,Breeding,Megathyrsus maximus,Grass,0.66,0.08,0.08,0.01,0.03,0.24,2
F25-1006,CIAT-PM-21-0055,1,293.0,Breeding,Megathyrsus maximus,Grass,0.3,0.45,0.45,0.19,0.3,0.19,2
F25-1007,CIAT-PM-21-6529,1,295.0,Breeding,Megathyrsus maximus,Grass,0.05,0.1,0.1,0.04,0.35,0.11,2
F25-1008,CIAT-PM-21-0047,1,297.0,Breeding,Megathyrsus maximus,Grass,0.06,0.2,0.2,0.01,0.43,0.12,2
F25-1009,CIAT-PM-21-2195,1,299.0,Breeding,Megathyrsus maximus,Grass,0.02,0.18,0.18,0.02,0.05,0.5,2
F25-1010,CIAT-PM-21-2627,1,301.0,Breeding,Megathyrsus maximus,Grass,0.17,0.14,0.14,0.04,0.08,0.7,2
F25-1011,CIAT-PM-21-0059,1,303.0,Breeding,Megathyrsus maximus,Grass,0.09,0.04,0.04,0.05,0.01,0.41,2
F25-1012,CIAT-PM-21-3522,1,305.0,Breeding,Megathyrsus maximus,Grass,0.19,0.28,0.28,0.1,0.3,0.29,2
F25-1013,CIAT-PM-21-0062,1,307.0,Breeding,Megathyrsus maximus,Grass,0.11,2.1,2.1,0.1,0.04,0.0,2
F25-1014,CIAT-PM-21-0906,1,309.0,Breeding,Megathyrsus maximus,Grass,0.15,0.15,0.15,0.12,0.13,0.08,2
F25-1651,CIAT-798,2,429.0,Genetic_bank,Galactia striata,Herbaceous_legumes,0.03,0.0,0.0,0.02,0.18,0.94,4
F25-1652,CIAT-822,2,431.0,Genetic_bank,Calopogonium mucunoides,Herbaceous_legumes,0.02,0.07,0.07,0.0,0.52,0.43,4
F25-1653,CIAT-852,2,433.0,Genetic_bank,Dioclea sericea,Herbaceous_legumes,0.05,0.02,0.02,0.0,0.04,1.29,4
F25-1654,CIAT-907,2,435.0,Genetic_bank,Dioclea virgata,Herbaceous_legumes,0.05,0.01,0.01,0.0,0.32,0.72,4
F25-1655,CIAT-1992,2,437.0,Genetic_bank,Stylosanthes guianensis,Herbaceous_legumes,1.36,0.18,0.18,0.0,0.8,0.83,4
F25-1656,CIAT-3001,2,439.0,Genetic_bank,Codariocalyx gyroides,Shrub_Trees,0.07,0.01,0.01,0.0,0.6,0.31,4
F25-1657,CIAT-3304,2,441.0,Genetic_bank,Desmodium cajanifolium,Shrub_Trees,0.05,0.0,0.0,0.0,0.22,1.29,4
F25-1658,CIAT-5713,2,443.0,Genetic_bank,Centrosema macrocarpum,Herbaceous_legumes,0.05,0.04,0.04,0.0,0.14,0.6,4
F25-1659,CIAT-7381,2,445.0,Genetic_bank,Galactia glaucescens,Herbaceous_legumes,0.38,0.1,0.1,0.0,0.08,1.17,4
F25-1660,CIAT-7799,2,447.0,Genetic_bank,Dioclea guianensis,Herbaceous_legumes,0.08,0.06,0.06,0.66,0.33,0.25,4
F25-1661,CIAT-7803,2,449.0,Genetic_bank,Dioclea holtiana,Herbaceous_legumes,0.03,0.01,0.01,0.05,1.54,0.39,4
F25-1662,CIAT-8182,2,451.0,Genetic_bank,Eriosema diffusum,Herbaceous_legumes,0.18,0.06,0.06,0.0,0.5,0.02,4
F25-1663,CIAT-8434,2,453.0,Genetic_bank,Dioclea sericea,Herbaceous_legumes,0.03,0.05,0.05,0.0,1.08,1.06,4
F25-1664,CIAT-8702,2,455.0,Genetic_bank,Calopogonium caeruleum,Herbaceous_legumes,0.11,0.01,0.01,0.0,0.65,0.42,4
F25-1665,CIAT-8816,2,457.0,Genetic_bank,Crotalaria micans,Shrub_Trees,0.05,0.03,0.03,0.0,0.33,0.54,4
F25-1666,CIAT-8826,3,43.0,Genetic_bank,Zapoteca formosa,Shrub_Trees,0.12,0.06,0.06,0.0,1.56,1.11,2
F25-1667,CIAT-9578,3,45.0,Genetic_bank,Dioclea sericea,Herbaceous_legumes,0.03,0.02,0.02,0.0,1.07,0.19,8
F25-1668,CIAT-9740,3,47.0,Genetic_bank,Chamaecrista desvauxii,Herbaceous_legumes,0.17,0.02,0.02,0.0,0.03,0.35,2
F25-1669,CIAT-9934,3,49.0,Genetic_bank,Aeschynomene americana,Shrub_Trees,0.02,0.06,0.06,0.0,0.77,0.26,2
F25-1670,CIAT-13158,3,69.0,Genetic_bank,Desmodium strigillosum,Herbaceous_legumes,0.09,0.04,0.04,0.4,0.99,0.76,2
F25-1671,CIAT-13329,3,71.0,Genetic_bank,Desmodium cajanifolium,Shrub_Trees,0.13,0.01,0.01,0.0,0.44,0.4,2
F25-1672,CIAT-13387,3,73.0,Genetic_bank,Desmodium sequax,Shrub_Trees,0.08,0.02,0.02,0.0,0.2,0.45,2
F25-1673,CIAT-13547,3,75.0,Genetic_bank,Codariocalyx gyroides,Shrub_Trees,0.09,0.07,0.07,0.0,0.52,0.26,2
F25-1674,CIAT-13953,3,77.0,Genetic_bank,Desmodium velutinum,Shrub_Trees,0.09,0.13,0.13,0.0,0.14,0.05,2
F25-1675,CIAT-15086,3,79.0,Genetic_bank,Centrosema acutifolium,Herbaceous_legumes,0.09,0.07,0.07,0.0,0.36,1.23,2
F25-1676,CIAT-17403,3,81.0,Genetic_bank,Flemingia macrophylla,Shrub_Trees,0.02,0.37,0.37,0.0,0.55,0.81,2
F25-1677,CIAT-17519,3,83.0,Genetic_bank,Mimosa somnians,Herbaceous_legumes,0.71,0.01,0.01,0.0,0.05,0.56,2
F25-1678,CIAT-17896,3,85.0,Genetic_bank,Chamaecrista desvauxii,Herbaceous_legumes,0.03,0.05,0.05,0.0,1.34,1.68,2
F25-1679,CIAT-18123,3,87.0,Genetic_bank,Dioclea virgata,Herbaceous_legumes,0.18,0.17,0.17,0.0,1.83,1.3,2
F25-1680,CIAT-18126,3,89.0,Genetic_bank,Dioclea virgata,Herbaceous_legumes,0.01,0.04,0.04,0.21,0.49,0.22,2
F25-1681,CIAT-18127,3,91.0,Genetic_bank,Dioclea virgata,Herbaceous_legumes,0.2,0.09,0.09,0.0,1.01,0.63,2
F25-1682,CIAT-18668,3,93.0,Genetic_bank,Cratylia argentea,Shrub_Trees,0.05,0.06,0.06,0.0,1.32,0.75,2
F25-1683,CIAT-19228,3,95.0,Genetic_bank,Eriosema psoraleoides,Herbaceous_legumes,0.03,0.03,0.03,0.0,0.1,0.23,2
F25-1684,CIAT-19537,3,97.0,Genetic_bank,Crotalaria verrucosa,Herbaceous_legumes,0.11,0.05,0.05,0.0,0.37,0.45,2
F25-1685,CIAT-20208,3,99.0,Genetic_bank,Aeschynomene sensitiva,Shrub_Trees,0.18,0.07,0.07,0.0,1.27,1.84,2
F25-1686,CIAT-20345,3,101.0,Genetic_bank,Pachyrhizus erosus,Herbaceous_legumes,0.69,0.1,0.1,0.0,1.1,0.45,2
F25-1687,CIAT-20927,3,103.0,Genetic_bank,Mimosa albida,Herbaceous_legumes,0.2,0.19,0.19,0.0,0.91,2.34,2
F25-1688,CIAT-21849,3,105.0,Genetic_bank,Chamaecrista desvauxii,Herbaceous_legumes,0.06,0.03,0.03,0.0,1.36,0.9,2
F25-1689,CIAT-22072,3,107.0,Genetic_bank,Bauhinia sp.,Shrub_Trees,0.06,0.07,0.07,0.0,0.29,1.18,2
F25-1690,CIAT-22409,3,109.0,Genetic_bank,Cratylia argentea,Shrub_Trees,0.09,0.02,0.02,0.08,0.71,0.76,2
F25-1691,CIAT-22692,3,111.0,Genetic_bank,Lablab purpureus,Herbaceous_legumes,0.13,0.11,0.11,0.0,1.98,1.83,2
F25-1692,CIAT-23715,3,113.0,Genetic_bank,Desmodium sequax,Shrub_Trees,0.03,0.02,0.02,0.0,1.19,0.83,4
F25-1692-,CIAT-23715,5,,Genetic_bank,Desmodium sequax,Shrub_Trees,0.04,0.02,0.02,0.0,1.46,1.02,2
F25-1693,CIAT-23746,3,115.0,Genetic_bank,Codariocalyx gyroides,Shrub_Trees,0.09,0.0,0.0,0.0,1.48,1.82,2
F25-1694,CIAT-23985,3,117.0,Genetic_bank,Desmodium velutinum,Shrub_Trees,0.09,0.01,0.01,0.0,0.29,0.07,2
F25-1695,CIAT-32265,3,119.0,Genetic_bank,Chamaecrista diphylla,Herbaceous_legumes,0.06,0.04,0.04,0.0,0.91,1.45,2
F25-1696,CIAT-33070,3,121.0,Genetic_bank,Desmodium oblongum,Shrub_Trees,0.02,0.01,0.01,0.0,0.45,0.62,2
F25-1697,CIAT-33079,3,123.0,Genetic_bank,Desmodium oblongum,Shrub_Trees,0.06,0.04,0.04,0.0,0.16,1.6,2
F25-1698,CIAT-33131,3,125.0,Genetic_bank,Codariocalyx gyroides,Shrub_Trees,0.02,0.0,0.0,0.0,0.61,1.16,2
F25-1699,CIAT-33195,3,127.0,Genetic_bank,Dalea carthagenensis,Herbaceous_legumes,0.04,0.18,0.18,0.0,0.28,0.91,2
F25-1700,CIAT-43055,3,129.0,Genetic_bank,Desmodium discolor,Herbaceous_legumes,0.1,0.04,0.04,0.06,0.66,1.54,2
F25-1701,CIAT-BR-12-1362,2,133.0,Breeding,Urochloa interespecific,Grass,0.08,0.12,0.12,0.13,0.07,0.15,2
F25-1702,CIAT-BR-12-2462,2,135.0,Breeding,Urochloa interespecific,Grass,0.16,0.17,0.17,0.11,0.57,0.86,2
F25-1703,CIAT-BR-12-3868,2,137.0,Breeding,Urochloa interespecific,Grass,0.13,0.3,0.3,0.23,0.76,0.98,2
F25-1704,CIAT-BR-15-2558,2,139.0,Breeding,Urochloa interespecific,Grass,0.08,0.16,0.16,0.06,0.01,0.08,2
F25-1705,CIAT-BR-15-2811,2,141.0,Breeding,Urochloa interespecific,Grass,0.06,0.11,0.11,0.19,0.26,0.79,2
F25-1706,CIAT-BR-15-2891,2,143.0,Breeding,Urochloa interespecific,Grass,0.01,0.14,0.14,0.13,0.16,0.47,2
F25-1707,CIAT-BR-19-1343,2,145.0,Breeding,Urochloa interespecific,Grass,0.11,0.01,0.01,0.01,0.35,0.53,2
F25-1708,CIAT-CIAT-26110,2,147.0,Breeding,Urochloa interespecific,Grass,0.07,0.07,0.07,0.01,0.11,0.2,2
F25-1709,CIAT-CIAT-26646,2,149.0,Breeding,Urochloa interespecific,Grass,0.01,0.08,0.08,0.04,0.05,0.01,2
F25-1710,CIAT-CIAT-6297,2,151.0,Breeding,Urochloa interespecific,Grass,0.11,0.03,0.03,0.05,0.76,0.74,2
F25-1711,CIAT-BR-12-4400,2,153.0,Breeding,Urochloa interespecific,Grass,0.16,0.04,0.04,0.08,0.16,0.46,2
F25-1712,CIAT-BR-15-3434,2,155.0,Breeding,Urochloa interespecific,Grass,0.06,0.04,0.04,0.19,0.5,0.67,2
F25-1713,CIAT-BR-15-3811,2,157.0,Breeding,Urochloa interespecific,Grass,0.02,0.09,0.09,0.07,0.08,0.54,2
F25-1714,CIAT-BR-15-6547,2,159.0,Breeding,Urochloa interespecific,Grass,0.16,0.16,0.16,0.07,0.31,0.12,2
F25-1715,CIAT-BR-15-7121,2,161.0,Breeding,Urochloa interespecific,Grass,0.06,0.15,0.15,0.18,0.21,0.17,2
F25-1716,CIAT-BR-15-8887,2,163.0,Breeding,Urochloa interespecific,Grass,0.23,0.0,0.0,0.09,0.05,0.04,2
F25-1717,CIAT-BR-19-4678,2,165.0,Breeding,Urochloa interespecific,Grass,0.15,0.07,0.07,0.05,0.48,0.06,2
F25-1718,CIAT-BR-19-5029,2,167.0,Breeding,Urochloa interespecific,Grass,0.34,0.01,0.01,0.07,0.22,0.59,2
F25-1719,CIAT-BR-19-5357,2,169.0,Breeding,Urochloa interespecific,Grass,0.11,0.06,0.06,0.06,0.28,1.18,2
F25-1720,CIAT-BR-19-5381,2,171.0,Breeding,Urochloa interespecific,Grass,0.11,0.03,0.03,0.28,0.3,1.2,2
F25-1721,CIAT-BR-02-0465,2,173.0,Breeding,Urochloa interespecific,Grass,0.17,0.04,0.04,0.02,0.52,0.39,2
F25-1722,CIAT-BR-04-3025,2,175.0,Breeding,Urochloa interespecific,Grass,0.13,0.07,0.07,0.06,0.18,0.58,2
F25-1723,CIAT-BR-05-1435,2,177.0,Breeding,Urochloa interespecific,Grass,0.01,0.32,0.32,0.15,0.08,1.27,2
F25-1724,CIAT-BR-09-3660,2,179.0,Breeding,Urochloa interespecific,Grass,0.08,0.01,0.01,0.11,0.01,1.5,2
F25-1725,CIAT-BR-19-1264,2,181.0,Breeding,Urochloa interespecific,Grass,0.11,0.08,0.08,0.19,0.27,0.85,2
F25-1726,CIAT-BR-19-5217,2,183.0,Breeding,Urochloa interespecific,Grass,0.06,0.16,0.16,0.12,0.26,0.08,2
F25-1727,CIAT-CIAT-26124,2,185.0,Breeding,Urochloa interespecific,Grass,0.06,0.05,0.05,0.22,0.46,0.32,2
F25-1728,CIAT-13262,4,1.0,Genetic_bank,Dendrolobium triangulare,Shrub_Trees,0.04,0.03,0.03,0.0,0.5,1.56,2
F25-1729,CIAT-13528,4,3.0,Genetic_bank,Dendrolobium lanceolatum,Shrub_Trees,0.06,0.0,0.0,0.0,0.07,0.48,2
F25-1730,CIAT-13529,4,5.0,Genetic_bank,Dendrolobium triangulare,Shrub_Trees,0.08,0.04,0.04,0.0,1.18,2.79,2
F25-1731,CIAT-13710,4,7.0,Genetic_bank,Dendrolobium lanceolatum,Shrub_Trees,0.06,0.08,0.08,0.0,2.24,0.79,2
F25-1732,CIAT-22004,4,9.0,Genetic_bank,Dendrolobium triangulare,Shrub_Trees,0.16,0.04,0.04,0.0,0.12,1.34,2
F25-1733,CIAT-23104,4,11.0,Genetic_bank,Dendrolobium triangulare,Shrub_Trees,0.01,0.05,0.05,0.0,1.66,1.26,2
F25-1734,CIAT-23106,4,13.0,Genetic_bank,Dendrolobium triangulare,Shrub_Trees,0.21,0.07,0.07,0.0,0.59,1.24,2
F25-1735,CIAT-23107,4,15.0,Genetic_bank,Dendrolobium triangulare,Shrub_Trees,0.03,0.11,0.11,0.0,0.01,0.18,2
F25-1736,CIAT-23108,4,17.0,Genetic_bank,Dendrolobium triangulare,Shrub_Trees,0.1,0.08,0.08,0.0,0.21,0.31,2
F25-1737,CIAT-23412,4,19.0,Genetic_bank,Dendrolobium triangulare,Shrub_Trees,0.27,0.05,0.05,0.16,2.0,0.07,2
F25-1738,CIAT-23413,4,21.0,Genetic_bank,Dendrolobium triangulare,Shrub_Trees,0.5,0.01,0.01,0.0,1.87,1.26,2
F25-1739,CIAT-23419,4,23.0,Genetic_bank,Dendrolobium triangulare,Shrub_Trees,0.2,0.03,0.03,0.0,0.42,0.03,2
F25-1740,CIAT-23422,4,25.0,Genetic_bank,Dendrolobium triangulare,Shrub_Trees,0.09,0.03,0.03,0.0,2.31,0.47,2
F25-1741,CIAT-23734,4,27.0,Genetic_bank,Dendrolobium triangulare,Shrub_Trees,0.11,0.02,0.02,0.0,0.96,0.74,2
F25-1742,CIAT-23932,4,29.0,Genetic_bank,Dendrolobium triangulare,Shrub_Trees,0.0,0.0,0.0,0.0,1.58,0.51,2
F25-1743,CIAT-23933,4,31.0,Genetic_bank,Dendrolobium triangulare,Shrub_Trees,0.11,0.06,0.06,0.0,1.97,1.8,2
F25-1744,CIAT-23934,4,33.0,Genetic_bank,Dendrolobium triangulare,Shrub_Trees,0.05,0.05,0.05,0.0,1.83,0.58,2
F25-1745,CIAT-23936,4,35.0,Genetic_bank,Dendrolobium triangulare,Shrub_Trees,0.01,0.08,0.08,0.0,1.61,0.01,2
F25-1746,CIAT-33119,4,37.0,Genetic_bank,Dendrolobium triangulare,Shrub_Trees,0.11,0.05,0.05,0.0,0.79,1.09,2
F25-1747,CIAT-33383,4,39.0,Genetic_bank,Dendrolobium sp.,Shrub_Trees,0.17,0.33,0.33,0.25,1.17,0.65,2
F25-1748,CIAT-33402,4,41.0,Genetic_bank,Dendrolobium triangulare,Shrub_Trees,0.07,0.0,0.0,0.0,0.01,0.38,2
F25-1749,CIAT-33508,4,43.0,Genetic_bank,Dendrolobium umbellatum,Shrub_Trees,0.05,0.01,0.01,0.0,2.12,0.72,2
F25-1750,CIAT-33515,4,45.0,Genetic_bank,Dendrolobium triangulare,Shrub_Trees,0.01,4.07,4.07,0.0,0.73,0.33,2
F25-1751,CIAT-7353,4,47.0,Genetic_bank,Prosopis juliflora,Shrub_Trees,0.08,0.6,0.6,0.0,0.54,1.12,2
F25-1752,CIAT-7976,4,49.0,Genetic_bank,Cassia sp.,Shrub_Trees,0.02,5.65,5.65,0.0,1.46,0.76,2
F25-1753,CIAT-8018,4,51.0,Genetic_bank,Acacia aroma,Shrub_Trees,0.05,0.59,0.59,0.0,0.95,1.11,2
F25-1754,CIAT-9990,4,53.0,Genetic_bank,Prosopis juliflora,Shrub_Trees,0.01,3.16,3.16,0.0,0.14,0.57,2
F25-1755,CIAT-13258,4,55.0,Genetic_bank,Dendrolobium lanceolatum,Shrub_Trees,0.06,0.03,0.03,0.0,1.37,2.34,2
F25-1756,CIAT-13260,4,57.0,Genetic_bank,Dendrolobium lanceolatum,Shrub_Trees,0.05,3.86,3.86,0.0,0.01,2.17,2
F25-1757,CIAT-17263,4,59.0,Genetic_bank,Leucaena leucocephala,Shrub_Trees,0.08,2.28,2.28,19.4,0.63,1.73,2
F25-1758,CIAT-17459,4,67.0,Genetic_bank,Erythrina berteroana,Shrub_Trees,0.11,1.48,1.48,0.0,0.45,1.88,2
F25-1759,CIAT-17482,4,69.0,Genetic_bank,Leucaena leucocephala,Shrub_Trees,0.06,0.77,0.77,0.0,0.63,2.18,2
F25-1760,CIAT-17502,4,71.0,Genetic_bank,Leucaena leucocephala,Shrub_Trees,0.06,2.54,2.54,0.0,1.62,0.35,2
F25-1761,CIAT-19384,4,73.0,Genetic_bank,Prosopis juliflora,Shrub_Trees,0.11,2.23,2.23,0.0,1.14,2.07,2
F25-1762,CIAT-19571,4,75.0,Genetic_bank,Senna cobanensis,Shrub_Trees,0.08,0.04,0.04,0.0,0.39,2.18,2
F25-1763,CIAT-20126,4,77.0,Genetic_bank,Acacia angustissima,Shrub_Trees,0.07,0.03,0.03,0.0,0.42,2.78,2
F25-1764,CIAT-20788,4,79.0,Genetic_bank,Senna pallida,Shrub_Trees,0.06,0.02,0.02,0.0,0.64,2.45,2
F25-1765,CIAT-21242,4,81.0,Genetic_bank,Leucaena diversifolia,Shrub_Trees,0.11,0.05,0.05,0.0,1.0,1.85,2
F25-1766,CIAT-21512,4,83.0,Genetic_bank,Calliandra calothyrsus,Shrub_Trees,0.56,0.02,0.02,0.0,0.21,0.82,2
F25-1767,CIAT-21601,4,85.0,Genetic_bank,Erythrina fusca,Shrub_Trees,0.9,0.18,0.18,0.48,1.61,2.82,2
F25-1768,CIAT-21809,4,87.0,Genetic_bank,Acacia farnesiana,Shrub_Trees,0.06,0.05,0.05,0.0,1.34,2.68,2
F25-1769,CIAT-21810,4,89.0,Genetic_bank,Acacia angustissima,Shrub_Trees,0.07,0.0,0.0,0.0,1.78,1.93,2
F25-1770,CIAT-21888,4,91.0,Genetic_bank,Leucaena leucocephala,Shrub_Trees,0.05,0.11,0.11,0.0,1.42,1.29,2
F25-1771,CIAT-22310,4,93.0,Genetic_bank,Calliandra calothyrsus,Shrub_Trees,0.06,0.09,0.09,0.0,2.0,0.7,2
F25-1772,CIAT-22311,4,95.0,Genetic_bank,Calliandra calothyrsus,Shrub_Trees,0.1,0.11,0.11,0.0,1.34,1.39,2
F25-1772-,CIAT-22311,5,,Genetic_bank,Calliandra calothyrsus,Shrub_Trees,0.11,0.11,0.11,0.0,1.34,1.39,2
F25-1773,CIAT-22316,4,97.0,Genetic_bank,Calliandra calothyrsus,Shrub_Trees,0.03,0.03,0.03,0.0,1.32,1.3,2
F25-1774,CIAT-23239,4,99.0,Genetic_bank,Dendrolobium triangulare,Shrub_Trees,0.01,0.03,0.03,0.0,0.65,2.63,2
F25-1775,CIAT-33116,4,101.0,Genetic_bank,Dendrolobium triangulare,Shrub_Trees,0.01,0.18,0.18,0.0,1.21,1.94,2
F25-2077,CIAT-PM-21-3535,2,333.0,Breeding,Megathyrsus maximus,Grass,0.12,0.03,0.03,0.0,0.29,0.47,2
F25-2078,CIAT-PM-21-6106,2,335.0,Breeding,Megathyrsus maximus,Grass,0.0,0.07,0.07,0.13,0.44,0.09,2
F25-2079,CIAT-PM-21-2580,2,337.0,Breeding,Megathyrsus maximus,Grass,0.02,0.02,0.02,0.08,0.63,0.59,2
F25-2080,CIAT-CIAT-16031,2,339.0,Breeding,Megathyrsus maximus,Grass,0.06,0.02,0.02,0.05,0.29,0.0,2
F25-2081,CIAT-CIAT-26936,2,341.0,Breeding,Megathyrsus maximus,Grass,0.01,0.08,0.08,0.22,0.71,0.75,2
F25-2082,CIAT-PM-21-0074,2,343.0,Breeding,Megathyrsus maximus,Grass,0.06,0.07,0.07,0.3,0.41,0.29,2
F25-2083,CIAT-PM-21-0072,2,345.0,Breeding,Megathyrsus maximus,Grass,0.16,0.05,0.05,0.21,0.54,0.28,2
F25-2084,CIAT-PM-21-6598,2,347.0,Breeding,Megathyrsus maximus,Grass,0.03,0.14,0.14,0.01,0.09,0.04,2
F25-2085,CIAT-PM-21-6647,2,349.0,Breeding,Megathyrsus maximus,Grass,0.02,0.13,0.13,0.05,0.17,0.68,2
F25-2086,CIAT-PM-21-0819,2,351.0,Breeding,Megathyrsus maximus,Grass,0.06,0.23,0.23,0.05,0.34,0.98,2
F25-2087,CIAT-CIAT-16021,2,353.0,Breeding,Megathyrsus maximus,Grass,0.12,0.02,0.02,0.01,0.14,0.06,2
F25-2088,CIAT-PM-21-6640,2,355.0,Breeding,Megathyrsus maximus,Grass,0.02,0.1,0.1,0.21,0.22,0.23,2
F25-2089,CIAT-PM-21-0065,2,357.0,Breeding,Megathyrsus maximus,Grass,0.11,0.11,0.11,0.18,0.62,0.45,2
F25-2090,CIAT-PM-21-6629,2,359.0,Breeding,Megathyrsus maximus,Grass,0.03,0.01,0.01,0.07,0.06,0.36,2
F25-2091,CIAT-PM-21-6641,2,361.0,Breeding,Megathyrsus maximus,Grass,0.0,0.2,0.2,0.06,0.09,0.44,2
F25-2092,CIAT-CIAT-16025,2,363.0,Breeding,Megathyrsus maximus,Grass,0.08,0.34,0.34,0.2,0.09,0.38,2
F25-2093,CIAT-PM-21-0070,2,365.0,Breeding,Megathyrsus maximus,Grass,0.01,0.08,0.08,0.06,0.16,0.75,2
F25-2094,CIAT-PM-21-4926,2,367.0,Breeding,Megathyrsus maximus,Grass,0.02,0.14,0.14,0.1,0.3,1.4,2
F25-2095,CIAT-PM-21-3662,2,369.0,Breeding,Megathyrsus maximus,Grass,0.01,0.24,0.24,0.14,0.85,1.2,2
F25-2096,CIAT-PM-21-4448,2,371.0,Breeding,Megathyrsus maximus,Grass,0.05,0.05,0.05,0.07,0.49,0.33,4
F25-2097,CIAT-PM-21-0079,2,373.0,Breeding,Megathyrsus maximus,Grass,0.03,0.38,0.38,0.02,0.65,0.97,2
F25-2098,CIAT-CIAT-6986,2,375.0,Breeding,Megathyrsus maximus,Grass,0.01,0.05,0.05,0.02,0.66,0.45,2
F25-2099,CIAT-PM-21-4852,2,377.0,Breeding,Megathyrsus maximus,Grass,0.02,0.43,0.43,0.02,0.45,0.02,2
F25-2100,CIAT-PM-21-0078,2,379.0,Breeding,Megathyrsus maximus,Grass,0.08,0.3,0.3,0.08,0.4,0.29,2
F25-2101,CIAT-CIAT-16071,2,381.0,Breeding,Megathyrsus maximus,Grass,0.08,0.03,0.03,0.09,0.01,0.06,4
F25-2102,CIAT-PM-21-0876,2,383.0,Breeding,Megathyrsus maximus,Grass,0.11,0.13,0.13,0.04,0.44,0.96,2
F25-2103,CIAT-PM-21-3641,2,385.0,Breeding,Megathyrsus maximus,Grass,0.06,0.23,0.23,0.04,0.31,0.16,2
F25-2104,CIAT-BR-06-1348,2,387.0,Breeding,Urochloa interespecific,Grass,0.08,0.24,0.24,0.05,0.24,0.6,4
F25-2105,CIAT-BR-09-4467,2,389.0,Breeding,Urochloa interespecific,Grass,0.02,0.05,0.05,0.05,0.43,0.91,4
F25-2106,CIAT-BR-09-4777,2,391.0,Breeding,Urochloa interespecific,Grass,0.06,0.15,0.15,0.22,0.61,1.24,2
F25-2107,CIAT-BR-12-0255,2,399.0,Breeding,Urochloa interespecific,Grass,0.07,0.43,0.43,0.01,0.37,1.01,2
F25-2108,CIAT-BR-12-0461,2,401.0,Breeding,Urochloa interespecific,Grass,0.04,0.1,0.1,0.03,0.55,0.52,2
F25-2109,CIAT-BR-12-1620,2,403.0,Breeding,Urochloa interespecific,Grass,0.13,0.11,0.11,0.01,0.07,0.16,2
F25-2110,CIAT-BR-12-1889,2,405.0,Breeding,Urochloa interespecific,Grass,0.02,0.18,0.18,0.04,0.52,0.31,2
F25-2111,CIAT-BR-12-4039,2,407.0,Breeding,Urochloa interespecific,Grass,0.01,0.11,0.11,0.06,0.44,0.27,2
F25-2112,CIAT-BR-12-4856,2,409.0,Breeding,Urochloa interespecific,Grass,0.03,0.2,0.2,0.01,1.07,2.11,2
F25-2113,CIAT-BR-12-5049,2,411.0,Breeding,Urochloa interespecific,Grass,0.06,0.2,0.2,0.04,0.29,0.1,2
F25-2114,CIAT-BR-15-1851,2,413.0,Breeding,Urochloa interespecific,Grass,0.05,0.56,0.56,0.17,0.38,0.1,2
F25-2115,CIAT-BR-15-3025,2,415.0,Breeding,Urochloa interespecific,Grass,0.1,0.03,0.03,0.04,0.55,0.72,2
F25-2116,CIAT-BR-15-3248,2,417.0,Breeding,Urochloa interespecific,Grass,0.04,0.15,0.15,0.03,0.2,0.28,2
F25-2117,CIAT-BR-15-7659,2,419.0,Breeding,Urochloa interespecific,Grass,0.08,0.29,0.29,0.05,0.29,0.46,2
F25-2118,CIAT-BR-15-8919,2,421.0,Breeding,Urochloa interespecific,Grass,0.08,0.19,0.19,0.05,0.57,1.1,2
F25-2119,CIAT-BR-19-5515,2,423.0,Breeding,Urochloa interespecific,Grass,0.05,0.06,0.06,0.01,0.39,0.22,2
F25-2120,CIAT-BR-19-5877,2,425.0,Breeding,Urochloa interespecific,Grass,0.12,0.05,0.05,0.02,0.19,0.15,2
F25-2121,CIAT-BR-19-6136,2,427.0,Breeding,Urochloa interespecific,Grass,0.04,0.1,0.1,0.07,0.45,1.14,2
F25-2134,Hohenheimer-Heustandard-IAG-2025/1-S-1,3,267.0,LMF,Hohenheimer Heustandard,,0.02,0.1,0.1,0.0,0.0,0.0,2
F25-2136,CIAT-6962-Mombaza-Ex,3,135.0,Benchmark,Megathyrsus maximus,Grass,0.02,0.05,0.05,0.0,0.05,0.47,2
F25-2137,CIAT-606-Basilisk-Opt,3,137.0,Benchmark,Urochloa interespecific,Grass,0.12,0.21,0.21,0.03,0.46,0.39,2
F25-2138,CIAT-6294-Marandu-Opt,3,139.0,Benchmark,Urochloa interespecific,Grass,0.06,0.08,0.08,0.13,0.43,0.44,2
F25-2139,CIAT-36087-MulatoII-Opt,3,141.0,Benchmark,Urochloa interespecific,Grass,0.03,0.05,0.05,0.17,0.64,0.86,2
F25-2140,CIAT-6133-Llanero-Opt,3,143.0,Benchmark,Urochloa humidicola,Grass,0.1,0.13,0.13,0.03,0.19,0.14,2
F25-2141,CIAT-6962-Mombaza-Opt,3,145.0,Benchmark,Megathyrsus maximus ,Grass,0.03,0.19,0.19,0.08,0.49,0.66,2
F25-2144,CIAT-BH-16-1763,2,465.0,Breeding,Urochloa humidicola,Grass,0.04,0.09,0.09,0.01,1.01,1.11,2
F25-2145,CIAT-BH-16-B-2165,2,467.0,Breeding,Urochloa humidicola,Grass,0.1,0.07,0.07,0.05,0.2,0.62,2
F25-2146,CIAT-BH-16-B-2167,2,469.0,Breeding,Urochloa humidicola,Grass,0.09,0.16,0.16,0.02,0.03,0.38,2
F25-2147,CIAT-CIAT-16886,2,471.0,Breeding,Urochloa humidicola,Grass,0.01,0.94,0.94,0.02,0.36,0.33,2
F25-2148,CIAT-CIAT-16891,2,473.0,Breeding,Urochloa humidicola,Grass,0.14,1.37,1.37,0.04,0.0,0.06,2
F25-2149,CIAT-CIAT-26146,2,475.0,Breeding,Urochloa humidicola,Grass,0.08,1.35,1.35,0.04,0.21,0.36,2
F25-2150,CIAT-CIAT-26149,2,477.0,Breeding,Urochloa humidicola,Grass,0.13,1.01,1.01,0.06,0.1,0.08,2
F25-2151,CIAT-CIAT-26160,2,479.0,Breeding,Urochloa humidicola,Grass,0.11,1.28,1.28,0.11,0.28,0.16,2
F25-2152,CIAT-CIAT-26415,2,481.0,Breeding,Urochloa humidicola,Grass,0.06,0.37,0.37,0.03,0.22,0.78,2
F25-2153,CIAT-BH-22-4092,2,483.0,Breeding,Urochloa humidicola,Grass,0.02,0.83,0.83,0.03,0.04,0.64,2
F25-2154,CIAT-CIAT-26438,2,485.0,Breeding,Urochloa humidicola,Grass,0.18,0.08,0.08,0.1,0.2,0.07,2
F25-2155,CIAT-CIAT-26570,2,487.0,Breeding,Urochloa humidicola,Grass,0.07,0.15,0.15,0.01,0.18,0.04,2
F25-2156,CIAT-BH-22-3115,2,489.0,Breeding,Urochloa humidicola,Grass,0.18,0.06,0.06,0.02,0.59,1.41,2
F25-2157,CIAT-BH-22-1375,2,491.0,Breeding,Urochloa humidicola,Grass,0.11,0.31,0.31,0.01,0.24,0.51,2
F25-2158,CIAT-CIAT-6133,2,493.0,Breeding,Urochloa humidicola,Grass,0.09,0.16,0.16,0.02,0.25,0.24,2
F25-2159,CIAT-CIAT-679,2,495.0,Breeding,Urochloa humidicola,Grass,0.17,0.2,0.2,0.03,0.65,0.45,2
F25-2160,CIAT-BH-22-4865,2,497.0,Breeding,Urochloa humidicola,Grass,0.21,0.08,0.08,0.01,0.15,0.11,2
F25-2161,CIAT-BH-22-1706,2,499.0,Breeding,Urochloa humidicola,Grass,0.08,0.2,0.2,0.04,0.02,0.09,2
F25-2162,CIAT-BH-22-4169,2,501.0,Breeding,Urochloa humidicola,Grass,0.13,0.16,0.16,0.01,0.03,0.03,2
F25-2163,CIAT-BH-22-1258,2,503.0,Breeding,Urochloa humidicola,Grass,0.11,0.08,0.08,0.03,0.08,0.35,2
F25-2164,CIAT-BH-22-1370,2,505.0,Breeding,Urochloa humidicola,Grass,0.16,0.22,0.22,0.08,0.25,0.2,2
F25-2165,CIAT-BH-22-2225,2,507.0,Breeding,Urochloa humidicola,Grass,0.06,0.2,0.2,0.05,0.2,0.5,2
F25-2166,CIAT-BH-22-0528,2,509.0,Breeding,Urochloa humidicola,Grass,0.01,1.5,1.5,0.04,0.19,0.21,4
F25-2167,CIAT-BH-22-3507,2,511.0,Breeding,Urochloa humidicola,Grass,0.04,0.06,0.06,0.01,0.13,0.33,2
F25-2168,CIAT-BH-22-4253,2,513.0,Breeding,Urochloa humidicola,Grass,0.02,0.43,0.43,0.04,0.32,0.62,2
F25-2169,CIAT-BH-22-2189,2,515.0,Breeding,Urochloa humidicola,Grass,0.06,0.26,0.26,0.01,0.99,0.88,2
F25-2170,CIAT-BH-22-0765,2,517.0,Breeding,Urochloa humidicola,Grass,0.13,0.25,0.25,0.01,1.44,1.23,4
F25-2171,CIAT-BH-22-2531,2,519.0,Breeding,Urochloa humidicola,Grass,0.02,0.03,0.03,0.01,0.31,0.32,4
F25-2172,CIAT-BH-22-0132,2,521.0,Breeding,Urochloa humidicola,Grass,0.01,0.15,0.15,0.0,0.42,1.16,2
F25-2173,CIAT-BH-22-3521,2,523.0,Breeding,Urochloa humidicola,Grass,0.02,0.03,0.03,0.01,0.37,0.35,2
F25-2174,CIAT-BH-22-2074,2,531.0,Breeding,Urochloa humidicola,Grass,0.1,0.41,0.41,0.09,0.19,0.41,2
F25-2175,CIAT-BH-22-0456,2,533.0,Breeding,Urochloa humidicola,Grass,0.14,0.11,0.11,0.03,0.32,0.21,2
F25-2176,CIAT-BH-22-1832,2,535.0,Breeding,Urochloa humidicola,Grass,0.06,0.1,0.1,0.02,0.18,0.54,2
F25-2177,CIAT-BH-22-1872,2,537.0,Breeding,Urochloa humidicola,Grass,0.12,0.08,0.08,0.12,0.58,1.19,2
F25-2178,CIAT-BH-22-0071,2,539.0,Breeding,Urochloa humidicola,Grass,0.09,0.24,0.24,0.05,0.78,1.05,2
F25-2179,CIAT-BH-22-4454,2,541.0,Breeding,Urochloa humidicola,Grass,0.21,0.27,0.27,0.02,1.34,2.17,2
F25-2180,CIAT-BH-22-1267,2,543.0,Breeding,Urochloa humidicola,Grass,0.09,0.25,0.25,0.1,0.18,0.32,2
F25-2181,CIAT-BH-22-1303,2,545.0,Breeding,Urochloa humidicola,Grass,0.08,0.01,0.01,0.0,0.74,1.15,2
F25-2182,CIAT-BH-22-2508,2,547.0,Breeding,Urochloa humidicola,Grass,0.06,0.24,0.24,0.09,0.21,0.68,2
F25-2183,CIAT-BH-22-2046,2,549.0,Breeding,Urochloa humidicola,Grass,0.21,0.04,0.04,0.16,0.05,0.13,2
F25-2184,CIAT-BH-22-0303,4,103.0,Genetic_bank,Urochloa humidicola,Grass,0.01,0.01,0.01,0.0,0.63,0.64,10
F25-2185,CIAT-BH-22-1594,4,105.0,Genetic_bank,Urochloa humidicola,Grass,0.18,0.2,0.2,0.13,0.06,0.2,2
F25-2186,CIAT-BH-22-0468,4,107.0,Genetic_bank,Urochloa humidicola,Grass,0.07,0.03,0.03,0.02,1.1,1.36,2
F25-2187,CIAT-BH-22-3830,4,109.0,Genetic_bank,Urochloa humidicola,Grass,0.17,0.09,0.09,0.1,0.01,0.36,2
F25-2188,CIAT-BH-22-1710,4,111.0,Genetic_bank,Urochloa humidicola,Grass,0.06,0.25,0.25,0.06,0.47,0.71,2
F25-2189,CIAT-BH-22-2365,4,113.0,Genetic_bank,Urochloa humidicola,Grass,0.06,0.4,0.4,0.05,0.19,0.93,2
F25-2190,CIAT-BH-22-3572,4,115.0,Genetic_bank,Urochloa humidicola,Grass,0.08,0.26,0.26,0.01,0.42,0.87,2
F25-2191,CIAT-BH-22-0517,4,117.0,Genetic_bank,Urochloa humidicola,Grass,0.03,0.04,0.04,0.05,0.05,0.03,4
F25-2192,CIAT-BH-22-0519,4,119.0,Genetic_bank,Urochloa humidicola,Grass,0.03,0.0,0.0,0.02,0.09,0.04,10
F25-2193,CIAT-BH-22-0521,4,121.0,Genetic_bank,Urochloa humidicola,Grass,0.14,0.07,0.07,0.04,0.2,0.43,2
F25-2566,Paja-Sabana-Madura,3,147.0,Benchmark,,Grass,0.01,0.03,0.03,0.17,0.43,1.39,2
F25-2567,Humidicola-679,3,149.0,Benchmark,Urochloa humidicola,Grass,0.05,0.1,0.1,0.05,1.07,1.32,2
F25-2568,Sabana-Quemada,3,151.0,Benchmark,,Grass,0.19,0.0,0.0,0.01,1.95,1.14,2
F25-2574,CIAT-326,4,123.0,Genetic_bank,Desmodium scorpiurus,Herbaceous_legumes,0.01,0.31,0.31,0.03,0.78,0.82,2
F25-2575,CIAT-415,4,127.0,Genetic_bank,Vigna radiata,Herbaceous_legumes,0.09,1.38,1.38,0.0,0.15,0.69,2
F25-2576,CIAT-416,4,129.0,Genetic_bank,Vigna radiata,Herbaceous_legumes,0.04,0.02,0.02,0.0,0.9,1.31,2
F25-2577,CIAT-517,4,131.0,Genetic_bank,Macroptilium atropurpureum,Herbaceous_legumes,0.07,0.01,0.01,0.0,0.29,0.37,2
F25-2578,CIAT-563,4,133.0,Genetic_bank,Macroptilium bracteatum,Herbaceous_legumes,0.08,0.12,0.12,0.0,0.42,0.59,2
F25-2579,CIAT-789,4,135.0,Genetic_bank,Zornia latifolia,Herbaceous_legumes,0.15,0.11,0.11,0.0,0.03,2.32,2
F25-2580,CIAT-2085,4,137.0,Genetic_bank,Stylosanthes seabrana,Herbaceous_legumes,0.03,0.1,0.1,0.0,1.24,0.97,2
F25-2581,CIAT-2690,4,139.0,Genetic_bank,Stylosanthes angustifolia,Herbaceous_legumes,0.13,0.24,0.24,0.0,0.28,0.56,2
F25-2582,CIAT-4069,4,141.0,Genetic_bank,Macroptilium atropurpureum,Herbaceous_legumes,0.08,0.56,0.56,0.0,1.66,1.69,2
F25-2583,CIAT-4141,4,143.0,Genetic_bank,Vigna radiata,Herbaceous_legumes,0.07,0.12,0.12,0.36,0.1,0.79,4
F25-2584,CIAT-4532,4,145.0,Genetic_bank,Vigna unguiculata,Herbaceous_legumes,0.04,0.14,0.14,0.0,0.33,0.42,2
F25-2585,CIAT-4537,4,147.0,Genetic_bank,Vigna unguiculata,Herbaceous_legumes,0.04,0.0,0.0,0.0,0.21,2.37,2
F25-2586,CIAT-7289,4,149.0,Genetic_bank,Chamaecrista mimosoides,Herbaceous_legumes,0.05,0.13,0.13,0.0,0.6,0.71,4
F25-2587,CIAT-7826,4,151.0,Genetic_bank,Tephrosia purpurea,Herbaceous_legumes,0.02,0.09,0.09,0.0,0.01,0.79,2
F25-2588,CIAT-8014,4,153.0,Genetic_bank,Crotalaria retusa,Herbaceous_legumes,0.01,0.02,0.02,0.0,1.17,1.95,4
F25-2589,CIAT-8849,4,155.0,Genetic_bank,Zornia brasiliensis,Herbaceous_legumes,0.02,0.03,0.03,0.0,1.11,0.43,2
F25-2590,CIAT-9326,4,157.0,Genetic_bank,Crotalaria retusa,Herbaceous_legumes,0.09,0.04,0.04,0.0,0.8,0.68,2
F25-2591,CIAT-9337,4,159.0,Genetic_bank,Crotalaria retusa,Herbaceous_legumes,0.05,0.05,0.05,0.0,0.08,0.54,2
F25-2592,CIAT-9350,4,161.0,Genetic_bank,Crotalaria pumila,Herbaceous_legumes,0.17,0.02,0.02,0.0,0.21,0.11,2
F25-2593,CIAT-9352,4,163.0,Genetic_bank,Crotalaria pumila,Herbaceous_legumes,0.12,0.1,0.1,0.13,0.19,1.4,2
F25-2594,CIAT-9472,4,165.0,Genetic_bank,Zornia brasiliensis,Herbaceous_legumes,0.06,0.11,0.11,0.0,1.2,2.18,2
F25-2595,CIAT-9531,4,167.0,Genetic_bank,Indigofera spicata,Herbaceous_legumes,0.17,0.31,0.31,0.0,0.39,0.89,2
F25-2596,CIAT-10026,4,169.0,Genetic_bank,Stylosanthes seabrana,Herbaceous_legumes,0.01,0.09,0.09,0.0,0.74,1.32,2
F25-2597,CIAT-12411,4,171.0,Genetic_bank,Stylosanthes sympodialis,Herbaceous_legumes,0.04,0.25,0.25,0.0,1.33,1.8,2
F25-2598,CIAT-13494,4,173.0,Genetic_bank,Desmodium tortuosum,Shrub_Trees,0.06,0.02,0.02,0.0,0.16,0.64,2
F25-2599,CIAT-13562,4,175.0,Genetic_bank,Desmodium tortuosum,Shrub_Trees,0.07,0.3,0.3,0.0,0.25,1.95,2
F25-2600,CIAT-13593,4,177.0,Genetic_bank,Desmodium scorpiurus,Herbaceous_legumes,0.01,0.15,0.15,0.0,0.31,0.82,2
F25-2601,CIAT-13608,4,179.0,Genetic_bank,Desmodium incanum,Herbaceous_legumes,0.39,0.3,0.3,0.0,0.14,1.42,2
F25-2602,CIAT-18277,4,181.0,Genetic_bank,Indigofera jamaicensis,Herbaceous_legumes,0.23,0.78,0.78,0.0,0.34,1.92,2
F25-2603,CIAT-18952,4,183.0,Genetic_bank,Indigofera atriceps,Herbaceous_legumes,0.08,0.49,0.49,0.03,1.06,1.17,2
F25-2604,CIAT-18953,4,187.0,Genetic_bank,Indigofera atriceps,Herbaceous_legumes,0.02,2.32,2.32,0.0,0.21,0.21,2
F25-2605,CIAT-18954,4,189.0,Genetic_bank,Indigofera atriceps,Herbaceous_legumes,0.03,1.97,1.97,0.0,1.04,2.3,2
F25-2606,CIAT-19198,4,191.0,Genetic_bank,Tephrosia villosa,Herbaceous_legumes,0.0,1.24,1.24,0.0,0.02,0.11,2
F25-2607,CIAT-19460,4,193.0,Genetic_bank,Sesbania cannabina,Shrub_Trees,0.03,3.43,3.43,0.0,0.28,0.6,2
F25-2608,CIAT-20044,4,195.0,Genetic_bank,Tephrosia purpurea,Herbaceous_legumes,0.08,0.58,0.58,0.0,0.77,4.09,2
F25-2609,CIAT-22423,4,197.0,Genetic_bank,Vigna unguiculata,Herbaceous_legumes,0.15,0.92,0.92,0.0,0.68,1.67,2
F25-2610,CIAT-22480,4,199.0,Genetic_bank,Sesbania cannabina,Shrub_Trees,0.11,5.25,5.25,0.0,0.35,0.7,2
F25-2611,CIAT-23116,4,201.0,Genetic_bank,Desmodium tortuosum,Shrub_Trees,0.02,0.14,0.14,0.0,0.03,1.33,2
F25-2612,CIAT-23416,4,203.0,Genetic_bank,Codariocalyx motorius,Shrub_Trees,0.03,0.1,0.1,0.0,0.24,0.01,4
F25-2613,CIAT-23806,4,205.0,Genetic_bank,Desmodium angustifolium,Herbaceous_legumes,0.02,0.15,0.15,0.15,0.89,0.23,2
F25-2614,CIAT-24104,4,207.0,Genetic_bank,Macroptilium atropurpureum,Herbaceous_legumes,0.08,0.05,0.05,0.0,0.64,0.11,2
F25-2615,CIAT-24565,4,209.0,Genetic_bank,Vigna unguiculata,Herbaceous_legumes,0.05,0.02,0.02,0.0,0.3,0.52,2
F25-2616,CIAT-33561,4,211.0,Genetic_bank,Desmodium wigginsii,Herbaceous_legumes,0.06,0.1,0.1,0.0,0.37,1.29,2
F25-2617,CIAT-34038,4,213.0,Genetic_bank,Vigna unguiculata,Herbaceous_legumes,0.05,0.05,0.05,0.0,0.39,1.12,2
F25-2618,CIAT-34040,4,215.0,Genetic_bank,Vigna aconitifolia,Herbaceous_legumes,0.09,0.09,0.09,0.0,0.29,0.04,2
F25-2619,CIAT-34042,4,217.0,Genetic_bank,Vigna aconitifolia,Herbaceous_legumes,0.01,0.02,0.02,0.0,0.06,1.03,2
F25-2620,CIAT-34044,4,219.0,Genetic_bank,Vigna aconitifolia,Herbaceous_legumes,0.04,0.13,0.13,0.0,0.61,1.37,2
F25-2621,CIAT-34148,4,221.0,Genetic_bank,Vigna radiata,Herbaceous_legumes,0.07,0.0,0.0,0.0,0.9,0.94,2
F25-2622,CIAT-34159,4,223.0,Genetic_bank,Vigna unguiculata,Herbaceous_legumes,0.11,0.24,0.24,0.0,0.18,0.71,2
F25-2623,CIAT-34347,4,225.0,Genetic_bank,Vigna unguiculata,Herbaceous_legumes,0.04,0.11,0.11,0.06,2.77,0.77,2
F25-2624,CIAT-6294-Marandu-Exc,3,203.0,Benchmark,Urochloa interespecific,Grass,0.14,0.07,0.07,0.03,0.15,0.27,2
F25-2625,CIAT-36087-MulatoII-Exc,3,205.0,Benchmark,Urochloa interespecific,Grass,0.08,0.21,0.21,0.11,0.24,0.64,2
F25-2626,CIAT-606-Basilisk-Exc,3,207.0,Benchmark,Urochloa interespecific,Grass,0.01,0.03,0.03,0.06,0.65,1.18,2
F25-2627,BR-02-1752-Cayman-Exc,3,209.0,Benchmark,Urochloa interespecific,Grass,0.05,0.03,0.03,0.0,0.19,0.13,2
F25-2628,BR-06-423-Cayman-Exc,3,211.0,Benchmark,Urochloa interespecific,Grass,0.14,0.01,0.01,0.06,0.52,0.22,2
F25-2629,CIAT-20692,3,213.0,Genetic_bank,Clitoria ternatea ,Herbaceous_legumes,0.04,0.05,0.05,0.24,0.68,0.19,2
F25-2630,CIAT-20692,3,215.0,Genetic_bank,Clitoria ternatea ,Herbaceous_legumes,0.01,0.11,0.11,0.45,0.37,0.3,2
F25-2633,CIAT-712,3,221.0,Genetic_bank,Clitoria ternatea ,Herbaceous_legumes,0.03,0.03,0.03,0.07,0.24,0.11,2
F25-2634,CIAT-712,3,223.0,Genetic_bank,Clitoria ternatea ,Herbaceous_legumes,0.07,0.03,0.03,0.04,1.13,2.11,2
F25-2635,CIAT-9432,3,225.0,Genetic_bank,Clitoria ternatea ,Herbaceous_legumes,0.07,0.07,0.07,0.04,0.52,1.73,2
F25-2636,CIAT-9432,3,227.0,Genetic_bank,Clitoria ternatea ,Herbaceous_legumes,0.16,0.21,0.21,0.19,1.11,0.43,2
F25-2637,CIAT-17462,3,229.0,Breeding,Leucaena leucocephala ,Shrub_Trees,0.02,0.09,0.09,0.03,0.65,1.47,2
F25-2638,,3,231.0,Breeding,Tithonia diversifolia,Shrub_Trees,0.02,0.02,0.02,0.03,0.04,0.09,2
F25-2639,,3,233.0,Breeding,Gliricidia sepium ,Shrub_Trees,0.06,0.01,0.01,0.01,0.66,2.0,2
F25-2640,Cayman-Br-02-1752,4,61.0,Isabel Molina,Urochloa interespecific,Grass,0.01,0.04,0.04,0.02,0.04,0.41,2
F25-2641,,4,63.0,Mauricio Sotelo,Gliricidia sepium ,Shrub_Trees,0.05,0.03,0.03,0.08,0.75,0.87,2
F26-0013,CIAT-590,4,,Genetic_bank,Macroptilium bracteatum,Herbaceous_legumes,0.19,0.19,0.19,0.18,0.34,0.52,2
F26-0014,CIAT-778,4,,Genetic_bank,Macroptilium atropurpureum,Herbaceous_legumes,0.01,0.02,0.02,0.0,0.72,0.74,2
F26-0015,CIAT-827,4,,Genetic_bank,Indigofera jamaicensis,Herbaceous_legumes,0.04,0.21,0.21,0.0,0.8,0.73,2
F26-0016,CIAT-997,4,,Genetic_bank,Macroptilium atropurpureum,Herbaceous_legumes,0.03,0.01,0.01,0.0,0.03,0.41,2
F26-0017,CIAT-1405,4,,Genetic_bank,Stylosanthes capitata,Herbaceous_legumes,0.11,1.24,1.24,0.0,1.07,0.95,2
F26-0018,CIAT-1812,4,,Genetic_bank,Stylosanthes viscosa,Herbaceous_legumes,0.05,1.13,1.13,0.0,0.7,1.19,2
F26-0019,CIAT-3694,4,,Genetic_bank,Desmodium sandwicense,Herbaceous_legumes,0.1,2.84,2.84,0.0,0.84,1.71,2
F26-0020,CIAT-4080,4,,Genetic_bank,Macroptilium bracteatum,Herbaceous_legumes,0.02,2.05,2.05,0.0,0.5,0.23,2
F26-0021,CIAT-7162,4,,Genetic_bank,Indigofera jamaicensis,Herbaceous_legumes,0.12,1.92,1.92,0.0,0.61,0.42,2
F26-0022,CIAT-8820,4,,Genetic_bank,Tephrosia cinerea,Herbaceous_legumes,0.05,1.4,1.4,0.16,0.07,0.06,2
F26-0023,CIAT-14080,4,,Genetic_bank,Zornia brasiliensis,Herbaceous_legumes,0.06,0.11,0.11,0.0,1.35,1.44,2
F26-0024,CIAT-18950,4,,Genetic_bank,Indigofera spicata,Herbaceous_legumes,0.01,1.06,1.06,0.0,1.14,0.97,2
F26-0025,CIAT-19193,4,,Genetic_bank,Tephrosia villosa,Herbaceous_legumes,0.01,0.05,0.05,0.0,0.37,0.13,2
F26-0026,CIAT-19641,4,,Genetic_bank,Tephrosia purpurea,Herbaceous_legumes,0.02,0.09,0.09,0.0,0.76,0.23,2
F26-0027,CIAT-23503,4,,Genetic_bank,Desmodium macrodesmum,Herbaceous_legumes,0.04,1.34,1.34,0.0,0.34,0.76,2
F26-0028,CIAT-24333,4,,Genetic_bank,Macroptilium bracteatum,Herbaceous_legumes,0.07,0.14,0.14,0.0,0.53,0.47,2
F26-0029,CIAT-33235,4,,Genetic_bank,Desmodium scorpiurus,Herbaceous_legumes,0.11,0.38,0.38,0.0,1.44,1.88,2
F26-0030,CIAT-33605,4,,Genetic_bank,Desmodium sandwicense x intortum,Herbaceous_legumes,0.06,0.73,0.73,0.0,0.26,1.09,2
F26-0031,CIAT-34144,4,,Genetic_bank,Vigna radiata,Herbaceous_legumes,0.08,0.39,0.39,0.0,0.07,0.16,2
F26-0032,CIAT-7934,4,,Genetic_bank,Sesbania sesban,Shrub_Trees,0.19,2.92,2.92,0.16,0.39,0.57,2
F26-0033,CIAT-7937,4,,Genetic_bank,Mimosa nuda,Shrub_Trees,0.03,2.12,2.12,0.0,0.27,0.4,2
F26-0034,CIAT-8056,4,,Genetic_bank,Mimosa diplotricha,Shrub_Trees,0.03,2.93,2.93,0.0,3.88,0.71,2
F26-0035,CIAT-17514,4,,Genetic_bank,Mimosa pudica,Shrub_Trees,0.08,1.74,1.74,0.0,0.85,0.41,2
F26-0036,CIAT-17725,4,,Genetic_bank,Mimosa polycarpa,Shrub_Trees,0.09,2.52,2.52,0.0,0.6,1.09,2
F26-0037,CIAT-18947,4,,Genetic_bank,Sesbania sesban,Shrub_Trees,0.06,0.68,0.68,0.0,0.05,1.52,2
F26-0038,CIAT-19165,4,,Genetic_bank,Sesbania keniensis,Shrub_Trees,0.06,2.68,2.68,0.0,0.38,0.07,2
F26-0039,CIAT-21899,4,,Genetic_bank,Sesbania sesban,Shrub_Trees,0.06,0.04,0.04,0.0,0.55,0.2,2
F26-0040,CIAT-23414,4,,Genetic_bank,Codariocalyx motorius,Shrub_Trees,0.23,0.14,0.14,0.46,1.55,2.07,2
F26-0041,CIAT-23767,4,,Genetic_bank,Desmodium nicaraguense,Shrub_Trees,0.06,0.07,0.07,0.0,0.9,1.68,2
F26-0042,CIAT-33127,4,157.0,Genetic_bank,Codariocalyx motorius,Shrub_Trees,0.1,0.32,0.32,0.01,2.05,3.05,4
F26-0042-,CIAT-33127,5,,Genetic_bank,Codariocalyx motorius,Shrub_Trees,0.13,0.56,0.56,0.0,0.45,1.32,2
F26-0043,CIAT-43427,5,1.0,Genetic_bank,Desmodium nicaraguense,Shrub_Trees,0.25,0.0,0.0,0.0,0.09,0.69,2
F26-0044,CIAT-601,5,3.0,Genetic_bank,Hyparrhenia rufa,Grass,0.02,0.19,0.19,0.0,0.5,0.38,2
F26-0045,CIAT-606,5,5.0,Genetic_bank,Brachiaria decumbens,Grass,0.24,0.05,0.05,0.0,0.19,1.53,2
F26-0046,CIAT-6038,5,7.0,Genetic_bank,Sorghum almum,Grass,0.04,0.07,0.07,0.0,0.16,0.89,2
F26-0047,CIAT-6042,5,9.0,Genetic_bank,Chloris gayana,Grass,0.01,0.06,0.06,0.0,0.27,0.04,2
F26-0048,CIAT-6080,5,11.0,Genetic_bank,Eragrostis curvula,Grass,1.23,2.2,2.2,0.96,3.37,0.84,8
F26-0049,CIAT-6159,5,13.0,Genetic_bank,Andropogon gayanus,Grass,0.06,0.4,0.4,0.0,0.31,0.11,2
F26-0050,CIAT-6235,5,15.0,Genetic_bank,Andropogon gayanus,Grass,0.01,1.07,1.07,0.0,0.09,0.17,2
F26-0051,CIAT-6236,5,17.0,Genetic_bank,Andropogon gayanus,Grass,0.08,0.66,0.66,0.0,0.27,0.46,2
F26-0052,CIAT-6370,5,19.0,Genetic_bank,Brachiaria decumbens,Grass,0.15,1.4,1.4,0.0,0.29,0.79,2
F26-0053,CIAT-6489,5,21.0,Genetic_bank,Panicum maximum,Grass,0.03,5.05,5.05,0.0,0.54,0.18,2
F26-0054,CIAT-6590,5,23.0,Genetic_bank,Panicum maximum,Grass,0.04,0.43,0.43,0.0,0.23,0.82,2
F26-0055,CIAT-6793,5,25.0,Genetic_bank,Panicum maximum,Grass,0.06,0.55,0.55,0.0,0.48,0.25,2
F26-0056,CIAT-6817,5,27.0,Genetic_bank,Panicum maximum,Grass,0.09,0.36,0.36,0.0,1.08,1.2,2
F26-0057,CIAT-6901,5,29.0,Genetic_bank,Panicum maximum,Grass,2.27,1.3,1.3,0.0,0.25,0.55,2
F26-0058,CIAT-16076,5,31.0,Genetic_bank,Pennisetum purpureum,Grass,0.02,0.23,0.23,0.0,0.15,0.89,2
F26-0059,CIAT-16081,5,33.0,Genetic_bank,Paspalum secans,Grass,1.31,4.54,4.54,0.6,3.06,5.43,8
F26-0060,CIAT-16082,5,35.0,Genetic_bank,Paspalum guenoarum,Grass,0.19,0.14,0.14,0.0,0.57,0.39,2
F26-0061,CIAT-16215,5,37.0,Genetic_bank,Brachiaria lachnantha,Grass,0.09,0.06,0.06,0.0,0.25,0.64,2
F26-0062,CIAT-16234,5,39.0,Genetic_bank,Echinochloa pyramidalis,Grass,0.01,2.31,2.31,0.03,0.08,0.05,2
F26-0063,CIAT-16254,5,41.0,Genetic_bank,Hyparrhenia hirta,Grass,0.05,1.77,1.77,0.0,0.27,0.53,8
F26-0064,CIAT-16287,5,43.0,Genetic_bank,Echinochloa haploclada,Grass,0.0,1.7,1.7,0.0,0.26,0.02,2
F26-0065,CIAT-16309,5,45.0,Genetic_bank,Brachiaria brizantha,Grass,0.04,0.89,0.89,0.0,0.61,0.76,2
F26-0066,CIAT-16379,5,47.0,Genetic_bank,Panicum maximum,Grass,0.12,3.16,3.16,0.0,0.09,0.65,8
F26-0067,CIAT-16537,5,49.0,Genetic_bank,Sporobolus sp.,Grass,0.59,0.84,0.84,0.0,0.18,0.03,8
F26-0068,CIAT-16561,5,51.0,Genetic_bank,Panicum maximum,Grass,0.19,0.22,0.22,0.0,0.39,0.62,15
F26-0069,CIAT-16569,5,53.0,Genetic_bank,Panicum infestum,Grass,0.13,1.45,1.45,0.0,0.23,0.57,2
F26-0070,CIAT-16629,5,55.0,Genetic_bank,Echinochloa haploclada,Grass,0.08,0.34,0.34,0.0,0.23,0.19,2
F26-0071,CIAT-16635,5,57.0,Genetic_bank,Cenchrus ciliaris,Grass,0.0,0.06,0.06,0.0,0.24,0.09,2
F26-0072,CIAT-16644,5,59.0,Genetic_bank,Cenchrus ciliaris,Grass,0.0,0.02,0.02,0.04,0.43,0.08,2
F26-0073,CIAT-16665,5,61.0,Genetic_bank,Chloris gayana,Grass,0.16,0.04,0.04,0.0,0.01,0.47,2
F26-0074,CIAT-16666,5,63.0,Genetic_bank,Chloris gayana,Grass,0.02,0.01,0.01,0.0,0.1,0.25,2
F26-0075,CIAT-16683,5,65.0,Genetic_bank,Cynodon sp.,Grass,0.1,0.08,0.08,0.0,0.13,0.02,2
F26-0076,CIAT-16690,5,67.0,Genetic_bank,Cynodon sp.,Grass,0.0,0.0,0.0,0.0,0.0,0.0,6
F26-0077,CIAT-16727,5,69.0,Genetic_bank,Bothriochloa sp.,Grass,0.04,0.13,0.13,0.0,0.27,0.08,2
F26-0078,CIAT-16896,5,71.0,Genetic_bank,Brachiaria bovonei,Grass,0.16,0.03,0.03,0.0,1.21,0.29,2
F26-0079,CIAT-16903,5,73.0,Genetic_bank,Brachiaria nigropedata,Grass,0.01,0.22,0.22,0.0,0.32,0.5,2
F26-0080,CIAT-16927,5,91.0,Genetic_bank,Brachiaria nigropedata,Grass,0.62,0.99,0.99,0.0,0.3,1.04,2
F26-0081,CIAT-16980,5,93.0,Genetic_bank,Andropogon gayanus,Grass,0.13,0.02,0.02,0.0,0.5,0.31,2
F26-0082,CIAT-16985,5,95.0,Genetic_bank,Andropogon gayanus,Grass,0.19,0.02,0.02,0.07,1.01,0.37,2
F26-0083,CIAT-16997,5,97.0,Genetic_bank,Chloris gayana,Grass,0.06,0.03,0.03,0.0,0.06,0.5,2
F26-0084,CIAT-26013,5,99.0,Genetic_bank,Eragrostis curvula,Grass,0.1,0.02,0.02,0.0,0.07,0.38,2
F26-0085,CIAT-26028,5,101.0,Genetic_bank,Hyparrhenia filipendula,Grass,0.13,0.11,0.11,0.0,0.41,0.46,2
F26-0086,CIAT-26033,5,103.0,Genetic_bank,Brachiaria nigropedata,Grass,0.07,0.04,0.04,0.0,0.93,1.06,2
F26-0087,CIAT-26063,5,105.0,Genetic_bank,Paspalum scrobiculatum,Grass,,,,,,,2
F26-0088,CIAT-26075,5,107.0,Genetic_bank,Setaria incrassata,Grass,0.14,0.01,0.01,0.0,0.31,0.11,2
F26-0089,CIAT-26079,5,109.0,Genetic_bank,Setaria incrassata,Grass,0.12,0.04,0.04,0.0,0.42,0.01,2
F26-0090,CIAT-26235,5,111.0,Genetic_bank,Hyparrhenia sp.,Grass,0.01,0.0,0.0,0.0,0.71,0.4,2
F26-0091,CIAT-26661,5,113.0,Genetic_bank,Paspalum virgatum,Grass,0.01,0.06,0.06,0.0,0.16,0.35,2
F26-0092,CIAT-26838,5,115.0,Genetic_bank,Echinochloa pyramidalis,Grass,0.06,0.03,0.03,0.04,1.41,1.26,2
F26-0093,CIAT-26850,5,117.0,Genetic_bank,Pennisetum purpureum,Grass,0.02,0.04,0.04,0.0,0.04,0.44,2
F26-0094,CIAT-26858,5,119.0,Genetic_bank,Hyparrhenia rufa,Grass,0.13,0.24,0.24,0.0,0.15,0.05,2
F26-0095,CIAT-26867,5,121.0,Genetic_bank,Chloris gayana,Grass,0.15,0.13,0.13,0.0,0.57,0.69,2
F26-0096,CIAT-26877,5,123.0,Genetic_bank,Echinochloa pyramidalis,Grass,0.05,0.21,0.21,0.0,0.43,0.6,2
F26-0097,CIAT-26895,5,125.0,Genetic_bank,Vetiveria zizanioides,Grass,0.25,0.03,0.03,0.0,0.41,0.98,2
F26-0098,CIAT-26898,5,127.0,Genetic_bank,Vetiveria zizanioides,Grass,0.04,0.01,0.01,0.0,0.04,0.09,2
F26-0099,CIAT-26980,5,129.0,Genetic_bank,Pennisetum purpureum,Grass,0.01,0.14,0.14,0.0,0.13,0.11,2
F26-0100,CIAT-26985,5,131.0,Genetic_bank,Paspalum guenoarum,Grass,0.04,0.11,0.11,0.0,0.07,0.3,2
F26-0101,CIAT-26993,5,133.0,Genetic_bank,Paspalum sp.,Grass,0.06,0.11,0.11,0.0,0.17,0.46,2
F26-0102,CIAT-36011,5,135.0,Genetic_bank,Paspalum plicatulum,Grass,0.09,0.01,0.01,0.03,1.25,1.76,2
F26-0103,CIAT-36018,5,137.0,Genetic_bank,Paspalum yaguaronense,Grass,0.06,0.12,0.12,0.0,1.04,1.09,2
F26-0104,CIAT-36061,5,139.0,Genetic_bank,Brachiaria xruziziensisxdecumbe,Grass,0.14,0.13,0.13,0.0,0.08,0.22,2
F26-0105,CIAT-36062,5,141.0,Genetic_bank,Brachiaria xruziziensisxdecumbe,Grass,0.03,0.09,0.09,0.0,0.11,0.57,2
F26-0106,CIAT-36088,5,143.0,Genetic_bank,Paspalum dilatatum,Grass,0.02,0.09,0.09,2.37,0.35,0.3,8
F26-0107,CIAT-36089,5,145.0,Genetic_bank,Paspalum dilatatum,Grass,0.13,0.06,0.06,0.0,1.43,1.75,2
F26-0108,CIAT-36090,5,147.0,Genetic_bank,Cenchrus ciliaris,Grass,0.03,0.16,0.16,0.0,0.94,0.38,4
F26-0426,CIAT-17524,5,179.0,Genetic_bank,Aeschynomene americana,Shrub_Trees,0.06,0.04,0.04,0.0,1.21,0.41,8
F26-0427,CIAT-7026,5,181.0,Genetic_bank,Aeschynomene americana,Shrub_Trees,0.02,0.03,0.03,0.0,0.12,0.45,2
F26-0428,CIAT-508,5,183.0,Genetic_bank,Teramnus uncinatus,Herbaceous_legumes,0.0,0.08,0.08,0.0,0.35,1.15,2
F26-0429,CIAT-795,5,185.0,Genetic_bank,Rhynchosia reticulata,Herbaceous_legumes,0.04,46.46,46.46,0.0,0.4,0.19,4
F26-0430,CIAT-936,5,187.0,Genetic_bank,Teramnus uncinatus,Herbaceous_legumes,0.03,0.07,0.07,0.0,1.24,1.05,2
F26-0431,CIAT-958,5,189.0,Genetic_bank,Canavalia rosea,Herbaceous_legumes,0.19,0.61,0.61,0.0,0.07,1.23,2
F26-0432,CIAT-966,5,191.0,Genetic_bank,Teramnus labialis,Herbaceous_legumes,0.12,45.0,45.0,0.0,0.12,0.3,4
F26-0433,CIAT-4042,5,193.0,Genetic_bank,Centrosema grazielae,Herbaceous_legumes,0.07,32.01,32.01,0.0,0.47,2.0,10
F26-0434,CIAT-4862,5,195.0,Genetic_bank,Macrotyloma daltonii,Herbaceous_legumes,0.07,0.15,0.15,0.0,0.76,1.6,2
F26-0435,CIAT-4986,5,197.0,Genetic_bank,Teramnus labialis,Herbaceous_legumes,0.03,0.06,0.06,0.15,1.1,1.16,2
F26-0436,CIAT-5098,5,199.0,Genetic_bank,Centrosema schottii,Herbaceous_legumes,0.01,34.28,34.28,0.0,0.35,0.3,10
F26-0437,CIAT-5121,5,201.0,Genetic_bank,Centrosema grazielae,Herbaceous_legumes,0.04,0.47,0.47,0.0,0.35,1.16,2
F26-0438,CIAT-5166,5,203.0,Genetic_bank,Centrosema schottii,Herbaceous_legumes,0.02,48.42,48.42,0.0,0.62,1.1,4
F26-0439,CIAT-5196,5,205.0,Genetic_bank,Centrosema pascuorum,Herbaceous_legumes,0.1,0.38,0.38,0.0,1.37,0.41,2
F26-0440,CIAT-5217,5,207.0,Genetic_bank,Centrosema pascuorum,Herbaceous_legumes,0.11,0.25,0.25,0.0,0.17,1.23,8
F26-0441,CIAT-5236,5,209.0,Genetic_bank,Centrosema arenarium,Herbaceous_legumes,0.0,33.34,33.34,0.0,1.37,1.46,10
F26-0442,CIAT-5325,5,211.0,Genetic_bank,Centrosema virginianum,Herbaceous_legumes,0.36,45.68,45.68,0.0,0.41,0.96,4
F26-0443,CIAT-5383,5,213.0,Genetic_bank,Periandra coccinea,Herbaceous_legumes,0.05,34.1,34.1,0.0,0.42,0.17,10
F26-0444,CIAT-5484,5,215.0,Genetic_bank,Centrosema vexillatum,Herbaceous_legumes,0.03,32.96,32.96,0.0,0.08,0.51,10
F26-0445,CIAT-5504,5,217.0,Genetic_bank,Centrosema pascuorum,Herbaceous_legumes,0.02,0.33,0.33,0.12,0.92,0.85,2
F26-0446,CIAT-5599,5,219.0,Genetic_bank,Centrosema arenarium,Herbaceous_legumes,0.04,0.02,0.02,0.0,0.61,0.52,2
F26-0447,CIAT-5850,5,221.0,Genetic_bank,Centrosema brachypodum,Herbaceous_legumes,0.05,34.16,34.16,0.0,0.01,0.35,10
F26-0448,CIAT-5984,5,223.0,Genetic_bank,Centrosema pubescens,Herbaceous_legumes,0.27,0.07,0.07,0.0,0.87,2.26,2
F26-0449,CIAT-5989,5,225.0,Genetic_bank,Centrosema grandiflorum,Herbaceous_legumes,0.08,0.09,0.09,0.0,0.54,0.52,2
F26-0450,CIAT-7146,5,227.0,Genetic_bank,Rhynchosia reticulata,Herbaceous_legumes,0.04,32.49,32.49,0.0,0.63,0.55,10
F26-0451,CIAT-7177,5,229.0,Genetic_bank,Canavalia rosea,Herbaceous_legumes,0.03,0.01,0.01,0.0,0.63,1.27,8
F26-0452,CIAT-7320,5,,Genetic_bank,Canavalia dictyota,Herbaceous_legumes,0.27,0.44,0.44,0.0,0.95,1.6,4
F26-0453,CIAT-7821,5,,Genetic_bank,Teramnus labialis,Herbaceous_legumes,0.1,0.11,0.11,0.0,0.1,0.59,2
F26-0454,CIAT-8384,5,25.0,Genetic_bank,Canavalia dictyota,Herbaceous_legumes,0.09,37.59,37.59,0.0,0.1,1.85,6
F26-0455,CIAT-8772,5,,Genetic_bank,Canavalia bicarinata,Herbaceous_legumes,0.02,0.04,0.04,0.02,0.33,1.38,4
F26-0456,CIAT-8808,5,27.0,Genetic_bank,Galactia jussiaeana,Herbaceous_legumes,0.07,47.85,47.85,0.0,0.61,1.87,4
F26-0457,CIAT-9177,5,,Genetic_bank,Vigna gentryi,Herbaceous_legumes,0.05,0.05,0.05,0.0,0.47,1.05,2
F26-0458,CIAT-9389,5,,Genetic_bank,Rhynchosia reticulata,Herbaceous_legumes,0.02,0.47,0.47,0.0,0.01,0.36,2
F26-0459,CIAT-9992,5,,Genetic_bank,Canavalia dictyota,Herbaceous_legumes,0.05,0.13,0.13,0.0,0.3,1.39,2
F26-0460,CIAT-15023,5,,Genetic_bank,Centrosema virginianum,Herbaceous_legumes,0.12,0.11,0.11,0.0,0.5,0.88,2
F26-0461,CIAT-15027,5,,Genetic_bank,Centrosema brachypodum,Herbaceous_legumes,0.08,0.1,0.1,0.0,0.76,0.95,2
F26-0462,CIAT-15055,5,,Genetic_bank,Centrosema vexillatum,Herbaceous_legumes,0.1,0.03,0.03,0.0,0.84,2.01,2
F26-0463,CIAT-15079,5,,Genetic_bank,Centrosema vexillatum,Herbaceous_legumes,0.04,0.25,0.25,0.0,0.79,0.88,2
F26-0464,CIAT-15234,5,29.0,Genetic_bank,Centrosema platycarpum,Herbaceous_legumes,0.02,44.71,44.71,0.0,0.23,1.93,4
F26-0465,CIAT-15252,5,,Genetic_bank,Centrosema bifidum,Herbaceous_legumes,0.27,0.0,0.0,0.02,0.59,1.54,2
F26-0466,CIAT-15254,5,,Genetic_bank,Centrosema bifidum,Herbaceous_legumes,0.09,1.02,1.02,0.0,0.08,0.22,2
F26-0467,CIAT-15349,5,,Genetic_bank,Centrosema schottii,Herbaceous_legumes,0.07,0.21,0.21,0.0,3.94,2.74,2
F26-0468,CIAT-15444,5,31.0,Genetic_bank,Centrosema tetragonolobum,Herbaceous_legumes,0.0,44.71,44.71,0.0,0.65,1.09,4
F26-0469,CIAT-15837,5,,Genetic_bank,Centrosema tetragonolobum,Herbaceous_legumes,0.11,0.15,0.15,0.0,0.13,0.08,2
F26-0470,CIAT-17152,5,,Genetic_bank,Macrotyloma uniflorum,Herbaceous_legumes,0.14,0.13,0.13,0.0,0.34,0.8,2
F26-0471,CIAT-17155,5,,Genetic_bank,Macrotyloma uniflorum,Herbaceous_legumes,0.02,0.15,0.15,0.0,0.49,2.61,2
F26-0472,CIAT-17173,5,,Genetic_bank,Macrotyloma daltonii,Herbaceous_legumes,0.04,0.03,0.03,0.0,0.27,0.44,2
F26-0473,CIAT-17210,5,,Genetic_bank,Neonotonia wightii,Herbaceous_legumes,0.05,0.56,0.56,0.0,0.9,2.34,2
F26-0474,CIAT-17555,5,,Genetic_bank,Vigna adenantha,Herbaceous_legumes,0.06,0.12,0.12,0.0,0.33,0.04,2
F26-0475,CIAT-17565,5,,Genetic_bank,Canavalia bicarinata,Herbaceous_legumes,0.17,0.54,0.54,0.03,2.19,1.22,2
F26-0476,CIAT-17570,5,,Genetic_bank,Calopogonium velutinum,Herbaceous_legumes,0.03,0.07,0.07,0.0,0.64,0.31,2
F26-0477,CIAT-18061,5,,Genetic_bank,Galactia elliptifoliola,Herbaceous_legumes,0.13,0.08,0.08,0.0,1.58,0.09,2
F26-0478,CIAT-18068,5,,Genetic_bank,Galactia elliptifoliola,Herbaceous_legumes,0.1,0.06,0.06,0.0,0.54,7.16,2
F26-0479,CIAT-18658,5,,Genetic_bank,Periandra densiflora,Herbaceous_legumes,0.03,0.11,0.11,0.0,0.44,0.62,2
F26-0480,CIAT-18857,5,,Genetic_bank,Neonotonia wightii,Herbaceous_legumes,0.11,4.15,4.15,0.0,0.55,2.05,2
F26-0481,CIAT-19215,5,,Genetic_bank,Macrotyloma axillare,Herbaceous_legumes,0.0,0.54,0.54,0.0,0.65,1.08,2
F26-0482,CIAT-19445,5,33.0,Genetic_bank,Galactia dubia,Herbaceous_legumes,0.03,36.63,36.63,0.0,0.47,0.16,4
F26-0483,CIAT-19826,5,,Genetic_bank,Dunbaria nivea,Herbaceous_legumes,0.09,0.71,0.71,0.0,0.26,0.35,2
F26-0484,CIAT-20820,5,35.0,Genetic_bank,Canavalia gladiata,Herbaceous_legumes,0.11,36.93,36.93,0.22,0.25,0.13,4
F26-0485,CIAT-21015,5,,Genetic_bank,Galactia elliptifoliola,Herbaceous_legumes,0.11,1.03,1.03,0.0,0.21,2.02,2
F26-0486,CIAT-21037,5,,Genetic_bank,Dolichos trilobus,Herbaceous_legumes,0.06,1.61,1.61,0.0,0.42,4.26,2
F26-0487,CIAT-21038,5,,Genetic_bank,Dolichos trilobus,Herbaceous_legumes,0.05,3.11,3.11,0.0,0.26,1.72,2
F26-0488,CIAT-21236,5,,Genetic_bank,Canavalia mattogrossensis,Herbaceous_legumes,0.06,3.88,3.88,0.0,0.64,0.35,2
F26-0489,CIAT-21829,5,37.0,Genetic_bank,Rhynchosia minima,Herbaceous_legumes,0.02,38.91,38.91,0.0,0.46,0.62,4
F26-0490,CIAT-22034,5,,Genetic_bank,Rhynchosia minima,Herbaceous_legumes,0.01,1.75,1.75,0.0,0.05,0.44,2
F26-0491,CIAT-22080,5,,Genetic_bank,Cajanus crassus,Herbaceous_legumes,0.03,0.21,0.21,0.0,1.24,0.88,2
F26-0492,CIAT-22188,5,39.0,Genetic_bank,Rhynchosia minima,Herbaceous_legumes,0.01,44.06,44.06,0.0,0.01,0.26,4
F26-0493,CIAT-22283,5,,Genetic_bank,Cajanus scarabaeoides,Herbaceous_legumes,0.11,0.42,0.42,0.57,0.28,0.56,2
F26-0494,CIAT-22525,5,,Genetic_bank,Dolichos trilobus,Herbaceous_legumes,0.03,0.57,0.57,0.0,1.29,1.48,2
F26-0495,CIAT-24002,5,,Genetic_bank,Neonotonia wightii,Herbaceous_legumes,0.17,0.16,0.16,0.0,1.77,1.11,2
F26-0496,CIAT-24024,5,,Genetic_bank,Vigna adenantha,Herbaceous_legumes,0.04,1.29,1.29,0.0,9.42,1.44,2
F26-0497,CIAT-24082,5,,Genetic_bank,Vigna gentryi,Herbaceous_legumes,0.03,0.09,0.09,0.0,7.78,0.19,2
F26-0498,CIAT-25102,5,,Genetic_bank,Centrosema arenarium,Herbaceous_legumes,0.09,0.24,0.24,0.0,0.3,0.35,2
F26-0499,CIAT-25124,5,,Genetic_bank,Centrosema capitatum,Herbaceous_legumes,0.03,0.15,0.15,0.0,0.17,0.54,2
F26-0500,CIAT-25156,5,41.0,Genetic_bank,Centrosema platycarpum,Herbaceous_legumes,0.01,48.26,48.26,0.0,5.01,0.29,4
F26-0501,CIAT-25254,5,,Genetic_bank,Centrosema pubescens,Herbaceous_legumes,0.09,0.09,0.09,0.0,0.43,4.2,2
F26-0502,CIAT-25516,5,,Genetic_bank,Centrosema tetragonolobum,Herbaceous_legumes,0.05,0.31,0.31,0.42,0.61,0.65,2
F26-0503,CIAT-286,5,,Genetic_bank,Zornia glabra,Herbaceous_legumes,0.29,0.06,0.06,0.0,0.21,0.69,2
F26-0504,CIAT-330,5,,Genetic_bank,Desmodium incanum,Herbaceous_legumes,0.05,0.25,0.25,0.0,1.75,0.54,2
F26-0505,CIAT-506,5,,Genetic_bank,Macroptilium atropurpureum,Herbaceous_legumes,0.08,0.01,0.01,0.0,1.92,1.59,2
F26-0506,CIAT-921,5,,Genetic_bank,Tephrosia cinerea,Herbaceous_legumes,0.13,0.17,0.17,0.0,1.11,2.22,2
F26-0507,CIAT-1011,5,,Genetic_bank,Stylosanthes viscosa,Herbaceous_legumes,0.03,0.24,0.24,0.0,0.02,0.84,2
F26-0508,CIAT-1013,5,,Genetic_bank,Stylosanthes fruticosa,Herbaceous_legumes,0.06,0.08,0.08,0.0,0.37,0.89,2
F26-0509,CIAT-1985,5,,Genetic_bank,Stylosanthes fruticosa,Herbaceous_legumes,0.23,0.04,0.04,0.0,0.35,0.67,2
F26-0510,CIAT-2001,5,,Genetic_bank,Stylosanthes viscosa,Herbaceous_legumes,0.08,0.27,0.27,0.0,0.19,1.12,2
F26-0511,CIAT-4263,5,,Genetic_bank,Macroptilium bracteatum,Herbaceous_legumes,0.06,0.22,0.22,0.09,0.81,0.77,2
F26-0512,CIAT-4495,5,,Genetic_bank,Vigna radiata,Herbaceous_legumes,0.01,2.35,2.35,0.0,0.75,0.83,2
F26-0513,CIAT-7739,5,,Genetic_bank,Chamaecrista mimosoides,Herbaceous_legumes,0.0,2.73,2.73,0.04,0.3,0.56,2
F26-0514,CIAT-8279,5,,Genetic_bank,Zornia glabra,Herbaceous_legumes,0.06,5.6,5.6,0.0,1.19,0.34,2
F26-0515,CIAT-11898,5,,Genetic_bank,Stylosanthes erecta,Herbaceous_legumes,0.03,5.55,5.55,0.0,0.28,0.01,2
F26-0516,CIAT-12001,5,,Genetic_bank,Stylosanthes mexicana,Herbaceous_legumes,0.04,3.69,3.69,0.0,1.16,1.05,2
F26-0517,CIAT-19199,5,,Genetic_bank,Tephrosia villosa,Herbaceous_legumes,0.04,7.92,7.92,0.0,0.45,1.12,2
F26-0518,CIAT-19819,5,,Genetic_bank,Pseudarthria viscida,Herbaceous_legumes,0.04,4.2,4.2,0.0,0.62,2.57,2
F26-0519,CIAT-20646,5,,Genetic_bank,Pseudarthria viscida,Herbaceous_legumes,0.05,5.78,5.78,0.0,1.2,0.27,2
F26-0520,CIAT-20778,5,,Genetic_bank,Chamaecrista serpens,Herbaceous_legumes,0.02,1.68,1.68,0.02,0.97,2.31,2
F26-0521,CIAT-23035,5,131.0,Genetic_bank,Desmodium laxiflorum,Herbaceous_legumes,0.04,0.7,0.7,0.0,4.86,0.42,4
F26-0522,CIAT-24004,5,,Genetic_bank,Vigna radiata,Herbaceous_legumes,0.06,0.55,0.55,0.0,1.03,0.46,2
F26-0523,CIAT-33606,5,,Genetic_bank,Desmodium sandwicense x intortum,Herbaceous_legumes,0.21,0.32,0.32,0.01,0.08,0.03,2
F26-0524,CIAT-33623,5,,Genetic_bank,Desmodium brachypodum,Herbaceous_legumes,0.01,0.21,0.21,0.0,0.19,0.5,2
F26-0525,CIAT-33636,5,,Genetic_bank,Desmodium muelleri,Herbaceous_legumes,0.01,0.04,0.04,0.0,0.03,0.41,2
F26-0526,CIAT-33726,5,133.0,Genetic_bank,Desmodium sandwicense,Herbaceous_legumes,0.27,0.12,0.12,0.0,11.66,0.42,4
F26-0527,CIAT-33727,5,,Genetic_bank,Desmodium sandwicense,Herbaceous_legumes,1.05,0.12,0.12,0.0,0.03,0.61,2
F26-0528,CIAT-43324,5,,Genetic_bank,Desmodium muelleri,Herbaceous_legumes,0.01,0.25,0.25,0.0,0.16,1.33,2
F26-0529,CIAT-9776,5,,Genetic_bank,Mimosa debilis,Shrub_Trees,0.06,6.64,6.64,0.09,0.08,1.06,2
F26-0530,CIAT-13761,5,,Genetic_bank,Desmodium distortum,Shrub_Trees,0.14,0.78,0.78,0.0,0.4,0.23,2
F26-0531,CIAT-13929,5,,Genetic_bank,Desmodium distortum,Shrub_Trees,0.03,1.12,1.12,0.0,0.42,0.61,2
F26-0532,CIAT-13930,5,135.0,Genetic_bank,Desmodium glabrum,Shrub_Trees,0.01,1.3,1.3,0.0,3.98,0.69,4
F26-0533,CIAT-21082,5,137.0,Genetic_bank,Flemingia stricta,Shrub_Trees,0.01,1.22,1.22,0.0,16.76,1.9,4
F26-0534,CIAT-21089,5,,Genetic_bank,Flemingia stricta,Shrub_Trees,0.03,4.74,4.74,0.0,0.15,0.04,2
F26-0535,CIAT-21091,5,139.0,Genetic_bank,Flemingia stricta,Shrub_Trees,0.01,2.08,2.08,0.0,16.19,0.05,4
F26-0536,CIAT-21115,5,141.0,Genetic_bank,Flemingia lineata,Shrub_Trees,0.03,0.39,0.39,0.0,16.42,0.59,4
F26-0537,CIAT-21118,5,,Genetic_bank,Flemingia lineata,Shrub_Trees,0.04,0.04,0.04,0.0,0.09,0.39,2
F26-0538,CIAT-22063,5,,Genetic_bank,Flemingia lineata,Shrub_Trees,0.02,0.02,0.02,0.17,0.12,1.62,2
F26-0539,CIAT-43154,5,,Genetic_bank,Desmodium distortum,Shrub_Trees,0.01,0.03,0.03,0.0,0.35,6.93,2
F26-0540-,CIAT-BR-09-2656,5,,Breeding,Urochloa interespecific,Grass,0.05,0.11,0.11,0.26,1.03,1.31,2
F26-0541,CIAT-BR-09-4151,5,,Breeding,Urochloa interespecific,Grass,0.08,0.03,0.03,0.2,0.08,0.18,2
F26-0542,CIAT-BR-09-4014,5,,Breeding,Urochloa interespecific,Grass,0.08,1.1,1.1,0.08,0.19,0.65,2
F26-0543,CIAT-BR-15-582,5,,Breeding,Urochloa interespecific,Grass,0.12,0.46,0.46,0.04,0.03,0.08,2
F26-0544,CIAT-BR-09-834,5,,Breeding,Urochloa interespecific,Grass,0.21,2.38,2.38,0.13,0.07,0.05,2
F26-0545,CIAT-BR-19-2886,5,,Breeding,Urochloa interespecific,Grass,0.05,2.03,2.03,0.11,0.03,0.11,2
F26-0546,CIAT-BR-05-1467,5,,Breeding,Urochloa interespecific,Grass,0.0,2.05,2.05,0.37,0.16,0.64,2
F26-0547,CIAT-BR-19-5294,5,,Breeding,Urochloa interespecific,Grass,0.03,1.2,1.2,0.22,0.08,0.38,2
F26-0548,CIAT-BR-19-626,5,,Breeding,Urochloa interespecific,Grass,0.18,0.19,0.19,0.05,0.4,0.85,2
F26-0549,CIAT-BR-12-3436,5,,Breeding,Urochloa interespecific,Grass,0.02,0.17,0.17,0.16,0.42,0.57,2
F26-0550,CIAT-BR-09-305,5,,Breeding,Urochloa interespecific,Grass,0.06,0.08,0.08,0.12,0.37,0.55,2
F26-0551,CIAT-BR-09-2267,5,,Breeding,Urochloa interespecific,Grass,0.0,0.02,0.02,0.08,0.21,0.13,2
F26-0552,CIAT-BR-09-3167,5,,Breeding,Urochloa interespecific,Grass,0.19,0.04,0.04,0.06,0.15,0.48,2
F26-0553,CIAT-BR-09-343,5,,Breeding,Urochloa interespecific,Grass,0.06,0.58,0.58,0.04,0.32,1.93,2
F26-0554,CIAT-BR-12-5082,5,,Breeding,Urochloa interespecific,Grass,0.01,0.08,0.08,0.06,0.27,1.93,2
F26-0555,CIAT-BR-12-5323,5,,Breeding,Urochloa interespecific,Grass,0.07,0.01,0.01,0.03,0.09,1.17,2
F26-0556,CIAT-BR-15-1168,5,,Breeding,Urochloa interespecific,Grass,0.08,0.07,0.07,0.17,0.12,2.46,2
F26-0557,CIAT-BR-12-2679,5,,Breeding,Urochloa interespecific,Grass,0.08,0.01,0.01,0.05,0.35,0.45,2
F26-0558,CIAT-BR-09-3341,5,,Breeding,Urochloa interespecific,Grass,0.01,0.05,0.05,0.04,0.81,2.61,2
F26-0559,CIAT-BR-09-2715,5,,Breeding,Urochloa interespecific,Grass,0.06,0.01,0.01,0.21,0.21,0.11,2
F26-0560,CIAT-BR-15-8543,5,,Breeding,Urochloa interespecific,Grass,0.01,0.09,0.09,0.41,0.2,0.13,2
F26-0561,CIAT-BR-02-1718,5,,Breeding,Urochloa interespecific,Grass,0.17,0.04,0.04,0.23,0.24,0.21,2
F26-0562,CIAT-BR-12-804,5,,Breeding,Urochloa interespecific,Grass,0.03,0.06,0.06,0.06,0.04,0.31,2
F26-0563,CIAT-BR-15-1462,5,,Breeding,Urochloa interespecific,Grass,0.05,0.04,0.04,0.06,0.55,0.2,2
F26-0564,BR-02-1752-Cayman-Opt,5,75.0,Breeding,Urochloa interespecific,Grass,0.03,0.05,0.05,0.11,0.08,0.06,2
F26-0565,BR-06-423-Cayman-Opt,5,77.0,Breeding,Urochloa interespecific,Grass,0.08,0.01,0.01,0.1,0.43,0.84,2
F26-0566,CIAT-679-Tully-Exc,5,79.0,Breeding,Urochloa interespecific,Grass,0.09,0.28,0.28,0.03,0.17,0.41,8
F26-0567,CIAT-679-Tully-Opt,5,81.0,Breeding,Urochloa interespecific,Grass,0.24,0.44,0.44,0.01,0.33,0.19,2
F26-0568,CIAT-6133-Llanero-Exc,5,83.0,Breeding,Urochloa interespecific,Grass,0.1,0.02,0.02,0.05,0.06,0.36,2
F26-0569,E-2-P-1-D-1-R-A-1424-DIG,5,159.0,,,,0.1,4.13,4.13,0.08,0.13,0.42,2
F26-0570,E-2-P-1-D-1-R-A-1413-DIG,5,161.0,,,,0.16,3.98,3.98,0.01,0.93,1.81,2
F26-0571,E-2-P-1-D-1-R-A-1402-DIG,5,163.0,,,,0.27,3.58,3.58,0.04,0.15,0.03,2
F26-0656,CIAT-17009,5,85.0,Genetic_bank,Canavalia brasiliensis,Herbaceous_legumes,0.0,0.05,0.05,0.12,0.08,2.01,2
F26-0657,CIAT-17462,5,87.0,Genetic_bank,Canavalia brasiliensis,Herbaceous_legumes,0.12,0.09,0.09,0.23,0.06,0.58,2
F26-1029,CIAT-5913,5,,Genetic_bank,Centrosema grandiflorum,Herbaceous_legumes,0.0,0.01,0.01,0.01,0.89,0.98,2
F26-1030,CIAT-7389,5,,Genetic_bank,Rhynchosia schomburgkii,Herbaceous_legumes,0.01,0.17,0.17,0.31,0.33,0.66,2
F26-1031,CIAT-7649,5,,Genetic_bank,Periandra coccinea,Herbaceous_legumes,0.01,0.05,0.05,0.13,0.42,0.63,2
F26-1032,CIAT-7796,5,,Genetic_bank,Calopogonium velutinum,Herbaceous_legumes,0.05,0.16,0.16,0.62,0.91,1.3,2
F26-1033,CIAT-8114,5,,Genetic_bank,Calopogonium velutinum,Herbaceous_legumes,0.02,0.1,0.1,0.12,0.45,0.11,2
F26-1034,CIAT-8539,5,143.0,Genetic_bank,Canavalia grandiflora,Herbaceous_legumes,0.04,0.04,0.04,0.18,4.38,0.42,4
F26-1035,CIAT-8562,5,,Genetic_bank,Periandra coccinea,Herbaceous_legumes,0.03,0.0,0.0,0.44,0.05,2.28,2
F26-1036,CIAT-8589,5,145.0,Genetic_bank,Galactia jussiaeana,Herbaceous_legumes,0.16,0.0,0.0,0.49,1.93,0.55,4
F26-1037,CIAT-9525,5,,Genetic_bank,Canavalia bicarinata,Herbaceous_legumes,0.01,0.23,0.23,0.19,0.11,0.05,2
F26-1038,CIAT-9991,5,,Genetic_bank,Galactia jussiaeana,Herbaceous_legumes,0.03,0.04,0.04,0.21,0.51,1.12,2
F26-1039,CIAT-15024,5,,Genetic_bank,Centrosema pubescens,Herbaceous_legumes,0.06,0.02,0.02,0.18,0.25,0.46,2
F26-1040,CIAT-15039,5,,Genetic_bank,Centrosema angustifolium,Herbaceous_legumes,0.03,0.09,0.09,0.11,0.81,0.41,2
F26-1041,CIAT-15285,5,,Genetic_bank,Centrosema bifidum,Herbaceous_legumes,0.06,0.04,0.04,0.1,0.12,0.22,2
F26-1042,CIAT-17333,5,,Genetic_bank,Dunbaria nivea,Herbaceous_legumes,0.06,0.04,0.04,0.15,2.05,2.27,2
F26-1043,CIAT-17392,5,,Genetic_bank,Cajanus scarabaeoides,Herbaceous_legumes,0.01,0.06,0.06,0.08,0.1,0.09,2
F26-1044,CIAT-18164,5,,Genetic_bank,Teramnus volubilis,Herbaceous_legumes,0.0,0.05,0.05,0.04,0.31,0.05,2
F26-1045,CIAT-18260,5,,Genetic_bank,Canavalia grandiflora,Herbaceous_legumes,0.01,0.0,0.0,0.03,0.43,0.64,2
F26-1046,CIAT-18410,5,,Genetic_bank,Cajanus crassus,Herbaceous_legumes,0.06,0.05,0.05,0.05,0.04,1.84,2
F26-1047,CIAT-18522,5,,Genetic_bank,Rhynchosia phaseoloides,Herbaceous_legumes,0.01,0.12,0.12,0.27,0.17,0.68,2
F26-1048,CIAT-18584,5,,Genetic_bank,Canavalia mattogrossensis,Herbaceous_legumes,0.02,0.12,0.12,0.09,1.04,1.47,2
F26-1049-,CIAT-18586,5,,Genetic_bank,Canavalia mattogrossensis,Herbaceous_legumes,0.06,0.11,0.11,0.39,0.43,0.8,2
F26-1050,CIAT-18632,5,,Genetic_bank,Dioclea crenata,Herbaceous_legumes,0.04,0.02,0.02,0.01,0.61,1.92,2
F26-1051,CIAT-21137,5,,Genetic_bank,Cajanus goensis,Herbaceous_legumes,0.13,0.02,0.02,0.59,0.21,0.04,2
F26-1052,CIAT-21174,5,,Genetic_bank,Cajanus goensis,Herbaceous_legumes,0.0,0.01,0.01,0.1,1.75,1.69,2
F26-1053,CIAT-22055,5,,Genetic_bank,Cajanus crassus,Herbaceous_legumes,0.05,0.15,0.15,0.02,1.92,1.25,2
F26-1054,CIAT-22059,5,,Genetic_bank,Pueraria montana,Herbaceous_legumes,0.02,0.2,0.2,0.25,1.11,1.22,2
F26-1055,CIAT-25157,5,,Genetic_bank,Centrosema capitatum,Herbaceous_legumes,0.01,0.11,0.11,0.14,0.02,1.09,2
F26-1056,CIAT-25214,5,,Genetic_bank,Centrosema grandiflorum,Herbaceous_legumes,0.01,0.0,0.0,0.07,0.37,0.51,2
F26-1057,CIAT-25224,5,,Genetic_bank,Centrosema capitatum,Herbaceous_legumes,0.04,0.02,0.02,0.05,0.35,0.01,2
F26-1058,CIAT-32092,5,,Genetic_bank,Cajanus scarabaeoides,Herbaceous_legumes,0.04,0.02,0.02,0.0,0.19,0.26,2
F26-1059,CIAT-4846,5,,Genetic_bank,Clitoria ternatea L.,Herbaceous_legumes,0.03,0.06,0.06,0.94,0.81,0.72,2
F26-1060,CIAT-9466,5,,Genetic_bank,Clitoria ternatea L.,Herbaceous_legumes,0.01,0.11,0.11,0.04,0.75,0.79,2
F26-1061,CIAT-19092,5,,Genetic_bank,Clitoria ternatea L.,Herbaceous_legumes,0.04,0.03,0.03,0.14,0.3,0.05,2
F26-1062,CIAT-19212,5,,Genetic_bank,Clitoria ternatea L.,Herbaceous_legumes,0.01,0.02,0.02,0.23,1.19,0.57,2
F26-1063,CIAT-19221,5,,Genetic_bank,Clitoria ternatea L.,Herbaceous_legumes,0.06,0.21,0.21,0.11,0.28,0.09,2
F26-1064,CIAT-19447,5,,Genetic_bank,Clitoria ternatea L.,Herbaceous_legumes,0.0,0.12,0.12,0.57,1.16,1.26,2
F26-1065,CIAT-19806,5,,Genetic_bank,Clitoria ternatea L.,Herbaceous_legumes,0.03,0.01,0.01,0.23,0.45,0.47,2
F26-1066,CIAT-21204,5,,Genetic_bank,Clitoria ternatea L.,Herbaceous_legumes,0.04,0.02,0.02,0.29,0.62,0.15,2
F26-1067,CIAT-21705,5,,Genetic_bank,Clitoria ternatea L.,Herbaceous_legumes,0.04,0.09,0.09,0.09,1.2,0.73,2
F26-1068,CIAT-21815,5,,Genetic_bank,Clitoria ternatea L.,Herbaceous_legumes,0.08,0.02,0.02,0.69,0.97,0.63,2
F26-1069-,CIAT-22274,5,,Genetic_bank,Clitoria ternatea L.,Herbaceous_legumes,0.03,0.08,0.08,0.05,1.29,1.68,2
F26-1072-(100%),Leu-div-ILRI-15551,5,,ISABEL MOLINA,Leucaena diversifolia,Fabales,0.08,0.31,0.31,0.21,1.51,1.73,2
F26-1074,CIAT-BR-06-423-Temp-B,5,1.0,Breeding,Urochloa interespecific,Grass,0.57,0.07,0.07,0.19,0.33,0.24,4
F26-1075,CIAT-MulatoII-Temp-C,5,3.0,Breeding,Urochloa interespecific,Grass,1.69,0.92,0.92,0.05,0.33,0.33,4
F26-1076,CIAT-BR-06-423-Opt-F,5,5.0,Breeding,Urochloa interespecific,Grass,0.48,0.07,0.07,0.07,3.48,0.51,14
F26-1077,CIAT-MulatoII-Opt-D,5,7.0,Breeding,Urochloa interespecific,Grass,0.94,0.08,0.08,0.36,0.31,0.43,14
F26-1078,CIAT-BR-06-423-Exc-G,5,9.0,Breeding,Urochloa interespecific,Grass,0.47,0.07,0.07,0.32,0.1,0.13,4
F26-1079,CIAT-MulatoII-Exc-E,5,11.0,Breeding,Urochloa interespecific,Grass,0.09,0.08,0.08,0.48,0.74,0.61,4
F26-1080,CIAT-17009,5,,Genetic_bank,Canavalia brasiliensis,Herbaceous_legumes,0.02,0.07,0.07,0.14,0.2,0.64,2
F26-1081,CIAT-17462,5,,Genetic_bank,Canavalia brasiliensis,Herbaceous_legumes,0.1,0.04,0.04,0.13,0.24,0.71,2
F26-1082,CIAT-13953,5,,LMF,Desmodium velutinum,Shrub_Trees,0.8,0.16,0.16,0.17,0.04,1.08,2
F26-1083,CIAT-9432,5,,Genetic_bank,Clitoria tertanea,Herbaceous_legumes,0.1,0.04,0.04,0.0,0.55,0.52,2
F26-1085,CIAT-22768,5,,Genetic_bank,Lablab purpureus,Herbaceous_legumes,0.02,0.02,0.02,0.16,0.45,1.6,2
F26-1086,CIAT-22598,5,,Genetic_bank,Lablab purpureus,Herbaceous_legumes,0.01,0.02,0.02,0.21,0.18,1.05,2
F26-1087,CIAT-18701,5,147.0,LMF,Cajanus cajan,Shrub_Trees,0.02,0.0,0.0,0.21,9.43,0.83,4
F26-1088,CIAT-20891,5,,LMF,Cajanus cajan,Shrub_Trees,0.03,0.05,0.05,0.06,1.34,1.49,2
F26-1089,CIAT-15551,5,,Genetic_bank,Centrosema molle,Herbaceous_legumes,0.05,0.01,0.01,0.32,1.46,2.07,2
F26-2902-(100%),START-GRASS,5,,LMF-invivo,Cynodon nlemfuensis ,,0.07,0.05,0.05,0.07,3.1,0.07,8
F26-2903,CIAT-BR-04-3025-Llan,6,151.0,Breeding,Urochloa interespecific,Grass,0.01,0.13,0.13,0.19,0.14,0.46,2
F26-2904,CIAT-BR-02-1752-Llan,6,153.0,Breeding,Urochloa interespecific,Grass,0.2,0.09,0.09,0.03,0.19,0.16,2
F26-2905,CIAT-CIAT-606-Llan,6,155.0,Breeding,Urochloa interespecific,Grass,0.01,0.09,0.09,0.02,0.06,0.32,2
F26-2906,CIAT-BR-02-1794-Llan,6,157.0,Breeding,Urochloa interespecific,Grass,0.08,0.37,0.37,0.11,0.3,0.69,2
F26-2907,CIAT-CIAT-6294-Llan,6,159.0,Breeding,Urochloa interespecific,Grass,0.01,0.07,0.07,0.05,0.32,0.49,2
F26-2908,CIAT-Mulato-II-Llan,6,161.0,Breeding,Urochloa interespecific,Grass,0.06,0.29,0.29,0.12,0.82,1.09,2
F26-2909,CIAT-BR-04-3025-Qu,6,163.0,Breeding,Urochloa interespecific,Grass,0.02,0.02,0.02,0.05,0.21,0.15,2
F26-2910,CIAT-BR-02-1752-Qu,6,165.0,Breeding,Urochloa interespecific,Grass,0.08,0.0,0.0,0.11,0.02,0.07,2
F26-2911,CIAT-CIAT-606-Qu,6,167.0,Breeding,Urochloa interespecific,Grass,0.03,0.04,0.04,0.02,0.06,0.02,2
F26-2912,CIAT-BR-02-1794-Qu,6,169.0,Breeding,Urochloa interespecific,Grass,0.47,0.23,0.23,0.12,0.04,0.28,2
F26-2913,CIAT-CIAT-6294-Qu,6,171.0,Breeding,Urochloa interespecific,Grass,0.03,0.24,0.24,0.05,0.12,0.1,2
F26-2914,CIAT-Mulato-II-Qu,6,173.0,Breeding,Urochloa interespecific,Grass,0.51,0.08,0.08,0.06,0.07,0.08,2
F26-2915,CIAT-BR-04-2515,6,175.0,Breeding,Urochloa interespecific,Grass,0.06,0.13,0.13,0.17,0.48,0.96,2
F26-2916,CIAT-BR-05-931,6,177.0,Breeding,Urochloa interespecific,Grass,0.17,0.01,0.01,0.09,0.42,0.64,2
F26-2917,CIAT-BR-09-5252,6,179.0,Breeding,Urochloa interespecific,Grass,0.12,0.18,0.18,0.32,0.26,1.12,2
F26-2918,CIAT-BR-12-1176,6,181.0,Breeding,Urochloa interespecific,Grass,0.02,0.11,0.11,0.08,0.14,0.59,2
F26-2919,CIAT-BR-12-1280,6,183.0,Breeding,Urochloa interespecific,Grass,0.01,0.11,0.11,0.4,0.04,0.15,2
F26-2920,CIAT-BR-12-1282,6,185.0,Breeding,Urochloa interespecific,Grass,0.15,0.25,0.25,0.05,0.27,0.66,2
F26-2921,CIAT-BR-12-1325,6,187.0,Breeding,Urochloa interespecific,Grass,0.06,0.13,0.13,0.18,0.04,0.08,2
F26-2922,CIAT-BR-12-1399,6,189.0,Breeding,Urochloa interespecific,Grass,0.59,0.02,0.02,0.27,0.01,0.93,2
F26-2923,CIAT-BR-12-1418,6,191.0,Breeding,Urochloa interespecific,Grass,0.02,0.06,0.06,0.05,0.17,0.42,2
F26-2924,CIAT-BR-12-1509,6,193.0,Breeding,Urochloa interespecific,Grass,0.06,0.03,0.03,0.76,0.19,0.05,2
F26-2925,CIAT-BR-12-1535,6,195.0,Breeding,Urochloa interespecific,Grass,0.18,0.05,0.05,0.14,0.13,0.25,2
F26-2926,CIAT-BR-12-1685,6,197.0,Breeding,Urochloa interespecific,Grass,0.01,0.11,0.11,0.07,0.18,0.29,2
F26-2927,CIAT-BR-12-1844,6,199.0,Breeding,Urochloa interespecific,Grass,0.11,0.21,0.21,0.14,0.11,0.01,2
F26-2928,CIAT-BR-12-1888,6,201.0,Breeding,Urochloa interespecific,Grass,0.07,0.03,0.03,0.48,0.16,0.08,2
F26-2929,CIAT-BR-12-1939,6,203.0,Breeding,Urochloa interespecific,Grass,0.0,0.11,0.11,0.21,0.35,0.37,2
F26-2930,CIAT-BR-12-2243,6,205.0,Breeding,Urochloa interespecific,Grass,0.1,0.05,0.05,0.2,0.14,0.99,2
F26-2931,CIAT-BR-12-2254,6,207.0,Breeding,Urochloa interespecific,Grass,0.06,0.21,0.21,0.35,0.05,1.98,2
F26-2932,CIAT-BR-12-2255,6,209.0,Breeding,Urochloa interespecific,Grass,0.01,0.09,0.09,0.21,0.73,0.91,2
F26-2933,CIAT-BR-12-2305,6,211.0,Breeding,Urochloa interespecific,Grass,0.01,0.03,0.03,0.15,0.21,1.07,2
F26-2934,CIAT-BR-12-2316,6,213.0,Breeding,Urochloa interespecific,Grass,0.0,0.02,0.02,0.21,0.12,0.81,2
F26-2935,CIAT-BR-12-2367,6,215.0,Breeding,Urochloa interespecific,Grass,0.06,0.01,0.01,0.15,0.11,0.28,2
F26-2936,CIAT-BR-12-2461,6,217.0,Breeding,Urochloa interespecific,Grass,0.04,0.01,0.01,0.14,0.05,1.14,2
F26-2937,CIAT-BR-12-3018,6,219.0,Breeding,Urochloa interespecific,Grass,0.03,0.27,0.27,0.14,0.44,0.46,2
F26-2938,CIAT-BR-12-3067,6,221.0,Breeding,Urochloa interespecific,Grass,0.28,0.38,0.38,0.21,0.12,0.28,2
F26-2939,CIAT-BR-12-3069,6,223.0,Breeding,Urochloa interespecific,Grass,0.01,0.02,0.02,0.21,0.17,1.52,2
F26-2940,CIAT-BR-12-3358,6,225.0,Breeding,Urochloa interespecific,Grass,0.03,0.05,0.05,0.22,0.13,0.68,2
F26-2941,CIAT-BR-12-3377,6,227.0,Breeding,Urochloa interespecific,Grass,0.12,0.01,0.01,0.14,0.54,0.97,2
F26-2942,CIAT-BR-12-49,6,229.0,Breeding,Urochloa interespecific,Grass,0.04,0.02,0.02,0.14,0.3,0.55,2
F26-2943,CIAT-BR-12-61,6,,Breeding,Urochloa interespecific,Grass,0.02,0.0,0.0,0.14,0.11,0.26,2
F26-2944,CIAT-BR-12-91,6,,Breeding,Urochloa interespecific,Grass,0.01,0.05,0.05,0.21,0.16,0.54,2
F26-2945,CIAT-BR-15-1468,6,,Breeding,Urochloa interespecific,Grass,0.04,0.05,0.05,0.14,0.98,2.04,2
F26-2946,CIAT-BR-15-1628,6,,Breeding,Urochloa interespecific,Grass,0.06,0.12,0.12,0.14,0.84,2.02,2
F26-2947,CIAT-BR-15-1689,6,,Breeding,Urochloa interespecific,Grass,0.13,0.01,0.01,0.22,0.35,0.18,2
F26-2948,CIAT-BR-15-1712,6,,Breeding,Urochloa interespecific,Grass,0.04,0.05,0.05,0.21,0.09,1.11,2
F26-2949,CIAT-BR-15-1830,6,,Breeding,Urochloa interespecific,Grass,0.06,0.15,0.15,0.07,0.29,0.43,2
F26-2950,CIAT-BR-15-1865,6,,Breeding,Urochloa interespecific,Grass,0.1,0.01,0.01,0.13,0.41,0.41,2
F26-2951,CIAT-BR-15-1877,6,,Breeding,Urochloa interespecific,Grass,0.04,0.05,0.05,0.21,0.25,0.44,2
F26-2952,CIAT-BR-15-2174,6,,Breeding,Urochloa interespecific,Grass,0.03,0.03,0.03,0.21,0.03,0.42,2
F26-2953,CIAT-BR-15-2464,6,,Breeding,Urochloa interespecific,Grass,0.08,0.04,0.04,0.07,0.87,1.68,2
F26-2954,CIAT-BR-15-2528,6,,Breeding,Urochloa interespecific,Grass,0.06,0.02,0.02,0.07,0.01,0.42,2
F26-2955,CIAT-BR-15-2532,6,,Breeding,Urochloa interespecific,Grass,0.15,0.14,0.14,0.07,0.31,0.45,2
F26-2956,CIAT-BR-15-2538,6,,Breeding,Urochloa interespecific,Grass,0.04,0.08,0.08,0.07,0.28,0.18,2
F26-2957,CIAT-BR-15-2545,6,,Breeding,Urochloa interespecific,Grass,0.01,0.02,0.02,0.07,0.13,0.44,2
F26-2958,CIAT-BR-15-2767,6,,Breeding,Urochloa interespecific,Grass,0.04,0.1,0.1,0.14,0.39,1.28,2
F26-2959,CIAT-BR-15-3013,6,,Breeding,Urochloa interespecific,Grass,0.02,0.06,0.06,0.07,0.24,0.46,2
F26-2960,CIAT-BR-15-3017,6,,Breeding,Urochloa interespecific,Grass,0.04,0.07,0.07,0.14,0.75,1.15,2
F26-2961,CIAT-BR-15-3186,6,,Breeding,Urochloa interespecific,Grass,0.02,0.01,0.01,0.21,0.23,0.02,2
F26-2962,CIAT-BR-15-3234,6,,Breeding,Urochloa interespecific,Grass,0.05,0.12,0.12,0.35,0.27,0.55,2
F26-2963,CIAT-BR-15-3280,6,,Breeding,Urochloa interespecific,Grass,0.04,0.03,0.03,0.14,0.23,0.43,2
F26-2964,CIAT-BR-15-3294,6,,Breeding,Urochloa interespecific,Grass,0.03,0.15,0.15,0.14,0.52,0.43,2
F26-2965,CIAT-BR-15-3571,6,,Breeding,Urochloa interespecific,Grass,0.01,0.09,0.09,0.07,0.35,0.14,2
F26-2966,CIAT-BR-15-3597,6,,Breeding,Urochloa interespecific,Grass,0.0,0.02,0.02,0.27,1.2,1.29,2
F26-2967,CIAT-BR-15-361,6,,Breeding,Urochloa interespecific,Grass,0.04,0.1,0.1,0.63,0.67,1.16,2
F26-2968,CIAT-BR-15-3726,6,,Breeding,Urochloa interespecific,Grass,0.02,0.23,0.23,0.28,0.96,0.48,2
F26-2969,CIAT-BR-15-378,6,,Breeding,Urochloa interespecific,Grass,0.05,0.21,0.21,0.27,0.85,0.94,2
F26-2970,CIAT-BR-15-3810,6,,Breeding,Urochloa interespecific,Grass,0.01,0.08,0.08,0.56,0.63,1.07,2
F26-2971,CIAT-BR-15-395,6,,Breeding,Urochloa interespecific,Grass,0.07,0.38,0.38,0.14,0.44,0.29,2
F26-2972,CIAT-BR-15-4368,6,,Breeding,Urochloa interespecific,Grass,0.06,0.31,0.31,0.14,0.36,1.85,2
F26-2973,CIAT-BR-15-4442,6,,Breeding,Urochloa interespecific,Grass,0.07,0.22,0.22,0.14,0.67,1.31,2
F26-2974,CIAT-BR-15-4483,6,,Breeding,Urochloa interespecific,Grass,0.05,0.11,0.11,0.28,0.07,0.43,2
F26-2975,CIAT-BR-15-503,6,,Breeding,Urochloa interespecific,Grass,0.08,0.05,0.05,0.14,0.0,0.75,2
F26-2976,CIAT-BR-15-5152,6,,Breeding,Urochloa interespecific,Grass,0.01,0.07,0.07,0.21,0.21,1.29,2
F26-2977,CIAT-BR-15-5232,6,,Breeding,Urochloa interespecific,Grass,0.04,0.04,0.04,0.14,0.01,0.45,2
F26-2978,CIAT-BR-15-58,6,,Breeding,Urochloa interespecific,Grass,0.02,0.05,0.05,0.15,0.08,0.86,2
F26-2979,CIAT-BR-15-60,6,,Breeding,Urochloa interespecific,Grass,0.05,0.0,0.0,0.14,0.66,1.34,2
F26-2980,CIAT-BR-15-6346,6,,Breeding,Urochloa interespecific,Grass,0.01,0.18,0.18,0.13,0.05,0.58,2
F26-2981,CIAT-BR-15-6401,6,,Breeding,Urochloa interespecific,Grass,0.41,0.32,0.32,0.14,0.48,1.58,2
F26-2982,CIAT-BR-15-6402,6,,Breeding,Urochloa interespecific,Grass,0.15,0.06,0.06,0.07,0.72,0.04,2
F26-2983,CIAT-BR-15-6434,6,,Breeding,Urochloa interespecific,Grass,0.05,0.14,0.14,0.13,0.54,0.5,2
F26-2984,CIAT-BR-15-6504,6,,Breeding,Urochloa interespecific,Grass,0.41,0.13,0.13,0.14,1.34,0.55,2
F26-2985,CIAT-BR-15-6508,6,,Breeding,Urochloa interespecific,Grass,0.26,0.19,0.19,0.13,0.46,1.31,2
F26-2986,CIAT-BR-15-6543,6,,Breeding,Urochloa interespecific,Grass,0.03,0.1,0.1,0.14,0.31,1.37,2
F26-2987,CIAT-BR-15-6571,6,,Breeding,Urochloa interespecific,Grass,0.03,0.04,0.04,0.34,0.18,1.14,2
F26-2988,CIAT-BR-15-6590,6,,Breeding,Urochloa interespecific,Grass,0.01,0.01,0.01,0.14,1.08,0.31,2
F26-2989,CIAT-BR-15-6758,6,,Breeding,Urochloa interespecific,Grass,0.1,0.06,0.06,0.13,0.46,2.36,2
F26-2990,CIAT-BR-15-7006,6,,Breeding,Urochloa interespecific,Grass,0.04,0.01,0.01,0.07,0.38,0.63,2
F26-2991,CIAT-BR-15-7316,6,,Breeding,Urochloa interespecific,Grass,0.49,0.01,0.01,0.14,0.57,0.48,2
F26-2992,CIAT-BR-15-7318,6,,Breeding,Urochloa interespecific,Grass,0.01,0.05,0.05,0.07,0.05,0.08,2
F26-2993,CIAT-BR-15-757,6,,Breeding,Urochloa interespecific,Grass,0.08,0.02,0.02,0.14,0.62,1.1,2
F26-2994,CIAT-BR-15-780,6,,Breeding,Urochloa interespecific,Grass,0.0,0.32,0.32,0.07,0.83,1.75,2
F26-2995,CIAT-BR-15-800,6,,Breeding,Urochloa interespecific,Grass,0.09,0.22,0.22,0.14,0.03,0.36,2
F26-2996,CIAT-BR-15-823,6,,Breeding,Urochloa interespecific,Grass,0.06,0.07,0.07,0.21,0.16,1.71,2
F26-2997,CIAT-BR-15-8529,6,,Breeding,Urochloa interespecific,Grass,0.06,0.17,0.17,0.07,0.25,0.05,2
F26-2998,CIAT-BR-15-8650,6,,Breeding,Urochloa interespecific,Grass,0.04,0.06,0.06,0.14,0.36,0.85,2
F26-2999,CIAT-BR-15-8756,6,,Breeding,Urochloa interespecific,Grass,0.04,0.03,0.03,0.14,0.31,0.85,2
F26-3000,CIAT-BR-15-8881,6,,Breeding,Urochloa interespecific,Grass,0.08,0.19,0.19,0.07,1.03,2.13,2
F26-3001,CIAT-BR-15-8905,6,,Breeding,Urochloa interespecific,Grass,0.09,0.01,0.01,0.21,0.01,1.04,2
F26-3002,CIAT-BR-15-8976,6,,Breeding,Urochloa interespecific,Grass,0.09,0.08,0.08,0.27,0.24,0.51,2
F26-3003,CIAT-BR-15-9125,6,,Breeding,Urochloa interespecific,Grass,0.02,0.01,0.01,0.27,0.14,0.56,2
F26-3004,CIAT-BR-15-9141,6,,Breeding,Urochloa interespecific,Grass,0.1,0.04,0.04,0.15,0.21,0.6,2
F26-3005,CIAT-BR-15-9142,6,,Breeding,Urochloa interespecific,Grass,0.02,0.1,0.1,0.07,0.68,1.25,2
F26-3006,CIAT-BR-15-972,6,,Breeding,Urochloa interespecific,Grass,0.08,0.06,0.06,0.07,0.77,1.57,2
F26-3007,CIAT-BR-19-1033,6,,Breeding,Urochloa interespecific,Grass,0.04,0.01,0.01,0.21,0.17,0.23,2
F26-3008,CIAT-BR-19-113,6,,Breeding,Urochloa interespecific,Grass,0.05,0.22,0.22,0.14,0.37,0.65,2
F26-3009,CIAT-BR-19-1444,6,,Breeding,Urochloa interespecific,Grass,0.08,0.29,0.29,0.21,0.17,0.33,2
F26-3010,CIAT-BR-19-1583,6,,Breeding,Urochloa interespecific,Grass,0.04,0.11,0.11,0.21,0.73,1.47,2
F26-3011,CIAT-BR-19-166,6,,Breeding,Urochloa interespecific,Grass,0.14,0.03,0.03,0.06,0.84,1.6,2
F26-3012,CIAT-BR-19-1727,6,,Breeding,Urochloa interespecific,Grass,0.07,0.14,0.14,0.14,0.03,0.26,2
F26-3013,CIAT-BR-19-1783,6,,Breeding,Urochloa interespecific,Grass,0.02,0.67,0.67,0.08,0.29,1.07,2
F26-3014,CIAT-BR-19-1793,6,,Breeding,Urochloa interespecific,Grass,0.04,0.24,0.24,0.14,0.34,1.0,2
F26-3015,CIAT-BR-19-1806,6,,Breeding,Urochloa interespecific,Grass,0.24,0.25,0.25,0.42,0.06,0.63,2
F26-3016,CIAT-BR-19-2001,6,,Breeding,Urochloa interespecific,Grass,0.03,0.05,0.05,0.14,0.89,1.97,2
F26-3017,CIAT-BR-19-21,6,,Breeding,Urochloa interespecific,Grass,0.04,0.45,0.45,0.13,1.05,2.88,2
F26-3018,CIAT-BR-19-2124,6,,Breeding,Urochloa interespecific,Grass,0.0,0.03,0.03,0.14,0.14,2.66,2
F26-3019,CIAT-BR-19-2287,6,,Breeding,Urochloa interespecific,Grass,0.06,0.13,0.13,0.07,0.01,0.4,2
F26-3020,CIAT-BR-19-231,6,,Breeding,Urochloa interespecific,Grass,0.04,0.32,0.32,0.06,1.3,0.49,2
F26-3021,CIAT-BR-19-2329,6,,Breeding,Urochloa interespecific,Grass,0.2,0.04,0.04,0.14,0.1,0.44,2
F26-3022,CIAT-BR-19-244,6,,Breeding,Urochloa interespecific,Grass,0.02,0.05,0.05,0.14,0.54,1.83,2
F26-3023,CIAT-BR-19-247,6,,Breeding,Urochloa interespecific,Grass,0.07,0.09,0.09,0.14,0.16,0.38,2
F26-3024,CIAT-BR-19-2520,6,,Breeding,Urochloa interespecific,Grass,0.18,0.16,0.16,0.14,1.09,1.97,2
F26-3025,CIAT-BR-19-2632,6,,Breeding,Urochloa interespecific,Grass,1.05,0.24,0.24,0.14,0.13,0.39,2
F26-3026,CIAT-BR-19-2734,6,,Breeding,Urochloa interespecific,Grass,0.0,0.1,0.1,0.2,0.03,0.16,2
F26-3027,CIAT-BR-19-2789,6,,Breeding,Urochloa interespecific,Grass,0.09,0.2,0.2,0.13,0.46,1.65,2
F26-3028,CIAT-BR-19-2958,6,,Breeding,Urochloa interespecific,Grass,0.38,0.08,0.08,0.2,0.68,1.42,2
F26-3029,CIAT-BR-19-300,6,,Breeding,Urochloa interespecific,Grass,0.08,0.25,0.25,0.14,0.66,1.91,2
F26-3030,CIAT-BR-19-3048,6,,Breeding,Urochloa interespecific,Grass,0.05,0.01,0.01,0.2,0.48,0.31,2
F26-3031,CIAT-BR-19-3107,6,,Breeding,Urochloa interespecific,Grass,0.13,0.79,0.79,0.06,0.08,0.07,2
F26-3032,CIAT-BR-19-325,6,,Breeding,Urochloa interespecific,Grass,0.0,0.11,0.11,0.14,1.11,1.03,2
F26-3033,CIAT-BR-19-3294,6,,Breeding,Urochloa interespecific,Grass,0.14,0.38,0.38,0.14,0.53,0.47,2
F26-3034,CIAT-BR-19-3334,6,,Breeding,Urochloa interespecific,Grass,0.06,0.12,0.12,0.2,0.79,1.08,2
F26-3035,CIAT-BR-19-3677,6,,Breeding,Urochloa interespecific,Grass,0.01,0.06,0.06,0.07,0.52,0.69,2
F26-3036,CIAT-BR-19-3786,6,,Breeding,Urochloa interespecific,Grass,0.1,0.02,0.02,0.14,0.26,0.61,2
F26-3037,CIAT-BR-19-388,6,,Breeding,Urochloa interespecific,Grass,0.08,0.06,0.06,0.14,0.04,0.07,2
F26-3038,CIAT-BR-19-39,6,,Breeding,Urochloa interespecific,Grass,0.11,0.02,0.02,0.07,0.34,1.04,2
F26-3039,CIAT-BR-19-3918,6,,Breeding,Urochloa interespecific,Grass,0.13,0.23,0.23,0.21,0.59,0.66,2
F26-3040,CIAT-BR-19-3959,6,,Breeding,Urochloa interespecific,Grass,0.08,0.01,0.01,0.21,0.57,1.0,2
F26-3041,CIAT-BR-19-396,6,,Breeding,Urochloa interespecific,Grass,0.1,0.2,0.2,0.07,0.59,0.41,2
F26-3042,CIAT-BR-19-405,6,,Breeding,Urochloa interespecific,Grass,0.05,0.0,0.0,0.21,0.46,0.99,2
F26-3043,CIAT-BR-19-4253,6,,Breeding,Urochloa interespecific,Grass,0.06,0.02,0.02,0.13,0.69,0.59,2
F26-3044,CIAT-BR-19-4423,6,,Breeding,Urochloa interespecific,Grass,0.09,0.07,0.07,0.28,0.05,0.2,2
F26-3045,CIAT-BR-19-4439,6,,Breeding,Urochloa interespecific,Grass,0.02,0.1,0.1,0.21,0.13,0.09,2
F26-3046,CIAT-BR-19-4440,6,,Breeding,Urochloa interespecific,Grass,0.08,0.05,0.05,0.14,0.86,1.2,2
F26-3047,CIAT-BR-19-4529,6,,Breeding,Urochloa interespecific,Grass,0.06,0.04,0.04,0.07,0.11,0.2,2
F26-3048,CIAT-BR-19-4581,6,,Breeding,Urochloa interespecific,Grass,0.01,0.03,0.03,0.07,1.26,1.6,2
F26-3049,CIAT-BR-19-4988,6,,Breeding,Urochloa interespecific,Grass,0.29,0.07,0.07,0.07,0.26,0.26,2
F26-3050,CIAT-BR-19-5055,6,,Breeding,Urochloa interespecific,Grass,0.01,0.01,0.01,0.14,0.41,0.62,2
F26-3051,CIAT-BR-19-5057,6,,Breeding,Urochloa interespecific,Grass,0.08,0.01,0.01,0.14,0.5,0.44,2
F26-3052,CIAT-BR-19-5178,6,,Breeding,Urochloa interespecific,Grass,0.02,0.2,0.2,0.07,0.35,0.04,2
F26-3053,CIAT-BR-19-5273,6,,Breeding,Urochloa interespecific,Grass,0.08,0.0,0.0,0.34,0.19,0.9,2
F26-3054,CIAT-BR-19-5348,6,,Breeding,Urochloa interespecific,Grass,0.01,0.05,0.05,0.0,0.14,1.86,2
F26-3055,CIAT-BR-19-5615,6,,Breeding,Urochloa interespecific,Grass,0.09,0.06,0.06,0.14,1.03,1.79,2
F26-3056,CIAT-BR-19-5751,6,,Breeding,Urochloa interespecific,Grass,0.05,0.02,0.02,0.2,0.74,2.03,2
F26-3057,CIAT-BR-19-5898,6,,Breeding,Urochloa interespecific,Grass,0.06,0.02,0.02,0.27,0.65,0.02,2
F26-3058,CIAT-BR-19-6068,6,,Breeding,Urochloa interespecific,Grass,0.06,0.06,0.06,0.07,0.18,0.13,2
F26-3059,CIAT-BR-19-6160,6,,Breeding,Urochloa interespecific,Grass,0.09,0.05,0.05,0.2,1.34,1.31,2
F26-3060,CIAT-BR-19-6352,6,,Breeding,Urochloa interespecific,Grass,0.04,0.16,0.16,0.14,0.42,1.62,2
F26-3061,CIAT-BR-19-6397,6,,Breeding,Urochloa interespecific,Grass,0.03,0.11,0.11,0.14,0.58,1.47,2
F26-3062,CIAT-BR-19-6400,6,,Breeding,Urochloa interespecific,Grass,0.04,0.14,0.14,0.07,0.93,0.14,2
F26-3063,CIAT-BR-19-6868,6,,Breeding,Urochloa interespecific,Grass,0.04,0.03,0.03,0.07,1.59,0.08,2
F26-3064,CIAT-BR-19-6984,6,,Breeding,Urochloa interespecific,Grass,0.06,0.03,0.03,0.14,0.12,0.65,2
F26-3065,CIAT-BR-19-811,6,,Breeding,Urochloa interespecific,Grass,0.09,0.07,0.07,0.13,0.44,0.06,2
F26-3066,CIAT-BR-19-818,6,,Breeding,Urochloa interespecific,Grass,0.05,0.22,0.22,0.13,0.29,0.29,2
F26-3067,CIAT-BR-19-95,6,,Breeding,Urochloa interespecific,Grass,0.05,0.09,0.09,0.14,0.08,1.1,2
F26-3068,CIAT-CIAT-16320,6,,Breeding,Urochloa interespecific,Grass,0.17,0.18,0.18,0.2,0.9,0.43,2
F26-3069,CIAT-CIAT-6387,6,,Breeding,Urochloa interespecific,Grass,0.07,0.08,0.08,0.07,0.35,0.88,2
F26-3070,CIAT-CIAT-6780,6,,Breeding,Urochloa interespecific,Grass,0.16,0.01,0.01,0.21,0.02,0.35,2
F26-3071,CIAT-GP-3207,6,,Breeding,Urochloa interespecific,Grass,0.03,0.01,0.01,0.07,0.51,0.59,2
F26-3072,CIAT-Mavuno,6,,Breeding,Urochloa interespecific,Grass,0.06,0.2,0.2,0.14,0.17,0.1,2
F26-3137-(-100%)-,Estrella-CIAT,5,,ISABEL MOLINA,Cynodon nlemfuensis,,0.05,0.21,0.21,0.18,0.32,0.49,2
F26-3138-(100%)-,CIAT-17009,5,,Genetic_bank,Canavalia brasiliensis,Herbaceous_legumes,0.01,0.04,0.04,0.42,0.13,2.45,2
F26-3139,CIAT-918,6,47.0,Genetic_bank,Rhynchosia schomburgkii,Herbaceous_legumes,0.01,0.03,0.03,0.13,0.43,2.28,2
F26-3140,CIAT-8215,6,49.0,Genetic_bank,Rhynchosia schomburgkii,Herbaceous_legumes,0.36,0.02,0.02,0.05,1.31,0.42,2
F26-3141,CIAT-15008,6,51.0,Genetic_bank,Centrosema triquetrum,Herbaceous_legumes,0.13,0.17,0.17,0.02,0.39,0.27,2
F26-3142,CIAT-17334,6,53.0,Genetic_bank,Dunbaria nivea,Herbaceous_legumes,0.04,0.07,0.07,0.05,0.15,0.39,2
F26-3143,CIAT-17892,6,55.0,Genetic_bank,Dioclea valliana,Herbaceous_legumes,0.04,0.22,0.22,0.36,0.86,1.22,2
F26-3144,CIAT-17916,6,57.0,Genetic_bank,Clitoria falcata,Herbaceous_legumes,0.03,0.21,0.21,0.21,0.69,0.06,2
F26-3145,CIAT-17969,6,59.0,Genetic_bank,Canavalia grandiflora,Herbaceous_legumes,0.03,0.29,0.29,0.29,0.53,1.0,2
F26-3146,CIAT-18497,6,61.0,Genetic_bank,Dioclea valliana,Herbaceous_legumes,0.08,0.0,0.0,0.14,0.68,0.36,2
F26-3147,CIAT-18521,6,63.0,Genetic_bank,Rhynchosia phaseoloides,Herbaceous_legumes,0.01,0.17,0.17,0.28,2.01,1.55,2
F26-3148,CIAT-18631,6,65.0,Genetic_bank,Dioclea crenata,Herbaceous_legumes,0.1,0.01,0.01,0.14,0.63,0.56,2
F26-3149,CIAT-22303,6,71.0,Genetic_bank,Macrotyloma axillare,Herbaceous_legumes,0.06,0.0,0.0,0.37,0.04,0.54,2
F26-3150,CIAT-18633,6,73.0,Genetic_bank,Dioclea crenata,Herbaceous_legumes,0.01,0.08,0.08,0.28,0.36,0.73,2
F26-3151,CIAT-21134,6,75.0,Genetic_bank,Cajanus goensis,Herbaceous_legumes,0.02,0.07,0.07,0.36,1.51,0.57,2
F26-3152,CIAT-21433,6,77.0,Genetic_bank,Calopogonium galactioides,Herbaceous_legumes,0.04,0.01,0.01,0.07,1.02,2.7,2
F26-3153,CIAT-21475,6,79.0,Genetic_bank,Rhynchosia phaseoloides,Herbaceous_legumes,0.04,0.11,0.11,0.5,1.04,0.7,2
F26-3154,CIAT-21951,6,81.0,Genetic_bank,Pueraria montana,Herbaceous_legumes,0.02,0.03,0.03,0.21,0.37,0.48,2
F26-3155,CIAT-25213,6,83.0,Genetic_bank,Centrosema brachypodum,Herbaceous_legumes,0.01,0.06,0.06,0.35,0.1,0.82,2
F26-3156,CIAT-32229,6,85.0,Genetic_bank,Calopogonium galactioides,Herbaceous_legumes,0.02,0.39,0.39,0.21,1.6,1.85,2
F26-3157,CIAT-8206,6,87.0,Genetic_bank,Desmanthus leptophyllus,Shrub_Trees,0.05,0.04,0.04,0.21,0.23,0.82,2
F26-3158,CIAT-8886,6,89.0,Genetic_bank,Zornia myriadena,Herbaceous_legumes,0.02,0.32,0.32,0.22,0.55,1.21,2
F26-3159,CIAT-13701,6,91.0,Genetic_bank,Pseudarthria viscida,Shrub_Trees,0.0,0.25,0.25,0.14,0.13,2.06,2
F26-3160,CIAT-18859,6,93.0,Genetic_bank,Pseudarthria hookeri,Shrub_Trees,0.07,0.48,0.48,0.36,0.92,0.87,2
F26-3161,CIAT-19661,6,95.0,Genetic_bank,Pseudarthria hookeri,Shrub_Trees,0.05,0.26,0.26,0.14,1.06,0.42,2
F26-3162,CIAT-20129,6,97.0,Genetic_bank,Desmanthus leptophyllus,Shrub_Trees,0.11,0.23,0.23,0.15,0.17,2.72,2
F26-3163,CIAT-20386,6,99.0,Genetic_bank,Desmanthus leptophyllus,Shrub_Trees,0.05,1.03,1.03,0.28,0.39,0.22,2
F26-3164,CIAT-21286,6,101.0,Genetic_bank,Pseudarthria hookeri,Shrub_Trees,0.01,0.03,0.03,0.07,0.74,0.17,2
F26-3165,CIAT-22500,6,103.0,Genetic_bank,Desmanthus fruticosus,Shrub_Trees,0.01,0.01,0.01,0.36,0.66,2.06,2
F26-3166,CIAT-22501,6,105.0,Genetic_bank,Desmanthus covillei,Shrub_Trees,0.11,0.27,0.27,0.22,0.59,0.52,2
F26-3167,CIAT-22571,6,107.0,Genetic_bank,Desmanthus covillei,Shrub_Trees,0.03,0.41,0.41,0.21,0.03,1.8,2
F26-3168,CIAT-22572,6,109.0,Genetic_bank,Desmanthus covillei,Shrub_Trees,0.06,0.16,0.16,0.07,0.84,1.2,2
F26-3169,CIAT-22574,6,115.0,Genetic_bank,Desmanthus fruticosus,Shrub_Trees,0.08,0.07,0.07,0.07,0.48,0.57,2
F26-3170,CIAT-8529,6,117.0,Genetic_bank,Mimosa albolanata,Shrub_Trees,0.04,0.1,0.1,0.15,0.29,0.58,2
F26-3171,CIAT-33510,6,119.0,Genetic_bank,Phyllodium pulchellum,Shrub_Trees,0.06,0.18,0.18,0.06,0.15,0.74,2
F26-3172,CIAT-33499,6,121.0,Genetic_bank,Phyllodium pulchellum,Shrub_Trees,0.09,0.05,0.05,0.14,2.09,1.14,2
F26-3173,CIAT-23111,6,123.0,Genetic_bank,Phyllodium elegans,Shrub_Trees,0.02,0.46,0.46,0.07,0.72,1.24,2
F26-3174,CIAT-23110,6,125.0,Genetic_bank,Phyllodium elegans,Shrub_Trees,0.14,0.16,0.16,0.43,0.91,0.64,2
F26-3175,CIAT-9360,6,127.0,Genetic_bank,Clitoria falcata,Herbaceous_legumes,0.02,0.1,0.1,0.07,0.72,1.09,2
F26-3176,CIAT-21292,6,129.0,Genetic_bank,Canavalia Gladiata,Herbaceous_legumes,0.18,0.49,0.49,0.21,0.17,1.24,2
F26-3177,IAG-2026-S-1,6,43.0,Genetic_bank,Green Meal,Green Meal,0.0,0.0,0.0,0.0,0.0,0.0,6
F26-3178,IAG-2026-S-2,6,45.0,Genetic_bank,Compound feed,Compound feed,0.0,0.0,0.0,0.0,0.0,0.0,6
F26-3289,CIAT-17009,6,,Genetic_bank,Canavalia brasiliensis,Herbaceous_legumes,0.03,0.19,0.19,0.15,0.09,0.33,2
F26-3290,CIAT-17462,6,,Genetic_bank,Canavalia brasiliensis,Herbaceous_legumes,0.03,0.03,0.03,0.96,0.9,2.6,2
F26-3291,CIAT-13953,6,,JUAN CARDOSO,Desmodium velutinum,Shrub_Trees,0.54,0.15,0.15,0.14,0.35,0.21,2
F26-3292,CIAT-9432,6,,Genetic_bank,Clitoria tertanea,Herbaceous_legumes,0.01,0.25,0.25,0.78,1.46,1.16,2
F26-3294,CIAT-22768,6,,Genetic_bank,Lablab purpureus,Herbaceous_legumes,0.11,0.07,0.07,0.22,0.34,1.04,2
F26-3295,CIAT-22598,6,,Genetic_bank,Lablab purpureus,Herbaceous_legumes,0.02,0.14,0.14,0.28,0.13,1.91,2
F26-3296,CIAT-18701,6,,JUAN CARDOSO,Cajanus cajan,Shrub_Trees,0.84,0.04,0.04,0.01,0.27,0.07,2
F26-3297,CIAT-20891,6,,JUAN CARDOSO,Cajanus cajan,Shrub_Trees,0.29,0.01,0.01,0.29,0.18,0.93,2
F26-3298,CIAT-15551,6,,Genetic_bank,Centrosema molle,Herbaceous_legumes,0.06,0.09,0.09,0.14,0.2,2.01,2
F26-3299,CIAT-17009,6,,Genetic_bank,Canavalia brasiliensis,Herbaceous_legumes,0.11,0.05,0.05,0.14,0.26,1.19,2
F26-3300,CIAT-17462,6,,Genetic_bank,Canavalia brasiliensis,Herbaceous_legumes,0.03,0.1,0.1,0.43,0.27,0.34,2
F26-3301,CIAT-9432,6,,Genetic_bank,Clitoria tertanea,Herbaceous_legumes,0.04,0.1,0.1,0.57,0.75,0.93,2
F26-3303,CIAT-22768,6,,Genetic_bank,Lablab purpureus,Herbaceous_legumes,0.06,0.0,0.0,0.21,0.0,0.78,2
F26-3304,CIAT-22598,6,,Genetic_bank,Lablab purpureus,Herbaceous_legumes,0.09,0.1,0.1,0.22,0.46,0.44,2
F26-3305,CIAT-18701,6,,JUAN CARDOSO,Cajanus cajan,Shrub_Trees,0.19,0.13,0.13,0.13,0.79,0.18,2
F26-3306,CIAT-20891,6,,JUAN CARDOSO,Cajanus cajan,Shrub_Trees,0.57,0.04,0.04,0.07,0.35,0.13,2
F26-3376,CIAT-17009,6,,Genetic_bank,Canavalia brasiliensis,Herbaceous_legumes,0.02,0.36,0.36,0.08,0.1,1.51,2
F26-3377,CIAT-17462,6,,Genetic_bank,Canavalia brasiliensis,Herbaceous_legumes,0.08,0.06,0.06,0.7,0.66,0.42,2
F26-3378,CIAT-13953,6,,JUAN CARDOSO,Desmodium velutinum,Shrub_Trees,0.04,0.05,0.05,0.56,0.68,1.12,2
F26-3379,CIAT-9432,6,,Genetic_bank,Clitoria tertanea,Herbaceous_legumes,0.07,0.1,0.1,0.28,0.15,0.19,2
F26-3381,CIAT-22768,6,,Genetic_bank,Lablab purpureus,Herbaceous_legumes,0.08,0.11,0.11,0.07,0.33,0.69,2
F26-3382,CIAT-22598,6,,Genetic_bank,Lablab purpureus,Herbaceous_legumes,0.01,0.07,0.07,0.27,0.27,0.15,2
F26-3383,CIAT-18701,6,,JUAN CARDOSO,Cajanus cajan,Shrub_Trees,0.53,0.12,0.12,0.29,1.04,0.63,2
F26-3384,CIAT-20891,6,,JUAN CARDOSO,Cajanus cajan,Shrub_Trees,0.95,0.09,0.09,0.14,0.64,0.33,2
F26-3385,CIAT-15551,6,,Genetic_bank,Centrosema molle,Herbaceous_legumes,0.0,0.0,0.0,0.35,0.62,0.64,2
F26-3386,CIAT-13953,6,,JUAN CARDOSO,Desmodium velutinum,Shrub_Trees,0.18,0.12,0.12,0.08,0.57,0.55,2
F26-3387,CIAT-15551,6,,Genetic_bank,Centrosema molle,Herbaceous_legumes,0.06,0.12,0.12,0.14,0.44,3.21,2
F26-4574,Cayman-Br-02-1752-Exp-VII-Gramíneas,6,,ISABEL MOLINA,Urochloa interespecific,Grass,0.04,0.37,0.37,0.15,0.05,1.36,2
F26-4575,Estrella-Exp-VII-Gramíneas,6,,ISABEL MOLINA,Cynodon nlemfuensis,,0.05,0.02,0.02,0.45,0.3,0.74,2
F26-4576,Mulato-Br-02-1752-Exp-VII-Gramíneas,6,,ISABEL MOLINA,Urochloa interespecific,Grass,0.02,0.12,0.12,0.15,0.14,0.59,2
F26-4577,Heno-Estrella,6,,ISABEL MOLINA,Cynodon nlemfuensis,,0.05,0.02,0.02,0.15,0.01,1.26,2
F26-4578,Heno-Estrella,6,,ISABEL MOLINA,Cynodon nlemfuensis,,0.06,0.02,0.02,0.15,0.23,0.35,2
F26-4724,CIAT-17009,6,,Genetic_bank,Canavalia brasiliensis,Herbaceous_legumes,0.04,0.07,0.07,0.27,0.08,0.8,2
F26-4725,CIAT-17462,6,,Genetic_bank,Canavalia brasiliensis,Herbaceous_legumes,0.14,0.04,0.04,0.14,0.7,0.04,2
F26-4726,CIAT-13953,6,,JUAN CARDOSO,Desmodium velutinum,Shrub_Trees,0.0,0.05,0.05,0.2,0.29,1.32,2
F26-4727,CIAT-9432,6,,Genetic_bank,Clitoria tertanea,Herbaceous_legumes,0.0,0.15,0.15,0.14,0.76,1.22,2
F26-4729,CIAT-22768,6,,Genetic_bank,Lablab purpureus,Herbaceous_legumes,0.33,0.18,0.18,0.21,1.21,0.17,2
F26-4730,CIAT-22598,6,,Genetic_bank,Lablab purpureus,Herbaceous_legumes,0.66,0.08,0.08,0.28,0.88,0.35,2
F26-4731,CIAT-18701,6,,JUAN CARDOSO,Cajanus cajan,Shrub_Trees,0.14,0.02,0.02,0.29,0.13,0.23,2
F26-4732,CIAT-20891,6,,JUAN CARDOSO,Cajanus cajan,Shrub_Trees,0.03,0.02,0.02,0.12,0.0,0.8,2
F26-4733,CIAT-15551,6,,Genetic_bank,Centrosema molle,Herbaceous_legumes,0.1,0.04,0.04,0.13,0.14,0.76,2
F26-4734,CIAT-17009,6,,Genetic_bank,Canavalia brasiliensis,Herbaceous_legumes,0.16,0.09,0.09,0.34,0.21,0.57,2
F26-4735,CIAT-17462,6,,Genetic_bank,Canavalia brasiliensis,Herbaceous_legumes,0.01,0.23,0.23,0.41,1.11,1.0,2
F26-4736,CIAT-17009,6,,Genetic_bank,Canavalia brasiliensis,Herbaceous_legumes,0.14,0.08,0.08,0.27,1.05,0.36,2
F26-4737,CIAT-17462,6,,Genetic_bank,Canavalia brasiliensis,Herbaceous_legumes,0.13,0.38,0.38,0.14,0.02,0.41,2
