32_no,32_date_1,32_date_2,32_requisitioner,32_gene_bank_id,32_genus,32_species,32_tax_name,32_family,32_order,32_functional_group,32_ciat_id,32_set_ciat,32_batch,32_run,32_replication,32_syrange_no,32_bag_weight_g,32_digested_weight_g,32_remarks_1,32_undigested_dm_g,32_digested_feed_mg,32_percentage_dmd_truly_digestibility,32_ndf_incubated_mg,32_ndf_digestibility_mg,32_percentage_ndf_digestibility_in_24h,32_remarks_2
No,Date,Date,Requisitioner,Gene Bank ID,Genus,Species,Tax Name,Family,Order,Functional Group,CIAT ID,Set CIAT,Batch,Run,Replication,Syrange No,"Bag weight, g","Digested weight, g",Remarks,"Undigested DM, g","Digested feed, mg","% DMD, Truly digestibility","NDF incubated, mg","NDF digestibility, mg",% NDF digestibility in 24 h,Remarks
1,45630,46090,0,BLANK 24 H,0,0,BLANK 24 H,0,0,0,BLANK 24 H,32,72,1,1,1,,,,,,,,,,
2,45630,46090,0,BLANK 24 H,0,0,BLANK 24 H,0,0,0,BLANK 24 H,32,72,1,2,2,,,,,,,,,,
3,45630,46090,Genebank,CIAT43427,Desmodium,nicaraguense,Desmodium nicaraguense,Fabaceae,Fabales,Shurb_Tree,F260043,32,72,1,1,3,0.5826,0.8803,Se troca el embolo de la jeringa 13,0.2977,183.8804382,38.18270503,300.8360974,3.136097386,1.042460467,
4,45630,46090,Genebank,CIAT43427,Desmodium,nicaraguense,Desmodium nicaraguense,Fabaceae,Fabales,Shurb_Tree,F260043,32,72,1,2,4,0.5825,0.8527,,0.2702,211.3804382,43.89306987,300.8360974,30.63609739,10.18365072,
5,45630,46090,Genebank,CIAT601,Hyparrhenia,rufa,Hyparrhenia rufa,Poaceae,Poales,Grasses,F260044,32,72,1,1,5,0.574,0.8029,,0.2289,235.2553759,50.68461729,308.5027583,79.60275828,25.80293244,
6,45630,46090,Genebank,CIAT601,Hyparrhenia,rufa,Hyparrhenia rufa,Poaceae,Poales,Grasses,F260044,32,72,1,2,6,0.5585,0.8021,,0.2436,220.5553759,47.51757436,308.5027583,64.90275828,21.03798314,
7,45630,46090,Genebank,CIAT606,Brachiaria,decumbens,Brachiaria decumbens,Poaceae,Poales,Grasses,F260045,32,72,1,1,7,0.5653,0.8327,,0.2674,214.7573063,44.54092129,329.6150701,62.21507007,18.87506844,
8,45630,46090,Genebank,CIAT606,Brachiaria,decumbens,Brachiaria decumbens,Poaceae,Poales,Grasses,F260045,32,72,1,2,8,0.6045,0.8354,,0.2309,251.3537378,52.12064067,329.6809931,98.78099308,29.96259874,
9,45630,46090,Genebank,CIAT6038,Sorghum,almum,Sorghum almum,Poaceae,Poales,Grasses,F260046,32,72,1,1,9,0.5726,0.8504,,0.2778,192.8044018,40.96952792,329.3820385,51.58203852,15.66024631,
10,45630,46090,Genebank,CIAT6038,Sorghum,almum,Sorghum almum,Poaceae,Poales,Grasses,F260046,32,72,1,2,10,0.5736,0.8353,,0.2617,209.2808853,44.4351123,329.6455441,67.94554415,20.61169804,
11,45630,46090,Genebank,CIAT6042,Chloris,gayana,Chloris gayana,Poaceae,Poales,Grasses,F260047,32,72,1,1,11,0.5676,0.8286,,0.261,203.1303955,43.76580321,342.4083581,81.40835811,23.77522516,
12,45630,46090,Genebank,CIAT6042,Chloris,gayana,Chloris gayana,Poaceae,Poales,Grasses,F260047,32,72,1,2,12,0.5617,0.8089,,0.2472,216.837588,46.72845339,342.3398901,95.13989013,27.79106171,
13,45630,46090,Genebank,CIAT6080,Eragrostis,curvula,Eragrostis curvula,Poaceae,Poales,Grasses,F260048,32,72,1,1,13,0.583,0.8965,Se troca el embolo de la jeringa 3,0.3135,168.2768416,34.92837909,377.5477367,64.04773671,16.96414267,
14,45630,46090,Genebank,CIAT6080,Eragrostis,curvula,Eragrostis curvula,Poaceae,Poales,Grasses,F260048,32,72,1,2,14,0.605,0.9752,,0.3702,111.4805247,23.14407974,377.4722574,7.272257358,1.926567374,
15,45630,46090,Genebank,CIAT6159,Andropogon,gayanus,Andropogon gayanus,Poaceae,Poales,Grasses,F260049,32,72,1,1,15,0.5869,0.8935,,0.3066,165.0221561,34.99033156,340.1154058,33.51540581,9.854127521,
16,45630,46090,Genebank,CIAT6159,Andropogon,gayanus,Andropogon gayanus,Poaceae,Poales,Grasses,F260049,32,72,1,2,16,0.5677,0.8709,,0.3032,168.3278883,35.69839504,340.0474235,36.84742351,10.83596609,
17,45630,46090,Genebank,CIAT6235,Andropogon,gayanus,Andropogon gayanus,Poaceae,Poales,Grasses,F260050,32,72,1,1,17,0.5957,0.8757,,0.28,200.9352612,41.78010585,341.5488906,61.54889059,18.0205213,
18,45630,46090,Genebank,CIAT6235,Andropogon,gayanus,Andropogon gayanus,Poaceae,Poales,Grasses,F260050,32,72,1,2,18,0.5817,0.8482,,0.2665,214.2431177,44.56498903,341.4124348,74.91243478,21.9419175,
19,45630,46090,Genebank,CIAT6236,Andropogon,gayanus,Andropogon gayanus,Poaceae,Poales,Grasses,F260051,32,72,1,1,19,0.5601,0.8926,,0.3325,135.3837846,28.93534442,323.5316724,-8.968327609,-2.772009165,
20,45630,46090,Genebank,CIAT6236,Andropogon,gayanus,Andropogon gayanus,Poaceae,Poales,Grasses,F260051,32,72,1,2,20,0.5932,0.845,,0.2518,215.7097767,46.14016379,323.2730539,71.47305395,22.10919007,
21,45630,46090,Genebank,CIAT6370,Brachiaria,decumbens,Brachiaria decumbens,Poaceae,Poales,Grasses,F260052,32,72,1,1,21,0.5673,0.7985,,0.2312,242.2763571,51.16968429,283.8549967,52.65499668,18.54996294,
22,45630,46090,Genebank,CIAT6370,Brachiaria,decumbens,Brachiaria decumbens,Poaceae,Poales,Grasses,F260052,32,72,1,2,22,0.5748,0.8399,,0.2651,208.2816808,43.99867786,283.798237,18.69823703,6.588567014,
23,45630,46090,Genebank,CIAT6489,Panicum,maximum,Panicum maximum,Poaceae,Poales,Grasses,F260053,32,72,1,1,23,0.6018,0.8754,,0.2736,210.3451063,43.46466233,335.7148634,62.11486339,18.5022679,
24,45630,46090,Genebank,CIAT6489,Panicum,maximum,Panicum maximum,Poaceae,Poales,Grasses,F260053,32,72,1,2,24,0.5773,0.8212,,0.2439,240.1418373,49.61179361,335.7819661,91.8819661,27.36357976,
25,45630,46090,Genebank,CIAT6590,Panicum,maximum,Panicum maximum,Poaceae,Poales,Grasses,F260054,32,72,1,1,25,0.5711,0.882,,0.3109,157.1571924,33.57649342,317.4557106,6.555710563,2.065078795,
26,45630,46090,Genebank,CIAT6590,Panicum,maximum,Panicum maximum,Poaceae,Poales,Grasses,F260054,32,72,1,2,26,0.5776,0.886,,0.3084,159.750729,34.12378089,317.519151,9.119150952,2.872000295,
27,45630,46090,Genebank,CIAT6793,Panicum,maximum,Panicum maximum,Poaceae,Poales,Grasses,F260055,32,72,1,1,27,0.5737,0.8234,,0.2497,222.7485824,47.14768774,302.5875139,52.8875139,17.47841912,
28,45630,46090,Genebank,CIAT6793,Panicum,maximum,Panicum maximum,Poaceae,Poales,Grasses,F260055,32,72,1,2,28,0.5728,0.8352,,0.2624,210.2374862,44.48176295,302.7085005,40.30850051,13.31594601,
29,45630,46090,Genebank,CIAT6817,Panicum,maximum,Panicum maximum,Poaceae,Poales,Grasses,F260056,32,72,1,1,29,0.593,0.8709,,0.2779,194.4985338,41.17255238,333.4817371,55.58173714,16.66710076,
30,45630,46090,Genebank,CIAT6817,Panicum,maximum,Panicum maximum,Poaceae,Poales,Grasses,F260056,32,72,1,2,30,0.5565,0.8724,,0.3159,156.4985338,33.12849693,333.4817371,17.58173714,5.27217391,
31,45630,46090,Genebank,CIAT6901,Panicum,maximum,Panicum maximum,Poaceae,Poales,Grasses,F260057,32,72,1,1,31,0.5804,0.8467,Mtra despues clip 24H,0.2663,199.3202021,42.80746437,335.9787608,69.67876082,20.73903739,
32,45630,46090,Genebank,CIAT6901,Panicum,maximum,Panicum maximum,Poaceae,Poales,Grasses,F260057,32,72,1,2,32,0.6017,0.9005,,0.2988,166.9132703,35.84035091,336.0459163,37.24591628,11.0835795,
33,45630,46090,Genebank,CIAT16076,Pennisetum,purpureum,Pennisetum purpureum,Poaceae,Poales,Grasses,F260058,32,72,1,1,33,0.5676,0.8194,,0.2518,208.6099121,45.30960491,261.4921519,9.692151902,3.706479078,
34,45630,46090,Genebank,CIAT16076,Pennisetum,purpureum,Pennisetum purpureum,Poaceae,Poales,Grasses,F260058,32,72,1,2,34,0.5538,0.8271,,0.2733,187.3861029,40.67544076,261.6490158,-11.65098418,-4.452905792,
35,45630,46090,Genebank,CIAT16081,Paspalum,secans,Paspalum secans,Poaceae,Poales,Grasses,F260059,32,72,1,1,35,0.6046,0.934,,0.3294,140.7499897,29.93725253,365.2164989,35.8164989,9.806922471,
36,45630,46090,Genebank,CIAT16081,Paspalum,secans,Paspalum secans,Poaceae,Poales,Grasses,F260059,32,72,1,2,36,0.5616,0.9046,,0.343,127.2440009,27.0591439,365.2895276,22.28952759,6.101879717,
37,45630,46090,Genebank,CIAT16082,Paspalum,guenoarum,Paspalum guenoarum,Poaceae,Poales,Grasses,F260060,32,72,1,1,37,0.5847,0.9071,,0.3224,145.7846398,31.1382791,350.9440967,28.54409673,8.133516704,
38,45630,46090,Genebank,CIAT16082,Paspalum,guenoarum,Paspalum guenoarum,Poaceae,Poales,Grasses,F260060,32,72,1,2,38,0.5716,0.8793,,0.3077,160.9527309,34.34370916,351.2949707,43.59497065,12.40979072,
39,45630,46090,Genebank,CIAT16215,Brachiaria,lachnantha,Brachiaria lachnantha,Poaceae,Poales,Grasses,F260061,32,72,1,1,39,0.574,0.8979,,0.3239,147.9726961,31.35860527,323.9403534,0.040353383,0.012457041,
40,45630,46090,Genebank,CIAT16215,Brachiaria,lachnantha,Brachiaria lachnantha,Poaceae,Poales,Grasses,F260061,32,72,1,2,40,0.5813,0.9222,,0.3409,130.5956504,27.69816653,323.6815117,-17.21848829,-5.319577321,
41,45630,46090,Genebank,CIAT16234,Echinochloa,pyramidalis,Echinochloa pyramidalis,Poaceae,Poales,Grasses,F260062,32,72,1,1,41,0.5617,0.7939,,0.2322,234.3883583,50.23450631,255.5708439,23.37084389,9.144565764,
42,45630,46090,Genebank,CIAT16234,Echinochloa,pyramidalis,Echinochloa pyramidalis,Poaceae,Poales,Grasses,F260062,32,72,1,2,42,0.581,0.7943,,0.2133,253.2883583,54.28518603,255.5708439,42.27084389,16.53977553,
43,45630,46090,Genebank,CIAT16254,Hyparrhenia,hirta,Hyparrhenia hirta,Poaceae,Poales,Grasses,F260063,32,72,1,1,43,0.5935,0.9263,,0.3328,149.7678957,31.03561116,326.1867301,-6.61326987,-2.027449083,
44,45630,46090,Genebank,CIAT16254,Hyparrhenia,hirta,Hyparrhenia hirta,Poaceae,Poales,Grasses,F260063,32,72,1,2,44,0.5724,0.9391,,0.3667,115.9643514,24.02587866,326.2519284,-40.44807164,-12.39780309,
45,45630,46090,Genebank,CIAT16287,Echinochloa,haploclada,Echinochloa haploclada,Poaceae,Poales,Grasses,F260064,32,72,1,1,45,0.5838,0.8094,,0.2256,234.8658505,51.00613873,304.1946331,78.59463311,25.83695587,
46,45630,46090,Genebank,CIAT16287,Echinochloa,haploclada,Echinochloa haploclada,Poaceae,Poales,Grasses,F260064,32,72,1,2,46,0.556,0.7176,,0.1616,298.9579252,64.91212264,304.2554599,142.6554599,46.88673785,
47,45630,46090,0,BLANK 8 H,BLANK,8,BLANK 8 H,0,0,0,BLANK 8 H,32,72,1,1,47,,,,,,,,,,
48,45630,46090,0,BLANK 8 H,BLANK,8,BLANK 8 H,0,0,0,BLANK 8 H,32,72,1,2,48,,,,,,,,,,
49,45630,46090,Genebank,CIAT16309,Brachiaria,brizantha,Brachiaria brizantha,Poaceae,Poales,Grasses,F260065,32,72,1,1,49,0.5663,0.7982,,0.2319,241.603981,51.02469899,303.1981518,71.29815181,23.51536491,
50,45630,46090,Genebank,CIAT16309,Brachiaria,brizantha,Brachiaria brizantha,Poaceae,Poales,Grasses,F260065,32,72,1,2,50,0.5578,0.7881,,0.2303,243.3933448,51.38204863,303.3194068,73.01940682,24.07343717,
51,45630,46090,Genebank,CIAT16379,Panicum,maximum,Panicum maximum,Poaceae,Poales,Grasses,F260066,32,72,1,1,51,0.547,0.8703,,0.3233,151.2185917,31.86779071,329.7972386,6.497238638,1.970070661,
52,45630,46090,Genebank,CIAT16379,Panicum,maximum,Panicum maximum,Poaceae,Poales,Grasses,F260066,32,72,1,2,52,0.5774,0.8535,,0.2761,198.2288981,41.79144447,329.6653988,53.56539885,16.24841401,
53,45630,46090,Genebank,CIAT16537,Sporobolus,sp.,Sporobolus sp.,Poaceae,Poales,Grasses,F260067,32,72,1,1,53,0.5532,0.8306,,0.2774,206.3512341,42.65647703,331.3023557,53.90235573,16.26983775,
54,45630,46090,Genebank,CIAT16537,Sporobolus,sp.,Sporobolus sp.,Poaceae,Poales,Grasses,F260067,32,72,1,2,54,0.5385,0.7959,,0.2574,226.4479456,46.80146886,331.3685897,73.96858971,22.32214881,
55,45635,46090,Genebank,CIAT16561,Panicum,maximum,Panicum maximum,Poaceae,Poales,Grasses,F260068,32,72,1,1,55,0.5791,0.8913,,0.3122,160.830465,34.0000226,304.7666027,-7.433397273,-2.439045882,
56,45635,46090,Genebank,CIAT16561,Panicum,maximum,Panicum maximum,Poaceae,Poales,Grasses,F260068,32,72,1,2,56,0.5481,0.933,,0.3849,88.03587786,18.61475984,304.7056616,-80.19433841,-26.31862434,
57,45635,46090,Genebank,CIAT16569,Panicum,infestum,Panicum infestum,Poaceae,Poales,Grasses,F260069,32,72,1,1,57,0.5497,0.8336,,0.2839,188.3541676,39.88406679,334.8128816,50.91288158,15.20636881,
58,45635,46090,Genebank,CIAT16569,Panicum,infestum,Panicum infestum,Poaceae,Poales,Grasses,F260069,32,72,1,2,58,0.5576,0.8484,,0.2908,181.6429938,38.44760028,334.9467532,44.14675318,13.18023022,
59,45635,46090,Genebank,CIAT16629,Echinochloa,haploclada,Echinochloa haploclada,Poaceae,Poales,Grasses,F260070,32,72,1,1,59,0.5608,0.8292,,0.2684,200.1122647,42.7122788,312.7520786,44.35207864,14.18122586,
60,45635,46090,Genebank,CIAT16629,Echinochloa,haploclada,Echinochloa haploclada,Poaceae,Poales,Grasses,F260070,32,72,1,2,60,0.5378,0.803,,0.2652,203.405911,43.40660376,312.8145916,47.61459155,15.22134607,
61,45635,46090,Genebank,CIAT16635,Cenchrus,ciliaris,Cenchrus ciliaris,Poaceae,Poales,Grasses,F260071,32,72,1,1,61,0.5489,0.7964,,0.2475,214.7363326,46.45596147,311.222886,63.72288602,20.47500004,
62,45635,46090,Genebank,CIAT16635,Cenchrus,ciliaris,Cenchrus ciliaris,Poaceae,Poales,Grasses,F260071,32,72,1,2,62,0.5736,0.8018,,0.2282,234.4061217,50.67077816,311.4718643,83.27186433,26.7349555,
63,45635,46090,Genebank,CIAT16644,Cenchrus,ciliaris,Cenchrus ciliaris,Poaceae,Poales,Grasses,F260072,32,72,1,1,63,0.5572,0.8449,,0.2877,160.8318888,35.85740341,296.2590415,8.559041548,2.889039775,
64,45635,46090,Genebank,CIAT16644,Cenchrus,ciliaris,Cenchrus ciliaris,Poaceae,Poales,Grasses,F260072,32,72,1,2,64,0.5547,0.8139,,0.2592,189.3318888,42.21146668,296.2590415,37.05904155,12.50899934,
65,45635,46090,Genebank,CIAT16665,Chloris,gayana,Chloris gayana,Poaceae,Poales,Grasses,F260073,32,72,1,1,65,0.5742,0.7992,,0.225,248.3391843,52.46537632,300.8981744,75.89817439,25.22387334,
66,45635,46090,Genebank,CIAT16665,Chloris,gayana,Chloris gayana,Poaceae,Poales,Grasses,F260073,32,72,1,2,66,0.5686,0.7954,,0.2268,246.5391843,52.08509933,300.8981744,74.09817439,24.62566433,
67,45635,46090,Genebank,CIAT16666,Chloris,gayana,Chloris gayana,Poaceae,Poales,Grasses,F260074,32,72,1,1,67,0.5945,0.8346,,0.2401,231.052883,49.03989582,309.812963,69.71296297,22.50162882,
68,45635,46090,Genebank,CIAT16666,Chloris,gayana,Chloris gayana,Poaceae,Poales,Grasses,F260074,32,72,1,2,68,0.5744,0.8304,,0.256,215.2470947,45.67605766,309.8749132,53.87491317,17.38601961,
69,45635,46090,Genebank,CIAT16683,Cynodon,sp.,Cynodon sp.,Poaceae,Poales,Grasses,F260075,32,72,1,1,69,0.5715,0.8357,,0.2642,201.3602966,43.25117456,280.4106767,16.21067666,5.781048303,
70,45635,46090,Genebank,CIAT16683,Cynodon,sp.,Cynodon sp.,Poaceae,Poales,Grasses,F260075,32,72,1,2,70,0.5739,0.8211,,0.2472,218.6396328,46.93452798,280.5789231,33.37892307,11.89644707,
71,45635,46090,Genebank,CIAT16690,Cynodon,sp.,Cynodon sp.,Poaceae,Poales,Grasses,F260076,32,72,1,1,71,0.5658,0.8419,,0.2761,195.6529188,41.47360006,282.4590464,6.359046415,2.251316251,
72,45635,46090,Genebank,CIAT16690,Cynodon,sp.,Cynodon sp.,Poaceae,Poales,Grasses,F260076,32,72,1,2,72,0.5997,0.8279,,0.2282,243.4585871,51.61754578,282.4025659,54.2025659,19.19336877,
73,45635,46090,Genebank,CIAT16727,Bothriochloa,sp.,Bothriochloa sp.,Poaceae,Poales,Grasses,F260077,32,72,1,1,73,0.5746,0.828,,0.2534,217.6897265,46.20982251,315.5688137,62.16881373,19.70055691,
74,45635,46090,Genebank,CIAT16727,Bothriochloa,sp.,Bothriochloa sp.,Poaceae,Poales,Grasses,F260077,32,72,1,2,74,0.5972,0.8441,,0.2469,223.8131559,47.5476738,315.3165605,68.41656048,21.69773778,
75,45635,46090,Genebank,CIAT16896,Brachiaria,bovonei,Brachiaria bovonei,Poaceae,Poales,Grasses,F260078,32,72,1,1,75,0.5821,0.8645,,0.2824,185.9122888,39.69835797,306.5020325,24.10203253,7.863580001,
76,45635,46090,Genebank,CIAT16896,Brachiaria,bovonei,Brachiaria bovonei,Poaceae,Poales,Grasses,F260078,32,72,1,2,76,0.5826,0.8455,,0.2629,205.5058764,43.87346248,306.5632839,43.66328394,14.24282888,
77,45635,46090,Genebank,CIAT16903,Brachiaria,nigropedata,Brachiaria nigropedata,Poaceae,Poales,Grasses,F260079,32,72,1,1,77,0.5758,0.876,,0.3002,173.6263146,36.64345125,318.4910377,18.29103774,5.743030596,
78,45635,46090,Genebank,CIAT16903,Brachiaria,nigropedata,Brachiaria nigropedata,Poaceae,Poales,Grasses,F260079,32,72,1,2,78,0.5721,0.8508,,0.2787,195.3158072,41.20449239,318.6184087,39.91840869,12.52859458,
79,45635,46090,Breeding,BR02_1752_Cayman_Opt,Urochloa,interespecifico,Urochloa interespecifico,Poaceae,Poales,Grasses,F260564,32,72,1,1,79,0.5884,0.8023,,0.2139,258.1569701,54.68767256,246.0296224,32.12962235,13.05924955,
80,45635,46090,Breeding,BR02_1752_Cayman_Opt,Urochloa,interespecifico,Urochloa interespecifico,Poaceae,Poales,Grasses,F260564,32,72,1,2,80,0.5824,0.779,,0.1966,275.4569701,58.35248446,246.0296224,49.42962235,20.09092315,
81,45635,46090,Breeding,BR06_423_Cayman_Opt,Urochloa,interespecifico,Urochloa interespecifico,Poaceae,Poales,Grasses,F260565,32,72,1,1,81,0.5525,0.7982,Residuo de muestra en la manguera despues del clip 8h,0.2457,226.4986201,47.9668111,268.8468125,23.14681249,8.609665955,
82,45635,46090,Breeding,BR06_423_Cayman_Opt,Urochloa,interespecifico,Urochloa interespecifico,Poaceae,Poales,Grasses,F260565,32,72,1,2,82,0.5598,0.8195,,0.2597,212.4986201,45.00195703,268.8468125,9.146812486,3.402239514,
83,45635,46090,Breeding,CIAT_679_Tully_Exc,Urochloa,interespecifico,Urochloa interespecifico,Poaceae,Poales,Grasses,F260566,32,72,1,1,83,0.5569,0.8603,,0.3034,166.6909427,35.45929682,323.5057126,20.10571256,6.214948231,
84,45635,46090,Breeding,CIAT_679_Tully_Exc,Urochloa,interespecifico,Urochloa interespecifico,Poaceae,Poales,Grasses,F260566,32,72,1,2,84,0.5554,0.8735,,0.3181,151.7090573,32.29164166,323.3117255,5.211725525,1.6119816,
85,45635,46090,Breeding,CIAT_679_Tully_Opt,Urochloa,interespecifico,Urochloa interespecifico,Poaceae,Poales,Grasses,F260567,32,72,1,1,85,0.5625,0.8319,,0.2694,195.5570272,42.05916155,328.9229287,59.52292871,18.09631483,
86,45635,46090,Breeding,CIAT_679_Tully_Opt,Urochloa,interespecifico,Urochloa interespecifico,Poaceae,Poales,Grasses,F260567,32,72,1,2,86,0.5699,0.8619,,0.292,172.8640544,37.185937,328.8571573,36.85715728,11.20764942,
87,45635,46090,Breeding,CIAT_6133_Llanero_Exc,Urochloa,interespecifico,Urochloa interespecifico,Poaceae,Poales,Grasses,F260568,32,72,1,1,87,0.573,0.8703,,0.2973,178.94758,37.57448594,334.8189078,37.51890783,11.2057315,
88,45635,46090,Breeding,CIAT_6133_Llanero_Exc,Urochloa,interespecifico,Urochloa interespecifico,Poaceae,Poales,Grasses,F260568,32,72,1,2,88,0.5536,0.8699,,0.3163,159.94758,33.58496436,334.8189078,18.51890783,5.531022113,
89,45635,46090,Juan Cardoso,CIAT17009,Canavalia,brasiliensis,Canavalia brasiliensis,Fabaceae,Fabales,Trepadoras,F260656,32,72,1,1,89,0.5534,0.7479,,0.1945,273.7888355,58.46580459,189.6652809,-4.834719126,-2.549079675,
90,45635,46090,Juan Cardoso,CIAT17009,Canavalia,brasiliensis,Canavalia brasiliensis,Fabaceae,Fabales,Trepadoras,F260656,32,72,1,2,90,0.5752,0.7701,,0.1949,273.2015948,58.36373938,189.5894451,-5.310554904,-2.801081516,
91,45635,46090,Juan Cardoso,CIAT17462,Canavalia,brasiliensis,Canavalia brasiliensis,Fabaceae,Fabales,Trepadoras,F260657,32,72,1,1,91,0.5477,0.7136,,0.1659,237.7960604,58.90472653,173.4329175,7.532917477,4.343418531,
92,45635,46090,Juan Cardoso,CIAT17462,Canavalia,brasiliensis,Canavalia brasiliensis,Fabaceae,Fabales,Trepadoras,F260657,32,72,1,2,92,0.5702,0.7321,,0.1619,241.7153535,59.8875517,173.3982448,11.49824476,6.631119466,
93,45635,46090,Jacobo Arango/ Alejandro Montoya,Sample 8,Cynodon,nlemfuensis,Cynodon nlemfuensis ,Poaceae,Poales,Grasses,F250008,32,72,1,1,93,0.5471,0.832,,0.2849,183.9421411,39.23327811,356.5544483,71.6544483,20.09635517,
94,45635,46090,Jacobo Arango/ Alejandro Montoya,Sample 8,Cynodon,nlemfuensis,Cynodon nlemfuensis ,Poaceae,Poales,Grasses,F250008,32,72,1,2,94,0.5796,0.8711,,0.2915,177.529603,37.85040472,356.6970131,65.19701306,18.27798122,
95,45635,46090,0,BLANK 24 H,BLANK,24,BLANK 24 H,0,0,0,BLANK 24 H,32,72,1,1,95,,,,,,,,,,
96,45635,46090,0,BLANK 24 H,BLANK,24,BLANK 24 H,0,0,0,BLANK 24 H,32,72,1,2,96,,,,,,,,,,
97,45635,46092,0,BLANK 24 H,BLANK,24,BLANK 24 H,0,0,0,BLANK 24 H,32,73,2,1,97,,,,,,,,,,
98,45635,46092,0,BLANK 24 H,BLANK,24,BLANK 24 H,0,0,0,BLANK 24 H,32,73,2,2,98,,,,,,,,,,
99,45635,46092,Genebank,CIAT43427,Desmodium,nicaraguense,Desmodium nicaraguense,Fabaceae,Fabales,Shurb_Tree,F260043,32,73,2,1,99,0.5531,0.8071,,0.254,227.7730704,47.27808265,300.9564318,46.95643182,15.60240183,
100,45635,46092,Genebank,CIAT43427,Desmodium,nicaraguense,Desmodium nicaraguense,Fabaceae,Fabales,Shurb_Tree,F260043,32,73,2,2,100,0.5629,0.8384,,0.2755,206.3693865,42.82683073,301.016599,25.51659904,8.476807965,
101,45635,46092,Genebank,CIAT601,Hyparrhenia,rufa,Hyparrhenia rufa,Poaceae,Poales,Grasses,F260044,32,73,2,1,101,0.5777,0.8222,Residuo de muestra en la manguera despues del clip 24h,0.2445,219.5625634,47.31313851,308.4410701,63.94107006,20.7304008,
102,45635,46092,Genebank,CIAT601,Hyparrhenia,rufa,Hyparrhenia rufa,Poaceae,Poales,Grasses,F260044,32,73,2,2,102,0.5754,0.8189,,0.2435,220.5625634,47.52862669,308.4410701,64.94107006,21.05461184,
103,45635,46092,Genebank,CIAT606,Brachiaria,decumbens,Brachiaria decumbens,Poaceae,Poales,Grasses,F260045,32,73,2,1,103,0.5792,0.8032,MUESTRA MANGUERA 8H,0.224,258.2537378,53.55142273,329.6809931,105.6809931,32.05553104,
104,45635,46092,Genebank,CIAT606,Brachiaria,decumbens,Brachiaria decumbens,Poaceae,Poales,Grasses,F260045,32,73,2,2,104,0.5802,0.8057,,0.2255,256.8501692,53.24973134,329.7469161,104.2469161,31.61422018,
105,45635,46092,Genebank,CIAT6038,Sorghum,almum,Sorghum almum,Poaceae,Poales,Grasses,F260046,32,73,2,1,105,0.5449,0.7462,Embolo duro a las 0H,0.2013,269.4926435,57.24232255,329.5137913,128.2137913,38.90999245,
106,45635,46092,Genebank,CIAT6038,Sorghum,almum,Sorghum almum,Poaceae,Poales,Grasses,F260046,32,73,2,2,106,0.5658,0.7997,,0.2339,236.7044018,50.29795745,329.3820385,95.48203852,28.98823474,
107,45635,46092,Genebank,CIAT6042,Chloris,gayana,Chloris gayana,Poaceae,Poales,Grasses,F260047,32,73,2,1,107,0.5549,0.7604,Muestra despues del click 24H,0.2055,258.8160106,55.74134957,342.5452941,137.0452941,40.00793368,
108,45635,46092,Genebank,CIAT6042,Chloris,gayana,Chloris gayana,Poaceae,Poales,Grasses,F260047,32,73,2,2,108,0.5509,0.7758,,0.2249,239.137588,51.53409857,342.3398901,117.4398901,34.30505574,
109,45637,46092,Genebank,CIAT6080,Eragrostis,curvula,Eragrostis curvula,Poaceae,Poales,Grasses,F260048,32,73,2,1,109,0.5798,0.8926,,0.3128,168.8805247,35.0606919,377.4722574,64.67225736,17.13298291,
110,45637,46092,Genebank,CIAT6080,Eragrostis,curvula,Eragrostis curvula,Poaceae,Poales,Grasses,F260048,32,73,2,2,110,0.5759,0.9191,,0.3432,138.5768416,28.76369921,377.5477367,34.34773671,9.097587768,
111,45637,46092,Genebank,CIAT6159,Andropogon,gayanus,Andropogon gayanus,Poaceae,Poales,Grasses,F260049,32,73,2,1,111,0.5506,0.8255,,0.2749,196.5336204,41.6885033,339.9794412,65.07944122,19.14216959,
112,45637,46092,Genebank,CIAT6159,Andropogon,gayanus,Andropogon gayanus,Poaceae,Poales,Grasses,F260049,32,73,2,2,193,0.5683,0.8293,,0.261,210.5278883,44.64802475,340.0474235,79.04742351,23.24599984,
113,45637,46092,Genebank,CIAT6235,Andropogon,gayanus,Andropogon gayanus,Poaceae,Poales,Grasses,F260050,32,73,2,1,113,0.5809,0.8298,,0.2489,231.9391894,48.23633234,341.4806627,92.58066268,27.11153889,
114,45637,46092,Genebank,CIAT6235,Andropogon,gayanus,Andropogon gayanus,Poaceae,Poales,Grasses,F260050,32,73,2,2,114,0.5683,0.8124,,0.2441,236.7391894,49.23458708,341.4806627,97.38066268,28.51718218,
115,45637,46092,Genebank,CIAT6236,Andropogon,gayanus,Andropogon gayanus,Poaceae,Poales,Grasses,F260051,32,73,2,1,115,0.5762,0.8867,,0.3105,157.3837846,33.63736675,323.5316724,13.03167239,4.027943321,
116,45637,46092,Genebank,CIAT6236,Andropogon,gayanus,Andropogon gayanus,Poaceae,Poales,Grasses,F260051,32,73,2,2,116,0.5894,0.849,,0.2596,208.3772865,44.52722226,323.596327,63.996327,19.77659252,
117,45637,46092,Genebank,CIAT6370,Brachiaria,decumbens,Brachiaria decumbens,Poaceae,Poales,Grasses,F260052,32,73,2,1,117,0.5497,0.7715,,0.2218,252.0550624,53.19243845,284.0820353,62.28203527,21.92396123,
118,45637,46092,Genebank,CIAT6370,Brachiaria,decumbens,Brachiaria decumbens,Poaceae,Poales,Grasses,F260052,32,73,2,2,118,0.572,0.7685,,0.1965,277.1657098,58.51504638,283.968516,87.46851597,30.80218794,
119,45637,46092,Genebank,CIAT6489,Panicum,maximum,Panicum maximum,Poaceae,Poales,Grasses,F260053,32,73,2,1,119,0.5738,0.8366,,0.2628,221.2418373,45.70717245,335.7819661,72.9819661,21.73492727,
120,45637,46092,Genebank,CIAT6489,Panicum,maximum,Panicum maximum,Poaceae,Poales,Grasses,F260053,32,73,2,2,120,0.5603,0.7915,,0.2312,252.4549134,52.19732218,335.5135553,104.3135553,31.09071262,
121,45637,46092,Genebank,CIAT6590,Panicum,maximum,Panicum maximum,Poaceae,Poales,Grasses,F260054,32,73,2,1,121,0.5479,0.7956,,0.2477,220.0765826,47.04737064,317.2653894,69.56538939,21.92656108,
122,45637,46092,Genebank,CIAT6590,Panicum,maximum,Panicum maximum,Poaceae,Poales,Grasses,F260054,32,73,2,2,122,0.5736,0.8366,,0.263,205.0571924,43.81028552,317.4557106,54.45571056,17.15379776,
123,45637,46092,Genebank,CIAT6793,Panicum,maximum,Panicum maximum,Poaceae,Poales,Grasses,F260055,32,73,2,1,123,0.5521,0.8068,,0.2547,217.5596785,46.06780727,302.4665273,47.76652729,15.79233501,
124,45637,46092,Genebank,CIAT6793,Panicum,maximum,Panicum maximum,Poaceae,Poales,Grasses,F260055,32,73,2,2,124,0.5639,0.7891,,0.2252,247.3430343,52.34296484,302.6480072,77.4480072,25.59012627,
125,45637,46092,Genebank,CIAT6817,Panicum,maximum,Panicum maximum,Poaceae,Poales,Grasses,F260056,32,73,2,1,125,0.5595,0.8331,,0.2736,198.7040918,42.07121964,333.4150675,59.81506746,17.94012128,
126,45637,46092,Genebank,CIAT6817,Panicum,maximum,Panicum maximum,Poaceae,Poales,Grasses,F260056,32,73,2,2,126,0.5617,0.8312,,0.2695,202.8040918,42.93930443,333.4150675,63.91506746,19.16981975,
127,45637,46092,Genebank,CIAT6901,Panicum,maximum,Panicum maximum,Poaceae,Poales,Grasses,F260057,32,73,2,1,127,0.5836,0.8791,,0.2955,169.9340657,36.51087839,335.8444499,40.3444499,12.01283806,
128,45637,46092,Genebank,CIAT6901,Panicum,maximum,Panicum maximum,Poaceae,Poales,Grasses,F260057,32,73,2,2,128,0.571,0.8489,,0.2779,187.4409975,40.28035323,335.7772944,57.87729444,17.23681005,
129,45637,46092,Genebank,CIAT16076,Pennisetum,purpureum,Pennisetum purpureum,Poaceae,Poales,Grasses,F260058,32,73,2,1,129,0.5828,0.7974,,0.2146,245.9019757,53.39867985,261.5444399,46.94443987,17.94893438,
130,45637,46092,Genebank,CIAT16076,Pennisetum,purpureum,Pennisetum purpureum,Poaceae,Poales,Grasses,F260058,32,73,2,2,130,0.5465,0.7446,,0.1981,262.4940393,56.99032486,261.5967278,63.49672785,24.27275309,
131,45637,46092,Genebank,CIAT16081,Paspalum,secans,Paspalum secans,Poaceae,Poales,Grasses,F260059,32,73,2,1,131,0.5744,0.9026,Se observa gotas de liquido por encima del embolo a las 24H,0.3282,141.8559785,30.17852873,365.1434702,36.94347021,10.1175218,
132,45637,46092,Genebank,CIAT16081,Paspalum,secans,Paspalum secans,Poaceae,Poales,Grasses,F260059,32,73,2,2,132,0.5916,0.9267,,0.3351,134.9559785,28.71061845,365.1434702,30.04347021,8.227853613,
133,45637,46092,Genebank,CIAT16082,Paspalum,guenoarum,Paspalum guenoarum,Poaceae,Poales,Grasses,F260060,32,73,2,1,133,0.5832,0.8908,,0.3076,160.5846398,34.29942509,350.9440967,43.34409673,12.35071259,
134,45637,46092,Genebank,CIAT16082,Paspalum,guenoarum,Paspalum guenoarum,Poaceae,Poales,Grasses,F260060,32,73,2,2,134,0.5949,0.9274,,0.3325,135.9654945,29.02358788,351.1546211,18.65462108,5.312366679,
135,45637,46092,Genebank,CIAT16215,Brachiaria,lachnantha,Brachiaria lachnantha,Poaceae,Poales,Grasses,F260061,32,73,2,1,135,0.5985,0.8973,,0.2988,172.7899119,36.63986602,323.7462221,24.94622213,7.705486713,
136,45637,46092,Genebank,CIAT16215,Brachiaria,lachnantha,Brachiaria lachnantha,Poaceae,Poales,Grasses,F260061,32,73,2,2,136,0.5676,0.8645,,0.2969,174.4071276,37.00498409,323.5520909,26.65209087,8.237341567,
137,45637,46092,Genebank,CIAT16234,Echinochloa,pyramidalis,Echinochloa pyramidalis,Poaceae,Poales,Grasses,F260062,32,73,2,1,137,0.5713,0.7763,,0.205,261.681676,56.07284139,255.6219581,50.62195806,19.80344664,
138,45637,46092,Genebank,CIAT16234,Echinochloa,pyramidalis,Echinochloa pyramidalis,Poaceae,Poales,Grasses,F260062,32,73,2,2,138,0.5904,0.8146,,0.2242,242.5749937,51.96829242,255.6730722,31.47307223,12.30988933,
139,45637,46092,Genebank,CIAT16254,Hyparrhenia,hirta,Hyparrhenia hirta,Poaceae,Poales,Grasses,F260063,32,73,2,1,139,0.5798,0.8596,,0.2798,202.5749843,41.99533369,326.0563337,46.25633368,14.18660793,
140,45637,46092,Genebank,CIAT16254,Hyparrhenia,hirta,Hyparrhenia hirta,Poaceae,Poales,Grasses,F260063,32,73,2,2,140,0.5774,0.842,,0.2646,218.0643514,45.17929505,326.2519284,61.65192836,18.8970311,
141,45637,46092,Genebank,CIAT16287,Echinochloa,haploclada,Echinochloa haploclada,Poaceae,Poales,Grasses,F260064,32,73,2,1,141,0.6057,0.8253,,0.2196,241.05,52.32823185,304.3162866,84.71628663,27.83823619,
142,45637,46092,Genebank,CIAT16287,Echinochloa,haploclada,Echinochloa haploclada,Poaceae,Poales,Grasses,F260064,32,73,2,2,142,0.5792,0.8371,,0.2579,202.4737757,43.98030175,304.1338063,46.23380634,15.20179782,
143,45637,46092,0,BLANK 8 H,BLANK,8,BLANK 8 H,0,0,0,BLANK 8 H,32,73,2,1,143,,,,,,,,,,
144,45637,46092,0,BLANK 8 H,BLANK,8,BLANK 8 H,0,0,0,BLANK 8 H,32,73,2,2,144,,,,,,,,,,
145,45637,46092,Genebank,CIAT16309,Brachiaria,brizantha,Brachiaria brizantha,Poaceae,Poales,Grasses,F260065,32,73,2,1,145,0.5869,0.8257,,0.2388,234.7986629,49.57756035,303.2587793,64.45877931,21.25537122,
146,45637,46092,Genebank,CIAT16309,Brachiaria,brizantha,Brachiaria brizantha,Poaceae,Poales,Grasses,F260065,32,73,2,2,146,0.5961,0.8545,,0.2584,215.0092992,45.41721076,303.1375243,44.7375243,14.75816114,
147,45637,46092,Genebank,CIAT16379,Panicum,maximum,Panicum maximum,Poaceae,Poales,Grasses,F260066,32,73,2,1,147,0.5746,0.8797,,0.3051,169.4185917,35.70325687,329.7972386,24.69723864,7.488612925,
148,45637,46092,Genebank,CIAT16379,Panicum,maximum,Panicum maximum,Poaceae,Poales,Grasses,F260066,32,73,2,2,148,0.5824,0.9197,,0.3373,136.9340512,28.87478259,329.599479,-7.700521049,-2.336326827,
149,45637,46092,Genebank,CIAT16537,Sporobolus,sp.,Sporobolus sp.,Poaceae,Poales,Grasses,F260067,32,73,2,1,149,0.611,0.9073,,0.2963,187.7413687,38.78622384,331.5010577,35.20105766,10.61868638,
150,45637,46092,Genebank,CIAT16537,Sporobolus,sp.,Sporobolus sp.,Poaceae,Poales,Grasses,F260067,32,73,2,2,150,0.5552,0.7249,,0.1697,314.0512341,64.91998613,331.3023557,161.6023557,48.77790723,
151,45637,46092,Genebank,CIAT16561,Panicum,maximum,Panicum maximum,Poaceae,Poales,Grasses,F260068,32,73,2,1,151,0.5608,0.8719,,0.3111,161.930465,34.23256577,304.7666027,-6.333397273,-2.078113946,
152,45637,46092,Genebank,CIAT16561,Panicum,maximum,Panicum maximum,Poaceae,Poales,Grasses,F260068,32,73,2,2,152,0.5801,0.7923,Embolo duro a las 0h-Residuo mangera 8h,0.2122,260.830465,55.14031005,304.7666027,92.56660273,30.37294831,
153,45637,46092,Genebank,CIAT16569,Panicum,infestum,Panicum infestum,Poaceae,Poales,Grasses,F260069,32,73,2,1,153,0.5827,0.8709,,0.2882,184.0541676,38.97354015,334.8128816,46.61288158,13.92206935,
154,"13/11/24, Wed",46092,Genebank,CIAT16569,Panicum,infestum,Panicum infestum,Poaceae,Poales,Grasses,F260069,32,73,2,2,154,0.5694,0.8521,,0.2827,189.7429938,40.16209284,334.9467532,52.24675318,15.59852505,
155,"13/11/24, Wed",46092,Genebank,CIAT16629,Echinochloa,haploclada,Echinochloa haploclada,Poaceae,Poales,Grasses,F260070,32,73,2,1,155,0.5633,0.8104,,0.2471,221.4122647,47.25858454,312.7520786,65.65207864,20.99173215,
156,"13/11/24, Wed",46092,Genebank,CIAT16629,Echinochloa,haploclada,Echinochloa haploclada,Poaceae,Poales,Grasses,F260070,32,73,2,2,156,0.5884,0.8583,,0.2699,198.3500552,42.3598573,312.5770425,42.6770425,13.65328757,
157,"13/11/24, Wed",46092,Genebank,CIAT16635,Cenchrus,ciliaris,Cenchrus ciliaris,Poaceae,Poales,Grasses,F260071,32,73,2,1,157,0.5696,0.7871,,0.2175,244.9212271,52.96496198,311.3473752,93.84737518,30.14233704,
158,"13/11/24, Wed",46092,Genebank,CIAT16635,Cenchrus,ciliaris,Cenchrus ciliaris,Poaceae,Poales,Grasses,F260071,32,73,2,2,158,0.5675,0.7961,,0.2286,233.6363326,50.54477896,311.222886,82.62288602,26.54781821,
159,"13/11/24, Wed",46092,Genebank,CIAT16644,Cenchrus,ciliaris,Cenchrus ciliaris,Poaceae,Poales,Grasses,F260072,32,73,2,1,159,0.5884,0.832,,0.2436,204.662931,45.65689395,296.0813927,52.48139271,17.72532621,
160,"13/11/24, Wed",46092,Genebank,CIAT16644,Cenchrus,ciliaris,Cenchrus ciliaris,Poaceae,Poales,Grasses,F260072,32,73,2,2,160,0.5626,0.8191,,0.2565,191.762931,42.77911863,296.0813927,39.58139271,13.36841615,
161,"13/11/24, Wed",46092,Genebank,CIAT16665,Chloris,gayana,Chloris gayana,Poaceae,Poales,Grasses,F260073,32,73,2,1,161,0.5778,0.8094,,0.2316,241.4554078,51.04167585,300.7177798,69.1177798,22.98426779,
162,"13/11/24, Wed",46092,Genebank,CIAT16665,Chloris,gayana,Chloris gayana,Poaceae,Poales,Grasses,F260073,32,73,2,2,162,0.5532,0.7805,,0.2273,245.6608157,51.94105041,300.6576483,73.35764827,24.39906275,
163,"13/11/24, Wed",46092,Genebank,CIAT16666,Chloris,gayana,Chloris gayana,Poaceae,Poales,Grasses,F260074,32,73,2,1,163,0.5545,0.7859,,0.2314,239.752883,50.88643021,309.812963,78.41296297,25.30977472,
164,"13/11/24, Wed",46092,Genebank,CIAT16666,Chloris,gayana,Chloris gayana,Poaceae,Poales,Grasses,F260074,32,73,2,2,164,0.6004,0.8324,,0.232,239.2470947,50.76892726,309.8749132,77.87491317,25.13108027,
165,"13/11/24, Wed",46092,Genebank,CIAT16683,Cynodon,sp.,Cynodon sp.,Poaceae,Poales,Grasses,F260075,32,73,2,1,165,0.5559,0.8024,,0.2465,219.2465207,47.07421547,280.5228409,34.02284093,12.12836745,
166,"13/11/24, Wed",46092,Genebank,CIAT16683,Cynodon,sp.,Cynodon sp.,Poaceae,Poales,Grasses,F260075,32,73,2,2,166,0.5723,0.8007,,0.2284,237.4396328,50.97025158,280.5789231,52.17892307,18.59687909,
167,"13/11/24, Wed",46092,Genebank,CIAT16690,Cynodon,sp.,Cynodon sp.,Poaceae,Poales,Grasses,F260076,32,73,2,1,167,0.5744,0.83,,0.2556,216.3415823,45.84075453,282.5720074,26.97200744,9.545180248,
168,"13/11/24, Wed",46092,Genebank,CIAT16690,Cynodon,sp.,Cynodon sp.,Poaceae,Poales,Grasses,F260076,32,73,2,2,168,0.565,0.808,,0.243,228.6585871,48.47968284,282.4025659,39.4025659,13.95262319,
169,"13/11/24, Wed",46092,Genebank,CIAT16727,Bothriochloa,sp.,Bothriochloa sp.,Poaceae,Poales,Grasses,F260077,32,73,2,1,169,0.5436,0.8442,,0.3006,170.1131559,36.13945219,315.3165605,14.71656048,4.667233608,
170,"13/11/24, Wed",46092,Genebank,CIAT16727,Bothriochloa,sp.,Bothriochloa sp.,Poaceae,Poales,Grasses,F260077,32,73,2,2,170,0.578,0.8157,Embolo duro 0h,0.2377,233.1072986,49.51225252,315.3796238,77.67962379,24.63051444,
171,"13/11/24, Wed",46092,Genebank,CIAT16896,Brachiaria,bovonei,Brachiaria bovonei,Poaceae,Poales,Grasses,F260078,32,73,2,1,171,0.5816,0.8497,,0.2681,200.1187013,42.7404332,306.4407811,38.34078113,12.5116445,
172,"13/11/24, Wed",46092,Genebank,CIAT16896,Brachiaria,bovonei,Brachiaria bovonei,Poaceae,Poales,Grasses,F260078,32,73,2,2,172,0.5824,0.8504,,0.268,200.2187013,42.76179074,306.4407811,38.44078113,12.54427723,
173,"13/11/24, Wed",46092,Genebank,CIAT16903,Brachiaria,nigropedata,Brachiaria nigropedata,Poaceae,Poales,Grasses,F260079,32,73,2,1,173,0.5749,0.8719,,0.297,177.0158072,37.34386165,318.6184087,21.61840869,6.78504697,
174,"13/11/24, Wed",46092,Genebank,CIAT16903,Brachiaria,nigropedata,Brachiaria nigropedata,Poaceae,Poales,Grasses,F260079,32,73,2,2,174,0.5863,0.9022,,0.3159,157.8315683,33.31666683,318.4273523,2.527352274,0.793698235,
175,"13/11/24, Wed",46092,Breeding,BR02_1752_Cayman_Opt,Urochloa,interespecifico,Urochloa interespecifico,Poaceae,Poales,Grasses,F260564,32,73,2,1,175,0.5894,0.8099,,0.2205,251.5569701,53.28953623,246.0296224,25.52962235,10.37664575,
176,"13/11/24, Wed",46092,Breeding,BR02_1752_Cayman_Opt,Urochloa,interespecifico,Urochloa interespecifico,Poaceae,Poales,Grasses,F260564,32,73,2,2,176,0.5546,0.7556,,0.201,271.3402043,57.44592602,246.1772401,45.17724012,18.35150971,
177,"13/11/24, Wed",46092,Breeding,BR06_423_Cayman_Opt,Urochloa,interespecifico,Urochloa interespecifico,Poaceae,Poales,Grasses,F260565,32,73,2,1,177,0.5697,0.7963,,0.2266,245.8818827,52.0404891,269.0080883,42.40808832,15.76461458,
178,"13/11/24, Wed",46092,Breeding,BR06_423_Cayman_Opt,Urochloa,interespecifico,Urochloa interespecifico,Poaceae,Poales,Grasses,F260565,32,73,2,2,178,0.5848,0.8371,Embolo duro 8h,0.2523,219.8986201,46.56909418,268.8468125,16.54681249,6.154736347,
179,"13/11/24, Wed",46092,Breeding,CIAT_679_Tully_Exc,Urochloa,interespecifico,Urochloa interespecifico,Poaceae,Poales,Grasses,F260566,32,73,2,1,179,0.5603,0.8482,,0.2879,182.0030191,38.73203868,323.3763879,35.47638787,10.97061789,
180,"13/11/24, Wed",46092,Breeding,CIAT_679_Tully_Exc,Urochloa,interespecifico,Urochloa interespecifico,Poaceae,Poales,Grasses,F260566,32,73,2,2,180,0.5757,0.8405,,0.2648,205.2909427,43.67047396,323.5057126,58.70571256,18.14673135,
181,"13/11/24, Wed",46092,Breeding,CIAT_679_Tully_Opt,Urochloa,interespecifico,Urochloa interespecifico,Poaceae,Poales,Grasses,F260567,32,73,2,1,181,0.5924,0.8895,,0.2971,168.0429728,36.12716576,329.0544716,31.95447158,9.710997521,
182,"13/11/24, Wed",46092,Breeding,CIAT_679_Tully_Opt,Urochloa,interespecifico,Urochloa interespecifico,Poaceae,Poales,Grasses,F260567,32,73,2,2,182,0.5782,0.8724,,0.2942,170.85,36.73798516,328.9887001,34.78870015,10.57443618,
183,"13/11/24, Wed",46092,Breeding,CIAT_6133_Llanero_Exc,Urochloa,interespecifico,Urochloa interespecifico,Poaceae,Poales,Grasses,F260568,32,73,2,1,183,0.5801,0.8839,,0.3038,172.5428105,36.22240258,334.8858582,31.08585822,9.282523421,
184,"13/11/24, Wed",46092,Breeding,CIAT_6133_Llanero_Exc,Urochloa,interespecifico,Urochloa interespecifico,Poaceae,Poales,Grasses,F260568,32,73,2,2,184,0.6008,0.8834,,0.2826,193.7428105,40.67297883,334.8858582,52.28585822,15.61303857,
185,"13/11/24, Wed",46092,Juan Cardoso,CIAT17009,Canavalia,brasiliensis,Canavalia brasiliensis,Fabaceae,Fabales,Trepadoras,F260656,32,73,2,1,185,0.5799,0.8889,Embolo duro 8h,0.309,159.3824558,34.02827194,189.7031988,-119.2968012,-62.88602512,
186,"13/11/24, Wed",46092,Juan Cardoso,CIAT17009,Canavalia,brasiliensis,Canavalia brasiliensis,Fabaceae,Fabales,Trepadoras,F260656,32,73,2,2,186,0.5675,0.7358,Embolo duro 8h - Residuo en el click,0.1683,300.1760761,64.07500648,189.7411167,21.44111665,11.30019525,
187,"13/11/24, Wed",46092,Juan Cardoso,CIAT17462,Canavalia,brasiliensis,Canavalia brasiliensis,Fabaceae,Fabales,Trepadoras,F260657,32,73,2,1,187,0.5894,0.7802,Embolo duro,0.1908,212.8960604,52.73671984,173.4329175,-17.36708252,-10.01371757,
188,"13/11/24, Wed",46092,Juan Cardoso,CIAT17462,Canavalia,brasiliensis,Canavalia brasiliensis,Fabaceae,Fabales,Trepadoras,F260657,32,73,2,2,188,0.5358,0.6836,,0.1478,255.8960604,63.38829766,173.4329175,25.63291748,14.77973031,
189,"13/11/24, Wed",46092,Jacobo Arango/ Alejandro Montoya,Sample 8,Cynodon,nlemfuensis,Cynodon nlemfuensis ,Poaceae,Poales,Grasses,F250008,32,73,2,1,189,0.5733,0.8444,,0.2711,197.835872,42.18825725,356.6257307,85.52573068,23.98192932,
190,"13/11/24, Wed",46092,Jacobo Arango/ Alejandro Montoya,Sample 8,Cynodon,nlemfuensis,Cynodon nlemfuensis ,Poaceae,Poales,Grasses,F250008,32,73,2,2,190,0.5953,0.9076,,0.3123,156.5421411,33.38909355,356.5544483,44.2544483,12.41169435,
191,"13/11/24, Wed",46092,0,BLANK 24 H,BLANK,24,BLANK 24 H,0,0,0,BLANK 24 H,32,73,2,1,191,,,,,,,,,,
192,"13/11/24, Wed",46092,0,BLANK 24 H,BLANK,24,BLANK 24 H,0,0,0,BLANK 24 H,32,73,2,2,192,,,,,,,,,,
193,"13/11/24, Wed",46097,0,BLANK 24 H,BLANK,24,BLANK 24 H,0,0,0,BLANK 24 H,32,74,3,1,1,,,,,,,,,,
194,"13/11/24, Wed",46097,0,BLANK 24 H,BLANK,24,BLANK 24 H,0,0,0,BLANK 24 H,32,74,3,2,2,,,,,,,,,,
195,"13/11/24, Wed",46097,Genebank,CIAT43427,Desmodium,nicaraguense,Desmodium nicaraguense,Fabaceae,Fabales,Shurb_Tree,F260043,32,74,3,1,3,0.5604,0.8463,,0.2859,195.8730704,40.65670799,300.9564318,15.05643182,5.002860957,
196,"13/11/24, Wed",46097,Genebank,CIAT43427,Desmodium,nicaraguense,Desmodium nicaraguense,Fabaceae,Fabales,Shurb_Tree,F260043,32,74,3,2,4,0.6019,0.876,,0.2741,207.7693865,43.11736589,301.016599,26.91659904,8.941898596,
197,"13/11/24, Wed",46097,Genebank,CIAT601,Hyparrhenia,rufa,Hyparrhenia rufa,Poaceae,Poales,Grasses,F260044,32,74,3,1,5,0.5574,0.8127,,0.2553,208.9481884,45.00786295,308.5644465,53.26444649,17.26201677,
198,"13/11/24, Wed",46097,Genebank,CIAT601,Hyparrhenia,rufa,Hyparrhenia rufa,Poaceae,Poales,Grasses,F260044,32,74,3,2,6,0.5695,0.7954,,0.2259,238.3481884,51.34068249,308.5644465,82.66444649,26.79001014,
199,"13/11/24, Wed",46097,Genebank,CIAT606,Brachiaria,decumbens,Brachiaria decumbens,Poaceae,Poales,Grasses,F260045,32,74,3,1,7,0.5913,0.8723,,0.281,201.1573063,41.72026508,329.6150701,48.61507007,14.7490435,
200,"13/11/24, Wed",46097,Genebank,CIAT606,Brachiaria,decumbens,Brachiaria decumbens,Poaceae,Poales,Grasses,F260045,32,74,3,2,8,0.562,0.7909,,0.2289,253.5466007,52.55433458,329.8128391,100.9128391,30.59700143,
201,"13/11/24, Wed",46097,Genebank,CIAT6038,Sorghum,almum,Sorghum almum,Poaceae,Poales,Grasses,F260046,32,74,3,1,9,0.559,0.8461,,0.2871,183.5985226,39.0055447,329.4479149,42.34791493,12.85420639,
202,"13/11/24, Wed",46097,Genebank,CIAT6038,Sorghum,almum,Sorghum almum,Poaceae,Poales,Grasses,F260046,32,74,3,2,10,0.5749,0.8373,,0.2624,208.2985226,44.25306489,329.4479149,67.04791493,20.3515979,
203,"13/11/24, Wed",46097,Genebank,CIAT6042,Chloris,gayana,Chloris gayana,Poaceae,Poales,Grasses,F260047,32,74,3,1,11,0.5583,0.8359,,0.2776,186.5303955,40.18922211,342.4083581,64.80835811,18.92721266,
204,"13/11/24, Wed",46097,Genebank,CIAT6042,Chloris,gayana,Chloris gayana,Poaceae,Poales,Grasses,F260047,32,74,3,2,12,0.563,0.8255,,0.2625,201.537588,43.43130669,342.3398901,79.83989013,23.32181917,
205,"18/11/24, Mon",46097,Genebank,CIAT6080,Eragrostis,curvula,Eragrostis curvula,Poaceae,Poales,Grasses,F260048,32,74,3,1,13,0.567,0.8924,,0.3254,156.4731584,32.47185607,377.6232161,52.22321607,13.82945059,
206,"18/11/24, Mon",46097,Genebank,CIAT6080,Eragrostis,curvula,Eragrostis curvula,Poaceae,Poales,Grasses,F260048,32,74,3,2,14,0.5644,0.9066,,0.3422,139.4805247,28.95706128,377.4722574,35.27225736,9.344331052,
207,"18/11/24, Mon",46097,Genebank,CIAT6159,Andropogon,gayanus,Andropogon gayanus,Poaceae,Poales,Grasses,F260049,32,74,3,1,15,0.5656,0.8603,,0.2947,176.6393525,37.47604599,339.9114589,45.21145893,13.30095169,
208,"18/11/24, Mon",46097,Genebank,CIAT6159,Andropogon,gayanus,Andropogon gayanus,Poaceae,Poales,Grasses,F260049,32,74,3,2,16,0.5676,0.8774,,0.3098,161.6336204,34.28555228,339.9794412,30.17944122,8.876842998,
209,"18/11/24, Mon",46097,Genebank,CIAT6235,Andropogon,gayanus,Andropogon gayanus,Poaceae,Poales,Grasses,F260050,32,74,3,1,17,0.5483,0.821,,0.2727,208.0431177,43.27531898,341.4124348,68.71243478,20.12593209,
210,"18/11/24, Mon",46097,Genebank,CIAT6235,Andropogon,gayanus,Andropogon gayanus,Poaceae,Poales,Grasses,F260050,32,74,3,2,18,0.5623,0.8644,,0.3021,178.4509741,37.13466078,341.275979,39.17597897,11.47926645,
211,,46097,Genebank,CIAT6236,Andropogon,gayanus,Andropogon gayanus,Poaceae,Poales,Grasses,F260051,32,74,3,1,19,0.5672,0.8447,,0.2775,190.2902826,40.67854542,323.4670178,45.96701778,14.21072791,
212,,46097,Genebank,CIAT6236,Andropogon,gayanus,Andropogon gayanus,Poaceae,Poales,Grasses,F260051,32,74,3,2,20,0.572,0.8349,,0.2629,205.1707885,43.83328196,323.6609816,60.76098161,18.77303261,
213,,46097,Genebank,CIAT6370,Brachiaria,decumbens,Brachiaria decumbens,Poaceae,Poales,Grasses,F260052,32,74,3,1,21,0.5958,0.8239,,0.2281,245.3763571,51.82441603,283.8549967,55.75499668,19.64206984,
214,,46097,Genebank,CIAT6370,Brachiaria,decumbens,Brachiaria decumbens,Poaceae,Poales,Grasses,F260052,32,74,3,2,22,0.5717,0.7964,,0.2247,249.1550624,52.58043697,284.0820353,59.38203527,20.90312934,
215,,46097,Genebank,CIAT6489,Panicum,maximum,Panicum maximum,Poaceae,Poales,Grasses,F260053,32,74,3,1,23,0.5656,0.8364,,0.2708,212.9516443,44.02086212,335.580658,64.78065797,19.30404999,
216,,46097,Genebank,CIAT6489,Panicum,maximum,Panicum maximum,Poaceae,Poales,Grasses,F260053,32,74,3,2,24,0.5856,0.8568,,0.2712,212.4549134,43.92696269,335.5135553,64.31355526,19.16869058,
217,,46097,Genebank,CIAT6590,Panicum,maximum,Panicum maximum,Poaceae,Poales,Grasses,F260054,32,74,3,1,25,0.5684,0.8964,,0.328,139.9636558,29.90908676,317.3922702,-10.60772983,-3.342151282,
218,,46097,Genebank,CIAT6590,Panicum,maximum,Panicum maximum,Poaceae,Poales,Grasses,F260054,32,74,3,2,26,0.5648,0.8418,,0.277,190.683046,40.77185342,317.201949,40.201949,12.67392875,
219,,46097,Genebank,CIAT6793,Panicum,maximum,Panicum maximum,Poaceae,Poales,Grasses,F260055,32,74,3,1,27,0.5874,0.8472,,0.2598,212.7430343,45.0208804,302.6480072,42.8480072,14.1577034,
220,,46097,Genebank,CIAT6793,Panicum,maximum,Panicum maximum,Poaceae,Poales,Grasses,F260055,32,74,3,2,28,0.5911,0.8392,,0.2481,224.3485824,47.48634894,302.5875139,54.4875139,18.00719177,
221,,46097,Genebank,CIAT6817,Panicum,maximum,Panicum maximum,Poaceae,Poales,Grasses,F260056,32,74,3,1,29,0.5749,0.8388,,0.2639,208.6874176,44.15847944,333.6150765,69.7150765,20.89686031,
222,,46097,Genebank,CIAT6817,Panicum,maximum,Panicum maximum,Poaceae,Poales,Grasses,F260056,32,74,3,2,30,0.5826,0.8973,,0.3147,158.0763015,33.43574984,333.7484159,19.04841586,5.707417609,
223,,46097,Genebank,CIAT6901,Panicum,maximum,Panicum maximum,Poaceae,Poales,Grasses,F260057,32,74,3,1,31,0.585,0.891,,0.306,159.4340657,34.25491976,335.8444499,29.8444499,8.886390682,
224,,46097,Genebank,CIAT6901,Panicum,maximum,Panicum maximum,Poaceae,Poales,Grasses,F260057,32,74,3,2,32,0.5627,0.8689,,0.3062,159.5132703,34.25139039,336.0459163,29.84591628,8.881499472,
225,,46097,Genebank,CIAT16076,Pennisetum,purpureum,Pennisetum purpureum,Poaceae,Poales,Grasses,F260058,32,74,3,1,33,0.5633,0.8078,,0.2445,216.37023,46.94818973,261.7535918,17.25359177,6.591539642,
226,,46097,Genebank,CIAT16076,Pennisetum,purpureum,Pennisetum purpureum,Poaceae,Poales,Grasses,F260058,32,74,3,2,34,0.5869,0.8618,,0.2749,185.4178486,40.2803952,261.4398639,-13.46013607,-5.148463539,
227,,46097,Genebank,CIAT16081,Paspalum,secans,Paspalum secans,Poaceae,Poales,Grasses,F260059,32,74,3,1,35,0.5779,0.9411,,0.3632,107.4200457,22.82521679,365.5816424,2.38164237,0.65146662,
228,,46097,Genebank,CIAT16081,Paspalum,secans,Paspalum secans,Poaceae,Poales,Grasses,F260059,32,74,3,2,36,0.5891,0.9422,,0.3531,117.3320233,24.94133424,365.435585,12.33558498,3.375583958,
229,,46097,Genebank,CIAT16082,Paspalum,guenoarum,Paspalum guenoarum,Poaceae,Poales,Grasses,F260060,32,74,3,1,97,0.5665,0.8932,,0.3267,141.3910216,30.205882,350.8739219,24.17392194,6.889631982,
230,,46097,Genebank,CIAT16082,Paspalum,guenoarum,Paspalum guenoarum,Poaceae,Poales,Grasses,F260060,32,74,3,2,98,0.5531,0.8447,,0.2916,176.8654945,37.75422022,351.1546211,59.55462108,16.95965751,
231,,46097,Genebank,CIAT16215,Brachiaria,lachnantha,Brachiaria lachnantha,Poaceae,Poales,Grasses,F260061,32,74,3,1,39,0.5707,0.8918,,0.3211,150.4899119,31.91118132,323.7462221,2.646222129,0.817375446,
232,,46097,Genebank,CIAT16215,Brachiaria,lachnantha,Brachiaria lachnantha,Poaceae,Poales,Grasses,F260061,32,74,3,2,40,0.5855,0.875,,0.2895,182.1841733,38.62418618,323.8109325,34.31093255,10.59597719,
233,,46097,Genebank,CIAT16234,Echinochloa,pyramidalis,Echinochloa pyramidalis,Poaceae,Poales,Grasses,F260062,32,74,3,1,41,0.6017,0.8281,,0.2264,240.281676,51.48727459,255.6219581,29.22195806,11.43170887,
234,,46097,Genebank,CIAT16234,Echinochloa,pyramidalis,Echinochloa pyramidalis,Poaceae,Poales,Grasses,F260062,32,74,3,2,42,0.5566,0.7563,,0.1997,266.981676,57.20851915,255.6219581,55.92195806,21.87682095,
235,,46097,Genebank,CIAT16254,Hyparrhenia,hirta,Hyparrhenia hirta,Poaceae,Poales,Grasses,F260063,32,74,3,1,43,0.5738,0.8464,,0.2726,209.6785286,43.476646,325.9911354,53.39113545,16.37809426,
236,,46097,Genebank,CIAT16254,Hyparrhenia,hirta,Hyparrhenia hirta,Poaceae,Poales,Grasses,F260063,32,74,3,2,44,0.5754,0.8592,,0.2838,198.5749843,41.16610329,326.0563337,42.25633368,12.95982605,
237,,46097,Genebank,CIAT16287,Echinochloa,haploclada,Echinochloa haploclada,Poaceae,Poales,Grasses,F260064,32,74,3,1,45,0.5607,0.8218,,0.2611,199.6420748,43.33054993,304.3771134,43.27711339,14.21825475,
238,,46097,Genebank,CIAT16287,Echinochloa,haploclada,Echinochloa haploclada,Poaceae,Poales,Grasses,F260064,32,74,3,2,46,0.5728,0.7981,,0.2253,235.0737757,51.0615044,304.1338063,78.83380634,25.92076405,
239,,46097,0,BLANK 8 H,BLANK,8,BLANK 8 H,0,0,0,BLANK 8 H,32,74,3,1,47,,,,,,,,,,
240,,46097,0,BLANK 8 H,BLANK,8,BLANK 8 H,0,0,0,BLANK 8 H,32,74,3,2,48,,,,,,,,,,
241,,46097,Genebank,CIAT16309,Brachiaria,brizantha,Brachiaria brizantha,Poaceae,Poales,Grasses,F260065,32,74,3,1,49,0.5717,0.7932,,0.2215,252.1933448,53.23979058,303.3194068,81.81940682,26.97466927,
242,,46097,Genebank,CIAT16309,Brachiaria,brizantha,Brachiaria brizantha,Poaceae,Poales,Grasses,F260065,32,74,3,2,50,0.5662,0.8074,,0.2412,232.303981,49.06061836,303.1981518,61.99815181,20.44806389,
243,,46097,Genebank,CIAT16379,Panicum,maximum,Panicum maximum,Poaceae,Poales,Grasses,F260066,32,74,3,1,51,0.573,0.8838,,0.3108,163.5288981,34.4758455,329.6653988,18.86539885,5.722589909,
244,,46097,Genebank,CIAT16379,Panicum,maximum,Panicum maximum,Poaceae,Poales,Grasses,F260066,32,74,3,2,52,0.562,0.8309,,0.2689,205.5237449,43.32071215,329.7313187,60.83131874,18.44875366,
245,,46097,Genebank,CIAT16537,Sporobolus,sp.,Sporobolus sp.,Poaceae,Poales,Grasses,F260067,32,74,3,1,53,0.5705,0.8525,Residuo de muestra en la manguera despues del clip 8h,0.282,201.8479456,41.71722696,331.3685897,49.36858971,14.89839147,
246,,46097,Genebank,CIAT16537,Sporobolus,sp.,Sporobolus sp.,Poaceae,Poales,Grasses,F260067,32,74,3,2,54,0.5662,0.8229,,0.2567,226.8578109,46.9143101,331.1698878,74.46988777,22.48691397,
247,,46097,Genebank,CIAT16561,Panicum,maximum,Panicum maximum,Poaceae,Poales,Grasses,F260068,32,74,3,1,55,0.5715,0.8499,,0.2784,194.7250522,41.15720596,304.8275439,26.42754386,8.66967057,
248,,46097,Genebank,CIAT16561,Panicum,maximum,Panicum maximum,Poaceae,Poales,Grasses,F260068,32,74,3,2,56,0.5505,0.8413,,0.2908,182.3250522,38.53633439,304.8275439,14.02754386,4.601796702,
249,,46097,Genebank,CIAT16569,Panicum,infestum,Panicum infestum,Poaceae,Poales,Grasses,F260069,32,74,3,1,57,0.5481,0.8595,,0.3114,160.8541676,34.06093131,334.8128816,23.41288158,6.992825805,
250,,46097,Genebank,CIAT16569,Panicum,infestum,Panicum infestum,Poaceae,Poales,Grasses,F260069,32,74,3,2,58,0.5945,0.9023,,0.3078,164.4541676,34.82323268,334.8128816,27.01288158,8.068053252,
251,,46097,Genebank,CIAT16629,Echinochloa,haploclada,Echinochloa haploclada,Poaceae,Poales,Grasses,F260070,32,74,3,1,59,0.5817,0.8885,,0.3068,161.5249722,34.48993365,312.6270528,5.827052828,1.863899101,
252,,46097,Genebank,CIAT16629,Echinochloa,haploclada,Echinochloa haploclada,Poaceae,Poales,Grasses,F260070,32,74,3,2,60,0.5755,0.8205,,0.245,223.7932035,47.73815018,312.9396174,67.93961737,21.71013627,
253,,46097,Genebank,CIAT16635,Cenchrus,ciliaris,Cenchrus ciliaris,Poaceae,Poales,Grasses,F260071,32,74,3,1,61,0.5664,0.8275,,0.2611,201.1363326,43.5137436,311.222886,50.12288602,16.10514145,
254,,46097,Genebank,CIAT16635,Cenchrus,ciliaris,Cenchrus ciliaris,Poaceae,Poales,Grasses,F260071,32,74,3,2,62,0.5726,0.875,,0.3024,160.2061217,34.63121523,311.4718643,9.071864333,2.912579071,
255,,46097,Genebank,CIAT16644,Cenchrus,ciliaris,Cenchrus ciliaris,Poaceae,Poales,Grasses,F260072,32,74,3,1,63,0.5835,0.8701,,0.2866,161.662931,36.06430955,296.0813927,9.481392713,3.202292662,
256,,46097,Genebank,CIAT16644,Cenchrus,ciliaris,Cenchrus ciliaris,Poaceae,Poales,Grasses,F260072,32,74,3,2,64,0.5657,0.8084,,0.2427,205.7422362,45.87931724,296.1998253,53.49982527,18.06207185,
257,,46097,Genebank,CIAT16665,Chloris,gayana,Chloris gayana,Poaceae,Poales,Grasses,F260073,32,74,3,1,65,0.5747,0.8249,,0.2502,223.1391843,47.14149847,300.8981744,50.69817439,16.84894715,
258,,46097,Genebank,CIAT16665,Chloris,gayana,Chloris gayana,Poaceae,Poales,Grasses,F260073,32,74,3,2,66,0.5561,0.8135,,0.2574,216.0337765,45.63125557,300.9583059,43.55830592,14.47320279,
259,,46097,Genebank,CIAT16666,Chloris,gayana,Chloris gayana,Poaceae,Poales,Grasses,F260074,32,74,3,1,67,0.5869,0.856,,0.2691,202.3355182,42.91902294,309.9988136,40.89881358,13.19321616,
260,,46097,Genebank,CIAT16666,Chloris,gayana,Chloris gayana,Poaceae,Poales,Grasses,F260074,32,74,3,2,68,0.5846,0.8326,,0.248,223.2470947,47.37368086,309.8749132,61.87491317,19.9677065,
261,,46097,Genebank,CIAT16683,Cynodon,sp.,Cynodon sp.,Poaceae,Poales,Grasses,F260075,32,74,3,1,69,0.5683,0.8083,,0.24,226.0258569,48.50071161,280.6910873,40.69108734,14.49675076,
262,,46097,Genebank,CIAT16683,Cynodon,sp.,Cynodon sp.,Poaceae,Poales,Grasses,F260075,32,74,3,2,70,0.5849,0.821,,0.2361,229.8327448,49.32745066,280.6350052,44.5350052,15.86936924,
263,,46097,Genebank,CIAT16690,Cynodon,sp.,Cynodon sp.,Poaceae,Poales,Grasses,F260076,32,74,3,1,71,0.55,0.8353,,0.2853,186.8302457,39.57175957,282.6849685,-2.615031533,-0.925069185,
264,,46097,Genebank,CIAT16690,Cynodon,sp.,Cynodon sp.,Poaceae,Poales,Grasses,F260076,32,74,3,2,72,0.5829,0.8655,,0.2826,189.435914,40.13167396,282.628488,0.028487954,0.010079647,
265,,46097,Genebank,CIAT16727,Bothriochloa,sp.,Bothriochloa sp.,Poaceae,Poales,Grasses,F260077,32,74,3,1,73,0.5865,0.8573,,0.2708,200.2897265,42.51625863,315.5688137,44.76881373,14.18670407,
266,,46097,Genebank,CIAT16727,Bothriochloa,sp.,Bothriochloa sp.,Poaceae,Poales,Grasses,F260077,32,74,3,2,74,0.5757,0.8295,,0.2538,217.2897265,46.12491299,315.5688137,61.76881373,19.57380167,
267,,46097,Genebank,CIAT16896,Brachiaria,bovonei,Brachiaria bovonei,Poaceae,Poales,Grasses,F260078,32,74,3,1,75,0.5963,0.8919,,0.2956,172.4315261,36.84186139,306.3182783,10.71827832,3.499065866,
268,,46097,Genebank,CIAT16896,Brachiaria,bovonei,Brachiaria bovonei,Poaceae,Poales,Grasses,F260078,32,74,3,2,76,0.5881,0.9105,,0.3224,145.5379385,31.10197454,306.2570269,-16.14297309,-5.271053942,
269,,46097,Genebank,CIAT16903,Brachiaria,nigropedata,Brachiaria nigropedata,Poaceae,Poales,Grasses,F260079,32,74,3,1,77,0.5911,0.9148,,0.3237,150.3158072,31.7111381,318.6184087,-5.081591314,-1.59488315,
270,,46097,Genebank,CIAT16903,Brachiaria,nigropedata,Brachiaria nigropedata,Poaceae,Poales,Grasses,F260079,32,74,3,2,78,0.5707,0.8326,,0.2619,211.8315683,44.7155272,318.4273523,56.52735227,17.75204042,
271,,46097,Breeding,BR02_1752_Cayman_Opt,Urochloa,interespecifico,Urochloa interespecifico,Poaceae,Poales,Grasses,F260564,32,74,3,1,79,0.5729,0.7659,,0.193,279.4346157,59.14778605,246.226446,53.22644605,21.61686809,
272,,46097,Breeding,BR02_1752_Cayman_Opt,Urochloa,interespecifico,Urochloa interespecifico,Poaceae,Poales,Grasses,F260564,32,74,3,2,80,0.592,0.7887,,0.1967,275.6402043,58.3562868,246.1772401,49.47724012,20.09821871,
273,,46097,Breeding,BR06_423_Cayman_Opt,Urochloa,interespecifico,Urochloa interespecifico,Poaceae,Poales,Grasses,F260565,32,74,3,1,81,0.6047,0.8213,,0.2166,255.693041,54.13864249,268.9005711,52.3005711,19.4497806,
274,,46097,Breeding,BR06_423_Cayman_Opt,Urochloa,interespecifico,Urochloa interespecifico,Poaceae,Poales,Grasses,F260565,32,74,3,2,82,0.5786,0.8161,,0.2375,234.9818827,49.73352234,269.0080883,31.50808832,11.71269181,
275,,46097,Breeding,CIAT_679_Tully_Exc,Urochloa,interespecifico,Urochloa interespecifico,Poaceae,Poales,Grasses,F260566,32,74,3,1,83,0.5759,0.9055,,0.3296,140.3030191,29.85786713,323.3763879,-6.22361213,-1.924572221,
276,,46097,Breeding,CIAT_679_Tully_Exc,Urochloa,interespecifico,Urochloa interespecifico,Poaceae,Poales,Grasses,F260566,32,74,3,2,84,0.5773,0.8801,,0.3028,167.0090573,35.54828386,323.3117255,20.51172553,6.344256612,
277,,46097,Breeding,CIAT_679_Tully_Opt,Urochloa,interespecifico,Urochloa interespecifico,Poaceae,Poales,Grasses,F260567,32,74,3,1,85,0.5626,0.8471,,0.2845,180.7359456,38.84823332,329.120243,44.62024301,13.55742892,
278,,46097,Breeding,CIAT_679_Tully_Opt,Urochloa,interespecifico,Urochloa interespecifico,Poaceae,Poales,Grasses,F260567,32,74,3,2,86,0.5502,0.8253,,0.2751,189.7640544,40.82140845,328.8571573,53.75715728,16.34665875,
279,,46097,Breeding,CIAT_6133_Llanero_Exc,Urochloa,interespecifico,Urochloa interespecifico,Poaceae,Poales,Grasses,F260568,32,74,3,1,87,0.5837,0.9384,,0.3547,121.54758,25.52193126,334.8189078,-19.88109217,-5.937864232,
280,,46097,Breeding,CIAT_6133_Llanero_Exc,Urochloa,interespecifico,Urochloa interespecifico,Poaceae,Poales,Grasses,F260568,32,74,3,2,88,0.5846,0.8716,,0.287,189.3428105,39.74927433,334.8858582,47.88585822,14.29915807,
281,,46097,Juan Cardoso,CIAT17009,Canavalia,brasiliensis,Canavalia brasiliensis,Fabaceae,Fabales,Trepadoras,F260656,32,74,3,1,89,0.5945,0.7567,,0.1622,306.0888355,65.36325709,189.6652809,27.46528087,14.48092173,
282,,46097,Juan Cardoso,CIAT17009,Canavalia,brasiliensis,Canavalia brasiliensis,Fabaceae,Fabales,Trepadoras,F260656,32,74,3,2,90,0.5803,0.7487,Residuo en la manguera despues del clip 8h,0.1684,299.7015948,64.0249036,189.5894451,21.1894451,11.17648985,
283,"18/11/24, Mon",46097,Juan Cardoso,CIAT17462,Canavalia,brasiliensis,Canavalia brasiliensis,Fabaceae,Fabales,Trepadoras,F260657,32,74,3,1,91,0.5818,0.7914,,0.2096,194.4188881,48.12123736,173.5716083,-36.02839167,-20.75707658,
284,"18/11/24, Mon",46097,Juan Cardoso,CIAT17462,Canavalia,brasiliensis,Canavalia brasiliensis,Fabaceae,Fabales,Trepadoras,F260657,32,74,3,2,92,0.598,0.7328,,0.1348,268.7346465,66.59518553,173.363572,38.56357205,22.24433403,
285,"18/11/24, Mon",46097,Jacobo Arango/ Alejandro Montoya,Sample 8,Cynodon,nlemfuensis,Cynodon nlemfuensis ,Poaceae,Poales,Grasses,F250008,32,74,3,1,93,0.5832,0.9093,,0.3261,143.0233339,30.48736304,356.7682954,30.66829543,8.596138117,
286,"18/11/24, Mon",46097,Jacobo Arango/ Alejandro Montoya,Sample 8,Cynodon,nlemfuensis,Cynodon nlemfuensis ,Poaceae,Poales,Grasses,F250008,32,74,3,2,94,0.5768,0.8692,,0.2924,176.7233339,37.67097501,356.7682954,64.36829543,18.04204473,
287,"18/11/24, Mon",46097,0,BLANK 24 H,BLANK,24,BLANK 24 H,0,0,0,BLANK 24 H,32,74,3,1,95,,,,,,,,,,
288,"18/11/24, Mon",46097,0,BLANK 24 H,BLANK,24,BLANK 24 H,0,0,0,BLANK 24 H,32,74,3,2,96,,,,,,,,,,
289,"18/11/24, Mon",46119,0,BLANK 24 H,BLANK,24,BLANK 24 H,0,0,0,BLANK 24 H,34,77,1,1,1,,,Se corrio el tiempo de llenado debido al taponamiento del dispensador,,,,,,,
290,"18/11/24, Mon",46119,0,BLANK 24 H,BLANK,24,BLANK 24 H,0,0,0,BLANK 24 H,34,77,1,2,2,,,,,,,,,,
291,"18/11/24, Mon",46119,0,CIAT16927,Brachiaria,nigropedata,Brachiaria nigropedata,Poaceae,Poales,Grasses,F260080,34,77,1,1,3,0.5599,0.8752,,0.3153,153.5812673,32.75483113,298.3316299,-16.96837012,-5.687754306,
292,"18/11/24, Mon",46119,0,CIAT16927,Brachiaria,nigropedata,Brachiaria nigropedata,Poaceae,Poales,Grasses,F260080,34,77,1,2,4,0.5735,0.8546,,0.2811,187.406537,40.00083717,298.093203,16.993203,5.700634174,
293,"18/11/24, Mon",46119,0,CIAT16980,Andropogon,gayanus,Andropogon gayanus,Poaceae,Poales,Grasses,F260081,34,77,1,1,5,0.5856,0.8732,,0.2876,183.1264399,38.90294327,324.3016929,36.70169285,11.31714501,
294,"18/11/24, Mon",46119,0,CIAT16980,Andropogon,gayanus,Andropogon gayanus,Poaceae,Poales,Grasses,F260081,34,77,1,2,6,0.5859,0.8515,,0.2656,205.1264399,43.5765707,324.3016929,58.70169285,18.10095172,
295,"18/11/24, Mon",46119,0,CIAT16985,Andropogon,gayanus,Andropogon gayanus,Poaceae,Poales,Grasses,F260082,34,77,1,1,7,0.5661,0.8489,,0.2828,190.1291227,40.20245604,322.4869076,39.68690764,12.30651747,
296,"18/11/24, Mon",46119,0,CIAT16985,Andropogon,gayanus,Andropogon gayanus,Poaceae,Poales,Grasses,F260082,34,77,1,2,8,0.5812,0.876,,0.2948,178.4127667,37.70244153,322.6803224,27.88032242,8.640230124,
297,"18/11/24, Mon",46119,0,CIAT16997,Chloris,gayana,Chloris gayana,Poaceae,Poales,Grasses,F260083,34,77,1,1,9,0.5669,0.8508,,0.2839,176.7480331,38.36943184,323.932978,40.03297804,12.35841385,
298,"18/11/24, Mon",46119,0,CIAT16997,Chloris,gayana,Chloris gayana,Poaceae,Poales,Grasses,F260083,34,77,1,2,10,0.5941,0.8745,,0.2804,180.1559403,39.11705931,323.8682173,43.46821735,13.42157551,
299,"18/11/24, Mon",46119,0,CIAT26013,Eragrostis,curvula,Eragrostis curvula,Poaceae,Poales,Grasses,F260084,34,77,1,1,11,0.5849,0.9173,,0.3324,140.1486004,29.65802889,354.9137599,22.51375991,6.343445212,
300,"18/11/24, Mon",46119,0,CIAT26013,Eragrostis,curvula,Eragrostis curvula,Poaceae,Poales,Grasses,F260084,34,77,1,2,12,0.5874,0.94,,0.3526,119.8541285,25.36841595,354.8428055,2.242805538,0.632056083,
301,"18/11/24, Mon",46119,0,CIAT26028,Hyparrhenia,filipendula,Hyparrhenia filipendula,Poaceae,Poales,Grasses,F260085,34,77,1,1,13,0.5723,0.8291,,0.2568,218.1897988,45.93568101,321.6620463,64.86204634,20.16465638,
302,"18/11/24, Mon",46119,0,CIAT26028,Hyparrhenia,filipendula,Hyparrhenia filipendula,Poaceae,Poales,Grasses,F260085,34,77,1,2,14,0.5779,0.8819,,0.304,170.7999548,35.97303518,321.5334844,17.53348437,5.453081942,
303,"18/11/24, Mon",46119,0,CIAT26033,Brachiaria,nigropedata,Brachiaria nigropedata,Poaceae,Poales,Grasses,F260086,34,77,1,1,15,0.5767,0.9227,,0.346,113.1376587,24.6413372,321.7795481,-24.22045195,-7.527032745,
304,"18/11/24, Mon",46119,0,CIAT26033,Brachiaria,nigropedata,Brachiaria nigropedata,Poaceae,Poales,Grasses,F260086,34,77,1,2,16,0.5503,0.8735,,0.3232,136.2129761,29.64935324,321.9725,-1.22749999,-0.381243737,
305,"18/11/24, Mon",46119,0,CIAT26063,Paspalum,scrobiculatum,Paspalum scrobiculatum,Poaceae,Poales,Grasses,F260087,34,77,1,1,17,0.5214,0.8167,,0.2953,178.1843198,37.63257036,346.0549197,50.75491973,14.66672393,
306,"18/11/24, Mon",46119,0,CIAT26063,Paspalum,scrobiculatum,Paspalum scrobiculatum,Poaceae,Poales,Grasses,F260087,34,77,1,2,18,0.5596,0.8961,,0.3365,137.0789977,28.94532874,346.1241169,9.624116871,2.780539235,
307,"18/11/24, Mon",46119,0,CIAT26075,Setaria,incrassata,Setaria incrassata,Poaceae,Poales,Grasses,F260088,34,77,1,1,19,0.5737,0.9229,,0.3492,123.9905423,26.20308971,307.5429265,-41.65707354,-13.54512491,
308,"18/11/24, Mon",46119,0,CIAT26075,Setaria,incrassata,Setaria incrassata,Poaceae,Poales,Grasses,F260088,34,77,1,2,20,0.5732,0.9374,,0.3642,108.8959609,23.01773212,307.4814548,-56.71854524,-18.44616785,
309,"18/11/24, Mon",46119,0,CIAT26079,Setaria,incrassata,Setaria incrassata,Poaceae,Poales,Grasses,F260089,34,77,1,1,21,0.5996,0.9241,,0.3245,146.3058003,31.07561551,311.3436109,-13.15638911,-4.225681418,
310,"18/11/24, Mon",46119,0,CIAT26079,Setaria,incrassata,Setaria incrassata,Poaceae,Poales,Grasses,F260089,34,77,1,2,22,0.5541,0.8607,,0.3066,164.1117144,34.86459109,311.2813919,4.68139194,1.503909987,
311,"18/11/24, Mon",46119,0,CIAT26235,Hyparrhenia,sp.,Hyparrhenia sp.,Poaceae,Poales,Grasses,F260090,34,77,1,1,23,0.5874,0.8603,,0.2729,206.1104895,43.02838749,290.9424443,18.04244432,6.201379232,
312,"18/11/24, Mon",46119,0,CIAT26235,Hyparrhenia,sp.,Hyparrhenia sp.,Poaceae,Poales,Grasses,F260090,34,77,1,2,24,0.5793,0.8541,,0.2748,204.3062916,42.64320782,291.0006328,16.20063281,5.567215662,
313,"18/11/24, Mon",46119,0,CIAT26661,Paspalum,virgatum,Paspalum virgatum,Poaceae,Poales,Grasses,F260091,34,77,1,1,25,0.5714,0.8804,,0.309,152.4266431,33.03377588,329.3642913,20.3642913,6.182908056,
314,"18/11/24, Mon",46119,0,CIAT26661,Paspalum,virgatum,Paspalum virgatum,Poaceae,Poales,Grasses,F260091,34,77,1,2,26,0.6018,0.9112,,0.3094,151.7500084,32.9068645,329.1668307,19.76683069,6.005110129,
315,"18/11/24, Mon",46119,0,CIAT26838,Echinochloa,pyramidalis,Echinochloa pyramidalis,Poaceae,Poales,Grasses,F260092,34,77,1,1,27,0.5771,0.9135,,0.3364,138.6775112,29.19050217,309.3324958,-27.06750423,-8.750294457,
316,"18/11/24, Mon",46119,0,CIAT26838,Echinochloa,pyramidalis,Echinochloa pyramidalis,Poaceae,Poales,Grasses,F260092,34,77,1,2,28,0.582,0.8718,,0.2898,185.2775112,38.99942785,309.3324958,19.53249577,6.314401505,
317,"18/11/24, Mon",46119,0,CIAT26850,Pennisetum,purpureum,Pennisetum purpureum,Poaceae,Poales,Grasses,F260093,34,77,1,1,29,0.6193,0.9141,,0.2948,162.9292342,35.59511213,286.1412013,-8.658798709,-3.026057999,
318,"18/11/24, Mon",46119,0,CIAT26850,Pennisetum,purpureum,Pennisetum purpureum,Poaceae,Poales,Grasses,F260093,34,77,1,2,30,0.5887,0.8976,,0.3089,149.1038717,32.5551553,286.312886,-22.58711399,-7.888961724,
319,"18/11/24, Mon",46119,0,CIAT26858,Hyparrhenia,rufa,Hyparrhenia rufa,Poaceae,Poales,Grasses,F260094,34,77,1,1,31,0.5779,0.8824,,0.3045,167.5,35.48728814,310.0743327,5.57433271,1.797740774,
320,"18/11/24, Mon",46119,0,CIAT26858,Hyparrhenia,rufa,Hyparrhenia rufa,Poaceae,Poales,Grasses,F260094,34,77,1,2,32,0.5901,0.9017,,0.3116,160.4,33.98305085,310.0743327,-1.52566729,-0.492032758,
321,"18/11/24, Mon",46119,0,CIAT26867,Chloris,gayana,Chloris gayana,Poaceae,Poales,Grasses,F260095,34,77,1,1,33,0.5746,0.8735,,0.2989,166.6387317,35.79481584,323.3249559,24.42495585,7.554305788,
322,"18/11/24, Mon",46119,0,CIAT26867,Chloris,gayana,Chloris gayana,Poaceae,Poales,Grasses,F260095,34,77,1,2,34,0.5714,0.8804,,0.309,156.9111627,33.67834369,323.5836158,14.58361582,4.506907985,
323,"18/11/24, Mon",46119,0,CIAT26877,Echinochloa,pyramidalis,Echinochloa pyramidalis,Poaceae,Poales,Grasses,F260096,34,77,1,1,35,0.6062,0.855,,0.2488,222.1764471,47.17357916,321.3387493,72.53874932,22.5739191,
324,"18/11/24, Mon",46119,0,CIAT26877,Echinochloa,pyramidalis,Echinochloa pyramidalis,Poaceae,Poales,Grasses,F260096,34,77,1,2,36,0.5771,0.8768,,0.2997,171.4648,36.39168291,321.4672591,21.76725912,6.771221174,
325,"18/11/24, Mon",46119,0,CIAT26895,Vetiveria,zizanioides,Vetiveria zizanioides,Poaceae,Poales,Grasses,F260097,34,77,1,1,37,0.5889,0.9466,Residuo de muestra despues del click,0.3577,122.4090854,25.49609852,364.0217624,6.321762393,1.736644082,
326,"18/11/24, Mon",46119,0,CIAT26895,Vetiveria,zizanioides,Vetiveria zizanioides,Poaceae,Poales,Grasses,F260097,34,77,1,2,38,0.5946,0.953,,0.3584,122.0931727,25.40997034,364.3129798,5.912979803,1.623049447,
327,"18/11/24, Mon",46119,0,CIAT26898,Vetiveria,zizanioides,Vetiveria zizanioides,Poaceae,Poales,Grasses,F260098,34,77,1,1,39,0.5807,0.9566,,0.3759,98.74487205,20.80394793,364.0399978,-11.86000218,-3.257884368,
328,"20/11/24, Wed",46119,0,CIAT26898,Vetiveria,zizanioides,Vetiveria zizanioides,Poaceae,Poales,Grasses,F260098,34,77,1,2,40,0.5554,0.9319,,0.3765,98.05,20.66167949,363.9672335,-12.53276652,-3.443377692,
329,"20/11/24, Wed",46119,0,CIAT26980,Pennisetum,purpureum,Pennisetum purpureum,Poaceae,Poales,Grasses,F260099,34,77,1,1,41,0.5661,0.852,,0.2859,182.2887702,38.93488734,274.912024,-10.98797604,-3.996906312,
330,"20/11/24, Wed",46119,0,CIAT26980,Pennisetum,purpureum,Pennisetum purpureum,Poaceae,Poales,Grasses,F260099,34,77,1,2,42,0.5679,0.8725,,0.3046,163.6823518,34.95377334,274.9669734,-29.6330266,-10.77694031,
331,"20/11/24, Wed",46119,0,CIAT26985,Paspalum,guenoarum,Paspalum guenoarum,Poaceae,Poales,Grasses,F260100,34,77,1,1,43,0.5681,0.8562,,0.2881,183.645741,38.9289664,292.9870194,4.887019412,1.66799861,
332,"20/11/24, Wed",46119,0,CIAT26985,Paspalum,guenoarum,Paspalum guenoarum,Poaceae,Poales,Grasses,F260100,34,77,1,2,44,0.5791,0.8751,,0.296,175.745741,37.25433549,292.9870194,-3.012980588,-1.028366579,
333,"20/11/24, Wed",46119,0,CIAT26993,Paspalum,sp.,Paspalum sp.,Poaceae,Poales,Grasses,F260101,34,77,1,1,45,0.5773,0.8775,,0.3002,171.4099265,36.34569945,310.4850836,10.2850836,3.312585418,
334,"20/11/24, Wed",46119,0,CIAT26993,Paspalum,sp.,Paspalum sp.,Poaceae,Poales,Grasses,F260101,34,77,1,2,46,0.5753,0.8809,,0.3056,166.4815364,35.26541997,310.7955687,5.195568688,1.671699732,
335,"20/11/24, Wed",46119,0,CIAT36011,Paspalum,plicatulum,Paspalum plicatulum,Poaceae,Poales,Grasses,F260102,34,77,1,1,47,0.5827,0.8713,,0.2886,181.089247,38.55511876,323.5317761,34.93177614,10.79701554,
336,"20/11/24, Wed",46119,0,CIAT36011,Paspalum,plicatulum,Paspalum plicatulum,Poaceae,Poales,Grasses,F260102,34,77,1,2,48,0.5626,0.834,,0.2714,198.0076024,42.18244472,323.3377735,51.93777347,16.06300833,
337,"20/11/24, Wed",46119,0,CIAT36018,Paspalum,yaguaronense,Paspalum yaguaronense,Poaceae,Poales,Grasses,F260103,34,77,1,1,49,0.5771,0.8477,,0.2706,205.345171,43.14471151,285.90474,15.30474,5.353090682,
338,"20/11/24, Wed",46119,0,CIAT36018,Paspalum,yaguaronense,Paspalum yaguaronense,Poaceae,Poales,Grasses,F260103,34,77,1,2,50,0.5668,0.8579,,0.2911,184.5597751,38.80079518,285.7333,-5.366699985,-1.878219999,
339,"20/11/24, Wed",46119,0,CIAT36061,Brachiaria,xruziziensisxdecumbe,Brachiaria xruziziensisxdecumbe,Poaceae,Poales,Grasses,F260104,34,77,1,1,51,0.5789,0.8251,,0.2462,224.1940412,47.66090162,287.5793033,41.37930332,14.38883217,
340,"20/11/24, Wed",46119,0,CIAT36061,Brachiaria,xruziziensisxdecumbe,Brachiaria xruziziensisxdecumbe,Poaceae,Poales,Grasses,F260104,34,77,1,2,52,0.5534,0.786,,0.2326,237.7940412,50.55209471,287.5793033,54.97930332,19.11796248,
341,"20/11/24, Wed",46119,0,CIAT36062,Brachiaria,xruziziensisxdecumbe,Brachiaria xruziziensisxdecumbe,Poaceae,Poales,Grasses,F260105,34,77,1,1,53,0.5803,0.8312,,0.2509,214.9396857,46.14026934,291.0644114,40.16441144,13.79914887,
342,"20/11/24, Wed",46119,0,CIAT36062,Brachiaria,xruziziensisxdecumbe,Brachiaria xruziziensisxdecumbe,Poaceae,Poales,Grasses,F260105,34,77,1,2,54,0.5588,0.7877,,0.2289,237.0328164,50.87274561,291.122601,62.22260105,21.37333234,
343,"20/11/24, Wed",46119,0,CIAT36088,Paspalum,dilatatum,Paspalum dilatatum,Poaceae,Poales,Grasses,F260106,34,77,1,1,55,0.5776,0.8616,,0.284,184.8265514,39.42322611,299.7479572,15.74795718,5.253732945,
344,"20/11/24, Wed",46119,0,CIAT36088,Paspalum,dilatatum,Paspalum dilatatum,Poaceae,Poales,Grasses,F260106,34,77,1,2,56,0.5892,0.813,,0.2238,244.9328048,52.25424854,299.6880196,75.88801957,25.32234011,
345,"20/11/24, Wed",46119,0,CIAT36089,Paspalum,dilatatum,Paspalum dilatatum,Poaceae,Poales,Grasses,F260107,34,77,1,1,57,0.5725,0.8216,,0.2491,226.7513231,47.65171643,317.1570436,68.05704362,21.45846828,
346,"20/11/24, Wed",46119,0,CIAT36089,Paspalum,dilatatum,Paspalum dilatatum,Poaceae,Poales,Grasses,F260107,34,77,1,2,58,0.5662,0.7905,,0.2243,251.8367769,52.89168766,317.3472998,93.04729979,29.32033764,
347,"20/11/24, Wed",46119,0,CIAT36090,Cenchrus,ciliaris,Cenchrus ciliaris,Poaceae,Poales,Grasses,F260108,34,77,1,1,59,0.5775,0.887,,0.3095,122.4432,28.34706045,268.4660083,-41.03399171,-15.28461349,
348,"20/11/24, Wed",46119,0,CIAT36090,Cenchrus,ciliaris,Cenchrus ciliaris,Poaceae,Poales,Grasses,F260108,34,77,1,2,60,0.5612,0.7688,Embolo duro 8h,0.2076,224.2568286,51.92851282,268.4123258,60.81232583,22.65630896,
349,"20/11/24, Wed",46119,0,CIAT-BH22_0303,Urochloa,humidicola,Urochloa humidicola,Poaceae,Poales,Grasses,F252184,34,77,1,1,61,0.5482,0.8641,,0.3159,158.39484,33.39585984,322.8762123,6.97621233,2.160646113,
350,"20/11/24, Wed",46119,0,CIAT-BH22_0303,Urochloa,humidicola,Urochloa humidicola,Poaceae,Poales,Grasses,F252184,34,77,1,2,62,0.5576,0.7917,,0.2341,240.38452,50.66224711,323.005337,88.90533699,27.52441734,
351,"20/11/24, Wed",46119,0,CIAT-BH22_0517,Urochloa,humidicola,Urochloa humidicola,Poaceae,Poales,Grasses,F252191,34,77,1,1,63,0.559,0.8087,,0.2497,234.625,48.44371032,336.3879288,86.68792875,25.77022578,
352,"20/11/24, Wed",46119,0,CIAT-BH22_0517,Urochloa,humidicola,Urochloa humidicola,Poaceae,Poales,Grasses,F252191,34,77,1,2,64,0.5768,0.8201,,0.2433,241.21873,49.78522296,336.5224839,93.22248392,27.7017104,
353,"20/11/24, Wed",46119,0,CIAT-BH22_0519,Urochloa,humidicola,Urochloa humidicola,Poaceae,Poales,Grasses,F252192,34,77,1,1,65,0.577,0.8694,,0.2924,196.07031,40.13965762,315.4297027,23.02970268,7.301057093,
354,"20/11/24, Wed",46119,0,CIAT-BH22_0519,Urochloa,humidicola,Urochloa humidicola,Poaceae,Poales,Grasses,F252192,34,77,1,2,66,0.5555,0.8171,,0.2616,226.87031,46.4450562,315.4297027,53.82970268,17.06551483,
355,"20/11/24, Wed",46119,0,CIAT7289,Chamaecrista,mimosoides,Chamaecrista mimosoides,Fabaceae,Fabales,Herbaceous,F252586,34,77,1,1,67,0.5577,0.8069,,0.2492,208.1971032,45.517801,262.7918747,13.59187467,5.172106133,
356,"20/11/24, Wed",46119,0,CIAT7289,Chamaecrista,mimosoides,Chamaecrista mimosoides,Fabaceae,Fabales,Herbaceous,F252586,34,77,1,2,68,0.5884,0.8692,,0.2808,176.2314781,38.56003066,262.5818092,-18.21819078,-6.938100866,
357,"20/11/24, Wed",46119,0,CIAT33127,Codariocalyx,motorius,Codariocalyx motorius,Fabaceae,Fabales,Shurb_Tree,F260042,34,77,1,1,69,0.5713,0.9196,,0.3483,129.7,27.13389121,308.7402,-39.5598,-12.81329739,
358,"20/11/24, Wed",46119,0,CIAT33127,Codariocalyx,motorius,Codariocalyx motorius,Fabaceae,Fabales,Shurb_Tree,F260042,34,77,1,2,70,0.5699,0.9098,,0.3399,138.2912,28.91964553,308.8636961,-31.03630392,-10.04854384,
359,"20/11/24, Wed",46119,0,E2 P1 D1 R A1424 DIG,N/A,0,N/A,N/A,N/A,N/A,F260569,34,77,1,1,71,0.5597,0.9787,,,469.4376625,,,0,#DIV/0!,
360,"20/11/24, Wed",46119,0,E2 P1 D1 R A1424 DIG,N/A,0,N/A,N/A,N/A,N/A,F260569,34,77,1,2,72,0.573,1.0232,,,469.25,,,0,#DIV/0!,
361,"20/11/24, Wed",46119,0,E2 P1 D1 R A1413 DIG,N/A,0,N/A,N/A,N/A,N/A,F260570,34,77,1,1,73,0.6017,1.0232,"Embolo duro 0h, 8h y liquido encima embolo 24h",,478.7532145,,,0,#DIV/0!,
362,"20/11/24, Wed",46119,0,E2 P1 D1 R A1413 DIG,N/A,0,N/A,N/A,N/A,N/A,F260570,34,77,1,2,74,0.5759,0.9929,Embolo duro 0h,,478.8489651,,,0,#DIV/0!,
363,"20/11/24, Wed",46119,0,E2 P1 D1 R A1402 DIG,N/A,0,N/A,N/A,N/A,N/A,F260571,34,77,1,1,75,0.5917,0.9986,,,474.1646114,,,0,#DIV/0!,
364,"20/11/24, Wed",46119,0,E2 P1 D1 R A1402 DIG,N/A,0,N/A,N/A,N/A,N/A,F260571,34,77,1,2,76,0.5804,0.9964,,,474.2593685,,,0,#DIV/0!,
365,"20/11/24, Wed",46119,0,BLANK 8 H,BLANK,8,BLANK 8 H,0,0,0,BLANK 8 H,34,77,1,1,77,,,,,,,,,,
366,"20/11/24, Wed",46119,0,BLANK 8 H,BLANK,8,BLANK 8 H,0,0,0,BLANK 8 H,34,77,1,2,78,,,,,,,,,,
367,"20/11/24, Wed",46119,0,Estrella 100%,N/A,0,N/A,N/A,N/A,N/A,Estrella 100%,34,77,1,1,79,0.5608,0.9433,,0.3825,75.47462,16.48008791,369.1275437,-13.37245628,-3.62271971,
368,"20/11/24, Wed",46119,0,Estrella 100%,N/A,0,N/A,N/A,N/A,N/A,Estrella 100%,34,77,1,2,80,0.5648,0.9317,,0.3669,90.98308,19.8703739,369.0537625,2.15376248,0.583590441,
369,"20/11/24, Wed",46119,0,Estrella_70%_Indsuf_30%,N/A,0,N/A,N/A,N/A,N/A,Estrella_70%_Indsuf_30%,34,77,1,1,81,0.5529,0.834,,0.2811,182.1968644,39.32615962,321.8801523,40.78015232,12.66935909,
370,"20/11/24, Wed",46119,0,Estrella_70%_Indsuf_30%,N/A,0,N/A,N/A,N/A,N/A,Estrella_70%_Indsuf_30%,34,77,1,2,82,0.5795,0.8903,,0.3108,152.4042421,32.9021689,321.815802,11.01580203,3.423014644,
371,"20/11/24, Wed",46119,0,Estrella_70%_Canabra_30%,N/A,0,N/A,N/A,N/A,N/A,Estrella_70%_Canabra_30%,34,77,1,1,83,0.5594,0.8606,,0.3012,162.361262,35.02476918,318.6719091,17.47190909,5.482726463,
372,"20/11/24, Wed",46119,0,Estrella_70%_Canabra_30%,N/A,0,N/A,N/A,N/A,N/A,Estrella_70%_Canabra_30%,34,77,1,2,84,0.5646,0.8734,,0.3088,154.9466865,33.41192315,318.7993779,9.999377852,3.136573829,
373,"20/11/24, Wed",46119,0,Estrella_70%_Leudiv_30%,N/A,0,N/A,N/A,N/A,N/A,Estrella_70%_Leudiv_30%,34,77,1,1,85,0.5706,0.909,,0.3384,124.6961429,26.92662093,332.8336277,-5.566372286,-1.672418837,
374,"20/11/24, Wed",46119,0,Estrella_70%_Leudiv_30%,N/A,0,N/A,N/A,N/A,N/A,Estrella_70%_Leudiv_30%,34,77,1,2,86,0.5846,0.9389,,0.3543,108.7035792,23.47791337,332.7671009,-21.5328991,-6.470861764,
375,"20/11/24, Wed",46119,0,Estrella_55%_Indsuf_45%,N/A,0,N/A,N/A,N/A,N/A,Estrella_55%_Indsuf_45%,34,77,1,1,87,0.5891,0.866,,0.2769,189.1130888,40.58106807,297.8444185,20.94441847,7.031999652,
376,"20/11/24, Wed",46119,0,Estrella_55%_Indsuf_45%,N/A,0,N/A,N/A,N/A,N/A,Estrella_55%_Indsuf_45%,34,77,1,2,88,0.5598,0.8425,,0.2827,183.4062542,39.34859327,297.9039635,15.20396354,5.103645939,
377,"20/11/24, Wed",46119,0,Estrella_55%_Canabra_45%,N/A,0,N/A,N/A,N/A,N/A,Estrella_55%_Canabra_45%,34,77,1,1,89,0.5588,0.8195,,0.2607,206.2677227,44.17173023,293.3292642,32.62926421,11.12376711,
378,"20/11/24, Wed",46119,0,Estrella_55%_Canabra_45%,N/A,0,N/A,N/A,N/A,N/A,Estrella_55%_Canabra_45%,34,77,1,2,90,0.5935,0.8869,,0.2934,173.4744225,37.15654877,293.270657,-0.129343037,-0.044103641,
379,"25/11/24, Mon",46119,0,Estrella_55%_Leudiv_45%,N/A,0,N/A,N/A,N/A,N/A,Estrella_55%_Leudiv_45%,34,77,1,1,91,0.5822,0.9943,,0.4121,53.56623845,11.50313981,314.3544734,-97.74552664,-31.09404666,
380,"25/11/24, Mon",46119,0,Estrella_55%_Leudiv_45%,N/A,0,N/A,N/A,N/A,N/A,Estrella_55%_Leudiv_45%,34,77,1,2,92,0.5599,0.9108,,0.3509,114.9523933,24.67571165,314.4801398,-36.41986025,-11.58097306,
381,"25/11/24, Mon",46119,0,CIAT17524,Aeschynomene,americana,Aeschynomene americana,Fabaceae,Fabales,Herbaceous,F260426,34,77,1,1,93,0.5477,0.719,,0.1713,295.4199937,63.29705127,249.8788906,78.5788906,31.44679025,
382,"25/11/24, Mon",46119,0,CIAT17524,Aeschynomene,americana,Aeschynomene americana,Fabaceae,Fabales,Herbaceous,F260426,34,77,1,2,94,0.5797,0.7285,,0.1488,318.0133003,68.12430154,249.9288464,101.1288464,40.46305493,
383,"25/11/24, Mon",46119,0,CIAT7026,Aeschynomene,americana,Aeschynomene americana,Fabaceae,Fabales,Herbaceous,F260427,34,77,1,1,95,0.5733,0.7377,,0.1644,300.6984715,64.65264668,250.9836338,86.58363384,34.49772103,
384,"25/11/24, Mon",46119,0,CIAT7026,Aeschynomene,americana,Aeschynomene americana,Fabaceae,Fabales,Herbaceous,F260427,34,77,1,2,96,0.575,0.7524,,0.1774,287.6984715,61.85753967,250.9836338,73.58363384,29.31810043,
385,"25/11/24, Mon",46119,0,CIAT508,Teramnus,uncinatus,Teramnus uncinatus,Fabaceae,Fabales,Climber,F260428,34,77,1,1,97,0.5764,0.8545,,0.2781,185.0814515,39.95873559,250.7033213,-27.39667868,-10.92792809,
386,"25/11/24, Mon",46119,0,CIAT508,Teramnus,uncinatus,Teramnus uncinatus,Fabaceae,Fabales,Climber,F260428,34,77,1,2,98,0.5802,0.8444,,0.2642,198.79629,42.93690777,250.6031001,-13.59689987,-5.425671058,
387,"25/11/24, Mon",46119,0,CIAT795,Rhynchosia,reticulata,Rhynchosia reticulata,Fabaceae,Fabales,Climber,F260429,34,77,1,1,99,0.5788,0.9436,,0.3648,109.3092721,23.0557128,292.6963264,-72.10367359,-24.63429401,
388,"25/11/24, Mon",46119,0,CIAT795,Rhynchosia,reticulata,Rhynchosia reticulata,Fabaceae,Fabales,Climber,F260429,34,77,1,2,100,0.57,0.8948,,0.3248,149.2145261,31.47889313,292.6378339,-32.16216606,-10.99043334,
389,"25/11/24, Mon",46119,0,CIAT936,Teramnus,uncinatus,Teramnus uncinatus,Fabaceae,Fabales,Climber,F260430,34,77,1,1,101,0.5558,0.806,,0.2502,217.3151826,46.48302145,256.7735225,6.573522545,2.560046877,
390,"25/11/24, Mon",46119,0,CIAT936,Teramnus,uncinatus,Teramnus uncinatus,Fabaceae,Fabales,Climber,F260430,34,77,1,2,102,0.581,0.8937,,0.3127,154.8151826,33.11447165,256.7735225,-55.92647746,-21.78046899,
391,"25/11/24, Mon",46119,0,CIAT958,Canavalia,rosea,Canavalia rosea,Fabaceae,Fabales,Climber,F260431,34,77,1,1,103,0.5703,0.7475,,0.1772,291.2994251,62.17711474,222.9968868,45.79688677,20.53700724,
392,"25/11/24, Mon",46119,0,CIAT958,Canavalia,rosea,Canavalia rosea,Fabaceae,Fabales,Climber,F260431,34,77,1,2,104,0.5728,0.7618,,0.189,279.2186063,59.63423976,222.8632223,33.8632223,15.19462115,
393,"25/11/24, Mon",46119,0,CIAT966,Teramnus,labialis,Teramnus labialis,Fabaceae,Fabales,Climber,F260432,34,77,1,1,105,0.5725,0.8346,,0.2621,202.8340595,43.6264144,248.4229204,-13.6770796,-5.505562683,
394,"25/11/24, Mon",46119,0,CIAT966,Teramnus,labialis,Teramnus labialis,Fabaceae,Fabales,Climber,F260432,34,77,1,2,106,0.5838,0.8633,,0.2795,184.8768073,39.81180895,248.1251702,-31.37482981,-12.64475901,
395,"25/11/24, Mon",46119,0,CIAT4042,Centrosema,grazielae,Centrosema grazielae,Fabaceae,Fabales,Climber,F260433,34,77,1,1,107,0.5672,0.7929,,0.2257,252.3616718,52.78851803,291.9499318,66.24993178,22.69222376,
396,"25/11/24, Mon",46119,0,CIAT4042,Centrosema,grazielae,Centrosema grazielae,Fabaceae,Fabales,Climber,F260433,34,77,1,2,108,0.5621,0.8614,,0.2993,178.9527436,37.4180276,292.0666184,-7.233381592,-2.476620448,
397,"25/11/24, Mon",46119,0,CIAT4862,Macrotyloma,daltonii,Macrotyloma daltonii,Fabaceae,Fabales,Climber,F260434,34,77,1,1,109,0.5658,0.8084,,0.2426,217.5119664,47.27370342,240.6009166,-1.999083355,-0.830871047,
398,"25/11/24, Mon",46119,0,CIAT4862,Macrotyloma,daltonii,Macrotyloma daltonii,Fabaceae,Fabales,Climber,F260434,34,77,1,2,110,0.5565,0.7386,,0.1821,278.1039888,60.43059069,240.6490368,58.54903683,24.32963689,
399,"25/11/24, Mon",46119,0,CIAT4986,Teramnus,labialis,Teramnus labialis,Fabaceae,Fabales,Climber,F260435,34,77,1,1,111,0.5501,0.8007,,0.2506,211.4326241,45.76140581,230.725824,-19.87417605,-8.613763171,
400,"25/11/24, Mon",46119,0,CIAT4986,Teramnus,labialis,Teramnus labialis,Fabaceae,Fabales,Climber,F260435,34,77,1,2,112,0.5076,0.7078,A partir de aqui se inicia un nuevo lote de bolsas de fibras (Amarillas),0.2002,261.9250121,56.67838902,230.7719599,30.57195989,13.24769262,
401,"25/11/24, Mon",46119,0,CIAT5098,Centrosema,schottii,Centrosema schottii,Fabaceae,Fabales,Climber,F260436,34,77,1,1,113,0.5326,,Se descarta muestra en el proceso de filtración debido a defecto de fabrica en las bolsas  ( se abren solas en los laterales),,471.3398675,,,0,#DIV/0!,
402,"25/11/24, Mon",46119,0,CIAT5098,Centrosema,schottii,Centrosema schottii,Fabaceae,Fabales,Climber,F260436,34,77,1,2,114,0.5256,0.7787,,0.2531,218.145656,46.2912821,249.886294,-3.21370601,-1.286067338,
403,"25/11/24, Mon",46119,0,CIAT5121,Centrosema,grazielae,Centrosema grazielae,Fabaceae,Fabales,Climber,F260437,34,77,1,1,115,0.536,0.7869,,0.2509,221.2873338,46.86430955,265.770263,14.87026303,5.595156834,
404,"25/11/24, Mon",46119,0,CIAT5121,Centrosema,grazielae,Centrosema grazielae,Fabaceae,Fabales,Climber,F260437,34,77,1,2,116,0.5167,0.7853,,0.2686,203.6817146,43.12716506,265.8233852,-2.776614787,-1.04453368,
405,"25/11/24, Mon",46119,0,CIAT5166,Centrosema,schottii,Centrosema schottii,Fabaceae,Fabales,Climber,F260438,34,77,1,1,117,0.5313,0.8037,,0.2724,200.6822626,42.42016209,261.9797911,-10.42020889,-3.977485762,
406,"25/11/24, Mon",46119,0,CIAT5166,Centrosema,schottii,Centrosema schottii,Fabaceae,Fabales,Climber,F260438,34,77,1,2,118,0.5314,0.781,,0.2496,223.293181,47.21852417,261.875083,12.27508296,4.68738103,
407,"25/11/24, Mon",46119,0,CIAT5196,Centrosema,pascuorum,Centrosema pascuorum,Fabaceae,Fabales,Climber,F260439,34,77,1,1,119,0.533,0.8003,,0.2673,200.9871672,42.91964019,254.2949676,-13.00503238,-5.114152474,
408,"25/11/24, Mon",46119,0,CIAT5196,Centrosema,pascuorum,Centrosema pascuorum,Fabaceae,Fabales,Climber,F260439,34,77,1,2,120,0.5561,0.8116,,0.2555,212.5999647,45.41764168,254.1933106,-1.306689371,-0.514053406,
409,"25/11/24, Mon",46119,0,CIAT5217,Centrosema,pascuorum,Centrosema pascuorum,Fabaceae,Fabales,Climber,F260440,34,77,1,1,121,0.5431,0.8793,,0.3362,131.8516764,28.17032456,269.1199667,-67.0800333,-24.92569917,
410,"25/11/24, Mon",46119,0,CIAT5217,Centrosema,pascuorum,Centrosema pascuorum,Fabaceae,Fabales,Climber,F260440,34,77,1,2,122,0.5289,0.7628,,0.2339,234.3388596,50.04686279,269.2275932,35.32759316,13.12183226,
411,"25/11/24, Mon",46119,0,CIAT5236,Centrosema,arenarium,Centrosema arenarium,Fabaceae,Fabales,Climber,F260441,34,77,1,1,123,0.5354,0.8355,,0.3001,174.0909004,36.71325204,285.7879922,-14.3120078,-5.007910826,
412,"25/11/24, Mon",46119,0,CIAT5236,Centrosema,arenarium,Centrosema arenarium,Fabaceae,Fabales,Climber,F260441,34,77,1,2,124,0.528,0.8582,"Durante el análisis de FDN se abrio un orificio pequeño en el lateral de la bolsa, probablemente se haya desperdiciado un poco de muestra. De igual forma se coloco la bolsa a secar a 105 °C.",0.3302,144.1805009,30.39342904,285.9022617,-44.29773831,-15.49401465,
413,"25/11/24, Mon",46119,0,CIAT5325,Centrosema,virginianum,Centrosema virginianum,Fabaceae,Fabales,Climber,F260442,34,77,1,1,125,0.5367,0.8815,,0.3448,125.2646595,26.6483891,278.9455925,-65.85440754,-23.60833414,
414,"25/11/24, Mon",46119,0,CIAT5325,Centrosema,virginianum,Centrosema virginianum,Fabaceae,Fabales,Climber,F260442,34,77,1,2,126,0.5307,0.8583,,0.3276,142.2767464,30.27958874,278.8340811,-48.76591887,-17.48922466,
415,"25/11/24, Mon",46119,0,CIAT5383,Periandra,coccinea,Periandra coccinea,Fabaceae,Fabales,Climber,F260443,34,77,1,1,127,0.5067,0.7949,,0.2882,191.0083167,39.85914059,284.147058,-4.052942027,-1.426353683,
416,"25/11/24, Mon",46119,0,CIAT5383,Periandra,coccinea,Periandra coccinea,Fabaceae,Fabales,Climber,F260443,34,77,1,2,128,0.5246,,Se descarta muestra en el proceso de filtración debido a defecto de fabrica en las bolsas  ( se abren solas en los laterales),,479.4,,,0,#DIV/0!,
417,"25/11/24, Mon",46119,0,CIAT5484,Centrosema,vexillatum,Centrosema vexillatum,Fabaceae,Fabales,Climber,F260444,34,77,1,1,129,0.5313,0.8717,"Durante el análisis de FDN se abrio un orificio pequeño en el lateral de la bolsa, probablemente se haya desperdiciado un poco de muestra. De igual forma se coloco la bolsa a secar a 105 °C.",0.3404,137.3805486,28.75390155,286.2565284,-54.14347157,-18.91431852,
418,"25/11/24, Mon",46119,0,CIAT5484,Centrosema,vexillatum,Centrosema vexillatum,Fabaceae,Fabales,Climber,F260444,34,77,1,2,130,0.5295,0.8871,,0.3576,120.3716608,25.18384889,286.371031,-71.22896896,-24.87296592,
419,"25/11/24, Mon",46119,0,CIAT5504,Centrosema,pascuorum,Centrosema pascuorum,Fabaceae,Fabales,Climber,F260445,34,77,1,1,131,0.5182,0.8228,,0.3046,172.6227032,36.17235769,303.246725,-1.353274967,-0.446262022,
420,"25/11/24, Mon",46119,0,CIAT5504,Centrosema,pascuorum,Centrosema pascuorum,Fabaceae,Fabales,Climber,F260445,34,77,1,2,132,0.5362,0.8546,,0.3184,158.7272968,33.26728483,303.1860999,-15.21390006,-5.018007114,
421,"25/11/24, Mon",46119,0,CIAT5599,Centrosema,arenarium,Centrosema arenarium,Fabaceae,Fabales,Climber,F260446,34,77,1,1,133,0.5283,0.7835,,0.2552,214.5393026,45.67199325,274.4311817,19.23118168,7.007651812,
422,"25/11/24, Mon",46119,0,CIAT5599,Centrosema,arenarium,Centrosema arenarium,Fabaceae,Fabales,Climber,F260446,34,77,1,2,134,0.5254,0.7785,Muestra despues del clip 0h,0.2531,216.357628,46.08672117,274.2666217,21.1666217,7.717534701,
423,"25/11/24, Mon",46119,0,CIAT5850,Centrosema,brachypodum,Centrosema brachypodum,Fabaceae,Fabales,Climber,F260447,34,77,1,1,135,0.5327,0.883,,0.3503,126.7848192,26.57490117,289.7632441,-60.53675591,-20.89179947,
424,"25/11/24, Mon",46119,0,CIAT5850,Centrosema,brachypodum,Centrosema brachypodum,Fabaceae,Fabales,Climber,F260447,34,77,1,2,136,0.5245,0.8049,"Durante el análisis de FDN se abrio un orificio pequeño en el lateral de la bolsa, probablemente se haya desperdiciado un poco de muestra. De igual forma se coloco la bolsa a secar a 105 °C.",0.2804,196.3034565,41.17936503,289.5316188,9.131618798,3.153928001,
425,"25/11/24, Mon",46119,0,CIAT5984,Centrosema,pubescens,Centrosema pubescens,Fabaceae,Fabales,Climber,F260448,34,77,1,1,137,0.5332,0.8571,,0.3239,152.4344173,32.00155432,296.6358702,-27.2641298,-9.191110228,
426,"25/11/24, Mon",46119,0,CIAT5984,Centrosema,pubescens,Centrosema pubescens,Fabaceae,Fabales,Climber,F260448,34,77,1,2,138,0.5329,0.8334,,0.3005,175.8344173,36.91406938,296.6358702,-3.864129804,-1.30265089,
427,"25/11/24, Mon",46119,0,CIAT5989,Centrosema,grandiflorum,Centrosema grandiflorum,Fabaceae,Fabales,Climber,F260449,34,77,1,1,139,0.5658,0.8001,,0.2343,238.8553689,50.48138193,278.5790966,44.27909658,15.89462279,
428,"25/11/24, Mon",46119,0,CIAT5989,Centrosema,grandiflorum,Centrosema grandiflorum,Fabaceae,Fabales,Climber,F260449,34,77,1,2,140,0.5092,0.7948,,0.2856,187.8392621,39.67547205,278.746244,-6.853755959,-2.458779663,
429,"25/11/24, Mon",46119,0,CIAT7146,Rhynchosia,reticulata,Rhynchosia reticulata,Fabaceae,Fabales,Climber,F260450,34,77,1,1,141,0.5239,0.9318,"Durante el análisis de FDN se abrio un orificio pequeño en el lateral de la bolsa, probablemente se haya desperdiciado un poco de muestra. De igual forma se coloco la bolsa a secar a 105 °C.",0.4079,64.72774668,13.6952913,312.4496759,-95.45032406,-30.54902322,
430,"28/11/24, Thu",46119,0,CIAT7146,Rhynchosia,reticulata,Rhynchosia reticulata,Fabaceae,Fabales,Climber,F260450,34,77,1,2,142,0.5003,0.8673,,0.367,105.7222533,22.36456028,312.5121534,-54.48784662,-17.43543284,
431,"28/11/24, Thu",46119,0,CIAT7177,Canavalia,rosea,Canavalia rosea,Fabaceae,Fabales,Climber,F260451,34,77,1,1,143,0.5446,0.79,,0.2454,227.4750239,48.10468145,254.2587304,8.858730386,3.484140101,
432,"28/11/24, Thu",46119,0,CIAT7177,Canavalia,rosea,Canavalia rosea,Fabaceae,Fabales,Climber,F260451,34,77,1,2,144,0.5199,0.84,"Durante el análisis de FDN se abrio un orificio pequeño en el lateral de la bolsa, probablemente se haya desperdiciado un poco de muestra. De igual forma se coloco la bolsa a secar a 105 °C.",0.3201,152.86958,32.32122878,254.309572,-65.79042804,-25.87021304,
433,"28/11/24, Thu",46119,0,CIAT7320,Canavalia,dictyota,Canavalia dictyota,Fabaceae,Fabales,Climber,F260452,34,77,1,1,145,0.5352,0.7599,,0.2247,244.3716585,52.09687136,218.6851443,-6.014855681,-2.750463777,
434,"28/11/24, Thu",46119,0,CIAT7320,Canavalia,dictyota,Canavalia dictyota,Fabaceae,Fabales,Climber,F260452,34,77,1,2,146,0.5269,,Se descarta muestra en el proceso de filtración debido a defecto de fabrica en las bolsas  ( se abren solas en los laterales),,468.5094472,,,0,#DIV/0!,
435,"28/11/24, Thu",46119,0,CIAT7821,Teramnus,labialis,Teramnus labialis,Fabaceae,Fabales,Climber,F260453,34,77,1,1,147,0.5222,0.827,,0.3048,164.0313075,34.98727684,256.2950074,-48.50499258,-18.92545355,
436,"28/11/24, Thu",46119,0,CIAT7821,Teramnus,labialis,Teramnus labialis,Fabaceae,Fabales,Climber,F260453,34,77,1,2,148,0.5227,0.7963,,0.2736,195.3250737,41.65379176,256.3462664,-17.25373358,-6.730635798,
437,"28/11/24, Thu",46119,0,CIAT8384,Canavalia,dictyota,Canavalia dictyota,Fabaceae,Fabales,Climber,F260454,34,77,1,1,149,0.5183,,Se descarta muestra en el proceso de filtración debido a defecto de fabrica en las bolsas  ( se abren solas en los laterales),,463.450981,,,0,#DIV/0!,
438,"28/11/24, Thu",46119,0,CIAT8384,Canavalia,dictyota,Canavalia dictyota,Fabaceae,Fabales,Climber,F260454,34,77,1,2,150,0.5291,0.7812,,0.2521,211.350981,45.60374013,242.9968644,-9.103135581,-3.746194669,
439,"28/11/24, Thu",46119,0,CIAT8772,Canavalia,bicarinata,Canavalia bicarinata,Fabaceae,Fabales,Climber,F260455,34,77,1,1,151,0.5118,0.7445,Muestra en la manguera 0h y 8h,0.2327,236.9988557,50.45761829,236.8747651,4.174765132,1.762435576,
440,"28/11/24, Thu",46119,0,CIAT8772,Canavalia,bicarinata,Canavalia bicarinata,Fabaceae,Fabales,Climber,F260455,34,77,1,2,152,0.5386,0.7947,En la primera agitación se observa líquido por encima del embolo a las 0h y 8 h,0.2561,213.317318,45.44300131,236.7327823,-19.36721774,-8.181045971,
441,"28/11/24, Thu",46119,0,Sample 8,Cynodon,nlemfuensis,Cynodon nlemfuensis ,Poaceae,Poales,Grasses,F250008,34,77,1,1,153,0.526,0.8242,,0.2982,170.5484102,36.38378424,356.4831659,58.28316593,16.34948617,
442,"28/11/24, Thu",46119,0,Sample 8,Cynodon,nlemfuensis,Cynodon nlemfuensis ,Poaceae,Poales,Grasses,F250008,34,77,1,2,154,0.5073,0.8415,,0.3342,134.4546792,28.68949894,356.4118835,22.21188355,6.23208276,
443,"28/11/24, Thu",46119,0,BLANK 24 H,BLANK,24,BLANK 24 H,0,0,0,BLANK 24 H,34,77,1,1,155,,,,,,,,,,
444,"28/11/24, Thu",46119,0,BLANK 24 H,BLANK,24,BLANK 24 H,0,0,0,BLANK 24 H,34,77,1,2,156,,,,,,,,,,
445,"28/11/24, Thu",46125,0,BLANK 24 H,BLANK,24,BLANK 24 H,0,0,0,BLANK 24 H,34,78,2,1,1,,,,,,,,,,
446,"28/11/24, Thu",46125,0,BLANK 24 H,BLANK,24,BLANK 24 H,0,0,0,BLANK 24 H,34,78,2,2,2,,,,,,,,,,
447,"28/11/24, Thu",46125,0,CIAT16927,Brachiaria,nigropedata,Brachiaria nigropedata,Poaceae,Poales,Grasses,F260080,34,78,2,1,3,0.6103,0.9108,,0.3005,168.1002196,35.87284268,298.1528097,-2.347190281,-0.787244059,
448,"28/11/24, Thu",46125,0,CIAT16927,Brachiaria,nigropedata,Brachiaria nigropedata,Poaceae,Poales,Grasses,F260080,34,78,2,2,4,0.591,0.8638,,0.2728,195.8939022,41.79570105,298.2124164,25.41241644,8.521582281,
449,"28/11/24, Thu",46125,0,CIAT16980,Andropogon,gayanus,Andropogon gayanus,Poaceae,Poales,Grasses,F260081,34,78,2,1,5,0.5774,0.8507,,0.2733,197.5205851,41.95241062,324.3665532,51.06655319,15.74347068,
450,"28/11/24, Thu",46125,0,CIAT16980,Andropogon,gayanus,Andropogon gayanus,Poaceae,Poales,Grasses,F260081,34,78,2,2,6,0.6077,0.8663,,0.2586,212.4088757,45.09657602,324.4962739,65.89627387,20.30725132,
451,"28/11/24, Thu",46125,0,CIAT16985,Andropogon,gayanus,Andropogon gayanus,Poaceae,Poales,Grasses,F260082,34,78,2,1,7,0.6049,0.9041,,0.2992,173.7291227,36.73470597,322.4869076,23.28690764,7.221039704,
452,"28/11/24, Thu",46125,0,CIAT16985,Andropogon,gayanus,Andropogon gayanus,Poaceae,Poales,Grasses,F260082,34,78,2,2,8,0.625,0.935,,0.31,162.7400266,34.4248461,322.3579645,12.35796446,3.833615365,
453,"28/11/24, Thu",46125,0,CIAT16997,Chloris,gayana,Chloris gayana,Poaceae,Poales,Grasses,F260083,34,78,2,1,9,0.5751,0.8813,,0.3062,154.3559403,33.51513395,323.8682173,17.66821735,5.455372402,
454,"28/11/24, Thu",46125,0,CIAT16997,Chloris,gayana,Chloris gayana,Poaceae,Poales,Grasses,F260083,34,78,2,2,10,0.5687,0.8518,,0.2831,177.4559403,38.53081131,323.8682173,40.76821735,12.58790309,
455,"28/11/24, Thu",46125,0,CIAT26013,Eragrostis,curvula,Eragrostis curvula,Poaceae,Poales,Grasses,F260084,34,78,2,1,11,0.5833,0.9125,,0.3292,143.3486004,30.33520791,354.9137599,25.71375991,7.245072695,
456,"28/11/24, Thu",46125,0,CIAT26013,Eragrostis,curvula,Eragrostis curvula,Poaceae,Poales,Grasses,F260084,34,78,2,2,12,0.5649,0.9266,,0.3617,110.8486004,23.45760845,354.9137599,-6.786240092,-1.912081429,
457,"28/11/24, Thu",46125,0,CIAT26028,Hyparrhenia,filipendula,Hyparrhenia filipendula,Poaceae,Poales,Grasses,F260085,34,78,2,1,13,0.5832,0.8729,,0.2897,185.0999548,38.98482991,321.5334844,31.83348437,9.900519206,
458,"28/11/24, Thu",46125,0,CIAT26028,Hyparrhenia,filipendula,Hyparrhenia filipendula,Poaceae,Poales,Grasses,F260085,34,78,2,2,14,0.5998,0.8898,,0.29,184.9897988,38.94605721,321.6620463,31.66204634,9.843264601,
459,"28/11/24, Thu",46125,0,CIAT26033,Brachiaria,nigropedata,Brachiaria nigropedata,Poaceae,Poales,Grasses,F260086,34,78,2,1,15,0.5927,0.9452,,0.3525,106.5458862,23.21029105,321.7152307,-30.78476927,-9.568949905,
460,"28/11/24, Thu",46125,0,CIAT26033,Brachiaria,nigropedata,Brachiaria nigropedata,Poaceae,Poales,Grasses,F260086,34,78,2,2,16,0.5364,0.8704,,0.334,124.8623413,27.2112854,321.5865961,-12.41340391,-3.860050156,
461,"28/11/24, Thu",46125,0,CIAT26063,Paspalum,scrobiculatum,Paspalum scrobiculatum,Poaceae,Poales,Grasses,F260087,34,78,2,1,17,0.5891,0.8793,,0.2902,183.3789977,38.72194473,346.1241169,55.92411687,16.15724364,
462,"28/11/24, Thu",46125,0,CIAT26063,Paspalum,scrobiculatum,Paspalum scrobiculatum,Poaceae,Poales,Grasses,F260087,34,78,2,2,18,0.5609,0.8851,,0.3242,149.2843198,31.52888355,346.0549197,21.85491973,6.315448353,
463,"28/11/24, Thu",46125,0,CIAT26075,Setaria,incrassata,Setaria incrassata,Poaceae,Poales,Grasses,F260088,34,78,2,1,19,0.5874,0.9131,,0.3257,147.3959609,31.15561601,307.4814548,-18.21854524,-5.9250875,
464,"28/11/24, Thu",46125,0,CIAT26075,Setaria,incrassata,Setaria incrassata,Poaceae,Poales,Grasses,F260088,34,78,2,2,20,0.5803,0.8862,,0.3059,167.1013796,35.32788419,307.4199831,1.519983056,0.494432093,
465,"28/11/24, Thu",46125,0,CIAT26079,Setaria,incrassata,Setaria incrassata,Poaceae,Poales,Grasses,F260089,34,78,2,1,21,0.5627,0.8885,,0.3258,144.6294568,30.74413277,311.0947351,-14.7052649,-4.726941102,
466,"28/11/24, Thu",46125,0,CIAT26079,Setaria,incrassata,Setaria incrassata,Poaceae,Poales,Grasses,F260089,34,78,2,2,22,0.5572,0.8943,,0.3371,133.6117144,28.38504128,311.2813919,-25.81860806,-8.294298576,
467,"28/11/24, Thu",46125,0,CIAT26235,Hyparrhenia,sp.,Hyparrhenia sp.,Poaceae,Poales,Grasses,F260090,34,78,2,1,23,0.5853,0.8484,,0.2631,216.1020937,45.09623321,291.0588213,27.9588213,9.60590068,
468,"28/11/24, Thu",46125,0,CIAT26235,Hyparrhenia,sp.,Hyparrhenia sp.,Poaceae,Poales,Grasses,F260090,34,78,2,2,24,0.5736,0.8638,,0.2902,188.8104895,39.41677555,290.9424443,0.742444318,0.255185977,
469,"28/11/24, Thu",46125,0,CIAT26661,Paspalum,virgatum,Paspalum virgatum,Poaceae,Poales,Grasses,F260091,34,78,2,1,25,0.5677,0.8903,,0.3226,138.4577969,30.03046425,329.1010105,6.50101049,1.975384542,
470,"28/11/24, Thu",46125,0,CIAT26661,Paspalum,virgatum,Paspalum virgatum,Poaceae,Poales,Grasses,F260091,34,78,2,2,26,0.5965,0.9095,,0.313,148.4266431,32.16689919,329.3642913,16.3642913,4.968447318,
471,"28/11/24, Thu",46125,0,CIAT26838,Echinochloa,pyramidalis,Echinochloa pyramidalis,Poaceae,Poales,Grasses,F260092,34,78,2,1,27,0.5601,0.853,,0.2929,181.9875562,38.32224152,309.2088122,16.30881224,5.274368517,
472,"28/11/24, Thu",46125,0,CIAT26838,Echinochloa,pyramidalis,Echinochloa pyramidalis,Poaceae,Poales,Grasses,F260092,34,78,2,2,28,0.5698,0.886,,0.3162,158.7825337,33.42913106,309.270654,-6.929345993,-2.240544294,
473,"28/11/24, Thu",46125,0,CIAT26850,Pennisetum,purpureum,Pennisetum purpureum,Poaceae,Poales,Grasses,F260093,34,78,2,1,29,0.5679,0.833,,0.2651,192.72078,42.09524522,286.1984295,21.09842953,7.371958527,
474,"28/11/24, Thu",46125,0,CIAT26850,Pennisetum,purpureum,Pennisetum purpureum,Poaceae,Poales,Grasses,F260093,34,78,2,2,30,0.5893,0.9381,,0.3488,109.2038717,23.84343855,286.312886,-62.48711399,-21.82476481,
475,"28/11/24, Thu",46125,0,CIAT26858,Hyparrhenia,rufa,Hyparrhenia rufa,Poaceae,Poales,Grasses,F260094,34,78,2,1,31,0.5726,0.8927,,0.3201,151.9,32.18220339,310.0743327,-10.02566729,-3.23331093,
476,"28/11/24, Thu",46125,0,CIAT26858,Hyparrhenia,rufa,Hyparrhenia rufa,Poaceae,Poales,Grasses,F260094,34,78,2,2,32,0.5908,0.9206,,0.3298,142.2,30.12711864,310.0743327,-19.72566729,-6.361593079,
477,"28/11/24, Thu",46125,0,CIAT26867,Chloris,gayana,Chloris gayana,Poaceae,Poales,Grasses,F260095,34,78,2,1,33,0.5544,0.8586,,0.3042,161.6180549,34.69553256,323.5189508,19.31895083,5.971505155,
478,"28/11/24, Thu",46125,0,CIAT26867,Chloris,gayana,Chloris gayana,Poaceae,Poales,Grasses,F260095,34,78,2,2,34,0.5508,0.844,,0.2932,172.3387317,37.01920376,323.3249559,30.12495585,9.317238063,
479,"28/11/24, Thu",46125,0,CIAT26877,Echinochloa,pyramidalis,Echinochloa pyramidalis,Poaceae,Poales,Grasses,F260096,34,78,2,1,35,0.5715,0.8372,,0.2657,205.5589764,43.61911109,321.531514,55.83151401,17.36424319,
480,"28/11/24, Thu",46125,0,CIAT26877,Echinochloa,pyramidalis,Echinochloa pyramidalis,Poaceae,Poales,Grasses,F260096,34,78,2,2,36,0.5572,0.8424,,0.2852,186.0589764,39.48125887,321.531514,36.33151401,11.29951884,
481,"03/12/24, Tue",46125,0,CIAT26895,Vetiveria,zizanioides,Vetiveria zizanioides,Poaceae,Poales,Grasses,F260097,34,78,2,1,37,0.5373,0.8918,,0.3545,125.7051072,26.17737823,364.0945667,9.594566745,2.635185367,
482,"03/12/24, Tue",46125,0,CIAT26895,Vetiveria,zizanioides,Vetiveria zizanioides,Poaceae,Poales,Grasses,F260097,34,78,2,2,38,0.5874,0.9387,,0.3513,129.1931727,26.88761881,364.3129798,13.0129798,3.571923188,
483,"03/12/24, Tue",46125,0,CIAT26898,Vetiveria,zizanioides,Vetiveria zizanioides,Poaceae,Poales,Grasses,F260098,34,78,2,1,39,0.5715,0.9641,,0.3926,81.95,17.26899168,363.9672335,-28.63276652,-7.866852807,
484,"03/12/24, Tue",46125,0,CIAT26898,Vetiveria,zizanioides,Vetiveria zizanioides,Poaceae,Poales,Grasses,F260098,34,78,2,2,40,0.5386,0.9106,,0.372,102.6448721,21.62561487,364.0399978,-7.960002184,-2.186573517,
485,"03/12/24, Tue",46125,0,CIAT26980,Pennisetum,purpureum,Pennisetum purpureum,Poaceae,Poales,Grasses,F260099,34,78,2,1,41,0.5543,0.8709,,0.3166,151.401607,32.35065964,274.8021251,-41.79787491,-15.21017164,
486,"03/12/24, Tue",46125,0,CIAT26980,Pennisetum,purpureum,Pennisetum purpureum,Poaceae,Poales,Grasses,F260099,34,78,2,2,42,0.5581,0.8826,,0.3245,143.5951886,30.67649318,274.8570745,-49.64292547,-18.06135991,
487,"03/12/24, Tue",46125,0,CIAT26985,Paspalum,guenoarum,Paspalum guenoarum,Poaceae,Poales,Grasses,F260100,34,78,2,1,43,0.587,0.8839,,0.2969,174.845741,37.06355475,292.9870194,-3.912980588,-1.335547423,
488,"03/12/24, Tue",46125,0,CIAT26985,Paspalum,guenoarum,Paspalum guenoarum,Poaceae,Poales,Grasses,F260100,34,78,2,2,44,0.5622,0.8899,,0.3277,144.5172981,30.60398225,293.2798893,-34.42011072,-11.73626695,
489,"03/12/24, Tue",46125,0,CIAT26993,Paspalum,sp.,Paspalum sp.,Poaceae,Poales,Grasses,F260101,34,78,2,1,45,0.5682,0.8977,,0.3295,142.2985704,30.16087359,310.6092776,-18.89072236,-6.081828111,
490,"03/12/24, Tue",46125,0,CIAT26993,Paspalum,sp.,Paspalum sp.,Poaceae,Poales,Grasses,F260101,34,78,2,2,46,0.5816,0.8769,,0.2953,176.7815364,37.44724645,310.7955687,15.49556869,4.985775297,
491,"03/12/24, Tue",46125,0,CIAT36011,Paspalum,plicatulum,Paspalum plicatulum,Poaceae,Poales,Grasses,F260102,34,78,2,1,47,0.5676,0.8793,,0.3117,157.989247,33.63697338,323.5317761,11.83177614,3.657067716,
492,"03/12/24, Tue",46125,0,CIAT36011,Paspalum,plicatulum,Paspalum plicatulum,Poaceae,Poales,Grasses,F260102,34,78,2,2,48,0.5686,0.8425,,0.2739,195.789247,41.68484764,323.5317761,49.63177614,15.3406187,
493,"03/12/24, Tue",46125,0,CIAT36018,Paspalum,yaguaronense,Paspalum yaguaronense,Poaceae,Poales,Grasses,F260103,34,78,2,1,49,0.587,0.8661,,0.2791,196.6549071,41.33533972,285.7904467,6.690446675,2.341032303,
494,"03/12/24, Tue",46125,0,CIAT36018,Paspalum,yaguaronense,Paspalum yaguaronense,Poaceae,Poales,Grasses,F260103,34,78,2,2,50,0.5657,0.8441,,0.2784,197.2597751,41.4707708,285.7333,7.333300015,2.566484206,
495,"03/12/24, Tue",46125,0,CIAT36061,Brachiaria,xruziziensisxdecumbe,Brachiaria xruziziensisxdecumbe,Poaceae,Poales,Grasses,F260104,34,78,2,1,51,0.5817,0.8686,,0.2869,183.7761648,39.04513942,287.7517819,0.851781908,0.296012731,
496,"03/12/24, Tue",46125,0,CIAT36061,Brachiaria,xruziziensisxdecumbe,Brachiaria xruziziensisxdecumbe,Poaceae,Poales,Grasses,F260104,34,78,2,2,52,0.5767,0.7827,,0.206,264.4880824,56.21568161,287.6367962,81.63679618,28.38190289,
497,"03/12/24, Tue",46125,0,CIAT36062,Brachiaria,xruziziensisxdecumbe,Brachiaria xruziziensisxdecumbe,Poaceae,Poales,Grasses,F260105,34,78,2,1,53,0.564,0.8121,,0.2481,217.7396857,46.74133449,291.0644114,42.96441144,14.76113525,
498,"03/12/24, Tue",46125,0,CIAT36062,Brachiaria,xruziziensisxdecumbe,Brachiaria xruziziensisxdecumbe,Poaceae,Poales,Grasses,F260105,34,78,2,2,54,0.5814,0.812,,0.2306,235.3328164,50.50788614,291.122601,60.52260105,20.78938592,
499,"03/12/24, Tue",46125,0,CIAT36088,Paspalum,dilatatum,Paspalum dilatatum,Poaceae,Poales,Grasses,F260106,34,78,2,1,55,0.5902,0.8372,,0.247,221.7328048,47.30473365,299.6880196,52.68801957,17.58095624,
500,"03/12/24, Tue",46125,0,CIAT36088,Paspalum,dilatatum,Paspalum dilatatum,Poaceae,Poales,Grasses,F260106,34,78,2,2,56,0.5685,0.8264,,0.2579,211.3952842,45.0452607,300.0476452,42.1476452,14.04698416,
501,"03/12/24, Tue",46125,0,CIAT36089,Paspalum,dilatatum,Paspalum dilatatum,Poaceae,Poales,Grasses,F260107,34,78,2,1,57,0.5936,0.8625,,0.2689,207.2367769,43.52463135,317.3472998,48.44729979,15.26633434,
502,"03/12/24, Tue",46125,0,CIAT36089,Paspalum,dilatatum,Paspalum dilatatum,Poaceae,Poales,Grasses,F260107,34,78,2,2,58,0.5943,0.854,,0.2597,216.5319281,45.46774698,317.4107185,57.71071852,18.18171698,
503,"03/12/24, Tue",46125,0,CIAT36090,Cenchrus,ciliaris,Cenchrus ciliaris,Poaceae,Poales,Grasses,F260108,34,78,2,1,59,0.5769,0.8282,,0.2513,180.9023141,41.85593371,268.6270557,17.32705569,6.450227302,
504,"03/12/24, Tue",46125,0,CIAT36090,Cenchrus,ciliaris,Cenchrus ciliaris,Poaceae,Poales,Grasses,F260108,34,78,2,2,60,0.5684,0.7848,,0.2164,215.6295714,49.91083612,268.5196908,52.11969076,19.41000699,
505,"03/12/24, Tue",46125,0,CIAT-BH22_0303,Urochloa,humidicola,Urochloa humidicola,Poaceae,Poales,Grasses,F252184,34,78,2,1,61,0.5781,0.8786,,0.3005,173.88968,36.6554517,322.9407747,22.44077466,6.948882402,
506,"03/12/24, Tue",46125,0,CIAT-BH22_0303,Urochloa,humidicola,Urochloa humidicola,Poaceae,Poales,Grasses,F252184,34,78,2,2,62,0.579,0.8548,,0.2758,198.96904,41.90859623,323.199024,47.39902398,14.66558389,
507,"03/12/24, Tue",46125,0,CIAT-BH22_0517,Urochloa,humidicola,Urochloa humidicola,Poaceae,Poales,Grasses,F252191,34,78,2,1,63,0.598,0.9041,,0.3061,178.61246,36.84915795,336.6570391,30.55703909,9.076607807,
508,"03/12/24, Tue",46125,0,CIAT-BH22_0517,Urochloa,humidicola,Urochloa humidicola,Poaceae,Poales,Grasses,F252191,34,78,2,2,64,0.5997,0.8504,,0.2507,233.81873,48.25793422,336.5224839,85.82248392,25.50274886,
509,"03/12/24, Tue",46125,0,CIAT-BH22_0519,Urochloa,humidicola,Urochloa humidicola,Poaceae,Poales,Grasses,F252192,34,78,2,1,65,0.5492,0.9003,,0.3511,137.56562,28.15127858,315.5558241,-35.54417589,-11.26398981,
510,"03/12/24, Tue",46125,0,CIAT-BH22_0519,Urochloa,humidicola,Urochloa humidicola,Poaceae,Poales,Grasses,F252192,34,78,2,2,66,0.5741,0.8364,,0.2623,226.267965,46.3124849,315.4927634,53.1927634,16.86021664,
511,"03/12/24, Tue",46125,0,CIAT7289,Chamaecrista,mimosoides,Chamaecrista mimosoides,Fabaceae,Fabales,Herbaceous,F252586,34,78,2,1,67,0.5846,0.8968,,0.3122,144.9228844,31.70326608,262.6343256,-49.56567442,-18.87250431,
512,"03/12/24, Tue",46125,0,CIAT7289,Chamaecrista,mimosoides,Chamaecrista mimosoides,Fabaceae,Fabales,Herbaceous,F252586,34,78,2,2,68,0.5784,0.8725,,0.2941,163.1142906,35.67567637,262.6868419,-31.41315806,-11.95840561,
513,"03/12/24, Tue",46125,0,CIAT33127,Codariocalyx,motorius,Codariocalyx motorius,Fabaceae,Fabales,Shurb_Tree,F260042,34,78,2,1,69,0.5733,0.9396,,0.3663,111.9868,23.41415235,308.9254441,-57.37455588,-18.57229858,
514,"03/12/24, Tue",46125,0,CIAT33127,Codariocalyx,motorius,Codariocalyx motorius,Fabaceae,Fabales,Shurb_Tree,F260042,34,78,2,2,70,0.5757,0.9542,,0.3785,99.7868,20.86338155,308.9254441,-69.57455588,-22.52147151,
515,"03/12/24, Tue",46125,0,E2 P1 D1 R A1424 DIG,N/A,0,N/A,N/A,N/A,N/A,F260569,34,78,2,1,73,0.5945,1.0294,,,469.25,,,0,#DIV/0!,
516,"03/12/24, Tue",46125,0,E2 P1 D1 R A1424 DIG,N/A,0,N/A,N/A,N/A,N/A,F260569,34,78,2,2,74,0.5665,1.0244,,,469.3438312,,,0,#DIV/0!,
517,"03/12/24, Tue",46125,0,E2 P1 D1 R A1413 DIG,N/A,0,N/A,N/A,N/A,N/A,F260570,34,78,2,1,71,0.6026,1.0777,,,478.8489651,,,0,#DIV/0!,
518,"03/12/24, Tue",46125,0,E2 P1 D1 R A1413 DIG,N/A,0,N/A,N/A,N/A,N/A,F260570,34,78,2,2,72,0.578,1.062,,,478.8489651,,,0,#DIV/0!,
519,"03/12/24, Tue",46125,0,E2 P1 D1 R A1402 DIG,N/A,0,N/A,N/A,N/A,N/A,F260571,34,78,2,1,75,0.5813,1.0325,,,474.0698543,,,0,#DIV/0!,
520,"03/12/24, Tue",46125,0,E2 P1 D1 R A1402 DIG,N/A,0,N/A,N/A,N/A,N/A,F260571,34,78,2,2,76,0.5609,0.9918,,,474.1646114,,,0,#DIV/0!,
521,"03/12/24, Tue",46125,0,BLANK 8 H,BLANK,8,BLANK 8 H,0,0,0,BLANK 8 H,34,78,2,1,77,,,,,,,,,,
522,"03/12/24, Tue",46125,0,BLANK 8 H,BLANK,8,BLANK 8 H,0,0,0,BLANK 8 H,34,78,2,2,78,,,,,,,,,,
523,"03/12/24, Tue",46125,0,Estrella 100%,N/A,0,N/A,N/A,N/A,N/A,Estrella 100%,34,78,2,1,79,0.5762,0.9147,,0.3385,119.29154,26.05804817,368.9799812,30.47998124,8.260605667,
524,"03/12/24, Tue",46125,0,Estrella 100%,N/A,0,N/A,N/A,N/A,N/A,Estrella 100%,34,78,2,2,80,0.5678,0.9698,,0.402,55.79154,12.18710595,368.9799812,-33.02001876,-8.949000065,
525,"03/12/24, Tue",46125,0,Estrella_70%_Indsuf_30%,N/A,0,N/A,N/A,N/A,N/A,Estrella_70%_Indsuf_30%,34,78,2,1,81,0.5507,0.8842,,0.3335,129.6116198,27.98712324,321.7514517,-11.74854826,-3.651435975,
526,"03/12/24, Tue",46125,0,Estrella_70%_Indsuf_30%,N/A,0,N/A,N/A,N/A,N/A,Estrella_70%_Indsuf_30%,34,78,2,2,82,0.5611,0.9199,,0.3588,104.4968644,22.5550554,321.8801523,-36.91984768,-11.47006034,
527,"03/12/24, Tue",46125,0,Estrella_70%_Canabra_30%,N/A,0,N/A,N/A,N/A,N/A,Estrella_70%_Canabra_30%,34,78,2,1,83,0.5648,0.8722,,0.3074,156.2539743,33.70055752,318.7356435,11.33564347,3.556440487,
528,"03/12/24, Tue",46125,0,Estrella_70%_Canabra_30%,N/A,0,N/A,N/A,N/A,N/A,Estrella_70%_Canabra_30%,34,78,2,2,84,0.577,0.8816,,0.3046,159.1466865,34.31759,318.7993779,14.19937785,4.454016801,
529,"03/12/24, Tue",46125,0,Estrella_70%_Leudiv_30%,N/A,0,N/A,N/A,N/A,N/A,Estrella_70%_Leudiv_30%,34,78,2,1,85,0.5771,0.9257,,0.3486,114.2184519,24.67888897,332.6340473,-15.96595271,-4.79985523,
530,"03/12/24, Tue",46125,0,Estrella_70%_Leudiv_30%,N/A,0,N/A,N/A,N/A,N/A,Estrella_70%_Leudiv_30%,34,78,2,2,86,0.5656,0.9019,,0.3363,126.6110156,27.35104832,332.7005741,-3.599425905,-1.081881483,
531,"03/12/24, Tue",46125,0,Estrella_55%_Indsuf_45%,N/A,0,N/A,N/A,N/A,N/A,Estrella_55%_Indsuf_45%,34,78,2,1,87,0.5626,0.8446,,0.282,183.9199234,39.47457797,297.7848734,15.78487341,5.300764013,
532,"04/12/24, Wed",46125,0,Estrella_55%_Indsuf_45%,N/A,0,N/A,N/A,N/A,N/A,Estrella_55%_Indsuf_45%,34,78,2,2,88,0.5768,0.918,,0.3412,124.6267581,26.75388563,297.7253283,-43.47467166,-14.60227516,
533,"04/12/24, Wed",46125,0,Estrella_55%_Canabra_45%,N/A,0,N/A,N/A,N/A,N/A,Estrella_55%_Canabra_45%,34,78,2,1,89,0.5615,0.8381,,0.2766,190.087822,40.73125825,293.1534425,16.55344247,5.646681933,
534,"04/12/24, Wed",46125,0,Estrella_55%_Canabra_45%,N/A,0,N/A,N/A,N/A,N/A,Estrella_55%_Canabra_45%,34,78,2,2,90,0.588,0.8705,,0.2825,184.2811222,39.47912918,293.2120497,10.71204972,3.653345668,
535,"04/12/24, Wed",46125,0,Estrella_55%_Leudiv_45%,N/A,0,N/A,N/A,N/A,N/A,Estrella_55%_Leudiv_45%,34,78,2,1,91,0.5512,0.9124,,0.3612,104.4662385,22.43371536,314.3544734,-46.84552664,-14.90213457,
536,"04/12/24, Wed",46125,0,Estrella_55%_Leudiv_45%,N/A,0,N/A,N/A,N/A,N/A,Estrella_55%_Leudiv_45%,34,78,2,2,92,0.5621,0.8895,,0.3274,138.0800837,29.66401539,314.228807,-13.17119303,-4.191593112,
537,"04/12/24, Wed",46125,0,CIAT17524,Aeschynomene,americana,Aeschynomene americana,Fabaceae,Fabales,Herbaceous,F260426,34,78,2,1,93,0.5652,0.7525,,0.1873,279.4199937,59.86887158,249.8788906,62.5788906,25.04368835,
538,"04/12/24, Wed",46125,0,CIAT17524,Aeschynomene,americana,Aeschynomene americana,Fabaceae,Fabales,Herbaceous,F260426,34,78,2,2,94,0.5881,0.7335,,0.1454,321.506607,68.8588686,249.9788022,104.5788022,41.83506812,
539,"04/12/24, Wed",46125,0,CIAT7026,Aeschynomene,americana,Aeschynomene americana,Fabaceae,Fabales,Herbaceous,F260427,34,78,2,1,95,0.5762,0.743,,0.1668,298.0196912,64.11511751,250.8331941,84.0331941,33.50162422,
540,"04/12/24, Wed",46125,0,CIAT7026,Aeschynomene,americana,Aeschynomene americana,Fabaceae,Fabales,Herbaceous,F260427,34,78,2,2,96,0.5567,0.7544,,0.1977,267.1196912,57.46737849,250.8331941,53.1331941,21.1826805,
541,"04/12/24, Wed",46125,0,CIAT508,Teramnus,uncinatus,Teramnus uncinatus,Fabaceae,Fabales,Climber,F260428,34,78,2,1,97,0.5669,0.8191,,0.2522,211.2591937,45.58312718,250.8536531,-1.346346884,-0.53670611,
542,"04/12/24, Wed",46125,0,CIAT508,Teramnus,uncinatus,Teramnus uncinatus,Fabaceae,Fabales,Climber,F260428,34,78,2,2,98,0.59,0.8416,,0.2516,211.39629,45.65831186,250.6031001,-0.996899873,-0.397800296,
543,"04/12/24, Wed",46125,0,CIAT795,Rhynchosia,reticulata,Rhynchosia reticulata,Fabaceae,Fabales,Climber,F260429,34,78,2,1,99,0.5807,0.9376,,0.3569,116.8302879,24.66177293,292.4623565,-64.43764348,-22.03279911,
544,"04/12/24, Wed",46125,0,CIAT795,Rhynchosia,reticulata,Rhynchosia reticulata,Fabaceae,Fabales,Climber,F260429,34,78,2,2,100,0.5764,0.9017,,0.3253,148.4302879,31.33223517,292.4623565,-32.83764348,-11.22798977,
545,"04/12/24, Wed",46125,0,CIAT936,Teramnus,uncinatus,Teramnus uncinatus,Fabaceae,Fabales,Climber,F260430,34,78,2,1,101,0.5775,0.8655,,0.288,179.3282887,38.37308655,256.6708747,-31.32912528,-12.20595259,
546,"04/12/24, Wed",46125,0,CIAT936,Teramnus,uncinatus,Teramnus uncinatus,Fabaceae,Fabales,Climber,F260430,34,78,2,2,102,0.5727,0.8724,,0.2997,167.9086296,35.90794074,256.8248465,-42.87515355,-16.69431682,
547,"04/12/24, Wed",46125,0,CIAT958,Canavalia,rosea,Canavalia rosea,Fabaceae,Fabales,Climber,F260431,34,78,2,1,103,0.5543,0.7283,,0.174,294.0313937,62.82300668,222.7741127,48.77411266,21.89397685,
548,"04/12/24, Wed",46125,0,CIAT958,Canavalia,rosea,Canavalia rosea,Fabaceae,Fabales,Climber,F260431,34,78,2,2,104,0.5893,0.7899,,0.2006,267.7122126,57.16532804,222.9077771,22.30777713,10.00762621,
549,"04/12/24, Wed",46125,0,CIAT966,Teramnus,labialis,Teramnus labialis,Fabaceae,Fabales,Climber,F260432,34,78,2,1,105,0.561,0.848,,0.287,177.562558,38.22145263,248.2244203,-38.77557974,-15.62117849,
550,"04/12/24, Wed",46125,0,CIAT966,Teramnus,labialis,Teramnus labialis,Fabaceae,Fabales,Climber,F260432,34,78,2,2,106,0.548,0.8616,,0.3136,151.0554334,32.50912882,248.2740453,-65.3259547,-26.31203541,
551,"04/12/24, Wed",46125,0,CIAT4042,Centrosema,grazielae,Centrosema grazielae,Fabaceae,Fabales,Climber,F260433,34,78,2,1,107,0.5683,0.8987,,0.3304,147.6616718,30.88757801,291.9499318,-38.45006822,-13.17008981,
552,"04/12/24, Wed",46125,0,CIAT4042,Centrosema,grazielae,Centrosema grazielae,Fabaceae,Fabales,Climber,F260433,34,78,2,2,108,0.5534,0.7976,,0.2442,233.5750641,48.88808179,291.7749018,47.57490185,16.30534414,
553,"04/12/24, Wed",46125,0,CIAT4862,Macrotyloma,daltonii,Macrotyloma daltonii,Fabaceae,Fabales,Climber,F260434,34,78,2,1,109,0.5864,0.782,,0.1956,264.6039888,57.49710894,240.6490368,45.04903683,18.71980766,
554,"04/12/24, Wed",46125,0,CIAT4862,Macrotyloma,daltonii,Macrotyloma daltonii,Fabaceae,Fabales,Climber,F260434,34,78,2,2,110,0.5756,0.7813,,0.2057,254.4119664,55.29349049,240.6009166,34.90091664,14.50572888,
555,"04/12/24, Wed",46125,0,CIAT4986,Teramnus,labialis,Teramnus labialis,Fabaceae,Fabales,Climber,F260435,34,78,2,1,111,0.5909,0.8536,,0.2627,199.240236,43.13117163,230.679688,-32.02031199,-13.88085456,
556,"04/12/24, Wed",46125,0,CIAT4986,Teramnus,labialis,Teramnus labialis,Fabaceae,Fabales,Climber,F260435,34,78,2,2,112,0.5968,0.7847,,0.1879,274.3174002,59.3481336,230.8180958,42.91809583,18.59390429,
557,"04/12/24, Wed",46125,0,CIAT5098,Centrosema,schottii,Centrosema schottii,Fabaceae,Fabales,Climber,F260436,34,78,2,1,113,0.5932,0.8716,,0.2784,193.0340789,40.94614444,249.9862085,-28.41379146,-11.36614361,
558,"04/12/24, Wed",46125,0,CIAT5098,Centrosema,schottii,Centrosema schottii,Fabaceae,Fabales,Climber,F260436,34,78,2,2,114,0.5842,0.8829,,0.2987,172.3572331,36.58944625,249.7863794,-48.91362056,-19.58218085,
559,"04/12/24, Wed",46125,0,CIAT5121,Centrosema,grazielae,Centrosema grazielae,Fabaceae,Fabales,Climber,F260437,34,78,2,1,115,0.5786,0.8684,,0.2898,182.3873338,38.62605384,265.770263,-24.02973697,-9.041544638,
560,"04/12/24, Wed",46125,0,CIAT5121,Centrosema,grazielae,Centrosema grazielae,Fabaceae,Fabales,Climber,F260437,34,78,2,2,116,0.5886,0.8397,,0.2511,220.9929529,46.81132212,265.7171409,14.61714085,5.501015406,
561,"04/12/24, Wed",46125,0,CIAT5166,Centrosema,schottii,Centrosema schottii,Fabaceae,Fabales,Climber,F260438,34,78,2,1,117,0.5849,0.9074,,0.3225,150.2986401,31.78914391,261.8227289,-60.67727111,-23.17494412,
562,"04/12/24, Wed",46125,0,CIAT5166,Centrosema,schottii,Centrosema schottii,Fabaceae,Fabales,Climber,F260438,34,78,2,2,118,0.5837,0.8201,,0.2364,236.3040993,49.98985616,261.7703748,25.37037481,9.691843406,
563,"04/12/24, Wed",46125,0,CIAT5196,Centrosema,pascuorum,Centrosema pascuorum,Fabaceae,Fabales,Climber,F260439,34,78,2,1,119,0.5725,0.8254,,0.2529,215.1063634,45.96227321,254.1424821,1.242482133,0.488891949,
564,"04/12/24, Wed",46125,0,CIAT5196,Centrosema,pascuorum,Centrosema pascuorum,Fabaceae,Fabales,Climber,F260439,34,78,2,2,120,0.5561,0.8053,,0.2492,219.0871672,46.78478988,254.2949676,5.094967622,2.003566044,
565,"04/12/24, Wed",46125,0,CIAT5217,Centrosema,pascuorum,Centrosema pascuorum,Fabaceae,Fabales,Climber,F260440,34,78,2,1,121,0.5715,0.8498,,0.2783,189.6580847,40.52886165,269.0661535,-9.233846529,-3.431812738,
566,"04/12/24, Wed",46125,0,CIAT5217,Centrosema,pascuorum,Centrosema pascuorum,Fabaceae,Fabales,Climber,F260440,34,78,2,2,122,0.5479,0.8213,,0.2734,194.9324512,41.62266584,269.2814064,-4.118593606,-1.529475674,
567,"04/12/24, Wed",46125,0,CIAT5236,Centrosema,arenarium,Centrosema arenarium,Fabaceae,Fabales,Climber,F260441,34,78,2,1,123,0.5703,0.8442,,0.2739,200.2909004,42.23845296,285.7879922,11.8879922,4.159724174,
568,"04/12/24, Wed",46125,0,CIAT5236,Centrosema,arenarium,Centrosema arenarium,Fabaceae,Fabales,Climber,F260441,34,78,2,2,124,0.5604,0.8203,,0.2599,214.2909004,45.1908504,285.7879922,25.8879922,9.058460434,
569,"04/12/24, Wed",46125,0,CIAT5325,Centrosema,virginianum,Centrosema virginianum,Fabaceae,Fabales,Climber,F260442,34,78,2,1,125,0.585,0.8694,,0.2844,185.5707029,39.48558959,278.8898368,-5.510163208,-1.975749017,
570,"04/12/24, Wed",46125,0,CIAT5325,Centrosema,virginianum,Centrosema virginianum,Fabaceae,Fabales,Climber,F260442,34,78,2,2,126,0.5537,0.8263,,0.2726,197.4646595,42.00797816,278.9455925,6.345592457,2.274849515,
571,"04/12/24, Wed",46125,0,CIAT5383,Periandra,coccinea,Periandra coccinea,Fabaceae,Fabales,Climber,F260443,34,78,2,1,127,0.6181,0.9227,,0.3046,174.8,36.46224447,284.2607168,-20.3392832,-7.155150889,
572,"04/12/24, Wed",46125,0,CIAT5383,Periandra,coccinea,Periandra coccinea,Fabaceae,Fabales,Climber,F260443,34,78,2,2,128,0.5643,0.8422,,0.2779,201.5958417,42.04329301,284.3175462,6.417546207,2.257175575,
573,"04/12/24, Wed",46125,0,CIAT5484,Centrosema,vexillatum,Centrosema vexillatum,Fabaceae,Fabales,Climber,F260444,34,78,2,1,129,0.6012,0.899,,0.2978,179.9805486,37.67012891,286.2565284,-11.54347157,-4.032561855,
574,"04/12/24, Wed",46125,0,CIAT5484,Centrosema,vexillatum,Centrosema vexillatum,Fabaceae,Fabales,Climber,F260444,34,78,2,2,130,0.5842,0.9193,,0.3351,143.1583291,29.93326418,286.542785,-48.55721505,-16.94588648,
575,"04/12/24, Wed",46125,0,CIAT5504,Centrosema,pascuorum,Centrosema pascuorum,Fabaceae,Fabales,Climber,F260445,34,78,2,1,131,0.5963,0.8948,,0.2985,178.8181096,37.46308929,303.3073501,4.807350128,1.584976469,
576,"04/12/24, Wed",46125,0,CIAT5504,Centrosema,pascuorum,Centrosema pascuorum,Fabaceae,Fabales,Climber,F260445,34,78,2,2,132,0.6068,0.8975,,0.2907,186.8089223,39.12155639,303.4286003,12.72860032,4.194924376,
577,"04/12/24, Wed",46125,0,CIAT5599,Centrosema,arenarium,Centrosema arenarium,Fabaceae,Fabales,Climber,F260446,34,78,2,1,133,0.6112,0.9252,,0.314,155.8331941,33.16777019,274.486035,-39.513965,-14.39561943,
578,"04/12/24, Wed",46125,0,CIAT5599,Centrosema,arenarium,Centrosema arenarium,Fabaceae,Fabales,Climber,F260446,34,78,2,2,134,0.6013,0.8808,,0.2795,190.2393026,40.49891111,274.4311817,-5.068818325,-1.84702711,
579,"04/12/24, Wed",46125,0,CIAT5850,Centrosema,brachypodum,Centrosema brachypodum,Fabaceae,Fabales,Climber,F260447,34,78,2,1,135,0.6069,0.9183,,0.3114,165.5894785,34.71554112,289.7053378,-21.69466223,-7.488526928,
580,"04/12/24, Wed",46125,0,CIAT5850,Centrosema,brachypodum,Centrosema brachypodum,Fabaceae,Fabales,Climber,F260447,34,78,2,2,136,0.6402,0.9383,,0.2981,178.8894785,37.50386258,289.7053378,-8.394662231,-2.897655354,
581,"04/12/24, Wed",46125,0,CIAT5984,Centrosema,pubescens,Centrosema pubescens,Fabaceae,Fabales,Climber,F260448,34,78,2,1,137,0.6043,0.9225,,0.3182,158.1344173,33.19819261,296.6358702,-21.5641298,-7.26956244,
582,"04/12/24, Wed",46125,0,CIAT5984,Centrosema,pubescens,Centrosema pubescens,Fabaceae,Fabales,Climber,F260448,34,78,2,2,138,0.5838,0.9055,,0.3217,154.8247988,32.49039697,296.7544297,-24.9455703,-8.406132414,
583,"04/12/24, Wed",46125,0,CIAT5989,Centrosema,grandiflorum,Centrosema grandiflorum,Fabaceae,Fabales,Climber,F260449,34,78,2,1,139,0.5563,0.7973,,0.241,232.4392621,49.09589904,278.746244,37.74624404,13.54143593,
584,"04/12/24, Wed",46125,0,CIAT5989,Centrosema,grandiflorum,Centrosema grandiflorum,Fabaceae,Fabales,Climber,F260449,34,78,2,2,140,0.5972,0.8755,,0.2783,195.1392621,41.21738051,278.746244,0.446244041,0.160089705,
585,"04/12/24, Wed",46125,0,CIAT7146,Rhynchosia,reticulata,Rhynchosia reticulata,Fabaceae,Fabales,Climber,F260450,34,78,2,1,141,0.5733,0.9864,,0.4131,59.71675997,12.63000067,312.5746308,-100.5253692,-32.16043763,
586,"09/12/24, Mon",46125,0,CIAT7146,Rhynchosia,reticulata,Rhynchosia reticulata,Fabaceae,Fabales,Climber,F260450,34,78,2,2,142,0.569,0.9675,,0.3985,74.60027992,15.76838634,312.7620631,-85.73793686,-27.41315107,
587,"09/12/24, Mon",46125,0,CIAT7177,Canavalia,rosea,Canavalia rosea,Fabaceae,Fabales,Climber,F260451,34,78,2,1,143,0.5775,0.8583,,0.2808,192.2641361,40.64229804,254.3604135,-26.43958646,-10.39453667,
588,"09/12/24, Mon",46125,0,CIAT7177,Canavalia,rosea,Canavalia rosea,Fabaceae,Fabales,Climber,F260451,34,78,2,2,144,0.5647,0.8853,,0.3206,152.4641361,32.2290625,254.3604135,-66.23958646,-26.04162556,
589,"09/12/24, Mon",46125,0,CIAT7320,Canavalia,dictyota,Canavalia dictyota,Fabaceae,Fabales,Climber,F260452,34,78,2,1,145,0.5894,0.8281,,0.2387,230.0905528,49.08173841,218.5540905,-20.1459095,-9.217813978,
590,"09/12/24, Mon",46125,0,CIAT7320,Canavalia,dictyota,Canavalia dictyota,Fabaceae,Fabales,Climber,F260452,34,78,2,2,146,0.5726,0.8399,,0.2673,201.6779566,43.00371772,218.6414597,-48.65854029,-22.25494668,
591,"09/12/24, Mon",46125,0,CIAT7821,Teramnus,labialis,Teramnus labialis,Fabaceae,Fabales,Climber,F260453,34,78,2,1,147,0.5943,0.8927,,0.2984,170.3905528,36.34684014,256.2727282,-42.12727183,-16.43845294,
592,"09/12/24, Mon",46125,0,CIAT7821,Teramnus,labialis,Teramnus labialis,Fabaceae,Fabales,Climber,F260453,34,78,2,2,148,0.5752,0.8686,,0.2934,175.6716585,37.45092148,256.4263996,-36.9736004,-14.41879637,
593,"09/12/24, Mon",46125,0,CIAT8384,Canavalia,dictyota,Canavalia dictyota,Fabaceae,Fabales,Climber,F260454,34,78,2,1,149,0.5848,0.8499,,0.2651,198.0731327,42.76438306,242.8511828,-22.24881715,-9.161502486,
594,"09/12/24, Mon",46125,0,CIAT8384,Canavalia,dictyota,Canavalia dictyota,Fabaceae,Fabales,Climber,F260454,34,78,2,2,150,0.5826,0.807,,0.2244,239.1435971,51.59031396,243.0454249,18.64542494,7.671580302,
595,"09/12/24, Mon",46125,0,CIAT8772,Canavalia,bicarinata,Canavalia bicarinata,Fabaceae,Fabales,Climber,F260455,34,78,2,1,151,0.5756,0.8074,,0.2318,237.7111639,50.62950195,236.7801099,4.980109882,2.103263608,
596,"09/12/24, Mon",46125,0,CIAT8772,Canavalia,bicarinata,Canavalia bicarinata,Fabaceae,Fabales,Climber,F260455,34,78,2,2,152,0.5792,0.7771,,0.1979,271.7988557,57.8666208,236.8747651,38.97476513,16.45374302,
597,"09/12/24, Mon",46125,0,Sample 8,Cynodon,nlemfuensis,Cynodon nlemfuensis ,Poaceae,Poales,Grasses,F250008,34,78,2,1,153,0.5634,0.8785,,0.3151,153.6484102,32.77843867,356.4831659,41.38316593,11.60872935,
598,"09/12/24, Mon",46125,0,Sample 8,Cynodon,nlemfuensis,Cynodon nlemfuensis ,Poaceae,Poales,Grasses,F250008,34,78,2,2,154,0.5924,0.8819,,0.2895,179.435872,38.2644798,356.6257307,67.12573068,18.82245865,
599,"09/12/24, Mon",46125,0,BLANK 24 H,BLANK,24,BLANK 24 H,0,0,0,BLANK 24 H,34,78,2,1,155,,,,,,,,,,
600,"09/12/24, Mon",46125,0,BLANK 24 H,BLANK,24,BLANK 24 H,0,0,0,BLANK 24 H,34,78,2,2,156,,,,,,,,,,
601,"09/12/24, Mon",46127,0,BLANK 24 H,BLANK,24,BLANK 24 H,0,0,0,BLANK 24 H,34,79,3,1,157,,,,,,,,,,
602,"09/12/24, Mon",46127,0,BLANK 24 H,BLANK,24,BLANK 24 H,0,0,0,BLANK 24 H,34,79,3,2,158,,,,,,,,,,
603,"09/12/24, Mon",46127,0,CIAT16927,Brachiaria,nigropedata,Brachiaria nigropedata,Poaceae,Poales,Grasses,F260080,34,79,3,1,159,0.5554,0.843,,0.2876,181.0002196,38.62572232,298.1528097,10.55280972,3.539396368,
604,"09/12/24, Mon",46127,0,CIAT16927,Brachiaria,nigropedata,Brachiaria nigropedata,Poaceae,Poales,Grasses,F260080,34,79,3,2,160,0.58,0.8566,,0.2766,191.906537,40.96133605,298.093203,21.493203,7.210229144,
605,"09/12/24, Mon",46127,0,CIAT16980,Andropogon,gayanus,Andropogon gayanus,Poaceae,Poales,Grasses,F260081,34,79,3,1,161,0.5999,0.8806,,0.2807,190.0264399,40.36876278,324.3016929,43.60169285,13.44479348,
606,"09/12/24, Mon",46127,0,CIAT16980,Andropogon,gayanus,Andropogon gayanus,Poaceae,Poales,Grasses,F260081,34,79,3,2,162,0.5815,0.8711,,0.2896,181.1264399,38.47806805,324.3016929,34.70169285,10.70043531,
607,"09/12/24, Mon",46127,0,CIAT16985,Andropogon,gayanus,Andropogon gayanus,Poaceae,Poales,Grasses,F260082,34,79,3,1,163,0.5955,0.87,,0.2745,198.2400266,41.93425889,322.3579645,47.85796446,14.84621748,
608,"09/12/24, Mon",46127,0,CIAT16985,Andropogon,gayanus,Andropogon gayanus,Poaceae,Poales,Grasses,F260082,34,79,3,2,164,0.5759,0.8727,,0.2968,176.1291227,37.24218159,322.4869076,25.68690764,7.965255963,
609,"09/12/24, Mon",46127,0,CIAT16997,Chloris,gayana,Chloris gayana,Poaceae,Poales,Grasses,F260083,34,79,3,1,165,0.6025,0.8575,,0.255,205.6480331,44.64320225,323.932978,68.93297804,21.28001244,
610,"09/12/24, Mon",46127,0,CIAT16997,Chloris,gayana,Chloris gayana,Poaceae,Poales,Grasses,F260083,34,79,3,2,166,0.5998,0.8981,,0.2983,162.2559403,35.23045218,323.8682173,25.56821735,7.894636144,
611,"09/12/24, Mon",46127,0,CIAT26013,Eragrostis,curvula,Eragrostis curvula,Poaceae,Poales,Grasses,F260084,34,79,3,1,167,0.5678,0.8963,,0.3285,143.9541285,30.46944027,354.8428055,26.34280554,7.423795869,
612,"09/12/24, Mon",46127,0,CIAT26013,Eragrostis,curvula,Eragrostis curvula,Poaceae,Poales,Grasses,F260084,34,79,3,2,168,0.5649,0.8741,,0.3092,163.5375443,34.59372886,355.0556686,45.85566865,12.91506451,
613,"09/12/24, Mon",46127,0,CIAT26028,Hyparrhenia,filipendula,Hyparrhenia filipendula,Poaceae,Poales,Grasses,F260085,34,79,3,1,169,0.5814,0.88,,0.2986,176.1050327,37.09778085,321.4692034,22.86920339,7.113963997,
614,"09/12/24, Mon",46127,0,CIAT26028,Hyparrhenia,filipendula,Hyparrhenia filipendula,Poaceae,Poales,Grasses,F260085,34,79,3,2,170,0.5899,0.8415,,0.2516,223.1050327,46.99866598,321.4692034,69.86920339,21.73433805,
615,"09/12/24, Mon",46127,0,CIAT26033,Brachiaria,nigropedata,Brachiaria nigropedata,Poaceae,Poales,Grasses,F260086,34,79,3,1,171,0.5752,0.8994,,0.3242,135.0294312,29.4034794,321.8438654,-2.356134628,-0.732073804,
616,"09/12/24, Mon",46127,0,CIAT26033,Brachiaria,nigropedata,Brachiaria nigropedata,Poaceae,Poales,Grasses,F260086,34,79,3,2,172,0.5347,0.8569,,0.3222,137.0294312,29.83899155,321.8438654,-0.356134628,-0.110654472,
617,"09/12/24, Mon",46127,0,CIAT26063,Paspalum,scrobiculatum,Paspalum scrobiculatum,Poaceae,Poales,Grasses,F260087,34,79,3,1,173,0.5685,0.8703,,0.3018,171.5896419,36.24702078,345.9857226,44.18572258,12.77096704,
618,"09/12/24, Mon",46127,0,CIAT26063,Paspalum,scrobiculatum,Paspalum scrobiculatum,Poaceae,Poales,Grasses,F260087,34,79,3,2,174,0.5531,0.8443,,0.2912,182.3789977,38.51078671,346.1241169,54.92411687,15.86832994,
619,"09/12/24, Mon",46127,0,CIAT26075,Setaria,incrassata,Setaria incrassata,Poaceae,Poales,Grasses,F260088,34,79,3,1,175,0.5484,0.896,,0.3476,125.6851237,26.5558999,307.6043982,-39.99560184,-13.00228543,
620,"09/12/24, Mon",46127,0,CIAT26075,Setaria,incrassata,Setaria incrassata,Poaceae,Poales,Grasses,F260088,34,79,3,2,176,0.5797,0.8616,,0.2819,191.0067982,40.38994553,307.3585114,25.45851135,8.283001906,
621,"09/12/24, Mon",46127,0,CIAT26079,Setaria,incrassata,Setaria incrassata,Poaceae,Poales,Grasses,F260089,34,79,3,1,177,0.563,0.8477,,0.2847,186.0117144,39.51712029,311.2813919,26.58139194,8.539344988,
622,"09/12/24, Mon",46127,0,CIAT26079,Setaria,incrassata,Setaria incrassata,Poaceae,Poales,Grasses,F260089,34,79,3,2,178,0.5569,0.8515,,0.2946,175.9235426,37.38889273,311.156954,16.55695405,5.321094011,
623,"09/12/24, Mon",46127,0,CIAT26235,Hyparrhenia,sp.,Hyparrhenia sp.,Poaceae,Poales,Grasses,F260090,34,79,3,1,179,0.5999,0.8739,,0.274,205.1062916,42.81018539,291.0006328,17.00063281,5.842129154,
624,"09/12/24, Mon",46127,0,CIAT26235,Hyparrhenia,sp.,Hyparrhenia sp.,Poaceae,Poales,Grasses,F260090,34,79,3,2,180,0.5905,0.8528,Residuo despues del click 8h,0.2623,216.7104895,45.24128266,290.9424443,28.64244432,9.844711515,
625,"09/12/24, Mon",46127,0,CIAT26661,Paspalum,virgatum,Paspalum virgatum,Poaceae,Poales,Grasses,F260091,34,79,3,1,181,0.5787,0.8671,,0.2884,173.0266431,37.49819082,329.3642913,40.9642913,12.43738085,
626,"09/12/24, Mon",46127,0,CIAT26661,Paspalum,virgatum,Paspalum virgatum,Poaceae,Poales,Grasses,F260091,34,79,3,2,182,0.569,0.8551,,0.2861,175.14222,37.97185349,329.2326509,43.13265089,13.10096395,
627,"09/12/24, Mon",46127,0,CIAT26838,Echinochloa,pyramidalis,Echinochloa pyramidalis,Poaceae,Poales,Grasses,F260092,34,79,3,1,183,0.5817,0.8747,,0.293,181.8875562,38.3011839,309.2088122,16.20881224,5.242027912,
628,"09/12/24, Mon",46127,0,CIAT26838,Echinochloa,pyramidalis,Echinochloa pyramidalis,Poaceae,Poales,Grasses,F260092,34,79,3,2,184,0.5899,0.8952,,0.3053,169.6825337,35.72395229,309.270654,3.970654007,1.283876745,
629,"09/12/24, Mon",46127,0,CIAT26850,Pennisetum,purpureum,Pennisetum purpureum,Poaceae,Poales,Grasses,F260093,34,79,3,1,185,0.5877,0.8693,,0.2816,176.22078,38.49121484,286.1984295,4.598429531,1.60672773,
630,"09/12/24, Mon",46127,0,CIAT26850,Pennisetum,purpureum,Pennisetum purpureum,Poaceae,Poales,Grasses,F260093,34,79,3,2,186,0.5882,0.8549,,0.2667,191.0292342,41.73411264,286.1412013,19.44120129,6.794268425,
631,"09/12/24, Mon",46127,0,CIAT26858,Hyparrhenia,rufa,Hyparrhenia rufa,Poaceae,Poales,Grasses,F260094,34,79,3,1,187,0.6049,0.9141,,0.3092,162.6112755,34.46532203,309.9503526,0.750352569,0.242087987,
632,"09/12/24, Mon",46127,0,CIAT26858,Hyparrhenia,rufa,Hyparrhenia rufa,Poaceae,Poales,Grasses,F260094,34,79,3,2,188,0.5626,0.8166,,0.254,217.9056377,46.17568012,310.0123426,56.01234264,18.06777826,
633,"09/12/24, Mon",46127,0,CIAT26867,Chloris,gayana,Chloris gayana,Poaceae,Poales,Grasses,F260095,34,79,3,1,189,0.5832,0.8378,,0.2546,211.1249472,45.33253983,323.4542858,68.85428584,21.28717684,
634,"09/12/24, Mon",46127,0,CIAT26867,Chloris,gayana,Chloris gayana,Poaceae,Poales,Grasses,F260095,34,79,3,2,190,0.5651,0.8212,,0.2561,209.4387317,44.9884655,323.3249559,67.22495585,20.79176217,
635,"09/12/24, Mon",46127,0,CIAT26877,Echinochloa,pyramidalis,Echinochloa pyramidalis,Poaceae,Poales,Grasses,F260096,34,79,3,1,191,0.5663,0.8193,,0.253,217.8822706,46.27107118,321.2744944,68.27449442,21.25114057,
636,"09/12/24, Mon",46127,0,CIAT26877,Echinochloa,pyramidalis,Echinochloa pyramidalis,Poaceae,Poales,Grasses,F260096,34,79,3,2,192,0.5624,1.0534,,,470.8822706,,,0,#DIV/0!,
637,"09/12/24, Mon",46127,0,CIAT26895,Vetiveria,zizanioides,Vetiveria zizanioides,Poaceae,Poales,Grasses,F260097,34,79,3,1,193,0.5422,0.863,,0.3208,159.5971509,33.22191869,364.2401755,43.44017545,11.92624493,
638,"09/12/24, Mon",46127,0,CIAT26895,Vetiveria,zizanioides,Vetiveria zizanioides,Poaceae,Poales,Grasses,F260097,34,79,3,2,194,0.5759,0.9083,,0.3324,147.9971509,30.80724992,364.2401755,31.84017545,8.741533086,
639,"09/12/24, Mon",46127,0,CIAT26898,Vetiveria,zizanioides,Vetiveria zizanioides,Poaceae,Poales,Grasses,F260098,34,79,3,1,195,0.5512,0.908,,0.3568,117.5602559,24.78290591,363.8217048,7.021704793,1.929985128,
640,"11/12/24, Wed",46127,0,CIAT26898,Vetiveria,zizanioides,Vetiveria zizanioides,Poaceae,Poales,Grasses,F260098,34,79,3,2,196,0.5534,0.8995,,0.3461,128.45,27.06774839,363.9672335,17.86723348,4.909022525,
641,"11/12/24, Wed",46127,0,CIAT26980,Pennisetum,purpureum,Pennisetum purpureum,Poaceae,Poales,Grasses,F260099,34,79,3,1,197,0.5756,0.8662,,0.2906,177.401607,37.90619612,274.8021251,-15.79787491,-5.748818319,
642,"11/12/24, Wed",46127,0,CIAT26980,Pennisetum,purpureum,Pennisetum purpureum,Poaceae,Poales,Grasses,F260099,34,79,3,2,198,0.5913,0.8532,,0.2619,206.2887702,44.06102481,274.912024,13.01202396,4.733159276,
643,"11/12/24, Wed",46127,0,CIAT26985,Paspalum,guenoarum,Paspalum guenoarum,Poaceae,Poales,Grasses,F260100,34,79,3,1,199,0.5892,0.867,,0.2778,194.1343638,41.13588217,293.1041674,15.30416736,5.221408995,
644,"11/12/24, Wed",46127,0,CIAT26985,Paspalum,guenoarum,Paspalum guenoarum,Poaceae,Poales,Grasses,F260100,34,79,3,2,200,0.5645,0.8265,,0.262,209.8400524,44.47270878,293.0455934,31.04559339,10.59411712,
645,"11/12/24, Wed",46127,0,CIAT26993,Paspalum,sp.,Paspalum sp.,Poaceae,Poales,Grasses,F260101,34,79,3,1,201,0.5639,0.8544,,0.2905,181.6758584,38.47631241,310.8576657,20.3576657,6.548870416,
646,"11/12/24, Wed",46127,0,CIAT26993,Paspalum,sp.,Paspalum sp.,Poaceae,Poales,Grasses,F260101,34,79,3,2,202,0.5852,0.8478,,0.2626,209.1042484,44.32952409,310.5471806,47.94718062,15.43958007,
647,"11/12/24, Wed",46127,0,CIAT36011,Paspalum,plicatulum,Paspalum plicatulum,Poaceae,Poales,Grasses,F260102,34,79,3,1,203,0.5475,0.7967,,0.2492,220.2076024,46.91180997,323.3377735,74.13777347,22.92889342,
648,"11/12/24, Wed",46127,0,CIAT36011,Paspalum,plicatulum,Paspalum plicatulum,Poaceae,Poales,Grasses,F260102,34,79,3,2,204,0.5546,0.8156,,0.261,208.4076024,44.39800322,323.3377735,62.33777347,19.279459,
649,"11/12/24, Wed",46127,0,CIAT36018,Paspalum,yaguaronense,Paspalum yaguaronense,Poaceae,Poales,Grasses,F260103,34,79,3,1,205,0.5808,0.8034,,0.2226,253.250039,53.22055653,285.8475933,63.24759334,22.12633404,
650,"11/12/24, Wed",46127,0,CIAT36018,Paspalum,yaguaronense,Paspalum yaguaronense,Poaceae,Poales,Grasses,F260103,34,79,3,2,206,0.5795,0.8458,,0.2663,209.4549071,44.02580067,285.7904467,19.49044668,6.819838417,
651,"11/12/24, Wed",46127,0,CIAT36061,Brachiaria,xruziziensisxdecumbe,Brachiaria xruziziensisxdecumbe,Poaceae,Poales,Grasses,F260104,34,79,3,1,207,0.549,0.7865,,0.2375,233.1761648,49.54067833,287.7517819,50.25178191,17.4635867,
652,"11/12/24, Wed",46127,0,CIAT36061,Brachiaria,xruziziensisxdecumbe,Brachiaria xruziziensisxdecumbe,Poaceae,Poales,Grasses,F260104,34,79,3,2,208,0.5724,0.7903,,0.2179,252.7761648,53.70490025,287.7517819,69.85178191,24.27501281,
653,"11/12/24, Wed",46127,0,CIAT36062,Brachiaria,xruziziensisxdecumbe,Brachiaria xruziziensisxdecumbe,Poaceae,Poales,Grasses,F260105,34,79,3,1,209,0.5375,0.7888,,0.2513,214.8190777,46.08673792,291.2389803,39.93898026,13.71347346,
654,"11/12/24, Wed",46127,0,CIAT36062,Brachiaria,xruziziensisxdecumbe,Brachiaria xruziziensisxdecumbe,Poaceae,Poales,Grasses,F260105,34,79,3,2,210,0.5836,0.8065,,0.2229,243.0328164,52.16048491,291.122601,68.22260105,23.4343197,
655,"11/12/24, Wed",46127,0,CIAT36088,Paspalum,dilatatum,Paspalum dilatatum,Poaceae,Poales,Grasses,F260106,34,79,3,1,211,0.5656,0.8043,,0.2387,230.5952842,49.13650147,300.0476452,61.3476452,20.44596789,
656,"11/12/24, Wed",46127,0,CIAT36088,Paspalum,dilatatum,Paspalum dilatatum,Poaceae,Poales,Grasses,F260106,34,79,3,2,212,0.6116,0.8676,,0.256,212.8265514,45.3955841,299.7479572,43.74795718,14.5949142,
657,"11/12/24, Wed",46127,0,CIAT36089,Paspalum,dilatatum,Paspalum dilatatum,Poaceae,Poales,Grasses,F260107,34,79,3,1,213,0.5749,0.8041,,0.2292,247.0319281,51.87218948,317.4107185,88.21071852,27.79071826,
658,"11/12/24, Wed",46127,0,CIAT36089,Paspalum,dilatatum,Paspalum dilatatum,Poaceae,Poales,Grasses,F260107,34,79,3,2,214,0.5858,0.8263,,0.2405,235.3513231,49.45900362,317.1570436,76.65704362,24.1700587,
659,"11/12/24, Wed",46127,0,CIAT36090,Cenchrus,ciliaris,Cenchrus ciliaris,Poaceae,Poales,Grasses,F260108,34,79,3,1,215,0.5608,0.7981,,0.2373,194.7295714,45.07320431,268.5196908,31.21969076,11.6265927,
660,"11/12/24, Wed",46127,0,CIAT36090,Cenchrus,ciliaris,Cenchrus ciliaris,Poaceae,Poales,Grasses,F260108,34,79,3,2,216,0.5822,0.855,,0.2728,159.2295714,36.85617419,268.5196908,-4.280309244,-1.594039242,
661,"11/12/24, Wed",46127,0,CIAT-BH22_0303,Urochloa,humidicola,Urochloa humidicola,Poaceae,Poales,Grasses,F252184,34,79,3,1,217,0.5688,0.8169,,0.2481,226.38452,47.71167666,323.005337,74.90533699,23.19012363,
662,"11/12/24, Wed",46127,0,CIAT-BH22_0303,Urochloa,humidicola,Urochloa humidicola,Poaceae,Poales,Grasses,F252184,34,79,3,2,218,0.6014,0.8765,,0.2751,199.47936,42.03287728,323.0698993,47.96989932,14.84814878,
663,"11/12/24, Wed",46127,0,CIAT-BH22_0517,Urochloa,humidicola,Urochloa humidicola,Poaceae,Poales,Grasses,F252191,34,79,3,1,219,0.5943,0.8421,,0.2478,237.10619,48.89733208,336.7915943,88.99159426,26.42334185,
664,"11/12/24, Wed",46127,0,CIAT-BH22_0517,Urochloa,humidicola,Urochloa humidicola,Poaceae,Poales,Grasses,F252191,34,79,3,2,220,0.5738,0.8325,,0.2587,225.915595,46.61748349,336.5897615,77.88976151,23.14085882,
665,"11/12/24, Wed",46127,0,CIAT-BH22_0519,Urochloa,humidicola,Urochloa humidicola,Poaceae,Poales,Grasses,F252192,34,79,3,1,221,0.5793,0.8995,,0.3202,168.367965,34.46152369,315.4927634,-4.707236601,-1.492026806,
666,"11/12/24, Wed",46127,0,CIAT-BH22_0519,Urochloa,humidicola,Urochloa humidicola,Poaceae,Poales,Grasses,F252192,34,79,3,2,222,0.6002,0.8633,,0.2631,225.56562,46.15950269,315.5558241,52.45582412,16.6233104,
667,"11/12/24, Wed",46127,0,CIAT7289,Chamaecrista,mimosoides,Chamaecrista mimosoides,Fabaceae,Fabales,Herbaceous,F252586,34,79,3,1,223,0.5615,0.9165,,0.355,102.4885095,22.40242266,262.844391,-92.15560897,-35.06089995,
668,"11/12/24, Wed",46127,0,CIAT7289,Chamaecrista,mimosoides,Chamaecrista mimosoides,Fabaceae,Fabales,Herbaceous,F252586,34,79,3,2,224,0.6109,0.9131,,0.3022,155.2885095,33.94369614,262.844391,-39.35560897,-14.97296892,
669,"11/12/24, Wed",46127,0,CIAT33127,Codariocalyx,motorius,Codariocalyx motorius,Fabaceae,Fabales,Shurb_Tree,F260042,34,79,3,1,225,0.566,0.8925,,0.3265,152.0736,31.77642895,309.1106882,-17.38931176,-5.625593815,
670,"11/12/24, Wed",46127,0,CIAT33127,Codariocalyx,motorius,Codariocalyx motorius,Fabaceae,Fabales,Shurb_Tree,F260042,34,79,3,2,226,0.5848,0.9579,,0.3731,105.378,22.02358311,309.0489402,-64.0510598,-20.72521581,
671,"11/12/24, Wed",46127,0,E2 P1 D1 R A1424 DIG,N/A,0,N/A,N/A,N/A,N/A,F260569,34,79,3,1,227,0.5672,0.9856,,,469.3438312,,,0,#DIV/0!,
672,"11/12/24, Wed",46127,0,E2 P1 D1 R A1424 DIG,N/A,0,N/A,N/A,N/A,N/A,F260569,34,79,3,2,228,0.5855,1.0573,,,469.1561688,,,0,#DIV/0!,
673,"11/12/24, Wed",46127,0,E2 P1 D1 R A1413 DIG,N/A,0,N/A,N/A,N/A,N/A,F260570,34,79,3,1,229,0.6244,1.0777,,,479.136217,,,0,#DIV/0!,
674,"11/12/24, Wed",46127,0,E2 P1 D1 R A1413 DIG,N/A,0,N/A,N/A,N/A,N/A,F260570,34,79,3,2,230,0.5487,1.0245,,,478.8489651,,,0,#DIV/0!,
675,"11/12/24, Wed",46127,0,E2 P1 D1 R A1402 DIG,N/A,0,N/A,N/A,N/A,N/A,F260571,34,79,3,1,231,0.5704,0.9867,,,473.8803401,,,0,#DIV/0!,
676,"11/12/24, Wed",46127,0,E2 P1 D1 R A1402 DIG,N/A,0,N/A,N/A,N/A,N/A,F260571,34,79,3,2,232,0.6085,1.0432,,,473.785583,,,0,#DIV/0!,
677,"11/12/24, Wed",46127,0,BLANK 8 H,BLANK,8,BLANK 8 H,0,0,0,BLANK 8 H,34,79,3,1,233,,,,,,,,,,
678,"11/12/24, Wed",46127,0,BLANK 8 H,BLANK,8,BLANK 8 H,0,0,0,BLANK 8 H,34,79,3,2,234,,,,,,,,,,
679,"11/12/24, Wed",46127,0,Estrella 100%,N/A,0,N/A,N/A,N/A,N/A,Estrella 100%,34,79,3,1,235,0.5839,0.9821,,0.3982,59.59154,13.01717808,368.9799812,-29.22001876,-7.919133895,
680,"11/12/24, Wed",46127,0,Estrella 100%,N/A,0,N/A,N/A,N/A,N/A,Estrella 100%,34,79,3,2,236,0.5818,0.9565,,0.3747,83.18308,18.16688225,369.0537625,-5.64623752,-1.529922763,
681,"11/12/24, Wed",46127,0,Estrella_70%_Indsuf_30%,N/A,0,N/A,N/A,N/A,N/A,Estrella_70%_Indsuf_30%,34,79,3,1,237,0.6128,0.9757,,0.3629,100.3968644,21.67009365,321.8801523,-41.01984768,-12.74382635,
682,"11/12/24, Wed",46127,0,Estrella_70%_Indsuf_30%,N/A,0,N/A,N/A,N/A,N/A,Estrella_70%_Indsuf_30%,34,79,3,2,238,0.6123,0.9376,,0.3253,138.0894867,29.79987477,321.9445026,-3.355497388,-1.04225957,
683,"11/12/24, Wed",46127,0,Estrella_70%_Canabra_30%,N/A,0,N/A,N/A,N/A,N/A,Estrella_70%_Canabra_30%,34,79,3,1,239,0.6118,0.9159,,0.3041,159.832111,34.45161635,318.9268466,14.82684662,4.648980408,
684,"11/12/24, Wed",46127,0,Estrella_70%_Canabra_30%,N/A,0,N/A,N/A,N/A,N/A,Estrella_70%_Canabra_30%,34,79,3,2,240,0.5727,0.9044,,0.3317,132.1393988,28.48817913,318.8631122,-12.83688777,-4.025830293,
685,"11/12/24, Wed",46127,0,Estrella_70%_Leudiv_30%,N/A,0,N/A,N/A,N/A,N/A,Estrella_70%_Leudiv_30%,34,79,3,1,241,0.5801,0.9493,,0.3692,93.71101556,20.24385085,332.7005741,-36.4994259,-10.97065312,
686,"11/12/24, Wed",46127,0,Estrella_70%_Leudiv_30%,N/A,0,N/A,N/A,N/A,N/A,Estrella_70%_Leudiv_30%,34,79,3,2,242,0.5846,0.9554,,0.3708,92.29614294,19.93023357,332.8336277,-37.96637229,-11.40701213,
687,"11/12/24, Wed",46127,0,Estrella_55%_Indsuf_45%,N/A,0,N/A,N/A,N/A,N/A,Estrella_55%_Indsuf_45%,34,79,3,1,243,0.5753,0.8777,,0.3024,163.5199234,35.09614318,297.7848734,-4.615126594,-1.549819016,
688,"11/12/24, Wed",46127,0,Estrella_55%_Indsuf_45%,N/A,0,N/A,N/A,N/A,N/A,Estrella_55%_Indsuf_45%,34,79,3,2,244,0.5636,0.831,Residuo despues del click 8h,0.2674,198.5199234,42.60816365,297.7848734,30.38487341,10.20363226,
689,"11/12/24, Wed",46127,0,Estrella_55%_Canabra_45%,N/A,0,N/A,N/A,N/A,N/A,Estrella_55%_Canabra_45%,34,79,3,1,245,0.5624,0.8678,,0.3054,161.287822,34.56010943,293.1534425,-12.24655753,-4.17752472,
690,"11/12/24, Wed",46127,0,Estrella_55%_Canabra_45%,N/A,0,N/A,N/A,N/A,N/A,Estrella_55%_Canabra_45%,34,79,3,2,246,0.5517,0.8448,,0.2931,173.4012215,37.17058252,293.036228,-0.063772019,-0.021762503,
691,"11/12/24, Wed",46127,0,Estrella_55%_Leudiv_45%,N/A,0,N/A,N/A,N/A,N/A,Estrella_55%_Leudiv_45%,34,79,3,1,247,0.5671,0.9679,,0.4008,64.86623845,13.92977053,314.3544734,-86.44552664,-27.49937856,
692,"11/12/24, Wed",46127,0,Estrella_55%_Leudiv_45%,N/A,0,N/A,N/A,N/A,N/A,Estrella_55%_Leudiv_45%,34,79,3,2,248,0.5894,0.9488,,0.3594,106.3593159,22.83568191,314.4173066,-44.98269344,-14.30668494,
693,"11/12/24, Wed",46127,0,CIAT17524,Aeschynomene,americana,Aeschynomene americana,Fabaceae,Fabales,Herbaceous,F260426,34,79,3,1,249,0.5883,0.7503,,0.162,304.8133003,65.29661861,249.9288464,87.9288464,35.18155174,
694,,46127,0,CIAT17524,Aeschynomene,americana,Aeschynomene americana,Fabaceae,Fabales,Herbaceous,F260426,34,79,3,2,250,0.5823,,Durante el proceso de FDN se abrió la bolsa en parte inferior y se perdió la muestra,,467.0932204,,,0,#DIV/0!,
695,,46127,0,CIAT7026,Aeschynomene,americana,Aeschynomene americana,Fabaceae,Fabales,Herbaceous,F260427,34,79,3,1,251,0.5824,0.7701,,0.1877,277.1196912,59.61875034,250.8331941,63.1331941,25.16939368,
696,,46127,0,CIAT7026,Aeschynomene,americana,Aeschynomene americana,Fabaceae,Fabales,Herbaceous,F260427,34,79,3,2,252,0.5884,0.7899,,0.2015,263.6913983,56.68449573,251.0337804,49.53378042,19.73191829,
697,,46127,0,CIAT508,Teramnus,uncinatus,Teramnus uncinatus,Fabaceae,Fabales,Climber,F260428,34,79,3,1,253,0.6151,0.8342,,0.2191,244.1740322,52.70617717,250.7534319,31.65343192,12.62332949,
698,,46127,0,CIAT508,Teramnus,uncinatus,Teramnus uncinatus,Fabaceae,Fabales,Climber,F260428,34,79,3,2,254,0.6187,0.9049,,0.2862,176.7037093,38.17288687,250.5529895,-35.64701047,-14.22733392,
699,,46127,0,CIAT795,Rhynchosia,reticulata,Rhynchosia reticulata,Fabaceae,Fabales,Climber,F260429,34,79,3,1,255,0.6062,0.9244,,0.3182,155.9092721,32.88467054,292.6963264,-25.50367359,-8.71335623,
700,,46127,0,CIAT795,Rhynchosia,reticulata,Rhynchosia reticulata,Fabaceae,Fabales,Climber,F260429,34,79,3,2,256,0.6131,1.0306,Residuo despues del click 8h,0.4175,56.70401817,11.95772621,292.7548189,-124.7451811,-42.61080367,
701,,46127,0,CIAT936,Teramnus,uncinatus,Teramnus uncinatus,Fabaceae,Fabales,Climber,F260430,34,79,3,1,257,0.6108,0.8631,,0.2523,214.9348417,46.00145848,256.6195508,4.319550814,1.683250867,
702,,46127,0,CIAT936,Teramnus,uncinatus,Teramnus uncinatus,Fabaceae,Fabales,Climber,F260430,34,79,3,2,258,0.5975,0.8719,,0.2744,193.1151826,41.30671897,256.7735225,-17.62647746,-6.864600867,
703,,46127,0,CIAT958,Canavalia,rosea,Canavalia rosea,Fabaceae,Fabales,Climber,F260431,34,79,3,1,259,0.5682,0.7423,,0.1741,294.3994251,62.83880179,222.9968868,48.89688677,21.92716117,
704,,46127,0,CIAT958,Canavalia,rosea,Canavalia rosea,Fabaceae,Fabales,Climber,F260431,34,79,3,2,260,0.6076,0.8432,,0.2356,232.8994251,49.71178461,222.9968868,-12.60311323,-5.651699183,
705,,46127,0,CIAT966,Teramnus,labialis,Teramnus labialis,Fabaceae,Fabales,Climber,F260432,34,79,3,1,261,0.5561,0.8405,,0.2844,180.3483088,38.80558689,248.3236703,-36.07632967,-14.52794638,
706,,46127,0,CIAT966,Teramnus,labialis,Teramnus labialis,Fabaceae,Fabales,Climber,F260432,34,79,3,2,262,0.557,0.8857,,0.3287,136.1411841,29.2876769,248.3732954,-80.32670464,-32.34111965,
707,,46127,0,CIAT4042,Centrosema,grazielae,Centrosema grazielae,Fabaceae,Fabales,Climber,F260433,34,79,3,1,263,0.5749,0.8329,,0.258,220.2527436,46.05362887,292.0666184,34.06661841,11.66398906,
708,,46127,0,CIAT4042,Centrosema,grazielae,Centrosema grazielae,Fabaceae,Fabales,Climber,F260433,34,79,3,2,264,0.5752,0.8261,,0.2509,227.2572077,47.52771767,292.0082751,41.1082751,14.07777745,
709,,46127,0,CIAT4862,Macrotyloma,daltonii,Macrotyloma daltonii,Fabaceae,Fabales,Climber,F260434,34,79,3,1,265,0.556,0.7994,,0.2434,216.8960112,47.12098431,240.697157,-2.702842989,-1.122922689,
710,,46127,0,CIAT4862,Macrotyloma,daltonii,Macrotyloma daltonii,Fabaceae,Fabales,Climber,F260434,34,79,3,2,266,0.5772,0.7664,,0.1892,271.0039888,58.88779659,240.6490368,51.44903683,21.37928226,
711,,46127,0,CIAT4986,Teramnus,labialis,Teramnus labialis,Fabaceae,Fabales,Climber,F260435,34,79,3,1,267,0.5565,0.7791,,0.2226,239.6174002,51.84084374,230.8180958,8.218095827,3.560420944,
712,,46127,0,CIAT4986,Teramnus,labialis,Teramnus labialis,Fabaceae,Fabales,Climber,F260435,34,79,3,2,268,0.5611,0.7881,,0.227,234.940236,50.85944408,230.679688,3.679688014,1.595150421,
713,,46127,0,CIAT5098,Centrosema,schottii,Centrosema schottii,Fabaceae,Fabales,Climber,F260436,34,79,3,1,269,0.5638,0.828,,0.2642,207.045656,43.93582272,249.886294,-14.31370601,-5.728087676,
714,,46127,0,CIAT5098,Centrosema,schottii,Centrosema schottii,Fabaceae,Fabales,Climber,F260436,34,79,3,2,270,0.5593,0.8131,,0.2538,217.445656,46.14273962,249.886294,-3.91370601,-1.566194747,
715,,46127,0,CIAT5121,Centrosema,grazielae,Centrosema grazielae,Fabaceae,Fabales,Climber,F260437,34,79,3,1,271,0.5672,0.8386,,0.2714,200.7873338,42.52281233,265.770263,-5.629736966,-2.118271962,
716,,46127,0,CIAT5121,Centrosema,grazielae,Centrosema grazielae,Fabaceae,Fabales,Climber,F260437,34,79,3,2,272,0.5614,0.8783,,0.3169,155.0985721,32.85996638,265.6640187,-51.23598133,-19.28600703,
717,,46127,0,CIAT5166,Centrosema,schottii,Centrosema schottii,Fabaceae,Fabales,Climber,F260438,34,79,3,1,273,0.5915,0.8336,Muestras despues derl click 8h,0.2421,230.9822626,48.82496785,261.9797911,19.87979111,7.588291839,
718,,46127,0,CIAT5166,Centrosema,schottii,Centrosema schottii,Fabaceae,Fabales,Climber,F260438,34,79,3,2,274,0.5594,0.782,,0.2226,250.1986401,52.91864631,261.8227289,39.22272889,14.98064322,
719,,46127,0,CIAT5196,Centrosema,pascuorum,Centrosema pascuorum,Fabaceae,Fabales,Climber,F260439,34,79,3,1,275,0.6008,0.8943,,0.2935,174.693566,37.31225259,254.2441391,-39.25586087,-15.44022254,
720,,46127,0,CIAT5196,Centrosema,pascuorum,Centrosema pascuorum,Fabaceae,Fabales,Climber,F260439,34,79,3,2,276,0.5824,0.8195,,0.2371,230.9999647,49.348426,254.1933106,17.09331063,6.724532045,
721,,46127,0,CIAT5217,Centrosema,pascuorum,Centrosema pascuorum,Fabaceae,Fabales,Climber,F260440,34,79,3,1,277,0.5999,0.8477,,0.2478,220.2516764,47.05712798,269.1199667,21.3199667,7.922105135,
722,,46127,0,CIAT5217,Centrosema,pascuorum,Centrosema pascuorum,Fabaceae,Fabales,Climber,F260440,34,79,3,2,278,0.5998,0.8848,,0.285,183.145268,39.1214609,269.1737799,-15.82622007,-5.879554863,
723,,46127,0,CIAT5236,Centrosema,arenarium,Centrosema arenarium,Fabaceae,Fabales,Climber,F260441,34,79,3,1,279,0.5894,0.8255,,0.2361,238.1857006,50.21987809,285.8451269,49.74512694,17.40282491,
724,,46127,0,CIAT5236,Centrosema,arenarium,Centrosema arenarium,Fabaceae,Fabales,Climber,F260441,34,79,3,2,280,0.5839,0.8468,,0.2629,211.3857006,44.56927551,285.8451269,22.94512694,8.027118457,
725,,46127,0,CIAT5325,Centrosema,virginianum,Centrosema virginianum,Fabaceae,Fabales,Climber,F260442,34,79,3,1,281,0.5759,0.8557,,0.2798,190.0767464,40.45246926,278.8340811,-0.965918873,-0.346413491,
726,,46127,0,CIAT5325,Centrosema,virginianum,Centrosema virginianum,Fabaceae,Fabales,Climber,F260442,34,79,3,2,282,0.5824,0.8759,,0.2935,176.5646595,37.56178133,278.9455925,-14.55440754,-5.217651017,
727,,46127,0,CIAT5383,Periandra,coccinea,Periandra coccinea,Fabaceae,Fabales,Climber,F260443,34,79,3,1,283,0.6085,0.9091,,0.3006,179.087525,37.33420522,284.431205,-16.16879497,-5.68460657,
728,,46127,0,CIAT5383,Periandra,coccinea,Periandra coccinea,Fabaceae,Fabales,Climber,F260443,34,79,3,2,284,0.5928,0.8419,,0.2491,230.4916833,48.05998339,284.3743756,35.27437562,12.40420328,
729,,46127,0,CIAT5484,Centrosema,vexillatum,Centrosema vexillatum,Fabaceae,Fabales,Climber,F260444,34,79,3,1,285,0.5586,0.8971,,0.3385,139.4716608,29.1799017,286.371031,-52.12896896,-18.20329688,
730,,46127,0,CIAT5484,Centrosema,vexillatum,Centrosema vexillatum,Fabaceae,Fabales,Climber,F260444,34,79,3,2,286,0.5547,0.8389,,0.2842,193.962773,40.56417269,286.4855336,2.285533649,0.797783267,
731,,46127,0,CIAT5504,Centrosema,pascuorum,Centrosema pascuorum,Fabaceae,Fabales,Climber,F260445,34,79,3,1,287,0.5698,0.8797,,0.3099,167.3227032,35.0617651,303.246725,-6.653274967,-2.194013791,
732,,46127,0,CIAT5504,Centrosema,pascuorum,Centrosema pascuorum,Fabaceae,Fabales,Climber,F260445,34,79,3,2,288,0.5909,0.9368,,0.3459,131.1318904,27.48912454,303.1254748,-42.77452516,-14.11116145,
733,,46127,0,CIAT5599,Centrosema,arenarium,Centrosema arenarium,Fabaceae,Fabales,Climber,F260446,34,79,3,1,289,0.6122,0.88,,0.2678,201.9393026,42.98965436,274.4311817,6.631181675,2.416336815,
734,,46127,0,CIAT5599,Centrosema,arenarium,Centrosema arenarium,Fabaceae,Fabales,Climber,F260446,34,79,3,2,290,0.5694,0.8475,,0.2781,191.357628,40.76142693,274.2666217,-3.833378298,-1.397683128,
735,,46127,0,CIAT5850,Centrosema,brachypodum,Centrosema brachypodum,Fabaceae,Fabales,Climber,F260447,34,79,3,1,291,0.5682,0.8339,,0.2657,211.3848192,44.30759704,289.7632441,24.06324409,8.304450127,
736,,46127,0,CIAT5850,Centrosema,brachypodum,Centrosema brachypodum,Fabaceae,Fabales,Climber,F260447,34,79,3,2,292,0.5754,0.8738,,0.2984,178.3987972,37.4159495,289.5895251,-8.810474879,-3.042401093,
737,,46127,0,CIAT5984,Centrosema,pubescens,Centrosema pubescens,Fabaceae,Fabales,Climber,F260448,34,79,3,1,293,0.5708,0.835,,0.2642,212.0392266,44.52367943,296.5765904,32.37659045,10.91677209,
738,,46127,0,CIAT5984,Centrosema,pubescens,Centrosema pubescens,Fabaceae,Fabales,Climber,F260448,34,79,3,2,294,0.5939,0.876,,0.2821,193.9488451,40.74137499,296.4580309,14.35803095,4.843191766,
739,,46127,0,CIAT5989,Centrosema,grandiflorum,Centrosema grandiflorum,Fabaceae,Fabales,Climber,F260449,34,79,3,1,295,0.5942,0.8605,,0.2663,207.2338932,43.76326514,278.8019599,12.50195986,4.484172158,
740,,46127,0,CIAT5989,Centrosema,grandiflorum,Centrosema grandiflorum,Fabaceae,Fabales,Climber,F260449,34,79,3,2,296,0.5567,0.8091,,0.2524,221.0392621,46.68798721,278.746244,26.34624404,9.451694724,
741,,46127,0,CIAT7146,Rhynchosia,reticulata,Rhynchosia reticulata,Fabaceae,Fabales,Climber,F260450,34,79,3,1,297,0.5608,0.9473,,0.3865,86.12774668,18.22316766,312.4496759,-74.05032406,-23.69992026,
742,,46127,0,CIAT7146,Rhynchosia,reticulata,Rhynchosia reticulata,Fabaceae,Fabales,Climber,F260450,34,79,3,2,298,0.5811,0.9537,,0.3726,100.1222533,21.17993232,312.5121534,-60.08784662,-19.22736315,
743,,46127,0,CIAT7177,Canavalia,rosea,Canavalia rosea,Fabaceae,Fabales,Climber,F260451,34,79,3,1,299,0.5682,0.8871,,0.3189,154.3532483,32.6153595,254.4620967,-64.4379033,-25.32318335,
744,,46127,0,CIAT7177,Canavalia,rosea,Canavalia rosea,Fabaceae,Fabales,Climber,F260451,34,79,3,2,300,0.6049,0.8454,Embolo duro 8h,0.2405,232.2804678,49.13072422,254.2078888,13.70788881,5.39239316,
745,,46127,0,CIAT7320,Canavalia,dictyota,Canavalia dictyota,Fabaceae,Fabales,Climber,F260452,34,79,3,1,301,0.5628,0.814,,0.2512,217.4031491,46.39387283,218.4667213,-32.73327872,-14.98318761,
746,,46127,0,CIAT7320,Canavalia,dictyota,Canavalia dictyota,Fabaceae,Fabales,Climber,F260452,34,79,3,2,302,0.5683,0.817,,0.2487,219.9031491,46.9273733,218.4667213,-30.23327872,-13.83884856,
747,,46127,0,CIAT7821,Teramnus,labialis,Teramnus labialis,Fabaceae,Fabales,Climber,F260453,34,79,3,1,303,0.6084,0.847,,0.2386,230.41884,49.12784314,256.3975254,17.79752543,6.941379561,
748,,46127,0,CIAT7821,Teramnus,labialis,Teramnus labialis,Fabaceae,Fabales,Climber,F260453,34,79,3,2,304,0.584,0.8485,,0.2645,204.4250737,43.5944003,256.3462664,-8.153733576,-3.180749885,
749,,46127,0,CIAT8384,Canavalia,dictyota,Canavalia dictyota,Fabaceae,Fabales,Climber,F260454,34,79,3,1,305,0.5363,0.7937,,0.2574,205.6805166,44.41571373,242.8026223,-14.59737768,-6.012034606,
750,,46127,0,CIAT8384,Canavalia,dictyota,Canavalia dictyota,Fabaceae,Fabales,Climber,F260454,34,79,3,2,306,0.5575,0.7692,,0.2117,251.750981,54.32095115,242.9968644,31.29686442,12.87953427,
751,,46127,0,CIAT8772,Canavalia,bicarinata,Canavalia bicarinata,Fabaceae,Fabales,Climber,F260455,34,79,3,1,307,0.5805,0.7915,,0.211,258.417318,55.05065708,236.7327823,25.73278226,10.86996993,
752,,46127,0,CIAT8772,Canavalia,bicarinata,Canavalia bicarinata,Fabaceae,Fabales,Climber,F260455,34,79,3,2,308,0.5603,,Durante el proceso de filtración se rompio la bolsa en la parte inferior y se perdió la muestra,,469.5111639,,,0,#DIV/0!,
753,,46127,0,Sample 8,Cynodon,nlemfuensis,Cynodon nlemfuensis ,Poaceae,Poales,Grasses,F250008,34,79,3,1,309,0.5583,0.8399,,0.2816,187.335872,39.94914512,356.6257307,75.02573068,21.03766617,
754,,46127,0,Sample 8,Cynodon,nlemfuensis,Cynodon nlemfuensis ,Poaceae,Poales,Grasses,F250008,34,79,3,2,310,0.5749,0.8553,,0.2804,188.4421411,40.19308944,356.5544483,76.1544483,21.3584345,
755,,46127,0,BLANK 24 H,BLANK,24,BLANK 24 H,0,0,0,BLANK 24 H,34,79,3,1,311,,,,,,,,,,
756,,46127,0,BLANK 24 H,BLANK,24,BLANK 24 H,0,0,0,BLANK 24 H,34,79,3,2,312,,,,,,,,,,
757,,46132,0,BLANK 24 H,BLANK,24,BLANK 24 H,0,0,0,0,35,80,1,1,1,,,,,,,,,,
758,,46132,0,BLANK 24 H,BLANK,24,BLANK 24 H,0,0,0,0,35,80,1,2,2,,,,,,,,,,
759,,46132,0,CIAT8808,Galactia,jussiaeana,Galactia jussiaeana,Fabaceae,Fabales,Climber,F260456,35,80,1,1,3,0.5714,0.8982,,0.3268,138.7860924,29.80889994,291.1106162,-35.68938379,-12.25973283,
760,,46132,0,CIAT8808,Galactia,jussiaeana,Galactia jussiaeana,Fabaceae,Fabales,Climber,F260456,35,80,1,2,4,0.5777,0.9046,,0.3269,138.7791538,29.80145293,291.1688034,-35.73119658,-12.27164317,
761,,46132,0,CIAT9177,Vigna,gentryi,Vigna gentryi,Fabaceae,Fabales,Climber,F260457,35,80,1,1,5,0.5783,0.7491,,0.1708,297.7312937,63.54565804,246.5511818,75.75118183,30.72432315,
762,,46132,0,CIAT9177,Vigna,gentryi,Vigna gentryi,Fabaceae,Fabales,Climber,F260457,35,80,1,2,6,0.5556,0.7477,,0.1921,276.8061188,59.03231109,246.7484228,54.64842278,22.14742537,
763,,46132,0,CIAT9389,Rhynchosia,reticulata,Rhynchosia reticulata,Fabaceae,Fabales,Climber,F260458,35,80,1,1,7,0.5528,0.9329,,0.3801,91.9050807,19.47120581,292.9928013,-87.10719867,-29.73014978,
764,,46132,0,CIAT9389,Rhynchosia,reticulata,Rhynchosia reticulata,Fabaceae,Fabales,Climber,F260458,35,80,1,2,8,0.5432,0.9038,,0.3606,111.0278539,23.54141151,292.7586412,-67.84135875,-23.17313623,
765,,46132,0,CIAT9992,Canavalia,dictyota,Canavalia dictyota,Fabaceae,Fabales,Climber,F260459,35,80,1,1,9,0.5706,0.7519,,0.1813,288.3957017,61.40054095,204.5028542,23.20285418,11.34598061,
766,,46132,0,CIAT9992,Canavalia,dictyota,Canavalia dictyota,Fabaceae,Fabales,Climber,F260459,35,80,1,2,10,0.5326,0.7188,,0.1862,282.9327424,60.30974111,204.2577449,18.05774489,8.840665942,
767,,46132,0,CIAT15023,Centrosema,virginianum,Centrosema virginianum,Fabaceae,Fabales,Climber,F260460,35,80,1,1,11,0.5408,0.7737,,0.2329,236.010862,50.33171145,267.520302,34.62030202,12.9411868,
768,,46132,0,CIAT15023,Centrosema,virginianum,Centrosema virginianum,Fabaceae,Fabales,Climber,F260460,35,80,1,2,12,0.5761,0.8312,,0.2551,213.6234102,45.57557944,267.4133581,12.31335807,4.604615923,
769,,46132,0,CIAT15027,Centrosema,brachypodum,Centrosema brachypodum,Fabaceae,Fabales,Climber,F260461,35,80,1,1,13,0.5218,0.7892,,0.2674,203.6442009,43.23250355,280.1664593,12.7664593,4.556740779,
770,,46132,0,CIAT15027,Centrosema,brachypodum,Centrosema brachypodum,Fabaceae,Fabales,Climber,F260461,35,80,1,2,14,0.5586,0.8245,,0.2659,205.238372,43.56222805,280.2224702,14.32247019,5.111106964,
771,,46132,0,CIAT15055,Centrosema,vexillatum,Centrosema vexillatum,Fabaceae,Fabales,Climber,F260462,35,80,1,1,15,0.5408,0.8321,,0.2913,181.7594116,38.42211087,288.9058065,-2.394193484,-0.828710753,
772,,46132,0,CIAT15055,Centrosema,vexillatum,Centrosema vexillatum,Fabaceae,Fabales,Climber,F260462,35,80,1,2,16,0.553,0.8268,,0.2738,199.3540235,42.1330082,288.9635877,15.16358768,5.247577316,
773,,46132,0,CIAT15079,Centrosema,vexillatum,Centrosema vexillatum,Fabaceae,Fabales,Climber,F260463,35,80,1,1,17,0.5732,0.8814,,0.3082,157.0074514,33.74998636,317.9836514,9.783651376,3.076778109,
774,,46132,0,CIAT15079,Centrosema,vexillatum,Centrosema vexillatum,Fabaceae,Fabales,Climber,F260463,35,80,1,2,18,0.5803,0.8337,,0.2534,211.7144657,45.51878759,317.9200928,64.52009278,20.29443695,
775,,46132,0,CIAT15234,Centrosema,platycarpum,Centrosema platycarpum,Fabaceae,Fabales,Climber,F260464,35,80,1,1,19,0.565,0.859,,0.294,179.7196944,37.93798242,268.6780375,-25.32196249,-9.424649191,
776,,46132,0,CIAT15234,Centrosema,platycarpum,Centrosema platycarpum,Fabaceae,Fabales,Climber,F260464,35,80,1,2,20,0.5496,0.8206,,0.271,202.5303201,42.77029612,268.5706307,-2.42936926,-0.904555071,
777,,46132,0,CIAT15252,Centrosema,bifidum,Centrosema bifidum,Fabaceae,Fabales,Climber,F260465,35,80,1,1,21,0.5618,0.8176,,0.2558,221.3873431,46.39421944,274.6873356,18.88733563,6.875939725,
778,,46132,0,CIAT15252,Centrosema,bifidum,Centrosema bifidum,Fabaceae,Fabales,Climber,F260465,35,80,1,2,22,0.5632,0.8522,,0.289,188.1873431,39.43678428,274.6873356,-14.31266437,-5.210529396,
779,,46132,0,CIAT15254,Centrosema,bifidum,Centrosema bifidum,Fabaceae,Fabales,Climber,F260466,35,80,1,1,23,0.5684,0.9053,,0.3369,133.0408956,28.31013365,294.5247528,-42.37524722,-14.38766922,
780,,46132,0,CIAT15254,Centrosema,bifidum,Centrosema bifidum,Fabaceae,Fabales,Climber,F260466,35,80,1,2,24,0.5642,0.8662,,0.302,167.846945,35.72374936,294.4658714,-7.534128613,-2.558574472,
781,,46132,0,CIAT15349,Centrosema,schottii,Centrosema schottii,Fabaceae,Fabales,Climber,F260467,35,80,1,1,25,0.5703,0.8214,,0.2511,213.8517695,45.99439845,263.8689606,12.76896065,4.839129474,
782,,46132,0,CIAT15349,Centrosema,schottii,Centrosema schottii,Fabaceae,Fabales,Climber,F260467,35,80,1,2,26,0.5641,0.8283,,0.2642,200.8447412,43.18826199,263.9217239,-0.278276114,-0.105438882,
783,,46132,0,CIAT15444,Centrosema,tetragonolobum,Centrosema tetragonolobum,Fabaceae,Fabales,Climber,F260468,35,80,1,1,27,0.5695,0.8284,,0.2589,212.6721422,45.0985381,263.074204,4.174204021,1.586702139,
784,,46132,0,CIAT15444,Centrosema,tetragonolobum,Centrosema tetragonolobum,Fabaceae,Fabales,Climber,F260468,35,80,1,2,28,0.5754,0.8051,,0.2297,241.7778655,51.2808518,263.0216102,33.32161022,12.6687728,
785,,46132,0,CIAT15837,Centrosema,tetragonolobum,Centrosema tetragonolobum,Fabaceae,Fabales,Climber,F260469,35,80,1,1,29,0.526,0.7996,,0.2736,199.1416564,42.12483789,283.0254995,9.425499493,3.330265121,
786,,46132,0,CIAT15837,Centrosema,tetragonolobum,Centrosema tetragonolobum,Fabaceae,Fabales,Climber,F260469,35,80,1,2,30,0.5523,0.8539,,0.3016,171.1416564,36.20194118,283.0254995,-18.57450051,-6.562836402,
787,,46132,0,CIAT17152,Macrotyloma,uniflorum,Macrotyloma uniflorum,Fabaceae,Fabales,Climber,F260470,35,80,1,1,31,0.5437,0.7356,,0.1919,270.0634094,58.45991347,206.0301912,14.1301912,6.858310969,
788,,46132,0,CIAT17152,Macrotyloma,uniflorum,Macrotyloma uniflorum,Fabaceae,Fabales,Climber,F260470,35,80,1,2,32,0.5831,0.8395,,0.2564,205.4710721,44.4866727,205.9890099,-50.41099013,-24.47266005,
789,,46132,0,CIAT17155,Macrotyloma,uniflorum,Macrotyloma uniflorum,Fabaceae,Fabales,Climber,F260471,35,80,1,1,33,0.5521,0.8349,,0.2828,182.6558509,39.2423579,250.7238511,-32.07614886,-12.79341742,
790,,46132,0,CIAT17155,Macrotyloma,uniflorum,Macrotyloma uniflorum,Fabaceae,Fabales,Climber,F260471,35,80,1,2,34,0.5231,0.8151,,0.292,173.3628155,37.25325912,250.6737364,-41.32626356,-16.48607634,
791,,46132,0,CIAT17173,Macrotyloma,daltonii,Macrotyloma daltonii,Fabaceae,Fabales,Climber,F260472,35,80,1,1,35,0.5515,0.7455,,0.194,275.8424355,58.7095619,252.3359993,58.33599929,23.11838162,
792,,46132,0,CIAT17173,Macrotyloma,daltonii,Macrotyloma daltonii,Fabaceae,Fabales,Climber,F260472,35,80,1,2,36,0.5288,0.7419,,0.2131,256.8363664,54.65343497,252.3864463,39.28644631,15.56598894,
793,,46132,0,CIAT17210,Neonotonia,wightii,Neonotonia wightii,Fabaceae,Fabales,Climber,F260473,35,80,1,1,37,0.5458,0.7232,,0.1774,287.34295,61.82836125,248.3911028,70.99110277,28.58037264,
794,,46132,0,CIAT17210,Neonotonia,wightii,Neonotonia wightii,Fabaceae,Fabales,Climber,F260473,35,80,1,2,38,0.546,0.7907,,0.2447,219.8571271,47.32617676,248.2917861,3.591786051,1.446598821,
795,,46132,0,CIAT17555,Vigna,adenantha,Vigna adenantha,Fabaceae,Fabales,Climber,F260474,35,80,1,1,39,0.5548,0.7646,,0.2098,258.8249772,55.23072602,233.3081479,23.50814787,10.0760081,
796,,46132,0,CIAT17555,Vigna,adenantha,Vigna adenantha,Fabaceae,Fabales,Climber,F260474,35,80,1,2,40,0.5362,0.7475,,0.2113,257.3249772,54.91064064,233.3081479,22.00814787,9.433081559,
797,,46132,0,CIAT17565,Canavalia,bicarinata,Canavalia bicarinata,Fabaceae,Fabales,Climber,F260475,35,80,1,1,41,0.5429,0.745,,0.2021,265.1369013,56.74571092,224.5809798,22.48097984,10.01018869,
798,,46132,0,CIAT17565,Canavalia,bicarinata,Canavalia bicarinata,Fabaceae,Fabales,Climber,F260475,35,80,1,2,42,0.5714,0.8038,,0.2324,234.6501187,50.24088621,224.4912013,-7.908798682,-3.522988267,
799,,46132,0,CIAT17570,Calopogonium,velutinum,Calopogonium velutinum,Fabaceae,Fabales,Climber,F260476,35,80,1,1,43,0.5417,0.7532,,0.2115,265.3762945,55.64887531,254.9536587,43.45365873,17.04374785,
800,,46132,0,CIAT17570,Calopogonium,velutinum,Calopogonium velutinum,Fabaceae,Fabales,Climber,F260476,35,80,1,2,44,0.5338,0.7328,,0.199,277.3999898,58.22837862,254.6990106,55.69901065,21.86856184,
801,,46132,0,CIAT18061,Galactia,elliptifoliola,Galactia elliptifoliola,Fabaceae,Fabales,Climber,F260477,35,80,1,1,45,0.58,0.8748,,0.2948,176.5942412,37.46211255,300.4970038,5.697003799,1.895860434,
802,,46132,0,CIAT18061,Galactia,elliptifoliola,Galactia elliptifoliola,Fabaceae,Fabales,Climber,F260477,35,80,1,2,46,0.5811,0.8252,,0.2441,227.4827235,48.23813769,300.6171545,56.51715454,18.80037572,
803,,46132,0,CIAT18068,Galactia,elliptifoliola,Galactia elliptifoliola,Fabaceae,Fabales,Climber,F260478,35,80,1,1,47,0.5529,0.8031,,0.2502,224.0461943,47.24259193,292.4993902,42.29939019,14.46136013,
804,,46132,0,CIAT18068,Galactia,elliptifoliola,Galactia elliptifoliola,Fabaceae,Fabales,Climber,F260478,35,80,1,2,48,0.5546,0.7297,,0.1751,299.051383,63.07086592,292.4409137,117.3409137,40.12465705,
805,,46132,0,CIAT18658,Periandra,densiflora,Periandra densiflora,Fabaceae,Fabales,Climber,F260479,35,80,1,1,49,0.5755,0.8278,,0.2523,220.0569157,46.58699987,295.5901154,43.29011542,14.64531903,
806,,46132,0,CIAT18658,Periandra,densiflora,Periandra densiflora,Fabaceae,Fabales,Climber,F260479,35,80,1,2,50,0.5709,0.8407,,0.2698,202.6513871,42.89359554,295.6492334,25.84923344,8.743210033,
807,,46132,0,CIAT18857,Neonotonia,wightii,Neonotonia wightii,Fabaceae,Fabales,Climber,F260480,35,80,1,1,51,0.5928,0.84,,0.2472,221.345193,47.24094843,289.9920649,42.79206494,14.75628823,
808,,46132,0,CIAT18857,Neonotonia,wightii,Neonotonia wightii,Fabaceae,Fabales,Climber,F260480,35,80,1,2,52,0.5708,0.7662,,0.1954,273.4262077,58.32144262,290.1659906,94.76599061,32.65923426,
809,,46132,0,CIAT19215,Macrotyloma,axillare,Macrotyloma axillare,Fabaceae,Fabales,Climber,F260481,35,80,1,1,53,0.5555,0.7992,,0.2437,217.2960904,47.13621111,280.6303076,36.93030759,13.15977163,
810,,46132,0,CIAT19215,Macrotyloma,axillare,Macrotyloma axillare,Fabaceae,Fabales,Climber,F260481,35,80,1,2,54,0.5596,0.7828,,0.2232,237.8882712,51.592783,280.6864224,57.48642243,20.48065665,
811,,46132,0,CIAT19445,Galactia,dubia,Galactia dubia,Fabaceae,Fabales,Climber,F260482,35,80,1,1,55,0.5788,0.8402,,0.2614,206.0569019,44.08040636,302.5779334,41.17793336,13.60903385,
812,,46132,0,CIAT19445,Galactia,dubia,Galactia dubia,Fabaceae,Fabales,Climber,F260482,35,80,1,2,56,0.5791,0.7992,,0.2201,247.3569019,52.91544545,302.5779334,82.47793336,27.25840991,
813,,46132,0,CIAT19826,Dunbaria,nivea,Dunbaria nivea,Fabaceae,Fabales,Climber,F260483,35,80,1,1,57,0.5809,0.8596,,0.2787,190.1608024,40.55805079,311.3242442,32.6242442,10.47918522,
814,,46132,0,CIAT19826,Dunbaria,nivea,Dunbaria nivea,Fabaceae,Fabales,Climber,F260483,35,80,1,2,58,0.5878,0.8971,,0.3093,159.2797108,33.99202038,311.137599,1.837598965,0.590606526,
815,,46132,0,CIAT20820,Canavalia,gladiata,Canavalia gladiata,Fabaceae,Fabales,Climber,F260484,35,80,1,1,59,0.5489,0.7186,,0.1697,291.6343315,63.21539751,260.520253,90.82025303,34.8611104,
816,,46132,0,CIAT20820,Canavalia,gladiata,Canavalia gladiata,Fabaceae,Fabales,Climber,F260484,35,80,1,2,60,0.5721,0.751,,0.1789,282.4343315,61.22118217,260.520253,81.62025303,31.32971509,
817,,46132,0,CIAT21015,Galactia,elliptifoliola,Galactia elliptifoliola,Fabaceae,Fabales,Climber,F260485,35,80,1,1,61,0.5678,0.8084,,0.2406,226.6766595,48.51016093,331.9452765,91.34527654,27.51817332,
818,,46132,0,CIAT21015,Galactia,elliptifoliola,Galactia elliptifoliola,Fabaceae,Fabales,Climber,F260485,35,80,1,2,62,0.57,0.8429,,0.2729,194.4700961,41.60944351,332.0116523,59.11165232,17.80408968,
819,,46132,0,CIAT21037,Dolichos,trilobus,Dolichos trilobus,Fabaceae,Fabales,Climber,F260486,35,80,1,1,63,0.6157,0.7568,,0.1411,328.5408078,69.95576243,245.9533164,104.8533164,42.63138953,
820,,46132,0,CIAT21037,Dolichos,trilobus,Dolichos trilobus,Fabaceae,Fabales,Climber,F260486,35,80,1,2,64,0.5528,0.6917,,0.1389,330.4591922,70.40646006,245.8058329,106.9058329,43.49198374,
821,,46132,0,CIAT21038,Dolichos,trilobus,Dolichos trilobus,Fabaceae,Fabales,Climber,F260487,35,80,1,1,65,0.5737,0.8325,,0.2588,200.5209137,43.65595115,284.8417583,26.04175826,9.142535288,
822,,46132,0,CIAT21038,Dolichos,trilobus,Dolichos trilobus,Fabaceae,Fabales,Climber,F260487,35,80,1,2,66,0.5731,0.7759,,0.2028,256.7045686,55.86550954,284.9556494,82.15564941,28.83103023,
823,,46132,0,CIAT21236,Canavalia,mattogrossensis,Canavalia mattogrossensis,Fabaceae,Fabales,Climber,F260488,35,80,1,1,67,0.5785,0.8074,,0.2289,225.6885916,49.6467786,251.9250937,23.02509367,9.139658672,
824,,46132,0,CIAT21236,Canavalia,mattogrossensis,Canavalia mattogrossensis,Fabaceae,Fabales,Climber,F260488,35,80,1,2,68,0.5837,0.8057,,0.222,232.4977102,51.15486943,251.8747288,29.8747288,11.86094728,
825,,46132,0,CIAT21829,Rhynchosia,minima,Rhynchosia minima,Fabaceae,Fabales,Climber,F260489,35,80,1,1,69,0.5795,0.8952,,0.3157,149.1017695,32.07857183,297.6746235,-18.02537646,-6.055395736,
826,,46132,0,CIAT21829,Rhynchosia,minima,Rhynchosia minima,Fabaceae,Fabales,Climber,F260489,35,80,1,2,70,0.565,0.8865,,0.3215,143.3017695,30.83072804,297.6746235,-23.82537646,-8.003831895,
827,,46132,0,CIAT22034,Rhynchosia,minima,Rhynchosia minima,Fabaceae,Fabales,Climber,F260490,35,80,1,1,71,0.5727,0.9182,,0.3455,124.1581558,26.43585643,294.5704491,-50.92955092,-17.28942977,
828,,46132,0,CIAT22034,Rhynchosia,minima,Rhynchosia minima,Fabaceae,Fabales,Climber,F260490,35,80,1,2,72,0.5671,0.9189,,0.3518,117.7642805,25.07948014,294.5115703,-57.28842968,-19.45201325,
829,,46132,0,CIAT22080,Cajanus,crassus,Cajanus crassus,Fabaceae,Fabales,Climber,F260491,35,80,1,1,73,0.5711,0.8884,Embolo duro 0h,0.3173,155.7682023,32.92721886,288.8502344,-28.44976555,-9.849313644,
830,,46132,0,CIAT22080,Cajanus,crassus,Cajanus crassus,Fabaceae,Fabales,Climber,F260491,35,80,1,2,74,0.5672,0.906,Embolo duro 0h,0.3388,133.9845316,28.33944908,288.6770282,-50.12297177,-17.36299285,
831,,46132,0,CIAT22188,Rhynchosia,minima,Rhynchosia minima,Fabaceae,Fabales,Climber,F260492,35,80,1,1,75,0.5597,0.8788,,0.3191,147.7633355,31.65023343,278.0128908,-41.08710924,-14.77885041,
832,,46132,0,CIAT22188,Rhynchosia,minima,Rhynchosia minima,Fabaceae,Fabales,Climber,F260492,35,80,1,2,76,0.552,0.912,,0.36,106.8633355,22.88963972,278.0128908,-81.98710924,-29.49039845,
833,,46132,0,BLANK 8 H,BLANK,8,BLANK 8 H,0,0,0,BLANK 8 H,35,80,1,1,77,,,,,,,,,,
834,,46132,0,BLANK 8 H,BLANK,8,BLANK 8 H,0,0,0,BLANK 8 H,35,80,1,2,78,,,,,,,,,,
835,,46132,0,CIAT22283,Cajanus,scarabaeoides,Cajanus scarabaeoides,Fabaceae,Fabales,Climber,F260493,35,80,1,1,79,0.5411,0.9185,,0.3774,82.80393921,17.99287928,293.8146622,-83.58533781,-28.44832085,
836,,46132,0,CIAT22283,Cajanus,scarabaeoides,Cajanus scarabaeoides,Fabaceae,Fabales,Climber,F260493,35,80,1,2,80,0.5631,0.9266,,0.3635,96.98006158,21.06064294,293.990951,-69.50904901,-23.64326139,
837,,46132,0,CIAT22525,Dolichos,trilobus,Dolichos trilobus,Fabaceae,Fabales,Climber,F260494,35,80,1,1,81,0.5748,0.7981,,0.2233,242.4146428,52.052184,216.6209503,-6.679049681,-3.083288884,
838,,46132,0,CIAT22525,Dolichos,trilobus,Dolichos trilobus,Fabaceae,Fabales,Climber,F260494,35,80,1,2,82,0.5869,0.7628,,0.1759,290.0008169,62.24518318,216.7075467,40.80754674,18.83069942,
839,,46132,0,CIAT24002,Neonotonia,wightii,Neonotonia wightii,Fabaceae,Fabales,Climber,F260495,35,80,1,1,83,0.5824,0.8512,,0.2688,196.8704544,42.27677589,268.6718415,-0.128158534,-0.047700769,
840,,46132,0,CIAT24002,Neonotonia,wightii,Neonotonia wightii,Fabaceae,Fabales,Climber,F260495,35,80,1,2,84,0.5666,0.8402,,0.2736,191.8843723,41.22251652,268.5644801,-5.035519909,-1.874976135,
841,,46132,0,CIAT24024,Vigna,adenantha,Vigna adenantha,Fabaceae,Fabales,Climber,F260496,35,80,1,1,85,0.5973,0.7973,,0.2,264.9037064,56.98033867,211.0869028,11.08690283,5.252293099,
842,,46132,0,CIAT24024,Vigna,adenantha,Vigna adenantha,Fabaceae,Fabales,Climber,F260496,35,80,1,2,86,0.557,0.7491,,0.1921,272.6178936,58.66309375,211.0025356,18.90253556,8.958440008,
843,,46132,0,CIAT24082,Vigna,gentryi,Vigna gentryi,Fabaceae,Fabales,Climber,F260497,35,80,1,1,87,0.5896,0.8396,,0.25,222.0185981,47.03598524,248.6775046,-1.32249543,-0.531811445,
844,,46132,0,CIAT24082,Vigna,gentryi,Vigna gentryi,Fabaceae,Fabales,Climber,F260497,35,80,1,2,88,0.5906,0.876,,0.2854,186.2414359,39.48792911,248.478801,-36.92119899,-14.85889293,
845,,46132,0,CIAT25102,Centrosema,arenarium,Centrosema arenarium,Fabaceae,Fabales,Climber,F260498,35,80,1,1,89,0.5774,0.8348,,0.2574,209.8332397,44.9097414,267.2852126,9.885212587,3.698376162,
846,,46132,0,CIAT25102,Centrosema,arenarium,Centrosema arenarium,Fabaceae,Fabales,Climber,F260498,35,80,1,2,90,0.5747,0.8854,,0.3107,156.9070263,33.55531835,267.4990408,-43.20095924,-16.14994922,
847,,46132,0,CIAT25124,Centrosema,capitatum,Centrosema capitatum,Fabaceae,Fabales,Climber,F260499,35,80,1,1,91,0.5909,0.8669,,0.276,191.9032087,41.01344149,285.5321118,9.532111826,3.338367711,
848,,46132,0,CIAT25124,Centrosema,capitatum,Centrosema capitatum,Fabaceae,Fabales,Climber,F260499,35,80,1,2,92,0.5571,0.8261,,0.269,198.9032087,42.50947739,285.5321118,16.53211183,5.789930849,
849,,46132,0,CIAT25156,Centrosema,platycarpum,Centrosema platycarpum,Fabaceae,Fabales,Climber,F260500,35,80,1,1,93,0.5662,0.8531,,0.2869,184.2249972,39.10321004,275.4815772,-11.41842285,-4.144895266,
850,,46132,0,CIAT25156,Centrosema,platycarpum,Centrosema platycarpum,Fabaceae,Fabales,Climber,F260500,35,80,1,2,94,0.5618,0.8755,,0.3137,157.6134095,33.44131661,275.5917477,-38.10825225,-13.82779149,
851,,46132,0,CIAT-BR06_423_Temp_B,Urochloa,interespecifico,Urochloa interespecifico,Poaceae,Poales,grasses,F261074,35,80,1,1,95,0.5723,0.7575,,0.1852,282.351632,60.38940144,258.8535851,73.65358507,28.45376279,
852,,46132,0,CIAT-BR06_423_Temp_B,Urochloa,interespecifico,Urochloa interespecifico,Poaceae,Poales,grasses,F261074,35,80,1,2,96,0.5688,0.7911,,0.2223,245.3451236,52.46395423,258.9053454,36.60534543,14.13850509,
853,,46132,0,CIAT_MulatoII_Temp_C,Urochloa,interespecifico,Urochloa interespecifico,Poaceae,Poales,grasses,F261075,35,80,1,1,97,0.5931,0.8074,,0.2143,259.5627241,54.77593212,274.8551223,60.55512233,22.03165137,
854,,46132,0,CIAT_MulatoII_Temp_C,Urochloa,interespecifico,Urochloa interespecifico,Poaceae,Poales,grasses,F261075,35,80,1,2,98,0.5343,0.7239,,0.1896,284.2627241,59.98841218,274.8551223,85.25512233,31.01820392,
855,,46132,0,CIAT-BR06_423_Opt_F,Urochloa,interespecifico,Urochloa interespecifico,Poaceae,Poales,grasses,F261076,35,80,1,1,99,0.5517,0.775,,0.2233,246.0876212,52.42737774,290.5204976,67.22049758,23.13795348,
856,,46132,0,CIAT-BR06_423_Opt_F,Urochloa,interespecifico,Urochloa interespecifico,Poaceae,Poales,grasses,F261076,35,80,1,2,100,0.5717,0.8001,,0.2284,240.7999788,51.32139592,290.4043591,62.00435906,21.35104282,
857,,46132,0,CIAT_MulatoII_Opt_D,Urochloa,interespecifico,Urochloa interespecifico,Poaceae,Poales,grasses,F261077,35,80,1,1,101,0.5346,0.7349,,0.2003,275.25,57.88034907,281.6689879,81.36898795,28.88816001,
858,,46132,0,CIAT_MulatoII_Opt_D,Urochloa,interespecifico,Urochloa interespecifico,Poaceae,Poales,grasses,F261077,35,80,1,2,102,0.5668,0.7755,,0.2087,266.85,56.11397329,281.6689879,72.96898795,25.90593607,
859,,46132,0,CIAT-BR06_423_Exc_G,Urochloa,interespecifico,Urochloa interespecifico,Poaceae,Poales,grasses,F261078,35,80,1,1,103,0.5252,0.7783,,0.2531,213.6399657,45.77280314,282.0017444,28.90174437,10.24878212,
860,,46132,0,CIAT-BR06_423_Exc_G,Urochloa,interespecifico,Urochloa interespecifico,Poaceae,Poales,grasses,F261078,35,80,1,2,104,0.5499,0.773,"Debido a que la manguera estaba rota se escapo el gas por lo tanto no se pudo realizar la lectura, igualmente se hizo cambio de manguera a las 8h",0.2231,243.7332763,52.20991919,282.0581222,58.95812217,20.9028273,
861,,46132,0,CIAT_MulatoII_Exc_E,Urochloa,interespecifico,Urochloa interespecifico,Poaceae,Poales,grasses,F261079,35,80,1,1,105,0.5884,0.7736,,0.1852,276.6538146,59.90073176,309.9230656,124.7230656,40.24323436,
862,,46132,0,CIAT_MulatoII_Exc_E,Urochloa,interespecifico,Urochloa interespecifico,Poaceae,Poales,grasses,F261079,35,80,1,2,106,0.5682,0.7642,,0.196,265.9461854,57.57081535,309.9850503,113.9850503,36.77114434,
863,,46132,0,CIAT17524,Aeschynomene,americana,Aeschynomene americana,Fabaceae,Fabales,Herbaceous,F260426,35,80,1,1,107,0.5589,0.741,,0.1821,284.6199937,60.98302998,249.8788906,67.7788906,27.12469646,
864,,46132,0,CIAT17524,Aeschynomene,americana,Aeschynomene americana,Fabaceae,Fabales,Herbaceous,F260426,35,80,1,2,108,0.5798,0.7213,Residuo de muestra en la manguera despues del clip 8h,0.1415,325.0333803,69.66990874,249.778979,108.278979,43.34991657,
865,,46132,0,CIAT4042,Centrosema,grazielae,Centrosema grazielae,Fabaceae,Fabales,Climber,F260433,35,80,1,1,109,0.5851,0.8527,,0.2676,210.6527436,44.04632204,292.0666184,24.46661841,8.377067719,
866,,46132,0,CIAT4042,Centrosema,grazielae,Centrosema grazielae,Fabaceae,Fabales,Climber,F260433,35,80,1,2,110,0.5919,0.8982,,0.3063,171.7616718,35.9287686,291.9499318,-14.35006822,-4.915249724,
867,,46132,0,CIAT5098,Centrosema,schottii,Centrosema schottii,Fabaceae,Fabales,Climber,F260436,35,80,1,1,111,0.5646,0.8716,,0.307,164.0572331,34.82745229,249.7863794,-57.21362056,-22.90502016,
868,,46132,0,CIAT5098,Centrosema,schottii,Centrosema schottii,Fabaceae,Fabales,Climber,F260436,35,80,1,2,112,0.579,0.8275,,0.2485,222.6514446,47.25687401,249.8363367,1.336336714,0.53488485,
869,,46132,0,CIAT5217,Centrosema,pascuorum,Centrosema pascuorum,Fabaceae,Fabales,Climber,F260440,35,80,1,1,113,0.5914,0.8059,,0.2145,253.4580847,54.16256135,269.0661535,54.56615347,20.27982813,
870,,46132,0,CIAT5217,Centrosema,pascuorum,Centrosema pascuorum,Fabaceae,Fabales,Climber,F260440,35,80,1,2,114,0.5939,0.8171,,0.2232,244.945268,52.32249149,269.1737799,45.97377993,17.07959072,
871,,46132,0,CIAT5236,Centrosema,arenarium,Centrosema arenarium,Fabaceae,Fabales,Climber,F260441,35,80,1,1,115,0.5751,0.815,,0.2399,234.5753012,49.43888556,285.9593964,46.05939643,16.10697078,
872,,46132,0,CIAT5236,Centrosema,arenarium,Centrosema arenarium,Fabaceae,Fabales,Climber,F260441,35,80,1,2,116,0.5964,0.8368,,0.2404,233.7909004,49.30311826,285.7879922,45.3879922,15.88170022,
873,,46132,0,CIAT5383,Periandra,coccinea,Periandra coccinea,Fabaceae,Fabales,Climber,F260443,35,80,1,1,117,0.5766,0.8495,,0.2729,206.787525,43.10879775,284.431205,11.53120503,4.054127967,
874,,46132,0,CIAT5383,Periandra,coccinea,Periandra coccinea,Fabaceae,Fabales,Climber,F260443,35,80,1,2,118,0.5667,0.802,,0.2353,244.4833667,50.95703262,284.4880344,49.18803444,17.29001873,
875,,46132,0,CIAT5484,Centrosema,vexillatum,Centrosema vexillatum,Fabaceae,Fabales,Climber,F260444,35,80,1,1,119,0.5597,0.8588,,0.2991,179.062773,37.448079,286.4855336,-12.61446635,-4.403177428,
876,,46132,0,CIAT5484,Centrosema,vexillatum,Centrosema vexillatum,Fabaceae,Fabales,Climber,F260444,35,80,1,2,120,0.6004,0.8889,,0.2885,189.4716608,39.64077294,286.371031,-2.128968962,-0.743430282,
877,,46132,0,CIAT5850,Centrosema,brachypodum,Centrosema brachypodum,Fabaceae,Fabales,Climber,F260447,35,80,1,1,121,0.5588,0.8007,,0.2419,235.0894785,49.28609311,289.7053378,47.80533777,16.50136588,
878,,46132,0,CIAT5850,Centrosema,brachypodum,Centrosema brachypodum,Fabaceae,Fabales,Climber,F260447,35,80,1,2,122,0.5434,0.7752,,0.2318,245.2848192,51.41325176,289.7632441,57.96324409,20.00365653,
879,,46132,0,CIAT7146,Rhynchosia,reticulata,Rhynchosia reticulata,Fabaceae,Fabales,Climber,F260450,35,80,1,1,123,0.5706,0.9182,,0.3476,125.0277467,26.45374664,312.4496759,-35.15032406,-11.24991535,
880,,46132,0,CIAT7146,Rhynchosia,reticulata,Rhynchosia reticulata,Fabaceae,Fabales,Climber,F260450,35,80,1,2,124,0.5866,0.9341,,0.3475,125.2222533,26.48960408,312.5121534,-34.98784662,-11.19567551,
881,,46132,0,CIAT7177,Canavalia,rosea,Canavalia rosea,Fabaceae,Fabales,Climber,F260451,35,80,1,1,125,0.5784,0.8246,,0.2462,226.9586922,47.96671728,254.4112551,8.211255119,3.22755183,
882,,46132,0,CIAT7177,Canavalia,rosea,Canavalia rosea,Fabaceae,Fabales,Climber,F260451,35,80,1,2,126,0.5423,0.8198,,0.2775,195.2804678,41.30468179,254.2078888,-23.29211119,-9.162623277,
883,,46132,0,CIAT7320,Canavalia,dictyota,Canavalia dictyota,Fabaceae,Fabales,Climber,F260452,35,80,1,1,127,0.5881,0.8049,,0.2168,251.7094472,53.72558626,218.4230367,1.623036675,0.743070282,
884,,46132,0,CIAT7320,Canavalia,dictyota,Canavalia dictyota,Fabaceae,Fabales,Climber,F260452,35,80,1,2,128,0.5752,0.7988,,0.2236,245.0968509,52.29325745,218.5104059,-5.08959411,-2.329222762,
885,,46132,0,CIAT8384,Canavalia,dictyota,Canavalia dictyota,Fabaceae,Fabales,Climber,F260454,35,80,1,1,129,0.5696,0.7503,,0.1807,282.4731327,60.98651082,242.8511828,62.15118285,25.59229159,
886,,46132,0,CIAT8384,Canavalia,dictyota,Canavalia dictyota,Fabaceae,Fabales,Climber,F260454,35,80,1,2,130,0.5509,0.7657,,0.2148,248.3731327,53.62425304,242.8511828,28.05118285,11.55077052,
887,,46132,0,CIAT8772,Canavalia,bicarinata,Canavalia bicarinata,Fabaceae,Fabales,Climber,F260455,35,80,1,1,131,0.5776,0.7644,,0.1868,282.7111639,60.21393859,236.7801099,49.98010988,21.10823832,
888,,46132,0,CIAT8772,Canavalia,bicarinata,Canavalia bicarinata,Fabaceae,Fabales,Climber,F260455,35,80,1,2,132,0.5561,0.7744,,0.2183,251.2111639,53.50483294,236.7801099,18.48010988,7.804756021,
889,,46132,0,CIAT4141,Vigna,radiata,Vigna radiata,Fabaceae,Fabales,Herbaceous,F252583,35,80,1,1,133,0.5713,0.7684,,0.1971,257.78188,56.67007004,223.5516999,26.45169993,11.83247541,
890,,46132,0,CIAT4141,Vigna,radiata,Vigna radiata,Fabaceae,Fabales,Herbaceous,F252583,35,80,1,2,134,0.5495,0.7969,Muestra despues del clip 0h,0.2474,207.48188,45.61225433,223.5516999,-23.84830007,-10.66791265,
891,,46132,0,CIAT8014,Crotalaria,retusa,Crotalaria retusa,Fabaceae,Fabales,Herbaceous,F252588,35,80,1,1,135,0.5526,0.7444,,0.1918,265.048945,58.0167576,250.6958586,58.89585857,23.49295234,
892,,46132,0,CIAT8014,Crotalaria,retusa,Crotalaria retusa,Fabaceae,Fabales,Herbaceous,F252588,35,80,1,2,136,0.5698,0.7648,,0.195,261.848945,57.31630725,250.6958586,55.69585857,22.21650525,
893,,46132,0,CIAT23416,Codariocalyx,motorius,Codariocalyx motorius,Fabaceae,Fabales,Shurb_Tree,F252612,35,80,1,1,137,0.5542,0.8394,,0.2852,179.01061,38.56236935,263.694837,-21.50516299,-8.155321975,
894,,46132,0,CIAT23416,Codariocalyx,motorius,Codariocalyx motorius,Fabaceae,Fabales,Shurb_Tree,F252612,35,80,1,2,138,0.5705,0.8145,,0.244,220.025,47.41662626,263.5894013,19.58940125,7.431786391,
895,,46132,0,CIAT16537,Sporobolus,sp.,Sporobolus sp.,Poaceae,Poales,Grasses,F260067,35,80,1,1,139,0.5472,0.7753,,0.2281,255.4578109,52.82880457,331.1698878,103.0698878,31.12296485,
896,,46132,0,CIAT16537,Sporobolus,sp.,Sporobolus sp.,Poaceae,Poales,Grasses,F260067,35,80,1,2,140,0.5598,0.8167,,0.2569,226.7545225,46.88357328,331.2361218,74.33612175,22.4420336,
897,,46132,0,CIAT16561,Panicum,maximum,Panicum maximum,Poaceae,Poales,Grasses,F260068,35,80,1,1,141,0.559,0.8235,,0.2645,208.4358779,44.0727565,304.7056616,40.20566159,13.1949178,
898,,46132,0,CIAT16561,Panicum,maximum,Panicum maximum,Poaceae,Poales,Grasses,F260068,35,80,1,2,142,0.6026,0.8802,,0.2776,195.7142266,41.34974518,304.9494261,27.34942612,8.968512081,
899,,46132,0,Sample 8,Cynodon,nlemfuensis,Cynodon nlemfuensis ,Poaceae,Poales,Grasses,F250008,35,80,1,1,143,0.5807,0.8693,,0.2886,180.335872,38.4564037,356.6257307,68.02573068,19.07482406,
900,,46132,0,Sample 8,Cynodon,nlemfuensis,Cynodon nlemfuensis ,0,0,0,F250008,35,80,1,2,144,0.568,0.8672,,0.2992,169.5484102,36.17045018,356.4831659,57.28316593,16.06896802,
901,,46132,0,BLANK 24 H,BLANK,24,BLANK 24 H,0,0,0,BLANK 24 H,35,80,1,1,145,,,,,,,,,,
902,,46132,0,BLANK 24 H,BLANK,24,BLANK 24 H,0,0,0,BLANK 24 H,35,80,1,2,146,,,,,,,,,,
903,,46134,0,BLANK 24 H,BLANK,24,BLANK 24 H,0,0,0,BLANK 24 H,35,81,2,1,147,,,,,,,,,,
904,,46134,0,BLANK 24 H,BLANK,24,BLANK 24 H,0,0,0,BLANK 24 H,35,81,2,2,148,,,,,,,,,,
905,,46134,0,CIAT8808,Galactia,jussiaeana,Galactia jussiaeana,Fabaceae,Fabales,Climber,F260456,35,81,2,1,149,0.5857,0.9124,,0.3267,138.8860924,29.83037824,291.1106162,-35.58938379,-12.22538163,
906,,46134,0,CIAT8808,Galactia,jussiaeana,Galactia jussiaeana,Fabaceae,Fabales,Climber,F260456,35,81,2,2,150,0.5735,,"Embolo duro 0h. Residuo de muestra por encima del embolo, residuo de muestra en la  manguera despues del clip muestra descartada 8h.",-0.5735,1039.086092,,291.1106162,864.6106162,297.0041517,
907,,46134,0,CIAT9177,Vigna,gentryi,Vigna gentryi,Fabaceae,Fabales,Climber,F260457,35,81,2,1,151,0.6078,0.8055,,0.1977,270.8312937,57.80431262,246.5511818,48.85118183,19.81380964,
908,,46134,0,CIAT9177,Vigna,gentryi,Vigna gentryi,Fabaceae,Fabales,Climber,F260457,35,81,2,2,152,0.5798,0.7553,,0.1755,293.3124125,62.56498435,246.6991125,71.19911254,28.86070882,
909,,46134,0,CIAT9389,Rhynchosia,reticulata,Rhynchosia reticulata,Fabaceae,Fabales,Climber,F260458,35,81,2,1,153,0.5826,0.9252,,0.3426,128.9335471,27.34345158,292.7001012,-49.89989877,-17.04813171,
910,,46134,0,CIAT9389,Rhynchosia,reticulata,Rhynchosia reticulata,Fabaceae,Fabales,Climber,F260458,35,81,2,2,154,0.5779,0.8973,,0.3194,152.3221606,32.29065185,292.8171813,-26.58281873,-9.078298828,
911,,46134,0,CIAT9992,Canavalia,dictyota,Canavalia dictyota,Fabaceae,Fabales,Climber,F260459,35,81,2,1,155,0.574,0.775,,0.201,268.5080486,57.1892323,204.4211511,3.421151082,1.673579795,
912,,46134,0,CIAT9992,Canavalia,dictyota,Canavalia dictyota,Fabaceae,Fabales,Climber,F260459,35,81,2,2,156,0.5799,0.7715,,0.1916,277.9080486,59.1913279,204.4211511,12.82115108,6.271929795,
913,,46134,0,CIAT15023,Centrosema,virginianum,Centrosema virginianum,Fabaceae,Fabales,Climber,F260460,35,81,2,1,157,0.5927,0.8714,,0.2787,190.1171361,40.55251429,267.46683,-11.23316996,-4.19983665,
914,,46134,0,CIAT15023,Centrosema,virginianum,Centrosema virginianum,Fabaceae,Fabales,Climber,F260460,35,81,2,2,158,0.5721,0.8123,,0.2402,228.6171361,48.76467145,267.46683,27.26683004,10.19447161,
915,,46134,0,CIAT15027,Centrosema,brachypodum,Centrosema brachypodum,Fabaceae,Fabales,Climber,F260461,35,81,2,1,159,0.6036,0.8833,,0.2797,191.3442009,40.62128363,280.1664593,0.466459301,0.166493628,
916,,46134,0,CIAT15027,Centrosema,brachypodum,Centrosema brachypodum,Fabaceae,Fabales,Climber,F260461,35,81,2,2,160,0.5799,0.8442,,0.2643,206.5558585,43.86817214,280.0544375,15.75443753,5.625491124,
917,,46134,0,CIAT15055,Centrosema,vexillatum,Centrosema vexillatum,Fabaceae,Fabales,Climber,F260462,35,81,2,1,161,0.5733,0.857,,0.2837,189.7378592,40.07661312,289.1369312,5.436931161,1.880400106,
918,,46134,0,CIAT15055,Centrosema,vexillatum,Centrosema vexillatum,Fabaceae,Fabales,Climber,F260462,35,81,2,2,162,0.5513,0.8316,,0.2803,192.9486354,40.77109176,289.0213688,8.721368839,3.017551565,
919,,46134,0,CIAT15079,Centrosema,vexillatum,Centrosema vexillatum,Fabaceae,Fabales,Climber,F260463,35,81,2,1,163,0.5456,0.868,,0.3224,142.62148,30.66986927,317.8565342,-4.543465814,-1.429407712,
920,,46134,0,CIAT15079,Centrosema,vexillatum,Centrosema vexillatum,Fabaceae,Fabales,Climber,F260463,35,81,2,2,164,0.5762,0.9029,,0.3267,138.32148,29.7451808,317.8565342,-8.843465814,-2.782219292,
921,,46134,0,CIAT15234,Centrosema,platycarpum,Centrosema platycarpum,Fabaceae,Fabales,Climber,F260464,35,81,2,1,165,0.5744,0.8488,,0.2744,199.6037557,42.11016333,268.8391477,-5.560852332,-2.06846822,
922,,46134,0,CIAT15234,Centrosema,platycarpum,Centrosema platycarpum,Fabaceae,Fabales,Climber,F260464,35,81,2,2,166,0.5899,0.8961,,0.3062,167.4250072,35.34969748,268.6243341,-37.57566587,-13.98818391,
923,,46134,0,CIAT15252,Centrosema,bifidum,Centrosema bifidum,Fabaceae,Fabales,Climber,F260465,35,81,2,1,167,0.5495,0.8312,,0.2817,195.2965826,40.94297312,274.5775266,-7.12247342,-2.593975373,
924,,46134,0,CIAT15252,Centrosema,bifidum,Centrosema bifidum,Fabaceae,Fabales,Climber,F260465,35,81,2,2,168,0.5661,0.8304,,0.2643,212.6012024,44.57971616,274.5226221,10.22262206,3.723781297,
925,,46134,0,CIAT15254,Centrosema,bifidum,Centrosema bifidum,Fabaceae,Fabales,Climber,F260466,35,81,2,1,169,0.5558,0.8693,,0.3135,156.4408956,33.28948322,294.5247528,-18.97524722,-6.442666376,
926,,46134,0,CIAT15254,Centrosema,bifidum,Centrosema bifidum,Fabaceae,Fabales,Climber,F260466,35,81,2,2,170,0.5677,0.9072,,0.3395,130.816698,27.81459781,294.7602784,-44.73972162,-15.17834149,
927,,46134,0,CIAT15349,Centrosema,schottii,Centrosema schottii,Fabaceae,Fabales,Climber,F260467,35,81,2,1,171,0.5569,0.8243,,0.2674,197.8306847,42.52313771,264.0272504,-3.372749635,-1.277424823,
928,,46134,0,CIAT15349,Centrosema,schottii,Centrosema schottii,Fabaceae,Fabales,Climber,F260467,35,81,2,2,172,0.5854,0.8511,,0.2657,199.3447412,42.86571238,263.9217239,-1.778276114,-0.673789216,
929,,46134,0,CIAT15444,Centrosema,tetragonolobum,Centrosema tetragonolobum,Fabaceae,Fabales,Climber,F260468,35,81,2,1,173,0.5711,,Se dejo el click abierto a las 8H se rego la muestra en el bano,,471.5721422,,,0,#DIV/0!,
930,,46134,0,CIAT15444,Centrosema,tetragonolobum,Centrosema tetragonolobum,Fabaceae,Fabales,Climber,F260468,35,81,2,2,174,0.5588,,Durante el proceso de filtración la bolsa se abrió en la parte inferior y se perdió muestra,,471.9492491,,,0,#DIV/0!,
931,,46134,0,CIAT15837,Centrosema,tetragonolobum,Centrosema tetragonolobum,Fabaceae,Fabales,Climber,F260469,35,81,2,1,175,0.5616,0.8833,,0.3217,150.8526731,31.92293297,282.9123572,-38.78764282,-13.71012677,
932,,46134,0,CIAT15837,Centrosema,tetragonolobum,Centrosema tetragonolobum,Fabaceae,Fabales,Climber,F260469,35,81,2,2,176,0.5575,0.866,,0.3085,164.0526731,34.71627237,282.9123572,-25.58764282,-9.044370871,
933,,46134,0,CIAT17152,Macrotyloma,uniflorum,Macrotyloma uniflorum,Fabaceae,Fabales,Climber,F260470,35,81,2,1,177,0.5745,0.7799,,0.2054,256.3787349,55.5198227,205.9478285,0.547828545,0.266003555,
934,,46134,0,CIAT17152,Macrotyloma,uniflorum,Macrotyloma uniflorum,Fabaceae,Fabales,Climber,F260470,35,81,2,2,178,0.5565,0.7805,Embolo duro 0H,0.224,237.9634094,51.51131119,206.0301912,-17.9698088,-8.721929874,
935,,46134,0,CIAT17155,Macrotyloma,uniflorum,Macrotyloma uniflorum,Fabaceae,Fabales,Climber,F260471,35,81,2,1,179,0.5639,0.8079,Embolo duro 8h,0.244,221.3628155,47.56779187,250.6737364,6.67373644,2.662319769,
936,,46134,0,CIAT17155,Macrotyloma,uniflorum,Macrotyloma uniflorum,Fabaceae,Fabales,Climber,F260471,35,81,2,2,180,0.5517,0.7813,,0.2296,236.0419216,50.69172483,250.8240805,21.22408054,8.461739598,
937,,46134,0,CIAT17173,Macrotyloma,daltonii,Macrotyloma daltonii,Fabaceae,Fabales,Climber,F260472,35,81,2,1,181,0.5838,0.8226,,0.2388,231.4181591,49.21506212,252.5377874,13.73778738,5.439893776,
938,,46134,0,CIAT17173,Macrotyloma,daltonii,Macrotyloma daltonii,Fabaceae,Fabales,Climber,F260472,35,81,2,2,182,0.5799,0.7847,,0.2048,265.1363664,56.41963154,252.3864463,47.58644631,18.8545966,
939,,46134,0,CIAT17210,Neonotonia,wightii,Neonotonia wightii,Fabaceae,Fabales,Climber,F260473,35,81,2,1,183,0.5752,0.8696,Embolo duro 8h ,0.2944,170.4358614,36.66581595,248.4407611,-45.95923888,-18.49907345,
940,,46134,0,CIAT17210,Neonotonia,wightii,Neonotonia wightii,Fabaceae,Fabales,Climber,F260473,35,81,2,2,184,0.548,0.7749,,0.2269,237.6571271,51.15778303,248.2917861,21.39178605,8.61558346,
941,,46134,0,CIAT17555,Vigna,adenantha,Vigna adenantha,Fabaceae,Fabales,Climber,F260474,35,81,2,1,185,0.5812,0.7848,,0.2036,264.8376022,56.53636705,233.2148619,29.61486193,12.69853117,
942,,46134,0,CIAT17555,Vigna,adenantha,Vigna adenantha,Fabaceae,Fabales,Climber,F260474,35,81,2,2,186,0.577,0.8364,,0.2594,209.1312897,44.63550125,233.2615049,-26.1384951,-11.20566169,
943,,46134,0,CIAT17565,Canavalia,bicarinata,Canavalia bicarinata,Fabaceae,Fabales,Climber,F260475,35,81,2,1,187,0.5632,0.7932,,0.23,237.3302927,50.78427322,224.6258691,-5.374130895,-2.392480847,
944,,46134,0,CIAT17565,Canavalia,bicarinata,Canavalia bicarinata,Fabaceae,Fabales,Climber,F260475,35,81,2,2,188,0.5673,0.8403,,0.273,194.14351,41.5597147,224.5360906,-48.46390942,-21.58401765,
945,,46134,0,CIAT17570,Calopogonium,velutinum,Calopogonium velutinum,Fabaceae,Fabales,Climber,F260476,35,81,2,1,189,0.5611,0.7729,,0.2118,264.8857726,55.5682145,254.8517995,43.0517995,16.8928764,
946,,46134,0,CIAT17570,Calopogonium,velutinum,Calopogonium velutinum,Fabaceae,Fabales,Climber,F260476,35,81,2,2,190,0.569,0.8198,,0.2508,225.6952507,47.36568735,254.7499403,3.949940264,1.550516659,
947,,46134,0,CIAT18061,Galactia,elliptifoliola,Galactia elliptifoliola,Fabaceae,Fabales,Climber,F260477,35,81,2,1,191,0.5777,0.8359,,0.2582,213.2884823,45.23726248,300.5570792,42.35707917,14.09285693,
948,,46134,0,CIAT18061,Galactia,elliptifoliola,Galactia elliptifoliola,Fabaceae,Fabales,Climber,F260477,35,81,2,2,192,0.5538,0.8393,,0.2855,186.0827235,39.45919013,300.6171545,15.11715454,5.02870655,
949,,46134,0,CIAT18068,Galactia,elliptifoliola,Galactia elliptifoliola,Fabaceae,Fabales,Climber,F260478,35,81,2,1,193,0.5696,0.7937,,0.2241,250.335817,52.76494902,292.6163432,68.51634317,23.41507738,
950,,46134,0,CIAT18068,Galactia,elliptifoliola,Galactia elliptifoliola,Fabaceae,Fabales,Climber,F260478,35,81,2,2,194,0.577,0.8212,,0.2442,230.235817,48.52833802,292.6163432,48.41634317,16.5460147,
951,,46134,0,CIAT18658,Periandra,densiflora,Periandra densiflora,Fabaceae,Fabales,Climber,F260479,35,81,2,1,195,0.5751,0.8585,Embolo duro 8h,0.2834,189.0513871,40.01499249,295.6492334,12.24923344,4.143164282,
952,,46134,0,CIAT18658,Periandra,densiflora,Periandra densiflora,Fabaceae,Fabales,Climber,F260479,35,81,2,2,196,0.5759,0.8637,,0.2878,184.6513871,39.08367975,295.6492334,7.849233441,2.654914186,
953,,46134,0,CIAT18857,Neonotonia,wightii,Neonotonia wightii,Fabaceae,Fabales,Climber,F260480,35,81,2,1,197,0.5732,0.8398,,0.2666,202.0388646,43.11184578,290.0500402,23.45004016,8.084825691,
954,,46134,0,CIAT18857,Neonotonia,wightii,Neonotonia wightii,Fabaceae,Fabales,Climber,F260480,35,81,2,2,198,0.5694,0.8025,,0.2331,235.445193,50.25026326,289.9920649,56.89206494,19.61849023,
955,,46134,0,CIAT19215,Macrotyloma,axillare,Macrotyloma axillare,Fabaceae,Fabales,Climber,F260481,35,81,2,1,199,0.5537,0.7938,,0.2401,220.8039096,47.90671222,280.5741928,40.47419275,14.42548666,
956,,46134,0,CIAT19215,Macrotyloma,axillare,Macrotyloma axillare,Fabaceae,Fabales,Climber,F260481,35,81,2,2,200,0.5806,0.8181,,0.2375,223.4039096,48.47082113,280.5741928,43.07419275,15.35215778,
957,,46134,0,CIAT19445,Galactia,dubia,Galactia dubia,Fabaceae,Fabales,Climber,F260482,35,81,2,1,201,0.5592,0.8394,,0.2802,187.0700687,40.03467827,302.4569989,22.25699893,7.358731658,
958,,46134,0,CIAT19445,Galactia,dubia,Galactia dubia,Fabaceae,Fabales,Climber,F260482,35,81,2,2,202,0.5668,0.8401,,0.2733,193.7832354,41.48794491,302.3360645,29.03606451,9.603903707,
959,,46134,0,CIAT19826,Dunbaria,nivea,Dunbaria nivea,Fabaceae,Fabales,Climber,F260483,35,81,2,1,203,0.5615,0.8824,,0.3209,148.0544996,31.57118648,311.3864593,-9.513540728,-3.05521979,
960,,46134,0,CIAT19826,Dunbaria,nivea,Dunbaria nivea,Fabaceae,Fabales,Climber,F260483,35,81,2,2,204,0.5574,0.9043,,0.3469,121.773408,25.98257249,311.199814,-35.70018596,-11.47178898,
961,,46134,0,CIAT20820,Canavalia,gladiata,Canavalia gladiata,Fabaceae,Fabales,Climber,F260484,35,81,2,1,205,0.5561,0.7447,,0.1886,272.8265431,59.12675531,260.5723258,71.97232583,27.62086327,
962,,46134,0,CIAT20820,Canavalia,gladiata,Canavalia gladiata,Fabaceae,Fabales,Climber,F260484,35,81,2,2,206,0.5737,0.7921,,0.2184,242.7499085,52.64012938,260.4161074,42.01610741,16.13421989,
963,,46134,0,CIAT21015,Galactia,elliptifoliola,Galactia elliptifoliola,Fabaceae,Fabales,Climber,F260485,35,81,2,1,207,0.5582,0.8683,,0.3101,157.6438427,33.70302895,332.2771554,22.17715544,6.674294358,
964,,46134,0,CIAT21015,Galactia,elliptifoliola,Galactia elliptifoliola,Fabaceae,Fabales,Climber,F260485,35,81,2,2,208,0.537,0.8082,,0.2712,196.0766595,41.9615779,331.9452765,60.74527654,18.29978639,
965,,46134,0,CIAT21037,Dolichos,trilobus,Dolichos trilobus,Fabaceae,Fabales,Climber,F260486,35,81,2,1,209,0.5562,0.7152,Embolo duro 8h,0.159,310.6408078,66.14433896,245.9533164,86.95331637,35.35358565,
966,,46134,0,CIAT21037,Dolichos,trilobus,Dolichos trilobus,Fabaceae,Fabales,Climber,F260486,35,81,2,2,210,0.5097,0.6581,,0.1484,321.0530641,68.38874611,245.854994,97.45499403,39.63921677,
967,,46134,0,CIAT21038,Dolichos,trilobus,Dolichos trilobus,Fabaceae,Fabales,Climber,F260487,35,81,2,1,211,0.5821,0.8155,,0.2334,226.1963961,49.21631197,285.012595,51.61259498,18.10888217,
968,,46134,0,CIAT21038,Dolichos,trilobus,Dolichos trilobus,Fabaceae,Fabales,Climber,F260487,35,81,2,2,212,0.5779,0.8133,,0.2354,223.7372588,48.72992869,284.7278671,49.32786712,17.32456595,
969,,46134,0,CIAT21236,Canavalia,mattogrossensis,Canavalia mattogrossensis,Fabaceae,Fabales,Climber,F260488,35,81,2,1,213,0.5711,0.8104,,0.2393,215.5612357,47.39054876,252.0761883,12.77618829,5.068383641,
970,,46134,0,CIAT21236,Canavalia,mattogrossensis,Canavalia mattogrossensis,Fabaceae,Fabales,Climber,F260488,35,81,2,2,214,0.5657,0.7955,,0.2298,224.9703543,49.4690017,252.0258234,22.22582342,8.818867493,
971,,46134,0,CIAT21829,Rhynchosia,minima,Rhynchosia minima,Fabaceae,Fabales,Climber,F260489,35,81,2,1,215,0.5882,1.0266,Embolo duro 8h ,,464.7088277,,,0,#DIV/0!,
972,,46134,0,CIAT21829,Rhynchosia,minima,Rhynchosia minima,Fabaceae,Fabales,Climber,F260489,35,81,2,2,216,0.585,0.9088,,0.3238,141.0017695,30.33589343,297.6746235,-26.12537646,-8.776487613,
973,,46134,0,CIAT22034,Rhynchosia,minima,Rhynchosia minima,Fabaceae,Fabales,Climber,F260490,35,81,2,1,217,0.5554,0.9066,,0.3512,118.7397817,25.26702065,294.7470854,-56.45291463,-19.15300182,
974,,46134,0,CIAT22034,Rhynchosia,minima,Rhynchosia minima,Fabaceae,Fabales,Climber,F260490,35,81,2,2,218,0.5247,0.8678,,0.3431,126.7459064,26.97605846,294.6882066,-48.41179339,-16.42814076,
975,,46134,0,CIAT22080,Cajanus,crassus,Cajanus crassus,Fabaceae,Fabales,Climber,F260491,35,81,2,1,219,0.5332,0.8361,,0.3029,170.0736454,35.95837676,288.792499,-14.10750096,-4.88499563,
976,,46134,0,CIAT22080,Cajanus,crassus,Cajanus crassus,Fabaceae,Fabales,Climber,F260491,35,81,2,2,220,0.5724,0.8947,,0.3223,151.051873,31.91111764,289.0234407,-33.27655934,-11.51344654,
977,,46134,0,CIAT22188,Rhynchosia,minima,Rhynchosia minima,Fabaceae,Fabales,Climber,F260492,35,81,2,1,221,0.5663,0.9,,0.3337,133.1633355,28.52297993,278.0128908,-55.68710924,-20.03040546,
978,,46134,0,CIAT22188,Rhynchosia,minima,Rhynchosia minima,Fabaceae,Fabales,Climber,F260492,35,81,2,2,222,0.5769,0.9309,,0.354,112.6766648,24.14448232,277.9017301,-76.09826993,-27.38315804,
979,,46134,0,BLANK 8 H,BLANK,8,BLANK 8 H,0,0,0,BLANK 8 H,35,81,2,1,223,,,,,,,,,,
980,,46134,0,BLANK 8 H,BLANK,8,BLANK 8 H,0,0,0,BLANK 8 H,35,81,2,2,224,,,,,,,,,,
981,,46134,0,CIAT22283,Cajanus,scarabaeoides,Cajanus scarabaeoides,Fabaceae,Fabales,Climber,F260493,35,81,2,1,225,0.6075,0.9673,,0.3598,100.5880208,21.84853129,293.9321881,-65.86781194,-22.40918641,
982,,46134,0,CIAT22283,Cajanus,scarabaeoides,Cajanus scarabaeoides,Fabaceae,Fabales,Climber,F260493,35,81,2,2,226,0.5903,0.9278,,0.3375,122.8880208,26.69227157,293.9321881,-43.56781194,-14.82240248,
983,,46134,0,CIAT22525,Dolichos,trilobus,Dolichos trilobus,Fabaceae,Fabales,Climber,F260494,35,81,2,1,227,0.5967,0.7586,,0.1619,303.8146428,65.23622297,216.6209503,54.72095032,25.26115329,
984,,46134,0,CIAT22525,Dolichos,trilobus,Dolichos trilobus,Fabaceae,Fabales,Climber,F260494,35,81,2,2,228,0.5967,0.7603,,0.1636,302.1146428,64.87119258,216.6209503,53.02095032,24.47637232,
985,,46134,0,CIAT24002,Neonotonia,wightii,Neonotonia wightii,Fabaceae,Fabales,Climber,F260495,35,81,2,1,229,0.6097,0.8502,,0.2405,225.0774133,48.34371404,268.6181608,28.11816078,10.46770654,
986,,46134,0,CIAT24002,Neonotonia,wightii,Neonotonia wightii,Fabaceae,Fabales,Climber,F260495,35,81,2,2,230,0.6137,0.9035,,0.2898,175.4052491,37.70491615,268.403438,-21.39656197,-7.971791319,
987,,46134,0,CIAT24024,Vigna,adenantha,Vigna adenantha,Fabaceae,Fabales,Climber,F260496,35,81,2,1,231,0.5723,0.7726,,0.2003,264.7895192,56.9330222,211.1712701,10.8712701,5.148081978,
988,,46134,0,CIAT24024,Vigna,adenantha,Vigna adenantha,Fabaceae,Fabales,Climber,F260496,35,81,2,2,232,0.6277,0.8222,,0.1945,270.2178936,58.1466514,211.0025356,16.50253556,7.821012918,
989,,46134,0,CIAT24082,Vigna,gentryi,Vigna gentryi,Fabaceae,Fabales,Climber,F260497,35,81,2,1,233,0.5859,0.8216,,0.2357,235.9414359,50.02559528,248.478801,12.77880101,5.142813374,
990,,46134,0,CIAT24082,Vigna,gentryi,Vigna gentryi,Fabaceae,Fabales,Climber,F260497,35,81,2,2,234,0.5856,0.8134,,0.2278,244.030017,51.71990086,248.5781528,20.77815279,8.358800867,
991,,46134,0,CIAT25102,Centrosema,arenarium,Centrosema arenarium,Fabaceae,Fabales,Climber,F260498,35,81,2,1,235,0.5751,0.8833,,0.3082,159.3135796,34.0767812,267.4455837,-40.75441629,-15.23839568,
992,,46134,0,CIAT25102,Centrosema,arenarium,Centrosema arenarium,Fabaceae,Fabales,Climber,F260498,35,81,2,2,236,0.5889,0.8999,,0.311,156.6070263,33.49116191,267.4990408,-43.50095924,-16.26209915,
993,,46134,0,CIAT25124,Centrosema,capitatum,Centrosema capitatum,Fabaceae,Fabales,Climber,F260499,35,81,2,1,237,0.5537,0.8407,,0.287,180.9967706,38.67479051,285.5892068,-1.41079317,-0.493993868,
994,,46134,0,CIAT25124,Centrosema,capitatum,Centrosema capitatum,Fabaceae,Fabales,Climber,F260499,35,81,2,2,238,0.5569,0.8046,,0.2477,220.2032087,47.06170093,285.5321118,37.83211183,13.24968725,
995,,46134,0,CIAT25156,Centrosema,platycarpum,Centrosema platycarpum,Fabaceae,Fabales,Climber,F260500,35,81,2,1,239,0.5421,0.8397,,0.2976,173.7134095,36.8573026,275.5917477,-22.00825225,-7.985816858,
996,,46134,0,CIAT25156,Centrosema,platycarpum,Centrosema platycarpum,Fabaceae,Fabales,Climber,F260500,35,81,2,2,240,0.582,0.9036,,0.3216,149.6192034,31.75150807,275.5366624,-46.06333755,-16.71768001,
997,,46134,0,CIAT-BR06_423_Temp_B,Urochloa,interespecifico,Urochloa interespecifico,Poaceae,Poales,grasses,F261074,35,81,2,1,241,0.5936,0.8299,,0.2363,231.4386153,49.48033105,258.9571058,22.6571058,8.74936632,
998,,46134,0,CIAT-BR06_423_Temp_B,Urochloa,interespecifico,Urochloa interespecifico,Poaceae,Poales,grasses,F261074,35,81,2,2,242,0.5914,0.8202,,0.2288,238.6581404,51.05444098,258.8018247,30.0018247,11.59258623,
999,,46134,0,CIAT_MulatoII_Temp_C,Urochloa,interespecifico,Urochloa interespecifico,Poaceae,Poales,grasses,F261075,35,81,2,1,243,0.5879,0.7728,,0.1849,288.8680273,60.97246134,274.8001953,89.90019525,32.71474941,
1000,,46134,0,CIAT_MulatoII_Temp_C,Urochloa,interespecifico,Urochloa interespecifico,Poaceae,Poales,grasses,F261075,35,81,2,2,244,0.5981,0.8055,,0.2074,266.1786337,56.20579451,274.6903411,67.29034109,24.49679913,
1001,,46134,0,CIAT-BR06_423_Opt_F,Urochloa,interespecifico,Urochloa interespecifico,Poaceae,Poales,grasses,F261076,35,81,2,1,245,0.5834,0.8176,,0.2342,234.9999788,50.08524923,290.4043591,56.20435906,19.35382762,
1002,,46134,0,CIAT-BR06_423_Opt_F,Urochloa,interespecifico,Urochloa interespecifico,Poaceae,Poales,grasses,F261076,35,81,2,2,246,0.5841,0.8961,,0.312,157.1999788,33.50383331,290.4043591,-21.59564094,-7.436403851,
1003,,46134,0,CIAT_MulatoII_Opt_D,Urochloa,interespecifico,Urochloa interespecifico,Poaceae,Poales,grasses,F261077,35,81,2,1,247,0.5692,0.771,,0.2018,273.845091,57.57340845,281.7253105,79.92531048,28.36994317,
1004,,46134,0,CIAT_MulatoII_Opt_D,Urochloa,interespecifico,Urochloa interespecifico,Poaceae,Poales,grasses,F261077,35,81,2,2,248,0.5719,0.807,,0.2351,240.545091,50.57239012,281.7253105,46.62531048,16.54991893,
1005,,46134,0,CIAT-BR06_423_Exc_G,Urochloa,interespecifico,Urochloa interespecifico,Poaceae,Poales,grasses,F261078,35,81,2,1,249,0.5946,0.8155,,0.2209,245.9332763,52.68117951,282.0581222,61.15812217,21.68280839,
1006,,46134,0,CIAT-BR06_423_Exc_G,Urochloa,interespecifico,Urochloa interespecifico,Poaceae,Poales,grasses,F261078,35,81,2,2,250,0.5502,0.8254,,0.2752,191.6332763,41.04961794,282.0581222,6.858122166,2.431457075,
1007,,46134,0,CIAT_MulatoII_Exc_E,Urochloa,interespecifico,Urochloa interespecifico,Poaceae,Poales,grasses,F261079,35,81,2,1,251,0.5439,0.8015,,0.2576,204.5309269,44.25822099,310.1090195,52.50901948,16.93243865,
1008,,46134,0,CIAT_MulatoII_Exc_E,Urochloa,interespecifico,Urochloa interespecifico,Poaceae,Poales,grasses,F261079,35,81,2,2,252,0.5699,0.7624,,0.1925,269.4461854,58.32847936,309.9850503,117.4850503,37.90023105,
1009,,46134,0,CIAT17524,Aeschynomene,americana,Aeschynomene americana,Fabaceae,Fabales,Herbaceous,F260426,35,81,2,1,253,0.5595,0.7991,Embolo duro 8h ,0.2396,227.306607,48.68352763,249.9788022,10.3788022,4.151872921,
1010,,46134,0,CIAT17524,Aeschynomene,americana,Aeschynomene americana,Fabaceae,Fabales,Herbaceous,F260426,35,81,2,2,254,0.5676,0.743,,0.1754,291.4133003,62.426092,249.9288464,74.5288464,29.82002577,
1011,,46134,0,CIAT4042,Centrosema,grazielae,Centrosema grazielae,Fabaceae,Fabales,Climber,F260433,35,81,2,1,255,0.579,0.9001,,0.3211,157.0572077,32.84635371,292.0082751,-29.0917249,-9.962637153,
1012,,46134,0,CIAT4042,Centrosema,grazielae,Centrosema grazielae,Fabaceae,Fabales,Climber,F260433,35,81,2,2,256,0.5789,0.8601,,0.2812,196.7661359,41.1673801,291.8915885,10.69158847,3.662862821,
1013,,46134,0,CIAT5098,Centrosema,schottii,Centrosema schottii,Fabaceae,Fabales,Climber,F260436,35,81,2,1,257,0.5853,0.8361,,0.2508,220.445656,46.77935026,249.886294,-0.91370601,-0.36564871,
1014,,46134,0,CIAT5098,Centrosema,schottii,Centrosema schottii,Fabaceae,Fabales,Climber,F260436,35,81,2,2,258,0.5688,0.8614,,0.2926,178.9282904,37.94645921,250.0361658,-42.56383418,-17.02307106,
1015,,46134,0,CIAT5217,Centrosema,pascuorum,Centrosema pascuorum,Fabaceae,Fabales,Climber,F260440,35,81,2,1,259,0.5643,0.8412,,0.2769,191.3388596,40.86351563,269.2275932,-7.672406837,-2.849784729,
1016,,46134,0,CIAT5217,Centrosema,pascuorum,Centrosema pascuorum,Fabaceae,Fabales,Climber,F260440,35,81,2,2,260,0.5644,0.8472,,0.2828,185.5324512,39.61554463,269.2814064,-13.51859361,-5.020247698,
1017,,46134,0,CIAT5236,Centrosema,arenarium,Centrosema arenarium,Fabaceae,Fabales,Climber,F260441,35,81,2,1,261,0.587,0.8372,,0.2502,224.0857006,47.24698644,285.8451269,35.64512694,12.47008383,
1018,,46134,0,CIAT5236,Centrosema,arenarium,Centrosema arenarium,Fabaceae,Fabales,Climber,F260441,35,81,2,2,262,0.5922,0.8636,,0.2714,203.0753012,42.79997308,285.9593964,14.55939643,5.091420885,
1019,,46134,0,CIAT5383,Periandra,coccinea,Periandra coccinea,Fabaceae,Fabales,Climber,F260443,35,81,2,1,263,0.5873,0.8577,,0.2704,208.9041583,43.58488336,284.2038874,13.80388738,4.857036795,
1020,,46134,0,CIAT5383,Periandra,coccinea,Periandra coccinea,Fabaceae,Fabales,Climber,F260443,35,81,2,2,264,0.5763,0.8858,,0.3095,169.9958417,35.45303773,284.3175462,-25.18245379,-8.857157825,
1021,,46134,0,CIAT5484,Centrosema,vexillatum,Centrosema vexillatum,Fabaceae,Fabales,Climber,F260444,35,81,2,1,265,0.5917,0.9224,,0.3307,147.2716608,30.81179762,286.371031,-44.32896896,-15.47955769,
1022,,46134,0,CIAT5484,Centrosema,vexillatum,Centrosema vexillatum,Fabaceae,Fabales,Climber,F260444,35,81,2,2,266,0.566,0.8923,,0.3263,151.862773,31.75963951,286.4855336,-39.81446635,-13.89754863,
1023,,46134,0,CIAT5850,Centrosema,brachypodum,Centrosema brachypodum,Fabaceae,Fabales,Climber,F260447,35,81,2,1,267,0.5662,0.8435,,0.2773,199.6894785,41.86454577,289.7053378,12.40533777,4.282053574,
1024,,46134,0,CIAT5850,Centrosema,brachypodum,Centrosema brachypodum,Fabaceae,Fabales,Climber,F260447,35,81,2,2,268,0.5586,0.8714,,0.3128,163.9034565,34.38268681,289.5316188,-23.2683812,-8.036559633,
1025,,46134,0,CIAT7146,Rhynchosia,reticulata,Rhynchosia reticulata,Fabaceae,Fabales,Climber,F260450,35,81,2,1,269,0.5984,0.9653,,0.3669,105.91676,22.4012279,312.5746308,-54.32536918,-17.37996748,
1026,,46134,0,CIAT7146,Rhynchosia,reticulata,Rhynchosia reticulata,Fabaceae,Fabales,Climber,F260450,35,81,2,2,270,0.5863,0.9593,,0.373,99.91126662,21.12685268,312.6371083,-60.36289174,-19.30765419,
1027,,46134,0,CIAT7177,Canavalia,rosea,Canavalia rosea,Fabaceae,Fabales,Climber,F260451,35,81,2,1,271,0.5872,0.8928,,0.3056,167.36958,35.38696506,254.309572,-51.29042804,-20.16850079,
1028,,46134,0,CIAT7177,Canavalia,rosea,Canavalia rosea,Fabaceae,Fabales,Climber,F260451,35,81,2,2,272,0.5912,0.8425,Embolo duro 8h ,0.2513,221.9532483,46.89946642,254.4620967,3.162096697,1.242659216,
1029,,46134,0,CIAT7320,Canavalia,dictyota,Canavalia dictyota,Fabaceae,Fabales,Climber,F260452,35,81,2,1,273,0.5958,0.8237,,0.2279,240.7968509,51.3758201,218.5104059,-9.38959411,-4.29709243,
1030,,46134,0,CIAT7320,Canavalia,dictyota,Canavalia dictyota,Fabaceae,Fabales,Climber,F260452,35,81,2,2,274,0.5766,0.8196,Embolo duro 8h ,0.243,225.6968509,48.15412147,218.5104059,-24.48959411,-11.20751848,
1031,,46134,0,CIAT8384,Canavalia,dictyota,Canavalia dictyota,Fabaceae,Fabales,Climber,F260454,35,81,2,1,275,0.5875,0.8052,,0.2177,245.6583649,53.01692675,242.9483039,25.24830389,10.39245942,
1032,,46134,0,CIAT8384,Canavalia,dictyota,Canavalia dictyota,Fabaceae,Fabales,Climber,F260454,35,81,2,2,276,0.5829,0.8486,,0.2657,197.5657488,42.64631031,242.8997434,-22.80025663,-9.386694409,
1033,,46134,0,CIAT8772,Canavalia,bicarinata,Canavalia bicarinata,Fabaceae,Fabales,Climber,F260455,35,81,2,1,277,0.5876,0.7859,,0.1983,271.117318,57.75613885,236.7327823,38.43278226,16.23466843,
1034,,46134,0,CIAT8772,Canavalia,bicarinata,Canavalia bicarinata,Fabaceae,Fabales,Climber,F260455,35,81,2,2,278,0.5894,0.7809,,0.1915,277.917318,59.20474327,236.7327823,45.23278226,19.10710541,
1035,,46134,0,CIAT4141,Vigna,radiata,Vigna radiata,Fabaceae,Fabales,Herbaceous,F252583,35,81,2,1,279,0.5971,0.8591,,0.262,192.97282,42.41414245,223.5963924,-38.40360761,-17.17541468,
1036,,46134,0,CIAT4141,Vigna,radiata,Vigna radiata,Fabaceae,Fabales,Herbaceous,F252583,35,81,2,2,280,0.5992,0.8171,,0.2179,237.07282,52.10702916,223.5963924,5.696392389,2.547622673,
1037,,46134,0,CIAT8014,Crotalaria,retusa,Crotalaria retusa,Fabaceae,Fabales,Herbaceous,F252588,35,81,2,1,281,0.5999,0.8604,,0.2605,196.075,42.94475168,250.5455313,-9.95446875,-3.973117661,
1038,,46134,0,CIAT8014,Crotalaria,retusa,Crotalaria retusa,Fabaceae,Fabales,Herbaceous,F252588,35,81,2,2,282,0.5761,0.794,,0.2179,238.766315,52.28463479,250.5956404,32.69564036,13.04717046,
1039,,46134,0,CIAT23416,Codariocalyx,motorius,Codariocalyx motorius,Fabaceae,Fabales,Shurb_Tree,F252612,35,81,2,1,283,0.5721,0.8295,,0.2574,206.625,44.52885082,263.5894013,6.18940125,2.348122201,
1040,,46134,0,CIAT23416,Codariocalyx,motorius,Codariocalyx motorius,Fabaceae,Fabales,Shurb_Tree,F252612,35,81,2,2,284,0.5694,0.8425,,0.2731,191.11061,41.16894485,263.694837,-9.40516299,-3.566684542,
1041,,46134,0,CIAT16537,Sporobolus,sp.,Sporobolus sp.,Poaceae,Poales,Grasses,F260067,35,81,2,1,285,0.5893,0.8602,,0.2709,212.8512341,44.00014286,331.3023557,60.40235573,18.2317918,
1042,,46134,0,CIAT16537,Sporobolus,sp.,Sporobolus sp.,Poaceae,Poales,Grasses,F260067,35,81,2,2,286,0.5748,0.7985,,0.2237,260.0512341,53.75722391,331.3023557,107.6023557,32.47859663,
1043,,46134,0,CIAT16561,Panicum,maximum,Panicum maximum,Poaceae,Poales,Grasses,F260068,35,81,2,1,287,0.5939,0.8864,,0.2925,180.530465,38.16465923,304.7666027,12.26660273,4.024916975,
1044,,46134,0,CIAT16561,Panicum,maximum,Panicum maximum,Poaceae,Poales,Grasses,F260068,35,81,2,2,288,0.581,0.8264,,0.2454,227.630465,48.12173462,304.7666027,59.36660273,19.47936624,
1045,,46134,0,Sample 8,Cynodon,nlemfuensis,Cynodon nlemfuensis ,Poaceae,Poales,Grasses,F250008,35,81,2,1,289,0.5895,0.8814,Residuo de muestra despues del click,0.2919,176.7546792,37.71533435,356.4118835,64.51188355,18.1003739,
1046,,46134,0,Sample 8,Cynodon,nlemfuensis,Cynodon nlemfuensis ,Poaceae,Poales,Grasses,F250008,35,81,2,2,290,0.6144,0.9521,,0.3377,131.329603,28.00028018,356.6970131,18.99701306,5.325812205,
1047,,46134,0,BLANK 24 H,BLANK,24,BLANK 24 H,0,0,0,BLANK 24 H,35,81,2,1,291,,,,,,,,,,
1048,,46134,0,BLANK 24 H,BLANK,24,BLANK 24 H,0,0,0,BLANK 24 H,35,81,2,2,292,,,,,,,,,,
1049,,46139,0,BLANK 24 H,BLANK,24,BLANK 24 H,0,0,0,BLANK 24 H,35,82,3,1,1,,,,,,,,,,
1050,,46139,0,BLANK 24 H,BLANK,24,BLANK 24 H,0,0,0,BLANK 24 H,35,82,3,2,2,,,,,,,,,,
1051,,46139,0,CIAT8808,Galactia,jussiaeana,Galactia jussiaeana,Fabaceae,Fabales,Climber,F260456,35,82,3,1,3,0.5476,0.8606,,0.313,152.3069083,32.73256974,290.9360546,-22.06394543,-7.583778318,
1052,,46139,0,CIAT8808,Galactia,jussiaeana,Galactia jussiaeana,Fabaceae,Fabales,Climber,F260456,35,82,3,2,4,0.5752,0.8632,,0.288,177.3999697,38.11774414,290.9942418,2.994241784,1.028969428,
1053,,46139,0,CIAT9177,Vigna,gentryi,Vigna gentryi,Fabaceae,Fabales,Climber,F260457,35,82,3,1,5,0.5516,0.7512,,0.1996,269.025,57.40730862,246.6004921,47.00049207,19.0593667,
1054,,46139,0,CIAT9177,Vigna,gentryi,Vigna gentryi,Fabaceae,Fabales,Climber,F260457,35,82,3,2,6,0.5533,0.7391,,0.1858,283.1061188,60.37586362,246.7484228,60.94842278,24.70063318,
1055,,46139,0,CIAT9389,Rhynchosia,reticulata,Rhynchosia reticulata,Fabaceae,Fabales,Climber,F260458,35,82,3,1,7,0.5634,0.9359,,0.3725,99.22216057,21.03402572,292.8171813,-79.68281873,-27.21248063,
1056,,46139,0,CIAT9389,Rhynchosia,reticulata,Rhynchosia reticulata,Fabaceae,Fabales,Climber,F260458,35,82,3,2,8,0.5889,0.9554,,0.3665,105.1278539,22.29042517,292.7586412,-73.74135875,-25.18844822,
1057,,46139,0,CIAT9992,Canavalia,dictyota,Canavalia dictyota,Fabaceae,Fabales,Climber,F260459,35,82,3,1,9,0.5821,0.7768,,0.1947,274.4327424,58.49788718,204.2577449,9.557744886,4.67925703,
1058,,46139,0,CIAT9992,Canavalia,dictyota,Canavalia dictyota,Fabaceae,Fabales,Climber,F260459,35,82,3,2,10,0.5601,0.7429,,0.1828,286.7080486,61.06563017,204.4211511,21.62115108,10.57676809,
1059,,46139,0,CIAT15023,Centrosema,virginianum,Centrosema virginianum,Fabaceae,Fabales,Climber,F260460,35,82,3,1,11,0.5536,0.8428,,0.2892,179.4296842,38.2881602,267.3598861,-21.84011391,-8.168807307,
1060,,46139,0,CIAT15023,Centrosema,virginianum,Centrosema virginianum,Fabaceae,Fabales,Climber,F260460,35,82,3,2,12,0.5495,0.8141,Residuo de muestra en la manguera despues del click 8h,0.2646,204.0296842,43.53750757,267.3598861,2.75988609,1.032273813,
1061,,46139,0,CIAT15027,Centrosema,brachypodum,Centrosema brachypodum,Fabaceae,Fabales,Climber,F260461,35,82,3,1,13,0.5927,0.8919,,0.2992,171.7500297,36.46884359,280.1104484,-19.08955159,-6.815008756,
1062,,46139,0,CIAT15027,Centrosema,brachypodum,Centrosema brachypodum,Fabaceae,Fabales,Climber,F260461,35,82,3,2,14,0.5874,0.8702,,0.2828,188.0558585,39.93915656,280.0544375,-2.745562474,-0.980367424,
1063,,46139,0,CIAT15055,Centrosema,vexillatum,Centrosema vexillatum,Fabaceae,Fabales,Climber,F260462,35,82,3,1,15,0.5813,0.864,,0.2827,190.5486354,40.26395876,289.0213688,6.321368839,2.187163138,
1064,,46139,0,CIAT15055,Centrosema,vexillatum,Centrosema vexillatum,Fabaceae,Fabales,Climber,F260462,35,82,3,2,16,0.578,0.8645,Residuo de muestra en la manguera despues del click 8h,0.2865,186.8432473,39.47309872,289.07915,2.57915,0.892195096,
1065,,46139,0,CIAT15079,Centrosema,vexillatum,Centrosema vexillatum,Fabaceae,Fabales,Climber,F260463,35,82,3,1,17,0.5647,0.9023,,0.3376,127.5144657,27.41571701,284.0536866,-53.54631345,-18.85077223,
1066,,46139,0,CIAT15079,Centrosema,vexillatum,Centrosema vexillatum,Fabaceae,Fabales,Climber,F260463,35,82,3,2,18,0.5765,0.9168,,0.3403,125.0004371,26.86445727,284.1672626,-56.13273741,-19.75341455,
1067,,46139,0,CIAT15234,Centrosema,platycarpum,Centrosema platycarpum,Fabaceae,Fabales,Climber,F260464,35,82,3,1,19,0.5744,,En el proceso de filtracion la bolsa se abrio en la parte inferior de la muestra,,473.7196944,,,0,#DIV/0!,
1068,,46139,0,CIAT15234,Centrosema,platycarpum,Centrosema platycarpum,Fabaceae,Fabales,Climber,F260464,35,82,3,2,20,0.567,0.8292,,0.2622,211.4250072,44.63974748,268.6243341,6.424334126,2.39156819,
1069,,46139,0,CIAT15252,Centrosema,bifidum,Centrosema bifidum,Fabaceae,Fabales,Climber,F260465,35,82,3,1,21,0.57,0.8456,,0.2756,201.5873431,42.2449057,274.6873356,-0.912664371,-0.332255715,
1070,,46139,0,CIAT15252,Centrosema,bifidum,Centrosema bifidum,Fabaceae,Fabales,Climber,F260465,35,82,3,2,22,0.5846,0.9056,,0.321,156.1873431,32.73082268,274.6873356,-46.31266437,-16.86013819,
1071,,46139,0,CIAT15254,Centrosema,bifidum,Centrosema bifidum,Fabaceae,Fabales,Climber,F260466,35,82,3,1,23,0.5638,0.8699,,0.3061,163.6529944,34.83809499,294.40699,-11.69301001,-3.971716165,
1072,,46139,0,CIAT15254,Centrosema,bifidum,Centrosema bifidum,Fabaceae,Fabales,Climber,F260466,35,82,3,2,24,0.5718,0.887,,0.3152,154.5529944,32.9009067,294.40699,-20.79301001,-7.062675384,
1073,,46139,0,CIAT15349,Centrosema,schottii,Centrosema schottii,Fabaceae,Fabales,Climber,F260467,35,82,3,1,25,0.5797,0.8496,,0.2699,195.237713,41.974174,263.9744871,-5.925512875,-2.244729383,
1074,,46139,0,CIAT15349,Centrosema,schottii,Centrosema schottii,Fabaceae,Fabales,Climber,F260467,35,82,3,2,26,0.5771,0.8447,,0.2676,197.3517695,42.44564327,263.8689606,-3.731039354,-1.413974325,
1075,,46139,0,CIAT15444,Centrosema,tetragonolobum,Centrosema tetragonolobum,Fabaceae,Fabales,Climber,F260468,35,82,3,1,27,0.5841,0.8237,,0.2396,231.7835888,49.17090758,262.9690164,23.36901641,8.886604488,
1076,,46139,0,CIAT15444,Centrosema,tetragonolobum,Centrosema tetragonolobum,Fabaceae,Fabales,Climber,F260468,35,82,3,2,28,0.5953,0.8533,,0.258,213.7606956,45.31125582,263.1793916,5.179391628,1.968008056,
1077,,46139,0,CIAT15837,Centrosema,tetragonolobum,Centrosema tetragonolobum,Fabaceae,Fabales,Climber,F260469,35,82,3,1,29,0.6049,0.8778,,0.2729,199.5581815,42.23827405,282.855786,9.955786021,3.519739214,
1078,,46139,0,CIAT15837,Centrosema,tetragonolobum,Centrosema tetragonolobum,Fabaceae,Fabales,Climber,F260469,35,82,3,2,30,0.596,0.8941,,0.2981,174.5471647,36.92969677,282.9689283,-15.13107166,-5.347255529,
1079,,46139,0,CIAT17152,Macrotyloma,uniflorum,Macrotyloma uniflorum,Fabaceae,Fabales,Climber,F260470,35,82,3,1,31,0.5952,0.7948,,0.1996,262.1787349,56.7758355,205.9478285,6.347828545,3.082250777,
1080,,46139,0,CIAT17152,Macrotyloma,uniflorum,Macrotyloma uniflorum,Fabaceae,Fabales,Climber,F260470,35,82,3,2,32,0.5705,0.775,,0.2045,257.2787349,55.71472124,205.9478285,1.447828545,0.703007434,
1081,,46139,0,CIAT17155,Macrotyloma,uniflorum,Macrotyloma uniflorum,Fabaceae,Fabales,Climber,F260471,35,82,3,1,33,0.5621,0.8081,,0.246,219.2697802,47.12744939,250.6236217,4.623621739,1.844846749,
1082,,46139,0,CIAT17155,Macrotyloma,uniflorum,Macrotyloma uniflorum,Fabaceae,Fabales,Climber,F260471,35,82,3,2,34,0.5725,0.8136,,0.2411,224.1697802,48.18060182,250.6236217,9.523621739,3.799969721,
1083,,46139,0,CIAT17173,Macrotyloma,daltonii,Macrotyloma daltonii,Fabaceae,Fabales,Climber,F260472,35,82,3,1,35,0.573,0.77,,0.197,272.9363664,58.07943073,252.3864463,55.38644631,21.94509536,
1084,,46139,0,CIAT17173,Macrotyloma,daltonii,Macrotyloma daltonii,Fabaceae,Fabales,Climber,F260472,35,82,3,2,36,0.5701,0.7587,,0.1886,281.1485045,59.85085675,252.2855523,63.68555227,25.2434401,
1085,,46139,0,CIAT17210,Neonotonia,wightii,Neonotonia wightii,Fabaceae,Fabales,Climber,F260473,35,82,3,1,37,0.5733,0.8082,,0.2349,229.9358614,49.46603318,248.4407611,13.54076112,5.450297713,
1086,,46139,0,CIAT17210,Neonotonia,wightii,Neonotonia wightii,Fabaceae,Fabales,Climber,F260473,35,82,3,2,38,0.599,0.8609,,0.2619,202.84295,43.64626725,248.3911028,-13.50889723,-5.438559226,
1087,,46139,0,CIAT17555,Vigna,adenantha,Vigna adenantha,Fabaceae,Fabales,Climber,F260474,35,82,3,1,39,0.5673,0.7985,,0.2312,237.4249772,50.66417471,233.3081479,2.108147873,0.903589477,
1088,,46139,0,CIAT17555,Vigna,adenantha,Vigna adenantha,Fabaceae,Fabales,Climber,F260474,35,82,3,2,40,0.588,0.8369,,0.2489,219.5376022,46.86592219,233.2148619,-15.68513807,-6.725616859,
1089,,46139,0,CIAT17565,Canavalia,bicarinata,Canavalia bicarinata,Fabaceae,Fabales,Climber,F260475,35,82,3,1,41,0.5704,0.812,,0.2416,225.54351,48.28141785,224.5360906,-17.06390942,-7.599628806,
1090,,46139,0,CIAT17565,Canavalia,bicarinata,Canavalia bicarinata,Fabaceae,Fabales,Climber,F260475,35,82,3,2,42,0.6145,0.8491,,0.2346,232.54351,49.7798867,224.5360906,-10.06390942,-4.482089892,
1091,,46139,0,CIAT17570,Calopogonium,velutinum,Calopogonium velutinum,Fabaceae,Fabales,Climber,F260476,35,82,3,1,43,0.5785,0.8181,,0.2396,236.9905117,49.72623371,254.8008699,15.20086988,5.965784138,
1092,,46139,0,CIAT17570,Calopogonium,velutinum,Calopogonium velutinum,Fabaceae,Fabales,Climber,F260476,35,82,3,2,44,0.6149,0.8428,,0.2279,248.7857726,52.1907275,254.8517995,26.9517995,10.57547938,
1093,,46139,0,CIAT18061,Galactia,elliptifoliola,Galactia elliptifoliola,Fabaceae,Fabales,Climber,F260477,35,82,3,1,45,0.5853,0.8817,,0.2964,174.9942412,37.12269389,300.4970038,4.097003799,1.363409201,
1094,,46139,0,CIAT18061,Galactia,elliptifoliola,Galactia elliptifoliola,Fabaceae,Fabales,Climber,F260477,35,82,3,2,46,0.5979,0.8545,,0.2566,215.1712058,45.60922819,300.7373053,44.13730528,14.67636522,
1095,,46139,0,CIAT18068,Galactia,elliptifoliola,Galactia elliptifoliola,Fabaceae,Fabales,Climber,F260478,35,82,3,1,47,0.5892,0.795,,0.2058,268.635817,56.62216202,292.6163432,86.81634317,29.66900011,
1096,,46139,0,CIAT18068,Galactia,elliptifoliola,Galactia elliptifoliola,Fabaceae,Fabales,Climber,F260478,35,82,3,2,48,0.5965,0.8146,,0.2181,256.5254396,54.04797514,292.7332961,74.63329614,25.49532189,
1097,,46139,0,CIAT18658,Periandra,densiflora,Periandra densiflora,Fabaceae,Fabales,Climber,F260479,35,82,3,1,49,0.5886,0.8558,,0.2672,205.4403299,43.46652557,295.7674695,28.56746949,9.658759814,
1098,,46139,0,CIAT18658,Periandra,densiflora,Periandra densiflora,Fabaceae,Fabales,Climber,F260479,35,82,3,2,50,0.5863,0.8686,,0.2823,190.3403299,40.27170722,295.7674695,13.46746949,4.553397813,
1099,,46139,0,CIAT18857,Neonotonia,wightii,Neonotonia wightii,Fabaceae,Fabales,Climber,F260480,35,82,3,1,51,0.5755,0.854,,0.2785,189.9515214,40.54881086,289.9340897,11.43408972,3.943685867,
1100,,46139,0,CIAT18857,Neonotonia,wightii,Neonotonia wightii,Fabaceae,Fabales,Climber,F260480,35,82,3,2,52,0.5477,0.7974,,0.2497,219.2198793,46.74996496,290.2239658,40.52396583,13.96299775,
1101,,46139,0,CIAT19215,Macrotyloma,axillare,Macrotyloma axillare,Fabaceae,Fabales,Climber,F260481,35,82,3,1,53,0.5874,0.8204,,0.233,228.0882712,49.46737652,280.6864224,47.68642243,16.98921594,
1102,,46139,0,CIAT19215,Macrotyloma,axillare,Macrotyloma axillare,Fabaceae,Fabales,Climber,F260481,35,82,3,2,54,0.545,0.7839,,0.2389,222.3726327,48.20850338,280.7986521,41.89865211,14.92124403,
1103,,46139,0,CIAT19445,Galactia,dubia,Galactia dubia,Fabaceae,Fabales,Climber,F260482,35,82,3,1,55,0.5881,0.8397,,0.2516,215.6700687,46.15533567,302.4569989,50.85699893,16.81462129,
1104,,46139,0,CIAT19445,Galactia,dubia,Galactia dubia,Fabaceae,Fabales,Climber,F260482,35,82,3,2,56,0.5696,,En el proceso de filtracion la bolsa se abrio en la parte inferior de la muestra,,467.4569019,,,0,#DIV/0!,
1105,,46139,0,CIAT19826,Dunbaria,nivea,Dunbaria nivea,Fabaceae,Fabales,Climber,F260483,35,82,3,1,57,0.5815,0.9087,,0.3272,141.3797108,30.17196595,311.137599,-16.06240104,-5.162475088,
1106,,46139,0,CIAT19826,Dunbaria,nivea,Dunbaria nivea,Fabaceae,Fabales,Climber,F260483,35,82,3,2,58,0.5801,0.8765,,0.2964,172.3671052,36.77030732,311.2620291,14.86202912,4.77476458,
1107,,46139,0,CIAT20820,Canavalia,gladiata,Canavalia gladiata,Fabaceae,Fabales,Climber,F260484,35,82,3,1,59,0.5841,,En el proceso de filtracion la bolsa se abrio en la parte inferior de la muestra,,461.3343315,,,0,#DIV/0!,
1108,,46139,0,CIAT20820,Canavalia,gladiata,Canavalia gladiata,Fabaceae,Fabales,Climber,F260484,35,82,3,2,60,0.579,0.7507,,0.1717,289.54212,62.77443179,260.4681802,88.76818022,34.08023972,
1109,,46139,0,CIAT21015,Galactia,elliptifoliola,Galactia elliptifoliola,Fabaceae,Fabales,Climber,F260485,35,82,3,1,61,0.5873,0.8695,,0.2822,185.1700961,39.61958578,332.0116523,49.81165232,15.00298317,
1110,,46139,0,CIAT21015,Galactia,elliptifoliola,Galactia elliptifoliola,Fabaceae,Fabales,Climber,F260485,35,82,3,2,62,0.5761,0.8461,,0.27,197.2766595,42.21838508,331.9452765,61.94527654,18.66129176,
1111,,46139,0,CIAT21037,Dolichos,trilobus,Dolichos trilobus,Fabaceae,Fabales,Climber,F260486,35,82,3,1,63,0.5733,0.7606,,0.1873,282.2469359,60.11048403,245.9041552,58.6041552,23.83211262,
1112,,46139,0,CIAT21037,Dolichos,trilobus,Dolichos trilobus,Fabaceae,Fabales,Climber,F260486,35,82,3,2,64,0.5842,0.7141,,0.1299,339.6469359,72.33503404,245.9041552,116.0041552,47.17454046,
1113,,46139,0,CIAT21038,Dolichos,trilobus,Dolichos trilobus,Fabaceae,Fabales,Climber,F260487,35,82,3,1,65,0.5959,0.8167,,0.2208,238.4290863,51.91942179,284.7848127,63.98481269,22.46777561,
1114,,46139,0,CIAT21038,Dolichos,trilobus,Dolichos trilobus,Fabaceae,Fabales,Climber,F260487,35,82,3,2,66,0.5875,0.7897,,0.2022,257.2127412,55.98728945,284.8987038,82.69870384,29.02740614,
1115,,46139,0,CIAT21236,Canavalia,mattogrossensis,Canavalia mattogrossensis,Fabaceae,Fabales,Climber,F260488,35,82,3,1,67,0.6028,0.8414,,0.2386,215.8977102,47.50248579,251.8747288,13.2747288,5.270369466,
1116,,46139,0,CIAT21236,Canavalia,mattogrossensis,Canavalia mattogrossensis,Fabaceae,Fabales,Climber,F260488,35,82,3,2,68,0.597,0.8077,,0.2107,243.7068289,53.63185881,251.8243639,41.12436393,16.33057393,
1117,,46139,0,CIAT21829,Rhynchosia,minima,Rhynchosia minima,Fabaceae,Fabales,Climber,F260489,35,82,3,1,69,0.6039,0.91,,0.3061,158.7947112,34.15713438,297.7341466,-8.365853441,-2.8098401,
1118,,46139,0,CIAT21829,Rhynchosia,minima,Rhynchosia minima,Fabaceae,Fabales,Climber,F260489,35,82,3,2,70,0.5936,0.9181,,0.3245,140.3017695,30.1852916,297.6746235,-26.82537646,-9.011643701,
1119,,46139,0,CIAT22034,Rhynchosia,minima,Rhynchosia minima,Fabaceae,Fabales,Climber,F260490,35,82,3,1,71,0.5913,0.9218,,0.3305,139.0642805,29.6156003,294.5115703,-35.98842968,-12.21969977,
1120,,46139,0,CIAT22034,Rhynchosia,minima,Rhynchosia minima,Fabaceae,Fabales,Climber,F260490,35,82,3,2,72,0.5838,0.9122,,0.3284,141.1642805,30.06282342,294.5115703,-33.88842968,-11.50665478,
1121,,46139,0,CIAT22080,Cajanus,crassus,Cajanus crassus,Fabaceae,Fabales,Climber,F260491,35,82,3,1,73,0.6005,0.8885,,0.288,184.8790885,39.09648217,296.5906239,8.590623949,2.896458369,
1122,,46139,0,CIAT22080,Cajanus,crassus,Cajanus crassus,Fabaceae,Fabales,Climber,F260491,35,82,3,2,74,0.5693,0.8638,,0.2945,178.4736454,37.73437424,296.6499302,2.149930213,0.724736463,
1123,,46139,0,CIAT22188,Rhynchosia,minima,Rhynchosia minima,Fabaceae,Fabales,Climber,F260492,35,82,3,1,75,0.5823,0.8663,,0.284,182.9566708,39.18065257,278.0684711,-5.931528892,-2.133118102,
1124,,46139,0,CIAT22188,Rhynchosia,minima,Rhynchosia minima,Fabaceae,Fabales,Climber,F260492,35,82,3,2,76,0.5472,0.8632,,0.316,151.2366768,32.36832302,278.2352121,-37.76478785,-13.57297215,
1125,,46139,0,BLANK 8 H,BLANK,8,BLANK 8 H,0,0,0,BLANK 8 H,35,82,3,1,77,,,,,,,,,,
1126,,46139,0,BLANK 8 H,BLANK,8,BLANK 8 H,0,0,0,BLANK 8 H,35,82,3,2,78,,,,,,,,,,
1127,,46139,0,CIAT22283,Cajanus,scarabaeoides,Cajanus scarabaeoides,Fabaceae,Fabales,Climber,F260493,35,82,3,1,79,0.5526,0.8952,,0.3426,117.9721024,25.61425274,294.0497139,-48.55028608,-16.51091084,
1128,,46139,0,CIAT22283,Cajanus,scarabaeoides,Cajanus scarabaeoides,Fabaceae,Fabales,Climber,F260493,35,82,3,2,80,0.5572,0.8934,,0.3362,124.3721024,27.00382887,294.0497139,-42.15028608,-14.33440812,
1129,,46139,0,CIAT22525,Dolichos,trilobus,Dolichos trilobus,Fabaceae,Fabales,Climber,F260494,35,82,3,1,81,0.5576,0.7236,,0.166,299.7146428,64.35585555,216.6209503,50.62095032,23.36844624,
1130,,46139,0,CIAT22525,Dolichos,trilobus,Dolichos trilobus,Fabaceae,Fabales,Climber,F260494,35,82,3,2,82,0.5477,0.7267,,0.179,286.6215557,61.55676261,216.5776521,37.57765211,17.35066003,
1131,,46139,0,CIAT24002,Neonotonia,wightii,Neonotonia wightii,Fabaceae,Fabales,Climber,F260495,35,82,3,1,83,0.5563,0.8314,,0.2751,190.1982902,40.87663638,268.4571187,-6.642881285,-2.474466431,
1132,,46139,0,CIAT24002,Neonotonia,wightii,Neonotonia wightii,Fabaceae,Fabales,Climber,F260495,35,82,3,2,84,0.588,0.8534,,0.2654,199.8052491,42.94991286,268.403438,3.003438028,1.119001325,
1133,,46139,0,CIAT24024,Vigna,adenantha,Vigna adenantha,Fabaceae,Fabales,Climber,F260496,35,82,3,1,85,0.5927,0.7798,,0.1871,277.6178936,59.73901531,211.0025356,23.90253556,11.32807978,
1134,,46139,0,CIAT24024,Vigna,adenantha,Vigna adenantha,Fabaceae,Fabales,Climber,F260496,35,82,3,2,86,0.5572,0.7514,,0.1942,270.8895192,58.24459766,211.1712701,16.9712701,8.036732502,
1135,,46139,0,CIAT24082,Vigna,gentryi,Vigna gentryi,Fabaceae,Fabales,Climber,F260497,35,82,3,1,87,0.5793,0.7934,,0.2141,257.4471453,54.59626845,248.4291251,34.32912512,13.81847845,
1136,,46139,0,CIAT24082,Vigna,gentryi,Vigna gentryi,Fabaceae,Fabales,Climber,F260497,35,82,3,2,88,0.588,0.8344,,0.2464,225.1471453,47.74647616,248.4291251,2.02912512,0.816782299,
1137,,46139,0,CIAT25102,Centrosema,arenarium,Centrosema arenarium,Fabaceae,Fabales,Climber,F260498,35,82,3,1,89,0.5539,0.8048,,0.2509,216.3332397,46.30090955,267.2852126,16.38521259,6.13023535,
1138,,46139,0,CIAT25102,Centrosema,arenarium,Centrosema arenarium,Fabaceae,Fabales,Climber,F260498,35,82,3,2,90,0.5655,0.818,,0.2525,215.2004729,46.0124557,267.5524978,15.0524978,5.62599786,
1139,,46139,0,CIAT25124,Centrosema,capitatum,Centrosema capitatum,Fabaceae,Fabales,Climber,F260499,35,82,3,1,91,0.5866,0.8752,,0.2886,179.4903326,38.34523383,285.6463018,-2.953698167,-1.034040402,
1140,,46139,0,CIAT25124,Centrosema,capitatum,Centrosema capitatum,Fabaceae,Fabales,Climber,F260499,35,82,3,2,92,0.6053,0.8524,,0.2471,220.8032087,47.18993258,285.5321118,38.43211183,13.45982124,
1141,,46139,0,CIAT25156,Centrosema,platycarpum,Centrosema platycarpum,Fabaceae,Fabales,Climber,F260500,35,82,3,1,93,0.5932,,En el proceso de filtracion la bolsa se abrio en la parte inferior de la muestra,,471.1249972,,,0,#DIV/0!,
1142,,46139,0,CIAT25156,Centrosema,platycarpum,Centrosema platycarpum,Fabaceae,Fabales,Climber,F260500,35,82,3,2,94,0.6053,0.8841,,0.2788,192.5134095,40.84615579,275.5917477,-3.208252252,-1.164132191,
1143,,46139,0,CIAT-BR06_423_Temp_B,Urochloa,interespecifico,Urochloa interespecifico,Poaceae,Poales,grasses,F261074,35,82,3,1,95,0.5844,0.8086,,0.2242,243.6321069,52.07682485,259.0088662,34.80886616,13.43925661,
1144,,46139,0,CIAT-BR06_423_Temp_B,Urochloa,interespecifico,Urochloa interespecifico,Poaceae,Poales,grasses,F261074,35,82,3,2,96,0.6,0.8079,,0.2079,259.7451236,55.54321226,258.9053454,51.00534543,19.7003833,
1145,,46139,0,CIAT_MulatoII_Temp_C,Urochloa,interespecifico,Urochloa interespecifico,Poaceae,Poales,grasses,F261075,35,82,3,1,97,0.6075,0.7938,,0.1863,287.2786337,60.661232,274.6903411,88.39034109,32.17817588,
1146,,46139,0,CIAT_MulatoII_Temp_C,Urochloa,interespecifico,Urochloa interespecifico,Poaceae,Poales,grasses,F261075,35,82,3,2,98,0.5951,0.7659,,0.1708,302.9680273,63.94860139,274.8001953,104.0001953,37.84575013,
1147,,46139,0,CIAT-BR06_423_Opt_F,Urochloa,interespecifico,Urochloa interespecifico,Poaceae,Poales,grasses,F261076,35,82,3,1,99,0.6101,0.8731,,0.263,206.3876212,43.96954924,290.5204976,27.52049758,9.472824742,
1148,,46139,0,CIAT-BR06_423_Opt_F,Urochloa,interespecifico,Urochloa interespecifico,Poaceae,Poales,grasses,F261076,35,82,3,2,100,0.6193,0.8327,,0.2134,256.0814425,54.5455942,290.5785668,77.17856683,26.56030955,
1149,,46139,0,CIAT_MulatoII_Opt_D,Urochloa,interespecifico,Urochloa interespecifico,Poaceae,Poales,grasses,F261077,35,82,3,1,101,0.607,0.7759,,0.1689,306.840182,64.49742813,281.781633,112.881633,40.05996835,
1150,,46139,0,CIAT_MulatoII_Opt_D,Urochloa,interespecifico,Urochloa interespecifico,Poaceae,Poales,grasses,F261077,35,82,3,2,102,0.5715,0.8155,,0.244,231.740182,48.71150068,281.781633,37.78163301,13.4081248,
1151,,46139,0,CIAT-BR06_423_Exc_G,Urochloa,interespecifico,Urochloa interespecifico,Poaceae,Poales,grasses,F261078,35,82,3,1,103,0.592,0.8501,,0.2581,208.546655,44.69048535,281.9453666,23.84536657,8.457442256,
1152,,46139,0,CIAT-BR06_423_Exc_G,Urochloa,interespecifico,Urochloa interespecifico,Poaceae,Poales,grasses,F261078,35,82,3,2,104,0.5796,0.8268,,0.2472,219.3533443,47.01570506,281.8889888,34.68898877,12.30590415,
1153,,46139,0,CIAT_MulatoII_Exc_E,Urochloa,interespecifico,Urochloa interespecifico,Poaceae,Poales,grasses,F261079,35,82,3,1,105,0.5722,0.767,,0.1948,267.0538146,57.82215198,309.9230656,115.1230656,37.14569143,
1154,,46139,0,CIAT_MulatoII_Exc_E,Urochloa,interespecifico,Urochloa interespecifico,Poaceae,Poales,grasses,F261079,35,82,3,2,106,0.5845,0.8112,,0.2267,235.1538146,50.91520459,309.9230656,83.22306564,26.85281441,
1155,,46139,0,CIAT17524,Aeschynomene,americana,Aeschynomene americana,Fabaceae,Fabales,Herbaceous,F260426,35,82,3,1,107,0.6032,0.7974,,0.1942,272.706607,58.4070996,249.9788022,55.7788022,22.31341286,
1156,,46139,0,CIAT17524,Aeschynomene,americana,Aeschynomene americana,Fabaceae,Fabales,Herbaceous,F260426,35,82,3,2,108,0.6308,0.8277,,0.1969,269.9133003,57.82039632,249.9288464,53.0288464,21.21757739,
1157,,46139,0,CIAT4042,Centrosema,grazielae,Centrosema grazielae,Fabaceae,Fabales,Climber,F260433,35,82,3,1,109,0.5969,0.861,,0.2641,213.5795282,44.71188644,291.7165585,27.61655854,9.466914966,
1158,,46139,0,CIAT4042,Centrosema,grazielae,Centrosema grazielae,Fabaceae,Fabales,Climber,F260433,35,82,3,2,110,0.5682,0.8812,,0.313,164.7750641,34.488,291.7749018,-21.22509815,-7.274477008,
1159,,46139,0,CIAT5098,Centrosema,schottii,Centrosema schottii,Fabaceae,Fabales,Climber,F260436,35,82,3,1,111,0.5725,0.8779,,0.3054,166.0340789,35.21893862,249.9862085,-55.41379146,-22.16673943,
1160,,46139,0,CIAT5098,Centrosema,schottii,Centrosema schottii,Fabaceae,Fabales,Climber,F260436,35,82,3,2,112,0.5858,0.8392,,0.2534,218.2225018,46.27058738,250.0861231,-3.313876907,-1.325094278,
1161,,46139,0,CIAT5217,Centrosema,pascuorum,Centrosema pascuorum,Fabaceae,Fabales,Climber,F260440,35,82,3,1,113,0.5769,0.8454,,0.2685,199.7388596,42.65747182,269.2275932,0.727593163,0.270252077,
1162,,46139,0,CIAT5217,Centrosema,pascuorum,Centrosema pascuorum,Fabaceae,Fabales,Climber,F260440,35,82,3,2,114,0.5793,0.8137,,0.2344,233.6516764,49.92005972,269.1199667,34.7199667,12.90129719,
1163,,46139,0,CIAT5236,Centrosema,arenarium,Centrosema arenarium,Fabaceae,Fabales,Climber,F260441,35,82,3,1,115,0.5987,0.8643,,0.2656,208.6857006,43.99999839,285.8451269,20.24512694,7.082551016,
1164,,46139,0,CIAT5236,Centrosema,arenarium,Centrosema arenarium,Fabaceae,Fabales,Climber,F260441,35,82,3,2,116,0.5921,0.8796,,0.2875,186.6909004,39.37040973,285.7879922,-1.712007802,-0.599048193,
1165,,46139,0,CIAT5383,Periandra,coccinea,Periandra coccinea,Fabaceae,Fabales,Climber,F260443,35,82,3,1,117,0.566,0.8422,,0.2762,203.487525,42.42084991,284.431205,8.231205031,2.893917715,
1166,,46139,0,CIAT5383,Periandra,coccinea,Periandra coccinea,Fabaceae,Fabales,Climber,F260443,35,82,3,2,118,0.5803,0.9256,,0.3453,134.387525,28.01563893,284.431205,-60.86879497,-21.4001818,
1167,,46139,0,CIAT5484,Centrosema,vexillatum,Centrosema vexillatum,Fabaceae,Fabales,Climber,F260444,35,82,3,1,119,0.6019,0.9091,,0.3072,171.1538852,35.77976275,286.6000363,-20.59996374,-7.187704513,
1168,,46139,0,CIAT5484,Centrosema,vexillatum,Centrosema vexillatum,Fabaceae,Fabales,Climber,F260444,35,82,3,2,120,0.6079,0.8774,,0.2695,208.4716608,43.61590401,286.371031,16.87103104,5.891319026,
1169,,46139,0,CIAT5850,Centrosema,brachypodum,Centrosema brachypodum,Fabaceae,Fabales,Climber,F260447,35,82,3,1,121,0.5735,0.7524,,0.1789,298.1848192,62.50142683,289.7632441,110.8632441,38.25994026,
1170,,46139,0,CIAT5850,Centrosema,brachypodum,Centrosema brachypodum,Fabaceae,Fabales,Climber,F260447,35,82,3,2,122,0.5769,0.8375,,0.2606,216.6755006,45.39841252,289.8790567,29.27905674,10.10043881,
1171,,46139,0,CIAT7146,Rhynchosia,reticulata,Rhynchosia reticulata,Fabaceae,Fabales,Climber,F260450,35,82,3,1,123,0.5852,0.9581,,0.3729,100.1057733,21.16375294,312.6995857,-60.2004143,-19.25183692,
1172,,46139,0,CIAT7146,Rhynchosia,reticulata,Rhynchosia reticulata,Fabaceae,Fabales,Climber,F260450,35,82,3,2,124,0.5739,0.9704,,0.3965,76.50577327,16.17438467,312.6995857,-83.8004143,-26.79901674,
1173,,46139,0,CIAT7177,Canavalia,rosea,Canavalia rosea,Fabaceae,Fabales,Climber,F260451,35,82,3,1,125,0.5851,0.8804,,0.2953,177.8586922,37.58964912,254.4112551,-40.88874488,-16.07190879,
1174,,46139,0,CIAT7177,Canavalia,rosea,Canavalia rosea,Fabaceae,Fabales,Climber,F260451,35,82,3,2,126,0.5694,0.8322,,0.2628,210.2641361,44.44727893,254.3604135,-8.439586458,-3.317963806,
1175,,46139,0,CIAT7320,Canavalia,dictyota,Canavalia dictyota,Fabaceae,Fabales,Climber,F260452,35,82,3,1,127,0.5644,0.7905,,0.2261,242.5031491,51.75021754,218.4667213,-7.633278718,-3.494023562,
1176,,46139,0,CIAT7320,Canavalia,dictyota,Canavalia dictyota,Fabaceae,Fabales,Climber,F260452,35,82,3,2,128,0.5948,0.7719,,0.1771,291.8779566,62.23703108,218.6414597,41.54145971,18.99980899,
1177,,46139,0,CIAT8384,Canavalia,dictyota,Canavalia dictyota,Fabaceae,Fabales,Climber,F260454,35,82,3,1,129,0.6057,0.8074,,0.2017,261.9362132,56.49606432,243.0939855,41.39398547,17.02797599,
1178,,46139,0,CIAT8384,Canavalia,dictyota,Canavalia dictyota,Fabaceae,Fabales,Climber,F260454,35,82,3,2,130,0.5804,0.8094,,0.229,234.1731327,50.55844481,242.8511828,13.85118285,5.703568203,
1179,,46139,0,CIAT8772,Canavalia,bicarinata,Canavalia bicarinata,Fabaceae,Fabales,Climber,F260455,35,82,3,1,131,0.6118,0.8442,,0.2324,236.923472,50.48191411,236.6854546,4.285454631,1.810611741,
1180,,46139,0,CIAT8772,Canavalia,bicarinata,Canavalia bicarinata,Fabaceae,Fabales,Climber,F260455,35,82,3,2,132,0.5887,0.786,,0.1973,272.023472,57.96076443,236.6854546,39.38545463,16.64042038,
1181,,46139,0,CIAT4141,Vigna,radiata,Vigna radiata,Fabaceae,Fabales,Herbaceous,F252583,35,82,3,1,133,0.6018,0.8145,,0.2127,242,53.22190455,223.462315,10.762315,4.816165536,
1182,,46139,0,CIAT4141,Vigna,radiata,Vigna radiata,Fabaceae,Fabales,Herbaceous,F252583,35,82,3,2,134,0.5904,0.8545,,0.2641,190.6,41.91774797,223.462315,-40.637685,-18.1854757,
1183,,46139,0,CIAT8014,Crotalaria,retusa,Crotalaria retusa,Fabaceae,Fabales,Herbaceous,F252588,35,82,3,1,135,0.5579,0.7483,,0.1904,266.35763,58.31487259,250.6457495,60.24574946,24.0362143,
1184,,46139,0,CIAT8014,Crotalaria,retusa,Crotalaria retusa,Fabaceae,Fabales,Herbaceous,F252588,35,82,3,2,136,0.5536,0.7436,,0.19,266.848945,58.41076091,250.6958586,60.69585857,24.21095383,
1185,,46139,0,CIAT23416,Codariocalyx,motorius,Codariocalyx motorius,Fabaceae,Fabales,Shurb_Tree,F252612,35,82,3,1,137,0.568,0.9263,,0.3583,106.09622,22.8460559,263.8002728,-94.49972723,-35.82245243,
1186,,46139,0,CIAT23416,Codariocalyx,motorius,Codariocalyx motorius,Fabaceae,Fabales,Shurb_Tree,F252612,35,82,3,2,138,0.5777,0.8507,,0.273,191.489025,41.22573725,263.8529907,-9.147009349,-3.466706717,
1187,,46139,0,CIAT16537,Sporobolus,sp.,Sporobolus sp.,Poaceae,Poales,Grasses,F260067,35,82,3,1,139,0.564,0.8218,,0.2578,226.1446572,46.72944599,331.4348237,73.63482368,22.21698458,
1188,,46139,0,CIAT16537,Sporobolus,sp.,Sporobolus sp.,Poaceae,Poales,Grasses,F260067,35,82,3,2,140,0.5983,0.8419,,0.2436,240.2479456,49.65360457,331.3685897,87.76858971,26.48669561,
1189,,46139,0,CIAT16561,Panicum,maximum,Panicum maximum,Poaceae,Poales,Grasses,F260068,35,82,3,1,141,0.5972,0.8813,,0.2841,189.2142266,39.9764503,304.9494261,20.84942612,6.837011103,
1190,,46139,0,CIAT16561,Panicum,maximum,Panicum maximum,Poaceae,Poales,Grasses,F260068,35,82,3,2,142,0.5589,0.8066,,0.2477,225.6142266,47.66690158,304.9494261,57.24942612,18.77341658,
1191,,46139,0,Sample 8,Cynodon,nlemfuensis,Cynodon nlemfuensis ,Poaceae,Poales,Grasses,F250008,35,82,3,1,143,0.5522,0.8749,,0.3227,145.9546792,31.14333126,356.4118835,33.71188355,9.458686734,
1192,,46139,0,Sample 8,Cynodon,nlemfuensis,Cynodon nlemfuensis ,Poaceae,Poales,Grasses,F250008,35,82,3,2,144,0.5923,0.8983,,0.306,163.029603,34.75891542,356.6970131,50.69701306,14.21290653,
1193,,46139,0,BLANK 24 H,BLANK,24,BLANK 24 H,0,0,0,BLANK 24 H,35,82,3,1,145,,,,,,,,,,
1194,,46139,0,BLANK 24 H,BLANK,24,BLANK 24 H,0,0,0,BLANK 24 H,35,82,3,2,146,,,,,,,,,,
1195,,46146,0,BLANK 24 H,BLANK,24,BLANK 24 H,0,0,0,BLANK 24 H,36,83,1,1,1,,,,,,,,,,
1196,,46146,0,BLANK 24 H,BLANK,24,BLANK 24 H,0,0,0,BLANK 24 H,36,83,1,2,2,,,,,,,,,,
1197,,46146,0,CIAT25254,Centrosema,pubescens,Centrosema pubescens,Fabaceae,Fabales,Climber,F260501,36,83,1,1,3,0.5539,0.7784,,0.2245,242.2133005,51.89766399,259.5981746,35.09817459,13.52019314,
1198,,46146,0,CIAT25254,Centrosema,pubescens,Centrosema pubescens,Fabaceae,Fabales,Climber,F260501,36,83,1,2,4,0.5688,0.826,,0.2572,209.5133005,44.89122129,259.5981746,2.398174585,0.923802561,
1199,,46146,0,CIAT25516,Centrosema,tetragonolobum,Centrosema tetragonolobum,Fabaceae,Fabales,Climber,F260502,36,83,1,1,5,0.5506,0.7992,,0.2486,219.0347096,46.83884774,251.9226942,3.322694187,1.318934048,
1200,,46146,0,CIAT25516,Centrosema,tetragonolobum,Centrosema tetragonolobum,Fabaceae,Fabales,Climber,F260502,36,83,1,2,6,0.5562,0.8142,,0.258,209.6347096,44.82873176,251.9226942,-6.077305813,-2.412369331,
1201,,46146,0,CIAT286,Zornia,glabra,Zornia glabra,Fabaceae,Fabales,Herbaceous,F260503,36,83,1,1,7,0.5616,0.8184,,0.2568,205.8269198,44.49090855,266.3945435,9.594543488,3.601629133,
1202,,46146,0,CIAT286,Zornia,glabra,Zornia glabra,Fabaceae,Fabales,Herbaceous,F260503,36,83,1,2,8,0.541,0.7633,,0.2223,240.604496,51.97713525,266.5543802,44.25438021,16.60238342,
1203,,46146,0,CIAT330,Desmodium,incanum,Desmodium incanum,Fabaceae,Fabales,Herbaceous,F260504,36,83,1,1,9,0.5416,0.9254,,0.3838,83.21169266,17.81790348,315.5668662,-68.23313376,-21.62240116,
1204,,46146,0,CIAT330,Desmodium,incanum,Desmodium incanum,Fabaceae,Fabales,Herbaceous,F260504,36,83,1,2,10,0.5645,0.9033,,0.3388,128.1183463,27.43913306,315.5037907,-23.29620928,-7.3838128,
1205,,46146,0,CIAT506,Macroptilium,atropurpureum,Macroptilium atropurpureum,Fabaceae,Fabales,Herbaceous,F260505,36,83,1,1,11,0.5341,0.7171,,0.183,288.6942823,61.20368491,273.313021,90.31302105,33.04380476,
1206,,46146,0,CIAT506,Macroptilium,atropurpureum,Macroptilium atropurpureum,Fabaceae,Fabales,Herbaceous,F260505,36,83,1,2,12,0.5753,0.8424,,0.2671,204.5,43.36301951,273.2583912,6.15839122,2.253687871,
1207,,46146,0,CIAT921,Tephrosia,cinerea,Tephrosia cinerea,Fabaceae,Fabales,Herbaceous,F260506,36,83,1,1,13,0.5716,0.8227,,0.2511,208.7499546,45.39523219,282.8093441,31.70934413,11.2122689,
1208,,46146,0,CIAT921,Tephrosia,cinerea,Tephrosia cinerea,Fabaceae,Fabales,Herbaceous,F260506,36,83,1,2,14,0.5503,0.8191,,0.2688,191.1419062,41.55783668,282.8658947,14.06589469,4.972637194,
1209,,46146,0,CIAT1011,Stylosanthes,viscosa,Stylosanthes viscosa,Fabaceae,Fabales,Herbaceous,F260507,36,83,1,1,15,0.5674,0.9343,,0.3669,103.76412,22.04632042,292.6137082,-74.28629182,-25.38715369,
1210,,46146,0,CIAT1011,Stylosanthes,viscosa,Stylosanthes viscosa,Fabaceae,Fabales,Herbaceous,F260507,36,83,1,2,16,0.5768,0.9316,,0.3548,115.67608,24.58702683,292.496803,-62.30319701,-21.30047111,
1211,,46146,0,CIAT1013,Stylosanthes,fruticosa,Stylosanthes fruticosa,Fabaceae,Fabales,Herbaceous,F260508,36,83,1,1,17,0.5505,0.8293,,0.2788,191.9014749,40.76925294,311.7133126,32.91331259,10.55884085,
1212,,46146,0,CIAT1013,Stylosanthes,fruticosa,Stylosanthes fruticosa,Fabaceae,Fabales,Herbaceous,F260508,36,83,1,2,18,0.5495,0.8187,,0.2692,201.878036,42.85447858,311.9626832,42.76268324,13.70762772,
1213,,46146,0,CIAT1985,Stylosanthes,fruticosa,Stylosanthes fruticosa,Fabaceae,Fabales,Herbaceous,F260509,36,83,1,1,19,0.5643,0.8155,,0.2512,214.2808497,46.03429977,295.5312342,44.33123418,15.00052416,
1214,,46146,0,CIAT1985,Stylosanthes,fruticosa,Stylosanthes fruticosa,Fabaceae,Fabales,Herbaceous,F260509,36,83,1,2,20,0.5336,0.808,,0.2744,190.8948062,41.02663594,295.4131162,21.01311618,7.113129049,
1215,,46146,0,CIAT2001,Stylosanthes,viscosa,Stylosanthes viscosa,Fabaceae,Fabales,Herbaceous,F260510,36,83,1,1,21,0.5595,0.7986,,0.2391,229.7826427,49.00642971,288.5132376,49.41323764,17.12685284,
1216,,46146,0,CIAT2001,Stylosanthes,viscosa,Stylosanthes viscosa,Fabaceae,Fabales,Herbaceous,F260510,36,83,1,2,22,0.579,0.8274,,0.2484,220.4826427,47.02299097,288.5132376,40.11323764,13.90343056,
1217,,46146,0,CIAT4263,Macroptilium,bracteatum,Macroptilium bracteatum,Fabaceae,Fabales,Herbaceous,F260511,36,83,1,1,23,0.5571,0.7968,,0.2397,223.875,48.29315645,247.2651854,7.565185407,3.059543297,
1218,,46146,0,CIAT4263,Macroptilium,bracteatum,Macroptilium bracteatum,Fabaceae,Fabales,Herbaceous,F260511,36,83,1,2,24,0.536,0.7801,,0.2441,219.938575,47.3966146,247.5124506,3.412450592,1.37869856,
1219,,46146,0,CIAT4495,Vigna,radiata,Vigna radiata,Fabaceae,Fabales,Herbaceous,F260512,36,83,1,1,25,0.5761,0.831,,0.2549,206.1980477,44.7189158,222.4605366,-32.43946335,-14.58212042,
1220,,46146,0,CIAT4495,Vigna,radiata,Vigna radiata,Fabaceae,Fabales,Herbaceous,F260512,36,83,1,2,26,0.5598,0.7586,,0.1988,262.2980477,56.88552554,222.4605366,23.66053665,10.63583546,
1221,,46146,0,CIAT7739,Chamaecrista,mimosoides,Chamaecrista mimosoides,Fabaceae,Fabales,Herbaceous,F260513,36,83,1,1,27,0.5636,0.8499,,0.2863,179.293081,38.50853639,274.1637038,-12.13629623,-4.426660447,
1222,,46146,0,CIAT7739,Chamaecrista,mimosoides,Chamaecrista mimosoides,Fabaceae,Fabales,Herbaceous,F260513,36,83,1,2,28,0.5736,0.8543,,0.2807,184.893081,39.7113034,274.1637038,-6.536296235,-2.384085182,
1223,,46146,0,CIAT8279,Zornia,glabra,Zornia glabra,Fabaceae,Fabales,Herbaceous,F260514,36,83,1,1,29,0.5303,0.7581,,0.2278,225.3547041,49.73019193,254.0667588,26.26675876,10.33852633,
1224,,46146,0,CIAT8279,Zornia,glabra,Zornia glabra,Fabaceae,Fabales,Herbaceous,F260514,36,83,1,2,30,0.5851,0.8309,,0.2458,207.3547041,45.75803852,254.0667588,8.26675876,3.253774244,
1225,,46146,0,CIAT11898,Stylosanthes,erecta,Stylosanthes erecta,Fabaceae,Fabales,Herbaceous,F260515,36,83,1,1,31,0.5337,0.7697,,0.236,226.3962304,48.96152164,258.5669011,22.56690111,8.727683635,
1226,,46146,0,CIAT11898,Stylosanthes,erecta,Stylosanthes erecta,Fabaceae,Fabales,Herbaceous,F260515,36,83,1,2,32,0.5736,0.8137,,0.2401,222.2962304,48.07483621,258.5669011,18.46690111,7.142020512,
1227,,46146,0,CIAT12001,Stylosanthes,mexicana,Stylosanthes mexicana,Fabaceae,Fabales,Herbaceous,F260516,36,83,1,1,33,0.5606,0.8214,,0.2608,199.4709958,43.33772878,262.5976338,1.797633833,0.684558275,
1228,,46146,0,CIAT12001,Stylosanthes,mexicana,Stylosanthes mexicana,Fabaceae,Fabales,Herbaceous,F260516,36,83,1,2,34,0.5558,0.8013,,0.2455,214.586961,46.64052216,262.4926368,16.99263678,6.473567025,
1229,,46146,0,CIAT19199,Tephrosia,villosa,Tephrosia villosa,Fabaceae,Fabales,Herbaceous,F260517,36,83,1,1,35,0.562,0.8434,,0.2814,190.1428224,40.32355353,290.2672212,8.867221196,3.054847585,
1230,,46146,0,CIAT19199,Tephrosia,villosa,Tephrosia villosa,Fabaceae,Fabales,Herbaceous,F260517,36,83,1,2,36,0.5512,0.85,,0.2988,172.9313265,36.65885998,290.3832585,-8.416741538,-2.898494074,
1231,,46146,0,CIAT19819,Pseudarthria,viscida,Pseudarthria viscida,Fabaceae,Fabales,Herbaceous,F260518,36,83,1,1,37,0.5388,0.8367,,0.2979,167.6715257,36.01412811,269.802881,-28.09711901,-10.41394329,
1232,,46146,0,CIAT19819,Pseudarthria,viscida,Pseudarthria viscida,Fabaceae,Fabales,Herbaceous,F260518,36,83,1,2,38,0.5659,0.8744,,0.3085,157.2576798,33.76384044,269.910759,-38.58924101,-14.29703698,
1233,,46146,0,CIAT20646,Pseudarthria,viscida,Pseudarthria viscida,Fabaceae,Fabales,Herbaceous,F260519,36,83,1,1,39,0.551,0.8223,,0.2713,193.8056459,41.66916648,258.5263803,-12.77361968,-4.940934719,
1234,,46146,0,CIAT20646,Pseudarthria,viscida,Pseudarthria viscida,Fabaceae,Fabales,Herbaceous,F260519,36,83,1,2,40,0.5749,0.8504,,0.2755,189.8845419,40.80164355,258.6814031,-16.81859687,-6.501664466,
1235,,46146,0,CIAT20778,Chamaecrista,serpens,Chamaecrista serpens,Fabaceae,Fabales,Herbaceous,F260520,36,83,1,1,41,0.5676,0.8398,,0.2722,198.7779038,42.2053566,258.9628267,-13.23717332,-5.111611379,
1236,,46146,0,CIAT20778,Chamaecrista,serpens,Chamaecrista serpens,Fabaceae,Fabales,Herbaceous,F260520,36,83,1,2,42,0.5391,0.8028,,0.2637,207.4662573,44.03249471,259.0663911,-4.633608898,-1.788579707,
1237,,46146,0,CIAT23035,Desmodium,laxiflorum,Desmodium laxiflorum,Fabaceae,Fabales,Herbaceous,F260521,36,83,1,1,43,0.5458,0.7666,,0.2208,240.2499846,52.10931409,234.0386982,13.23869819,5.656627854,
1238,,46146,0,CIAT23035,Desmodium,laxiflorum,Desmodium laxiflorum,Fabaceae,Fabales,Herbaceous,F260521,36,83,1,2,44,0.5572,0.9051,,0.3479,113.3343677,24.57196941,234.132295,-113.767705,-48.5912057,
1239,,46146,0,CIAT24004,Vigna,radiata,Vigna radiata,Fabaceae,Fabales,Herbaceous,F260522,36,83,1,1,45,0.5415,0.8411,,0.2996,173.0875718,36.61775391,294.3231428,-5.276857228,-1.792878799,
1240,,46146,0,CIAT24004,Vigna,radiata,Vigna radiata,Fabaceae,Fabales,Herbaceous,F260522,36,83,1,2,46,0.5517,0.8633,,0.3116,160.8986101,34.05271607,294.2054841,-17.39451589,-5.912369697,
1241,,46146,0,CIAT33606,Desmodium,sandwicense,Desmodium sandwicense x intortum,Fabaceae,Fabales,Herbaceous,F260523,36,83,1,1,47,0.5675,0.8896,,0.3221,137.1939177,29.87061496,275.2282703,-46.87172967,-17.03012907,
1242,,46146,0,CIAT33606,Desmodium,sandwicense,Desmodium sandwicense x intortum,Fabaceae,Fabales,Herbaceous,F260523,36,83,1,2,48,0.5436,0.8372,,0.2936,165.6020773,36.063007,275.1732357,-18.42676431,-6.696423171,
1243,,46146,0,CIAT33623,Desmodium,brachypodum,Desmodium brachypodum,Fabaceae,Fabales,Herbaceous,F260524,36,83,1,1,49,0.5857,0.8772,,0.2915,173.3429314,37.29064587,267.3256831,-24.1743169,-9.043020714,
1244,,46146,0,CIAT33623,Desmodium,brachypodum,Desmodium brachypodum,Fabaceae,Fabales,Herbaceous,F260524,36,83,1,2,50,0.5502,0.8376,,0.2874,177.4429314,38.17266423,267.3256831,-20.0743169,-7.509310989,
1245,,46146,0,CIAT33636,Desmodium,muelleri,Desmodium muelleri,Fabaceae,Fabales,Herbaceous,F260525,36,83,1,1,51,0.5546,0.8663,,0.3117,156.2282165,33.3872186,279.6619775,-32.03802245,-11.4559808,
1246,,46146,0,CIAT33636,Desmodium,muelleri,Desmodium muelleri,Fabaceae,Fabales,Herbaceous,F260525,36,83,1,2,52,0.5532,0.878,,0.3248,143.2217835,30.60152081,279.7178988,-45.08210124,-16.11698838,
1247,,46146,0,CIAT33726,Desmodium,sandwicense,Desmodium sandwicense,Fabaceae,Fabales,Herbaceous,F260526,36,83,1,1,53,0.5607,0.8748,,0.3141,153.1548926,32.77758992,283.7127273,-30.38727273,-10.71057792,
1248,,46146,0,CIAT33726,Desmodium,sandwicense,Desmodium sandwicense,Fabaceae,Fabales,Herbaceous,F260526,36,83,1,2,54,0.5505,0.8966,,0.3461,121.0615163,25.9142742,283.6560301,-62.44396992,-22.01397584,
1249,,46146,0,CIAT33727,Desmodium,sandwicense,Desmodium sandwicense,Fabaceae,Fabales,Herbaceous,F260527,36,83,1,1,55,0.566,0.925,,0.359,104.2523564,22.50444169,274.9015125,-84.09848749,-30.59222437,
1250,,46146,0,CIAT33727,Desmodium,sandwicense,Desmodium sandwicense,Fabaceae,Fabales,Herbaceous,F260527,36,83,1,2,56,0.5914,0.9456,,0.3542,108.95978,23.52531129,274.8465762,-79.35342385,-28.87189826,
1251,,46146,0,CIAT43324,Desmodium,muelleri,Desmodium muelleri,Fabaceae,Fabales,Herbaceous,F260528,36,83,1,1,57,0.5729,0.8427,,0.2698,192.4464063,41.63286154,266.6167682,-3.183231836,-1.193935347,
1252,,46146,0,CIAT43324,Desmodium,muelleri,Desmodium muelleri,Fabaceae,Fabales,Herbaceous,F260528,36,83,1,2,58,0.5723,0.8451,,0.2728,189.0769048,40.93664412,266.4036452,-6.396354753,-2.401001213,
1253,,46146,0,CIAT9776,Mimosa,debilis,Mimosa debilis,Fabaceae,Fabales,Shurb_Tree,F260529,36,83,1,1,59,0.5649,0.9436,,0.3787,80.85810797,17.59475169,284.0995203,-94.60047965,-33.29835951,
1254,,46146,0,CIAT9776,Mimosa,debilis,Mimosa debilis,Fabaceae,Fabales,Shurb_Tree,F260529,36,83,1,2,60,0.5755,0.9515,,0.376,83.92575446,18.24767447,284.3268,-91.67320004,-32.24219456,
1255,,46146,0,CIAT13761,Desmodium,distortum,Desmodium distortum,Fabaceae,Fabales,Shurb_Tree,F260530,36,83,1,1,61,0.6006,0.8756,,0.275,191.5382647,41.05521009,243.7097713,-31.29022867,-12.83913587,
1256,,46146,0,CIAT13761,Desmodium,distortum,Desmodium distortum,Fabaceae,Fabales,Shurb_Tree,F260530,36,83,1,2,62,0.6049,0.8732,,0.2683,198.2382647,42.49131951,243.7097713,-24.59022867,-10.0899642,
1257,,46146,0,CIAT13929,Desmodium,distortum,Desmodium distortum,Fabaceae,Fabales,Shurb_Tree,F260531,36,83,1,1,63,0.5817,0.8536,,0.2719,182.4247337,40.15293911,175.4423558,-96.45764418,-54.97967907,
1258,,46146,0,CIAT13929,Desmodium,distortum,Desmodium distortum,Fabaceae,Fabales,Shurb_Tree,F260531,36,83,1,2,64,0.5628,0.7085,,0.1457,308.4431127,67.9176022,175.372221,29.67222095,16.9195673,
1259,,46146,0,CIAT13930,Desmodium,glabrum,Desmodium glabrum,Fabaceae,Fabales,Shurb_Tree,F260532,36,83,1,1,65,0.5979,0.7808,,0.1829,277.4980131,60.27350362,162.8908162,-20.00918384,-12.28380108,
1260,,46146,0,CIAT13930,Desmodium,glabrum,Desmodium glabrum,Fabaceae,Fabales,Shurb_Tree,F260532,36,83,1,2,66,0.5726,0.7848,,0.2122,248.0139275,53.89100866,162.8256859,-49.37431411,-30.32341847,
1261,,46146,0,CIAT21082,Flemingia,stricta,Flemingia stricta,Fabaceae,Fabales,Shurb_Tree,F260533,36,83,1,1,67,0.5527,0.9461,,0.3934,79.41126387,16.79555246,306.9219087,-86.47809126,-28.17592645,
1262,,46146,0,CIAT21082,Flemingia,stricta,Flemingia stricta,Fabaceae,Fabales,Shurb_Tree,F260533,36,83,1,2,68,0.5544,0.9282,,0.3738,99.01126387,20.94096978,306.9219087,-66.87809126,-21.78993723,
1263,,46146,0,CIAT21089,Flemingia,stricta,Flemingia stricta,Fabaceae,Fabales,Shurb_Tree,F260534,36,83,1,1,69,0.5581,0.9414,,0.3833,81.05357429,17.45514168,297.9562295,-85.34377053,-28.64305629,
1264,,46146,0,CIAT21089,Flemingia,stricta,Flemingia stricta,Fabaceae,Fabales,Shurb_Tree,F260534,36,83,1,2,70,0.5595,0.9275,,0.368,96.446445,20.76589153,298.0158207,-69.98417928,-23.4833772,
1265,,46146,0,CIAT21091,Flemingia,stricta,Flemingia stricta,Fabaceae,Fabales,Shurb_Tree,F260535,36,83,1,1,71,0.5802,0.9746,,0.3944,66.12894711,14.35934647,326.3355322,-68.06446779,-20.85720403,
1266,,46146,0,CIAT21091,Flemingia,stricta,Flemingia stricta,Fabaceae,Fabales,Shurb_Tree,F260535,36,83,1,2,72,0.544,0.977,,0.433,27.52894711,5.977680074,326.3355322,-106.6644678,-32.68552066,
1267,,46146,0,CIAT21115,Flemingia,lineata,Flemingia lineata,Fabaceae,Fabales,Shurb_Tree,F260536,36,83,1,1,73,0.5718,0.8958,,0.324,138.3037842,29.91621288,298.1964595,-25.80354047,-8.653201486,
1268,,46146,0,CIAT21115,Flemingia,lineata,Flemingia lineata,Fabaceae,Fabales,Shurb_Tree,F260536,36,83,1,2,74,0.5825,0.9526,,0.3701,92.296245,19.96042269,298.2560988,-71.84390118,-24.08799064,
1269,,46146,0,CIAT21118,Flemingia,lineata,Flemingia lineata,Fabaceae,Fabales,Shurb_Tree,F260537,36,83,1,1,75,0.5501,0.9393,,0.3892,73.86447919,15.9512298,299.3891806,-89.81081941,-29.99801771,
1270,,46146,0,CIAT21118,Flemingia,lineata,Flemingia lineata,Fabaceae,Fabales,Shurb_Tree,F260537,36,83,1,2,76,0.553,0.8925,,0.3395,123.1943977,26.62543534,299.1499085,-40.35009148,-13.48825132,
1271,,46146,0,BLANK 8 H,BLANK,8,BLANK 8 H,0,0,0,BLANK 8 H,36,83,1,1,77,,,,,,,,,,
1272,,46146,0,BLANK 8 H,BLANK,8,BLANK 8 H,0,0,0,BLANK 8 H,36,83,1,2,78,,,,,,,,,,
1273,,46146,0,CIAT22063,Flemingia,lineata,Flemingia lineata,Fabaceae,Fabales,Shurb_Tree,F260538,36,83,1,1,79,0.574,0.9404,,0.3664,98.6573428,21.21401679,283.5280158,-82.87198421,-29.22885203,
1274,,46146,0,CIAT22063,Flemingia,lineata,Flemingia lineata,Fabaceae,Fabales,Shurb_Tree,F260538,36,83,1,2,80,0.5573,0.8993,,0.342,122.9644057,26.44598257,283.4713555,-58.52864449,-20.64711067,
1275,,46146,0,CIAT43154,Desmodium,distortum,Desmodium distortum,Fabaceae,Fabales,Shurb_Tree,F260539,36,83,1,1,81,0.5322,0.746,,0.2138,257.6179382,54.64746191,249.6124514,35.8124514,14.34722154,
1276,,46146,0,CIAT43154,Desmodium,distortum,Desmodium distortum,Fabaceae,Fabales,Shurb_Tree,F260539,36,83,1,2,82,0.5586,0.7976,,0.239,231.9470853,49.25119882,249.3631381,10.36313813,4.15584204,
1277,,46146,0,CIAT-BR06_423_Opt_F,Urochloa,interespecifico,Urochloa interespecifico,Poaceae,Poales,Grasses,F261076,36,83,1,1,83,0.5454,0.7174,,0.172,297.1999788,63.34185682,290.4043591,118.4043591,40.7722389,
1278,,46146,0,CIAT-BR06_423_Opt_F,Urochloa,interespecifico,Urochloa interespecifico,Poaceae,Poales,Grasses,F261076,36,83,1,2,84,0.5626,0.7447,,0.1821,287.2876212,61.20477154,290.5204976,108.4204976,37.3193969,
1279,,46146,0,CIAT_MulatoII_Opt_D,Urochloa,interespecifico,Urochloa interespecifico,Poaceae,Poales,Grasses,F261077,36,83,1,1,85,0.5568,0.745,,0.1882,287.540182,60.44059192,281.781633,93.58163301,33.21069298,
1280,,46146,0,CIAT_MulatoII_Opt_D,Urochloa,interespecifico,Urochloa interespecifico,Poaceae,Poales,Grasses,F261077,36,83,1,2,86,0.5762,0.8221,,0.2459,229.554909,48.28111029,281.6126654,35.71266541,12.68148411,
1281,,46146,0,CIAT17009,Canavalia,brasiliensis,Canavalia brasiliensis,Fabaceae,Fabales,Climber,F261080,36,83,1,1,87,0.5615,0.7431,,0.1816,278.4385305,60.52504563,226.6434661,45.04346613,19.87415163,
1282,,46146,0,CIAT17009,Canavalia,brasiliensis,Canavalia brasiliensis,Fabaceae,Fabales,Climber,F261080,36,83,1,2,88,0.5624,0.7706,,0.2082,251.4709408,54.70673007,226.4623687,18.26236867,8.064195733,
1283,,46146,0,CIAT17462,Canavalia,brasiliensis,Canavalia brasiliensis,Fabaceae,Fabales,Climber,F261081,36,83,1,1,89,0.5398,0.7898,,0.25,208.8666549,45.51794137,228.1123645,-21.88763546,-9.595111383,
1284,,46146,0,CIAT17462,Canavalia,brasiliensis,Canavalia brasiliensis,Fabaceae,Fabales,Climber,F261081,36,83,1,2,90,0.5504,0.7412,,0.1908,267.9749733,58.41098336,228.0667876,37.26678765,16.34029577,
1285,,46146,0,CIAT13953,Desmodium,velutinum,Desmodium velutinum,Fabaceas,Fabales,Shurb_Tree,F261082,36,83,1,1,91,0.522,0.7772,,0.2552,189.1919643,42.57321902,266.325433,11.125433,4.177382864,
1286,,46146,0,CIAT13953,Desmodium,velutinum,Desmodium velutinum,Fabaceas,Fabales,Shurb_Tree,F261082,36,83,1,2,92,0.5277,0.9652,,0.4375,7.069721056,1.590238993,266.4319632,-171.0680368,-64.20702486,
1287,,46146,0,CIAT9432,Clitoria,tertanea,Clitoria tertanea,Fabaceae,Fabales,Climber,F261083,36,83,1,1,93,0.5646,0.8236,,0.259,205.3446755,44.222468,267.8103975,8.810397541,3.289789202,
1288,,46146,0,CIAT9432,Clitoria,tertanea,Clitoria tertanea,Fabaceae,Fabales,Climber,F261083,36,83,1,2,94,0.5431,0.7195,,0.1764,288.3160027,62.04133299,268.0245602,91.62456019,34.18513592,
1289,,46146,0,CIAT17768,Clitoria,tertanea,Clitoria tertanea,Fabaceae,Fabales,Climber,F261084,36,83,1,1,95,0.5708,0.8183,,0.2475,211.9983567,46.13691292,271.3687775,23.86877751,8.795697771,
1290,,46146,0,CIAT17768,Clitoria,tertanea,Clitoria tertanea,Fabaceae,Fabales,Climber,F261084,36,83,1,2,96,0.5657,0.8136,,0.2479,211.5983567,46.04986147,271.3687775,23.46877751,8.648296878,
1291,,46146,0,CIAT22768,Lablab,purpureus,Lablab purpureus,Fabaceae,Fabales,Climber,F261085,36,83,1,1,97,0.5457,0.7483,,0.2026,255.7561244,55.79856159,259.4783059,56.87830587,21.92025483,
1292,,46146,0,CIAT22768,Lablab,purpureus,Lablab purpureus,Fabaceae,Fabales,Climber,F261085,36,83,1,2,98,0.5564,0.7185,,0.1621,296.1645081,64.62741558,259.4264413,97.32644132,37.51600678,
1293,,46146,0,CIAT22598,Lablab,purpureus,Lablab purpureus,Fabaceae,Fabales,Climber,F261086,36,83,1,1,99,0.5789,0.801,,0.2221,235.6179521,51.47666833,256.7154592,34.61545919,13.48397923,
1294,,46146,0,CIAT22598,Lablab,purpureus,Lablab purpureus,Fabaceae,Fabales,Climber,F261086,36,83,1,2,100,0.5626,0.7407,,0.1781,279.2521435,61.05845298,256.510292,78.41029199,30.56808808,
1295,,46146,0,CIAT18701,Cajanus,cajan,Cajanus cajan,Fabaceas,Fabales,Shurb_Tree,F261087,36,83,1,1,101,0.547,0.9014,,0.3544,105.9880612,23.0214617,282.3861794,-72.01382064,-25.50189277,
1296,,46146,0,CIAT18701,Cajanus,cajan,Cajanus cajan,Fabaceas,Fabales,Shurb_Tree,F261087,36,83,1,2,102,0.575,0.9725,,0.3975,62.7960204,13.64252951,282.3297247,-115.1702753,-40.79282669,
1297,,46146,0,CIAT20891,Cajanus,cajan,Cajanus cajan,Fabaceas,Fabales,Shurb_Tree,F261088,36,83,1,1,103,0.55,0.9216,,0.3716,88.13584811,19.17097578,270.2405858,-101.3594142,-37.50710276,
1298,,46146,0,CIAT20891,Cajanus,cajan,Cajanus cajan,Fabaceas,Fabales,Shurb_Tree,F261088,36,83,1,2,104,0.5507,0.9504,,0.3997,60.03584811,13.05877024,270.2405858,-129.4594142,-47.90524481,
1299,,46146,0,CIAT15551,Centrosema,molle,Centrosema molle,Fabaceae,Fabales,Climber,F261089,36,83,1,1,105,0.5662,0.8842,,0.318,141.6810703,30.82160207,331.210622,13.21062196,3.988586441,
1300,,46146,0,CIAT15551,Centrosema,molle,Centrosema molle,Fabaceae,Fabales,Climber,F261089,36,83,1,2,106,0.5408,0.8678,,0.327,133.0487416,28.92057505,331.4755375,4.475537473,1.350186354,
1301,,46146,0,ABC-BR06_0423,Urochloa,interespecifico,Urochloa interespecifico,Poaceae,Poales,Grasses,F243584,36,83,1,1,107,0.5548,0.7715,,0.2167,267.70559,55.26476067,277.8792667,61.1792667,22.01649206,
1302,,46146,0,ABC-BR06_0423,Urochloa,interespecifico,Urochloa interespecifico,Poaceae,Poales,Grasses,F243584,36,83,1,2,108,0.5758,0.8227,,0.2469,237.021765,48.9793562,277.6017205,30.70172049,11.05962904,
1303,,46146,0,ABC-CIAT_6962,Megathyrsus,maximus,Megathyrsus maximus,Poaceae,Poales,Grasses,F243591,36,83,1,1,109,0.5631,0.8274,,0.2643,214.89935,44.84550115,324.0585604,59.75856044,18.44066713,
1304,,46146,0,ABC-CIAT_6962,Megathyrsus,maximus,Megathyrsus maximus,Poaceae,Poales,Grasses,F243591,36,83,1,2,110,0.5586,0.8389,,0.2803,198.51645,41.45982244,323.7996243,43.49962431,13.43411822,
1305,,46146,0,CIAT5913,Centrosema,grandiflorum,Centrosema grandiflorum,Fabaceae,Fabales,Climber,F261029,36,83,1,1,111,0.5604,0.9271,,0.3667,106.5891643,22.52093907,272.0892992,-94.6107008,-34.77193005,
1306,,46146,0,CIAT5913,Centrosema,grandiflorum,Centrosema grandiflorum,Fabaceae,Fabales,Climber,F261029,36,83,1,2,112,0.5675,0.8888,,0.3213,152.0837465,32.12694724,272.1436736,-49.15632644,-18.06263794,
1307,,46146,0,CIAT7389,Rhynchosia,schomburgkii,Rhynchosia schomburgkii,Fabaceae,Fabales,Climber,F261030,36,83,1,1,113,0.5449,0.9445,,0.3996,74.27472869,15.67391637,297.3341886,-102.2658114,-34.39423227,
1308,,46146,0,CIAT7389,Rhynchosia,schomburgkii,Rhynchosia schomburgkii,Fabaceae,Fabales,Climber,F261030,36,83,1,2,114,0.5351,1.0219,,0.4868,-12.83059104,,,-486.8,#DIV/0!,
1309,,46146,0,CIAT7649,Periandra,coccinea,Periandra coccinea,Fabaceae,Fabales,Climber,F261031,36,83,1,1,115,0.5518,0.8978,,0.346,126.8153848,26.82133215,281.9434473,-64.05655267,-22.71964583,
1310,,46146,0,CIAT7649,Periandra,coccinea,Periandra coccinea,Fabaceae,Fabales,Climber,F261031,36,83,1,2,116,0.549,0.9323,,0.3833,89.42087846,18.91621093,281.8870925,-101.4129075,-35.97642824,
1311,,46146,0,CIAT7796,Calopogonium,velutinum,Calopogonium velutinum,Fabaceae,Fabales,Climber,F261032,36,83,1,1,117,0.5619,0.8454,,0.2835,189.9683109,40.12270865,263.0506346,-20.44936544,-7.773927433,
1312,,46146,0,CIAT7796,Calopogonium,velutinum,Calopogonium velutinum,Fabaceae,Fabales,Climber,F261032,36,83,1,2,118,0.5729,0.8667,,0.2938,179.5736551,37.9348646,262.9980455,-30.80195453,-11.71185682,
1313,,46146,0,CIAT8114,Calopogonium,velutinum,Calopogonium velutinum,Fabaceae,Fabales,Climber,F261033,36,83,1,1,119,0.5377,0.8873,,0.3496,112.9387008,24.41713538,254.0121754,-95.58782456,-37.63119795,
1314,,46146,0,CIAT8114,Calopogonium,velutinum,Calopogonium velutinum,Fabaceae,Fabales,Climber,F261033,36,83,1,2,120,0.5588,0.837,,0.2782,184.24623,39.84165467,253.9613933,-24.23860668,-9.544209205,
1315,,46146,0,CIAT8539,Canavalia,grandiflora,Canavalia grandiflora,Fabaceae,Fabales,Climber,F261034,36,83,1,1,121,0.5687,,,-0.5687,1035.02164,,237.1815882,805.8815882,339.7740922,
1316,,46146,0,CIAT8539,Canavalia,grandiflora,Canavalia grandiflora,Fabaceae,Fabales,Climber,F261034,36,83,1,2,122,0.5681,1.0338,,0.4657,0.994622715,0.213120672,,-465.7,#DIV/0!,
1317,,46146,0,CIAT8562,Periandra,coccinea,Periandra coccinea,Fabaceae,Fabales,Climber,F261035,36,83,1,1,123,0.5855,0.9853,,0.3998,72.01647228,15.26366215,323.0835361,-76.71646387,-23.74508611,
1318,,46146,0,CIAT8562,Periandra,coccinea,Periandra coccinea,Fabaceae,Fabales,Climber,F261035,36,83,1,2,124,0.584,0.9704,,0.3864,85.41647228,18.10374951,323.0835361,-63.31646387,-19.59755196,
1319,,46146,0,CIAT8589,Galactia,jussiaeana,Galactia jussiaeana,Fabaceae,Fabales,Climber,F261036,36,83,1,1,125,0.5731,0.9711,,0.398,73.75984899,15.63504167,250.5255855,-147.4744145,-58.86600929,
1320,,46146,0,CIAT8589,Galactia,jussiaeana,Galactia jussiaeana,Fabaceae,Fabales,Climber,F261036,36,83,1,2,126,0.5597,0.9601,,0.4004,71.73725687,15.19415294,250.726006,-149.673994,-59.69623828,
1321,,46146,0,CIAT9525,Canavalia,bicarinata,Canavalia bicarinata,Fabaceae,Fabales,Climber,F261037,36,83,1,1,127,0.5969,0.8434,,0.2465,220.3498562,47.19929829,231.8948913,-14.60510871,-6.29815889,
1322,,46146,0,CIAT9525,Canavalia,bicarinata,Canavalia bicarinata,Fabaceae,Fabales,Climber,F261037,36,83,1,2,128,0.5536,0.8311,,0.2775,189.0699702,40.52339033,231.7558656,-45.74413443,-19.73806976,
1323,,46146,0,CIAT9991,Galactia,jussiaeana,Galactia jussiaeana,Fabaceae,Fabales,Climber,F261038,36,83,1,1,129,0.5523,0.9545,,0.4022,70.54863291,14.92307497,291.0688498,-111.1311502,-38.1803653,
1324,,46146,0,CIAT9991,Galactia,jussiaeana,Galactia jussiaeana,Fabaceae,Fabales,Climber,F261038,36,83,1,2,130,0.537,0.9166,,0.3796,93.33765675,19.73572107,291.1852308,-88.41476917,-30.36375469,
1325,,46146,0,CIAT15024,Centrosema,pubescens,Centrosema pubescens,Fabaceae,Fabales,Climber,F261039,36,83,1,1,131,0.5538,0.8499,,0.2961,182.1605475,38.08814013,273.8936575,-22.2063425,-8.107651233,
1326,,46146,0,CIAT15024,Centrosema,pubescens,Centrosema pubescens,Fabaceae,Fabales,Climber,F261039,36,83,1,2,132,0.5631,0.9174,,0.3543,123.7694344,25.88942641,273.7842095,-80.51579051,-29.40848585,
1327,,46146,0,CIAT15039,Centrosema,angustifolium,Centrosema angustifolium,Fabaceae,Fabales,Climber,F261040,36,83,1,1,133,0.5665,0.926,,0.3595,120.3918033,25.0872806,271.0517405,-88.44825946,-32.63150396,
1328,,46146,0,CIAT15039,Centrosema,angustifolium,Centrosema angustifolium,Fabaceae,Fabales,Climber,F261040,36,83,1,2,134,0.5362,0.8538,,0.3176,162.1,33.7919533,270.9434065,-46.65659349,-17.22005126,
1329,,46146,0,CIAT15285,Centrosema,bifidum,Centrosema bifidum,Fabaceae,Fabales,Climber,F261041,36,83,1,1,135,0.5647,0.854,,0.2893,181.6823432,38.57519201,253.2287001,-36.07129993,-14.2445544,
1330,,46146,0,CIAT15285,Centrosema,bifidum,Centrosema bifidum,Fabaceae,Fabales,Climber,F261041,36,83,1,2,136,0.5567,0.8228,,0.2661,204.7882221,43.48977368,253.1780948,-12.92190519,-5.103879622,
1331,,46146,0,CIAT17333,Dunbaria,nivea,Dunbaria nivea,Fabaceae,Fabales,Climber,F261042,36,83,1,1,137,0.5492,0.9123,,0.3631,109.13333,23.11004393,240.6144331,-122.4855669,-50.90532823,
1332,,46146,0,CIAT17333,Dunbaria,nivea,Dunbaria nivea,Fabaceae,Fabales,Climber,F261042,36,83,1,2,138,0.5668,0.9607,,0.3939,78.61667,16.63786169,240.7588017,-153.1411983,-63.60772573,
1333,,46146,0,CIAT17392,Cajanus,scarabaeoides,Cajanus scarabaeoides,Fabaceae,Fabales,Climber,F261043,36,83,1,1,139,0.5539,0.9232,,0.3693,104.31968,22.02604419,294.2791717,-75.02082826,-25.49308122,
1334,,46146,0,CIAT17392,Cajanus,scarabaeoides,Cajanus scarabaeoides,Fabaceae,Fabales,Climber,F261043,36,83,1,2,140,0.5699,0.9613,,0.3914,82.59842425,17.42588583,294.5145009,-96.88549906,-32.89668208,
1335,,46146,0,CIAT18164,Teramnus,volubilis,Teramnus volubilis,Fabaceae,Fabales,Climber,F261044,36,83,1,1,141,0.5678,0.8056,,0.2378,231.34381,49.31191781,241.0080928,3.208092804,1.331114141,
1336,,46146,0,CIAT18164,Teramnus,volubilis,Teramnus volubilis,Fabaceae,Fabales,Climber,F261044,36,83,1,2,142,0.5527,0.844,,0.2913,178.03143,37.93298693,241.1044768,-50.19552324,-20.81899262,
1337,,46146,0,CIAT18260,Canavalia,grandiflora,Canavalia grandiflora,Fabaceae,Fabales,Climber,F261045,36,83,1,1,143,0.551,0.8122,,0.2612,207.2968356,44.24722215,206.1631198,-55.0368802,-26.69579324,
1338,,46146,0,CIAT18260,Canavalia,grandiflora,Canavalia grandiflora,Fabaceae,Fabales,Climber,F261045,36,83,1,2,144,0.5827,0.8448,,0.2621,206.3031737,44.04393166,206.1219037,-55.97809633,-27.15776215,
1339,,46146,0,CIAT18410,Cajanus,crassus,Cajanus crassus,Fabaceae,Fabales,Climber,F261046,36,83,1,1,145,0.5463,0.9466,,0.4003,76.00358392,15.95696243,246.4564838,-153.8435162,-62.42218254,
1340,,46146,0,CIAT18410,Cajanus,crassus,Cajanus crassus,Fabaceae,Fabales,Climber,F261046,36,83,1,2,146,0.5617,0.8924,,0.3307,145.6988446,30.58337489,246.5057751,-84.1942249,-34.15507197,
1341,,46146,0,CIAT18522,Rhynchosia,phaseoloides,Rhynchosia phaseoloides,Fabaceae,Fabales,Climber,F261047,36,83,1,1,147,0.568,0.9219,,0.3539,110.4696427,23.78916116,266.4232878,-87.47671218,-32.83373345,
1342,,46146,0,CIAT18522,Rhynchosia,phaseoloides,Rhynchosia phaseoloides,Fabaceae,Fabales,Climber,F261047,36,83,1,2,148,0.5634,0.9114,,0.348,116.5553534,25.08965886,266.5298358,-81.47016418,-30.56699597,
1343,,46146,0,CIAT18584,Canavalia,mattogrossensis,Canavalia mattogrossensis,Fabaceae,Fabales,Climber,F261048,36,83,1,1,149,0.56,0.9056,,0.3456,118.4867031,25.53115664,278.6642455,-66.93575448,-24.02021629,
1344,,46146,0,CIAT18584,Canavalia,mattogrossensis,Canavalia mattogrossensis,Fabaceae,Fabales,Climber,F261048,36,83,1,2,150,0.5801,0.9196,,0.3395,124.3085849,26.80169987,278.4972474,-61.00275263,-21.90425694,
1345,,46146,0,START-GRASS,Cynodon,nlemfuensis,Cynodon nlemfuensis ,Poaceae,Poales,Grasses,F262902 (100%),36,83,1,1,151,0.5601,0.89,,0.3299,132.55,28.66255811,363.809415,33.909415,9.320653508,
1346,,46146,0,START-GRASS,Cynodon,nlemfuensis,Cynodon nlemfuensis ,Poaceae,Poales,Grasses,F262902 (100%),36,83,1,2,152,0.5587,0.8659,,0.3072,155.61996,33.62429745,364.1004625,56.90046253,15.62768202,
1347,,46146,0,Sample 8,Cynodon,nlemfuensis,Cynodon nlemfuensis ,Poaceae,Poales,Grasses,F250008,36,83,1,1,153,0.5722,0.8742,,0.302,166.935872,35.59887012,356.6257307,54.62573068,15.31738346,
1348,,46146,0,Sample 8,Cynodon,nlemfuensis,Cynodon nlemfuensis ,Poaceae,Poales,Grasses,F250008,36,83,1,2,154,0.5562,0.8433,,0.2871,181.929603,38.78851182,356.6970131,69.59701306,19.51152113,
1349,,46146,0,BLANK 24 H,BLANK,0,BLANK 24 H,0,0,0,BLANK 24 H,36,83,1,1,155,,,,,,,,,,
1350,,46146,0,BLANK 24 H,BLANK,0,BLANK 24 H,0,0,0,BLANK 24 H,36,83,1,2,156,,,,,,,,,,
1351,,46148,0,BLANK 24 H,BLANK,24,BLANK 24 H,0,0,0,BLANK 24 H,36,84,2,1,157,,,,,,,,,,
1352,,46148,0,BLANK 24 H,BLANK,24,BLANK 24 H,0,0,0,BLANK 24 H,36,84,2,2,158,,,,,,,,,,
1353,,46148,0,CIAT25254,Centrosema,pubescens,Centrosema pubescens,Fabaceae,Fabales,Climber,F260501,36,84,2,1,159,0.5826,0.7914,,0.2088,258.1932165,55.28842976,259.7538712,50.95387121,19.61621245,
1354,,46148,0,CIAT25254,Centrosema,pubescens,Centrosema pubescens,Fabaceae,Fabales,Climber,F260501,36,84,2,2,160,0.5749,0.7923,,0.2174,249.2199952,53.40962619,259.5462757,42.14627571,16.23844364,
1355,,46148,0,CIAT25516,Centrosema,tetragonolobum,Centrosema tetragonolobum,Fabaceae,Fabales,Climber,F260502,36,84,2,1,161,0.5606,0.7592,,0.1986,269.1282365,57.5394461,251.9730787,53.37307873,21.18205603,
1356,,46148,0,CIAT25516,Centrosema,tetragonolobum,Centrosema tetragonolobum,Fabaceae,Fabales,Climber,F260502,36,84,2,2,162,0.5647,0.7768,,0.2121,256.0023443,54.6893959,252.1746169,40.07461688,15.89161406,
1357,,46148,0,CIAT286,Zornia,glabra,Zornia glabra,Fabaceae,Fabales,Herbaceous,F260503,36,84,2,1,163,0.5708,0.755,,0.1842,278.4269198,60.18389936,266.3945435,82.19454349,30.85443959,
1358,,46148,0,CIAT286,Zornia,glabra,Zornia glabra,Fabaceae,Fabales,Herbaceous,F260503,36,84,2,2,164,0.5633,0.7756,,0.2123,250.4194452,54.1190667,266.4478224,54.1478224,20.32211106,
1359,,46148,0,CIAT330,Desmodium,incanum,Desmodium incanum,Fabaceae,Fabales,Herbaceous,F260504,36,84,2,1,165,0.5832,0.9331,,0.3499,117.0183463,25.06184374,315.5037907,-34.39620928,-10.90199557,
1360,,46148,0,CIAT330,Desmodium,incanum,Desmodium incanum,Fabaceae,Fabales,Herbaceous,F260504,36,84,2,2,166,0.555,0.8911,,0.3361,131.1917317,28.07490969,315.7560928,-20.34390717,-6.442918326,
1361,,46148,0,CIAT506,Macroptilium,atropurpureum,Macroptilium atropurpureum,Fabaceae,Fabales,Herbaceous,F260505,36,84,2,1,167,0.5516,0.8213,,0.2697,201.8057177,42.80026946,273.2037614,3.503761394,1.282471872,
1362,,46148,0,CIAT506,Macroptilium,atropurpureum,Macroptilium atropurpureum,Fabaceae,Fabales,Herbaceous,F260505,36,84,2,2,168,0.5652,0.8391,,0.2739,197.9828469,41.95593211,273.4222807,-0.477719301,-0.174718498,
1363,,46148,0,CIAT921,Tephrosia,cinerea,Tephrosia cinerea,Fabaceae,Fabales,Herbaceous,F260506,36,84,2,1,169,0.5857,0.835,,0.2493,210.5499546,45.78666421,282.8093441,33.50934413,11.84874009,
1364,,46148,0,CIAT921,Tephrosia,cinerea,Tephrosia cinerea,Fabaceae,Fabales,Herbaceous,F260506,36,84,2,2,170,0.5535,0.7907,,0.2372,222.8338578,48.43857773,282.9224452,45.72244525,16.16076986,
1365,,46148,0,CIAT1011,Stylosanthes,viscosa,Stylosanthes viscosa,Fabaceae,Fabales,Herbaceous,F260507,36,84,2,1,171,0.5711,0.9188,,0.3477,122.4,26.0370134,292.2629926,-55.43700741,-18.96819263,
1366,,46148,0,CIAT1011,Stylosanthes,viscosa,Stylosanthes viscosa,Fabaceae,Fabales,Herbaceous,F260507,36,84,2,2,172,0.5556,0.9127,,0.3571,113.09402,24.05262832,292.3214452,-64.77855481,-22.16004193,
1367,,46148,0,CIAT1013,Stylosanthes,fruticosa,Stylosanthes fruticosa,Fabaceae,Fabales,Herbaceous,F260508,36,84,2,1,173,0.5536,0.8069,,0.2533,217.4014749,46.18669931,311.7133126,58.41331259,18.73943468,
1368,,46148,0,CIAT1013,Stylosanthes,fruticosa,Stylosanthes fruticosa,Fabaceae,Fabales,Herbaceous,F260508,36,84,2,2,174,0.5563,0.8097,,0.2534,217.3014749,46.16545443,311.7133126,58.31331259,18.70735392,
1369,,46148,0,CIAT1985,Stylosanthes,fruticosa,Stylosanthes fruticosa,Fabaceae,Fabales,Herbaceous,F260509,36,84,2,1,175,0.5733,0.8287,,0.2554,210.1738715,45.14296964,295.5902932,40.19029318,13.59662144,
1370,,46148,0,CIAT1985,Stylosanthes,fruticosa,Stylosanthes fruticosa,Fabaceae,Fabales,Herbaceous,F260509,36,84,2,2,176,0.5436,0.7688,,0.2252,240.0017845,51.59089936,295.3540572,70.15405718,23.75252869,
1371,,46148,0,CIAT2001,Stylosanthes,viscosa,Stylosanthes viscosa,Fabaceae,Fabales,Herbaceous,F260510,36,84,2,1,177,0.5424,0.7842,,0.2418,227.0826427,48.43059266,288.5132376,46.71323764,16.19102057,
1372,,46148,0,CIAT2001,Stylosanthes,viscosa,Stylosanthes viscosa,Fabaceae,Fabales,Herbaceous,F260510,36,84,2,2,178,0.5765,0.7962,,0.2197,248.8079114,53.10644822,288.2826576,68.58265763,23.79007402,
1373,,46148,0,CIAT4263,Macroptilium,bracteatum,Macroptilium bracteatum,Fabaceae,Fabales,Herbaceous,F260511,36,84,2,1,179,0.5444,0.7768,,0.2324,231.36043,49.8879195,247.3640915,14.96409148,6.049419457,
1374,,46148,0,CIAT4263,Macroptilium,bracteatum,Macroptilium bracteatum,Fabaceae,Fabales,Herbaceous,F260511,36,84,2,2,180,0.5547,0.8238,,0.2691,194.66043,41.97435085,247.3640915,-21.73590852,-8.78701043,
1375,,46148,0,CIAT4495,Vigna,radiata,Vigna radiata,Fabaceae,Fabales,Herbaceous,F260512,36,84,2,1,181,0.5466,0.7102,,0.1636,297.4058465,64.51238065,222.4160534,58.81605344,26.44415838,
1376,,46148,0,CIAT4495,Vigna,radiata,Vigna radiata,Fabaceae,Fabales,Herbaceous,F260512,36,84,2,2,182,0.5577,0.7465,,0.1888,272.2980477,59.05426168,222.4605366,33.66053665,15.13101477,
1377,,46148,0,CIAT7739,Chamaecrista,mimosoides,Chamaecrista mimosoides,Fabaceae,Fabales,Herbaceous,F260513,36,84,2,1,183,0.5549,0.8391,,0.2842,181.5792438,38.98397067,274.2733254,-9.926674602,-3.619263589,
1378,,46148,0,CIAT7739,Chamaecrista,mimosoides,Chamaecrista mimosoides,Fabaceae,Fabales,Herbaceous,F260513,36,84,2,2,184,0.5551,0.8453,,0.2902,175.6723252,37.70825518,274.3281362,-15.87186379,-5.785722166,
1379,,46148,0,CIAT8279,Zornia,glabra,Zornia glabra,Fabaceae,Fabales,Herbaceous,F260514,36,84,2,1,185,0.5461,0.7879,,0.2418,211.6265969,46.67273564,254.2191988,12.41919882,4.885232458,
1380,,46148,0,CIAT8279,Zornia,glabra,Zornia glabra,Fabaceae,Fabales,Herbaceous,F260514,36,84,2,2,186,0.5677,0.8116,,0.2439,209.345335,46.18808377,254.1175721,10.21757211,4.020805026,
1381,,46148,0,CIAT11898,Stylosanthes,erecta,Stylosanthes erecta,Fabaceae,Fabales,Herbaceous,F260515,36,84,2,1,187,0.5293,0.7553,,0.226,236.5811519,51.14370763,258.6703072,32.67030719,12.63009564,
1382,,46148,0,CIAT11898,Stylosanthes,erecta,Stylosanthes erecta,Fabaceae,Fabales,Herbaceous,F260515,36,84,2,2,188,0.5424,0.768,,0.2256,237.2585341,51.25940577,258.8254163,33.22541631,12.83699908,
1383,,46148,0,CIAT12001,Stylosanthes,mexicana,Stylosanthes mexicana,Fabaceae,Fabales,Herbaceous,F260516,36,84,2,1,189,0.5785,0.8233,,0.2448,215.3789784,46.80330665,262.5451353,17.74513531,6.758889394,
1384,,46148,0,CIAT12001,Stylosanthes,mexicana,Stylosanthes mexicana,Fabaceae,Fabales,Herbaceous,F260516,36,84,2,2,190,0.5539,0.7864,,0.2325,227.9550306,49.50646978,262.7026309,30.20263089,11.49688939,
1385,,46148,0,CIAT19199,Tephrosia,villosa,Tephrosia villosa,Fabaceae,Fabales,Herbaceous,F260517,36,84,2,1,191,0.5368,0.8326,,0.2958,175.6485704,37.25720714,290.2092026,-5.590797437,-1.926471452,
1386,,46148,0,CIAT19199,Tephrosia,villosa,Tephrosia villosa,Fabaceae,Fabales,Herbaceous,F260517,36,84,2,2,192,0.5736,0.8308,,0.2572,214.1543184,45.43382972,290.1511839,32.95118393,11.35655677,
1387,,46148,0,CIAT19819,Pseudarthria,viscida,Pseudarthria viscida,Fabaceae,Fabales,Herbaceous,F260518,36,84,2,1,193,0.5705,0.8623,,0.2918,173.5853715,37.29927543,269.695003,-22.10499702,-8.196294618,
1388,,46148,0,CIAT19819,Pseudarthria,viscida,Pseudarthria viscida,Fabaceae,Fabales,Herbaceous,F260518,36,84,2,2,194,0.556,0.8667,,0.3107,154.9646028,33.27815811,269.85682,-40.84318001,-15.13512981,
1389,,46148,0,CIAT20646,Pseudarthria,viscida,Pseudarthria viscida,Fabaceae,Fabales,Herbaceous,F260519,36,84,2,1,195,0.5551,0.8077,,0.2526,212.4126805,45.67890069,258.474706,5.874706045,2.272835952,
1390,,46148,0,CIAT20646,Pseudarthria,viscida,Pseudarthria viscida,Fabaceae,Fabales,Herbaceous,F260519,36,84,2,2,196,0.558,0.8259,,0.2679,197.1126805,42.38866783,258.474706,-9.425293955,-3.646505338,
1391,,46148,0,CIAT20778,Chamaecrista,serpens,Chamaecrista serpens,Fabaceae,Fabales,Herbaceous,F260520,36,84,2,1,199,0.549,0.8098,,0.2608,210.1779038,44.62585232,258.9628267,-1.837173316,-0.709435149,
1392,,46148,0,CIAT20778,Chamaecrista,serpens,Chamaecrista serpens,Fabaceae,Fabales,Herbaceous,F260520,36,84,2,2,200,0.5239,0.8228,,0.2989,172.3604341,36.57434862,259.1181733,-39.78182669,-15.35277367,
1393,,46148,0,CIAT23035,Desmodium,laxiflorum,Desmodium laxiflorum,Fabaceae,Fabales,Herbaceous,F260521,36,84,2,1,197,0.564,0.7335,,0.1695,291.4577931,63.22873752,233.9918998,64.49189981,27.56159502,
1394,,46148,0,CIAT23035,Desmodium,laxiflorum,Desmodium laxiflorum,Fabaceae,Fabales,Herbaceous,F260521,36,84,2,2,198,0.5508,0.7774,,0.2266,234.5421762,50.86114181,234.0854966,7.48549657,3.197761792,
1395,,46148,0,CIAT24004,Vigna,radiata,Vigna radiata,Fabaceae,Fabales,Herbaceous,F260522,36,84,2,1,201,0.5656,0.8743,,0.3087,163.893091,34.67953597,294.2643134,-14.43568656,-4.905687132,
1396,,46148,0,CIAT24004,Vigna,radiata,Vigna radiata,Fabaceae,Fabales,Herbaceous,F260522,36,84,2,2,202,0.5628,0.8349,,0.2721,200.3986101,42.41252902,294.2054841,22.10548411,7.513620685,
1397,,46148,0,CIAT33606,Desmodium,sandwicense,Desmodium sandwicense x intortum,Fabaceae,Fabales,Herbaceous,F260523,36,84,2,1,203,0.5377,0.7991,,0.2614,198.169439,43.12067386,275.3933743,13.99337427,5.081231279,
1398,,46148,0,CIAT33606,Desmodium,sandwicense,Desmodium sandwicense x intortum,Fabaceae,Fabales,Herbaceous,F260523,36,84,2,2,204,0.5493,0.8492,,0.2999,159.4857581,34.71717512,275.283305,-24.61669502,-8.942313092,
1399,,46148,0,CIAT33623,Desmodium,brachypodum,Desmodium brachypodum,Fabaceae,Fabales,Herbaceous,F260524,36,84,2,1,205,0.5628,0.8154,,0.2526,212.2429314,45.65906397,267.3256831,14.7256831,5.508517899,
1400,,46148,0,CIAT33623,Desmodium,brachypodum,Desmodium brachypodum,Fabaceae,Fabales,Herbaceous,F260524,36,84,2,2,206,0.5492,0.8502,,0.301,163.75,35.23399677,267.2722393,-33.72776066,-12.61925322,
1401,,46148,0,CIAT33636,Desmodium,muelleri,Desmodium muelleri,Fabaceae,Fabales,Herbaceous,F260525,36,84,2,1,207,0.5422,0.8336,,0.2914,176.6217835,37.73794078,279.7178988,-11.68210124,-4.176386742,
1402,,46148,0,CIAT33636,Desmodium,muelleri,Desmodium muelleri,Fabaceae,Fabales,Herbaceous,F260525,36,84,2,2,208,0.584,0.8912,,0.3072,160.7282165,34.34890457,279.6619775,-27.53802245,-9.846895417,
1403,,46148,0,CIAT33726,Desmodium,sandwicense,Desmodium sandwicense,Fabaceae,Fabales,Herbaceous,F260526,36,84,2,1,209,0.5512,0.8925,,0.3413,125.6747637,26.91253864,283.5426357,-57.75736429,-20.36990456,
1404,,46148,0,CIAT33726,Desmodium,sandwicense,Desmodium sandwicense,Fabaceae,Fabales,Herbaceous,F260526,36,84,2,2,210,0.5829,0.8863,,0.3034,163.66814,35.041598,283.5993329,-19.80066711,-6.981915967,
1405,,46148,0,CIAT33727,Desmodium,sandwicense,Desmodium sandwicense,Fabaceae,Fabales,Herbaceous,F260527,36,84,2,1,211,0.5657,0.9167,,0.351,112.0672036,24.20106687,274.7916398,-76.2083602,-27.73314365,
1406,,46148,0,CIAT33727,Desmodium,sandwicense,Desmodium sandwicense,Fabaceae,Fabales,Herbaceous,F260527,36,84,2,2,212,0.5469,0.9215,,0.3746,88.28205079,19.07225624,274.6817671,-99.91823291,-36.37599756,
1407,,46148,0,CIAT43324,Desmodium,muelleri,Desmodium muelleri,Fabaceae,Fabales,Herbaceous,F260528,36,84,2,1,213,0.5727,0.8951,,0.3224,139.5692802,30.21180978,266.456926,-55.94307402,-20.99516604,
1408,,46148,0,CIAT43324,Desmodium,muelleri,Desmodium muelleri,Fabaceae,Fabales,Herbaceous,F260528,36,84,2,2,214,0.5582,0.821,,0.2628,199.354031,43.13584165,266.5634874,3.763487434,1.411854065,
1409,,46148,0,CIAT9776,Mimosa,debilis,Mimosa debilis,Fabaceae,Fabales,Shurb_Tree,F260529,36,84,2,1,215,0.5782,0.9441,,0.3659,93.84193121,20.41187128,284.2131602,-81.68683984,-28.74139952,
1410,,46148,0,CIAT9776,Mimosa,debilis,Mimosa debilis,Fabaceae,Fabales,Shurb_Tree,F260529,36,84,2,2,216,0.5852,0.9614,,0.3762,83.63384283,18.18783983,284.2699801,-91.93001994,-32.33898279,
1411,,46148,0,CIAT13761,Desmodium,distortum,Desmodium distortum,Fabaceae,Fabales,Shurb_Tree,F260530,36,84,2,1,217,0.5831,0.9357,,0.3526,113.6585096,24.37671533,243.5636331,-109.0363669,-44.76709657,
1412,,46148,0,CIAT13761,Desmodium,distortum,Desmodium distortum,Fabaceae,Fabales,Shurb_Tree,F260530,36,84,2,2,218,0.5691,0.8361,,0.267,199.8180198,42.80426447,243.8559095,-23.14409049,-9.490887689,
1413,,46148,0,CIAT13929,Desmodium,distortum,Desmodium distortum,Fabaceae,Fabales,Shurb_Tree,F260531,36,84,2,1,219,0.5681,0.7911,,0.223,231.597165,50.94558058,175.5475581,-47.45244189,-27.03110337,
1414,,46148,0,CIAT13929,Desmodium,distortum,Desmodium distortum,Fabaceae,Fabales,Shurb_Tree,F260531,36,84,2,2,220,0.5707,0.7504,,0.1797,274.4431127,60.4309754,175.372221,-4.327779046,-2.467767713,
1415,,46148,0,CIAT13930,Desmodium,glabrum,Desmodium glabrum,Fabaceae,Fabales,Shurb_Tree,F260532,36,84,2,1,221,0.5747,0.7294,,0.1547,305.6059703,66.39191973,162.858251,8.158251026,5.009418298,
1416,,46148,0,CIAT13930,Desmodium,glabrum,Desmodium glabrum,Fabaceae,Fabales,Shurb_Tree,F260532,36,84,2,2,222,0.581,0.77,,0.189,271.3059703,58.94035442,162.858251,-26.14174897,-16.0518419,
1417,,46148,0,CIAT21082,Flemingia,stricta,Flemingia stricta,Fabaceae,Fabales,Shurb_Tree,F260533,36,84,2,1,223,0.5745,0.8953,,0.3208,152.0112639,32.1505166,306.9219087,-13.87809126,-4.521701081,
1418,,46148,0,CIAT21082,Flemingia,stricta,Flemingia stricta,Fabaceae,Fabales,Shurb_Tree,F260533,36,84,2,2,224,0.5739,0.9959,,0.422,50.90576942,10.7644636,306.9832563,-115.0167437,-37.46678079,
1419,,46148,0,CIAT21089,Flemingia,stricta,Flemingia stricta,Fabaceae,Fabales,Shurb_Tree,F260534,36,84,2,1,225,0.5761,0.918,,0.3419,122.9179279,26.44431733,298.2541857,-43.6458143,-14.63376422,
1420,,46148,0,CIAT21089,Flemingia,stricta,Flemingia stricta,Fabaceae,Fabales,Shurb_Tree,F260534,36,84,2,2,226,0.5448,0.9105,,0.3657,99.21079857,21.33974923,298.3137769,-67.38622305,-22.58904156,
1421,,46148,0,CIAT21091,Flemingia,stricta,Flemingia stricta,Fabaceae,Fabales,Shurb_Tree,F260535,36,84,2,1,227,0.5651,0.9992,,0.4341,26.70526447,5.795347087,326.5313335,-107.5686665,-32.94283134,
1422,,46148,0,CIAT21091,Flemingia,stricta,Flemingia stricta,Fabaceae,Fabales,Shurb_Tree,F260535,36,84,2,2,228,0.6001,0.962,,0.3619,98.72105289,21.43216257,326.4007993,-35.49920068,-10.87595397,
1423,,46148,0,CIAT21115,Flemingia,lineata,Flemingia lineata,Fabaceae,Fabales,Shurb_Tree,F260536,36,84,2,1,229,0.5659,0.9692,,0.4033,59.18870576,12.79787053,298.3157381,-104.9842619,-35.19233097,
1424,,46148,0,CIAT21115,Flemingia,lineata,Flemingia lineata,Fabaceae,Fabales,Shurb_Tree,F260536,36,84,2,2,230,0.569,0.8994,,0.3304,131.996245,28.54613255,298.2560988,-32.14390118,-10.77728211,
1425,,46148,0,CIAT21118,Flemingia,lineata,Flemingia lineata,Fabaceae,Fabales,Shurb_Tree,F260537,36,84,2,1,231,0.5925,0.9591,,0.3666,96.00187731,20.75259138,299.0900905,-67.5099095,-22.57176404,
1426,,46148,0,CIAT21118,Flemingia,lineata,Flemingia lineata,Fabaceae,Fabales,Shurb_Tree,F260537,36,84,2,2,232,0.5572,1.039,,0.4818,-19.01308194,,0,-481.8,#DIV/0!,
1427,,46148,0,BLANK 8 H,BLANK,8,BLANK 8 H,0,0,0,BLANK 8 H,36,84,2,1,233,,,,,,,,,,
1428,,46148,0,BLANK 8 H,BLANK,8,BLANK 8 H,0,0,0,BLANK 8 H,36,84,2,2,234,,,,,,,,,,
1429,,46148,0,CIAT22063,Flemingia,lineata,Flemingia lineata,Fabaceae,Fabales,Shurb_Tree,F260538,36,84,2,1,235,0.5621,0.867,,0.3049,159.8785314,34.39886325,283.358035,-21.54196504,-7.602383691,
1430,,46148,0,CIAT22063,Flemingia,lineata,Flemingia lineata,Fabaceae,Fabales,Shurb_Tree,F260538,36,84,2,2,236,0.5622,0.8002,,0.238,226.9644057,48.81328612,283.4713555,45.47135551,16.04089959,
1431,,46148,0,CIAT43154,Desmodium,distortum,Desmodium distortum,Fabaceae,Fabales,Shurb_Tree,F260539,36,84,2,1,237,0.587,0.9577,,0.3707,100.3412559,21.30201009,249.4130008,-121.2869992,-48.62898038,
1432,,46148,0,CIAT43154,Desmodium,distortum,Desmodium distortum,Fabaceae,Fabales,Shurb_Tree,F260539,36,84,2,2,238,0.5619,0.7982,,0.2363,234.5529147,49.81447653,249.3132755,13.01327547,5.21964803,
1433,,46148,0,CIAT-BR06_423_Opt_F,Urochloa,interespecifico,Urochloa interespecifico,Poaceae,Poales,Grasses,F261076,36,84,2,1,239,0.5788,0.9142,,0.3354,133.8938,28.53091177,290.4624283,-44.93757168,-15.47104455,
1434,,46148,0,CIAT-BR06_423_Opt_F,Urochloa,interespecifico,Urochloa interespecifico,Poaceae,Poales,Grasses,F261076,36,84,2,2,240,0.5787,0.8438,,0.2651,204.0999788,43.49957119,290.4043591,25.30435906,8.713491472,
1435,,46148,0,CIAT_MulatoII_Opt_D,Urochloa,interespecifico,Urochloa interespecifico,Poaceae,Poales,Grasses,F261077,36,84,2,1,241,0.5646,0.7657,,0.2011,274.7352729,57.73747525,281.8379555,80.73795555,28.64694196,
1436,,46148,0,CIAT_MulatoII_Opt_D,Urochloa,interespecifico,Urochloa interespecifico,Poaceae,Poales,Grasses,F261077,36,84,2,2,242,0.5878,0.841,,0.2532,222.540182,46.77767202,281.781633,28.58163301,10.14318524,
1437,,46148,0,CIAT17009,Canavalia,brasiliensis,Canavalia brasiliensis,Fabaceae,Fabales,Climber,F261080,36,84,2,1,243,0.5506,0.7454,,0.1948,264.687146,57.60490762,226.3718199,31.57181994,13.94688612,
1438,,46148,0,CIAT17009,Canavalia,brasiliensis,Canavalia brasiliensis,Fabaceae,Fabales,Climber,F261080,36,84,2,2,244,0.5842,0.7604,,0.1762,283.5628382,61.67589345,226.507643,50.30764304,22.21013047,
1439,,46148,0,CIAT17462,Canavalia,brasiliensis,Canavalia brasiliensis,Fabaceae,Fabales,Climber,F261081,36,84,2,1,245,0.5896,0.826,,0.2364,222.0082467,48.43024712,227.8844801,-8.515519937,-3.736770461,
1440,,46148,0,CIAT17462,Canavalia,brasiliensis,Canavalia brasiliensis,Fabaceae,Fabales,Climber,F261081,36,84,2,2,246,0.579,0.7762,,0.1972,261.39161,56.99877719,227.9756339,30.77563385,13.49952771,
1441,,46148,0,CIAT13953,Desmodium,velutinum,Desmodium velutinum,Fabaceas,Fabales,Shurb_Tree,F261082,36,84,2,1,247,0.5619,0.7915,,0.2296,215.1474778,48.37519909,266.5384933,36.93849335,13.85859614,
1442,,46148,0,CIAT13953,Desmodium,velutinum,Desmodium velutinum,Fabaceas,Fabales,Shurb_Tree,F261082,36,84,2,2,248,0.5747,0.8433,,0.2686,176.2363562,39.61824472,266.5917584,-2.008241566,-0.753302194,
1443,,46148,0,CIAT9432,Clitoria,tertanea,Clitoria tertanea,Fabaceae,Fabales,Climber,F261083,36,84,2,1,249,0.5623,0.7574,,0.1951,269.5231709,58.00898186,267.9710195,72.87101953,27.19361954,
1444,,46148,0,CIAT9432,Clitoria,tertanea,Clitoria tertanea,Fabaceae,Fabales,Climber,F261083,36,84,2,2,250,0.5599,0.75,,0.1901,274.6160027,59.09329593,268.0245602,77.92456019,29.07366405,
1445,,46148,0,CIAT17768,Clitoria,tertanea,Clitoria tertanea,Fabaceae,Fabales,Climber,F261084,36,84,2,1,251,0.5578,0.8276,,0.2698,189.6983567,41.28379437,271.3687775,1.568777514,0.578098014,
1446,,46148,0,CIAT17768,Clitoria,tertanea,Clitoria tertanea,Fabaceae,Fabales,Climber,F261084,36,84,2,2,252,0.5604,0.8136,,0.2532,205.9311253,44.85235566,271.1518994,17.95189937,6.620606167,
1447,,46148,0,CIAT22768,Lablab,purpureus,Lablab purpureus,Fabaceae,Fabales,Climber,F261085,36,84,2,1,253,0.5589,0.7862,,0.2273,231.2393569,50.42955494,259.582035,32.28203495,12.43615913,
1448,,46148,0,CIAT22768,Lablab,purpureus,Lablab purpureus,Fabaceae,Fabales,Climber,F261085,36,84,2,2,254,0.5723,0.7724,,0.2001,258.2561244,56.34398902,259.4783059,59.37830587,22.88372651,
1449,,46148,0,CIAT22598,Lablab,purpureus,Lablab purpureus,Fabaceae,Fabales,Climber,F261086,36,84,2,1,255,0.5809,0.7607,,0.1798,277.9179521,60.71816734,256.7154592,76.91545919,29.96136635,
1450,,46148,0,CIAT22598,Lablab,purpureus,Lablab purpureus,Fabaceae,Fabales,Climber,F261086,36,84,2,2,256,0.5848,0.8238,,0.239,218.5350478,47.76356453,256.6128756,17.61287559,6.863597765,
1451,,46148,0,CIAT18701,Cajanus,cajan,Cajanus cajan,Fabaceas,Fabales,Shurb_Tree,F261087,36,84,2,1,257,0.5497,0.873,,0.3233,137.0880612,29.77663253,282.3861794,-40.91382064,-14.4886059,
1452,,46148,0,CIAT18701,Cajanus,cajan,Cajanus cajan,Fabaceas,Fabales,Shurb_Tree,F261087,36,84,2,2,258,0.5629,0.9324,,0.3695,90.88806119,19.74161992,282.3861794,-87.11382064,-30.84917996,
1453,,46148,0,CIAT20891,Cajanus,cajan,Cajanus cajan,Fabaceas,Fabales,Shurb_Tree,F261088,36,84,2,1,259,0.5689,0.9263,,0.3574,102.5196689,22.29077725,270.3486388,-87.05136119,-32.19966691,
1454,,46148,0,CIAT20891,Cajanus,cajan,Cajanus cajan,Fabaceas,Fabales,Shurb_Tree,F261088,36,84,2,2,260,0.5594,0.9025,,0.3431,116.5439377,25.35526484,270.1865593,-72.91344071,-26.98633156,
1455,,46148,0,CIAT15551,Centrosema,molle,Centrosema molle,Fabaceae,Fabales,Climber,F261089,36,84,2,1,261,0.5571,0.8859,,0.3288,130.9729881,28.4864469,331.2768508,2.476850837,0.747667949,
1456,,46148,0,CIAT15551,Centrosema,molle,Centrosema molle,Fabaceae,Fabales,Climber,F261089,36,84,2,2,262,0.5856,0.9253,,0.3397,120.1649059,26.13047971,331.3430797,-8.356920284,-2.522135151,
1457,,46148,0,ABC-BR06_0423,Urochloa,interespecifico,Urochloa interespecifico,Poaceae,Poales,Grasses,F243584,36,84,2,1,263,0.5659,0.7953,,0.2294,254.61853,52.6051203,277.6572297,48.25722973,17.38014522,
1458,,46148,0,ABC-BR06_0423,Urochloa,interespecifico,Urochloa interespecifico,Poaceae,Poales,Grasses,F243584,36,84,2,2,264,0.5585,0.7604,,0.2019,282.021765,58.27837998,277.6017205,75.70172049,27.26990321,
1459,,46148,0,ABC-CIAT_6962,Megathyrsus,maximus,Megathyrsus maximus,Poaceae,Poales,Grasses,F243591,36,84,2,1,265,0.5956,0.9085,,0.3129,166.1079,34.67748653,323.9290924,11.02909238,3.404785996,
1460,,46148,0,ABC-CIAT_6962,Megathyrsus,maximus,Megathyrsus maximus,Poaceae,Poales,Grasses,F243591,36,84,2,2,266,0.5781,0.8543,,0.2762,202.61645,42.31610046,323.7996243,47.59962431,14.7003334,
1461,,46148,0,CIAT5913,Centrosema,grandiflorum,Centrosema grandiflorum,Fabaceae,Fabales,Climber,F261029,36,84,2,1,267,0.5797,0.955,,0.3753,97.89458217,20.68801839,272.0349248,-103.2650752,-37.96022706,
1462,,46148,0,CIAT5913,Centrosema,grandiflorum,Centrosema grandiflorum,Fabaceae,Fabales,Climber,F261029,36,84,2,2,268,0.5966,0.9421,,0.3455,127.6945822,26.9856391,272.0349248,-73.46507516,-27.00575127,
1463,,46148,0,CIAT7389,Rhynchosia,schomburgkii,Rhynchosia schomburgkii,Fabaceae,Fabales,Climber,F261030,36,84,2,1,269,0.5522,0.9007,,0.3485,125.1853682,26.42795758,297.2153737,-51.2846263,-17.25503821,
1464,,46148,0,CIAT7389,Rhynchosia,schomburgkii,Rhynchosia schomburgkii,Fabaceae,Fabales,Climber,F261030,36,84,2,2,270,0.5889,0.973,,0.3841,89.30132737,18.86376784,297.0371514,-87.06284859,-29.31042403,
1465,,46148,0,CIAT7649,Periandra,coccinea,Periandra coccinea,Fabaceae,Fabales,Climber,F261031,36,84,2,1,271,0.5505,0.9018,,0.3513,121.3263721,25.67067334,281.8307376,-69.46926242,-24.64928525,
1466,,46148,0,CIAT7649,Periandra,coccinea,Periandra coccinea,Fabaceae,Fabales,Climber,F261031,36,84,2,2,272,0.5661,0.9474,,0.3813,91.42087846,19.33929357,281.8870925,-99.41290755,-35.26692431,
1467,,46148,0,CIAT7796,Calopogonium,velutinum,Calopogonium velutinum,Fabaceae,Fabales,Climber,F261032,36,84,2,1,273,0.572,0.837,,0.265,208.3736551,44.01885337,262.9980455,-2.001954533,-0.761205099,
1468,,46148,0,CIAT7796,Calopogonium,velutinum,Calopogonium velutinum,Fabaceae,Fabales,Climber,F261032,36,84,2,2,274,0.5632,0.8438,,0.2806,192.6789993,40.71150412,262.9454564,-17.65454362,-6.714146678,
1469,,46148,0,CIAT8114,Calopogonium,velutinum,Calopogonium velutinum,Fabaceae,Fabales,Climber,F261033,36,84,2,1,275,0.5455,0.8538,,0.3083,154.14623,33.33278985,253.9613933,-54.33860668,-21.39640438,
1470,,46148,0,CIAT8114,Calopogonium,velutinum,Calopogonium velutinum,Fabaceae,Fabales,Climber,F261033,36,84,2,2,276,0.5491,0.8264,,0.2773,185.0537592,40.02427915,253.9106112,-23.3893888,-9.211662597,
1471,,46148,0,CIAT8539,Canavalia,grandiflora,Canavalia grandiflora,Fabaceae,Fabales,Climber,F261034,36,84,2,1,277,0.5631,0.8734,,0.3103,156.1148857,33.47124855,237.229015,-73.07098496,-30.80187512,
1472,,46148,0,CIAT8539,Canavalia,grandiflora,Canavalia grandiflora,Fabaceae,Fabales,Climber,F261034,36,84,2,2,278,0.5379,0.787,,0.2491,217.501377,46.61395953,237.3238687,-11.77613129,-4.962050955,
1473,,46148,0,CIAT8562,Periandra,coccinea,Periandra coccinea,Fabaceae,Fabales,Climber,F261035,36,84,2,1,279,0.5393,0.9027,,0.3634,108.3221656,22.96312819,323.0189582,-40.38104184,-12.5011368,
1474,,46148,0,CIAT8562,Periandra,coccinea,Periandra coccinea,Fabaceae,Fabales,Climber,F261035,36,84,2,2,280,0.5706,0.9465,,0.3759,95.63355215,20.28138861,322.8898022,-53.01019776,-16.41742706,
1475,,46148,0,CIAT8589,Galactia,jussiaeana,Galactia jussiaeana,Fabaceae,Fabales,Climber,F261036,36,84,2,1,281,0.5613,0.9042,,0.3429,128.954201,27.32924719,250.5756907,-92.32430934,-36.84487872,
1476,,46148,0,CIAT8589,Galactia,jussiaeana,Galactia jussiaeana,Fabaceae,Fabales,Climber,F261036,36,84,2,2,282,0.5681,0.8944,,0.3263,145.8372569,30.88874152,250.726006,-75.57399399,-30.14206431,
1477,,46148,0,CIAT9525,Canavalia,bicarinata,Canavalia bicarinata,Fabaceae,Fabales,Climber,F261037,36,84,2,1,283,0.5907,0.8226,,0.2319,234.5766748,50.28690339,231.7095237,-0.190476331,-0.082204792,
1478,,46148,0,CIAT9525,Canavalia,bicarinata,Canavalia bicarinata,Fabaceae,Fabales,Climber,F261037,36,84,2,2,284,0.5767,0.8486,,0.2719,194.8565608,41.74693559,231.8485494,-40.05145062,-17.27483339,
1479,,46148,0,CIAT9991,Galactia,jussiaeana,Galactia jussiaeana,Fabaceae,Fabales,Climber,F261038,36,84,2,1,285,0.5595,0.9074,,0.3479,124.6596091,26.37965807,290.9524689,-56.94753114,-19.5727953,
1480,,46148,0,CIAT9991,Galactia,jussiaeana,Galactia jussiaeana,Fabaceae,Fabales,Climber,F261038,36,84,2,2,286,0.5904,1.0044,,0.414,58.65412099,12.40952282,291.0106593,-122.9893407,-42.26283014,
1481,,46148,0,CIAT15024,Centrosema,pubescens,Centrosema pubescens,Fabaceae,Fabales,Climber,F261039,36,84,2,1,287,0.5589,0.8396,,0.2807,197.1783213,41.2611982,273.6747615,-7.025238529,-2.567002705,
1482,,46148,0,CIAT15024,Centrosema,pubescens,Centrosema pubescens,Fabaceae,Fabales,Climber,F261039,36,84,2,2,288,0.5566,0.8719,,0.3153,162.8649909,34.06041723,273.8389335,-41.46106651,-15.1406763,
1483,,46148,0,CIAT15039,Centrosema,angustifolium,Centrosema angustifolium,Fabaceae,Fabales,Climber,F261040,36,84,2,1,289,0.5691,0.8865,,0.3174,162.3,33.83364603,270.9434065,-46.45659349,-17.14623511,
1484,,46148,0,CIAT15039,Centrosema,angustifolium,Centrosema angustifolium,Fabaceae,Fabales,Climber,F261040,36,84,2,2,290,0.5776,0.907,,0.3294,150.4918033,31.35952776,271.0517405,-58.34825946,-21.52661309,
1485,,46148,0,CIAT15285,Centrosema,bifidum,Centrosema bifidum,Fabaceae,Fabales,Climber,F261041,36,84,2,1,291,0.5663,0.8062,,0.2399,231.0823432,49.06390793,253.2287001,13.32870007,5.263502938,
1486,,46148,0,CIAT15285,Centrosema,bifidum,Centrosema bifidum,Fabaceae,Fabales,Climber,F261041,36,84,2,2,292,0.588,0.8233,,0.2353,235.3999797,50.01062032,253.0768843,17.7768843,7.024301864,
1487,,46148,0,CIAT17333,Dunbaria,nivea,Dunbaria nivea,Fabaceae,Fabales,Climber,F261042,36,84,2,1,293,0.5844,0.9304,,0.346,126.7055633,26.80433089,240.8550475,-105.1449525,-43.65486777,
1488,,46148,0,CIAT17333,Dunbaria,nivea,Dunbaria nivea,Fabaceae,Fabales,Climber,F261042,36,84,2,2,294,0.5999,0.9099,,0.31,162.23333,34.35448531,240.6144331,-69.38556693,-28.83682664,
1489,,46148,0,CIAT17392,Cajanus,scarabaeoides,Cajanus scarabaeoides,Fabaceae,Fabales,Climber,F261043,36,84,2,1,295,0.548,0.9187,,0.3707,102.91968,21.73044836,294.2791717,-76.42082826,-25.96881995,
1490,,46148,0,CIAT17392,Cajanus,scarabaeoides,Cajanus scarabaeoides,Fabaceae,Fabales,Climber,F261043,36,84,2,2,296,0.5505,0.8907,,0.3402,133.3249939,28.15585146,294.2203394,-45.97966056,-15.62762814,
1491,,46148,0,CIAT18164,Teramnus,volubilis,Teramnus volubilis,Fabaceae,Fabales,Climber,F261044,36,84,2,1,297,0.5671,0.8269,,0.2598,209.62524,44.65572409,241.1526687,-18.64733126,-7.73258341,
1492,,46148,0,CIAT18164,Teramnus,volubilis,Teramnus volubilis,Fabaceae,Fabales,Climber,F261044,36,84,2,2,298,0.5627,0.8915,,0.3288,140.25,29.90086345,240.9599008,-87.84009918,-36.45423943,
1493,,46148,0,CIAT18260,Canavalia,grandiflora,Canavalia grandiflora,Fabaceae,Fabales,Climber,F261045,36,84,2,1,299,0.5628,0.815,,0.2522,216.2968356,46.16825967,206.1631198,-46.0368802,-22.33031797,
1494,,46148,0,CIAT18260,Canavalia,grandiflora,Canavalia grandiflora,Fabaceae,Fabales,Climber,F261045,36,84,2,2,300,0.5951,0.8202,,0.2251,243.3031737,51.94310956,206.1219037,-18.97809633,-9.207219609,
1495,,46148,0,CIAT18410,Cajanus,crassus,Cajanus crassus,Fabaceae,Fabales,Climber,F261046,36,84,2,1,301,0.5458,0.8749,,0.3291,147.4893661,30.94684367,246.6043577,-82.4956423,-33.45262958,
1496,,46148,0,CIAT18410,Cajanus,crassus,Cajanus crassus,Fabaceae,Fabales,Climber,F261046,36,84,2,2,302,0.5861,0.8934,,0.3073,169.2893661,35.52101203,246.6043577,-60.6956423,-24.6125587,
1497,,46148,0,CIAT18522,Rhynchosia,phaseoloides,Rhynchosia phaseoloides,Fabaceae,Fabales,Climber,F261047,36,84,2,1,303,0.5727,0.9057,,0.333,131.5553534,28.31855288,266.5298358,-66.47016418,-24.93910821,
1498,,46148,0,CIAT18522,Rhynchosia,phaseoloides,Rhynchosia phaseoloides,Fabaceae,Fabales,Climber,F261047,36,84,2,2,304,0.5613,0.8997,,0.3384,125.9696427,27.12701932,266.4232878,-71.97671218,-27.01592371,
1499,,46148,0,CIAT18584,Canavalia,mattogrossensis,Canavalia mattogrossensis,Fabaceae,Fabales,Climber,F261048,36,84,2,1,305,0.5563,0.9086,,0.3523,111.4158788,24.02675515,278.4415813,-73.85841868,-26.52564259,
1500,,46148,0,CIAT18584,Canavalia,mattogrossensis,Canavalia mattogrossensis,Fabaceae,Fabales,Climber,F261048,36,84,2,2,306,0.5456,0.8966,,0.351,112.8085849,24.32222873,278.4972474,-72.50275263,-26.03356167,
1501,,46148,0,START-GRASS,Cynodon,nlemfuensis,Cynodon nlemfuensis ,Poaceae,Poales,Grasses,F262902 (100%),36,84,2,1,307,0.5687,0.9131,,0.3444,118.14249,25.54197561,363.8821769,19.48217688,5.353979425,
1502,,46148,0,START-GRASS,Cynodon,nlemfuensis,Cynodon nlemfuensis ,Poaceae,Poales,Grasses,F262902 (100%),36,84,2,2,308,0.5728,0.9139,,0.3411,121.71996,26.29963496,364.1004625,23.00046253,6.317064903,
1503,,46148,0,Sample 8,Cynodon,nlemfuensis,Cynodon nlemfuensis ,Poaceae,Poales,Grasses,F250008,36,84,2,1,309,0.5669,0.8398,,0.2729,195.9421411,41.79277499,356.5544483,83.6544483,23.46190006,
1504,,46148,0,Sample 8,Cynodon,nlemfuensis,Cynodon nlemfuensis ,Poaceae,Poales,Grasses,F250008,36,84,2,2,310,0.5697,0.855,,0.2853,183.5421411,39.14796154,356.5544483,71.2544483,19.98417034,
1505,,46148,0,BLANK 24 H,BLANK,24,BLANK 24 H,0,0,0,BLANK 24 H,36,84,2,1,311,,,,,,,,,,
1506,,46148,0,BLANK 24 H,BLANK,24,BLANK 24 H,0,0,0,BLANK 24 H,36,84,2,2,312,,,,,,,,,,
1507,,46153,0,BLANK 24 H,BLANK,24,BLANK 24 H,0,0,0,BLANK 24 H,36,85,3,1,1,,,,,,,,,,
1508,,46153,0,BLANK 24 H,BLANK,24,BLANK 24 H,0,0,0,BLANK 24 H,36,85,3,2,2,,,,,,,,,,
1509,,46153,0,CIAT25254,Centrosema,pubescens,Centrosema pubescens,Fabaceae,Fabales,Climber,F260501,36,85,3,1,3,0.5877,0.805,,0.2173,249.4133005,53.44036697,259.5981746,42.29817459,16.29371033,
1510,,46153,0,CIAT25254,Centrosema,pubescens,Centrosema pubescens,Fabaceae,Fabales,Climber,F260501,36,85,3,2,4,0.5421,0.7393,,0.1972,269.3266898,57.73017829,259.4943768,62.29437683,24.0060604,
1511,,46153,0,CIAT25516,Centrosema,tetragonolobum,Centrosema tetragonolobum,Fabaceae,Fabales,Climber,F260502,36,85,3,1,5,0.5604,0.7508,,0.1904,277.2347096,59.28445941,251.9226942,61.52269419,24.42125922,
1512,,46153,0,CIAT25516,Centrosema,tetragonolobum,Centrosema tetragonolobum,Fabaceae,Fabales,Climber,F260502,36,85,3,2,6,0.5722,0.7681,,0.1959,271.9217635,58.12507769,252.0234633,56.12346326,22.26914214,
1513,,46153,0,CIAT286,Zornia,glabra,Zornia glabra,Fabaceae,Fabales,Herbaceous,F260503,36,85,3,1,7,0.5452,0.7354,,0.1902,272.6119706,58.90339661,266.5011013,76.30110131,28.63068893,
1514,,46153,0,CIAT286,Zornia,glabra,Zornia glabra,Fabaceae,Fabales,Herbaceous,F260503,36,85,3,2,8,0.5495,0.7127,,0.1632,299.4269198,64.72319422,266.3945435,103.1945435,38.73748394,
1515,,46153,0,CIAT330,Desmodium,incanum,Desmodium incanum,Fabaceae,Fabales,Herbaceous,F260504,36,85,3,1,9,0.5578,0.8977,,0.3399,126.8316537,27.17442725,315.3776397,-24.52236034,-7.775554527,
1516,,46153,0,CIAT330,Desmodium,incanum,Desmodium incanum,Fabaceae,Fabales,Herbaceous,F260504,36,85,3,2,10,0.5669,0.8842,,0.3173,149.525,32.03020404,315.4407152,-1.859284811,-0.589424485,
1517,,46153,0,CIAT506,Macroptilium,atropurpureum,Macroptilium atropurpureum,Fabaceae,Fabales,Herbaceous,F260505,36,85,3,1,11,0.5791,0.8086,,0.2295,242.0057177,51.32614698,273.2037614,43.70376139,15.99676416,
1518,,46153,0,CIAT506,Macroptilium,atropurpureum,Macroptilium atropurpureum,Fabaceae,Fabales,Herbaceous,F260505,36,85,3,2,12,0.5366,0.7941,,0.2575,214.0057177,45.38772483,273.2037614,15.70376139,5.748003363,
1519,,46153,0,CIAT921,Tephrosia,cinerea,Tephrosia cinerea,Fabaceae,Fabales,Herbaceous,F260506,36,85,3,1,13,0.5314,0.7373,,0.2059,254.2258094,55.25136913,282.9789958,77.0789958,27.23841591,
1520,,46153,0,CIAT921,Tephrosia,cinerea,Tephrosia cinerea,Fabaceae,Fabales,Herbaceous,F260506,36,85,3,2,14,0.5566,0.7932,,0.2366,223.4338578,48.56900291,282.9224452,46.32244525,16.37284211,
1521,,46153,0,CIAT1011,Stylosanthes,viscosa,Stylosanthes viscosa,Fabaceae,Fabales,Herbaceous,F260507,36,85,3,1,15,0.5692,0.9706,,0.4014,69.26412,14.71625243,292.6137082,-108.7862918,-37.17744206,
1522,,46153,0,CIAT1011,Stylosanthes,viscosa,Stylosanthes viscosa,Fabaceae,Fabales,Herbaceous,F260507,36,85,3,2,16,0.5495,0.8759,,0.3264,143.88804,30.59572597,292.3798978,-34.02010221,-11.63558181,
1523,,46153,0,CIAT1013,Stylosanthes,fruticosa,Stylosanthes fruticosa,Fabaceae,Fabales,Herbaceous,F260508,36,85,3,1,17,0.5576,0.7996,,0.242,228.9838957,48.61820071,311.9003406,69.90034057,22.4111139,
1524,,46153,0,CIAT1013,Stylosanthes,fruticosa,Stylosanthes fruticosa,Fabaceae,Fabales,Herbaceous,F260508,36,85,3,2,18,0.5718,0.8189,,0.2471,224.1663166,47.56680219,312.0873686,64.98736856,20.82345366,
1525,,46153,0,CIAT1985,Stylosanthes,fruticosa,Stylosanthes fruticosa,Fabaceae,Fabales,Herbaceous,F260509,36,85,3,1,19,0.5548,0.826,,0.2712,194.0948062,41.71437197,295.4131162,24.21311618,8.196357865,
1526,,46153,0,CIAT1985,Stylosanthes,fruticosa,Stylosanthes fruticosa,Fabaceae,Fabales,Herbaceous,F260509,36,85,3,2,20,0.5599,0.7809,,0.221,244.387828,52.5127245,295.4721752,74.47217518,25.20446304,
1527,,46153,0,CIAT2001,Stylosanthes,viscosa,Stylosanthes viscosa,Fabaceae,Fabales,Herbaceous,F260510,36,85,3,1,21,0.5629,0.7752,,0.2123,256.2079114,54.68593062,288.2826576,75.98265763,26.35699915,
1528,,46153,0,CIAT2001,Stylosanthes,viscosa,Stylosanthes viscosa,Fabaceae,Fabales,Herbaceous,F260510,36,85,3,2,22,0.5489,0.7712,,0.2223,246.1142285,52.54200524,288.2250126,65.92501263,22.87275904,
1529,,46153,0,CIAT4263,Macroptilium,bracteatum,Macroptilium bracteatum,Fabaceae,Fabales,Herbaceous,F260511,36,85,3,1,23,0.5721,0.7594,,0.1873,276.367715,59.60469234,247.3146384,60.01463844,24.26651282,
1530,,46153,0,CIAT4263,Macroptilium,bracteatum,Macroptilium bracteatum,Fabaceae,Fabales,Herbaceous,F260511,36,85,3,2,24,0.5661,0.78,,0.2139,249.86043,53.87704811,247.3640915,33.46409148,13.52827376,
1531,,46153,0,CIAT4495,Vigna,radiata,Vigna radiata,Fabaceae,Fabales,Herbaceous,F260512,36,85,3,1,25,0.5449,0.7102,,0.1653,295.98245,64.16512269,222.5495031,57.24950307,25.72439043,
1532,,46153,0,CIAT4495,Vigna,radiata,Vigna radiata,Fabaceae,Fabales,Herbaceous,F260512,36,85,3,2,26,0.568,0.737,,0.169,292.1902489,63.35568664,222.5050199,53.50501986,24.04665742,
1533,,46153,0,CIAT7739,Chamaecrista,mimosoides,Chamaecrista mimosoides,Fabaceae,Fabales,Herbaceous,F260513,36,85,3,1,27,0.585,0.848,,0.263,202.4069183,43.49031145,274.0540821,11.05408213,4.033540404,
1534,,46153,0,CIAT7739,Chamaecrista,mimosoides,Chamaecrista mimosoides,Fabaceae,Fabales,Herbaceous,F260513,36,85,3,2,28,0.5613,0.8496,,0.2883,177.293081,38.07897674,274.1637038,-14.13629623,-5.156151613,
1535,,46153,0,CIAT8279,Zornia,glabra,Zornia glabra,Fabaceae,Fabales,Herbaceous,F260514,36,85,3,1,29,0.5692,0.8037,,0.2345,218.745335,48.26201576,254.1175721,19.61757211,7.719880191,
1536,,46153,0,CIAT8279,Zornia,glabra,Zornia glabra,Fabaceae,Fabales,Herbaceous,F260514,36,85,3,2,30,0.5884,0.8367,,0.2483,204.945335,45.21730709,254.1175721,5.817572112,2.289323034,
1537,,46153,0,CIAT11898,Stylosanthes,erecta,Stylosanthes erecta,Fabaceae,Fabales,Herbaceous,F260515,36,85,3,1,31,0.5796,0.7983,,0.2187,243.8811519,52.72180911,258.6703072,39.97030719,15.45222087,
1538,,46153,0,CIAT11898,Stylosanthes,erecta,Stylosanthes erecta,Fabaceae,Fabales,Herbaceous,F260515,36,85,3,2,32,0.5937,0.8058,,0.2121,250.2962304,54.13024889,258.5669011,46.46690111,17.9709394,
1539,,46153,0,CIAT12001,Stylosanthes,mexicana,Stylosanthes mexicana,Fabaceae,Fabales,Herbaceous,F260516,36,85,3,1,33,0.5533,0.7986,,0.2453,215.1550306,46.72661092,262.7026309,17.40263089,6.624460071,
1540,,46153,0,CIAT12001,Stylosanthes,mexicana,Stylosanthes mexicana,Fabaceae,Fabales,Herbaceous,F260516,36,85,3,2,34,0.6117,0.834,,0.2223,237.8789784,51.69270861,262.5451353,40.24513531,15.32884441,
1541,,46153,0,CIAT19199,Tephrosia,villosa,Tephrosia villosa,Fabaceae,Fabales,Herbaceous,F260517,36,85,3,1,35,0.5675,0.8265,,0.259,212.2600664,45.04096178,290.0931653,31.0931653,10.71833777,
1542,,46153,0,CIAT19199,Tephrosia,villosa,Tephrosia villosa,Fabaceae,Fabales,Herbaceous,F260517,36,85,3,2,36,0.5837,0.8474,,0.2637,207.8428224,44.07718929,290.2672212,26.5672212,9.152677001,
1543,,46153,0,CIAT19819,Pseudarthria,viscida,Pseudarthria viscida,Fabaceae,Fabales,Herbaceous,F260518,36,85,3,1,37,0.5337,0.8136,,0.2799,185.5784486,39.8683224,269.748942,-10.15105801,-3.763150261,
1544,,46153,0,CIAT19819,Pseudarthria,viscida,Pseudarthria viscida,Fabaceae,Fabales,Herbaceous,F260518,36,85,3,2,38,0.5455,0.8167,,0.2712,194.3715257,41.74901491,269.802881,-1.397119014,-0.517829539,
1545,,46153,0,CIAT20646,Pseudarthria,viscida,Pseudarthria viscida,Fabaceae,Fabales,Herbaceous,F260519,36,85,3,1,39,0.5555,0.7964,Liquido por encima del embolo 24 H,0.2409,224.1126805,48.19496111,258.474706,17.57470605,6.799391056,
1546,,46153,0,CIAT20646,Pseudarthria,viscida,Pseudarthria viscida,Fabaceae,Fabales,Herbaceous,F260519,36,85,3,2,40,0.5977,0.8457,,0.248,217.3845419,46.71073539,258.6814031,10.68140313,4.129173185,
1547,,46153,0,CIAT20778,Chamaecrista,serpens,Chamaecrista serpens,Fabaceae,Fabales,Herbaceous,F260520,36,85,3,1,41,0.5383,0.7694,,0.2311,240.2546108,50.97109592,259.1699555,28.06995552,10.83071356,
1548,,46153,0,CIAT20778,Chamaecrista,serpens,Chamaecrista serpens,Fabaceae,Fabales,Herbaceous,F260520,36,85,3,2,42,0.5583,0.7792,,0.2209,250.3604341,53.12570629,259.1181733,38.21817331,14.74932183,
1549,,46153,0,CIAT23035,Desmodium,laxiflorum,Desmodium laxiflorum,Fabaceae,Fabales,Herbaceous,F260521,36,85,3,1,43,0.5824,0.7846,,0.2022,258.7577931,56.13481255,233.9918998,31.79189981,13.58675229,
1550,,46153,0,CIAT23035,Desmodium,laxiflorum,Desmodium laxiflorum,Fabaceae,Fabales,Herbaceous,F260521,36,85,3,2,44,0.5675,0.7731,,0.2056,255.4499846,55.40613667,234.0386982,28.43869819,12.15128028,
1551,,46153,0,CIAT24004,Vigna,radiata,Vigna radiata,Fabaceae,Fabales,Herbaceous,F260522,36,85,3,1,45,0.5691,0.8482,,0.2791,193.3041293,40.91922939,294.1466548,15.04665478,5.115358116,
1552,,46153,0,CIAT24004,Vigna,radiata,Vigna radiata,Fabaceae,Fabales,Herbaceous,F260522,36,85,3,2,46,0.5899,0.8712,,0.2813,191.1041293,40.45352643,294.1466548,12.84665478,4.367431882,
1553,,46153,0,CIAT33606,Desmodium,sandwicense,Desmodium sandwicense x intortum,Fabaceae,Fabales,Herbaceous,F260523,36,85,3,1,47,0.5598,0.8249,,0.2651,194.5612794,42.32709782,275.4484089,10.34840892,3.756931819,
1554,,46153,0,CIAT33606,Desmodium,sandwicense,Desmodium sandwicense x intortum,Fabaceae,Fabales,Herbaceous,F260523,36,85,3,2,48,0.5676,0.8325,,0.2649,194.3939177,42.32451383,275.2282703,10.32827033,3.752619714,
1555,,46153,0,CIAT33623,Desmodium,brachypodum,Desmodium brachypodum,Fabaceae,Fabales,Herbaceous,F260524,36,85,3,1,49,0.5828,0.8526,,0.2698,195.1358628,41.97049065,278.6091616,8.809161602,3.161834863,
1556,,46153,0,CIAT33623,Desmodium,brachypodum,Desmodium brachypodum,Fabaceae,Fabales,Herbaceous,F260524,36,85,3,2,50,0.5622,0.8073,,0.2451,219.7429314,47.27251219,278.5534732,33.45347318,12.00971318,
1557,,46153,0,CIAT33636,Desmodium,muelleri,Desmodium muelleri,Fabaceae,Fabales,Herbaceous,F260525,36,85,3,1,51,0.5509,0.8407,,0.2898,178.4089173,38.10455349,279.8297412,-9.970258817,-3.562973247,
1558,,46153,0,CIAT33636,Desmodium,muelleri,Desmodium muelleri,Fabaceae,Fabales,Herbaceous,F260525,36,85,3,2,52,0.5683,0.8559,,0.2876,180.4217835,38.5498688,279.7178988,-7.882101239,-2.817875179,
1559,,46153,0,CIAT33726,Desmodium,sandwicense,Desmodium sandwicense,Fabaceae,Fabales,Herbaceous,F260526,36,85,3,1,53,0.5504,0.8585,,0.3081,159.2482688,34.07486011,283.7694245,-24.33057554,-8.574065226,
1560,,46153,0,CIAT33726,Desmodium,sandwicense,Desmodium sandwicense,Fabaceae,Fabales,Herbaceous,F260526,36,85,3,2,54,0.5536,0.8511,,0.2975,169.4747637,36.29206049,283.5426357,-13.95736429,-4.922492259,
1561,,46153,0,CIAT33727,Desmodium,sandwicense,Desmodium sandwicense,Fabaceae,Fabales,Herbaceous,F260527,36,85,3,1,55,0.573,0.8788,,0.3058,157.2672036,33.96206909,274.7916398,-31.0083602,-11.28431717,
1562,,46153,0,CIAT33727,Desmodium,sandwicense,Desmodium sandwicense,Fabaceae,Fabales,Herbaceous,F260527,36,85,3,2,56,0.5437,0.8331,,0.2894,173.6672036,37.50367166,274.7916398,-14.6083602,-5.316158894,
1563,,46153,0,CIAT43324,Desmodium,muelleri,Desmodium muelleri,Fabaceae,Fabales,Herbaceous,F260528,36,85,3,1,57,0.5628,0.8381,,0.2753,187.1311571,40.46681419,266.7233296,-8.576670378,-3.215568128,
1564,,46153,0,CIAT43324,Desmodium,muelleri,Desmodium muelleri,Fabaceae,Fabales,Herbaceous,F260528,36,85,3,2,58,0.5658,0.8294,,0.2636,198.2769048,42.92851683,266.4036452,2.803645247,1.052404987,
1565,,46153,0,CIAT9776,Mimosa,debilis,Mimosa debilis,Fabaceae,Fabales,Shurb_Tree,F260529,36,85,3,1,59,0.5391,0.9161,,0.377,82.55810797,17.96467227,284.0995203,-92.90047965,-32.69997765,
1566,,46153,0,CIAT9776,Mimosa,debilis,Mimosa debilis,Fabaceae,Fabales,Shurb_Tree,F260529,36,85,3,2,60,0.5577,0.8836,,0.3259,133.658108,29.08404958,284.0995203,-41.80047965,-14.71332285,
1567,,46153,0,CIAT13761,Desmodium,distortum,Desmodium distortum,Fabaceae,Fabales,Shurb_Tree,F260530,36,85,3,1,61,0.5596,0.8311,,0.2715,194.8517613,41.78214332,243.6123459,-27.88765413,-11.44755371,
1568,,46153,0,CIAT13761,Desmodium,distortum,Desmodium distortum,Fabaceae,Fabales,Shurb_Tree,F260530,36,85,3,2,62,0.5593,0.8361,,0.2768,189.4585096,40.63379128,243.5636331,-33.23636685,-13.64586594,
1569,,46153,0,CIAT13929,Desmodium,distortum,Desmodium distortum,Fabaceae,Fabales,Shurb_Tree,F260531,36,85,3,1,63,0.5657,0.7254,,0.1597,294.6247337,64.84893113,175.4423558,15.74235582,8.972950541,
1570,,46153,0,CIAT13929,Desmodium,distortum,Desmodium distortum,Fabaceae,Fabales,Shurb_Tree,F260531,36,85,3,2,64,0.5494,0.7017,,0.1523,302.0247337,66.47772205,175.4423558,23.14235582,13.19086016,
1571,,46153,0,CIAT13930,Desmodium,glabrum,Desmodium glabrum,Fabaceae,Fabales,Shurb_Tree,F260532,36,85,3,1,65,0.5558,0.6907,,0.1349,325.3139275,70.68754509,162.8256859,27.92568589,17.15066375,
1572,,46153,0,CIAT13930,Desmodium,glabrum,Desmodium glabrum,Fabaceae,Fabales,Shurb_Tree,F260532,36,85,3,2,66,0.5626,0.7143,,0.1517,308.6980131,67.05024877,162.8908162,11.19081616,6.870133275,
1573,,46153,0,CIAT21082,Flemingia,stricta,Flemingia stricta,Fabaceae,Fabales,Shurb_Tree,F260533,36,85,3,1,67,0.5476,0.842,,0.2944,178.3167583,37.72169173,306.8605612,12.46056116,4.060659055,
1574,,46153,0,CIAT21082,Flemingia,stricta,Flemingia stricta,Fabaceae,Fabales,Shurb_Tree,F260533,36,85,3,2,68,0.5622,0.8741,,0.3119,160.7222528,34.00649289,306.7992136,-5.100786411,-1.662581319,
1575,,46153,0,CIAT21089,Flemingia,stricta,Flemingia stricta,Fabaceae,Fabales,Shurb_Tree,F260534,36,85,3,1,69,0.5626,0.907,,0.3444,120.2321864,25.87685269,298.1350032,-46.26499679,-15.51813651,
1576,,46153,0,CIAT21089,Flemingia,stricta,Flemingia stricta,Fabaceae,Fabales,Shurb_Tree,F260534,36,85,3,2,70,0.5479,0.9168,,0.3689,95.91792786,20.6355913,298.2541857,-70.6458143,-23.68644522,
1577,,46153,0,CIAT21091,Flemingia,stricta,Flemingia stricta,Fabaceae,Fabales,Shurb_Tree,F260535,36,85,3,1,71,0.5684,0.9258,,0.3574,103.5894761,22.47111516,326.6618677,-30.73813226,-9.409770559,
1578,,46153,0,CIAT21091,Flemingia,stricta,Flemingia stricta,Fabaceae,Fabales,Shurb_Tree,F260535,36,85,3,2,72,0.596,0.9756,,0.3796,81.11315868,17.60599999,326.4660664,-53.13393358,-16.27548436,
1579,,46153,0,CIAT21115,Flemingia,lineata,Flemingia lineata,Fabaceae,Fabales,Shurb_Tree,F260536,36,85,3,1,73,0.5721,0.8861,,0.314,148.5811665,32.12002072,298.3753774,-15.62462259,-5.236565674,
1580,,46153,0,CIAT21115,Flemingia,lineata,Flemingia lineata,Fabaceae,Fabales,Shurb_Tree,F260536,36,85,3,2,74,0.5681,0.8953,,0.3272,135.196245,29.23817969,298.2560988,-28.94390118,-9.70437865,
1581,,46153,0,CIAT21118,Flemingia,lineata,Flemingia lineata,Fabaceae,Fabales,Shurb_Tree,F260537,36,85,3,1,75,0.5821,0.9142,,0.3321,130.5018773,28.21040807,299.0900905,-33.0099095,-11.03677806,
1582,,46153,0,CIAT21118,Flemingia,lineata,Flemingia lineata,Fabaceae,Fabales,Shurb_Tree,F260537,36,85,3,2,76,0.5451,0.8815,,0.3364,126.3869181,27.3099591,299.2097265,-37.19027346,-12.42950017,
1583,,46153,0,BLANK 8 H,BLANK,8,BLANK 8 H,0,0,0,BLANK 8 H,36,85,3,1,77,,,,,,,,,,
1584,,46153,0,BLANK 8 H,BLANK,8,BLANK 8 H,0,0,0,BLANK 8 H,36,85,3,2,78,,,,,,,,,,
1585,,46153,0,CIAT22063,Flemingia,lineata,Flemingia lineata,Fabaceae,Fabales,Shurb_Tree,F260538,36,85,3,1,79,0.5535,0.8761,,0.3226,142.4573428,30.6322102,283.5280158,-39.07198421,-13.78064319,
1586,,46153,0,CIAT22063,Flemingia,lineata,Flemingia lineata,Fabaceae,Fabales,Shurb_Tree,F260538,36,85,3,2,80,0.5831,0.8743,,0.2912,173.5785314,37.3465037,283.358035,-7.841965036,-2.767511088,
1587,,46153,0,CIAT43154,Desmodium,distortum,Desmodium distortum,Fabaceae,Fabales,Shurb_Tree,F260539,36,85,3,1,81,0.5788,0.7912,,0.2124,258.7354265,54.91742118,249.4628634,37.06286344,14.85706647,
1588,,46153,0,CIAT43154,Desmodium,distortum,Desmodium distortum,Fabaceae,Fabales,Shurb_Tree,F260539,36,85,3,2,82,0.5486,0.7409,,0.1923,279.1179382,59.20817084,249.6124514,57.3124514,22.96057391,
1589,,46153,0,CIAT-BR06_423_Opt_F,Urochloa,interespecifico,Urochloa interespecifico,Poaceae,Poales,Grasses,F261076,36,85,3,1,83,0.5601,0.7746,,0.2145,254.9814425,54.31129314,290.5785668,76.07856683,26.18175444,
1590,,46153,0,CIAT-BR06_423_Opt_F,Urochloa,interespecifico,Urochloa interespecifico,Poaceae,Poales,Grasses,F261076,36,85,3,2,84,0.5501,0.7706,,0.2205,248.6999788,53.00511296,290.4043591,69.90435906,24.07138766,
1591,,46153,0,CIAT_MulatoII_Opt_D,Urochloa,interespecifico,Urochloa interespecifico,Poaceae,Poales,Grasses,F261077,36,85,3,1,85,0.5473,0.7287,,0.1814,294.4352729,61.87756345,281.8379555,100.4379555,35.6367741,
1592,,46153,0,CIAT_MulatoII_Opt_D,Urochloa,interespecifico,Urochloa interespecifico,Poaceae,Poales,Grasses,F261077,36,85,3,2,86,0.528,0.7247,,0.1967,279.2303639,58.67042431,281.8942781,85.19427808,30.22206717,
1593,,46153,0,CIAT17009,Canavalia,brasiliensis,Canavalia brasiliensis,Fabaceae,Fabales,Climber,F261080,36,85,3,1,87,0.5662,0.7481,,0.1819,277.7709408,60.42821422,226.4623687,44.56236867,19.67760425,
1594,,46153,0,CIAT17009,Canavalia,brasiliensis,Canavalia brasiliensis,Fabaceae,Fabales,Climber,F261080,36,85,3,2,88,0.5425,0.7165,,0.174,285.487146,62.13169366,226.3718199,52.37181994,23.13530896,
1595,,46153,0,CIAT17462,Canavalia,brasiliensis,Canavalia brasiliensis,Fabaceae,Fabales,Climber,F261081,36,85,3,1,89,0.5333,0.6985,,0.1652,293.2999284,63.96946002,227.930057,62.73005696,27.52162562,
1596,,46153,0,CIAT17462,Canavalia,brasiliensis,Canavalia brasiliensis,Fabaceae,Fabales,Climber,F261081,36,85,3,2,90,0.5649,0.7264,,0.1615,296.9999284,64.77643942,227.930057,66.43005696,29.14493062,
1597,,46153,0,CIAT13953,Desmodium,velutinum,Desmodium velutinum,Fabaceas,Fabales,Shurb_Tree,F261082,36,85,3,1,91,0.544,0.787,,0.243,201.3919643,45.31854319,266.325433,23.325433,8.758244655,
1598,,46153,0,CIAT13953,Desmodium,velutinum,Desmodium velutinum,Fabaceas,Fabales,Shurb_Tree,F261082,36,85,3,2,92,0.537,0.7452,,0.2082,236.2808427,53.1588361,266.3786981,58.17869809,21.84059705,
1599,,46153,0,CIAT9432,Clitoria,tertanea,Clitoria tertanea,Fabaceae,Fabales,Climber,F261083,36,85,3,1,93,0.563,0.7417,,0.1787,285.6446755,61.51565649,267.8103975,89.11039754,33.27368853,
1600,,46153,0,CIAT9432,Clitoria,tertanea,Clitoria tertanea,Fabaceae,Fabales,Climber,F261083,36,85,3,2,94,0.5373,0.6957,,0.1584,305.9446755,65.887409,267.8103975,109.4103975,40.85367803,
1601,,46153,0,CIAT17768,Clitoria,tertanea,Clitoria tertanea,Fabaceae,Fabales,Climber,F261084,36,85,3,1,95,0.5552,0.743,,0.1878,271.2393174,59.08847175,271.0976798,83.29767983,30.72607626,
1602,,46153,0,CIAT17768,Clitoria,tertanea,Clitoria tertanea,Fabaceae,Fabales,Climber,F261084,36,85,3,2,96,0.5495,0.7643,,0.2148,244.4229331,53.22533251,271.2061189,56.40611891,20.79824715,
1603,,46153,0,CIAT22768,Lablab,purpureus,Lablab purpureus,Fabaceae,Fabales,Climber,F261085,36,85,3,1,97,0.5402,0.7088,,0.1686,289.5728919,63.20166405,259.3745768,90.77457678,34.9974843,
1604,,46153,0,CIAT22768,Lablab,purpureus,Lablab purpureus,Fabaceae,Fabales,Climber,F261085,36,85,3,2,98,0.5627,0.7282,,0.1655,292.7645081,63.88548599,259.4264413,93.92644132,36.20542333,
1605,,46153,0,CIAT22598,Lablab,purpureus,Lablab purpureus,Fabaceae,Fabales,Climber,F261086,36,85,3,1,99,0.553,0.7136,,0.1606,296.6606914,64.87780318,256.4590002,95.85900019,37.37790451,
1606,,46153,0,CIAT22598,Lablab,purpureus,Lablab purpureus,Fabaceae,Fabales,Climber,F261086,36,85,3,2,100,0.5704,0.7667,,0.1963,260.9606914,57.07044062,256.4590002,60.15900019,23.45755078,
1607,,46153,0,CIAT18701,Cajanus,cajan,Cajanus cajan,Fabaceas,Fabales,Shurb_Tree,F261087,36,85,3,1,101,0.5313,0.8635,,0.3322,128.1880612,27.84348075,282.3861794,-49.81382064,-17.64031822,
1608,,46153,0,CIAT18701,Cajanus,cajan,Cajanus cajan,Fabaceas,Fabales,Shurb_Tree,F261087,36,85,3,2,102,0.5597,0.9447,,0.385,75.48010199,16.3916099,282.442634,-102.557366,-36.31086587,
1609,,46153,0,CIAT20891,Cajanus,cajan,Cajanus cajan,Fabaceas,Fabales,Shurb_Tree,F261088,36,85,3,1,103,0.5462,0.888,,0.3418,118.0277585,25.66781938,270.2946123,-71.5053877,-26.4546108,
1610,,46153,0,CIAT20891,Cajanus,cajan,Cajanus cajan,Fabaceas,Fabales,Shurb_Tree,F261088,36,85,3,2,104,0.5811,0.9173,,0.3362,123.8115793,26.91488321,270.4026653,-65.79733468,-24.33309398,
1611,,46153,0,CIAT15551,Centrosema,molle,Centrosema molle,Fabaceae,Fabales,Climber,F261089,36,85,3,1,105,0.538,0.8378,"Se observa perdida de liquido, sin embargo no se ve liquido en el baño. Residuo de muestra en la manguera despues del clip 24h",0.2998,159.8810703,34.78086887,331.210622,31.41062196,9.483579292,
1612,,46153,0,CIAT15551,Centrosema,molle,Centrosema molle,Fabaceae,Fabales,Climber,F261089,36,85,3,2,106,0.5619,0.8549,,0.293,167.0487416,36.3110963,331.4755375,38.47553747,11.60735352,
1613,,46153,0,ABC-BR06_0423,Urochloa,interespecifico,Urochloa interespecifico,Poaceae,Poales,Grasses,F243584,36,85,3,1,107,0.5665,0.7638,,0.1973,287.008825,59.26153111,277.8237575,80.52375746,28.9837551,
1614,,46153,0,ABC-BR06_0423,Urochloa,interespecifico,Urochloa interespecifico,Poaceae,Poales,Grasses,F243584,36,85,3,2,108,0.5465,0.7646,,0.2181,266.015295,54.94874831,277.712739,59.61273898,21.46561198,
1615,,46153,0,ABC-CIAT_6962,Megathyrsus,maximus,Megathyrsus maximus,Poaceae,Poales,Grasses,F243591,36,85,3,1,109,0.546,0.7994,,0.2534,225.320725,47.06725931,323.7348903,70.33489028,21.72607661,
1616,,46153,0,ABC-CIAT_6962,Megathyrsus,maximus,Megathyrsus maximus,Poaceae,Poales,Grasses,F243591,36,85,3,2,110,0.5532,0.8212,,0.268,210.912175,44.03984405,323.8643583,55.86435834,17.24930728,
1617,,46153,0,CIAT5913,Centrosema,grandiflorum,Centrosema grandiflorum,Fabaceae,Fabales,Climber,F261029,36,85,3,1,111,0.555,0.8503,,0.2953,177.6108357,37.55693934,271.8718018,-23.42819824,-8.617369691,
1618,,46153,0,CIAT5913,Centrosema,grandiflorum,Centrosema grandiflorum,Fabaceae,Fabales,Climber,F261029,36,85,3,2,112,0.5795,0.86,,0.2805,192.6,40.71020926,271.9805505,-8.519449523,-3.132374542,
1619,,46153,0,CIAT7389,Rhynchosia,schomburgkii,Rhynchosia schomburgkii,Fabaceae,Fabales,Climber,F261030,36,85,3,1,113,0.5511,0.9219,,0.3708,102.6960076,21.68888565,297.0965588,-73.70344116,-24.80790806,
1620,,46153,0,CIAT7389,Rhynchosia,schomburgkii,Rhynchosia schomburgkii,Fabaceae,Fabales,Climber,F261030,36,85,3,2,114,0.5646,0.9337,,0.3691,104.3960076,22.04791718,297.0965588,-72.00344116,-24.23570352,
1621,,46153,0,CIAT7649,Periandra,coccinea,Periandra coccinea,Fabaceae,Fabales,Climber,F261031,36,85,3,1,115,0.562,0.9155,,0.3535,119.2208785,25.22014235,281.8870925,-71.61290755,-25.40481968,
1622,,46153,0,CIAT7649,Periandra,coccinea,Periandra coccinea,Fabaceae,Fabales,Climber,F261031,36,85,3,2,116,0.5419,0.8692,,0.3273,145.6098912,30.79019786,281.9998022,-45.30019779,-16.06391119,
1623,,46153,0,CIAT7796,Calopogonium,velutinum,Calopogonium velutinum,Fabaceae,Fabales,Climber,F261032,36,85,3,1,117,0.5808,0.8375,,0.2567,216.7683109,45.78306635,263.0506346,6.350634558,2.414225143,
1624,,46153,0,CIAT7796,Calopogonium,velutinum,Calopogonium velutinum,Fabaceae,Fabales,Climber,F261032,36,85,3,2,118,0.5331,0.7968,,0.2637,209.5789993,44.28233656,262.9454564,-0.754543625,-0.286958229,
1625,,46153,0,CIAT8114,Calopogonium,velutinum,Calopogonium velutinum,Fabaceae,Fabales,Climber,F261033,36,85,3,1,119,0.5599,0.8401,,0.2802,182.1537592,39.39705379,253.9106112,-26.2893888,-10.35379683,
1626,,46153,0,CIAT8114,Calopogonium,velutinum,Calopogonium velutinum,Fabaceae,Fabales,Climber,F261033,36,85,3,2,120,0.5468,0.8035,,0.2567,205.8387008,44.50194123,254.0121754,-2.687824557,-1.058147923,
1627,,46153,0,CIAT8539,Canavalia,grandiflora,Canavalia grandiflora,Fabaceae,Fabales,Climber,F261034,36,85,3,1,121,0.5383,0.803,,0.2647,201.8081314,43.25929556,237.2764419,-27.42355813,-11.55764049,
1628,,46153,0,CIAT8539,Canavalia,grandiflora,Canavalia grandiflora,Fabaceae,Fabales,Climber,F261034,36,85,3,2,122,0.5575,0.8324,,0.2749,191.3283943,41.0374822,237.1341614,-37.76583862,-15.92593762,
1629,,46153,0,CIAT8562,Periandra,coccinea,Periandra coccinea,Fabaceae,Fabales,Climber,F261035,36,85,3,1,123,0.5671,0.9297,,0.3626,109.0278589,23.11734916,322.9543802,-39.6456198,-12.27591952,
1630,,46153,0,CIAT8562,Periandra,coccinea,Periandra coccinea,Fabaceae,Fabales,Climber,F261035,36,85,3,2,124,0.5565,0.9253,,0.3688,102.9221656,21.81838656,323.0189582,-45.78104184,-14.1728653,
1631,,46153,0,CIAT8589,Galactia,jussiaeana,Galactia jussiaeana,Fabaceae,Fabales,Climber,F261036,36,85,3,1,125,0.5906,0.8744,,0.2838,188.054201,39.85430257,250.5756907,-33.22430934,-13.25919097,
1632,,46153,0,CIAT8589,Galactia,jussiaeana,Galactia jussiaeana,Fabaceae,Fabales,Climber,F261036,36,85,3,2,126,0.552,0.8485,,0.2965,175.354201,37.16279321,250.5756907,-45.92430934,-18.32751981,
1633,,46153,0,CIAT9525,Canavalia,bicarinata,Canavalia bicarinata,Fabaceae,Fabales,Climber,F261037,36,85,3,1,127,0.5474,0.7473,,0.1999,266.9498562,57.18109423,231.8948913,31.99489129,13.79715228,
1634,,46153,0,CIAT9525,Canavalia,bicarinata,Canavalia bicarinata,Fabaceae,Fabales,Climber,F261037,36,85,3,2,128,0.5433,0.7436,,0.2003,266.6431515,57.10398592,231.9412332,31.64123319,13.64191815,
1635,,46153,0,CIAT9991,Galactia,jussiaeana,Galactia jussiaeana,Fabaceae,Fabales,Climber,F261038,36,85,3,1,129,0.5482,0.8679,,0.3197,153.2376568,32.40123821,291.1852308,-28.51476917,-9.792656409,
1636,,46153,0,CIAT9991,Galactia,jussiaeana,Galactia jussiaeana,Fabaceae,Fabales,Climber,F261038,36,85,3,2,130,0.5479,0.899,,0.3511,121.7431448,25.7470466,291.1270403,-59.97295966,-20.60027114,
1637,,46153,0,CIAT15024,Centrosema,pubescens,Centrosema pubescens,Fabaceae,Fabales,Climber,F261039,36,85,3,1,131,0.5823,0.8727,,0.2904,187.8605475,39.27995911,273.8936575,-16.5063425,-6.026551564,
1638,,46153,0,CIAT15024,Centrosema,pubescens,Centrosema pubescens,Fabaceae,Fabales,Climber,F261039,36,85,3,2,132,0.5754,0.857,,0.2816,196.1827647,41.06108031,273.6200375,-7.979962537,-2.916439385,
1639,,46153,0,CIAT15039,Centrosema,angustifolium,Centrosema angustifolium,Fabaceae,Fabales,Climber,F261040,36,85,3,1,133,0.5775,0.8672,,0.2897,189.9040984,39.59601242,270.8892395,-18.8107605,-6.944078155,
1640,,46153,0,CIAT15039,Centrosema,angustifolium,Centrosema angustifolium,Fabaceae,Fabales,Climber,F261040,36,85,3,2,134,0.5589,0.8605,,0.3016,178.2918033,37.15250022,271.0517405,-30.54825946,-11.27026869,
1641,,46153,0,CIAT15285,Centrosema,bifidum,Centrosema bifidum,Fabaceae,Fabales,Climber,F261041,36,85,3,1,135,0.5412,,Se rompe la jeringa 24 h,-0.5412,1012.370586,,253.3299106,794.5299106,313.6344653,
1642,,46153,0,CIAT15285,Centrosema,bifidum,Centrosema bifidum,Fabaceae,Fabales,Climber,F261041,36,85,3,2,136,0.5718,0.811,,0.2392,231.5941009,49.19222659,253.1274896,13.92748956,5.502163981,
1643,,46153,0,CIAT17333,Dunbaria,nivea,Dunbaria nivea,Fabaceae,Fabales,Climber,F261042,36,85,3,1,137,0.5956,0.8983,,0.3027,170.0055633,35.96436694,240.8550475,-61.8449525,-25.67724992,
1644,,46153,0,CIAT17333,Dunbaria,nivea,Dunbaria nivea,Fabaceae,Fabales,Climber,F261042,36,85,3,2,138,0.5633,0.8409,,0.2776,195.1055633,41.27422617,240.8550475,-36.7449525,-15.2560442,
1645,,46153,0,CIAT17392,Cajanus,scarabaeoides,Cajanus scarabaeoides,Fabaceae,Fabales,Climber,F261043,36,85,3,1,139,0.5671,0.8816,,0.3145,159.2143661,33.60978207,294.338004,-20.16199596,-6.849946552,
1646,,46153,0,CIAT17392,Cajanus,scarabaeoides,Cajanus scarabaeoides,Fabaceae,Fabales,Climber,F261043,36,85,3,2,140,0.5736,0.8995,,0.3259,147.6249939,31.17575541,294.2203394,-31.67966056,-10.76732514,
1647,,46153,0,CIAT18164,Teramnus,volubilis,Teramnus volubilis,Fabaceae,Fabales,Climber,F261044,36,85,3,1,141,0.5736,0.8087,,0.2351,233.95,49.87741179,240.9599008,5.859900824,2.431898753,
1648,,46153,0,CIAT18164,Teramnus,volubilis,Teramnus volubilis,Fabaceae,Fabales,Climber,F261044,36,85,3,2,142,0.567,0.8155,,0.2485,220.64381,47.03116727,241.0080928,-7.491907196,-3.108570799,
1649,,46153,0,CIAT18260,Canavalia,grandiflora,Canavalia grandiflora,Fabaceae,Fabales,Climber,F261045,36,85,3,1,143,0.5738,0.8047,,0.2309,237.4095118,50.69500103,206.0806875,-24.81931247,-12.04349266,
1650,,46153,0,CIAT18260,Canavalia,grandiflora,Canavalia grandiflora,Fabaceae,Fabales,Climber,F261045,36,85,3,2,144,0.5192,0.7322,,0.213,255.6841594,54.55361661,206.2455521,-6.754447921,-3.274954467,
1651,,46153,0,CIAT18410,Cajanus,crassus,Cajanus crassus,Fabaceae,Fabales,Climber,F261046,36,85,3,1,145,0.5604,0.8318,,0.2714,204.9988446,43.03092817,246.5057751,-24.8942249,-10.09884044,
1652,,46153,0,CIAT18410,Cajanus,crassus,Cajanus crassus,Fabaceae,Fabales,Climber,F261046,36,85,3,2,146,0.5635,0.8711,,0.3076,168.7988446,35.43225315,246.5057751,-61.0942249,-24.78409476,
1653,,46153,0,CIAT18522,Rhynchosia,phaseoloides,Rhynchosia phaseoloides,Fabaceae,Fabales,Climber,F261047,36,85,3,1,147,0.5576,0.8733,Residuo de muestra despues del  clip,0.3157,148.5767873,32.0017695,266.3700138,-49.32998618,-18.51934663,
1654,,46153,0,CIAT18522,Rhynchosia,phaseoloides,Rhynchosia phaseoloides,Fabaceae,Fabales,Climber,F261047,36,85,3,2,148,0.5611,0.8875,,0.3264,138.1553534,29.73926624,266.5298358,-59.87016418,-22.4628376,
1655,,46153,0,CIAT18584,Canavalia,mattogrossensis,Canavalia mattogrossensis,Fabaceae,Fabales,Climber,F261048,36,85,3,1,149,0.584,0.9201,,0.3361,127.5231727,27.5057806,278.3859153,-57.71408473,-20.73168274,
1656,,46153,0,CIAT18584,Canavalia,mattogrossensis,Canavalia mattogrossensis,Fabaceae,Fabales,Climber,F261048,36,85,3,2,150,0.5724,0.9018,,0.3294,134.3158788,28.96512389,278.4415813,-50.95841868,-18.30129625,
1657,,46153,0,START-GRASS,Cynodon,nlemfuensis,Cynodon nlemfuensis ,Poaceae,Poales,Grasses,F262902 (100%),36,85,3,1,151,0.5431,0.8492,,0.3061,156.44249,33.82229598,363.8821769,57.78217688,15.87936441,
1658,,46153,0,START-GRASS,Cynodon,nlemfuensis,Cynodon nlemfuensis ,Poaceae,Poales,Grasses,F262902 (100%),36,85,3,2,152,0.5568,0.8902,,0.3334,129.05,27.90571954,363.809415,30.409415,8.358611335,
1659,,46153,0,Sample 8,Cynodon,nlemfuensis,Cynodon nlemfuensis ,Poaceae,Poales,Grasses,F250008,36,85,3,1,153,0.5461,0.8182,,0.2721,196.6484102,41.95180312,356.4831659,84.38316593,23.67101002,
1660,,46153,0,Sample 8,Cynodon,nlemfuensis,Cynodon nlemfuensis ,Poaceae,Poales,Grasses,F250008,36,85,3,2,154,0.5339,0.8306,,0.2967,172.1421411,36.7164395,356.5544483,59.8544483,16.7869027,
1661,,46153,0,BLANK 24 H,BLANK,24,BLANK 24 H,0,0,0,BLANK 24 H,36,85,3,1,155,,,,,,,,,,
1662,,46153,0,BLANK 24 H,BLANK,24,BLANK 24 H,0,0,0,BLANK 24 H,36,85,3,2,156,,,,,,,,,,
1663,,5/19/206,0,BLANK 24 H,BLANK,0,BLANK 24 H,0,0,0,BLANK 24 H,37,86,1,1,0,,,,,,,,,,
1664,,5/19/206,0,BLANK 24 H,BLANK,0,BLANK 24 H,0,0,0,BLANK 24 H,37,86,1,2,0,,,,,,,,,,
1665,,5/19/206,0,CIAT18586,Canavalia,mattogrossensis,Canavalia mattogrossensis,Fabaceae,Fabales,Climber,F261049 ,37,86,1,1,0,0.5387,0.8424,,0.3037,165.2719006,35.24132265,293.6513685,-10.04863148,-3.421959697,
1666,,5/19/206,0,CIAT18586,Canavalia,mattogrossensis,Canavalia mattogrossensis,Fabaceae,Fabales,Climber,F261049 ,37,86,1,2,0,0.6022,0.8898,,0.2876,181.5594144,38.6988748,293.7687821,6.1687821,2.099876664,
1667,,5/19/206,0,CIAT18632,Dioclea,crenata,Dioclea crenata,Fabaceae,Fabales,Climber,F261050,37,86,1,1,0,0.546,0.8471,,0.3011,171.7013721,36.31575165,254.5826602,-46.51733982,-18.27199849,
1668,,5/19/206,0,CIAT18632,Dioclea,crenata,Dioclea crenata,Fabaceae,Fabales,Climber,F261050,37,86,1,2,0,0.5429,0.8389,,0.296,176.9904548,37.41945594,254.6844729,-41.31552712,-16.22224027,
1669,,5/19/206,0,CIAT21137,Cajanus,goensis,Cajanus goensis,Fabaceae,Fabales,Climber,F261051,37,86,1,1,0,0.546,0.9264,,0.3804,85.51469059,18.35415202,308.2777488,-72.12225117,-23.39521793,
1670,,5/19/206,0,CIAT21137,Cajanus,goensis,Cajanus goensis,Fabaceae,Fabales,Climber,F261051,37,86,1,2,0,0.5359,0.8862,,0.3503,115.4284365,24.78449402,308.1545117,-42.14548832,-13.67673901,
1671,,5/19/206,0,CIAT21174,Cajanus,goensis,Cajanus goensis,Fabaceae,Fabales,Climber,F261052,37,86,1,1,0,0.5412,0.863,,0.3218,156.34559,32.69832312,276.6520444,-45.14795559,-16.31940067,
1672,,5/19/206,0,CIAT21174,Cajanus,goensis,Cajanus goensis,Fabaceae,Fabales,Climber,F261052,37,86,1,2,0,0.5761,0.9044,,0.3283,149.84559,31.33890454,276.6520444,-51.64795559,-18.66892243,
1673,,5/19/206,0,CIAT22055,Cajanus,crassus,Cajanus crassus,Fabaceae,Fabales,Climber,F261053,37,86,1,1,0,0.5462,0.8372,,0.291,177.0572169,37.82811385,252.0431275,-38.95687252,-15.45643117,
1674,,5/19/206,0,CIAT22055,Cajanus,crassus,Cajanus crassus,Fabaceae,Fabales,Climber,F261053,37,86,1,2,0,0.5458,0.8351,,0.2893,178.3830704,38.14187036,251.8416542,-37.45834585,-14.87376899,
1675,,5/19/206,0,CIAT22059,Pueraria,montana,Pueraria montana,Fabaceae,Fabales,Climber,F261054,37,86,1,1,0,0.558,0.7942,,0.2362,231.3652207,49.48298343,253.7837278,17.5837278,6.928626966,
1676,,5/19/206,0,CIAT22059,Pueraria,montana,Pueraria montana,Fabaceae,Fabales,Climber,F261054,37,86,1,2,0,0.5428,0.812,,0.2692,198.271745,42.41363187,253.7329913,-15.46700865,-6.095781463,
1677,,5/19/206,0,CIAT25157,Centrosema,capitatum,Centrosema capitatum,Fabaceae,Fabales,Climber,F261055,37,86,1,1,0,0.5338,0.8364,,0.3026,173.08264,36.38615863,286.6925768,-15.90742325,-5.548599629,
1678,,5/19/206,0,CIAT25157,Centrosema,capitatum,Centrosema capitatum,Fabaceae,Fabales,Climber,F261055,37,86,1,2,0,0.5545,0.87,,0.3155,160.18264,33.67426652,286.6925768,-28.80742325,-10.04819294,
1679,,5/19/206,0,CIAT25214,Centrosema,grandiflorum,Centrosema grandiflorum,Fabaceae,Fabales,Climber,F261056,37,86,1,1,0,0.5703,0.8653,,0.295,175.3750022,37.28408214,282.1507409,-12.8492591,-4.554040532,
1680,,5/19/206,0,CIAT25214,Centrosema,grandiflorum,Centrosema grandiflorum,Fabaceae,Fabales,Climber,F261056,37,86,1,2,0,0.5379,0.8195,,0.2816,188.9631146,40.15680548,282.2635786,0.663578626,0.235091835,
1681,,5/19/206,0,CIAT25224,Centrosema,capitatum,Centrosema capitatum,Fabaceae,Fabales,Climber,F261057,37,86,1,1,0,0.5534,0.866,,0.3126,158.2426325,33.60839091,281.3920805,-31.20791948,-11.09054648,
1682,,5/19/206,0,CIAT25224,Centrosema,capitatum,Centrosema capitatum,Fabaceae,Fabales,Climber,F261057,37,86,1,2,0,0.5777,0.863,,0.2853,185.5426325,39.40650648,281.3920805,-3.907919475,-1.388780902,
1683,,5/19/206,0,CIAT32092,Cajanus,scarabaeoides,Cajanus scarabaeoides,Fabaceae,Fabales,Climber,F261058,37,86,1,1,0,0.5604,0.9225,,0.3621,108.551449,23.06408473,300.1470541,-61.95294594,-20.64086424,
1684,,5/19/206,0,CIAT32092,Cajanus,scarabaeoides,Cajanus scarabaeoides,Fabaceae,Fabales,Climber,F261058,37,86,1,2,0,0.5472,0.9107,,0.3635,107.2455604,22.78206519,300.2070715,-63.29292853,-21.08309049,
1685,,5/19/206,0,CIAT4846,Clitoria,ternatea,Clitoria ternatea L.,Fabaceae,Fabales,Climber,F261059,37,86,1,1,0,0.5414,0.8307,,0.2893,159.3215395,35.51357335,216.1206292,-73.17937079,-33.86042834,
1686,,5/19/206,0,CIAT4846,Clitoria,ternatea,Clitoria ternatea L.,Fabaceae,Fabales,Climber,F261059,37,86,1,2,0,0.5362,0.7872,,0.251,197.3525817,44.01727341,215.9910605,-35.00893951,-16.20851318,
1687,,5/19/206,0,CIAT9466,Clitoria,ternatea,Clitoria ternatea L.,Fabaceae,Fabales,Climber,F261060,37,86,1,1,0,0.5491,0.8114,,0.2623,186.886552,41.60555367,247.174877,-15.125123,-6.119199159,
1688,,5/19/206,0,CIAT9466,Clitoria,ternatea,Clitoria ternatea L.,Fabaceae,Fabales,Climber,F261060,37,86,1,2,0,0.5407,0.8302,,0.2895,159.3275617,35.49861357,246.9773346,-42.52266535,-17.21723389,
1689,,5/19/206,0,CIAT19092,Clitoria,ternatea,Clitoria ternatea L.,Fabaceae,Fabales,Climber,F261061,37,86,1,1,0,0.5496,0.8268,,0.2772,178.8727882,39.22022818,216.4896818,-60.71031823,-28.04305394,
1690,,5/19/206,0,CIAT19092,Clitoria,ternatea,Clitoria ternatea L.,Fabaceae,Fabales,Climber,F261061,37,86,1,2,0,0.5204,0.8085,,0.2881,168.2463224,36.86812277,216.6195236,-71.48047635,-32.99816893,
1691,,5/19/206,0,CIAT19212,Clitoria,ternatea,Clitoria ternatea L.,Fabaceae,Fabales,Climber,F261062,37,86,1,1,0,0.5606,0.8183,,0.2577,200.488995,43.75683336,260.863219,3.163219046,1.2125968,
1692,,5/19/206,0,CIAT19212,Clitoria,ternatea,Clitoria ternatea L.,Fabaceae,Fabales,Climber,F261062,37,86,1,2,0,0.5665,0.8724,,0.3059,152.0144111,33.19712318,260.7068887,-45.19311129,-17.33483588,
1693,,5/19/206,0,CIAT19221,Clitoria,ternatea,Clitoria ternatea L.,Fabaceae,Fabales,Climber,F261063,37,86,1,1,0,0.5411,0.8071,,0.266,195.5227228,42.36470127,266.7026897,0.70268971,0.26347305,
1694,,5/19/206,0,CIAT19221,Clitoria,ternatea,Clitoria ternatea L.,Fabaceae,Fabales,Climber,F261063,37,86,1,2,0,0.5849,0.8714,,0.2865,174.5616611,37.86080601,266.4362535,-20.06374654,-7.530411603,
1695,,5/19/206,0,CIAT19447,Clitoria,ternatea,Clitoria ternatea L.,Fabaceae,Fabales,Climber,F261064,37,86,1,1,0,0.5736,0.887,,0.3134,141.8115432,31.15288821,230.0221917,-83.37780827,-36.2477236,
1696,,5/19/206,0,CIAT19447,Clitoria,ternatea,Clitoria ternatea L.,Fabaceae,Fabales,Climber,F261064,37,86,1,2,0,0.558,0.8852,,0.3272,127.9205918,28.1069664,229.9762332,-97.22376675,-42.27557143,
1697,,5/19/206,0,CIAT19806,Clitoria,ternatea,Clitoria ternatea L.,Fabaceae,Fabales,Climber,F261065,37,86,1,1,0,0.5612,0.788,,0.2268,231.6541017,50.52939887,209.5545462,-17.24545381,-8.229577514,
1698,,5/19/206,0,CIAT19806,Clitoria,ternatea,Clitoria ternatea L.,Fabaceae,Fabales,Climber,F261065,37,86,1,2,0,0.5348,0.7977,,0.2629,195.37083,42.6321767,209.4707746,-53.42922537,-25.50676841,
1699,,5/19/206,0,CIAT21204,Clitoria,ternatea,Clitoria ternatea L.,Fabaceae,Fabales,Climber,F261066,37,86,1,1,0,0.5421,0.7994,,0.2573,203.2130711,44.12753597,205.4305934,-51.86940657,-25.2491149,
1700,,5/19/206,0,CIAT21204,Clitoria,ternatea,Clitoria ternatea L.,Fabaceae,Fabales,Climber,F261066,37,86,1,2,0,0.5494,0.7637,,0.2143,245.9369289,53.43702634,205.307409,-8.992591015,-4.380061615,
1701,,5/19/206,0,CIAT21705,Clitoria,ternatea,Clitoria ternatea L.,Fabaceae,Fabales,Climber,F261067,37,86,1,1,0,0.5603,0.7791,,0.2188,239.8853223,52.29845182,217.9142215,-0.885778464,-0.406480338,
1702,,5/19/206,0,CIAT21705,Clitoria,ternatea,Clitoria ternatea L.,Fabaceae,Fabales,Climber,F261067,37,86,1,2,0,0.5654,0.8013,,0.2359,222.7853223,48.57040578,217.9142215,-17.98577846,-8.253604715,
1703,,5/19/206,0,CIAT21815,Clitoria,ternatea,Clitoria ternatea L.,Fabaceae,Fabales,Climber,F261068,37,86,1,1,0,0.5652,0.8401,,0.2749,182.9542146,39.95905438,224.8274165,-50.07258353,-22.2715647,
1704,,5/19/206,0,CIAT21815,Clitoria,ternatea,Clitoria ternatea L.,Fabaceae,Fabales,Climber,F261068,37,86,1,2,0,0.5732,0.7587,,0.1855,272.5373563,59.50111984,224.9173474,39.41734744,17.52525889,
1705,,5/19/206,0,CIAT22274,Clitoria,ternatea,Clitoria ternatea L.,Fabaceae,Fabales,Climber,F261069 ,37,86,1,1,0,0.5738,0.8305,,0.2567,203.1027072,44.17170756,241.4928726,-15.20712744,-6.297133029,
1706,,5/19/206,0,CIAT22274,Clitoria,ternatea,Clitoria ternatea L.,Fabaceae,Fabales,Climber,F261069 ,37,86,1,2,0,0.548,0.773,,0.225,234.6189331,51.04640305,241.3963526,16.39635263,6.792295098,
1707,,5/19/206,0,CIAT-BR09_2656,Urochloa,interespecifico,Urochloa interespecifico,Poaceae,Poales,grasses,F260540 ,37,86,1,1,0,0.5415,0.7271,,0.1856,281.5783087,60.2721281,274.7188684,89.11886843,32.44002458,
1708,,5/19/206,0,CIAT-BR09_2656,Urochloa,interespecifico,Urochloa interespecifico,Poaceae,Poales,grasses,F260540 ,37,86,1,2,0,0.548,0.7416,,0.1936,273.5783087,58.55971983,274.7188684,81.11886843,29.52795667,
1709,,5/19/206,0,CIAT-BR09_4151,Urochloa,interespecifico,Urochloa interespecifico,Poaceae,Poales,grasses,F260541,37,86,1,1,0,0.538,0.7447,,0.2067,259.919923,55.70270582,278.6257447,71.9257447,25.81446477,
1710,,5/19/206,0,CIAT-BR09_4151,Urochloa,interespecifico,Urochloa interespecifico,Poaceae,Poales,grasses,F260541,37,86,1,2,0,0.5732,0.7842,,0.211,255.619923,54.78118494,278.6257447,67.6257447,24.27117594,
1711,,5/19/206,0,CIAT-BR09_4014,Urochloa,interespecifico,Urochloa interespecifico,Poaceae,Poales,grasses,F260542,37,86,1,1,0,0.5723,0.7633,,0.191,279.4970606,59.4046348,290.6295299,99.6295299,34.28059424,
1712,,5/19/206,0,CIAT-BR09_4014,Urochloa,interespecifico,Urochloa interespecifico,Poaceae,Poales,grasses,F260542,37,86,1,2,0,0.5501,0.7424,,0.1923,278.008937,59.1119826,290.5133246,98.21332457,33.8068227,
1713,,5/19/206,0,CIAT-BR15_582,Urochloa,interespecifico,Urochloa interespecifico,Poaceae,Poales,grasses,F260543,37,86,1,1,0,0.5613,0.7959,,0.2346,228.6193906,49.35445174,273.7260779,39.12607794,14.2938803,
1714,,5/19/206,0,CIAT-BR15_582,Urochloa,interespecifico,Urochloa interespecifico,Poaceae,Poales,grasses,F260543,37,86,1,2,0,0.5687,0.7775,,0.2088,254.4193906,54.92416677,273.7260779,64.92607794,23.7193615,
1715,,5/19/206,0,CIAT-BR09_834,Urochloa,interespecifico,Urochloa interespecifico,Poaceae,Poales,grasses,F260544,37,86,1,1,0,0.5511,0.7855,,0.2344,228.47756,49.36025847,279.4566317,45.05663174,16.12294239,
1716,,5/19/206,0,CIAT-BR09_834,Urochloa,interespecifico,Urochloa interespecifico,Poaceae,Poales,grasses,F260544,37,86,1,2,0,0.5704,0.7852,,0.2148,247.89252,53.57608115,279.3449161,64.54491612,23.10581378,
1717,,5/19/206,0,CIAT-BR19_2886,Urochloa,interespecifico,Urochloa interespecifico,Poaceae,Poales,grasses,F260545,37,86,1,1,0,0.5615,0.8021,,0.2406,228.214028,48.67901009,278.9952082,38.3952082,13.76195973,
1718,,5/19/206,0,CIAT-BR19_2886,Urochloa,interespecifico,Urochloa interespecifico,Poaceae,Poales,grasses,F260545,37,86,1,2,0,0.5525,0.7735,,0.221,247.6265773,52.84091627,278.8836547,57.88365474,20.75548486,
1719,,5/19/206,0,CIAT-BR05_1467,Urochloa,interespecifico,Urochloa interespecifico,Poaceae,Poales,grasses,F260546,37,86,1,1,0,0.577,0.7951,,0.2181,247.0163301,53.10850515,283.1431243,65.04312431,22.97181839,
1720,,5/19/206,0,CIAT-BR05_1467,Urochloa,interespecifico,Urochloa interespecifico,Poaceae,Poales,grasses,F260546,37,86,1,2,0,0.5553,0.7785,,0.2232,241.3588595,51.95441967,282.8037598,59.6037598,21.07601393,
1721,,5/19/206,0,CIAT-BR19_5294,Urochloa,interespecifico,Urochloa interespecifico,Poaceae,Poales,grasses,F260547,37,86,1,1,0,0.5582,0.818,,0.2598,211.3779155,44.8615923,298.2115391,38.41153908,12.88063473,
1722,,5/19/206,0,CIAT-BR19_5294,Urochloa,interespecifico,Urochloa interespecifico,Poaceae,Poales,grasses,F260547,37,86,1,2,0,0.5533,0.7878,,0.2345,236.8663489,50.25100953,298.3307998,63.83079984,21.39598053,
1723,,5/19/206,0,CIAT-BR19_626,Urochloa,interespecifico,Urochloa interespecifico,Poaceae,Poales,grasses,F260548,37,86,1,1,0,0.5438,0.7824,,0.2386,226.6932828,48.72051482,293.6782143,55.07821426,18.75461358,
1724,,5/19/206,0,CIAT-BR19_626,Urochloa,interespecifico,Urochloa interespecifico,Poaceae,Poales,grasses,F260548,37,86,1,2,0,0.5649,0.7753,,0.2104,254.8003171,54.77217184,293.6195373,83.2195373,28.34264302,
1725,,5/19/206,0,CIAT-BR12_3436,Urochloa,interespecifico,Urochloa interespecifico,Poaceae,Poales,grasses,F260549,37,86,1,1,0,0.5581,0.8052,,0.2471,217.1032829,46.76901067,299.2951272,52.19512715,17.4393508,
1726,,5/19/206,0,CIAT-BR12_3436,Urochloa,interespecifico,Urochloa interespecifico,Poaceae,Poales,grasses,F260549,37,86,1,2,0,0.5887,0.8236,,0.2349,229.11775,49.37693655,299.1755048,64.2755048,21.4842137,
1727,,5/19/206,0,CIAT-BR09_305,Urochloa,interespecifico,Urochloa interespecifico,Poaceae,Poales,grasses,F260550,37,86,1,1,0,0.5505,0.7683,,0.2178,250.5291197,53.49424351,305.3636258,87.56362577,28.67519848,
1728,,5/19/206,0,CIAT-BR09_305,Urochloa,interespecifico,Urochloa interespecifico,Poaceae,Poales,grasses,F260550,37,86,1,2,0,0.5728,0.8129,,0.2401,228.2291197,48.73263483,305.3636258,65.26362577,21.37242954,
1729,,5/19/206,0,CIAT-BR09_2267,Urochloa,interespecifico,Urochloa interespecifico,Poaceae,Poales,grasses,F260551,37,86,1,1,0,0.5645,0.78,,0.2155,244.1694764,53.11848816,296.980243,81.48024301,27.43625037,
1730,,5/19/206,0,CIAT-BR09_2267,Urochloa,interespecifico,Urochloa interespecifico,Poaceae,Poales,grasses,F260551,37,86,1,2,0,0.5671,0.7985,,0.2314,228.177616,49.64941896,296.9208944,65.52089444,22.06678468,
1731,,5/19/206,0,CIAT-BR09_3167,Urochloa,interespecifico,Urochloa interespecifico,Poaceae,Poales,grasses,F260552,37,86,1,1,0,0.5635,0.7815,,0.218,249.6888411,53.3878124,296.7856963,78.78569629,26.54632527,
1732,,5/19/206,0,CIAT-BR09_3167,Urochloa,interespecifico,Urochloa interespecifico,Poaceae,Poales,grasses,F260552,37,86,1,2,0,0.5398,0.7385,,0.1987,268.7085641,57.4890117,296.6078383,97.9078383,33.00918778,
1733,,5/19/206,0,CIAT-BR09_343,Urochloa,interespecifico,Urochloa interespecifico,Poaceae,Poales,grasses,F260553,37,86,1,1,0,0.5545,0.7701,,0.2156,249.0694856,53.60142925,304.4758345,88.87583446,29.1897827,
1734,,5/19/206,0,CIAT-BR09_343,Urochloa,interespecifico,Urochloa interespecifico,Poaceae,Poales,grasses,F260553,37,86,1,2,0,0.5788,0.7857,,0.2069,257.3981955,55.43812102,304.2325457,97.33254574,31.99281178,
1735,,5/19/206,0,CIAT-BR12_5082,Urochloa,interespecifico,Urochloa interespecifico,Poaceae,Poales,grasses,F260554,37,86,1,1,0,0.555,0.7705,,0.2155,247.8139407,53.48726186,292.1660433,76.66604326,26.24057279,
1736,,5/19/206,0,CIAT-BR12_5082,Urochloa,interespecifico,Urochloa interespecifico,Poaceae,Poales,grasses,F260554,37,86,1,2,0,0.551,0.7733,,0.2223,240.921315,52.00998037,292.1076334,69.80763342,23.89791482,
1737,,5/19/206,0,CIAT-BR12_5323,Urochloa,interespecifico,Urochloa interespecifico,Poaceae,Poales,grasses,F260555,37,86,1,1,0,0.5556,0.7591,,0.2035,266.1908509,56.67362913,304.1724006,100.6724006,33.09715161,
1738,,5/19/206,0,CIAT-BR12_5323,Urochloa,interespecifico,Urochloa interespecifico,Poaceae,Poales,grasses,F260555,37,86,1,2,0,0.5587,0.7873,,0.2286,241.0908509,51.32968855,304.1724006,75.5724006,24.84525238,
1739,,5/19/206,0,BLANK 8 H,BLANK,8,BLANK 8 H,0,0,0,BLANK 8 H,37,86,1,1,0,,,,,,,,,,
1740,,5/19/206,0,BLANK 8 H,BLANK,8,BLANK 8 H,0,0,0,BLANK 8 H,37,86,1,2,0,,,,,,,,,,
1741,,5/19/206,0,CIAT-BR15_1168,Urochloa,interespecifico,Urochloa interespecifico,Poaceae,Poales,grasses,F260556,37,86,1,1,0,0.5556,0.7647,,0.2091,255.2535943,54.9696605,296.9005474,87.80054743,29.5723764,
1742,,5/19/206,0,CIAT-BR15_1168,Urochloa,interespecifico,Urochloa interespecifico,Poaceae,Poales,grasses,F260556,37,86,1,2,0,0.5467,0.7454,,0.1987,265.8393357,57.22644247,297.0193076,98.31930765,33.10199206,
1743,,5/19/206,0,CIAT-BR12_2679,Urochloa,interespecifico,Urochloa interespecifico,Poaceae,Poales,grasses,F260557,37,86,1,1,0,0.5768,0.7957,,0.2189,247.7098202,53.08714251,306.0581707,87.15817066,28.4776487,
1744,,5/19/206,0,CIAT-BR12_2679,Urochloa,interespecifico,Urochloa interespecifico,Poaceae,Poales,grasses,F260557,37,86,1,2,0,0.561,0.7676,,0.2066,259.8233255,55.70547425,305.9358453,99.33584525,32.46950195,
1745,,5/19/206,0,CIAT-BR09_3341,Urochloa,interespecifico,Urochloa interespecifico,Poaceae,Poales,grasses,F260558,37,86,1,1,0,0.5803,0.8117,,0.2314,230.7924061,49.93427046,294.0124313,62.6124313,21.29584488,
1746,,5/19/206,0,CIAT-BR09_3341,Urochloa,interespecifico,Urochloa interespecifico,Poaceae,Poales,grasses,F260558,37,86,1,2,0,0.5723,0.8056,,0.2333,228.7076031,49.50299553,293.8948733,60.59487335,20.61787355,
1747,,5/19/206,0,CIAT-BR09_2715,Urochloa,interespecifico,Urochloa interespecifico,Poaceae,Poales,grasses,F260559,37,86,1,1,0,0.5778,0.7981,,0.2203,248.3123325,52.98885994,283.8985965,63.59859646,22.40187069,
1748,,5/19/206,0,CIAT-BR09_2715,Urochloa,interespecifico,Urochloa interespecifico,Poaceae,Poales,grasses,F260559,37,86,1,2,0,0.5744,0.7899,,0.2155,253.1123325,54.01316076,283.8985965,68.39859646,24.09261522,
1749,,5/19/206,0,CIAT-BR15_8543,Urochloa,interespecifico,Urochloa interespecifico,Poaceae,Poales,grasses,F260560,37,86,1,1,0,0.5525,0.7708,,0.2183,248.0682335,53.19149455,271.5106608,53.21066082,19.59800056,
1750,,5/19/206,0,CIAT-BR15_8543,Urochloa,interespecifico,Urochloa interespecifico,Poaceae,Poales,grasses,F260560,37,86,1,2,0,0.5473,0.7893,,0.242,224.2749972,48.09929731,271.4563804,29.4563804,10.85123892,
1751,,5/19/206,0,CIAT-BR02_1718,Urochloa,interespecifico,Urochloa interespecifico,Poaceae,Poales,grasses,F260561,37,86,1,1,0,0.5805,0.7877,,0.2072,260.5836913,55.70602313,276.6918341,69.49183412,25.11524575,
1752,,5/19/206,0,CIAT-BR02_1718,Urochloa,interespecifico,Urochloa interespecifico,Poaceae,Poales,grasses,F260561,37,86,1,2,0,0.5752,0.8257,,0.2505,217.1901906,46.43890229,276.6365289,26.13652894,9.447967351,
1753,,5/19/206,0,CIAT-BR12_804,Urochloa,interespecifico,Urochloa interespecifico,Poaceae,Poales,grasses,F260562,37,86,1,1,0,0.5531,0.8037,,0.2506,222.7378793,47.0568465,291.5185338,40.91853376,14.03634041,
1754,,5/19/206,0,CIAT-BR12_804,Urochloa,interespecifico,Urochloa interespecifico,Poaceae,Poales,grasses,F260562,37,86,1,2,0,0.5756,0.7973,,0.2217,251.9217117,53.19049053,291.69334,69.99333999,23.99552215,
1755,,5/19/206,0,CIAT-BR15_1462,Urochloa,interespecifico,Urochloa interespecifico,Poaceae,Poales,grasses,F260563,37,86,1,1,0,0.5612,0.7622,,0.201,267.570283,57.10355366,274.2379695,73.23796952,26.70599175,
1756,,5/19/206,0,CIAT-BR15_1462,Urochloa,interespecifico,Urochloa interespecifico,Poaceae,Poales,grasses,F260563,37,86,1,2,0,0.5715,0.7954,,0.2239,244.670283,52.21634659,274.2379695,50.33796952,18.35557987,
1757,,5/19/206,0,CIAT-BR06_423_Opt_F,Urochloa,interespecifico,Urochloa interespecifico,Poaceae,Poales,grasses,F261076,37,86,1,1,0,0.5752,0.8103,,0.2351,234.0061575,49.88341205,290.3462898,55.2462898,19.0277237,
1758,,5/19/206,0,CIAT-BR06_423_Opt_F,Urochloa,interespecifico,Urochloa interespecifico,Poaceae,Poales,grasses,F261076,37,86,1,2,0,0.5476,0.7779,,0.2303,238.8999788,50.91645132,290.4043591,60.10435906,20.69678267,
1759,,5/19/206,0,CIAT_MulatoII_Opt_D,Urochloa,interespecifico,Urochloa interespecifico,Poaceae,Poales,grasses,F261077,37,86,1,1,0,0.5847,0.7748,,0.1901,285.7352729,60.04919963,281.8379555,91.73795555,32.54989392,
1760,,5/19/206,0,CIAT_MulatoII_Opt_D,Urochloa,interespecifico,Urochloa interespecifico,Poaceae,Poales,grasses,F261077,37,86,1,2,0,0.5498,0.7696,,0.2198,256.1303639,53.81677307,281.8942781,62.09427808,22.02750567,
1761,,5/19/206,0,ABC-BR06_0423,Urochloa,interespecifico,Urochloa interespecifico,Poaceae,Poales,grasses,F243584,37,86,1,1,0,0.5439,0.7408,,0.1969,287.11853,59.31973927,277.6572297,80.75722973,29.08522491,
1762,,5/19/206,0,ABC-BR06_0423,Urochloa,interespecifico,Urochloa interespecifico,Poaceae,Poales,grasses,F243584,37,86,1,2,0,0.5664,0.7502,,0.1838,300.025,62.01105772,277.5462113,93.74621125,33.77679372,
1763,,5/19/206,0,ABC-Mulato_II,Urochloa,interespecifico,Urochloa interespecifico,Poaceae,Poales,grasses,F243592 ,37,86,1,1,0,0.5581,0.7663,,0.2082,275.38998,56.94699878,287.3491661,79.14916612,27.54459572,
1764,,5/19/206,0,ABC-Mulato_II,Urochloa,interespecifico,Urochloa interespecifico,Poaceae,Poales,grasses,F243592 ,37,86,1,2,0,0.5562,0.7998,,0.2436,240.08664,49.63681445,287.4066015,43.80660149,15.24203037,
1765,,5/19/206,0,CIAT-22311,Calliandra,calothyrsus,Calliandra calothyrsus,Fabaceae,Fabales,Tree,F251772 ,37,86,1,1,0,0.5359,0.8445,,0.3086,160.868875,34.26614278,257.879253,-50.72074696,-19.66840929,
1766,,5/19/206,0,CIAT-22311,Calliandra,calothyrsus,Calliandra calothyrsus,Fabaceae,Fabales,Tree,F251772 ,37,86,1,2,0,0.5489,0.8887,,0.3398,129.668875,27.62033479,257.879253,-81.92074696,-31.76709487,
1767,,5/19/206,0,CIAT-23715,Desmodium,sequax,Desmodium sequax,Fabaceae,Fabales,Shrub,F251692 ,37,86,1,1,0,0.5829,0.9214,,0.3385,130.45,27.81746455,306.78709,-31.71291,-10.33710708,
1768,,5/19/206,0,CIAT-23715,Desmodium,sequax,Desmodium sequax,Fabaceae,Fabales,Shrub,F251692 ,37,86,1,2,0,0.5351,0.8801,,0.345,124.41895,26.50488439,307.0938771,-37.90612291,-12.34349681,
1769,,5/19/206,0,Leu_div ILRI 15551,Leucaena,diversifolia,Leucaena diversifolia,Fabaceae,Fabales,Fabales,F261072 (100%),37,86,1,1,0,0.5634,0.797,,0.2336,241.29496,50.81017495,244.5946491,10.99464915,4.495048925,
1770,,5/19/206,0,Leu_div ILRI 15551,Leucaena,diversifolia,Leucaena diversifolia,Fabaceae,Fabales,Fabales,F261072 (100%),37,86,1,2,0,0.5844,0.8579,,0.2735,201.67984,42.44284438,244.7413766,-28.75862341,-11.75061766,
1771,,5/19/206,0,Estrella CIAT,Cynodon,nlemfuensis,Cynodon nlemfuensis,Poaceae,Poales,grasses,F263137 ( 100%) ,37,86,1,1,0,0.5422,0.8418,,0.2996,170.86311,36.31806753,374.6166244,75.01662442,20.02490534,
1772,,5/19/206,0,Estrella CIAT,Cynodon,nlemfuensis,Cynodon nlemfuensis,Poaceae,Poales,grasses,F263137 ( 100%) ,37,86,1,2,0,0.5587,0.8669,,0.3082,162.45122,34.51626451,374.7664112,66.56641115,17.76210705,
1773,,5/19/206,0,CIAT17009,Canavalia,brasiliensis,Canavalia brasiliensis,Fabaceas,Fabales,Trepadoras,F263138 (100%) ,37,86,1,1,0,0.5919,0.7964,,0.2045,267.157825,56.64229678,249.3677932,44.86779323,17.99261751,
1774,,5/19/206,0,CIAT17009,Canavalia,brasiliensis,Canavalia brasiliensis,Fabaceas,Fabales,Trepadoras,F263138 (100%) ,37,86,1,2,0,0.572,0.7521,,0.1801,291.369275,61.8002679,249.2681059,69.16810593,27.74847816,
1775,,5/19/206,0,STAR GRASS -Porvenir,Cynodon,nlemfuensis,Cynodon nlemfuensis ,Poaceae,Poales,grasses,F262902 (100%),37,86,1,1,0,0.571,0.8827,,0.3117,150.93498,32.62506869,363.9549388,52.25493877,14.35752979,
1776,,5/19/206,0,STAR GRASS -Porvenir,Cynodon,nlemfuensis,Cynodon nlemfuensis ,Poaceae,Poales,grasses,F262902 (100%),37,86,1,2,0,0.5719,0.8779,,0.306,156.63498,33.85714154,363.9549388,57.95493877,15.92365774,
1777,,5/19/206,0,Dieta 1 : F263137 + F261072 (40%/60%) Estrella/Leucaena),N/A,0,N/A,N/A,N/A,N/A,Dieta 1 : F263137 + F261072 (40%/60%) Estrella/Leucaena),37,86,1,1,0,0.5466,0.8719,,0.3253,147.69,31.22476162,296.8195862,-28.48041378,-9.595193547,
1778,,5/19/206,0,Dieta 1 : F263137 + F261072 (40%/60%) Estrella/Leucaena),N/A,0,N/A,N/A,N/A,N/A,Dieta 1 : F263137 + F261072 (40%/60%) Estrella/Leucaena),37,86,1,2,0,0.573,0.8816,,0.3086,164.673794,34.79461489,296.997678,-11.60232203,-3.906536277,
1779,,5/19/206,0,Dieta 2 : F263137 + F263138 (55%/45%) Estrella/Canavalia),N/A,0,N/A,N/A,N/A,N/A,Dieta 2 : F263137 + F263138 (55%/45%) Estrella/Canavalia),37,86,1,1,0,0.5567,0.8213,,0.2646,206.358308,43.81668281,318.305095,53.70509504,16.87220716,
1780,,5/19/206,0,Dieta 2 : F263137 + F263138 (55%/45%) Estrella/Canavalia),N/A,0,N/A,N/A,N/A,N/A,Dieta 2 : F263137 + F263138 (55%/45%) Estrella/Canavalia),37,86,1,2,0,0.5451,0.8121,,0.267,203.864154,43.29574725,318.2414595,51.24145948,16.10144057,
1781,,5/19/206,0,CIAT6080,Eragrostis,curvula,Eragrostis curvula,Poaceae,Poales,grasses,F260048,37,86,1,1,0,0.5567,0.86,,0.3033,178.4768416,37.04554187,377.5477367,74.24773671,19.66578779,
1782,,5/19/206,0,CIAT6080,Eragrostis,curvula,Eragrostis curvula,Poaceae,Poales,grasses,F260048,37,86,1,2,0,0.5653,0.8635,,0.2982,183.4805247,38.09174657,377.4722574,79.27225736,21.00081683,
1783,,5/19/206,0,CIAT16081,Paspalum,secans,Paspalum secans,Poaceae,Poales,grasses,F260059,37,86,1,1,0,0.5769,0.8972,,0.3203,149.8499897,31.87280506,365.2164989,44.9164989,12.29859523,
1784,,5/19/206,0,CIAT16081,Paspalum,secans,Paspalum secans,Poaceae,Poales,grasses,F260059,37,86,1,2,0,0.5486,0.8722,,0.3236,146.6440009,31.18466171,365.2895276,41.68952759,11.4127355,
1785,,5/19/206,0,CIAT16254,Hyparrhenia,hirta,Hyparrhenia hirta,Poaceae,Poales,grasses,F260063,37,86,1,1,0,0.5618,0.8757,,0.3139,168.4749843,34.92614455,326.0563337,12.15633368,3.728292452,
1786,,5/19/206,0,CIAT16254,Hyparrhenia,hirta,Hyparrhenia hirta,Poaceae,Poales,grasses,F260063,37,86,1,2,0,0.5573,0.8238,,0.2665,215.7785286,44.74147527,325.9911354,59.49113545,18.24931079,
1787,,5/19/206,0,CIAT16379,Panicum,maximum,Panicum maximum,Poaceae,Poales,grasses,F260066,37,86,1,1,0,0.5492,0.8368,,0.2876,186.8237449,39.37908819,329.7313187,42.13131874,12.77746952,
1788,,5/19/206,0,CIAT16379,Panicum,maximum,Panicum maximum,Poaceae,Poales,grasses,F260066,37,86,1,2,0,0.5447,0.8368,,0.2921,182.1340512,38.40594128,329.599479,37.49947895,11.37728709,
1789,,5/19/206,0,CIAT16561,Panicum,maximum,Panicum maximum,Poaceae,Poales,grasses,F260068,37,86,1,1,0,0.562,0.8202,,0.2582,214.7358779,45.40486098,304.7056616,46.50566159,15.26248687,
1790,,5/19/206,0,CIAT16561,Panicum,maximum,Panicum maximum,Poaceae,Poales,grasses,F260068,37,86,1,2,0,0.5552,0.8117,,0.2565,216.8142266,45.8076716,304.9494261,48.44942612,15.88769218,
1791,,5/19/206,0,CIAT16690,Cynodon,sp.,Cynodon sp.,Poaceae,Poales,grasses,F260076,37,86,1,1,0,0.5621,0.7953,,0.2332,238.7415823,50.58710468,282.5720074,49.37200744,17.4723632,
1792,,5/19/206,0,CIAT16690,Cynodon,sp.,Cynodon sp.,Poaceae,Poales,grasses,F260076,37,86,1,2,0,0.5585,0.792,,0.2335,238.2529188,50.50375087,282.4590464,48.95904641,17.33314866,
1793,,5/19/206,0,CIAT_679_Tully_Exc,Urochloa,interespecifico,Urochloa interespecifico,Poaceae,Poales,grasses,F260566,37,86,1,1,0,0.5647,0.8425,,0.2778,192.1030191,40.88141835,323.3763879,45.57638787,14.09391334,
1794,,5/19/206,0,CIAT_679_Tully_Exc,Urochloa,interespecifico,Urochloa interespecifico,Poaceae,Poales,grasses,F260566,37,86,1,2,0,0.5744,0.8332,,0.2588,211.0090573,44.91379083,323.3117255,64.51172553,19.95341351,
1795,,5/19/206,0,CIAT-BH22_0303,Urochloa,humidicola,Urochloa humidicola,Poaceae,Poales,grasses,F252184,37,86,1,1,0,0.5683,0.8102,,0.2419,232.58452,49.01835786,323.005337,81.10533699,25.10959656,
1796,,5/19/206,0,CIAT-BH22_0303,Urochloa,humidicola,Urochloa humidicola,Poaceae,Poales,grasses,F252184,37,86,1,2,0,0.5494,0.8097,,0.2603,213.9,45.10754956,322.81165,62.51165,19.36474412,
1797,,5/19/206,0,CIAT-BH22_0519,Urochloa,humidicola,Urochloa humidicola,Poaceae,Poales,grasses,F252192,37,86,1,1,0,0.5498,0.6874,,0.1376,350.772655,71.82479433,315.366642,177.766642,56.36824518,
1798,,5/19/206,0,CIAT-BH22_0519,Urochloa,humidicola,Urochloa humidicola,Poaceae,Poales,grasses,F252192,37,86,1,2,0,0.5494,0.7942,,0.2448,243.767965,49.89438163,315.4927634,70.6927634,22.40709506,
1799,,5/19/206,0,CIAT33127,Codariocalyx,motorius,Codariocalyx motorius,Fabaceae,Fabales,Shurb_Tree,F260042 ,37,86,1,1,0,0.5372,0.8502,,0.313,165.3901555,34.57223222,309.0047267,-3.995273278,-1.29294892,
1800,,5/19/206,0,CIAT33127,Codariocalyx,motorius,Codariocalyx motorius,Fabaceae,Fabales,Shurb_Tree,F260042 ,37,86,1,2,0,0.5586,0.8424,,0.2838,194.3989524,40.65231666,308.8812236,25.08122363,8.120022104,
1801,,5/19/206,0,CIAT36088,Paspalum,dilatatum,Paspalum dilatatum,Poaceae,Poales,grasses,F260106,37,86,1,1,0,0.5914,0.8455,,0.2541,214.9140445,45.8225179,299.8678324,45.76783239,15.26266823,
1802,,5/19/206,0,CIAT36088,Paspalum,dilatatum,Paspalum dilatatum,Poaceae,Poales,grasses,F260106,37,86,1,2,0,0.5745,0.8134,,0.2389,229.8328048,49.03279704,299.6880196,60.78801957,20.28376699,
1803,,5/19/206,0,Sample 8,Cynodon,nlemfuensis,Cynodon nlemfuensis ,Poaceae,Poales,grasses,F250008,37,86,1,1,0,0.5666,0.8512,,0.2846,184.0546792,39.27298443,356.4118835,71.81188355,20.14856599,
1804,,5/19/206,0,Sample 8,Cynodon,nlemfuensis,Cynodon nlemfuensis ,Poaceae,Poales,grasses,F250008,37,86,1,2,0,0.606,0.879,,0.273,195.6546792,41.74815443,356.4118835,83.41188355,23.40322739,
1805,,5/19/206,0,BLANK 24 H,BLANK,24,BLANK 24 H,0,0,0,BLANK 24 H,37,86,1,1,0,,,,,,,,,,
1806,,5/19/206,0,BLANK 24 H,BLANK,24,BLANK 24 H,0,0,0,BLANK 24 H,37,86,1,2,0,,,,,,,,,,
1807,,46167,0,BLANK 24 H,BLANK,24,BLANK 24 H,0,0,0,BLANK 24 H,37,87,2,1,0,,,,,,,,,,
1808,,46167,0,BLANK 24 H,BLANK,24,BLANK 24 H,0,0,0,BLANK 24 H,37,87,2,2,0,,,,,,,,,,
1809,,46167,0,CIAT18586,Canavalia,mattogrossensis,Canavalia mattogrossensis,Fabaceae,Fabales,Climber,F261049 ,37,87,2,1,0,0.5631,0.8721,,0.309,160.1594144,34.13752543,293.7687821,-15.2312179,-5.184763946,
1810,,46167,0,CIAT18586,Canavalia,mattogrossensis,Canavalia mattogrossensis,Fabaceae,Fabales,Climber,F261049 ,37,87,2,2,0,0.5774,0.904,,0.3266,142.5594144,30.38613529,293.7687821,-32.8312179,-11.17587024,
1811,,46167,0,CIAT18632,Dioclea,crenata,Dioclea crenata,Fabaceae,Fabales,Climber,F261050,37,87,2,1,0,0.5596,0.9066,,0.347,125.8959135,26.6223306,254.6335665,-92.36643347,-36.27425666,
1812,,46167,0,CIAT18632,Dioclea,crenata,Dioclea crenata,Fabaceae,Fabales,Climber,F261050,37,87,2,2,0,0.5538,0.9049,,0.3511,121.7013721,25.74048623,254.5826602,-96.51733982,-37.91198495,
1813,,46167,0,CIAT21137,Cajanus,goensis,Cajanus goensis,Fabaceae,Fabales,Climber,F261051,37,87,2,1,0,0.573,0.9696,,0.3966,69.31469059,14.87712064,308.2777488,-88.32225117,-28.65021932,
1814,,46167,0,CIAT21137,Cajanus,goensis,Cajanus goensis,Fabaceae,Fabales,Climber,F261051,37,87,2,2,0,0.5523,0.9338,,0.3815,84.60094472,18.15077735,308.400986,-73.09901401,-23.70258765,
1815,,46167,0,CIAT21174,Cajanus,goensis,Cajanus goensis,Fabaceae,Fabales,Climber,F261052,37,87,2,1,0,0.5702,0.9537,,0.3835,94.54999912,19.77826572,276.5967361,-106.9032639,-38.64950302,
1816,,46167,0,CIAT21174,Cajanus,goensis,Cajanus goensis,Fabaceae,Fabales,Climber,F261052,37,87,2,2,0,0.5779,0.9528,,0.3749,103.24559,21.59291901,276.6520444,-98.24795559,-35.51318617,
1817,,46167,0,CIAT22055,Cajanus,crassus,Cajanus crassus,Fabaceae,Fabales,Climber,F261053,37,87,2,1,0,0.6061,0.9061,,0.3,168.2442901,35.93087917,252.1438641,-47.85613586,-18.9796948,
1818,,46167,0,CIAT22055,Cajanus,crassus,Cajanus crassus,Fabaceae,Fabales,Climber,F261053,37,87,2,2,0,0.5883,0.9581,,0.3698,98.16368025,20.97677328,251.9927591,-117.8072409,-46.7502484,
1819,,46167,0,CIAT22059,Pueraria,montana,Pueraria montana,Fabaceae,Fabales,Climber,F261054,37,87,2,1,0,0.5595,0.8287,,0.2692,198.4586963,42.4366526,253.8344643,-15.36553575,-6.053368598,
1820,,46167,0,CIAT22059,Pueraria,montana,Pueraria montana,Fabaceae,Fabales,Climber,F261054,37,87,2,2,0,0.5864,0.845,,0.2586,209.2456476,44.72535946,253.9359372,-4.664062847,-1.836708463,
1821,,46167,0,CIAT25157,Centrosema,capitatum,Centrosema capitatum,Fabaceae,Fabales,Climber,F261055,37,87,2,1,0,0.5902,0.9291,,0.3389,136.4975155,28.71229046,286.520733,-52.37926695,-18.2811437,
1822,,46167,0,CIAT25157,Centrosema,capitatum,Centrosema capitatum,Fabaceae,Fabales,Climber,F261055,37,87,2,2,0,0.5619,0.9177,,0.3558,119.4074325,25.1274337,286.4061706,-69.39382942,-24.22916702,
1823,,46167,0,CIAT25214,Centrosema,grandiflorum,Centrosema grandiflorum,Fabaceae,Fabales,Climber,F261056,37,87,2,1,0,0.5556,0.9113,,0.3557,114.6750022,24.37948481,282.1507409,-73.5492591,-26.06736345,
1824,,46167,0,CIAT25214,Centrosema,grandiflorum,Centrosema grandiflorum,Fabaceae,Fabales,Climber,F261056,37,87,2,2,0,0.5893,0.9106,,0.3213,149.451227,31.74738979,282.3764164,-38.92358365,-13.78428983,
1825,,46167,0,CIAT25224,Centrosema,capitatum,Centrosema capitatum,Fabaceae,Fabales,Climber,F261057,37,87,2,1,0,0.5751,0.9129,,0.3378,132.7602963,28.213238,281.2233465,-56.57665348,-20.11805001,
1826,,46167,0,CIAT25224,Centrosema,capitatum,Centrosema capitatum,Fabaceae,Fabales,Climber,F261057,37,87,2,2,0,0.5865,0.9211,,0.3346,136.1485204,28.92170969,281.3358359,-53.26416414,-18.93259136,
1827,,46167,0,CIAT32092,Cajanus,scarabaeoides,Cajanus scarabaeoides,Fabaceae,Fabales,Climber,F261058,37,87,2,1,0,0.5888,0.9745,,0.3857,84.85733751,18.03336825,300.0870367,-85.61296335,-28.52937744,
1828,,46167,0,CIAT32092,Cajanus,scarabaeoides,Cajanus scarabaeoides,Fabaceae,Fabales,Climber,F261058,37,87,2,2,0,0.5818,0.9701,,0.3883,82.53967191,17.53031379,300.2670889,-88.03291113,-29.31820182,
1829,,46167,0,CIAT4846,Clitoria,ternatea,Clitoria ternatea L.,Fabaceae,Fabales,Climber,F261059,37,87,2,1,0,0.5743,0.8516,,0.2773,171.1422343,38.16371903,216.0342501,-61.26574993,-28.35927633,
1830,,46167,0,CIAT4846,Clitoria,ternatea,Clitoria ternatea L.,Fabaceae,Fabales,Climber,F261059,37,87,2,2,0,0.5946,0.946,,0.3514,96.86292914,21.60850761,215.9478709,-135.4521291,-62.72445684,
1831,,46167,0,CIAT9466,Clitoria,ternatea,Clitoria ternatea L.,Fabaceae,Fabales,Climber,F261060,37,87,2,1,0,0.567,0.9249,,0.3579,91.10705686,20.29078507,247.0761058,-110.8238942,-44.85415286,
1832,,46167,0,CIAT9466,Clitoria,ternatea,Clitoria ternatea L.,Fabaceae,Fabales,Climber,F261060,37,87,2,2,0,0.5795,0.8866,,0.3071,141.7275617,31.57728576,246.9773346,-60.12266535,-24.34339388,
1833,,46167,0,CIAT19092,Clitoria,ternatea,Clitoria ternatea L.,Fabaceae,Fabales,Climber,F261061,37,87,2,1,0,0.5909,0.8801,,0.2892,166.9639662,36.6017438,216.5329624,-72.6670376,-33.5593421,
1834,,46167,0,CIAT19092,Clitoria,ternatea,Clitoria ternatea L.,Fabaceae,Fabales,Climber,F261061,37,87,2,2,0,0.5703,0.8777,,0.3074,148.7639662,32.61195036,216.5329624,-90.8670376,-41.96452891,
1835,,46167,0,CIAT19212,Clitoria,ternatea,Clitoria ternatea L.,Fabaceae,Fabales,Climber,F261062,37,87,2,1,0,0.5575,0.8379,,0.2804,177.4228831,38.75360749,260.6547786,-19.7452214,-7.5752386,
1836,,46167,0,CIAT19212,Clitoria,ternatea,Clitoria ternatea L.,Fabaceae,Fabales,Climber,F261062,37,87,2,2,0,0.5846,0.9142,,0.3296,128.588995,28.06461884,260.863219,-68.73678095,-26.34974038,
1837,,46167,0,CIAT19221,Clitoria,ternatea,Clitoria ternatea L.,Fabaceae,Fabales,Climber,F261063,37,87,2,1,0,0.5676,0.8903,,0.3227,138.7305104,30.06530936,266.6494025,-56.05059754,-21.02033495,
1838,,46167,0,CIAT19221,Clitoria,ternatea,Clitoria ternatea L.,Fabaceae,Fabales,Climber,F261063,37,87,2,2,0,0.5836,0.906,,0.3224,138.6616611,30.07442883,266.4362535,-55.96374654,-21.00455393,
1839,,46167,0,CIAT19447,Clitoria,ternatea,Clitoria ternatea L.,Fabaceae,Fabales,Climber,F261064,37,87,2,1,0,0.5868,0.8997,,0.3129,141.8567864,31.19398998,229.7923993,-83.10760067,-36.16638362,
1840,,46167,0,CIAT19447,Clitoria,ternatea,Clitoria ternatea L.,Fabaceae,Fabales,Climber,F261064,37,87,2,2,0,0.5647,0.8538,,0.2891,165.8386891,36.45297555,229.8843163,-59.21568371,-25.75890546,
1841,,46167,0,CIAT19806,Clitoria,ternatea,Clitoria ternatea L.,Fabaceae,Fabales,Climber,F261065,37,87,2,1,0,0.5756,0.8525,,0.2769,181.7373734,39.62550457,209.6383177,-67.26168226,-32.08463175,
1842,,46167,0,CIAT19806,Clitoria,ternatea,Clitoria ternatea L.,Fabaceae,Fabales,Climber,F261065,37,87,2,2,0,0.5829,0.9046,,0.3217,136.9373734,29.85743886,209.6383177,-112.0616823,-53.4547708,
1843,,46167,0,CIAT21204,Clitoria,ternatea,Clitoria ternatea L.,Fabaceae,Fabales,Climber,F261066,37,87,2,1,0,0.5958,0.878,,0.2822,178.4971659,38.74501062,205.5127164,-76.68728361,-37.31510388,
1844,,46167,0,CIAT21204,Clitoria,ternatea,Clitoria ternatea L.,Fabaceae,Fabales,Climber,F261066,37,87,2,2,0,0.5798,0.875,,0.2952,165.1289763,35.87194915,205.3484705,-89.85152953,-43.75563613,
1845,,46167,0,CIAT21705,Clitoria,ternatea,Clitoria ternatea L.,Fabaceae,Fabales,Climber,F261067,37,87,2,1,0,0.5942,0.8663,,0.2721,186.5853223,40.67828492,217.9142215,-54.18577846,-24.8656458,
1846,,46167,0,CIAT21705,Clitoria,ternatea,Clitoria ternatea L.,Fabaceae,Fabales,Climber,F261067,37,87,2,2,0,0.5909,0.8056,,0.2147,244.0770594,53.20167048,217.9578044,3.25780438,1.494694989,
1847,,46167,0,CIAT21815,Clitoria,ternatea,Clitoria ternatea L.,Fabaceae,Fabales,Climber,F261068,37,87,2,1,0,0.5653,0.8211,,0.2558,202.6036396,44.19765074,225.0972094,-30.70279063,-13.63979177,
1848,,46167,0,CIAT21815,Clitoria,ternatea,Clitoria ternatea L.,Fabaceae,Fabales,Climber,F261068,37,87,2,2,0,0.5547,0.8249,,0.2702,187.7457854,40.99738253,224.872382,-45.32761805,-20.15704092,
1849,,46167,0,CIAT22274,Clitoria,ternatea,Clitoria ternatea L.,Fabaceae,Fabales,Climber,F261069 ,37,87,2,1,0,0.5846,0.8815,,0.2969,162.6270461,35.39009237,241.3480927,-55.55190734,-23.01733845,
1850,,46167,0,CIAT22274,Clitoria,ternatea,Clitoria ternatea L.,Fabaceae,Fabales,Climber,F261069 ,37,87,2,2,0,0.5886,0.843,,0.2544,205.3108201,44.66086312,241.4446126,-12.95538741,-5.365780279,
1851,,46167,0,CIAT-BR09_2656,Urochloa,interespecifico,Urochloa interespecifico,Poaceae,Poales,grasses,F260540 ,37,87,2,1,0,0.615,0.836,,0.221,246.3651426,52.71363227,274.828734,53.82873401,19.58628314,
1852,,46167,0,CIAT-BR09_2656,Urochloa,interespecifico,Urochloa interespecifico,Poaceae,Poales,grasses,F260540 ,37,87,2,2,0,0.5571,0.7613,,0.2042,262.9783087,56.29077887,274.7188684,70.51886843,25.66946669,
1853,,46167,0,CIAT-BR09_4151,Urochloa,interespecifico,Urochloa interespecifico,Poaceae,Poales,grasses,F260541,37,87,2,1,0,0.5493,0.7549,,0.2056,261.019923,55.93844372,278.6257447,73.0257447,26.20925958,
1854,,46167,0,CIAT-BR09_4151,Urochloa,interespecifico,Urochloa interespecifico,Poaceae,Poales,grasses,F260541,37,87,2,2,0,0.5779,0.777,,0.1991,267.3333497,57.31437297,278.514339,79.41433896,28.51355491,
1855,,46167,0,CIAT-BR09_4014,Urochloa,interespecifico,Urochloa interespecifico,Poaceae,Poales,grasses,F260542,37,87,2,1,0,0.5866,0.811,,0.2244,246.0970606,52.30575942,290.6295299,66.2295299,22.78830025,
1856,,46167,0,CIAT-BR09_4014,Urochloa,interespecifico,Urochloa interespecifico,Poaceae,Poales,grasses,F260542,37,87,2,2,0,0.5855,0.7986,,0.2131,257.3970606,54.70747474,290.6295299,77.5295299,26.67641169,
1857,,46167,0,CIAT-BR15_582,Urochloa,interespecifico,Urochloa interespecifico,Poaceae,Poales,grasses,F260543,37,87,2,1,0,0.5697,0.8296,,0.2599,203.1341769,43.870234,273.6166313,13.71663128,5.013083897,
1858,,46167,0,CIAT-BR15_582,Urochloa,interespecifico,Urochloa interespecifico,Poaceae,Poales,grasses,F260543,37,87,2,2,0,0.57,0.7799,,0.2099,253.3193906,54.6866983,273.7260779,63.82607794,23.3174999,
1859,,46167,0,CIAT-BR09_834,Urochloa,interespecifico,Urochloa interespecifico,Poaceae,Poales,grasses,F260544,37,87,2,1,0,0.5871,0.8192,,0.2321,230.5,49.82706442,279.2890583,47.18905831,16.89613571,
1860,,46167,0,CIAT-BR09_834,Urochloa,interespecifico,Urochloa interespecifico,Poaceae,Poales,grasses,F260544,37,87,2,2,0,0.5615,0.807,,0.2455,217.37756,46.9622161,279.4566317,33.95663174,12.15094862,
1861,,46167,0,CIAT-BR19_2886,Urochloa,interespecifico,Urochloa interespecifico,Poaceae,Poales,grasses,F260545,37,87,2,1,0,0.5601,0.7876,,0.2275,241.6889292,51.51206991,279.2183151,51.71831512,18.52253678,
1862,,46167,0,CIAT-BR19_2886,Urochloa,interespecifico,Urochloa interespecifico,Poaceae,Poales,grasses,F260545,37,87,2,2,0,0.5463,0.7676,,0.2213,247.3265773,52.77689941,278.8836547,57.58365474,20.64791312,
1863,,46167,0,CIAT-BR05_1467,Urochloa,interespecifico,Urochloa interespecifico,Poaceae,Poales,grasses,F260546,37,87,2,1,0,0.5692,0.8239,,0.2547,210.3234183,45.22856485,283.0865636,28.38656356,10.02752063,
1864,,46167,0,CIAT-BR05_1467,Urochloa,interespecifico,Urochloa interespecifico,Poaceae,Poales,grasses,F260546,37,87,2,2,0,0.5796,0.8325,,0.2529,211.6588595,45.56125778,282.8037598,29.9037598,10.57403191,
1865,,46167,0,CIAT-BR19_5294,Urochloa,interespecifico,Urochloa interespecifico,Poaceae,Poales,grasses,F260547,37,87,2,1,0,0.5479,0.7529,,0.205,266.1779155,56.49201856,298.2115391,93.21153908,31.25685189,
1866,,46167,0,CIAT-BR19_5294,Urochloa,interespecifico,Urochloa interespecifico,Poaceae,Poales,grasses,F260547,37,87,2,2,0,0.5487,0.8,,0.2513,220.0663489,46.68690275,298.3307998,47.03079984,15.76464779,
1867,,46167,0,CIAT-BR19_626,Urochloa,interespecifico,Urochloa interespecifico,Poaceae,Poales,grasses,F260548,37,87,2,1,0,0.5747,0.8033,,0.2286,236.32142,50.83040054,293.4435064,64.8435064,22.09744124,
1868,,46167,0,CIAT-BR19_626,Urochloa,interespecifico,Urochloa interespecifico,Poaceae,Poales,grasses,F260548,37,87,2,2,0,0.5593,0.8272,,0.2679,197.02142,42.37735917,293.4435064,25.5435064,8.70474413,
1869,,46167,0,CIAT-BR12_3436,Urochloa,interespecifico,Urochloa interespecifico,Poaceae,Poales,grasses,F260549,37,87,2,1,0,0.5676,0.8177,,0.2501,213.7322171,46.07964027,299.0558824,48.95588245,16.37014529,
1870,,46167,0,CIAT-BR12_3436,Urochloa,interespecifico,Urochloa interespecifico,Poaceae,Poales,grasses,F260549,37,87,2,2,0,0.5313,0.7661,,0.2348,229.21775,49.39848745,299.1755048,64.3755048,21.5176389,
1871,,46167,0,CIAT-BR09_305,Urochloa,interespecifico,Urochloa interespecifico,Poaceae,Poales,grasses,F260550,37,87,2,1,0,0.5509,0.7911,,0.2402,228.0355475,48.70103278,305.3026141,65.10261406,21.32396221,
1872,,46167,0,CIAT-BR09_305,Urochloa,interespecifico,Urochloa interespecifico,Poaceae,Poales,grasses,F260550,37,87,2,2,0,0.5542,0.8158,,0.2616,206.822692,44.15300444,305.4246375,43.82463748,14.34875649,
1873,,46167,0,CIAT-BR09_2267,Urochloa,interespecifico,Urochloa interespecifico,Poaceae,Poales,grasses,F260551,37,87,2,1,0,0.5641,0.8105,,0.2464,212.9938952,46.36411094,296.8021973,50.4021973,16.98174669,
1874,,46167,0,CIAT-BR09_2267,Urochloa,interespecifico,Urochloa interespecifico,Poaceae,Poales,grasses,F260551,37,87,2,2,0,0.5696,0.779,,0.2094,250.0857556,54.42731413,296.8615459,87.46154587,29.46206644,
1875,,46167,0,CIAT-BR09_3167,Urochloa,interespecifico,Urochloa interespecifico,Poaceae,Poales,grasses,F260552,37,87,2,1,0,0.5622,0.8071,,0.2449,222.4151385,47.59425068,296.5485523,51.64855231,17.41655857,
1876,,46167,0,CIAT-BR09_3167,Urochloa,interespecifico,Urochloa interespecifico,Poaceae,Poales,grasses,F260552,37,87,2,2,0,0.5697,0.7858,,0.2161,251.1217128,53.74786872,296.4892663,80.38926631,27.11371893,
1877,,46167,0,CIAT-BR09_343,Urochloa,interespecifico,Urochloa interespecifico,Poaceae,Poales,grasses,F260553,37,87,2,1,0,0.5587,0.8025,,0.2438,220.4981955,47.49064236,304.2325457,60.43254574,19.86393191,
1878,,46167,0,CIAT-BR09_343,Urochloa,interespecifico,Urochloa interespecifico,Poaceae,Poales,grasses,F260553,37,87,2,2,0,0.5825,0.7965,,0.214,250.1125505,53.89049493,304.1109014,90.11090138,29.6309343,
1879,,46167,0,CIAT-BR12_5082,Urochloa,interespecifico,Urochloa interespecifico,Poaceae,Poales,grasses,F260554,37,87,2,1,0,0.572,0.7987,,0.2267,236.7065665,51.07967465,292.2244531,65.52445311,22.42264547,
1880,,46167,0,CIAT-BR12_5082,Urochloa,interespecifico,Urochloa interespecifico,Poaceae,Poales,grasses,F260554,37,87,2,2,0,0.5547,0.7895,,0.2348,228.6065665,49.33174949,292.2244531,57.42445311,19.65080352,
1881,,46167,0,CIAT-BR12_5323,Urochloa,interespecifico,Urochloa interespecifico,Poaceae,Poales,grasses,F260555,37,87,2,1,0,0.5749,0.8075,,0.2326,237.3725527,50.50774803,304.3548311,71.75483106,23.57604471,
1882,,46167,0,CIAT-BR12_5323,Urochloa,interespecifico,Urochloa interespecifico,Poaceae,Poales,grasses,F260555,37,87,2,2,0,0.5982,0.8637,,0.2655,204.3786521,43.49604972,304.2940209,38.79402091,12.74886072,
1883,,46167,0,BLANK 8 H,BLANK,8,BLANK 8 H,0,0,0,BLANK 8 H,37,87,2,1,0,,,,,,,,,,
1884,,46167,0,BLANK 8 H,BLANK,8,BLANK 8 H,0,0,0,BLANK 8 H,37,87,2,2,0,,,,,,,,,,
1885,,46167,0,CIAT-BR15_1168,Urochloa,interespecifico,Urochloa interespecifico,Poaceae,Poales,grasses,F260556,37,87,2,1,0,0.5685,0.8405,,0.272,192.3535943,41.42394861,296.9005474,24.90054743,8.386831093,
1886,,46167,0,CIAT-BR15_1168,Urochloa,interespecifico,Urochloa interespecifico,Poaceae,Poales,grasses,F260556,37,87,2,2,0,0.5517,0.7617,,0.21,254.3535943,54.77584268,296.9005474,86.90054743,29.26924459,
1887,,46167,0,CIAT-BR12_2679,Urochloa,interespecifico,Urochloa interespecifico,Poaceae,Poales,grasses,F260557,37,87,2,1,0,0.5695,0.781,,0.2115,255.296315,54.69115903,306.1804961,94.68049607,30.9230984,
1888,,46167,0,CIAT-BR12_2679,Urochloa,interespecifico,Urochloa interespecifico,Poaceae,Poales,grasses,F260557,37,87,2,2,0,0.5846,0.8196,,0.235,231.6098202,49.6367222,306.0581707,71.05817066,23.2172108,
1889,,46167,0,CIAT-BR09_3341,Urochloa,interespecifico,Urochloa interespecifico,Poaceae,Poales,grasses,F260558,37,87,2,1,0,0.5663,0.7753,,0.209,253.3772092,54.79881018,294.1299892,85.12998924,28.9429818,
1890,,46167,0,CIAT-BR09_3341,Urochloa,interespecifico,Urochloa interespecifico,Poaceae,Poales,grasses,F260558,37,87,2,2,0,0.573,0.8239,,0.2509,211.1076031,45.69353441,293.8948733,42.99487335,14.62933765,
1891,,46167,0,CIAT-BR09_2715,Urochloa,interespecifico,Urochloa interespecifico,Poaceae,Poales,grasses,F260559,37,87,2,1,0,0.5782,0.8194,,0.2412,227.5059988,48.53916941,283.9553421,42.75534213,15.0570656,
1892,,46167,0,CIAT-BR09_2715,Urochloa,interespecifico,Urochloa interespecifico,Poaceae,Poales,grasses,F260559,37,87,2,2,0,0.5712,0.7961,,0.2249,243.4313337,51.97844265,283.7283594,58.82835945,20.73404279,
1893,,46167,0,CIAT-BR15_8543,Urochloa,interespecifico,Urochloa interespecifico,Poaceae,Poales,grasses,F260560,37,87,2,1,0,0.5614,0.8193,,0.2579,208.5614699,44.71140348,271.5649412,13.66494124,5.031923922,
1894,,46167,0,CIAT-BR15_8543,Urochloa,interespecifico,Urochloa interespecifico,Poaceae,Poales,grasses,F260560,37,87,2,2,0,0.5511,0.7993,,0.2482,218.3547062,46.80152259,271.6192217,23.41922166,8.622078187,
1895,,46167,0,CIAT-BR02_1718,Urochloa,interespecifico,Urochloa interespecifico,Poaceae,Poales,grasses,F260561,37,87,2,1,0,0.5392,0.7656,,0.2264,241.4771919,51.61123391,276.7471393,50.3471393,18.19246964,
1896,,46167,0,CIAT-BR02_1718,Urochloa,interespecifico,Urochloa interespecifico,Poaceae,Poales,grasses,F260561,37,87,2,2,0,0.5764,0.8253,,0.2489,218.9771919,46.80227968,276.7471393,27.8471393,10.0623043,
1897,,46167,0,CIAT-BR12_804,Urochloa,interespecifico,Urochloa interespecifico,Poaceae,Poales,grasses,F260562,37,87,2,1,0,0.558,0.8014,,0.2434,229.8432684,48.56767835,291.460265,48.06026501,16.48947413,
1898,,46167,0,CIAT-BR12_804,Urochloa,interespecifico,Urochloa interespecifico,Poaceae,Poales,grasses,F260562,37,87,2,2,0,0.5573,0.8241,,0.2668,206.7271009,43.65686789,291.6350712,24.83507125,8.515804064,
1899,,46167,0,CIAT-BR15_1462,Urochloa,interespecifico,Urochloa interespecifico,Poaceae,Poales,grasses,F260563,37,87,2,1,0,0.5654,0.8189,,0.2535,214.8829298,45.87761768,274.1283182,20.6283182,7.525059188,
1900,,46167,0,CIAT-BR15_1462,Urochloa,interespecifico,Urochloa interespecifico,Poaceae,Poales,grasses,F260563,37,87,2,2,0,0.5458,0.8136,,0.2678,201.1449893,42.89308851,274.4572722,6.657272178,2.42561333,
1901,,46167,0,CIAT-BR06_423_Opt_F,Urochloa,interespecifico,Urochloa interespecifico,Poaceae,Poales,grasses,F261076,37,87,2,1,0,0.5753,0.8079,,0.2326,236.5061575,50.41634047,290.3462898,57.7462898,19.8887645,
1902,,46167,0,CIAT-BR06_423_Opt_F,Urochloa,interespecifico,Urochloa interespecifico,Poaceae,Poales,grasses,F261076,37,87,2,2,0,0.5593,0.8216,,0.2623,207.3690849,44.15216832,290.6947053,28.39470535,9.767878405,
1903,,46167,0,CIAT_MulatoII_Opt_D,Urochloa,interespecifico,Urochloa interespecifico,Poaceae,Poales,grasses,F261077,37,87,2,1,0,0.5618,0.8206,,0.2588,216.940182,45.60055892,281.781633,22.98163301,8.155830728,
1904,,46167,0,CIAT_MulatoII_Opt_D,Urochloa,interespecifico,Urochloa interespecifico,Poaceae,Poales,grasses,F261077,37,87,2,2,0,0.5543,0.8043,,0.25,225.55,47.4292924,281.6689879,31.66898795,11.24333501,
1905,,46167,0,ABC-BR06_0423,Urochloa,interespecifico,Urochloa interespecifico,Poaceae,Poales,grasses,F243584,37,87,2,1,0,0.587,0.8338,,0.2468,237.315295,49.02040845,277.712739,30.91273898,11.13119229,
1906,,46167,0,ABC-BR06_0423,Urochloa,interespecifico,Urochloa interespecifico,Poaceae,Poales,grasses,F243584,37,87,2,2,0,0.574,0.7995,,0.2255,258.808825,53.43880013,277.8237575,52.32375746,18.83343525,
1907,,46167,0,ABC-Mulato_II,Urochloa,interespecifico,Urochloa interespecifico,Poaceae,Poales,grasses,F243592 ,37,87,2,1,0,0.5948,0.8367,,0.2419,241.49666,49.95828064,287.2342954,45.33429537,15.78303709,
1908,,46167,0,ABC-Mulato_II,Urochloa,interespecifico,Urochloa interespecifico,Poaceae,Poales,grasses,F243592 ,37,87,2,2,0,0.5756,0.8643,,0.2887,195.0833,40.32452133,287.4640369,-1.23596314,-0.429954005,
1909,,46167,0,CIAT-22311,Calliandra,calothyrsus,Calliandra calothyrsus,Fabaceae,Fabales,Tree,F251772 ,37,87,2,1,0,0.5759,0.9139,,0.338,131.468875,28.00374679,257.879253,-80.12074696,-31.06909378,
1910,,46167,0,CIAT-22311,Calliandra,calothyrsus,Calliandra calothyrsus,Fabaceae,Fabales,Tree,F251772 ,37,87,2,2,0,0.578,0.9399,,0.3619,107.756625,22.94370382,257.9823841,-103.9176159,-40.28089602,
1911,,46167,0,CIAT-23715,Desmodium,sequax,Desmodium sequax,Fabaceae,Fabales,Shrub,F251692 ,37,87,2,1,0,0.5795,0.9315,,0.352,117.23137,24.9837026,306.9711623,-45.02883775,-14.66875175,
1912,,46167,0,CIAT-23715,Desmodium,sequax,Desmodium sequax,Fabaceae,Fabales,Shrub,F251692 ,37,87,2,2,0,0.5762,1.0314,,0.4552,14.21895,3.029053258,307.0938771,-148.1061229,-48.22828912,
1913,,46167,0,Leu_div ILRI 15551,Leucaena,diversifolia,Leucaena diversifolia,Fabaceae,Fabales,Fabales,F261072 (100%),37,87,2,1,0,0.5854,0.8441,,0.2587,216.28992,45.53568632,244.6435583,-14.0564417,-5.745682331,
1914,,46167,0,Leu_div ILRI 15551,Leucaena,diversifolia,Leucaena diversifolia,Fabaceae,Fabales,Fabales,F261072 (100%),37,87,2,2,0,0.566,0.8331,,0.2671,207.79496,43.75598343,244.5946491,-22.50535085,-9.201080617,
1915,,46167,0,Estrella CIAT,Cynodon,nlemfuensis,Cynodon nlemfuensis,Poaceae,Poales,grasses,F263137 ( 100%) ,37,87,2,1,0,0.5814,0.8013,,0.2199,250.56311,53.25882193,374.6166244,154.7166244,41.29998893,
1916,,46167,0,Estrella CIAT,Cynodon,nlemfuensis,Cynodon nlemfuensis,Poaceae,Poales,grasses,F263137 ( 100%) ,37,87,2,2,0,0.5797,0.9141,,0.3344,136.25122,28.94950958,3747.664112,3413.264112,91.07710857,
1917,,46167,0,CIAT17009,Canavalia,brasiliensis,Canavalia brasiliensis,Fabaceas,Fabales,Trepadoras,F263138 (100%) ,37,87,2,1,0,0.5885,0.8293,,0.2408,230.575,48.91540705,249.2182623,8.418262278,3.377867336,
1918,,46167,0,CIAT17009,Canavalia,brasiliensis,Canavalia brasiliensis,Fabaceas,Fabales,Trepadoras,F263138 (100%) ,37,87,2,2,0,0.5928,0.8651,,0.2723,199.26355,42.25592712,249.3179496,-22.98205042,-9.217968644,
1919,,46167,0,STAR GRASS -Porvenir,Cynodon,nlemfuensis,Cynodon nlemfuensis ,Poaceae,Poales,grasses,F262902 (100%),37,87,2,1,0,0.5582,0.889,,0.3308,131.65,28.46794248,363.809415,33.009415,9.073271235,
1920,,46167,0,STAR GRASS -Porvenir,Cynodon,nlemfuensis,Cynodon nlemfuensis ,Poaceae,Poales,grasses,F262902 (100%),37,87,2,2,0,0.5795,0.9265,,0.347,115.72747,25.00985515,364.0277006,17.02770065,4.677583771,
1921,,46167,0,Dieta 1 : F263137 + F261072 (40%/60%) Estrella/Leucaena),N/A,0,N/A,N/A,N/A,N/A,Dieta 1 : F263137 + F261072 (40%/60%) Estrella/Leucaena),37,87,2,1,0,0.5829,0.8997,,0.3168,156.19,33.02183979,296.8195862,-19.98041378,-6.731501124,
1922,,46167,0,Dieta 1 : F263137 + F261072 (40%/60%) Estrella/Leucaena),N/A,0,N/A,N/A,N/A,N/A,Dieta 1 : F263137 + F261072 (40%/60%) Estrella/Leucaena),37,87,2,2,0,0.5659,0.8597,,0.2938,179.284598,37.89694248,296.8789501,3.078950134,1.037106246,
1923,,46167,0,Dieta 2 : F263137 + F263138 (55%/45%) Estrella/Canavalia),N/A,0,N/A,N/A,N/A,N/A,Dieta 2 : F263137 + F263138 (55%/45%) Estrella/Canavalia),37,87,2,1,0,0.5847,0.8638,,0.2791,191.952462,40.74969934,318.3687306,39.26873061,12.33435537,
1924,,46167,0,Dieta 2 : F263137 + F263138 (55%/45%) Estrella/Canavalia),N/A,0,N/A,N/A,N/A,N/A,Dieta 2 : F263137 + F263138 (55%/45%) Estrella/Canavalia),37,87,2,2,0,0.5699,0.8396,,0.2697,201.258308,42.73378441,318.305095,48.60509504,15.26997079,
1925,,46167,0,CIAT6080,Eragrostis,curvula,Eragrostis curvula,Poaceae,Poales,grasses,F260048,37,87,2,1,0,0.5796,0.9586,,0.379,102.7768416,21.33287296,377.5477367,-1.452263286,-0.384656865,
1926,,46167,0,CIAT6080,Eragrostis,curvula,Eragrostis curvula,Poaceae,Poales,grasses,F260048,37,87,2,2,0,0.5862,0.9032,,0.317,164.9694753,34.22819986,377.6986954,60.69869542,16.07066589,
1927,,46167,0,CIAT16081,Paspalum,secans,Paspalum secans,Poaceae,Poales,grasses,F260059,37,87,2,1,0,0.5427,0.9272,,0.3845,85.83801209,18.25028169,368.5836193,-15.91638072,-4.31825504,
1928,,46167,0,CIAT16081,Paspalum,secans,Paspalum secans,Poaceae,Poales,grasses,F260059,37,87,2,2,0,0.5666,0.9225,,0.3559,114.5320233,24.34613666,368.6572918,12.7572918,3.460474562,
1929,,46167,0,CIAT16254,Hyparrhenia,hirta,Hyparrhenia hirta,Poaceae,Poales,grasses,F260063,37,87,2,1,0,0.5549,0.8687,,0.3138,168.5749843,34.94687531,326.0563337,12.25633368,3.758961998,
1930,,46167,0,CIAT16254,Hyparrhenia,hirta,Hyparrhenia hirta,Poaceae,Poales,grasses,F260063,37,87,2,2,0,0.5694,0.8949,,0.3255,156.97144,32.53486673,326.1215319,0.621531903,0.190582909,
1931,,46167,0,CIAT16379,Panicum,maximum,Panicum maximum,Poaceae,Poales,grasses,F260066,37,87,2,1,0,0.5566,0.8429,,0.2863,188.2185917,39.66516697,329.7972386,43.49723864,13.18908515,
1932,,46167,0,CIAT16379,Panicum,maximum,Panicum maximum,Poaceae,Poales,grasses,F260066,37,87,2,2,0,0.5714,0.8735,,0.3021,172.2288981,36.31001585,329.6653988,27.56539885,8.36162938,
1933,,46167,0,CIAT16561,Panicum,maximum,Panicum maximum,Poaceae,Poales,grasses,F260068,37,87,2,1,0,0.5804,0.9021,,0.3217,151.330465,31.9916953,304.7666027,-16.93339727,-5.556185331,
1934,,46167,0,CIAT16561,Panicum,maximum,Panicum maximum,Poaceae,Poales,grasses,F260068,37,87,2,2,0,0.555,0.817,,0.262,211.3142266,44.64565287,304.9494261,42.94942612,14.08411443,
1935,,46167,0,CIAT16690,Cynodon,sp.,Cynodon sp.,Poaceae,Poales,grasses,F260076,37,87,2,1,0,0.5402,0.8305,,0.2903,182.730465,38.62974555,283.223969,-7.076030959,-2.498387048,
1936,,46167,0,CIAT16690,Cynodon,sp.,Cynodon sp.,Poaceae,Poales,grasses,F260076,37,87,2,2,0,0.5669,0.8101,,0.2432,230.0196394,48.60737388,283.337236,40.13723598,14.16588816,
1937,,46167,0,CIAT_679_Tully_Exc,Urochloa,interespecifico,Urochloa interespecifico,Poaceae,Poales,grasses,F260566,37,87,2,1,0,0.5659,0.9005,,0.3346,135.6788663,28.85072582,323.6350373,-10.96496275,-3.388064173,
1938,,46167,0,CIAT_679_Tully_Exc,Urochloa,interespecifico,Urochloa interespecifico,Poaceae,Poales,grasses,F260566,37,87,2,2,0,0.5525,0.8293,,0.2768,193.0090573,41.08244707,323.3117255,46.51172553,14.38603114,
1939,,46167,0,CIAT-BH22_0303,Urochloa,humidicola,Urochloa humidicola,Poaceae,Poales,grasses,F252184,37,87,2,1,0,0.5835,0.8714,,0.2879,186.58452,39.32362641,323.005337,35.10533699,10.8683458,
1940,,46167,0,CIAT-BH22_0303,Urochloa,humidicola,Urochloa humidicola,Poaceae,Poales,grasses,F252184,37,87,2,2,0,0.5535,0.813,,0.2595,215.1742,45.33092382,323.1344617,63.63446165,19.69287377,
1941,,46167,0,CIAT-BH22_0519,Urochloa,humidicola,Urochloa humidicola,Poaceae,Poales,grasses,F252192,37,87,2,1,0,0.5604,0.8386,,0.2782,210.367965,43.05807586,315.4927634,37.2927634,11.82048139,
1942,,46167,0,CIAT-BH22_0519,Urochloa,humidicola,Urochloa humidicola,Poaceae,Poales,grasses,F252192,37,87,2,2,0,0.5591,0.8022,,0.2431,245.272655,50.22243823,315.366642,72.26664197,22.91511921,
1943,,46167,0,CIAT33127,Codariocalyx,motorius,Codariocalyx motorius,Fabaceae,Fabales,Shurb_Tree,F260042 ,37,87,2,1,0,0.5569,0.8996,,0.3427,135.785757,28.37822339,309.0664783,-33.63352173,-10.88229365,
1944,,46167,0,CIAT33127,Codariocalyx,motorius,Codariocalyx motorius,Fabaceae,Fabales,Shurb_Tree,F260042 ,37,87,2,2,0,0.5661,0.8922,,0.3261,152.385757,31.84750116,309.0664783,-17.03352173,-5.511280883,
1945,,46167,0,CIAT36088,Paspalum,dilatatum,Paspalum dilatatum,Poaceae,Poales,grasses,F260106,37,87,2,1,0,0.5774,0.8305,,0.2531,216.0077911,46.04651536,299.92777,46.82776999,15.61301576,
1946,,46167,0,CIAT36088,Paspalum,dilatatum,Paspalum dilatatum,Poaceae,Poales,grasses,F260106,37,87,2,2,0,0.5789,0.8225,,0.2436,225.2265514,48.04048549,299.7479572,56.14795718,18.73172305,
1947,,46167,0,Sample 8,Cynodon,nlemfuensis,Cynodon nlemfuensis ,Poaceae,Poales,grasses,F250008,37,87,2,1,0,0.5461,0.8381,,0.292,176.6546792,37.69399668,356.4118835,64.41188355,18.07231647,
1948,,46167,0,Sample 8,Cynodon,nlemfuensis,Cynodon nlemfuensis ,Poaceae,Poales,grasses,F250008,37,87,2,2,0,0.5774,0.8852,,0.3078,160.8546792,34.32264444,356.4118835,48.61188355,13.63924319,
1949,,46167,0,BLANK 24 H,BLANK,24,BLANK 24 H,0,0,0,BLANK 24 H,37,87,2,1,0,,,,,,,,,,
1950,,46167,0,BLANK 24 H,BLANK,24,BLANK 24 H,0,0,0,BLANK 24 H,37,87,2,2,0,,,,,,,,,,
1951,,46170,0,BLANK 24 H,BLANK,24,BLANK 24 H,0,0,0,BLANK 24 H,37,88,3,1,0,,,,,,,,,,
1952,,46170,0,BLANK 24 H,BLANK,24,BLANK 24 H,0,0,0,BLANK 24 H,37,88,3,2,0,,,,,,,,,,
1953,,46170,0,CIAT18586,Canavalia,mattogrossensis,Canavalia mattogrossensis,Fabaceae,Fabales,Climber,F261049 ,37,88,3,1,0,0.5388,0.8828,,0.344,125.0656575,26.66271885,293.7100753,-50.28992469,-17.12230152,
1954,,46170,0,CIAT18586,Canavalia,mattogrossensis,Canavalia mattogrossensis,Fabaceae,Fabales,Climber,F261049 ,37,88,3,2,0,0.5591,0.8827,,0.3236,145.5594144,31.02557679,293.7687821,-29.8312179,-10.15465894,
1955,,46170,0,CIAT18632,Dioclea,crenata,Dioclea crenata,Fabaceae,Fabales,Climber,F261050,37,88,3,1,0,0.533,0.8589,,0.3259,147.3740789,31.13926697,254.8371919,-71.06280807,-27.88557178,
1956,,46170,0,CIAT18632,Dioclea,crenata,Dioclea crenata,Fabaceae,Fabales,Climber,F261050,37,88,3,2,0,0.5596,0.9617,,0.4021,70.89045482,14.98771362,254.6844729,-147.4155271,-57.88163112,
1957,,46170,0,CIAT21137,Cajanus,goensis,Cajanus goensis,Fabaceae,Fabales,Climber,F261051,37,88,3,1,0,0.5713,0.9613,,0.39,75.72843647,16.26021315,308.1545117,-81.84548832,-26.55988643,
1958,,46170,0,CIAT21137,Cajanus,goensis,Cajanus goensis,Fabaceae,Fabales,Climber,F261051,37,88,3,2,0,0.5616,0.9841,,0.4225,43.13530941,9.263753958,308.0928931,-114.4071069,-37.13396494,
1959,,46170,0,CIAT21174,Cajanus,goensis,Cajanus goensis,Fabaceae,Fabales,Climber,F261052,37,88,3,1,0,0.5618,0.9183,,0.3565,121.7411809,25.45602214,276.7073527,-79.7926473,-28.83647526,
1960,,46170,0,CIAT21174,Cajanus,goensis,Cajanus goensis,Fabaceae,Fabales,Climber,F261052,37,88,3,2,0,0.5856,0.986,,0.4004,77.64999912,16.24307065,276.5967361,-123.8032639,-44.75948111,
1961,,46170,0,CIAT22055,Cajanus,crassus,Cajanus crassus,Fabaceae,Fabales,Climber,F261053,37,88,3,1,0,0.5659,0.9018,,0.3359,131.9701436,28.20657514,251.9423908,-83.95760919,-33.32412974,
1962,,46170,0,CIAT22055,Cajanus,crassus,Cajanus crassus,Fabaceae,Fabales,Climber,F261053,37,88,3,2,0,0.5689,0.8718,,0.3029,164.9701436,35.25981426,251.9423908,-50.95760919,-20.22589729,
1963,,46170,0,CIAT22059,Pueraria,montana,Pueraria montana,Fabaceae,Fabales,Climber,F261054,37,88,3,1,0,0.5691,0.8503,,0.2812,186.1782693,39.83460113,253.6822549,-27.5177451,-10.84732754,
1964,,46170,0,CIAT22059,Pueraria,montana,Pueraria montana,Fabaceae,Fabales,Climber,F261054,37,88,3,2,0,0.5691,0.8358,,0.2667,200.6782693,42.93701323,253.6822549,-13.0177451,-5.131515843,
1965,,46170,0,CIAT25157,Centrosema,capitatum,Centrosema capitatum,Fabaceae,Fabales,Climber,F261055,37,88,3,1,0,0.5721,0.9203,,0.3482,127.5776814,26.81455781,286.749858,-61.45014201,-21.42987705,
1966,,46170,0,CIAT25157,Centrosema,capitatum,Centrosema capitatum,Fabaceae,Fabales,Climber,F261055,37,88,3,2,0,0.5782,0.9379,,0.3597,115.792557,24.35212818,286.5780143,-73.12198572,-25.51556019,
1967,,46170,0,CIAT25214,Centrosema,grandiflorum,Centrosema grandiflorum,Fabaceae,Fabales,Climber,F261056,37,88,3,1,0,0.5597,0.878,,0.3183,152.1690584,32.34411609,282.2071598,-36.09284024,-12.78948425,
1968,,46170,0,CIAT25214,Centrosema,grandiflorum,Centrosema grandiflorum,Fabaceae,Fabales,Climber,F261056,37,88,3,2,0,0.5575,0.8801,,0.3226,148.151227,31.47123544,282.3764164,-40.22358365,-14.24466822,
1969,,46170,0,CIAT25224,Centrosema,capitatum,Centrosema capitatum,Fabaceae,Fabales,Climber,F261057,37,88,3,1,0,0.5743,0.9537,,0.3794,91.4426325,19.4210605,281.3920805,-98.00791948,-34.82966517,
1970,,46170,0,CIAT25224,Centrosema,capitatum,Centrosema capitatum,Fabaceae,Fabales,Climber,F261057,37,88,3,2,0,0.572,0.9115,,0.3395,131.2485204,27.88081422,281.3358359,-58.16416414,-20.67428203,
1971,,46170,0,CIAT32092,Cajanus,scarabaeoides,Cajanus scarabaeoides,Fabaceae,Fabales,Climber,F261058,37,88,3,1,0,0.5505,0.9532,,0.4027,68.23378338,14.48903982,300.3271063,-102.3728937,-34.08713086,
1972,,46170,0,CIAT32092,Cajanus,scarabaeoides,Cajanus scarabaeoides,Fabaceae,Fabales,Climber,F261058,37,88,3,2,0,0.569,0.9739,,0.4049,65.93967191,14.00469753,300.2670889,-104.6329111,-34.84661323,
1973,,46170,0,CIAT4846,Clitoria,ternatea,Clitoria ternatea L.,Fabaceae,Fabales,Climber,F261059,37,88,3,1,0,0.5804,0.8431,,0.2627,186.0111921,41.45454701,216.1638188,-46.53618121,-21.52820091,
1974,,46170,0,CIAT4846,Clitoria,ternatea,Clitoria ternatea L.,Fabaceae,Fabales,Climber,F261059,37,88,3,2,0,0.5602,0.8674,,0.3072,141.4215395,31.52357322,216.1206292,-91.07937079,-42.14283991,
1975,,46170,0,CIAT9466,Clitoria,ternatea,Clitoria ternatea L.,Fabaceae,Fabales,Climber,F261060,37,88,3,1,0,0.5607,0.8713,,0.3106,138.1111921,30.77952913,246.9132997,-63.68670035,-25.79314295,
1976,,46170,0,CIAT9466,Clitoria,ternatea,Clitoria ternatea L.,Fabaceae,Fabales,Climber,F261060,37,88,3,2,0,0.5686,0.8566,,0.288,160.7111921,35.8161764,246.9132997,-41.08670035,-16.64013255,
1977,,46170,0,CIAT19092,Clitoria,ternatea,Clitoria ternatea L.,Fabaceae,Fabales,Climber,F261061,37,88,3,1,0,0.5657,0.8495,,0.2838,172.6375005,37.82281261,216.6628043,-67.13719573,-30.98695042,
1978,,46170,0,CIAT19092,Clitoria,ternatea,Clitoria ternatea L.,Fabaceae,Fabales,Climber,F261061,37,88,3,2,0,0.5659,0.845,,0.2791,176.8816101,38.79139118,216.4464011,-62.65359885,-28.9464729,
1979,,46170,0,CIAT19212,Clitoria,ternatea,Clitoria ternatea L.,Fabaceae,Fabales,Climber,F261062,37,88,3,1,0,0.5536,0.8441,,0.2905,167.3228831,36.54751418,260.6547786,-29.8452214,-11.45009562,
1980,,46170,0,CIAT19212,Clitoria,ternatea,Clitoria ternatea L.,Fabaceae,Fabales,Climber,F261062,37,88,3,2,0,0.5449,0.8395,,0.2946,163.1313552,35.63910432,260.6026685,-33.99733151,-13.04565748,
1981,,46170,0,CIAT19221,Clitoria,ternatea,Clitoria ternatea L.,Fabaceae,Fabales,Climber,F261063,37,88,3,1,0,0.5655,0.8952,,0.3297,131.6382981,28.5340061,266.5961152,-63.10388479,-23.67021918,
1982,,46170,0,CIAT19221,Clitoria,ternatea,Clitoria ternatea L.,Fabaceae,Fabales,Climber,F261063,37,88,3,2,0,0.5545,0.9012,,0.3467,114.7305104,24.86409283,266.6494025,-80.05059754,-30.02091766,
1983,,46170,0,CIAT19447,Clitoria,ternatea,Clitoria ternatea L.,Fabaceae,Fabales,Climber,F261064,37,88,3,1,0,0.5812,0.8751,,0.2939,160.9477377,35.38497048,229.8383578,-64.06164219,-27.87247647,
1984,,46170,0,CIAT19447,Clitoria,ternatea,Clitoria ternatea L.,Fabaceae,Fabales,Climber,F261064,37,88,3,2,0,0.5693,0.8408,,0.2715,183.5296404,40.33355723,229.9302748,-41.56972523,-18.07927437,
1985,,46170,0,CIAT19806,Clitoria,ternatea,Clitoria ternatea L.,Fabaceae,Fabales,Climber,F261065,37,88,3,1,0,0.5588,0.8472,,0.2884,169.7791942,37.05519507,209.4288889,-78.97111115,-37.70784039,
1986,,46170,0,CIAT19806,Clitoria,ternatea,Clitoria ternatea L.,Fabaceae,Fabales,Climber,F261065,37,88,3,2,0,0.5554,0.8086,,0.2532,205.4373734,44.79298576,209.6383177,-43.56168226,-20.77944659,
1987,,46170,0,CIAT21204,Clitoria,ternatea,Clitoria ternatea L.,Fabaceae,Fabales,Climber,F261066,37,88,3,1,0,0.6009,0.8379,,0.237,223.5130711,48.53566275,205.4305934,-31.56940657,-15.36743191,
1988,,46170,0,CIAT21204,Clitoria,ternatea,Clitoria ternatea L.,Fabaceae,Fabales,Climber,F261066,37,88,3,2,0,0.5597,0.8038,,0.2441,216.3210237,46.98330714,205.3895319,-38.71046805,-18.84734226,
1989,,46170,0,CIAT21705,Clitoria,ternatea,Clitoria ternatea L.,Fabaceae,Fabales,Climber,F261067,37,88,3,1,0,0.5742,0.8605,,0.2863,172.3853223,37.58248061,217.9142215,-68.38577846,-31.3819713,
1990,,46170,0,CIAT21705,Clitoria,ternatea,Clitoria ternatea L.,Fabaceae,Fabales,Climber,F261067,37,88,3,2,0,0.5516,0.8307,,0.2791,179.8605335,39.188671,218.0449701,-61.05502993,-28.00111826,
1991,,46170,0,CIAT21815,Clitoria,ternatea,Clitoria ternatea L.,Fabaceae,Fabales,Climber,F261068,37,88,3,1,0,0.5563,0.8513,,0.295,162.9457854,35.58189432,224.872382,-70.12761805,-31.1855184,
1992,,46170,0,CIAT21815,Clitoria,ternatea,Clitoria ternatea L.,Fabaceae,Fabales,Climber,F261068,37,88,3,2,0,0.5729,0.8667,,0.2938,164.2373563,35.85676016,224.9173474,-68.88265256,-30.62576246,
1993,,46170,0,CIAT22274,Clitoria,ternatea,Clitoria ternatea L.,Fabaceae,Fabales,Climber,F261069 ,37,88,3,1,0,0.5577,0.8869,,0.3292,130.6945942,28.41838018,241.5411325,-87.65886747,-36.29148649,
1994,,46170,0,CIAT22274,Clitoria,ternatea,Clitoria ternatea L.,Fabaceae,Fabales,Climber,F261069 ,37,88,3,2,0,0.5659,0.8763,,0.3104,149.3108201,32.47929211,241.4446126,-68.95538741,-28.5595055,
1995,,46170,0,CIAT-BR09_2656,Urochloa,interespecifico,Urochloa interespecifico,Poaceae,Poales,grasses,F260540 ,37,88,3,1,0,0.5907,0.8016,,0.2109,256.7453936,54.9017262,274.9935324,64.09353237,23.3072872,
1996,,46170,0,CIAT-BR09_2656,Urochloa,interespecifico,Urochloa interespecifico,Poaceae,Poales,grasses,F260540 ,37,88,3,2,0,0.5857,0.8016,,0.2159,251.5585596,53.81408778,274.8836668,58.98366679,21.45768335,
1997,,46170,0,CIAT-BR09_4151,Urochloa,interespecifico,Urochloa interespecifico,Poaceae,Poales,grasses,F260541,37,88,3,1,0,0.5532,0.7744,,0.2212,245.7930697,52.63313005,278.8485562,57.64855617,20.67378686,
1998,,46170,0,CIAT-BR09_4151,Urochloa,interespecifico,Urochloa interespecifico,Poaceae,Poales,grasses,F260541,37,88,3,2,0,0.556,0.7993,,0.2433,223.5064963,47.87990272,278.7371504,35.43715043,12.71346513,
1999,,46170,0,CIAT-BR09_4014,Urochloa,interespecifico,Urochloa interespecifico,Poaceae,Poales,grasses,F260542,37,88,3,1,0,0.5701,0.7944,,0.2243,246.1970606,52.32701354,290.6295299,66.3295299,22.82270832,
2000,,46170,0,CIAT-BR09_4014,Urochloa,interespecifico,Urochloa interespecifico,Poaceae,Poales,grasses,F260542,37,88,3,2,0,0.5629,0.7789,,0.216,254.8733077,54.12778842,290.8619406,74.86194056,25.73796366,
2001,,46170,0,CIAT-BR15_582,Urochloa,interespecifico,Urochloa interespecifico,Poaceae,Poales,grasses,F260543,37,88,3,1,0,0.5732,0.8255,,0.2523,211.1972111,45.56601551,273.8902479,21.59024791,7.882810023,
2002,,46170,0,CIAT-BR15_582,Urochloa,interespecifico,Urochloa interespecifico,Poaceae,Poales,grasses,F260543,37,88,3,2,0,0.5793,0.8103,,0.231,232.3119974,50.14158897,273.7808013,42.78080126,15.62593179,
2003,,46170,0,CIAT-BR09_834,Urochloa,interespecifico,Urochloa interespecifico,Poaceae,Poales,grasses,F260544,37,88,3,1,0,0.5522,0.7813,,0.2291,233.77756,50.50526969,279.4566317,50.35663174,18.01947996,
2004,,46170,0,CIAT-BR09_834,Urochloa,interespecifico,Urochloa interespecifico,Poaceae,Poales,grasses,F260544,37,88,3,2,0,0.5651,0.7859,,0.2208,242.07756,52.29840047,279.4566317,58.65663174,20.98952935,
2005,,46170,0,CIAT-BR19_2886,Urochloa,interespecifico,Urochloa interespecifico,Poaceae,Poales,grasses,F260545,37,88,3,1,0,0.5895,0.8118,,0.2223,246.7014786,52.60142875,279.1067617,56.80676166,20.35305821,
2006,,46170,0,CIAT-BR19_2886,Urochloa,interespecifico,Urochloa interespecifico,Poaceae,Poales,grasses,F260545,37,88,3,2,0,0.5829,0.7953,,0.2124,256.3203027,54.68512911,278.9394315,66.53943147,23.85443719,
2007,,46170,0,CIAT-BR05_1467,Urochloa,interespecifico,Urochloa interespecifico,Poaceae,Poales,grasses,F260546,37,88,3,1,0,0.5858,0.8167,,0.2309,234.1234183,50.34658667,283.0865636,52.18656356,18.43484301,
2008,,46170,0,CIAT-BR05_1467,Urochloa,interespecifico,Urochloa interespecifico,Poaceae,Poales,grasses,F260546,37,88,3,2,0,0.5797,0.8255,,0.2458,219.0375948,47.12131662,282.9734421,37.17344206,13.1367247,
2009,,46170,0,CIAT-BR19_5294,Urochloa,interespecifico,Urochloa interespecifico,Poaceae,Poales,grasses,F260547,37,88,3,1,0,0.5474,0.775,,0.2276,243.8605657,51.72448842,298.3904302,70.79043022,23.72409536,
2010,,46170,0,CIAT-BR19_5294,Urochloa,interespecifico,Urochloa interespecifico,Poaceae,Poales,grasses,F260547,37,88,3,2,0,0.5565,0.7636,,0.2071,264.1721322,56.05511426,298.2711695,91.17116946,30.5665377,
2011,,46170,0,CIAT-BR19_626,Urochloa,interespecifico,Urochloa interespecifico,Poaceae,Poales,grasses,F260548,37,88,3,1,0,0.5865,0.8418,,0.2553,209.7143857,45.09847268,293.5021834,38.20218336,13.01597928,
2012,,46170,0,CIAT-BR19_626,Urochloa,interespecifico,Urochloa interespecifico,Poaceae,Poales,grasses,F260548,37,88,3,2,0,0.5718,0.7739,,0.2021,263.0073514,56.54766595,293.5608603,91.46086033,31.15567253,
2013,,46170,0,CIAT-BR12_3436,Urochloa,interespecifico,Urochloa interespecifico,Poaceae,Poales,grasses,F260549,37,88,3,1,0,0.5661,0.8175,,0.2514,212.61775,45.8210381,299.1755048,47.7755048,15.9690563,
2014,,46170,0,CIAT-BR12_3436,Urochloa,interespecifico,Urochloa interespecifico,Poaceae,Poales,grasses,F260549,37,88,3,2,0,0.584,0.8407,,0.2567,207.1322171,44.65671195,299.0558824,42.35588245,14.1631999,
2015,,46170,0,CIAT-BR09_305,Urochloa,interespecifico,Urochloa interespecifico,Poaceae,Poales,grasses,F260550,37,88,3,1,0,0.55,0.7876,,0.2376,230.2612585,49.21571391,305.0585672,67.4585672,22.11331674,
2016,,46170,0,CIAT-BR09_305,Urochloa,interespecifico,Urochloa interespecifico,Poaceae,Poales,grasses,F260550,37,88,3,2,0,0.5532,0.7986,,0.2454,222.9291197,47.60095205,305.3636258,59.96362577,19.63679388,
2017,,46170,0,CIAT-BR09_2267,Urochloa,interespecifico,Urochloa interespecifico,Poaceae,Poales,grasses,F260551,37,88,3,1,0,0.5684,0.8462,,0.2778,182.0531972,39.58941643,297.0989402,19.29894015,6.495795691,
2018,,46170,0,CIAT-BR09_2267,Urochloa,interespecifico,Urochloa interespecifico,Poaceae,Poales,grasses,F260551,37,88,3,2,0,0.5541,0.7937,,0.2396,220.2531972,47.89641533,297.0989402,57.49894015,19.35346525,
2019,,46170,0,CIAT-BR09_3167,Urochloa,interespecifico,Urochloa interespecifico,Poaceae,Poales,grasses,F260552,37,88,3,1,0,0.5663,0.8038,,0.2375,230.1888411,49.2183736,296.7856963,59.28569629,19.97592776,
2020,,46170,0,CIAT-BR09_3167,Urochloa,interespecifico,Urochloa interespecifico,Poaceae,Poales,grasses,F260552,37,88,3,2,0,0.5476,0.7817,,0.2341,233.4954155,49.93535175,296.7264103,62.6264103,21.1057756,
2021,,46170,0,CIAT-BR09_343,Urochloa,interespecifico,Urochloa interespecifico,Poaceae,Poales,grasses,F260553,37,88,3,1,0,0.5459,0.7625,,0.2166,250.8085641,53.65938568,306.2706225,89.67062249,29.2782317,
2022,,46170,0,CIAT-BR09_343,Urochloa,interespecifico,Urochloa interespecifico,Poaceae,Poales,grasses,F260553,37,88,3,2,0,0.569,0.7794,,0.2104,257.0085641,54.98584833,306.2706225,95.87062249,31.30258518,
2023,,46170,0,CIAT-BR12_5082,Urochloa,interespecifico,Urochloa interespecifico,Poaceae,Poales,grasses,F260554,37,88,3,1,0,0.568,0.781,,0.213,250.221315,54.01766,292.1076334,79.10763342,27.08167277,
2024,,46170,0,CIAT-BR12_5082,Urochloa,interespecifico,Urochloa interespecifico,Poaceae,Poales,grasses,F260554,37,88,3,2,0,0.5767,0.8392,,0.2625,201.091818,43.37691266,292.3412728,29.8412728,10.20768382,
2025,,46170,0,CIAT-BR12_5323,Urochloa,interespecifico,Urochloa interespecifico,Poaceae,Poales,grasses,F260555,37,88,3,1,0,0.5583,0.8412,,0.2829,186.6969503,39.75684897,304.1115904,21.21159044,6.974936538,
2026,,46170,0,CIAT-BR12_5323,Urochloa,interespecifico,Urochloa interespecifico,Poaceae,Poales,grasses,F260555,37,88,3,2,0,0.588,0.84,,0.252,217.5969503,46.33695985,304.1115904,52.11159044,17.13568048,
2027,,46170,0,BLANK 8 H,BLANK,8,BLANK 8 H,0,0,0,BLANK 8 H,37,88,3,1,0,,,,,,,,,,
2028,,46170,0,BLANK 8 H,BLANK,8,BLANK 8 H,0,0,0,BLANK 8 H,37,88,3,2,0,,,,,,,,,,
2029,,46170,0,CIAT-BR15_1168,Urochloa,interespecifico,Urochloa interespecifico,Poaceae,Poales,grasses,F260556,37,88,3,1,0,0.5794,0.8213,,0.2419,222.546465,47.91649453,296.9599275,55.05992754,18.54119779,
2030,,46170,0,CIAT-BR15_1168,Urochloa,interespecifico,Urochloa interespecifico,Poaceae,Poales,grasses,F260556,37,88,3,2,0,0.5777,0.7929,,0.2152,249.3393357,53.67453659,297.0193076,81.81930765,27.54679765,
2031,,46170,0,CIAT-BR12_2679,Urochloa,interespecifico,Urochloa interespecifico,Poaceae,Poales,grasses,F260557,37,88,3,1,0,0.5921,0.8244,,0.2323,234.1233255,50.19545822,305.9358453,73.63584525,24.06904794,
2032,,46170,0,CIAT-BR12_2679,Urochloa,interespecifico,Urochloa interespecifico,Poaceae,Poales,grasses,F260557,37,88,3,2,0,0.57,0.8421,,0.2721,194.3233255,41.66243729,305.9358453,33.83584525,11.05978452,
2033,,46170,0,CIAT-BR09_3341,Urochloa,interespecifico,Urochloa interespecifico,Poaceae,Poales,grasses,F260558,37,88,3,1,0,0.5752,0.8351,,0.2599,202.2924061,43.76800732,294.0124313,34.1124313,11.6023772,
2034,,46170,0,CIAT-BR09_3341,Urochloa,interespecifico,Urochloa interespecifico,Poaceae,Poales,grasses,F260558,37,88,3,2,0,0.5702,0.8089,,0.2387,223.6772092,48.37548321,294.1299892,55.42998924,18.84540553,
2035,,46170,0,CIAT-BR09_2715,Urochloa,interespecifico,Urochloa interespecifico,Poaceae,Poales,grasses,F260559,37,88,3,1,0,0.5496,0.7642,,0.2146,254.0123325,54.20521717,283.8985965,69.29859646,24.40962982,
2036,,46170,0,CIAT-BR09_2715,Urochloa,interespecifico,Urochloa interespecifico,Poaceae,Poales,grasses,F260559,37,88,3,2,0,0.5469,0.8072,,0.2603,208.4059988,44.46412022,283.9553421,23.65534213,8.330655784,
2037,,46170,0,CIAT-BR15_8543,Urochloa,interespecifico,Urochloa interespecifico,Poaceae,Poales,grasses,F260560,37,88,3,1,0,0.5634,0.7932,,0.2298,236.3817608,50.70592217,271.4021,41.60209998,15.32858441,
2038,,46170,0,CIAT-BR15_8543,Urochloa,interespecifico,Urochloa interespecifico,Poaceae,Poales,grasses,F260560,37,88,3,2,0,0.5612,0.7884,,0.2272,239.3547062,51.30260247,271.6192217,44.41922166,16.35348978,
2039,,46170,0,CIAT-BR02_1718,Urochloa,interespecifico,Urochloa interespecifico,Poaceae,Poales,grasses,F260561,37,88,3,1,0,0.5611,0.811,,0.2499,217.7901906,46.56719234,276.6365289,26.73652894,9.664858447,
2040,,46170,0,CIAT-BR02_1718,Urochloa,interespecifico,Urochloa interespecifico,Poaceae,Poales,grasses,F260561,37,88,3,2,0,0.5752,0.8203,,0.2451,222.5901906,47.59351278,276.6365289,31.53652894,11.39998722,
2041,,46170,0,CIAT-BR12_804,Urochloa,interespecifico,Urochloa interespecifico,Poaceae,Poales,grasses,F260562,37,88,3,1,0,0.5466,0.7685,,0.2219,251.3432684,53.11079633,291.460265,69.56026501,23.86612289,
2042,,46170,0,CIAT-BR12_804,Urochloa,interespecifico,Urochloa interespecifico,Poaceae,Poales,grasses,F260562,37,88,3,2,0,0.545,0.7794,,0.2344,239.0324901,50.48924505,291.5768025,57.1768025,19.60951695,
2043,,46170,0,CIAT-BR15_1462,Urochloa,interespecifico,Urochloa interespecifico,Poaceae,Poales,grasses,F260563,37,88,3,1,0,0.5639,0.7636,,0.1997,268.9639596,57.38951205,274.2927952,74.59279519,27.19458786,
2044,,46170,0,CIAT-BR15_1462,Urochloa,interespecifico,Urochloa interespecifico,Poaceae,Poales,grasses,F260563,37,88,3,2,0,0.5475,0.7969,,0.2494,219.170283,46.77426011,274.2379695,24.83796952,9.057086284,
2045,,46170,0,CIAT-BR06_423_Opt_F,Urochloa,interespecifico,Urochloa interespecifico,Poaceae,Poales,grasses,F261076,37,88,3,1,0,0.5772,0.8115,,0.2343,234.8999788,50.06393636,290.4043591,56.10435906,19.31939288,
2046,,46170,0,CIAT-BR06_423_Opt_F,Urochloa,interespecifico,Urochloa interespecifico,Poaceae,Poales,grasses,F261076,37,88,3,2,0,0.5478,0.7839,,0.2361,233.3814425,49.71047231,290.5785668,54.47856683,18.74830874,
2047,,46170,0,CIAT_MulatoII_Opt_D,Urochloa,interespecifico,Urochloa interespecifico,Poaceae,Poales,grasses,F261077,37,88,3,1,0,0.566,0.7766,,0.2106,265.2352729,55.74098601,281.8379555,71.23795555,25.27621072,
2048,,46170,0,CIAT_MulatoII_Opt_D,Urochloa,interespecifico,Urochloa interespecifico,Poaceae,Poales,grasses,F261077,37,88,3,2,0,0.5791,0.8007,,0.2216,254.140182,53.41995307,281.781633,60.18163301,21.35754285,
2049,,46170,0,ABC-BR06_0423,Urochloa,interespecifico,Urochloa interespecifico,Poaceae,Poales,grasses,F243584,37,88,3,1,0,0.5641,0.7783,,0.2142,270.108825,55.77202212,277.8237575,63.62375746,22.90076199,
2050,,46170,0,ABC-BR06_0423,Urochloa,interespecifico,Urochloa interespecifico,Poaceae,Poales,grasses,F243584,37,88,3,2,0,0.5977,0.8092,,0.2115,272.90559,56.33824127,277.8792667,66.3792667,23.88780836,
2051,,46170,0,ABC-Mulato_II,Urochloa,interespecifico,Urochloa interespecifico,Poaceae,Poales,grasses,F243592 ,37,88,3,1,0,0.5689,0.7968,,0.2279,255.97996,52.90154194,287.5214722,59.62147223,20.73635467,
2052,,46170,0,ABC-Mulato_II,Urochloa,interespecifico,Urochloa interespecifico,Poaceae,Poales,grasses,F243592 ,37,88,3,2,0,0.5784,0.8381,,0.2597,224.17996,46.32966408,287.5214722,27.82147223,9.676311135,
2053,,46170,0,CIAT-22311,Calliandra,calothyrsus,Calliandra calothyrsus,Fabaceae,Fabales,Tree,F251772 ,37,88,3,1,0,0.558,0.903,,0.345,124.656625,26.54207742,257.9823841,-87.01761589,-33.73006114,
2054,,46170,0,CIAT-22311,Calliandra,calothyrsus,Calliandra calothyrsus,Fabaceae,Fabales,Tree,F251772 ,37,88,3,2,0,0.5617,0.8872,,0.3255,144.06275,30.68019131,257.9308186,-67.56918143,-26.1966297,
2055,,46170,0,CIAT-23715,Desmodium,sequax,Desmodium sequax,Fabaceae,Fabales,Shrub,F251692 ,37,88,3,1,0,0.5531,0.9311,,0.378,91.04379,19.41050962,306.8484474,-71.15155258,-23.18784833,
2056,,46170,0,CIAT-23715,Desmodium,sequax,Desmodium sequax,Fabaceae,Fabales,Shrub,F251692 ,37,88,3,2,0,0.5571,0.9225,,0.3654,103.92516,22.14353051,307.0325197,-58.36748033,-19.01019488,
2057,,46170,0,Leu_div ILRI 15551,Leucaena,diversifolia,Leucaena diversifolia,Fabaceae,Fabales,Fabales,F261072 (100%),37,88,3,1,0,0.5744,0.846,,0.2716,203.48488,42.83126838,244.6924674,-26.90753256,-10.9964695,
2058,,46170,0,Leu_div ILRI 15551,Leucaena,diversifolia,Leucaena diversifolia,Fabaceae,Fabales,Fabales,F261072 (100%),37,88,3,2,0,0.566,0.8101,,0.2441,231.07984,48.62997555,244.7413766,0.641376592,0.262062999,
2059,,46170,0,Estrella CIAT,Cynodon,nlemfuensis,Cynodon nlemfuensis,Poaceae,Poales,grasses,F263137 ( 100%) ,37,88,3,1,0,0.5865,0.9208,,0.3343,136.53933,28.99913438,374.9161979,40.61619789,10.83340707,
2060,,46170,0,Estrella CIAT,Cynodon,nlemfuensis,Cynodon nlemfuensis,Poaceae,Poales,grasses,F263137 ( 100%) ,37,88,3,2,0,0.563,0.878,,0.315,155.65122,33.07145788,374.7664112,59.76641115,15.94764348,
2061,,46170,0,CIAT17009,Canavalia,brasiliensis,Canavalia brasiliensis,Fabaceas,Fabales,Trepadoras,F263138 (100%) ,37,88,3,1,0,0.5724,0.7808,,0.2084,263.069275,55.79775586,249.2681059,40.86810593,16.39524069,
2062,,46170,0,CIAT17009,Canavalia,brasiliensis,Canavalia brasiliensis,Fabaceas,Fabales,Trepadoras,F263138 (100%) ,37,88,3,2,0,0.5668,0.8086,,0.2418,229.9521,48.74426632,249.4176369,7.617636887,3.054169297,
2063,,46170,0,STAR GRASS -Porvenir,Cynodon,nlemfuensis,Cynodon nlemfuensis ,Poaceae,Poales,grasses,F262902 (100%),37,88,3,1,0,0.5729,0.9117,,0.3388,123.65,26.73802573,363.809415,25.009415,6.874317697,
2064,,46170,0,STAR GRASS -Porvenir,Cynodon,nlemfuensis,Cynodon nlemfuensis ,Poaceae,Poales,grasses,F262902 (100%),37,88,3,2,0,0.558,0.9027,,0.3447,117.84249,25.47711671,363.8821769,19.18217688,5.271535157,
2065,,46170,0,Dieta 1 : F263137 + F261072 (40%/60%) Estrella/Leucaena),N/A,0,N/A,N/A,N/A,N/A,Dieta 1 : F263137 + F261072 (40%/60%) Estrella/Leucaena),37,88,3,1,0,0.5701,0.861,,0.2909,182.09,38.49764266,296.8195862,5.919586217,1.994338141,
2066,,46170,0,Dieta 1 : F263137 + F261072 (40%/60%) Estrella/Leucaena),N/A,0,N/A,N/A,N/A,N/A,Dieta 1 : F263137 + F261072 (40%/60%) Estrella/Leucaena),37,88,3,2,0,0.5789,0.8691,,0.2902,183.073794,38.68242787,296.997678,6.797677969,2.288798355,
2067,,46170,0,Dieta 2 : F263137 + F263138 (55%/45%) Estrella/Canavalia),N/A,0,N/A,N/A,N/A,N/A,Dieta 2 : F263137 + F263138 (55%/45%) Estrella/Canavalia),37,88,3,1,0,0.5567,0.8459,,0.2892,182.04077,38.63009773,318.4960017,29.29600174,9.198232184,
2068,,46170,0,Dieta 2 : F263137 + F263138 (55%/45%) Estrella/Canavalia),N/A,0,N/A,N/A,N/A,N/A,Dieta 2 : F263137 + F263138 (55%/45%) Estrella/Canavalia),37,88,3,2,0,0.553,0.8111,,0.2581,212.952462,45.2078015,318.3687306,60.26873061,18.93048054,
2069,,46170,0,CIAT6080,Eragrostis,curvula,Eragrostis curvula,Poaceae,Poales,grasses,F260048,37,88,3,1,0,0.5832,0.915,,0.3318,150.1694753,31.15746597,377.6986954,45.89869542,12.15219856,
2070,,46170,0,CIAT6080,Eragrostis,curvula,Eragrostis curvula,Poaceae,Poales,grasses,F260048,37,88,3,2,0,0.5505,0.9061,,0.3556,126.2731584,26.20464664,377.6232161,22.02321607,5.832060936,
2071,,46170,0,CIAT16081,Paspalum,secans,Paspalum secans,Poaceae,Poales,grasses,F260059,37,88,3,1,0,0.5973,0.9236,,0.3263,144.0380121,30.62436129,365.3625563,39.06255629,10.69145035,
2072,,46170,0,CIAT16081,Paspalum,secans,Paspalum secans,Poaceae,Poales,grasses,F260059,37,88,3,2,0,0.5723,0.9019,,0.3296,140.8320233,29.93674247,365.435585,35.83558498,9.806265852,
2073,,46170,0,CIAT16254,Hyparrhenia,hirta,Hyparrhenia hirta,Poaceae,Poales,grasses,F260063,37,88,3,1,0,0.5577,0.8814,,0.3237,158.8678957,32.92135617,326.1867301,2.48673013,0.762363978,
2074,,46170,0,CIAT16254,Hyparrhenia,hirta,Hyparrhenia hirta,Poaceae,Poales,grasses,F260063,37,88,3,2,0,0.5691,0.8688,,0.2997,182.9643514,37.90716072,326.2519284,26.55192836,8.138473998,
2075,,46170,0,CIAT16379,Panicum,maximum,Panicum maximum,Poaceae,Poales,grasses,F260066,37,88,3,1,0,0.5721,0.8788,,0.3067,168.0082853,35.39190077,329.9290784,23.22907843,7.040627804,
2076,,46170,0,CIAT16379,Panicum,maximum,Panicum maximum,Poaceae,Poales,grasses,F260066,37,88,3,2,0,0.5439,0.8594,,0.3155,158.9237449,33.49826955,329.7313187,14.23131874,4.316034885,
2077,,46170,0,CIAT16561,Panicum,maximum,Panicum maximum,Poaceae,Poales,grasses,F260068,37,88,3,1,0,0.5491,0.8373,,0.2882,184.830465,39.07369159,304.7666027,16.56660273,5.435832725,
2078,,46170,0,CIAT16561,Panicum,maximum,Panicum maximum,Poaceae,Poales,grasses,F260068,37,88,3,2,0,0.5718,0.8527,,0.2809,192.2250522,40.62880444,304.8275439,23.92754386,7.849534709,
2079,,46170,0,CIAT16690,Cynodon,sp.,Cynodon sp.,Poaceae,Poales,grasses,F260076,37,88,3,1,0,0.5571,0.8133,,0.2562,215.9302457,45.73531301,282.6849685,26.48496847,9.369075622,
2080,,46170,0,CIAT16690,Cynodon,sp.,Cynodon sp.,Poaceae,Poales,grasses,F260076,37,88,3,2,0,0.5602,0.7918,,0.2316,240.435914,50.93593662,282.628488,51.02848795,18.05496973,
2081,,46170,0,CIAT_679_Tully_Exc,Urochloa,interespecifico,Urochloa interespecifico,Poaceae,Poales,grasses,F260566,37,88,3,1,0,0.5852,0.8691,,0.2839,186.2849045,39.61949921,323.5703749,39.67037491,12.26019994,
2082,,46170,0,CIAT_679_Tully_Exc,Urochloa,interespecifico,Urochloa interespecifico,Poaceae,Poales,grasses,F260566,37,88,3,2,0,0.5495,0.828,,0.2785,191.4969809,40.74430022,323.4410502,44.94105022,13.89466494,
2083,,46170,0,CIAT-BH22_0303,Urochloa,humidicola,Urochloa humidicola,Poaceae,Poales,grasses,F252184,37,88,3,1,0,0.5781,0.8471,,0.269,205.38968,43.29556242,322.9407747,53.94077466,16.7029929,
2084,,46170,0,CIAT-BH22_0303,Urochloa,humidicola,Urochloa humidicola,Poaceae,Poales,grasses,F252184,37,88,3,2,0,0.5658,0.8169,,0.2511,223.38452,47.07941157,323.005337,71.90533699,22.26134641,
2085,,46170,0,CIAT-BH22_0519,Urochloa,humidicola,Urochloa humidicola,Poaceae,Poales,grasses,F252192,37,88,3,1,0,0.6037,0.8833,,0.2796,208.772655,42.74863731,315.366642,35.76664197,11.3412889,
2086,,46170,0,CIAT-BH22_0519,Urochloa,humidicola,Urochloa humidicola,Poaceae,Poales,grasses,F252192,37,88,3,2,0,0.5809,0.831,,0.2501,238.37031,48.79934463,315.4297027,65.32970268,20.71133509,
2087,,46170,0,CIAT33127,Codariocalyx,motorius,Codariocalyx motorius,Fabaceae,Fabales,Shurb_Tree,F260042 ,37,88,3,1,0,0.5453,0.8512,,0.3059,172.6813586,36.08192327,309.1282298,3.228229811,1.044301199,
2088,,46170,0,CIAT33127,Codariocalyx,motorius,Codariocalyx motorius,Fabaceae,Fabales,Shurb_Tree,F260042 ,37,88,3,2,0,0.5567,0.8639,,0.3072,171.285757,35.797462,309.0664783,1.866478266,0.603908349,
2089,,46170,0,CIAT36088,Paspalum,dilatatum,Paspalum dilatatum,Poaceae,Poales,grasses,F260106,37,88,3,1,0,0.5793,0.8391,,0.2598,209.3077911,44.61827219,299.92777,40.12776999,13.37914458,
2090,,46170,0,CIAT36088,Paspalum,dilatatum,Paspalum dilatatum,Poaceae,Poales,grasses,F260106,37,88,3,2,0,0.5467,0.7984,,0.2517,217.1265514,46.31276764,299.7479572,48.04795718,16.02945275,
2091,,46170,0,Sample 8,Cynodon,nlemfuensis,Cynodon nlemfuensis ,Poaceae,Poales,grasses,F250008,37,88,3,1,0,0.55,0.8468,,0.2968,172.0421411,36.69511036,356.5544483,59.7544483,16.75885649,
2092,,46170,0,Sample 8,Cynodon,nlemfuensis,Cynodon nlemfuensis ,Poaceae,Poales,grasses,F250008,37,88,3,2,0,0.5561,0.8678,,0.3117,157.329603,33.54364031,356.6970131,44.99701306,12.61491165,
2093,,46170,0,BLANK 24 H,BLANK,24,BLANK 24 H,0,0,0,BLANK 24 H,37,88,3,1,0,,,,,,,,,,
2094,,46170,0,BLANK 24 H,BLANK,24,BLANK 24 H,0,0,0,BLANK 24 H,37,88,3,2,0,,,,,,,,,,
