40_sample_serial_no,40_date,40_requisitioner,40_set_ciat,40_ciat_lab_id,40_gene_bank_breeding_program_id,40_genus,40_species,40_tax_name,40_family,40_order,40_functional_group,40_dm_percentage,40_av_dm_105,40_ash_dm,40_av_ash_percentage,40_om_percentage,40_om_percentage,40_pc_percentage_dm,40_av_pc_percentage,40_adf_percentage_dm,40_av_adf_percentage_dm,40_ndf_percentage_dm,40_av_ndf_percentage_dm
Sample serial No,"Date (M,D.Y)",Requisitioner,Set CIAT,CIAT Lab-ID,Gene bank /Breeding program ID,Genus,Species,Tax Name,Family,Order,Functional Group,"DM, %",Av DM 105,Ash/DM,"Av Ash, %","OM, %","OM, %","PC (%), DM","Av PC, %","ADF, % (DM)"," Av ADF, % (DM)","NDF, % (DM)"," Av NDF, % (DM)"
1,46090,Genebank,32,F260043,CIAT43427,Desmodium,nicaraguense,Desmodium nicaraguense,Fabaceae,Fabales,Shurb_Tree,96.14077185,96.31608764,9.228180435,9.227257986,90.77181957,90.77274201,19.92066962,19.92066962,31.93755773,32.00305294,62.95859574,62.46850443
2,46090,Genebank,32,F260043,CIAT43427,Desmodium,nicaraguense,Desmodium nicaraguense,Fabaceae,Fabales,Shurb_Tree,96.49140344,,9.226335537,,90.77366446,,19.92066962,,32.06854815,,61.97841312,
3,46090,Genebank,32,F260044,CIAT601,Hyparrhenia,rufa,Hyparrhenia rufa,Poaceae,Poales,Grasses,92.80071993,92.81251267,15.59978469,15.73587042,84.40021531,84.26412958,16.16407202,16.16407202,31.23963872,31.59361126,66.73529486,66.4654067
4,46090,Genebank,32,F260044,CIAT601,Hyparrhenia,rufa,Hyparrhenia rufa,Poaceae,Poales,Grasses,92.82430542,,15.87195614,,84.12804386,,16.16407202,,31.94758379,,66.19551853,
5,46090,Genebank,32,F260045,CIAT606,Brachiaria,decumbens,Brachiaria decumbens,Poaceae,Poales,Grasses,96.26224265,96.43146126,13.81500044,13.84886684,86.18499956,86.15113316,14.87095296,14.87095296,29.18439096,29.04953394,69.44402904,68.36255839
6,46090,Genebank,32,F260045,CIAT606,Brachiaria,decumbens,Brachiaria decumbens,Poaceae,Poales,Grasses,96.60067986,,13.88273325,,86.11726675,,14.87095296,,28.91467691,,67.28108774,
7,46090,Genebank,32,F260046,CIAT6038,Sorghum,almum,Sorghum almum,Poaceae,Poales,Grasses,94.09059094,94.12088035,11.59031776,11.54193706,88.40968224,88.45806294,15.67949542,15.67949542,33.74912781,33.63762985,70.61842569,69.99127872
8,46090,Genebank,32,F260046,CIAT6038,Sorghum,almum,Sorghum almum,Poaceae,Poales,Grasses,94.15116977,,11.49355636,,88.50644364,,15.67949542,,33.52613188,,69.36413175,
9,46090,Genebank,32,F260047,CIAT6042,Chloris,gayana,Chloris gayana,Poaceae,Poales,Grasses,92.81215635,92.8075176,11.80584641,11.76217363,88.19415359,88.23782637,13.58801274,13.58801274,34.79386617,34.98636929,73.74849115,73.77417239
10,46090,Genebank,32,F260047,CIAT6042,Chloris,gayana,Chloris gayana,Poaceae,Poales,Grasses,92.80287885,,11.71850085,,88.28149915,,13.58801274,,35.1788724,,73.79985363,
11,46090,Genebank,32,F260048,CIAT6080,Eragrostis,curvula,Eragrostis curvula,Poaceae,Poales,Grasses,96.22188906,96.31684158,6.039537176,6.433871219,93.96046282,93.56612878,13.00366648,13.00366648,37.86034992,37.54026766,77.43141672,78.36568804
12,46090,Genebank,32,F260048,CIAT6080,Eragrostis,curvula,Eragrostis curvula,Poaceae,Poales,Grasses,96.4117941,,6.828205261,,93.17179474,,13.00366648,,37.22018541,,79.29995936,
13,46090,Genebank,32,F260049,CIAT6159,Andropogon,gayanus,Andropogon gayanus,Poaceae,Poales,Grasses,94.22346592,94.26787051,8.004288923,7.718785711,91.99571108,92.28121429,14.36029587,14.36029587,36.50494143,36.28317948,72.03528516,72.11607881
14,46090,Genebank,32,F260049,CIAT6159,Andropogon,gayanus,Andropogon gayanus,Poaceae,Poales,Grasses,94.31227509,,7.4332825,,92.5667175,,14.36029587,,36.06141753,,72.19687246,
15,46090,Genebank,32,F260050,CIAT6235,Andropogon,gayanus,Andropogon gayanus,Poaceae,Poales,Grasses,96.08235059,96.07176612,7.885203982,8.640804271,92.11479602,91.35919573,12.95515063,12.95515063,35.44042449,35.50711348,70.89610286,71.01764378
16,46090,Genebank,32,F260050,CIAT6235,Andropogon,gayanus,Andropogon gayanus,Poaceae,Poales,Grasses,96.06118165,,9.39640456,,90.60359544,,12.95515063,,35.57380247,,71.13918469,
17,46090,Genebank,32,F260051,CIAT6236,Andropogon,gayanus,Andropogon gayanus,Poaceae,Poales,Grasses,93.44262295,93.50195535,10.78690341,10.31749759,89.21309659,89.68250241,13.60459474,13.60459474,35.89444213,36.08443262,68.82018468,69.14787028
18,46090,Genebank,32,F260051,CIAT6236,Andropogon,gayanus,Andropogon gayanus,Poaceae,Poales,Grasses,93.56128774,,9.848091769,,90.15190823,,13.60459474,,36.27442311,,69.47555588,
19,46090,Genebank,32,F260052,CIAT6370,Brachiaria,decumbens,Brachiaria decumbens,Poaceae,Poales,Grasses,94.57162851,94.67633615,12.68151955,13.6748113,87.31848045,86.3251887,13.35273964,13.35068325,27.49988567,27.29288532,60.51230165,59.95125045
20,46090,Genebank,32,F260052,CIAT6370,Brachiaria,decumbens,Brachiaria decumbens,Poaceae,Poales,Grasses,94.78104379,,14.66810306,,85.33189694,,13.34862686,,27.08588498,,59.39019926,
21,46090,Genebank,32,F260053,CIAT6489,Panicum,maximum,Panicum maximum,Poaceae,Poales,Grasses,96.71131547,96.73098267,20.07860416,16.50956432,79.92139584,83.49043568,15.0351207,15.0351207,36.07571809,35.69138326,69.49749183,69.37044285
22,46090,Genebank,32,F260053,CIAT6489,Panicum,maximum,Panicum maximum,Poaceae,Poales,Grasses,96.75064987,,12.94052449,,87.05947551,,15.0351207,,35.30704844,,69.24339387,
23,46090,Genebank,32,F260054,CIAT6590,Panicum,maximum,Panicum maximum,Poaceae,Poales,Grasses,93.51,93.5366092,14.27248659,14.57346151,85.72751341,85.42653849,13.44911958,13.44911958,36.54933638,36.38890215,68.40232703,67.82412827
24,46090,Genebank,32,F260054,CIAT6590,Panicum,maximum,Panicum maximum,Poaceae,Poales,Grasses,93.56321839,,14.87443644,,85.12556356,,13.44911958,,36.22846792,,67.24592951,
25,46090,Genebank,32,F260055,CIAT6793,Panicum,maximum,Panicum maximum,Poaceae,Poales,Grasses,94.41111778,94.4519357,13.88788533,13.49955638,86.11211467,86.50044362,13.84396502,13.84396502,32.52566598,32.18288705,63.87156139,64.04665506
26,46090,Genebank,32,F260055,CIAT6793,Panicum,maximum,Panicum maximum,Poaceae,Poales,Grasses,94.49275362,,13.11122742,,86.88877258,,13.84396502,,31.84010813,,64.22174874,
27,46090,Genebank,32,F260056,CIAT6817,Panicum,maximum,Panicum maximum,Poaceae,Poales,Grasses,94.38056194,94.44192998,14.53658046,14.7922116,85.46341954,85.2077884,14.53292956,14.53292956,37.31240172,36.55016218,71.44343721,70.59330487
28,46090,Genebank,32,F260056,CIAT6817,Panicum,maximum,Panicum maximum,Poaceae,Poales,Grasses,94.50329802,,15.04784275,,84.95215725,,14.53292956,,35.78792265,,69.74317253,
29,46090,Genebank,32,F260057,CIAT6901,Panicum,maximum,Panicum maximum,Poaceae,Poales,Grasses,94.67213115,93.06819951,14.58561597,13.66666502,85.41438403,86.33333498,12.74698237,12.74698237,37.74716519,37.92396134,71.76747171,72.15725591
30,46090,Genebank,32,F260057,CIAT6901,Panicum,maximum,Panicum maximum,Poaceae,Poales,Grasses,91.46426787,,12.74771407,,87.25228593,,12.74698237,,38.10075748,,72.54704011,
31,46090,Genebank,32,F260058,CIAT16076,Pennisetum,purpureum,Pennisetum purpureum,Poaceae,Poales,Grasses,92.05238428,92.06356972,20.70773573,20.54179823,79.29226427,79.45820177,19.6031136,19.6031136,29.37191192,29.26652116,57.42656396,56.79550874
32,46090,Genebank,32,F260058,CIAT16076,Pennisetum,purpureum,Pennisetum purpureum,Poaceae,Poales,Grasses,92.07475515,,20.37586074,,79.62413926,,19.6031136,,29.16113039,,56.16445353,
33,46090,Genebank,32,F260059,CIAT16081,Paspalum,secans,Paspalum secans,Poaceae,Poales,Grasses,93.99060094,94.0111957,10.85932269,10.47010189,89.14067731,89.52989811,11.21059818,11.21059818,44.21973411,43.80456817,77.31129468,77.68084801
34,46090,Genebank,32,F260059,CIAT16081,Paspalum,secans,Paspalum secans,Poaceae,Poales,Grasses,94.03179046,,10.08088109,,89.91911891,,11.21059818,,43.38940223,,78.05040133,
35,46090,Genebank,32,F260060,CIAT16082,Paspalum,guenoarum,Paspalum guenoarum,Poaceae,Poales,Grasses,93.48390965,93.61820433,9.863956899,9.96103961,90.1360431,90.03896039,9.403140686,9.403140686,42.327918,41.92433718,75.23225936,74.95848152
36,46090,Genebank,32,F260060,CIAT16082,Paspalum,guenoarum,Paspalum guenoarum,Poaceae,Poales,Grasses,93.752499,,10.05812232,,89.94187768,,9.403140686,,41.52075636,,74.68470367,
37,46090,Genebank,32,F260061,CIAT16215,Brachiaria,lachnantha,Brachiaria lachnantha,Poaceae,Poales,Grasses,94.20057994,94.26142552,11.66850602,11.62433824,88.33149398,88.37566176,15.87678158,15.87678158,35.4506918,35.27578132,69.09899814,68.64994649
38,46090,Genebank,32,F260061,CIAT16215,Brachiaria,lachnantha,Brachiaria lachnantha,Poaceae,Poales,Grasses,94.32227109,,11.58017045,,88.41982955,,15.87678158,,35.10087084,,68.20089484,
39,46090,Genebank,32,F260062,CIAT16234,Echinochloa,pyramidalis,Echinochloa pyramidalis,Poaceae,Poales,Grasses,93.3240056,93.31767166,14.3188129,15.95019514,85.6811871,84.04980486,13.5547749,13.57394645,26.48386384,26.42452395,54.81171286,54.77437217
40,46090,Genebank,32,F260062,CIAT16234,Echinochloa,pyramidalis,Echinochloa pyramidalis,Poaceae,Poales,Grasses,93.31133773,,17.58157738,,82.41842262,,13.593118,,26.36518406,,54.73703148,
41,46090,Genebank,32,F260063,CIAT16254,Hyparrhenia,hirta,Hyparrhenia hirta,Poaceae,Poales,Grasses,,,,,,,,,,,,
42,46090,Genebank,32,F260063,CIAT16254,Hyparrhenia,hirta,Hyparrhenia hirta,Poaceae,Poales,Grasses,,,,,,,,,,,,
43,46090,Genebank,32,F260064,CIAT16287,Echinochloa,haploclada,Echinochloa haploclada,Poaceae,Poales,Grasses,92.07475515,92.07475515,15.08737653,16.2867687,84.91262347,83.7132313,15.26773355,15.26773355,36.31183785,36.49215392,66.07911705,66.06236549
44,46090,Genebank,32,F260064,CIAT16287,Echinochloa,haploclada,Echinochloa haploclada,Poaceae,Poales,Grasses,92.07475515,,17.48616086,,82.51383914,,15.26773355,,36.67246999,,66.04561393,
45,46090,Genebank,32,F260065,CIAT16309,Brachiaria,brizantha,Brachiaria brizantha,Poaceae,Poales,Grasses,94.71211515,94.68185984,19.57353499,18.94628157,80.42646501,81.05371843,13.64938134,13.64938134,31.46046659,31.88939411,63.49300772,64.03286222
46,46090,Genebank,32,F260065,CIAT16309,Brachiaria,brizantha,Brachiaria brizantha,Poaceae,Poales,Grasses,94.65160452,,18.31902815,,81.68097185,,13.64938134,,32.31832163,,64.57271673,
47,46090,Genebank,32,F260066,CIAT16379,Panicum,maximum,Panicum maximum,Poaceae,Poales,Grasses,,,,,,,,,,,,
48,46090,Genebank,32,F260066,CIAT16379,Panicum,maximum,Panicum maximum,Poaceae,Poales,Grasses,,,,,,,,,,,,
49,46090,Genebank,32,F260067,CIAT16537,Sporobolus,sp.,Sporobolus sp.,Poaceae,Poales,Grasses,96.16230262,96.71156219,15.22172424,14.43840057,84.77827576,85.56159943,14.1634369,14.1634369,33.56950963,33.40263389,68.45811919,68.48610038
50,46090,Genebank,32,F260067,CIAT16537,Sporobolus,sp.,Sporobolus sp.,Poaceae,Poales,Grasses,97.26082175,,13.6550769,,86.3449231,,14.1634369,,33.23575816,,68.51408157,
51,46090,Genebank,32,F260068,CIAT16561,Panicum,maximum,Panicum maximum,Poaceae,Poales,Grasses,,,,,,,,,,,,
52,46090,Genebank,32,F260068,CIAT16561,Panicum,maximum,Panicum maximum,Poaceae,Poales,Grasses,,,,,,,,,,,,
53,46090,Genebank,32,F260069,CIAT16569,Panicum,infestum,Panicum infestum,Poaceae,Poales,Grasses,94.32283858,94.4130683,12.77785823,11.75043564,87.22214177,88.24956436,12.55941282,12.55941282,34.7791535,34.93864354,70.49140595,70.89675529
54,46090,Genebank,32,F260069,CIAT16569,Panicum,infestum,Panicum infestum,Poaceae,Poales,Grasses,94.50329802,,10.72301306,,89.27698694,,12.55941282,,35.09813359,,71.30210463,
55,46090,Genebank,32,F260070,CIAT16629,Echinochloa,haploclada,Echinochloa haploclada,Poaceae,Poales,Grasses,93.59064094,93.64626518,12.10818829,11.86678404,87.89181171,88.13321596,12.907679,12.907679,36.03452951,35.87014961,66.88613842,66.75429913
56,46090,Genebank,32,F260070,CIAT16629,Echinochloa,haploclada,Echinochloa haploclada,Poaceae,Poales,Grasses,93.70188943,,11.62537978,,88.37462022,,12.907679,,35.70576972,,66.62245984,
57,46090,Genebank,32,F260071,CIAT16635,Cenchrus,ciliaris,Cenchrus ciliaris,Poaceae,Poales,Grasses,92.45075492,92.44726652,13.9416898,13.98214914,86.0583102,86.01785086,17.78783866,17.78783866,34.74222313,34.57432209,67.26750911,67.32981899
58,46090,Genebank,32,F260071,CIAT16635,Cenchrus,ciliaris,Cenchrus ciliaris,Poaceae,Poales,Grasses,92.44377811,,14.02260849,,85.97739151,,17.78783866,,34.40642106,,67.39212886,
59,46090,Genebank,32,F260072,CIAT16644,Cenchrus,ciliaris,Cenchrus ciliaris,Poaceae,Poales,Grasses,89.65,89.65258621,11.20993875,11.19598907,88.79006125,88.80401093,16.22808678,16.25908387,39.0251629,38.72225793,65.99777033,66.05083138
60,46090,Genebank,32,F260072,CIAT16644,Cenchrus,ciliaris,Cenchrus ciliaris,Poaceae,Poales,Grasses,89.65517241,,11.18203939,,88.81796061,,16.29008096,,38.41935296,,66.10389243,
61,46090,Genebank,32,F260073,CIAT16665,Chloris,gayana,Chloris gayana,Poaceae,Poales,Grasses,94.48220712,94.59216313,12.078622,12.11032442,87.921378,87.88967558,16.08145846,16.08145846,33.81355607,33.80982273,63.23892456,63.56925105
62,46090,Genebank,32,F260073,CIAT16665,Chloris,gayana,Chloris gayana,Poaceae,Poales,Grasses,94.70211915,,12.14202684,,87.85797316,,16.08145846,,33.8060894,,63.89957753,
63,46090,Genebank,32,F260074,CIAT16666,Chloris,gayana,Chloris gayana,Poaceae,Poales,Grasses,94.20057994,94.21173425,14.13695251,14.14473562,85.86304749,85.85526438,13.91847907,13.91847907,37.88134879,37.81039291,65.57857355,65.75635514
64,46090,Genebank,32,F260074,CIAT16666,Chloris,gayana,Chloris gayana,Poaceae,Poales,Grasses,94.22288856,,14.15251873,,85.84748127,,13.91847907,,37.73943703,,65.93413672,
65,46090,Genebank,32,F260075,CIAT16683,Cynodon,sp.,Cynodon sp.,Poaceae,Poales,Grasses,93.04139172,93.11205932,11.34964311,11.40755359,88.65035689,88.59244641,13.05790121,13.05790121,34.00054761,33.90547693,60.24721534,60.2307969
66,46090,Genebank,32,F260075,CIAT16683,Cynodon,sp.,Cynodon sp.,Poaceae,Poales,Grasses,93.18272691,,11.46546407,,88.53453593,,13.05790121,,33.81040625,,60.21437846,
67,46090,Genebank,32,F260076,CIAT16690,Cynodon,sp.,Cynodon sp.,Poaceae,Poales,Grasses,,,,,,,,,,,,
68,46090,Genebank,32,F260076,CIAT16690,Cynodon,sp.,Cynodon sp.,Poaceae,Poales,Grasses,,,,,,,,,,,,
69,46090,Genebank,32,F260077,CIAT16727,Bothriochloa,sp.,Bothriochloa sp.,Poaceae,Poales,Grasses,94.1734959,94.14263119,13.69439592,13.60087851,86.30560408,86.39912149,14.47048618,14.47048618,39.29232569,39.48677097,67.04702297,66.98698698
70,46090,Genebank,32,F260077,CIAT16727,Bothriochloa,sp.,Bothriochloa sp.,Poaceae,Poales,Grasses,94.11176647,,13.5073611,,86.4926389,,14.47048618,,39.68121625,,66.92695099,
71,46090,Genebank,32,F260078,CIAT16896,Brachiaria,bovonei,Brachiaria bovonei,Poaceae,Poales,Grasses,93.70125975,93.5875877,8.460968502,8.437919782,91.5390315,91.56208022,11.68093821,11.68093821,39.01122441,38.15674274,65.65295435,65.44821476
72,46090,Genebank,32,F260078,CIAT16896,Brachiaria,bovonei,Brachiaria bovonei,Poaceae,Poales,Grasses,93.47391565,,8.414871062,,91.58512894,,11.68093821,,37.30226107,,65.24347516,
73,46090,Genebank,32,F260079,CIAT16903,Brachiaria,nigropedata,Brachiaria nigropedata,Poaceae,Poales,Grasses,94.75104979,94.74631366,10.73178049,10.57824971,89.26821951,89.42175029,16.95741843,16.95741843,35.44999398,35.67411127,66.86212402,67.21683198
74,46090,Genebank,32,F260079,CIAT16903,Brachiaria,nigropedata,Brachiaria nigropedata,Poaceae,Poales,Grasses,94.74157753,,10.42471892,,89.57528108,,16.95741843,,35.89822856,,67.57153993,
75,46090,Breeding,32,F260564,BR02_1752_Cayman_Opt,Urochloa,interespecifico,Urochloa interespecifico,Poaceae,Poales,grasses,94.39056094,94.41139403,13.14328557,13.10955174,86.85671443,86.89044826,14.98440906,14.90973138,25.67838636,25.62282053,52.16374287,52.1186293
76,46090,Breeding,32,F260564,BR02_1752_Cayman_Opt,Urochloa,interespecifico,Urochloa interespecifico,Poaceae,Poales,grasses,94.43222711,,13.07581792,,86.92418208,,14.83505369,,25.56725471,,52.07351573,
77,46090,Breeding,32,F260565,BR06_423_Cayman_Opt,Urochloa,interespecifico,Urochloa interespecifico,Poaceae,Poales,grasses,94.36112777,94.42083986,12.91829273,12.92423349,87.08170727,87.07576651,10.6893086,10.61701826,29.6168565,29.31210108,57.52807133,56.93511184
78,46090,Breeding,32,F260565,BR06_423_Cayman_Opt,Urochloa,interespecifico,Urochloa interespecifico,Poaceae,Poales,grasses,94.48055194,,12.93017425,,87.06982575,,10.54472791,,29.00734565,,56.34215235,
79,46090,Breeding,32,F260566,CIAT_679_Tully_Exc,Urochloa,interespecifico,Urochloa interespecifico,Poaceae,Poales,grasses,,,,,,,,,,,,
80,46090,Breeding,32,F260566,CIAT_679_Tully_Exc,Urochloa,interespecifico,Urochloa interespecifico,Poaceae,Poales,grasses,,,,,,,,,,,,
81,46090,Breeding,32,F260567,CIAT_679_Tully_Opt,Urochloa,interespecifico,Urochloa interespecifico,Poaceae,Poales,grasses,92.80287885,92.97281088,10.77303516,10.46124073,89.22696484,89.53875927,10.76561032,10.77375993,35.52539376,35.76043809,70.60795424,70.74265136
82,46090,Breeding,32,F260567,CIAT_679_Tully_Opt,Urochloa,interespecifico,Urochloa interespecifico,Poaceae,Poales,grasses,93.1427429,,10.1494463,,89.8505537,,10.78190954,,35.99548243,,70.87734848,
83,46090,Breeding,32,F260568,CIAT_6133_Llanero_Exc,Urochloa,interespecifico,Urochloa interespecifico,Poaceae,Poales,grasses,95.16,95.23046991,10.54284412,10.53129131,89.45715588,89.46870869,6.960274639,6.99634781,36.22904509,36.27017016,70.55608908,70.30353998
84,46090,Breeding,32,F260568,CIAT_6133_Llanero_Exc,Urochloa,interespecifico,Urochloa interespecifico,Poaceae,Poales,grasses,95.30093981,,10.51973849,,89.48026151,,7.03242098,,36.31129524,,70.05099089,
85,46090,LMF,32,F260656,CIAT17009,Canavalia,brasiliensis,Canavalia brasiliensis,Fabaceae,Fabales,Trepadoras,93.62,93.62031897,15.59490521,15.63150685,84.40509479,84.36849315,26.98062317,27.0665808,24.72973455,24.67061267,41.92022841,40.50177295
86,46090,LMF,32,F260656,CIAT17009,Canavalia,brasiliensis,Canavalia brasiliensis,Fabaceae,Fabales,Trepadoras,93.62063794,,15.66810849,,84.33189151,,27.15253842,,24.61149079,,39.08331748,
87,46090,LMF,32,F260657,CIAT17462,Canavalia,brasiliensis,Canavalia brasiliensis,Fabaceae,Fabales,Trepadoras,80.79192081,80.70692931,11.69547172,11.63352537,88.30452828,88.36647463,25.26007542,25.09699675,26.48436676,26.44481369,43.37380949,42.96126083
88,46090,LMF,32,F260657,CIAT17462,Canavalia,brasiliensis,Canavalia brasiliensis,Fabaceae,Fabales,Trepadoras,80.62193781,,11.57157901,,88.42842099,,24.93391808,,26.40526063,,42.54871217,
89,46090,LMF,32,F250008,Sample 8,Cynodon, nlemfuensis ,Cynodon nlemfuensis ,Poaceae,Poales,grasses,93.64063594,93.73093584,11.32941805,11.41385651,88.67058195,88.58614349,13.1,13.1,37.8,37.75,76.05,76.05
90,46090,LMF,32,F250008,Sample 8,Cynodon, nlemfuensis ,Cynodon nlemfuensis ,Poaceae,Poales,grasses,93.82123575,,11.49829497,,88.50170503,,13.1,,37.7,,76.05,
91,46119,Genebank,34,F260080,CIAT16927,Brachiaria,nigropedata,Brachiaria nigropedata,Poaceae,Poales,Grasses,93.24337831,93.68257089,12.70679046,12.0091009,87.29320954,87.9908991,20.27094803,20.27094803,33.3986131,33.18558025,62.89000295,63.62626334
92,46119,Genebank,34,F260080,CIAT16927,Brachiaria,nigropedata,Brachiaria nigropedata,Poaceae,Poales,Grasses,94.12176347,,11.31141135,,88.68858865,,20.27094803,,32.9725474,,64.36252373,
93,46119,Genebank,34,F260081,CIAT16980,Andropogon,gayanus,Andropogon gayanus,Poaceae,Poales,Grasses,94.05,94.14528797,9.294145452,9.309612019,90.70585455,90.69038798,15.83292013,15.83292013,36.78851722,37.14424608,68.67450642,68.89387665
94,46119,Genebank,34,F260081,CIAT16980,Andropogon,gayanus,Andropogon gayanus,Poaceae,Poales,Grasses,94.24057594,,9.325078585,,90.67492141,,15.83292013,,37.49997495,,69.11324688,
95,46119,Genebank,34,F260082,CIAT16985,Andropogon,gayanus,Andropogon gayanus,Poaceae,Poales,Grasses,94.68265867,94.54800533,9.831357406,9.820295837,90.16864259,90.17970416,14.09063558,14.13747413,38.37911528,39.09671659,67.92437036,68.18926816
96,46119,Genebank,34,F260082,CIAT16985,Andropogon,gayanus,Andropogon gayanus,Poaceae,Poales,Grasses,94.41335199,,9.809234268,,90.19076573,,14.18431268,,39.81431789,,68.45416595,
97,46119,Genebank,34,F260083,CIAT16997,Chloris,gayana,Chloris gayana,Poaceae,Poales,Grasses,92.05317873,92.09276951,12.96000324,12.93894032,87.03999676,87.06105968,15.73235273,15.73235273,38.45339929,38.49759579,69.96772742,70.32114647
98,46119,Genebank,34,F260083,CIAT16997,Chloris,gayana,Chloris gayana,Poaceae,Poales,Grasses,92.13236029,,12.91787741,,87.08212259,,15.73235273,,38.54179228,,70.67456551,
99,46119,Genebank,34,F260084,CIAT26013,Eragrostis,curvula,Eragrostis curvula,Poaceae,Poales,Grasses,94.4016795,94.47193131,7.047598696,7.031375074,92.9524013,92.96862493,13.64709318,13.64709318,37.2526493,37.20192637,74.83704299,75.10629798
100,46119,Genebank,34,F260084,CIAT26013,Eragrostis,curvula,Eragrostis curvula,Poaceae,Poales,Grasses,94.54218313,,7.015151451,,92.98484855,,13.64709318,,37.15120344,,75.37555296,
101,46119,Genebank,34,F260085,CIAT26028,Hyparrhenia,filipendula,Hyparrhenia filipendula,Poaceae,Poales,Grasses,94.83155053,94.92202214,11.15317996,11.07309246,88.84682004,88.92690754,12.20566076,12.20566076,37.66640601,37.95323223,67.39642565,67.71977991
102,46119,Genebank,34,F260085,CIAT26028,Hyparrhenia,filipendula,Hyparrhenia filipendula,Poaceae,Poales,Grasses,95.01249375,,10.99300497,,89.00699503,,12.20566076,,38.24005845,,68.04313416,
103,46119,Genebank,34,F260086,CIAT26033,Brachiaria,nigropedata,Brachiaria nigropedata,Poaceae,Poales,Grasses,91.72248326,91.77246826,10.75163399,10.7788671,89.24836601,89.2211329,15.46887,15.46887,36.67025222,37.32673249,69.33255672,70.08345797
104,46119,Genebank,34,F260086,CIAT26033,Brachiaria,nigropedata,Brachiaria nigropedata,Poaceae,Poales,Grasses,91.82245326,,10.80610022,,89.19389978,,15.46887,,37.98321275,,70.83435922,
105,46119,Genebank,34,F260087,CIAT26063,Paspalum,scrobiculatum,Paspalum scrobiculatum,Poaceae,Poales,Grasses,,,,,,,,,,,,
106,46119,Genebank,34,F260087,CIAT26063,Paspalum,scrobiculatum,Paspalum scrobiculatum,Poaceae,Poales,Grasses,,,,,,,,,,,,
107,46119,Genebank,34,F260088,CIAT26075,Setaria,incrassata,Setaria incrassata,Poaceae,Poales,Grasses,94.4816555,94.58135965,16.2562554,16.25178265,83.7437446,83.74821735,13.92628533,13.92628533,37.55541466,37.33788718,64.91293077,64.99346436
108,46119,Genebank,34,F260088,CIAT26075,Setaria,incrassata,Setaria incrassata,Poaceae,Poales,Grasses,94.68106379,,16.24730991,,83.75269009,,13.92628533,,37.1203597,,65.07399794,
109,46119,Genebank,34,F260089,CIAT26079,Setaria,incrassata,Setaria incrassata,Poaceae,Poales,Grasses,94.00119976,94.08589135,15.29147715,15.31881045,84.70852285,84.68118955,14.85947497,14.85947497,34.7750706,34.47677804,66.12005143,66.12994374
110,46119,Genebank,34,F260089,CIAT26079,Setaria,incrassata,Setaria incrassata,Poaceae,Poales,Grasses,94.17058294,,15.34614376,,84.65385624,,14.85947497,,34.17848548,,66.13983606,
111,46119,Genebank,34,F260090,CIAT26235,Hyparrhenia,sp.,Hyparrhenia sp.,Poaceae,Poales,Grasses,95.81251249,95.80209791,13.53020753,13.53156001,86.46979247,86.46843999,12.62200462,12.62200462,32.27137444,31.77212937,61.02186695,60.73821986
112,46119,Genebank,34,F260090,CIAT26235,Hyparrhenia,sp.,Hyparrhenia sp.,Poaceae,Poales,Grasses,95.79168333,,13.53291249,,86.46708751,,12.62200462,,31.27288429,,60.45457278,
113,46119,Genebank,34,F260091,CIAT26661,Paspalum,virgatum,Paspalum virgatum,Poaceae,Poales,Grasses,92.22,92.21155938,9.879455528,9.834119262,90.12054447,90.16588074,12.6468038,12.6468038,42.43143584,42.54498754,71.13318099,71.37955647
114,46119,Genebank,34,F260091,CIAT26661,Paspalum,virgatum,Paspalum virgatum,Poaceae,Poales,Grasses,92.20311875,,9.788782996,,90.211217,,12.6468038,,42.65853923,,71.62593195,
115,46119,Genebank,34,F260092,CIAT26838,Echinochloa,pyramidalis,Echinochloa pyramidalis,Poaceae,Poales,Grasses,94.93253373,94.97751124,16.15364378,16.13259669,83.84635622,83.86740331,12.61369448,12.58809616,38.62589179,37.62580438,66.00242328,65.11200561
116,46119,Genebank,34,F260092,CIAT26838,Echinochloa,pyramidalis,Echinochloa pyramidalis,Poaceae,Poales,Grasses,95.02248876,,16.11154959,,83.88845041,,12.56249783,,36.62571698,,64.22158794,
117,46119,Genebank,34,F260093,CIAT26850,Pennisetum,purpureum,Pennisetum purpureum,Poaceae,Poales,Grasses,91.53169366,91.54584683,14.97310804,14.94729663,85.02689196,85.05270337,16.91788047,16.91788047,33.98996984,33.96239974,62.20125254,62.51320212
118,46119,Genebank,34,F260093,CIAT26850,Pennisetum,purpureum,Pennisetum purpureum,Poaceae,Poales,Grasses,91.56,,14.92148522,,85.07851478,,16.91788047,,33.93482963,,62.82515169,
119,46119,Genebank,34,F260094,CIAT26858,Hyparrhenia,rufa,Hyparrhenia rufa,Poaceae,Poales,Grasses,94.27229108,94.3622551,10.99576271,10.82627119,89.00423729,89.17372881,13.90419054,13.90419054,35.04794503,35.15395115,65.7312201,65.69371456
120,46119,Genebank,34,F260094,CIAT26858,Hyparrhenia,rufa,Hyparrhenia rufa,Poaceae,Poales,Grasses,94.45221911,,10.65677966,,89.34322034,,13.90419054,,35.25995726,,65.65620902,
121,46119,Genebank,34,F260095,CIAT26867,Chloris,gayana,Chloris gayana,Poaceae,Poales,Grasses,93.00209937,93.10774634,13.2065393,13.3018332,86.7934607,86.6981668,14.04353457,14.04353457,39.61600105,40.02057737,68.96177444,69.45178432
122,46119,Genebank,34,F260095,CIAT26867,Chloris,gayana,Chloris gayana,Poaceae,Poales,Grasses,93.2133933,,13.3971271,,86.6028729,,14.04353457,,40.42515369,,69.9417942,
123,46119,Genebank,34,F260096,CIAT26877,Echinochloa,pyramidalis,Echinochloa pyramidalis,Poaceae,Poales,Grasses,94.14117177,96.02181708,13.90727719,9.556024189,86.09272281,90.44397581,12.7989208,12.7989208,40.8590279,43.35989475,68.65224773,75.82063607
124,46119,Genebank,34,F260096,CIAT26877,Echinochloa,pyramidalis,Echinochloa pyramidalis,Poaceae,Poales,Grasses,94.21173648,,13.60866182,,86.39133818,,12.7989208,,40.25061776,,67.80415102,
125,46119,Genebank,34,F260097,CIAT26895,Vetiveria,zizanioides,Vetiveria zizanioides,Poaceae,Poales,Grasses,95.8424945,96.02181708,9.575410661,9.556024189,90.42458934,90.44397581,11.27435983,11.27435983,43.06980712,43.35989475,75.13087051,75.82063607
126,46119,Genebank,34,F260097,CIAT26895,Vetiveria,zizanioides,Vetiveria zizanioides,Poaceae,Poales,Grasses,96.20113966,,9.536637717,,90.46336228,,11.27435983,,43.64998238,,76.51040163,
127,46119,Genebank,34,F260098,CIAT26898,Vetiveria,zizanioides,Vetiveria zizanioides,Poaceae,Poales,Grasses,94.84206317,93.58160508,9.134969972,19.34726185,90.86503003,80.65273815,10.46709115,10.46709115,44.30004004,33.52893508,76.63700032,58.71820117
128,46119,Genebank,34,F260098,CIAT26898,Vetiveria,zizanioides,Vetiveria zizanioides,Poaceae,Poales,Grasses,94.90203918,,9.156042567,,90.84395743,,10.46709115,,44.35169714,,76.75768242,
129,46119,Genebank,34,F260099,CIAT26980,Pennisetum,purpureum,Pennisetum purpureum,Poaceae,Poales,Grasses,93.57192842,94.31142363,19.25014601,16.50501224,80.74985399,83.49498776,17.5771254,17.5771254,33.62131268,38.16012163,58.79903327,62.10697712
130,46119,Genebank,34,F260099,CIAT26980,Pennisetum,purpureum,Pennisetum purpureum,Poaceae,Poales,Grasses,93.59128174,,19.44437768,,80.55562232,,17.5771254,,33.43655748,,58.63736907,
131,46119,Genebank,34,F260100,CIAT26985,Paspalum,guenoarum,Paspalum guenoarum,Poaceae,Poales,Grasses,94.28171549,94.32198529,16.42998356,13.45981008,83.57001644,86.54018992,10.77653796,10.77653796,38.21138881,36.47800057,62.31749925,65.83514599
132,46119,Genebank,34,F260100,CIAT26985,Paspalum,guenoarum,Paspalum guenoarum,Poaceae,Poales,Grasses,94.34113177,,16.58004092,,83.41995908,,10.77653796,,38.10885446,,61.89645499,
133,46119,Genebank,34,F260101,CIAT26993,Paspalum,sp.,Paspalum sp.,Poaceae,Poales,Grasses,94.28171549,93.88152048,13.53467074,10.84074301,86.46532926,89.15925699,13.89984761,13.89984761,36.35636242,38.66265145,65.50925059,68.88209134
134,46119,Genebank,34,F260101,CIAT26993,Paspalum,sp.,Paspalum sp.,Poaceae,Poales,Grasses,94.3622551,,13.38494942,,86.61505058,,13.89984761,,36.59963872,,66.16104139,
135,46119,Genebank,34,F260102,CIAT36011,Paspalum,plicatulum,Paspalum plicatulum,Poaceae,Poales,Grasses,93.82061794,95.13195502,10.83171965,15.57215023,89.16828035,84.42784977,14.84242124,14.82363857,39.54370116,35.37009118,70.12386636,60.0709404
136,46119,Genebank,34,F260102,CIAT36011,Paspalum,plicatulum,Paspalum plicatulum,Poaceae,Poales,Grasses,93.94242303,,10.84976636,,89.15023364,,14.80485591,,37.78160174,,67.64031633,
137,46119,Genebank,34,F260103,CIAT36018,Paspalum,yaguaronense,Paspalum yaguaronense,Poaceae,Poales,Grasses,95.09294423,94.04119176,15.48497695,13.31596853,84.51502305,86.68403147,15.78347234,15.78347234,34.63320504,30.52458986,59.29854097,61.13583042
138,46119,Genebank,34,F260103,CIAT36018,Paspalum,yaguaronense,Paspalum yaguaronense,Poaceae,Poales,Grasses,95.17096581,,15.65932351,,84.34067649,,15.78347234,,36.10697732,,60.84333983,
139,46119,Genebank,34,F260104,CIAT36061,Brachiaria,xruziziensisxdecumbe,Brachiaria xruziziensisxdecumbe,Poaceae,Poales,Grasses,93.94121176,93.13068486,13.40633638,14.63925911,86.59366362,85.36074089,15.76766825,15.76766825,30.57894236,31.37466062,61.29254398,62.48166921
140,46119,Genebank,34,F260104,CIAT36061,Brachiaria,xruziziensisxdecumbe,Brachiaria xruziziensisxdecumbe,Poaceae,Poales,Grasses,94.14117177,,13.22560068,,86.77439932,,15.76766825,,30.47023737,,60.97911685,
141,46119,Genebank,34,F260105,CIAT36062,Brachiaria,xruziziensisxdecumbe,Brachiaria xruziziensisxdecumbe,Poaceae,Poales,Grasses,93.11,93.74656097,14.69977379,12.31738568,85.30022621,87.68261432,13.10190657,13.10190657,31.2973783,36.13229179,62.08186936,63.93578953
142,46119,Genebank,34,F260105,CIAT36062,Brachiaria,xruziziensisxdecumbe,Brachiaria xruziziensisxdecumbe,Poaceae,Poales,Grasses,93.15136973,,14.57874444,,85.42125556,,13.10190657,,31.45194293,,62.88146905,
143,46119,Genebank,34,F260106,CIAT36088,Paspalum,dilatatum,Paspalum dilatatum,Poaceae,Poales,Grasses,93.762495,95.15123438,12.2302234,13.87444864,87.7697766,86.12555136,18.77653815,18.77653815,35.80157471,39.0629747,63.65247875,66.65044903
144,46119,Genebank,34,F260106,CIAT36088,Paspalum,dilatatum,Paspalum dilatatum,Poaceae,Poales,Grasses,93.73062694,,12.40454796,,87.59545204,,18.77653815,,36.46300887,,64.21910031,
145,46119,Genebank,34,F260107,CIAT36089,Paspalum,dilatatum,Paspalum dilatatum,Poaceae,Poales,Grasses,95.06246877,86.37136573,13.83420654,15.7443988,86.16579346,84.2556012,16.38792145,16.38792145,40.0742238,36.6892504,67.88680056,62.15308131
146,46119,Genebank,34,F260107,CIAT36089,Paspalum,dilatatum,Paspalum dilatatum,Poaceae,Poales,Grasses,95.24,,13.91469074,,86.08530926,,16.38792145,,38.05172559,,65.4140975,
147,46119,Genebank,34,F260108,CIAT36090,Cenchrus,ciliaris,Cenchrus ciliaris,Poaceae,Poales,Grasses,86.4,86.37136573,15.88489412,15.7443988,84.11510588,84.2556012,17.77740265,17.77740265,35.87633493,36.6892504,61.82553887,62.15308131
148,46119,Genebank,34,F260108,CIAT36090,Cenchrus,ciliaris,Cenchrus ciliaris,Poaceae,Poales,Grasses,86.34273145,,15.60390348,,84.39609652,,17.77740265,,37.50216587,,62.48062374,
149,46119,Breeding,34,F252184,CIAT-BH22_0303,Urochloa,humidicola,Urochloa humidicola,Poaceae,Poales,grasses,,,,,,,,,,,,
150,46119,Breeding,34,F252184,CIAT-BH22_0303,Urochloa,humidicola,Urochloa humidicola,Poaceae,Poales,grasses,,,,,,,,,,,,
151,46119,Breeding,34,F252191,CIAT-BH22_0517,Urochloa,humidicola,Urochloa humidicola,Poaceae,Poales,grasses,96.84,96.865,10.23,10.265,89.77,89.735,8.17,8.21,34.35,34.305,69.43,69.455
152,46119,Breeding,34,F252191,CIAT-BH22_0517,Urochloa,humidicola,Urochloa humidicola,Poaceae,Poales,grasses,96.89,,10.3,,89.7,,8.25,,34.26,,69.48,
153,46119,Breeding,34,F252192,CIAT-BH22_0519,Urochloa,humidicola,Urochloa humidicola,Poaceae,Poales,grasses,,,,,,,,,,,,
154,46119,Breeding,34,F252192,CIAT-BH22_0519,Urochloa,humidicola,Urochloa humidicola,Poaceae,Poales,grasses,,,,,,,,,,,,
155,46119,Genebank,34,F252586,CIAT7289,Chamaecrista,mimosoides,Chamaecrista mimosoides,Fabaceae,Fabales,Herbaceous,91.45,91.40629561,5.863928698,5.748212086,94.1360713,94.25178791,18.55944373,18.55944373,37.05595298,36.53673911,58.07161357,57.4537689
156,46119,Genebank,34,F252586,CIAT7289,Chamaecrista,mimosoides,Chamaecrista mimosoides,Fabaceae,Fabales,Herbaceous,91.36259122,,5.632495474,,94.36750453,,18.55944373,,36.01752524,,56.83592424,
157,46119,Genebank,34,F260042,CIAT33127,Codariocalyx,motorius,Codariocalyx motorius,Fabaceae,Fabales,Shurb_Tree,,,,,,,,,,,,
158,46119,Genebank,34,F260042,CIAT33127,Codariocalyx,motorius,Codariocalyx motorius,Fabaceae,Fabales,Shurb_Tree,,,,,,,,,,,,
159,46119,ISABEL MOLINA,34,F260569,E2 P1 D1 R A1424 DIG,N/A,N/A,N/A,N/A,N/A,N/A,93.90121976,93.83123375,7.064464571,9.984017048,92.93553543,90.01598295,2.247574179,2.192072234,52.74345204,52.83526454,86.0089096,86.30733201
160,46119,ISABEL MOLINA,34,F260569,E2 P1 D1 R A1424 DIG,N/A,N/A,N/A,N/A,N/A,N/A,93.76124775,,12.90356953,,87.09643047,,2.136570289,,52.92707705,,86.60575441,
161,46119,ISABEL MOLINA,34,F260570,E2 P1 D1 R A1413 DIG,N/A,N/A,N/A,N/A,N/A,N/A,95.64087183,95.75064289,8.635290669,5.82140131,91.36470933,94.17859869,2.166894753,2.157155584,53.17752257,53.83388864,86.72820632,88.01123143
162,46119,ISABEL MOLINA,34,F260570,E2 P1 D1 R A1413 DIG,N/A,N/A,N/A,N/A,N/A,N/A,95.86041396,,3.007511952,,96.99248805,,2.147416416,,54.4902547,,89.29425654,
163,46119,ISABEL MOLINA,34,F260571,E2 P1 D1 R A1402 DIG,N/A,N/A,N/A,N/A,N/A,N/A,94.95151455,94.75711659,4.473255977,7.004334407,95.52674402,92.99566559,2.482499744,2.509608747,52.02204842,51.91326055,87.57843405,87.55563075
164,46119,ISABEL MOLINA,34,F260571,E2 P1 D1 R A1402 DIG,N/A,N/A,N/A,N/A,N/A,N/A,94.56271864,,9.535412836,,90.46458716,,2.53671775,,51.80447268,,87.53282745,
165,46119,ISABEL MOLINA/ JUAN CAMILO CÉRON,34,Estrella 100%,Estrella 100%,N/A,N/A,N/A,N/A,N/A,N/A,91.54,91.54,8.12,8.12,91.88,91.88,4.28,4.28,41.16,41.16,80.6,80.6
166,46119,ISABEL MOLINA/ JUAN CAMILO CÉRON,34,Estrella 100%,Estrella 100%,N/A,N/A,N/A,N/A,N/A,N/A,91.54,,8.12,,91.88,,4.28,,41.16,,80.6,
167,46119,ISABEL MOLINA/ JUAN CAMILO CÉRON,34,Estrella_70%_Indsuf_30%,Estrella_70%_Indsuf_30%,N/A,N/A,N/A,N/A,N/A,N/A,92.61943547,92.62232395,8.383371786,8.334834009,91.61662821,91.66516599,11.9566971,12.23005925,37.29757562,37.4443166,69.58698572,69.47600492
168,46119,ISABEL MOLINA/ JUAN CAMILO CÉRON,34,Estrella_70%_Indsuf_30%,Estrella_70%_Indsuf_30%,N/A,N/A,N/A,N/A,N/A,N/A,92.62521244,,8.286296232,,91.71370377,,12.5034214,,37.59105758,,69.36502412,
169,46119,ISABEL MOLINA/ JUAN CAMILO CÉRON,34,Estrella_70%_Canabra_30%,Estrella_70%_Canabra_30%,N/A,N/A,N/A,N/A,N/A,N/A,92.55060816,92.71225241,9.747598453,9.716976226,90.25240155,90.28302377,10.44561645,10.39383581,36.58789355,36.84430514,68.29380842,68.74429233
170,46119,ISABEL MOLINA/ JUAN CAMILO CÉRON,34,Estrella_70%_Canabra_30%,Estrella_70%_Canabra_30%,N/A,N/A,N/A,N/A,N/A,N/A,92.87389666,,9.686353999,,90.313646,,10.34205518,,37.10071674,,69.19477623,
171,46119,ISABEL MOLINA/ JUAN CAMILO CÉRON,34,Estrella_70%_Leudiv_30%,Estrella_70%_Leudiv_30%,N/A,N/A,N/A,N/A,N/A,N/A,92.57729874,92.56369037,8.348058701,8.375305949,91.6519413,91.62469405,12.09541593,12.01543604,38.5556473,38.35200882,71.22880362,71.87138843
172,46119,ISABEL MOLINA/ JUAN CAMILO CÉRON,34,Estrella_70%_Leudiv_30%,Estrella_70%_Leudiv_30%,N/A,N/A,N/A,N/A,N/A,N/A,92.55008201,,8.402553196,,91.5974468,,11.93545615,,38.14837034,,72.51397325,
173,46119,ISABEL MOLINA/ JUAN CAMILO CÉRON,34,Estrella_55%_Indsuf_45%,Estrella_55%_Indsuf_45%,N/A,N/A,N/A,N/A,N/A,N/A,93.1641532,93.16535162,8.489245513,8.444354923,91.51075449,91.55564508,15.76691861,16.20291687,35.45146199,35.58814407,64.2760166,63.91331609
174,46119,ISABEL MOLINA/ JUAN CAMILO CÉRON,34,Estrella_55%_Indsuf_45%,Estrella_55%_Indsuf_45%,N/A,N/A,N/A,N/A,N/A,N/A,93.16655003,,8.399464333,,91.60053567,,16.63891513,,35.72482616,,63.55061558,
175,46119,ISABEL MOLINA/ JUAN CAMILO CÉRON,34,Estrella_55%_Canabra_45%,Estrella_55%_Canabra_45%,N/A,N/A,N/A,N/A,N/A,N/A,93.06091224,93.3002443,10.53558551,10.51756825,89.46441449,89.48243175,13.50029764,13.44858172,34.38693888,34.68812688,62.33625066,62.8157472
176,46119,ISABEL MOLINA/ JUAN CAMILO CÉRON,34,Estrella_55%_Canabra_45%,Estrella_55%_Canabra_45%,N/A,N/A,N/A,N/A,N/A,N/A,93.53957636,,10.49955098,,89.50044902,,13.39686581,,34.98931489,,63.29524374,
177,46119,ISABEL MOLINA/ JUAN CAMILO CÉRON,34,Estrella_55%_Leudiv_45%,Estrella_55%_Leudiv_45%,N/A,N/A,N/A,N/A,N/A,N/A,93.10094811,93.07740125,8.436275885,8.505062832,91.56372412,91.49493717,15.97499685,15.88098206,37.33856951,36.9496824,66.73874345,67.50639136
178,46119,ISABEL MOLINA/ JUAN CAMILO CÉRON,34,Estrella_55%_Leudiv_45%,Estrella_55%_Leudiv_45%,N/A,N/A,N/A,N/A,N/A,N/A,93.05385439,,8.573849779,,91.42615022,,15.78696727,,36.56079529,,68.27403927,
179,46119,Genebank,34,F260426,CIAT17524,Aeschynomene,americana,Aeschynomene americana,Fabaceae,Fabales,Herbaceous,93.25202439,93.30667606,7.971314576,8.009216275,92.02868542,91.99078373,26.23018361,26.23018361,24.6700162,25.80390589,53.92044804,53.5393585
180,46119,Genebank,34,F260426,CIAT17524,Aeschynomene,americana,Aeschynomene americana,Fabaceae,Fabales,Herbaceous,93.36132773,,8.047117974,,91.95288203,,26.23018361,,26.93779558,,53.15826896,
181,46119,Genebank,34,F260427,CIAT7026,Aeschynomene,americana,Aeschynomene americana,Fabaceae,Fabales,Herbaceous,92.94211736,92.92676754,8.72468498,8.746639147,91.27531502,91.25336085,26.4281162,26.4281162,32.53435288,32.451024,54.28283414,53.96354733
182,46119,Genebank,34,F260427,CIAT7026,Aeschynomene,americana,Aeschynomene americana,Fabaceae,Fabales,Herbaceous,92.91141772,,8.768593314,,91.23140669,,26.4281162,,32.36769512,,53.64426053,
183,46119,Genebank,34,F260428,CIAT508,Teramnus,uncinatus,Teramnus uncinatus,Fabaceae,Fabales,Climber,92.5814837,92.58074185,12.69988578,12.75516268,87.30011422,87.24483732,23.2164732,23.2164732,34.1539844,33.90438255,53.31603771,54.12637326
184,46119,Genebank,34,F260428,CIAT508,Teramnus,uncinatus,Teramnus uncinatus,Fabaceae,Fabales,Climber,92.58,,12.81043958,,87.18956042,,23.2164732,,33.6547807,,54.93670882,
185,46119,Genebank,34,F260429,CIAT795,Rhynchosia,reticulata,Rhynchosia reticulata,Fabaceae,Fabales,Climber,94.71211515,94.74605758,9.716834355,9.766273102,90.28316564,90.2337269,16.71865494,16.71865494,46.93440679,46.58719765,61.56917235,61.73604771
186,46119,Genebank,34,F260429,CIAT795,Rhynchosia,reticulata,Rhynchosia reticulata,Fabaceae,Fabales,Climber,94.78,,9.815711849,,90.18428815,,16.71865494,,46.23998851,,61.90292306,
187,46119,Genebank,34,F260430,CIAT936,Teramnus,uncinatus,Teramnus uncinatus,Fabaceae,Fabales,Climber,93.42263095,93.44696834,11.46716036,11.42016082,88.53283964,88.57983918,22.39640073,22.39640073,31.53308059,32.41033559,54.17836869,54.92303397
188,46119,Genebank,34,F260430,CIAT936,Teramnus,uncinatus,Teramnus uncinatus,Fabaceae,Fabales,Climber,93.47130574,,11.37316128,,88.62683872,,22.39640073,,33.28759059,,55.66769925,
189,46119,Genebank,34,F260431,CIAT958,Canavalia,rosea,Canavalia rosea,Fabaceae,Fabales,Climber,93.74125175,93.60627874,12.52870494,12.96128171,87.47129506,87.03871829,21.55562929,21.55562929,28.65149829,28.5999438,46.73105725,47.59811321
190,46119,Genebank,34,F260431,CIAT958,Canavalia,rosea,Canavalia rosea,Fabaceae,Fabales,Climber,93.47130574,,13.39385848,,86.60614152,,21.55562929,,28.54838931,,48.46516918,
191,46119,Genebank,34,F260432,CIAT966,Teramnus,labialis,Teramnus labialis,Fabaceae,Fabales,Climber,92.77072293,92.87536146,11.57349478,11.03571754,88.42650522,88.96428246,18.12297408,18.12297408,37.58843795,37.48149443,53.69561175,53.431861
192,46119,Genebank,34,F260432,CIAT966,Teramnus,labialis,Teramnus labialis,Fabaceae,Fabales,Climber,92.98,,10.4979403,,89.5020597,,18.12297408,,37.37455091,,53.16811025,
193,46119,Genebank,34,F260433,CIAT4042,Centrosema,grazielae,Centrosema grazielae,Fabaceae,Fabales,Climber,95.47181128,95.53590564,12.04300913,12.04541773,87.95699087,87.95458227,20.66577313,20.66577313,41.12363335,40.67688764,62.96838633,61.06951237
194,46119,Genebank,34,F260433,CIAT4042,Centrosema,grazielae,Centrosema grazielae,Fabaceae,Fabales,Climber,95.6,,12.04782634,,87.95217366,,20.66577313,,40.23014193,,59.1706384,
195,46119,Genebank,34,F260434,CIAT4862,Macrotyloma,daltonii,Macrotyloma daltonii,Fabaceae,Fabales,Climber,92.07237829,92.02239328,8.951656708,9.054861488,91.04834329,90.94513851,21.52054168,21.52054168,33.98846089,33.45185711,53.42437538,52.29181899
196,46119,Genebank,34,F260434,CIAT4862,Macrotyloma,daltonii,Macrotyloma daltonii,Fabaceae,Fabales,Climber,91.97240828,,9.158066268,,90.84193373,,21.52054168,,32.91525333,,51.15926261,
197,46119,Genebank,34,F260435,CIAT4986,Teramnus,labialis,Teramnus labialis,Fabaceae,Fabales,Climber,92.36381809,92.3880472,12.44127701,12.3992381,87.55872299,87.6007619,21.33935528,21.23441323,32.743435,31.96445449,50.75885858,49.93712823
198,46119,Genebank,34,F260435,CIAT4986,Teramnus,labialis,Teramnus labialis,Fabaceae,Fabales,Climber,92.41227632,,12.3571992,,87.6428008,,21.12947118,,31.18547397,,49.11539788,
199,46119,Genebank,34,F260436,CIAT5098,Centrosema,schottii,Centrosema schottii,Fabaceae,Fabales,Climber,94.20115977,94.21144662,9.455558401,9.354279004,90.5444416,90.645721,19.01920801,19.01920801,39.17592312,38.84472249,53.30852068,53.02675808
200,46119,Genebank,34,F260436,CIAT5098,Centrosema,schottii,Centrosema schottii,Fabaceae,Fabales,Climber,94.22173348,,9.252999606,,90.74700039,,19.01920801,,38.51352187,,52.74499549,
201,46119,Genebank,34,F260437,CIAT5121,Centrosema,grazielae,Centrosema grazielae,Fabaceae,Fabales,Climber,94.35,94.38083825,13.79517309,13.46474644,86.20482691,86.53525356,18.55506191,18.5582561,38.35896421,38.10836299,57.10505058,56.28492
202,46119,Genebank,34,F260437,CIAT5121,Centrosema,grazielae,Centrosema grazielae,Fabaceae,Fabales,Climber,94.4116765,,13.13431979,,86.86568021,,18.56145029,,37.85776177,,55.46478941,
203,46119,Genebank,34,F260438,CIAT5166,Centrosema,schottii,Centrosema schottii,Fabaceae,Fabales,Climber,94.56054395,94.54081986,8.175544795,8.069382834,91.82445521,91.93061717,15.65162904,15.65162904,32.83073095,32.2969052,56.33223124,55.37721699
204,46119,Genebank,34,F260438,CIAT5166,Centrosema,schottii,Centrosema schottii,Fabaceae,Fabales,Climber,94.52109578,,7.963220873,,92.03677913,,15.65162904,,31.76307945,,54.42220275,
205,46119,Genebank,34,F260439,CIAT5196,Centrosema,pascuorum,Centrosema pascuorum,Fabaceae,Fabales,Climber,93.53064694,93.60127268,13.17158065,12.90325361,86.82841935,87.09674639,20.81990116,20.81990116,34.80143931,35.767377,54.01661783,54.30321081
206,46119,Genebank,34,F260439,CIAT5196,Centrosema,pascuorum,Centrosema pascuorum,Fabaceae,Fabales,Climber,93.67189843,,12.63492656,,87.36507344,,20.81990116,,36.73331468,,54.58980379,
207,46119,Genebank,34,F260440,CIAT5217,Centrosema,pascuorum,Centrosema pascuorum,Fabaceae,Fabales,Climber,93.49260296,93.59161695,13.58552662,13.35252396,86.41447338,86.64747604,22.14639204,22.14639204,37.07062833,37.23148094,56.34337457,57.49791749
208,46119,Genebank,34,F260440,CIAT5217,Centrosema,pascuorum,Centrosema pascuorum,Fabaceae,Fabales,Climber,93.69063094,,13.1195213,,86.8804787,,22.14639204,,37.39233356,,58.65246042,
209,46119,Genebank,34,F260441,CIAT5236,Centrosema,arenarium,Centrosema arenarium,Fabaceae,Fabales,Climber,94.80051995,94.80025997,10.50524978,10.46358106,89.49475022,89.53641894,19.840259,19.840259,42.36746734,41.07224376,61.65691514,60.26855259
210,46119,Genebank,34,F260441,CIAT5236,Centrosema,arenarium,Centrosema arenarium,Fabaceae,Fabales,Climber,94.8,,10.42191235,,89.57808765,,19.840259,,39.77702018,,58.88019005,
211,46119,Genebank,34,F260442,CIAT5325,Centrosema,virginianum,Centrosema virginianum,Fabaceae,Fabales,Climber,93.64254298,93.95655796,10.44745974,10.44370563,89.55254026,89.55629437,21.3682967,21.3682967,41.86695315,42.22477897,60.17635552,59.34196218
212,46119,Genebank,34,F260442,CIAT5325,Centrosema,virginianum,Centrosema virginianum,Fabaceae,Fabales,Climber,94.27057294,,10.43995152,,89.56004848,,21.3682967,,42.58260479,,58.50756884,
213,46119,Genebank,34,F260443,CIAT5383,Periandra,coccinea,Periandra coccinea,Fabaceae,Fabales,Climber,95.89164334,95.84166333,9.522319566,9.558823529,90.47768043,90.44117647,16.97734443,16.97734443,40.96246095,40.56290456,59.45215609,59.29510154
214,46119,Genebank,34,F260443,CIAT5383,Periandra,coccinea,Periandra coccinea,Fabaceae,Fabales,Climber,95.79168333,,9.595327493,,90.40467251,,16.97734443,,40.16334818,,59.13804699,
215,46119,Genebank,34,F260444,CIAT5484,Centrosema,vexillatum,Centrosema vexillatum,Fabaceae,Fabales,Climber,95.5813256,95.55610971,10.83854603,10.91232859,89.16145397,89.08767141,15.31448489,15.31448489,44.76259588,44.6819881,59.42687768,59.91380965
216,46119,Genebank,34,F260444,CIAT5484,Centrosema,vexillatum,Centrosema vexillatum,Fabaceae,Fabales,Climber,95.53089382,,10.98611115,,89.01388885,,15.31448489,,44.60138033,,60.40074163,
217,46119,Genebank,34,F260445,CIAT5504,Centrosema,pascuorum,Centrosema pascuorum,Fabaceae,Fabales,Climber,95.39138259,95.40637809,9.996332582,10.22685598,90.00366742,89.77314402,15.73928551,15.65447754,47.03572356,46.38360701,64.14479255,63.54406926
218,46119,Genebank,34,F260445,CIAT5504,Centrosema,pascuorum,Centrosema pascuorum,Fabaceae,Fabales,Climber,95.42137359,,10.45737937,,89.54262063,,15.56966957,,45.73149047,,62.94334597,
219,46119,Genebank,34,F260446,CIAT5599,Centrosema,arenarium,Centrosema arenarium,Fabaceae,Fabales,Climber,93.86122775,93.8915256,11.01263607,11.00037347,88.98736393,88.99962653,20.68514758,20.68514758,40.39925449,40.83274994,58.79112316,58.42201837
220,46119,Genebank,34,F260446,CIAT5599,Centrosema,arenarium,Centrosema arenarium,Fabaceae,Fabales,Climber,93.92182345,,10.98811087,,89.01188913,,20.68514758,,41.2662454,,58.05291359,
221,46119,Genebank,34,F260447,CIAT5850,Centrosema,brachypodum,Centrosema brachypodum,Fabaceae,Fabales,Climber,95.29,95.34069129,9.492274366,9.490850952,90.50772563,90.50914905,16.265504,16.265504,40.46920921,40.45542758,61.07226642,60.73621134
222,46119,Genebank,34,F260447,CIAT5850,Centrosema,brachypodum,Centrosema brachypodum,Fabaceae,Fabales,Climber,95.39138259,,9.489427538,,90.51057246,,16.265504,,40.44164595,,60.40015627,
223,46119,Genebank,34,F260448,CIAT5984,Centrosema,pubescens,Centrosema pubescens,Fabaceae,Fabales,Climber,95.38046195,95.19073088,12.65752979,12.7041611,87.34247021,87.2958389,20.374541,20.374541,43.81078609,44.42674495,60.67885615,62.27470857
224,46119,Genebank,34,F260448,CIAT5984,Centrosema,pubescens,Centrosema pubescens,Fabaceae,Fabales,Climber,95.0009998,,12.75079241,,87.24920759,,20.374541,,45.04270381,,63.87056099,
225,46119,Genebank,34,F260449,CIAT5989,Centrosema,grandiflorum,Centrosema grandiflorum,Fabaceae,Fabales,Climber,94.57108578,94.63107379,12.53037507,12.46698362,87.46962493,87.53301638,19.08366176,19.08366176,37.89862986,37.51855488,59.24133408,58.87687531
226,46119,Genebank,34,F260449,CIAT5989,Centrosema,grandiflorum,Centrosema grandiflorum,Fabaceae,Fabales,Climber,94.69106179,,12.40359218,,87.59640782,,19.08366176,,37.1384799,,58.51241654,
227,46119,Genebank,34,F260450,CIAT7146,Rhynchosia,reticulata,Rhynchosia reticulata,Fabaceae,Fabales,Climber,94.54163751,94.50664801,11.57243349,11.47194161,88.42756651,88.52805839,16.77605891,16.77605891,51.3938944,51.98963631,65.59179472,66.10904208
228,46119,Genebank,34,F260450,CIAT7146,Rhynchosia,reticulata,Rhynchosia reticulata,Fabaceae,Fabales,Climber,94.4716585,,11.37144973,,88.62855027,,16.77605891,,52.58537822,,66.62628944,
229,46119,Genebank,34,F260451,CIAT7177,Canavalia,rosea,Canavalia rosea,Fabaceae,Fabales,Climber,94.53218713,94.55609356,10.84636352,10.85382066,89.15363648,89.14617934,24.2106734,24.2106734,37.98311815,37.39604292,54.95342916,53.76869522
230,46119,Genebank,34,F260451,CIAT7177,Canavalia,rosea,Canavalia rosea,Fabaceae,Fabales,Climber,94.58,,10.8612778,,89.1387222,,24.2106734,,36.80896768,,52.58396128,
,46119,Genebank,34,F260452,CIAT7320,Canavalia,dictyota,Canavalia dictyota,Fabaceae,Fabales,Climber,93.47195841,93.70188943,12.89875173,12.5146698,87.10124827,87.4853302,25.4279254,25.4279254,27.15475862,27.98038906,45.23356285,46.62083934
,46119,Genebank,34,F260452,CIAT7320,Canavalia,dictyota,Canavalia dictyota,Fabaceae,Fabales,Climber,93.93182045,,12.13058786,,87.86941214,,25.4279254,,28.8060195,,48.00811584,
,46119,Genebank,34,F260453,CIAT7821,Teramnus,labialis,Teramnus labialis,Fabaceae,Fabales,Climber,93.69252299,93.7662615,10.75649754,10.67866272,89.24350246,89.32133728,22.12343282,22.12343282,39.00118619,39.0723767,55.08573276,54.66678597
,46119,Genebank,34,F260453,CIAT7821,Teramnus,labialis,Teramnus labialis,Fabaceae,Fabales,Climber,93.84,,10.60082789,,89.39917211,,22.12343282,,39.14356722,,54.24783918,
,46119,Genebank,34,F260454,CIAT8384,Canavalia,dictyota,Canavalia dictyota,Fabaceae,Fabales,Climber,92.53074693,92.61610332,13.80831267,13.6025155,86.19168733,86.3974845,28.22762592,28.22762592,32.04992293,31.96209659,54.12440812,52.43205309
,46119,Genebank,34,F260454,CIAT8384,Canavalia,dictyota,Canavalia dictyota,Fabaceae,Fabales,Climber,92.70145971,,13.39671834,,86.60328166,,28.22762592,,31.87427025,,50.73969807,
,46119,Genebank,34,F260455,CIAT8772,Canavalia,bicarinata,Canavalia bicarinata,Fabaceae,Fabales,Climber,93.86,93.84592522,14.32134636,14.2872411,85.67865364,85.7127589,19.60668634,19.62436161,31.57336625,31.28723395,49.23350926,50.43119911
,46119,Genebank,34,F260455,CIAT8772,Canavalia,bicarinata,Canavalia bicarinata,Fabaceae,Fabales,Climber,93.83185044,,14.25313584,,85.74686416,,19.64203687,,31.00110166,,51.62888895,
,46119,Jacobo Arango/ Alejandro Montoya,34,F250008,Sample 8,Cynodon, nlemfuensis ,Cynodon nlemfuensis ,Poaceae,Poales,0,93.64063594,93.73093584,11.32941805,11.41385651,88.67058195,88.58614349,13.1,13.1,37.8,37.75,76.05,76.05
,46119,Jacobo Arango/ Alejandro Montoya,34,F250008,Sample 8,Cynodon, nlemfuensis ,Cynodon nlemfuensis ,Poaceae,Poales,0,93.82123575,,11.49829497,,88.50170503,,13.1,,37.7,,76.05,
,46132,Genebank,35,F260456,CIAT8808,Galactia,jussiaeana,Galactia jussiaeana,Fabaceae,Fabales,Climber,93.00069993,93.06138166,8.552639063,8.562526428,91.44736094,91.43747357,13.89428974,13.89428974,40.5195442,39.9878075,60.90731028,62.52562543
,46132,Genebank,35,F260456,CIAT8808,Galactia,jussiaeana,Galactia jussiaeana,Fabaceae,Fabales,Climber,93.12206338,,8.572413794,,91.42758621,,13.89428974,,39.45607079,,64.14394058,
,46132,Genebank,35,F260457,CIAT9177,Vigna,gentryi,Vigna gentryi,Fabaceae,Fabales,Climber,93.74125175,93.70625875,14.90530808,14.86796479,85.09469192,85.13203521,14.49557081,14.49557081,29.94967655,30.28305994,51.87654324,52.62213754
,46132,Genebank,35,F260457,CIAT9177,Vigna,gentryi,Vigna gentryi,Fabaceae,Fabales,Climber,93.67126575,,14.8306215,,85.1693785,,14.49557081,,30.61644333,,53.36773185,
,46132,Genebank,35,F260458,CIAT9389,Rhynchosia,reticulata,Rhynchosia reticulata,Fabaceae,Fabales,Climber,94.29228309,94.30670943,12.47556399,12.81076104,87.52443601,87.18923896,19.93491473,19.93491473,49.84717263,49.85241915,62.32915453,62.07407787
,46132,Genebank,35,F260458,CIAT9389,Rhynchosia,reticulata,Rhynchosia reticulata,Fabaceae,Fabales,Climber,94.32113577,,13.14595809,,86.85404191,,19.93491473,,49.85766568,,61.8190012,
,46132,Genebank,35,F260459,CIAT9992,Canavalia,dictyota,Canavalia dictyota,Fabaceae,Fabales,Climber,93.79248301,93.82654847,12.77378963,12.86628914,87.22621037,87.13371086,26.26512493,26.26512493,18.6089901,18.82111813,44.51974894,43.53943489
,46132,Genebank,35,F260459,CIAT9992,Canavalia,dictyota,Canavalia dictyota,Fabaceae,Fabales,Climber,93.86061394,,12.95878866,,87.04121134,,26.26512493,,19.03324617,,42.55912083,
,46132,Genebank,35,F260460,CIAT15023,Centrosema,virginianum,Centrosema virginianum,Fabaceae,Fabales,Climber,93.64063594,93.72593684,11.46846377,11.39321956,88.53153623,88.60678044,16.1603418,16.1603418,39.20459213,39.55475515,56.42935501,57.0514193
,46132,Genebank,35,F260460,CIAT15023,Centrosema,virginianum,Centrosema virginianum,Fabaceae,Fabales,Climber,93.81123775,,11.31797535,,88.68202465,,16.1603418,,39.90491817,,57.67348359,
,46132,Genebank,35,F260461,CIAT15027,Centrosema,brachypodum,Centrosema brachypodum,Fabaceae,Fabales,Climber,94.23057694,94.17117171,11.09570468,11.16359799,88.90429532,88.83640201,18.51313976,18.51313976,38.62938207,39.16715268,60.14861666,59.47774302
,46132,Genebank,35,F260461,CIAT15027,Centrosema,brachypodum,Centrosema brachypodum,Fabaceae,Fabales,Climber,94.11176647,,11.23149129,,88.76850871,,18.51313976,,39.7049233,,58.80686937,
,46132,Genebank,35,F260462,CIAT15055,Centrosema,vexillatum,Centrosema vexillatum,Fabaceae,Fabales,Climber,94.68212715,94.61188233,11.22031761,11.19974581,88.77968239,88.80025419,16.85725958,16.85725958,43.98922941,43.39859013,62.49560521,61.07178071
,46132,Genebank,35,F260462,CIAT15055,Centrosema,vexillatum,Centrosema vexillatum,Fabaceae,Fabales,Climber,94.54163751,,11.179174,,88.820826,,16.85725958,,42.80795085,,59.64795622,
,46132,Genebank,35,F260463,CIAT15079,Centrosema,vexillatum,Centrosema vexillatum,Fabaceae,Fabales,Climber,92.96,92.98569886,9.496083923,9.672545664,90.50391608,90.32745434,15.50967779,15.50967779,53.15715498,52.59629025,68.97880241,68.35308644
,46132,Genebank,35,F260463,CIAT15079,Centrosema,vexillatum,Centrosema vexillatum,Fabaceae,Fabales,Climber,93.01139772,,9.849007405,,90.1509926,,15.50967779,,52.03542552,,67.72737047,
,46132,Genebank,35,F260464,CIAT15234,Centrosema,platycarpum,Centrosema platycarpum,Fabaceae,Fabales,Climber,94.70158952,94.6871266,11.26531171,11.28001947,88.73468829,88.71998053,9.547755648,9.547755648,39.38645337,39.58373417,58.38828214,56.71667037
,46132,Genebank,35,F260464,CIAT15234,Centrosema,platycarpum,Centrosema platycarpum,Fabaceae,Fabales,Climber,94.67266367,,11.29472723,,88.70527277,,9.547755648,,39.78101496,,55.0450586,
,46132,Genebank,35,F260465,CIAT15252,Centrosema,bifidum,Centrosema bifidum,Fabaceae,Fabales,Climber,95.57,95.38024048,9.079448696,9.078994769,90.9205513,90.92100523,14.54419336,14.55570382,41.17055129,40.7536474,58.65189537,57.56383517
,46132,Genebank,35,F260465,CIAT15252,Centrosema,bifidum,Centrosema bifidum,Fabaceae,Fabales,Climber,95.19048095,,9.078540842,,90.92145916,,14.56721427,,40.3367435,,56.47577496,
,46132,Genebank,35,F260466,CIAT15254,Centrosema,bifidum,Centrosema bifidum,Fabaceae,Fabales,Climber,94.01119776,93.95059888,11.16320976,10.44054144,88.83679024,89.55945856,11.84268373,11.84268373,49.43416885,49.49358366,62.82763412,62.67272237
,46132,Genebank,35,F260466,CIAT15254,Centrosema,bifidum,Centrosema bifidum,Fabaceae,Fabales,Climber,93.89,,9.717873126,,90.28212687,,11.84268373,,49.55299847,,62.51781061,
,46132,Genebank,35,F260467,CIAT15349,Centrosema,schottii,Centrosema schottii,Fabaceae,Fabales,Climber,92.92212336,92.97175954,8.462397342,8.312267127,91.53760266,91.68773287,13.86149279,13.86149279,42.21764298,39.43337584,58.69097787,56.75189944
,46132,Genebank,35,F260467,CIAT15349,Centrosema,schottii,Centrosema schottii,Fabaceae,Fabales,Climber,93.02139572,,8.162136912,,91.83786309,,13.86149279,,36.6491087,,54.812821,
,46132,Genebank,35,F260468,CIAT15444,Centrosema,tetragonolobum,Centrosema tetragonolobum,Fabaceae,Fabales,Climber,94.27286357,94.27671776,11.16366573,11.27726137,88.83633427,88.72273863,19.87596043,19.87596043,35.16539302,35.72803961,54.84615414,55.78662955
,46132,Genebank,35,F260468,CIAT15444,Centrosema,tetragonolobum,Centrosema tetragonolobum,Fabaceae,Fabales,Climber,94.28057194,,11.390857,,88.609143,,19.87596043,,36.29068619,,56.72710495,
,46132,Genebank,35,F260469,CIAT15837,Centrosema,tetragonolobum,Centrosema tetragonolobum,Fabaceae,Fabales,Climber,94.41055894,94.49163629,10.89934571,10.79139034,89.10065429,89.20860966,17.17581273,17.17581273,39.97053339,40.06352767,59.92576142,59.86895711
,46132,Genebank,35,F260469,CIAT15837,Centrosema,tetragonolobum,Centrosema tetragonolobum,Fabaceae,Fabales,Climber,94.57271364,,10.68343498,,89.31656502,,17.17581273,,40.15652195,,59.81215279,
,46132,Genebank,35,F260470,CIAT17152,Macrotyloma,uniflorum,Macrotyloma uniflorum,Fabaceae,Fabales,Climber,92.24077592,92.33727952,12.91873356,12.82955551,87.08126644,87.17044449,19.30016699,19.30016699,27.47682227,27.714992,45.16185856,44.59881172
,46132,Genebank,35,F260470,CIAT17152,Macrotyloma,uniflorum,Macrotyloma uniflorum,Fabaceae,Fabales,Climber,92.43378311,,12.74037745,,87.25962255,,19.30016699,,27.95316173,,44.03576489,
,46132,Genebank,35,F260471,CIAT17155,Macrotyloma,uniflorum,Macrotyloma uniflorum,Fabaceae,Fabales,Climber,93.05,93.03534897,8.889094406,8.781174716,91.11090559,91.21882528,20.31506573,20.31506573,37.51640514,37.17169419,55.7108213,53.86630132
,46132,Genebank,35,F260471,CIAT17155,Macrotyloma,uniflorum,Macrotyloma uniflorum,Fabaceae,Fabales,Climber,93.02069793,,8.673255027,,91.32674497,,20.31506573,,36.82698324,,52.02178134,
,46132,Genebank,35,F260472,CIAT17173,Macrotyloma,daltonii,Macrotyloma daltonii,Fabaceae,Fabales,Climber,93.90182945,93.93091473,9.418992482,9.399113086,90.58100752,90.60088691,12.96764468,12.96764468,33.98821128,33.79714287,53.39230639,53.70651526
,46132,Genebank,35,F260472,CIAT17173,Macrotyloma,daltonii,Macrotyloma daltonii,Fabaceae,Fabales,Climber,93.96,,9.379233691,,90.62076631,,12.96764468,,33.60607447,,54.02072413,
,46132,Genebank,35,F260473,CIAT17210,Neonotonia,wightii,Neonotonia wightii,Fabaceae,Fabales,Climber,92.87285086,92.91142543,13.41601847,13.81154894,86.58398153,86.18845106,24.18995338,24.18995338,31.89989702,32.53926922,51.78907612,53.44698672
,46132,Genebank,35,F260473,CIAT17210,Neonotonia,wightii,Neonotonia wightii,Fabaceae,Fabales,Climber,92.95,,14.20707942,,85.79292058,,24.18995338,,33.17864141,,55.10489732,
,46132,Genebank,35,F260474,CIAT17555,Vigna,adenantha,Vigna adenantha,Fabaceae,Fabales,Climber,93.73313343,93.68752043,11.15919449,11.07494544,88.84080551,88.92505456,22.16448508,22.16448508,32.0496454,32.28453961,49.75544027,49.78568348
,46132,Genebank,35,F260474,CIAT17555,Vigna,adenantha,Vigna adenantha,Fabaceae,Fabales,Climber,93.64190743,,10.99069639,,89.00930361,,22.16448508,,32.51943383,,49.8159267,
,46132,Genebank,35,F260475,CIAT17565,Canavalia,bicarinata,Canavalia bicarinata,Fabaceae,Fabales,Climber,93.27269092,93.39134546,16.17276027,15.79052013,83.82723973,84.20947987,14.53799344,14.51703338,33.81738808,32.26917785,48.9278977,48.06576261
,46132,Genebank,35,F260475,CIAT17565,Canavalia,bicarinata,Canavalia bicarinata,Fabaceae,Fabales,Climber,93.51,,15.40828,,84.59172,,14.49607333,,30.72096762,,47.20362752,
,46132,Genebank,35,F260476,CIAT17570,Calopogonium,velutinum,Calopogonium velutinum,Fabaceae,Fabales,Climber,95.24047595,95.26094576,11.51458556,11.56065895,88.48541444,88.43934105,17.28789127,17.28789127,34.36066181,34.81575128,53.24304798,53.46326955
,46132,Genebank,35,F260476,CIAT17570,Calopogonium,velutinum,Calopogonium velutinum,Fabaceae,Fabales,Climber,95.28141558,,11.60673234,,88.39326766,,17.28789127,,35.27084075,,53.68349111,
,46132,Genebank,35,F260477,CIAT18061,Galactia,elliptifoliola,Galactia elliptifoliola,Fabaceae,Fabales,Climber,94.15116977,94.24115177,9.717801825,9.659452578,90.28219818,90.34054742,15.6886639,15.68653171,38.76748814,39.88120467,63.67989138,63.74643081
,46132,Genebank,35,F260477,CIAT18061,Galactia,elliptifoliola,Galactia elliptifoliola,Fabaceae,Fabales,Climber,94.33113377,,9.601103331,,90.39889667,,15.68439952,,40.99492121,,63.81297025,
,46132,Genebank,35,F260478,CIAT18068,Galactia,elliptifoliola,Galactia elliptifoliola,Fabaceae,Fabales,Climber,94.74262869,94.81131434,12.11275041,12.15796766,87.88724959,87.84203234,18.52910983,18.52910983,30.05437753,30.43918522,56.61462252,61.6766974
,46132,Genebank,35,F260478,CIAT18068,Galactia,elliptifoliola,Galactia elliptifoliola,Fabaceae,Fabales,Climber,94.88,,12.2031849,,87.7968151,,18.52910983,,30.82399291,,66.73877227,
,46132,Genebank,35,F260479,CIAT18658,Periandra,densiflora,Periandra densiflora,Fabaceae,Fabales,Climber,94.49110178,94.47138314,7.789161172,7.868137142,92.21083883,92.13186286,12.53157013,12.53210199,38.86375482,39.17508569,63.01799724,62.57770461
,46132,Genebank,35,F260479,CIAT18658,Periandra,densiflora,Periandra densiflora,Fabaceae,Fabales,Climber,94.4516645,,7.947113111,,92.05288689,,12.53263384,,39.48641655,,62.13741198,
,46132,Genebank,35,F260480,CIAT18857,Neonotonia,wightii,Neonotonia wightii,Fabaceae,Fabales,Climber,93.59064094,93.67156997,23.71880628,20.78597002,76.28119372,79.21402998,17.49736413,17.49736413,34.12338895,34.51545038,60.44118374,61.89201582
,46132,Genebank,35,F260480,CIAT18857,Neonotonia,wightii,Neonotonia wightii,Fabaceae,Fabales,Climber,93.752499,,17.85313375,,82.14686625,,17.49736413,,34.90751181,,63.34284789,
,46132,Genebank,35,F260481,CIAT19215,Macrotyloma,axillare,Macrotyloma axillare,Fabaceae,Fabales,Climber,92.18078192,92.18078192,19.2103265,19.58997722,80.7896735,80.41002278,16.89006717,16.89006717,39.09298538,39.54994922,60.11389874,60.87476953
,46132,Genebank,35,F260481,CIAT19215,Macrotyloma,axillare,Macrotyloma axillare,Fabaceae,Fabales,Climber,92.18078192,,19.96962794,,80.03037206,,16.89006717,,40.00691306,,61.63564033,
,46132,Genebank,35,F260482,CIAT19445,Galactia,dubia,Galactia dubia,Fabaceae,Fabales,Climber,93.39198241,93.41664707,21.51005462,18.42878409,78.48994538,81.57121591,17.4753425,17.4753425,38.12023126,38.52934387,64.59421569,64.72851981
,46132,Genebank,35,F260482,CIAT19445,Galactia,dubia,Galactia dubia,Fabaceae,Fabales,Climber,93.44131174,,15.34751356,,84.65248644,,17.4753425,,38.93845648,,64.86282392,
,46132,Genebank,35,F260483,CIAT19826,Dunbaria,nivea,Dunbaria nivea,Fabaceae,Fabales,Climber,93.762495,93.69720271,22.05160315,21.55124001,77.94839685,78.44875999,19.29683178,19.29683178,42.54398855,42.36293767,66.15471763,66.4001432
,46132,Genebank,35,F260483,CIAT19826,Dunbaria,nivea,Dunbaria nivea,Fabaceae,Fabales,Climber,93.63191043,,21.05087687,,78.94912313,,19.29683178,,42.18188679,,66.64556877,
,46132,Genebank,35,F260484,CIAT20820,Canavalia,gladiata,Canavalia gladiata,Fabaceae,Fabales,Climber,92.30307877,92.21153938,23.24158947,18.38784368,76.75841053,81.61215632,25.24214418,25.04779877,26.07602766,25.86187801,56.58516181,56.47103092
,46132,Genebank,35,F260484,CIAT20820,Canavalia,gladiata,Canavalia gladiata,Fabaceae,Fabales,Climber,92.12,,13.53409788,,86.46590212,,24.85345335,,25.64772836,,56.35690004,
,46132,Genebank,35,F260485,CIAT21015,Galactia,elliptifoliola,Galactia elliptifoliola,Fabaceae,Fabales,Climber,93.51129774,93.43664457,17.92300092,17.19455745,82.07699908,82.80544255,19.55182005,19.55074423,41.68836964,41.84016643,69.61092566,71.0382746
,46132,Genebank,35,F260485,CIAT21015,Galactia,elliptifoliola,Galactia elliptifoliola,Fabaceae,Fabales,Climber,93.3619914,,16.46611397,,83.53388603,,19.54966842,,41.99196321,,72.46562354,
,46132,Genebank,35,F260486,CIAT21037,Dolichos,trilobus,Dolichos trilobus,Fabaceae,Fabales,Climber,93.83185044,93.87183845,9.968051118,8.828541001,90.03194888,91.171459,19.21873169,19.21873169,27.52601864,27.82134982,49.35796123,52.37051643
,46132,Genebank,35,F260486,CIAT21037,Dolichos,trilobus,Dolichos trilobus,Fabaceae,Fabales,Climber,93.91182645,,7.689030884,,92.31096912,,19.21873169,,28.116681,,55.38307162,
,46132,Genebank,35,F260487,CIAT21038,Dolichos,trilobus,Dolichos trilobus,Fabaceae,Fabales,Climber,91.79246226,91.82745176,18.39856295,20.59768113,81.60143705,79.40231887,23.04783108,23.04783108,31.62251968,31.43810198,63.23297961,62.01367056
,46132,Genebank,35,F260487,CIAT21038,Dolichos,trilobus,Dolichos trilobus,Fabaceae,Fabales,Climber,91.86244127,,22.7967993,,77.2032007,,23.04783108,,31.25368429,,60.79436152,
,46132,Genebank,35,F260488,CIAT21236,Canavalia,mattogrossensis,Canavalia mattogrossensis,Fabaceae,Fabales,Climber,90.84091591,90.88136577,15.93126602,13.18568131,84.06873398,86.81431869,13.98363591,13.98363591,34.01945906,33.56355377,55.66436557,55.41826133
,46132,Genebank,35,F260488,CIAT21236,Canavalia,mattogrossensis,Canavalia mattogrossensis,Fabaceae,Fabales,Climber,90.92181564,,10.4400966,,89.5599034,,13.98363591,,33.10764849,,55.17215709,
,46132,Genebank,35,F260489,CIAT21829,Rhynchosia,minima,Rhynchosia minima,Fabaceae,Fabales,Climber,92.92212336,92.94176554,13.56356646,16.42030075,86.43643354,83.57969925,17.78510203,17.78510203,47.32392306,47.72093428,63.50869456,64.04334989
,46132,Genebank,35,F260489,CIAT21829,Rhynchosia,minima,Rhynchosia minima,Fabaceae,Fabales,Climber,92.96140772,,19.27703505,,80.72296495,,17.78510203,,48.11794551,,64.57800523,
,46132,Genebank,35,F260490,CIAT22034,Rhynchosia,minima,Rhynchosia minima,Fabaceae,Fabales,Climber,93.88061194,93.87530597,13.6656994,12.43070096,86.3343006,87.56929904,19.88846772,19.88846772,50.04800337,50.08228997,63.03052128,62.72018179
,46132,Genebank,35,F260490,CIAT22034,Rhynchosia,minima,Rhynchosia minima,Fabaceae,Fabales,Climber,93.87,,11.19570252,,88.80429748,,19.88846772,,50.11657658,,62.4098423,
,46132,Genebank,35,F260491,CIAT22080,Cajanus,crassus,Cajanus crassus,Fabaceae,Fabales,Climber,94.58162551,94.55690632,8.267671826,8.415258398,91.73232817,91.5847416,14.89080613,14.89080613,40.78027714,41.65430113,61.68287282,61.0588987
,46132,Genebank,35,F260491,CIAT22080,Cajanus,crassus,Cajanus crassus,Fabaceae,Fabales,Climber,94.53218713,,8.562844969,,91.43715503,,14.89080613,,42.52832513,,60.43492459,
,46132,Genebank,35,F260492,CIAT22188,Rhynchosia,minima,Rhynchosia minima,Fabaceae,Fabales,Climber,93.34066593,93.33533297,11.93426515,11.84379238,88.06573485,88.15620762,27.66824122,27.66824122,47.52400869,47.5315444,59.32236339,59.54909491
,46132,Genebank,35,F260492,CIAT22188,Rhynchosia,minima,Rhynchosia minima,Fabaceae,Fabales,Climber,93.33,,11.75331962,,88.24668038,,27.66824122,,47.5390801,,59.77582643,
,46132,Genebank,35,F260493,CIAT22283,Cajanus,scarabaeoides,Cajanus scarabaeoides,Fabaceae,Fabales,Climber,91.96,92.04078784,10.28891671,9.989167188,89.71108329,90.01083281,22.2052583,22.6065603,52.03349248,51.83292578,64.24199542,63.84444746
,46132,Genebank,35,F260493,CIAT22283,Cajanus,scarabaeoides,Cajanus scarabaeoides,Fabaceae,Fabales,Climber,92.12157568,,9.689417666,,90.31058233,,23.0078623,,51.63235907,,63.4468995,
,46132,Genebank,35,F260494,CIAT22525,Dolichos,trilobus,Dolichos trilobus,Fabaceae,Fabales,Climber,93.11137772,93.08707631,14.67149801,15.07271899,85.32850199,84.92728101,23.66111134,23.66111134,30.52187715,31.43095051,45.4677071,46.51366533
,46132,Genebank,35,F260494,CIAT22525,Dolichos,trilobus,Dolichos trilobus,Fabaceae,Fabales,Climber,93.06277489,,15.47393997,,84.52606003,,23.66111134,,32.34002387,,47.55962356,
,46132,Genebank,35,F260495,CIAT24002,Neonotonia,wightii,Neonotonia wightii,Fabaceae,Fabales,Climber,93.16068393,93.04104982,10.97255364,10.85917428,89.02744636,89.14082572,22.25482408,22.25482408,36.63906332,37.88768436,56.91222808,57.69570282
,46132,Genebank,35,F260495,CIAT24002,Neonotonia,wightii,Neonotonia wightii,Fabaceae,Fabales,Climber,92.92141572,,10.74579491,,89.25420509,,22.25482408,,39.1363054,,58.47917756,
,46132,Genebank,35,F260496,CIAT24024,Vigna,adenantha,Vigna adenantha,Fabaceae,Fabales,Climber,92.93212036,92.90641615,14.60171513,13.6883675,85.39828487,86.3116325,25.25926866,25.25926866,37.58708165,30.92376669,44.38862651,45.40443535
,46132,Genebank,35,F260496,CIAT24024,Vigna,adenantha,Vigna adenantha,Fabaceae,Fabales,Climber,92.88071193,,12.77501987,,87.22498013,,25.25926866,,24.26045174,,46.4202442,
,46132,Genebank,35,F260497,CIAT24082,Vigna,gentryi,Vigna gentryi,Fabaceae,Fabales,Climber,94.27057294,94.29057094,14.252386,14.31601273,85.747614,85.68398727,17.8982055,17.8982055,31.93280198,37.43208256,52.81712903,52.68383609
,46132,Genebank,35,F260497,CIAT24082,Vigna,gentryi,Vigna gentryi,Fabaceae,Fabales,Climber,94.31056894,,14.37963945,,85.62036055,,17.8982055,,42.93136314,,52.55054316,
,46132,Genebank,35,F260498,CIAT25102,Centrosema,arenarium,Centrosema arenarium,Fabaceae,Fabales,Climber,93.38264694,93.44664794,10.37610419,10.54351391,89.62389581,89.45648609,23.27647347,23.27647347,37.26441773,37.05134546,56.96111873,57.20594981
,46132,Genebank,35,F260498,CIAT25102,Centrosema,arenarium,Centrosema arenarium,Fabaceae,Fabales,Climber,93.51064894,,10.71092363,,89.28907637,,23.27647347,,36.83827318,,57.45078089,
,46132,Genebank,35,F260499,CIAT25124,Centrosema,capitatum,Centrosema capitatum,Fabaceae,Fabales,Climber,93.54129174,93.56192936,12.9300246,12.82723569,87.0699754,87.17276431,20.97522105,20.97522105,48.66734638,48.78799227,61.4060197,61.02375588
,46132,Genebank,35,F260499,CIAT25124,Centrosema,capitatum,Centrosema capitatum,Fabaceae,Fabales,Climber,93.58256697,,12.72444678,,87.27555322,,20.97522105,,48.90863816,,60.64149205,
,46132,Genebank,35,F260500,CIAT25156,Centrosema,platycarpum,Centrosema platycarpum,Fabaceae,Fabales,Climber,94.20057994,94.20615821,7.960466935,8.20904922,92.03953307,91.79095078,11.32233349,11.32233349,47.68872154,43.35202978,58.2245626,58.47313957
,46132,Genebank,35,F260500,CIAT25156,Centrosema,platycarpum,Centrosema platycarpum,Fabaceae,Fabales,Climber,94.21173648,,8.457631506,,91.54236849,,11.32233349,,39.01533802,,58.72171653,
,46132,Breeding,35,F261074,CIAT-BR06_423_Temp_B,Urochloa,interespecifico,Urochloa interespecifico,Poaceae,Poales,grasses,93.47195841,93.49162808,13.03469022,13.08346485,86.96530978,86.91653515,14.15040067,14.28482273,25.33558542,25.56744037,55.19726196,55.3636363
,46132,Breeding,35,F261074,CIAT-BR06_423_Temp_B,Urochloa,interespecifico,Urochloa interespecifico,Poaceae,Poales,grasses,93.51129774,,13.13223948,,86.86776052,,14.41924479,,25.79929533,,55.53001064,
,46132,Breeding,35,F261075,CIAT_MulatoII_Temp_C,Urochloa,interespecifico,Urochloa interespecifico,Poaceae,Poales,grasses,93.3220034,94.69678739,15.0012885,15.64972032,84.9987115,84.35027968,19.89145007,19.85905596,25.51081004,25.74133412,57.77230118,58.00311111
,46132,Breeding,35,F261075,CIAT_MulatoII_Temp_C,Urochloa,interespecifico,Urochloa interespecifico,Poaceae,Poales,grasses,96.07157137,,16.29815213,,83.70184787,,19.82666185,,25.9718582,,58.23392103,
,46132,Breeding,35,F261076,CIAT-BR06_423_Opt_F,Urochloa,interespecifico,Urochloa interespecifico,Poaceae,Poales,grasses,93.8,93.82123151,14.19721292,14.13044877,85.80278708,85.86955123,12.26657157,12.19715927,32.25676421,32.04704855,62.38238522,61.89351496
,46132,Breeding,35,F261076,CIAT-BR06_423_Opt_F,Urochloa,interespecifico,Urochloa interespecifico,Poaceae,Poales,grasses,93.84246301,,14.06368463,,85.93631537,,12.12774698,,31.83733288,,61.40464471,
,46132,Breeding,35,F261077,CIAT_MulatoII_Opt_D,Urochloa,interespecifico,Urochloa interespecifico,Poaceae,Poales,grasses,95.0609878,95.0909818,11.53401325,11.60761224,88.46598675,88.39238776,17.10045477,17.44837371,27.06320283,27.38467102,58.82104687,59.23015202
,46132,Breeding,35,F261077,CIAT_MulatoII_Opt_D,Urochloa,interespecifico,Urochloa interespecifico,Poaceae,Poales,grasses,95.1209758,,11.68121123,,88.31878877,,17.79629264,,27.7061392,,59.63925718,
,46132,Breeding,35,F261078,CIAT-BR06_423_Exc_G,Urochloa,interespecifico,Urochloa interespecifico,Poaceae,Poales,grasses,93.31,93.31066887,11.48850408,11.53557181,88.51149592,88.46442819,11.88788825,11.66157616,29.44799648,29.51609504,60.3251628,60.41945518
,46132,Breeding,35,F261078,CIAT-BR06_423_Exc_G,Urochloa,interespecifico,Urochloa interespecifico,Poaceae,Poales,grasses,93.31133773,,11.58263955,,88.41736045,,11.43526408,,29.5841936,,60.51374756,
,46132,Breeding,35,F261079,CIAT_MulatoII_Exc_E,Urochloa,interespecifico,Urochloa interespecifico,Poaceae,Poales,grasses,92.31076892,92.37076292,12.6001299,12.65966659,87.3998701,87.34033341,18.10029838,17.76175229,33.60429264,33.0812702,67.53588662,67.10414764
,46132,Breeding,35,F261079,CIAT_MulatoII_Exc_E,Urochloa,interespecifico,Urochloa interespecifico,Poaceae,Poales,grasses,92.43075692,,12.71920329,,87.28079671,,17.4232062,,32.55824775,,66.67240866,
,46132,Genebank,35,F260426,CIAT17524,Aeschynomene,americana,Aeschynomene americana,Fabaceae,Fabales,Herbaceous,93.25202439,93.30667606,7.971314576,8.009216275,92.02868542,91.99078373,26.23018361,26.23018361,24.6700162,25.80390589,53.92044804,53.5393585
,46132,Genebank,35,F260426,CIAT17524,Aeschynomene,americana,Aeschynomene americana,Fabaceae,Fabales,Herbaceous,93.36132773,,8.047117974,,91.95288203,,26.23018361,,26.93779558,,53.15826896,
,46132,Genebank,35,F260433,CIAT4042,Centrosema,grazielae,Centrosema grazielae,Fabaceae,Fabales,Climber,95.47181128,95.53590564,12.04300913,12.04541773,87.95699087,87.95458227,20.66577313,20.66577313,41.12363335,40.67688764,62.96838633,61.06951237
,46132,Genebank,35,F260433,CIAT4042,Centrosema,grazielae,Centrosema grazielae,Fabaceae,Fabales,Climber,95.6,,12.04782634,,87.95217366,,20.66577313,,40.23014193,,59.1706384,
,46132,Genebank,35,F260436,CIAT5098,Centrosema,schottii,Centrosema schottii,Fabaceae,Fabales,Climber,94.20115977,94.21144662,9.455558401,9.354279004,90.5444416,90.645721,19.01920801,19.01920801,39.17592312,38.84472249,53.30852068,53.02675808
,46132,Genebank,35,F260436,CIAT5098,Centrosema,schottii,Centrosema schottii,Fabaceae,Fabales,Climber,94.22173348,,9.252999606,,90.74700039,,19.01920801,,38.51352187,,52.74499549,
,46132,Genebank,35,F260440,CIAT5217,Centrosema,pascuorum,Centrosema pascuorum,Fabaceae,Fabales,Climber,93.49260296,93.59161695,13.58552662,13.35252396,86.41447338,86.64747604,22.14639204,22.14639204,37.07062833,37.23148094,56.34337457,57.49791749
,46132,Genebank,35,F260440,CIAT5217,Centrosema,pascuorum,Centrosema pascuorum,Fabaceae,Fabales,Climber,93.69063094,,13.1195213,,86.8804787,,22.14639204,,37.39233356,,58.65246042,
,46132,Genebank,35,F260441,CIAT5236,Centrosema,arenarium,Centrosema arenarium,Fabaceae,Fabales,Climber,94.80051995,94.80025997,10.50524978,10.46358106,89.49475022,89.53641894,19.840259,19.840259,42.36746734,41.07224376,61.65691514,60.26855259
,46132,Genebank,35,F260441,CIAT5236,Centrosema,arenarium,Centrosema arenarium,Fabaceae,Fabales,Climber,94.8,,10.42191235,,89.57808765,,19.840259,,39.77702018,,58.88019005,
,46132,Genebank,35,F260443,CIAT5383,Periandra,coccinea,Periandra coccinea,Fabaceae,Fabales,Climber,95.89164334,95.84166333,9.522319566,9.558823529,90.47768043,90.44117647,16.97734443,16.97734443,40.96246095,40.56290456,59.45215609,59.29510154
,46132,Genebank,35,F260443,CIAT5383,Periandra,coccinea,Periandra coccinea,Fabaceae,Fabales,Climber,95.79168333,,9.595327493,,90.40467251,,16.97734443,,40.16334818,,59.13804699,
,46132,Genebank,35,F260444,CIAT5484,Centrosema,vexillatum,Centrosema vexillatum,Fabaceae,Fabales,Climber,95.5813256,95.55610971,10.83854603,10.91232859,89.16145397,89.08767141,15.31448489,15.31448489,44.76259588,44.6819881,59.42687768,59.91380965
,46132,Genebank,35,F260444,CIAT5484,Centrosema,vexillatum,Centrosema vexillatum,Fabaceae,Fabales,Climber,95.53089382,,10.98611115,,89.01388885,,15.31448489,,44.60138033,,60.40074163,
,46132,Genebank,35,F260447,CIAT5850,Centrosema,brachypodum,Centrosema brachypodum,Fabaceae,Fabales,Climber,95.29,95.34069129,9.492274366,9.490850952,90.50772563,90.50914905,16.265504,16.265504,40.46920921,40.45542758,61.07226642,60.73621134
,46132,Genebank,35,F260447,CIAT5850,Centrosema,brachypodum,Centrosema brachypodum,Fabaceae,Fabales,Climber,95.39138259,,9.489427538,,90.51057246,,16.265504,,40.44164595,,60.40015627,
,46132,Genebank,35,F260450,CIAT7146,Rhynchosia,reticulata,Rhynchosia reticulata,Fabaceae,Fabales,Climber,94.54163751,94.50664801,11.57243349,11.47194161,88.42756651,88.52805839,16.77605891,16.77605891,51.3938944,51.98963631,65.59179472,66.10904208
,46132,Genebank,35,F260450,CIAT7146,Rhynchosia,reticulata,Rhynchosia reticulata,Fabaceae,Fabales,Climber,94.4716585,,11.37144973,,88.62855027,,16.77605891,,52.58537822,,66.62628944,
,46132,Genebank,35,F260451,CIAT7177,Canavalia,rosea,Canavalia rosea,Fabaceae,Fabales,Climber,94.53218713,94.55609356,10.84636352,10.85382066,89.15363648,89.14617934,24.2106734,24.2106734,37.98311815,37.39604292,54.95342916,53.76869522
,46132,Genebank,35,F260451,CIAT7177,Canavalia,rosea,Canavalia rosea,Fabaceae,Fabales,Climber,94.58,,10.8612778,,89.1387222,,24.2106734,,36.80896768,,52.58396128,
,46132,Genebank,35,F260452,CIAT7320,Canavalia,dictyota,Canavalia dictyota,Fabaceae,Fabales,Climber,93.47195841,93.70188943,12.89875173,12.5146698,87.10124827,87.4853302,25.4279254,25.4279254,27.15475862,27.98038906,45.23356285,46.62083934
,46132,Genebank,35,F260452,CIAT7320,Canavalia,dictyota,Canavalia dictyota,Fabaceae,Fabales,Climber,93.93182045,,12.13058786,,87.86941214,,25.4279254,,28.8060195,,48.00811584,
,46132,Genebank,35,F260454,CIAT8384,Canavalia,dictyota,Canavalia dictyota,Fabaceae,Fabales,Climber,92.53074693,92.61610332,13.80831267,13.6025155,86.19168733,86.3974845,28.22762592,28.22762592,32.04992293,31.96209659,54.12440812,52.43205309
,46132,Genebank,35,F260454,CIAT8384,Canavalia,dictyota,Canavalia dictyota,Fabaceae,Fabales,Climber,92.70145971,,13.39671834,,86.60328166,,28.22762592,,31.87427025,,50.73969807,
,46132,Genebank,35,F260455,CIAT8772,Canavalia,bicarinata,Canavalia bicarinata,Fabaceae,Fabales,Climber,93.86,93.84592522,14.32134636,14.2872411,85.67865364,85.7127589,19.60668634,19.62436161,31.57336625,31.28723395,49.23350926,50.43119911
,46132,Genebank,35,F260455,CIAT8772,Canavalia,bicarinata,Canavalia bicarinata,Fabaceae,Fabales,Climber,93.83185044,,14.25313584,,85.74686416,,19.64203687,,31.00110166,,51.62888895,
,46132,Genebank,35,F252583,CIAT4141,Vigna,radiata,Vigna radiata,Fabaceae,Fabales,Herbaceous,90.88,90.94,11.92,11.82,88.08,88.18,19.8,19.485,28.07,27.985,48.46,49.145
,46132,Genebank,35,F252583,CIAT4141,Vigna,radiata,Vigna radiata,Fabaceae,Fabales,Herbaceous,91,,11.72,,88.28,,19.17,,27.9,,49.83,
,46132,Genebank,35,F252588,CIAT8014,Crotalaria,retusa,Crotalaria retusa,Fabaceae,Fabales,Herbaceous,91.32,91.315,8.91,8.93,91.09,91.07,21.18,21.18,31.07,30.045,56.56,54.875
,46132,Genebank,35,F252588,CIAT8014,Crotalaria,retusa,Crotalaria retusa,Fabaceae,Fabales,Herbaceous,91.31,,8.95,,91.05,,21.18,,29.02,,53.19,
,46132,Genebank,35,F252612,CIAT23416,Codariocalyx,motorius,Codariocalyx motorius,Fabaceae,Fabales,Shurb_Tree,92.78,92.805,12.36,12.275,87.64,87.725,18.14,18.14,40.91,41.12,56.81,56.805
,46132,Genebank,35,F252612,CIAT23416,Codariocalyx,motorius,Codariocalyx motorius,Fabaceae,Fabales,Shurb_Tree,92.83,,12.19,,87.81,,18.14,,41.33,,56.8,
,46132,Genebank,35,F260067,CIAT16537,Sporobolus,sp.,Sporobolus sp.,Poaceae,Poales,Grasses,96.16230262,96.71156219,15.22172424,14.43840057,84.77827576,85.56159943,14.1634369,14.1634369,33.56950963,33.40263389,68.45811919,68.48610038
,46132,Genebank,35,F260067,CIAT16537,Sporobolus,sp.,Sporobolus sp.,Poaceae,Poales,Grasses,97.26082175,,13.6550769,,86.3449231,,14.1634369,,33.23575816,,68.51408157,
,46132,Genebank,35,F260068,CIAT16561,Panicum,maximum,Panicum maximum,Poaceae,Poales,Grasses,,,,,,,,,,,,
,46132,Genebank,35,F260068,CIAT16561,Panicum,maximum,Panicum maximum,Poaceae,Poales,Grasses,,,,,,,,,,,,
,46132,LMF,35,F250008,Sample 8,Cynodon, nlemfuensis ,Cynodon nlemfuensis ,Poaceae,Poales,0,93.64063594,93.73093584,11.32941805,11.41385651,88.67058195,88.58614349,13.1,13.1,37.8,37.75,76.05,76.05
,46132,LMF,35,F250008,Sample 8,Cynodon, nlemfuensis ,Cynodon nlemfuensis ,Poaceae,Poales,0,93.82123575,,11.49829497,,88.50170503,,13.1,,37.7,,76.05,
,46146,Genebank,36,F260501,CIAT25254,Centrosema,pubescens,Centrosema pubescens,Fabaceae,Fabales,Climber,93.37,93.30533797,13.78270556,13.71771792,86.21729444,86.28228208,22.22403549,22.22403549,48.61058574,48.9154214,52.65448977,55.62262192
,46146,Genebank,36,F260501,CIAT25254,Centrosema,pubescens,Centrosema pubescens,Fabaceae,Fabales,Climber,93.24067593,,13.65273028,,86.34726972,,22.22403549,,49.22025707,,58.59075407,
,46146,Genebank,36,F260502,CIAT25516,Centrosema,tetragonolobum,Centrosema tetragonolobum,Fabaceae,Fabales,Climber,93.56193142,93.52694192,14.31243653,14.09331409,85.68756347,85.90668591,25.64948243,25.94963605,40.06675792,40.49604187,53.40897404,53.87168425
,46146,Genebank,36,F260502,CIAT25516,Centrosema,tetragonolobum,Centrosema tetragonolobum,Fabaceae,Fabales,Climber,93.49195241,,13.87419165,,86.12580835,,26.24978967,,40.92532581,,54.33439446,
,46146,Genebank,36,F260503,CIAT286,Zornia,glabra,Zornia glabra,Fabaceae,Fabales,Herbaceous,92.73,92.52538396,8.927279895,8.970060632,91.07272011,91.02993937,15.73890535,15.73890535,52.76873052,52.61934968,57.09445628,57.58301821
,46146,Genebank,36,F260503,CIAT286,Zornia,glabra,Zornia glabra,Fabaceae,Fabales,Herbaceous,92.32076792,,9.01284137,,90.98715863,,15.73890535,,52.46996885,,58.07158015,
,46146,Genebank,36,F260504,CIAT330,Desmodium,incanum,Desmodium incanum,Fabaceae,Fabales,Herbaceous,93.31133773,93.34633073,10.49643871,10.31971295,89.50356129,89.68028705,15.56556781,15.56556781,45.26983371,44.033682,67.18935558,67.57151292
,46146,Genebank,36,F260504,CIAT330,Desmodium,incanum,Desmodium incanum,Fabaceae,Fabales,Herbaceous,93.38132374,,10.1429872,,89.8570128,,15.56556781,,42.79753029,,67.95367026,
,46146,Genebank,36,F260505,CIAT506,Macroptilium,atropurpureum,Macroptilium atropurpureum,Fabaceae,Fabales,Herbaceous,94.22231108,94.28228709,9.054283291,9.048982188,90.94571671,90.95101781,22.17176465,22.17176465,38.36235218,39.72115298,56.82175095,57.94283105
,46146,Genebank,36,F260505,CIAT506,Macroptilium,atropurpureum,Macroptilium atropurpureum,Fabaceae,Fabales,Herbaceous,94.34226309,,9.043681086,,90.95631891,,22.17176465,,41.07995378,,59.06391114,
,46146,Genebank,36,F260506,CIAT921,Tephrosia,cinerea,Tephrosia cinerea,Fabaceae,Fabales,Herbaceous,92.04238728,91.9516006,8.675875858,8.796359549,91.32412414,91.20364045,24.80471618,24.80471618,32.47190658,33.25851496,59.92733581,61.50035273
,46146,Genebank,36,F260506,CIAT921,Tephrosia,cinerea,Tephrosia cinerea,Fabaceae,Fabales,Herbaceous,91.86081392,,8.91684324,,91.08315676,,24.80471618,,34.04512334,,63.07336966,
,46146,Genebank,36,F260507,CIAT1011,Stylosanthes,viscosa,Stylosanthes viscosa,Fabaceae,Fabales,Herbaceous,94,94.02,11.55073389,11.72091044,88.44926611,88.27908956,15.19598972,15.19598972,39.79882746,39.78272068,62.76541155,62.1703877
,46146,Genebank,36,F260507,CIAT1011,Stylosanthes,viscosa,Stylosanthes viscosa,Fabaceae,Fabales,Herbaceous,94.04,,11.891087,,88.108913,,15.19598972,,39.7666139,,61.57536385,
,46146,Genebank,36,F260508,CIAT1013,Stylosanthes,fruticosa,Stylosanthes fruticosa,Fabaceae,Fabales,Herbaceous,94.10058994,94.14029497,9.336194549,9.389773579,90.66380545,90.61022642,15.59414387,15.59414387,40.94899767,40.68950719,66.85309873,66.22314338
,46146,Genebank,36,F260508,CIAT1013,Stylosanthes,fruticosa,Stylosanthes fruticosa,Fabaceae,Fabales,Herbaceous,94.18,,9.443352608,,90.55664739,,15.59414387,,40.43001672,,65.59318803,
,46146,Genebank,36,F260509,CIAT1985,Stylosanthes,fruticosa,Stylosanthes fruticosa,Fabaceae,Fabales,Herbaceous,92.86214136,93.02175254,8.801751755,8.829061815,91.19824825,91.17093819,15.05225554,15.05225554,39.73866269,39.49408979,63.96485286,63.48945061
,46146,Genebank,36,F260509,CIAT1985,Stylosanthes,fruticosa,Stylosanthes fruticosa,Fabaceae,Fabales,Herbaceous,93.18136373,,8.856371875,,91.14362813,,15.05225554,,39.24951689,,63.01404836,
,46146,Genebank,36,F260510,CIAT2001,Stylosanthes,viscosa,Stylosanthes viscosa,Fabaceae,Fabales,Herbaceous,93.742503,93.6828457,14.89538253,14.70259652,85.10461747,85.29740348,14.1802302,14.18164865,47.11979117,46.98831244,62.32732931,61.53207889
,46146,Genebank,36,F260510,CIAT2001,Stylosanthes,viscosa,Stylosanthes viscosa,Fabaceae,Fabales,Herbaceous,93.62318841,,14.50981052,,85.49018948,,14.1830671,,46.85683371,,60.73682847,
,46146,Genebank,36,F260511,CIAT4263,Macroptilium,bracteatum,Macroptilium bracteatum,Fabaceae,Fabales,Herbaceous,92.76,92.715,12.12317317,11.96677992,87.87682683,88.03322008,20.08579404,20.02103291,26.92228941,27.49504519,52.79212407,53.3387662
,46146,Genebank,36,F260511,CIAT4263,Macroptilium,bracteatum,Macroptilium bracteatum,Fabaceae,Fabales,Herbaceous,92.67,,11.81038667,,88.18961333,,19.95627179,,28.06780097,,53.88540833,
,46146,Genebank,36,F260512,CIAT4495,Vigna,radiata,Vigna radiata,Fabaceae,Fabales,Herbaceous,92.19078092,92.20116931,13.49088761,15.15471819,86.50911239,84.84528181,22.75188034,22.75188034,34.44485182,34.97678808,47.65624043,48.24582055
,46146,Genebank,36,F260512,CIAT4495,Vigna,radiata,Vigna radiata,Fabaceae,Fabales,Herbaceous,92.21155769,,16.81854876,,83.18145124,,22.75188034,,35.50872433,,48.83540067,
,46146,Genebank,36,F260513,CIAT7739,Chamaecrista,mimosoides,Chamaecrista mimosoides,Fabaceae,Fabales,Herbaceous,93.08207538,93.08138365,11.21262763,9.285521621,88.78737237,90.71447838,16.12484178,16.09647624,27.34449399,27.56014678,59.27781108,58.88483204
,46146,Genebank,36,F260513,CIAT7739,Chamaecrista,mimosoides,Chamaecrista mimosoides,Fabaceae,Fabales,Herbaceous,93.08069193,,7.358415614,,92.64158439,,16.06811069,,27.77579956,,58.49185301,
,46146,Genebank,36,F260514,CIAT8279,Zornia,glabra,Zornia glabra,Fabaceae,Fabales,Herbaceous,90.59188162,90.63094081,8.979684259,12.93618499,91.02031574,87.06381501,18.11731903,18.11731903,33.72428168,32.88374681,56.30312614,56.06623003
,46146,Genebank,36,F260514,CIAT8279,Zornia,glabra,Zornia glabra,Fabaceae,Fabales,Herbaceous,90.67,,16.89268572,,83.10731428,,18.11731903,,32.04321194,,55.82933392,
,46146,Genebank,36,F260515,CIAT11898,Stylosanthes,erecta,Stylosanthes erecta,Fabaceae,Fabales,Herbaceous,92.44075592,92.46075392,18.05991132,14.13431383,81.94008868,85.86568617,16.15086871,16.15086871,35.95214948,36.1475529,55.91314484,55.91890334
,46146,Genebank,36,F260515,CIAT11898,Stylosanthes,erecta,Stylosanthes erecta,Fabaceae,Fabales,Herbaceous,92.48075192,,10.20871634,,89.79128366,,16.15086871,,36.34295632,,55.92466184,
,46146,Genebank,36,F260516,CIAT12001,Stylosanthes,mexicana,Stylosanthes mexicana,Fabaceae,Fabales,Herbaceous,91.99160168,92.0173922,15.87425837,18.48526288,84.12574163,81.51473712,18.05044171,18.05044171,30.21433124,31.03454514,57.79275491,57.0528311
,46146,Genebank,36,F260516,CIAT12001,Stylosanthes,mexicana,Stylosanthes mexicana,Fabaceae,Fabales,Herbaceous,92.04318273,,21.09626739,,78.90373261,,18.05044171,,31.85475905,,56.31290729,
,46146,Genebank,36,F260517,CIAT19199,Tephrosia,villosa,Tephrosia villosa,Fabaceae,Fabales,Herbaceous,94.22231108,94.25201328,19.1431273,13.54376192,80.8568727,86.45623808,15.37487311,15.37487311,25.62819301,25.30868862,62.34728898,61.55691644
,46146,Genebank,36,F260517,CIAT19199,Tephrosia,villosa,Tephrosia villosa,Fabaceae,Fabales,Herbaceous,94.28171549,,7.944396531,,92.05560347,,15.37487311,,24.98918423,,60.7665439,
,46146,Genebank,36,F260518,CIAT19819,Pseudarthria,viscida,Pseudarthria viscida,Fabaceae,Fabales,Herbaceous,93.05138972,93.07707431,15.72575491,18.69902125,84.27424509,81.30097875,18.2127878,18.2127878,23.36809705,22.92862243,56.13420835,57.95089822
,46146,Genebank,36,F260518,CIAT19819,Pseudarthria,viscida,Pseudarthria viscida,Fabaceae,Fabales,Herbaceous,93.1027589,,21.67228759,,78.32771241,,18.2127878,,22.48914782,,59.76758809,
,46146,Genebank,36,F260519,CIAT20646,Pseudarthria,viscida,Pseudarthria viscida,Fabaceae,Fabales,Herbaceous,92.93,92.96534997,18.73816428,14.65009173,81.26183572,85.34990827,19.61926245,19.61926245,25.92183478,25.07454503,55.39583196,55.5844425
,46146,Genebank,36,F260519,CIAT20646,Pseudarthria,viscida,Pseudarthria viscida,Fabaceae,Fabales,Herbaceous,93.00069993,,10.56201918,,89.43798082,,19.61926245,,24.22725528,,55.77305305,
,46146,Genebank,36,F260520,CIAT20778,Chamaecrista,serpens,Chamaecrista serpens,Fabaceae,Fabales,Herbaceous,94.16116777,94.17674542,16.00924362,17.19642106,83.99075638,82.80357894,17.35044627,17.36606669,29.13092726,28.44580396,53.35003123,54.98407135
,46146,Genebank,36,F260520,CIAT20778,Chamaecrista,serpens,Chamaecrista serpens,Fabaceae,Fabales,Herbaceous,94.19232307,,18.38359851,,81.61640149,,17.38168712,,27.76068066,,56.61811147,
,46146,Genebank,36,F260521,CIAT23035,Desmodium,laxiflorum,Desmodium laxiflorum,Fabaceae,Fabales,Herbaceous,92.16078392,92.19155861,13.05845817,12.45532587,86.94154183,87.54467413,16.31259106,16.31259106,32.68597847,31.77262616,50.39758332,50.76210953
,46146,Genebank,36,F260521,CIAT23035,Desmodium,laxiflorum,Desmodium laxiflorum,Fabaceae,Fabales,Herbaceous,92.2223333,,11.85219357,,88.14780643,,16.31259106,,30.85927385,,51.12663574,
,46146,Genebank,36,F260522,CIAT24004,Vigna,radiata,Vigna radiata,Fabaceae,Fabales,Herbaceous,94.44055594,94.48082586,11.59907739,11.98474207,88.40092261,88.01525793,14.54769274,14.54769274,27.04115779,26.31037882,61.93886302,62.26589408
,46146,Genebank,36,F260522,CIAT24004,Vigna,radiata,Vigna radiata,Fabaceae,Fabales,Herbaceous,94.52109578,,12.37040676,,87.62959324,,14.54769274,,25.57959986,,62.59292514,
,46146,Genebank,36,F260523,CIAT33606,Desmodium,sandwicense x intortum,Desmodium sandwicense x intortum,Fabaceae,Fabales,Herbaceous,91.99,91.84041546,8.884977228,8.661342067,91.11502277,91.33865793,18.39922068,18.3909402,26.45665796,26.4006588,59.90392087,59.92421404
,46146,Genebank,36,F260523,CIAT33606,Desmodium,sandwicense x intortum,Desmodium sandwicense x intortum,Fabaceae,Fabales,Herbaceous,91.69083092,,8.437706906,,91.56229309,,18.38265973,,26.34465964,,59.94450722,
,46146,Genebank,36,F260524,CIAT33623,Desmodium,brachypodum,Desmodium brachypodum,Fabaceae,Fabales,Herbaceous,92.92141572,92.93141372,9.532006455,9.677245831,90.46799354,90.32275417,19.32420126,19.32420126,28.35890384,28.2258136,57.86145236,57.50881965
,46146,Genebank,36,F260524,CIAT33623,Desmodium,brachypodum,Desmodium brachypodum,Fabaceae,Fabales,Herbaceous,92.94141172,,9.822485207,,90.17751479,,19.32420126,,28.09272335,,57.15618695,
,46146,Genebank,36,F260525,CIAT33636,Desmodium,muelleri,Desmodium muelleri,Fabaceae,Fabales,Herbaceous,93.57192842,93.56692992,8.953469737,8.926758908,91.04653026,91.07324109,20.66857797,20.66857797,26.2841911,26.26503688,59.47441872,59.76599993
,46146,Genebank,36,F260525,CIAT33636,Desmodium,muelleri,Desmodium muelleri,Fabaceae,Fabales,Herbaceous,93.56193142,,8.900048079,,91.09995192,,20.66857797,,26.24588266,,60.05758113,
,46146,Genebank,36,F260526,CIAT33726,Desmodium,sandwicense,Desmodium sandwicense,Fabaceae,Fabales,Herbaceous,93.14,93.37627749,10.25956512,10.36456479,89.74043488,89.63543521,18.62947164,18.62947164,26.48737833,26.53841665,60.3552326,60.71904902
,46146,Genebank,36,F260526,CIAT33726,Desmodium,sandwicense,Desmodium sandwicense,Fabaceae,Fabales,Herbaceous,93.61255498,,10.46956446,,89.53043554,,18.62947164,,26.58945498,,61.08286545,
,46146,Genebank,36,F260527,CIAT33727,Desmodium,sandwicense,Desmodium sandwicense,Fabaceae,Fabales,Herbaceous,93.3220034,92.57641016,8.41214699,8.493994179,91.58785301,91.50600582,19.02312049,19.02312049,26.30688094,26.3305642,59.77443854,59.34163285
,46146,Genebank,36,F260527,CIAT33727,Desmodium,sandwicense,Desmodium sandwicense,Fabaceae,Fabales,Herbaceous,91.83081692,,8.575841368,,91.42415863,,19.02312049,,26.35424745,,58.90882715,
,46146,Genebank,36,F260528,CIAT43324,Desmodium,muelleri,Desmodium muelleri,Fabaceae,Fabales,Herbaceous,92.38076192,92.37538096,11.02997465,10.85190713,88.97002535,89.14809287,18.05305338,18.05305338,28.35910606,28.47280624,56.7355163,57.67849452
,46146,Genebank,36,F260528,CIAT43324,Desmodium,muelleri,Desmodium muelleri,Fabaceae,Fabales,Herbaceous,92.37,,10.67383961,,89.32616039,,18.05305338,,28.58650642,,58.62147275,
,46146,Genebank,36,F260529,CIAT9776,Mimosa,debilis,Mimosa debilis,Fabaceae,Fabales,Shurb_Tree,91.87243827,91.91162159,9.354008367,14.04920156,90.64599163,85.95079844,15.34170764,15.40659912,27.29895881,27.35501267,62.57294431,61.82015189
,46146,Genebank,36,F260529,CIAT9776,Mimosa,debilis,Mimosa debilis,Fabaceae,Fabales,Shurb_Tree,91.95080492,,18.74439475,,81.25560525,,15.47149059,,27.41106652,,61.06735946,
,46146,Genebank,36,F260530,CIAT13761,Desmodium,distortum,Desmodium distortum,Fabaceae,Fabales,Shurb_Tree,93.1527389,93.25170192,10.41923456,9.86858377,89.58076544,90.13141623,20.09052354,20.09052354,25.86633895,25.58038706,52.07796182,52.23789553
,46146,Genebank,36,F260530,CIAT13761,Desmodium,distortum,Desmodium distortum,Fabaceae,Fabales,Shurb_Tree,93.35066493,,9.317932979,,90.68206702,,20.09052354,,25.29443518,,52.39782924,
,46146,Genebank,36,F260531,CIAT13929,Desmodium,distortum,Desmodium distortum,Fabaceae,Fabales,Shurb_Tree,90.79092091,90.81046045,8.742611853,9.535909185,91.25738815,90.46409081,17.19470981,17.19470981,24.59615661,24.89268326,38.18600452,38.6160697
,46146,Genebank,36,F260531,CIAT13929,Desmodium,distortum,Desmodium distortum,Fabaceae,Fabales,Shurb_Tree,90.83,,10.32920652,,89.67079348,,17.19470981,,25.1892099,,39.04613488,
,46146,Genebank,36,F260532,CIAT13930,Desmodium,glabrum,Desmodium glabrum,Fabaceae,Fabales,Shurb_Tree,92.05238428,92.04278551,13.6091515,12.47901379,86.3908485,87.52098621,21.40096477,21.40096477,26.79983131,26.53876296,34.78071124,35.38043422
,46146,Genebank,36,F260532,CIAT13930,Desmodium,glabrum,Desmodium glabrum,Fabaceae,Fabales,Shurb_Tree,92.03318673,,11.34887608,,88.65112392,,21.40096477,,26.27769462,,35.9801572,
,46146,Genebank,36,F260533,CIAT21082,Flemingia,stricta,Flemingia stricta,Fabaceae,Fabales,Shurb_Tree,94.50054995,94.50554945,9.511717717,10.56446067,90.48828228,89.43553933,20.13658223,20.13658223,24.70035035,24.55369483,66.55727155,64.91425484
,46146,Genebank,36,F260533,CIAT21082,Flemingia,stricta,Flemingia stricta,Fabaceae,Fabales,Shurb_Tree,94.51054895,,11.61720362,,88.38279638,,20.13658223,,24.4070393,,63.27123813,
,46146,Genebank,36,F260534,CIAT21089,Flemingia,stricta,Flemingia stricta,Fabaceae,Fabales,Shurb_Tree,92.85142971,92.87071486,15.71763565,12.36508226,84.28236435,87.63491774,19.46551827,19.46551827,25.34784942,25.24238994,64.13756241,64.16580941
,46146,Genebank,36,F260534,CIAT21089,Flemingia,stricta,Flemingia stricta,Fabaceae,Fabales,Shurb_Tree,92.89,,9.012528883,,90.98747112,,19.46551827,,25.13693046,,64.19405641,
,46146,Genebank,36,F260535,CIAT21091,Flemingia,stricta,Flemingia stricta,Fabaceae,Fabales,Shurb_Tree,92.10078992,92.10578942,8.131140422,9.933235629,91.86885958,90.06676437,19.58941744,19.58941744,26.84586903,26.61633623,70.90077473,70.86102497
,46146,Genebank,36,F260535,CIAT21091,Flemingia,stricta,Flemingia stricta,Fabaceae,Fabales,Shurb_Tree,92.11078892,,11.73533084,,88.26466916,,19.58941744,,26.38680342,,70.82127521,
,46146,Genebank,36,F260536,CIAT21115,Flemingia,lineata,Flemingia lineata,Fabaceae,Fabales,Shurb_Tree,92.4315137,92.46075685,7.926102428,7.591617661,92.07389757,92.40838234,19.32295278,19.32295278,26.67354621,26.48027057,63.99562858,64.50227528
,46146,Genebank,36,F260536,CIAT21115,Flemingia,lineata,Flemingia lineata,Fabaceae,Fabales,Shurb_Tree,92.49,,7.257132895,,92.74286711,,19.32295278,,26.28699493,,65.00892197,
,46146,Genebank,36,F260537,CIAT21118,Flemingia,lineata,Flemingia lineata,Fabaceae,Fabales,Shurb_Tree,92.49075092,92.52037546,7.575951821,7.603351694,92.42404818,92.39664831,19.29396619,19.29396619,27.29257542,27.35824181,64.3766248,64.65388602
,46146,Genebank,36,F260537,CIAT21118,Flemingia,lineata,Flemingia lineata,Fabaceae,Fabales,Shurb_Tree,92.55,,7.630751567,,92.36924843,,19.29396619,,27.42390821,,64.93114725,
,46146,Genebank,36,F260538,CIAT22063,Flemingia,lineata,Flemingia lineata,Fabaceae,Fabales,Shurb_Tree,92.92212336,92.93711886,7.561985694,7.545850589,92.43801431,92.45414941,20.12770259,20.24875412,25.46221908,25.37775341,59.82326762,60.96624861
,46146,Genebank,36,F260538,CIAT22063,Flemingia,lineata,Flemingia lineata,Fabaceae,Fabales,Shurb_Tree,92.95211437,,7.529715484,,92.47028452,,20.36980565,,25.29328774,,62.1092296,
,46146,Genebank,36,F260539,CIAT43154,Desmodium,distortum,Desmodium distortum,Fabaceae,Fabales,Shurb_Tree,94.18058194,94.17058294,7.889148439,7.91038437,92.11085156,92.08961563,18.10924176,18.10924176,26.46167717,26.7057446,48.05174042,52.94929004
,46146,Genebank,36,F260539,CIAT43154,Desmodium,distortum,Desmodium distortum,Fabaceae,Fabales,Shurb_Tree,94.16058394,,7.931620302,,92.0683797,,18.10924176,,26.94981203,,57.84683966,
,46146,Breeding,36,F261076,CIAT-BR06_423_Opt_F,Urochloa,interespecifico,Urochloa interespecifico,Poaceae,Poales,grasses,93.8,93.82123151,14.19721292,14.13044877,85.80278708,85.86955123,12.26657157,12.19715927,24.87734272,25.44841942,62.38238522,61.89351496
,46146,Breeding,36,F261076,CIAT-BR06_423_Opt_F,Urochloa,interespecifico,Urochloa interespecifico,Poaceae,Poales,grasses,93.84246301,,14.06368463,,85.93631537,,12.12774698,,26.01949613,,61.40464471,
,46146,Breeding,36,F261077,CIAT_MulatoII_Opt_D,Urochloa,interespecifico,Urochloa interespecifico,Poaceae,Poales,grasses,95.0609878,95.0909818,11.53401325,11.60761224,88.46598675,88.39238776,17.10045477,17.44837371,26.90360497,27.04936212,58.82104687,59.23015202
,46146,Breeding,36,F261077,CIAT_MulatoII_Opt_D,Urochloa,interespecifico,Urochloa interespecifico,Poaceae,Poales,grasses,95.1209758,,11.68121123,,88.31878877,,17.79629264,,27.19511926,,59.63925718,
,46146,LMF,36,F261080,CIAT17009,Canavalia,brasiliensis,Canavalia brasiliensis,Fabaceas,Fabales,Trepadoras,91.88162368,91.89742919,13.44708835,13.49469224,86.55291165,86.50530776,31.45175947,31.55423019,25.74069332,25.88275412,48.8127459,49.26619209
,46146,LMF,36,F261080,CIAT17009,Canavalia,brasiliensis,Canavalia brasiliensis,Fabaceas,Fabales,Trepadoras,91.91323471,,13.54229612,,86.45770388,,31.6567009,,26.02481491,,49.71963828,
,46146,LMF,36,F261081,CIAT17462,Canavalia,brasiliensis,Canavalia brasiliensis,Fabaceas,Fabales,Trepadoras,91.61,91.68164934,13.64504248,13.6750234,86.35495752,86.3249766,29.53447339,29.62793766,27.70443152,27.53814017,50.2135227,49.71212488
,46146,LMF,36,F261081,CIAT17462,Canavalia,brasiliensis,Canavalia brasiliensis,Fabaceas,Fabales,Trepadoras,91.75329868,,13.70500433,,86.29499567,,29.72140193,,27.37184882,,49.21072706,
,46146,LMF,36,F261082,CIAT13953,Desmodium,velutinum,Desmodium velutinum,Fabaceas,Fabales,Arbustivas,89.44211158,88.87839285,8.223076563,8.334722882,91.77692344,91.66527712,26.10405188,25.98446216,25.16329078,25.19346318,60.69742339,59.93029902
,46146,LMF,36,F261082,CIAT13953,Desmodium,velutinum,Desmodium velutinum,Fabaceas,Fabales,Arbustivas,88.31467413,,8.446369202,,91.5536308,,25.86487244,,25.22363558,,59.16317464,
,46146,LMF,36,F261083,CIAT9432,Clitoria,tertanea,Clitoria tertanea,Fabaceas,Fabales,Trepadoras,92.90070993,92.83180239,7.47513879,7.500937626,92.52486121,92.49906237,35.56142729,35.55833333,22.31881909,22.70512708,57.306669,57.67491513
,46146,LMF,36,F261083,CIAT9432,Clitoria,tertanea,Clitoria tertanea,Fabaceas,Fabales,Trepadoras,92.76289484,,7.526736461,,92.47326354,,35.55523936,,23.09143508,,58.04316127,
,46146,LMF,36,F261084,CIAT17768,Clitoria,tertanea,Clitoria tertanea,Fabaceas,Fabales,Trepadoras,91.73248026,91.80786348,7.273883029,7.262631522,92.72611697,92.73736848,34.76922374,34.80415356,32.25676421,32.04704855,59.79227918,59.05761654
,46146,LMF,36,F261084,CIAT17768,Clitoria,tertanea,Clitoria tertanea,Fabaceas,Fabales,Trepadoras,91.8832467,,7.251380016,,92.74861998,,34.83908339,,31.83733288,,58.3229539,
,46146,LMF,36,F261085,CIAT22768,Lablab,purpureus,Lablab purpureus,Fabaceas,Fabales,Trepadoras,91.6,91.61625512,9.321489935,9.336459861,90.67851007,90.66354014,29.84085757,29.72819908,27.06320283,27.38467102,55.4788623,56.61063354
,46146,LMF,36,F261085,CIAT22768,Lablab,purpureus,Lablab purpureus,Fabaceas,Fabales,Trepadoras,91.63251025,,9.351429787,,90.64857021,,29.61554059,,27.7061392,,57.74240478,
,46146,LMF,36,F261086,CIAT22598,Lablab,purpureus,Lablab purpureus,Fabaceas,Fabales,Trepadoras,91.46085391,91.45213827,8.528198712,8.543315457,91.47180129,91.45668454,28.70334072,28.85455255,22.15,22.02,55.34525203,56.08594945
,46146,LMF,36,F261086,CIAT22598,Lablab,purpureus,Lablab purpureus,Fabaceas,Fabales,Trepadoras,91.44342263,,8.558432203,,91.4415678,,29.00576439,,21.89,,56.82664687,
,46146,LMF,36,F261087,CIAT18701,Cajanus,cajan,Cajanus cajan,Fabaceas,Fabales,Arbustivas,92.06079392,92.04079592,7.485062466,7.485062466,92.51493753,92.51493753,26.94250006,27.12721695,24.45,24.365,62.05272266,61.33655565
,46146,LMF,36,F261087,CIAT18701,Cajanus,cajan,Cajanus cajan,Fabaceas,Fabales,Arbustivas,92.02079792,,7.485062466,,92.51493753,,27.31193383,,24.28,,60.62038863,
,46146,LMF,36,F261088,CIAT20891,Cajanus,cajan,Cajanus cajan,Fabaceas,Fabales,Arbustivas,91.93,91.91040546,7.442030057,7.474295212,92.55796994,92.52570479,25.75853133,25.80230635,48.24,49.185,59.83723505,58.78170843
,46146,LMF,36,F261088,CIAT20891,Cajanus,cajan,Cajanus cajan,Fabaceas,Fabales,Arbustivas,91.89081092,,7.506560367,,92.49343963,,25.84608137,,50.13,,57.72618182,
,46146,LMF,36,F261089,CIAT15551,Centrosema ,molle,Centrosema molle,Fabaceas,Fabales,Trepadoras,91.8832467,91.91783049,8.351947808,8.341489261,91.64805219,91.65851074,34.65073772,34.42116767,58.1,59.135,70.59009535,72.05226479
,46146,LMF,36,F261089,CIAT15551,Centrosema ,molle,Centrosema molle,Fabaceas,Fabales,Trepadoras,91.95241428,,8.331030714,,91.66896929,,34.19159762,,60.17,,73.51443423,
,46146,Breeding,36,F243584,ABC-BR06_0423,Urochloa,interespecifico,Urochloa interespecifico,Poaceae,Poales,grasses,96.56,96.765,15.97,15.965,84.03,84.035,11.01,11.01,32.88,31.81,57.45,57.365
,46146,Breeding,36,F243584,ABC-BR06_0423,Urochloa,interespecifico,Urochloa interespecifico,Poaceae,Poales,grasses,96.97,,15.96,,84.04,,11.01,,30.74,,57.28,
,46146,Breeding,36,F243591,ABC-CIAT_6962,Megathyrsus,maximus,Megathyrsus maximus,Poaceae,Poales,grasses,95.58,95.725,14.19,14.245,85.81,85.755,8.59,8.59,31.59,32.14,67.17,67.625
,46146,Breeding,36,F243591,ABC-CIAT_6962,Megathyrsus,maximus,Megathyrsus maximus,Poaceae,Poales,grasses,95.87,,14.3,,85.7,,8.59,,32.69,,68.08,
,46146,Genebank,36,F261029,CIAT5913,Centrosema,grandiflorum,Centrosema grandiflorum,Fabaceae,Fabales,Climber,94.58216713,94.58216713,9.659691397,9.649122807,90.3403086,90.35087719,14.1369122,14.12953813,38.01,38.64,56.79435123,57.48901934
,46146,Genebank,36,F261029,CIAT5913,Centrosema,grandiflorum,Centrosema grandiflorum,Fabaceae,Fabales,Climber,94.58216713,,9.638554217,,90.36144578,,14.12216406,,39.27,,58.18368744,
,46146,Genebank,36,F261030,CIAT7389,Rhynchosia,schomburgkii,Rhynchosia schomburgkii,Fabaceae,Fabales,Climber,94.67,94.68026547,7.942521034,8.063573228,92.05747897,91.93642677,18.51086014,18.29078343,41.67,41.9,63.21266405,62.74531444
,46146,Genebank,36,F261030,CIAT7389,Rhynchosia,schomburgkii,Rhynchosia schomburgkii,Fabaceae,Fabales,Climber,94.69053095,,8.184625422,,91.81537458,,18.07070673,,42.13,,62.27796483,
,46146,Genebank,36,F261031,CIAT7649,Periandra,coccinea,Periandra coccinea,Fabaceae,Fabales,Climber,94.50109978,94.50637314,8.526819996,8.563417215,91.47318,91.43658279,12.36328175,12.27206859,45.92787024,46.22166982,59.18185521,59.63076845
,46146,Genebank,36,F261031,CIAT7649,Periandra,coccinea,Periandra coccinea,Fabaceae,Fabales,Climber,94.51164651,,8.600014434,,91.39998557,,12.18085544,,46.5154694,,60.07968169,
,46146,Genebank,36,F261032,CIAT7796,Calopogonium,velutinum,Calopogonium velutinum,Fabaceae,Fabales,Climber,94.62053795,94.65579987,7.922652479,8.033162471,92.07734752,91.96683753,16.03492538,16.47229775,35.40843207,36.04916548,54.63792859,55.55823452
,46146,Genebank,36,F261032,CIAT7796,Calopogonium,velutinum,Calopogonium velutinum,Fabaceae,Fabales,Climber,94.69106179,,8.143672463,,91.85632754,,16.90967011,,36.68989888,,56.47854045,
,46146,Genebank,36,F261033,CIAT8114,Calopogonium,velutinum,Calopogonium velutinum,Fabaceae,Fabales,Climber,92.46,92.47075185,9.484079911,9.412853252,90.51592009,90.58714675,18.72900803,18.64724299,37.86034992,37.54026766,54.83654925,54.91695614
,46146,Genebank,36,F261033,CIAT8114,Calopogonium,velutinum,Calopogonium velutinum,Fabaceae,Fabales,Climber,92.4815037,,9.341626593,,90.65837341,,18.56547796,,37.22018541,,54.99736304,
,46146,Genebank,36,F261034,CIAT8539,Canavalia,grandiflora,Canavalia grandiflora,Fabaceae,Fabales,Climber,93.28,93.24567886,11.80751766,11.7688094,88.19248234,88.2311906,11.4225443,11.26305767,44.21973411,43.80456817,50.49528056,50.86223067
,46146,Genebank,36,F261034,CIAT8539,Canavalia,grandiflora,Canavalia grandiflora,Fabaceae,Fabales,Climber,93.21135773,,11.73010114,,88.26989886,,11.10357104,,43.38940223,,51.22918078,
,46146,Genebank,36,F261035,CIAT8562,Periandra,coccinea,Periandra coccinea,Fabaceae,Fabales,Climber,94.28228709,94.30671043,6.264280578,6.264906881,93.73571942,93.73509312,11.59881722,11.91022943,38.0785623,38.11155679,66.8651142,68.47652744
,46146,Genebank,36,F261035,CIAT8562,Periandra,coccinea,Periandra coccinea,Fabaceae,Fabales,Climber,94.33113377,,6.265533184,,93.73446682,,12.22164163,,38.14455127,,70.08794069,
,46146,Genebank,36,F261036,CIAT8589,Galactia,jussiaeana,Galactia jussiaeana,Fabaceae,Fabales,Climber,94.49220312,94.3519698,9.227700716,9.228161963,90.77229928,90.77183804,16.09364861,16.52147671,36.05573806,35.82331301,52.62421271,53.10447383
,46146,Genebank,36,F261036,CIAT8589,Galactia,jussiaeana,Galactia jussiaeana,Fabaceae,Fabales,Climber,94.21173648,,9.22862321,,90.77137679,,16.94930481,,35.59088796,,53.58473495,
,46146,Genebank,36,F261037,CIAT9525,Canavalia,bicarinata,Canavalia bicarinata,Fabaceae,Fabales,Climber,93.30066993,93.29533497,12.77535273,12.60985243,87.22464727,87.39014757,15.59182325,15.72814214,32.81381622,32.73828134,49.70745806,49.67226362
,46146,Genebank,36,F261037,CIAT9525,Canavalia,bicarinata,Canavalia bicarinata,Fabaceae,Fabales,Climber,93.29,,12.44435213,,87.55564787,,15.86446102,,32.66274647,,49.63706919,
,46146,Genebank,36,F261038,CIAT9991,Galactia,jussiaeana,Galactia jussiaeana,Fabaceae,Fabales,Climber,94.49220312,94.51192181,8.471732589,8.445712293,91.52826741,91.55428771,15.71216426,15.56307416,33.9321665,33.57259073,60.77510659,61.56947468
,46146,Genebank,36,F261038,CIAT9991,Galactia,jussiaeana,Galactia jussiaeana,Fabaceae,Fabales,Climber,94.53164051,,8.419691996,,91.580308,,15.41398405,,33.21301496,,62.36384277,
,46146,Genebank,36,F261039,CIAT15024,Centrosema,pubescens,Centrosema pubescens,Fabaceae,Fabales,Climber,95.6017593,95.55655295,10.20976297,10.22073518,89.79023703,89.77926482,21.50318168,21.37424654,39.92598705,40.10447768,56.94588353,57.26871241
,46146,Genebank,36,F261039,CIAT15024,Centrosema,pubescens,Centrosema pubescens,Fabaceae,Fabales,Climber,95.5113466,,10.23170738,,89.76829262,,21.24531141,,40.28296831,,57.59154129,
,46146,Genebank,36,F261040,CIAT15039,Centrosema,angustifolium,Centrosema angustifolium,Fabaceae,Fabales,Climber,95.88164734,95.90163934,10.6733375,10.61079842,89.3266625,89.38920158,16.58272692,16.66075291,32.56,33.135,56.18921504,56.48184418
,46146,Genebank,36,F261040,CIAT15039,Centrosema,angustifolium,Centrosema angustifolium,Fabaceae,Fabales,Climber,95.92163135,,10.54825933,,89.45174067,,16.7387789,,33.71,,56.77447331,
,46146,Genebank,36,F261041,CIAT15285,Centrosema,bifidum,Centrosema bifidum,Fabaceae,Fabales,Climber,94.16175147,94.12117171,10.45147304,10.42064746,89.54852696,89.57935254,20.44300392,20.37498926,31.77,31.685,53.61152125,53.76607079
,46146,Genebank,36,F261041,CIAT15285,Centrosema,bifidum,Centrosema bifidum,Fabaceae,Fabales,Climber,94.08059194,,10.38982189,,89.61017811,,20.3069746,,31.6,,53.92062033,
,46146,Genebank,36,F261042,CIAT17333,Dunbaria,nivea,Dunbaria nivea,Fabaceae,Fabales,Climber,94.4916525,94.446666,10.81767663,10.79121461,89.18232337,89.20878539,22.07110619,22.17935244,43.8186202,45.26605268,49.34543141,50.95244613
,46146,Genebank,36,F261042,CIAT17333,Dunbaria,nivea,Dunbaria nivea,Fabaceae,Fabales,Climber,94.4016795,,10.76475258,,89.23524742,,22.28759868,,46.71348515,,52.55946085,
,46146,Genebank,36,F261043,CIAT17392,Cajanus,scarabaeoides,Cajanus scarabaeoides,Fabaceae,Fabales,Climber,94.68,94.68606158,9.262186909,9.218107237,90.73781309,90.78189276,14.69014454,14.74398509,36.11494341,36.04325133,62.07373323,62.13406752
,46146,Genebank,36,F261043,CIAT17392,Cajanus,scarabaeoides,Cajanus scarabaeoides,Fabaceae,Fabales,Climber,94.69212315,,9.174027566,,90.82597243,,14.79782563,,35.97155925,,62.19440181,
,46146,Genebank,36,F261044,CIAT18164,Teramnus,volubilis,Teramnus volubilis,Fabaceae,Fabales,Climber,93.81,93.81,12.40805884,12.37607931,87.59194116,87.62392069,22.0574224,22.02795799,37.55541466,37.33788718,51.40782107,51.37190083
,46146,Genebank,36,F261044,CIAT18164,Teramnus,volubilis,Teramnus volubilis,Fabaceae,Fabales,Climber,93.81,,12.34409978,,87.65590022,,21.99849358,,37.1203597,,51.33598058,
,46146,Genebank,36,F261045,CIAT18260,Canavalia,grandiflora,Canavalia grandiflora,Fabaceae,Fabales,Climber,93.67126575,93.66190237,14.83764498,14.83616181,85.16235502,85.16383819,10.72225748,10.74179777,40.8590279,40.55482283,43.5524509,44.00523208
,46146,Genebank,36,F261045,CIAT18260,Canavalia,grandiflora,Canavalia grandiflora,Fabaceae,Fabales,Climber,93.65253898,,14.83467864,,85.16532136,,10.76133805,,40.25061776,,44.45801326,
,46146,Genebank,36,F261046,CIAT18410,Cajanus,crassus,Cajanus crassus,Fabaceae,Fabales,Climber,95.22143357,95.26071678,7.178141049,7.215959043,92.82185895,92.78404096,20.34288921,20.37752779,44.30004004,44.32586859,50.44365278,51.74357114
,46146,Genebank,36,F261046,CIAT18410,Cajanus,crassus,Cajanus crassus,Fabaceae,Fabales,Climber,95.3,,7.253777038,,92.74622296,,20.41216637,,44.35169714,,53.04348951,
,46146,Genebank,36,F261047,CIAT18522,Rhynchosia,phaseoloides,Rhynchosia phaseoloides,Fabaceae,Fabales,Climber,92.86,92.85535746,11.44791242,11.36119319,88.55208758,88.63880681,17.85233119,18.03992294,36.35636242,36.47800057,56.89512433,57.37310611
,46146,Genebank,36,F261047,CIAT18522,Rhynchosia,phaseoloides,Rhynchosia phaseoloides,Fabaceae,Fabales,Climber,92.85071493,,11.27447397,,88.72552603,,18.22751468,,36.59963872,,57.85108788,
,46146,Genebank,36,F261048,CIAT18584,Canavalia,mattogrossensis,Canavalia mattogrossensis,Fabaceae,Fabales,Climber,92.69073093,92.70609332,9.836557409,9.755181026,90.16344259,90.24481897,14.44237849,14.37701504,34.63320504,35.37009118,59.00934974,60.04572931
,46146,Genebank,36,F261048,CIAT18584,Canavalia,mattogrossensis,Canavalia mattogrossensis,Fabaceae,Fabales,Climber,92.72145571,,9.673804642,,90.32619536,,14.3116516,,36.10697732,,61.08210887,
,46146,LMF-invivo,36,F262902 (100%),START-GRASS,Cynodon, nlemfuensis ,Cynodon nlemfuensis ,Poaceae,Poales,,92.56,92.49,9.25,9.3,90.75,90.7,8.8,8.735,35.80157471,36.13229179,78.74,78.67
,46146,LMF-invivo,36,F262902 (100%),START-GRASS,Cynodon, nlemfuensis ,Cynodon nlemfuensis ,Poaceae,Poales,,92.42,,9.35,,90.65,,8.67,,36.46300887,,78.6,
,46146,LMF,36,F250008,Sample 8,Cynodon, nlemfuensis ,Cynodon nlemfuensis ,Poaceae,Poales,0,93.64063594,93.73093584,11.32941805,11.41385651,88.67058195,88.58614349,13.1,13.1,37.8,37.75,76.05,76.05
,46161,LMF,36,F250008,Sample 8,Cynodon, nlemfuensis ,Cynodon nlemfuensis ,Poaceae,Poales,0,93.82123575,,11.49829497,,88.50170503,,13.1,,37.7,,76.05,
,46161,GENBANK,37,F261049 ,CIAT18586,Canavalia,mattogrossensis,Canavalia mattogrossensis,Fabaceae,Fabales,0,93.80123975,93.75687737,10.29052018,10.2148602,89.70947982,89.7851398,18.03742484,17.76134114,48.61058574,48.9154214,62.04910107,62.61598363
,46161,GENBANK,37,F261049 ,CIAT18586,Canavalia,mattogrossensis,Canavalia mattogrossensis,Fabaceae,Fabales,0,93.71251499,,10.13920022,,89.86079978,,17.48525744,,49.22025707,,63.18286619,
,46161,GENBANK,37,F261050,CIAT18632,Dioclea,crenata,Dioclea crenata,Fabaceae,Fabales,Climber,94.51164651,94.54136614,9.781142593,9.797494451,90.21885741,90.20250555,17.17541785,17.18269589,40.06675792,40.49604187,52.48713756,53.84558405
,46161,GENBANK,37,F261050,CIAT18632,Dioclea,crenata,Dioclea crenata,Fabaceae,Fabales,Climber,94.57108578,,9.813846308,,90.18615369,,17.18997393,,40.92532581,,55.20403053,
,46161,GENBANK,37,F261051,CIAT21137,Cajanus,goensis,Cajanus goensis,Fabaceae,Fabales,Climber,93.22203339,93.12706188,9.307068864,9.317803661,90.69293114,90.68219634,14.18987841,14.60556744,52.76873052,52.61934968,66.19347327,66.16613622
,46161,GENBANK,37,F261051,CIAT21137,Cajanus,goensis,Cajanus goensis,Fabaceae,Fabales,Climber,93.03209037,,9.328538457,,90.67146154,,15.02125646,,52.46996885,,66.13879917,
,46161,GENBANK,37,F261052,CIAT21174,Cajanus,goensis,Cajanus goensis,Fabaceae,Fabales,Climber,95.59,95.59088165,9.739422672,9.747932633,90.26057733,90.25206737,20.64832128,20.71815568,45.26983371,44.033682,59.05157857,57.85937384
,46161,GENBANK,37,F261052,CIAT21174,Cajanus,goensis,Cajanus goensis,Fabaceae,Fabales,Climber,95.59176329,,9.756442593,,90.24355741,,20.78799009,,42.79753029,,56.66716911,
,46161,GENBANK,37,F261053,CIAT22055,Cajanus,crassus,Cajanus crassus,Fabaceae,Fabales,Climber,93.50129974,93.53661408,7.1080938,7.214616445,92.8919062,92.78538356,15.05267443,15.06364298,38.36235218,39.72115298,52.96492792,53.84878566
,46161,GENBANK,37,F261053,CIAT22055,Cajanus,crassus,Cajanus crassus,Fabaceae,Fabales,Climber,93.57192842,,7.321139089,,92.67886091,,15.07461153,,41.07995378,,54.7326434,
,46161,GENBANK,37,F261054,CIAT22059,Pueraria,montana,Pueraria montana,Fabaceae,Fabales,Climber,93.46130774,93.47565387,11.18784195,11.0445381,88.81215805,88.9554619,16.21992603,16.03962011,32.47190658,33.25851496,53.41291342,54.27771712
,46161,GENBANK,37,F261054,CIAT22059,Pueraria,montana,Pueraria montana,Fabaceae,Fabales,Climber,93.49,,10.90123426,,89.09876574,,15.85931419,,34.04512334,,55.14252081,
,46161,GENBANK,37,F261055,CIAT25157,Centrosema,capitatum,Centrosema capitatum,Fabaceae,Fabales,Climber,95.05197921,95.0414865,8.8978168,8.819809276,91.1021832,91.18019072,19.06390672,19.16384119,39.79882746,39.78272068,59.50002348,60.26971612
,46161,GENBANK,37,F261055,CIAT25157,Centrosema,capitatum,Centrosema capitatum,Fabaceae,Fabales,Climber,95.0309938,,8.741801752,,91.25819825,,19.26377567,,39.7666139,,61.03940877,
,46161,GENBANK,37,F261056,CIAT25214,Centrosema,grandiflorum,Centrosema grandiflorum,Fabaceae,Fabales,Climber,94.05178446,94.0561892,11.22396414,11.22508643,88.77603586,88.77491357,17.15270948,17.10304831,40.94899767,40.68950719,60.34288488,59.98421251
,46161,GENBANK,37,F261056,CIAT25214,Centrosema,grandiflorum,Centrosema grandiflorum,Fabaceae,Fabales,Climber,94.06059394,,11.22620871,,88.77379129,,17.05338714,,40.43001672,,59.62554013,
,46161,GENBANK,37,F261057,CIAT25224,Centrosema,capitatum,Centrosema capitatum,Fabaceae,Fabales,Climber,94.14234306,94.11205927,10.61076091,10.59535762,89.38923909,89.40464238,19.00094405,18.96399983,39.73866269,39.49408979,59.75731643,59.76350931
,46161,GENBANK,37,F261057,CIAT25224,Centrosema,capitatum,Centrosema capitatum,Fabaceae,Fabales,Climber,94.08177547,,10.57995434,,89.42004566,,18.9270556,,39.24951689,,59.7697022,
,46161,GENBANK,37,F261058,CIAT32092,Cajanus,scarabaeoides,Cajanus scarabaeoides,Fabaceae,Fabales,Climber,94.08059194,94.1114675,6.50227674,6.485369615,93.49772326,93.51463038,16.74995622,16.74871062,47.11979117,46.98831244,63.95772713,63.77268246
,46161,GENBANK,37,F261058,CIAT32092,Cajanus,scarabaeoides,Cajanus scarabaeoides,Fabaceae,Fabales,Climber,94.14234306,,6.46846249,,93.53153751,,16.74746502,,46.85683371,,63.58763779,
,46161,GENBANK,37,F261059,CIAT4846,Clitoria,ternatea L.,Clitoria ternatea L.,Fabaceae,Fabales,Climber,89.63207359,89.65258583,6.51273154,6.557009292,93.48726846,93.44299071,29.07262446,28.40537776,26.92228941,27.49504519,47.66751253,48.17437644
,46161,GENBANK,37,F261059,CIAT4846,Clitoria,ternatea L.,Clitoria ternatea L.,Fabaceae,Fabales,Climber,89.67309807,,6.601287044,,93.39871296,,27.73813106,,28.06780097,,48.68124034,
,46161,GENBANK,37,F261060,CIAT9466,Clitoria,ternatea L.,Clitoria ternatea L.,Fabaceae,Fabales,Climber,89.75307408,89.74756283,5.625206184,5.547506437,94.37479382,94.45249356,28.18001249,28.20806584,34.44485182,34.97678808,54.4697006,55.02722108
,46161,GENBANK,37,F261060,CIAT9466,Clitoria,ternatea L.,Clitoria ternatea L.,Fabaceae,Fabales,Climber,89.74205159,,5.46980669,,94.53019331,,28.23611918,,35.50872433,,55.58474155,
,46161,GENBANK,37,F261061,CIAT19092,Clitoria,ternatea L.,Clitoria ternatea L.,Fabaceae,Fabales,Climber,91.20351859,91.1780864,7.0383502,7.060630529,92.9616498,92.93936947,28.26157783,28.1658616,27.34449399,27.56014678,47.43323759,47.46823038
,46161,GENBANK,37,F261061,CIAT19092,Clitoria,ternatea L.,Clitoria ternatea L.,Fabaceae,Fabales,Climber,91.1526542,,7.082910858,,92.91708914,,28.07014537,,27.77579956,,47.50322317,
,46161,GENBANK,37,F261062,CIAT19212,Clitoria,ternatea L.,Clitoria ternatea L.,Fabaceae,Fabales,Climber,91.52339064,91.52796544,4.586926686,4.603539482,95.41307331,95.39646052,22.99791079,22.8340577,33.72428168,32.88374681,57.33468978,56.93354094
,46161,GENBANK,37,F261062,CIAT19212,Clitoria,ternatea L.,Clitoria ternatea L.,Fabaceae,Fabales,Climber,91.53254024,,4.620152278,,95.37984772,,22.67020461,,32.04321194,,56.5323921,
,46161,GENBANK,37,F261063,CIAT19221,Clitoria,ternatea L.,Clitoria ternatea L.,Fabaceae,Fabales,Climber,92.17156569,92.21233222,5.844036351,5.989794887,94.15596365,94.01020511,22.34805453,22.26974334,35.95214948,36.1475529,57.72547972,57.78755336
,46161,GENBANK,37,F261063,CIAT19221,Clitoria,ternatea L.,Clitoria ternatea L.,Fabaceae,Fabales,Climber,92.25309876,,6.135553422,,93.86444658,,22.19143215,,36.34295632,,57.849627,
,46161,GENBANK,37,F261064,CIAT19447,Clitoria,ternatea L.,Clitoria ternatea L.,Fabaceae,Fabales,Climber,90.95180964,90.95135727,6.122928112,6.035283918,93.87707189,93.96471608,23.58480737,23.98862779,30.21433124,31.03454514,49.63982533,50.53083455
,46161,GENBANK,37,F261064,CIAT19447,Clitoria,ternatea L.,Clitoria ternatea L.,Fabaceae,Fabales,Climber,90.95090491,,5.947639723,,94.05236028,,24.39244821,,31.85475905,,51.42184378,
,46161,GENBANK,37,F261065,CIAT19806,Clitoria,ternatea L.,Clitoria ternatea L.,Fabaceae,Fabales,Climber,91.61167766,91.63583883,6.982770429,6.978012325,93.01722957,93.02198767,25.26842646,25.43214158,25.62819301,25.30868862,46.0405177,45.70894784
,46161,GENBANK,37,F261065,CIAT19806,Clitoria,ternatea L.,Clitoria ternatea L.,Fabaceae,Fabales,Climber,91.66,,6.973254222,,93.02674578,,25.5958567,,24.98918423,,45.37737798,
,46161,GENBANK,37,F261066,CIAT21204,Clitoria,ternatea L.,Clitoria ternatea L.,Fabaceae,Fabales,Climber,92.07237829,92.04738578,7.135487374,7.119196307,92.86451263,92.88080369,30.48349549,30.69048524,23.36809705,22.92862243,44.71846099,44.60906896
,46161,GENBANK,37,F261066,CIAT21204,Clitoria,ternatea L.,Clitoria ternatea L.,Fabaceae,Fabales,Climber,92.02239328,,7.10290524,,92.89709476,,30.897475,,22.48914782,,44.49967692,
,46161,GENBANK,37,F261067,CIAT21705,Clitoria,ternatea L.,Clitoria ternatea L.,Fabaceae,Fabales,Climber,91.76247126,91.73706446,5.503212343,5.568878687,94.49678766,94.43112131,26.0600668,25.99339761,25.92183478,25.07454503,48.02606539,47.50843573
,46161,GENBANK,37,F261067,CIAT21705,Clitoria,ternatea L.,Clitoria ternatea L.,Fabaceae,Fabales,Climber,91.71165767,,5.63454503,,94.36545497,,25.92672843,,24.22725528,,46.99080606,
,46161,GENBANK,37,F261068,CIAT21815,Clitoria,ternatea L.,Clitoria ternatea L.,Fabaceae,Fabales,Climber,91.51084892,91.57084292,6.628084735,6.644463857,93.37191527,93.35553614,28.45003275,27.96513229,29.13092726,28.44580396,49.54844111,49.10458598
,46161,GENBANK,37,F261068,CIAT21815,Clitoria,ternatea L.,Clitoria ternatea L.,Fabaceae,Fabales,Climber,91.63083692,,6.660842979,,93.33915702,,27.48023184,,27.76068066,,48.66073085,
,46161,GENBANK,37,F261069 ,CIAT22274,Clitoria,ternatea L.,Clitoria ternatea L.,Fabaceae,Fabales,Climber,91.8632547,91.88703181,5.254352739,5.200731611,94.74564726,94.79926839,25.34788539,25.31074778,32.68597847,31.77262616,53.70710856,52.52097667
,46161,GENBANK,37,F261069 ,CIAT22274,Clitoria,ternatea L.,Clitoria ternatea L.,Fabaceae,Fabales,Climber,91.91080892,,5.147110484,,94.85288952,,25.27361016,,30.85927385,,51.33484478,
,46161,BREEDING,37,F260540 ,CIAT-BR09_2656,Urochloa,interespecifico,Urochloa interespecifico,Poaceae,Poales,grasses,93.38264694,93.41697834,13.79283112,13.86912799,86.20716888,86.13087201,20.21055979,20.39665873,27.04115779,26.31037882,59.73313862,58.80385783
,46161,BREEDING,37,F260540 ,CIAT-BR09_2656,Urochloa,interespecifico,Urochloa interespecifico,Poaceae,Poales,grasses,93.45130974,,13.94542486,,86.05457514,,20.58275767,,25.57959986,,57.87457703,
,46161,BREEDING,37,F260541,CIAT-BR09_4151,Urochloa,interespecifico,Urochloa interespecifico,Poaceae,Poales,grasses,93.23067693,93.28666993,12.24061071,12.21734464,87.75938929,87.78265536,18.84998616,18.70915417,26.45665796,26.4006588,59.83922865,59.71149772
,46161,BREEDING,37,F260541,CIAT-BR09_4151,Urochloa,interespecifico,Urochloa interespecifico,Poaceae,Poales,grasses,93.34266293,,12.19407856,,87.80592144,,18.56832219,,26.34465964,,59.58376679,
,46161,BREEDING,37,F260542,CIAT-BR09_4014,Urochloa,interespecifico,Urochloa interespecifico,Poaceae,Poales,grasses,94.00239904,94.0617874,12.19986368,12.97701385,87.80013632,87.02298615,18.8992203,18.84461137,28.35890384,28.2258136,62.22777614,61.77074295
,46161,BREEDING,37,F260542,CIAT-BR09_4014,Urochloa,interespecifico,Urochloa interespecifico,Poaceae,Poales,grasses,94.12117576,,13.75416402,,86.24583598,,18.79000244,,28.09272335,,61.31370977,
,46161,BREEDING,37,F260543,CIAT-BR15_582,Urochloa,interespecifico,Urochloa interespecifico,Poaceae,Poales,grasses,92.52074793,92.60683538,13.75570829,13.42982511,86.24429171,86.57017489,18.10462378,18.13248826,26.2841911,26.26503688,59.03792619,59.09210269
,46161,BREEDING,37,F260543,CIAT-BR15_582,Urochloa,interespecifico,Urochloa interespecifico,Poaceae,Poales,grasses,92.69292283,,13.10394194,,86.89605806,,18.16035273,,26.24588266,,59.14627918,
,46161,BREEDING,37,F260544,CIAT-BR09_834,Urochloa,interespecifico,Urochloa interespecifico,Poaceae,Poales,grasses,92.37,92.52,13.45654994,15.13726762,86.54345006,84.86273238,17.91993312,18.01045461,26.48737833,26.53841665,60.41203318,60.37376963
,46161,BREEDING,37,F260544,CIAT-BR09_834,Urochloa,interespecifico,Urochloa interespecifico,Poaceae,Poales,grasses,92.67,,16.8179853,,83.1820147,,18.10097611,,26.58945498,,60.33550608,
,46161,BREEDING,37,F260545,CIAT-BR19_2886,Urochloa,interespecifico,Urochloa interespecifico,Poaceae,Poales,grasses,93.69063094,93.72531547,15.84258754,14.40833515,84.15741246,85.59166485,19.71948889,19.64068384,26.30688094,26.3305642,59.58822274,59.51084898
,46161,BREEDING,37,F260545,CIAT-BR19_2886,Urochloa,interespecifico,Urochloa interespecifico,Poaceae,Poales,grasses,93.76,,12.97408276,,87.02591724,,19.56187879,,26.35424745,,59.43347522,
,46161,BREEDING,37,F260546,CIAT-BR05_1467,Urochloa,interespecifico,Urochloa interespecifico,Poaceae,Poales,grasses,92.91070893,92.9117719,13.62446746,15.07483498,86.37553254,84.92516502,18.70430254,18.96570663,28.35910606,28.47280624,60.42027461,60.87576505
,46161,BREEDING,37,F260546,CIAT-BR05_1467,Urochloa,interespecifico,Urochloa interespecifico,Poaceae,Poales,grasses,92.91283487,,16.5252025,,83.4747975,,19.22711072,,28.58650642,,61.33125548,
,46161,BREEDING,37,F260547,CIAT-BR19_5294,Urochloa,interespecifico,Urochloa interespecifico,Poaceae,Poales,grasses,94.19290355,94.21673975,14.5867162,13.74061214,85.4132838,86.25938786,19.249962,19.40503358,27.29895881,27.35501267,63.02177349,63.29064442
,46161,BREEDING,37,F260547,CIAT-BR19_5294,Urochloa,interespecifico,Urochloa interespecifico,Poaceae,Poales,grasses,94.24057594,,12.89450808,,87.10549192,,19.56010516,,27.41106652,,63.55951536,
,46161,BREEDING,37,F260548,CIAT-BR19_626,Urochloa,interespecifico,Urochloa interespecifico,Poaceae,Poales,grasses,92.84,92.96569086,14.25256982,14.38557617,85.74743018,85.61442383,20.3138121,20.27684567,25.86633895,25.58038706,62.51337711,63.11679647
,46161,BREEDING,37,F260548,CIAT-BR19_626,Urochloa,interespecifico,Urochloa interespecifico,Poaceae,Poales,grasses,93.09138172,,14.51858252,,85.48141748,,20.23987924,,25.29443518,,63.72021583,
,46161,BREEDING,37,F260549,CIAT-BR12_3436,Urochloa,interespecifico,Urochloa interespecifico,Poaceae,Poales,grasses,92.75,92.76644342,14.12148565,14.00013254,85.87851435,85.99986746,20.60825563,20.72442322,24.59615661,24.89268326,64.07313481,64.47501304
,46161,BREEDING,37,F260549,CIAT-BR12_3436,Urochloa,interespecifico,Urochloa interespecifico,Poaceae,Poales,grasses,92.78288685,,13.87877942,,86.12122058,,20.84059082,,25.1892099,,64.87689126,
,46161,BREEDING,37,F260550,CIAT-BR09_305,Urochloa,interespecifico,Urochloa interespecifico,Poaceae,Poales,grasses,93.53258697,93.5722517,12.82986965,12.88392957,87.17013035,87.11607043,18.30193832,18.38478168,26.79983131,26.53876296,65.5947036,65.2027843
,46161,BREEDING,37,F260550,CIAT-BR09_305,Urochloa,interespecifico,Urochloa interespecifico,Poaceae,Poales,grasses,93.61191643,,12.93798949,,87.06201051,,18.46762504,,26.27769462,,64.810865,
,46161,BREEDING,37,F260551,CIAT-BR09_2267,Urochloa,interespecifico,Urochloa interespecifico,Poaceae,Poales,grasses,91.86081392,91.86040696,14.06341269,14.04778674,85.93658731,85.95221326,22.23014847,22.28436072,24.70035035,24.55369483,64.70202132,64.60734468
,46161,BREEDING,37,F260551,CIAT-BR09_2267,Urochloa,interespecifico,Urochloa interespecifico,Poaceae,Poales,grasses,91.86,,14.03216078,,85.96783922,,22.33857298,,24.4070393,,64.51266803,
,46161,BREEDING,37,F260552,CIAT-BR09_3167,Urochloa,interespecifico,Urochloa interespecifico,Poaceae,Poales,grasses,93.56064394,93.42565743,12.14748221,12.12072564,87.85251779,87.87927436,18.56357918,18.60361974,25.34784942,25.24238994,63.12026301,63.45793831
,46161,BREEDING,37,F260552,CIAT-BR09_3167,Urochloa,interespecifico,Urochloa interespecifico,Poaceae,Poales,grasses,93.29067093,,12.09396907,,87.90603093,,18.6436603,,25.13693046,,63.79561361,
,46161,BREEDING,37,F260553,CIAT-BR09_343,Urochloa,interespecifico,Urochloa interespecifico,Poaceae,Poales,grasses,92.78216535,92.8225101,14.71184437,14.30188931,85.28815563,85.69811069,19.68993861,19.66244137,26.84586903,26.61633623,66.89051704,65.52524835
,46161,BREEDING,37,F260553,CIAT-BR09_343,Urochloa,interespecifico,Urochloa interespecifico,Poaceae,Poales,grasses,92.86285486,,13.89193424,,86.10806576,,19.63494413,,26.38680342,,64.15997967,
,46161,BREEDING,37,F260554,CIAT-BR12_5082,Urochloa,interespecifico,Urochloa interespecifico,Poaceae,Poales,grasses,92.6214757,92.62573785,13.64358633,13.58557194,86.35641367,86.41442806,18.78543085,18.83070996,26.67354621,26.48027057,64.42315489,63.06005876
,46161,BREEDING,37,F260554,CIAT-BR12_5082,Urochloa,interespecifico,Urochloa interespecifico,Poaceae,Poales,grasses,92.63,,13.52755756,,86.47244244,,18.87598906,,26.28699493,,61.69696263,
,46161,BREEDING,37,F260555,CIAT-BR12_5323,Urochloa,interespecifico,Urochloa interespecifico,Poaceae,Poales,grasses,93.85061494,93.90060994,13.16153764,13.16686189,86.83846236,86.83313811,19.7188937,19.74038155,27.29257542,27.35824181,65.5841029,64.76012892
,46161,BREEDING,37,F260555,CIAT-BR12_5323,Urochloa,interespecifico,Urochloa interespecifico,Poaceae,Poales,grasses,93.95060494,,13.17218614,,86.82781386,,19.76186939,,27.42390821,,63.93615495,
,46161,BREEDING,37,F260556,CIAT-BR15_1168,Urochloa,interespecifico,Urochloa interespecifico,Poaceae,Poales,grasses,92.81143771,92.87071886,12.86477657,12.9145175,87.13522343,87.0854825,19.91466861,19.79311151,25.46221908,25.37775341,65.67591481,63.93846222
,46161,BREEDING,37,F260556,CIAT-BR15_1168,Urochloa,interespecifico,Urochloa interespecifico,Poaceae,Poales,grasses,92.93,,12.96425843,,87.03574157,,19.67155441,,25.29328774,,62.20100962,
,46161,BREEDING,37,F260557,CIAT-BR12_2679,Urochloa,interespecifico,Urochloa interespecifico,Poaceae,Poales,grasses,93.19272291,93.24736615,12.76737177,12.77337042,87.23262823,87.22662958,20.30754666,20.341135,26.46167717,26.7057446,65.27718164,65.59188371
,46161,BREEDING,37,F260557,CIAT-BR12_2679,Urochloa,interespecifico,Urochloa interespecifico,Poaceae,Poales,grasses,93.3020094,,12.77936907,,87.22063093,,20.37472334,,26.94981203,,65.90658578,
,46161,BREEDING,37,F260558,CIAT-BR09_3341,Urochloa,interespecifico,Urochloa interespecifico,Poaceae,Poales,grasses,92.39228232,92.40152062,13.26420065,13.29799069,86.73579935,86.70200931,19.93312227,19.95987454,24.87734272,25.44841942,65.45735338,63.61256208
,46161,BREEDING,37,F260558,CIAT-BR09_3341,Urochloa,interespecifico,Urochloa interespecifico,Poaceae,Poales,grasses,92.41075892,,13.33178073,,86.66821927,,19.98662681,,26.01949613,,61.76777079,
,46161,BREEDING,37,F260559,CIAT-BR09_2715,Urochloa,interespecifico,Urochloa interespecifico,Poaceae,Poales,grasses,93.62127574,93.66626675,12.4566366,12.46197364,87.5433634,87.53802636,17.46620332,17.31882563,26.90360497,27.04936212,60.50170622,60.58282652
,46161,BREEDING,37,F260559,CIAT-BR09_2715,Urochloa,interespecifico,Urochloa interespecifico,Poaceae,Poales,grasses,93.71125775,,12.46731067,,87.53268933,,17.17144795,,27.19511926,,60.66394682,
,46161,BREEDING,37,F260560,CIAT-BR15_8543,Urochloa,interespecifico,Urochloa interespecifico,Poaceae,Poales,grasses,93.23067693,93.23635216,14.51005624,14.44963349,85.48994376,85.55036651,20.31616464,20.60779712,25.74069332,25.88275412,58.12423849,58.21808633
,46161,BREEDING,37,F260560,CIAT-BR15_8543,Urochloa,interespecifico,Urochloa interespecifico,Poaceae,Poales,grasses,93.24202739,,14.38921075,,85.61078925,,20.89942961,,26.02481491,,58.31193418,
,46161,BREEDING,37,F260561,CIAT-BR02_1718,Urochloa,interespecifico,Urochloa interespecifico,Poaceae,Poales,grasses,93.38,93.50063787,13.29402695,13.31943026,86.70597305,86.68056974,18.59001835,18.75125192,27.70443152,27.53814017,59.30148852,59.14952558
,46161,BREEDING,37,F260561,CIAT-BR02_1718,Urochloa,interespecifico,Urochloa interespecifico,Poaceae,Poales,grasses,93.62127574,,13.34483356,,86.65516644,,18.91248548,,27.37184882,,58.99756263,
,46161,BREEDING,37,F260562,CIAT-BR12_804,Urochloa,interespecifico,Urochloa interespecifico,Poaceae,Poales,grasses,94.59108178,94.61080936,11.92014372,11.96301391,88.07985628,88.03698609,20.67354458,20.6284366,25.16329078,25.19346318,61.37028437,61.58783113
,46161,BREEDING,37,F260562,CIAT-BR12_804,Urochloa,interespecifico,Urochloa interespecifico,Poaceae,Poales,grasses,94.63053695,,12.00588409,,87.99411591,,20.58332861,,25.22363558,,61.8053779,
,46161,BREEDING,37,F260563,CIAT-BR15_1462,Urochloa,interespecifico,Urochloa interespecifico,Poaceae,Poales,grasses,93.64254298,93.67658596,12.13265161,12.16115623,87.86734839,87.83884377,20.55128085,20.50728991,22.31881909,22.70512708,58.38469697,58.52653903
,46161,BREEDING,37,F260563,CIAT-BR15_1462,Urochloa,interespecifico,Urochloa interespecifico,Poaceae,Poales,grasses,93.71062894,,12.18966084,,87.81033916,,20.46329896,,23.09143508,,58.66838108,
,46161,BREEDING,37,F261076,CIAT-BR06_423_Opt_F,Urochloa,interespecifico,Urochloa interespecifico,Poaceae,Poales,grasses,93.8,93.82123151,14.19721292,14.13044877,85.80278708,85.86955123,12.26657157,12.19715927,32.25676421,32.04704855,62.38238522,61.89351496
,46161,BREEDING,37,F261076,CIAT-BR06_423_Opt_F,Urochloa,interespecifico,Urochloa interespecifico,Poaceae,Poales,grasses,93.84246301,,14.06368463,,85.93631537,,12.12774698,,31.83733288,,61.40464471,
,46161,BREEDING,37,F261077,CIAT_MulatoII_Opt_D,Urochloa,interespecifico,Urochloa interespecifico,Poaceae,Poales,grasses,95.0609878,95.0909818,11.53401325,11.60761224,88.46598675,88.39238776,17.10045477,17.44837371,27.06320283,27.38467102,58.82104687,59.23015202
,46161,BREEDING,37,F261077,CIAT_MulatoII_Opt_D,Urochloa,interespecifico,Urochloa interespecifico,Poaceae,Poales,grasses,95.1209758,,11.68121123,,88.31878877,,17.79629264,,27.7061392,,59.63925718,
,46161,BREEDING,37,F243584,ABC-BR06_0423,Urochloa,interespecifico,Urochloa interespecifico,Poaceae,Poales,grasses,96.56,96.765,15.97,15.965,84.03,84.035,11.01,11.01,22.15,22.02,57.45,57.365
,46161,BREEDING,37,F243584,ABC-BR06_0423,Urochloa,interespecifico,Urochloa interespecifico,Poaceae,Poales,grasses,96.97,,15.96,,84.04,,11.01,,21.89,,57.28,
,46161,BREEDING,37,F243592 ,ABC-Mulato_II,Urochloa,interespecifico,Urochloa interespecifico,Poaceae,Poales,grasses,96.69,96.66,14.96,14.975,85.04,85.025,11.85,11.85,24.45,24.365,60.05,59.42
,46161,BREEDING,37,F243592 ,ABC-Mulato_II,Urochloa,interespecifico,Urochloa interespecifico,Poaceae,Poales,grasses,96.63,,14.99,,85.01,,11.85,,24.28,,58.79,
,46161,GENBANK,37,F251772 ,CIAT-22311,Calliandra,calothyrsus,Calliandra calothyrsus,Fabaceae,Fabales,Tree,93.8,93.875,6.88,6.955,93.12,93.045,21.51,21.51,48.24,49.185,53.95,54.93
,46161,GENBANK,37,F251772 ,CIAT-22311,Calliandra,calothyrsus,Calliandra calothyrsus,Fabaceae,Fabales,Tree,93.95,,7.03,,92.97,,21.51,,50.13,,55.91,
,46161,GENBANK,37,F251692 ,CIAT-23715,Desmodium,sequax,Desmodium sequax,Fabaceae,Fabales,Shrub,93.76,93.79,5.2,5.215,94.8,94.785,16.81,16.81,58.1,59.135,64.7,65.42
,46161,GENBANK,37,F251692 ,CIAT-23715,Desmodium,sequax,Desmodium sequax,Fabaceae,Fabales,Shrub,93.82,,5.23,,94.77,,16.81,,60.17,,66.14,
,46161,ISABEL MOLINA,37,F261072 (100%),Leu_div ILRI 15551,Leucaena,diversifolia,Leucaena diversifolia,Fabaceae,Fabales,Fabales,95.02,94.96,8.76,8.98,91.24,91.02,30.2,30.055,32.88,31.81,50.28,51.505
,46161,ISABEL MOLINA,37,F261072 (100%),Leu_div ILRI 15551,Leucaena,diversifolia,Leucaena diversifolia,Fabaceae,Fabales,Fabales,94.9,,9.2,,90.8,,29.91,,30.74,,52.73,
,46161,ISABEL MOLINA,37,F263137 ( 100%) ,Estrella CIAT,Cynodon,nlenfuensis,Cynodon nlemfuensis, Poaceae,Poales,0,94.02,94.055,8.81,8.96,91.19,91.04,6.1,5.97,40.05,40.275,79.27930865,79.62720487
,46161,ISABEL MOLINA,37,F263137 ( 100%) ,Estrella CIAT,Cynodon,nlenfuensis,Cynodon nlemfuensis, Poaceae,Poales,0,94.09,,9.11,,90.89,,5.84,,40.5,,79.97510108,
,46161,ISABEL MOLINA,37,F263138 (100%) ,CIAT17009,Canavalia,brasiliensis,Canavalia brasiliensis,Fabaceas,Fabales,Trepadoras,94.27,94.275,13.61,13.58,86.39,86.42,22,22.3,29.7,29.79,51.13945003,52.87048789
,46161,ISABEL MOLINA,37,F263138 (100%) ,CIAT17009,Canavalia,brasiliensis,Canavalia brasiliensis,Fabaceas,Fabales,Trepadoras,94.28,,13.55,,86.45,,22.6,,29.88,,54.60152575,
,46161,ISABEL MOLINA,37,F262902 (100%),STAR GRASS -Porvenir,Cynodon, nlemfuensis ,Cynodon nlemfuensis ,Poaceae,Poales,0,92.56,92.49,9.25,9.3,90.75,90.7,8.8,8.735,41.67,41.9,78.74,78.67
,46161,ISABEL MOLINA,37,F262902 (100%),STAR GRASS -Porvenir,Cynodon, nlemfuensis ,Cynodon nlemfuensis ,Poaceae,Poales,0,92.42,,9.35,,90.65,,8.67,,42.13,,78.6,
,46161, ISABEL MOLINA/ EXP Camaras In vivo ,37,Dieta 1 : F263137 + F261072 (40%/60%) Estrella/Leucaena),Dieta 1 : F263137 + F261072 (40%/60%) Estrella/Leucaena),N/A,N/A,N/A,N/A,N/A,N/A,94.62,94.598,8.78,8.972,91.22,91.028,20.56,20.421,35.748,35.196,61.87972346,62.75388195
,46161, ISABEL MOLINA/ EXP Camaras In vivo ,37,Dieta 1 : F263137 + F261072 (40%/60%) Estrella/Leucaena),Dieta 1 : F263137 + F261072 (40%/60%) Estrella/Leucaena),N/A,N/A,N/A,N/A,N/A,N/A,94.576,,9.164,,90.836,,20.282,,34.644,,63.62804043,
,46161, ISABEL MOLINA/ EXP Camaras In vivo ,37,Dieta 2 : F263137 + F263138 (55%/45%) Estrella/Canavalia),Dieta 2 : F263137 + F263138 (55%/45%) Estrella/Canavalia),N/A,N/A,N/A,N/A,N/A,N/A,94.1325,94.154,10.97,11.039,89.03,88.961,13.255,13.3185,35.3925,35.55675,66.61637227,67.58668223
,46161, ISABEL MOLINA/ EXP Camaras In vivo ,37,Dieta 2 : F263137 + F263138 (55%/45%) Estrella/Canavalia),Dieta 2 : F263137 + F263138 (55%/45%) Estrella/Canavalia),N/A,N/A,N/A,N/A,N/A,N/A,94.1755,,11.108,,88.892,,13.382,,35.721,,68.55699218,
,46161,GENBANK,37,F260042 ,CIAT33127,Codariocalyx,motorius,Codariocalyx motorius,Fabaceae,Fabales,Shurb_Tree,96.22188906,96.31684158,6.039537176,6.433871219,93.96046282,93.56612878,13.00366648,13.00366648,37.86034992,37.54026766,77.43141672,78.36568804
,46161,GENBANK,37,F260042 ,CIAT33127,Codariocalyx,motorius,Codariocalyx motorius,Fabaceae,Fabales,Shurb_Tree,96.4117941,,6.828205261,,93.17179474,,13.00366648,,37.22018541,,79.29995936,
,46161,GENBANK,37,F260048,CIAT6080,Eragrostis,curvula,Eragrostis curvula,Poaceae,Poales,Grasses,93.99060094,94.0111957,10.85932269,10.47010189,89.14067731,89.52989811,11.21059818,11.21059818,44.21973411,43.80456817,77.31129468,77.68084801
,46161,GENBANK,37,F260048,CIAT6080,Eragrostis,curvula,Eragrostis curvula,Poaceae,Poales,Grasses,94.03179046,,10.08088109,,89.91911891,,11.21059818,,43.38940223,,78.05040133,
,46161,GENBANK,37,F260059,CIAT16081,Paspalum,secans,Paspalum secans,Poaceae,Poales,Grasses,96.47141144,96.45570572,16.49838589,18.46631792,83.50161411,81.53368208,12.32918173,12.32918173,38.0785623,38.11155679,66.87204437,67.5939558
,46161,GENBANK,37,F260059,CIAT16081,Paspalum,secans,Paspalum secans,Poaceae,Poales,Grasses,96.44,,20.43424995,,79.56575005,,12.32918173,,38.14455127,,68.31586723,
,46161,GENBANK,37,F260063,CIAT16254,Hyparrhenia,hirta,Hyparrhenia hirta,Poaceae,Poales,Grasses,94.8025987,94.84681025,12.93018504,14.46587007,87.06981496,85.53412993,12.97864532,12.97864532,36.05573806,35.82331301,69.95865425,69.5014367
,46161,GENBANK,37,F260063,CIAT16254,Hyparrhenia,hirta,Hyparrhenia hirta,Poaceae,Poales,Grasses,94.8910218,,16.0015551,,83.9984449,,12.97864532,,35.59088796,,69.04421915,
,46161,GENBANK,37,F260066,CIAT16379,Panicum,maximum,Panicum maximum,Poaceae,Poales,Grasses,94.69159252,94.58717557,14.23656022,16.97198361,85.76343978,83.02801639,13.93761108,13.93761108,32.81381622,32.73828134,63.86412867,64.42853585
,46161,GENBANK,37,F260066,CIAT16379,Panicum,maximum,Panicum maximum,Poaceae,Poales,Grasses,94.48275862,,19.707407,,80.292593,,13.93761108,,32.66274647,,64.99294302,
,46161,GENBANK,37,F260068,CIAT16561,Panicum,maximum,Panicum maximum,Poaceae,Poales,Grasses,94.16233507,94.33171742,10.03502721,10.23740712,89.96497279,89.76259288,13.92648053,13.92648053,33.9321665,33.57259073,60.44244411,59.87436116
,46161,GENBANK,37,F260068,CIAT16561,Panicum,maximum,Panicum maximum,Poaceae,Poales,Grasses,94.50109978,,10.43978702,,89.56021298,,13.92648053,,33.21301496,,59.30627821,
,46161,BREEDING,37,F260566,CIAT_679_Tully_Exc,Urochloa,interespecifico,Urochloa interespecifico,Poaceae,Poales,grasses,93.88183545,93.96181146,10.1287371,10.37344398,89.8712629,89.62655602,7.708661601,7.684219626,34.31422088,34.45911726,68.46060573,68.81768678
,46161,BREEDING,37,F260566,CIAT_679_Tully_Exc,Urochloa,interespecifico,Urochloa interespecifico,Poaceae,Poales,grasses,94.04178746,,10.61815087,,89.38184913,,7.659777651,,34.60401364,,69.17476784,
,46161,BREEDING,37,F252184,CIAT-BH22_0303,Urochloa,humidicola,Urochloa humidicola,Poaceae,Poales,grasses,94.83,94.84,9.5,9.51,90.5,90.49,8.02,8.025,32.56,33.135,67.49,68.075
,46161,BREEDING,37,F252184,CIAT-BH22_0303,Urochloa,humidicola,Urochloa humidicola,Poaceae,Poales,grasses,94.85,,9.52,,90.48,,8.03,,33.71,,68.66,
,46161,BREEDING,37,F252192,CIAT-BH22_0519,Urochloa,humidicola,Urochloa humidicola,Poaceae,Poales,grasses,97.68,97.655,11.14,11.145,88.86,88.855,9.38,9.36,31.77,31.685,64.61,64.575
,46161,BREEDING,37,F252192,CIAT-BH22_0519,Urochloa,humidicola,Urochloa humidicola,Poaceae,Poales,grasses,97.63,,11.15,,88.85,,9.34,,31.6,,64.54,
,46161,GENBANK,37,F260076,CIAT16690,Cynodon,sp.,Cynodon sp.,Poaceae,Poales,Grasses,95.53223388,95.53223388,9.304820097,9.304820097,90.6951799,90.6951799,13.66830468,13.66830468,43.8186202,43.8186202,62.43368834,62.43368834
,46161,GENBANK,37,F260106,CIAT36088,Paspalum,dilatatum,Paspalum dilatatum,Poaceae,Poales,Grasses,93.762495,93.74656097,12.2302234,12.31738568,87.7697766,87.68261432,13.65583273,16.21618544,35.80157471,36.13229179,63.65247875,63.93578953
,46161,GENBANK,37,F260106,CIAT36088,Paspalum,dilatatum,Paspalum dilatatum,Poaceae,Poales,Grasses,93.73062694,,12.40454796,,87.59545204,,18.77653815,,36.46300887,,64.21910031,
,46161,LMF,37,F250008,Sample 8,Cynodon, nlemfuensis ,Cynodon nlemfuensis ,Poaceae,Poales,Grasses,93.64063594,93.73093584,11.32941805,11.41385651,88.67058195,88.58614349,18.77653815,15.93826907,37.8,37.75,76.05,76.05
,,LMF,37,F250008,Sample 8,Cynodon, nlemfuensis ,Cynodon nlemfuensis ,Poaceae,Poales,Grasses,93.82123575,,11.49829497,,88.50170503,,13.1,,37.7,,76.05,
