,net_gas_8h_ml,net_gas_24h_ml,ch4_8h_ml,ch4_24h_ml,ch4_percentage_in_gas_8h,ch4_percentage_in_gas_24h,gas_ml/g_dm_incubated_24h,ch4_ml/g_NDF_digested_24h,methane_intensity,tddm
count,138.0,138.0,138.0,138.0,138.0,138.0,138.0,138.0,138.0,138.0
mean,36.68304347826087,75.82442028985507,4.768913043478261,10.807898550724637,12.888913043478261,14.164420289855073,151.55971014492752,4.994202898550743,54.47152173913043,46.33782608695652
std,9.69004784126369,18.09291743584531,1.4474511626634519,2.8651827505435823,1.0944896386104834,1.1181952469887522,47.82996657018644,1301.5563344428056,14.122930409827763,11.363903522505085
min,8.07,22.32,0.99,2.78,9.57,9.77,30.59,-13125.72,21.6,13.13
25%,30.195,67.125,3.875,8.7275,12.245000000000001,13.6,110.8325,-101.36,46.432500000000005,40.5475
50%,38.18,81.13,4.825,11.645,12.864999999999998,14.120000000000001,169.06,118.535,51.65,49.144999999999996
75%,43.9125,88.475,5.64,12.905000000000001,13.4225,14.697500000000002,191.3125,283.14,59.36,54.0075
max,61.8,100.54,9.14,16.17,15.67,16.66,214.03,2605.14,114.3,67.6
