,net_gas_8h_ml,net_gas_24h_ml,ch4_8h_ml,ch4_24h_ml,ch4_percentage_in_gas_8h,ch4_percentage_in_gas_24h,gas_ml/g_dm_incubated_24h,ch4_ml/g_NDF_digested_24h,methane_intensity,tddm
count,464.0,464.0,464.0,464.0,464.0,464.0,464.0,464.0,464.0,464.0
mean,33.67465517241379,68.64250000000001,4.7132327586206895,10.69864224137931,13.892931034482759,15.562758620689655,75.64452586206897,46.53247844827586,52.559181034482755,49.562521551724146
std,6.57750074720948,13.372917112396701,1.1507243946886099,2.345786187898403,1.4941962695689432,1.6226198511515295,60.02207922942261,287.4369153049432,21.703621662762437,12.009075847013316
min,10.3,21.97,1.03,2.78,5.08,9.14,9.19,-1583.5,7.37,16.98
25%,29.880000000000003,60.8775,3.9775,9.55,12.8975,14.37,22.0,-9.752500000000001,41.07,41.9825
50%,33.275,71.06,4.63,10.94,13.81,15.46,30.54,17.06,47.34,50.495
75%,37.637499999999996,78.20750000000001,5.44,11.96,14.7425,16.3925,140.2775,114.66,55.082499999999996,58.120000000000005
max,55.63,96.71,8.67,16.13,19.38,22.66,191.39,4102.07,243.09,80.97
