,net_gas_8h_ml,net_gas_24h_ml,ch4_8h_ml,ch4_24h_ml,ch4_percentage_in_gas_8h,ch4_percentage_in_gas_24h,gas_ml/g_dm_incubated_24h,ch4_ml/g_NDF_digested_24h,methane_intensity,tddm
count,602.0,602.0,602.0,602.0,602.0,602.0,602.0,602.0,602.0,602.0
mean,34.36428571428572,70.288853820598,4.725996677740864,10.723687707641195,13.662774086378738,15.242209302325584,93.0470099667774,37.010415282392024,52.99755813953488,48.82330564784053
std,7.505688418816845,14.88359399578972,1.2240311812889606,2.4723751651437715,1.4735829467518904,1.6307728951799987,65.70289303960378,670.9087821768248,20.22376755767984,11.932344968286742
min,8.07,21.97,0.99,2.78,5.08,9.14,9.19,-13125.72,7.37,13.13
25%,29.9475,61.91,3.955,9.47,12.72,14.13,22.95,-14.24,42.28,41.4975
50%,33.95,72.33,4.6850000000000005,11.02,13.515,15.015,100.99000000000001,19.97,48.25,49.97
75%,39.065,80.89750000000001,5.48,12.1575,14.49,16.1875,151.4475,141.165,56.0675,57.4275
max,61.8,100.54,9.14,16.17,19.38,22.66,214.03,4102.07,243.09,80.97
