31b_no,31b_date,31b_requisitioner,31b_gene_bank_id,31b_genus,31b_species,3b_tax_name,31b_family,31b_order,31b_functional_group,31b_ciat_id,31b_set_ciat,31b_batch,31b_run,31b_replication,31b_syrange_no,31b_sample_weight_g,31b_dm_incubated_mg,31b_digested_feed_mg,31b_time_0h,31b_gas_0h_ml,31b_time_8h,31b_gas_8h_ml,31b_ch4_8h_percentage,31b_v8_push_back_ml,31b_time_24h,31b_gas_24h_ml,31b_ch4_24h_percentage,31b_remarks,31b_gp_8h_ml,31b_8_24h_ml,31b_net_gas_8h_ml,31b_net_gas_8_24h_ml,31b_net_gas_24h_ml,31b_ch4_8h_ml,31b_ch4_8_24h_ml,31b_ch4_24h_ml,31b_gas_ml_g_dm_incubated_24h,31b_percentage_dmd_truly_digestibility,31b_part_fact,31b_ch4_ml_in_gas_8h,31b_ch4_ml_in_gas_24h,31b_ch4_ml_g_dm_incubated_24h,31b_ch4_ml_g_dmd_24h,31b_ch4_ml_g_ndf_digested_in_24h,31b_ch4_g_g_dm_incubated_24h,31b_ch4_g_g_dmd_24h,31b_remarks_2
No,Date,Requisitioner,Gene Bank ID,Genus,Species,Tax Name,Family,Order,Functional Group,CIAT ID,Set CIAT,Batch,Run,Replication,Syrange No,"Sample weight, g","DM Incubated, mg","Digested feed, mg",Time 0h,"Gas 0h, ml",Time 8h,"Gas 8h, ml",CH4 8h %,"V8 Push back, ml",Time 24h,"Gas 24h, ml","CH4 24h, %",Remarks,"GP 8h, ml","GP 8-24h, ml","Net gas 8h, ml","Net gas 8-24h, ml","Net gas 24h, ml","CH4 8h, ml","CH4 8-24h, ml","CH4 24h, ml","Gas ml/g DM Incubated, 24h","% DMD, Truly digestibility",Part Fact,"CH4 ml in gas, h8","CH4 ml in gas, 24h","CH4 ml/gDM incubated, 24h","CH4 ml/g DMD, 24h2",CH4 ml/g NDF digested in 24 h,"CH4 g/g DM incubated, 24h","CH4 g/g DMD, 24h",Remarks
1,46175,,BLANK 24 H,,,0,,,,BLANK 24 H,38,89,1,1,1,0,0,0,0.325104167,40.5,0.665104167,43.5,0,40,0.331527778,43,0,,3,3,,,,,,,,,,,,,,,,,
2,46175,,BLANK 24 H,,,0,,,,BLANK 24 H,38,89,1,2,2,0,0,0,0.325196759,40,0.665277778,42,0,40,0.33193287,43,0,,2,3,,,,,,,,,,,,,,,,,
3,46175,0,CIAT36090,Cenchrus,ciliaris,0,Poaceae,Poales,Grasses,F260108,38,89,1,1,3,0.5,431.85,198.75,0.325324074,41,0.665659722,55.5,10.7,40.5,0.332627315,92.5,15.3,0,14.5,52,12.28748311,49.56623142,61.85371453,1.314760693,7.583633407,8.8983941,143.2296273,46.02292463,3.213226586,10.7,14.38619195,20.60528911,44.77179421,0.676308123,11.43629195,24.84912039,
4,46175,0,CIAT36090,Cenchrus,ciliaris,0,Poaceae,Poales,Grasses,F260108,38,89,1,2,4,0.5002,432.02274,215.82274,0.325474537,40.5,0.665960648,56.5,15.4,40,0.333506944,90.5,15.7,,16,50.5,13.78748311,48.06623142,61.85371453,2.123272399,7.546398333,9.669670732,143.1723583,49.95633795,3.489244609,15.4,15.63312859,22.38231888,44.80376225,0.496244417,12.42257422,24.8668632,
5,46175,0,CIAT795,Rhynchosia,reticulata,0,Fabaceae,Fabales,Climber,F260429,38,89,1,1,5,0.5001,473.8250339,124.0250339,0.325659722,41.5,0.666377315,67.5,14,41,0.334224537,74.5,15.7,,26,33.5,23.78748311,31.06623142,54.85371453,3.330247635,4.877398333,8.207645968,115.7678692,26.17528097,2.261014318,14,14.96278974,17.32210284,66.17733297,-0.41915907,9.614066769,36.72956474,
6,46175,0,CIAT795,Rhynchosia,reticulata,0,Fabaceae,Fabales,Climber,F260429,38,89,1,2,6,0.5005,474.2040182,134.1040182,0.325763889,41.5,0.666944444,68.5,13.1,41,0.33443287,73,15.3,,27,32,24.78748311,29.56623142,54.35371453,3.247160287,4.523633407,7.770793695,114.6209489,28.27981481,2.467246615,13.1,14.29671139,16.38702625,57.94601684,-0.480500285,9.095083083,32.16104187,
7,46175,0,CIAT966,Teramnus,labialis,0,Fabaceae,Fabales,Climber,F260432,38,89,1,1,7,0.5006,464.9340595,205.3340595,0.325914352,40.5,0.667210648,70.5,13.4,40,0.335185185,86.5,14.6,,30,46.5,27.78748311,44.06623142,71.85371453,3.723522737,6.433669787,10.15719252,154.5460331,44.16412506,2.857667983,13.4,14.13593242,21.84652279,49.46667177,-2.257548054,12.12519811,27.45485866,
8,46175,0,CIAT966,Teramnus,labialis,0,Fabaceae,Fabales,Climber,F260432,38,89,1,2,8,0.5002,464.562558,250.962558,0.326018519,40,0.667650463,69.5,14,40,0.335532407,89,14.5,,29.5,49,27.28748311,46.56623142,73.85371453,3.820247635,6.752103556,10.57235119,158.9747457,54.0212623,3.398103394,14,14.31525991,22.75764805,42.12720524,0.757937815,12.6308884,23.38132776,
9,46175,0,CIAT4042,Centrosema,grazielae,0,Fabaceae,Fabales,Climber,F260433,38,89,1,1,9,0.5003,477.9661359,215.4661359,0.326111111,40.5,0.668090278,74,12.9,40,0.335810185,83,14.7,,33.5,43,31.28748311,40.56623142,71.85371453,4.036085321,5.963236019,9.99932134,150.3322289,45.07979116,2.998677762,12.9,13.91622048,20.92056443,46.40785568,0.99304527,11.6112752,25.75716281,
10,46175,0,CIAT4042,Centrosema,grazielae,0,Fabaceae,Fabales,Climber,F260433,38,89,1,2,10,0.5,477.6795282,210.5795282,0.326261574,40.5,0.668530093,75,13.1,40,0.336354167,82.5,14.8,,34.5,42.5,32.28748311,40.06623142,72.35371453,4.229660287,5.92980225,10.15946254,151.4691551,44.08385031,2.910417655,13.1,14.04138351,21.26836496,48.24525264,1.203938984,11.80431052,26.77694991,
11,46175,0,CIAT5098,Centrosema,schottii,0,Fabaceae,Fabales,Climber,F260436,38,89,1,1,11,0.5005,471.5282904,230.4282904,0.326365741,40,0.668935185,75,14.1,39.5,0.336782407,84,14.4,,35,44.5,32.78748311,42.06623142,74.85371453,4.623035118,6.057537325,10.68057244,158.7470276,48.86839137,3.078381504,14.1,14.26859376,22.65096848,46.35095989,2.988451017,12.57167939,25.72558466,
12,46175,0,CIAT5098,Centrosema,schottii,0,Fabaceae,Fabales,Climber,F260436,38,89,1,2,12,0.5005,471.5282904,214.6282904,0.326446759,40.5,0.669560185,74.5,13.8,39.5,0.337256944,81,15,,34,41.5,31.78748311,39.06623142,70.85371453,4.386672669,5.859934713,10.24660738,150.2639735,45.517585,3.029174854,13.8,14.46163754,21.73063121,47.74117785,-3.732640321,12.06087628,26.49717968,
13,46175,0,CIAT5166,Centrosema,schottii,0,Fabaceae,Fabales,Climber,F260438,38,89,1,1,13,0.5003,472.9877218,225.6877218,0.326585648,40,0.669814815,79.5,14,39.5,0.337581019,91.5,15.2,0,39.5,52,37.28748311,49.56623142,86.85371453,5.220247635,7.534067176,12.75431481,183.6278418,47.71534469,2.59848094,14,14.68482365,26.96542473,56.51310896,2.283862157,14.96627726,31.36575321,
14,46175,0,CIAT5166,Centrosema,schottii,0,Fabaceae,Fabales,Climber,F260438,38,89,1,2,14,0.5003,472.9877218,226.3877218,0.326689815,40,0.670104167,79,14.1,39,0.337881944,93.5,15,,39,54.5,36.78748311,52.06623142,88.85371453,5.187035118,7.809934713,12.99696983,187.8562813,47.86334007,2.547870092,14.1,14.62737928,27.47845078,57.41022406,2.221025596,15.25101559,31.86366761,
15,46175,0,CIAT5236,Centrosema,arenarium,0,Fabaceae,Fabales,Climber,F260441,38,89,1,1,15,0.5004,474.3805009,208.0805009,0.326805556,40,0.670659722,74.5,13.6,39.5,0.338483796,77.5,15.7,,34.5,38,32.28748311,35.56623142,67.85371453,4.391097703,5.583898333,9.974996036,143.0364747,43.86362857,3.06660442,13.6,14.70073688,21.02741579,47.93815851,1.454869837,11.67057956,26.60650735,
16,46175,0,CIAT5236,Centrosema,arenarium,0,Fabaceae,Fabales,Climber,F260441,38,89,1,2,16,0.5002,474.1909004,188.4909004,0.326967593,40,0.6709375,76.5,13.6,40.5,0.338680556,79.5,15.6,,36.5,39,34.28748311,36.56623142,70.85371453,4.663097703,5.704332102,10.3674298,149.4202324,39.75000369,2.66028255,13.6,14.63216131,21.86340943,55.00228278,336.7215512,12.13457049,30.52721854,
17,46175,0,CIAT5325,Centrosema,virginianum,0,Fabaceae,Fabales,Climber,F260442,38,89,1,1,17,0.5,469.7827898,222.3827898,0.327152778,39.5,0.671342593,78.5,13.5,39,0.339074074,82.5,15.5,,39,43.5,36.78748311,41.06623142,77.85371453,4.96631022,6.36526587,11.33157609,165.7227898,47.33736413,2.856418491,13.5,14.55495882,24.12088381,50.95527446,1.006745185,13.38750783,28.2810589,
18,46175,0,CIAT5325,Centrosema,virginianum,0,Fabaceae,Fabales,Climber,F260442,38,89,1,2,18,0.5001,469.8767464,221.8767464,0.327222222,40.5,0.671469907,80,13.3,40,0.339456019,84,15.3,,39.5,44,37.28748311,41.56623142,78.85371453,4.959235254,6.359633407,11.31886866,167.8178696,47.22020149,2.813776722,13.3,14.35426185,24.08901642,51.01421779,1.023570746,13.36982088,28.31377347,
19,46175,0,CIAT5383,Periandra,coccinea,0,Fabaceae,Fabales,Climber,F260443,38,89,1,1,19,0.5004,479.5916833,225.3916833,0.327372685,40,0.671944444,76.5,14.6,40,0.339699074,83,15.7,,36.5,43,34.28748311,40.56623142,74.85371453,5.005972534,6.368898333,11.37487087,156.0780079,46.99657879,3.011095505,14.6,15.19613414,23.71782344,50.46712771,1.072009523,13.16380235,28.01012901,
20,46175,0,CIAT5383,Periandra,coccinea,0,Fabaceae,Fabales,Climber,F260443,38,89,1,2,20,0.5003,479.4958417,221.7958417,0.327962963,40,0.672430556,81,13.9,40,0.340138889,84.5,15.7,,41,44.5,38.78748311,42.06623142,80.85371453,5.391460152,6.604398333,11.99585849,168.6223477,46.25605113,2.743174422,13.9,14.83649645,25.01764863,54.08513701,1.281347658,13.88522782,30.01818677,
21,46175,0,CIAT5484,Centrosema,vexillatum,0,Fabaceae,Fabales,Climber,F260444,38,89,1,1,21,0.5004,478.162773,167.762773,0.328043981,40,0.672847222,69,12.8,39.5,0.340474537,80.5,14.4,,29,41,26.78748311,38.56623142,65.35371453,3.428797838,5.553537325,8.982335163,136.6767097,35.08486701,2.566996753,12.8,13.74418459,18.78509928,53.54188538,-1.076047044,10.4260551,29.71667272,
22,46175,0,CIAT5484,Centrosema,vexillatum,0,Fabaceae,Fabales,Climber,F260444,38,89,1,2,22,0.5004,478.162773,148.062773,0.328240741,40,0.673263889,69,12.7,39.5,0.340798611,81.5,14.5,,29,42,26.78748311,39.56623142,66.35371453,3.402010355,5.737103556,9.139113911,138.7680478,30.96493106,2.231416493,12.7,13.77332675,19.11297664,61.72458969,-0.600310893,10.60803271,34.25821517,
23,46175,0,CIAT5850,Centrosema,brachypodum,0,Fabaceae,Fabales,Climber,F260447,38,89,1,1,23,0.5,476.7034565,214.1034565,0.328368056,40.5,0.673576389,79,14.2,40,0.341354167,82,15.9,,38.5,42,36.28748311,39.56623142,75.85371453,5.152822602,6.291030796,11.4438534,159.1213856,44.91334257,2.822583677,14.2,15.08674093,24.00623122,53.45011046,1.230285273,13.32387366,29.66573605,
24,46175,0,CIAT5850,Centrosema,brachypodum,0,Fabaceae,Fabales,Climber,F260447,38,89,1,2,24,0.5002,476.8941378,164.1941378,0.328530093,40,0.674027778,77.5,14.1,39.5,0.341666667,80,16.1,,37.5,40.5,35.28748311,38.06623142,73.35371453,4.975535118,6.128663259,11.10419838,153.815509,34.42989226,2.238388865,14.1,15.13788149,23.28440947,67.62847032,-1.395203546,12.9232501,37.53497107,
25,46175,0,CIAT7146,Rhynchosia,reticulata,0,Fabaceae,Fabales,Climber,F260450,38,89,1,1,25,0.5005,473.0057733,73.70577327,0.328761574,41,0.674409722,60,12.8,39.5,0.342002315,64,16.1,,19,24.5,16.78748311,22.06623142,38.85371453,2.148797838,3.552663259,5.701461097,82.14215709,15.58242572,1.897007124,12.8,14.67417251,12.05368183,77.35433527,-0.205870207,6.690001959,42.93299439,
26,46175,0,CIAT7146,Rhynchosia,reticulata,0,Fabaceae,Fabales,Climber,F260450,38,89,1,2,26,0.5003,472.81676,96.31675997,0.328877315,41,0.674884259,61.5,13,40.5,0.342361111,67,15.6,,20.5,26.5,18.28748311,24.06623142,42.35371453,2.377372804,3.754332102,6.131704906,89.57743912,20.37084303,2.274104197,13,14.47737223,12.9684593,63.66186848,-0.299820779,7.197719277,35.33343842,
27,46175,0,CIAT8384,Canavalia,dictyota,0,Fabaceae,Fabales,Climber,F260454,38,89,1,1,27,0.5004,463.450981,227.350981,0.328935185,41,0.675520833,88.5,12.9,40.5,0.342708333,88.5,16.2,,47.5,48,45.28748311,45.56623142,90.85371453,5.842085321,7.38172949,13.22381481,196.0373767,49.05610093,2.502385094,12.9,14.55506237,28.53336243,58.16475809,4.659139776,15.83650981,32.28244705,
28,46175,0,CIAT8384,Canavalia,dictyota,0,Fabaceae,Fabales,Climber,F260454,38,89,1,2,28,0.5006,463.6362132,216.2362132,0.329085648,41,0.676030093,88.5,13.2,40,0.343020833,88.5,16.5,,47.5,48.5,45.28748311,46.06623142,91.35371453,5.97794777,7.600928184,13.57887595,197.0374874,46.63919837,2.367021574,13.2,14.86406549,29.28778117,62.79649349,-7.665889304,16.25522526,34.85314033,
29,46175,0,CIAT8808,Galactia,jussiaeana,0,Fabaceae,Fabales,Climber,F260456,38,89,1,1,29,0.5,465.3069083,100.9069083,0.329247685,41,0.676319444,69,10.8,39.5,0.343356481,68.5,13.6,,28,29,25.78748311,26.56623142,52.35371453,2.785048176,3.613007473,6.398055649,112.5143719,21.68609717,1.927406855,10.8,12.22082465,13.75018409,63.40552652,-0.253379404,7.631590065,35.1911642,
30,46175,0,CIAT8808,Galactia,jussiaeana,0,Fabaceae,Fabales,Climber,F260456,38,89,1,2,30,0.5005,465.7722152,75.37221519,0.329479167,41.5,0.676898148,69,10.6,40.5,0.343784722,71.5,12.7,,27.5,31,25.28748311,28.56623142,53.85371453,2.68047321,3.62791139,6.3083846,115.6224282,16.18220511,1.399573193,10.6,11.71392662,13.5439264,83.69642029,-0.18524918,7.517113474,46.45296129,
31,46175,0,CIAT15234,Centrosema,platycarpum,0,Fabaceae,Fabales,Climber,F260464,38,89,1,1,31,0.5005,473.9090686,199.6090686,0.329664352,40.5,0.677523148,54.5,12.4,39.5,0.344189815,58.5,11.2,Se observa liquido por arriba del embolo en la primera agitacion y en el clip la solucion roja 8h,.,.,.,.,.,.,.,.,.,.,.,.,.,.,.,.,.,.,
32,46175,0,CIAT15234,Centrosema,platycarpum,0,Fabaceae,Fabales,Climber,F260464,38,89,1,2,32,0.5002,473.6250072,160.6250072,0.329756944,40,0.678020833,65,12.8,39.5,0.344398148,76,11.1,,25,36.5,22.78748311,34.06623142,56.85371453,2.916797838,3.781351688,6.698149526,120.0395116,33.91396248,2.825233295,12.8,11.78137538,14.14230546,41.70053992,-0.405466807,7.849224207,23.14452112,
33,46175,0,CIAT15444,Centrosema,tetragonolobum,0,Fabaceae,Fabales,Climber,F260468,38,89,1,1,33,0.5002,471.5721422,177.0721422,0.329803241,40,0.678391204,78.5,12.8,39.5,0.344953704,74.5,15,,38.5,35,36.28748311,32.56623142,68.85371453,4.644797838,4.884934713,9.529732551,146.0088677,37.54932202,2.571715171,12.8,13.84054966,20.20842984,53.81836144,-0.797760797,11.21602819,29.87012171,
34,46175,0,CIAT15444,Centrosema,tetragonolobum,0,Fabaceae,Fabales,Climber,F260468,38,89,1,2,34,0.5001,471.4778655,189.1778655,0.329988426,41,0.678796296,81.5,12.6,40,0.345324074,77,15.4,,40.5,37,38.28748311,34.56623142,72.85371453,4.824222872,5.323199639,10.14742251,154.522025,40.1244426,2.596681126,12.6,13.92849023,21.52258516,53.63958666,-1.384447269,11.94540713,29.77089862,
35,46175,0,CIAT19445,Galactia,dubia,0,Fabaceae,Fabales,Climber,F260482,38,89,1,1,35,0.5005,467.5503186,215.6503186,0.330162037,41.5,0.679224537,77.5,12.8,40,0.345555556,80,15.7,,36,40,33.78748311,37.56623142,71.35371453,4.324797838,5.897898333,10.22269617,152.6118403,46.12344597,3.022271791,12.8,14.32678907,21.86437644,47.40403927,0.60975127,12.1351072,26.31006193,
36,46175,0,CIAT19445,Galactia,dubia,0,Fabaceae,Fabales,Climber,F260482,38,89,1,2,36,0.5005,467.5503186,193.4503186,0.330798611,41.5,0.679456019,75,13.2,40,0.345891204,77.5,16.5,,33.5,37.5,31.28748311,35.06623142,66.35371453,4.12994777,5.785928184,9.915875955,141.9178041,41.37529393,2.91544068,13.2,14.94396512,21.20814715,51.25799754,1.051539252,11.77088859,28.44907545,
37,46175,0,CIAT20820,Canavalia,gladiata,0,Fabaceae,Fabales,Climber,F260484,38,89,1,1,37,0.5002,461.24212,241.34212,0.330671296,40.5,0.679826389,87,12.9,40,0.346446759,89,16.5,,46.5,49,44.28748311,46.56623142,90.85371453,5.713085321,7.683428184,13.39651351,196.976188,52.32438876,2.656381429,12.9,14.74514672,29.04442791,55.50839408,0.860123741,16.12015999,30.80811907,
38,46175,0,CIAT20820,Canavalia,gladiata,0,Fabaceae,Fabales,Climber,F260484,38,89,1,2,38,0.5004,461.4265431,264.8265431,0.330625,40.5,0.68025463,85.5,12.5,40,0.346643519,88,16.4,,45,48,42.78748311,45.56623142,88.35371453,5.348435389,7.472861953,12.82129734,191.47948,57.39300156,2.997344758,12.5,14.51132803,27.78621545,48.41394368,0.522237581,15.42183031,26.87057635,
39,46175,0,CIAT21829,Rhynchosia,minima,0,Fabaceae,Fabales,Climber,F260489,38,89,1,1,39,0.5,464.7088277,143.3088277,0.330902778,40.5,0.680613426,70,12.3,40,0.347060185,77.5,15.2,,29.5,37.5,27.28748311,35.06623142,62.35371453,3.356360423,5.330067176,8.686427598,134.1780289,30.83841304,2.298320618,12.3,13.93089035,18.69219408,60.61334628,-1.086913159,10.37449111,33.64145586,
40,46175,0,CIAT21829,Rhynchosia,minima,0,Fabaceae,Fabales,Climber,F260489,38,89,1,2,40,0.5003,464.987653,132.487653,0.331030093,40.5,0.680810185,70.5,12.3,40,0.347291667,77,15.3,,30,37,27.78748311,34.56623142,62.35371453,3.417860423,5.288633407,8.70649383,134.0975704,28.49272495,2.124775629,12.3,13.96307164,18.72413982,65.71551109,-0.747050672,10.39222155,36.4732456,
41,46175,0,CIAT22188,Rhynchosia,minima,0,Fabaceae,Fabales,Climber,F260492,38,89,1,1,41,0.5005,467.1433415,119.8433415,0.331111111,40,0.681168981,73,13.4,40,0.347662037,76.5,15.3,,33,36.5,30.78748311,34.06623142,64.85371453,4.125522737,5.212133407,9.337656144,138.8304376,25.65451134,1.847902504,13.4,14.39802826,19.98884564,77.91551894,-0.375800334,11.09415516,43.24446103,
42,46175,0,CIAT22188,Rhynchosia,minima,0,Fabaceae,Fabales,Climber,F260492,38,89,1,2,42,0.5003,466.9566708,129.4566708,0.331273148,40.5,0.6815625,72,13.1,40,0.347997685,75,14.6,,31.5,35,29.28748311,32.56623142,61.85371453,3.836660287,4.754669787,8.591330075,132.4613575,27.72348676,2.092949014,13.1,13.88975608,18.39855946,66.36452196,-0.401971489,10.21151882,36.83345786,
43,46175,0,CIAT25156,Centrosema,platycarpum,0,Fabaceae,Fabales,Climber,F260500,38,89,1,1,43,0.5,471.0307911,134.8307911,0.331423611,40.5,0.682152778,63.5,12.9,39.5,0.348310185,68.5,11.7,,23,29,20.78748311,26.56623142,47.35371453,2.681585321,3.108249076,5.789834397,100.5320999,28.62462362,2.847311819,12.9,12.22677979,12.29183847,42.94148504,-0.262396203,6.822183012,23.83326713,
44,46175,0,CIAT25156,Centrosema,platycarpum,0,Fabaceae,Fabales,Climber,F260500,38,89,1,2,44,0.5003,471.3134095,152.3134095,0.331574074,40.5,0.682685185,63.5,12.9,39.5,0.348935185,69,11.3,,23,29.5,20.78748311,27.06623142,47.85371453,2.681585321,3.058484151,5.740069472,101.532682,32.31679949,3.182896271,12.9,11.9950343,12.17888003,37.68591019,-0.364427429,6.759489125,20.91633216,
45,46175,0,IAG 2026 S1,Green,Meal,0,Green Meal,Green Meal,Green Meal,F263177,38,89,1,1,45,0.5004,465.32196,260.52196,0.331643519,40,0.683020833,93,13.4,39.5,0.349409722,86,15.2,,53,46.5,50.78748311,44.06623142,94.85371453,6.805522737,6.698067176,13.50358991,203.845343,55.98746296,2.746565712,13.4,14.23622678,29.01988531,51.83282788,#DIV/0!,16.10653842,28.76811624,
46,46175,0,IAG 2026 S1,Green,Meal,0,Green Meal,Green Meal,Green Meal,F263177,38,89,1,2,46,0.5006,465.50794,261.60794,0.331805556,39.5,0.68337963,92.5,13.4,39,0.349849537,84,15.8,,53,45,50.78748311,42.56623142,93.35371453,6.805522737,6.725464564,13.5309873,200.541616,56.19838407,2.80233027,13.4,14.49432127,29.0671461,51.72238771,#DIV/0!,16.13276898,28.70682003,
47,46175,0,IAG 2026 S2,Compound,feed,0,Compound feed,Compound feed,Compound feed,F263178,38,89,1,1,47,0.5001,457.69152,375.09152,0.332002315,39.5,0.683958333,105,14.2,39.5,0.350277778,115,13.6,,65.5,75.5,63.28748311,73.06623142,136.3537145,8.986822602,9.937007473,18.92383007,297.9161915,81.95291012,2.7508713,14.2,13.87848519,41.34625451,50.45123407,#DIV/0!,22.94788659,28.00130777,
48,46175,0,IAG 2026 S2,Compound,feed,0,Compound feed,Compound feed,Compound feed,F263178,38,89,1,2,48,0.5004,457.96608,383.56608,0.332083333,40,0.684328704,105,14.2,39.5,0.350578704,115,14.3,,65,75.5,62.78748311,73.06623142,135.8537145,8.915822602,10.44847109,19.36429369,296.6458008,83.75425534,2.823375727,14.2,14.25378302,42.28324878,50.4848961,#DIV/0!,23.46793462,28.01999077,
49,46175,0,CIAT918,Rhynchosia,schomburgkii,0,Fabaceae,Fabales,Herbaceous_climber,F263139,38,89,1,1,49,0.5005,458.5664867,68.2664867,0.332233796,40.5,0.685150463,65.5,13.7,39.5,0.350972222,62,14.6,,25,22.5,22.78748311,20.06623142,42.85371453,3.121885186,2.929669787,6.051554973,93.45147492,14.88693323,1.593012122,13.7,14.12142457,13.19667954,88.64605849,-0.219767826,7.324385462,49.20009613,
50,46175,0,CIAT918,Rhynchosia,schomburgkii,0,Fabaceae,Fabales,Herbaceous_climber,F263139,38,89,1,2,50,0.5004,458.474865,81.27486503,0.332303241,40,0.685601852,65,13.4,39.5,0.351516204,61,15.1,,25,21.5,22.78748311,19.06623142,41.85371453,3.053522737,2.879000945,5.932523681,91.28900562,17.72722372,1.941879375,13.4,14.17442573,12.9396923,72.99333785,-0.25483189,7.181753097,40.51256536,
51,46175,0,CIAT8215,Rhynchosia,schomburgkii,0,Fabaceae,Fabales,Herbaceous_climber,F263140,38,89,1,1,51,0.5002,461.6231356,49.42313556,0.332395833,40,0.6859375,65,13.7,39.5,0.351979167,61.5,15.1,,25,4,22.78748311,1.566231421,24.35371453,3.121885186,0.236500945,3.358386131,52.75670272,10.70638184,2.029387981,13.7,13.79003653,7.275168578,67.95170101,-0.123022799,4.037844429,37.7143697,
52,46175,0,CIAT8215,Rhynchosia,schomburgkii,0,Fabaceae,Fabales,Herbaceous_climber,F263140,38,89,1,2,52,0.5006,461.9922864,62.89228641,0.332627315,40.5,0.686354167,65.5,13.4,39.5,0.35224537,62,15.2,,25,4,22.78748311,1.566231421,24.35371453,3.053522737,0.238067176,3.291589913,52.71454794,13.61327629,2.582451491,13.4,13.51576125,7.124772446,52.33694147,-0.142156072,3.954371974,29.047908,
53,46175,0,CIAT15008,Centrosema,triquetrum,0,Fabaceae,Fabales,Herbaceous_climber,F263141,38,89,1,1,53,0.5004,469.8817037,172.2817037,0.332696759,41,0.686782407,65,11.3,40,0.352685185,70.5,11.3,,24,30.5,21.78748311,28.06623142,49.85371453,2.461985591,3.171484151,5.633469742,106.0984374,36.66490998,3.455744578,11.3,11.3,11.98912343,32.69917596,-1.593386801,6.654170927,18.14860839,
54,46175,0,CIAT15008,Centrosema,triquetrum,0,Fabaceae,Fabales,Herbaceous_climber,F263141,38,89,1,2,54,0.5003,469.7878024,192.4878024,0.332951389,39.5,0.68724537,62,11.4,39,0.353148148,68,11,,22.5,29,20.28748311,26.56623142,46.85371453,2.312773075,2.922285456,5.235058531,99.73378254,40.9733504,4.108271977,11.4,11.1731985,11.1434535,27.19683255,1.492494994,6.184809485,15.0947126,
55,46175,0,CIAT17334,Dunbaria,nivea,0,Fabaceae,Fabales,Herbaceous_climber,F263142,38,89,1,1,55,0.5,473.95,156.55,0.333078704,41,0.687534722,66,13.9,40,0.353958333,69,15.2,,25,29,22.78748311,26.56623142,49.35371453,3.167460152,4.038067176,7.205527328,104.1327451,33.03091043,3.172000355,13.9,14.599767,15.20313815,46.02700305,2.151706059,8.438004706,25.54578301,
56,46175,0,CIAT17334,Dunbaria,nivea,0,Fabaceae,Fabales,Herbaceous_climber,F263142,38,89,1,2,56,0.5002,474.13958,155.63958,0.333263889,41.5,0.68806713,66.5,13.5,40,0.35431713,68.5,15.7,,25,28.5,22.78748311,26.06623142,48.85371453,3.07631022,4.092398333,7.168708553,103.0365668,32.82568817,3.18582899,13.5,14.67382495,15.11940546,46.05967552,2.348417782,8.39153161,25.56391679,
57,46175,0,CIAT17892,Dioclea,valliana,0,Fabaceae,Fabales,Herbaceous_climber,F263143,38,89,1,1,57,0.5005,459.6402843,124.9402843,0.33349537,41,0.688506944,63.5,11.8,40,0.354722222,63,14.5,,22.5,23,20.28748311,20.56623142,40.85371453,2.393923007,2.982103556,5.376026563,88.88192773,27.18218758,3.058235603,11.8,13.15921116,11.69616056,43.02876846,-0.85015527,6.491571464,23.88171094,
58,46175,0,CIAT17892,Dioclea,valliana,0,Fabaceae,Fabales,Herbaceous_climber,F263143,38,89,1,2,58,0.5005,459.6402843,148.4402843,0.333981481,41.5,0.688854167,63.5,11.8,40,0.355023148,63.5,14.2,,22,23.5,19.78748311,21.06623142,40.85371453,2.334923007,2.991404862,5.326327869,88.88192773,32.29488131,3.633458695,11.8,13.03756079,11.58803536,35.88195681,4.665574345,6.431560112,19.91510682,
59,46175,0,CIAT17916,Clitoria,falcata,0,Fabaceae,Fabales,Herbaceous_climber,F263144,38,89,1,1,59,0.5003,473.6156842,147.2156842,0.334236111,40.5,0.689131944,74,14.8,40,0.355439815,74,16.7,,33.5,34,31.28748311,31.56623142,62.85371453,4.6305475,5.271560647,9.902108148,132.7103739,31.0833634,2.342195451,14.8,15.75421313,20.90747515,67.26258957,1.499823804,11.60401043,37.33190093,
60,46175,0,CIAT17916,Clitoria,falcata,0,Fabaceae,Fabales,Herbaceous_climber,F263144,38,89,1,2,60,0.5,473.3316852,180.4316852,0.334363426,40.5,0.689699074,74.5,14.8,40,0.35587963,75.5,16.7,,34,35.5,31.78748311,33.06623142,64.85371453,4.7045475,5.522060647,10.22660815,137.0153669,38.11950285,2.782133399,14.8,15.76873155,21.6055854,56.67856028,0.633706769,11.9914737,31.45758155,
61,46175,0,CIAT17969,Canavalia,grandiflora,0,Fabaceae,Fabales,Herbaceous_climber,F263145,38,89,1,1,61,0.5003,457.12411,243.82411,0.334513889,40.5,0.690115741,84,12.4,40,0.356354167,87.5,15.1,,43.5,47.5,41.28748311,45.06623142,86.35371453,5.119647906,6.805000945,11.92464885,188.9064975,53.33871145,2.823550919,12.4,13.80907459,26.08623914,48.90676664,0.821502479,14.47831404,27.14410163,
62,46175,0,CIAT17969,Canavalia,grandiflora,0,Fabaceae,Fabales,Herbaceous_climber,F263145,38,89,1,2,62,0.5003,457.12411,229.22411,0.334618056,40,0.690798611,84.5,12.1,39.5,0.356851852,87.5,14.7,,44.5,48,42.28748311,45.56623142,87.85371453,5.116785456,6.698236019,11.81502148,192.187882,50.14483047,2.609156724,12.1,13.44851671,25.84641942,51.54353735,1.363626958,14.34520995,28.60755499,
63,46175,0,CIAT18497,Dioclea,valliana,0,Fabaceae,Fabales,Herbaceous_climber,F263146,38,89,1,1,63,0.5002,459.7,90.4,0.334768519,40.5,0.691168981,64,12.4,39.5,0.357199074,62,14.4,,23.5,22.5,21.28748311,20.06623142,41.35371453,2.639647906,2.889537325,5.52918523,89.95804771,19.66499891,2.186018863,12.4,13.37046815,12.02781212,61.16355343,-0.554577329,6.675643819,33.94683035,
64,46175,0,CIAT18497,Dioclea,valliana,0,Fabaceae,Fabales,Herbaceous_climber,F263146,38,89,1,2,64,0.5,459.5161935,96.01619352,0.334895833,41.5,0.691678241,65,12.2,40,0.357662037,62,14.7,,23.5,22,21.28748311,19.56623142,40.85371453,2.597072939,2.876236019,5.473308958,88.90592999,20.895062,2.350243904,12.2,13.39733491,11.91102519,57.0040194,-0.660528025,6.610825056,31.638217,
65,46175,0,CIAT18521,Rhynchosia,phaseoloides,0,Fabaceae,Fabales,Herbaceous_climber,F263147,38,89,1,1,65,0.5005,461.7690462,153.1690462,0.335046296,40.5,0.692256944,67,13.5,40,0.358043981,65.5,13.9,,26.5,25.5,24.28748311,23.06623142,47.35371453,3.27881022,3.206206167,6.485016387,102.5484816,33.17005491,3.234572994,13.5,13.694842,14.04385253,42.33894869,0.904104748,7.794581127,23.49884903,
66,46175,0,CIAT18521,Rhynchosia,phaseoloides,0,Fabaceae,Fabales,Herbaceous_climber,F263147,38,89,1,2,66,0.5004,461.6767846,140.6767846,0.335150463,40.5,0.692858796,68,13.2,40,0.35837963,65,13.8,,27.5,25,25.28748311,22.56623142,47.85371453,3.33794777,3.114139936,6.452087707,103.6519836,30.47083789,2.939725495,13.2,13.48294019,13.97533496,45.8646231,1.884573342,7.756552688,25.45565933,
67,46175,0,CIAT18631,Dioclea,crenata,0,Fabaceae,Fabales,Herbaceous_climber,F263148,38,89,1,1,67,0.5,459.0020673,124.4020673,0.33525463,41.5,0.693564815,64.5,12.6,40,0.358831019,64.5,14.6,,23,24.5,20.78748311,22.06623142,42.85371453,2.619222872,3.221669787,5.840892659,93.36279199,27.10272484,2.902947123,12.6,13.62983985,12.72519903,46.95173309,-0.485972749,7.062705618,26.05902418,
68,46175,0,CIAT18631,Dioclea,crenata,0,Fabaceae,Fabales,Herbaceous_climber,F263148,38,89,1,2,68,0.5002,459.1856681,119.4856681,0.335393519,41,0.693993056,65,11.9,40,0.35912037,60,14.2,,24,20,21.78748311,17.56623142,39.35371453,2.59271049,2.494404862,5.087115352,85.70327269,26.02121025,3.036197969,11.9,12.92664597,11.07855864,42.57510906,-0.371840657,6.148791717,23.62992212,
69,46175,0,IAG 2026 S1,Green,Meal,0,Green Meal,Green Meal,Green Meal,F263177,38,89,1,1,69,0.5006,465.50794,271.40794,0.335509259,39.5,0.694479167,92.5,13.9,39,0.359525463,87.5,16.9,,53,48.5,50.78748311,46.06623142,96.85371453,7.059460152,7.78519311,14.84465326,208.0602847,58.30361132,2.802246061,13.9,15.32688068,31.88915158,54.6949852,#DIV/0!,17.69903084,30.35666307,
70,46175,0,IAG 2026 S1,Green,Meal,0,Green Meal,Green Meal,Green Meal,F263177,38,89,1,2,70,0.5005,465.41495,255.81495,0.335659722,40,0.695023148,95,13.6,39.5,0.359953704,85,16.3,,55,45.5,52.78748311,43.06623142,95.85371453,7.179097703,7.019795722,14.19889342,205.9532349,54.96491894,2.668805807,13.6,14.81308627,30.50803036,55.50454899,#DIV/0!,16.93248467,30.80598498,
71,46175,0,IAG 2026 S2,Compound,feed,0,Compound feed,Compound feed,Compound feed,F263178,38,89,1,1,71,0.5005,458.0576,349.4576,0.335810185,40,0.695810185,109,14.5,39.5,0.360381944,105,14.4,,69,65.5,66.78748311,63.06623142,129.8537145,9.684185051,9.081537325,18.76572238,283.4877416,76.29119133,2.691163678,14.5,14.45143286,40.96804065,53.69956863,#DIV/0!,22.73797135,29.80418965,
72,46175,0,IAG 2026 S2,Compound,feed,0,Compound feed,Compound feed,Compound feed,F263178,38,89,1,2,72,0.5004,457.96608,368.96608,0.335868056,40,0.696180556,110,14.2,40,0.360763889,110,14.2,,70,70,67.78748311,67.56623142,135.3537145,9.625822602,9.594404862,19.22022746,295.5540169,80.5662463,2.725939818,14.2,14.2,41.96867039,52.09212582,#DIV/0!,23.29333817,28.91203108,
73,46175,0,CIAT22303,Macrotyloma,axillare,0,Fabaceae,Fabales,Herbaceous_climber,F263149,38,89,1,1,73,0.5001,443.3414778,238.7414778,0.336041667,41.5,0.696435185,99.5,13.7,40,0.361145833,86.5,16.4,,58,46.5,55.78748311,44.06623142,99.85371453,7.642885186,7.226861953,14.86974714,225.2298049,53.85047187,2.390912335,13.7,14.89153129,33.54016686,62.28388664,1.035471922,18.61537288,34.56863466,
74,46175,0,CIAT22303,Macrotyloma,axillare,0,Fabaceae,Fabales,Herbaceous_climber,F263149,38,89,1,2,74,0.5006,443.7847306,260.5847306,0.336168981,40.5,0.696875,98,14.1,40,0.361550926,83.5,17,,57.5,43.5,55.28748311,41.06623142,96.35371453,7.795535118,6.981259342,14.77679446,217.1181383,58.71872388,2.704459624,14.1,15.33598838,33.29721246,56.70629444,0.631638941,18.48052899,31.47297449,
75,46175,0,CIAT18633,Dioclea,crenata,0,Fabaceae,Fabales,Herbaceous_climber,F263150,38,89,1,1,75,0.5001,460.4249971,151.9249971,0.336284722,40.5,0.697199074,69.5,13.5,40,0.362037037,71,14.4,,29,31,26.78748311,28.56623142,55.35371453,3.61631022,4.113537325,7.729847544,120.2230871,32.99668742,2.744621538,13.5,13.9644604,16.78850539,50.87936608,-0.866333566,9.317910949,28.23892844,
76,46175,0,CIAT18633,Dioclea,crenata,0,Fabaceae,Fabales,Herbaceous_climber,F263150,38,89,1,2,76,0.5005,460.7932634,173.2932634,0.336412037,41.5,0.697962963,71,12.6,40,0.362546296,71.5,14.3,,29.5,31.5,27.28748311,29.06623142,56.35371453,3.438222872,4.156471093,7.594693965,122.2971753,37.60759481,3.075099217,12.6,13.47682939,16.48178167,43.82567339,-5.322653256,9.147673981,24.32400696,
77,46175,0,BLANK 8 H,BLANK,8,0,0,0,0,BLANK 8 H,38,89,1,1,77,0,0,0,0.336516204,39.5,0.698414352,43.5,0,0,0,0,0,,4,,,,,,,,,,,,,,,,,,
78,46175,0,BLANK 8 H,BLANK,8,0,0,0,0,BLANK 8 H,38,89,1,2,78,0,0,0,0.336689815,39,0.698923611,41.5,0,0,0,0,0,,2.5,,,,,,,,,,,,,,,,,,
79,46175,0,CIAT21134,Cajanus,goensis,0,Fabaceae,Fabales,Herbaceous_climber,F263151,38,89,1,1,79,0.5004,460.3509969,144.7509969,0.336793981,41,0.699189815,66,14.1,40,0.363206019,63.5,14.2,,25,23.5,22.78748311,21.06623142,43.85371453,3.213035118,2.991404862,6.20443998,95.26147402,31.44361539,3.300769352,14.1,14.14803751,13.47762907,42.86284801,0.869160761,7.480317313,23.78962222,
80,46175,0,CIAT21134,Cajanus,goensis,0,Fabaceae,Fabales,Herbaceous_climber,F263151,38,89,1,2,80,0.5002,460.1670037,115.8670037,0.336909722,41,0.699722222,65,14.5,40,0.363634259,63.5,14.2,,24,23.5,21.78748311,21.06623142,42.85371453,3.159185051,2.991404862,6.150589913,93.12643928,25.17933767,2.703779707,14.5,14.35252458,13.36599509,53.08318776,-4.567101774,7.418358521,29.4620876,
81,46175,0,CIAT21433,Calopogonium,galactioides,0,Fabaceae,Fabales,Herbaceous_climber,F263152,38,89,1,1,81,0.5006,460.7832229,234.6832229,0.337037037,41.5,0.700011574,87.5,14.6,40,0.364224537,91.5,15.1,0,46,51.5,43.78748311,49.06623142,92.85371453,6.392972534,7.409000945,13.80197348,201.5127937,50.9313732,2.527451099,14.6,14.86421254,29.95328995,58.81107866,1.070769631,16.62459415,32.64116615,
82,46175,0,CIAT21433,Calopogonium,galactioides,0,Fabaceae,Fabales,Herbaceous_climber,F263152,38,89,1,2,82,0.5004,460.5991305,242.9991305,0.337175926,41,0.700405093,84,15.3,40,0.364583333,90,15.2,,43,50,40.78748311,47.56623142,88.35371453,6.240484916,7.230067176,13.47055209,191.8234506,52.75718394,2.750298975,15.3,15.24616386,29.24571759,55.43456911,0.835068074,16.23187924,30.76714493,
83,46175,0,CIAT21475,Rhynchosia,phaseoloides,0,Fabaceae,Fabales,Herbaceous_climber,F263153,38,89,1,1,83,0.5002,461.6,139.5,0.337361111,41,0.700636574,67,13.6,40,0.364768519,72.5,13.7,,26,32.5,23.78748311,30.06623142,53.85371453,3.235097703,4.119073705,7.354171408,116.6674925,30.22097054,2.590350568,13.6,13.65582945,15.93191379,52.71807461,-1.578107943,8.842487795,29.25944348,
84,46175,0,CIAT21475,Rhynchosia,phaseoloides,0,Fabaceae,Fabales,Herbaceous_climber,F263153,38,89,1,2,84,0.5005,461.8768493,154.6768493,0.337569444,41,0.701099537,68,13.1,40,0.365162037,73,13.3,,27,33,24.78748311,30.56623142,55.35371453,3.247160287,4.065308779,7.312469066,119.8451809,33.48876427,2.794335494,13.1,13.21043968,15.83207532,47.27578239,30.31996745,8.787075714,26.23887715,
85,46175,0,CIAT21951,Pueraria,montana,0,Fabaceae,Fabales,Herbaceous_climber,F263154,38,89,1,1,85,0.5005,472.4998322,207.0998322,0.337731481,41.5,0.701875,72.5,13.3,40,0.365601852,76.5,14.9,,31,36.5,28.78748311,34.06623142,62.85371453,3.828735254,5.075868482,8.904603735,133.0237817,43.83066789,3.29494977,13.3,14.16718773,18.84572888,42.99667285,0.729044665,10.45970558,23.86389732,
86,46175,0,CIAT21951,Pueraria,montana,0,Fabaceae,Fabales,Herbaceous_climber,F263154,38,89,1,2,86,0.5002,472.2166156,196.2166156,0.337800926,41,0.702164352,73.5,13.4,40,0.366018519,77,15.4,,32.5,37,30.28748311,34.56623142,64.85371453,4.058522737,5.323199639,9.381722376,137.3389084,41.55224723,3.025526248,13.4,14.46597538,19.86741268,47.81308835,1.084194426,11.02675776,26.53709125,
87,46175,0,CIAT25213,Centrosema,brachypodum,0,Fabaceae,Fabales,Herbaceous_climber,F263155,38,89,1,1,87,0.5005,471.3002036,193.8002036,0.337928241,40.5,0.70255787,80,15.2,40,0.366435185,71,16.8,,39.5,31,37.28748311,28.56623142,65.85371453,5.667697433,4.799126879,10.46682431,139.7277447,41.12033098,2.942889479,15.2,15.89405303,22.20840184,54.00832463,2.123539233,12.32604725,29.97555457,
88,46175,0,CIAT25213,Centrosema,brachypodum,0,Fabaceae,Fabales,Herbaceous_climber,F263155,38,89,1,2,88,0.5005,471.3002036,199.6002036,0.338078704,41,0.703217593,80,15.1,40.5,0.366851852,70.5,17.1,,39,30,36.78748311,27.56623142,64.35371453,5.55490995,4.713825573,10.26873552,136.5450599,42.35096911,3.101611229,15.1,15.95670988,21.78809906,51.44651826,1.484774596,12.09277193,28.55370772,
89,46175,0,CIAT32229,Calopogonium,galactioides,0,Fabaceae,Fabales,Herbaceous_climber,F263156,38,89,1,1,89,0.5001,461.0769386,256.8769386,0.338206019,40.5,0.703657407,83.5,16.2,40,0.367233796,93.5,15.4,,43,53.5,40.78748311,51.06623142,91.85371453,6.607572264,7.864199639,14.4717719,199.2155904,55.71238054,2.796587378,16.2,15.75523862,31.38689162,56.33737298,0.560466124,17.42026788,31.2682167,
90,46175,0,CIAT32229,Calopogonium,galactioides,0,Fabaceae,Fabales,Herbaceous_climber,F263156,38,89,1,2,90,0.5003,461.2613325,208.0613325,0.338321759,40.5,0.703819444,82.5,16.2,40,0.367534722,89,15.5,,42,49,39.78748311,46.56623142,86.35371453,6.445572264,7.21776587,13.66333813,187.2121256,45.10703973,2.409408022,16.2,15.82252507,29.62168552,65.66976174,1.695694933,16.44054795,36.44785392,
91,46175,0,CIAT8206,Desmanthus,leptophyllus,0,Fabaceae,Fabales,Shurb_tree,F263157,38,89,1,1,91,0.5005,459.8884682,124.0884682,0.338518519,41.5,0.704409722,76,12.6,40,0.367916667,68,15.8,,34.5,28,32.28748311,25.56623142,57.85371453,4.068222872,4.039464564,8.107687436,125.799446,26.9822961,2.144866051,12.6,14.01411733,17.62968197,65.3379605,-0.446317122,9.784778505,36.26369849,
92,46175,0,CIAT8206,Desmanthus,leptophyllus,0,Fabaceae,Fabales,Shurb_tree,F263157,38,89,1,2,92,0.5004,459.7965824,158.1965824,0.339050926,42,0.704814815,69,12.1,40,0.36880787,71,14.8,,27,31,24.78748311,28.56623142,53.35371453,2.999285456,4.22780225,7.227087707,116.0376492,34.40577605,2.965052833,12.1,13.54561303,15.71801093,45.68422147,-1.17471316,8.723768002,25.3555333,
93,46175,0,CIAT8886,Zornia,myriadena,0,Fabaceae,Fabales,Herbaceous,F263158,38,89,1,1,93,0.5005,458.9959833,198.5959833,0.338819444,41,0.705173611,67,11.8,40,0.369027778,64,13,,26,24,23.78748311,21.56623142,45.35371453,2.806923007,2.803610085,5.610533092,98.81070027,43.26747739,4.378825094,11.8,12.37061429,12.22349061,28.25098977,-77.03924864,6.784248767,15.67978809,
94,46175,0,CIAT8886,Zornia,myriadena,0,Fabaceae,Fabales,Herbaceous,F263158,38,89,1,2,94,0.5003,458.8125683,183.3125683,0.339722222,41,0.705671296,66.5,12.1,40,0.369340278,64,12.9,,25.5,24,23.28748311,21.56623142,44.85371453,2.817785456,2.782043853,5.59982931,97.76043123,39.95369372,4.08689827,12.1,12.48465009,12.20504776,30.54798349,-0.946213433,6.774012667,16.95465935,
95,46175,0,CIAT13701,Pseudarthria,viscida,0,Fabaceae,Fabales,Herbaceous,F263159,38,89,1,1,95,0.5004,462.6311303,172.1311303,0.339583333,41,0.705914352,69,13,40,0.369803241,75.5,13.9,,28,35.5,25.78748311,33.06623142,58.85371453,3.352372804,4.596206167,7.948578972,127.215206,37.20699257,2.924728399,13,13.50565387,17.18124538,46.17746342,-6.499715622,9.535888442,25.62929112,
96,46175,0,CIAT13701,Pseudarthria,viscida,0,Fabaceae,Fabales,Herbaceous,F263159,38,89,1,2,96,0.5004,462.6311303,190.0311303,0.339490741,40.5,0.706261574,65,14.7,40,0.370138889,75,13.8,,24.5,35,22.28748311,32.56623142,54.85371453,3.276260017,4.494139936,7.770399953,118.5690087,41.07616584,3.464325651,14.7,14.16567687,16.79610265,40.89014227,1.549669177,9.322127561,22.6947364,
97,46175,0,CIAT18859,Pseudarthria,hookeri,0,Fabaceae,Fabales,Herbaceous,F263160,38,89,1,1,97,0.5004,463.6261035,167.2261035,0.339756944,41,0.706643519,69,14.2,40,0.370486111,68.5,14.5,,28,28.5,25.78748311,26.06623142,51.85371453,3.661822602,3.779603556,7.441426158,111.8438201,36.06917346,3.224959002,14.2,14.35080635,16.05049004,44.49919003,-3.096855987,8.908299664,24.69782035,
98,46175,0,CIAT18859,Pseudarthria,hookeri,0,Fabaceae,Fabales,Herbaceous,F263160,38,89,1,2,98,0.5002,463.4408013,149.3408013,0.340416667,41,0.707210648,67.5,15.1,40,0.370833333,67.5,13.9,,26.5,27.5,24.28748311,25.06623142,49.35371453,3.66740995,3.484206167,7.151616117,106.4941075,32.22435333,3.025928295,15.1,14.49053265,15.43156342,47.88789169,-0.83532868,8.564784681,26.5786084,
99,46175,0,CIAT19661,Pseudarthria,hookeri,0,Fabaceae,Fabales,Herbaceous,F263161,38,89,1,1,99,0.5002,472.7667906,118.3667906,0.340509259,41.5,0.707673611,64,13.5,41,0.37150463,68,15,,22.5,27,20.28748311,24.56623142,44.85371453,2.73881022,3.684934713,6.423744933,94.87492655,25.03703579,2.638951797,13.5,14.32154505,13.58755535,54.26982436,-0.958148206,7.541328296,30.12069144,
100,46175,0,CIAT19661,Pseudarthria,hookeri,0,Fabaceae,Fabales,Herbaceous,F263161,38,89,1,2,100,0.5004,472.9558217,141.3558217,0.340729167,41.5,0.708171296,64,12.8,40,0.371736111,66.5,15.1,,22.5,26.5,20.28748311,24.06623142,44.35371453,2.596797838,3.634000945,6.230798783,93.77982573,29.88774325,3.187012027,12.8,14.04797512,13.17416659,44.07882682,31.10790128,7.311890382,24.46451149,
101,46175,0,CIAT20129,Desmanthus,leptophyllus,0,Fabaceae,Fabales,Herbaceous,F263162,38,89,1,1,101,0.5003,459.2064618,150.8064618,0.340833333,41.5,0.708564815,73,12,40,0.372141204,68.5,14.2,0,31.5,28.5,29.28748311,26.06623142,55.35371453,3.514497973,3.701404862,7.215902835,120.5421072,32.84066632,2.724414488,12,13.03598665,15.71385299,47.84876422,-2.113850905,8.721460277,26.55689198,
102,46175,0,CIAT20129,Desmanthus,leptophyllus,0,Fabaceae,Fabales,Herbaceous,F263162,38,89,1,2,102,0.5002,459.1146756,140.0146756,0.341006944,41.5,0.709085648,75.5,11.6,40.5,0.372592593,69,14.3,,34,28.5,31.78748311,26.06623142,57.85371453,3.687348041,3.727471093,7.414819134,126.0114686,30.4966674,2.420150145,11.6,12.81649622,16.15025511,52.95744251,-1.055794239,8.963671,29.39229681,
103,46175,0,CIAT20386,Desmanthus,leptophyllus,0,Fabaceae,Fabales,Herbaceous,F263163,38,89,1,1,103,0.5003,458.1560377,57.15603774,0.341145833,41,0.709293981,70.5,12.6,40,0.372951389,65,14.9,0,29.5,25,27.28748311,22.56623142,49.85371453,3.438222872,3.362368482,6.800591354,108.8138329,12.47523399,1.146475007,12.6,13.64109258,14.84339568,118.982904,-0.186457426,8.238341411,66.03757027,
104,46175,0,CIAT20386,Desmanthus,leptophyllus,0,Fabaceae,Fabales,Herbaceous,F263163,38,89,1,2,104,0.5002,458.0644615,126.3644615,0.341273148,41.5,0.709548611,70.5,12.5,40.5,0.373252315,65,15.1,,29,24.5,26.78748311,22.06623142,48.85371453,3.348435389,3.332000945,6.680436333,106.6524881,27.58661108,2.586588608,12.5,13.67436724,14.58405289,52.86641715,-0.517451261,8.094401673,29.34177616,
105,46175,0,CIAT21286,Pseudarthria,hookeri,0,Fabaceae,Fabales,Herbaceous,F263164,38,89,1,1,105,0.5004,461.0553455,166.6553455,0.341458333,41.5,0.709907407,70.5,14.1,41,0.373784722,75.5,15.3,0,29,34.5,26.78748311,32.06623142,58.85371453,3.777035118,4.906133407,8.683168526,127.6499993,36.14649459,2.831687801,14.1,14.75381562,18.83324553,52.10255032,2.136752128,10.45277711,28.91781686,
106,46175,0,CIAT21286,Pseudarthria,hookeri,0,Fabaceae,Fabales,Herbaceous,F263164,38,89,1,2,106,0.5005,461.1474829,130.8474829,0.342268519,41.5,0.710219907,69.5,14.9,40.5,0.374143519,72,15.7,,28,31.5,25.78748311,29.06623142,54.85371453,3.842334983,4.563398333,8.405733316,118.9504802,28.37432442,2.385389649,14.9,15.32390903,18.22786338,64.2406956,-1.104053083,10.11677954,35.65469749,
107,46175,0,CIAT22500,Desmanthus,fruticosus,0,Fabaceae,Fabales,Herbaceous,F263165,38,89,1,1,107,0.5001,458.9458854,135.3458854,0.342037037,41.5,0.710775463,69,13.6,40,0.3746875,65.5,14.8,se observa solucion roja en el clip 8h muestra despues del clip 24h,27.5,25.5,25.28748311,23.06623142,48.35371453,3.439097703,3.41380225,6.852899953,105.3582047,29.49059785,2.799079383,13.6,14.17243746,14.93182567,50.63249564,-4.214271732,8.287421583,28.10191108,
108,46175,0,CIAT22500,Desmanthus,fruticosus,0,Fabaceae,Fabales,Herbaceous,F263165,38,89,1,2,108,0.5004,459.2211979,111.4211979,0.341944444,40.5,0.711111111,70.5,13,40,0.375046296,65.5,14.9,,30,25.5,27.78748311,23.06623142,50.85371453,3.612372804,3.436868482,7.049241286,110.7390398,24.2630781,2.191013949,13,13.86180213,15.35042659,63.26660833,-0.769516634,8.519752335,35.1140622,
109,46175,0,CIAT22501,Desmanthus,covillei,0,Fabaceae,Fabales,Herbaceous,F263166,38,89,1,1,109,0.5004,457.6492934,158.6492934,0.342141204,41.5,0.711400463,70.5,13.4,40,0.375532407,69.5,14.8,,29,29.5,26.78748311,27.06623142,53.85371453,3.589522737,4.00580225,7.595324987,117.6746371,34.66612878,2.945930374,13.4,14.10362322,16.59638745,47.87493738,1.087214608,9.211282167,26.57141853,
110,46175,0,CIAT22501,Desmanthus,covillei,0,Fabaceae,Fabales,Herbaceous,F263166,38,89,1,2,110,0.5004,457.6492934,134.7492934,0.342523148,41.5,0.711643519,72.5,13.2,41,0.376261574,70.5,15.2,,31,29.5,28.78748311,27.06623142,55.85371453,3.79994777,4.114067176,7.914014946,122.0447957,29.44378924,2.412539515,13.2,14.16918286,17.29275028,58.7314022,-17.63156685,9.597775588,32.59694434,
111,46175,0,CIAT22571,Desmanthus,covillei,0,Fabaceae,Fabales,Herbaceous,F263167,38,89,1,1,111,0.5005,461.0454565,140.1454565,0.342708333,41.5,0.712106481,70.5,12,40,0.376631944,76.5,14.6,,29,36.5,26.78748311,34.06623142,60.85371453,3.214497973,4.973669787,8.188167761,131.9907043,30.39731864,2.302989351,12,13.45549376,17.76000098,58.4262092,-0.82532558,9.857107812,32.42755694,
112,46175,0,CIAT22571,Desmanthus,covillei,0,Fabaceae,Fabales,Herbaceous,F263167,38,89,1,2,112,0.5003,460.8612226,160.9612226,0.342789352,42.5,0.712233796,79,12.3,40,0.376956019,76,14.4,,36.5,36,34.28748311,33.56623142,67.85371453,4.217360423,4.833537325,9.050897747,147.2324231,34.92618053,2.372179971,12.3,13.33883902,19.6390959,56.23029947,-3.268817751,10.900038,31.20878905,
113,46175,0,CIAT22572,Desmanthus,covillei,0,Fabaceae,Fabales,Herbaceous,F263168,38,89,1,1,113,0.5006,458.0074585,58.00745851,0.342951389,40.5,0.712511574,65,9.9,40,0.377256944,63.5,12.8,,24.5,23.5,22.28748311,21.06623142,43.35371453,2.206460828,2.696477622,4.90293845,94.65722386,12.6651777,1.338004347,9.9,11.30915425,10.70493146,84.52255237,-0.177491391,5.941422165,46.91147889,
114,46175,0,CIAT22572,Desmanthus,covillei,0,Fabaceae,Fabales,Herbaceous,F263168,38,89,1,2,114,0.5006,458.0074585,40.90745851,0.343796296,42.5,0.712962963,59.5,11,40,0.377800926,64.5,11.6,,17,24.5,14.78748311,22.06623142,36.85371453,1.626623142,2.559682845,4.186305987,80.46531524,8.931614049,1.109995533,11,11.35925114,9.140257236,102.3360077,-0.126553132,5.073000902,56.79825477,
115,46175,0,IAG 2026 S1,Green,Meal,0,Green Meal,Green Meal,Green Meal,F263177,38,89,1,1,115,0.5001,465.04299,254.94299,0.343206019,41,0.713402778,98.5,13.4,40.5,0.37806713,83,15.6,,57.5,42.5,55.28748311,40.06623142,95.35371453,7.408522737,6.250332102,13.65885484,205.0427951,54.82138114,2.67365557,13.4,14.32440771,29.37116596,53.57611456,#DIV/0!,16.30150526,29.7356705,
116,46175,0,IAG 2026 S1,Green,Meal,0,Green Meal,Green Meal,Green Meal,F263177,38,89,1,2,116,0.5001,465.04299,253.34299,0.343368056,40.5,0.713680556,96.5,13.6,40,0.378622685,83.5,16,,56,43.5,53.78748311,41.06623142,94.85371453,7.315097703,6.570597027,13.88569473,203.9676257,54.47732692,2.670881064,13.6,14.63906269,29.85894859,54.80986362,#DIV/0!,16.57223306,30.42042258,
117,46175,0,IAG 2026 S2,Compound,feed,0,Compound feed,Compound feed,Compound feed,F263178,38,89,1,1,117,0.5004,457.96608,363.16608,0.3434375,40.5,0.714247685,115,14.6,40,0.37931713,110,14.6,,74.5,70,72.28748311,67.56623142,139.8537145,10.55397253,9.864669787,20.41864232,305.3800721,79.29977696,2.59675677,14.6,14.6,44.58549053,56.22397973,#DIV/0!,24.74571862,31.20528148,
118,46175,0,IAG 2026 S2,Compound,feed,0,Compound feed,Compound feed,Compound feed,F263178,38,89,1,2,118,0.5004,457.96608,368.96608,0.343703704,41,0.714768519,115,14.2,40,0.379826389,110,14.4,,74,70,71.78748311,67.56623142,139.3537145,10.1938226,9.729537325,19.92335993,304.2882882,80.5662463,2.647694618,14.2,14.29697084,43.50400782,53.99780903,#DIV/0!,24.14547701,29.96971823,
119,46175,0,CIAT22574,Desmanthus,fruticosus,0,Fabaceae,Fabales,Shurb_tree,F263169,38,89,1,1,119,0.5001,460.6230402,118.3230402,0.343946759,42.5,0.715115741,72.5,11.4,40,0.380231481,73,14.3,,30,33,27.78748311,30.56623142,58.35371453,3.167773075,4.370971093,7.538744168,126.6843155,25.68760784,2.027686517,11.4,12.91904762,16.36640704,63.71323924,-1.622110275,9.083639063,35.36195008,
120,46175,0,CIAT22574,Desmanthus,fruticosus,0,Fabaceae,Fabales,Shurb_tree,F263169,38,89,1,2,120,0.5001,460.6230402,95.0230402,0.344340278,41.5,0.715520833,72,11.1,40,0.380590278,72.5,14.4,,30.5,32.5,28.28748311,30.06623142,58.35371453,3.139910625,4.329537325,7.46944795,126.6843155,20.62924168,1.628397454,11.1,12.80029559,16.21596685,78.60670354,-0.634577807,9.000142154,43.62808044,
121,46175,0,CIAT8529,Mimosa,albolanata,0,Fabaceae,Fabales,Shurb_tree,F263170,38,89,1,1,121,0.5005,462.8680522,81.1680522,0.344189815,40.5,0.715902778,58.5,10.9,40,0.380983796,54.5,12.6,,18,14.5,15.78748311,12.06623142,27.85371453,1.720835659,1.520345159,3.241180818,60.17635998,17.53589426,2.914083582,10.9,11.63644014,7.002386107,39.9317309,-0.175580757,3.886445438,22.16280151,
122,46175,0,CIAT8529,Mimosa,albolanata,0,Fabaceae,Fabales,Shurb_tree,F263170,38,89,1,2,122,0.5005,462.8680522,69.0680522,0.344224537,41.5,0.716342593,59.5,10.4,40.5,0.381400463,53.5,11.9,,18,13,15.78748311,10.56623142,26.35371453,1.641898243,1.257381539,2.899279782,56.93569562,14.92175834,2.620808999,10.4,11.00140847,6.26372844,41.97714703,-0.130510115,3.476477653,23.29804285,
123,46175,0,CIAT33510,Phyllodium,pulchellum,0,Fabaceae,Fabales,Shurb_tree,F263171,38,89,1,1,123,0.5002,467.0884055,87.88840549,0.344467593,40.5,0.716597222,64.5,12,39.5,0.381944444,61.5,12.5,,24,22,21.78748311,19.56623142,41.35371453,2.614497973,2.445778928,5.060276901,88.5350911,18.81622504,2.125284427,12,12.23657163,10.83365984,57.57616004,-0.126018504,6.012868645,31.95576495,
124,46175,0,CIAT33510,Phyllodium,pulchellum,0,Fabaceae,Fabales,Shurb_tree,F263171,38,89,1,2,124,0.5006,467.4619268,120.4619268,0.344490741,40.5,0.717071759,64.5,12.5,40,0.382430556,60,13.4,,24,20,21.78748311,17.56623142,39.35371453,2.723435389,2.35387501,5.077310399,84.18592461,25.76935573,3.061005251,12.5,12.90173103,10.86144156,42.14867331,-0.180358574,6.028287979,23.3932429,
125,46175,0,CIAT33499,Phyllodium,pulchellum,0,Fabaceae,Fabales,Shurb_tree,F263172,38,89,1,1,125,0.5005,466.1510119,98.55101188,0.344756944,40.5,0.717476852,62.5,13.4,40,0.382858796,58.5,14.1,,22,18.5,19.78748311,16.06623142,35.85371453,2.651522737,2.26533863,4.916861367,76.91437671,21.14143472,2.748697399,13.4,13.71367355,10.54778654,49.8915361,-0.344235866,5.854204015,27.69066571,
126,46175,0,CIAT33499,Phyllodium,pulchellum,0,Fabaceae,Fabales,Shurb_tree,F263172,38,89,1,2,126,0.5,465.6853265,131.8853265,0.345138889,40.5,0.717743056,63,13.4,40,0.383113426,57,14.7,,22.5,17,20.28748311,14.56623142,34.85371453,2.718522737,2.141236019,4.859758756,74.84391829,28.32069619,3.783967601,13.4,13.94330223,10.43571373,36.84836579,-1.252812525,5.792001668,20.45148053,
127,46175,0,CIAT23111,Phyllodium,elegans,0,Fabaceae,Fabales,Shurb_tree,F263173,38,89,1,1,127,0.5005,466.5996038,140.1996038,0.345023148,40.5,0.718125,70.5,12.8,40,0.383472222,71,14.2,,30,31,27.78748311,28.56623142,56.35371453,3.556797838,4.056404862,7.6132027,120.7753159,30.04709019,2.487850267,12.8,13.50967325,16.31635055,54.30259783,-0.548588424,9.055856843,30.13888129,
128,46175,0,CIAT23111,Phyllodium,elegans,0,Fabaceae,Fabales,Shurb_tree,F263173,38,89,1,2,128,0.5005,466.5996038,118.4996038,0.345277778,40.5,0.718541667,70,12.7,40,0.383946759,69,13.9,,29.5,29,27.28748311,26.56623142,53.85371453,3.465510355,3.692706167,7.158216522,115.417403,25.39642186,2.200397963,12.7,13.29196432,15.34124004,60.40709247,-0.333736236,8.51465364,33.52698143,
129,46175,0,CIAT23110,Phyllodium,elegans,0,Fabaceae,Fabales,Shurb_tree,F263174,38,89,1,1,129,0.5001,466.6016495,145.5016495,0.345474537,41,0.718981481,67,13,41,0.384351852,67.5,13.6,,26,26.5,23.78748311,24.06623142,47.85371453,3.092372804,3.273007473,6.365380277,102.5579626,31.18326942,3.04055079,13,13.3017475,13.64200123,43.7478221,-0.476761161,7.571546705,24.28079815,
130,46175,0,CIAT23110,Phyllodium,elegans,0,Fabaceae,Fabales,Shurb_tree,F263174,38,89,1,2,130,0.5006,467.0681579,134.8681579,0.345659722,41,0.719236111,67.5,13,40,0.384722222,66.5,13.9,,26.5,26.5,24.28748311,24.06623142,48.35371453,3.157372804,3.345206167,6.502578972,103.5260352,28.87547686,2.78919953,13,13.44794094,13.92212006,48.21433817,-0.379102261,7.727017503,26.75979185,
131,46175,0,CIAT9360,Clitoria,falcata,0,Fabaceae,Fabales,Herbaceous_climber,F263175,38,89,1,1,131,0.5,466.3334203,139.5334203,0.345752315,41.5,0.719733796,76,13.9,40,0.385081019,73.5,16.1,0,34.5,33.5,32.28748311,31.06623142,63.35371453,4.487960152,5.001663259,9.489623411,135.8549737,29.92138548,2.202450501,13.9,14.97879561,20.34943883,68.00968105,1.774902705,11.29429062,37.74654962,
132,46175,0,CIAT9360,Clitoria,falcata,0,Fabaceae,Fabales,Herbaceous_climber,F263175,38,89,1,2,132,0.5003,466.6132204,159.2132204,0.345902778,41,0.719965278,77.5,14.6,40.5,0.385486111,77.5,16.2,,36.5,37,34.28748311,34.56623142,68.85371453,5.005972534,5.59972949,10.60570202,147.5605738,34.12102645,2.312340321,14.6,15.40323873,22.72910745,66.61319958,0.962500078,12.61504787,36.97147825,
133,46175,0,CIAT21292,Canavalia,Gladiata,0,Fabaceae,Fabales,Herbaceous_climber,F263176,38,89,1,1,133,0.5006,461.6109923,334.6109923,0.346076389,40.5,0.720439815,92,12,40,0.386087963,87,16.5,,51.5,47,49.28748311,44.56623142,93.85371453,5.914497973,7.353428184,13.26792616,203.3177634,72.4876569,3.565239735,12,14.13681517,28.74265643,39.65179406,0.305123017,15.9526716,22.00743172,
134,46175,0,CIAT21292,Canavalia,Gladiata,0,Fabaceae,Fabales,Herbaceous_climber,F263176,38,89,1,2,134,0.5002,461.2421462,303.9421462,0.346134259,41,0.720856481,93.5,12.1,40,0.386539352,86.5,16.6,,52.5,46.5,50.28748311,44.06623142,94.35371453,6.084785456,7.314994416,13.39977987,204.5643819,65.89643828,3.22130557,12.1,14.20164531,29.05150794,44.08661333,0.447493026,16.12408953,24.46883314,
135,46175,0,CIAT23035,Desmodium,laxiflorum,0,Fabaceae,Fabales,Herbaceous,F260521,38,89,1,1,135,0.5,460.9577931,227.6577931,0.346261574,41,0.721099537,97.5,15.2,40,0.387083333,78.5,18.2,,56.5,38.5,54.28748311,36.06623142,90.35371453,8.251697433,6.564054119,14.81575155,196.0129884,49.38799094,2.519628487,15.2,16.39750134,32.1412324,65.07904409,50.10502679,17.83894006,36.1199954,
136,46175,0,CIAT23035,Desmodium,laxiflorum,0,Fabaceae,Fabales,Herbaceous,F260521,38,89,1,2,136,0.5003,461.2343677,253.2343677,0.346469907,40,0.721516204,80.5,16,40,0.387662037,77,17.6,,40.5,37,38.28748311,34.56623142,72.85371453,6.125997298,6.08365673,12.20965403,157.9537858,54.90362069,3.475929393,16,16.75913727,26.47169179,48.21483805,1.093923945,14.69224693,26.76006928,
137,46175,0,CIAT33726,Desmodium,sandwicense,0,Fabaceae,Fabales,Herbaceous,F260526,38,89,1,1,137,0.5006,467.4416451,191.0416451,0.34662037,41.5,0.722002315,72,14.2,40,0.388113426,74,14.5,,30.5,34,28.28748311,31.56623142,59.85371453,4.016822602,4.577103556,8.593926158,128.0453189,40.8696245,3.191809341,14.2,14.3582169,18.38502463,44.98456948,3.284595712,10.20400675,24.96721434,
138,46175,0,CIAT33726,Desmodium,sandwicense,0,Fabaceae,Fabales,Herbaceous,F260526,38,89,1,2,138,0.5003,467.1615163,161.3615163,0.346724537,41,0.722314815,70,14.7,40.5,0.388541667,74.5,14.2,,29,34,26.78748311,31.56623142,58.35371453,3.937760017,4.482404862,8.420164879,124.9112191,34.54084094,2.765231272,14.7,14.4295268,18.02409785,52.18198907,-1.078591847,10.00368614,28.96190674,
139,46175,0,CIAT13930,Desmodium,glabrum,0,Fabaceae,Fabales,Shurb_Tree,F260532,38,89,1,1,139,0.5004,460.5820987,329.6820987,0.346944444,41.5,0.722986111,98.5,15.6,41.5,0.388923611,93,15,,57,51.5,54.78748311,49.06623142,103.8537145,8.546847365,7.359934713,15.90678208,225.4836105,71.57944254,3.174485382,15.6,15.31652686,34.53625776,48.24884985,0.808618998,19.16822057,26.77894642,
140,46175,0,CIAT13930,Desmodium,glabrum,0,Fabaceae,Fabales,Shurb_Tree,F260532,38,89,1,2,140,0.5005,460.6741415,304.3741415,0.347025463,41,0.723275463,97.5,15.5,40,0.389618056,94,15,,56.5,54,54.28748311,51.56623142,105.8537145,8.414559882,7.734934713,16.1494946,229.7800224,66.07146225,2.875422396,15.5,15.25642692,35.05622118,53.05803745,3.935377935,19.45680926,29.44812874,
141,46175,0,CIAT21082,Flemingia,stricta,0,Fabaceae,Fabales,Shurb_Tree,F260533,38,89,1,1,141,0.5001,472.6222528,170.1222528,0.3471875,41.5,0.723703704,67.5,14,40,0.390069444,64.5,14.6,,26,24.5,23.78748311,22.06623142,45.85371453,3.330247635,3.221669787,6.551917423,97.01979596,35.99539628,3.710108429,14,14.28873863,13.86290507,38.51299472,4.675560009,7.694152155,21.37537838,
142,46175,0,CIAT21082,Flemingia,stricta,0,Fabaceae,Fabales,Shurb_Tree,F260533,38,89,1,2,142,0.5003,472.8112639,155.1112639,0.347430556,41,0.723900463,68.5,13.5,40,0.390474537,64.5,13.7,,27.5,24.5,25.28748311,22.06623142,47.35371453,3.41381022,3.023073705,6.436883924,100.1535246,32.80616934,3.275588101,13.5,13.59319747,13.61406636,41.49849446,-1.832996819,7.55604237,23.03238239,
143,46175,0,CIAT21091,Flemingia,stricta,0,Fabaceae,Fabales,Shurb_Tree,F260535,38,89,1,1,143,0.5002,460.7131587,79.41315868,0.347534722,40,0.724178241,50,13.1,35.5,0.390740741,45.5,13.6,,10,10,7.78748311,7.566231421,15.35371453,1.020160287,1.029007473,2.049167761,33.32597353,17.23700684,5.172244054,13.1,13.34639742,4.447816873,25.80388181,-0.122001778,2.468615316,14.32160084,
144,46175,0,CIAT21091,Flemingia,stricta,0,Fabaceae,Fabales,Shurb_Tree,F260535,38,89,1,2,144,0.5004,460.8973703,109.6973703,0.34755787,41,0.724525463,64,13.1,40,0.391261574,57,13.5,,23,17,20.78748311,14.56623142,35.35371453,2.723160287,1.966441242,4.689601529,76.7062622,23.80082364,3.102852747,13.1,13.26480567,10.17493662,42.75035507,-0.622518821,5.647265859,23.72718669,
145,46175,0,CIAT21115,Flemingia,lineata,0,Fabaceae,Fabales,Shurb_Tree,F260536,38,89,1,1,145,0.5006,462.8585488,137.3585488,0.347824074,40.5,0.725046296,71,13.7,40,0.391643519,62,14.4,,30.5,22,28.28748311,19.56623142,47.85371453,3.875385186,2.817537325,6.692922511,103.3873408,29.67613953,2.870384256,13.7,13.98621314,14.45997385,48.7259262,-0.741565598,8.025535658,27.04373205,
146,46175,0,CIAT21115,Flemingia,lineata,0,Fabaceae,Fabales,Shurb_Tree,F260536,38,89,1,2,146,0.5006,462.8585488,144.4585488,0.347905093,41.5,0.725300926,71,13.5,40,0.391990741,61.5,14.8,,29.5,21.5,27.28748311,19.06623142,46.35371453,3.68381022,2.82180225,6.50561247,100.1466099,31.21008549,3.11643954,13.5,14.0347166,14.05529289,45.03445815,-0.978689633,7.800930725,24.99490342,
147,46175,0,CIAT8539,Canavalia,grandiflora,0,Fabaceae,Fabales,Climber,F261034,38,89,1,1,147,0.5004,466.59798,185.29798,0.347974537,40.5,0.725625,74.5,13.5,40,0.392418981,75,15.5,,34,35,31.78748311,32.56623142,64.35371453,4.29131022,5.04776587,9.33907609,137.9211169,39.71255512,2.879367281,13.5,14.51210106,20.01525187,50.40031246,-0.503973949,11.10881107,27.97304539,
148,46175,0,CIAT8539,Canavalia,grandiflora,0,Fabaceae,Fabales,Climber,F261034,38,89,1,2,148,0.5005,466.691225,202.991225,0.348680556,41.5,0.725810185,78,13.6,41.5,0.392858796,78.5,15.3,,36.5,37,34.28748311,34.56623142,68.85371453,4.663097703,5.288633407,9.95173111,147.5359099,43.49583067,2.948152128,13.6,14.45344115,21.32401592,49.02542516,-0.897151271,11.83519776,27.20995916,
149,46175,0,CIAT8589,Galactia,jussiaeana,0,Fabaceae,Fabales,Climber,F261036,38,89,1,1,149,0.5003,472.0429049,141.7429049,0.34880787,41,0.726122685,70.5,13.3,40,0.393113426,76,15,,29.5,36,27.28748311,33.56623142,60.85371453,3.629235254,5.034934713,8.664169967,128.9156428,30.02754695,2.329239981,13.3,14.23770107,18.35462386,61.12595175,-0.272769003,10.1871338,33.92596077,
150,46175,0,CIAT8589,Galactia,jussiaeana,0,Fabaceae,Fabales,Climber,F261036,38,89,1,2,150,0.5004,472.1372569,181.3372569,0.348923611,41,0.726284722,71,12,40,0.393518519,77,14.6,,30,37,27.78748311,34.56623142,62.35371453,3.334497973,5.046669787,8.381167761,132.0669225,38.40774144,2.908202955,12,13.44132875,17.75154923,46.21867511,-0.524374166,9.852416945,25.65216432,
151,46175,0,CIAT18701,Cajanus,cajan,0,Fabaceas,Fabales,Arbustivas,F261087,38,89,1,1,151,0.5005,460.6602,136.4602,0.349166667,41.5,0.726631944,70.5,14.1,40.5,0.394074074,64.5,15.8,,29,24,26.78748311,21.56623142,48.35371453,3.777035118,3.407464564,7.184499683,104.9661215,29.62274579,2.822124449,14.1,14.85821669,15.59609379,52.64904846,-0.487335655,8.65610188,29.22113278,
152,46175,0,CIAT18701,Cajanus,cajan,0,Fabaceas,Fabales,Arbustivas,F261087,38,89,1,2,152,0.5005,460.6602,167.7602,0.349236111,41.5,0.727071759,71,14,41,0.39443287,64.5,15.3,0,29.5,23.5,27.28748311,21.06623142,48.35371453,3.820247635,3.223133407,7.043381043,104.9661215,36.41734189,3.469437697,14,14.56637016,15.2897538,41.98481549,-1.922026197,8.486077887,23.30229898,
153,46175,0,Sample 8,Cynodon,nlemfuensis,0,Poaceae,Poales,Grasses,F250008,38,89,1,1,153,0.5002,468.8421411,188.5421411,0.349456019,41,0.727581019,68.5,14.9,40,0.394965278,80,15.9,,27.5,40,25.28748311,37.56623142,62.85371453,3.767834983,5.973030796,9.740865779,134.0615722,40.21441858,2.999697671,14.9,15.49767719,20.77642969,51.66413048,0.455468383,11.53127793,28.67448626,
154,46175,0,Sample 8,Cynodon,nlemfuensis,0,Poaceae,Poales,0,F250008,38,89,1,2,154,0.5003,468.935872,217.835872,0.349675926,40.5,0.7278125,67,15.7,40,0.395509259,79,16.2,,26.5,39,24.28748311,36.56623142,60.85371453,3.813134848,5.92372949,9.736864338,129.7698004,46.45323274,3.579664343,15.7,16.00044371,20.76374387,44.6981677,0.329058736,11.52423708,24.8082564,
155,46175,0,BLANK 24 H,BLANK,24,0,0,H,0,BLANK 24 H,38,89,1,1,155,0,0,0,0.349756944,40,0.728171296,41.5,0,40,0.396539352,42,0,,1.5,2,,,,,,,,,,,,,,,,,
156,46175,0,BLANK 24 H,BLANK,24,0,0,H,0,BLANK 24 H,38,89,1,2,156,0,0,0,0.349872685,40,0.72875,42,0,40,0.396655093,43,0,,2,3,,,,,,,,,,,,,,,,,
157,46182,0,BLANK 24 H,BLANK,24,0,0,0,0,BLANK 24 H,38,90,2,1,1,0,0,0,0.348993056,39.5,0.683668981,42.5,0,39.5,0.35650463,44,0,,3,4.5,,,,,,,,,,,,,,,,,
158,46182,0,BLANK 24 H,BLANK,24,0,0,0,0,BLANK 24 H,38,90,2,2,2,0,0,0,0.349027778,39.5,0.683819444,42,0,39.5,0.356736111,44,0,,2.5,4.5,,,,,,,,,,,,,,,,,
159,46182,0,CIAT36090,Cenchrus,ciliaris,0,Poaceae,Poales,Grasses,F260108,38,90,2,1,3,0.5001,431.93637,223.53637,0.349293981,41,0.684016204,56.5,10.5,40,0.357152778,93,16.6,,15.5,53,14.0987393,50.34497973,64.44371903,1.480367627,8.357266635,9.837634262,149.1972511,51.75215275,3.468706855,10.5,15.26546638,22.7756562,44.00909911,0.439671706,12.64088323,24.42581141,
160,46182,0,CIAT36090,Cenchrus,ciliaris,0,Poaceae,Poales,Grasses,F260108,38,90,2,2,4,0.5,431.85,238.95,0.349328704,41.5,0.684513889,57.5,14.6,40.5,0.357569444,92.5,18.1,,16,52,14.5987393,49.34497973,63.94371903,2.131415938,8.931441331,11.06285727,148.0692811,55.3317124,3.736879925,14.6,17.30092875,25.61736082,46.29779146,0.39321965,14.21807846,25.69607526,
161,46182,0,CIAT795,Rhynchosia,reticulata,0,Fabaceae,Fabales,Climber,F260429,38,90,2,1,5,0.5,473.7302879,130.5302879,0.349594907,41.5,0.684930556,69,13.4,40.5,0.358263889,71.5,18.4,,27.5,31,26.0987393,28.34497973,54.44371903,3.497231067,5.215476271,8.712707337,114.9255609,27.55371384,2.397527028,13.4,16.00314507,18.39170423,66.74854916,-0.502218618,10.20771404,37.0465996,
162,46182,0,CIAT795,Rhynchosia,reticulata,0,Fabaceae,Fabales,Climber,F260429,38,90,2,2,6,0.5,473.7302879,145.5302879,0.349849537,42,0.685543981,69,13.3,41,0.3584375,71.5,18.2,,27,30.5,25.5987393,27.84497973,53.44371903,3.404632327,5.067786311,8.472418638,112.8146551,30.7200725,2.7230569,13.3,15.85297354,17.88447742,58.21756255,-0.693348324,9.92619439,32.31175444,
163,46182,0,CIAT966,Teramnus,labialis,0,Fabaceae,Fabales,Climber,F260432,38,90,2,1,7,0.5001,464.4696827,205.8696827,0.349872685,41.5,0.68599537,72,12.9,41.5,0.358865741,86.5,17.3,,30.5,45,29.0987393,42.34497973,71.44371903,3.75373737,7.325681494,11.07941886,153.8178307,44.32359966,2.881564474,12.9,15.5078977,23.85391184,53.8176322,-2.637485371,13.23933377,29.86971697,
164,46182,0,CIAT966,Teramnus,labialis,0,Fabaceae,Fabales,Climber,F260432,38,90,2,2,8,0.5001,464.4696827,257.0696827,0.35,40.5,0.686423611,72,13.4,40.5,0.359270833,89,16.7,,31.5,48.5,30.0987393,45.84497973,75.94371903,4.033231067,7.656111615,11.68934268,163.5062995,55.34692409,3.385002551,13.4,15.39211251,25.16707358,45.47149458,0.711468987,13.96816126,25.23746619,
165,46182,0,CIAT4042,Centrosema,grazielae,0,Fabaceae,Fabales,Climber,F260433,38,90,2,1,9,0.5001,477.7750641,209.8750641,0.350127315,41.5,0.686689815,78,12.8,40.5,0.359895833,84,16.9,,36.5,43.5,35.0987393,40.84497973,75.94371903,4.492638631,6.902801575,11.39544021,158.9528729,43.9275885,2.763560526,12.8,15.00511214,23.85105683,54.29630363,1.392635441,13.23774919,30.1353879,
166,46182,0,CIAT4042,Centrosema,grazielae,0,Fabaceae,Fabales,Climber,F260433,38,90,2,2,10,0.5003,477.9661359,216.4661359,0.35025463,40.5,0.687233796,78,12.7,40.5,0.360358796,83.5,17.1,,37.5,43,36.0987393,40.34497973,76.44371903,4.584539891,6.898991534,11.48353143,159.9354291,45.28901101,2.831705975,12.7,15.02220401,24.02582644,53.05001347,1.102919063,13.33474935,29.4436753,
167,46182,0,CIAT5098,Centrosema,schottii,0,Fabaceae,Fabales,Climber,F260436,38,90,2,1,11,0.5001,471.1514446,213.2514446,0.350335648,40,0.687743056,79.5,13.3,40.5,0.360798611,86.5,16.7,,39.5,46,38.0987393,43.34497973,81.44371903,5.067132327,7.238611615,12.30574394,172.8610195,45.2617618,2.618390308,13.3,15.1095064,26.11844681,57.70532513,-3.812686465,14.49618985,32.02745381,
168,46182,0,CIAT5098,Centrosema,schottii,0,Fabaceae,Fabales,Climber,F260436,38,90,2,2,12,0.5002,471.245656,225.145656,0.350381944,40.5,0.688275463,78,13.5,40,0.36130787,85.5,16.7,,37.5,45.5,36.0987393,42.84497973,78.94371903,4.873329806,7.155111615,12.02844142,167.5213724,47.77670693,2.85197681,13.5,15.23673013,25.52477942,53.42515434,7.938481949,14.16669418,29.65188497,
169,46182,0,CIAT5166,Centrosema,schottii,0,Fabaceae,Fabales,Climber,F260438,38,90,2,1,13,0.5,472.7040993,254.8040993,0.350914352,40,0.688553241,83.5,13.7,40,0.361736111,91,17.3,,43.5,51,42.0987393,48.34497973,90.44371903,5.767527284,8.363681494,14.13120878,191.3326311,53.90350955,2.817266937,13.7,15.62431192,29.89440709,55.45911081,0.843195855,16.59191314,30.780766,
170,46182,0,CIAT5166,Centrosema,schottii,0,Fabaceae,Fabales,Climber,F260438,38,90,2,2,14,0.5002,472.893181,239.993181,0.350925926,40,0.689050926,84,13.8,40,0.362256944,90,17.5,0,44,50,42.5987393,47.34497973,89.94371903,5.878626024,8.285371453,14.16399748,190.1988074,50.74997708,2.66825948,13.8,15.74762266,29.95179048,59.01833302,1.2801337,16.62376192,32.75619591,
171,46182,0,CIAT5236,Centrosema,arenarium,0,Fabaceae,Fabales,Climber,F260441,38,90,2,1,15,0.5001,474.0961001,195.7961001,0.350972222,40,0.689513889,78,13.3,40.5,0.362627315,77.5,17.9,,38,37,36.5987393,34.34497973,70.94371903,4.867632327,6.147751372,11.0153837,149.6399549,41.29882108,2.759879279,13.3,15.52693297,23.23449549,56.25946427,4.235628323,12.89554698,31.22497602,
172,46182,0,CIAT5236,Centrosema,arenarium,0,Fabaceae,Fabales,Climber,F260441,38,90,2,2,16,0.5001,474.0961001,213.6961001,0.351099537,40.5,0.69,78,13.7,40.5,0.363043981,78.5,18,,37.5,38,36.0987393,35.34497973,71.44371903,4.945527284,6.362096352,11.30762364,150.6945934,45.07442691,2.991111087,13.7,15.82731665,23.85091047,52.9145063,1.275494524,13.23766795,29.36846647,
173,46182,0,CIAT5325,Centrosema,virginianum,0,Fabaceae,Fabales,Climber,F260442,38,90,2,1,17,0.5,469.7827898,221.5827898,0.351203704,40.5,0.690474537,82.5,13.3,40.5,0.363564815,84.5,18,,42,44,40.5987393,41.34497973,81.94371903,5.399632327,7.442096352,12.84172868,174.4289506,47.16707266,2.704085102,13.3,15.67140085,27.33546004,57.95454011,1.170762481,15.17165325,32.16577243,
174,46182,0,CIAT5325,Centrosema,virginianum,0,Fabaceae,Fabales,Climber,F260442,38,90,2,2,18,0.5002,469.9707029,233.1707029,0.351354167,41,0.690868056,82.5,13.3,40.5,0.364201389,83.5,18,,41.5,43,40.0987393,40.34497973,80.44371903,5.333132327,7.262096352,12.59522868,171.1675186,49.6138805,2.898556975,13.3,15.65719341,26.80002945,54.01720079,0.834567567,14.87448001,29.98048099,
175,46182,0,CIAT5383,Periandra,coccinea,0,Fabaceae,Fabales,Climber,F260443,38,90,2,1,19,0.5,479.2083167,219.8083167,0.351574074,40.5,0.691226852,81.5,13.3,40.5,0.36537037,86.5,18,,41,46,39.5987393,43.34497973,82.94371903,5.266632327,7.802096352,13.06872868,173.0848905,45.86905298,2.650089955,13.3,15.75614023,27.27149806,59.4551147,1.500558495,15.13615325,32.99861729,
176,46182,0,CIAT5383,Periandra,coccinea,0,Fabaceae,Fabales,Climber,F260443,38,90,2,2,20,0.5003,479.4958417,231.7958417,0.351643519,40.5,0.691828704,80.5,13.7,40,0.365960648,84.2,18.1,,40,44.2,38.5987393,41.54497973,80.14371903,5.288027284,7.519641331,12.80766862,167.1416352,48.34157495,2.892252125,13.7,15.98087632,26.71069799,55.25409138,0.994453559,14.82489951,30.66697667,
177,46182,0,CIAT5484,Centrosema,vexillatum,0,Fabaceae,Fabales,Climber,F260444,38,90,2,1,21,0.5006,478.3538852,186.4538852,0.351770833,40.5,0.692233796,72.5,12.9,40.5,0.366284722,83.5,16.9,,32,43,30.5987393,40.34497973,70.94371903,3.94723737,6.818301575,10.76553894,148.308023,38.97823159,2.628194402,12.9,15.17475978,22.50538624,57.73834604,-5.82155653,12.49087873,32.04578098,
178,46182,0,CIAT5484,Centrosema,vexillatum,0,Fabaceae,Fabales,Climber,F260444,38,90,2,2,22,0.5006,478.3538852,147.7538852,0.351921296,40.5,0.692638889,72.5,12.6,40.5,0.366875,83,16.8,0,32,42.5,30.5987393,39.84497973,70.44371903,3.855441152,6.693956595,10.54939775,147.2627718,30.88798686,2.097474228,12.6,14.97563997,22.05354252,71.39844568,-0.687150061,12.24009765,39.62737262,
179,46182,0,CIAT5850,Centrosema,brachypodum,0,Fabaceae,Fabales,Climber,F260447,38,90,2,1,23,0.5003,476.9894785,186.0894785,0.352013889,40.5,0.692974537,82.5,13.9,41,0.367337963,82.5,18.7,,42,41.5,40.5987393,38.84497973,79.44371903,5.643224763,7.26401121,12.90723597,166.552351,39.01332983,2.342406433,13.9,16.24701881,27.05979179,69.36037477,-31.30001987,15.0186526,38.49620801,
180,46182,0,CIAT5850,Centrosema,brachypodum,0,Fabaceae,Fabales,Climber,F260447,38,90,2,2,24,0.5006,477.2755006,229.0755006,0.3521875,40.5,0.693483796,84.5,14,40.5,0.367685185,82.5,18.5,,44,42,42.5987393,39.34497973,81.94371903,5.963823502,7.27882125,13.24264475,171.6906041,47.99649266,2.795522382,14,16.16065869,27.74633254,57.80908354,0.92102981,15.3996946,32.08504152,
181,46182,0,CIAT7146,Rhynchosia,reticulata,0,Fabaceae,Fabales,Climber,F260450,38,90,2,1,25,0.5004,472.9112666,82.91126662,0.352291667,40.5,0.693946759,62.5,12.8,40.5,0.368368056,65.5,18.2,,22,25,20.5987393,22.34497973,42.94371903,2.636638631,4.066786311,6.703424942,90.80713881,17.53209798,1.930696001,12.8,15.60979136,14.17480491,80.85059142,-0.270897241,7.867261961,44.87347704,
182,46182,0,CIAT7146,Rhynchosia,reticulata,0,Fabaceae,Fabales,Climber,F260450,38,90,2,2,26,0.5001,472.6277467,89.92774668,0.352465278,41,0.694375,62,13.2,40.5,0.368784722,66.5,18.3,,21,26,19.5987393,23.34497973,42.94371903,2.587033588,4.272131291,6.859164879,90.8616122,19.02718309,2.094083808,13.2,15.97245193,14.51282733,76.27417713,-0.305072449,8.054870255,42.33348793,
183,46182,0,CIAT8384,Canavalia,dictyota,0,Fabaceae,Fabales,Climber,F260454,38,90,2,1,27,0.5005,463.5435971,271.7435971,0.352488426,40.5,0.694953704,89.5,13.2,40.5,0.369456019,87.5,18.8,,49,47,47.5987393,44.34497973,91.94371903,6.283033588,8.33685619,14.61988978,198.349669,58.62309366,2.955542803,13.2,15.90091192,31.53940615,53.80031005,0.693388205,17.50491608,29.86010288,
184,46182,0,CIAT8384,Canavalia,dictyota,0,Fabaceae,Fabales,Climber,F260454,38,90,2,2,28,0.5002,463.2657488,230.5657488,0.352766204,40.5,0.695243056,91,13.1,41,0.369895833,87,19.1,,50.5,46,49.0987393,43.34497973,92.44371903,6.431934849,8.278891129,14.71082598,199.5479253,49.76965152,2.494120219,13.1,15.91327797,31.75461604,63.80317135,3.503280156,17.62436129,35.41186396,
185,46182,0,CIAT8808,Galactia,jussiaeana,0,Fabaceae,Fabales,Climber,F260456,38,90,2,1,29,0.5001,465.3999697,113.7999697,0.352777778,42,0.69556713,71,10.7,40.5,0.370150463,71,16,0,29,30.5,27.5987393,27.84497973,55.44371903,2.953065105,4.455196757,7.408261862,119.1313336,24.4520793,2.052531317,10.7,13.36176936,15.91805403,65.09897924,-0.355702429,8.834795385,36.13105976,
186,46182,0,CIAT8808,Galactia,jussiaeana,0,Fabaceae,Fabales,Climber,F260456,38,90,2,2,30,0.5002,465.493031,83.09303104,0.352986111,41.5,0.695972222,69.5,11.1,41,0.370717593,72.5,15.5,0,28,31.5,26.5987393,28.84497973,55.44371903,2.952460063,4.470971858,7.423431921,119.1075168,17.85054244,1.498691511,11.1,13.38913055,15.94746092,89.33880288,-0.236526037,8.851116718,49.58458125,
187,46182,0,CIAT15234,Centrosema,platycarpum,0,Fabaceae,Fabales,Climber,F260464,38,90,2,1,31,0.5003,473.7196944,203.9196944,0.353622685,40.5,0.696469907,69,12,40,0.371863426,80,13.4,0,28.5,40,27.0987393,37.34497973,64.44371903,3.251848716,5.004227284,8.256076,136.0376607,43.04648863,3.164306738,12,12.81129662,17.42818823,40.48689866,-19.77094884,9.672945992,22.47092922,
188,46182,0,CIAT15234,Centrosema,platycarpum,0,Fabaceae,Fabales,Climber,F260464,38,90,2,2,32,0.5005,473.9090686,189.1090686,0.353657407,40.5,0.696759259,70,11.8,40,0.372372685,78,13.1,,29.5,38,28.0987393,35.34497973,63.44371903,3.315651238,4.630192345,7.945843583,133.8731905,39.90408311,2.980737439,11.8,12.52423991,16.76659956,42.01725301,-1.333616202,9.305752837,23.32030236,
189,46182,0,CIAT15444,Centrosema,tetragonolobum,0,Fabaceae,Fabales,Climber,F260468,38,90,2,1,33,0.5002,471.5721422,184.6721422,0.353842593,40,0.697303241,82,12.5,40,0.372824074,74.5,17.3,,42,34.5,40.5987393,31.84497973,72.44371903,5.074842413,5.509181494,10.58402391,153.6217103,39.16095241,2.549180863,12.5,14.60999525,22.44412458,57.31250951,-1.168642453,12.45687745,31.80943434,
190,46182,0,CIAT15444,Centrosema,tetragonolobum,0,Fabaceae,Fabales,Climber,F260468,38,90,2,2,34,0.5004,471.7606956,191.6606956,0.353888889,40.5,0.697800926,83.5,12.8,40,0.3734375,76,17.7,,43,36,41.5987393,33.34497973,74.94371903,5.324638631,5.902061413,11.22670004,158.8596077,40.62667734,2.557395044,12.8,14.98017471,23.79744677,58.57591201,-1.746176037,13.20799468,32.51064459,
191,46182,0,CIAT19445,Galactia,dubia,0,Fabaceae,Fabales,Climber,F260482,38,90,2,1,35,0.5002,467.2700687,208.5700687,0.354224537,40.5,0.698310185,78.5,11.4,40,0.373796296,80,18.1,,38,40,36.5987393,37.34497973,73.94371903,4.172256281,6.759441331,10.93169761,158.2462135,44.63587177,2.820659704,11.4,14.78380822,23.39481671,52.41259056,0.75562048,12.98452803,29.08989455,
192,46182,0,CIAT19445,Galactia,dubia,0,Fabaceae,Fabales,Climber,F260482,38,90,2,2,36,0.5003,467.3634853,208.3634853,0.354236111,40.5,0.698784722,79,12.9,40.5,0.374479167,81.5,18.2,,38.5,41,37.0987393,38.34497973,75.44371903,4.78573737,6.978786311,11.76452368,161.4240766,44.58274809,2.761840057,12.9,15.59377485,25.17210705,56.46154202,0.817826544,13.97095491,31.33713267,
193,46182,0,CIAT20820,Canavalia,gladiata,0,Fabaceae,Fabales,Climber,F260484,38,90,2,1,37,0.5002,461.24212,228.74212,0.354375,40,0.699398148,90,12.7,40,0.375208333,89.5,18.9,,50,49.5,48.5987393,46.84497973,95.44371903,6.172039891,8.853701169,15.02574106,206.9275873,49.59263477,2.396617843,12.7,15.74303811,32.57668892,65.68856256,1.399350047,18.08062596,36.4582887,
194,46182,0,CIAT20820,Canavalia,gladiata,0,Fabaceae,Fabales,Climber,F260484,38,90,2,2,38,0.5003,461.3343315,272.9343315,0.354502315,40.5,0.699872685,90,12.8,41,0.375486111,87.5,19.1,,49.5,46.5,48.0987393,43.84497973,91.94371903,6.156638631,8.374391129,14.53102976,199.2995378,59.16193807,2.968493492,12.8,15.80426582,31.49782872,53.24002179,0.524904918,17.48183989,29.5491332,
195,46182,0,CIAT21829,Rhynchosia,minima,0,Fabaceae,Fabales,Climber,F260489,38,90,2,1,39,0.5,464.7088277,127.3088277,0.354641204,41,0.70037037,73,12.2,40.5,0.376030093,77.5,18.1,,32,37,30.5987393,34.34497973,64.94371903,3.733046195,6.216441331,9.949487526,139.751421,27.39539688,1.960294692,12.2,15.32016902,21.41015391,78.15237722,-0.744281818,11.88300584,43.37592148,
196,46182,0,CIAT21829,Rhynchosia,minima,0,Fabaceae,Fabales,Climber,F260489,38,90,2,2,40,0.5003,464.987653,131.887653,0.354849537,40.5,0.700717593,73.5,12.2,40.5,0.37662037,79,18,,33,38.5,31.5987393,35.84497973,67.44371903,3.855046195,6.452096352,10.30714255,145.0441073,28.36368926,1.955521654,12.2,15.28258331,22.16648653,78.15092855,-0.869363019,12.30278353,43.37511744,
197,46182,0,CIAT22188,Rhynchosia,minima,0,Fabaceae,Fabales,Climber,F260492,38,90,2,1,41,0.5005,467.1433415,125.2433415,0.355034722,41,0.701238426,77,13.1,41,0.377141204,75,18.1,,36,34,34.5987393,31.34497973,65.94371903,4.532434849,5.673441331,10.20587618,141.1637782,26.81047344,1.899245953,13.1,15.47664634,21.84741871,81.48837342,-0.445550922,12.12569537,45.22745708,
198,46182,0,CIAT22188,Rhynchosia,minima,0,Fabaceae,Fabales,Climber,F260492,38,90,2,2,42,0.5005,467.1433415,146.8433415,0.355069444,40.5,0.701655093,77,13,40,0.377766204,75.5,17.9,,36.5,35.5,35.0987393,32.84497973,67.94371903,4.562836109,5.879251372,10.44208748,145.4451193,31.43432186,2.161249687,13,15.36873111,22.35306929,71.11039135,-0.689636908,12.40634019,39.46749748,
199,46182,0,CIAT25156,Centrosema,platycarpum,0,Fabaceae,Fabales,Climber,F260500,38,90,2,1,43,0.5,471.0307911,157.3307911,0.355347222,41,0.702037037,68.5,12.5,40.5,0.378912037,70.5,13.8,,27.5,30,26.0987393,27.34497973,53.44371903,3.262342413,3.773607203,7.035949616,113.4612005,33.4013814,2.943859333,12.5,13.16515718,14.93734539,44.72074137,-0.506325919,8.290485124,24.82078517,
200,46182,0,CIAT25156,Centrosema,platycarpum,0,Fabaceae,Fabales,Climber,F260500,38,90,2,2,44,0.5003,471.3134095,181.5134095,0.355358796,41,0.702905093,67,12.3,40,0.379340278,70.5,13.1,,26,30.5,24.5987393,27.84497973,52.44371903,3.025644934,3.647692345,6.673337279,111.2714342,38.51225233,3.461108649,12.3,12.7247598,14.15902273,36.76498225,-1.294400361,7.858502582,20.40520122,
201,46182,0,IAG 2026 S1,Green,Meal,0,Green Meal,Green Meal,Green Meal,F263177,38,90,2,1,45,0.5003,465.22897,204.52897,0.355578704,40.5,0.703159722,97.5,13.4,40.5,0.37974537,87,18.1,,57,46.5,55.5987393,43.84497973,99.44371903,7.450231067,7.935941331,15.3861724,213.7522069,43.96307693,2.056730903,13.4,15.47224153,33.07225773,75.22734993,#DIV/0!,18.35567522,41.75248073,
202,46182,0,IAG 2026 S1,Green,Meal,0,Green Meal,Green Meal,Green Meal,F263177,38,90,2,2,46,0.5001,465.04299,241.14299,0.355659722,40.5,0.703726852,96,13.4,40,0.380601852,85.5,18.5,,55.5,45.5,54.0987393,42.84497973,96.94371903,7.249231067,7.92632125,15.17555232,208.4618436,51.85391355,2.487453467,13.4,15.65398199,32.63257945,62.93175811,#DIV/0!,18.11164617,34.92821454,
203,46182,0,IAG 2026 S2,Compound,feed,0,Compound feed,Compound feed,Compound feed,F263178,38,90,2,1,47,0.5001,457.69152,382.09152,0.355856481,40.5,0.704282407,110,14.6,40,0.381643519,115,18.5,,69.5,75,68.0987393,72.34497973,140.443719,9.942415938,13.38382125,23.32623719,306.8523512,83.48232451,2.720602407,14.6,16.6089572,50.96497569,61.04882199,#DIV/0!,28.28644325,33.88315241,
204,46182,0,IAG 2026 S2,Compound,feed,0,Compound feed,Compound feed,Compound feed,F263178,38,90,2,2,48,0.5002,457.78304,371.08304,0.356030093,40.5,0.704756944,113,14.4,40,0.382013889,115,17.2,,72.5,75,71.0987393,72.34497973,143.443719,10.23821846,12.44333651,22.68155497,313.344328,81.06089732,2.58695914,14.4,15.81216321,49.54651656,61.12258586,#DIV/0!,27.4991739,33.92409264,
205,46182,0,CIAT918,Rhynchosia,schomburgkii,0,Fabaceae,Fabales,Herbaceous_climber,F263139,38,90,2,1,49,0.5003,458.3832434,91.58324335,0.356122685,41,0.705196759,67,13.7,40.5,0.383344907,62.5,17.3,,26,22,24.5987393,19.34497973,43.94371903,3.370027284,3.346681494,6.716708778,95.86676579,19.97962288,2.084103152,13.7,15.2847982,14.6530417,73.33993133,-0.337436919,8.132691655,40.70493074,
206,46182,0,CIAT918,Rhynchosia,schomburgkii,0,Fabaceae,Fabales,Herbaceous_climber,F263139,38,90,2,2,50,0.5003,458.3832434,71.08324335,0.356238426,40.5,0.705844907,65,13.7,40,0.383553241,63,17.3,,24.5,23,23.0987393,20.34497973,43.44371903,3.164527284,3.519681494,6.684208778,94.77597548,15.50738261,1.636214508,13.7,15.38590371,14.58214033,94.03353678,-0.251225345,8.093340168,52.19023979,
207,46182,0,CIAT8215,Rhynchosia,schomburgkii,0,Fabaceae,Fabales,Herbaceous_climber,F263140,38,90,2,1,51,0.5003,461.7154233,77.01542327,0.356412037,41,0.706261574,68,13.7,40,0.3840625,63.5,17.4,,27,23.5,25.5987393,20.84497973,46.44371903,3.507027284,3.627026473,7.134053758,100.5894902,16.68027954,1.658252717,13.7,15.36064274,15.45119222,92.63149451,-0.379827015,8.575679006,51.41208207,
208,46182,0,CIAT8215,Rhynchosia,schomburgkii,0,Fabaceae,Fabales,Herbaceous_climber,F263140,38,90,2,2,52,0.5004,461.807711,92.30771098,0.35650463,40.5,0.706597222,68.5,13.6,40,0.384548611,63.5,17.5,,28,23.5,26.5987393,20.84497973,47.44371903,3.617428545,3.647871453,7.265299998,102.7347918,19.98834337,1.94562553,13.6,15.31351282,15.73230551,78.70740072,-0.516502909,8.731701746,43.68396912,
209,46182,0,CIAT15008,Centrosema,triquetrum,0,Fabaceae,Fabales,Herbaceous_climber,F263141,38,90,2,1,53,0.5001,469.6,183.4,0.356759259,41,0.707083333,66,12.2,41,0.385046296,69.5,13.7,,25,28.5,23.5987393,25.84497973,49.44371903,2.879046195,3.540762223,6.419808418,105.2890099,39.05451448,3.709267903,12.2,12.98407269,13.67080157,35.00440795,17.31259187,7.587531391,19.42805203,
210,46182,0,CIAT15008,Centrosema,triquetrum,0,Fabaceae,Fabales,Herbaceous_climber,F263141,38,90,2,2,54,0.5005,469.9756049,210.9756049,0.356770833,41,0.707650463,66,11.3,40.5,0.385659722,71.5,12.7,,25,31,23.5987393,28.34497973,51.94371903,2.666657541,3.599812426,6.266469967,110.5242878,44.8907566,4.061619168,11.3,12.06396092,13.3336069,29.70234388,0.632243919,7.400382514,16.48531474,
211,46182,0,CIAT17334,Dunbaria,nivea,0,Fabaceae,Fabales,Herbaceous_climber,F263142,38,90,2,1,55,0.5004,474.32916,190.82916,0.357037037,41,0.708159722,70,13.8,40.5,0.386157407,71,18.1,,29,30.5,27.5987393,27.84497973,55.44371903,3.808626024,5.039941331,8.848567355,116.8887003,40.23137856,3.441853529,13.8,15.95954873,18.65490908,46.36905259,0.643971324,10.35379729,25.73562642,
212,46182,0,CIAT17334,Dunbaria,nivea,0,Fabaceae,Fabales,Herbaceous_climber,F263142,38,90,2,2,56,0.5002,474.13958,164.73958,0.357083333,41.5,0.708645833,71,13.6,41,0.386643519,70.5,18.8,,29.5,29.5,28.0987393,26.84497973,54.94371903,3.821428545,5.04685619,8.868284735,115.8808953,34.74495422,2.998333256,13.6,16.14067065,18.70395366,53.83214365,1.523107026,10.38101788,29.87777108,
213,46182,0,CIAT17892,Dioclea,valliana,0,Fabaceae,Fabales,Herbaceous_climber,F263143,38,90,2,1,57,0.5001,459.2729394,139.8729394,0.357407407,41,0.709097222,62,12.9,40,0.387430556,63,16.6,,21,23,19.5987393,20.34497973,39.94371903,2.52823737,3.377266635,5.905504006,86.97163627,30.45529736,3.501750532,12.9,14.78456225,12.8583757,42.22048976,-3.823789707,7.136620979,23.43310228,
214,46182,0,CIAT17892,Dioclea,valliana,0,Fabaceae,Fabales,Herbaceous_climber,F263143,38,90,2,2,58,0.5003,459.4566118,138.4566118,0.357430556,40.5,0.709456019,64.5,12.5,40.5,0.388159722,64,16.2,,24,23.5,22.5987393,20.84497973,43.44371903,2.824842413,3.376886717,6.201729129,94.55456275,30.13486111,3.18703405,12.5,14.2753182,13.4979647,44.79185968,-3.081925578,7.491603939,24.86025707,
215,46182,0,CIAT17916,Clitoria,falcata,0,Fabaceae,Fabales,Herbaceous_climber,F263144,38,90,2,1,59,0.5003,473.6156842,181.7156842,0.357708333,39.5,0.709872685,70.5,14.1,38,0.388275463,72,18.6,,31,34,29.5987393,31.34497973,60.94371903,4.173422242,5.83016623,10.00358847,128.6775778,38.36775054,2.981696672,14.1,16.41446999,21.12174238,55.05077074,0.607227828,11.72293245,30.55413019,
216,46182,0,CIAT17916,Clitoria,falcata,0,Fabaceae,Fabales,Herbaceous_climber,F263144,38,90,2,2,60,0.5004,473.7103506,184.8103506,0.3578125,41,0.710277778,74.5,14.1,40.5,0.388773148,72.5,18.9,,33.5,32,32.0987393,29.34497973,61.44371903,4.525922242,5.546201169,10.07212341,129.7073601,39.01336552,3.007798901,14.1,16.39243778,21.2621983,54.4997798,0.580554315,11.80088792,30.24832069,
217,46182,0,CIAT17969,Canavalia,grandiflora,0,Fabaceae,Fabales,Herbaceous_climber,F263145,38,90,2,1,61,0.5001,456.94137,226.64137,0.358009259,41,0.71068287,84,12.4,40.5,0.389398148,86,17.5,,43,45.5,41.5987393,42.84497973,84.44371903,5.158243674,7.497871453,12.65611513,184.8020875,49.59966089,2.683934017,12.4,14.9876335,27.69745958,55.84203416,1.651016971,15.37256926,30.99329509,
218,46182,0,CIAT17969,Canavalia,grandiflora,0,Fabaceae,Fabales,Herbaceous_climber,F263145,38,90,2,2,62,0.5002,457.03274,222.63274,0.358310185,41,0.710960648,83.5,12.1,39.5,0.389988426,86.5,17.1,,42.5,47,41.0987393,44.34497973,85.44371903,4.972947456,7.582991534,12.55593899,186.9531689,48.71264584,2.605606855,12.1,14.69498183,27.47273421,56.39754059,2.078584429,15.24784279,31.30161076,
219,46182,0,CIAT18497,Dioclea,valliana,0,Fabaceae,Fabales,Herbaceous_climber,F263146,38,90,2,1,63,0.5,459.5161935,109.3161935,0.358321759,41,0.711423611,63,12.4,40,0.390844907,64.5,16.5,,22,24.5,20.5987393,21.84497973,42.44371903,2.554243674,3.604421656,6.158665329,92.36610077,23.78941049,2.575556431,12.4,14.51019248,13.40249901,56.33808799,-1.424229933,7.438618828,31.26861354,
220,46182,0,CIAT18497,Dioclea,valliana,0,Fabaceae,Fabales,Herbaceous_climber,F263146,38,90,2,2,64,0.5003,459.7919032,134.9919032,0.358483796,40.5,0.711851852,64,12,40,0.391296296,63,16.2,,23.5,23,22.0987393,20.34497973,42.44371903,2.651848716,3.295886717,5.947735433,92.31071434,29.35934763,3.180491868,12,14.01322874,12.93571155,44.05994204,1.802100789,7.179543711,24.45403012,
221,46182,0,CIAT18521,Rhynchosia,phaseoloides,0,Fabaceae,Fabales,Herbaceous_climber,F263147,38,90,2,1,65,0.5002,461.4922615,156.0922615,0.358611111,40.5,0.712303241,68.5,12.7,40,0.391944444,68.5,16,,28,28.5,26.5987393,25.84497973,52.44371903,3.378039891,4.135196757,7.513236649,113.6394332,33.82337572,2.976376665,12.7,14.32628499,16.28030906,48.13330638,0.929818557,9.035853197,26.7148178,
222,46182,0,CIAT18521,Rhynchosia,phaseoloides,0,Fabaceae,Fabales,Herbaceous_climber,F263147,38,90,2,2,66,0.5003,461.5845231,150.3845231,0.358715278,40.5,0.712604167,68,13,40,0.392395833,69,16.05,,27.5,29,26.0987393,26.34497973,52.44371903,3.392836109,4.228369247,7.621205356,113.616719,32.58006185,2.867541163,13,14.53216037,16.51096381,50.67812298,1.199555826,9.163870572,28.12723504,
223,46182,0,CIAT18631,Dioclea,crenata,0,Fabaceae,Fabales,Herbaceous_climber,F263148,38,90,2,1,67,0.5004,459.3692689,137.3692689,0.358877315,40.5,0.713020833,64.5,12,40,0.393020833,60.5,16,,24,20.5,22.5987393,17.84497973,40.44371903,2.711848716,2.855196757,5.567045473,88.04184731,29.9038874,3.396553834,12,13.76491976,12.11888964,40.52613453,-0.721632844,6.726193418,22.49270581,
224,46182,0,CIAT18631,Dioclea,crenata,0,Fabaceae,Fabales,Herbaceous_climber,F263148,38,90,2,2,68,0.5002,459.1856681,96.38566812,0.358935185,40.5,0.713414352,63.5,12.3,40,0.394108796,61,16.8,,23,21,21.5987393,18.34497973,39.94371903,2.656644934,3.081956595,5.738601529,86.98816581,20.99056543,2.413036904,12.3,14.36671814,12.4973446,59.53791306,-0.26801697,6.936242469,33.04457182,
225,46182,0,IAG 2026 S1,Green,Meal,0,Green Meal,Green Meal,Green Meal,F263177,38,90,2,1,69,0.5,464.95,237.45,0.359409722,40.5,0.713842593,96.5,13.1,40,0.394733796,83.5,18.6,,56,43.5,54.5987393,40.84497973,95.44371903,7.152434849,7.59716623,14.74960108,205.2773826,51.07000753,2.4878536,13.1,15.45371579,31.72298329,62.11666068,#DIV/0!,17.60680456,34.47582136,
226,46182,0,IAG 2026 S1,Green,Meal,0,Green Meal,Green Meal,Green Meal,F263177,38,90,2,2,70,0.5001,465.04299,254.04299,0.35943287,40.5,0.714224537,96.5,13.3,40,0.395486111,85.5,18.3,,56,45.5,54.5987393,42.84497973,97.44371903,7.261632327,7.840631291,15.10226362,209.537013,54.62785064,2.607074037,13.3,15.49844748,32.47498391,59.44766915,#DIV/0!,18.02417792,32.99448488,
227,46182,0,IAG 2026 S2,Compound,feed,0,Compound feed,Compound feed,Compound feed,F263178,38,90,2,1,71,0.5003,457.87456,391.57456,0.359583333,40,0.714756944,115,14,40.5,0.396678241,103,17.4,,75,62.5,73.5987393,59.84497973,133.443719,10.3038235,10.41302647,20.71684998,291.4416539,85.52005161,2.934379848,14,15.52478463,45.24568907,52.90652686,#DIV/0!,25.11214023,29.36403774,
228,46182,0,IAG 2026 S2,Compound,feed,0,Compound feed,Compound feed,Compound feed,F263178,38,90,2,2,72,0.5002,457.78304,371.08304,0.359803241,41,0.7153125,115,14.3,40,0.397337963,105,17.1,,74,65,72.5987393,62.34497973,134.943719,10.38161972,10.66099153,21.04261125,294.7765803,81.06089732,2.749909686,14.3,15.59362037,45.96634086,56.70593637,#DIV/0!,25.51211444,31.47277576,
229,46182,0,CIAT22303,Macrotyloma,axillare,0,Fabaceae,Fabales,Herbaceous_climber,F263149,38,90,2,1,73,0.5001,443.3414778,284.6414778,0.359918981,41,0.715752315,101,13.9,41,0.397824074,83.5,18.9,,60,42.5,58.5987393,39.84497973,98.44371903,8.145224763,7.530701169,15.67592593,222.0494223,64.20366513,2.891413293,13.9,15.92374413,35.35858186,55.07252862,0.466923816,19.62462467,30.5662062,
230,46182,0,CIAT22303,Macrotyloma,axillare,0,Fabaceae,Fabales,Herbaceous_climber,F263149,38,90,2,2,74,0.5006,443.7847306,228.2847306,0.360081019,40.5,0.716157407,99.5,13.8,41,0.398425926,84.5,19,,59,43.5,57.5987393,40.84497973,98.44371903,7.948626024,7.760546149,15.70917217,221.827639,51.44042029,2.318936473,13.8,15.95751596,35.3981809,68.81394183,1.588706461,19.64660282,38.19292827,
231,46182,0,CIAT18633,Dioclea,crenata,0,Fabaceae,Fabales,Herbaceous_climber,F263150,38,90,2,1,75,0.5002,460.5170637,171.0170637,0.360185185,41,0.716550926,69,13,40,0.398958333,71.5,16.5,,28,31.5,26.5987393,28.84497973,55.44371903,3.457836109,4.759421656,8.217257765,120.3944944,37.1358799,3.084516455,13,14.8208993,17.84354677,48.04934425,-3.745851471,9.90347717,26.66821736,
232,46182,0,CIAT18633,Dioclea,crenata,0,Fabaceae,Fabales,Herbaceous_climber,F263150,38,90,2,2,76,0.5003,460.6091303,157.7091303,0.360196759,41,0.716875,71,12.5,40.5,0.399409722,72.5,16.4,,30,32,28.5987393,29.34497973,57.94371903,3.574842413,4.812576676,8.387419089,125.7980253,34.23925405,2.721764031,12.5,14.47511349,18.20940693,53.18283776,-1.215121971,10.10653589,29.51739508,
233,46182,0,BLANK 8 H,BLANK,8,0,0,0,0,BLANK 8 H,38,90,2,1,77,0,0,0,0.360486111,39.5,0.717233796,41.5,0,0,0,0,0,,2,,,,,,,,,,,,,,,,,,
234,46182,0,BLANK 8 H,BLANK,8,0,0,0,0,BLANK 8 H,38,90,2,2,78,0,0,0,0.360659722,39.5,0.717731481,41,0,0,0,0,0,,1.5,,,,,,,,,,,,,,,,,,
235,46182,0,CIAT21134,Cajanus,goensis,0,Fabaceae,Fabales,Herbaceous_climber,F263151,38,90,2,1,79,0.5005,460.4429935,146.5429935,0.360729167,40.5,0.718078704,64.5,14.1,40,0.399930556,63,16.4,,24,23,22.5987393,20.34497973,42.94371903,3.186422242,3.336576676,6.522998918,93.26609296,31.82652263,3.412443002,14.1,15.18964604,14.1667894,44.51252674,0.851890626,7.862813215,24.70522246,
236,46182,0,CIAT21134,Cajanus,goensis,0,Fabaceae,Fabales,Herbaceous_climber,F263151,38,90,2,2,80,0.5004,460.3509969,146.4509969,0.360775463,41.5,0.718298611,67,14,41.5,0.400347222,64.5,16.1,,25.5,23,24.0987393,20.34497973,44.44371903,3.373823502,3.275541737,6.649365239,96.54311457,31.81289883,3.295201214,14,14.96131598,14.44412043,45.40334569,-0.173916441,8.016736737,25.19964238,
237,46182,0,CIAT21433,Calopogonium,galactioides,0,Fabaceae,Fabales,Herbaceous_climber,F263152,38,90,2,1,81,0.5004,460.5991305,222.4991305,0.360960648,41,0.719282407,87,14.6,40.5,0.400810185,90,17.4,,46,49.5,44.5987393,46.84497973,91.44371903,6.511415938,8.151026473,14.66244241,198.5321139,48.30645908,2.433181118,14.6,16.03438986,31.83341314,65.89887511,1.781621778,17.66809504,36.57501581,
238,46182,0,CIAT21433,Calopogonium,galactioides,0,Fabaceae,Fabales,Herbaceous_climber,F263152,38,90,2,2,82,0.5001,460.3229919,234.3229919,0.361134259,41,0.7196875,85.5,14.8,40,0.401354167,90,17.1,,44.5,50,43.0987393,47.34497973,90.44371903,6.378613417,8.095991534,14.47460495,196.4788217,50.90403826,2.59081553,14.8,16.00399133,31.44445358,61.77202174,1.127196625,17.45221576,34.28454079,
239,46182,0,CIAT21475,Rhynchosia,phaseoloides,0,Fabaceae,Fabales,Herbaceous_climber,F263153,38,90,2,1,83,0.5001,461.5077169,130.2077169,0.361273148,41,0.720069444,65,13.1,40.5,0.401967593,72.5,15.8,,24,32,22.5987393,29.34497973,51.94371903,2.960434849,4.636506798,7.596941646,112.5522221,28.2135514,2.506707632,13.1,14.62533255,16.46113677,58.34478805,-0.990344933,9.136215699,32.3823668,
240,46182,0,CIAT21475,Rhynchosia,phaseoloides,0,Fabaceae,Fabales,Herbaceous_climber,F263153,38,90,2,2,84,0.5001,461.5077169,128.9077169,0.361388889,41,0.720532407,67,12.7,40.5,0.402604167,72.5,15.4,,26,32,24.5987393,29.34497973,53.94371903,3.124039891,4.519126879,7.64316677,116.8858441,27.93186597,2.389670553,12.7,14.16877981,16.56129787,59.29177053,-0.944358671,9.191806847,32.90795845,
241,46182,0,CIAT21951,Pueraria,montana,0,Fabaceae,Fabales,Herbaceous_climber,F263154,38,90,2,1,85,0.5,472.0278044,192.4278044,0.361701389,41.5,0.721053241,72.5,12.7,41.5,0.403101852,77.5,17.2,,31,36,29.5987393,33.34497973,62.94371903,3.759039891,5.735336514,9.494376405,133.3474817,40.76620119,3.057140687,12.7,15.08391393,20.11401938,49.33994042,1.278759394,11.16362875,27.38452056,
242,46182,0,CIAT21951,Pueraria,montana,0,Fabaceae,Fabales,Herbaceous_climber,F263154,38,90,2,2,86,0.5006,472.5942378,211.2942378,0.361724537,41.5,0.721435185,74,12.4,40.5,0.403530093,78,17.4,,32.5,37.5,31.0987393,34.84497973,65.94371903,3.856243674,6.063026473,9.919270147,139.5355968,44.70944013,3.204160167,12.4,15.04202416,20.98897818,46.94529415,0.73002977,11.64924602,26.05545046,
243,46182,0,CIAT25213,Centrosema,brachypodum,0,Fabaceae,Fabales,Herbaceous_climber,F263155,38,90,2,1,87,0.5,470.8293743,198.6293743,0.361898148,40.5,0.721643519,80,14.1,40.5,0.403958333,71,19,,39.5,30.5,38.0987393,27.84497973,65.94371903,5.371922242,5.290546149,10.66246839,140.0586341,42.18712449,3.012104522,14.1,16.16904316,22.64614099,53.6802194,1.603024661,12.56900005,29.79345049,
244,46182,0,CIAT25213,Centrosema,brachypodum,0,Fabaceae,Fabales,Herbaceous_climber,F263155,38,90,2,2,88,0.5004,471.2060378,217.3060378,0.361909722,41,0.722083333,80,14.3,41,0.404409722,70.5,19.4,,39,29.5,37.5987393,26.84497973,64.44371903,5.37661972,5.207926068,10.58454579,136.7633559,46.11698925,3.372028198,14.3,16.42448007,22.46267013,48.70801519,0.8143906,12.46717055,27.03379113,
245,46182,0,CIAT32229,Calopogonium,galactioides,0,Fabaceae,Fabales,Herbaceous_climber,F263156,38,90,2,1,89,0.5006,461.5379234,258.7379234,0.362175926,40.5,0.722418981,84,15,40,0.405474537,89,17.6,0,43.5,49,42.0987393,46.34497973,88.44371903,6.314810895,8.156716433,14.47152733,191.6282813,56.05994877,2.925452776,15,16.36241384,31.35501244,55.93121851,0.548099287,17.40257438,31.04279394,
246,46182,0,CIAT32229,Calopogonium,galactioides,0,Fabaceae,Fabales,Herbaceous_climber,F263156,38,90,2,2,90,0.5006,461.5379234,265.3379234,0.362465278,41,0.722847222,82,15.3,40.5,0.406736111,89.5,17.6,,41,49,39.5987393,46.34497973,85.94371903,6.058607113,8.156716433,14.21532355,186.2116084,57.48995043,3.087345141,15.3,16.54027043,30.7999036,53.57441321,0.493617141,17.09447937,29.73472622,
247,46182,0,CIAT8206,Desmanthus,leptophyllus,0,Fabaceae,Fabales,Shurb_tree,F263157,38,90,2,1,91,0.5004,459.7965824,200.7965824,0.362615741,42.5,0.723310185,72.5,12.1,41,0.406909722,72,16.6,,30,31,28.5987393,28.34497973,56.94371903,3.460447456,4.705266635,8.165714091,123.8454595,43.67074269,3.526228807,12.1,14.33997327,17.7594058,40.66659897,0.92357354,9.856777473,22.570666,
248,46182,0,CIAT8206,Desmanthus,leptophyllus,0,Fabaceae,Fabales,Shurb_tree,F263157,38,90,2,2,92,0.5004,459.7965824,155.1965824,0.362766204,41.5,0.723703704,68.5,11.8,40,0.407106481,68,16.5,,27,28,25.5987393,25.34497973,50.94371903,3.020651238,4.181921656,7.202572893,110.7962107,33.75331361,3.046432129,11.8,14.13829424,15.66469428,46.40935245,-0.99923244,8.694176339,25.75799354,
249,46182,0,CIAT8886,Zornia,myriadena,0,Fabaceae,Fabales,Herbaceous,F263158,38,90,2,1,93,0.5001,458.6291533,195.3291533,0.362858796,41.5,0.724178241,66.5,11.8,40,0.407569444,64.5,15.1,,25,24.5,23.5987393,21.84497973,45.44371903,2.784651238,3.298591939,6.083243177,99.08597982,42.58978129,4.29826514,11.8,13.38632336,13.26396966,31.14354961,-4.796591425,7.361732644,17.28520885,
250,46182,0,CIAT8886,Zornia,myriadena,0,Fabaceae,Fabales,Herbaceous,F263158,38,90,2,2,94,0.5003,458.8125683,0,0.363125,41.5,0.724467593,67,11.7,40,Descartada,Descartada,Descartada,,.,.,.,.,.,.,.,.,.,.,.,.,.,.,.,.,.,.,
251,46182,0,CIAT13701,Pseudarthria,viscida,0,Fabaceae,Fabales,Herbaceous,F263159,38,90,2,1,95,0.5002,462.4462258,197.9462258,0.363136574,41,0.724988426,66,13,40,0.408715278,75.5,15.6,,25,35.5,23.5987393,32.84497973,56.44371903,3.067836109,5.123816838,8.191652948,122.0546647,42.80416073,3.506966393,13,14.51295749,17.7137416,41.38322373,1.050242171,9.831433055,22.96840514,
252,46182,0,CIAT13701,Pseudarthria,viscida,0,Fabaceae,Fabales,Herbaceous,F263159,38,90,2,2,96,0.5003,462.538678,205.338678,0.363368056,41.5,0.725335648,67.5,13.1,40.5,0.409201389,75.5,16,,26,35,24.5987393,32.34497973,56.94371903,3.222434849,5.175196757,8.397631606,123.1112591,44.39383943,3.605993453,13.1,14.74724824,18.155523,40.89649201,0.810398207,10.07662937,22.69826062,
253,46182,0,CIAT18859,Pseudarthria,hookeri,0,Fabaceae,Fabales,Herbaceous,F263160,38,90,2,1,97,0.5003,463.5334524,132.5334524,0.363506944,41.5,0.725763889,69.5,13.1,41,0.409560185,68.5,16,,28,27.5,26.5987393,24.84497973,51.44371903,3.484434849,3.975196757,7.459631606,110.9816752,28.59199303,2.576280543,13.1,14.50056828,16.09297359,56.28489616,-0.518762395,8.931878766,31.23909116,
254,46182,0,CIAT18859,Pseudarthria,hookeri,0,Fabaceae,Fabales,Herbaceous,F263160,38,90,2,2,98,0.5002,463.4408013,155.7408013,0.363668981,41.5,0.726215278,69,12.6,40.5,0.409988426,69,16,,27.5,28.5,26.0987393,25.84497973,51.94371903,3.288441152,4.135196757,7.423637909,112.0827491,33.60532798,2.998260505,12.6,14.29169503,16.01852467,47.66662203,-1.169182356,8.89055833,26.45579991,
255,46182,0,CIAT19661,Pseudarthria,hookeri,0,Fabaceae,Fabales,Herbaceous,F263161,38,90,2,1,99,0.5,472.5777594,137.8777594,0.363773148,41.5,0.726516204,64,12.7,41,0.410509259,68,16.8,,22.5,27,21.0987393,24.34497973,45.44371903,2.679539891,4.089956595,6.769496486,96.16135784,29.17567674,3.034033358,12.7,14.89644032,14.32461928,49.09781326,-8.32371157,7.950411534,27.2501358,
256,46182,0,CIAT19661,Pseudarthria,hookeri,0,Fabaceae,Fabales,Herbaceous,F263161,38,90,2,2,100,0.5,472.5777594,172.8777594,0.363935185,42,0.726921296,63.5,12.6,41.5,0.410972222,69,16.8,,21.5,27.5,20.0987393,24.84497973,44.94371903,2.532441152,4.173956595,6.706397747,95.1033309,36.58186531,3.846538808,12.6,14.92176858,14.19109895,38.79271555,0.689327955,7.876305439,21.53062828,
257,46182,0,CIAT20129,Desmanthus,leptophyllus,0,Fabaceae,Fabales,Herbaceous,F263162,38,90,2,1,101,0.5,458.9311032,182.4311032,0.364085648,42.5,0.727407407,69.5,11.2,40,0.411342593,69,16.1,,27,29,25.5987393,26.34497973,51.94371903,2.867058802,4.241541737,7.108600539,113.184133,39.75130513,3.512091675,11.2,13.6851975,15.48947214,38.96594613,0.983542732,8.596925024,21.62677425,
258,46182,0,CIAT20129,Desmanthus,leptophyllus,0,Fabaceae,Fabales,Herbaceous,F263162,38,90,2,2,102,0.5003,459.2064618,162.1064618,0.364259259,42.5,0.727650463,68,11.2,41,0.411736111,69.5,16.1,,25.5,28.5,24.0987393,25.84497973,49.94371903,2.699058802,4.161041737,6.860100539,108.7609239,35.30143308,3.245782752,11.2,13.7356622,14.93903311,42.3184891,18.26819934,8.291421838,23.48749361,
259,46182,0,CIAT20386,Desmanthus,leptophyllus,0,Fabaceae,Fabales,Herbaceous,F263163,38,90,2,1,103,0.5003,458.1560377,127.5560377,0.364363426,41.5,0.728090278,69.5,11.6,40,0.412268519,65,17,,28,25,26.5987393,22.34497973,48.94371903,3.085453759,3.798646554,6.884100314,106.8276199,27.84117795,2.606177876,11.6,14.06533964,15.02566756,53.96922353,-0.550140945,8.339505455,29.95385278,
260,46182,0,CIAT20386,Desmanthus,leptophyllus,0,Fabaceae,Fabales,Herbaceous,F263163,38,90,2,2,104,0.5001,457.9728852,137.6728852,0.364571759,41.5,0.728726852,68,11.9,40,0.412662037,63.5,16.8,,26.5,23.5,25.0987393,20.84497973,45.94371903,2.986749977,3.501956595,6.488706572,100.3197362,30.06136163,2.996555092,11.9,14.12316353,14.1683204,47.13133281,-0.716863176,7.863662948,26.15870513,
261,46182,0,CIAT21286,Pseudarthria,hookeri,0,Fabaceae,Fabales,Herbaceous,F263164,38,90,2,1,105,0.5002,460.8710708,185.7710708,0.364814815,40.5,0.729166667,67,13.9,40.5,0.413310185,71,17.7,,26.5,30.5,25.0987393,27.84497973,52.94371903,3.488724763,4.928561413,8.417286176,114.8775056,40.30868557,3.508840599,13.9,15.89855478,18.26386317,45.30999439,0.815851504,10.13676004,25.1478308,
262,46182,0,CIAT21286,Pseudarthria,hookeri,0,Fabaceae,Fabales,Herbaceous,F263164,38,90,2,2,106,0.5002,460.8710708,134.6710708,0.364988426,41.5,0.729606481,67.5,14.1,40,0.413900463,72.5,17.4,,26,32.5,24.5987393,29.84497973,54.44371903,3.468422242,5.193026473,8.661448715,118.132212,29.22098594,2.473583237,14.1,15.90899532,18.79364808,64.31558511,-1.365844183,10.43079983,35.69626246,
263,46182,0,CIAT22500,Desmanthus,fruticosus,0,Fabaceae,Fabales,Herbaceous,F263165,38,90,2,1,107,0.5002,459.0376562,191.2376562,0.365173611,41.5,0.730150463,67.5,11.9,40,0.414456019,64,16.6,,26,24,24.5987393,21.34497973,45.94371903,2.927249977,3.543266635,6.470516613,100.0870373,41.66055957,4.162433087,11.9,14.0835717,14.09582967,33.8349504,0.406577225,7.823429337,18.77898285,
264,46182,0,CIAT22500,Desmanthus,fruticosus,0,Fabaceae,Fabales,Herbaceous,F263165,38,90,2,2,108,0.5,458.8541146,145.1541146,0.365381944,41.5,0.730509259,68,12.1,40,0.415069444,64,16.6,,26.5,24,25.0987393,21.34497973,46.44371903,3.036947456,3.543266635,6.580214091,101.2167431,31.63404445,3.125376641,12.1,14.16814637,14.34053631,45.33260466,4.496954232,7.959245758,25.16037989,
265,46182,0,CIAT22501,Desmanthus,covillei,0,Fabaceae,Fabales,Herbaceous,F263166,38,90,2,1,109,0.5001,457.3749233,189.3749233,0.365486111,41.5,0.731122685,70.5,12.4,40,0.415625,71,16.9,,29,31,27.5987393,28.34497973,55.94371903,3.422243674,4.790301575,8.212545248,122.3147929,41.40474557,3.38509714,12.4,14.68001304,17.95582755,43.36659313,0.495339901,9.965794944,24.06920947,
266,46182,0,CIAT22501,Desmanthus,covillei,0,Fabaceae,Fabales,Herbaceous,F263166,38,90,2,2,110,0.5003,457.5578367,160.0578367,0.365740741,42.5,0.731631944,70.5,12.1,40,0.416168981,71.5,16.8,,28,31.5,26.5987393,28.84497973,55.44371903,3.218447456,4.845956595,8.064404051,121.1731383,34.98089725,2.88685246,12.1,14.54520763,17.62488456,50.38431243,1.084775735,9.782115859,27.9641651,
267,46182,0,CIAT22571,Desmanthus,covillei,0,Fabaceae,Fabales,Herbaceous,F263167,38,90,2,1,111,0.5,460.5848716,197.3848716,0.3659375,41.5,0.731956019,74.5,11.4,40,0.416643519,77.5,16,,33,37.5,31.5987393,34.84497973,66.44371903,3.602256281,5.575196757,9.177453038,144.2594473,42.85526594,2.970707759,11.4,13.81237109,19.9256502,46.49522003,0.940961266,11.05908059,25.80565153,
268,46182,0,CIAT22571,Desmanthus,covillei,0,Fabaceae,Fabales,Herbaceous,F263167,38,90,2,2,112,0.5,460.5848716,201.0848716,0.366145833,41.5,0.732407407,76,11.2,44.5,0.417268519,78,15.9,,34.5,33.5,33.0987393,30.84497973,63.94371903,3.707058802,4.904351777,8.611410579,138.8315661,43.65859237,3.144716552,11.2,13.46717193,18.69668569,42.82475608,0.781297177,10.37698403,23.76848054,
269,46182,0,CIAT22572,Desmanthus,covillei,0,Fabaceae,Fabales,Herbaceous,F263168,38,90,2,1,113,0.5,457.4585083,94.5585083,0.366458333,42.5,0.732719907,60.5,10,40,0.417662037,64,12.8,,18,24,16.5987393,21.34497973,37.94371903,1.65987393,2.732157406,4.392031336,82.94461322,20.67040105,2.492072752,10,11.57512086,9.600939225,46.44776462,-0.275787997,5.328687376,25.77931296,
270,46182,0,CIAT22572,Desmanthus,covillei,0,Fabaceae,Fabales,Herbaceous,F263168,38,90,2,2,114,0.5003,457.7329834,78.5329834,0.366585648,42.5,0.733217593,61.5,9,40.5,0.418194444,64.5,12.5,,19,24,17.5987393,21.34497973,38.94371903,1.583886537,2.668122466,4.252009004,85.07955609,17.1569422,2.016576366,9,10.91834347,9.289278155,54.1429705,-0.201903085,5.15571009,30.05028536,
271,46182,0,IAG 2026 S1,Green,Meal,0,Green Meal,Green Meal,Green Meal,F263177,38,90,2,1,115,0.5004,465.32196,272.92196,0.366875,40.5,0.733645833,96.5,12.8,41,0.41869213,83.5,17.6,,56,42.5,54.5987393,39.84497973,94.44371903,6.988638631,7.012716433,14.00135506,202.9642423,58.65228454,2.889784125,12.8,14.82507805,30.08960734,51.30168002,#DIV/0!,16.70025266,28.47331999,
272,46182,0,IAG 2026 S1,Green,Meal,0,Green Meal,Green Meal,Green Meal,F263177,38,90,2,2,116,0.5001,465.04299,259.54299,0.366851852,40.5,0.7340625,95.5,12.8,40.5,0.419583333,84.5,17.8,,55,44,53.5987393,41.34497973,94.94371903,6.860638631,7.359406392,14.22004502,204.1611659,55.810537,2.733650974,12.8,14.97734149,30.57791501,54.78878479,#DIV/0!,16.97127186,30.40872346,
273,46182,0,IAG 2026 S2,Compound,feed,0,Compound feed,Compound feed,Compound feed,F263178,38,90,2,1,117,0.5004,457.96608,385.06608,0.367337963,40.5,0.734479167,107,14.2,40.5,0.419918981,110,16.6,,66.5,69.5,65.0987393,66.84497973,131.943719,9.244020981,11.09626664,20.34028762,288.1080604,84.08179051,2.918411599,14.2,15.41588168,44.41439771,52.82284957,#DIV/0!,24.65075915,29.3175954,
274,46182,0,IAG 2026 S2,Compound,feed,0,Compound feed,Compound feed,Compound feed,F263178,38,90,2,2,118,0.5003,457.87456,393.17456,0.367361111,40.5,0.734768519,115,14.1,40,0.420381944,112,16.7,,74.5,72,73.0987393,69.34497973,142.443719,10.30692224,11.58061162,21.88753386,311.0976924,85.86949229,2.760209876,14.1,15.36574165,47.80246768,55.66874382,#DIV/0!,26.5311966,30.89711595,
275,46182,0,CIAT22574,Desmanthus,fruticosus,0,Fabaceae,Fabales,Shurb_tree,F263169,38,90,2,1,119,0.5003,460.8072526,149.5072526,0.367465278,42.5,0.735150463,72,10.9,40,0.420775463,73.5,15.9,,29.5,33.5,28.0987393,30.84497973,58.94371903,3.062762584,4.904351777,7.967114361,127.9140437,32.44463965,2.536440778,10.9,13.51647723,17.28947259,53.28914969,1.636686575,9.595956412,29.57640003,
276,46182,0,CIAT22574,Desmanthus,fruticosus,0,Fabaceae,Fabales,Shurb_tree,F263169,38,90,2,2,120,0.5006,461.0835711,131.0835711,0.367939815,42.5,0.735613426,69.5,10.4,41,0.421157407,75,15.7,,27,34,25.5987393,31.34497973,56.94371903,2.662268887,4.921161818,7.583430705,123.4997788,28.42946037,2.30198472,10.4,13.31741381,16.4469766,57.85187755,-9.643392064,9.128356563,32.10879294,
277,46182,0,CIAT8529,Mimosa,albolanata,0,Fabaceae,Fabales,Shurb_tree,F263170,38,90,2,1,121,0.5003,462.6830899,82.48308995,0.367662037,41.5,0.736134259,58,9.9,41.5,0.421643519,56.5,13.6,,16.5,15,15.0987393,12.34497973,27.44371903,1.494775191,1.678917244,3.173692434,59.31429013,17.82712438,3.005536161,9.9,11.56436717,6.859322295,38.47688583,-0.175911454,3.807042547,21.35533732,
278,46182,0,CIAT8529,Mimosa,albolanata,0,Fabaceae,Fabales,Shurb_tree,F263170,38,90,2,2,122,0.5002,462.5906088,72.49060882,0.367962963,41,0.736319444,56.5,9.7,41,0.422233796,54.5,13.2,,15.5,13.5,14.0987393,10.84497973,24.94371903,1.367577712,1.431537325,2.799115037,53.92180161,15.67057511,2.906166828,9.7,11.22172292,6.050955172,38.61348501,-0.13241282,3.358384808,21.43115223,
279,46182,0,CIAT33510,Phyllodium,pulchellum,0,Fabaceae,Fabales,Shurb_tree,F263171,38,90,2,1,123,0.5003,467.1817858,154.7817858,0.368159722,40.5,0.736967593,63,11.3,40,0.422615741,63,13.3,,22.5,23,21.0987393,20.34497973,41.44371903,2.384157541,2.705882304,5.090039846,88.71004883,33.1309547,3.734746529,11.3,12.28181245,10.89520183,32.88526372,-0.329618954,6.047025511,18.25189031,
280,46182,0,CIAT33510,Phyllodium,pulchellum,0,Fabaceae,Fabales,Shurb_tree,F263171,38,90,2,2,124,0.5005,467.3685465,172.9685465,0.3684375,40.5,0.737256944,63,11.5,40,0.423020833,62,13.7,,22.5,22,21.0987393,19.34497973,40.44371903,2.42635502,2.650262223,5.076617243,86.5349612,37.00902591,4.276771539,11.5,12.55230074,10.86212857,29.34994452,-0.580375698,6.028669284,16.28972699,
281,46182,0,CIAT33499,Phyllodium,pulchellum,0,Fabaceae,Fabales,Shurb_tree,F263172,38,90,2,1,125,0.5,465.6853265,122.9853265,0.368634259,41,0.737662037,63,11.5,41,0.423483796,59,15.7,,22,18,20.5987393,15.34497973,35.94371903,2.36885502,2.409161818,4.778016838,77.18456431,26.40953441,3.421608277,11.5,13.29305082,10.26018336,38.85030005,-0.718631386,5.694579276,21.56258868,
282,46182,0,CIAT33499,Phyllodium,pulchellum,0,Fabaceae,Fabales,Shurb_tree,F263172,38,90,2,2,126,0.5005,466.1510119,131.0510119,0.368819444,40.5,0.737951389,61.5,12,40,0.423923611,57.5,16.7,0,21,17.5,19.5987393,14.84497973,34.44371903,2.351848716,2.479111615,4.830960332,73.8896155,28.11342431,3.804786926,12,14.02566409,10.36350927,36.86320512,-1.15588103,5.751926943,20.45971661,
283,46182,0,CIAT23111,Phyllodium,elegans,0,Fabaceae,Fabales,Shurb_tree,F263173,38,90,2,1,127,0.5003,466.4131504,156.1131504,0.36900463,40.5,0.738414352,67.5,11.8,40,0.424270833,70,15.3,,27,30,25.5987393,27.34497973,52.94371903,3.020651238,4.183781899,7.204433137,113.5124921,33.47100103,2.948662339,11.8,13.60772018,15.44646229,46.14879092,-0.867591301,8.573053808,25.61337738,
284,46182,0,CIAT23111,Phyllodium,elegans,0,Fabaceae,Fabales,Shurb_tree,F263173,38,90,2,2,128,0.5002,466.3199237,152.0199237,0.369143519,40.5,0.738645833,72.5,11.9,40,0.424814815,69.5,15.4,,32,29.5,30.5987393,26.84497973,57.44371903,3.641249977,4.134126879,7.775376856,123.1852128,32.59992035,2.646415069,11.9,13.53564321,16.67391089,51.1470909,-0.799771447,9.254309022,28.38752035,
285,46182,0,CIAT23110,Phyllodium,elegans,0,Fabaceae,Fabales,Shurb_tree,F263174,38,90,2,1,129,0.5003,466.7882528,151.0882528,0.369398148,41,0.739131944,59.5,12.7,41,0.425196759,67,14.3,,18.5,26,17.0987393,23.34497973,40.44371903,2.171539891,3.338332102,5.509871993,86.64253821,32.36762106,3.735765564,12.7,13.62355422,11.80379318,36.46790461,-0.483301069,6.55130943,20.24031799,
286,46182,0,CIAT23110,Phyllodium,elegans,0,Fabaceae,Fabales,Shurb_tree,F263174,38,90,2,2,130,0.5,466.5083478,176.3083478,0.369421296,41,0.739548611,65,11.9,40.5,0.425578704,65.5,15,,24,25,22.5987393,22.34497973,44.94371903,2.689249977,3.35174696,6.040996937,96.34065337,37.79318176,3.922869572,11.9,13.44124845,12.94938658,34.26381684,-2.45190425,7.187133587,19.01701114,
287,46182,0,CIAT9360,Clitoria,falcata,0,Fabaceae,Fabales,Herbaceous_climber,F263175,38,90,2,1,131,0.5002,466.5199537,176.4199537,0.369699074,40.5,0.739976852,75,13.4,40.5,0.426053241,75,17.3,,34.5,34.5,33.0987393,31.84497973,64.94371903,4.435231067,5.509181494,9.94441256,139.2088774,37.81616462,2.716505249,13.4,15.31235462,21.31615697,56.36784475,0.621143725,11.83083591,31.28512906,
288,46182,0,CIAT9360,Clitoria,falcata,0,Fabaceae,Fabales,Herbaceous_climber,F263175,38,90,2,2,132,0.5001,466.426687,177.226687,0.369791667,41,0.740439815,76.5,13.2,40.5,0.426006944,75.5,17.5,,35.5,35,34.0987393,32.34497973,66.44371903,4.501033588,5.660371453,10.16140504,142.4526531,37.99668671,2.667320396,13.2,15.29325147,21.78564247,57.33563728,0.625176111,12.09140848,31.82227065,
289,46182,0,CIAT21292,Canavalia,Gladiata,0,Fabaceae,Fabales,Herbaceous_climber,F263176,38,90,2,1,133,0.5,461.0577231,331.5577231,0.37,40.5,0.740706019,89,10.6,40,0.426944444,87,17.9,0,48.5,47,47.0987393,44.34497973,91.44371903,4.992466366,7.937751372,12.93021774,198.3346433,71.91241063,3.625811883,10.6,14.14008297,28.04468311,38.99839104,0.305663141,15.56528433,21.64478174,
290,46182,0,CIAT21292,Canavalia,Gladiata,0,Fabaceae,Fabales,Herbaceous_climber,F263176,38,90,2,2,134,0.5004,461.4265693,330.1265693,0.370104167,41,0.741342593,90,99,40,0.427337963,87,17.8,,49,47,47.5987393,44.34497973,91.94371903,47.12275191,7.893406392,55.0161583,199.2596984,71.54476817,3.590528779,99,59.83677719,119.2305818,166.6517131,1.324191933,66.1750357,92.49458401,
291,46182,0,CIAT23035,Desmodium,laxiflorum,0,Fabaceae,Fabales,Herbaceous,F260521,38,90,2,1,135,0.5002,461.1421762,256.9421762,0.370393519,41,0.741574074,96,14,40.5,0.427766204,78,20,,55,37.5,53.5987393,34.84497973,88.44371903,7.503823502,6.968995946,14.47281945,191.7927347,55.71864589,2.905148935,14,16.3638748,31.38472297,56.32714591,1.133619152,17.41906424,31.2625405,
292,46182,0,CIAT23035,Desmodium,laxiflorum,0,Fabaceae,Fabales,Herbaceous,F260521,38,90,2,2,136,0.5003,461.2343677,277.0343677,0.370451389,41,0.741886574,95.5,14.2,40.5,0.428148148,77,20.5,,54.5,36.5,53.0987393,33.84497973,86.94371903,7.540020981,6.938220845,14.47824183,188.5022564,60.06368716,3.186364361,14.2,16.65242986,31.39020602,52.26153688,0.678884075,17.42210742,29.00605715,
293,46182,0,CIAT33726,Desmodium,sandwicense,0,Fabaceae,Fabales,Herbaceous,F260526,38,90,2,1,137,0.5002,467.06814,196.36814,0.370752315,41,0.742372685,69,13.3,40,0.428587963,74,16.2,,28,34,26.5987393,31.34497973,57.94371903,3.537632327,5.077886717,8.615519044,124.0583848,42.04271779,3.388946089,13.3,14.86877126,18.44595747,43.8743222,1.894171949,10.23782553,24.35100789,
294,46182,0,CIAT33726,Desmodium,sandwicense,0,Fabaceae,Fabales,Herbaceous,F260526,38,90,2,2,138,0.5001,466.9747637,175.1747637,0.370798611,41.5,0.742789352,69,13.1,40,0.429189815,74,15.7,,27.5,34,26.0987393,31.34497973,57.44371903,3.418934849,4.921161818,8.340096667,123.0124698,37.5126832,3.049502481,13.1,14.51872686,17.8598445,47.61014937,-2.863835125,9.912522693,26.4244566,
295,46182,0,CIAT13930,Desmodium,glabrum,0,Fabaceae,Fabales,Shurb_Tree,F260532,38,90,2,1,139,0.5,460.2139275,333.7139275,0.371087963,41.5,0.742974537,97.5,14.3,41,0.429502315,92.5,16.8,,56,51.5,54.5987393,48.84497973,103.443719,7.80761972,8.205956595,16.01357632,224.7731171,72.5127832,3.226043404,14.3,15.48047234,34.79594023,47.98593944,0.717790038,19.31234883,26.63302659,
296,46182,0,CIAT13930,Desmodium,glabrum,0,Fabaceae,Fabales,Shurb_Tree,F260532,38,90,2,2,140,0.5001,460.3059703,341.0059703,0.371168981,41.5,0.743368056,96.5,14.6,41,0.43,93.5,16.9,,55,52.5,53.5987393,49.84497973,103.443719,7.825415938,8.423801575,16.24921751,224.7281715,74.08245652,3.296536257,14.6,15.70826887,35.3009054,47.65082998,0.607535675,19.59261324,26.44703505,
297,46182,0,CIAT21082,Flemingia,stricta,0,Fabaceae,Fabales,Shurb_Tree,F260533,38,90,2,1,141,0.5004,472.9057694,174.2057694,0.371319444,41.5,0.743958333,66.5,12.5,40.5,0.430381944,64,15.5,,25,23.5,23.5987393,20.84497973,44.44371903,2.949842413,3.230971858,6.180814271,93.98007364,36.83731109,3.919693788,12.5,13.9070591,13.06986438,35.4799631,2.29065288,7.254000854,19.69199336,
298,46182,0,CIAT21082,Flemingia,stricta,0,Fabaceae,Fabales,Shurb_Tree,F260533,38,90,2,2,142,0.5003,472.8112639,175.7112639,0.37150463,41.5,0.744178241,68,11.7,40,0.431412037,62.5,15.1,,26.5,22.5,25.0987393,19.84497973,44.94371903,2.936552498,2.996591939,5.933144438,95.0563628,37.16308754,3.909584424,11.7,13.2012761,12.5486529,33.76644335,1.854030683,6.964719465,18.74096025,
299,46182,0,CIAT21091,Flemingia,stricta,0,Fabaceae,Fabales,Shurb_Tree,F260535,38,90,2,1,143,0.5001,460.6210529,111.2210529,0.371759259,41,0.744409722,64,12.4,40.5,0.43181713,57.5,14.9,,23,17,21.5987393,14.34497973,35.94371903,2.678243674,2.13740198,4.815645654,78.03316589,24.14589003,3.094311214,12.4,13.39773897,10.45467988,43.29796858,-0.683428356,5.80252821,24.03112166,
300,46182,0,CIAT21091,Flemingia,stricta,0,Fabaceae,Fabales,Shurb_Tree,F260535,38,90,2,2,144,0.5003,460.8052645,106.0052645,0.371759259,41,0.74474537,65,12.2,40.5,0.432037037,56,14.7,,24,15.5,22.5987393,12.84497973,35.44371903,2.757046195,1.888212021,4.645258216,76.9169143,23.00435187,2.990805349,12.2,13.10601241,10.08074033,43.82101435,-0.536573722,5.594985292,24.32142111,
301,46182,0,CIAT21115,Flemingia,lineata,0,Fabaceae,Fabales,Shurb_Tree,F260536,38,90,2,1,145,0.5005,462.766088,139.066088,0.372013889,40.5,0.745219907,69.5,11.9,40,0.4325,63,15.9,,29,23,27.5987393,20.34497973,47.94371903,3.284249977,3.234851777,6.519101754,103.6024901,30.05105422,2.900611192,11.9,13.59740522,14.08725039,46.87772445,-0.772025581,7.818667691,26.0179481,
302,46182,0,CIAT21115,Flemingia,lineata,0,Fabaceae,Fabales,Shurb_Tree,F260536,38,90,2,2,146,0.5,462.3037842,170.7037842,0.372164352,41,0.745509259,68.5,12.1,40.5,0.432997685,62.5,16.1,,27.5,22,26.0987393,19.34497973,45.44371903,3.157947456,3.114541737,6.272489192,98.29839293,36.92459159,3.756377952,12.1,13.80276378,13.56789498,36.74487487,2.835512081,7.530416451,20.39404128,
303,46182,0,CIAT8539,Canavalia,grandiflora,0,Fabaceae,Fabales,Climber,F261034,38,90,2,1,147,0.5005,466.691225,216.591225,0.372280093,41,0.7459375,73,11.2,40,0.433460648,77,16.8,,32,37,30.5987393,34.34497973,64.94371903,3.427058802,5.769956595,9.197015397,139.157789,46.40996303,3.335060391,11.2,14.16151636,19.70685306,42.4625485,-1.71486047,10.9376444,23.56744907,
304,46182,0,CIAT8539,Canavalia,grandiflora,0,Fabaceae,Fabales,Climber,F261034,38,90,2,2,148,0.5003,466.504735,215.204735,0.372476852,41,0.746215278,75,11.8,40.5,0.433946759,78,16.5,,34,37.5,32.5987393,34.84497973,67.44371903,3.846651238,5.749421656,9.596072893,144.5724212,46.13130776,3.190878826,11.8,14.2282677,20.57015111,44.59043568,-1.623428943,11.41678975,24.74846326,
305,46182,0,CIAT8589,Galactia,jussiaeana,0,Fabaceae,Fabales,Climber,F261036,38,90,2,1,149,0.5,471.759849,184.759849,0.372824074,41,0.746516204,67,11,40,0.434282407,76,16.3,,26,36,24.5987393,33.34497973,57.94371903,2.705861323,5.435231696,8.14109302,122.8246091,39.16396221,3.188608741,11,14.05000085,17.25685863,44.06310713,-0.559173362,9.577855099,24.45578679,
306,46182,0,CIAT8589,Galactia,jussiaeana,0,Fabaceae,Fabales,Climber,F261036,38,90,2,2,150,0.5002,471.9485529,208.4485529,0.373078704,41.5,0.747013889,68.5,10.7,40.5,0.434606481,79,16.1,,27,38.5,25.5987393,35.84497973,61.44371903,2.739065105,5.771041737,8.510106842,130.1915615,44.1676432,3.39251198,10.7,13.85024698,18.03185281,40.82593389,-1.656686707,10.00799028,22.65909964,
307,46182,0,CIAT18701,Cajanus,cajan,0,Fabaceas,Fabales,Arbustivas,F261087,38,90,2,1,151,0.5005,460.6602,174.5602,0.373101852,41.5,0.747546296,68,12.2,41,0.434988426,63,17.6,,26.5,22,25.0987393,19.34497973,44.44371903,3.062046195,3.404716433,6.466762628,96.47831316,37.89348418,3.927668606,12.2,14.5504534,14.038032,37.04603127,-5.14103372,7.791350631,20.56118829,
308,46182,0,CIAT18701,Cajanus,cajan,0,Fabaceas,Fabales,Arbustivas,F261087,38,90,2,2,152,0.5004,460.56816,172.26816,0.373217593,41.5,0.747743056,66.5,12.8,40.5,0.435462963,64,18,,25,23.5,23.5987393,20.84497973,44.44371903,3.020638631,3.752096352,6.772734982,96.4975934,37.40340192,3.876096865,12.8,15.23890244,14.70517411,39.31507124,-3.292694454,8.161626046,21.82054473,
309,46182,0,Sample 8,Cynodon,nlemfuensis,0,Poaceae,Poales,Grasses,F250008,38,90,2,1,153,0.5003,468.935872,205.835872,0.373460648,41,0.748125,65,13.6,41,0.435833333,81,17.4,,24,40,22.5987393,37.34497973,59.94371903,3.073428545,6.498026473,9.571455019,127.8292462,43.89424745,3.433818845,13.6,15.96740271,20.41101052,46.50042252,0.364971983,11.32846397,25.808539,
310,46182,0,Sample 8,Cynodon,nlemfuensis,0,Poaceae,Poales,0,F250008,38,90,2,2,154,0.5006,469.2170648,209.1170648,0.373784722,40,0.748506944,60,13.8,39.5,0.436319444,72.5,17.8,,20,33,18.5987393,30.34497973,48.94371903,2.566626024,5.401406392,7.968032416,104.3093329,44.56723349,4.272602674,13.8,16.2799897,16.98154865,38.10321469,0.293913762,9.425053302,21.14794338,
311,46182,0,BLANK 24 H,BLANK,24,0,0,H,0,BLANK 24 H,38,90,2,1,155,0,0,0,0.373877315,40.5,0.7490625,40.5,0,40,0.436678241,41.5,0,,0,1.5,,,,,,,,,,,,,,,,,
312,46182,0,BLANK 24 H,BLANK,24,0,0,H,0,BLANK 24 H,38,90,2,2,156,0,0,0,0.373865741,40,0.749259259,40.5,0,40,0.437430556,41.5,0,,0.5,1.5,,,,,,,,,,,,,,,,,
313,46189,0,BLANK 24 H,BLANK,24,0,0,0,0,BLANK 24 H,38,91,3,1,1,0,0,0,0.333263889,39.5,0.670127315,42,0,40,0.340497685,43,0,,2.5,3,,,,,,,,,,,,,,,,,
314,46189,0,BLANK 24 H,BLANK,24,0,0,0,0,BLANK 24 H,38,91,3,2,2,0,0,0,0.333472222,39.5,0.670324074,42.5,0,40,0.340752315,44.5,0,,3,4.5,,,,,,,,,,,,,,,,,
315,46189,0,CIAT36090,Cenchrus,ciliaris,0,Poaceae,Poales,Grasses,F260108,38,91,3,1,3,0.5002,432.02274,227.52274,0.333680556,40.5,0.67099537,59,14.6,40,0.341168981,91,16.9,,18.5,51,16.95123818,48.45560558,65.40684375,2.474880774,8.188997342,10.66387812,151.3967616,52.66452872,3.478576964,14.6,16.30391791,24.68360373,46.86950463,0.447256695,13.69982712,26.01338596,
316,46189,0,CIAT36090,Cenchrus,ciliaris,0,Poaceae,Poales,Grasses,F260108,38,91,3,2,4,0.5001,431.93637,218.23637,0.333854167,41,0.672083333,58,17,40.5,0.341851852,94.5,17.7,,17,54,15.45123818,51.45560558,66.90684375,2.62671049,9.107642187,11.73435268,154.8997686,50.52512017,3.261794426,17,17.53834439,27.16685487,53.76900595,0.575190677,15.07807447,29.84272856,
317,46189,0,CIAT795,Rhynchosia,reticulata,0,Fabaceae,Fabales,Climber,F260429,38,91,3,1,5,0.5001,473.8250339,168.4250339,0.334085648,41.5,0.672326389,58.5,15.5,42,0.342210648,74,18.1,,17,32,15.45123818,29.45560558,44.90684375,2.394941917,5.331464609,7.726406527,94.77516074,35.5458285,3.750542676,15.5,17.20540987,16.30645486,45.87445432,-1.75487887,9.050364565,25.46111583,
318,46189,0,CIAT795,Rhynchosia,reticulata,0,Fabaceae,Fabales,Climber,F260429,38,91,3,2,6,0.5,473.7302879,178.7302879,0.334456019,41.5,0.672893519,70,14.3,41.5,0.342766204,73.5,17.7,,28.5,32,26.95123818,29.45560558,56.40684375,3.854027059,5.213642187,9.067669246,119.0695322,37.72827967,3.168592249,14.3,16.07547709,19.14099537,50.73381436,-10.45045114,10.62358359,28.15814472,
319,46189,0,CIAT966,Teramnus,labialis,0,Fabaceae,Fabales,Climber,F260432,38,91,3,1,7,0.5004,464.7483088,237.3483088,0.334606481,41,0.673240741,73.5,14.8,40,0.343229167,89.5,16.4,,32.5,49.5,30.95123818,46.95560558,77.90684375,4.58078325,7.700719315,12.28150256,167.6323341,51.07028994,3.046565582,14.8,15.76434364,26.42613719,51.74463904,1.457577827,14.66696334,28.71916991,
320,46189,0,CIAT966,Teramnus,labialis,0,Fabaceae,Fabales,Climber,F260432,38,91,3,2,8,0.5,464.3768073,241.1768073,0.334849537,41,0.673773148,72,14.1,40.5,0.343553241,88.5,15,,31,48,29.45123818,45.45560558,74.90684375,4.152624583,6.818340836,10.97096542,161.306169,51.9355841,3.219689887,14.1,14.64614563,23.62513641,45.4893053,1.092138044,13.11235945,25.24735145,
321,46189,0,CIAT4042,Centrosema,grazielae,0,Fabaceae,Fabales,Climber,F260433,38,91,3,1,9,0.5003,477.9661359,227.6661359,0.335092593,41,0.674039352,78.5,14.6,41.5,0.3440625,83,16.7,,37.5,41.5,35.95123818,38.95560558,74.90684375,5.248880774,6.505586131,11.75446691,156.719981,47.63227325,3.039323572,14.6,15.69211345,24.59267723,51.63028247,0.824933633,13.64936134,28.65570003,
322,46189,0,CIAT4042,Centrosema,grazielae,0,Fabaceae,Fabales,Climber,F260433,38,91,3,2,10,0.5004,478.0616718,246.5616718,0.335335648,40.5,0.674641204,79,14.7,41.5,0.344456019,83,16.9,,38.5,41.5,36.95123818,38.95560558,75.90684375,5.431832012,6.583497342,12.01532935,158.7804424,51.57528544,3.24821399,14.7,15.82904618,25.13342956,48.73153749,0.580294217,13.94948824,27.04684642,
323,46189,0,CIAT5098,Centrosema,schottii,0,Fabaceae,Fabales,Climber,F260436,38,91,3,1,11,0.5002,471.245656,255.645656,0.335532407,40.5,0.674872685,78.5,15.2,40.5,0.344884259,84.5,16.1,,38,44,36.45123818,41.45560558,77.90684375,5.540588203,6.674352498,12.2149407,165.3210863,54.24891514,3.281427455,15.2,15.67890587,25.9205375,47.78074813,0.890252608,14.38634677,26.51914187,
324,46189,0,CIAT5098,Centrosema,schottii,0,Fabaceae,Fabales,Climber,F260436,38,91,3,2,12,0.5002,471.245656,220.945656,0.335752315,40.5,0.675763889,77,15.3,40,0.345358796,84.5,16.2,,36.5,44.5,34.95123818,41.95560558,76.90684375,5.347539441,6.796808103,12.14434754,163.1990508,46.88545203,2.8728998,15.3,15.7909842,25.77073632,54.96531484,-73.3541676,14.30320452,30.50670069,
325,46189,0,CIAT5166,Centrosema,schottii,0,Fabaceae,Fabales,Climber,F260438,38,91,3,1,13,0.5001,472.7986401,269.6986401,0.335960648,40.5,0.676006944,83.5,15.1,40.5,0.346076389,93.5,16.8,0,43,53,41.45123818,50.45560558,91.90684375,6.259136965,8.476541737,14.7356787,194.3889765,57.04302366,2.934478317,15.1,16.03327685,31.16692277,54.63757138,0.65700891,17.29818136,30.3247974,
326,46189,0,CIAT5166,Centrosema,schottii,0,Fabaceae,Fabales,Climber,F260438,38,91,3,2,14,0.5003,472.9877218,243.9877218,0.336168981,40.5,0.676388889,83,15.7,40,0.346377315,90.5,16.7,,42.5,50.5,40.95123818,47.95560558,88.90684375,6.429344394,8.008586131,14.43793052,187.9686082,51.5843669,2.744307541,15.7,16.23939161,30.52495839,59.17482413,1.148492102,16.94188002,32.84305118,
327,46189,0,CIAT5236,Centrosema,arenarium,0,Fabaceae,Fabales,Climber,F260441,38,91,3,1,15,0.5001,474.0961001,231.3961001,0.336354167,41,0.676956019,78.5,15.2,40.5,0.346898148,78.5,17.2,,37.5,38,35.95123818,35.45560558,71.40684375,5.464588203,6.098364159,11.56295236,150.6168132,48.8078472,3.240531131,15.2,16.19305903,24.38946947,49.97038565,0.767796063,13.53657752,27.73442858,
328,46189,0,CIAT5236,Centrosema,arenarium,0,Fabaceae,Fabales,Climber,F260441,38,91,3,2,16,0.5003,474.2857006,237.7857006,0.3365625,40.5,0.677141204,80.5,15.2,41,0.347349537,78.5,17.8,,40,37.5,38.45123818,34.95560558,73.40684375,5.844588203,6.222097793,12.066686,154.7734702,50.13554074,3.239285174,15.2,16.43809402,25.44180855,50.74605396,0.698995748,14.12064392,28.16493791,
329,46189,0,CIAT5325,Centrosema,virginianum,0,Fabaceae,Fabales,Climber,F260442,38,91,3,1,17,0.5003,470.0646595,238.8646595,0.336736111,40.5,0.677777778,81.5,15,41,0.347650463,84,17.5,,41,43,39.45123818,40.45560558,79.90684375,5.917685727,7.079730976,12.9974167,169.9911749,50.81527715,2.989289131,15,16.26571154,27.65027415,54.41330974,0.759352207,15.34638053,30.20032831,
330,46189,0,CIAT5325,Centrosema,virginianum,0,Fabaceae,Fabales,Climber,F260442,38,91,3,2,18,0.5002,469.9707029,247.1707029,0.336944444,41,0.678541667,81.5,15.1,41,0.348148148,84.5,17.5,,40.5,43.5,38.95123818,40.95560558,79.90684375,5.881636965,7.167230976,13.04886794,170.0251596,52.59278959,3.093235714,15.1,16.33010056,27.76527954,52.7929394,0.648815696,15.41021051,29.30099474,
331,46189,0,CIAT5383,Periandra,coccinea,0,Fabaceae,Fabales,Climber,F260443,38,91,3,1,19,0.5002,479.4,208.1,0.337152778,40.5,0.67875,81,16.1,40.5,0.348587963,85,17.5,,40.5,44.5,38.95123818,41.95560558,80.90684375,6.271149346,7.342230976,13.61338032,168.7668831,43.4084272,2.572093909,16.1,16.82599356,28.39670489,65.41749314,2.985752493,15.7606625,36.30784048,
332,46189,0,CIAT5383,Periandra,coccinea,0,Fabaceae,Fabales,Climber,F260443,38,91,3,2,20,0.5001,479.3041583,266.7041583,0.337372685,40.5,0.679236111,81.5,15.9,41,0.3490625,85,17.5,,41,44,39.45123818,41.45560558,80.90684375,6.27274687,7.254730976,13.52747785,168.8006297,55.64403181,3.296435085,15.9,16.71981901,28.22315978,50.72091088,0.53692082,15.66434197,28.15098306,
333,46189,0,CIAT5484,Centrosema,vexillatum,0,Fabaceae,Fabales,Climber,F260444,38,91,3,1,21,0.5,477.7805486,205.7805486,0.337569444,40.5,0.679768519,72.5,14.7,41,0.349490741,82.5,16.5,,32,41.5,30.45123818,38.95560558,69.40684375,4.476332012,6.42767492,10.90400693,145.2692956,43.0700976,2.964845215,14.7,15.71027631,22.82220774,52.98852106,2.189413213,12.66672014,29.40954595,
334,46189,0,CIAT5484,Centrosema,vexillatum,0,Fabaceae,Fabales,Climber,F260444,38,91,3,2,22,0.5006,478.3538852,194.8538852,0.337766204,40.5,0.680266204,71.5,14.8,40.5,0.349976852,82.5,16.4,,31,42,29.45123818,39.45560558,68.90684375,4.35878325,6.470719315,10.82950256,144.0499302,40.73425371,2.82778712,14.8,15.71614948,22.63910235,55.57755522,10.01193395,12.56509348,30.84650469,
335,46189,0,CIAT5850,Centrosema,brachypodum,0,Fabaceae,Fabales,Climber,F260447,38,91,3,1,23,0.5003,476.9894785,240.4894785,0.338240741,41,0.680532407,80.5,16,41,0.350300926,81.5,17.7,,39.5,40.5,37.95123818,37.95560558,75.90684375,6.072198108,6.718142187,12.7903403,159.1373545,50.41819356,3.168218657,16,16.85004891,26.81472207,53.18461487,0.696439495,14.88263467,29.5183814,
336,46189,0,CIAT5850,Centrosema,brachypodum,0,Fabaceae,Fabales,Climber,F260447,38,91,3,2,24,0.5003,476.9894785,259.6894785,0.338298611,40.5,0.68087963,81.5,15.7,41.5,0.350740741,81.5,17.8,,41,40,39.45123818,37.45560558,76.90684375,6.193844394,6.667097793,12.86094219,161.2338368,54.44343958,3.376675805,15.7,16.72275387,26.96273768,49.5243098,0.514586868,14.9647859,27.48684876,
337,46189,0,CIAT7146,Rhynchosia,reticulata,0,Fabaceae,Fabales,Climber,F260450,38,91,3,1,25,0.5004,472.9112666,113.0112666,0.338599537,41,0.681435185,62,15,41,0.351064815,66.5,17.8,,21,25.5,19.45123818,22.95560558,42.40684375,2.917685727,4.086097793,7.003783519,89.67188296,23.89692837,2.664929917,15,16.51569157,14.80993162,61.97420601,-0.463290024,8.219768274,34.39675655,
338,46189,0,CIAT7146,Rhynchosia,reticulata,0,Fabaceae,Fabales,Climber,F260450,38,91,3,2,26,0.5002,472.7222533,136.2222533,0.338773148,41,0.681863426,62.5,14.8,41.5,0.351388889,68.5,17.7,,21.5,27,19.95123818,24.45560558,44.40684375,2.95278325,4.328642187,7.281425437,93.93855153,28.81655187,3.067595934,14.8,16.39707942,15.4031789,53.45253994,-0.948619515,8.54903078,29.66708445,
339,46189,0,CIAT8384,Canavalia,dictyota,0,Fabaceae,Fabales,Climber,F260454,38,91,3,1,27,0.5002,463.2657488,280.4657488,0.338981481,41,0.682280093,90,15.3,41,0.352025463,87,18.5,,49,46,47.45123818,43.45560558,90.90684375,7.260039441,8.039287032,15.29932647,196.2304444,60.54100687,3.085199499,15.3,16.82967513,33.02494629,54.54971432,0.618339158,18.32941656,30.27603521,
340,46189,0,CIAT8384,Canavalia,dictyota,0,Fabaceae,Fabales,Climber,F260454,38,91,3,2,28,0.5002,463.2657488,273.6657488,0.339212963,40.5,0.682638889,90,15.3,41,0.352418981,87.5,18.9,,49.5,46.5,47.95123818,43.95560558,91.90684375,7.336539441,8.307609454,15.64414889,198.3890326,59.07316686,2.97764277,15.3,17.02174534,33.76927592,57.16516942,0.712941472,18.74253238,31.72765805,
341,46189,0,CIAT8808,Galactia,jussiaeana,0,Fabaceae,Fabales,Climber,F260456,38,91,3,1,29,0.5001,465.3999697,168.9999697,0.339525463,41.5,0.682893519,71,12.7,41,0.352997685,72,15.5,,29.5,31,27.95123818,28.45560558,56.40684375,3.549807248,4.410618864,7.960426113,121.2007895,36.31284501,2.996089808,12.7,14.11251824,17.10448352,47.10312155,-4.285130908,9.493284281,26.14304739,
342,46189,0,CIAT8808,Galactia,jussiaeana,0,Fabaceae,Fabales,Climber,F260456,38,91,3,2,30,0.5004,465.6791538,146.5791538,0.339733796,41.5,0.683333333,70.5,12.4,41,0.353298611,73,15,,29,32,27.45123818,29.45560558,56.90684375,3.403953534,4.418340836,7.82229437,122.2018278,31.47642591,2.575773741,12.4,13.74578848,16.79760476,53.3656674,-0.815435202,9.322961258,29.61886869,
343,46189,0,CIAT15234,Centrosema,platycarpum,0,Fabaceae,Fabales,Climber,F260464,38,91,3,1,31,0.5002,473.6250072,183.1250072,0.339953704,40.5,0.683831019,69.5,13.7,40,0.353831019,78,13.1,,29,38,27.45123818,35.45560558,62.90684375,3.76081963,4.64468433,8.405503961,132.8199373,38.66455623,2.911050631,13.7,13.36182752,17.74717093,45.90036111,-1.032161909,9.849986911,25.47549454,
344,46189,0,CIAT15234,Centrosema,platycarpum,0,Fabaceae,Fabales,Climber,F260464,38,91,3,2,32,0.5005,473.9090686,207.1090686,0.340173611,40.5,0.684108796,69.5,13.9,40,0.354166667,76.5,12.9,,29,36.5,27.45123818,33.95560558,61.40684375,3.815722107,4.380273119,8.195995226,129.5751608,43.70228011,3.372735935,13.9,13.34703874,17.29444691,39.57332859,11.09557311,9.598717245,21.96388203,
345,46189,0,CIAT15444,Centrosema,tetragonolobum,0,Fabaceae,Fabales,Climber,F260468,38,91,3,1,33,0.5006,471.9492491,222.2492491,0.340393519,40,0.684664352,82,14.6,40,0.354525463,75,16.8,,42,35,40.45123818,32.45560558,72.90684375,5.905880774,5.452541737,11.35842251,154.4802622,47.09176877,3.048400365,14.6,15.57936392,24.06704224,51.10668566,2.201391328,13.35762483,28.36509474,
346,46189,0,CIAT15444,Centrosema,tetragonolobum,0,Fabaceae,Fabales,Climber,F260468,38,91,3,2,34,0.5005,471.8549724,232.7549724,0.340625,40.5,0.685,83.5,14.4,41,0.354918981,76,17.4,,43,35,41.45123818,32.45560558,73.90684375,5.968978297,5.64727537,11.61625367,156.6304227,49.32765065,3.149302021,14.4,15.71742626,24.61827118,49.90764988,1.267102338,13.66356643,27.69960914,
347,46189,0,CIAT19445,Galactia,dubia,0,Fabaceae,Fabales,Climber,F260482,38,91,3,1,35,0.5002,467.2700687,206.5700687,0.340902778,41.5,0.685416667,79.5,14.5,40,0.355300926,77.5,17.9,,38,37.5,36.45123818,34.95560558,71.40684375,5.285429536,6.257053398,11.54248293,152.8170721,44.20785377,2.892860933,14.5,16.16439311,24.70195227,55.87684125,0.836052599,13.71001088,31.01261362,
348,46189,0,CIAT19445,Galactia,dubia,0,Fabaceae,Fabales,Climber,F260482,38,91,3,2,36,0.5005,467.5503186,230.3503186,0.341273148,41.5,0.685844907,78.5,15,40.5,0.355868056,77.5,18.1,0,37,37,35.45123818,34.45560558,69.90684375,5.317685727,6.236464609,11.55415034,149.5172626,49.2674926,3.295103973,15,16.52792447,24.71210023,50.15903779,0.534354377,13.71564317,27.83913378,
349,46189,0,CIAT20820,Canavalia,gladiata,0,Fabaceae,Fabales,Climber,F260484,38,91,3,1,37,0.5004,461.4265431,289.0265431,0.341412037,41,0.686168981,90.5,14,40,0.356412037,88.5,18.5,,49.5,48.5,47.95123818,45.95560558,93.90684375,6.713173345,8.501787032,15.21496038,203.5141783,62.63760666,3.077800632,14,16.20218481,32.97374328,52.64208683,0.449641946,18.300998,29.21726895,
350,46189,0,CIAT20820,Canavalia,gladiata,0,Fabaceae,Fabales,Climber,F260484,38,91,3,2,38,0.5002,461.24212,290.54212,0.341643519,41,0.686805556,88,14.7,40.5,0.356736111,90.5,18.4,,47,50,45.45123818,47.45560558,92.90684375,6.681332012,8.731831426,15.41316344,201.4274927,62.99123766,3.127241313,14.7,16.5899118,33.41664338,53.04966949,0.447222905,18.54681522,29.44348438,
351,46189,0,CIAT21829,Rhynchosia,minima,0,Fabaceae,Fabales,Climber,F260489,38,91,3,1,39,0.5001,464.8017695,172.3017695,0.341886574,41,0.687048611,71.5,14,41,0.357303241,79,17.2,,30.5,38,28.95123818,35.45560558,64.40684375,4.053173345,6.098364159,10.1515375,138.5684134,37.06994697,2.675209022,14,15.76158202,21.84057413,58.91719821,5.839758356,12.12189651,32.70006434,
352,46189,0,CIAT21829,Rhynchosia,minima,0,Fabaceae,Fabales,Climber,F260489,38,91,3,2,40,0.5003,464.987653,188.387653,0.342291667,41,0.687268519,72,13.8,40.5,0.357685185,76,17.5,,31,35.5,29.45123818,32.95560558,62.40684375,4.064270868,5.767230976,9.831501844,134.2118298,40.51454953,3.018701823,13.8,15.75388411,21.14357614,52.18761255,1.381430904,11.73505056,28.96502787,
353,46189,0,CIAT22188,Rhynchosia,minima,0,Fabaceae,Fabales,Climber,F260492,38,91,3,1,41,0.5001,466.7700002,174.8700002,0.342337963,41,0.687743056,72,13.7,40,0.35818287,75.5,17.5,,31,35.5,29.45123818,32.95560558,62.40684375,4.03481963,5.767230976,9.802050606,133.699346,37.46384731,2.802096527,13.7,15.70669179,20.99974421,56.05335733,-1.954107639,11.65522135,31.1105831,
354,46189,0,CIAT22188,Rhynchosia,minima,0,Fabaceae,Fabales,Climber,F260492,38,91,3,2,42,0.5002,466.8633355,179.9633355,0.342604167,41,0.688113426,75.5,14.2,40.5,0.358796296,75,17.5,,34.5,34.5,32.95123818,31.95560558,64.90684375,4.679075821,5.592230976,10.2713068,139.0275029,38.54732677,2.772640373,14.2,15.82468998,22.00067132,57.07444113,-3.213143462,12.21075322,31.67730227,
355,46189,0,CIAT25156,Centrosema,platycarpum,0,Fabaceae,Fabales,Climber,F260500,38,91,3,1,43,0.5002,471.2192034,204.6192034,0.342858796,41.5,0.688587963,67.5,13.8,41,0.359305556,70.5,13.4,,26,29.5,24.45123818,26.95560558,51.40684375,3.374270868,3.612051147,6.986322016,109.0932699,43.42335837,3.980388377,13.8,13.59025668,14.8260554,34.14304181,2.154034419,8.228717254,18.94997891,
356,46189,0,CIAT25156,Centrosema,platycarpum,0,Fabaceae,Fabales,Climber,F260500,38,91,3,2,44,0.5003,471.3134095,216.1134095,0.343078704,40.5,0.688923611,67,13.9,40,0.359976852,70.5,12.7,,26.5,30.5,24.95123818,27.95560558,52.90684375,3.468222107,3.550361908,7.018584015,112.25406,45.85343959,4.084791195,13.9,13.26592841,14.89154323,32.47639297,0.948552257,8.265064134,18.02495998,
357,46189,0,IAG 2026 S1,Green,Meal,0,Green Meal,Green Meal,Green Meal,F263177,38,91,3,1,45,0.5003,465.22897,250.62897,0.343310185,40.5,0.689224537,96.5,14.7,40.5,0.360219907,88.5,17.7,,56,48,54.45123818,45.45560558,99.90684375,8.004332012,8.045642187,16.0499742,214.7476838,53.8721761,2.508626642,14.7,16.06493969,34.4990859,64.0387829,#DIV/0!,19.14758954,35.54263245,
358,46189,0,IAG 2026 S1,Green,Meal,0,Green Meal,Green Meal,Green Meal,F263177,38,91,3,2,46,0.5004,465.32196,254.72196,0.343506944,40.5,0.689513889,96.5,14.6,40.5,0.360555556,86.5,17.9,,56,46,54.45123818,43.45560558,97.90684375,7.949880774,7.778553398,15.72843417,210.4066693,54.74101416,2.60167676,14.6,16.0646933,33.80118611,61.74746053,#DIV/0!,18.76024309,34.27090889,
359,46189,0,IAG 2026 S2,Compound,feed,0,Compound feed,Compound feed,Compound feed,F263178,38,91,3,1,47,0.5004,457.96608,375.56608,0.343715278,40,0.690011574,110,15.9,40,0.361134259,117,16.9,,70,77,68.45123818,74.45560558,142.9068438,10.88374687,12.58299734,23.46674421,312.0467869,82.00740107,2.628048246,15.9,16.42100798,51.24122776,62.48366256,#DIV/0!,28.43976793,34.67951375,
360,46189,0,IAG 2026 S2,Compound,feed,0,Compound feed,Compound feed,Compound feed,F263178,38,91,3,2,48,0.5004,457.96608,376.86608,0.343900463,40.5,0.690405093,118,16.3,40.5,0.361597222,115,17,,77.5,74.5,75.95123818,71.95560558,147.9068438,12.38005182,12.23245295,24.61250477,322.964626,82.29126489,2.547996228,16.3,16.64054492,53.74307366,65.30835773,#DIV/0!,29.82833569,36.24726845,
361,46189,0,CIAT918,Rhynchosia,schomburgkii,0,Fabaceae,Fabales,Herbaceous_climber,F263139,38,91,3,1,49,0.5002,458.2916217,141.7916217,0.34412037,41,0.690659722,67.5,15.3,40.5,0.362071759,63.5,17.2,0,26.5,23,24.95123818,20.45560558,45.40684375,3.817539441,3.518364159,7.3359036,99.07849414,30.93916951,3.122692748,15.3,16.15594257,16.00706461,51.73721489,-2.106235075,8.8841978,28.71504937,
362,46189,0,CIAT918,Rhynchosia,schomburgkii,0,Fabaceae,Fabales,Herbaceous_climber,F263139,38,91,3,2,50,0.5001,458.2,145,0.344351852,40,0.69099537,66.5,15.4,40,0.362546296,63,16.8,0,26.5,23,24.95123818,20.45560558,45.40684375,3.842490679,3.436541737,7.279032416,99.09830588,31.64556962,3.193351222,15.4,16.03069453,15.8861467,50.20022356,-3.002339012,8.817086263,27.86199259,
363,46189,0,CIAT8215,Rhynchosia,schomburgkii,0,Fabaceae,Fabales,Herbaceous_climber,F263140,38,91,3,1,51,0.5003,461.7154233,99.11542327,0.344537037,40.5,0.691377315,67.5,15.4,40.5,0.362893519,63,16.6,,27,22.5,25.45123818,19.95560558,45.40684375,3.919490679,3.312630526,7.232121205,98.34378811,21.46677765,2.182830056,15.4,15.92738144,15.66359026,72.96665813,-0.604761089,8.693563588,40.49775766,
364,46189,0,CIAT8215,Rhynchosia,schomburgkii,0,Fabaceae,Fabales,Herbaceous_climber,F263140,38,91,3,2,52,0.5002,461.6231356,180.1231356,0.344780093,41,0.691805556,68.5,14.9,40.5,0.363321759,63.5,17.1,,.,.,.,.,.,.,.,.,.,.,.,.,.,.,.,.,.,.,
365,46189,0,CIAT15008,Centrosema,triquetrum,0,Fabaceae,Fabales,Herbaceous_climber,F263141,38,91,3,1,53,0.5004,469.8817037,163.3817037,0.345011574,41,0.692233796,66.5,13.2,41,0.363726852,68,13.3,,25.5,27,23.95123818,24.45560558,48.40684375,3.161563439,3.252595542,6.414158981,103.0192139,34.77081623,3.375177785,13.2,13.25052097,13.65058254,39.25873484,-0.967173966,7.57630948,21.78927705,
366,46189,0,CIAT15008,Centrosema,triquetrum,0,Fabaceae,Fabales,Herbaceous_climber,F263141,38,91,3,2,54,0.5004,469.8817037,200.1817037,0.345289352,41,0.692476852,64,13.2,41,0.364305556,68.5,12.4,,23,27.5,21.45123818,24.95560558,46.40684375,2.831563439,3.094495091,5.926058531,98.76282348,42.60257467,4.313624618,13.2,12.76979439,12.61180949,29.60339743,0.960319436,6.999772466,16.43039774,
367,46189,0,CIAT17334,Dunbaria,nivea,0,Fabaceae,Fabales,Herbaceous_climber,F263142,38,91,3,1,55,0.5004,474.32916,170.62916,0.345520833,41,0.692939815,70.5,14.4,41,0.364953704,70,17.4,,29.5,29,27.95123818,26.45560558,54.40684375,4.024978297,4.60327537,8.628253668,114.7027177,35.97273252,3.136170897,14.4,15.85876532,18.19043482,50.56728679,1.136125831,10.09600604,28.06571903,
368,46189,0,CIAT17334,Dunbaria,nivea,0,Fabaceae,Fabales,Herbaceous_climber,F263142,38,91,3,2,56,0.5001,474.04479,163.54479,0.345833333,41,0.693321759,70.5,15.4,40,0.365069444,70,18.2,,29.5,30,27.95123818,27.45560558,55.40684375,4.304490679,4.996920215,9.301410894,116.8810309,34.49986023,2.951707387,15.4,16.78747654,19.62137564,56.87378298,1.700822848,10.89020295,31.56593353,
369,46189,0,CIAT17892,Dioclea,valliana,0,Fabaceae,Fabales,Herbaceous_climber,F263143,38,91,3,1,57,0.5002,459.3647756,146.8647756,0.346076389,41,0.693668981,63.5,14.1,40.5,0.365578704,64.5,15.8,,22.5,24,20.95123818,21.45560558,42.40684375,2.954124583,3.389985681,6.344110264,92.31627239,31.97127499,3.46323288,14.1,14.96010951,13.81061544,43.19694929,9.481339475,7.665130509,23.97505421,
370,46189,0,CIAT17892,Dioclea,valliana,0,Fabaceae,Fabales,Herbaceous_climber,F263143,38,91,3,2,58,0.5006,459.7321205,140.2321205,0.346365741,40.5,0.693912037,64,13.7,40,0.365914352,64,15.4,,23.5,24,21.95123818,21.45560558,43.40684375,3.00731963,3.304163259,6.311482889,94.41768765,30.50300691,3.230645409,13.7,14.54029444,13.72860979,45.00739821,-4.27969951,7.619615951,24.97988468,
371,46189,0,CIAT17916,Clitoria,falcata,0,Fabaceae,Fabales,Herbaceous_climber,F263144,38,91,3,1,59,0.5002,473.5210179,185.5210179,0.346608796,41,0.694340278,72,15.4,40.5,0.366342593,74,17.6,,31,33.5,29.45123818,30.95560558,60.40684375,4.535490679,5.448186581,9.983677261,127.569509,39.1790461,3.071192043,15.4,16.52739432,21.08391578,53.81426522,0.568103825,11.70193803,29.86784824,
372,46189,0,CIAT17916,Clitoria,falcata,0,Fabaceae,Fabales,Herbaceous_climber,F263144,38,91,3,2,60,0.5,473.3316852,192.3316852,0.346840278,40.5,0.694675926,72.5,15.6,40.5,0.366805556,74,17.7,,32,33.5,30.45123818,30.95560558,61.40684375,4.750393156,5.479142187,10.22953534,129.7332202,40.63359611,3.132088762,15.6,16.65862421,21.61176964,53.18694801,0.523385554,11.99490605,29.51967633,
373,46189,0,CIAT17969,Canavalia,grandiflora,0,Fabaceae,Fabales,Herbaceous_climber,F263145,38,91,3,1,61,0.5003,457.12411,232.72411,0.347083333,40.5,0.695011574,83.5,13.3,40.5,0.367268519,85.5,16.7,,43,45,41.45123818,42.45560558,83.90684375,5.513014678,7.090086131,12.60310081,183.5537481,50.91048687,2.773601051,13.3,15.02034905,27.57041366,54.15468474,1.251909082,15.30205658,30.05678696,
374,46189,0,CIAT17969,Canavalia,grandiflora,0,Fabaceae,Fabales,Herbaceous_climber,F263145,38,91,3,2,62,0.5,456.85,233.55,0.347314815,40.5,0.695439815,84,12.5,40.5,0.367743056,85.5,16.4,,43.5,45,41.95123818,42.45560558,84.40684375,5.243904772,6.962719315,12.20662409,184.7583315,51.12181241,2.76695573,12.5,14.46165209,26.71910712,52.26557091,1.167622257,14.82956672,29.00829611,
375,46189,0,CIAT18497,Dioclea,valliana,0,Fabaceae,Fabales,Herbaceous_climber,F263146,38,91,3,1,63,0.5,459.5161935,124.9161935,0.347604167,41.5,0.695706019,63.5,13.1,40,0.367974537,62,15.7,,22,22,20.45123818,19.45560558,39.90684375,2.679112201,3.054530075,5.733642277,86.84534803,27.1842854,3.130194768,13.1,14.36756641,12.47756305,45.89991189,17.75032448,6.925263367,25.47524522,
376,46189,0,CIAT18497,Dioclea,valliana,0,Fabaceae,Fabales,Herbaceous_climber,F263146,38,91,3,2,64,0.5,459.5161935,124.4161935,0.347881944,41.5,0.696006944,62.5,13.4,40.5,0.36869213,63.5,15.4,,21,23,19.45123818,20.45560558,39.90684375,2.606465916,3.150163259,5.756629174,86.84534803,27.07547531,3.117665589,13.4,14.4251678,12.52758718,46.26913114,33.07139312,6.953027625,25.68016829,
377,46189,0,CIAT18521,Rhynchosia,phaseoloides,0,Fabaceae,Fabales,Herbaceous_climber,F263147,38,91,3,1,65,0.5003,461.5845231,154.5845231,0.348125,40.5,0.696354167,67,14.1,40,0.369027778,67,15.2,,26.5,27,24.95123818,24.45560558,49.40684375,3.518124583,3.717252048,7.235376631,107.0374791,33.48997104,3.128807901,14.1,14.64448259,15.67508499,46.80531068,0.949870445,8.699943366,25.97775721,
378,46189,0,CIAT18521,Rhynchosia,phaseoloides,0,Fabaceae,Fabales,Herbaceous_climber,F263147,38,91,3,2,66,0.5002,461.4922615,147.9922615,0.348368056,40.5,0.696793981,67.5,14.2,40.5,0.369375,67.5,15.3,,27,27,25.45123818,24.45560558,49.90684375,3.614075821,3.741707653,7.355783474,108.1423198,32.06820003,2.965370086,14.2,14.7390276,15.93912637,49.70383855,1.303667398,8.846490897,27.58649032,
379,46189,0,CIAT18631,Dioclea,crenata,0,Fabaceae,Fabales,Herbaceous_climber,F263148,38,91,3,1,67,0.5,459.0020673,162.8020673,0.348599537,41.5,0.696990741,64,13.1,40.5,0.369733796,60.5,15.2,,22.5,20,20.95123818,17.45560558,38.40684375,2.744612201,2.653252048,5.397864249,83.67466399,35.46870023,4.238881704,13.1,14.05443333,11.75999986,33.15599328,6.4508943,6.527003384,18.4021499,
380,46189,0,CIAT18631,Dioclea,crenata,0,Fabaceae,Fabales,Herbaceous_climber,F263148,38,91,3,2,68,0.5,459.0020673,131.3020673,0.348912037,40.5,0.697361111,63.5,12.9,40,0.370092593,60,15,,23,20,21.45123818,17.45560558,38.90684375,2.767209725,2.618340836,5.385550561,84.76398371,28.60598604,3.374780749,12.9,13.84216771,11.73317278,41.01649481,-0.554699192,6.512113888,22.76486425,
381,46189,0,IAG 2026 S1,Green,Meal,0,Green Meal,Green Meal,Green Meal,F263177,38,91,3,1,69,0.5002,465.13598,253.03598,0.3490625,40.5,0.697581019,93,14.2,40,0.370648148,79,17.9,,52.5,39,50.95123818,36.45560558,87.40684375,7.235075821,6.525553398,13.76062922,187.9167545,54.40043146,2.894921829,14.2,15.74319427,29.58409973,54.38210495,#DIV/0!,16.41968718,30.18300911,
382,46189,0,IAG 2026 S1,Green,Meal,0,Green Meal,Green Meal,Green Meal,F263177,38,91,3,2,70,0.5001,465.04299,234.64299,0.349282407,40.5,0.697986111,94,14.1,40.5,0.371018519,84,17.6,,53.5,43.5,51.95123818,40.95560558,92.90684375,7.325124583,7.208186581,14.53331116,199.7811939,50.45619331,2.525572719,14.1,15.64288547,31.25154336,61.93797294,#DIV/0!,17.34514725,34.37664657,
383,46189,0,IAG 2026 S2,Compound,feed,0,Compound feed,Compound feed,Compound feed,F263178,38,91,3,1,71,0.5005,458.0576,383.8576,0.349537037,40.5,0.698356481,115,15.4,40,0.371516204,111,17.1,,74.5,71,72.95123818,68.45560558,141.4068438,11.23449068,11.70590855,22.94039923,308.7097425,83.80116387,2.714561685,15.4,16.22297664,50.08190942,59.76278503,#DIV/0!,27.7963262,33.16937965,
384,46189,0,IAG 2026 S2,Compound,feed,0,Compound feed,Compound feed,Compound feed,F263178,38,91,3,2,72,0.5002,457.78304,370.28304,0.349872685,40.5,0.698634259,115,15.4,40,0.371921296,112,17,,74.5,72,72.95123818,69.45560558,142.4068438,11.23449068,11.80745295,23.04194363,311.0793352,80.88614205,2.600177283,15.4,16.18036256,50.33376428,62.22792064,#DIV/0!,27.93611,34.53757256,
385,46189,0,CIAT22303,Macrotyloma,axillare,0,Fabaceae,Fabales,Herbaceous_climber,F263149,38,91,3,1,73,0.5002,443.4301283,283.6301283,0.35005787,41.5,0.699027778,95.5,15.6,41,0.372256944,83.5,17.8,,54,42.5,52.45123818,39.95560558,92.40684375,8.182393156,7.112097793,15.29449095,208.3909907,63.9627554,3.069362796,15.6,16.55125349,34.49132111,53.92407019,0.461710528,19.14327995,29.9287919,
386,46189,0,CIAT22303,Macrotyloma,axillare,0,Fabaceae,Fabales,Herbaceous_climber,F263149,38,91,3,2,74,0.5001,443.3414778,279.6414778,0.350324074,40.5,0.699293981,95.5,15.6,40.5,0.372997685,82.5,18,,55,42,53.45123818,39.45560558,92.90684375,8.338393156,7.102009004,15.44040216,209.5604594,63.0758663,3.00991258,15.6,16.61923012,34.82733498,55.21499272,0.490484244,19.32977347,30.64527623,
387,46189,0,CIAT18633,Dioclea,crenata,0,Fabaceae,Fabales,Herbaceous_climber,F263150,38,91,3,1,75,0.5002,460.5170637,179.4170637,0.350659722,41,0.699826389,68,14.3,40,0.3734375,70.5,15.7,,27,30.5,25.45123818,27.95560558,53.40684375,3.639527059,4.389030075,8.028557135,115.9714763,38.95991655,3.35943956,14.3,15.03282458,17.4337886,44.7480132,10.40628898,9.676054295,24.83592151,
388,46189,0,CIAT18633,Dioclea,crenata,0,Fabaceae,Fabales,Herbaceous_climber,F263150,38,91,3,2,76,0.5002,460.5170637,148.7170637,0.350914352,41,0.70025463,69,13.6,40.5,0.373888889,68.5,15.4,,28,28,26.45123818,25.45560558,51.90684375,3.597368392,3.920163259,7.517531651,112.714268,32.2934969,2.86507622,13.6,14.48273697,16.32411097,50.54922054,-0.746853015,9.060164012,28.05569195,
389,46189,0,BLANK 8 H,BLANK,8,0,0,0,0,BLANK 8 H,38,91,3,1,77,0,0,0,0.351087963,40,0.700578704,41.5,0,0,0.373969907,0,0,,1.5,,,,,,,,,,,,,,,,,,
390,46189,0,BLANK 8 H,BLANK,8,0,0,0,0,BLANK 8 H,38,91,3,2,78,0,0,0,0.351296296,39.5,0.700914352,41,0,0,0.373993056,0,0,,1.5,,,,,,,,,,,,,,,,,,
391,46189,0,CIAT21134,Cajanus,goensis,0,Fabaceae,Fabales,Herbaceous_climber,F263151,38,91,3,1,79,0.5001,460.0750071,136.5750071,0.351527778,41,0.700729167,65,15,40.5,0.374363426,62.5,15.5,,24,22,22.45123818,19.45560558,41.90684375,3.367685727,3.015618864,6.383304591,91.0869817,29.68537847,3.259014396,15,15.23212922,13.87448675,46.7384533,1.34192002,7.70058019,25.9406502,
392,46189,0,CIAT21134,Cajanus,goensis,0,Fabaceae,Fabales,Herbaceous_climber,F263151,38,91,3,2,80,0.5002,460.1670037,124.9670037,0.351747685,41.5,0.701284722,64,15.8,41,0.374641204,63,15.7,,22.5,22,20.95123818,19.45560558,40.40684375,3.310295632,3.054530075,6.364825707,87.80908546,27.15688059,3.09271876,15.8,15.75185072,13.83155606,50.93205021,4.77867764,7.676752912,28.26816905,
393,46189,0,CIAT21433,Calopogonium,galactioides,0,Fabaceae,Fabales,Herbaceous_climber,F263152,38,91,3,1,81,0.5003,460.5070843,247.2070843,0.351944444,41,0.701747685,84,16.1,40.5,0.375162037,90,16.5,,43,49.5,41.45123818,46.95560558,88.40684375,6.673649346,7.74767492,14.42132427,191.9771634,53.68149432,2.79624375,16.1,16.31245236,31.31618331,58.33701857,0.811463841,17.38102354,32.3780546,
394,46189,0,CIAT21433,Calopogonium,galactioides,0,Fabaceae,Fabales,Herbaceous_climber,F263152,38,91,3,2,82,0.5003,460.5070843,243.1070843,0.3521875,41.5,0.702118056,82.5,16.4,40.5,0.375694444,87.5,16.7,,41,47,39.45123818,44.45560558,83.90684375,6.470003061,7.424086131,13.89408919,182.2053267,52.79117142,2.89734512,16.4,16.55894629,30.17128219,57.1521362,0.858114325,16.74558361,31.72042438,
395,46189,0,CIAT21475,Rhynchosia,phaseoloides,0,Fabaceae,Fabales,Herbaceous_climber,F263153,38,91,3,1,83,0.5,461.4154338,147.5154338,0.352465278,41,0.702592593,65.5,14.3,40.5,0.37619213,72,15,,24.5,31.5,22.95123818,28.95560558,51.90684375,3.282027059,4.343340836,7.625367896,112.4948148,31.97019931,2.841926481,14.3,14.69048654,16.52603562,51.69200061,-3.744372701,9.172235687,28.68995467,
396,46189,0,CIAT21475,Rhynchosia,phaseoloides,0,Fabaceae,Fabales,Herbaceous_climber,F263153,38,91,3,2,84,0.5004,461.7845662,145.8845662,0.352719907,40.5,0.702974537,65.5,13.7,40.5,0.376597222,70.5,14.8,,25,30,23.45123818,27.45560558,50.90684375,3.21281963,4.063429625,7.276249256,110.2393789,31.59147725,2.865716187,13.7,14.29326338,15.75680477,49.87675836,-2.793695542,8.745299257,27.68246381,
397,46189,0,CIAT21951,Pueraria,montana,0,Fabaceae,Fabales,Herbaceous_climber,F263154,38,91,3,1,85,0.5003,472.3110211,216.7110211,0.352962963,41,0.703263889,71,14.1,40.5,0.377118056,74.5,16.6,,30,34,28.45123818,31.45560558,59.90684375,4.011624583,5.221630526,9.233255109,126.8377003,45.88311757,3.617466846,14.1,15.41268832,19.54909942,42.60630152,0.598714324,10.8500884,23.64723448,
398,46189,0,CIAT21951,Pueraria,montana,0,Fabaceae,Fabales,Herbaceous_climber,F263154,38,91,3,2,86,0.5002,472.2166156,170.7166156,0.35318287,41,0.703703704,71,13.4,40,0.377743056,75,16.5,,30,35,28.45123818,32.45560558,60.90684375,3.812465916,5.35517492,9.167640836,128.9807299,36.15218312,2.802913516,13.4,15.05190594,19.41405815,53.70092891,42.935557,10.77513816,29.80494463,
399,46189,0,CIAT25213,Centrosema,brachypodum,0,Fabaceae,Fabales,Herbaceous_climber,F263155,38,91,3,1,87,0.5003,471.1118719,214.2118719,0.3534375,40.5,0.703969907,77.5,15.4,40.5,0.378414352,71.5,18,,37,31,35.45123818,28.45560558,63.90684375,5.459490679,5.122009004,10.58149968,135.6511002,45.46942768,3.351939469,15.4,16.55769408,22.46069419,49.39735407,0.885385217,12.46607387,27.41638614,
400,46189,0,CIAT25213,Centrosema,brachypodum,0,Fabaceae,Fabales,Herbaceous_climber,F263155,38,91,3,2,88,0.5004,471.2060378,203.5060378,0.353645833,41,0.704247685,77,15.3,40.5,0.3784375,71.5,18.1,0,36,31,34.45123818,28.45560558,62.90684375,5.271039441,5.150464609,10.42150405,133.5017778,43.18833407,3.235038124,15.3,16.56656642,22.11666069,51.20980274,1.260449005,12.27512932,28.4223265,
401,46189,0,CIAT32229,Calopogonium,galactioides,0,Fabaceae,Fabales,Herbaceous_climber,F263156,38,91,3,1,89,0.5002,461.1691356,250.7691356,0.353854167,41,0.704664352,80.5,16.7,40.5,0.378761574,90,16.9,0,39.5,49.5,37.95123818,46.95560558,84.90684375,6.337856776,7.935497342,14.27335412,184.1121558,54.37682538,2.953461988,16.7,16.810605,30.95036727,56.9183049,0.605213852,17.17798931,31.59064396,
402,46189,0,CIAT32229,Calopogonium,galactioides,0,Fabaceae,Fabales,Herbaceous_climber,F263156,38,91,3,2,90,0.5003,461.2613325,241.4613325,0.354085648,41.5,0.705231481,78.5,16.9,40.5,0.3790625,85.5,17.1,,37,45,35.45123818,42.45560558,77.90684375,5.991259252,7.259908554,13.25116781,168.8995766,52.34805424,3.099359708,16.9,17.0089907,28.72811326,54.87904695,0.656456058,15.94459989,30.45882052,
403,46189,0,CIAT8206,Desmanthus,leptophyllus,0,Fabaceae,Fabales,Shurb_tree,F263157,38,91,3,1,91,0.5,459.4290392,181.1290392,0.354340278,42,0.705393519,73.5,12.9,41,0.37943287,69.5,16.2,,31.5,28.5,29.95123818,25.95560558,55.90684375,3.863709725,4.204808103,8.068517828,121.6876579,39.42481292,3.239836611,12.9,14.43207537,17.56205451,44.54568889,4.095329788,9.747244093,24.72362802,
404,46189,0,CIAT8206,Desmanthus,leptophyllus,0,Fabaceae,Fabales,Shurb_tree,F263157,38,91,3,2,92,0.5,459.4290392,204.5290392,0.354953704,41.5,0.705740741,69,12.9,40,0.379872685,69.5,16.4,,27.5,29.5,25.95123818,26.95560558,52.90684375,3.347709725,4.420719315,7.768429039,115.1578138,44.51809131,3.865833315,12.9,14.68322147,16.90887684,37.98203458,0.760662709,9.384719186,21.08068632,
405,46189,0,CIAT8886,Zornia,myriadena,0,Fabaceae,Fabales,Herbaceous,F263158,38,91,3,1,93,0.5004,458.9042758,200.8042758,0.355081019,41.5,0.706157407,66,12.8,40,0.3803125,65.5,15,,24.5,25.5,22.95123818,22.95560558,45.90684375,2.937758487,3.443340836,6.381099323,100.0357725,43.7573338,4.374168629,12.8,13.90010465,13.90507707,31.77770641,8.064571282,7.717558346,17.63717685,
406,46189,0,CIAT8886,Zornia,myriadena,0,Fabaceae,Fabales,Herbaceous,F263158,38,91,3,2,94,0.5001,458.6291533,224.4291533,0.355381944,41.5,0.706446759,68.5,13.5,40,0.380798611,67.5,15.5,,27,27.5,25.45123818,24.95560558,50.40684375,3.435917154,3.868118864,7.304036018,109.907631,48.93477698,4.452354812,13.5,14.49016735,15.92579967,32.54495198,0.736000474,8.839094349,18.06301141,
407,46189,0,CIAT13701,Pseudarthria,viscida,0,Fabaceae,Fabales,Herbaceous,F263159,38,91,3,1,95,0.5005,462.7235825,207.8235825,0.355636574,41.5,0.706805556,67.5,13.9,40,0.381180556,73,15.4,,26,33,24.45123818,30.45560558,54.90684375,3.398722107,4.690163259,8.088885365,118.6601371,44.91311668,3.785021472,13.9,14.73201665,17.48103116,38.92188397,0.722258542,9.702274734,21.60231899,
408,46189,0,CIAT13701,Pseudarthria,viscida,0,Fabaceae,Fabales,Herbaceous,F263159,38,91,3,2,96,0.5003,462.538678,206.238678,0.35587963,41.5,0.707314815,68,13.8,40.5,0.381689815,74,15,,26.5,33.5,24.95123818,30.95560558,55.90684375,3.443270868,4.643340836,8.086611705,120.8695541,44.58841775,3.688970154,13.8,14.4644397,17.48310377,39.20996674,0.757456064,9.703425067,21.76220991,
409,46189,0,CIAT18859,Pseudarthria,hookeri,0,Fabaceae,Fabales,Herbaceous,F263160,38,91,3,1,97,0.5006,463.8114057,196.5114057,0.356099537,41.5,0.707581019,69.5,14,40.5,0.382037037,66.5,15.1,,28,26,26.45123818,23.45560558,49.90684375,3.703173345,3.541796442,7.244969787,107.6015879,42.368817,3.937564288,14,14.51698653,15.62050803,36.86793528,0.942407627,8.669652208,20.46234193,
410,46189,0,CIAT18859,Pseudarthria,hookeri,0,Fabaceae,Fabales,Herbaceous,F263160,38,91,3,2,98,0.5001,463.3481502,189.1481502,0.356481481,41,0.707962963,68.5,14.4,40.5,0.382372685,66.5,15.2,,27.5,26,25.95123818,23.45560558,49.40684375,3.736978297,3.565252048,7.302230345,106.6300658,40.82203633,3.828379549,14.4,14.77979525,15.7597054,38.60587766,1.401545532,8.746909157,21.42693002,
411,46189,0,CIAT19661,Pseudarthria,hookeri,0,Fabaceae,Fabales,Herbaceous,F263161,38,91,3,1,99,0.5,472.5777594,155.6777594,0.356770833,41.5,0.708240741,64,13.7,41,0.382731481,66.5,16.1,,22.5,25.5,20.95123818,22.95560558,43.90684375,2.87031963,3.695852498,6.566172128,92.90924694,32.94225264,3.545637676,13.7,14.95478055,13.89437399,42.17797167,1.443695867,7.71161795,23.409504,
412,46189,0,CIAT19661,Pseudarthria,hookeri,0,Fabaceae,Fabales,Herbaceous,F263161,38,91,3,2,100,0.5002,472.7667906,163.3667906,0.357071759,41.5,0.70869213,63,14.3,41.5,0.383425926,68.5,16.5,0,21.5,27,19.95123818,24.45560558,44.40684375,2.853027059,4.03517492,6.888201979,93.929702,34.55547086,3.678865165,14.3,15.51157749,14.56997851,42.1640283,1.00638976,8.08659015,23.40176519,
413,46189,0,CIAT20129,Desmanthus,leptophyllus,0,Fabaceae,Fabales,Herbaceous,F263162,38,91,3,1,101,0.5003,459.2064618,202.4064618,0.357349537,41,0.709027778,67.5,13.5,40.5,0.383657407,69,16,,26.5,28.5,24.95123818,25.95560558,50.90684375,3.368417154,4.152896892,7.521314046,110.8582914,44.07744199,3.976016718,13.5,14.7746619,16.37893774,37.15945617,0.541528703,9.090593816,20.62414107,
414,46189,0,CIAT20129,Desmanthus,leptophyllus,0,Fabaceae,Fabales,Herbaceous,F263162,38,91,3,2,102,0.5004,459.2982481,184.3982481,0.357638889,42,0.70962963,73,13,40.5,0.383993056,69,16,,31,28.5,29.45123818,25.95560558,55.40684375,3.828660963,4.152896892,7.981557855,120.6336928,40.14782308,3.328077103,13,14.4053646,17.37772327,43.28434754,1.018300747,9.64493707,24.02356175,
415,46189,0,CIAT20386,Desmanthus,leptophyllus,0,Fabaceae,Fabales,Herbaceous,F263163,38,91,3,1,103,0.5001,457.9728852,147.7728852,0.357789352,41,0.709907407,70,13.1,40,0.384409722,69,16.7,,29,29,27.45123818,26.45560558,53.90684375,3.596112201,4.418086131,8.014198332,117.7075008,32.26673237,2.741263909,13.1,14.86675489,17.49928564,54.23321282,-1.427840096,9.712406284,30.1003714,
416,46189,0,CIAT20386,Desmanthus,leptophyllus,0,Fabaceae,Fabales,Herbaceous,F263163,38,91,3,2,104,0.5005,458.3391903,113.6391903,0.358344907,41,0.710428241,69,13.4,40.5,0.385081019,66,16.7,0,28,25.5,26.45123818,22.95560558,49.40684375,3.544465916,3.833586131,7.378052047,107.7953725,24.79368832,2.300069821,13.4,14.93325921,16.0973624,64.92524304,-0.427338475,8.934314632,36.03463316,
417,46189,0,CIAT21286,Pseudarthria,hookeri,0,Fabaceae,Fabales,Herbaceous,F263164,38,91,3,1,105,0.5004,461.0553455,163.8553455,0.358680556,41.5,0.710763889,68.5,15.2,40.5,0.385509259,72,17,0,27,31.5,25.45123818,28.95560558,54.40684375,3.868588203,4.922452948,8.791041151,118.0050167,35.53919223,3.011667912,15.2,16.15796937,19.06721446,53.65123197,2.789668293,10.58263391,29.77736196,
418,46189,0,CIAT21286,Pseudarthria,hookeri,0,Fabaceae,Fabales,Herbaceous,F263164,38,91,3,2,106,0.5,460.6867961,172.7867961,0.35880787,41.5,0.711134259,69,15.7,40.5,0.385856481,70.5,17.1,,27.5,30,25.95123818,27.45560558,53.40684375,4.074344394,4.694908554,8.769252947,115.9287486,37.50634868,3.235293156,15.7,16.41971764,19.03517319,50.75186963,1.43597541,10.56485045,28.1681657,
419,46189,0,CIAT22500,Desmanthus,fruticosus,0,Fabaceae,Fabales,Herbaceous,F263165,38,91,3,1,107,0.5,458.8541146,167.7541146,0.359178241,41.5,0.711574074,67.5,14.8,41,0.386284722,66,16.8,,26,25,24.45123818,22.45560558,46.90684375,3.61878325,3.772541737,7.391324987,102.2260502,36.55935716,3.576324928,14.8,15.75745541,16.10822427,44.06046913,0.863252963,8.940343161,24.45432266,
420,46189,0,CIAT22500,Desmanthus,fruticosus,0,Fabaceae,Fabales,Herbaceous,F263165,38,91,3,2,108,0.5004,459.2211979,149.6211979,0.359664352,41,0.712106481,68.5,14.4,40,0.386666667,66,16.7,,27.5,26,25.95123818,23.45560558,49.40684375,3.736978297,3.917086131,7.654064429,107.5883343,32.58150943,3.028349648,14.4,15.49191134,16.66748936,51.15628358,2.705712305,9.250744959,28.39262245,
421,46189,0,CIAT22501,Desmanthus,covillei,0,Fabaceae,Fabales,Herbaceous,F263166,38,91,3,1,109,0.5003,457.5578367,187.3578367,0.360243056,41.5,0.712476852,71,14.7,40,0.387071759,72.5,17,,29.5,32.5,27.95123818,29.95560558,57.90684375,4.108832012,5.092452948,9.20128496,126.5563369,40.94735609,3.235504209,14.7,15.8898057,20.10955604,49.11075577,0.577663785,11.16115152,27.25731912,
422,46189,0,CIAT22501,Desmanthus,covillei,0,Fabaceae,Fabales,Herbaceous,F263166,38,91,3,2,110,0.5003,457.5578367,173.7578367,0.360648148,41,0.7128125,71,14.6,40,0.387534722,72.5,17.2,Residuo en manguera 0h,30,32.5,28.45123818,29.95560558,58.40684375,4.153880774,5.152364159,9.306244933,127.649095,37.97505425,2.974956795,14.6,15.93348371,20.33894775,53.55870624,0.7956189,11.28846789,29.72600859,
423,46189,0,CIAT22571,Desmanthus,covillei,0,Fabaceae,Fabales,Herbaceous,F263167,38,91,3,1,111,0.5003,460.8612226,239.4612226,0.361354167,41,0.713344907,77,13.1,40,0.387997685,80,16.1,,36,40,34.45123818,37.45560558,71.90684375,4.513112201,6.030352498,10.5434647,156.027108,51.95950773,3.330158996,13.1,14.66267207,22.8777432,44.029946,0.436920854,12.69754328,24.43738179,
424,46189,0,CIAT22571,Desmanthus,covillei,0,Fabaceae,Fabales,Herbaceous,F263167,38,91,3,2,112,0.5003,460.8612226,232.0612226,0.361712963,40.5,0.713645833,77,12.7,40,0.388391204,80.5,16,,36.5,40.5,34.95123818,37.95560558,72.90684375,4.438807248,6.072896892,10.51170414,158.1969586,50.35381829,3.182982703,12.7,14.4179937,22.80882753,45.2971161,0.486754794,12.6592939,25.14068312,
425,46189,0,CIAT22572,Desmanthus,covillei,0,Fabaceae,Fabales,Herbaceous,F263168,38,91,3,1,113,0.5002,457.6414917,107.5414917,0.362650463,41.5,0.713854167,59.5,12.2,40,0.38880787,66.5,12.9,,18,26.5,16.45123818,23.95560558,40.40684375,2.007051058,3.090273119,5.097324177,88.29366324,23.49906939,2.661467259,12.2,12.61500207,11.13824745,47.39867465,-0.432276311,6.181920037,26.30708448,
426,46189,0,CIAT22572,Desmanthus,covillei,0,Fabaceae,Fabales,Herbaceous,F263168,38,91,3,2,114,0.5004,457.8244751,145.8244751,0.363564815,40.5,0.714293981,61,11.6,40,0.388831019,66,12.2,,20.5,26,18.95123818,23.45560558,42.40684375,2.198343629,2.86158388,5.059927509,92.62686042,31.85161192,3.43870145,11.6,11.93186538,11.05211229,34.69875345,12.22614432,6.134113535,19.25840849,
427,46189,0,IAG 2026 S1,Green,Meal,0,Green Meal,Green Meal,Green Meal,F263177,38,91,3,1,115,0.5001,465.04299,260.44299,0.363159722,41,0.714826389,95.5,14.2,40.5,0.389768519,86,17.1,,54.5,45.5,52.95123818,42.95560558,95.90684375,7.519075821,7.345408554,14.86448437,206.2322104,56.00406749,2.715582953,14.2,15.49887765,31.96367797,57.07385088,#DIV/0!,17.74039428,31.67697468,
428,46189,0,IAG 2026 S1,Green,Meal,0,Green Meal,Green Meal,Green Meal,F263177,38,91,3,2,116,0.5004,465.32196,252.92196,0.363541667,40.5,0.715162037,95,14.1,40,0.390081019,87,17.7,,54.5,47,52.95123818,44.45560558,97.40684375,7.466124583,7.868642187,15.33476677,209.3321445,54.35418522,2.596552257,14.1,15.74300755,32.95517532,60.63042833,#DIV/0!,18.29069246,33.65093669,
429,46189,0,IAG 2026 S2,Compound,feed,0,Compound feed,Compound feed,Compound feed,F263178,38,91,3,1,117,0.5,457.6,415.4,0.363888889,40.5,0.715740741,105,15.5,40,0.390775463,117,16.5,0,64.5,77,62.95123818,74.45560558,137.4068438,9.757441917,12.28517492,22.04261684,300.2771935,90.77797203,3.023139086,15.5,16.04186243,48.17005428,53.06359373,#DIV/0!,26.73521352,29.45121258,
430,46189,0,IAG 2026 S2,Compound,feed,0,Compound feed,Compound feed,Compound feed,F263178,38,91,3,2,118,0.5001,457.69152,386.89152,0.3640625,40.5,0.716087963,108,15.6,40,0.391134259,113,16.6,,67.5,73,65.95123818,70.45560558,136.4068438,10.28839316,11.69563053,21.98402368,298.0322724,84.53106581,2.836305785,15.6,16.11651078,48.03240331,56.82219057,#DIV/0!,26.65881485,31.53729885,
431,46189,0,CIAT22574,Desmanthus,fruticosus,0,Fabaceae,Fabales,Shurb_tree,F263169,38,91,3,1,119,0.5004,460.8993588,210.5993588,0.364918981,41.5,0.716319444,70.5,12.7,40,0.391446759,73,16.2,,29,33,27.45123818,30.45560558,57.90684375,3.486307248,4.933808103,8.420115352,125.638803,45.69313338,3.636864749,12.7,14.54079485,18.2688806,39.98167611,0.357929627,10.1395448,22.19052197,
432,46189,0,CIAT22574,Desmanthus,fruticosus,0,Fabaceae,Fabales,Shurb_tree,F263169,38,91,3,2,120,0.5005,460.9914649,197.6914649,0.365162037,41.5,0.717025463,72,12,40,0.391979167,73,16.2,0,30.5,33,28.95123818,30.45560558,59.40684375,3.474148581,4.933808103,8.407956685,128.8675567,42.88397508,3.327755734,12,14.15317858,18.23885543,42.5307015,0.429665431,10.12288032,23.60527516,
433,46189,0,CIAT8529,Mimosa,albolanata,0,Fabaceae,Fabales,Shurb_tree,F263170,38,91,3,1,121,0.5003,462.6830899,125.3830899,0.365266204,41,0.717268519,60,10.4,41,0.392453704,55,13.4,,19,14,17.45123818,11.45560558,28.90684375,1.81492877,1.535051147,3.349979918,62.47655119,27.09912955,4.337488071,10.4,11.58888167,7.24033359,26.7179563,-0.709414584,4.018510408,14.82892799,
434,46189,0,CIAT8529,Mimosa,albolanata,0,Fabaceae,Fabales,Shurb_tree,F263170,38,91,3,2,122,0.5001,462.4981277,80.19812769,0.365648148,40.5,0.717488426,57,10.5,40,0.393009259,54.5,12.9,0,16.5,14.5,14.95123818,11.95560558,26.90684375,1.569880009,1.542273119,3.112153128,58.17719498,17.34020591,2.980584732,10.5,11.56639982,6.729006977,38.80580779,-0.166062282,3.734715291,21.5378947,
435,46189,0,CIAT33510,Phyllodium,pulchellum,0,Fabaceae,Fabales,Shurb_tree,F263171,38,91,3,1,123,0.5004,467.2751662,170.7751662,0.365868056,41,0.717847222,64.5,12,40,0.393263889,62.5,13.2,,23.5,22.5,21.95123818,19.95560558,41.90684375,2.634148581,2.634139936,5.268288517,89.68343877,36.54702379,4.075114011,12,12.57142759,11.27448856,30.84926594,-0.551958461,6.257536214,17.12187632,
436,46189,0,CIAT33510,Phyllodium,pulchellum,0,Fabaceae,Fabales,Shurb_tree,F263171,38,91,3,2,124,0.5002,467.0884055,187.4884055,0.366087963,40.5,0.718263889,63,12.4,40,0.393703704,61,13.5,,22.5,21,20.95123818,18.45560558,39.40684375,2.597953534,2.491506753,5.089460287,84.36699196,40.1398115,4.757762552,12.4,12.91516854,10.8961392,27.1454668,-1.522806267,6.047545773,15.06620372,
437,46189,0,CIAT33499,Phyllodium,pulchellum,0,Fabaceae,Fabales,Shurb_tree,F263172,38,91,3,1,125,0.5,465.6853265,163.7853265,0.36630787,40.5,0.718483796,62,13.2,40,0.39431713,59.5,15.4,0,21.5,19.5,19.95123818,16.95560558,36.90684375,2.633563439,2.611163259,5.244726698,79.25275212,35.1708154,4.437803667,13.2,14.21071586,11.26238341,32.02195709,0.867147717,6.250817646,17.7727402,
438,46189,0,CIAT33499,Phyllodium,pulchellum,0,Fabaceae,Fabales,Shurb_tree,F263172,38,91,3,2,126,0.5004,466.0578748,151.5578748,0.366516204,40.5,0.718796296,62,13.5,40,0.394699074,58,16,,21.5,18,19.95123818,15.45560558,35.40684375,2.693417154,2.472896892,5.166314046,75.9709162,32.51911039,4.280468371,13.5,14.59128659,11.08513411,34.08806077,2.342631194,6.152441216,18.91946348,
439,46189,0,CIAT23111,Phyllodium,elegans,0,Fabaceae,Fabales,Shurb_tree,F263173,38,91,3,1,127,0.5,466.1334703,180.8334703,0.366782407,40,0.719178241,65,13.8,40,0.395104167,69.5,15.3,Residuo de muestra en la manguera despues del clip 8h,25,29.5,23.45123818,26.95560558,50.40684375,3.236270868,4.124207653,7.360478522,108.13822,38.79435437,3.587478541,13.8,14.60214124,15.79049562,40.7030762,20.33000169,8.763998262,22.5909115,
440,46189,0,CIAT23111,Phyllodium,elegans,0,Fabaceae,Fabales,Shurb_tree,F263173,38,91,3,2,128,0.5004,466.5063771,191.7063771,0.366990741,40.5,0.719467593,66,13.5,40,0.39525463,69.5,15.4,0,25.5,29.5,23.95123818,26.95560558,50.90684375,3.233417154,4.151163259,7.384580413,109.1235753,41.09405284,3.765827204,13.5,14.50606612,15.82953798,38.52026482,1.798582806,8.785667445,21.37941342,
441,46189,0,CIAT23110,Phyllodium,elegans,0,Fabaceae,Fabales,Shurb_tree,F263174,38,91,3,1,129,0.5001,466.6016495,188.8016495,0.367175926,41,0.719826389,64.5,13.4,41,0.395983796,65.5,15.1,,23.5,24.5,21.95123818,21.95560558,43.90684375,2.941465916,3.315296442,6.256762358,94.09920389,40.46313375,4.300050593,13.4,14.25008455,13.40921611,33.1393416,3.235130168,7.442346937,18.39290793,
442,46189,0,CIAT23110,Phyllodium,elegans,0,Fabaceae,Fabales,Shurb_tree,F263174,38,91,3,2,130,0.5001,466.6016495,208.3016495,0.367395833,40.5,0.720115741,63.5,13.4,40,0.396435185,65.5,15.2,,23,25.5,21.45123818,22.95560558,44.40684375,2.874465916,3.489252048,6.363717963,95.17078176,44.64228743,4.690755566,13.4,14.33048923,13.63843863,30.55049242,0.721699118,7.569569401,16.95605185,
443,46189,0,CIAT9360,Clitoria,falcata,0,Fabaceae,Fabales,Herbaceous_climber,F263175,38,91,3,1,131,0.5001,466.426687,154.126687,0.367638889,41,0.720451389,74,14.4,40.5,0.396921296,75,17.2,,33,34.5,31.45123818,31.95560558,63.40684375,4.528978297,5.496364159,10.02534246,135.941715,33.0441399,2.43075791,14.4,15.81113625,21.49392978,65.04611662,1.048195043,11.92950289,36.10172009,
444,46189,0,CIAT9360,Clitoria,falcata,0,Fabaceae,Fabales,Herbaceous_climber,F263175,38,91,3,2,132,0.5,466.3334203,173.9334203,0.367789352,41.5,0.720648148,74,14.4,40,0.397407407,74,17.5,,32.5,34,30.95123818,31.45560558,62.40684375,4.456978297,5.504730976,9.961709273,133.8245149,37.29808174,2.787088881,14.4,15.96252698,21.3617743,57.27311781,0.650663445,11.85615432,31.78757127,
445,46189,0,CIAT21292,Canavalia,Gladiata,0,Fabaceae,Fabales,Herbaceous_climber,F263176,38,91,3,1,133,0.5003,461.3343577,297.4343577,0.36806713,40.5,0.720960648,86.5,11.8,40,0.39787037,85.5,17.5,,46,45.5,44.45123818,42.95560558,87.40684375,5.245246105,7.517230976,12.76247708,189.4652811,64.47262224,3.402872646,11.8,14.60123319,27.6642675,42.90855024,0.472346852,15.35414709,23.81498775,
446,46189,0,CIAT21292,Canavalia,Gladiata,0,Fabaceae,Fabales,Herbaceous_climber,F263176,38,91,3,2,134,0.5006,461.6109923,315.4109923,0.368310185,40.5,0.721284722,87.5,11.2,40,0.39837963,87,17.6,,47,47,45.45123818,44.45560558,89.90684375,5.090538676,7.824186581,12.91472526,194.7675537,68.32831054,3.50819781,11.2,14.36456305,27.97750806,40.9457044,0.369629115,15.52800101,22.72557435,
447,46189,0,CIAT23035,Desmodium,laxiflorum,0,Fabaceae,Fabales,Herbaceous,F260521,38,91,3,1,135,0.5001,461.0499846,228.6499846,0.368576389,41,0.721597222,90.5,14.8,41,0.39880787,79,19.6,,49.5,38,47.95123818,35.45560558,83.40684375,7.09678325,6.949298693,14.04608194,180.9062933,49.59331791,2.741381574,14.8,16.84044296,30.46542113,61.4304959,20.06059903,16.90883581,34.09498804,
448,46189,0,CIAT23035,Desmodium,laxiflorum,0,Fabaceae,Fabales,Herbaceous,F260521,38,91,3,2,136,0.5004,461.3265593,233.4265593,0.36880787,40.5,0.721793981,89,16,40.5,0.399212963,78.5,19.8,,48.5,38,46.95123818,35.45560558,82.40684375,7.512198108,7.020209904,14.53240801,178.6301744,50.5989856,2.83261133,16,17.63495282,31.50134697,62.25687452,5.419868687,17.48379258,34.55364247,
449,46189,0,CIAT33726,Desmodium,sandwicense,0,Fabaceae,Fabales,Herbaceous,F260526,38,91,3,1,137,0.5001,466.9747637,158.8747637,0.3690625,40.5,0.722291667,67.5,15.4,40,0.399675926,73,15.6,,27,33,25.45123818,30.45560558,55.90684375,3.919490679,4.75107447,8.670565149,119.7213385,34.02213054,2.84177666,15.4,15.50895126,18.56752403,54.57484213,-1.00111513,10.30529708,30.28998159,
450,46189,0,CIAT33726,Desmodium,sandwicense,0,Fabaceae,Fabales,Herbaceous,F260526,38,91,3,2,138,0.5005,467.3482688,129.1482688,0.36931713,40.5,0.722604167,67.5,14.8,40,0.400115741,72,15,,27,32,25.45123818,29.45560558,54.90684375,3.76678325,4.418340836,8.185124087,117.4859252,27.63426709,2.35213427,14.8,14.90729302,17.51397113,63.3777298,-0.426724856,9.720556985,35.17573654,
451,46189,0,CIAT13930,Desmodium,glabrum,0,Fabaceae,Fabales,Shurb_Tree,F260532,38,91,3,1,139,0.5005,460.6741415,325.0741415,0.369537037,41.5,0.722789352,91,16,41,0.400578704,95,16,,49.5,54,47.95123818,51.45560558,99.40684375,7.672198108,8.232896892,15.905095,215.7855951,70.56487704,3.270138445,16,16,34.52569521,48.92759212,0.946509179,19.16235817,27.15566012,
452,46189,0,CIAT13930,Desmodium,glabrum,0,Fabaceae,Fabales,Shurb_Tree,F260532,38,91,3,2,140,0.5001,460.3059703,327.1059703,0.369699074,40.5,0.723101852,88.5,16.6,40.5,0.401006944,95,16.2,,48,54.5,46.45123818,51.95560558,98.40684375,7.710905537,8.416808103,16.12771364,213.785721,71.06272597,3.324016479,16.6,16.38881304,35.03694212,49.30424726,0.885598829,19.44610905,27.36471024,
453,46189,0,CIAT21082,Flemingia,stricta,0,Fabaceae,Fabales,Shurb_Tree,F260533,38,91,3,1,141,0.5006,473.0947805,107.9947805,0.369976852,41,0.723449074,66,14.3,40,0.401400463,64,15.2,,25,24,23.45123818,21.45560558,44.90684375,3.353527059,3.261252048,6.614779107,94.92145253,22.82730332,2.404862411,14.3,14.73000228,13.98193212,61.25091486,-0.35028388,7.760214228,33.99531745,
454,46189,0,CIAT21082,Flemingia,stricta,0,Fabaceae,Fabales,Shurb_Tree,F260533,38,91,3,2,142,0.5001,472.6222528,142.8222528,0.370208333,41,0.72369213,65.5,13.9,40,0.401782407,63.5,14.8,,24.5,23.5,22.95123818,20.95560558,43.90684375,3.190222107,3.101429625,6.291651732,92.90050034,30.21911303,3.252847177,13.9,14.32954682,13.31222069,44.05232105,-0.839220785,7.388512798,24.44980033,
455,46189,0,CIAT21091,Flemingia,stricta,0,Fabaceae,Fabales,Shurb_Tree,F260535,38,91,3,1,143,0.5004,460.8973703,96.19737026,0.370416667,41,0.723900463,63,13.8,40.5,0.402268519,57.5,14.3,,22,17,20.45123818,14.45560558,34.90684375,2.822270868,2.067151597,4.889422466,75.73669542,20.87175507,2.755831233,13.8,14.00705976,10.60848419,50.82698677,-0.419088266,5.887892263,28.20985702,
456,46189,0,CIAT21091,Flemingia,stricta,0,Fabaceae,Fabales,Shurb_Tree,F260535,38,91,3,2,144,0.5003,460.8052645,93.40526447,0.370740741,41,0.72431713,64.5,13,40.5,0.402719907,57,14.3,,23.5,16.5,21.95123818,13.95560558,35.90684375,2.853660963,1.995651597,4.84931256,77.92194778,20.27000811,2.601322052,13,13.50525987,10.52356154,51.91690841,-0.387449025,5.840758725,28.81478238,
457,46189,0,CIAT21115,Flemingia,lineata,0,Fabaceae,Fabales,Shurb_Tree,F260536,38,91,3,1,145,0.5003,462.5811665,151.8811665,0.371041667,40.5,0.724733796,67.5,13.6,40.5,0.403206019,62.5,15.5,,27,22,25.45123818,19.45560558,44.90684375,3.461368392,3.015618864,6.476987256,97.07884152,32.83340903,3.38213853,13.6,14.42316296,14.00183952,42.64509817,-1.568058983,7.771263177,23.66876729,
458,46189,0,CIAT21115,Flemingia,lineata,0,Fabaceae,Fabales,Shurb_Tree,F260536,38,91,3,2,146,0.5,462.3037842,137.8037842,0.371215278,41,0.724965278,68,13.5,40,0.403668981,63,15.9,,27,23,25.45123818,20.45560558,45.90684375,3.435917154,3.252441287,6.68835844,99.30016867,29.80805889,3.00181352,13.5,14.5694147,14.46745337,48.5353757,-0.75824196,8.029686921,26.93797322,
459,46189,0,CIAT8539,Canavalia,grandiflora,0,Fabaceae,Fabales,Climber,F261034,38,91,3,1,147,0.5002,466.41149,189.11149,0.371446759,40,0.725324074,71.5,13,40,0.404074074,74,16.4,,31.5,34,29.95123818,31.45560558,61.40684375,3.893660963,5.158719315,9.052380277,131.6580853,40.54606159,3.079648431,13,14.74164722,19.40857048,47.86795492,-0.535893757,10.77209241,26.56754314,
460,46189,0,CIAT8539,Canavalia,grandiflora,0,Fabaceae,Fabales,Climber,F261034,38,91,3,2,148,0.5001,466.318245,172.418245,0.371770833,40.5,0.725636574,74.5,12.4,40.5,0.404525463,75.5,16,,34,35,32.45123818,32.45560558,64.90684375,4.023953534,5.192896892,9.216850426,139.1900155,36.97437251,2.656395459,12.4,14.20012112,19.76515078,53.45635218,-0.385410079,10.97000064,29.66920031,
461,46189,0,CIAT8589,Galactia,jussiaeana,0,Fabaceae,Fabales,Climber,F261036,38,91,3,1,149,0.5004,472.1372569,203.7372569,0.372002315,40.5,0.725925926,66.5,12.3,40,0.405069444,75.5,16.2,,26,35.5,24.45123818,32.95560558,57.40684375,3.007502296,5.338808103,8.346310399,121.589311,43.1521245,3.549006417,12.3,14.53887699,17.67772036,40.96604876,-1.184020473,9.811440643,22.73686582,
462,46189,0,CIAT8589,Galactia,jussiaeana,0,Fabaceae,Fabales,Climber,F261036,38,91,3,2,150,0.5004,472.1372569,194.6372569,0.372349537,41,0.726296296,63.5,12.3,40.5,0.405451389,76,16.3,,22.5,35.5,20.95123818,32.95560558,53.90684375,2.577002296,5.371763709,7.948766005,114.1762125,41.22471888,3.610622387,12.3,14.74537452,16.83571014,40.83887192,-0.744364981,9.344110405,22.66628047,
463,46189,0,CIAT18701,Cajanus,cajan,0,Fabaceas,Fabales,Arbustivas,F261087,38,91,3,1,151,0.5004,460.56816,126.06816,0.372638889,41,0.726597222,69,14.1,41,0.40599537,64.5,18,,28,23.5,26.45123818,20.95560558,47.40684375,3.729624583,3.772009004,7.501633587,102.9312225,27.37231336,2.659281868,14.1,15.82394649,16.28778157,59.50458535,-0.407443074,9.040000565,33.02607436,
464,46189,0,CIAT18701,Cajanus,cajan,0,Fabaceas,Fabales,Arbustivas,F261087,38,91,3,2,152,0.5005,460.6602,155.8602,0.372928241,41,0.726851852,68,14.2,40.5,0.406377315,63.5,18.3,,27,23,25.45123818,20.45560558,45.90684375,3.614075821,3.74337582,7.357451642,99.6544606,33.8340929,3.395140839,14.2,16.02691677,15.97153746,47.2054549,-0.934129526,8.864479616,26.19984417,
465,46189,0,Sample 8,Cynodon,nlemfuensis,0,Poaceae,Poales,Grasses,F250008,38,91,3,1,153,0.5002,468.8421411,176.0421411,0.37318287,41,0.72724537,63.5,15.1,40.5,0.406805556,79.5,17.3,,22.5,39,20.95123818,36.45560558,57.40684375,3.163636965,6.306819765,9.470456729,122.4438648,37.54827599,3.066570631,15.1,16.4970866,20.19967042,53.7965323,0.529646725,11.21116656,29.85800616,
466,46189,0,Sample 8,Cynodon,nlemfuensis,0,Poaceae,Poales,0,F250008,38,91,3,2,154,0.5005,469.1233339,198.4233339,0.373425926,41,0.727523148,64,15.2,41,0.40724537,80,17.4,,23,39,21.45123818,36.45560558,57.90684375,3.260588203,6.34327537,9.603863573,123.4362897,42.29662427,3.426595564,15.2,16.58502338,20.4719375,48.40087798,0.398097118,11.3622795,26.86332467,
467,46189,0,BLANK 24 H,BLANK,24,#REF!,0,0,0,BLANK 24 H,38,91,3,1,155,0,0,0,0.373553241,40.5,0.727731481,41.5,0,40,0.407731481,42,0,0,1,2,,,,,,,,,,,,,,,,,
468,46189,0,BLANK 24 H,BLANK,24,#REF!,0,0,0,BLANK 24 H,38,91,3,2,156,0,0,0,0.373819444,40,0.728252315,41,0,40,0.408136574,42,0,,1,2,,,,,,,,,,,,,,,,,
469,46203,0,BLANK 24 H,0,0,BLANK 24 H,0,0,0,BLANK 24 H,39,92,1,1,1,0,0,0,0.331099537,39.5,0.671851852,43.5,0,39.5,0.336342593,45,0,,4,5.5,,,,,,,,,,,,,,,,,
470,46203,0,BLANK 24 H,0,0,BLANK 24 H,0,0,0,BLANK 24 H,39,92,1,2,2,0,0,0,0.331296296,40.5,0.672013889,44.5,0,40,0.336365741,45,0,,4,5,,,,,,,,,,,,,,,,,
471,46203,0,CIAT_BR04_3025_Llan,Urochloa,interespecifico,Urochloa interespecifico,Poaceae,Poales,grasses,F262903,39,92,1,1,3,0.5002,467.4418205,237.4418205,0.331759259,41,0.672210648,86,14.6,40,0.336724537,97.5,16.8,,45,57.5,42.56623142,53.95997298,96.5262044,6.214669787,9.06527546,15.27994525,206.4988629,50.79601569,2.459869027,14.6,15.82984159,32.68844288,64.35237573,0.823982552,18.14265134,35.7166819,
472,46203,0,CIAT_BR04_3025_Llan,Urochloa,interespecifico,Urochloa interespecifico,Poaceae,Poales,grasses,F262903,39,92,1,2,4,0.5002,467.4418205,260.9418205,0.331770833,41,0.672638889,87,15.7,41,0.337106481,95.5,17.7,,46,54.5,43.56623142,50.95997298,94.5262044,6.839898333,9.019915217,15.85981355,202.2202556,55.82337931,2.760523626,15.7,16.77821896,33.92895726,60.77911743,0.590315079,18.83115829,33.73346171,
473,46203,0,CIAT_BR02_1752_Llan,Urochloa,interespecifico,Urochloa interespecifico,Poaceae,Poales,grasses,F262904,39,92,1,1,5,0.5002,469.248418,239.548418,0.332094907,40.5,0.673032407,82.5,15.6,40.5,0.337986111,95.5,16.8,,42,55,39.56623142,51.45997298,91.0262044,6.172332102,8.64527546,14.81760756,193.9829756,51.04938212,2.631642389,15.6,16.2783977,31.57732023,61.85642004,0.611293777,17.52595905,34.3313833,
474,46203,0,CIAT_BR02_1752_Llan,Urochloa,interespecifico,Urochloa interespecifico,Poaceae,Poales,grasses,F262904,39,92,1,2,6,0.5003,469.3422301,241.9422301,0.3321875,41,0.673483796,82,15.6,40.5,0.338530093,98,16.5,,41,57.5,38.56623142,53.95997298,92.5262044,6.016332102,8.903395541,14.91972764,197.1401644,51.5492139,2.614850914,15.6,16.12486726,31.78858983,61.66648805,0.596471018,17.64321733,34.22596776,
475,46203,0,CIAT_CIAT_606_Llan,Urochloa,interespecifico,Urochloa interespecifico,Poaceae,Poales,grasses,F262905,39,92,1,1,7,0.5002,471.0985479,207.4985479,0.332476852,41,0.673969907,79.5,15.6,41,0.338877315,100,16.8,,38.5,59,36.06623142,55.45997298,91.5262044,5.626332102,9.31727546,14.94360756,194.2825016,44.04567767,2.267094427,15.6,16.32713567,31.72076761,72.01788981,0.757327732,17.60557483,39.97117483,
476,46203,0,CIAT_CIAT_606_Llan,Urochloa,interespecifico,Urochloa interespecifico,Poaceae,Poales,grasses,F262905,39,92,1,2,8,0.5003,471.19273,228.09273,0.332986111,40.5,0.674525463,79,15.8,40.5,0.339618056,100,16.4,,38.5,59.5,36.06623142,55.95997298,92.0262044,5.698464564,9.177435568,14.87590013,195.3048053,48.40752318,2.478562834,15.8,16.16485242,31.57073356,65.21865092,0.57238762,17.52230333,36.19747961,
477,46203,0,CIAT_BR02_1794_Llan,Urochloa,interespecifico,Urochloa interespecifico,Poaceae,Poales,grasses,F262906,39,92,1,1,9,0.5001,469.5530838,234.5530838,0.333020833,41,0.675162037,89.5,14.8,40.5,0.340081019,94.5,16.6,,48.5,54,46.06623142,50.45997298,96.5262044,6.81780225,8.376355514,15.19415776,205.5703769,49.95241047,2.429942058,14.8,15.74096678,32.35876473,64.77918568,1.020808863,17.95967426,35.9535688,
478,46203,0,CIAT_BR02_1794_Llan,Urochloa,interespecifico,Urochloa interespecifico,Poaceae,Poales,grasses,F262906,39,92,1,2,10,0.5004,469.8347593,241.9347593,0.333368056,41.5,0.675601852,90.5,14.9,40.5,0.340694444,91.5,16.7,,49,51,46.56623142,47.45997298,94.0262044,6.938368482,7.925815487,14.86418397,200.1261136,51.49358461,2.573056743,14.9,15.80855472,31.63704616,61.43881108,0.8491154,17.55910797,34.0996031,
479,46203,0,CIAT_CIAT_6294_Llan,Urochloa,interespecifico,Urochloa interespecifico,Poaceae,Poales,grasses,F262907,39,92,1,1,11,0.5003,471.8900649,228.2900649,0.333564815,41,0.675983796,89,15.6,40.5,0.34125,94,17.3,,48,53.5,45.56623142,49.95997298,95.5262044,7.108332102,8.643075325,15.75140743,202.4331756,48.37780701,2.389816138,15.6,16.48909587,33.37940041,68.99734087,0.438115775,18.52614473,38.29471791,
480,46203,0,CIAT_CIAT_6294_Llan,Urochloa,interespecifico,Urochloa interespecifico,Poaceae,Poales,grasses,F262907,39,92,1,2,12,0.5002,471.7957435,216.5957435,0.333854167,41,0.676435185,89.5,15.6,41,0.341643519,95.5,17.6,,48.5,54.5,46.06623142,50.95997298,97.0262044,7.186332102,8.968955244,16.15528735,205.652988,45.90879559,2.232342745,15.6,16.65043732,34.24212187,74.5872799,0.491201554,19.00497006,41.39723078,
481,46203,0,CIAT_Mulato_II_Llan,Urochloa,interespecifico,Urochloa interespecifico,Poaceae,Poales,grasses,F262908,39,92,1,1,13,0.5004,469.9567258,227.8567258,0.334108796,40.5,0.676990741,75.5,14.5,40.5,0.342291667,97,16.9,,35,56.5,32.56623142,52.95997298,85.5262044,4.722103556,8.950235433,13.67233899,181.9874037,48.48461854,2.664174418,14.5,15.98614025,29.0927616,60.00410538,1.056818157,16.14698603,33.30331662,
482,46203,0,CIAT_Mulato_II_Llan,Urochloa,interespecifico,Urochloa interespecifico,Poaceae,Poales,grasses,F262908,39,92,1,2,14,0.5,469.581061,232.981061,0.334282407,40.5,0.677743056,75,14.6,40,0.342581019,96,16.7,,34.5,56,32.06623142,52.45997298,84.5262044,4.681669787,8.760815487,13.44248527,180.0034359,49.61466301,2.756317554,14.6,15.90333479,28.62654905,57.69775971,0.905395859,15.88822999,32.02325487,
483,46203,0,CIAT_BR04_3025_Qu,Urochloa,interespecifico,Urochloa interespecifico,Poaceae,Poales,grasses,F262909,39,92,1,1,15,0.5002,472.1651879,257.5651879,0.334791667,41,0.678263889,86,15.9,40.5,0.343356481,102.5,16.1,,45,62,42.56623142,58.45997298,101.0262044,6.768030796,9.412055649,16.18008644,213.9636868,54.54980471,2.549488912,15.9,16.0157323,34.26785129,62.819384,0.988927988,19.01925034,34.86584496,
484,46203,0,CIAT_BR04_3025_Qu,Urochloa,interespecifico,Urochloa interespecifico,Poaceae,Poales,grasses,F262909,39,92,1,2,16,0.5002,472.1651879,250.6651879,0.334814815,41,0.678877315,87.5,15.9,40.5,0.343854167,102,16.8,,46.5,61.5,44.06623142,57.95997298,102.0262044,7.006530796,9.73727546,16.74380626,216.0815897,53.08845174,2.456870658,15.9,16.41128018,35.46175509,66.79749348,1.224677348,19.6818876,37.07376455,
485,46203,0,CIAT_BR02_1752_Qu,Urochloa,interespecifico,Urochloa interespecifico,Poaceae,Poales,grasses,F262910,39,92,1,1,17,0.5002,457.88308,251.18308,0.33505787,40.5,0.679178241,84,15.8,40.5,0.344513889,90.5,15.2,,43.5,50,41.06623142,46.45997298,87.5262044,6.488464564,7.061915892,13.55038046,191.1540483,54.85747148,2.869804326,15.8,15.48151271,29.59353828,53.946231,0.675330451,16.42492575,29.94109153,
486,46203,0,CIAT_BR02_1752_Qu,Urochloa,interespecifico,Urochloa interespecifico,Poaceae,Poales,grasses,F262910,39,92,1,2,18,0.5001,457.79154,266.99154,0.33537037,41.5,0.67962963,84.5,15.7,41,0.344895833,92,16,,43,51,40.56623142,47.45997298,88.0262044,6.368898333,7.593595676,13.96249401,192.2844717,58.32164133,3.033091587,15.7,15.8617472,30.49967679,52.29564206,0.532941569,16.9278483,29.02498611,
487,46203,0,CIAT_CIAT_606_Qu,Urochloa,interespecifico,Urochloa interespecifico,Poaceae,Poales,grasses,F262911,39,92,1,1,19,0.5,472.4555278,263.6555278,0.335648148,40.5,0.680266204,87,15.6,40.5,0.345393519,95.5,16.6,,46.5,55,44.06623142,51.45997298,95.5262044,6.874332102,8.542355514,15.41668762,202.1908916,55.80536416,2.760033537,15.6,16.13870007,32.63098156,58.47284047,0.722905934,18.11075932,32.4534381,
488,46203,0,CIAT_CIAT_606_Qu,Urochloa,interespecifico,Urochloa interespecifico,Poaceae,Poales,grasses,F262911,39,92,1,2,20,0.5003,472.7390011,281.6390011,0.336018519,41.5,0.680671296,88,15.4,40.5,0.345810185,96.5,16.6,,46.5,56,44.06623142,52.45997298,96.5262044,6.786199639,8.708355514,15.49455515,204.1849819,59.57600292,2.917746563,15.4,16.0521749,32.77613042,55.01565867,0.552619575,18.19131944,30.53464239,
489,46203,0,CIAT_BR02_1794_Qu,Urochloa,interespecifico,Urochloa interespecifico,Poaceae,Poales,grasses,F262912,39,92,1,1,21,0.5001,471.2205851,294.4205851,0.336273148,41,0.681064815,88,15.4,41,0.34625,92.5,16.3,,47,51.5,44.56623142,47.95997298,92.5262044,6.863199639,7.817475595,14.68067523,196.3543345,62.48041669,3.182023807,15.4,15.86650542,31.15457112,49.86293749,0.35743765,17.29132598,27.67479299,
490,46203,0,CIAT_BR02_1794_Qu,Urochloa,interespecifico,Urochloa interespecifico,Poaceae,Poales,grasses,F262912,39,92,1,2,22,0.5005,471.5974862,260.0974862,0.336979167,40.5,0.681365741,87,15.7,40.5,0.346712963,91.5,16.3,,46.5,51,44.06623142,47.45997298,91.5262044,6.918398333,7.735975595,14.65437393,194.0769556,55.1524327,2.841781629,15.7,16.01112384,31.0739017,56.34185144,0.495704763,17.24655305,31.27070232,
491,46203,0,CIAT_CIAT_6294_Qu,Urochloa,interespecifico,Urochloa interespecifico,Poaceae,Poales,grasses,F262913,39,92,1,1,23,0.5004,469.9771961,286.2771961,0.337013889,40.5,0.682094907,88.5,16.2,41,0.347164352,99.5,17.4,,48,58.5,45.56623142,54.95997298,100.5262044,7.38172949,9.563035298,16.94476479,213.8959193,60.91299715,2.847786781,16.2,16.85606742,36.05444036,59.19006132,0.507378552,20.01083818,32.85150808,
492,46203,0,CIAT_CIAT_6294_Qu,Urochloa,interespecifico,Urochloa interespecifico,Poaceae,Poales,grasses,F262913,39,92,1,2,24,0.5003,469.8832758,278.6832758,0.337048611,41,0.682847222,89.5,15.9,40.5,0.347685185,97.5,17.3,0,48.5,57,46.06623142,53.45997298,99.5262044,7.324530796,9.248575325,16.57310612,211.8104847,59.30904336,2.800099506,15.9,16.65200258,35.27068737,59.46932436,0.540481552,19.57584171,33.0065039,
493,46203,0,CIAT_Mulato_II_Qu,Urochloa,interespecifico,Urochloa interespecifico,Poaceae,Poales,grasses,F262914,39,92,1,1,25,0.5001,468.6513015,251.8513015,0.337094907,40.5,0.683206019,87,14.9,40,0.347789352,91.5,16.4,,46.5,51.5,44.06623142,47.95997298,92.0262044,6.565868482,7.865435568,14.43130405,196.3639151,53.73959289,2.736734641,14.9,15.68173342,30.79326571,57.3008913,0.755612771,17.09079522,31.80298604,
494,46203,0,CIAT_Mulato_II_Qu,Urochloa,interespecifico,Urochloa interespecifico,Poaceae,Poales,grasses,F262914,39,92,1,2,26,0.5006,469.1198591,224.2198591,0.3375,41,0.683784722,86.5,15.7,41,0.3484375,93,17.5,,45.5,52,43.06623142,48.45997298,91.5262044,6.761398333,8.480495271,15.2418936,195.1019609,47.79585744,2.449788676,15.7,16.65303801,32.4904037,67.97744708,1.751080907,18.03273617,37.72865921,
495,46203,0,CIAT-BR04_2515,Urochloa,interespecifico,Urochloa interespecifico,Poaceae,Poales,grasses,F262915,39,92,1,1,27,0.5005,474.0525533,262.3525533,0.337731481,41.5,0.684155093,85,15.7,41,0.348900463,102,17.5,,43.5,61,41.06623142,57.45997298,98.5262044,6.447398333,10.05549527,16.5028936,207.8381473,55.34250401,2.66276931,15.7,16.74975069,34.81237152,62.90349911,0.7619723,19.32146848,34.9125303,
496,46203,0,CIAT-BR04_2515,Urochloa,interespecifico,Urochloa interespecifico,Poaceae,Poales,grasses,F262915,39,92,1,2,28,0.5001,473.6736901,245.6736901,0.337893519,41,0.684953704,83,15.8,41,0.349548611,102.5,17.5,,42,61.5,39.56623142,57.95997298,97.5262044,6.251464564,10.14299527,16.39445984,205.8932266,51.86559761,2.519053127,15.8,16.81031261,34.61129503,66.73266407,1.053719857,19.20986755,37.03778311,
497,46203,0,CIAT-BR05_931,Urochloa,interespecifico,Urochloa interespecifico,Poaceae,Poales,grasses,F262916,39,92,1,1,29,0.5002,471.6443509,273.8443509,0.338194444,40,0.685439815,85,15.2,40.5,0.349953704,97,18,,45,56.5,42.56623142,52.95997298,95.5262044,6.470067176,9.532795136,16.00286231,202.5386379,58.06162002,2.866693517,15.2,16.75232719,33.92993531,58.43780331,0.860205182,18.83170112,32.43399187,
498,46203,0,CIAT-BR05_931,Urochloa,interespecifico,Urochloa interespecifico,Poaceae,Poales,grasses,F262916,39,92,1,2,30,0.5001,471.5500597,195.1500597,0.338402778,41,0.685775463,85,15.1,40.5,0.350405093,95.5,18.3,,44,55,41.56623142,51.45997298,93.0262044,6.276500945,9.417175055,15.693676,197.2774735,41.38480225,2.097796647,15.1,16.87016696,33.28103915,80.41850473,-1.14021375,18.47155253,44.63366145,
499,46203,0,CIAT-BR09_5252,Urochloa,interespecifico,Urochloa interespecifico,Poaceae,Poales,grasses,F262917,39,92,1,1,31,0.5002,471.5678235,253.5678235,0.338900463,40.5,0.686365741,81.5,15.2,40.5,0.350775463,94.5,16.5,,41,54,38.56623142,50.45997298,89.0262044,5.862067176,8.325895541,14.18796272,188.7876992,53.77123096,2.848238058,15.2,15.93683884,30.08679136,55.95332452,0.766039712,16.69868974,31.05506316,
500,46203,0,CIAT-BR09_5252,Urochloa,interespecifico,Urochloa interespecifico,Poaceae,Poales,grasses,F262917,39,92,1,2,32,0.5005,471.8506511,237.9506511,0.338923611,40.5,0.686805556,86,14.9,40,0.351319444,91.5,16.9,,45.5,51.5,43.06623142,47.95997298,91.0262044,6.416868482,8.105235433,14.52210391,192.913169,50.42923021,2.614089565,14.9,15.9537619,30.77690765,61.02989779,1.149731643,17.08171622,33.87264916,
501,46203,0,CIAT-BR12_1176,Urochloa,interespecifico,Urochloa interespecifico,Poaceae,Poales,grasses,F262918,39,92,1,1,33,0.5005,469.9286161,260.1286161,0.340150463,40.5,0.687141204,82,14.7,40,0.351597222,95,17.9,,41.5,55,39.06623142,51.45997298,90.5262044,5.742736019,9.211335163,14.95407118,192.6382035,55.35492141,2.873517318,14.7,16.51905245,31.82200587,57.48722077,0.638302377,17.66176381,31.90640211,
502,46203,0,CIAT-BR12_1176,Urochloa,interespecifico,Urochloa interespecifico,Poaceae,Poales,grasses,F262918,39,92,1,2,34,0.5002,469.6469406,273.9469406,0.340300926,40,0.687789352,82.5,14.6,40.5,0.351956019,96.5,17.9,,42.5,56,40.06623142,52.45997298,92.5262044,5.849669787,9.390335163,15.24000495,197.0122583,58.33040033,2.960749794,14.6,16.47101494,32.44991851,55.63122887,0.534152013,18.01026619,30.8762945,
503,46203,0,CIAT-BR12_1280,Urochloa,interespecifico,Urochloa interespecifico,Poaceae,Poales,grasses,F262919,39,92,1,1,35,0.5004,475.1136314,282.5136314,0.3403125,40,0.68837963,84.5,14.9,41,0.352546296,91.5,18.2,,44.5,50.5,42.06623142,46.95997298,89.0262044,6.267868482,8.546715082,14.81458356,187.3787627,59.46232916,3.173376124,14.9,16.64069996,31.1811377,52.43847346,0.460117949,17.30607089,29.10426001,
504,46203,0,CIAT-BR12_1280,Urochloa,interespecifico,Urochloa interespecifico,Poaceae,Poales,grasses,F262919,39,92,1,2,36,0.5001,474.8287911,279.1287911,0.3403125,40,0.68875,80.5,15.4,41,0.353506944,92,17.9,,40.5,51,38.06623142,47.45997298,85.5262044,5.862199639,8.495335163,14.3575348,180.1200896,58.78514453,3.263663962,15.4,16.78729332,30.23728778,51.43695405,0.462181475,16.78221785,28.54839941,
505,46203,0,CIAT-BR12_1282,Urochloa,interespecifico,Urochloa interespecifico,Poaceae,Poales,grasses,F262920,39,92,1,1,37,0.5001,473.4237446,259.5237446,0.340335648,40,0.689143519,82.5,15,40.5,0.353460648,93,17,,42.5,52.5,40.06623142,48.95997298,89.0262044,6.009934713,8.323195406,14.33313012,188.0476115,54.81848926,2.915138822,15,16.09990027,30.2754779,55.22858859,0.576835017,16.80341403,30.65282218,
506,46203,0,CIAT-BR12_1282,Urochloa,interespecifico,Urochloa interespecifico,Poaceae,Poales,grasses,F262920,39,92,1,2,38,0.5004,473.707742,283.507742,0.340358796,41,0.6896875,82.5,15.1,40.5,0.353796296,96.5,16.9,,41.5,56,39.06623142,52.45997298,91.5262044,5.899000945,8.865735433,14.76473638,193.2123887,59.84866129,3.097558168,15.1,16.131704,31.16845064,52.07877665,0.444523346,17.29902935,28.90462206,
507,46203,0,CIAT-BR12_1325,Urochloa,interespecifico,Urochloa interespecifico,Poaceae,Poales,grasses,F262921,39,92,1,1,39,0.5002,474.6686529,261.1686529,0.340740741,40.5,0.690243056,81.5,15.1,41,0.354212963,95.5,17.5,,41,54.5,38.56623142,50.95997298,89.5262044,5.823500945,8.917995271,14.74149622,188.6077875,55.02125563,2.917231381,15.1,16.46612443,31.05639297,56.44435522,0.687222828,17.23683541,31.32759369,
508,46203,0,CIAT-BR12_1325,Urochloa,interespecifico,Urochloa interespecifico,Poaceae,Poales,grasses,F262921,39,92,1,2,40,0.5004,474.8584444,272.1584444,0.340763889,40.5,0.690810185,80.5,14.8,40.5,0.354560185,96.5,17.6,,40,56,37.56623142,52.45997298,90.0262044,5.55980225,9.232955244,14.79275749,189.58535,57.31359474,3.023102509,14.8,16.43161299,31.151931,54.35347606,0.581154703,17.28986066,30.16711959,
509,46203,0,CIAT-BR12_1399,Urochloa,interespecifico,Urochloa interespecifico,Poaceae,Poales,grasses,F262922,39,92,1,1,41,0.5004,476.1852726,268.9852726,0.34099537,41,0.691261574,81,15.3,40.5,0.355127315,95.5,16.8,,40,55,37.56623142,51.45997298,89.0262044,5.747633407,8.64527546,14.39290887,186.9570722,56.48752451,3.021416833,15.3,16.16704763,30.22543891,53.50816693,0.603681629,16.77564153,29.69795839,
510,46203,0,CIAT-BR12_1399,Urochloa,interespecifico,Urochloa interespecifico,Poaceae,Poales,grasses,F262922,39,92,1,2,42,0.5003,476.0901117,278.8901117,0.34119213,41,0.691712963,81,15.4,41,0.355451389,94,16.8,,40,53,37.56623142,49.45997298,87.0262044,5.785199639,8.30927546,14.0944751,182.7935558,58.57926994,3.204668221,15.4,16.19566796,29.60463734,50.53773694,0.512470772,16.43108592,28.04931836,
511,9/15/026,0,CIAT-BR12_1418,Urochloa,interespecifico,Urochloa interespecifico,Poaceae,Poales,grasses,F262923,39,104,1,1,17,0.5001,469.175,275.975,0.323101852,40.5,0.659768519,78,15.6,40,0.333043981,98,16.8,,.,58,35.06623142,54.45997298,89.5262044,5.470332102,9.14927546,14.61960756,190.8162293,58.82133532,3.082617004,15.6,16.32997585,31.16024418,52.97439102,0.531367507,17.29447462,29.40170353,
512,9/15/026,0,CIAT-BR12_1418,Urochloa,interespecifico,Urochloa interespecifico,Poaceae,Poales,grasses,F262923,39,104,1,2,18,0.5002,469.2688162,260.8688162,0.323356481,40.5,0.660034722,77.5,15.8,40.5,0.3334375,97,16.9,,37,56.5,34.56623142,52.95997298,87.5262044,5.461464564,8.950235433,14.4117,186.5161318,55.59048614,2.980465314,15.8,16.46558319,30.71096885,55.2450086,0.660302358,17.04511904,30.66193557,
513,46203,0,CIAT-BR12_1509,Urochloa,interespecifico,Urochloa interespecifico,Poaceae,Poales,grasses,F262924,39,92,1,1,45,0.5001,473.3013091,265.1013091,0.341863426,41.5,0.693032407,83.5,15.7,41,0.357002315,94,17.1,,42,53,39.56623142,49.45997298,89.0262044,6.211898333,8.457655379,14.66955371,188.0962564,56.01110836,2.977789639,15.7,16.47779304,30.99411185,55.33565173,0.584156661,17.20226831,30.71224407,
514,46203,0,CIAT-BR12_1509,Urochloa,interespecifico,Urochloa interespecifico,Poaceae,Poales,grasses,F262924,39,92,1,2,46,0.5004,473.5852331,273.6852331,0.342048611,40.5,0.693518519,83.5,15.5,40.5,0.357569444,93.5,17.3,,43,53,40.56623142,49.45997298,90.0262044,6.28776587,8.556575325,14.84434119,190.0950412,57.79006902,3.04006189,15.5,16.48891153,31.34460316,54.23873633,0.527500523,17.39679705,30.10343705,
515,46203,0,CIAT-BR12_1535,Urochloa,interespecifico,Urochloa interespecifico,Poaceae,Poales,grasses,F262925,39,92,1,1,47,0.5004,474.4856604,237.6856604,0.342199074,41.5,0.693946759,83.5,15.7,40.5,0.358020833,93.5,18.3,,42,53,39.56623142,49.45997298,89.0262044,6.211898333,9.051175055,15.26307339,187.6267542,50.09332847,2.669839314,15.7,17.14447279,32.16761782,64.21537319,1.092408,17.85358442,35.64064311,
516,46203,0,CIAT-BR12_1535,Urochloa,interespecifico,Urochloa interespecifico,Poaceae,Poales,grasses,F262925,39,92,1,2,48,0.5002,474.2960179,301.4960179,0.342511574,41.5,0.694247685,83.5,15.8,41,0.358506944,95,18.7,,42,54,39.56623142,50.45997298,90.0262044,6.251464564,9.436014946,15.68747951,189.8101629,63.56705655,3.348980665,15.8,17.42545919,33.07529247,52.03212839,0.421732788,18.35735956,28.87873146,
517,46203,0,CIAT-BR12_1685,Urochloa,interespecifico,Urochloa interespecifico,Poaceae,Poales,grasses,F262926,39,92,1,1,49,0.5002,473.4946558,271.4946558,0.342534722,41.5,0.694861111,81,14.7,40.5,0.359097222,94,16.8,,39.5,53.5,37.06623142,49.95997298,87.0262044,5.448736019,8.39327546,13.84201148,183.7955367,57.33848365,3.119688578,14.7,15.90556727,29.23372272,50.98447127,0.508308818,16.22522189,28.29726364,
518,46203,0,CIAT-BR12_1685,Urochloa,interespecifico,Urochloa interespecifico,Poaceae,Poales,grasses,F262926,39,92,1,2,50,0.5002,473.4946558,272.9946558,0.342777778,41,0.695335648,80,14.4,41,0.359641204,93.5,16.4,,39,52.5,36.56623142,48.95997298,85.5262044,5.265537325,8.029435568,13.29497289,180.6276023,57.65527709,3.191941671,14.4,15.54491163,28.07840116,48.70048776,0.478721012,15.58399843,27.02961327,
519,46203,0,CIAT-BR12_1844,Urochloa,interespecifico,Urochloa interespecifico,Poaceae,Poales,grasses,F262927,39,92,1,1,51,0.5001,471.0749239,243.8749239,0.342800926,41.5,0.695752315,81.5,15.3,41,0.360011574,96,16.7,,40,55,37.56623142,51.45997298,89.0262044,5.747633407,8.593815487,14.34144889,188.9852333,51.76988023,2.73936113,15.3,16.10924445,30.44409322,58.80657457,0.656833113,16.89699845,32.6386663,
520,46203,0,CIAT-BR12_1844,Urochloa,interespecifico,Urochloa interespecifico,Poaceae,Poales,grasses,F262927,39,92,1,2,52,0.5002,471.16912,252.56912,0.342962963,41.5,0.696134259,84,15.3,41,0.360335648,94.5,16.7,0,42.5,53.5,40.06623142,49.95997298,90.0262044,6.130133407,8.343315487,14.47344889,191.0698316,53.60476934,2.805506704,15.3,16.07692892,30.71816102,57.30490289,0.58341837,17.04911082,31.80521254,
521,46203,0,CIAT-BR12_1888,Urochloa,interespecifico,Urochloa interespecifico,Poaceae,Poales,grasses,F262928,39,92,1,1,53,0.5002,468.4388755,232.9388755,0.343101852,41,0.6965625,77,15.1,41,0.360810185,90.5,17.2,,36,49.5,33.56623142,45.95997298,79.5262044,5.068500945,7.905115352,12.9736163,169.7685836,49.72663194,2.929083278,15.1,16.31363699,27.69543045,55.69536759,0.655053753,15.37144306,30.9118926,
522,46203,0,CIAT-BR12_1888,Urochloa,interespecifico,Urochloa interespecifico,Poaceae,Poales,grasses,F262928,39,92,1,2,54,0.5003,468.5325258,264.0325258,0.343240741,41.5,0.69693287,77.5,15,41,0.361261574,92,16.7,,36,51,33.56623142,47.45997298,81.0262044,5.034934713,7.925815487,12.9607502,172.9361356,56.35308357,3.258606617,15,15.99575137,27.66243427,49.08770297,0.426680963,15.35312961,27.24452442,
523,46203,0,CIAT-BR12_1939,Urochloa,interespecifico,Urochloa interespecifico,Poaceae,Poales,grasses,F262929,39,92,1,1,55,0.5002,472.6903754,247.2903754,0.343541667,41,0.697604167,84,14.7,40.5,0.361747685,91.5,17.3,,43,51,40.56623142,47.45997298,88.0262044,5.963236019,8.210575325,14.17381134,186.2238137,52.3155089,2.809281362,14.7,16.10180905,29.98540288,57.31646984,0.614666493,16.64241738,31.81163239,
524,46203,0,CIAT-BR12_1939,Urochloa,interespecifico,Urochloa interespecifico,Poaceae,Poales,grasses,F262929,39,92,1,2,56,0.5003,472.7848757,247.5848757,0.343576389,41.5,0.698553241,84,14.8,41,0.362291667,91.5,17.4,,42.5,50.5,40.06623142,46.95997298,87.0262044,5.92980225,8.171035298,14.10083755,184.0714644,52.36734262,2.844946271,14.8,16.20297891,29.82506056,56.9535498,0.609292002,16.55342461,31.6102055,
525,46203,0,CIAT-BR12_2243,Urochloa,interespecifico,Urochloa interespecifico,Poaceae,Poales,grasses,F262930,39,92,1,1,57,0.5003,474.5858481,271.9858481,0.343680556,41.5,0.698900463,83,15,41,0.362719907,94,17.5,,41.5,53,39.06623142,49.45997298,88.5262044,5.859934713,8.655495271,14.51542998,186.533595,57.3101472,3.072376705,15,16.3967608,30.58546739,53.36832811,0.474390711,16.97546356,29.62034543,
526,46203,0,CIAT-BR12_2243,Urochloa,interespecifico,Urochloa interespecifico,Poaceae,Poales,grasses,F262930,39,92,1,2,58,0.5003,474.5858481,231.6858481,0.344421296,41,0.699375,83.5,15.4,41,0.36337963,93.5,17.4,,42.5,52.5,40.06623142,48.95997298,89.0262044,6.170199639,8.519035298,14.68923494,187.5871452,48.81853284,2.602445535,15.4,16.49990027,30.95169187,63.40152001,0.874722617,17.17872448,35.18894052,
527,46203,0,CIAT-BR12_2254,Urochloa,interespecifico,Urochloa interespecifico,Poaceae,Poales,grasses,F262931,39,92,1,1,59,0.5001,460.775,220.175,0.344074074,41,0.699861111,86,15.4,41,0.363819444,96,16.8,,45,55,42.56623142,51.45997298,94.0262044,6.555199639,8.64527546,15.2004751,204.0609938,47.78362541,2.341634456,15.4,16.16621153,32.98893191,69.03815192,0.776681598,18.30942795,38.31736875,
528,46203,0,CIAT-BR12_2254,Urochloa,interespecifico,Urochloa interespecifico,Poaceae,Poales,grasses,F262931,39,92,1,2,60,0.5,460.6828634,260.9828634,0.344224537,40.5,0.700462963,85.5,15.6,40.5,0.364293981,95.5,16.7,,45,55,42.56623142,51.45997298,94.0262044,6.640332102,8.593815487,15.23414759,204.101806,56.65130704,2.775639675,15.6,16.20202335,33.06862225,58.37221413,0.458446266,18.35365747,32.39758874,
529,46203,0,CIAT-BR12_2255,Urochloa,interespecifico,Urochloa interespecifico,Poaceae,Poales,grasses,F262932,39,92,1,1,61,0.5003,466.7899577,249.3899577,0.344594907,41.5,0.701006944,84.5,15.7,41,0.364722222,94,18.5,0,43,53,40.56623142,49.45997298,90.0262044,6.368898333,9.150095,15.51899333,192.8623419,53.42659018,2.77019296,15.7,17.23830682,33.24620223,62.22781975,0.703225821,18.45221743,34.53751657,
530,46203,0,CIAT-BR12_2255,Urochloa,interespecifico,Urochloa interespecifico,Poaceae,Poales,grasses,F262932,39,92,1,2,62,0.5005,466.9765617,258.9765617,0.344768519,41,0.70150463,85.5,15,40.5,0.365138889,96,18.6,,44.5,55.5,42.06623142,51.95997298,94.0262044,6.309934713,9.664554973,15.97448969,201.3510144,55.45814992,2.754301988,15,16.98940183,34.20833292,61.6831484,0.627244592,18.98621661,34.23521454,
531,46203,0,CIAT-BR12_2305,Urochloa,interespecifico,Urochloa interespecifico,Poaceae,Poales,grasses,F262933,39,92,1,1,63,0.5004,461.2804559,253.2804559,0.345162037,41,0.701967593,84.5,15.3,40.5,0.365439815,94,17.6,0,43.5,53.5,41.06623142,49.95997298,91.0262044,6.283133407,8.792955244,15.07608865,197.3337549,54.90812642,2.782500463,15.3,16.56236108,32.68312902,59.52330037,0.489475465,18.13970206,33.03646152,
532,46203,0,CIAT-BR12_2305,Urochloa,interespecifico,Urochloa interespecifico,Poaceae,Poales,grasses,F262933,39,92,1,2,64,0.5003,461.1882735,253.2882735,0.345173611,41,0.702465278,85,15,40.5,0.365960648,95.5,17.2,0,44,55,41.56623142,51.45997298,93.0262044,6.234934713,8.851115352,15.08605006,201.7098216,54.92079657,2.722762636,15,16.21698979,32.71126117,59.56079157,0.489489873,18.15531589,33.05726978,
533,46203,0,CIAT-BR12_2316,Urochloa,interespecifico,Urochloa interespecifico,Poaceae,Poales,grasses,F262934,39,92,1,1,65,0.5001,465.4982695,237.1982695,0.345196759,41,0.702928241,85,14.3,40.5,0.366805556,92.5,16.1,,44,52,41.56623142,48.45997298,90.0262044,5.943971093,7.802055649,13.74602674,193.3975061,50.95577901,2.634769188,14.3,15.26891735,29.52970536,57.95163166,0.783113053,16.38949737,32.16415819,
534,46203,0,CIAT-BR12_2316,Urochloa,interespecifico,Urochloa interespecifico,Poaceae,Poales,grasses,F262934,39,92,1,2,66,0.5006,465.9636747,217.3636747,0.3453125,41.5,0.703333333,84,14.7,41,0.367256944,92,16,,42.5,51,40.06623142,47.45997298,87.5262044,5.889736019,7.593595676,13.48333169,187.8391153,46.64820167,2.483412552,14.7,15.40490849,28.93644382,62.03120975,1.307575921,16.06022695,34.42839461,
535,46203,0,CIAT-BR12_2367,Urochloa,interespecifico,Urochloa interespecifico,Poaceae,Poales,grasses,F262935,39,92,1,1,67,0.5005,465.1967856,208.2967856,0.345462963,41.5,0.70400463,83.5,14.5,40.5,0.367881944,91,18.3,,42,50.5,39.56623142,46.95997298,86.5262044,5.737103556,8.593675055,14.33077861,185.999145,44.77605866,2.407326048,14.5,16.5623567,30.80584186,68.79980681,1.847766683,17.0977752,38.18508309,
536,46203,0,CIAT-BR12_2367,Urochloa,interespecifico,Urochloa interespecifico,Poaceae,Poales,grasses,F262935,39,92,1,2,68,0.5,464.7320536,258.7320536,0.345671296,41,0.70443287,83,14.6,41,0.368275463,90,18.4,,42,49,39.56623142,45.45997298,85.0262044,5.776669787,8.364635028,14.14130481,182.9574778,55.67338246,3.042968405,14.6,16.63170186,30.42894224,54.65617661,0.544770827,16.88858939,30.33512363,
537,46203,0,CIAT-BR12_2461,Urochloa,interespecifico,Urochloa interespecifico,Poaceae,Poales,grasses,F262936,39,92,1,1,69,0.5004,471.5576957,260.4576957,0.345706019,41,0.704722222,84.5,15.1,41,0.368796296,95.5,17.4,,43.5,54.5,41.06623142,50.95997298,92.0262044,6.201000945,8.867035298,15.06803624,195.1536477,55.23347367,2.830255767,15.1,16.37363655,31.95374899,57.85214449,0.474734169,17.73488352,32.10894109,
538,46203,0,CIAT-BR12_2461,Urochloa,interespecifico,Urochloa interespecifico,Poaceae,Poales,grasses,F262936,39,92,1,2,70,0.5,471.1807511,244.8807511,0.346006944,41.5,0.705208333,85.5,14.9,41,0.369328704,91,17.5,,44,50,41.56623142,46.45997298,88.0262044,6.193368482,8.130495271,14.32386375,186.8204594,51.97172221,2.781907419,14.9,16.27227239,30.39993404,58.49322044,0.535143015,16.87248934,32.46474934,
539,46203,0,CIAT-BR12_3018,Urochloa,interespecifico,Urochloa interespecifico,Poaceae,Poales,grasses,F262937,39,92,1,1,71,0.5003,466.5081264,254.6081264,0.346215278,40.5,0.705532407,86.5,14.8,41,0.369664352,90,17.6,,46,49,43.56623142,45.45997298,89.0262044,6.44780225,8.000955244,14.44875749,190.8352703,54.57742577,2.859923413,14.8,16.22978042,30.97214534,56.74900366,0.538383515,17.19007652,31.49667885,
540,46203,0,CIAT-BR12_3018,Urochloa,interespecifico,Urochloa interespecifico,Poaceae,Poales,grasses,F262937,39,92,1,2,72,0.5001,466.321635,246.121635,0.346331019,41,0.7059375,85,15,41,0.370300926,88,17.7,,44,47,41.56623142,43.45997298,85.0262044,6.234934713,7.692415217,13.92734993,182.3338186,52.77937298,2.894656262,15,16.3800678,29.86640311,56.58726398,0.581732715,16.57637045,31.40691052,
541,46203,0,CIAT-BR12_3067,Urochloa,interespecifico,Urochloa interespecifico,Poaceae,Poales,grasses,F262938,39,92,1,1,73,0.5004,459.3983214,276.7983214,0.346342593,41,0.706446759,83.5,15.2,41,0.371226852,93,17,,42.5,52,40.06623142,48.45997298,88.5262044,6.090067176,8.238195406,14.32826258,192.7003219,60.25235803,3.126738837,15.2,16.18533482,31.18919229,51.76426833,0.372052634,17.31054133,28.7300645,
542,46203,0,CIAT-BR12_3067,Urochloa,interespecifico,Urochloa interespecifico,Poaceae,Poales,grasses,F262938,39,92,1,2,74,0.5002,459.2147089,264.4147089,0.346469907,40.5,0.706863426,82.5,15.3,40.5,0.371678241,92.5,17,,42,52,39.56623142,48.45997298,88.0262044,6.053633407,8.238195406,14.29182881,191.6885559,57.579756,3.003818133,15.3,16.23587989,31.12232369,54.05080856,0.415738866,17.27342809,29.99913389,
543,46203,0,CIAT-BR12_3069,Urochloa,interespecifico,Urochloa interespecifico,Poaceae,Poales,grasses,F262939,39,92,1,1,75,0.5002,467.9951686,241.4951686,0.346597222,41,0.707314815,81,15.1,40.5,0.372546296,96,17.7,,40,55.5,37.56623142,51.95997298,89.5262044,5.672500945,9.196915217,14.86941616,191.2972834,51.60206447,2.697480255,15.1,16.60900991,31.77258476,61.57231321,0.751222285,17.63433424,34.1736991,
544,46203,0,CIAT-BR12_3069,Urochloa,interespecifico,Urochloa interespecifico,Poaceae,Poales,grasses,F262939,39,92,1,2,76,0.5001,467.901607,228.101607,0.346782407,41,0.70806713,81.5,15,41,0.373136574,95.5,17.6,,40.5,54.5,38.06623142,50.95997298,89.0262044,5.709934713,8.968955244,14.67888996,190.2669345,48.74990887,2.562185017,15,16.48828012,31.37174512,64.35241798,0.974243592,17.41186131,35.71670534,
545,46203,0,BLANK 8 H,0,0,BLANK 8 H,0,0,0,BLANK 8 H,39,92,1,1,77,0,0,0,0.346886574,40,0.709293981,42.5,0,0,0.37349537,-,-,,2.5,,,,,,,,,,,,,,,,,,
546,46203,0,BLANK 8 H,0,0,BLANK 8 H,0,0,0,BLANK 8 H,39,92,1,2,78,0,0,0,0.346909722,40,0.709305556,43,0,0,0.373518519,-,-,,3,,,,,,,,,,,,,,,,,,
547,46203,0,CIAT-BR12_3358,Urochloa,interespecifico,Urochloa interespecifico,Poaceae,Poales,grasses,F262940,39,92,1,1,79,0.5002,461.7904063,238.3904063,0.347210648,41,0.709502315,82,15.8,41,0.373738426,93.5,18.1,,41,52.5,38.56623142,48.95997298,87.5262044,6.093464564,8.861755109,14.95521967,189.5366452,51.62307468,2.723646112,15.8,17.08656256,32.38529746,62.73415068,0.796741427,17.97440039,34.818539,
548,46203,0,CIAT-BR12_3358,Urochloa,interespecifico,Urochloa interespecifico,Poaceae,Poales,grasses,F262940,39,92,1,2,80,0.5002,461.7904063,247.0904063,0.347303241,41,0.709571759,83,15.9,41,0.374166667,93,18.2,,42,52,39.56623142,48.45997298,88.0262044,6.291030796,8.819715082,15.11074588,190.6193875,53.50704626,2.807009663,15.9,17.16619043,32.72208705,61.15472511,0.688923533,18.16132444,33.94193048,
549,46203,0,CIAT-BR12_3377,Urochloa,interespecifico,Urochloa interespecifico,Poaceae,Poales,grasses,F262941,39,92,1,1,81,0.5003,462.409853,233.609853,0.3475,41.5,0.710162037,88,15.2,41,0.37494213,91.5,17.6,,46.5,50.5,44.06623142,46.95997298,91.0262044,6.698067176,8.264955244,14.96302242,196.8517838,50.52008548,2.56640222,15.2,16.43814824,32.35878804,64.05133271,1.306892128,17.9596872,35.54959781,
550,46203,0,CIAT-BR12_3377,Urochloa,interespecifico,Urochloa interespecifico,Poaceae,Poales,grasses,F262941,39,92,1,2,82,0.5002,462.3174265,230.0174265,0.347731481,41,0.71087963,85.5,15.7,40.5,0.375694444,93.5,17.5,,44.5,53,42.06623142,49.45997298,91.5262044,6.604398333,8.655495271,15.2598936,197.9726464,49.75313785,2.513131928,15.7,16.67270451,33.00739433,66.3423369,1.514364266,18.31967492,36.82114477,
551,46203,0,CIAT-BR12_49,Urochloa,interespecifico,Urochloa interespecifico,Poaceae,Poales,grasses,F262942,39,92,1,1,83,0.5001,466.75,232.85,0.347743056,41,0.710902778,85,15,41,0.376365741,94.5,17,,44,53.5,41.56623142,49.95997298,91.5262044,6.234934713,8.493195406,14.72813012,196.0925643,49.88752009,2.544080152,15,16.09170862,31.55464407,63.25157878,0.814650111,17.51337339,35.10572054,
552,46203,0,CIAT-BR12_49,Urochloa,interespecifico,Urochloa interespecifico,Poaceae,Poales,grasses,F262942,39,92,1,2,84,0.5001,466.75,252.15,0.347986111,41.5,0.711631944,86.5,14.9,41,0.376840278,94.5,17.1,,45,53.5,42.56623142,49.95997298,92.5262044,6.342368482,8.543155379,14.88552386,198.2350389,54.02249598,2.725173929,14.9,16.08790067,31.89185616,59.03439961,0.599287547,17.70053193,32.76511314,
553,46203,0,CIAT-BR12_61,Urochloa,interespecifico,Urochloa interespecifico,Poaceae,Poales,grasses,F262943,39,92,1,1,85,0.5002,461.1691581,240.1691581,0.348020833,40.5,0.711875,85.5,15.4,40.5,0.377569444,94.5,17.3,,45,54,42.56623142,50.45997298,93.0262044,6.555199639,8.729575325,15.28477496,201.7181825,52.07832178,2.581736615,15.4,16.43061228,33.14353247,63.64170606,0.774553783,18.39523394,35.32224793,
554,46203,0,CIAT-BR12_61,Urochloa,interespecifico,Urochloa interespecifico,Poaceae,Poales,grasses,F262943,39,92,1,2,86,0.5003,461.261355,247.861355,0.348206019,41,0.712256944,89,15.2,40.5,0.378043981,94,17.5,,48,53.5,45.56623142,49.95997298,95.5262044,6.926067176,8.742995271,15.66906245,207.0977838,53.73555628,2.594694897,15.2,16.40289442,33.97003082,63.21704505,0.696110879,18.85395482,35.08655372,
555,46203,0,CIAT-BR12_91,Urochloa,interespecifico,Urochloa interespecifico,Poaceae,Poales,grasses,F262944,39,92,1,1,87,0.5004,464.0263735,279.5263735,0.348587963,41,0.712638889,82.5,14.4,41,0.378344907,92.5,17.2,,41.5,51.5,39.06623142,47.95997298,87.0262044,5.625537325,8.249115352,13.87465268,187.545815,60.23932894,3.211979373,14.4,15.94307459,29.90056917,49.63629194,0.45697554,16.5953332,27.54900078,
556,46203,0,CIAT-BR12_91,Urochloa,interespecifico,Urochloa interespecifico,Poaceae,Poales,grasses,F262944,39,92,1,2,88,0.5004,464.0263735,241.7263735,0.348611111,41.5,0.713009259,83,14.3,41,0.378819444,92.5,17.9,,41.5,51.5,39.06623142,47.95997298,87.0262044,5.586471093,8.584835163,14.17130626,187.545815,52.09324023,2.777627441,14.3,16.28395304,30.53987244,58.62540381,0.880500655,16.95015758,32.5381134,
557,46203,0,CIAT-BR15_1468,Urochloa,interespecifico,Urochloa interespecifico,Poaceae,Poales,grasses,F262945,39,92,1,1,89,0.5002,461.8423315,256.6423315,0.348668981,41.5,0.713483796,87,15.1,41,0.37931713,94,17.2,,45.5,53,43.06623142,49.45997298,92.5262044,6.503000945,8.507115352,15.0101163,200.341541,55.56925254,2.773725921,15.1,16.22255705,32.50052079,58.48651782,0.606265451,18.03835133,32.46102927,
558,46203,0,CIAT-BR15_1468,Urochloa,interespecifico,Urochloa interespecifico,Poaceae,Poales,grasses,F262945,39,92,1,2,90,0.5003,461.9346631,232.2346631,0.348923611,41,0.714212963,85.5,15.5,41,0.379791667,92.5,17.2,,44.5,51.5,42.06623142,47.95997298,90.0262044,6.52026587,8.249115352,14.76938122,194.8894759,50.27435298,2.579634059,15.5,16.40564691,31.97287929,63.59679915,0.935266702,17.74550117,35.29732382,
559,46203,0,CIAT-BR15_1628,Urochloa,interespecifico,Urochloa interespecifico,Poaceae,Poales,grasses,F262946,39,92,1,1,91,0.5006,461.4687325,280.1687325,0.349247685,41,0.714560185,86,15.1,41,0.380324074,92.5,17.3,,45,51.5,42.56623142,47.95997298,90.5262044,6.427500945,8.297075325,14.72457627,196.1697468,60.71239778,3.09489097,15.1,16.26554031,31.90806924,52.55610124,0.475314064,17.70953047,29.16954546,
560,46203,0,CIAT-BR15_1628,Urochloa,interespecifico,Urochloa interespecifico,Poaceae,Poales,grasses,F262946,39,92,1,2,92,0.5004,461.2843663,235.3843663,0.349259259,41,0.714930556,82,15.3,40.5,0.380891204,92,17.2,,41,51.5,38.56623142,47.95997298,86.5262044,5.900633407,8.249115352,14.14974876,187.5767113,51.02803899,2.720382431,15.3,16.35313702,30.67467661,60.11337535,1.013235352,17.02497622,33.36396334,
561,46203,0,CIAT-BR15_1689,Urochloa,interespecifico,Urochloa interespecifico,Poaceae,Poales,grasses,F262947,39,92,1,1,93,0.5002,461.8941881,287.4941881,0.349618056,40,0.715659722,79,14.6,40.5,0.381331019,94,16.7,,39,53.5,36.56623142,49.95997298,86.5262044,5.338669787,8.343315487,13.68198527,187.3290607,62.24243463,3.322625673,14.6,15.81253375,29.62147095,47.59047606,0.418756911,16.44042886,26.41353758,
562,46203,0,CIAT-BR15_1689,Urochloa,interespecifico,Urochloa interespecifico,Poaceae,Poales,grasses,F262947,39,92,1,2,94,0.5,461.7095043,273.7095043,0.34962963,40,0.716018519,78.5,14.5,40.5,0.381921296,94.5,16.4,,38.5,54,36.06623142,50.45997298,86.5262044,5.229603556,8.275435568,13.50503912,187.4039923,59.28175655,3.163313428,14.5,15.60803368,29.25007824,49.34077521,0.493000768,16.23429948,27.38498389,
563,46203,0,CIAT-BR15_1712,Urochloa,interespecifico,Urochloa interespecifico,Poaceae,Poales,grasses,F262948,39,92,1,1,95,0.5004,476.0866308,283.4866308,0.350173611,40,0.716365741,81.5,14.6,41,0.382766204,94.5,17.2,,41.5,53.5,39.06623142,49.95997298,89.0262044,5.703669787,8.593115352,14.29678514,186.9958084,59.5451778,3.184305483,14.6,16.05907523,30.02979755,50.43195547,0.44500745,16.66705719,27.99060781,
564,46203,0,CIAT-BR15_1712,Urochloa,interespecifico,Urochloa interespecifico,Poaceae,Poales,grasses,F262948,39,92,1,2,96,0.5006,476.2769132,285.2769132,0.350185185,40,0.716805556,82.5,14.8,41,0.383333333,90.5,17.3,,42.5,49.5,40.06623142,45.95997298,86.0262044,5.92980225,7.951075325,13.88087758,180.6222431,59.89727935,3.316162967,14.8,16.13563875,29.14455265,48.65755668,0.424260644,16.17573095,27.00578579,
565,46203,0,CIAT-BR15_1830,Urochloa,interespecifico,Urochloa interespecifico,Poaceae,Poales,grasses,F262949,39,92,1,1,97,0.5,475.3274445,243.2274445,0.350208333,40,0.717291667,83.5,15.4,40.5,0.383819444,90,17.9,0,43.5,49.5,41.06623142,45.95997298,87.0262044,6.324199639,8.226835163,14.5510348,183.0868497,51.17050305,2.794875936,15.4,16.72029121,30.61265443,59.82480649,0.698028156,16.99055284,33.20380263,
566,46203,0,CIAT-BR15_1830,Urochloa,interespecifico,Urochloa interespecifico,Poaceae,Poales,grasses,F262949,39,92,1,2,98,0.5,475.3274445,248.4274445,0.350219907,40,0.71755787,84,15.6,40.5,0.38443287,90,18,,44,49.5,41.56623142,45.95997298,87.5262044,6.484332102,8.272795136,14.75712724,184.1387562,52.26448575,2.838320777,15.6,16.86023899,31.04623435,59.40216173,0.652413291,17.2311972,32.96922748,
567,46203,0,CIAT-BR15_1865,Urochloa,interespecifico,Urochloa interespecifico,Poaceae,Poales,grasses,F262950,39,92,1,1,99,0.5,477.2034369,277.5034369,0.350277778,41.5,0.717997685,86.5,14.8,41,0.384965278,91.5,17.4,,45,50.5,42.56623142,46.95997298,89.5262044,6.29980225,8.171035298,14.47083755,187.6059506,58.15201976,3.099689513,14.8,16.16380103,30.32425257,52.14651648,0.509987536,16.83048482,28.94221884,
568,46203,0,CIAT-BR15_1865,Urochloa,interespecifico,Urochloa interespecifico,Poaceae,Poales,grasses,F262950,39,92,1,2,100,0.5002,477.3943183,273.3943183,0.350590278,41.5,0.718599537,88,14.7,41,0.385543981,91.5,17.4,,46.5,50.5,44.06623142,46.95997298,91.0262044,6.477736019,8.171035298,14.64877132,190.6729949,57.26802935,3.003468288,14.7,16.09291677,30.68484637,53.581111,0.545336652,17.03062062,29.73844362,
569,46203,0,CIAT-BR15_1877,Urochloa,interespecifico,Urochloa interespecifico,Poaceae,Poales,grasses,F262951,39,92,1,1,101,0.5002,476.7953057,269.3953057,0.350625,41.5,0.719108796,82,15.2,41,0.3859375,89,16.9,,40.5,48,38.06623142,44.45997298,82.5262044,5.786067176,7.513735433,13.29980261,173.0851865,56.50124959,3.264360789,15.2,16.115854,27.89415594,49.36909563,0.459419773,15.48173914,27.40070221,
570,46203,0,CIAT-BR15_1877,Urochloa,interespecifico,Urochloa interespecifico,Poaceae,Poales,grasses,F262951,39,92,1,2,102,0.5,476.6046638,259.2046638,0.350949074,41,0.720023148,83.5,15.3,41,0.386898148,91.5,16.9,,42.5,50.5,40.06623142,46.95997298,87.0262044,6.130133407,7.936235433,14.06636884,182.5962081,54.38567507,2.978466838,15.3,16.16337164,29.51370372,54.26742186,0.551761876,16.38061618,30.11935801,
571,46203,0,CIAT-BR15_2174,Urochloa,interespecifico,Urochloa interespecifico,Poaceae,Poales,grasses,F262952,39,92,1,1,103,0.5,478.2054332,268.0054332,0.350972222,41,0.720601852,83.5,14.9,40,0.387361111,95.5,17.3,,42.5,55.5,40.06623142,51.95997298,92.0262044,5.969868482,8.989075325,14.95894381,192.4407337,56.04399586,2.91227303,14.9,16.25509158,31.2814175,55.81582295,0.453240153,17.36172791,30.97874741,
572,46203,0,CIAT-BR15_2174,Urochloa,interespecifico,Urochloa interespecifico,Poaceae,Poales,grasses,F262952,39,92,1,2,104,0.5006,478.7792797,280.2792797,0.351145833,41,0.721377315,84.5,15,40.5,0.387858796,92.5,17.6,,43.5,52,41.06623142,48.45997298,89.5262044,6.159934713,8.528955244,14.68888996,186.9884688,58.54039462,3.130695438,15,16.40736369,30.67987814,52.40804805,0.399053333,17.02786316,29.08737338,
573,46203,0,CIAT-BR15_2464,Urochloa,interespecifico,Urochloa interespecifico,Poaceae,Poales,grasses,F262953,39,92,1,1,105,0.5003,476.9644915,271.3644915,0.351354167,41,0.722071759,84,14.9,41,0.388206019,92.5,16.3,,43,51.5,40.56623142,47.95997298,88.5262044,6.044368482,7.817475595,13.86184408,185.6033436,56.89406577,3.065357804,14.9,15.65846426,29.06263322,51.0820115,0.376969231,16.13026425,28.35140016,
574,46203,0,CIAT-BR15_2464,Urochloa,interespecifico,Urochloa interespecifico,Poaceae,Poales,grasses,F262953,39,92,1,2,106,0.5006,477.2504986,261.9504986,0.351550926,41,0.722592593,84,14.8,41,0.388900463,91.5,16.2,,43,50.5,40.56623142,46.95997298,87.5262044,6.00380225,7.607515622,13.61131787,183.3967794,54.88742272,2.992823697,14.8,15.55113462,28.52028005,51.96141235,0.402362968,15.82924886,28.83948284,
575,46203,0,CIAT-BR15_2528,Urochloa,interespecifico,Urochloa interespecifico,Poaceae,Poales,grasses,F262954,39,92,1,1,107,0.5006,471.0911166,282.0911166,0.351574074,41,0.723055556,86,15.2,41,0.389340278,89.5,17.6,,45,48.5,42.56623142,44.95997298,87.5262044,6.470067176,7.912955244,14.38302242,185.7946399,59.88037275,3.222933276,15.2,16.43281863,30.5312962,50.98715121,0.417002309,16.94539761,28.29875105,
576,46203,0,CIAT-BR15_2528,Urochloa,interespecifico,Urochloa interespecifico,Poaceae,Poales,grasses,F262954,39,92,1,2,108,0.5005,470.9970113,268.4970113,0.351782407,41.5,0.723784722,86,15.2,41,0.389895833,88,17.5,,44.5,47,42.06623142,43.45997298,85.5262044,6.394067176,7.605495271,13.99956245,181.5854503,57.00609662,3.13935376,15.2,16.36874049,29.72325112,52.14047775,0.469811325,16.49691862,28.93886724,
577,46203,0,CIAT-BR15_2532,Urochloa,interespecifico,Urochloa interespecifico,Poaceae,Poales,grasses,F262955,39,92,1,1,109,0.5002,477.1715208,288.9715208,0.351956019,41,0.724409722,83.5,15.6,41,0.390648148,92,17.6,,42.5,51,40.06623142,47.45997298,87.5262044,6.250332102,8.352955244,14.60328735,183.4271338,60.55925557,3.301542924,15.6,16.68447461,30.60385356,50.53538599,0.68579295,16.9856682,28.04801354,
578,46203,0,CIAT-BR15_2532,Urochloa,interespecifico,Urochloa interespecifico,Poaceae,Poales,grasses,F262955,39,92,1,2,110,0.5002,477.1715208,287.7715208,0.352314815,41,0.724884259,83.5,15.5,40.5,0.390949074,90.5,17.6,,42.5,50,40.06623142,46.45997298,86.5262044,6.21026587,8.176955244,14.38722111,181.3314513,60.30777367,3.32583086,15.5,16.62758839,30.15104734,49.99529166,0.691953699,16.73435292,27.74825184,
579,46203,0,CIAT-BR15_2538,Urochloa,interespecifico,Urochloa interespecifico,Poaceae,Poales,grasses,F262956,39,92,1,1,111,0.5002,464.4946387,277.3946387,0.352581019,41,0.725439815,84,15.1,41,0.391076389,92.5,17.1,,43,51.5,40.56623142,47.95997298,88.5262044,6.125500945,8.201155379,14.32665632,190.5860628,59.71966426,3.133474892,15.1,16.18352037,30.8435343,51.64719977,0.528871389,17.11869516,28.66508942,
580,46203,0,CIAT-BR15_2538,Urochloa,interespecifico,Urochloa interespecifico,Poaceae,Poales,grasses,F262956,39,92,1,2,112,0.5002,464.4946387,277.5946387,0.352592593,41,0.725648148,83.5,15.3,41,0.391539352,93.5,17,,42.5,52.5,40.06623142,48.95997298,89.0262044,6.130133407,8.323195406,14.45332881,191.6625015,59.7627218,3.118122812,15.3,16.23491523,31.11624464,52.06631107,0.532016868,17.27005412,28.89770345,
581,46203,0,CIAT-BR15_2545,Urochloa,interespecifico,Urochloa interespecifico,Poaceae,Poales,grasses,F262957,39,92,1,1,113,0.5003,459.1794521,241.7794521,0.352777778,41,0.726018519,81.5,15.3,41,0.3925,91.5,16.6,,40.5,50.5,38.06623142,46.95997298,85.0262044,5.824133407,7.795355514,13.61948892,185.1698808,52.65467585,2.843587501,15.3,16.01799,29.660493,56.33021667,0.77856065,16.46208677,31.26424482,
582,46203,0,CIAT-BR15_2545,Urochloa,interespecifico,Urochloa interespecifico,Poaceae,Poales,grasses,F262957,39,92,1,2,114,0.5002,459.0876712,265.8876712,0.35287037,41,0.726458333,82.5,15.4,41,0.392962963,95.5,16.6,,41.5,54.5,39.06623142,50.95997298,90.0262044,6.016199639,8.459355514,14.47555515,196.0980659,57.91653488,2.953447532,15.4,16.07926853,31.5311346,54.44237067,0.542912067,17.50032522,30.21645763,
583,46203,0,CIAT-BR15_2767,Urochloa,interespecifico,Urochloa interespecifico,Poaceae,Poales,grasses,F262958,39,92,1,1,115,0.5002,462.6174736,275.6174736,0.353090278,41.5,0.726967593,83.5,15.1,41,0.39337963,93.5,16.7,,42,52.5,39.56623142,48.95997298,88.5262044,5.974500945,8.176315487,14.15081643,191.3594048,59.57783468,3.113399874,15.1,15.98489004,30.58859044,51.34223257,0.512043484,16.97719691,28.49582735,
584,46203,0,CIAT-BR15_2767,Urochloa,interespecifico,Urochloa interespecifico,Poaceae,Poales,grasses,F262958,39,92,1,2,116,0.5003,462.7099601,265.1099601,0.353194444,41,0.727453704,83,15.1,41,0.39380787,92.5,16.8,,42,51.5,39.56623142,47.95997298,87.5262044,5.974500945,8.05727546,14.0317764,189.1599748,57.29506234,3.028921018,15.1,16.03151479,30.32520934,52.92813743,0.595846054,16.83101584,29.37603199,
585,46203,0, CIAT 17009,Canavalia, brasiliensis,Canavalia brasiliensis,Fabaceas,Fabales,Trepadoras,F263289,39,92,1,1,117,0.5002,457.4478681,296.6478681,0.353414352,41.5,0.727951389,81,15.4,41,0.394201389,89,18.8,,39.5,48,37.06623142,44.45997298,81.5262044,5.708199639,8.358474919,14.06667456,178.2196619,64.84845352,3.638681211,15.4,17.25417571,30.75033362,47.41876167,0.339665387,17.06696717,26.31823312,
586,46203,0, CIAT 17009,Canavalia, brasiliensis,Canavalia brasiliensis,Fabaceas,Fabales,Trepadoras,F263289,39,92,1,2,118,0.5002,457.4478681,278.6478681,0.353472222,41.5,0.728310185,82,15.6,41,0.394768519,89,19,,40.5,48,38.06623142,44.45997298,82.5262044,5.938332102,8.447394865,14.38572697,180.4057033,60.91357891,3.37647745,15.6,17.43170799,31.44779541,51.62690482,0.412729233,17.45407053,28.65382537,
587,46203,0,CIAT 17462,Canavalia, brasiliensis,Canavalia brasiliensis,Fabaceas,Fabales,Trepadoras,F263290,39,92,1,1,119,0.5002,452.135596,302.435596,0.353680556,41,0.728576389,78.5,16,40.5,0.395046296,84,16.9,,37.5,43.5,35.06623142,39.95997298,75.0262044,5.610597027,6.753235433,12.36383246,165.9373981,66.89046354,4.031066191,16,16.47935219,27.34540826,40.8808772,0.34518858,15.17717469,22.68959413,
588,46203,0,CIAT 17462,Canavalia, brasiliensis,Canavalia brasiliensis,Fabaceas,Fabales,Trepadoras,F263290,39,92,1,2,120,0.5001,452.045205,306.645205,0.353819444,41.5,0.729074074,77.5,14.3,41,0.395601852,85,16.5,,36,44,33.56623142,40.45997298,74.0262044,4.799971093,6.675895541,11.47586663,163.7584108,67.83507526,4.142387247,14.3,15.50243826,25.38654654,37.42392331,0.304814143,14.08997254,20.77092491,
589,46203,0,CIAT 13953,Desmodium,velutinum,Desmodium velutinum,Fabaceas,Fabales,Arbustivas,F263291,39,92,1,1,121,0.5002,461.0710887,252.4710887,0.354143519,41,0.729560185,78,16.3,41,0.3959375,77.5,17.5,,37,36.5,34.56623142,32.95997298,67.5262044,5.634295722,5.767995271,11.40229099,146.4550826,54.75751893,3.738860949,16.3,16.88572769,24.73000644,45.16275924,0.824350562,13.72558143,25.06611274,
590,46203,0,CIAT 13953,Desmodium,velutinum,Desmodium velutinum,Fabaceas,Fabales,Arbustivas,F263291,39,92,1,2,122,0.5002,461.0710887,237.7710887,0.354166667,42.5,0.730023148,78.5,15.8,41,0.39630787,78.5,17.3,,36,37.5,33.56623142,33.95997298,67.5262044,5.303464564,5.875075325,11.17853989,146.4550826,51.5692904,3.521167683,15.8,16.55437321,24.24472096,47.01387352,1.440608716,13.45623959,26.09351319,
591,46203,0,CIAT 9432,Clitoria,tertanea,Clitoria tertanea,Fabaceas,Fabales,Trepadoras,F263292,39,92,1,1,123,0.5001,461.3769369,226.2769369,0.354340278,41,0.730555556,89,18.3,40,0.39681713,78.5,19.6,,48,38.5,45.56623142,34.95997298,80.5262044,8.33862035,6.852154703,15.19077505,174.5345247,49.04383354,2.809978921,18.3,18.86438727,32.92486867,67.1335544,0.452796071,18.27387174,37.26028417,
592,46203,0,CIAT 9432,Clitoria,tertanea,Clitoria tertanea,Fabaceas,Fabales,Trepadoras,F263292,39,92,1,2,124,0.5001,461.3769369,239.1769369,0.354363426,41,0.731099537,91.5,18.3,41,0.397141204,80.5,19.9,0,50.5,39.5,48.06623142,35.95997298,84.0262044,8.79612035,7.156034622,15.95215497,182.1205129,51.83981205,2.846456515,18.3,18.98473826,34.57510269,66.69604176,0.428878825,19.18978018,37.01745709,
593,46203,0,CIAT 17768,Clitoria,tertanea,Clitoria tertanea,Fabaceas,Fabales,Trepadoras,F263293,39,92,1,1,125,0.5004,463.9051718,222.1051718,0.354548611,41,0.731539352,86,18.4,40.5,0.397766204,77,18.8,,45,36.5,42.56623142,32.95997298,75.5262044,7.832186581,6.196474919,14.0286615,162.8052649,47.87727865,2.940769678,18.4,18.57456179,30.24036453,63.16224602,0.522951556,16.7839255,35.05613931,
594,46203,0,CIAT 17768,Clitoria,tertanea,Clitoria tertanea,Fabaceas,Fabales,Trepadoras,F263293,39,92,1,2,126,0.5002,463.719758,248.319758,0.354814815,41,0.732071759,85,19,40.5,0.398252315,78.5,18.7,,44,38,41.56623142,34.45997298,76.0262044,7.89758397,6.444014946,14.34159892,163.9485984,53.54953153,3.266239055,19,18.86402068,30.92729751,57.75456222,0.4122441,17.16518519,32.05478125,
595,46203,0,CIAT 22768,Lablab,purpureus,Lablab purpureus,Fabaceas,Fabales,Trepadoras,F263294,39,92,1,1,127,0.5001,454.7931852,264.7931852,0.354837963,41,0.732465278,89,16.6,41,0.398611111,89,18.5,0,48,48,45.56623142,44.45997298,90.0262044,7.563994416,8.225095,15.78908942,197.9497656,58.2227689,2.941290117,16.6,17.53832623,34.71707565,59.62800517,0.35836721,19.26857763,33.09457449,
596,46203,0,CIAT 22768,Lablab,purpureus,Lablab purpureus,Fabaceas,Fabales,Trepadoras,F263294,39,92,1,2,128,0.5004,455.0660066,234.1660066,0.354907407,41,0.732962963,89,16.1,41,0.399108796,90.5,18.1,,48,49.5,45.56623142,45.95997298,91.5262044,7.336163259,8.318755109,15.65491837,201.1273158,51.45759147,2.55845862,16.1,17.10430195,34.4014234,66.85393237,0.447289347,19.09338517,37.10508911,
597,46203,0,CIAT 22598,Lablab,purpureus,Lablab purpureus,Fabaceas,Fabales,Trepadoras,F263295,39,92,1,1,129,0.5005,457.6364684,312.8364684,0.355289352,41.5,0.733553241,90,17.4,41,0.399490741,85.5,180.8,,48.5,44.5,46.06623142,40.95997298,87.0262044,8.015524267,74.05563114,82.07115541,190.1644873,68.35916497,3.594738741,17.4,94.30625635,179.3370089,262.3452305,2.025567041,99.53514265,145.6061418,
598,46203,0,CIAT 22598,Lablab,purpureus,Lablab purpureus,Fabaceas,Fabales,Trepadoras,F263295,39,92,1,2,130,0.5004,457.5450326,316.1450326,0.355358796,41.5,0.733877315,91.5,17.2,41,0.399953704,85,18.8,,50,44,47.56623142,40.45997298,88.0262044,8.181391804,7.606474919,15.78786672,192.388067,69.09593812,3.591487725,17.2,17.93541688,34.50560185,49.93868351,0.37677447,19.15120601,27.71683334,
599,46203,0,CIAT 18701,Cajanus,cajan,Cajanus cajan,Fabaceas,Fabales,Arbustivas,F263296,39,92,1,1,131,0.5002,464.0197238,84.71972375,0.355486111,42,0.734525463,65,15.9,41,0.400289352,61,18.3,,23,20,20.56623142,16.45997298,37.0262044,3.270030796,3.012175055,6.28220585,79.79446239,18.25778505,2.288101768,15.9,16.9669183,13.53866124,74.15281321,-0.092382332,7.514191223,41.15609425,
600,46203,0,CIAT 18701,Cajanus,cajan,Cajanus cajan,Fabaceas,Fabales,Arbustivas,F263296,39,92,1,2,132,0.5004,464.2052574,64.00525743,0.355601852,41.5,0.735092593,66,15.3,41.5,0.400393519,61.5,18.2,,24.5,20,22.06623142,16.45997298,38.5262044,3.376133407,2.995715082,6.371848489,82.99389931,13.78813712,1.661343453,15.3,16.53899882,13.72636002,99.55195472,-0.082549117,7.618367294,55.25305722,
601,46203,0,CIAT 20891,Cajanus,cajan,Cajanus cajan,Fabaceas,Fabales,Arbustivas,F263297,39,92,1,1,133,0.5,461.180874,119.580874,0.355856481,42,0.735636574,69.5,15.7,41.5,0.401284722,68,17.3,,27.5,26.5,25.06623142,22.95997298,48.0262044,3.935398333,3.972075325,7.907473658,104.1374591,25.92927867,2.489908905,15.7,16.46491485,17.14614396,66.1265752,-0.290192376,9.516406544,36.70139329,
602,46203,0,CIAT 20891,Cajanus,cajan,Cajanus cajan,Fabaceas,Fabales,Arbustivas,F263297,39,92,1,2,134,0.5001,461.2731102,122.4731102,0.355891204,42.5,0.736180556,70.5,15.4,41.5,0.401840278,67,18,,28,25.5,25.56623142,21.95997298,47.5262044,3.937199639,3.952795136,7.889994774,103.0326792,26.55110551,2.576959632,15.4,16.60135682,17.10482272,64.42226185,-0.301365536,9.49347254,35.7554699,
603,46203,0,CIAT 15551,Centrosema ,molle,Centrosema molle,Fabaceas,Fabales,Trepadoras,F263298,39,92,1,1,135,0.5002,458.0623858,90.86238585,0.356145833,41.5,0.737060185,68.5,16.7,41,0.402199074,68,16.6,,27,27,24.56623142,23.45997298,48.0262044,4.102560647,3.894355514,7.996916161,104.8464268,19.83624691,1.891933518,16.7,16.65115172,17.4581376,88.01129408,-0.262649934,9.689568412,48.8477909,
604,46203,0,CIAT 15551,Centrosema ,molle,Centrosema molle,Fabaceas,Fabales,Trepadoras,F263298,39,92,1,2,136,0.5004,458.2455375,143.8455375,0.356215278,41.5,0.737766204,69,16,40,0.402673611,66.5,16.6,,27.5,26.5,25.06623142,22.95997298,48.0262044,4.010597027,3.811355514,7.821952541,104.8045217,31.39049391,2.995146907,16,16.28684307,17.06934798,54.37744316,-0.671682111,9.473783447,30.18042174,
605,46203,0, CIAT 17009,Canavalia,brasiliensis,Canavalia brasiliensis,Fabaceas,Fabales,Trepadoras,F263299,39,92,1,1,137,0.5006,457.2610417,282.2610417,0.356469907,41,0.738599537,84,15.6,41,0.403078704,89,16.5,,43,48,40.56623142,44.45997298,85.0262044,6.328332102,7.335895541,13.66422764,185.9467495,61.72864424,3.319694719,15.6,16.07060757,29.88277241,48.40989589,0.449250221,16.58545569,26.86832976,
606,46203,0, CIAT 17009,Canavalia,brasiliensis,Canavalia brasiliensis,Fabaceas,Fabales,Trepadoras,F263299,39,92,1,2,138,0.5004,457.0783565,185.7783565,0.356585648,41.5,0.739386574,83.5,15.2,41,0.403576389,88,16.4,,42,47,39.56623142,43.45997298,83.0262044,6.014067176,7.127435568,13.14150274,181.6454514,40.64475026,2.237587011,15.2,15.82813865,28.75109389,70.73753365,-1.659537644,15.95735453,39.26055501,
607,46203,0,CIAT 17462,Canavalia,brasiliensis,Canavalia brasiliensis,Fabaceas,Fabales,Trepadoras,F263300,39,92,1,1,139,0.5005,457.5656651,278.3656651,0.356886574,41.5,0.739722222,85.5,16.1,41,0.404050926,89.5,16.1,,44,48.5,41.56623142,44.95997298,86.5262044,6.692163259,7.238555649,13.93071891,189.1011739,60.83622228,3.217125576,16.1,16.1,30.44528899,50.0446738,0.465340914,16.89766213,27.77565978,
608,46203,0,CIAT 17462,Canavalia,brasiliensis,Canavalia brasiliensis,Fabaceas,Fabales,Trepadoras,F263300,39,92,1,2,140,0.5002,457.2914,273.8914,0.356921296,41,0.7403125,79,16.1,41,0.404351852,86,15.4,,38,45,35.56623142,41.45997298,77.0262044,5.726163259,6.384835838,12.1109991,168.4400896,59.89428185,3.555821063,16.1,15.72321938,26.48420481,44.21825255,0.428685626,14.69919188,24.54189519,
609,46203,0,CIAT 9432,Clitoria,tertanea,Clitoria tertanea,Fabaceas,Fabales,Trepadoras,F263301,39,92,1,1,141,0.5005,465.239775,237.239775,0.35712963,40.5,0.740671296,87.5,18.1,40.5,0.404791667,80.5,17.5,,47,40,44.56623142,36.45997298,81.0262044,8.066487887,6.380495271,14.44698316,174.1600971,50.99301215,2.92793889,18.1,17.83001347,31.05276877,60.89612569,0.633963144,17.23482392,33.79840333,
610,46203,0,CIAT 9432,Clitoria,tertanea,Clitoria tertanea,Fabaceas,Fabales,Trepadoras,F263301,39,92,1,2,142,0.5002,464.96091,252.46091,0.35724537,41,0.741215278,89,18,41,0.405219907,81.5,17.8,,48,40.5,45.56623142,36.95997298,82.5262044,8.201921656,6.57887519,14.78079685,177.490629,54.29723329,3.059160564,18,17.91042852,31.78933224,58.54687304,0.527994204,17.64362938,32.49452746,
611,46203,0,CIAT 17768,Clitoria,tertanea,Clitoria tertanea,Fabaceas,Fabales,Trepadoras,F263302,39,92,1,1,143,0.5001,464.0517787,248.4517787,0.357407407,41,0.741701389,83,18.6,41,0.405671296,83,17.4,,42,42,39.56623142,38.45997298,78.0262044,7.359319044,6.692035298,14.05135434,168.14116,53.53966737,3.184209467,18.6,18.00850682,30.27971228,56.55566007,0.487267506,16.80576418,31.38936981,
612,46203,0,CIAT 17768,Clitoria,tertanea,Clitoria tertanea,Fabaceas,Fabales,Trepadoras,F263302,39,92,1,2,144,0.5,463.9589869,228.1589869,0.357650463,41,0.742546296,85.5,17.9,41,0.406157407,82,17.4,,44.5,41,42.06623142,37.45997298,79.5262044,7.529855424,6.518035298,14.04789072,171.4078327,49.17654219,2.868978706,17.9,17.66448032,30.27830286,61.57062192,0.634099591,16.80498193,34.1727604,
613,46203,0,CIAT 22768,Lablab,purpureus,Lablab purpureus,Fabaceas,Fabales,Trepadoras,F263303,39,92,1,1,145,0.5003,461.6865033,297.6865033,0.357696759,41.5,0.742743056,86.5,17.5,41,0.406585648,86.5,18,,45,45.5,42.56623142,41.95997298,84.5262044,7.449090499,7.552795136,15.00188563,183.0813849,64.47806058,3.521825041,17.5,17.74820689,32.49366297,50.39491367,0.281507031,18.03454512,27.97004897,
614,46203,0,CIAT 22768,Lablab,purpureus,Lablab purpureus,Fabaceas,Fabales,Trepadoras,F263303,39,92,1,2,146,0.5002,461.5942213,314.3942213,0.357858796,41.5,0.743298611,86,17,40.5,0.407025463,87,17.5,,44.5,46.5,42.06623142,42.95997298,85.0262044,7.151259342,7.517995271,14.66925461,184.201189,68.11051933,3.697615618,17,17.25262784,31.77954561,46.6587921,0.252623119,17.63819763,25.89643686,
615,46203,0,CIAT 22598,Lablab,purpureus,Lablab purpureus,Fabaceas,Fabales,Trepadoras,F263304,39,92,1,1,147,0.5004,458.2038859,300.1038859,0.358113426,41,0.744513889,95,16.7,41,0.4075,97,18.6,,54,56,51.56623142,52.45997298,104.0262044,8.611560647,9.757554973,18.36911562,227.0303845,65.49570947,2.884887396,16.7,17.65816193,40.08939292,61.2091895,0.390597957,22.25030666,33.97215915,
616,46203,0,CIAT 22598,Lablab,purpureus,Lablab purpureus,Fabaceas,Fabales,Trepadoras,F263304,39,92,1,2,148,0.5004,458.2038859,295.9038859,0.358159722,41.5,0.744895833,94.5,16.7,41,0.407881944,96.5,18.6,,53,55.5,50.56623142,51.95997298,102.5262044,8.444560647,9.664554973,18.10911562,223.7567327,64.57908695,2.886129333,16.7,17.6629143,39.52195994,61.19931668,0.396947176,21.93537154,33.96667957,
617,46203,0,CIAT 18701,Cajanus,cajan,Cajanus cajan,Fabaceas,Fabales,Arbustivas,F263305,39,92,1,1,149,0.5002,476.9238703,182.0238703,0.35837963,41.5,0.745289352,74.5,16.7,41,0.408159722,74,18,,33,33,30.56623142,29.45997298,60.0262044,5.104560647,5.302795136,10.40735578,125.8611869,38.1662319,3.032406799,16.7,17.33802077,21.82183873,57.1757746,1.947497622,12.11149803,31.7335441,
618,46203,0,CIAT 18701,Cajanus,cajan,Cajanus cajan,Fabaceas,Fabales,Arbustivas,F263305,39,92,1,2,150,0.5001,476.8285237,206.7285237,0.358541667,42,0.745914352,76,16.1,41,0.408599537,74.5,17.9,,34,33.5,31.56623142,29.95997298,61.5262044,5.082163259,5.362835163,10.44499842,129.0321391,43.35489876,3.360007752,16.1,16.97650379,21.90514598,50.52519234,0.786115452,12.157735,28.04235588,
619,46203,0,CIAT 20891,Cajanus,cajan,Cajanus cajan,Fabaceas,Fabales,Arbustivas,F263306,39,92,1,1,151,0.5003,474.944932,176.544932,0.358622685,42,0.746377315,76,16.5,41.5,0.409236111,72.5,18,,34,31,31.56623142,27.45997298,59.0262044,5.208428184,4.942795136,10.15122332,124.2801016,37.17166352,2.990958572,16.5,17.19782497,21.37347435,57.49937539,4.02328188,11.86264804,31.91314814,
620,46203,0,CIAT 20891,Cajanus,cajan,Cajanus cajan,Fabaceas,Fabales,Arbustivas,F263306,39,92,1,2,152,0.5004,475.0398641,134.3398641,0.358773148,42,0.747175926,73.5,16.5,41,0.40974537,71.5,18,,31.5,30.5,29.06623142,26.95997298,56.0262044,4.795928184,4.852795136,9.64872332,117.940006,28.27970329,2.397804126,16.5,17.22180438,20.31139711,71.82323272,-0.855946736,11.2731768,39.86313678,
621,46203,0,Sample 8,Cynodon, nlemfuensis ,Cynodon nlemfuensis ,Poaceae,Poales,grasses,F250008,39,92,1,1,153,0.5,468.6546792,199.9546792,0.358900463,41.5,0.747893519,66,16.8,41,0.410358796,80.5,17.7,,24.5,39.5,22.06623142,35.95997298,58.0262044,3.707126879,6.364915217,10.0720421,123.8144138,42.66567434,3.445937595,16.8,17.35774759,21.49139343,50.37162488,0.773190727,11.92809518,27.95712329,
622,46203,0,Sample 8,Cynodon, nlemfuensis ,Cynodon nlemfuensis ,Poaceae,Poales,grasses,F250008,39,92,1,2,154,0.5004,469.029603,209.629603,0.359039352,41.5,0.748321759,66,17.1,41,0.410706019,81.5,17.7,,24.5,40.5,22.06623142,36.95997298,59.0262044,3.773325573,6.541915217,10.31524079,125.8475031,44.69432241,3.551466761,17.1,17.47569727,21.99272866,49.20698529,0.640540805,12.2063449,27.31072817,
623,46203,0,BLANK 24 H,0,0,BLANK 24 H,0,0,0,BLANK 24 H,39,92,1,1,155,0,0,0,0.359189815,40.5,0.748819444,42,-,40,0.411331019,43,-,,1.5,3,,,,,,,,,,,,,,,,,
624,46203,0,BLANK 24 H,0,0,BLANK 24 H,0,0,0,BLANK 24 H,39,92,1,2,156,0,0,0,0.359421296,40.5,0.748969907,42,-,40,0.41150463,42.5,-,0,1.5,2.5,,,,,,,,,,,,,,,,,
625,46209,0,BLANK 24 H,0,0,BLANK 24 H,0,0,0,BLANK 24 H,39,93,2,1,1,0,0,0,0.328078704,40,0.662615741,42,0,39.5,0.337465278,43.5,0,,2,4,,,,,,,,,,,,,,,,,
626,46209,0,BLANK 24 H,0,0,BLANK 24 H,0,0,0,BLANK 24 H,39,93,2,2,2,0,0,0,0.328391204,40,0.662905093,42,0,39.5,0.338125,43.5,0,,2,4,,,,,,,,,,,,,,,,,
627,46209,0,CIAT_BR04_3025_Llan,Urochloa,interespecifico,Urochloa interespecifico,Poaceae,Poales,grasses,F262903,39,93,2,1,3,0.5003,467.5352715,209.8352715,0.328703704,40.5,0.663460648,83,13.8,40,0.33875,95.5,17.6,,42.5,55.5,41.0987393,52.95560558,94.05434488,5.671626024,9.320186581,14.99181261,201.1705867,44.8811639,2.231000298,13.8,15.93952159,32.0656291,71.44562732,1.712934202,17.79697892,39.65355925,
628,46209,0,CIAT_BR04_3025_Llan,Urochloa,interespecifico,Urochloa interespecifico,Poaceae,Poales,grasses,F262903,39,93,2,2,4,0.5001,467.3483695,221.6483695,0.328946759,40.5,0.663726852,81.5,16,40,0.339756944,91,17.7,,41,51,39.5987393,48.45560558,88.05434488,6.335798288,8.576642187,14.91244048,188.4126502,47.4267985,2.517176975,16,16.93549648,31.90861774,67.27972107,1.150086926,17.7098349,37.3414092,
629,46209,0,CIAT_BR02_1752_Llan,Urochloa,interespecifico,Urochloa interespecifico,Poaceae,Poales,grasses,F262904,39,93,2,1,5,0.5001,469.1546058,213.0546058,0.329143519,40.5,0.664050926,77,16.7,40,0.340208333,95.5,16.3,,36.5,55.5,35.0987393,52.95560558,88.05434488,5.861489464,8.631763709,14.49325317,187.6872651,45.41245107,2.419580841,16.7,16.45944126,30.89227515,68.02600262,0.934111952,17.14574718,37.75560837,
630,46209,0,CIAT_BR02_1752_Llan,Urochloa,interespecifico,Urochloa interespecifico,Poaceae,Poales,grasses,F262904,39,93,2,2,6,0.5003,469.3422301,215.9422301,0.329594907,40,0.665011574,79,16.1,40,0.34087963,95,16.4,,39,55,37.5987393,52.45560558,90.05434488,6.053397028,8.602719315,14.65611634,191.8735181,46.00954618,2.397910178,16.1,16.2747465,31.22692867,67.87054266,0.891509781,17.33148567,37.66932541,
631,46209,0,CIAT_CIAT_606_Llan,Urochloa,interespecifico,Urochloa interespecifico,Poaceae,Poales,grasses,F262905,39,93,2,1,7,0.5002,471.0985479,198.0985479,0.329641204,41,0.665497685,74,16.4,40,0.341006944,97,16.6,,33,57,31.5987393,54.45560558,86.05434488,5.182193246,9.039630526,14.22182377,182.6673957,42.05034144,2.302016804,16.4,16.52656097,30.18863852,71.79166087,0.843041582,16.75521667,39.84561385,
632,46209,0,CIAT_CIAT_606_Llan,Urochloa,interespecifico,Urochloa interespecifico,Poaceae,Poales,grasses,F262905,39,93,2,2,8,0.5001,471.0043659,196.7043659,0.33037037,40.5,0.665960648,75,16.6,40,0.341458333,97,16.7,,34.5,57,33.0987393,54.45560558,87.55434488,5.494390724,9.094086131,14.58847686,185.8886057,41.76274789,2.246654534,16.6,16.66219635,30.97312448,74.16447921,0.886455,17.19061995,41.16256908,
633,46209,0,CIAT_BR02_1794_Llan,Urochloa,interespecifico,Urochloa interespecifico,Poaceae,Poales,grasses,F262906,39,93,2,1,9,0.5001,469.5530838,214.4530838,0.330902778,40,0.666400463,84.5,15.7,40,0.341863426,94,16.3,,44.5,54,43.0987393,51.45560558,94.55434488,6.766502071,8.387263709,15.15376578,201.3709379,45.6717443,2.268040501,15.7,16.02651449,32.27274254,70.66238225,1.992780665,17.91193046,39.21884468,
634,46209,0,CIAT_BR02_1794_Llan,Urochloa,interespecifico,Urochloa interespecifico,Poaceae,Poales,grasses,F262906,39,93,2,2,10,0.5003,469.7408674,205.1408674,0.331365741,40.5,0.666805556,84.5,15.6,40,0.34244213,93.5,16.3,,44,53.5,42.5987393,50.95560558,93.55434488,6.645403331,8.305763709,14.95116704,199.1616045,43.67107094,2.192745486,15.6,15.98126422,31.82854224,72.88244038,3.558275505,17.66539161,40.45101535,
635,46209,0,CIAT_CIAT_6294_Llan,Urochloa,interespecifico,Urochloa interespecifico,Poaceae,Poales,grasses,F262907,39,93,2,1,11,0.5002,471.7957435,215.3957435,0.331481481,40.5,0.667199074,85.5,16.3,40,0.342835648,93,17.2,,45,53,43.5987393,50.45560558,94.05434488,7.106594506,8.678364159,15.78495867,199.3539496,45.65444824,2.290120077,16.3,16.78280646,33.45718753,73.28352181,0.48459128,18.56931792,40.67362248,
636,46209,0,CIAT_CIAT_6294_Llan,Urochloa,interespecifico,Urochloa interespecifico,Poaceae,Poales,grasses,F262907,39,93,2,2,12,0.5002,471.7957435,215.9957435,0.331782407,40.5,0.667476852,85,16.5,40,0.343356481,93.5,17.1,,44.5,53.5,43.0987393,50.95560558,94.05434488,7.111291985,8.713408554,15.82470054,199.3539496,45.78162191,2.296499367,16.5,16.82506062,33.54142287,73.26394624,0.483469465,18.61606999,40.6627577,
637,46209,0,CIAT_Mulato_II_Llan,Urochloa,interespecifico,Urochloa interespecifico,Poaceae,Poales,grasses,F262908,39,93,2,1,13,0.5002,469.7688934,223.5688934,0.332060185,40.5,0.668020833,70,15.9,39,0.343912037,92.5,16.8,,29.5,53.5,28.0987393,50.95560558,79.05434488,4.467699549,8.560541737,13.02824129,168.2834815,47.59125105,2.828040556,15.9,16.48010784,27.73329922,58.2739445,1.140083373,15.39246088,32.3430474,
638,46209,0,CIAT_Mulato_II_Llan,Urochloa,interespecifico,Urochloa interespecifico,Poaceae,Poales,grasses,F262908,39,93,2,2,14,0.5002,469.7688934,147.5688934,0.333425926,40.5,0.668576389,69.5,18.2,39.5,0.34431713,96.5,17.8,,.,.,.,.,.,.,.,.,.,.,.,.,.,.,.,.,.,.,
639,46209,0,CIAT_BR04_3025_Qu,Urochloa,interespecifico,Urochloa interespecifico,Poaceae,Poales,grasses,F262909,39,93,2,1,15,0.5003,472.2595832,220.5595832,0.3325,40.5,0.669675926,81,16.9,39.5,0.344756944,99,16.5,,40.5,59.5,39.0987393,56.95560558,96.05434488,6.607686942,9.39767492,16.00536186,203.393109,46.70304024,2.296195799,16.9,16.66281924,33.8910261,72.56706614,8.330070513,18.81010584,40.27597719,
640,46209,0,CIAT_BR04_3025_Qu,Urochloa,interespecifico,Urochloa interespecifico,Poaceae,Poales,grasses,F262909,39,93,2,2,16,0.5004,472.3539785,232.5539785,0.332696759,41,0.669965278,76.5,16.7,40,0.345335648,98.5,17.5,,35.5,58.5,34.0987393,55.95560558,90.05434488,5.694489464,9.792230976,15.48672044,190.6501247,49.2329882,2.582373774,16.7,17.19708301,32.78626019,66.59408943,2.354650209,18.19694164,36.96087178,
641,46209,0,CIAT_BR02_1752_Qu,Urochloa,interespecifico,Urochloa interespecifico,Poaceae,Poales,grasses,F262910,39,93,2,1,17,0.5,457.7,254.6,0.333125,40,0.670439815,80,16.8,40,0.346006944,90,15.9,,40,50,38.5987393,47.45560558,86.05434488,6.484588203,7.545441287,14.03002949,188.0147365,55.62595587,2.958595529,16.8,16.3036852,30.65333076,55.10616453,0.654825743,17.01312891,30.58487471,
642,46209,0,CIAT_BR02_1752_Qu,Urochloa,interespecifico,Urochloa interespecifico,Poaceae,Poales,grasses,F262910,39,93,2,2,18,0.5001,457.79154,241.89154,0.333865741,40,0.670821759,80,16.6,40,0.346365741,89,15.8,,40,49,38.5987393,46.45560558,85.05434488,6.407390724,7.339985681,13.74737641,185.7927407,52.83879645,2.84396453,16.6,16.16305014,30.02977383,56.83281195,0.833665008,16.66704402,31.5431939,
643,46209,0,CIAT_CIAT_606_Qu,Urochloa,interespecifico,Urochloa interespecifico,Poaceae,Poales,grasses,F262911,39,93,2,1,19,0.5,472.4555278,228.3555278,0.333900463,39.5,0.671261574,81.5,16.3,39,0.346956019,92.5,16.5,,42,53.5,40.5987393,50.95560558,91.55434488,6.617594506,8.40767492,15.02526943,193.7840484,48.33376146,2.494207436,16.3,16.41131226,31.8025053,65.79770401,1.872246109,17.65094066,36.51886409,
644,46209,0,CIAT_CIAT_606_Qu,Urochloa,interespecifico,Urochloa interespecifico,Poaceae,Poales,grasses,F262911,39,93,2,2,20,0.5,472.4555278,239.5555278,0.334131944,40.5,0.671550926,84,16.1,39.5,0.347326389,95.5,16.7,,43.5,56,42.0987393,53.45560558,95.55434488,6.777897028,8.927086131,15.70498316,202.2504538,50.70435495,2.507008217,16.1,16.43565573,33.24118829,65.55884268,1.282528824,18.44943461,36.38629192,
645,46209,0,CIAT_BR02_1794_Qu,Urochloa,interespecifico,Urochloa interespecifico,Poaceae,Poales,grasses,F262912,39,93,2,1,21,0.5003,471.4090357,273.5090357,0.334444444,40,0.671828704,83,16.5,40,0.347766204,92.5,16.1,,43,52.5,41.5987393,49.95560558,91.55434488,6.863791985,8.042852498,14.90664448,194.2142342,58.01947247,2.987395476,16.5,16.28174447,31.62146534,54.50146993,0.437585673,17.55046035,30.24925874,
646,46209,0,CIAT_BR02_1794_Qu,Urochloa,interespecifico,Urochloa interespecifico,Poaceae,Poales,grasses,F262912,39,93,2,2,22,0.5001,471.2205851,248.1205851,0.3346875,40.5,0.672210648,83.5,16,40,0.348240741,97.5,16.1,,43,57.5,41.5987393,54.95560558,96.55434488,6.655798288,8.847852498,15.50365079,204.9026463,52.65486971,2.569750594,16,16.05691676,32.90104736,62.48433913,0.6046654,18.2606505,34.67988926,
647,46209,0,CIAT_CIAT_6294_Qu,Urochloa,interespecifico,Urochloa interespecifico,Poaceae,Poales,grasses,F262913,39,93,2,1,23,0.5002,469.7893555,214.6893555,0.334803241,40.5,0.672581019,77,17.6,40,0.348645833,96.5,17.4,,36.5,56.5,35.0987393,53.95560558,89.05434488,6.177378117,9.38827537,15.56565349,189.5622875,45.69906767,2.410767894,17.6,17.47882544,33.13326134,72.50314509,2.083052022,18.38953328,40.2404999,
648,46209,0,CIAT_CIAT_6294_Qu,Urochloa,interespecifico,Urochloa interespecifico,Poaceae,Poales,grasses,F262913,39,93,2,2,24,0.5002,469.7893555,252.6893555,0.335034722,40,0.673506944,77.5,17.3,40,0.349166667,97.5,17.1,,37.5,57.5,36.0987393,54.95560558,91.05434488,6.245081899,9.397408554,15.64249045,193.8195147,53.78779926,2.775148795,17.3,17.17929054,33.29681754,61.90403401,0.735925823,18.48030981,34.35780988,
649,46209,0,CIAT_Mulato_II_Qu,Urochloa,interespecifico,Urochloa interespecifico,Poaceae,Poales,grasses,F262914,39,93,2,1,25,0.5002,468.745013,221.745013,0.335115741,40,0.673564815,71,16.8,40,0.349525463,91,16.1,,31,51,29.5987393,48.45560558,78.05434488,4.972588203,7.801352498,12.7739407,166.5177073,47.30610606,2.84090544,16.8,16.36544477,27.25136342,57.60643961,1.627711946,15.12497818,31.97257064,
650,46209,0,CIAT_Mulato_II_Qu,Urochloa,interespecifico,Urochloa interespecifico,Poaceae,Poales,grasses,F262914,39,93,2,2,26,0.5003,468.8387245,245.3387245,0.335347222,40,0.673854167,81.5,16.6,40,0.349988426,86,16.5,,41.5,46,40.0987393,43.45560558,83.55434488,6.656390724,7.17017492,13.82656564,178.2155366,52.32902311,2.93627728,16.6,16.54799121,29.49109133,56.35704543,0.831324369,16.36806592,31.27913525,
651,46209,0,CIAT-BR04_2515,Urochloa,interespecifico,Urochloa interespecifico,Poaceae,Poales,grasses,F262915,39,93,2,1,27,0.5001,473.6736901,241.5736901,0.335659722,40.5,0.674282407,77.5,16.6,40,0.350358796,98,17.8,,37,58,35.5987393,55.45560558,91.05434488,5.909390724,9.871097793,15.78048852,192.2301086,51.00002284,2.653071531,16.6,17.33084625,33.31510457,65.32370519,1.123951331,18.49045942,36.25578655,
652,46209,0,CIAT-BR04_2515,Urochloa,interespecifico,Urochloa interespecifico,Poaceae,Poales,grasses,F262915,39,93,2,2,28,0.5003,473.8631217,260.3631217,0.335740741,40.5,0.674641204,76,18.7,40,0.350729167,97.5,18,,35.5,57.5,34.0987393,54.95560558,89.05434488,6.37646425,9.892009004,16.26847325,187.9326345,54.94479519,2.923643109,18.7,18.26802867,34.33158756,62.48378475,0.776151535,19.05462507,34.67958157,
653,46209,0,CIAT-BR05_931,Urochloa,interespecifico,Urochloa interespecifico,Poaceae,Poales,grasses,F262916,39,93,2,1,29,0.5002,471.6443509,226.9443509,0.335891204,39.5,0.676076389,77.5,16.2,39.5,0.351180556,95,17.9,,38,55.5,36.5987393,52.95560558,89.55434488,5.928995767,9.479053398,15.40804917,189.8768526,48.11768665,2.53415232,16.2,17.20525027,32.66878769,67.89351269,-22.13081018,18.13174237,37.68207417,
654,46209,0,CIAT-BR05_931,Urochloa,interespecifico,Urochloa interespecifico,Poaceae,Poales,grasses,F262916,39,93,2,2,30,0.5002,471.6443509,235.5443509,0.33625,40,0.676331019,80.5,16,40,0.352233796,95.5,18,,40.5,55.5,39.0987393,52.95560558,92.05434488,6.255798288,9.532009004,15.78780729,195.1774567,49.94109448,2.558753214,16,17.15052919,33.47396669,67.02689848,5.553708751,18.57863065,37.20108829,
655,46209,0,CIAT-BR09_5252,Urochloa,interespecifico,Urochloa interespecifico,Poaceae,Poales,grasses,F262917,39,93,2,1,31,0.5001,471.4735476,222.6735476,0.336284722,40,0.676597222,80,15.7,40,0.352615741,91,16.8,,40,51,38.5987393,48.45560558,87.05434488,6.060002071,8.140541737,14.20054381,184.6431159,47.22927697,2.557868283,15.7,16.31227462,30.11949213,63.77292659,2.031288607,16.71683923,35.39507759,
656,46209,0,CIAT-BR09_5252,Urochloa,interespecifico,Urochloa interespecifico,Poaceae,Poales,grasses,F262917,39,93,2,2,32,0.5003,471.6620994,221.7620994,0.33681713,40,0.676967593,81,15.3,39,0.353148148,90,16.7,,41,51,39.5987393,48.45560558,88.05434488,6.058607113,8.092086131,14.15069324,186.6894648,47.01715479,2.518468562,15.3,16.07040886,30.00176029,63.81024208,2.138524463,16.65149602,35.41578834,
657,46209,0,CIAT-BR12_1176,Urochloa,interespecifico,Urochloa interespecifico,Poaceae,Poales,grasses,F262918,39,93,2,1,33,0.5003,469.7408324,252.4408324,0.336921296,39.5,0.677638889,78,15.8,39,0.353541667,94,17.8,,38.5,55,37.0987393,52.45560558,89.55434488,5.86160081,9.337097793,15.1986986,190.6462856,53.74044899,2.818856336,15.8,16.97148097,32.35549808,60.20697387,0.735699189,17.95786122,33.41591214,
658,46209,0,CIAT-BR12_1176,Urochloa,interespecifico,Urochloa interespecifico,Poaceae,Poales,grasses,F262918,39,93,2,2,34,0.5005,469.9286161,218.1286161,0.337013889,40.5,0.677581019,78.5,14.6,40,0.354236111,94.5,18,,38,54.5,36.5987393,51.95560558,88.55434488,5.343415938,9.352009004,14.69542494,188.4421204,46.41739376,2.463217546,14.6,16.59480962,31.27161113,67.37045879,1.814506184,17.35628521,37.39177021,
659,46209,0,CIAT-BR12_1280,Urochloa,interespecifico,Urochloa interespecifico,Poaceae,Poales,grasses,F262919,39,93,2,1,35,0.5001,474.8287911,283.2287911,0.337418981,40,0.677847222,79,16.2,39.5,0.3546875,90,18.2,,39,50.5,37.5987393,47.95560558,85.55434488,6.090995767,8.727920215,14.81891598,180.1793541,59.64861365,3.310513236,16.2,17.32105599,31.20896681,52.32136155,0.455841295,17.32151653,29.03926088,
660,46209,0,CIAT-BR12_1280,Urochloa,interespecifico,Urochloa interespecifico,Poaceae,Poales,grasses,F262919,39,93,2,2,36,0.5004,475.1136314,248.0136314,0.337546296,40,0.678113426,77,16.1,39,0.355115741,89,18.1,,37,50,35.5987393,47.45560558,83.05434488,5.731397028,8.589464609,14.32086164,174.8094338,52.20090838,2.98616083,16.1,17.24276034,30.14197171,57.742236,0.714185196,16.72931579,32.04793998,
661,46209,0,CIAT-BR12_1282,Urochloa,interespecifico,Urochloa interespecifico,Poaceae,Poales,grasses,F262920,39,93,2,1,37,0.5003,473.6130762,249.8130762,0.337638889,40,0.678541667,78,15.3,40,0.355613426,92,16.8,,38,52,36.5987393,49.45560558,86.05434488,5.599607113,8.308541737,13.90814885,181.6975696,52.74623712,2.902968776,15.3,16.16205303,29.36605754,55.67422274,0.649882231,16.29867,30.90015685,
662,46209,0,CIAT-BR12_1282,Urochloa,interespecifico,Urochloa interespecifico,Poaceae,Poales,grasses,F262920,39,93,2,2,38,0.5003,473.6130762,242.4130762,0.33806713,40,0.678831019,77,16.4,40,0.356134259,95,16.7,,37,55,35.5987393,52.45560558,88.05434488,5.838193246,8.760086131,14.59827938,185.920426,51.18378026,2.752993922,16.4,16.57871556,30.82321859,60.22067623,0.776416007,17.10741959,33.42351719,
663,46209,0,CIAT-BR12_1325,Urochloa,interespecifico,Urochloa interespecifico,Poaceae,Poales,grasses,F262921,39,93,2,1,39,0.5003,474.7635487,237.5635487,0.338090278,40,0.679525463,74.5,16.1,39.5,0.356574074,95.5,17.2,,34.5,56,33.0987393,53.45560558,86.55434488,5.328897028,9.194364159,14.52326119,182.3104262,50.03828734,2.744675025,16.1,16.77935545,30.59051443,61.13421553,1.13919034,16.97826476,33.93054731,
664,46209,0,CIAT-BR12_1325,Urochloa,interespecifico,Urochloa interespecifico,Poaceae,Poales,grasses,F262921,39,93,2,2,40,0.5003,474.7635487,225.5635487,0.338252315,40,0.679641204,75,15.5,40,0.356979167,93,17.3,,35,53,33.5987393,50.45560558,84.05434488,5.207804592,8.728819765,13.93662436,177.044647,47.51071334,2.683544188,15.5,16.58049251,29.35487443,61.78580023,1.672121131,16.29246318,34.29218809,
665,46209,0,CIAT-BR12_1399,Urochloa,interespecifico,Urochloa interespecifico,Poaceae,Poales,grasses,F262922,39,93,2,1,41,0.5004,476.1852726,206.2852726,0.338576389,40,0.680034722,75,16.5,40,0.357511574,92.5,16.9,,.,.,.,.,.,.,.,.,.,.,.,.,.,.,.,.,.,.,
666,46209,0,CIAT-BR12_1399,Urochloa,interespecifico,Urochloa interespecifico,Poaceae,Poales,grasses,F262922,39,93,2,2,42,0.5001,475.8997898,274.6997898,0.338680556,39.5,0.680416667,74.5,17.5,40,0.357847222,88.5,17.2,,35,48.5,33.5987393,45.95560558,79.55434488,5.879779378,7.904364159,13.78414354,167.1661694,57.72219187,3.452982866,17.5,17.32670108,28.96438249,50.17893733,0.53010076,16.07573339,27.85017837,
667,46209,0,CIAT-BR12_1418,Urochloa,interespecifico,Urochloa interespecifico,Poaceae,Poales,grasses,F262923,39,93,2,1,43,0.5001,469.175,221.175,0.338831019,40,0.6809375,77,17,39.5,0.358287037,97,17.1,,37,57.5,35.5987393,54.95560558,90.55434488,6.051785681,9.397408554,15.44919424,193.0076088,47.14125859,2.442455967,17,17.06068798,32.92842593,69.85054475,2.222032595,18.27584609,38.76826082,
668,46209,0,CIAT-BR12_1418,Urochloa,interespecifico,Urochloa interespecifico,Poaceae,Poales,grasses,F262923,39,93,2,2,44,0.5004,469.4564487,260.2564487,0.339236111,40,0.681331019,77.5,16.3,39,0.358784722,95,17.4,,37.5,56,36.0987393,53.45560558,89.55434488,5.884094506,9.30127537,15.18536988,190.7617738,55.4378259,2.906128665,16.3,16.95659758,32.34670632,58.347718,0.70442276,17.95298164,32.38399297,
669,46209,0,CIAT-BR12_1509,Urochloa,interespecifico,Urochloa interespecifico,Poaceae,Poales,grasses,F262924,39,93,2,1,45,0.5001,473.3013091,220.5013091,0.339351852,39,0.682094907,78,16,39,0.359247685,80,17.3,,.,.,.,.,.,.,.,.,.,.,.,.,.,.,.,.,.,.,
670,46209,0,CIAT-BR12_1509,Urochloa,interespecifico,Urochloa interespecifico,Poaceae,Poales,grasses,F262924,39,93,2,2,46,0.5001,473.3013091,244.7013091,0.339490741,39.5,0.682465278,79,16.3,40,0.359733796,81.5,17.2,,39.5,41.5,38.0987393,38.95560558,77.05434488,6.210094506,6.700364159,12.91045867,162.8018841,51.70095759,3.175697742,16.3,16.75500413,27.27746241,52.76007192,0.726340327,15.13946356,29.28275272,
671,46209,0,CIAT-BR12_1535,Urochloa,interespecifico,Urochloa interespecifico,Poaceae,Poales,grasses,F262925,39,93,2,1,47,0.5002,474.2960179,234.7960179,0.339791667,40,0.682858796,77,16,40,0.360150463,89.5,18.7,,37,49.5,35.5987393,46.95560558,82.55434488,5.695798288,8.780698243,14.47649653,174.0565844,49.50410905,2.844138831,16,17.53571729,30.52207057,61.65563054,1.117335254,16.94027723,34.21994165,
672,46209,0,CIAT-BR12_1535,Urochloa,interespecifico,Urochloa interespecifico,Poaceae,Poales,grasses,F262925,39,93,2,2,48,0.5003,474.3908392,253.4908392,0.34005787,39,0.682881944,77.5,16.8,40,0.360636574,92,18.4,,38.5,52,37.0987393,49.45560558,86.55434488,6.232588203,9.099831426,15.33241963,182.45366,53.43501987,2.928689941,16.8,17.7142114,32.32022704,60.48510344,0.77702185,17.93828518,33.57027887,
673,46209,0,CIAT-BR12_1685,Urochloa,interespecifico,Urochloa interespecifico,Poaceae,Poales,grasses,F262926,39,93,2,1,49,0.5,473.3053337,211.5053337,0.340115741,40.5,0.683194444,75,16.7,40,0.361122685,90.5,17.6,,34.5,50.5,33.0987393,47.95560558,81.05434488,5.527489464,8.440186581,13.96767604,171.2517039,44.68686884,2.609426231,16.7,17.23248281,29.51092044,66.03935609,2.471534989,16.37907141,36.65298518,
674,46209,0,CIAT-BR12_1685,Urochloa,interespecifico,Urochloa interespecifico,Poaceae,Poales,grasses,F262926,39,93,2,2,50,0.5003,473.5893169,251.9893169,0.340497685,41,0.683564815,73,17.3,40,0.361435185,91,17.5,,32,51,30.5987393,48.45560558,79.05434488,5.293581899,8.479730976,13.77331288,166.9259463,53.20840397,3.187545444,17.3,17.42258809,29.08282004,54.65832062,0.682294713,16.14146829,30.33631359,
675,46209,0,CIAT-BR12_1844,Urochloa,interespecifico,Urochloa interespecifico,Poaceae,Poales,grasses,F262927,39,93,2,1,51,0.5002,471.16912,223.96912,0.340601852,40,0.683969907,76,16.4,39.5,0.361863426,91.5,16.8,,36,52,34.5987393,49.45560558,84.05434488,5.674193246,8.308541737,13.98273498,178.3952753,47.53476204,2.664575166,16.4,16.63535062,29.67667954,62.43153066,0.934022423,16.47107058,34.65057965,
676,46209,0,CIAT-BR12_1844,Urochloa,interespecifico,Urochloa interespecifico,Poaceae,Poales,grasses,F262927,39,93,2,2,52,0.5004,471.3575123,266.9575123,0.340706019,40,0.684363426,78.5,15.7,40,0.362222222,92.5,16.8,,38.5,52.5,37.0987393,49.95560558,87.05434488,5.824502071,8.392541737,14.21704381,184.6885699,56.6358879,3.066561613,15.7,16.3312283,30.161912,53.25582968,0.478358254,16.74038299,29.55790686,
677,46209,0,CIAT-BR12_1888,Urochloa,interespecifico,Urochloa interespecifico,Poaceae,Poales,grasses,F262928,39,93,2,1,53,0.5002,468.4388755,234.2388755,0.341145833,40,0.684826389,73,15.8,40,0.3628125,91,17,,33,51,31.5987393,48.45560558,80.05434488,4.99260081,8.237452948,13.23005376,170.8960316,50.00414947,2.925998281,15.8,16.52634067,28.24286038,56.48103344,0.653396968,15.67527614,31.34795074,
678,46209,0,CIAT-BR12_1888,Urochloa,interespecifico,Urochloa interespecifico,Poaceae,Poales,grasses,F262928,39,93,2,2,54,0.5,468.2515748,260.8515748,0.341284722,40.5,0.685150463,72,15.5,40,0.363356481,90,16.8,,31.5,50,30.0987393,47.45560558,77.55434488,4.665304592,7.972541737,12.63784633,165.6253797,55.70757022,3.363468227,15.5,16.29547171,26.98943689,48.44841875,0.430649168,14.97960442,26.88971061,
679,46209,0,CIAT-BR12_1939,Urochloa,interespecifico,Urochloa interespecifico,Poaceae,Poales,grasses,F262929,39,93,2,1,55,0.5002,472.6903754,223.8903754,0.341435185,40.5,0.685740741,79.5,15.6,40,0.363865741,90.5,17.3,,39,50.5,37.5987393,47.95560558,85.55434488,5.865403331,8.296319765,14.1617231,180.9944719,47.36512251,2.616937523,15.6,16.5528976,29.95982959,63.25293381,0.939621888,16.62822376,35.1064726,
680,46209,0,CIAT-BR12_1939,Urochloa,interespecifico,Urochloa interespecifico,Poaceae,Poales,grasses,F262929,39,93,2,2,56,0.5001,472.5958751,254.8958751,0.341759259,40,0.686006944,79,15.7,40,0.364178241,89.5,17.1,,39,49.5,37.5987393,46.95560558,84.55434488,5.903002071,8.029408554,13.93241062,178.9146908,53.93527294,3.014580451,15.7,16.47746268,29.48060141,54.65922356,0.542689391,16.36224383,30.33681474,
681,46209,0,CIAT-BR12_2243,Urochloa,interespecifico,Urochloa interespecifico,Poaceae,Poales,grasses,F262930,39,93,2,1,57,0.5006,474.8704289,256.0704289,0.341921296,40.5,0.68681713,77,16.1,40,0.364699074,93.5,17,,36.5,53.5,35.0987393,50.95560558,86.05434488,5.650897028,8.662452948,14.31334998,181.2164743,53.92427351,2.975682742,16.1,16.63291958,30.14159043,55.89614559,0.57039957,16.72910417,31.02332787,
682,46209,0,CIAT-BR12_2243,Urochloa,interespecifico,Urochloa interespecifico,Poaceae,Poales,grasses,F262930,39,93,2,2,58,0.5001,474.3961276,273.2961276,0.341967593,40.5,0.686990741,78,15.9,40,0.365335648,92.5,17.1,,37.5,52.5,36.0987393,49.95560558,86.05434488,5.739699549,8.542408554,14.2821081,181.3976545,57.60926612,3.175855072,15.9,16.59661476,30.10586991,52.25872839,0.459463224,16.70927866,29.00449838,
683,46209,0,CIAT-BR12_2254,Urochloa,interespecifico,Urochloa interespecifico,Poaceae,Poales,grasses,F262931,39,93,2,1,59,0.5004,461.0514097,233.4514097,0.342407407,40.5,0.687650463,83.5,15.7,40,0.365868056,91.5,16.5,,43,51.5,41.5987393,48.95560558,90.55434488,6.531002071,8.07767492,14.60867699,196.4083462,50.63457237,2.578025494,15.7,16.13249702,31.6855706,62.57694913,0.609650802,17.58603987,34.73128941,
684,46209,0,CIAT-BR12_2254,Urochloa,interespecifico,Urochloa interespecifico,Poaceae,Poales,grasses,F262931,39,93,2,2,60,0.5004,461.0514097,264.2514097,0.342523148,41,0.688194444,77,16.7,40,0.366527778,96.5,16.5,,36,56.5,34.5987393,53.95560558,88.55434488,5.777989464,8.90267492,14.68066438,192.0704351,57.31495537,2.984059225,16.7,16.57814126,31.84170805,55.55567102,0.428605372,17.67269886,30.83435858,
685,46209,0,CIAT-BR12_2255,Urochloa,interespecifico,Urochloa interespecifico,Poaceae,Poales,grasses,F262932,39,93,2,1,61,0.5005,466.9765617,289.7765617,0.342685185,40,0.688726852,81,16.4,39.5,0.367060185,93.5,18.3,,41,54,39.5987393,51.45560558,91.05434488,6.494193246,9.41637582,15.91056907,194.9869701,62.05377003,3.182457269,16.4,17.47370659,34.07145106,54.90633533,0.435855481,18.91024481,30.47396604,
686,46209,0,CIAT-BR12_2255,Urochloa,interespecifico,Urochloa interespecifico,Poaceae,Poales,grasses,F262932,39,93,2,2,62,0.5004,466.8832597,264.6832597,0.342939815,40,0.688981481,80.5,16.6,40,0.367361111,96,18.3,,40.5,56,39.0987393,53.45560558,92.55434488,6.490390724,9.78237582,16.27276654,198.2387309,56.69152924,2.859760501,16.6,17.5818505,34.85403729,61.48015014,0.591058971,19.34459371,34.122547,
687,46209,0,CIAT-BR12_2305,Urochloa,interespecifico,Urochloa interespecifico,Poaceae,Poales,grasses,F262933,39,93,2,1,63,0.5004,461.2804559,268.0804559,0.343055556,40.5,0.689444444,79,16.5,39.5,0.367893519,93.5,17.2,,38.5,54,37.0987393,51.45560558,88.55434488,6.121291985,8.850364159,14.97165614,191.9750637,58.11658666,3.027298731,16.5,16.90674372,32.45673202,55.84762267,0.419088745,18.01404781,30.9963968,
688,46209,0,CIAT-BR12_2305,Urochloa,interespecifico,Urochloa interespecifico,Poaceae,Poales,grasses,F262933,39,93,2,2,64,0.5004,461.2804559,262.2804559,0.343229167,40.5,0.689895833,80,16.2,40,0.368240741,94.5,17.1,0,39.5,54.5,38.0987393,51.95560558,90.05434488,6.171995767,8.884408554,15.05640432,195.2268815,56.85921711,2.912468646,16.2,16.71924252,32.64045578,57.40574253,0.4455255,18.11601767,31.86118028,
689,46209,0,CIAT-BR12_2316,Urochloa,interespecifico,Urochloa interespecifico,Poaceae,Poales,grasses,F262934,39,93,2,1,65,0.5002,465.5913505,243.1913505,0.343530093,40,0.69056713,77,15.7,39.5,0.368981481,90,15.9,,37,50.5,35.5987393,47.95560558,83.55434488,5.589002071,7.624941287,13.21394336,179.4585419,52.2327896,2.910576953,15.7,15.81478902,28.38098977,54.33558113,0.670765216,15.75194034,30.15718759,
690,46209,0,CIAT-BR12_2316,Urochloa,interespecifico,Urochloa interespecifico,Poaceae,Poales,grasses,F262934,39,93,2,2,66,0.5001,465.4982695,228.2982695,0.343645833,40,0.690844907,78,15.4,40,0.369467593,90.5,15.9,,38,50.5,36.5987393,47.95560558,84.55434488,5.636205853,7.624941287,13.26114714,181.6426621,49.04384924,2.700018193,15.4,15.6835786,28.48806969,58.08693675,0.924833218,15.81137155,32.23925486,
691,46209,0,CIAT-BR12_2367,Urochloa,interespecifico,Urochloa interespecifico,Poaceae,Poales,grasses,F262935,39,93,2,1,67,0.5001,464.825,293.425,0.343819444,39.5,0.691423611,74,15.3,38.5,0.369849537,86,18,,34.5,47.5,33.0987393,44.95560558,78.05434488,5.064107113,8.092009004,13.15611612,167.9220026,63.1259076,3.759239802,15.3,16.85507211,28.30337464,44.83638448,0.342547256,15.7088626,24.8849691,
692,46209,0,CIAT-BR12_2367,Urochloa,interespecifico,Urochloa interespecifico,Poaceae,Poales,grasses,F262935,39,93,2,2,68,0.5004,465.1038392,270.4038392,0.344131944,40,0.691736111,76.5,15.6,39.5,0.370324074,89,18.2,,36.5,49.5,35.0987393,46.95560558,82.05434488,5.475403331,8.545920215,14.02132355,176.42156,58.13838038,3.295423778,15.6,17.08785021,30.14665192,51.85327097,0.466200824,16.73191338,28.7794625,
693,46209,0,CIAT-BR12_2461,Urochloa,interespecifico,Urochloa interespecifico,Poaceae,Poales,grasses,F262936,39,93,2,1,69,0.5005,471.6519318,258.7519318,0.344189815,39,0.692164352,77,15.8,38.5,0.370775463,91.5,17.2,,38,53,36.5987393,50.45560558,87.05434488,5.78260081,8.678364159,14.46096497,184.5732817,54.86078066,2.972303475,15.8,16.61142243,30.66024751,55.88737007,0.463913827,17.01696782,31.0184573,
694,46209,0,CIAT-BR12_2461,Urochloa,interespecifico,Urochloa interespecifico,Poaceae,Poales,grasses,F262936,39,93,2,2,70,0.5002,471.3692234,265.4692234,0.344351852,40,0.69244213,81,15.3,39.5,0.371238426,92,16.9,0,41,52.5,39.5987393,49.95560558,89.55434488,6.058607113,8.442497342,14.50110446,189.9876794,56.3187434,2.964336613,15.3,16.19251916,30.76379139,54.62442792,0.43423286,17.07443647,30.31750255,
695,46209,0,CIAT-BR12_3018,Urochloa,interespecifico,Urochloa interespecifico,Poaceae,Poales,grasses,F262937,39,93,2,1,71,0.5001,466.321635,264.821635,0.345081019,41,0.692893519,85.5,15.5,41,0.371770833,93,17.2,,44.5,52,43.0987393,49.45560558,92.55434488,6.680304592,8.506364159,15.18666875,198.4774841,56.78948072,2.861255572,15.5,16.40838015,32.56694009,57.34678268,0.499556872,18.07521519,31.82845655,
696,46209,0,CIAT-BR12_3018,Urochloa,interespecifico,Urochloa interespecifico,Poaceae,Poales,grasses,F262937,39,93,2,2,72,0.5003,466.5081264,236.1081264,0.345162037,40.5,0.693298611,80,15.9,40,0.372199074,89,17.2,,39.5,49,38.0987393,46.45560558,84.55434488,6.057699549,7.990364159,14.04806371,181.2494576,50.61179281,2.792383132,15.9,16.61424227,30.113224,59.49843373,0.686953557,16.71336031,33.0226601,
697,46209,0,CIAT-BR12_3067,Urochloa,interespecifico,Urochloa interespecifico,Poaceae,Poales,grasses,F262938,39,93,2,1,73,0.5006,459.5819338,271.6819338,0.345347222,40.5,0.69375,80.5,15.6,40,0.372743056,90,17,,40,50,38.5987393,47.45560558,86.05434488,6.021403331,8.067452948,14.08885628,187.2448383,59.11501602,3.15709723,15.6,16.37204525,30.65580965,51.85790635,0.383349938,17.01450473,28.78203522,
698,46209,0,CIAT-BR12_3067,Urochloa,interespecifico,Urochloa interespecifico,Poaceae,Poales,grasses,F262938,39,93,2,2,74,0.5003,459.3065151,219.4065151,0.345729167,40.5,0.693935185,81,15.6,40,0.373078704,91.5,16.7,,.,.,.,.,.,.,.,.,.,.,.,.,.,.,.,.,.,.,
699,46209,0,CIAT-BR12_3069,Urochloa,interespecifico,Urochloa interespecifico,Poaceae,Poales,grasses,F262939,39,93,2,1,75,0.5005,468.2758535,235.0758535,0.345844907,41,0.694259259,75.5,16.1,40,0.373634259,96,17.4,,34.5,56,33.0987393,53.45560558,86.55434488,5.328897028,9.30127537,14.6301724,184.8362333,50.20029363,2.7159336,16.1,16.90287463,31.24263677,62.23596419,0.837417782,17.34020394,34.54203687,
700,46209,0,CIAT-BR12_3069,Urochloa,interespecifico,Urochloa interespecifico,Poaceae,Poales,grasses,F262939,39,93,2,2,76,0.5,467.8080454,236.4080454,0.345949074,40.5,0.694513889,77,15.6,40,0.374027778,95.5,17.5,0,36.5,55.5,35.0987393,52.95560558,88.05434488,5.475403331,9.267230976,14.74263431,188.2275129,50.53526713,2.68479705,15.6,16.74265401,31.51428124,62.36096695,0.817867288,17.49097132,34.61141557,
701,46209,0,BLANK 8 H,0,0,BLANK 8 H,0,0,0,BLANK 8 H,39,93,2,1,77,0,0,0,0.346273148,40,0.694918981,42,-,-,0.374548611,-,-,,2,,,,,,,,,,,,,,,,,,
702,46209,0,BLANK 8 H,0,0,BLANK 8 H,0,0,0,BLANK 8 H,39,93,2,2,78,0,0,0,0.346400463,39.5,0.695763889,41.5,-,-,0.374618056,-,-,,2,,,,,,,,,,,,,,,,,,
703,46209,0,CIAT-BR12_3358,Urochloa,interespecifico,Urochloa interespecifico,Poaceae,Poales,grasses,F262940,39,93,2,1,79,0.5002,461.7904063,239.4904063,0.346655093,40,0.696724537,79.5,16.1,39.5,0.374490741,90,17.9,,39.5,50.5,38.0987393,47.95560558,86.05434488,6.133897028,8.584053398,14.71795043,186.3493561,51.86127799,2.783013533,16.1,17.10308811,31.87149456,61.45528187,0.767741635,17.68923089,34.10874468,
704,46209,0,CIAT-BR12_3358,Urochloa,interespecifico,Urochloa interespecifico,Poaceae,Poales,grasses,F262940,39,93,2,2,80,0.5006,462.159691,254.659691,0.346979167,41.5,0.697048611,80,17.3,40.5,0.374930556,93.5,18.1,,38.5,53,37.0987393,50.45560558,87.55434488,6.418081899,9.132464609,15.55054651,189.4460867,55.10209911,2.908589988,17.3,17.76102206,33.64756125,61.06402804,0.63182531,18.67497863,33.89159203,
705,46209,0,CIAT-BR12_3377,Urochloa,interespecifico,Urochloa interespecifico,Poaceae,Poales,grasses,F262941,39,93,2,1,81,0.5002,462.3174265,215.9174265,0.347106481,41,0.697303241,84,16.4,40,0.375231481,92,17.5,,43,52,41.5987393,49.45560558,91.05434488,6.822193246,8.654730976,15.47692422,196.9520067,46.70328526,2.371302839,16.4,16.99745821,33.47683504,71.67982905,3.350954572,18.58022263,39.78354526,
706,46209,0,CIAT-BR12_3377,Urochloa,interespecifico,Urochloa interespecifico,Poaceae,Poales,grasses,F262941,39,93,2,2,82,0.5004,462.5022795,227.1022795,0.347210648,40.5,0.697685185,81,16.3,40,0.375671296,92,17.3,,40.5,52,39.0987393,49.45560558,88.55434488,6.373094506,8.555819765,14.92891427,191.4679101,49.10295356,2.564552647,16.3,16.85847746,32.27857447,65.73652321,1.674926276,17.91516728,36.48490769,
707,46209,0,CIAT-BR12_49,Urochloa,interespecifico,Urochloa interespecifico,Poaceae,Poales,grasses,F262942,39,93,2,1,83,0.5005,467.1233253,260.5233253,0.347523148,40,0.697905093,81,15.7,40,0.376261574,95,16.7,,41,55,39.5987393,52.45560558,92.05434488,6.217002071,8.760086131,14.9770882,197.0664702,55.77185107,2.830103518,15.7,16.26983302,32.06238565,57.48847318,0.540719508,17.79517875,31.90709723,
708,46209,0,CIAT-BR12_49,Urochloa,interespecifico,Urochloa interespecifico,Poaceae,Poales,grasses,F262942,39,93,2,2,84,0.5005,467.1233253,241.0233253,0.347766204,41,0.698402778,81.5,15.5,39.5,0.376574074,94.5,16.9,,40.5,55,39.0987393,52.45560558,91.55434488,6.060304592,8.864997342,14.92530193,195.9960891,51.59736461,2.632571132,15.5,16.30212302,31.95152356,61.92472,0.715010577,17.73364837,34.36929096,
709,46209,0,CIAT-BR12_61,Urochloa,interespecifico,Urochloa interespecifico,Poaceae,Poales,grasses,F262943,39,93,2,1,85,0.5,460.9847642,266.6847642,0.347824074,40.5,0.698680556,83,15.9,40,0.377233796,92.5,17.3,,42.5,52.5,41.0987393,49.95560558,91.05434488,6.534699549,8.642319765,15.17701931,197.5213759,57.85110158,2.928852704,15.9,16.66808908,32.92303888,56.90996019,0.51617666,18.27285618,31.58601251,
710,46209,0,CIAT-BR12_61,Urochloa,interespecifico,Urochloa interespecifico,Poaceae,Poales,grasses,F262943,39,93,2,2,86,0.5,460.9847642,272.0847642,0.348078704,40,0.699131944,85,15.7,40,0.377638889,95.5,17.3,,45,55.5,43.5987393,52.95560558,96.55434488,6.845002071,9.161319765,16.00632184,209.4523559,59.02250689,2.817944283,15.7,16.57752622,34.72201921,58.82843857,0.510327473,19.27132139,32.6508012,
711,46209,0,CIAT-BR12_91,Urochloa,interespecifico,Urochloa interespecifico,Poaceae,Poales,grasses,F262944,39,93,2,1,87,0.5004,461.353552,212.253552,0.348206019,41,0.699525463,89,15.2,40,0.378217593,92.5,17.7,,48,52.5,46.5987393,49.95560558,96.55434488,7.083008374,8.842142187,15.92515056,209.2849279,46.0067016,2.198280691,15.2,16.49345825,34.51832221,75.02890016,2.930409152,19.15826603,41.64233767,
712,46209,0,CIAT-BR12_91,Urochloa,interespecifico,Urochloa interespecifico,Poaceae,Poales,grasses,F262944,39,93,2,2,88,0.5006,461.5379459,248.0379459,0.348368056,40.5,0.699803241,78.5,14.8,40,0.378668981,93,17.8,,38,53,36.5987393,50.45560558,87.05434488,5.416613417,8.981097793,14.39771121,188.617958,53.74161499,2.849231089,14.8,16.53876234,31.19507581,58.04640559,0.758508205,17.31380678,32.21675937,
713,46209,0,CIAT-BR15_1468,Urochloa,interespecifico,Urochloa interespecifico,Poaceae,Poales,grasses,F262945,39,93,2,1,89,0.5001,461.75,255.85,0.34869213,40,0.70005787,74,16.3,40,0.3790625,96,16.3,,34,56,32.5987393,53.45560558,86.05434488,5.313594506,8.713263709,14.02685822,186.365663,55.40877098,2.973121234,16.3,16.3,30.37760307,54.82453866,0.572839192,16.86009527,30.42856748,
714,46209,0,CIAT-BR15_1468,Urochloa,interespecifico,Urochloa interespecifico,Poaceae,Poales,grasses,F262945,39,93,2,2,90,0.5,461.6576685,240.6576685,0.348900463,40.5,0.700509259,75,16.6,40,0.379502315,90,16.8,,34.5,50,33.0987393,47.45560558,80.55434488,5.494390724,7.972541737,13.46693246,174.4893465,52.12903086,2.987519405,16.6,16.71782258,29.17081938,55.95887531,0.711314933,16.19030944,31.05814394,
715,46209,0,CIAT-BR15_1628,Urochloa,interespecifico,Urochloa interespecifico,Poaceae,Poales,grasses,F262946,39,93,2,1,91,0.5001,461.0078169,244.0078169,0.349016204,40.5,0.700868056,79.5,16.2,39.5,0.380150463,96.5,16.9,,39,57,37.5987393,54.45560558,92.05434488,6.090995767,9.202997342,15.29399311,199.6806594,52.92921463,2.650693101,16.2,16.61409152,33.17512751,62.67829164,0.883793079,18.41276973,34.78753626,
716,46209,0,CIAT-BR15_1628,Urochloa,interespecifico,Urochloa interespecifico,Poaceae,Poales,grasses,F262946,39,93,2,2,92,0.5002,461.1,267.7,0.349270833,40,0.701180556,79,16.4,40,0.380543981,94.5,16.9,,39,54.5,37.5987393,51.95560558,89.55434488,6.166193246,8.780497342,14.94669059,194.2189219,58.05682065,2.989246366,16.4,16.69007864,32.4152908,55.83373399,0.568029154,17.99104721,30.98868834,
717,46209,0,CIAT-BR15_1689,Urochloa,interespecifico,Urochloa interespecifico,Poaceae,Poales,grasses,F262947,39,93,2,1,93,0.5001,461.8018462,277.6018462,0.349409722,41,0.70150463,75,15.5,39.5,0.380983796,94.5,16.5,0,34,55,32.5987393,52.45560558,85.05434488,5.052804592,8.65517492,13.70797951,184.1793089,60.11276232,3.263817346,15.5,16.11673046,29.68368279,49.38000125,0.4747295,16.4749575,27.40675502,
718,46209,0,CIAT-BR15_1689,Urochloa,interespecifico,Urochloa interespecifico,Poaceae,Poales,grasses,F262947,39,93,2,2,94,0.5003,461.98653,232.88653,0.349525463,40,0.701666667,75.5,15.3,40,0.381469907,96,16.3,,35.5,56,34.0987393,53.45560558,87.55434488,5.217107113,8.713263709,13.93037082,189.5170945,50.40980957,2.659908315,15.3,15.91054201,30.15319694,59.81612944,1.203633868,16.73554598,33.19898672,
719,46209,0,CIAT-BR15_1712,Urochloa,interespecifico,Urochloa interespecifico,Poaceae,Poales,grasses,F262948,39,104,2,1,95,0.5001,475.8012071,256.9012071,0.324699074,41,0.66369213,75.5,14.7,40,0.336967593,91,16.7,,34.5,51,33.0987393,48.45560558,81.55434488,4.865514678,8.092086131,12.95760081,171.4042412,53.99339121,3.150061563,14.7,15.88830225,27.23322391,50.43806899,0.568002441,15.11491043,27.99400092,
720,46209,0,CIAT-BR15_1712,Urochloa,interespecifico,Urochloa interespecifico,Poaceae,Poales,grasses,F262948,39,104,2,2,96,0.5,475.7060659,247.5060659,0.32494213,40,0.663877315,74.5,14.9,40.5,0.337326389,92,16.5,,34.5,51.5,33.0987393,48.95560558,82.05434488,4.931712156,8.07767492,13.00938708,172.4895913,52.02920115,3.016367583,14.9,15.85459868,27.34753245,52.56189188,0.666561251,15.17835365,29.17275937,
721,46209,0,CIAT-BR15_1830,Urochloa,interespecifico,Urochloa interespecifico,Poaceae,Poales,grasses,F262949,39,93,2,1,97,0.5003,475.612641,282.512641,0.350555556,40,0.702650463,79.5,16.3,39.5,0.382893519,91,17.8,,39.5,51.5,38.0987393,48.95560558,87.05434488,6.210094506,8.714097793,14.9241923,183.0362303,59.39973345,3.245244581,16.3,17.14353525,31.37888065,52.82663546,0.436561865,17.41582165,29.31969664,
722,46209,0,CIAT-BR15_1830,Urochloa,interespecifico,Urochloa interespecifico,Poaceae,Poales,grasses,F262949,39,93,2,2,98,0.5002,475.5175755,288.5175755,0.350729167,40.5,0.702847222,78,16.6,40,0.383425926,91,18.1,,37.5,51,36.0987393,48.45560558,84.55434488,5.992390724,8.770464609,14.76285533,177.8153937,60.67442937,3.412214664,16.6,17.45960584,31.04586685,51.16795852,0.407227986,17.23099323,28.39910223,
723,46209,0,CIAT-BR15_1865,Urochloa,interespecifico,Urochloa interespecifico,Poaceae,Poales,grasses,F262950,39,93,2,1,99,0.5004,477.5851997,254.7851997,0.351087963,41,0.703229167,83,15.7,40,0.383865741,91,17.4,,42,51,40.5987393,48.45560558,89.05434488,6.374002071,8.43127537,14.80527744,186.4679746,53.34863808,2.861008073,15.7,16.6249917,31.00028529,58.10885978,0.734620761,17.20569467,32.25142252,
724,46209,0,CIAT-BR15_1865,Urochloa,interespecifico,Urochloa interespecifico,Poaceae,Poales,grasses,F262950,39,93,2,2,100,0.5001,477.2988776,276.3988776,0.351400463,40.5,0.703564815,82,15.9,40,0.384212963,93.5,17.2,,41.5,53.5,40.0987393,50.95560558,91.05434488,6.375699549,8.764364159,15.14006371,190.7700796,57.90897288,3.035537491,15.9,16.62750276,31.72030025,54.77614033,0.541511487,17.60531543,30.40170557,
725,46209,0,CIAT-BR15_1877,Urochloa,interespecifico,Urochloa interespecifico,Poaceae,Poales,grasses,F262951,39,93,2,1,101,0.5003,476.8906266,281.8906266,0.351435185,40.5,0.703900463,77,16.2,39.5,0.384768519,91,17.1,,36.5,51.5,35.0987393,48.95560558,84.05434488,5.685995767,8.371408554,14.05740432,176.2549737,59.11012104,3.353671093,16.2,16.72418522,29.47720826,49.86829285,0.42328242,16.36036057,27.6777653,
726,46209,0,CIAT-BR15_1877,Urochloa,interespecifico,Urochloa interespecifico,Poaceae,Poales,grasses,F262951,39,93,2,2,102,0.5002,476.7953057,253.1953057,0.351701389,40.5,0.704270833,79,16.3,40,0.385162037,90,17.6,,38.5,50,37.0987393,47.45560558,84.55434488,6.047094506,8.352186581,14.39928109,177.3388787,53.10356513,2.994468304,16.3,17.029617,30.20013183,56.87025298,0.615370959,16.76159566,31.56397432,
727,46209,0,CIAT-BR15_2174,Urochloa,interespecifico,Urochloa interespecifico,Poaceae,Poales,grasses,F262952,39,93,2,1,103,0.5001,478.3010742,272.9010742,0.35181713,40,0.704537037,79,15.9,39.5,0.385740741,94.5,17.4,,39,55,37.5987393,52.45560558,90.05434488,5.978199549,9.12727537,15.10547492,188.2796208,57.0563373,3.030404303,15.9,16.77373251,31.58151995,55.35146742,0.437238943,17.52828997,30.72102206,
728,46209,0,CIAT-BR15_2174,Urochloa,interespecifico,Urochloa interespecifico,Poaceae,Poales,grasses,F262952,39,93,2,2,104,0.5003,478.4923564,260.7923564,0.351956019,40,0.704872685,78.5,15.6,39.5,0.386157407,95,17.4,,38.5,55.5,37.0987393,52.95560558,90.05434488,5.787403331,9.21427537,15.0016787,188.2043541,54.50293049,2.895944185,15.6,16.65847297,31.35197146,57.52346007,0.489361145,17.40088658,31.92651556,
729,46209,0,CIAT-BR15_2464,Urochloa,interespecifico,Urochloa interespecifico,Poaceae,Poales,grasses,F262953,39,93,2,1,105,0.5002,476.8691558,251.4691558,0.352349537,40.5,0.70525463,80,15.6,40,0.38662037,96.5,16.1,,39.5,56.5,38.0987393,53.95560558,92.05434488,5.943403331,8.686852498,14.63025583,193.0389998,52.73336569,2.731746732,15.6,15.89306387,30.67981154,58.17912651,0.477039362,17.0278262,32.29042177,
730,46209,0,CIAT-BR15_2464,Urochloa,interespecifico,Urochloa interespecifico,Poaceae,Poales,grasses,F262953,39,93,2,2,106,0.5001,476.7738201,350.2738201,0.353206019,40,0.705613426,74.5,17,40,0.387303241,96,16.9,,.,.,.,.,.,.,.,.,.,.,.,.,.,.,.,.,.,.,
731,46209,0,CIAT-BR15_2528,Urochloa,interespecifico,Urochloa interespecifico,Poaceae,Poales,grasses,F262954,39,93,2,1,107,0.5003,470.8088007,272.1088007,0.352638889,40.5,0.705902778,81.5,16.1,39.5,0.387743056,91.5,17.5,,41,52,39.5987393,49.45560558,89.05434488,6.375397028,8.654730976,15.030128,189.1518271,57.79603107,3.055536494,16.1,16.8774786,31.92405915,55.2357291,0.483468947,17.71840515,30.65678529,
732,46209,0,CIAT-BR15_2528,Urochloa,interespecifico,Urochloa interespecifico,Poaceae,Poales,grasses,F262954,39,93,2,2,108,0.5003,470.8088007,266.7088007,0.353194444,40,0.70625,80,16.3,40,0.388391204,90,17.5,,40,50,38.5987393,47.45560558,86.05434488,6.291594506,8.304730976,14.59632548,182.7798137,56.64906865,3.09930662,16.3,16.96175307,31.00266065,54.72757345,0.49961239,17.20701304,30.37475011,
733,46209,0,CIAT-BR15_2532,Urochloa,interespecifico,Urochloa interespecifico,Poaceae,Poales,grasses,F262955,39,93,2,1,109,0.5002,477.1715208,300.1715208,0.353715278,40,0.706539352,79.5,16.4,40,0.388888889,91.5,17.5,,39.5,51.5,38.0987393,48.95560558,87.05434488,6.248193246,8.567230976,14.81542422,182.4382661,62.90641996,3.448093501,16.4,17.01859251,31.0484251,49.3565285,0.570308726,17.2324131,27.39372724,
734,46209,0,CIAT-BR15_2532,Urochloa,interespecifico,Urochloa interespecifico,Poaceae,Poales,grasses,F262955,39,93,2,2,110,0.5002,477.1715208,271.3715208,0.354016204,40.5,0.706875,76.5,16,40,0.38931713,90,17.6,,36,50,34.5987393,47.45560558,82.05434488,5.535798288,8.352186581,13.88798487,171.9598536,56.87085439,3.307216957,16,16.92534977,29.10480669,51.17701676,0.996724212,16.15367125,28.40412972,
735,46209,0,CIAT-BR15_2538,Urochloa,interespecifico,Urochloa interespecifico,Poaceae,Poales,grasses,F262956,39,93,2,1,111,0.5,464.3089152,251.6089152,0.3540625,40.5,0.707615741,77,16.4,40,0.389722222,92.5,17.7,,36.5,52.5,35.0987393,49.95560558,85.05434488,5.756193246,8.842142187,14.59833543,183.1848196,54.18998149,2.958213546,16.4,17.16353874,31.44099748,58.01994505,0.85470806,17.45029756,32.20207331,
736,46209,0,CIAT-BR15_2538,Urochloa,interespecifico,Urochloa interespecifico,Poaceae,Poales,grasses,F262956,39,93,2,2,112,0.5,464.3089152,273.1089152,0.354375,40.5,0.70787037,78.5,15.8,40,0.390104167,93.5,17.6,,38,53.5,36.5987393,50.95560558,87.55434488,5.78260081,8.968186581,14.75078739,188.5691659,58.82051933,3.119307392,15.8,16.84757897,31.76933914,54.01064034,0.579335069,17.63253286,29.97683983,
737,46209,0,CIAT-BR15_2545,Urochloa,interespecifico,Urochloa interespecifico,Poaceae,Poales,grasses,F262957,39,93,2,1,113,0.5004,459.2712329,259.0712329,0.354594907,40.5,0.708298611,76.5,16.1,40,0.390451389,92,16.6,,36,52,34.5987393,49.45560558,84.05434488,5.570397028,8.209630526,13.78002755,183.0167859,56.409201,3.082187283,16.1,16.39418828,30.00411645,53.19011069,0.573307205,16.65280373,29.52143168,
738,46209,0,CIAT-BR15_2545,Urochloa,interespecifico,Urochloa interespecifico,Poaceae,Poales,grasses,F262957,39,93,2,2,114,0.5002,459.0876712,262.7876712,0.354641204,40.5,0.708587963,76.5,16.5,40,0.390856481,95,16.3,,36,55,34.5987393,52.45560558,87.05434488,5.708791985,8.550263709,14.25905569,189.6246629,57.24128259,3.018662326,16.5,16.37948768,31.05954829,54.26074833,0.559484439,17.23858666,30.11565409,
739,46209,0,CIAT-BR15_2767,Urochloa,interespecifico,Urochloa interespecifico,Poaceae,Poales,grasses,F262958,39,104,2,1,35,0.5005,462.8949331,286.9949331,0.325509259,40.5,0.665034722,80.5,15,40,0.338333333,94.5,16.7,,40,54.5,38.5987393,51.95560558,90.55434488,5.789810895,8.676586131,14.46639703,195.6261311,62.00001611,3.169311572,15,15.97537594,31.25200989,50.40645446,0.452468388,17.34540618,27.97645431,
740,46209,0,CIAT-BR15_2767,Urochloa,interespecifico,Urochloa interespecifico,Poaceae,Poales,grasses,F262958,39,104,2,2,35,0.5,462.4325006,277.3325006,0.325706019,40.5,0.665486111,80.5,14.7,40.5,0.338622685,91.5,17,,40,51,38.5987393,48.45560558,87.05434488,5.674014678,8.237452948,13.91146763,188.2530851,59.97253659,3.185739908,14.7,15.98021057,30.08323941,50.16169253,0.490833063,16.69671834,27.8406072,
741,46209,0, CIAT 17009,Canavalia, brasiliensis,Canavalia brasiliensis,Fabaceas,Fabales,Trepadoras,F263289,39,93,2,1,117,0.5,457.2649622,257.4649622,0.355196759,40,0.709803241,75,16.5,40,0.392604167,88,18.8,,35,48,33.5987393,45.45560558,79.05434488,5.543791985,8.545653848,14.08944583,172.885201,56.30542103,3.256809762,16.5,17.8224813,30.81243261,54.72374072,0.518475498,17.10143319,30.37262288,
742,46209,0, CIAT 17009,Canavalia, brasiliensis,Canavalia brasiliensis,Fabaceas,Fabales,Trepadoras,F263289,39,93,2,2,118,0.5004,457.6307741,272.2307741,0.355462963,40.5,0.710127315,77.5,16,40,0.393020833,87.5,18.8,,37,47.5,35.5987393,44.95560558,80.55434488,5.695798288,8.451653848,14.14745214,176.024755,59.48699028,3.379467297,16,17.56261833,30.91455587,51.96859974,0.435608579,17.15811336,28.84347197,
743,46209,0,CIAT 17462,Canavalia, brasiliensis,Canavalia brasiliensis,Fabaceas,Fabales,Trepadoras,F263290,39,93,2,1,119,0.5003,452.2259869,282.4259869,0.355648148,40,0.710625,72.5,16.6,39,0.393391204,81.5,16.1,,32.5,42.5,31.0987393,39.95560558,71.05434488,5.162390724,6.432852498,11.59524322,157.1213219,62.45240103,3.974788416,16.6,16.3188377,25.64037352,41.05586511,0.426068669,14.23085091,22.78671544,
744,46209,0,CIAT 17462,Canavalia, brasiliensis,Canavalia brasiliensis,Fabaceas,Fabales,Trepadoras,F263290,39,93,2,2,120,0.5004,452.3163779,272.4163779,0.355775463,41,0.710833333,73,17.2,40,0.393900463,82.5,16.1,0,32,42.5,30.5987393,39.95560558,70.55434488,5.26298316,6.432852498,11.69583566,155.9845018,60.22695423,3.861085782,17.2,16.5770594,25.85764352,42.93367289,0.510724124,14.35143952,23.82893125,
745,46209,0,CIAT 13953,Desmodium,velutinum,Desmodium velutinum,Fabaceas,Fabales,Arbustivas,F263291,39,93,2,1,121,0.5005,461.3476207,203.6476207,0.356122685,41,0.711157407,74,16.5,40.5,0.394594907,76.5,17.3,,33,36,31.5987393,33.45560558,65.05434488,5.213791985,5.787819765,11.00161175,141.0093863,44.14190332,3.13042305,16.5,16.91141732,23.84668579,54.02278559,-1.722636718,13.23532318,29.98358065,
746,46209,0,CIAT 13953,Desmodium,velutinum,Desmodium velutinum,Fabaceas,Fabales,Arbustivas,F263291,39,93,2,2,122,0.5002,461.0710887,240.3710887,0.356157407,40.5,0.711261574,74,16.4,40,0.395138889,75.5,17.3,,33.5,35.5,32.0987393,32.95560558,65.05434488,5.264193246,5.701319765,10.96551301,141.0939581,52.13319477,3.694927512,16.4,16.8559272,23.78269486,45.61910116,1.241341552,13.19980711,25.3193904,
747,46209,0,CIAT 9432,Clitoria,tertanea,Clitoria tertanea,Fabaceas,Fabales,Trepadoras,F263292,39,93,2,1,123,0.5005,461.7459647,262.8459647,0.356469907,40.5,0.711736111,87,18.8,40,0.395555556,82,20.1,,46.5,42,45.0987393,39.45560558,84.55434488,8.478562989,7.930576721,16.40913971,183.1187522,56.92436638,3.108603881,18.8,19.40661918,35.53715888,62.42872981,0.374418131,19.72373801,34.64902513,
748,46209,0,CIAT 9432,Clitoria,tertanea,Clitoria tertanea,Fabaceas,Fabales,Trepadoras,F263292,39,93,2,2,124,0.5002,461.4691939,242.5691939,0.356643519,40.5,0.712106481,88,18.9,40,0.396168981,79,20.7,,47.5,39,46.0987393,36.45560558,82.55434488,8.712661728,7.546310354,16.25897208,178.8945957,52.56454755,2.938297121,18.9,19.69487143,35.23306062,67.02818204,0.426295628,19.55495821,37.20180069,
749,46209,0,CIAT 17768,Clitoria,tertanea,Clitoria tertanea,Fabaceas,Fabales,Trepadoras,F263293,39,93,2,1,125,0.5006,464.0905855,243.1905855,0.356886574,40,0.71244213,82,18.9,40,0.396712963,75,19.2,,42,35,40.5987393,32.45560558,73.05434488,7.673161728,6.231476271,13.904638,157.4139773,52.4015339,3.328899683,18.9,19.03327998,29.96104302,57.17588931,0.419099145,16.62889724,31.73360777,
750,46209,0,CIAT 17768,Clitoria,tertanea,Clitoria tertanea,Fabaceas,Fabales,Trepadoras,F263293,39,93,2,2,126,0.5005,463.9978786,238.6978786,0.356956019,40.5,0.712928241,79,19.6,40,0.397152778,78,19.1,,38.5,38,37.0987393,35.45560558,72.55434488,7.271352903,6.772020665,14.04337357,156.3678375,51.44374352,3.289918461,19.6,19.35566173,30.26602969,58.8332567,0.441160214,16.79817011,32.65347535,
751,46209,0,CIAT 22768,Lablab,purpureus,Lablab purpureus,Fabaceas,Fabales,Trepadoras,F263294,39,93,2,1,127,0.5001,454.7931852,279.7931852,0.35724537,40,0.713310185,83.5,17.2,40,0.3975,88,18.3,,43.5,48,42.0987393,45.45560558,87.55434488,7.24098316,8.31837582,15.55935898,192.5146368,61.52097136,3.195651633,17.2,17.77108721,34.21194399,55.61021427,0.320977963,18.98822082,30.86463103,
752,46209,0,CIAT 22768,Lablab,purpureus,Lablab purpureus,Fabaceas,Fabales,Trepadoras,F263294,39,93,2,2,128,0.5003,454.9750661,321.9750661,0.357326389,40,0.713541667,83,16.5,40,0.397905093,89,18.2,0,43,49,41.5987393,46.45560558,88.05434488,6.863791985,8.454920215,15.3187122,193.5366385,70.76762884,3.656549448,16.5,17.39688396,33.66934441,47.57732449,0.251718417,18.68706866,26.40623823,
753,46209,0,CIAT 22598,Lablab,purpureus,Lablab purpureus,Fabaceas,Fabales,Trepadoras,F263295,39,93,2,1,129,0.5004,457.5450326,288.2450326,0.357604167,40.5,0.713842593,84,18.1,40,0.398298611,84.5,18.4,,43.5,44.5,42.0987393,41.95560558,84.05434488,7.619871814,7.719831426,15.33970324,183.7072614,62.99817768,3.429269873,18.1,18.24974457,33.52610595,53.21758055,0.503942884,18.60756884,29.53667793,
754,46209,0,CIAT 22598,Lablab,purpureus,Lablab purpureus,Fabaceas,Fabales,Trepadoras,F263295,39,93,2,2,130,0.5003,457.4535967,302.5535967,0.357905093,41,0.714201389,85,17.4,40,0.398634259,85.5,18.4,,44,45.5,42.5987393,42.95560558,85.55434488,7.412180639,7.903831426,15.31601206,187.0230019,66.13864201,3.536390783,17.4,17.90208561,33.48101791,50.62247559,0.421427122,18.5825442,28.09634977,
755,46209,0,CIAT 18701,Cajanus,cajan,Cajanus cajan,Fabaceas,Fabales,Arbustivas,F263296,39,93,2,1,131,0.5002,464.0197238,98.31972375,0.357986111,41.5,0.714537037,64.5,15.5,40.5,0.399108796,58,19.1,,23,17.5,21.5987393,14.95560558,36.55434488,3.347804592,2.856520665,6.204325257,78.777567,21.18869495,2.689686385,15.5,16.97288045,13.37082227,63.10356682,-0.10010458,7.42103769,35.02357134,
756,46209,0,CIAT 18701,Cajanus,cajan,Cajanus cajan,Fabaceas,Fabales,Arbustivas,F263296,39,93,2,2,132,0.5001,463.9269569,104.5269569,0.358356481,41.5,0.714918981,63.5,15.8,40,0.399756944,59.5,19.1,,22,19.5,20.5987393,16.95560558,37.55434488,3.25460081,3.238520665,6.493121475,80.9488311,22.53090823,2.783351893,15.8,17.28993408,13.99599954,62.11910943,-0.109644386,7.768021889,34.47718046,
757,46209,0,CIAT 20891,Cajanus,cajan,Cajanus cajan,Fabaceas,Fabales,Arbustivas,F263297,39,93,2,1,133,0.5004,461.5498187,138.6498187,0.358530093,41.5,0.71537037,65,15.4,40,0.400138889,66,18,,23.5,26,22.0987393,23.45560558,45.55434488,3.403205853,4.222009004,7.625214856,98.69865187,30.04005485,3.043613492,15.4,16.73872136,16.52089232,54.99621224,-0.377728854,9.169381067,30.52384928,
758,46209,0,CIAT 20891,Cajanus,cajan,Cajanus cajan,Fabaceas,Fabales,Arbustivas,F263297,39,93,2,2,134,0.5003,461.4575825,110.6575825,0.358599537,41.5,0.7159375,67,16.8,40,0.40056713,63,18.8,,25.5,23,24.0987393,20.45560558,44.55434488,4.048588203,3.845653848,7.894242051,96.55133335,23.98001176,2.483654127,16.8,17.71823168,17.10718894,71.33936844,-0.258000327,9.494785833,39.59458373,
759,46209,0,CIAT 15551,Centrosema ,molle,Centrosema molle,Fabaceas,Fabales,Trepadoras,F263298,39,93,2,1,135,0.5001,457.97081,159.17081,0.358715278,41,0.716168981,66,16.5,40,0.40099537,66.5,16.6,,25,26.5,23.5987393,23.95560558,47.55434488,3.893791985,3.976630526,7.870422511,103.8370652,34.75566707,3.347134955,16.5,16.55037522,17.18542392,49.44639354,-1.275736529,9.538207599,27.44360389,
760,46209,0,CIAT 15551,Centrosema ,molle,Centrosema molle,Fabaceas,Fabales,Trepadoras,F263298,39,93,2,2,136,0.5004,458.2455375,151.6455375,0.359016204,41,0.716516204,67,16.7,40,0.40130787,65.5,16.5,,26,25.5,24.5987393,22.95560558,47.55434488,4.107989464,3.78767492,7.895664384,103.7748128,33.09263814,3.188889216,16.7,16.60345528,17.23020463,52.06657915,-0.889602956,9.563061671,28.89785224,
761,46209,0, CIAT 17009,Canavalia,brasiliensis,Canavalia brasiliensis,Fabaceas,Fabales,Trepadoras,F263299,39,93,2,1,137,0.5001,456.8043287,292.2043287,0.35912037,40,0.717175926,78,15.7,40,0.401747685,88,16,,38,48,36.5987393,45.45560558,82.05434488,5.746002071,7.272896892,13.01889896,179.6268987,63.9670665,3.561107326,15.7,15.86619085,28.49994657,44.55409343,0.377518146,15.81796343,24.72829269,
762,46209,0, CIAT 17009,Canavalia,brasiliensis,Canavalia brasiliensis,Fabaceas,Fabales,Trepadoras,F263299,39,93,2,2,138,0.5002,456.8956713,301.5956713,0.359398148,40.5,0.71724537,78.5,16.1,40,0.402094907,87.5,16.1,,38,47.5,36.5987393,44.95560558,81.55434488,5.892397028,7.237852498,13.13024953,178.496646,66.00974582,3.698094464,16.1,16.1,28.73796,43.53593495,0.343728677,15.950065,24.16319711,
763,46209,0,CIAT 17462,Canavalia,brasiliensis,Canavalia brasiliensis,Fabaceas,Fabales,Trepadoras,F263300,39,93,2,1,139,0.5004,457.4742434,310.5742434,0.359837963,41,0.717916667,75.5,16.4,40,0.402696759,88,15.4,,34.5,48,33.0987393,45.45560558,78.55434488,5.428193246,7.000163259,12.4283565,171.7131533,67.88890257,3.95362273,16.4,15.8213483,27.16733605,40.01734454,0.292062703,15.07834153,22.21031856,
764,46209,0,CIAT 17462,Canavalia,brasiliensis,Canavalia brasiliensis,Fabaceas,Fabales,Trepadoras,F263300,39,93,2,2,140,0.5002,457.2914,284.9914,0.359872685,40,0.718252315,74,16.2,39.5,0.403368056,86.5,15.1,,34,47,32.5987393,44.45560558,77.05434488,5.280995767,6.712796442,11.99379221,168.5016269,62.32161812,3.69857664,16.2,15.56536783,26.22789803,42.08475136,0.367976159,14.55693718,23.35776512,
765,46209,0,CIAT 9432,Clitoria,tertanea,Clitoria tertanea,Fabaceas,Fabales,Trepadoras,F263301,39,93,2,1,141,0.5004,465.14682,250.04682,0.360023148,40,0.718553241,83,18.5,40,0.403958333,83,17.4,,43,43,41.5987393,40.45560558,82.05434488,7.695766771,7.03927537,14.73504214,176.4052582,53.75653648,3.047331867,18.5,17.95766228,31.67826051,58.92913232,0.542879907,17.58198265,32.70668797,
766,46209,0,CIAT 9432,Clitoria,tertanea,Clitoria tertanea,Fabaceas,Fabales,Trepadoras,F263301,39,93,2,2,142,0.5001,464.867955,264.067955,0.360289352,40.5,0.719178241,83.5,18.7,40,0.404444444,82,17.2,,43,42,41.5987393,39.45560558,81.05434488,7.77896425,6.786364159,14.56532841,174.3599317,56.8049383,3.257912397,18.7,17.96983053,31.33218423,55.15750068,0.455947499,17.38990433,30.61336716,
767,46209,0,CIAT 17768,Clitoria,tertanea,Clitoria tertanea,Fabaceas,Fabales,Trepadoras,F263302,39,93,2,1,143,0.5003,464.2373623,250.6373623,0.360405093,40.5,0.719675926,80.5,18.4,40,0.404722222,80,17.8,,40,40,38.5987393,37.45560558,76.05434488,7.102168032,6.667097793,13.76926582,163.8264195,53.98905445,3.295503534,18.4,18.10450915,29.6599691,54.93700419,0.466353763,16.461796,30.49098779,
768,46209,0,CIAT 17768,Clitoria,tertanea,Clitoria tertanea,Fabaceas,Fabales,Trepadoras,F263302,39,93,2,2,144,0.5001,464.0517787,258.3517787,0.360555556,40.5,0.719699074,80,19,40,0.405092593,79,17.9,,39.5,39,38.0987393,36.45560558,74.55434488,7.238760468,6.525553398,13.76431387,160.6595391,55.67304999,3.465281321,19,18.46212168,29.66115959,53.27741087,0.428731644,16.46245674,29.56988479,
769,46209,0,CIAT 22768,Lablab,purpureus,Lablab purpureus,Fabaceas,Fabales,Trepadoras,F263303,39,93,2,1,145,0.5004,461.7787852,325.8787852,0.360972222,40.5,0.719976852,81.5,17.7,40,0.405405093,89,17.3,,41,49,39.5987393,46.45560558,86.05434488,7.008976857,8.036819765,15.04579662,186.3540458,70.57032407,3.786895196,17.7,17.48406387,32.58226039,46.16991748,0.245436482,18.08371822,25.62510299,
770,46209,0,CIAT 22768,Lablab,purpureus,Lablab purpureus,Fabaceas,Fabales,Trepadoras,F263303,39,93,2,2,146,0.5002,461.5942213,331.9942213,0.361053241,40.5,0.720196759,80.5,17.6,40,0.405868056,87,17.4,,40,47,38.5987393,44.45560558,83.05434488,6.793378117,7.73527537,14.52865349,179.9293428,71.92339202,3.997313107,17.6,17.49294815,31.47494664,43.76176618,0.230316025,17.46913994,24.28853735,
771,46209,0,CIAT 22598,Lablab,purpureus,Lablab purpureus,Fabaceas,Fabales,Trepadoras,F263304,39,93,2,1,147,0.5004,458.2038859,317.7038859,0.361087963,40.5,0.720520833,85,17,40,0.406296296,95.5,17.8,,44.5,55.5,43.0987393,52.95560558,96.05434488,7.326785681,9.426097793,16.75288347,209.6323227,69.33679431,3.307543103,17,17.44104704,36.56207202,52.73112548,0.316539378,20.29258253,29.26668695,
772,46209,0,CIAT 22598,Lablab,purpureus,Lablab purpureus,Fabaceas,Fabales,Trepadoras,F263304,39,93,2,2,148,0.5004,458.2038859,312.1038859,0.361458333,40.5,0.720787037,88.5,16.7,40,0.406516204,94.5,18.2,,48,54.5,46.5987393,51.95560558,98.55434488,7.781989464,9.455920215,17.23790968,215.0884091,68.11463095,3.166820157,16.7,17.49076583,37.62060997,55.23132027,0.337674972,20.88008941,30.65433831,
773,46209,0,CIAT 18701,Cajanus,cajan,Cajanus cajan,Fabaceas,Fabales,Arbustivas,F263305,39,93,2,1,149,0.5001,476.8285237,195.4285237,0.361574074,41,0.720960648,71,16.4,40,0.40712963,72,17.4,,30,32,28.5987393,29.45560558,58.05434488,4.690193246,5.12527537,9.815468616,121.7509901,40.98507409,3.366303144,16.4,16.90737986,20.58490239,50.22536337,1.016189984,11.42497697,27.87594562,
774,46209,0,CIAT 18701,Cajanus,cajan,Cajanus cajan,Fabaceas,Fabales,Arbustivas,F263305,39,93,2,2,150,0.5006,477.3052569,216.9052569,0.361689815,41.5,0.721180556,72,16.4,40,0.407326389,74.5,27.6,,30.5,34.5,29.0987393,31.95560558,61.05434488,4.772193246,8.819747139,13.59194038,127.914671,45.44371841,3.552658821,16.4,22.26203624,28.47641041,62.66302892,0.824531217,15.80490045,34.77906519,
775,46209,0,CIAT 20891,Cajanus,cajan,Cajanus cajan,Fabaceas,Fabales,Arbustivas,F263306,39,93,2,1,151,0.5006,475.2297281,184.8297281,0.362037037,41,0.721469907,71,16.7,40,0.407719907,73,17.9,,30,33,28.5987393,30.45560558,59.05434488,4.775989464,5.451553398,10.22754286,124.2648374,38.89271171,3.129824376,16.7,17.31886601,21.52126068,55.33494512,1.969375972,11.94467202,30.71185189,
776,46209,0,CIAT 20891,Cajanus,cajan,Cajanus cajan,Fabaceas,Fabales,Arbustivas,F263306,39,93,2,2,152,0.5004,475.0398641,214.5398641,0.362083333,40.5,0.721840278,69.5,16.2,39.5,0.408090278,70,18,,29,30.5,27.5987393,27.95560558,55.55434488,4.470995767,5.032009004,9.503004771,116.9467009,45.16249694,3.86180171,16.2,17.10578136,20.00464696,44.29482051,0.636899247,11.10292516,24.58439173,
777,46209,0,Sample 8,Cynodon, nlemfuensis ,Cynodon nlemfuensis ,Poaceae,Poales,grasses,F250008,39,93,2,1,153,0.5003,468.935872,210.735872,0.362222222,41,0.722048611,63,16.3,40,0.408541667,79,17.9,,22,39,20.5987393,36.45560558,57.05434488,3.357594506,6.525553398,9.883147905,121.6676912,44.93916644,3.693599015,16.3,17.32234053,21.07569178,46.89827038,0.599874024,11.69737357,26.02935145,
778,46209,0,Sample 8,Cynodon, nlemfuensis ,Cynodon nlemfuensis ,Poaceae,Poales,grasses,F250008,39,93,2,2,154,0.5005,469.1233339,211.1233339,0.362592593,40.5,0.722349537,63.5,17.1,40,0.408912037,80,18.1,,23,40,21.5987393,37.45560558,59.05434488,3.693384421,6.779464609,10.47284903,125.882344,45.00380148,3.575068597,17.1,17.73425656,22.32429784,49.60536022,0.631906309,12.39037154,27.53183315,
779,46209,0,BLANK 24 H,0,0,BLANK 24 H,0,0,0,BLANK 24 H,39,93,2,1,155,0,0,0,0.362615741,39,0.722604167,40,-,39,0.409166667,41,-,,1,2,,,,,,,,,,,,,,,,,
780,46209,0,BLANK 24 H,0,0,BLANK 24 H,0,0,0,BLANK 24 H,39,93,2,2,156,0,0,0,0.362800926,40,0.723032407,40.5,-,39.5,0.40962963,41,-,,0.5,1.5,,,,,,,,,,,,,,,,,
781,46237,0,BLANK 24 H,0,0,BLANK 24 H,0,0,0,BLANK 24 H,39,94,3,1,1,0,0,0,0.3359375,40.5,0.67212963,42,0,40,0.338900463,43,0,,1.5,3,,,,,,,,,,,,,,,,,
782,46237,0,BLANK 24 H,0,0,BLANK 24 H,0,0,0,BLANK 24 H,39,94,3,2,2,0,0,0,0.33712963,39.5,0.672233796,41.5,0,39.5,0.339363426,42,0,,2,2.5,,,,,,,,,,,,,,,,,
783,46237,0,CIAT_BR04_3025_Llan,Urochloa,interespecifico,Urochloa interespecifico,Poaceae,Poales,grasses,F262903,39,94,3,1,3,0.5,467.2549185,237.8549185,0.337337963,39.5,0.672511574,73.5,14.9,39,0.339618056,86.5,16.4,,34,47.5,32.96749212,45.72998649,78.69747861,4.912156326,7.499717784,12.41187411,168.4251476,50.90474366,3.022395669,14.9,15.77162868,26.56338889,52.1825413,0.662885395,14.74314041,28.96221323,
784,46237,0,CIAT_BR04_3025_Llan,Urochloa,interespecifico,Urochloa interespecifico,Poaceae,Poales,grasses,F262903,39,94,3,2,4,0.5003,467.5352715,221.3352715,0.337534722,40.5,0.672546296,74,16.1,40.5,0.340243056,93,17,,33.5,52.5,32.46749212,50.72998649,83.19747861,5.227266231,8.624097703,13.85136393,177.9490954,47.34087137,2.660360328,16.1,16.6487785,29.62635074,62.58091556,1.0801034,16.44313722,34.73349085,
785,46237,0,CIAT_BR02_1752_Llan,Urochloa,interespecifico,Urochloa interespecifico,Poaceae,Poales,grasses,F262904,39,94,3,1,5,0.5003,469.3422301,220.9422301,0.337916667,41,0.673159722,70,13.5,39,0.340694444,87,15.9,,29,48,27.96749212,46.22998649,74.19747861,3.775611436,7.350567852,11.12617929,158.0882219,47.0748669,2.977759275,13.5,14.99536035,23.70589854,50.35786631,0.615098822,13.15718383,27.94948705,
786,46237,0,CIAT_BR02_1752_Llan,Urochloa,interespecifico,Urochloa interespecifico,Poaceae,Poales,grasses,F262904,39,94,3,2,6,0.5003,469.3422301,198.4422301,0.338148148,41,0.67369213,70.5,15.2,40.5,0.341145833,92,16.1,,29.5,51.5,28.46749212,49.72998649,78.19747861,4.327058802,8.006527825,12.33358663,166.6107876,42.28092368,2.537706249,15.2,15.77235845,26.27845064,62.1520259,1.156029895,14.58499475,34.49544967,
787,46237,0,CIAT_CIAT_606_Llan,Urochloa,interespecifico,Urochloa interespecifico,Poaceae,Poales,grasses,F262905,39,94,3,1,7,0.5001,471.0043659,182.5043659,0.33837963,41,0.674270833,68.5,16.4,40.5,0.341643519,88,16.7,,27.5,47.5,26.46749212,45.72998649,72.19747861,4.340668707,7.636907743,11.97757645,153.2840964,38.74791384,2.527849579,16.4,16.59002043,25.4298629,65.62898587,0.987252047,14.11401387,36.42522261,
788,46237,0,CIAT_CIAT_606_Llan,Urochloa,interespecifico,Urochloa interespecifico,Poaceae,Poales,grasses,F262905,39,94,3,2,8,0.5003,471.19273,177.79273,0.338402778,41,0.674710648,67.5,17,40.5,0.342118056,93,16.4,,26.5,52.5,25.46749212,50.72998649,76.19747861,4.32947366,8.319717784,12.64919144,161.7119148,37.73248581,2.333315134,17,16.60053807,26.84504798,71.14571808,1.184871715,14.89946608,39.48710443,
789,46237,0,CIAT_BR02_1794_Llan,Urochloa,interespecifico,Urochloa interespecifico,Poaceae,Poales,grasses,F262906,39,94,3,1,9,0.5002,469.6469756,220.1469756,0.338599537,40.5,0.675115741,76.5,15.1,40.5,0.342673611,92,15.6,,36,51.5,34.96749212,49.72998649,84.69747861,5.28009131,7.757877892,13.0379692,180.3428596,46.87499059,2.599215221,15.1,15.39357418,27.76121189,59.22393059,1.350989107,15.4079529,32.87030611,
790,46237,0,CIAT_BR02_1794_Llan,Urochloa,interespecifico,Urochloa interespecifico,Poaceae,Poales,grasses,F262906,39,94,3,2,10,0.5002,469.6469756,240.6469756,0.339016204,40.5,0.675555556,76.5,14.9,40.5,0.34306713,93.5,15.5,,36,53,34.96749212,51.22998649,86.19747861,5.210156326,7.940647906,13.15080423,183.536748,51.23997132,2.791809917,14.9,15.25659966,28.00146688,54.64770209,0.770216083,15.54129857,30.33042012,
791,46237,0,CIAT_CIAT_6294_Llan,Urochloa,interespecifico,Urochloa interespecifico,Poaceae,Poales,grasses,F262907,39,94,3,1,11,0.5002,471.7957435,227.4957435,0.339074074,40.5,0.676064815,76.5,15.7,40,0.343518519,90.5,16.4,,36,50.5,34.96749212,48.72998649,83.69747861,5.489896263,7.991717784,13.48161405,177.4019367,48.21911741,2.718071647,15.7,16.10755099,28.57510741,59.26095073,0.377047665,15.85967899,32.89085293,
792,46237,0,CIAT_CIAT_6294_Llan,Urochloa,interespecifico,Urochloa interespecifico,Poaceae,Poales,grasses,F262907,39,94,3,2,12,0.5,471.6071007,205.7071007,0.339212963,40.5,0.676458333,76.5,15.6,40,0.343923611,92.5,16.5,,36,52.5,34.96749212,50.72998649,85.69747861,5.45492877,8.37044777,13.82537654,181.7137157,43.61832135,2.400386849,15.6,16.13276933,29.31545458,67.20903895,0.460116675,16.27058448,37.30217941,
793,46237,0,CIAT_Mulato_II_Llan,Urochloa,interespecifico,Urochloa interespecifico,Poaceae,Poales,grasses,F262908,39,94,3,1,13,0.5,469.581061,205.181061,0.339386574,40.5,0.676793981,65.5,14.7,40.5,0.344293981,92,16.4,,25,51.5,23.96749212,49.72998649,73.69747861,3.523221341,8.155717784,11.67893913,156.9430387,43.6944924,2.78409879,14.7,15.84713527,24.87097563,56.92016149,2.412110621,13.80382177,31.5916744,
794,46237,0,CIAT_Mulato_II_Llan,Urochloa,interespecifico,Urochloa interespecifico,Poaceae,Poales,grasses,F262908,39,94,3,2,14,0.5004,469.9567258,201.2567258,0.339560185,40,0.677141204,62.5,14.9,40,0.344733796,89.5,16.1,,22.5,49.5,21.46749212,47.72998649,69.19747861,3.198656326,7.684527825,10.88318415,147.2422349,42.82452293,2.908440161,14.9,15.72771779,23.15784316,54.07612642,3.227980571,12.85300361,30.01318574,
795,46237,0,CIAT_BR04_3025_Qu,Urochloa,interespecifico,Urochloa interespecifico,Poaceae,Poales,grasses,F262909,39,94,3,1,15,0.5003,472.2595832,201.4595832,0.339756944,40.5,0.677581019,72.5,17.1,40,0.345046296,100,15.9,,32,60,30.96749212,58.22998649,89.19747861,5.295441152,9.258567852,14.554009,188.873835,42.65865434,2.258579349,17.1,16.31661481,30.81781614,72.24282297,-2.636022789,17.10442114,40.09601662,
796,46237,0,CIAT_BR04_3025_Qu,Urochloa,interespecifico,Urochloa interespecifico,Poaceae,Poales,grasses,F262909,39,94,3,2,16,0.5003,472.2595832,233.2595832,0.33994213,40.5,0.677986111,75.5,16.7,40,0.34537037,99.5,16.3,,35,59.5,33.96749212,57.72998649,91.69747861,5.672571184,9.409987798,15.08255898,194.1675338,49.39223925,2.543794952,16.7,16.44817198,31.93700989,64.6599757,2.195379532,17.72559303,35.8874052,
797,46237,0,CIAT_BR02_1752_Qu,Urochloa,interespecifico,Urochloa interespecifico,Poaceae,Poales,grasses,F262910,39,94,3,1,17,0.5,457.7,211.7,0.340127315,40.5,0.678368056,74.5,16.3,40,0.345706019,88.5,15.5,,34,48.5,32.96749212,46.72998649,79.69747861,5.373701215,7.243147906,12.61684912,174.1260184,46.25300415,2.656294825,16.3,15.83092632,27.56576168,59.59777572,2.61292259,15.29947465,33.07779663,
798,46237,0,CIAT_BR02_1752_Qu,Urochloa,interespecifico,Urochloa interespecifico,Poaceae,Poales,grasses,F262910,39,94,3,2,18,0.5,457.7,245.2,0.340335648,41,0.678831019,74.5,16.4,41,0.346111111,89.5,15.2,,33.5,48.5,32.46749212,46.72998649,79.19747861,5.324668707,7.102957946,12.42762665,173.0335998,53.57220887,3.096058161,16.4,15.69194736,27.15234139,50.68363236,0.698614451,15.07001923,28.13029284,
799,46237,0,CIAT_CIAT_606_Qu,Urochloa,interespecifico,Urochloa interespecifico,Poaceae,Poales,grasses,F262911,39,94,3,1,19,0.5003,472.7390011,248.5390011,0.340555556,40.5,0.679212963,77.5,16.5,40,0.346481481,96,16.1,,37,56,35.96749212,54.22998649,90.19747861,5.934636199,8.731027825,14.66566402,190.7976249,52.57425356,2.755498324,16.5,16.25950553,31.02275038,59.00749564,0.941672208,17.21816318,32.75018097,
800,46237,0,CIAT_CIAT_606_Qu,Urochloa,interespecifico,Urochloa interespecifico,Poaceae,Poales,grasses,F262911,39,94,3,2,20,0.5002,472.64451,240.44451,0.340775463,40.5,0.679641204,78.5,16.3,40.5,0.34681713,94,16.2,,38,53.5,36.96749212,51.72998649,88.69747861,6.025701215,8.380257811,14.40595903,187.6621366,50.87216818,2.710838163,16.3,16.24167818,30.47948029,59.91386132,1.148428565,16.91663889,33.2532296,
801,46237,0,CIAT_BR02_1794_Qu,Urochloa,interespecifico,Urochloa interespecifico,Poaceae,Poales,grasses,F262912,39,94,3,1,21,0.5001,471.2205851,230.9205851,0.340972222,41,0.680081019,77.5,16.3,40.5,0.347222222,90.5,17.7,,36.5,50,35.46749212,48.22998649,83.69747861,5.781201215,8.536707608,14.31790882,177.6184684,49.0047745,2.75899094,16.3,17.10673853,30.38472697,62.00360533,0.719231454,16.86404916,34.41307369,
802,46237,0,CIAT_BR02_1794_Qu,Urochloa,interespecifico,Urochloa interespecifico,Poaceae,Poales,grasses,F262912,39,94,3,2,22,0.5002,471.3148104,205.5148104,0.341226852,40.5,0.680520833,76.5,16.1,40.5,0.3475,93.5,15.7,,36,53,34.96749212,51.22998649,86.19747861,5.629766231,8.043107879,13.67287411,182.8872692,43.60457297,2.384232274,16.1,15.86226689,29.01006675,66.52987238,1.196675796,16.10108895,36.92523021,
803,46237,0,CIAT_CIAT_6294_Qu,Urochloa,interespecifico,Urochloa interespecifico,Poaceae,Poales,grasses,F262913,39,94,3,1,23,0.5004,469.9771961,227.3771961,0.341412037,40.5,0.680960648,77,16.9,40,0.347962963,96,16.8,,36.5,56,35.46749212,54.22998649,89.69747861,5.994006168,9.11063773,15.1046439,190.8549593,48.38047419,2.534934087,16.9,16.83954124,32.13909957,66.42989781,1.254374477,17.8377563,36.86974259,
804,46237,0,CIAT_CIAT_6294_Qu,Urochloa,interespecifico,Urochloa interespecifico,Poaceae,Poales,grasses,F262913,39,94,3,2,24,0.5002,469.7893555,263.9893555,0.341643519,40.5,0.681365741,77.5,16.7,40.5,0.348310185,96.5,16.6,,37,56,35.96749212,54.22998649,90.19747861,6.006571184,9.002177757,15.00874894,191.9955775,56.1931326,2.926793072,16.7,16.63987638,31.94782676,56.8536141,0.591964055,17.73159658,31.55473945,
805,46237,0,CIAT_Mulato_II_Qu,Urochloa,interespecifico,Urochloa interespecifico,Poaceae,Poales,grasses,F262914,39,94,3,1,25,0.5002,468.745013,221.945013,0.341840278,40.5,0.681840278,74.5,16.7,40.5,0.348657407,89,15.9,,34,48.5,32.96749212,46.72998649,79.69747861,5.505571184,7.430067852,12.93563904,170.0230966,47.34877318,2.784843597,16.7,16.23092632,27.59632354,58.28308039,1.632791598,15.31643701,32.34811798,
806,46237,0,CIAT_Mulato_II_Qu,Urochloa,interespecifico,Urochloa interespecifico,Poaceae,Poales,grasses,F262914,39,94,3,2,26,0.5,468.55759,244.85759,0.342453704,41,0.682175926,76,16.4,40.5,0.349039352,92.5,15.8,,35,52,33.96749212,50.22998649,84.19747861,5.570668707,7.936337865,13.50700657,179.695048,52.25773634,2.908134472,16.4,16.04205589,28.82678002,55.16270325,0.818244121,15.99936164,30.61625467,
807,46237,0,CIAT-BR04_2515,Urochloa,interespecifico,Urochloa interespecifico,Poaceae,Poales,grasses,F262915,39,94,3,1,27,0.5003,473.8631217,235.0631217,0.342511574,40.5,0.68275463,70.5,16.3,40.5,0.349409722,98.5,17,,30,58,28.96749212,56.22998649,85.19747861,4.721701215,9.559097703,14.28079892,179.7934355,49.60570066,2.759038478,16.3,16.76199713,30.1369705,60.75303865,1.231724184,16.72654003,33.71898754,
808,46237,0,CIAT-BR04_2515,Urochloa,interespecifico,Urochloa interespecifico,Poaceae,Poales,grasses,F262915,39,94,3,2,28,0.5002,473.7684059,216.2684059,0.342523148,41,0.683159722,69.5,16.5,40,0.349722222,100,17,,28.5,60,27.46749212,58.22998649,85.69747861,4.532136199,9.899097703,14.4312339,180.8847478,45.64854963,2.523626243,16.5,16.83974154,30.46052401,66.72835008,3.102029083,16.90611782,37.03538877,
809,46237,0,CIAT-BR05_931,Urochloa,interespecifico,Urochloa interespecifico,Poaceae,Poales,grasses,F262916,39,94,3,1,29,0.5001,471.5500597,215.7500597,0.342766204,40.5,0.683599537,73,15.5,40.5,0.350081019,95.5,17.4,,32.5,55,31.46749212,53.22998649,84.69747861,4.877461278,9.262017649,14.13947893,179.615031,45.75337343,2.547302036,15.5,16.69409664,29.98510685,65.53638477,-2.675386214,16.64225308,36.3738274,
810,46237,0,CIAT-BR05_931,Urochloa,interespecifico,Urochloa interespecifico,Poaceae,Poales,grasses,F262916,39,94,3,2,30,0.5001,471.5500597,153.1500597,0.343055556,40.5,0.684039352,72.5,15.7,40.5,0.350474537,97.5,17.6,,.,.,.,.,.,.,.,.,.,.,.,.,.,.,.,.,.,.,
811,46237,0,CIAT-BR09_5252,Urochloa,interespecifico,Urochloa interespecifico,Poaceae,Poales,grasses,F262917,39,94,3,1,31,0.5002,471.5678235,238.9678235,0.343275463,40.5,0.684479167,73.5,15,40.5,0.350810185,90,15.9,,33,49.5,31.96749212,47.72998649,79.69747861,4.795123818,7.589067852,12.38419167,169.0053363,50.67517578,2.998436433,15,15.53900059,26.2617402,51.82367855,0.94793811,14.57572017,28.7630382,
812,46237,0,CIAT-BR09_5252,Urochloa,interespecifico,Urochloa interespecifico,Poaceae,Poales,grasses,F262917,39,94,3,2,32,0.5002,471.5678235,202.3678235,0.343287037,40.5,0.684791667,73,15,40,0.351180556,90,15.8,,32.5,50,31.46749212,48.22998649,79.69747861,4.720123818,7.620337865,12.34046168,169.0053363,42.91383199,2.539199822,15,15.48413061,26.16900702,60.98035483,-20.06172502,14.52425165,33.84515195,
813,9/15/026,0,CIAT-BR12_1176,Urochloa,interespecifico,Urochloa interespecifico,Poaceae,Poales,grasses,F262918,39,104,1,1,13,0.5004,469.8347243,274.5347243,0.322511574,41,0.657858796,77.5,14,40,0.33162037,97,17.6,,36.5,57,35.46749212,55.22998649,90.69747861,4.965448897,9.720477622,14.68592652,193.0412418,58.43219117,3.026927854,14,16.19221035,31.25764393,53.49387607,0.511601408,17.34853317,29.69002672,
814,9/15/026,0,CIAT-BR12_1176,Urochloa,interespecifico,Urochloa interespecifico,Poaceae,Poales,grasses,F262918,39,104,1,2,14,0.5002,469.6469406,271.9469406,0.322719907,40,0.658425926,75.5,14.6,40,0.331886574,98.5,17.5,,35.5,58.5,34.46749212,56.72998649,91.19747861,5.032253849,9.927747635,14.96000148,194.1830569,57.90454852,2.981956791,14.6,16.40396392,31.85371859,55.01073647,0.538113641,17.67936492,30.53191049,
815,46237,0,CIAT-BR12_1280,Urochloa,interespecifico,Urochloa interespecifico,Poaceae,Poales,grasses,F262919,39,94,3,1,35,0.5,474.7338443,221.6338443,0.34400463,41,0.685983796,73.5,15.1,40.5,0.352291667,90,17.7,,32.5,49.5,31.46749212,47.72998649,79.19747861,4.75159131,8.448207608,13.19979892,166.8250106,46.68591612,2.798496218,15.1,16.66694338,27.80463006,59.55678366,1.219072045,15.43205073,33.05504532,
816,46237,0,CIAT-BR12_1280,Urochloa,interespecifico,Urochloa interespecifico,Poaceae,Poales,grasses,F262919,39,94,3,2,36,0.5003,475.0186846,228.1186846,0.344201389,40.5,0.686331019,70.5,15.8,40.5,0.352685185,90,17.6,,30,49.5,28.96749212,47.72998649,76.69747861,4.576863755,8.400477622,12.97734138,161.4620247,48.0230972,2.974265762,15.8,16.92016688,27.31964404,56.88855078,0.99334455,15.1628751,31.57412992,
817,46237,0,CIAT-BR12_1282,Urochloa,interespecifico,Urochloa interespecifico,Poaceae,Poales,grasses,F262920,39,94,3,1,37,0.5003,473.6130762,208.3130762,0.344467593,40.5,0.686701389,71.5,15.4,40.5,0.353043981,90,16.3,,31,49.5,29.96749212,47.72998649,77.69747861,4.614993786,7.779987798,12.39498158,164.0526466,43.98381014,2.681078974,15.4,15.95287493,26.17111352,59.5016972,1.815807628,14.52542079,33.02447139,
818,46237,0,CIAT-BR12_1282,Urochloa,interespecifico,Urochloa interespecifico,Poaceae,Poales,grasses,F262920,39,94,3,2,38,0.5001,473.4237446,213.9237446,0.344641204,41,0.687175926,71.5,15.3,40.5,0.353449074,91.5,16.2,,30.5,51,29.46749212,49.22998649,78.69747861,4.508526294,7.975257811,12.48378411,166.2305271,45.18652624,2.718304937,15.3,15.86300391,26.36915501,58.35623404,1.414324391,14.63533724,32.38871951,
819,46237,0,CIAT-BR12_1325,Urochloa,interespecifico,Urochloa interespecifico,Poaceae,Poales,grasses,F262921,39,94,3,1,39,0.5001,474.5737571,187.5737571,0.344895833,41,0.687650463,68,15.2,40.5,0.353831019,94,16.6,,27,53.5,25.96749212,51.72998649,77.69747861,3.947058802,8.587177757,12.53423656,163.7205544,39.52467963,2.414155008,15.2,16.13210208,26.41156695,66.82297541,-2.233546548,14.6588766,37.08790746,
820,46237,0,CIAT-BR12_1325,Urochloa,interespecifico,Urochloa interespecifico,Poaceae,Poales,grasses,F262921,39,94,3,2,40,0.5001,474.5737571,218.2737571,0.345081019,40.5,0.688113426,67.5,14.7,40.5,0.354236111,96.5,16.6,,27,56,25.96749212,54.22998649,80.19747861,3.817221341,9.002177757,12.8193991,168.9884394,45.99364247,2.721703486,14.7,15.9847907,27.01244834,58.73083081,2.254815537,14.99237617,32.5966272,
821,46279,0,CIAT-BR12_1399,Urochloa,interespecifico,Urochloa interespecifico,Poaceae,Poales,grasses,F262922,39,104,3,1,41,0.5003,476.0901117,264.6901117,0.322777778,40.5,0.658784722,75.5,15.5,40,0.332291667,95,16.7,,35,55,33.96749212,53.22998649,87.19747861,5.264961278,8.889407743,14.15436902,183.1533075,55.5966413,3.035524833,15.5,16.23254393,29.7304411,53.47524671,0.635220429,16.50090918,29.6796871,
822,46279,0,CIAT-BR12_1399,Urochloa,interespecifico,Urochloa interespecifico,Poaceae,Poales,grasses,F262922,39,104,3,2,42,0.5002,475.9949507,264.0949507,0.322962963,40.5,0.659212963,75.5,15.5,40.5,0.332777778,95,16.5,,35,54.5,33.96749212,52.72998649,86.69747861,5.264961278,8.70044777,13.96540905,182.1394922,55.48272105,3.046166451,15.5,16.10820669,29.33940586,52.88025769,0.632399129,16.28387786,29.3494579,
823,46237,0,CIAT-BR12_1418,Urochloa,interespecifico,Urochloa interespecifico,Poaceae,Poales,grasses,F262923,39,94,3,1,43,0.5001,469.175,258.975,0.345590278,40.5,0.689282407,73,15.7,41,0.355347222,96.5,16.8,,32.5,55.5,31.46749212,53.72998649,85.19747861,4.940396263,9.02663773,13.96703399,181.5899794,55.19795386,3.039702632,15.7,16.39371754,29.76934831,53.93197796,0.660850563,16.52250335,29.93318085,
824,46237,0,CIAT-BR12_1418,Urochloa,interespecifico,Urochloa interespecifico,Poaceae,Poales,grasses,F262923,39,94,3,2,44,0.5001,469.175,222.775,0.345763889,40.5,0.6896875,72,16.2,40.5,0.355752315,94.5,16.9,,31.5,54,30.46749212,52.22998649,82.69747861,4.935733723,8.826867716,13.76260144,176.2614773,47.48228273,2.693854804,16.2,16.64210526,29.33362059,61.77803362,1.822128487,16.28066693,34.28787748,
825,9/15/026,0,CIAT-BR12_1509,Urochloa,interespecifico,Urochloa interespecifico,Poaceae,Poales,grasses,F262924,39,104,3,1,45,0.5001,473.3013091,240.5013091,0.323472222,40.5,0.660393519,76.5,15.6,40,0.333923611,92,16.9,,37.5,58,36.46749212,56.22998649,92.69747861,5.68892877,9.44663773,15.1355665,195.8529943,50.81357361,2.594475197,15.6,16.32791606,31.97871252,62.93340589,0.930619599,17.74873872,34.92912908,
826,9/15/026,0,CIAT-BR12_1509,Urochloa,interespecifico,Urochloa interespecifico,Poaceae,Poales,grasses,F262924,39,104,3,2,46,0.5002,473.3959504,261.8959504,0.323680556,41,0.660717593,77.5,15.2,40,0.334155093,94,16.7,,37,56.5,35.96749212,54.72998649,90.69747861,5.682863755,9.249367716,14.93223147,191.5890462,55.32281174,2.887576969,15.8,16.46377794,31.54279511,57.01589295,0.623720246,17.50679701,31.64480702,
827,46237,0,CIAT-BR12_1535,Urochloa,interespecifico,Urochloa interespecifico,Poaceae,Poales,grasses,F262925,39,94,3,1,47,0.5002,474.2960179,248.3960179,0.346574074,40.5,0.690798611,72.5,15.8,40.5,0.357060185,90.5,17.7,,32,50,30.96749212,48.22998649,79.19747861,4.892863755,8.536707608,13.42957136,166.9790081,52.37151663,3.136413207,15.8,16.95706934,28.31474618,54.06516367,0.750295418,15.71517401,30.00710122,
828,46237,0,CIAT-BR12_1535,Urochloa,interespecifico,Urochloa interespecifico,Poaceae,Poales,grasses,F262925,39,94,3,2,48,0.5,474.1063753,259.5063753,0.346828704,40.5,0.691238426,73.5,15.9,40.5,0.357465278,90,17.9,,33,49.5,31.96749212,47.72998649,79.69747861,5.082831247,8.543667581,13.62649883,168.1004153,54.73589659,3.256142853,15.9,17.09777908,28.74143765,52.50930275,0.62009908,15.95199515,29.14357149,
829,46237,0,CIAT-BR12_1685,Urochloa,interespecifico,Urochloa interespecifico,Poaceae,Poales,grasses,F262926,39,94,3,1,49,0.5005,473.778639,236.378639,0.347060185,40.5,0.691608796,67.5,14.9,40,0.357835648,86,15.8,0,27,46,25.96749212,44.22998649,70.19747861,3.869156326,6.988337865,10.85749419,148.1651405,49.89221116,3.367338025,14.9,15.46707148,22.91680818,45.93263688,0.747233222,12.71922503,25.49340815,
830,46237,0,CIAT-BR12_1685,Urochloa,interespecifico,Urochloa interespecifico,Poaceae,Poales,grasses,F262926,39,94,3,2,50,0.5004,473.6839779,247.8839779,0.347326389,40.5,0.69193287,69.5,14.8,40.5,0.358252315,90,15.5,0,29,49.5,27.96749212,47.72998649,75.69747861,4.139188833,7.398147906,11.53733674,159.8058666,52.3310877,3.274666244,14.8,15.24137521,24.35661174,46.5432935,0.6172902,13.51834091,25.83233314,
831,9/15/026,0,CIAT-BR12_1844,Urochloa,interespecifico,Urochloa interespecifico,Poaceae,Poales,grasses,F262927,39,94,3,1,21,0.5005,471.4517084,233.5517084,0.323738426,41,0.661122685,78.5,14.7,40.5,0.334340278,94,16.4,,37.5,53.5,36.46749212,51.72998649,88.19747861,5.360721341,8.483717784,13.84443913,187.0763793,49.53884019,2.648054254,14.7,15.69709174,29.36555087,59.27783281,0.759914137,16.29838879,32.90022278,
832,9/15/026,0,CIAT-BR12_1844,Urochloa,interespecifico,Urochloa interespecifico,Poaceae,Poales,grasses,F262927,39,94,3,2,22,0.5001,471.0749239,258.5749239,0.32380787,40.5,0.661331019,78,15,40,0.334733796,95,16.5,,37.5,55,36.46749212,53.22998649,89.69747861,5.470123818,8.78294777,14.25307159,190.4102173,54.89040294,2.88274462,15,15.89015857,30.25648547,55.12163119,0.530019164,16.7928729,30.59345897,
833,46237,0,CIAT-BR12_1888,Urochloa,interespecifico,Urochloa interespecifico,Poaceae,Poales,grasses,F262928,39,94,3,1,53,0.5003,468.5325258,237.4325258,0.347928241,41,0.693020833,68,15.1,40.5,0.359363426,88.5,16.3,,27,48,25.96749212,46.22998649,72.19747861,3.92109131,7.535487798,11.45657911,154.0927783,50.67578294,3.288653986,15.1,15.86839226,24.4520465,48.25193629,0.537376109,13.57130885,26.78065945,
834,46237,0,CIAT-BR12_1888,Urochloa,interespecifico,Urochloa interespecifico,Poaceae,Poales,grasses,F262928,39,94,3,2,54,0.5004,468.6261761,258.5261761,0.348125,41,0.693310185,67.5,15.1,40.5,0.359849537,88,16.2,,26.5,47.5,25.46749212,45.72998649,71.19747861,3.84559131,7.408257811,11.25384912,151.9280873,55.16682364,3.631114207,15.1,15.80652762,24.01455509,43.5307917,0.39510128,13.32849355,24.16034252,
835,46237,0,CIAT-BR12_1939,Urochloa,interespecifico,Urochloa interespecifico,Poaceae,Poales,grasses,F262929,39,94,3,1,55,0.5003,472.7848757,244.1848757,0.348368056,41,0.693657407,73.5,14.9,41,0.360266204,87.5,16.9,,32.5,46.5,31.46749212,44.72998649,76.19747861,4.688656326,7.559367716,12.24802404,161.1673353,51.64819948,3.204631966,14.9,16.07405424,25.9061249,50.15881515,0.55716841,14.37834752,27.83901021,
836,46237,0,CIAT-BR12_1939,Urochloa,interespecifico,Urochloa interespecifico,Poaceae,Poales,grasses,F262929,39,94,3,2,56,0.5001,472.5958751,265.9958751,0.348587963,41,0.694050926,73.5,14.8,40.5,0.360601852,90,16.8,,32.5,49.5,31.46749212,47.72998649,79.19747861,4.657188833,8.01863773,12.67582656,167.5797077,56.2840027,3.358640702,14.8,16.00534106,26.82170376,47.6542223,0.430233602,14.88650963,26.44891784,
837,46237,0,CIAT-BR12_2243,Urochloa,interespecifico,Urochloa interespecifico,Poaceae,Poales,grasses,F262930,39,94,3,1,57,0.5,474.3012674,259.3012674,0.348796296,41,0.694652778,72,15,40.5,0.360949074,92,16.8,,31,51.5,29.96749212,49.72998649,79.69747861,4.495123818,8.35463773,12.84976155,168.0313423,54.67016118,3.253569271,15,16.12317199,27.09198231,49.55533645,0.48846972,15.0365189,27.50406909,
838,46237,0,CIAT-BR12_2243,Urochloa,interespecifico,Urochloa interespecifico,Poaceae,Poales,grasses,F262930,39,94,3,2,58,0.5001,474.3961276,284.3961276,0.349050926,41,0.694780093,73,15.3,40.5,0.361400463,92,16.7,0,32,51.5,30.96749212,49.72998649,80.69747861,4.738026294,8.304907743,13.04293404,170.1056857,59.94908286,3.524225695,15.3,16.16275287,27.4937616,45.86185525,0.373849102,15.25951336,25.45412312,
839,46237,0,CIAT-BR12_2254,Urochloa,interespecifico,Urochloa interespecifico,Poaceae,Poales,grasses,F262931,39,94,3,1,59,0.5002,460.8671366,212.9671366,0.349270833,41,0.695162037,76.5,15.2,40.5,0.361782407,92.5,16.1,,35.5,52,34.46749212,50.22998649,84.69747861,5.239058802,8.087027825,13.32608663,183.7785164,46.2100939,2.514444823,15.2,15.73374656,28.915246,62.57344133,0.777151905,16.04846179,34.72934253,
840,46237,0,CIAT-BR12_2254,Urochloa,interespecifico,Urochloa interespecifico,Poaceae,Poales,grasses,F262931,39,94,3,2,60,0.5004,461.0514097,270.2514097,0.349490741,40.5,0.695462963,75.5,15.6,40.5,0.36212963,94.5,16.2,,35,54,33.96749212,52.22998649,86.19747861,5.29892877,8.461257811,13.76018658,186.958497,58.61632868,3.135258874,15.6,15.96356042,29.84523264,50.91624349,0.379521441,16.56462047,28.25939604,
841,46237,0,CIAT-BR12_2255,Urochloa,interespecifico,Urochloa interespecifico,Poaceae,Poales,grasses,F262932,39,94,3,1,61,0.5003,466.7899577,253.0899577,0.34974537,41,0.695717593,73.5,16.1,40.5,0.362581019,94.5,17.7,,32.5,54,31.46749212,52.22998649,83.69747861,5.066266231,9.244707608,14.31097384,179.3043685,54.21923791,3.023865974,16.1,17.09845276,30.65827275,56.54500862,0.611720267,17.0158718,31.38345807,
842,46237,0,CIAT-BR12_2255,Urochloa,interespecifico,Urochloa interespecifico,Poaceae,Poales,grasses,F262932,39,94,3,2,62,0.5,466.5100516,273.4100516,0.350011574,40.5,0.696145833,74.5,15.6,40,0.362858796,93,18.1,,34,53,32.96749212,51.22998649,84.19747861,5.14292877,9.272627554,14.41555632,180.4837394,58.60753711,3.247247497,15.6,17.12112591,30.90084827,52.72504152,0.468987424,17.15050541,29.26331024,
843,46237,0,CIAT-BR12_2305,Urochloa,interespecifico,Urochloa interespecifico,Poaceae,Poales,grasses,F262933,39,94,3,1,63,0.5002,461.0960912,270.5960912,0.350219907,40.5,0.696481481,74,15.4,40,0.363344907,93.5,16.6,,33.5,53.5,32.46749212,51.72998649,84.19747861,4.999993786,8.587177757,13.58717154,182.6028895,58.68540123,3.213826538,15.4,16.13726654,29.467115,50.21200227,0.371262276,16.35475863,27.86852998,
844,46237,0,CIAT-BR12_2305,Urochloa,interespecifico,Urochloa interespecifico,Poaceae,Poales,grasses,F262933,39,94,3,2,64,0.5002,461.0960912,282.0960912,0.35068287,41,0.696643519,74.5,15.3,40.5,0.363668981,96,16.7,,33.5,55.5,32.46749212,53.72998649,86.19747861,4.967526294,8.972907743,13.94043404,186.9403802,61.17945838,3.272672191,15.3,16.17267032,30.23325139,49.41732436,0.344849452,16.77997759,27.42746999,
845,46237,0,CIAT-BR12_2316,Urochloa,interespecifico,Urochloa interespecifico,Poaceae,Poales,grasses,F262934,39,94,3,1,65,0.5003,465.6844316,219.4844316,0.350625,40.5,0.697013889,73,14.8,40.5,0.364050926,88,15.4,,32.5,47.5,31.46749212,45.72998649,77.19747861,4.657188833,7.042417919,11.69960675,165.7720838,47.13158025,2.843155444,14.8,15.15542601,25.12346551,53.30495047,1.05171662,13.94395802,29.58516974,
846,46237,0,CIAT-BR12_2316,Urochloa,interespecifico,Urochloa interespecifico,Poaceae,Poales,grasses,F262934,39,94,3,2,66,0.5003,465.6844316,219.5844316,0.350706019,41,0.697430556,73.5,15,40.5,0.364363426,90,15.3,,32.5,49.5,31.46749212,47.72998649,79.19747861,4.720123818,7.302687933,12.02281175,170.0668376,47.15305402,2.77261897,15,15.18080116,25.81750846,54.75256905,1.077274774,14.32916386,30.3886231,
847,46237,0,CIAT-BR12_2367,Urochloa,interespecifico,Urochloa interespecifico,Poaceae,Poales,grasses,F262935,39,94,3,1,67,0.5,464.7320536,260.8320536,0.350914352,40.5,0.697708333,71.5,14.9,40.5,0.364756944,88.5,17.7,,31,48,29.96749212,46.22998649,76.19747861,4.465156326,8.182707608,12.64786393,163.9600239,56.12525574,3.423106097,14.9,16.59879587,27.21538968,48.49045108,0.473471209,15.10501213,26.91303928,
848,46237,0,CIAT-BR12_2367,Urochloa,interespecifico,Urochloa interespecifico,Poaceae,Poales,grasses,F262935,39,94,3,2,68,0.5003,465.0108928,247.2108928,0.351018519,40,0.698113426,70.5,14.8,39,0.365173611,81.5,17.7,,30.5,42.5,29.46749212,40.72998649,70.19747861,4.361188833,7.209207608,11.57039644,150.9587833,53.16238751,3.521649178,14.8,16.48263823,24.88199012,46.80374845,0.531630547,13.809935,25.97689014,
849,46237,0,CIAT-BR12_2461,Urochloa,interespecifico,Urochloa interespecifico,Poaceae,Poales,grasses,F262936,39,94,3,1,69,0.5002,471.3692234,228.3692234,0.351215278,40.5,0.698506944,75,15,40.5,0.365578704,94.5,16.9,,34.5,54,33.46749212,52.22998649,85.69747861,5.020123818,8.826867716,13.84699153,181.8054178,48.44805559,2.664830134,15,16.15799176,29.37610444,60.6342279,0.647251347,16.3042462,33.65304552,
850,46237,0,CIAT-BR12_2461,Urochloa,interespecifico,Urochloa interespecifico,Poaceae,Poales,grasses,F262936,39,94,3,2,70,0.5002,471.3692234,233.7692234,0.351331019,41,0.698796296,74.5,15.1,40.5,0.366030093,93.5,16.7,,33.5,53,32.46749212,51.22998649,83.69747861,4.90259131,8.555407743,13.45799905,177.5624594,49.59365435,2.793025874,15.1,16.07933629,28.55086498,57.56959304,0.581581706,15.84622402,31.95212015,
851,46237,0,CIAT-BR12_3018,Urochloa,interespecifico,Urochloa interespecifico,Poaceae,Poales,grasses,F262937,39,94,3,1,71,0.5,466.2283893,254.0283893,0.351516204,41,0.699201389,75,15.1,40.5,0.366273148,89,16.8,,34,48.5,32.96749212,46.72998649,79.69747861,4.97809131,7.85063773,12.82872904,170.9408531,54.48582608,3.187408106,15.1,16.09678156,27.51597572,50.50116278,0.480661181,15.27184258,28.02901907,
852,46237,0,CIAT-BR12_3018,Urochloa,interespecifico,Urochloa interespecifico,Poaceae,Poales,grasses,F262937,39,94,3,2,72,0.5003,466.5081264,249.3081264,0.351678241,40.5,0.699780093,75.5,14.9,40.5,0.366678241,89.5,16.8,,35,49,33.96749212,47.22998649,81.19747861,5.061156326,7.93463773,12.99579406,174.0537282,53.44132551,3.070392463,14.9,16.00516947,27.85759416,52.12743863,0.519678671,15.46144672,28.9316303,
853,46237,0,CIAT-BR12_3067,Urochloa,interespecifico,Urochloa interespecifico,Poaceae,Poales,grasses,F262938,39,94,3,1,73,0.5002,459.2147089,287.9147089,0.351805556,40.5,0.700162037,72.5,15.4,40,0.367083333,89.5,16.4,,32,49.5,30.96749212,47.72998649,78.69747861,4.768993786,7.827717784,12.59671157,171.3740372,62.6971879,3.65849979,15.4,16.00649956,27.43098452,43.75153884,0.297840529,15.22467099,24.282861,
854,46237,0,CIAT-BR12_3067,Urochloa,interespecifico,Urochloa interespecifico,Poaceae,Poales,grasses,F262938,39,94,3,2,74,0.5004,459.3983214,259.0983214,0.351979167,40.5,0.700578704,72.5,15.3,40.5,0.367511574,90,16.5,,32,49.5,30.96749212,47.72998649,78.69747861,4.738026294,7.87544777,12.61347406,171.3055424,56.3994924,3.292333197,15.3,16.02779948,27.45650882,48.68219137,0.387497646,15.23883742,27.01945846,
855,46237,0,CIAT-BR12_3069,Urochloa,interespecifico,Urochloa interespecifico,Poaceae,Poales,grasses,F262939,39,94,3,1,75,0.5003,468.0887302,237.4887302,0.352106481,40,0.7009375,68.5,15.3,40,0.367881944,94,16.9,,28.5,54,27.46749212,52.22998649,79.69747861,4.202526294,8.826867716,13.02939401,170.2614771,50.73583594,2.979877587,15.3,16.3485649,27.83530807,54.86320971,0.709735706,15.44907756,30.45003058,
856,46237,0,CIAT-BR12_3069,Urochloa,interespecifico,Urochloa interespecifico,Poaceae,Poales,grasses,F262939,39,94,3,2,76,0.5005,468.2758535,234.2758535,0.352233796,41,0.701238426,70,15.1,40.5,0.368298611,95,16.9,,29,54.5,27.96749212,52.72998649,80.69747861,4.22309131,8.911367716,13.13445903,172.3289339,50.02945416,2.903137217,15.1,16.27617028,28.04855072,56.06407503,0.76418858,15.56743092,31.11653161,
857,46237,0,BLANK 8 H,0,0,BLANK 8 H,0,0,0,BLANK 8 H,39,94,3,1,77,0,0,0,0.352418981,40,0.701597222,41.5,0,0,0,0,0,,1.5,,,,,,,,,,,,,,,,,,
858,46237,0,BLANK 8 H,0,0,BLANK 8 H,0,0,0,BLANK 8 H,39,94,3,2,78,0,0,0,0.352546296,39.5,0.701909722,40.5,0,0,0,0,0,,1,,,,,,,,,,,,,,,,,,
859,46237,0,CIAT-BR12_3358,Urochloa,interespecifico,Urochloa interespecifico,Poaceae,Poales,grasses,F262940,39,94,3,1,79,0.5004,461.9750486,249.1750486,0.35275463,40.5,0.702013889,73,15.4,40.5,0.36869213,91.5,17.4,,32.5,51,31.46749212,49.22998649,80.69747861,4.845993786,8.566017649,13.41201144,174.6793011,53.9369062,3.087767461,15.4,16.62011214,29.03189571,53.82565994,0.591994717,16.1132044,29.87417251,
860,46237,0,CIAT-BR12_3358,Urochloa,interespecifico,Urochloa interespecifico,Poaceae,Poales,grasses,F262940,39,94,3,2,80,0.5002,461.7904063,249.2904063,0.352858796,41,0.702523148,72.5,15.6,40.5,0.368969907,91,17.6,0,31.5,50.5,30.46749212,48.72998649,79.19747861,4.75292877,8.576477622,13.32940639,171.500918,53.98345287,3.14770635,15.6,16.83059439,28.86462388,53.46939173,0.586325921,16.02036564,29.67643749,
861,46237,0,CIAT-BR12_3377,Urochloa,interespecifico,Urochloa interespecifico,Poaceae,Poales,grasses,F262941,39,94,3,1,81,0.5003,462.409853,243.909853,0.353043981,40.5,0.702650463,76.5,14.9,40.5,0.369363426,89,17.1,,36,48.5,34.96749212,46.72998649,81.69747861,5.210156326,7.990827689,13.20098401,176.6776336,52.74754667,2.985524856,14.9,16.15837384,28.54823254,54.12238928,0.855227184,15.84476298,30.03886242,
862,46237,0,CIAT-BR12_3377,Urochloa,interespecifico,Urochloa interespecifico,Poaceae,Poales,grasses,F262941,39,94,3,2,82,0.5,462.1325735,201.5325735,0.353159722,40.5,0.703136574,73.5,15.4,40.5,0.36974537,90,16.9,,33,49.5,31.96749212,47.72998649,79.69747861,4.922993786,8.066367716,12.9893615,172.4558778,43.60925523,2.528719566,15.4,16.29833431,28.1074355,64.45291338,-14.14186532,15.60011299,35.77248203,
863,46237,0,CIAT-BR12_49,Urochloa,interespecifico,Urochloa interespecifico,Poaceae,Poales,grasses,F262942,39,94,3,1,83,0.5005,467.1233253,252.2233253,0.353321759,41,0.70337963,75,15,40.5,0.37025463,93,16.3,,34,52.5,32.96749212,50.72998649,83.69747861,4.945123818,8.268987798,13.21411162,179.176406,53.99501837,3.013511632,15,15.78794467,28.28827185,52.39052176,0.532960715,15.70048029,29.07764599,
864,46237,0,CIAT-BR12_49,Urochloa,interespecifico,Urochloa interespecifico,Poaceae,Poales,grasses,F262942,39,94,3,2,84,0.5,466.6566687,250.3566687,0.353460648,40.5,0.703877315,75.5,14.4,40.5,0.370613426,91.5,16.1,0,35,51,33.96749212,49.22998649,83.19747861,4.891318865,7.926027825,12.81734669,178.2841309,53.64900696,3.009185769,14.4,15.40593165,27.46633135,51.19634623,0.529027207,15.2442891,28.41485791,
865,46237,0,CIAT-BR12_61,Urochloa,interespecifico,Urochloa interespecifico,Poaceae,Poales,grasses,F262943,39,94,3,1,85,0.5,460.9847642,283.0847642,0.35369213,40.5,0.704050926,75.5,15.4,40.5,0.37099537,94.5,16.7,,35,54,33.96749212,52.22998649,86.19747861,5.230993786,8.722407743,13.95340153,186.985526,61.40870288,3.284142051,15.4,16.18771425,30.26868264,49.29054225,0.394592352,16.79964255,27.35710373,
866,46237,0,CIAT-BR12_61,Urochloa,interespecifico,Urochloa interespecifico,Poaceae,Poales,grasses,F262943,39,94,3,2,86,0.5,460.9847642,253.8847642,0.353854167,40.5,0.704398148,77.5,15,40,0.371423611,94.5,16.8,,37,54.5,35.96749212,52.72998649,88.69747861,5.395123818,8.85863773,14.25376155,192.4086987,55.07443714,2.862367321,15,16.07008651,30.92024434,56.14264248,0.575863222,17.16127056,31.16013791,
867,46237,0,CIAT-BR12_91,Urochloa,interespecifico,Urochloa interespecifico,Poaceae,Poales,grasses,F262944,39,94,3,1,87,0.5001,463.7481802,257.6481802,0.353958333,41,0.704861111,72,14.1,40.5,0.371793981,91,17.3,,31,50.5,29.96749212,48.72998649,78.69747861,4.225416389,8.430287662,12.65570405,169.698733,55.55777709,3.273906417,14.1,16.08146065,27.29003496,49.12009874,0.571041386,15.14644155,27.26250463,
868,46237,0,CIAT-BR12_91,Urochloa,interespecifico,Urochloa interespecifico,Poaceae,Poales,grasses,F262944,39,94,3,2,88,0.5003,463.9336424,235.7336424,0.353993056,41,0.705428241,72.5,13.8,41,0.372175926,92,17.3,,31.5,51,30.46749212,49.22998649,79.69747861,4.204513912,8.516787662,12.72130157,171.7863749,50.81193103,2.957855712,13.8,15.9619875,27.42051969,53.96472666,0.918474002,15.21886283,29.95135694,
869,46237,0,CIAT-BR15_1468,Urochloa,interespecifico,Urochloa interespecifico,Poaceae,Poales,grasses,F262945,39,94,3,1,89,0.5003,461.9346631,250.4346631,0.35431713,41,0.705671296,77,15.2,41,0.372523148,90,16.6,,36,49,34.96749212,47.22998649,82.19747861,5.315058802,7.840177757,13.15523656,177.9417852,54.21430412,3.046743858,15.2,16.00442834,28.4785655,52.5296155,0.585620073,15.80609656,29.15484542,
870,46237,0,CIAT-BR15_1468,Urochloa,interespecifico,Urochloa interespecifico,Poaceae,Poales,grasses,F262945,39,94,3,2,90,0.5006,462.2116577,263.1116577,0.354444444,41,0.706053241,75.5,15.6,40.5,0.372824074,90.5,16.9,,34.5,50,33.46749212,48.22998649,81.69747861,5.22092877,8.150867716,13.37179649,176.7533926,56.92449624,3.220560318,15.6,16.36745309,28.93002862,50.82175608,0.494274629,16.05666641,28.20695389,
871,46237,0,CIAT-BR15_1628,Urochloa,interespecifico,Urochloa interespecifico,Poaceae,Poales,grasses,F262946,39,94,3,1,91,0.5001,461.0078169,192.1078169,0.35474537,41,0.706527778,74.5,15.4,40.5,0.373321759,93.5,16.5,,33.5,53,32.46749212,51.22998649,83.69747861,4.999993786,8.45294777,13.45294156,181.5532742,41.67127104,2.295264088,15.4,16.0732937,29.18159099,70.02807994,-5.439334573,16.19628787,38.86679592,
872,46237,0,CIAT-BR15_1628,Urochloa,interespecifico,Urochloa interespecifico,Poaceae,Poales,grasses,F262946,39,94,3,2,92,0.5,460.9156337,215.7156337,0.354837963,40.5,0.706828704,72.5,15.4,40,0.373796296,94,16.4,,32,54,30.96749212,52.22998649,83.19747861,4.768993786,8.565717784,13.33471157,180.5047877,46.80154413,2.592814558,15.4,16.02778329,28.93091619,61.8161574,2.039036033,16.05715902,34.30903684,
873,46279,0,CIAT-BR15_1689,Urochloa,interespecifico,Urochloa interespecifico,Poaceae,Poales,grasses,F262947,39,104,3,1,27,0.5002,461.8941881,252.5941881,0.324409722,40.5,0.662997685,73,14.6,40,0.336215278,98.5,16.1,,32.5,58.5,31.46749212,56.72998649,88.19747861,4.594253849,9.133527825,13.72778167,190.947366,54.68659156,2.863961556,14.6,15.56482327,29.72062006,54.34717947,0.71499946,16.49545833,30.16362487,
874,46279,0,CIAT-BR15_1689,Urochloa,interespecifico,Urochloa interespecifico,Poaceae,Poales,grasses,F262947,39,104,3,2,28,0.5005,462.1712138,287.7712138,0.324583333,40.5,0.663240741,72,14.4,40,0.3365625,100,15.9,,31.5,60,30.46749212,58.22998649,88.69747861,4.387318865,9.258567852,13.64588672,191.9147622,62.26506654,3.244412562,14.4,15.38475155,29.52560936,47.41922077,0.417136835,16.38722402,26.31848793,
875,46237,0,CIAT-BR15_1712,Urochloa,interespecifico,Urochloa interespecifico,Poaceae,Poales,grasses,F262948,39,105,3,1,95,0.5003,475.9914896,265.2914896,0.324548611,40.5,0.662488426,78.5,14.9,40,0.345833333,88.5,16.6,,38,48.5,36.96749212,46.72998649,83.69747861,5.508156326,7.757177757,13.26533408,175.8381829,55.73450269,3.16964733,14.9,15.84914421,27.86884718,50.00286328,0.515484453,15.46769235,27.75245422,
876,46237,0,CIAT-BR15_1712,Urochloa,interespecifico,Urochloa interespecifico,Poaceae,Poales,grasses,F262948,39,105,3,2,96,0.5,475.7060659,239.3060659,0.324768519,40.5,0.662928241,78.5,14.9,40,0.345833333,89.5,16.7,,38,49.5,36.96749212,47.72998649,84.69747861,5.508156326,7.970907743,13.47906407,178.0458242,50.30544764,2.825421369,14.9,15.91436285,28.33485851,56.32562642,0.810763673,15.72633669,31.26169715,
877,46237,0,CIAT-BR15_1830,Urochloa,interespecifico,Urochloa interespecifico,Poaceae,Poales,grasses,F262949,39,94,3,1,97,0.5002,475.5175755,215.2175755,0.355717593,40.5,0.708726852,72.5,15.6,40.5,0.375752315,91.5,17.1,,32,51,30.96749212,49.22998649,80.19747861,4.83092877,8.418327689,13.24925646,168.6530272,45.25964687,2.683595285,15.6,16.52078929,27.86281127,61.56214905,1.176223075,15.46434231,34.16805781,
878,46237,0,CIAT-BR15_1830,Urochloa,interespecifico,Urochloa interespecifico,Poaceae,Poales,grasses,F262949,39,94,3,2,98,0.5001,475.42251,197.02251,0.355856481,40.5,0.709201389,73.5,15.6,40.5,0.376076389,92,17,,33,51.5,31.96749212,49.72998649,81.69747861,4.98692877,8.454097703,13.44102647,171.8418394,41.44156111,2.411610656,15.6,16.45219253,28.27175027,68.2207656,2.648475129,15.69131053,37.8637052,
879,46237,0,CIAT-BR15_1865,Urochloa,interespecifico,Urochloa interespecifico,Poaceae,Poales,grasses,F262950,39,94,3,1,99,0.5001,477.2988776,238.8988776,0.355960648,41,0.709606481,76.5,14.5,40.5,0.376550926,90,16.7,,35.5,49.5,34.46749212,47.72998649,82.19747861,4.997786357,7.970907743,12.9686941,172.2138527,50.05226051,2.90640153,14.5,15.77748408,27.17101319,54.28528686,0.893671462,15.08038241,30.1292734,
880,46237,0,CIAT-BR15_1865,Urochloa,interespecifico,Urochloa interespecifico,Poaceae,Poales,grasses,F262950,39,94,3,2,100,0.5001,477.2988776,236.2988776,0.356145833,41,0.709976852,76.5,14.6,40.5,0.376875,92,16.7,,35.5,51.5,34.46749212,49.72998649,84.19747861,5.032253849,8.304907743,13.33716159,176.4040993,49.50752845,2.806484013,14.6,15.84033372,27.94299802,56.44191681,0.982163983,15.50884734,31.32624033,
881,46237,0,CIAT-BR15_1877,Urochloa,interespecifico,Urochloa interespecifico,Poaceae,Poales,grasses,F262951,39,94,3,1,101,0.5002,476.7953057,260.9953057,0.356284722,40,0.710752315,72,15.6,40,0.377361111,91,15.9,,32,51,30.96749212,49.22998649,80.19747861,4.83092877,7.827567852,12.65849662,168.2010658,54.73948728,3.254407872,15.6,15.78415786,26.54912175,48.50085938,0.56174729,14.7352219,26.91881607,
882,46237,0,CIAT-BR15_1877,Urochloa,interespecifico,Urochloa interespecifico,Poaceae,Poales,grasses,F262951,39,94,3,2,102,0.5,476.6046638,250.4046638,0.356458333,41,0.711018519,74.5,15.1,40.5,0.3778125,92,16,,33.5,51.5,32.46749212,49.72998649,82.19747861,4.90259131,7.956797838,12.85938915,172.4646963,52.53928105,3.046378892,15.1,15.64450561,26.98124908,51.35443147,0.572096708,14.97506004,28.50259795,
883,46237,0,CIAT-BR15_2174,Urochloa,interespecifico,Urochloa interespecifico,Poaceae,Poales,grasses,F262952,39,94,3,1,103,0.5002,478.3967153,268.3967153,0.356597222,40,0.711550926,73.5,14.8,40,0.378206019,92.5,16.9,,33.5,52.5,32.46749212,50.72998649,83.19747861,4.805188833,8.573367716,13.37855655,173.9089671,56.10337754,3.226019824,14.8,16.08048318,27.96540219,49.84620074,0.47275312,15.52128205,27.6655038,
884,46237,0,CIAT-BR15_2174,Urochloa,interespecifico,Urochloa interespecifico,Poaceae,Poales,grasses,F262952,39,94,3,2,104,0.5002,478.3967153,270.5967153,0.356747685,40.5,0.712083333,72.5,14.8,40.5,0.378506944,94.5,16.8,,32,54,30.96749212,52.22998649,83.19747861,4.583188833,8.77463773,13.35782656,173.9089671,56.56324692,3.252462934,14.8,16.05556657,27.92206998,49.36433374,0.395250258,15.49723192,27.39805928,
885,46237,0,CIAT-BR15_2464,Urochloa,interespecifico,Urochloa interespecifico,Poaceae,Poales,grasses,F262953,39,94,3,1,105,0.5004,477.0598272,259.2598272,0.356921296,40.5,0.712511574,73.5,15.1,40.5,0.378842593,95.5,15.6,,33,55,31.96749212,53.22998649,85.19747861,4.82709131,8.303877892,13.1309692,178.588667,54.34534883,3.043045774,15.1,15.41239179,27.52478505,50.64791311,0.397506594,15.27673191,28.11046804,
886,46237,0,CIAT-BR15_2464,Urochloa,interespecifico,Urochloa interespecifico,Poaceae,Poales,grasses,F262953,39,94,3,2,106,0.5004,477.0598272,255.3598272,0.357071759,40.5,0.712939815,72.5,15.2,40.5,0.37931713,92.5,15.4,,32,52,30.96749212,50.22998649,81.19747861,4.707058802,7.735417919,12.44247672,170.2039744,53.5278413,3.144923113,15.2,15.32372302,26.0815856,48.72527076,0.390852389,14.47573125,27.04336827,
887,46237,0,CIAT-BR15_2528,Urochloa,interespecifico,Urochloa interespecifico,Poaceae,Poales,grasses,F262954,39,94,3,1,107,0.5003,470.8088007,269.6088007,0.357280093,40.5,0.713275463,73,15.4,40.5,0.379641204,90,16.6,,32.5,49.5,31.46749212,47.72998649,79.19747861,4.845993786,7.923177757,12.76917154,168.215799,57.26502995,3.404259902,15.4,16.12320464,27.12177751,47.36184987,0.422525611,15.05305575,26.28664608,
888,46237,0,CIAT-BR15_2528,Urochloa,interespecifico,Urochloa interespecifico,Poaceae,Poales,grasses,F262954,39,94,3,2,108,0.5001,470.6205901,281.7205901,0.35744213,41,0.71375,74.5,15.5,40,0.380127315,91.5,16.8,,33.5,51.5,32.46749212,49.72998649,82.19747861,5.032461278,8.35463773,13.38709901,174.6576336,59.86150968,3.427362918,15.5,16.2865081,28.44562964,47.5190649,0.388474724,15.78781659,26.37390315,
889,46237,0,CIAT-BR15_2532,Urochloa,interespecifico,Urochloa interespecifico,Poaceae,Poales,grasses,F262955,39,94,3,1,109,0.5004,477.3623131,301.1623131,0.357743056,40.5,0.714166667,73,16,40.5,0.380810185,88,17.4,,32.5,47.5,31.46749212,45.72998649,77.19747861,5.034798739,7.957017649,12.99181639,161.7167432,63.08883312,3.901193647,16,16.82932736,27.21584011,43.13891819,0.493199358,15.10526212,23.94284595,
890,46237,0,CIAT-BR15_2532,Urochloa,interespecifico,Urochloa interespecifico,Poaceae,Poales,grasses,F262955,39,94,3,2,110,0.5004,477.3623131,286.3623131,0.357777778,40.5,0.714513889,72.5,15.4,40.5,0.381238426,89,17.4,0,32,48.5,30.96749212,46.72998649,77.69747861,4.768993786,8.131017649,12.90001144,162.7641657,59.98846269,3.685606254,15.4,16.60287009,27.02352297,45.04786714,0.640041146,14.99852279,25.00234564,
891,46237,0,CIAT-BR15_2538,Urochloa,interespecifico,Urochloa interespecifico,Poaceae,Poales,grasses,F262956,39,94,3,1,111,0.5001,464.401777,269.401777,0.357997685,40.5,0.714918981,71.5,15.4,40.5,0.381608796,95.5,17.1,,31,55,29.96749212,53.22998649,83.19747861,4.614993786,9.102327689,13.71732148,179.1497852,58.01049658,3.238100258,15.4,16.4876649,29.53761625,50.91770971,0.571665324,16.39388805,28.26020982,
892,46237,0,CIAT-BR15_2538,Urochloa,interespecifico,Urochloa interespecifico,Poaceae,Poales,grasses,F262956,39,94,3,2,112,0.5004,464.6803623,271.0803623,0.358113426,41,0.715162037,72,15.2,40.5,0.381944444,95.5,17.2,,31,55,29.96749212,53.22998649,83.19747861,4.555058802,9.155557676,13.71061648,179.0423813,58.33695252,3.258276174,15.2,16.47960576,29.50547858,50.57768243,0.557653051,16.37605109,28.07148879,
893,46237,0,CIAT-BR15_2545,Urochloa,interespecifico,Urochloa interespecifico,Poaceae,Poales,grasses,F262957,39,94,3,1,113,0.5005,459.3630137,255.9630137,0.358298611,40.5,0.715520833,71,16,40.5,0.382326389,93,16.1,,30.5,52.5,29.46749212,50.72998649,80.19747861,4.714798739,8.167527825,12.88232656,174.5841006,55.72129363,3.191659116,16,16.06325634,28.0438916,50.32885954,0.56409302,15.56484503,27.93338779,
894,46237,0,CIAT-BR15_2545,Urochloa,interespecifico,Urochloa interespecifico,Poaceae,Poales,grasses,F262957,39,94,3,2,114,0.5003,459.1794521,248.5794521,0.358460648,40.5,0.715833333,72,15.7,40.5,0.382708333,92,15.9,,31.5,51.5,30.46749212,49.72998649,80.19747861,4.783396263,7.907067852,12.69046411,174.6538924,54.13557835,3.099591862,15.7,15.82401883,27.63726482,51.05194339,0.632188082,15.33916013,28.33471183,
895,46237,0,CIAT-BR15_2767,Urochloa,interespecifico,Urochloa interespecifico,Poaceae,Poales,grasses,F262958,39,105,3,1,101,0.5005,462.8949331,281.4949331,0.325613426,40.5,0.66505787,81,15.6,40,0.346527778,93.5,16.9,,40.5,53.5,39.46749212,51.72998649,91.19747861,6.15692877,8.742367716,14.89929649,197.0155041,60.81184152,3.086652585,15.6,16.33739958,32.18721014,52.92918178,0.499220967,17.8644585,29.37661162,
896,46237,0,CIAT-BR15_2767,Urochloa,interespecifico,Urochloa interespecifico,Poaceae,Poales,grasses,F262958,39,105,3,2,102,0.5006,462.9874196,246.4874196,0.325648148,40.5,0.665023148,82,15.1,40,0.347222222,92,16.9,,41.5,52,40.46749212,50.22998649,90.69747861,6.11059131,8.488867716,14.59945903,195.8962053,53.23847024,2.717687674,15.1,16.09687419,31.53316571,59.23003717,0.896376614,17.50145253,32.87369537,
897,46237,0, CIAT 17009,Canavalia, brasiliensis,Canavalia brasiliensis,Fabaceas,Fabales,Trepadoras,F263289,39,94,3,1,117,0.5004,457.6307741,264.7307741,0.358969907,41,0.717048611,71,15.2,40.5,0.383946759,90,18.1,,30,49.5,28.96749212,47.72998649,76.69747861,4.403058802,8.639127554,13.04218636,167.5968552,57.84811448,3.451622908,15.2,17.00471331,28.49936476,49.26584905,0.43845256,15.81764051,27.34339857,
898,46237,0, CIAT 17009,Canavalia, brasiliensis,Canavalia brasiliensis,Fabaceas,Fabales,Trepadoras,F263289,39,94,3,2,118,0.5004,457.6307741,226.0307741,0.35912037,40.5,0.717476852,70,15.9,40,0.384328704,90,18.4,,29.5,50,28.46749212,48.22998649,76.69747861,4.526331247,8.874317514,13.40064876,167.5968552,49.39151537,2.947043087,15.9,17.47208514,29.28266524,59.28683301,0.856193156,16.25238583,32.90521804,
899,46237,0,CIAT 17462,Canavalia, brasiliensis,Canavalia brasiliensis,Fabaceas,Fabales,Trepadoras,F263290,39,94,3,1,119,0.5004,452.3163779,271.9163779,0.359270833,40.5,0.717893519,67.5,16.4,40,0.384710648,84,16.6,,27,44,25.96749212,42.22998649,68.19747861,4.258668707,7.010177757,11.26884646,150.7738431,60.11641214,3.987191073,16.4,16.52384618,24.91363792,41.44232338,0.496726678,13.82750008,23.00120647,
900,46237,0,CIAT 17462,Canavalia, brasiliensis,Canavalia brasiliensis,Fabaceas,Fabales,Trepadoras,F263290,39,94,3,2,120,0.5002,452.135596,271.335596,0.359490741,40.5,0.718402778,68,16,40,0.385046296,83.5,16.4,,27.5,43.5,26.46749212,41.72998649,68.19747861,4.234798739,6.843717784,11.07851652,150.8341286,60.01199604,3.978674894,16,16.2447597,24.50264173,40.829573,0.492733229,13.59939008,22.66111941,
901,46237,0,CIAT 13953,Desmodium,velutinum,Desmodium velutinum,Fabaceas,Fabales,Arbustivas,F263291,39,94,3,1,121,0.5003,461.163266,216.163266,0.360173611,40.5,0.718796296,67,17,41,0.385358796,81,16.6,,26.5,40,25.46749212,38.22998649,63.69747861,4.32947366,6.346177757,10.67565142,138.1234875,46.87347886,3.393592192,17,16.75992779,23.14939676,49.38698241,-9.016767781,12.84831571,27.41062968,
902,46237,0,CIAT 13953,Desmodium,velutinum,Desmodium velutinum,Fabaceas,Fabales,Arbustivas,F263291,39,94,3,2,122,0.5001,460.9789113,225.0789113,0.359884259,41.5,0.719409722,69,14.4,41,0.385740741,80.5,17,,27.5,39.5,26.46749212,37.72998649,64.19747861,3.811318865,6.414097703,10.22541657,139.2633742,48.82629244,3.506039742,14.4,15.9280657,22.18196173,45.43036266,4.033182764,12.31137253,25.21463727,
903,46237,0,CIAT 9432,Clitoria,tertanea,Clitoria tertanea,Fabaceas,Fabales,Trepadoras,F263292,39,94,3,1,123,0.5,461.28468,226.48468,0.360208333,40,0.719780093,78,18.5,40,0.386087963,81.5,20,,38,41.5,36.96749212,39.72998649,76.69747861,6.838986042,7.945997298,14.78498334,166.2692952,49.09867806,2.95296122,18.5,19.27701354,32.05175455,65.28028006,0.439762993,17.7892783,36.23168485,
904,46237,0,CIAT 9432,Clitoria,tertanea,Clitoria tertanea,Fabaceas,Fabales,Trepadoras,F263292,39,94,3,2,124,0.5004,461.6537077,212.7537077,0.360416667,40,0.720289352,78,18.6,40,0.386365741,80,20.2,,38,40,36.96749212,38.22998649,75.19747861,6.875953534,7.722457271,14.5984108,162.8871974,46.08512921,2.829266508,18.6,19.41343124,31.62199406,68.61648128,0.491687576,17.5507538,38.08333425,
905,46237,0,CIAT 17768,Clitoria,tertanea,Clitoria tertanea,Fabaceas,Fabales,Trepadoras,F263293,39,94,3,1,125,0.5,463.5343443,229.0343443,0.36056713,40.5,0.720601852,76,18.3,40,0.386666667,81,19.1,,35.5,41,34.46749212,39.22998649,73.69747861,6.307551058,7.492927419,13.80047848,158.9903305,49.41043681,3.107763639,18.3,18.72584889,29.77228904,60.2550614,0.47623492,16.52413551,33.44260155,
906,46237,0,CIAT 17768,Clitoria,tertanea,Clitoria tertanea,Fabaceas,Fabales,Trepadoras,F263293,39,94,3,2,126,0.5001,463.6270512,181.8270512,0.360694444,40.5,0.721018519,74,18.4,40,0.387037037,75,19.6,0,33.5,35,32.46749212,33.22998649,65.69747861,5.97401855,6.513077352,12.4870959,141.7032903,39.218387,2.76764124,18.4,19.00696369,26.93349292,68.67567736,0.851206382,14.94855455,38.1161891,
907,46237,0,CIAT 22768,Lablab,purpureus,Lablab purpureus,Fabaceas,Fabales,Trepadoras,F263294,39,94,3,1,127,0.5,454.7022448,234.9022448,0.36087963,40,0.721747685,77,17,40,0.387372685,90.5,18.5,,37,50.5,35.96749212,48.72998649,84.69747861,6.11447366,9.0150475,15.12952116,186.2702012,51.66067409,2.773426655,17,17.86301246,33.27346925,64.40773342,0.428945013,18.4673511,35.74740637,
908,46237,0,CIAT 22768,Lablab,purpureus,Lablab purpureus,Fabaceas,Fabales,Trepadoras,F263294,39,94,3,2,128,0.5004,455.0660066,243.8660066,0.361053241,40.5,0.722037037,77.5,16.5,40.5,0.38775463,91,17.9,,37,50.5,35.96749212,48.72998649,84.69747861,5.934636199,8.722667581,14.65730378,186.1213041,53.58915038,2.879259343,16.5,17.3054783,32.2091819,60.10392341,0.387208392,17.87665321,33.35871735,
909,46237,0,CIAT 22598,Lablab,purpureus,Lablab purpureus,Fabaceas,Fabales,Trepadoras,F263295,39,94,3,1,129,0.5001,457.270725,272.070725,0.36125,41,0.722581019,80,17.6,41,0.388090278,87.5,18.9,,39,46.5,37.96749212,44.72998649,82.69747861,6.682278613,8.453967446,15.13624606,180.8501487,59.49882862,3.289951877,17.6,18.30315303,33.10127946,55.63349772,0.634354677,18.37178279,30.87755375,
910,46237,0,CIAT 22598,Lablab,purpureus,Lablab purpureus,Fabaceas,Fabales,Trepadoras,F263295,39,94,3,2,130,0.5001,457.270725,257.570725,0.361388889,41,0.722986111,79,17.5,41,0.38837963,87,18.5,,38,46,36.96749212,44.22998649,81.19747861,6.469311121,8.1825475,14.65185862,177.5698162,56.32784058,3.172151764,17.5,18.04472118,32.04197824,56.88479784,0.818556109,17.78385228,31.57204697,
911,46237,0,CIAT 18701,Cajanus,cajan,Cajanus cajan,Fabaceas,Fabales,Arbustivas,F263296,39,94,3,1,131,0.5002,464.0197238,43.21972375,0.361574074,41.5,0.723414352,59.5,15.8,42,0.388865741,70.5,18.7,,18,28.5,16.96749212,26.72998649,43.69747861,2.680863755,4.998507473,7.679371228,94.17159739,9.314199707,0.989066764,15.8,17.57394585,16.54966553,177.6820989,-0.088898364,9.185350696,98.61663895,
912,46237,0,CIAT 18701,Cajanus,cajan,Cajanus cajan,Fabaceas,Fabales,Arbustivas,F263296,39,94,3,2,132,0.5,463.8341901,57.23419007,0.361724537,41,0.723900463,59,15.1,42,0.389189815,70,18.7,,18,28,16.96749212,26.22998649,43.19747861,2.56209131,4.905007473,7.467098783,93.13129461,12.33936422,1.324942842,15.1,17.28595979,16.09863814,130.4657019,-0.093145236,8.935022691,72.41072177,
913,46237,0,CIAT 20891,Cajanus,cajan,Cajanus cajan,Fabaceas,Fabales,Arbustivas,F263297,39,104,3,1,133,0.5,461.180874,120.080874,0.325868056,41.5,0.665578704,70,14.9,41.5,0.338912037,69.5,18.4,,28.5,28,27.46749212,26.22998649,53.69747861,4.092656326,4.826317514,8.918973839,116.4347475,26.03769601,2.236247905,14.9,16.60966971,19.33942698,74.27472453,-0.329565575,10.73371657,41.22375715,
914,46237,0,CIAT 20891,Cajanus,cajan,Cajanus cajan,Fabaceas,Fabales,Arbustivas,F263297,39,104,3,2,134,0.5004,461.5498187,82.44981871,0.326111111,41.5,0.665856481,68.5,15.9,41,0.339293981,69,18.6,,.,.,.,.,.,.,.,.,.,.,.,.,.,.,.,.,.,.,
915,46237,0,CIAT 15551,Centrosema ,molle,Centrosema molle,Fabaceas,Fabales,Trepadoras,F263298,39,94,3,1,135,0.5001,457.97081,91.47081,0.362222222,40.5,0.725625,62,16.3,40,0.390335648,67,17.1,,21.5,27,20.46749212,25.22998649,45.69747861,3.336201215,4.314327689,7.650528905,99.78251366,19.97306553,2.00165989,16.3,16.74168715,16.70527627,83.63901997,-0.253124154,9.271717348,46.42110313,
916,46237,0,CIAT 15551,Centrosema ,molle,Centrosema molle,Fabaceas,Fabales,Trepadoras,F263298,39,94,3,2,136,0.5001,457.97081,87.87081,0.362476852,40,0.726238426,69,17.3,40,0.39068287,66,17.2,,29,26,27.96749212,24.22998649,52.19747861,4.838376136,4.167557676,9.005933812,113.975558,19.18698923,1.683430165,17.3,17.25358016,19.66486426,102.4906202,-0.285870343,10.91433989,56.88406739,
917,46237,0, CIAT 17009,Canavalia,brasiliensis,Canavalia brasiliensis,Fabaceas,Fabales,Trepadoras,F263299,39,94,3,1,137,0.5,456.7129861,268.9129861,0.362569444,40.5,0.726990741,74,15.9,40,0.391064815,87,16.7,,33.5,47,32.46749212,45.22998649,77.69747861,5.162331247,7.553407743,12.71573899,170.1232086,58.88008318,3.461025904,15.9,16.36570352,27.84185994,47.28570076,0.503864622,15.45271396,26.24438201,
918,46237,0, CIAT 17009,Canavalia,brasiliensis,Canavalia brasiliensis,Fabaceas,Fabales,Trepadoras,F263299,39,94,3,2,138,0.5,456.7129861,237.5129861,0.362962963,41,0.727511574,71.5,16.4,40,0.391388889,89,16.7,,30.5,49,29.46749212,47.22998649,76.69747861,4.832668707,7.887407743,12.72007645,167.9336497,52.00486812,3.096750903,16.4,16.58473875,27.85135706,53.55528832,0.998748736,15.45798503,29.72411158,
919,46237,0,CIAT 17462,Canavalia,brasiliensis,Canavalia brasiliensis,Fabaceas,Fabales,Trepadoras,F263300,39,94,3,1,139,0.5003,457.3828217,242.9828217,0.362997685,41,0.727835648,71.5,16,40.5,0.391793981,87,16.2,,30.5,46.5,29.46749212,44.72998649,74.19747861,4.714798739,7.246257811,11.96105655,162.2218306,53.12460595,3.274812383,16,16.1205701,26.15108391,49.22593484,0.741053055,14.51430401,27.3212455,
920,46237,0,CIAT 17462,Canavalia,brasiliensis,Canavalia brasiliensis,Fabaceas,Fabales,Trepadoras,F263300,39,94,3,2,140,0.5004,457.4742434,214.9742434,0.363206019,40.5,0.72818287,69,16.4,40,0.392291667,86,16.1,,28.5,46,27.46749212,44.22998649,71.69747861,4.504668707,7.121027825,11.62569653,156.7246236,46.99155122,2.998351513,16.4,16.21493079,25.41278924,54.07948574,2.249259255,14.1045377,30.01505022,
921,46237,0,CIAT 9432,Clitoria,tertanea,Clitoria tertanea,Fabaceas,Fabales,Trepadoras,F263301,39,94,3,1,141,0.5,464.775,236.075,0.363518519,40,0.728645833,77.5,18.2,40,0.392789352,81.5,18,,37.5,41.5,36.46749212,39.72998649,76.19747861,6.637083565,7.151397568,13.78848113,163.9448736,50.79339465,3.09819963,18.2,18.09571837,29.6670026,58.4072059,0.613534107,16.46569971,32.41700978,
922,46237,0,CIAT 9432,Clitoria,tertanea,Clitoria tertanea,Fabaceas,Fabales,Trepadoras,F263301,39,94,3,2,142,0.5002,464.96091,208.56091,0.363553241,40,0.729108796,78.5,18.1,40,0.393032407,80,18.3,,38.5,40,37.46749212,38.22998649,75.69747861,6.781616073,6.996087527,13.7777036,162.8039626,44.85557936,2.755189655,18.1,18.20100729,29.63196111,66.06081456,1.05023407,16.44625108,36.664895,
923,46237,0,CIAT 17768,Clitoria,tertanea,Clitoria tertanea,Fabaceas,Fabales,Trepadoras,F263302,39,94,3,1,143,0.5,463.9589869,220.2589869,0.36400463,40,0.729560185,76.5,18.2,40,0.393460648,75.5,18.8,,36.5,35.5,35.46749212,33.72998649,69.19747861,6.455083565,6.34123746,12.79632103,149.14568,47.47380548,3.183049316,18.2,18.49246719,27.58071594,58.09670335,0.654676998,15.30777452,32.24467549,
924,46237,0,CIAT 17768,Clitoria,tertanea,Clitoria tertanea,Fabaceas,Fabales,Trepadoras,F263302,39,94,3,2,144,0.5004,464.3301541,233.2301541,0.363981481,40.5,0.729930556,77.5,17.7,40,0.393761574,74,18.9,,37,34,35.96749212,32.22998649,68.19747861,6.366246105,6.091467446,12.45771355,146.8728188,50.22937926,3.419923418,17.7,18.2671175,26.8294304,53.41382034,0.524166752,14.89079805,29.6455944,
925,46237,0,CIAT 22768,Lablab,purpureus,Lablab purpureus,Fabaceas,Fabales,Trepadoras,F263303,39,94,3,1,145,0.5002,461.5942213,307.4942213,0.364166667,40.5,0.730497685,77.5,17.8,40.5,0.394178241,88.5,18.5,,37,48,35.96749212,46.22998649,82.19747861,6.402213597,8.5525475,14.9547611,178.0730235,66.61569992,3.740920361,17.8,18.19369809,32.39806827,48.63428337,0.266562973,17.98148841,26.9928687,
926,46237,0,CIAT 22768,Lablab,purpureus,Lablab purpureus,Fabaceas,Fabales,Trepadoras,F263303,39,94,3,2,146,0.5001,461.5019394,300.4019394,0.364189815,41,0.731585648,76.5,17.8,40.5,0.39443287,89,18.4,,35.5,48.5,34.46749212,46.72998649,81.19747861,6.135213597,8.598317514,14.73353111,175.9417928,65.0922377,3.699646154,17.8,18.14530619,31.92517702,49.04605856,0.272344214,17.71902558,27.22141105,
927,46237,0,CIAT 22598,Lablab,purpureus,Lablab purpureus,Fabaceas,Fabales,Trepadoras,F263304,39,94,3,1,147,0.5001,457.9291833,296.7291833,0.364409722,40.5,0.731805556,83.5,17,40,0.394849537,96,19.8,,43,56,41.96749212,54.22998649,96.19747861,7.13447366,10.73753732,17.87201098,210.0706443,64.79805047,3.084583792,17,18.57846094,39.0278926,60.23004136,0.388884409,21.66115562,33.428715,
928,46237,0,CIAT 22598,Lablab,purpureus,Lablab purpureus,Fabaceas,Fabales,Trepadoras,F263304,39,94,3,2,148,0.5002,458.0207508,277.0207508,0.364479167,40.5,0.732106481,84,16.8,40.5,0.395081019,94,19.7,,43.5,53.5,42.46749212,51.72998649,94.19747861,7.134538676,10.19080734,17.32534601,205.6620326,60.4821398,2.940851018,16.8,18.39257937,37.82655258,62.54169033,0.44049834,20.99439112,34.71172017,
929,46237,0,CIAT 18701,Cajanus,cajan,Cajanus cajan,Fabaceas,Fabales,Arbustivas,F263305,39,94,3,1,149,0.5001,476.8285237,159.1285237,0.364710648,40.5,0.732546296,50,17.3,40,0.395439815,53,18.4,Se regó por arriba del embolo,.,.,.,.,.,.,.,.,.,.,.,.,.,.,.,.,.,.,
930,46237,0,CIAT 18701,Cajanus,cajan,Cajanus cajan,Fabaceas,Fabales,Arbustivas,F263305,39,94,3,2,150,0.5002,476.9238703,171.0238703,0.365011574,41.5,0.733055556,67,16.9,40.5,0.395775463,74,18,0,25.5,33.5,24.46749212,31.72998649,56.19747861,4.135006168,5.711397568,9.846403736,117.8332269,35.85978412,3.043265901,16.9,17.52107742,20.64565091,57.57327159,5.430343588,11.45869344,31.95416181,
931,46237,0,CIAT 20891,Cajanus,cajan,Cajanus cajan,Fabaceas,Fabales,Arbustivas,F263306,39,94,3,1,151,0.5,474.6601359,143.0601359,0.365300926,41,0.733483796,64,17.3,40,0.396111111,72,18.6,,23,32,21.96749212,30.22998649,52.19747861,3.800376136,5.622777487,9.423153623,109.9681112,30.13948826,2.740748016,17.3,18.05289044,19.85242263,65.86847944,-1.123521908,11.01843803,36.55814568,
932,46237,0,CIAT 20891,Cajanus,cajan,Cajanus cajan,Fabaceas,Fabales,Arbustivas,F263306,39,94,3,2,152,0.5001,474.755068,160.955068,0.365324074,41,0.733865741,66,16.5,41,0.396446759,70,18.7,,25,29,23.96749212,27.22998649,51.19747861,3.954636199,5.092007473,9.046643673,107.8397727,33.9027593,3.143808491,16.5,17.6700961,19.05539147,56.2060194,-3.549766453,10.57607194,31.19531319,
933,46237,0,Sample 8,Cynodon, nlemfuensis ,Cynodon nlemfuensis ,Poaceae,Poales,grasses,F250008,39,94,3,1,153,0.5003,468.935872,228.535872,0.365763889,41.5,0.734270833,60,18.9,40,0.396724537,82,18.3,,18.5,42,17.46749212,40.22998649,57.69747861,3.30135601,7.362087527,10.66344354,123.039166,48.73499463,3.960933433,18.9,18.48164564,22.73966266,46.65982387,0.479612408,12.62090619,25.89700951,
934,46237,0,Sample 8,Cynodon, nlemfuensis ,Cynodon nlemfuensis ,Poaceae,Poales,grasses,F250008,39,94,3,2,154,0.5001,468.7484102,196.5484102,0.365763889,40.5,0.734641204,61.5,18.1,40.5,0.397118056,83,18,Residuo de muestra en la mamguera despues despues del clip 8h,21,42.5,19.96749212,40.72998649,60.69747861,3.614116073,7.331397568,10.94551364,129.4883935,41.93046971,3.23816433,18.1,18.03289674,23.3505083,55.68863992,0.918916579,12.95993609,30.90815863,
935,46237,0,BLANK 24 H,0,0,BLANK 24 H,0,0,0,BLANK 24 H,39,94,3,1,155,0,0,0,0.366041667,40,0.734988426,40.5,0,40,0.397407407,41.5,0,0,0.5,1.5,,,,,,,,,,,,,,,,,
936,46237,0,BLANK 24 H,0,0,BLANK 24 H,0,0,0,BLANK 24 H,39,94,3,2,156,0,0,0,0.366053241,40,0.73505787,40.5,0,40,0.397719907,41,0,,0.5,1,,,,,,,,,,,,,,,,,
937,46252,0,BLANK 24 H,0,0,BLANK 24 H,0,0,0,BLANK 24 H,41,98,1,1,1,0,0,0,0.335555556,39.5,0.669976852,41,0,39.5,0.336261574,42,0,,1.5,2.5,,,,,,,,,,,,,,,,,
938,46252,0,BLANK 24 H,0,0,BLANK 24 H,0,0,0,BLANK 24 H,41,98,1,2,2,0,0,0,0.336203704,39.5,0.670335648,41.5,0,39.5,0.336273148,42.5,0,,2,3,,,,,,,,,,,,,,,,,
939,46252,0,CIAT-BR15_3013,Urochloa,interespecifico,Urochloa interespecifico,Poaceae,Poales,grasses,F262959,41,98,1,1,3,0.5,468.6359811,209.1359811,0.33650463,40.5,0.670520833,74,15.1,39.5,0.336527778,90,17.1,0,33.5,50.5,32.39374155,48.72998649,81.12372804,4.891454975,8.332827689,13.22428266,173.1060595,44.62653094,2.577987799,15.1,16.30137444,28.21866694,63.23293867,0.882246297,15.66184836,35.09537495,
940,46252,0,CIAT-BR15_3013,Urochloa,interespecifico,Urochloa interespecifico,Poaceae,Poales,grasses,F262959,41,98,1,2,4,0.5002,468.8234355,243.3234355,0.336539352,40.5,0.670694444,75,15.4,40.5,0.337175926,94,17.3,,34.5,53.5,33.39374155,51.72998649,85.12372804,5.142636199,8.949287662,14.09192386,181.5688415,51.90086866,2.858467798,15.4,16.55463663,30.05806194,57.9143716,0.538742477,16.68274441,32.14347822,
941,46252,0,CIAT-BR15_3017,Urochloa,interespecifico,Urochloa interespecifico,Poaceae,Poales,grasses,F262960,41,98,1,1,5,0.5002,467.696751,214.496751,0.336956019,40.5,0.67150463,76.5,15.1,40,0.337488426,92,17.2,,36,52,34.89374155,50.22998649,85.12372804,5.268954975,8.639557676,13.90851265,182.006242,45.86235644,2.519823273,15.1,16.33917237,29.7383136,64.84253299,0.812161537,16.50527855,35.98872765,
942,46252,0,CIAT-BR15_3017,Urochloa,interespecifico,Urochloa interespecifico,Poaceae,Poales,grasses,F262960,41,98,1,2,6,0.5001,467.603249,209.303249,0.338032407,41,0.671944444,76.5,15,40.5,0.337766204,92.5,17,,35.5,52,34.39374155,50.22998649,84.62372804,5.159061233,8.539097703,13.69815894,180.9733534,44.76086286,2.473339971,15,16.18713717,29.29440496,65.44647061,0.88723698,16.25890157,36.32392348,
943,46252,0,CIAT-BR15_3186,Urochloa,interespecifico,Urochloa interespecifico,Poaceae,Poales,grasses,F262961,41,98,1,1,7,0.5002,464.2142157,225.4142157,0.338159722,41,0.672222222,78.5,14.8,40,0.33869213,93,16.8,,37.5,53,36.39374155,51.22998649,87.62372804,5.38627375,8.60663773,13.99291148,188.7570976,48.55823197,2.572524826,14.8,15.96931766,30.14322054,62.07643753,0.693090727,16.73000891,34.45349681,
944,46252,0,CIAT-BR15_3186,Urochloa,interespecifico,Urochloa interespecifico,Poaceae,Poales,grasses,F262961,41,98,1,2,8,0.5003,464.3070214,197.5070214,0.338356481,40.5,0.672523148,77.5,14.9,40.5,0.339039352,92.5,16.9,,37,52,35.89374155,50.22998649,86.12372804,5.348167492,8.488867716,13.83703521,185.4887479,42.53802168,2.293293915,14.9,16.06646104,29.8014774,70.05844707,1.275430316,16.54033556,38.88365021,
945,46252,0,CIAT-BR15_3234,Urochloa,interespecifico,Urochloa interespecifico,Poaceae,Poales,grasses,F262962,41,98,1,1,9,0.5001,465.2285036,188.4285036,0.338460648,40.5,0.672824074,71,15.2,40,0.339675926,90,16.3,,30.5,50,29.39374155,48.22998649,77.62372804,4.467848716,7.861487798,12.32933651,166.8507571,40.50235575,2.427460112,15.2,15.8834635,26.50167911,65.43243871,1.265203344,14.70889041,36.31613554,
946,46252,0,CIAT-BR15_3234,Urochloa,interespecifico,Urochloa interespecifico,Poaceae,Poales,grasses,F262962,41,98,1,2,10,0.5002,465.3215307,218.5215307,0.338599537,40.5,0.673402778,72.5,15.1,40.5,0.340266204,92,16.4,,32,51.5,30.89374155,49.72998649,80.62372804,4.664954975,8.155717784,12.82067276,173.2645552,46.96140545,2.710387326,15.1,15.90186049,27.55228785,58.6700666,0.656023401,15.29199644,32.56290201,
947,46252,0,CIAT-BR15_3280,Urochloa,interespecifico,Urochloa interespecifico,Poaceae,Poales,grasses,F262963,41,98,1,1,11,0.5001,464.2071771,210.1071771,0.33875,40.5,0.673819444,75,15.3,40,0.340509259,91.5,16.6,,34.5,51.5,33.39374155,49.72998649,83.12372804,5.109242458,8.255177757,13.36442021,179.0660122,45.26150983,2.527643816,15.3,16.07774402,28.78977507,63.60763301,0.765287243,15.97882326,35.3033368,
948,46252,0,CIAT-BR15_3280,Urochloa,interespecifico,Urochloa interespecifico,Poaceae,Poales,grasses,F262963,41,98,1,2,12,0.5001,464.2071771,169.2071771,0.338877315,41,0.674224537,75.5,15.4,40.5,0.340798611,92.5,16.5,,34.5,52,33.39374155,50.22998649,83.62372804,5.142636199,8.28794777,13.43058397,180.1431175,36.45078867,2.023434988,15.4,16.06073334,28.93230573,79.37360695,3.214488064,16.05793024,44.0537251,
949,46279,0,CIAT-BR15_3294,Urochloa,interespecifico,Urochloa interespecifico,Poaceae,Poales,grasses,F262964,41,104,1,1,41,0.5002,464.1714107,269.4714107,0.326574074,40,0.667025463,73.5,15.3,40.5,0.340358796,92,17.1,,33.5,51.5,32.39374155,49.72998649,82.12372804,4.956242458,8.503827689,13.46007015,176.9254335,58.05428867,3.281285654,15.3,16.38998919,28.99805942,49.94990048,0.373478383,16.09442467,27.72305895,
950,46279,0,CIAT-BR15_3294,Urochloa,interespecifico,Urochloa interespecifico,Poaceae,Poales,grasses,F262964,41,104,1,2,42,0.5002,464.1714107,253.2714107,0.326666667,41,0.667384259,74.5,15.2,40.5,0.340844907,92,17.1,,33.5,51.5,32.39374155,49.72998649,82.12372804,4.923848716,8.503827689,13.42767641,176.9254335,54.56419867,3.084022325,15.2,16.35054414,28.9282711,53.01694482,0.437128021,16.05569095,29.42532162,
951,46252,0,CIAT-BR15_3571,Urochloa,interespecifico,Urochloa interespecifico,Poaceae,Poales,grasses,F262965,41,98,1,1,15,0.5004,467.84898,177.44898,0.339305556,40.5,0.675625,74.5,15.3,40,0.341875,90,17.2,0,34,50,32.89374155,48.22998649,81.12372804,5.032742458,8.295557676,13.32830013,173.3972532,37.92868801,2.1873869,15.3,16.42959521,28.4884668,75.11060438,2.416994195,15.81159195,41.68768492,
952,46252,0,CIAT-BR15_3571,Urochloa,interespecifico,Urochloa interespecifico,Poaceae,Poales,grasses,F262965,41,98,1,2,16,0.5002,467.66199,168.36199,0.339456019,40.5,0.675787037,73.5,15.5,40.5,0.342233796,89.5,16.9,,33,49,31.89374155,47.22998649,79.12372804,4.943529941,7.981867716,12.92539766,169.1899913,36.00078552,2.127831867,15.5,16.33567828,27.63833267,76.77147115,5.010352193,15.3397528,42.60949471,
953,46252,0,CIAT-BR15_3597,Urochloa,interespecifico,Urochloa interespecifico,Poaceae,Poales,grasses,F262966,41,98,1,1,17,0.5001,469.3984652,219.8984652,0.339664352,40.5,0.676203704,77.5,15.5,40,0.342488426,92.5,16.8,,37,52.5,35.89374155,50.72998649,86.62372804,5.563529941,8.52263773,14.08616767,184.5419925,46.84686497,2.538547695,15.5,16.26132699,30.00897684,64.05759886,0.78755562,16.65550133,35.55307563,
954,46252,0,CIAT-BR15_3597,Urochloa,interespecifico,Urochloa interespecifico,Poaceae,Poales,grasses,F262966,41,98,1,2,18,0.5004,469.6800479,189.5800479,0.339756944,41,0.676608796,77.5,15.1,40.5,0.342893519,91,17,,36.5,50.5,35.39374155,48.72998649,84.12372804,5.344454975,8.284097703,13.62855268,179.1085834,40.36365793,2.253585906,15.1,16.20060475,29.01667367,71.88811706,1.731644005,16.1047559,39.89914871,
955,46279,0,CIAT-BR15_361,Urochloa,interespecifico,Urochloa interespecifico,Poaceae,Poales,grasses,F262967,41,104,1,1,43,0.5004,468.5793255,303.7793255,0.326689815,41,0.667835648,78.5,15.1,40,0.341111111,95,17.2,,37.5,55,36.39374155,53.22998649,89.62372804,5.495454975,9.155557676,14.65101265,191.2669278,64.82986102,3.389496645,15.1,16.34724751,31.2668781,48.22913023,0.30626111,17.35365829,26.76800169,
956,46279,0,CIAT-BR15_361,Urochloa,interespecifico,Urochloa interespecifico,Poaceae,Poales,grasses,F262967,41,104,1,2,44,0.5001,468.2984027,289.8984027,0.326898148,40.5,0.668090278,78,15.9,40,0.341377315,94,17.2,,37.5,54,36.39374155,52.22998649,88.62372804,5.786604907,8.983557676,14.77016258,189.2462745,61.90463196,3.271114961,15.9,16.66614902,31.54006612,50.94944452,0.339545318,17.50528237,28.27782319,
957,46279,0,CIAT-BR15_3726,Urochloa,interespecifico,Urochloa interespecifico,Poaceae,Poales,grasses,F262968,41,104,1,1,21,0.5003,476.2915941,292.3915941,0.326967593,41,0.6684375,81.5,15.7,40,0.341724537,94.5,17.3,,40.5,54.5,39.39374155,52.72998649,92.12372804,6.184817424,9.122287662,15.30710509,193.4187569,61.38919891,3.173901016,15.7,16.6158116,32.13809624,52.3513856,0.388450139,17.83719943,29.05592474,
958,46279,0,CIAT-BR15_3726,Urochloa,interespecifico,Urochloa interespecifico,Poaceae,Poales,grasses,F262968,41,104,1,2,22,0.5002,476.1963929,278.9963929,0.327175926,40.5,0.668854167,83.5,15,40,0.341990741,93,17.3,,43,53,41.89374155,51.22998649,93.12372804,6.284061233,8.862787662,15.1468489,195.5573991,58.58851454,2.995975341,15,16.2652948,31.80798747,54.2904829,0.432639902,17.65398336,30.13215729,
959,46252,0,CIAT-BR15_378,Urochloa,interespecifico,Urochloa interespecifico,Poaceae,Poales,grasses,F262969,41,98,1,1,23,0.5005,475.9065991,190.7065991,0.340486111,40.5,0.678414352,73,14.6,40.5,0.344722222,91.5,16.7,,32.5,51,31.39374155,49.22998649,80.62372804,4.583486267,8.221407743,12.80489401,169.4108218,40.07227457,2.365390484,14.6,15.88228965,26.90631741,67.14447257,1.585046889,14.93347167,37.26634395,
960,46252,0,CIAT-BR15_378,Urochloa,interespecifico,Urochloa interespecifico,Poaceae,Poales,grasses,F262969,41,98,1,2,24,0.5003,475.7164266,190.8164266,0.340613426,41.5,0.678796296,74,14.4,40,0.345034722,94.5,17.1,,32.5,54.5,31.39374155,52.72998649,84.12372804,4.520698784,9.016827689,13.53752647,176.8358697,40.11138063,2.268283052,14.4,16.0923996,28.45713479,70.9452887,1.663384692,15.79420215,39.37586265,
961,46252,0,CIAT-BR15_3810,Urochloa,interespecifico,Urochloa interespecifico,Poaceae,Poales,grasses,F262970,41,98,1,1,25,0.5004,473.8103861,150.4103861,0.340729167,40.5,0.679166667,75.5,15.1,40,0.345381944,90.5,17,,35,50.5,33.89374155,48.72998649,82.62372804,5.117954975,8.284097703,13.40205268,174.3814202,31.74484783,1.82042604,15.1,16.22058578,28.28568784,89.10323965,-1.844392487,15.69904612,49.45383959,
962,46252,0,CIAT-BR15_3810,Urochloa,interespecifico,Urochloa interespecifico,Poaceae,Poales,grasses,F262970,41,98,1,2,26,0.5003,473.7156998,191.1156998,0.340891204,40.5,0.679467593,76.5,15.3,40,0.345752315,91.5,16.8,,36,51.5,34.89374155,49.72998649,84.62372804,5.338742458,8.35463773,13.69338019,178.6382172,40.34396577,2.258417399,15.3,16.18149011,28.90632545,71.64968762,2.191794706,16.04351073,39.76681625,
963,46252,0,CIAT-BR15_395,Urochloa,interespecifico,Urochloa interespecifico,Poaceae,Poales,grasses,F262971,41,105,1,1,27,0.5003,469.7847515,256.3847515,0.327083333,40.5,0.669131944,86.5,15.5,40.5,0.350694444,92.5,16.8,,46,52,44.89374155,50.22998649,95.12372804,6.958529941,8.43863773,15.39716767,202.4836433,54.57494112,2.695276529,15.5,16.18646366,32.77494133,60.05492752,0.476799208,18.19065948,33.33152379,
964,46252,0,CIAT-BR15_395,Urochloa,interespecifico,Urochloa interespecifico,Poaceae,Poales,grasses,F262971,41,105,1,2,28,0.5002,469.6908509,257.5908509,0.327210648,40.5,0.66931713,88,15,40.5,0.350694444,93,16.8,,47.5,52.5,46.39374155,50.72998649,97.12372804,6.959061233,8.52263773,15.48169896,206.7822438,54.84263754,2.652192787,15,15.94018195,32.96146589,60.10189767,0.473565501,18.29418384,33.35759303,
965,46252,0,CIAT-BR15_4368,Urochloa,interespecifico,Urochloa interespecifico,Poaceae,Poales,grasses,F262972,41,98,1,1,29,0.5001,467.4951002,197.1951002,0.341435185,41,0.680428241,72,14.9,40.5,0.346805556,95,16.1,0,31,54.5,29.89374155,52.72998649,82.62372804,4.454167492,8.489527825,12.94369532,176.7370995,42.18121219,2.386664277,14.9,15.66583308,27.68733899,65.63903112,1.041635287,15.36695216,36.43079789,
966,46252,0,CIAT-BR15_4368,Urochloa,interespecifico,Urochloa interespecifico,Poaceae,Poales,grasses,F262972,41,98,1,2,30,0.5001,467.4951002,201.3951002,0.341550926,40.5,0.680983796,71.5,14.9,40,0.347256944,93,16.2,,31,53,29.89374155,51.22998649,81.12372804,4.454167492,8.299257811,12.7534253,173.5285097,43.07961732,2.482567123,14.9,15.72095564,27.28034005,63.32540013,0.925028158,15.1410607,35.14669267,
967,46252,0,CIAT-BR15_4442,Urochloa,interespecifico,Urochloa interespecifico,Poaceae,Poales,grasses,F262973,41,98,1,1,31,0.5004,466.2312589,209.2312589,0.34162037,40.5,0.681168981,71.5,14.6,40,0.347592593,93,16.3,,31,53,29.89374155,51.22998649,81.12372804,4.364486267,8.350487798,12.71497406,173.998904,44.87714089,2.579162275,14.6,15.67355738,27.27181805,60.7699544,0.946051241,15.13633085,33.72837607,
968,46252,0,CIAT-BR15_4442,Urochloa,interespecifico,Urochloa interespecifico,Poaceae,Poales,grasses,F262973,41,98,1,2,32,0.5003,466.1380872,210.3380872,0.341921296,40,0.681539352,72.5,14.5,40.5,0.348009259,92.5,16.5,,32.5,52,31.39374155,50.22998649,81.62372804,4.552092525,8.28794777,12.8400403,175.1063264,45.12355737,2.576923307,14.5,15.73076923,27.54557211,61.04477066,0.928620961,15.28826909,33.88090386,
969,46279,0,CIAT-BR15_4483,Urochloa,interespecifico,Urochloa interespecifico,Poaceae,Poales,grasses,F262974,41,104,1,1,33,0.5001,470.8793909,263.3793909,0.327893519,40.5,0.670613426,77,14.8,40,0.343738426,93.5,16.1,,36.5,53.5,35.39374155,51.72998649,87.12372804,5.23827375,8.328527825,13.56680157,185.023447,55.93351418,3.023050055,14.8,15.57187907,28.81162743,51.51049036,0.431390448,15.99095169,28.58921333,
970,46279,0,CIAT-BR15_4483,Urochloa,interespecifico,Urochloa interespecifico,Poaceae,Poales,grasses,F262974,41,104,1,2,34,0.5001,470.8793909,241.8793909,0.328020833,41,0.671006944,77,14.8,40.5,0.344050926,93,15.9,,36,52.5,34.89374155,50.72998649,85.62372804,5.16427375,8.066067852,13.2303416,181.8379179,51.36758915,2.824910763,14.8,15.45172338,28.09709207,54.69809376,0.543426798,15.59437221,30.35838837,
971,46252,0,CIAT-BR15_503,Urochloa,interespecifico,Urochloa interespecifico,Poaceae,Poales,grasses,F262975,41,98,1,1,35,0.5005,468.8449714,257.1449714,0.342280093,40.5,0.68306713,76.5,15.2,40,0.349247685,93.5,17.4,0,36,53.5,34.89374155,51.72998649,86.62372804,5.303848716,9.001017649,14.30486637,184.7598531,54.84648169,2.968528107,15.2,16.51379673,30.51086657,55.62957846,0.52485108,16.93405882,30.8753785,
972,46252,0,CIAT-BR15_503,Urochloa,interespecifico,Urochloa interespecifico,Poaceae,Poales,grasses,F262975,41,98,1,2,36,0.5001,468.4702702,236.8702702,0.342361111,41,0.683530093,75,15.5,40.5,0.349583333,93,17.5,,34,52.5,32.89374155,50.72998649,83.62372804,5.098529941,8.877747635,13.97627758,178.5038099,50.56249782,2.832572473,15.5,16.71329167,29.8338624,59.00393311,0.686681851,16.55830979,32.74820371,
973,46252,0,CIAT-BR15_5152,Urochloa,interespecifico,Urochloa interespecifico,Poaceae,Poales,grasses,F262976,41,98,1,1,37,0.5004,472.0023,194.5023,0.34244213,40.5,0.683888889,75.5,15.4,40,0.349965278,91,17.3,,35,51,33.89374155,49.22998649,83.12372804,5.219636199,8.516787662,13.73642386,176.1087352,41.20791361,2.339913098,15.4,16.52527405,29.10245111,70.62345207,1.823256569,16.15236387,39.19723776,
974,46252,0,CIAT-BR15_5152,Urochloa,interespecifico,Urochloa interespecifico,Poaceae,Poales,grasses,F262976,41,98,1,2,38,0.5001,471.719325,211.419325,0.342662037,41,0.684224537,76.5,15.7,40.5,0.350590278,92.5,17.1,,35.5,52,34.39374155,50.22998649,84.62372804,5.399817424,8.589327689,13.98914511,179.3942363,44.81888144,2.498345675,15.7,16.53099602,29.65565406,66.16776926,1.058724991,16.45940107,36.72425671,
975,46252,0,CIAT-BR15_5232,Urochloa,interespecifico,Urochloa interespecifico,Poaceae,Poales,grasses,F262977,41,98,1,1,39,0.5003,469.2406878,188.7406878,0.34275463,41,0.684502315,69,14,40.5,0.350949074,94,17.1,,28,53.5,26.89374155,51.72998649,78.62372804,3.765123818,8.845827689,12.61095151,167.5552229,40.22257505,2.400556327,14,16.03962547,26.87523021,66.81628458,0.967649338,14.91621773,37.08419393,
976,46252,0,CIAT-BR15_5232,Urochloa,interespecifico,Urochloa interespecifico,Poaceae,Poales,grasses,F262977,41,98,1,2,40,0.5,468.9593122,199.2593122,0.342962963,40.5,0.684699074,69,13.7,40,0.351631944,94.5,16.7,,28.5,54.5,27.39374155,52.72998649,80.12372804,3.752942593,8.805907743,12.55885034,170.8543278,42.48968024,2.486895169,13.7,15.67432101,26.78025579,63.02767081,0.769025137,14.86350529,34.98144775,
977,46252,0,CIAT-BR15_58,Urochloa,interespecifico,Urochloa interespecifico,Poaceae,Poales,grasses,F262978,41,98,1,1,41,0.5,464.9284993,218.3284993,0.343136574,40.5,0.68505787,78.5,16,40,0.352013889,95,17,,38,55,36.89374155,53.22998649,90.12372804,5.902998649,9.049097703,14.95209635,193.8442754,46.95958618,2.42254181,16,16.59063232,32.159991,68.48440034,0.976145126,17.8493514,38.01002704,
978,46252,0,CIAT-BR15_58,Urochloa,interespecifico,Urochloa interespecifico,Poaceae,Poales,grasses,F262978,41,98,1,2,42,0.5001,465.021485,250.721485,0.343298611,40.5,0.685358796,80,15.2,40,0.352395833,94.5,16.7,,39.5,54.5,38.39374155,52.72998649,91.12372804,5.835848716,8.805907743,14.64175646,195.9559525,53.91610777,2.751440161,15.2,16.06799543,31.4861935,58.3984913,0.554107473,17.47538214,32.41217302,
979,46252,0,CIAT-BR15_60,Urochloa,interespecifico,Urochloa interespecifico,Poaceae,Poales,grasses,F262979,41,98,1,1,43,0.5004,471.8579223,204.9579223,0.343518519,40.5,0.685914352,76,15.9,40.5,0.352951389,96.5,16.9,,35.5,56,34.39374155,54.22998649,88.62372804,5.468604907,9.164867716,14.63347262,187.8186714,43.43636349,2.312675474,15.9,16.51191272,31.01245509,71.39744812,1.14796904,17.21244912,39.62681896,
980,46252,0,CIAT-BR15_60,Urochloa,interespecifico,Urochloa interespecifico,Poaceae,Poales,grasses,F262979,41,98,1,2,44,0.5,471.4807377,232.5807377,0.343599537,40,0.686643519,73,16.2,40,0.353449074,94,16.9,,33,54,31.89374155,52.22998649,84.12372804,5.166786132,8.826867716,13.99365385,178.4245279,49.32984937,2.764745965,16.2,16.63460973,29.68022388,60.16686501,0.640784387,16.47303775,33.39365103,
981,46252,0,CIAT-BR15_6346,Urochloa,interespecifico,Urochloa interespecifico,Poaceae,Poales,grasses,F262980,41,98,1,1,45,0.5003,472.2901999,200.7901999,0.343715278,41,0.687291667,76,14.8,40,0.353854167,95,16.5,,35,55,33.89374155,53.22998649,87.12372804,5.01627375,8.78294777,13.79922152,184.4707514,42.51415759,2.304655739,14.8,15.83864905,29.2176749,68.72457684,1.006327615,16.21631507,38.14332915,
982,46252,0,CIAT-BR15_6346,Urochloa,interespecifico,Urochloa interespecifico,Poaceae,Poales,grasses,F262980,41,98,1,2,46,0.5003,472.2901999,197.5901999,0.34380787,40.5,0.687824074,75.5,15.2,40,0.354236111,93.5,16.3,,35,53.5,33.89374155,51.72998649,85.62372804,5.151848716,8.431987798,13.58383651,181.294738,41.83660807,2.307657053,15.2,15.86457028,28.76163113,68.7475215,1.069977837,15.96320288,38.15606383,
983,46252,0,CIAT-BR15_6401,Urochloa,interespecifico,Urochloa interespecifico,Poaceae,Poales,grasses,F262981,41,98,1,1,47,0.5001,473.1014221,204.0014221,0.344155093,41,0.688125,76.5,15.2,40.5,0.3546875,89,16.2,,35.5,48.5,34.39374155,46.72998649,81.12372804,5.227848716,7.570257811,12.79810653,171.4721712,43.12001879,2.514694862,15.2,15.77603352,27.0515072,62.73537899,1.107498477,15.01405452,34.81922072,
984,46252,0,CIAT-BR15_6401,Urochloa,interespecifico,Urochloa interespecifico,Poaceae,Poales,grasses,F262981,41,98,1,2,48,0.5002,473.1960234,238.1960234,0.344189815,41,0.688368056,77.5,15.1,40.5,0.355046296,90.5,16.8,,36.5,50,35.39374155,48.22998649,83.62372804,5.344454975,8.10263773,13.4470927,176.7211132,50.33770608,2.848426266,15.1,16.08047503,28.41759448,56.45389252,0.590332791,15.77225659,31.33288706,
985,46252,0,CIAT-BR15_6402,Urochloa,interespecifico,Urochloa interespecifico,Poaceae,Poales,grasses,F262982,41,105,1,1,49,0.5,473.9340968,261.0340968,0.32837963,40.5,0.672037037,84,14.8,40,0.354166667,89.5,16.8,,43.5,49.5,42.39374155,47.72998649,90.12372804,6.27427375,8.01863773,14.29291148,190.1608866,55.07814241,2.896397014,14.8,15.85921021,30.15801475,54.75495982,0.557776642,16.73821995,30.38995002,
986,46252,0,CIAT-BR15_6402,Urochloa,interespecifico,Urochloa interespecifico,Poaceae,Poales,grasses,F262982,41,105,1,2,50,0.5002,474.1236704,274.7236704,0.328460648,40.5,0.672430556,83,15.1,40.5,0.354166667,90.5,16.9,,42.5,50,41.39374155,48.22998649,89.62372804,6.250454975,8.150867716,14.40132269,189.0302755,57.94346234,3.065300634,15.1,16.06864946,30.37461234,52.42112072,0.474214695,16.85843536,29.09462894,
987,46252,0,CIAT-BR15_6434,Urochloa,interespecifico,Urochloa interespecifico,Poaceae,Poales,grasses,F262983,41,98,1,1,51,0.5003,471.1618869,254.0618869,0.344513889,41,0.689340278,75,15.5,40.5,0.356111111,92.5,16.8,,34,52,32.89374155,50.22998649,83.12372804,5.098529941,8.43863773,13.53716767,176.4228609,53.92241902,3.05643037,15.5,16.28556369,28.73145738,53.28295336,0.462586283,15.94645593,29.57296097,
988,46252,0,CIAT-BR15_6434,Urochloa,interespecifico,Urochloa interespecifico,Poaceae,Poales,grasses,F262983,41,98,1,2,52,0.5002,471.067711,265.067711,0.3446875,40.5,0.689733796,74.5,15.6,40,0.356481481,95,16.1,,34,55,32.89374155,53.22998649,86.12372804,5.131423683,8.570027825,13.70145151,182.8266426,56.26955633,3.077754726,15.6,15.90903206,29.08594919,51.69038301,0.416871887,16.14320502,28.68905687,
989,46252,0,CIAT-BR15_6504,Urochloa,interespecifico,Urochloa interespecifico,Poaceae,Poales,grasses,F262984,41,98,1,1,53,0.5003,467.3349564,253.6349564,0.344907407,41,0.690092593,75,15.9,40.5,0.356863426,92,16.1,,34,51.5,32.89374155,49.72998649,82.62372804,5.230104907,8.006527825,13.23663273,176.7976628,54.27262672,3.069759286,15.9,16.02037701,28.32365213,52.18773042,0.515723748,15.72011696,28.96509329,
990,46252,0,CIAT-BR15_6504,Urochloa,interespecifico,Urochloa interespecifico,Poaceae,Poales,grasses,F262984,41,98,1,2,54,0.5001,467.1481345,254.4481345,0.345069444,41.5,0.690358796,74.5,15.9,40.5,0.3575,90.5,15.9,,33,50,31.89374155,48.22998649,80.12372804,5.071104907,7.668567852,12.73967276,171.5167462,54.46840429,3.175690158,15.9,15.9,27.27116265,50.06785679,0.490281892,15.13596709,27.78852674,
991,46252,0,CIAT-BR15_6508,Urochloa,interespecifico,Urochloa interespecifico,Poaceae,Poales,grasses,F262985,41,98,1,1,55,0.5,479.8799837,270.8799837,0.345127315,40.5,0.694178241,74.5,14.8,40,0.357858796,90,16.5,,34,50,32.89374155,48.22998649,81.12372804,4.86827375,7.95794777,12.82622152,169.050035,56.44744372,3.339096837,14.8,15.81069045,26.72797774,47.35020043,0.428280882,14.83449007,26.28018044,
992,46252,0,CIAT-BR15_6508,Urochloa,interespecifico,Urochloa interespecifico,Poaceae,Poales,grasses,F262985,41,98,1,2,56,0.5005,480.3598637,269.9598637,0.34525463,40.5,0.694641204,74,15.1,40,0.358125,90.5,16.5,,33.5,50.5,32.39374155,48.72998649,81.12372804,4.891454975,8.04044777,12.93190275,168.8811538,56.1995046,3.327754656,15.1,15.9409621,26.92128074,47.90305703,0.437637363,14.94177657,26.58702542,
993,46252,0,CIAT-BR15_6543,Urochloa,interespecifico,Urochloa interespecifico,Poaceae,Poales,grasses,F262986,41,98,1,1,57,0.5001,480.4490322,270.1490322,0.345439815,41,0.695960648,74,15.6,40.5,0.358483796,87,17,,33,46.5,31.89374155,44.72998649,76.62372804,4.975423683,7.604097703,12.57952139,159.4835725,56.22844758,3.52565764,15.6,16.41726617,26.1828426,46.56511735,0.487547102,14.53193063,25.84444575,
994,46252,0,CIAT-BR15_6543,Urochloa,interespecifico,Urochloa interespecifico,Poaceae,Poales,grasses,F262986,41,98,1,2,58,0.5005,480.8333146,269.6333146,0.345601852,40.5,0.696296296,75,15.5,40,0.358831019,88,17.1,,34.5,48,33.39374155,46.22998649,79.62372804,5.176029941,7.905327689,13.08135763,165.5952814,56.07625479,3.38634376,15.5,16.42896904,27.20559752,48.51536113,0.512117443,15.09957731,26.9268648,
995,46252,0,CIAT-BR15_6571,Urochloa,interespecifico,Urochloa interespecifico,Poaceae,Poales,grasses,F262987,41,98,1,1,59,0.5006,482.8313703,261.7313703,0.345810185,41,0.696608796,78.5,15.1,40.5,0.35912037,91,16.6,,37.5,50.5,36.39374155,48.72998649,85.12372804,5.495454975,8.089177757,13.58463273,176.3011546,54.20761499,3.074716959,15.1,15.95869101,28.1353565,51.90295958,0.555383839,15.61560963,28.80704054,
996,46252,0,CIAT-BR15_6571,Urochloa,interespecifico,Urochloa interespecifico,Poaceae,Poales,grasses,F262987,41,98,1,2,60,0.5002,482.4455681,234.9455681,0.345902778,41,0.696793981,78,14.9,40,0.359398148,90,16.4,,37,50,35.89374155,48.22998649,84.12372804,5.348167492,7.909717784,13.25788528,174.3693664,48.69887582,2.792857302,14.9,15.75998304,27.48058258,56.4296036,0.862438075,15.25219878,31.31940629,
997,46252,0,CIAT-BR15_6590,Urochloa,interespecifico,Urochloa interespecifico,Poaceae,Poales,grasses,F262988,41,98,1,1,61,0.5,483.4524846,254.3524846,0.346064815,40.5,0.697060185,79.5,15.4,40,0.359722222,90,16.9,,39,50,37.89374155,48.22998649,86.12372804,5.835636199,8.150867716,13.98650392,178.1431077,52.61168216,2.953338068,15.4,16.24001217,28.93046238,54.98866637,0.747184598,16.05690715,30.5196612,
998,46252,0,CIAT-BR15_6590,Urochloa,interespecifico,Urochloa interespecifico,Poaceae,Poales,grasses,F262988,41,98,1,2,62,0.5002,483.6458656,249.2458656,0.346238426,40.5,0.697268519,79,15.3,40,0.360034722,89.5,16.4,,38.5,49.5,37.39374155,47.72998649,85.12372804,5.721242458,7.827717784,13.54896024,176.0042504,51.53478678,2.928042172,15.3,15.91678437,28.01421703,54.35981941,0.803051948,15.54837512,30.17064025,
999,46252,0,CIAT-BR15_6758,Urochloa,interespecifico,Urochloa interespecifico,Poaceae,Poales,grasses,F262989,41,98,1,1,63,0.5001,471.451484,225.151484,0.346423611,40.5,0.697581019,74,14.6,40.5,0.360347222,88.5,17.6,,33.5,48,32.39374155,46.22998649,78.62372804,4.729486267,8.136477622,12.86596389,166.7694995,47.75708458,2.863658206,14.6,16.36397079,27.29011219,57.14358911,0.810466515,15.14648441,31.7156806,
1000,46252,0,CIAT-BR15_6758,Urochloa,interespecifico,Urochloa interespecifico,Poaceae,Poales,grasses,F262989,41,98,1,2,64,0.5,471.3572125,247.2572125,0.346469907,40.5,0.697847222,75.5,14.4,41,0.360833333,89,17.7,,35,48,33.89374155,46.22998649,80.12372804,4.880698784,8.182707608,13.06340639,169.9851533,52.45643982,3.085942437,14.4,16.30404215,27.71445105,52.83326726,0.557265078,15.38199982,29.3233774,
1001,46252,0,CIAT-BR15_7006,Urochloa,interespecifico,Urochloa interespecifico,Poaceae,Poales,grasses,F262990,41,98,1,1,65,0.5,477.1022898,257.6022898,0.346631944,40.5,0.698171296,78.5,15.5,40,0.361354167,91.5,17,,38,51.5,36.89374155,49.72998649,86.62372804,5.718529941,8.454097703,14.17262764,181.5621721,53.99309441,2.973807473,15.5,16.36113795,29.70563744,55.01747541,0.548033897,16.48714272,30.53565071,
1002,46252,0,CIAT-BR15_7006,Urochloa,interespecifico,Urochloa interespecifico,Poaceae,Poales,grasses,F262990,41,98,1,2,66,0.5001,477.1977102,223.9977102,0.346805556,41,0.698333333,78,15.5,40.5,0.361724537,91,16.9,,37,50.5,35.89374155,48.72998649,84.62372804,5.563529941,8.235367716,13.79889766,177.334732,46.94023157,2.646984663,15.5,16.30618028,28.9165211,61.6028514,0.951955201,16.0491695,34.19064832,
1003,46252,0,CIAT-BR15_7316,Urochloa,interespecifico,Urochloa interespecifico,Poaceae,Poales,grasses,F262991,41,98,1,1,67,0.5002,471.4165406,252.8165406,0.346863426,40.5,0.69869213,81.5,15.4,40.5,0.362002315,92,16.8,,41,51.5,39.89374155,49.72998649,89.62372804,6.143636199,8.35463773,14.49827393,190.11579,53.62911965,2.820866149,15.4,16.17682532,30.75469925,57.34701493,0.69739412,17.06939017,31.82858545,
1004,46252,0,CIAT-BR15_7316,Urochloa,interespecifico,Urochloa interespecifico,Poaceae,Poales,grasses,F262991,41,98,1,2,68,0.5004,471.6050318,248.2050318,0.347083333,40.5,0.698981481,81.5,15.4,40,0.362384259,92,16.9,,41,52,39.89374155,50.22998649,90.12372804,6.143636199,8.488867716,14.63250392,191.1000137,52.62985233,2.754047544,15.4,16.23601712,31.02703094,58.9532928,0.766811809,17.22053897,32.72009746,
1005,46252,0,CIAT-BR15_7318,Urochloa,interespecifico,Urochloa interespecifico,Poaceae,Poales,grasses,F262992,41,98,1,1,69,0.5005,474.1039065,241.3039065,0.347164352,41,0.699097222,79,15.5,40.5,0.362696759,93.5,16.9,,38,53,36.89374155,51.22998649,88.12372804,5.718529941,8.657867716,14.37639766,185.8742922,50.89683995,2.73823988,15.5,16.3138782,30.32330563,59.57797314,0.79872098,16.82995925,33.06680585,
1006,46252,0,CIAT-BR15_7318,Urochloa,interespecifico,Urochloa interespecifico,Poaceae,Poales,grasses,F262992,41,98,1,2,70,0.5005,474.1039065,236.3039065,0.347268519,40.5,0.699467593,78.5,15.7,40,0.363020833,92.5,16.8,,38,52.5,36.89374155,50.72998649,87.62372804,5.792317424,8.52263773,14.31495515,184.8196711,49.84221881,2.696802701,15.7,16.33684788,30.19370851,60.57858022,0.881566444,16.7580306,33.6221601,
1007,46252,0,CIAT-BR15_757,Urochloa,interespecifico,Urochloa interespecifico,Poaceae,Poales,grasses,F262993,41,98,1,1,71,0.5004,472.7583722,238.9583722,0.347523148,41,0.699699074,80.5,15.5,40.5,0.3634375,94,16.6,,39.5,53.5,38.39374155,51.72998649,90.12372804,5.951029941,8.587177757,14.5382077,190.6338065,50.54556117,2.65144793,15.5,16.13138739,30.75187782,60.8399177,0.947555178,17.06782423,33.76720692,
1008,46252,0,CIAT-BR15_757,Urochloa,interespecifico,Urochloa interespecifico,Poaceae,Poales,grasses,F262993,41,98,1,2,72,0.5004,472.7583722,228.7583722,0.347673611,40.5,0.699976852,80,15.4,40,0.363923611,93,16.6,,39.5,53,38.39374155,51.22998649,89.62372804,5.912636199,8.504177757,14.41681396,189.5761838,48.3880108,2.552430893,15.4,16.08593424,30.49510026,63.02201672,1.237545573,16.92530824,34.97830962,
1009,46252,0,CIAT-BR15_780,Urochloa,interespecifico,Urochloa interespecifico,Poaceae,Poales,grasses,F262994,41,98,1,1,73,0.5003,467.7369823,221.9369823,0.347743056,40.5,0.700243056,80.5,15.4,40,0.364351852,91.5,17.1,Embolo duro 0h,40,51.5,38.89374155,49.72998649,88.62372804,5.989636199,8.503827689,14.49346389,189.473425,47.44909868,2.504261411,15.4,16.35393163,30.98635438,65.30441092,1.867531702,17.19796278,36.24507789,
1010,46252,0,CIAT-BR15_780,Urochloa,interespecifico,Urochloa interespecifico,Poaceae,Poales,grasses,F262994,41,98,1,2,74,0.5,467.4565084,219.0565084,0.347905093,40.5,0.700405093,80,15.4,40,0.364895833,90,17,,39.5,50,38.39374155,48.22998649,86.62372804,5.912636199,8.199097703,14.1117339,185.3086362,46.86136666,2.528827993,15.4,16.29084111,30.18833549,64.42051874,2.097104733,16.75504849,35.75450244,
1011,46252,0,CIAT-BR15_800,Urochloa,interespecifico,Urochloa interespecifico,Poaceae,Poales,grasses,F262995,41,98,1,1,75,0.5003,473.0668349,238.9668349,0.348101852,41,0.700717593,72,15.2,40.5,0.3653125,91.5,16.9,,31,51,29.89374155,49.22998649,79.12372804,4.543848716,8.319867716,12.86371643,167.2569755,50.5143919,3.020166527,15.2,16.25772287,27.19217557,53.83055115,0.943363334,15.09212789,29.87688721,
1012,46252,0,CIAT-BR15_800,Urochloa,interespecifico,Urochloa interespecifico,Poaceae,Poales,grasses,F262995,41,98,1,2,76,0.5004,473.1613916,248.5613916,0.348194444,40.5,0.700925926,76,14.8,40.5,0.365648148,91,16.7,,35.5,50.5,34.39374155,48.72998649,83.12372804,5.09027375,8.137907743,13.22818149,175.677326,52.5320527,2.990257986,14.8,15.91384531,27.9570179,53.21897101,0.770994094,15.51662862,29.53744966,
1013,46252,0,BLANK 8 H,0,0,BLANK 8 H,0,0,0,BLANK 8 H,41,98,1,1,77,0,0,0,0.3484375,40,0.70119213,41,0,0,0,0,0,,1,,,,,,,,,,,,,,,,,,
1014,46252,0,BLANK 8 H,0,0,BLANK 8 H,0,0,0,BLANK 8 H,41,98,1,2,78,0,0,0,0.348738426,39.5,0.701759259,40.5,0,0,0,0,0,,1,,,,,,,,,,,,,,,,,,
1015,46252,0,CIAT-BR15_823,Urochloa,interespecifico,Urochloa interespecifico,Poaceae,Poales,grasses,F262996,41,98,1,1,79,0.5003,476.0640891,230.4640891,0.348773148,40.5,0.701979167,79.5,15.1,40,0.366006944,90,15.7,,39,50,37.89374155,48.22998649,86.12372804,5.721954975,7.572107879,13.29406285,180.9078442,48.41030743,2.675965083,15.1,15.43600487,27.92494363,57.68387998,1.207754389,15.49882685,32.01555138,
1016,46252,0,CIAT-BR15_823,Urochloa,interespecifico,Urochloa interespecifico,Poaceae,Poales,grasses,F262996,41,98,1,2,80,0.5001,475.8737776,243.8737776,0.348877315,41,0.70212963,81,15.2,40.5,0.366377315,90,15.8,,40,49.5,38.89374155,47.72998649,86.62372804,5.911848716,7.541337865,13.45318658,182.0308916,51.24757637,2.815323043,15.2,15.53060216,28.27049359,55.16454747,0.846028578,15.69061305,30.61727825,
1017,46252,0,CIAT-BR15_8529,Urochloa,interespecifico,Urochloa interespecifico,Poaceae,Poales,grasses,F262997,41,98,1,1,81,0.5,469.409157,198.509157,0.349363426,41.5,0.702430556,78,14.6,40.5,0.366712963,93,16.2,,36.5,52.5,35.39374155,50.72998649,86.12372804,5.167486267,8.218257811,13.38574408,183.4726204,42.28915308,2.304929913,14.6,15.54245779,28.51615457,67.43136832,4.557328102,15.82695915,37.42557605,
1018,46252,0,CIAT-BR15_8529,Urochloa,interespecifico,Urochloa interespecifico,Poaceae,Poales,grasses,F262997,41,98,1,2,82,0.5003,469.6908024,214.2908024,0.349375,40.5,0.70287037,76,15.2,40,0.367025463,94,16.4,,35.5,54,34.39374155,52.22998649,86.62372804,5.227848716,8.565717784,13.7935665,184.4271329,45.62380215,2.473811821,15.2,15.9235429,29.36733363,64.36844859,1.614098935,16.29937825,35.72560261,
1019,46252,0,CIAT-BR15_8650,Urochloa,interespecifico,Urochloa interespecifico,Poaceae,Poales,grasses,F262998,41,98,1,1,83,0.5001,477.3965876,249.5965876,0.349513889,41,0.703113426,78,15.2,40,0.367476852,96,16.7,,37,56,35.89374155,54.22998649,90.12372804,5.455848716,9.056407743,14.51225646,188.7816762,52.28285959,2.769488048,15.2,16.10259226,30.39874359,58.14284802,0.869831941,16.87182862,32.27028658,
1020,46252,0,CIAT-BR15_8650,Urochloa,interespecifico,Urochloa interespecifico,Poaceae,Poales,grasses,F262998,41,98,1,2,84,0.5004,477.6829683,251.8829683,0.349710648,41.5,0.703622685,78.5,14.7,40,0.367800926,95,16.8,,37,55,35.89374155,53.22998649,89.12372804,5.276380009,8.94263773,14.21901774,186.5750591,52.73015473,2.826216697,14.7,15.95424479,29.76664165,56.45089001,0.814144869,16.52100111,31.33122062,
1021,46252,0,CIAT-BR15_8756,Urochloa,interespecifico,Urochloa interespecifico,Poaceae,Poales,grasses,F262999,41,98,1,1,85,0.5004,475.0585349,257.6585349,0.349768519,40.5,0.703854167,74.5,15.8,40,0.368194444,93,17,,34,53,32.89374155,51.22998649,84.12372804,5.197211166,8.709097703,13.90630887,177.0807634,54.23721836,3.062852074,15.8,16.53078054,29.27283239,53.97185416,0.689192513,16.24692843,29.95531283,
1022,46252,0,CIAT-BR15_8756,Urochloa,interespecifico,Urochloa interespecifico,Poaceae,Poales,grasses,F262999,41,98,1,2,86,0.5003,474.9635991,250.2635991,0.349976852,40.5,0.7040625,76,15.3,40,0.368472222,93,16.7,,35.5,53,34.39374155,51.22998649,85.62372804,5.262242458,8.555407743,13.8176502,180.2742951,52.6911114,2.922829978,15.3,16.13764142,29.09201932,55.21238506,0.790444198,16.14657404,30.64382894,
1023,46252,0,CIAT-BR15_8881,Urochloa,interespecifico,Urochloa interespecifico,Poaceae,Poales,grasses,F263000,41,98,1,1,87,0.5,471.1557688,217.5557688,0.350092593,41,0.704583333,78,15.8,40,0.368784722,91,16.4,,37,51,35.89374155,49.22998649,85.12372804,5.671211166,8.073717784,13.74492895,180.6700324,46.17491353,2.555759409,15.8,16.14700068,29.17279137,63.17887603,1.057103998,16.19140393,35.06536926,
1024,46252,0,CIAT-BR15_8881,Urochloa,interespecifico,Urochloa interespecifico,Poaceae,Poales,grasses,F263000,41,98,1,2,88,0.5003,471.4384623,211.8384623,0.35025463,40.5,0.704895833,79,15.8,40.5,0.369131944,90.5,16.5,,38.5,50,37.39374155,48.22998649,85.62372804,5.908211166,7.95794777,13.86615894,181.6222792,44.93448864,2.474062589,15.8,16.1942948,29.41244732,65.45628582,1.260842182,16.32441713,36.32937109,
1025,46252,0,CIAT-BR15_8905,Urochloa,interespecifico,Urochloa interespecifico,Poaceae,Poales,grasses,F263001,41,98,1,1,89,0.5002,471.1485329,216.8485329,0.350428241,41,0.705324074,80.5,14.8,40,0.369513889,90.5,16.5,,39.5,50.5,38.39374155,48.72998649,87.12372804,5.68227375,8.04044777,13.72272152,184.917753,46.02551378,2.488972153,14.8,15.75084289,29.12610474,63.28251953,2.052210562,16.16549205,35.12289319,
1026,46252,0,CIAT-BR15_8905,Urochloa,interespecifico,Urochloa interespecifico,Poaceae,Poales,grasses,F263001,41,98,1,2,90,0.5,470.9601489,214.2601489,0.350532407,41,0.705601852,78,15.1,40.5,0.369826389,90.5,16.5,,37,50,35.89374155,48.22998649,84.12372804,5.419954975,7.95794777,13.37790275,178.6217544,45.49432673,2.546964499,15.1,15.90265084,28.40559393,62.43766195,2.319145089,15.76559608,34.65398262,
1027,46252,0,CIAT-BR15_8976,Urochloa,interespecifico,Urochloa interespecifico,Poaceae,Poales,grasses,F263002,41,98,1,1,91,0.5002,470.9455679,259.1455679,0.350694444,40.5,0.7059375,83.5,14.8,40,0.370150463,91.5,16.2,,43,51.5,41.89374155,49.72998649,91.62372804,6.20027375,8.056257811,14.25653156,194.552692,55.0266497,2.828367427,14.8,15.55986846,30.27214296,55.01360364,0.716154285,16.80156308,30.53350182,
1028,46252,0,CIAT-BR15_8976,Urochloa,interespecifico,Urochloa interespecifico,Poaceae,Poales,grasses,F263002,41,98,1,2,92,0.5003,471.0397194,59.1397194,0.350856481,40,0.706550926,77.5,15,40,0.370520833,85,16,0,.,.,.,.,.,.,.,.,.,.,.,.,.,.,.,.,.,.,
1029,46252,0,CIAT-BR15_9125,Urochloa,interespecifico,Urochloa interespecifico,Poaceae,Poales,grasses,F263003,41,98,1,1,93,0.5006,476.5009371,266.3009371,0.351006944,40.5,0.706898148,78,15.4,40,0.370810185,90.5,16.4,,37.5,50.5,36.39374155,48.72998649,85.12372804,5.604636199,7.991717784,13.59635398,178.6433592,55.88676041,3.128398429,15.4,15.97246067,28.53374028,51.05635051,0.519744117,15.83671952,28.33715786,
1030,46252,0,CIAT-BR15_9125,Urochloa,interespecifico,Urochloa interespecifico,Poaceae,Poales,grasses,F263003,41,98,1,2,94,0.5006,476.5009371,232.4009371,0.351064815,40.5,0.707118056,78.5,15.5,40,0.371134259,90,16.7,0,38,50,36.89374155,48.22998649,85.12372804,5.718529941,8.054407743,13.77293768,178.6433592,48.77239875,2.730154593,15.5,16.17990424,28.90432445,59.26369255,0.966446265,16.04240014,32.89237469,
1031,46252,0,CIAT-BR15_9141,Urochloa,interespecifico,Urochloa interespecifico,Poaceae,Poales,grasses,F263004,41,98,1,1,95,0.5,470.6543487,211.9543487,0.35125,40,0.707465278,75.5,15.1,40,0.37150463,91,17,,35.5,51,34.39374155,49.22998649,83.62372804,5.193454975,8.369097703,13.56255268,177.6754603,45.03397223,2.534619703,15.1,16.21854585,28.816376,63.98808404,1.047767538,15.99358723,35.5144937,
1032,46252,0,CIAT-BR15_9141,Urochloa,interespecifico,Urochloa interespecifico,Poaceae,Poales,grasses,F263004,41,98,1,2,96,0.5002,470.8426104,266.4426104,0.351469907,41.5,0.707743056,77,14.7,40.5,0.371747685,95,16.8,,35.5,54.5,34.39374155,52.72998649,87.12372804,5.055880009,8.85863773,13.91451774,185.0379004,56.58846598,3.058209473,14.7,15.97098523,29.55237574,52.22332012,0.445344877,16.40207982,28.98484618,
1033,46252,0,CIAT-BR15_9142,Urochloa,interespecifico,Urochloa interespecifico,Poaceae,Poales,grasses,F263005,41,98,1,1,97,0.5002,470.0219756,246.5219756,0.35150463,40.5,0.708020833,78.5,16.7,40,0.372094907,94,17.1,,38,54,36.89374155,52.22998649,89.12372804,6.16125484,8.931327689,15.09258253,189.6160875,52.44903183,2.766064448,16.7,16.93441563,32.11037635,61.22205735,0.674697653,17.82181442,33.97930104,
1034,46252,0,CIAT-BR15_9142,Urochloa,interespecifico,Urochloa interespecifico,Poaceae,Poales,grasses,F263005,41,98,1,2,98,0.5,469.834042,251.534042,0.351666667,40.5,0.70849537,79.5,16.1,40,0.372476852,89.5,16.9,,39,49.5,37.89374155,47.72998649,85.62372804,6.10089239,8.066367716,14.16726011,182.242495,53.53678523,2.937667487,16.1,16.54595102,30.15375397,56.3234304,0.58675163,16.73585514,31.26047832,
1035,46252,0,CIAT-BR15_972,Urochloa,interespecifico,Urochloa interespecifico,Poaceae,Poales,grasses,F263006,41,98,1,1,99,0.5005,471.7284873,234.7284873,0.351828704,40.5,0.709016204,79,15.4,41,0.372835648,90,16.7,,38.5,49,37.39374155,47.22998649,84.62372804,5.758636199,7.887407743,13.64604394,179.3907519,49.75923515,2.773790433,15.4,16.1255528,28.92775041,58.13544024,0.621818872,16.05540196,32.26617513,
1036,46252,0,CIAT-BR15_972,Urochloa,interespecifico,Urochloa interespecifico,Poaceae,Poales,grasses,F263006,41,98,1,2,100,0.5004,471.6342358,240.7342358,0.352013889,40.5,0.709259259,78.5,15.7,41,0.373078704,88,16.9,,38,47,36.89374155,45.22998649,82.12372804,5.792317424,7.643867716,13.43618514,174.1258836,51.04257018,2.931360297,15.7,16.36090502,28.48857042,55.81335407,0.561263569,15.81164947,30.97737714,
1037,46252,0,CIAT-BR19_1033,Urochloa,interespecifico,Urochloa interespecifico,Poaceae,Poales,grasses,F263007,41,98,1,1,101,0.5003,474.2171798,263.3171798,0.35212963,40.5,0.709571759,77,15.1,40,0.373391204,94,16.6,,36.5,54,35.39374155,52.22998649,87.62372804,5.344454975,8.670177757,14.01463273,184.7755243,55.52670612,3.005089897,15.1,15.9941069,29.55319488,53.22338915,0.455504233,16.40253446,29.5399018,
1038,46252,0,CIAT-BR19_1033,Urochloa,interespecifico,Urochloa interespecifico,Poaceae,Poales,grasses,F263007,41,98,1,2,102,0.5005,474.406753,195.106753,0.352233796,40.5,0.709884259,76.5,14.9,40,0.37375,92.5,16.5,,36,52.5,34.89374155,50.72998649,85.62372804,5.199167492,8.37044777,13.56961526,180.4858963,41.12647043,2.278652862,14.9,15.84796127,28.60333496,69.54969551,1.625087749,15.87534577,38.60128429,
1039,46252,0,CIAT-BR19_113,Urochloa,interespecifico,Urochloa interespecifico,Poaceae,Poales,grasses,F263008,41,98,1,1,103,0.5002,473.4209934,237.4209934,0.352384259,40.5,0.710243056,83.5,15,40,0.374131944,89.5,17,,43,49.5,41.89374155,47.72998649,89.62372804,6.284061233,8.114097703,14.39815894,189.3108444,50.15007715,2.649086337,15,16.06511942,30.41301323,60.64400089,0.801343234,16.87974852,33.6584697,
1040,46252,0,CIAT-BR19_113,Urochloa,interespecifico,Urochloa interespecifico,Poaceae,Poales,grasses,F263008,41,98,1,2,104,0.5005,473.7049325,229.7049325,0.352615741,40.5,0.710451389,82.5,15.3,40,0.374398148,90,17,,42,50,40.89374155,48.22998649,89.12372804,6.256742458,8.199097703,14.45584016,188.141862,48.49114221,2.577371229,15.3,16.21996799,30.5165498,62.93221485,0.948694979,16.93721311,34.92846803,
1041,46252,0,CIAT-BR19_1444,Urochloa,interespecifico,Urochloa interespecifico,Poaceae,Poales,grasses,F263009,41,98,1,1,105,0.5001,471.39426,234.79426,0.352800926,41,0.710694444,80,15.7,40.5,0.374710648,90.5,17.2,,39,50,37.89374155,48.22998649,86.12372804,5.949317424,8.295557676,14.2448751,182.6999931,49.80846818,2.726243572,15.7,16.54001217,30.21860109,60.66960538,0.738004443,16.77184642,33.67268063,
1042,46252,0,CIAT-BR19_1444,Urochloa,interespecifico,Urochloa interespecifico,Poaceae,Poales,grasses,F263009,41,98,1,2,106,0.5006,471.86556,200.76556,0.352893519,40.5,0.711053241,79.5,15.5,40,0.375081019,86.5,17.4,,39,46.5,37.89374155,44.72998649,82.62372804,5.873529941,7.783017649,13.65654759,175.1001451,42.54719501,2.429877769,15.5,16.52860251,28.94160699,68.02236195,1.79051011,16.0630926,37.75358774,
1043,46252,0,CIAT-BR19_1583,Urochloa,interespecifico,Urochloa interespecifico,Poaceae,Poales,grasses,F263010,41,105,1,1,123,0.5001,476.8226727,266.3226727,0.328888889,40,0.673726852,76.5,15.5,40,0.355555556,94.5,16.7,,36.5,54.5,35.39374155,52.72998649,88.12372804,5.486029941,8.805907743,14.29193768,184.8144668,55.85360931,3.022144871,15.5,16.21803571,29.97327623,53.66399165,0.500015147,16.63568688,29.78444381,
1044,46252,0,CIAT-BR19_1583,Urochloa,interespecifico,Urochloa interespecifico,Poaceae,Poales,grasses,F263010,41,105,1,2,124,0.5004,477.1087091,251.6087091,0.329097222,40.5,0.674074074,77.5,15.6,40,0.355555556,92.5,16.8,,37,52.5,35.89374155,50.72998649,86.62372804,5.599423683,8.52263773,14.12206141,181.5597292,52.73613839,2.904616493,15.6,16.30276338,29.59925305,56.12707708,0.599923261,16.42809754,31.15149884,
1045,46252,0,CIAT-BR19_166,Urochloa,interespecifico,Urochloa interespecifico,Poaceae,Poales,grasses,F263011,41,98,1,1,109,0.5,473.7,236.1,0.353356481,40.5,0.712233796,76,15.7,40,0.376145833,91.5,16.6,0,35.5,51.5,34.39374155,49.72998649,84.12372804,5.399817424,8.255177757,13.65499518,177.5886174,49.84167194,2.806580325,15.7,16.23203762,28.82625117,57.83564244,0.639108208,15.99906813,32.09978217,
1046,46252,0,CIAT-BR19_166,Urochloa,interespecifico,Urochloa interespecifico,Poaceae,Poales,grasses,F263011,41,98,1,2,110,0.5001,473.79474,244.09474,0.353472222,40.5,0.712592593,78.5,15.7,40.5,0.376435185,93.5,16.5,,38,53,36.89374155,51.22998649,88.12372804,5.792317424,8.45294777,14.24526519,185.9955812,51.51909031,2.76990937,15.7,16.16507326,30.06632196,58.35957463,0.593665844,16.68732886,32.3905736,
1047,46252,0,CIAT-BR19_1727,Urochloa,interespecifico,Urochloa interespecifico,Poaceae,Poales,grasses,F263012,41,98,1,1,111,0.5003,470.0333758,187.4333758,0.353715278,40.5,0.712824074,75,15.3,40,0.376712963,94.5,16.6,,34.5,54.5,33.39374155,52.72998649,86.12372804,5.109242458,8.753177757,13.86242021,183.2289631,39.87660992,2.17632678,15.3,16.09593608,29.49241677,73.95918768,0.710914398,16.36880156,41.04862873,
1048,46252,0,CIAT-BR19_1727,Urochloa,interespecifico,Urochloa interespecifico,Poaceae,Poales,grasses,F263012,41,98,1,2,112,0.5001,469.8454752,190.3454752,0.353877315,41,0.713020833,75,15,40,0.376990741,97,16.5,,34,57,32.89374155,55.22998649,88.12372804,4.934061233,9.11294777,14.047009,187.5589586,40.51235677,2.15997983,15,15.94009845,29.89708265,73.79744117,0.690249057,16.59339812,40.95885662,
1049,46252,0,CIAT-BR19_1783,Urochloa,interespecifico,Urochloa interespecifico,Poaceae,Poales,grasses,F263013,41,98,1,1,113,0.5,466.5316937,254.8316937,0.354375,41,0.713194444,79,15.2,40,0.377280093,86.5,16.4,,38,46.5,36.89374155,44.72998649,81.62372804,5.607848716,7.335717784,12.9435665,174.9585916,54.62258987,3.122029583,15.2,15.8576027,27.74423834,50.7926087,0.563665038,15.39853228,28.19077659,
1050,46252,0,CIAT-BR19_1783,Urochloa,interespecifico,Urochloa interespecifico,Poaceae,Poales,grasses,F263013,41,98,1,2,114,0.5004,466.904919,262.304919,0.354421296,40.5,0.713472222,77,14.7,40.5,0.377511574,89,16.4,,36.5,48.5,35.39374155,46.72998649,82.12372804,5.202880009,7.663717784,12.86659779,175.8896184,56.179515,3.194021086,14.7,15.66733282,27.5572119,49.05206445,0.502475854,15.29472938,27.22474442,
1051,46252,0,CIAT-BR19_1793,Urochloa,interespecifico,Urochloa interespecifico,Poaceae,Poales,grasses,F263014,41,98,1,1,115,0.5002,467.088423,200.888423,0.354467593,40.5,0.713703704,75,14,40.5,0.377847222,86.5,17,,34.5,46,33.39374155,44.22998649,77.62372804,4.675123818,7.519097703,12.19422152,166.1863669,43.00864956,2.587977002,14,15.70939947,26.10688024,60.70146472,1.356514524,14.48977021,33.69036312,
1052,46252,0,CIAT-BR19_1793,Urochloa,interespecifico,Urochloa interespecifico,Poaceae,Poales,grasses,F263014,41,98,1,2,116,0.5002,467.088423,221.388423,0.354548611,41,0.713958333,73.5,13.9,40,0.378090278,87,17.1,,32.5,47,31.39374155,45.22998649,76.62372804,4.363730076,7.734327689,12.09805777,164.0454447,47.39754019,2.889293286,13.9,15.78891823,25.90100112,54.64629813,0.756219139,14.37550373,30.3296409,
1053,46252,0,CIAT-BR19_1806,Urochloa,interespecifico,Urochloa interespecifico,Poaceae,Poales,grasses,F263015,41,98,1,1,117,0.5003,472.3360264,250.4360264,0.354641204,41.5,0.714201389,80,15,40.5,0.37837963,91,17.5,,38.5,50.5,37.39374155,48.72998649,86.12372804,5.609061233,8.527747635,14.13680887,182.335717,53.02073363,2.907863281,15,16.41453429,29.92955879,56.44878284,0.571926571,16.61142294,31.3300511,
1054,46252,0,CIAT-BR19_1806,Urochloa,interespecifico,Urochloa interespecifico,Poaceae,Poales,grasses,F263015,41,98,1,2,118,0.5002,472.2416158,253.8416158,0.354803241,40.5,0.71443287,80,15.4,40.5,0.378715278,91.5,17.6,,39.5,51,38.39374155,49.22998649,87.62372804,5.912636199,8.664477622,14.57711382,185.5485097,53.75248757,2.896950649,15.4,16.63603472,30.8679145,57.42602045,0.563029963,17.13222659,31.87243488,
1055,46252,0,CIAT-BR19_2001,Urochloa,interespecifico,Urochloa interespecifico,Poaceae,Poales,grasses,F263016,41,98,1,1,119,0.5001,472.0999897,172.4999897,0.354895833,40,0.714756944,72,15.3,40,0.378969907,86,17.3,,32,46,30.89374155,44.22998649,75.12372804,4.726742458,7.651787662,12.37853012,159.1267309,36.5388675,2.296211786,15.3,16.47752374,26.22014486,71.75959918,15.6089961,14.55263403,39.82781906,
1056,46252,0,CIAT-BR19_2001,Urochloa,interespecifico,Urochloa interespecifico,Poaceae,Poales,grasses,F263016,41,98,1,2,120,0.5004,472.3831931,218.8831931,0.355034722,41,0.715092593,72.5,15.2,40,0.379259259,86.5,17.4,,31.5,46.5,30.39374155,44.72998649,75.12372804,4.619848716,7.783017649,12.40286637,159.0313312,46.33594003,2.913635928,15.2,16.50991862,26.25594337,56.66431575,0.76995693,14.57250282,31.44967559,
1057,46252,0,CIAT-BR19_21,Urochloa,interespecifico,Urochloa interespecifico,Poaceae,Poales,grasses,F263017,41,98,1,1,121,0.5001,470.6014965,236.3014965,0.355150463,40.5,0.715347222,72,14.4,40,0.379560185,90,16.9,,31.5,50,30.39374155,48.22998649,78.62372804,4.376698784,8.150867716,12.5275665,167.070714,50.21265301,3.005473059,14.4,15.93356969,26.62032865,53.01518056,0.588503935,14.77474296,29.42434243,
1058,46252,0,CIAT-BR19_21,Urochloa,interespecifico,Urochloa interespecifico,Poaceae,Poales,grasses,F263017,41,98,1,2,122,0.5002,470.6955979,252.2955979,0.355347222,40.5,0.715671296,73,14.4,40,0.379965278,92,16.7,,32.5,52,31.39374155,50.22998649,81.62372804,4.520698784,8.388407743,12.90910653,173.4108592,53.60058582,3.090959014,14.4,15.81538462,27.42559434,51.16659439,0.484514243,15.22167935,28.39834512,
1059,46252,0,CIAT-BR19_2124,Urochloa,interespecifico,Urochloa interespecifico,Poaceae,Poales,grasses,F263018,41,98,1,1,123,0.5001,473.1040485,230.8040485,0.35556713,40.5,0.71599537,78,15.7,40,0.380243056,90,16.4,,37.5,50,36.39374155,48.22998649,84.62372804,5.713817424,7.909717784,13.62353521,178.8691691,48.7850504,2.727415275,15.7,16.09895419,28.79606558,59.02641351,0.771885151,15.9823146,32.76068072,
1060,46252,0,CIAT-BR19_2124,Urochloa,interespecifico,Urochloa interespecifico,Poaceae,Poales,grasses,F263018,41,98,1,2,124,0.5004,473.3878542,225.2878542,0.355636574,40.5,0.716446759,77,15.9,40,0.380532407,86,16.6,0,36.5,46,35.39374155,44.22998649,79.62372804,5.627604907,7.342177757,12.96978266,168.1997697,47.59054382,2.829406004,15.9,16.28884126,27.39779348,57.56982644,0.824577537,15.20624939,31.95224969,
1061,46252,0,CIAT-BR19_2287,Urochloa,interespecifico,Urochloa interespecifico,Poaceae,Poales,grasses,F263019,41,98,1,1,125,0.5001,472.8736046,219.9736046,0.355787037,40.5,0.716678241,76.5,15.1,40,0.380844907,91,16.6,,36,51,34.89374155,49.22998649,84.12372804,5.268954975,8.172177757,13.44113273,177.8989718,46.51847818,2.61488179,15.1,15.97781392,28.42436668,61.103389,0.906843492,15.77601528,33.91343805,
1062,46252,0,CIAT-BR19_2287,Urochloa,interespecifico,Urochloa interespecifico,Poaceae,Poales,grasses,F263019,41,98,1,2,126,0.5,472.7790488,210.1790488,0.355925926,40.5,0.716898148,74,15.2,40,0.381134259,86,16.8,,33.5,46,32.39374155,44.22998649,76.62372804,4.923848716,7.43063773,12.35448645,162.0709045,44.45608352,2.743002124,15.2,16.12357785,26.13162846,58.78077057,1.070840569,14.5035059,32.62434464,
1063,46252,0,CIAT-BR19_231,Urochloa,interespecifico,Urochloa interespecifico,Poaceae,Poales,grasses,F263020,41,98,1,1,127,0.5003,473.5366263,219.2366263,0.356006944,40.5,0.717303241,75.5,15.4,40,0.381493056,86,17.2,,35,46,33.89374155,44.22998649,78.12372804,5.219636199,7.607557676,12.82719388,164.9792723,46.2977126,2.806274506,15.4,16.41907548,27.08807125,58.508444,0.806123398,15.0343482,32.47319868,
1064,46252,0,CIAT-BR19_231,Urochloa,interespecifico,Urochloa interespecifico,Poaceae,Poales,grasses,F263020,41,98,1,2,128,0.5004,473.6312769,203.5312769,0.356215278,40.5,0.717662037,75,15.4,40,0.381863426,86,17.4,0,34.5,46,33.39374155,44.22998649,77.62372804,5.142636199,7.696017649,12.83865385,163.8906293,42.97251613,2.622023987,15.4,16.53959965,27.10685395,63.07951311,1.199251404,15.04477292,35.01022112,
1065,46252,0, CIAT 17009,Canavalia,brasiliensis,Canavalia brasiliensis,Fabaceas,Fabales,Trepadoras,F263376,41,98,1,1,129,0.5001,453.670365,273.670365,0.356331019,41.5,0.717893519,82,15.6,40.5,0.382175926,84,18.5,,40.5,43.5,39.39374155,41.72998649,81.12372804,6.145423683,7.7200475,13.86547118,178.8164586,60.32361514,3.373493448,15.6,17.09175788,30.56287616,50.66486166,1.07413606,16.96292504,28.11987478,
1066,46252,0, CIAT 17009,Canavalia,brasiliensis,Canavalia brasiliensis,Fabaceas,Fabales,Trepadoras,F263376,41,98,1,2,130,0.5001,453.670365,248.770365,0.356446759,41,0.718240741,80.5,15.9,40,0.382453704,83,18.8,,39.5,43,38.39374155,41.22998649,79.62372804,6.104604907,7.75123746,13.85584237,175.5100932,54.83504857,3.124324509,15.9,17.40164987,30.5416519,55.69731896,16.09595684,16.95114521,30.91297564,
1067,46252,0,CIAT 17462,Canavalia,brasiliensis,Canavalia brasiliensis,Fabaceas,Fabales,Trepadoras,F263377,41,98,1,1,131,0.5004,471.5577357,300.7577357,0.356666667,40.5,0.718472222,81.5,16,40,0.382766204,81.5,19.4,0,41,41.5,39.89374155,39.72998649,79.62372804,6.382998649,7.707617379,14.09061603,168.852554,63.7796208,3.777237553,16,17.69650376,29.88099857,46.85038606,0.966458336,16.58447118,26.00277482,
1068,46252,0,CIAT 17462,Canavalia,brasiliensis,Canavalia brasiliensis,Fabaceas,Fabales,Trepadoras,F263377,41,98,1,2,132,0.5,471.180791,293.380791,0.356747685,41.5,0.718703704,84,15.5,40,0.383078704,83,19.1,,42.5,43,41.39374155,41.22998649,82.62372804,6.416029941,7.874927419,14.29095736,175.3546189,62.26501518,3.550805537,15.5,17.29643251,30.33009331,48.71129193,1.298272676,16.83372653,27.03560978,
1069,46252,0,CIAT 13953,Desmodium,velutinum,Desmodium velutinum,Fabaceas,Fabales,Arbustivas,F263378,41,98,1,1,133,0.5004,478.0365775,236.5365775,0.35693287,41,0.718993056,79,16.3,40.5,0.383402778,74,18.2,,38,33.5,36.89374155,31.72998649,68.62372804,6.013679873,5.774857541,11.78853741,143.5532996,49.48085327,3.44686283,16.3,17.178515,24.66032511,49.83811612,-20.37288228,13.68690709,27.6610167,
1070,46252,0,CIAT 13953,Desmodium,velutinum,Desmodium velutinum,Fabaceas,Fabales,Arbustivas,F263378,41,98,1,2,134,0.5,477.6544539,233.3544539,0.357094907,40,0.719421296,62,18.1,34.5,0.383761574,66.5,17.9,,22,32,20.89374155,30.22998649,51.12372804,3.781767221,5.411167581,9.192934803,107.0307785,48.85424013,4.564503858,18.1,17.98173794,19.2459941,39.39472613,-5.034014851,10.6818597,21.86475457,
1071,46252,0,CIAT 9432,Clitoria,tertanea,Clitoria tertanea,Fabaceas,Fabales,Trepadoras,F263379,41,98,1,1,135,0.5001,480.8519244,215.3519244,0.35724537,41,0.719826389,86.5,18.4,40,0.383993056,75,21.2,,45.5,35,44.39374155,33.22998649,77.62372804,8.168448446,7.044757135,15.21320558,161.429588,44.78549705,2.774305355,18.4,19.59865361,31.63802578,70.64346243,-1.283243988,17.55965168,39.20834385,
1072,46252,0,CIAT 9432,Clitoria,tertanea,Clitoria tertanea,Fabaceas,Fabales,Trepadoras,F263379,41,98,1,2,136,0.5004,481.1403779,247.4403779,0.357372685,40.5,0.720428241,87.5,18.5,40,0.384583333,76,21.4,,47,36,45.89374155,34.22998649,80.12372804,8.490342188,7.325217108,15.8155593,166.5287964,51.42789698,3.088228468,18.5,19.73892089,32.87098739,63.91664704,9.877866971,18.24396671,35.47484493,
1073,46252,0,CIAT 17768,Clitoria,tertanea,Clitoria tertanea,Fabaceas,Fabales,Trepadoras,F263380,41,98,1,1,137,0.5004,480.6631674,252.0631674,0.357546296,41,0.720740741,90,18.4,40,0.3846875,82,20.7,,49,42,47.89374155,40.22998649,88.12372804,8.812448446,8.327607203,17.14005565,183.3378008,52.44070786,2.860332546,18.4,19.44998927,35.65918259,67.99904892,-24.90304185,19.79146328,37.74064861,
1074,46252,0,CIAT 17768,Clitoria,tertanea,Clitoria tertanea,Fabaceas,Fabales,Trepadoras,F263380,41,98,1,2,138,0.5003,480.5671116,263.4671116,0.357662037,41,0.720960648,88.5,18.3,40,0.385034722,85,19.9,,47.5,45,46.39374155,43.22998649,89.62372804,8.490054705,8.602767311,17.09282202,186.4957586,54.82420774,2.939702658,18.3,19.07175967,35.56802287,64.87649222,3.922296464,19.74086806,36.00757562,
1075,46252,0,CIAT 22768,Lablab,purpureus,Lablab purpureus,Fabaceas,Fabales,Trepadoras,F263381,41,98,1,1,139,0.5,472.8,315.8,0.357835648,41,0.721273148,89.5,17.5,40.5,0.385266204,86.5,19,,48.5,46,47.39374155,44.22998649,91.62372804,8.293904772,8.403697433,16.6976022,193.7896109,66.79357022,3.44670542,17.5,18.2241026,35.31641752,52.87397785,0.691303289,19.60122274,29.34597248,
1076,46252,0,CIAT 22768,Lablab,purpureus,Lablab purpureus,Fabaceas,Fabales,Trepadoras,F263381,41,98,1,2,140,0.5002,472.98912,298.58912,0.357997685,41,0.721597222,87.5,17.5,40,0.385520833,86,18.8,,46.5,46,45.39374155,44.22998649,89.62372804,7.943904772,8.31523746,16.25914223,189.483699,63.12811593,3.33158558,17.5,18.14155982,34.37529859,54.45323069,1.030259163,19.07888545,30.22248513,
1077,46252,0,CIAT 22598,Lablab,purpureus,Lablab purpureus,Fabaceas,Fabales,Trepadoras,F263382,41,98,1,1,141,0.5002,474.7711859,315.4711859,0.358217593,41,0.721875,90,17,40,0.385856481,88.5,18.6,,49,48.5,47.89374155,46.72998649,94.62372804,8.141936064,8.691777487,16.83371355,199.303856,66.44699495,3.33395431,17,17.79016099,35.45647683,53.36054227,0.652837839,19.67895807,29.61602416,
1078,46252,0,CIAT 22598,Lablab,purpureus,Lablab purpureus,Fabaceas,Fabales,Trepadoras,F263382,41,98,1,2,142,0.5004,474.9610184,297.0610184,0.358275463,41,0.722303241,80,16.7,40.5,0.386168981,88.5,18.3,,39,48,37.89374155,46.22998649,84.12372804,6.32825484,8.460087527,14.78834237,177.1171207,62.54429456,3.531239346,16.7,17.57927604,31.13590757,49.78217083,0.862132325,17.28096738,27.62996609,
1079,46252,0,CIAT 18701,Cajanus,cajan,Cajanus cajan,Fabaceas,Fabales,Arbustivas,F263383,41,98,1,1,143,0.5004,467.4085174,159.7085174,0.358460648,41.5,0.722615741,69,16.9,40.5,0.386446759,69.5,18.8,,27.5,29,26.39374155,27.22998649,53.62372804,4.460542323,5.11923746,9.579779782,114.7256116,34.16893606,2.978318056,16.9,17.86481495,20.49551821,59.98289844,-1.119967149,11.3753672,33.2915464,
1080,46252,0,CIAT 18701,Cajanus,cajan,Cajanus cajan,Fabaceas,Fabales,Arbustivas,F263383,41,98,1,2,144,0.5004,467.4085174,168.9085174,0.35869213,41.5,0.722789352,72,16.8,41,0.386759259,68,19.3,,30.5,27,29.39374155,25.22998649,54.62372804,4.938148581,4.869387392,9.807535973,116.8650677,36.13723566,3.092218776,16.8,17.95471735,20.98279258,58.06418837,-1.847705733,11.64581291,32.22662911,
1081,46252,0,CIAT 20891,Cajanus,cajan,Cajanus cajan,Fabaceas,Fabales,Arbustivas,F263384,41,98,1,1,145,0.5003,474.5397021,174.0397021,0.358969907,41,0.723055556,69,17.5,40.5,0.387071759,70,19.2,,28,29.5,26.89374155,27.72998649,54.62372804,4.706404772,5.324157406,10.03056218,115.1088682,36.67547758,3.186155693,17.5,18.36301281,21.13745622,57.63375861,-1.855635766,11.7316539,31.98773315,
1082,46252,0,CIAT 20891,Cajanus,cajan,Cajanus cajan,Fabaceas,Fabales,Arbustivas,F263384,41,98,1,2,146,0.5005,474.7294041,172.3294041,0.359027778,41.5,0.723425926,71,17.3,40.5,0.387418981,70.5,19,,29.5,30,28.39374155,28.22998649,56.62372804,4.912117289,5.363697433,10.27581472,119.275797,36.30055409,3.043413249,17.3,18.14754181,21.64562513,59.62891112,-1.704248247,12.01369644,33.09507731,
1083,46252,0,CIAT 15551,Centrosema ,molle,Centrosema molle,Fabaceas,Fabales,Trepadoras,F263385,41,98,1,1,147,0.5001,475.5024593,176.1024593,0.359837963,40.5,0.723738426,69.5,17.2,40,0.387696759,67,17.4,,29,27,27.89374155,25.22998649,53.12372804,4.797723547,4.390017649,9.187741196,111.7212477,37.03502597,3.31494919,17.2,17.29498575,19.32217388,52.17270238,-6.549590271,10.72414079,28.95675247,
1084,46252,0,CIAT 15551,Centrosema ,molle,Centrosema molle,Fabaceas,Fabales,Trepadoras,F263385,41,98,1,2,148,0.5002,475.5975407,173.5975407,0.359386574,41,0.723900463,71.5,16.4,40,0.387997685,67,16.7,,30.5,27,29.39374155,25.22998649,54.62372804,4.820573615,4.213407743,9.033981358,114.8528396,36.50093322,3.178061018,16.4,16.53856608,18.99501277,52.03980033,-3.992155492,10.54256072,28.88298953,
1085,46252,0,CIAT 13953,Desmodium,velutinum,Desmodium velutinum,Fabaceas,Fabales,Arbustivas,F263386,41,98,1,1,149,0.5006,470.5494563,216.6494563,0.359803241,41,0.72412037,72,16.8,41,0.388310185,73.5,17.8,,31,32.5,29.89374155,30.72998649,60.62372804,5.022148581,5.469937595,10.49208618,128.8360389,46.04180356,3.573674258,16.8,17.30689701,22.29752056,48.42885994,4.845957885,12.37550968,26.87885513,
1086,46252,0,CIAT 13953,Desmodium,velutinum,Desmodium velutinum,Fabaceas,Fabales,Arbustivas,F263386,41,98,1,2,150,0.5003,470.2674651,226.3674651,0.359560185,41,0.724513889,73.5,17.3,41,0.388541667,73,18.3,,32.5,32,31.39374155,30.22998649,61.62372804,5.431117289,5.532087527,10.96320482,131.0397436,48.13589752,3.673381541,17.3,17.79055757,23.31270103,48.43100935,1.838831416,12.9389524,26.8800481,
1087,46252,0,CIAT 15551,Centrosema ,molle,Centrosema molle,Fabaceas,Fabales,Trepadoras,F263387,41,98,1,1,151,0.5003,473.9631212,138.9631212,0.360127315,41.5,0.72474537,67,16.8,40,0.388900463,64.5,17.3,,25.5,24.5,24.39374155,22.72998649,47.12372804,4.098148581,3.932287662,8.030436244,99.42488337,29.31939532,2.948899142,16.8,17.04117347,16.94316685,57.78825472,-2.220410758,9.403750737,32.07348117,
1088,46252,0,CIAT 15551,Centrosema ,molle,Centrosema molle,Fabaceas,Fabales,Trepadoras,F263387,41,98,1,2,152,0.5001,473.7736496,159.2736496,0.360266204,40.5,0.724884259,65.5,17.2,40.5,0.389178241,65,16.7,,25,24.5,23.89374155,22.72998649,46.62372804,4.109723547,3.795907743,7.905631291,98.40928908,33.61808951,3.416150023,17.2,16.95624014,16.68651538,49.63552546,2.944179502,9.26130473,27.54857538,
1089,46252,0,Sample 8,Cynodon, nlemfuensis ,Cynodon nlemfuensis ,Poaceae,Poales,grasses,F250008,41,98,1,1,153,0.5004,469.029603,138.129603,0.360486111,41,0.725231481,64.5,16.9,40.5,0.389571759,78.5,17.6,,23.5,38,22.39374155,36.22998649,58.62372804,3.784542323,6.376477622,10.16101994,124.9893987,29.45008206,2.356206396,16.9,17.33260624,21.66392032,73.56149389,1.404970977,12.02385058,40.8279018,
1090,46252,0,Sample 8,Cynodon, nlemfuensis ,Cynodon nlemfuensis ,Poaceae,Poales,grasses,F250008,41,98,1,2,154,0.5005,469.1233339,159.4233339,0.360509259,41.5,0.725590278,64,16.7,40.5,0.389849537,77.5,17.7,,22.5,37,21.39374155,35.22998649,56.62372804,3.57275484,6.235707608,9.808462448,120.7011546,33.98324542,2.815486359,16.7,17.32217709,20.90806775,61.52463512,0.743461899,11.60433933,34.14723693,
1091,46252,0,BLANK 24 H,0,0,BLANK 24 H,0,0,0,BLANK 24 H,41,98,1,1,155,0,0,0,0.360578704,40,0.72587963,41,0,40,0.390081019,41.5,0,,1,1.5,,,,,,,,,,,,,,,,,
1092,46252,0,BLANK 24 H,0,0,BLANK 24 H,0,0,0,BLANK 24 H,41,98,1,2,156,0,0,0,0.360821759,39.5,0.726168981,40.5,0,40,0.39037037,41,0,,1,1,,,,,,,,,,,,,,,,,
1093,46258,0,BLANK 24 H,0,0,BLANK 24 H,0,0,0,BLANK 24 H,41,99,2,1,1,0,0,0,0.324560185,40,0.659710648,42.5,0,40,0.365046296,44,0,,2.5,4,,,,,,,,,,,,,,,,,
1094,46258,0,BLANK 24 H,0,0,BLANK 24 H,0,0,0,BLANK 24 H,41,99,2,2,2,0,0,0,0.326261574,40,0.659861111,42,0,39,0.367060185,35,0,,2,,,,,,,,,,,,,,,,,,
1095,46258,0,CIAT-BR15_3013,Urochloa,interespecifico,Urochloa interespecifico,Poaceae,Poales,grasses,F262959,41,99,2,1,3,0.5004,469.0108899,223.9108899,0.324895833,40.5,0.660138889,76.5,15.3,40.5,0.367893519,95,18.2,,36,54.5,34.37748761,53.61499324,87.99248086,5.259755605,9.75792877,15.01768438,187.6128737,47.74108548,2.544659358,15.3,17.06700871,32.01990551,67.06991511,0.759586409,17.77160153,37.22496327,
1096,46258,0,CIAT-BR15_3013,Urochloa,interespecifico,Urochloa interespecifico,Poaceae,Poales,grasses,F262959,41,99,2,2,4,0.5001,468.7297083,250.9297083,0.325092593,40.5,0.66037037,76.5,16.4,40.5,0.36806713,94.5,17.9,,36,54,34.37748761,53.11499324,87.49248086,5.637907969,9.507583791,15.14549176,186.6587061,53.53398853,2.868014552,16.4,17.31062099,32.31178117,60.35750754,0.528375228,17.93359757,33.49946093,
1097,46258,0,CIAT-BR15_3017,Urochloa,interespecifico,Urochloa interespecifico,Poaceae,Poales,grasses,F262960,41,99,2,1,5,0.5001,467.603249,238.903249,0.325277778,40.5,0.660891204,79.5,15.8,40.5,0.368865741,95,17.9,,39,54.5,37.37748761,53.61499324,90.99248086,5.905643043,9.597083791,15.50272683,194.5933461,51.09101563,2.625527371,15.8,17.03737132,33.15359093,64.89123483,0.61691564,18.40081656,36.01575802,
1098,46258,0,CIAT-BR15_3017,Urochloa,interespecifico,Urochloa interespecifico,Poaceae,Poales,grasses,F262960,41,99,2,2,6,0.5002,467.696751,245.796751,0.325543981,41,0.661412037,79.5,15.8,40.5,0.369143519,97.5,17.8,,38.5,57,36.87748761,56.11499324,92.99248086,5.826643043,9.988468797,15.81511184,198.8307181,52.55472707,2.643189521,15.8,17.00687163,33.81488498,64.34223308,0.577824785,18.7678462,35.71105254,
1099,46258,0,CIAT-BR15_3186,Urochloa,interespecifico,Urochloa interespecifico,Poaceae,Poales,grasses,F262961,41,99,2,1,7,0.5003,464.3070214,257.1070214,0.325763889,41,0.661701389,81.5,15.1,41,0.369594907,95,17.8,,40.5,54,38.87748761,53.11499324,91.99248086,5.87050063,9.454468797,15.32496943,198.1285585,55.37435567,2.794869962,15.1,16.658937,33.00611173,59.60541,0.498142549,18.31896305,33.08203379,
1100,46258,0,CIAT-BR15_3186,Urochloa,interespecifico,Urochloa interespecifico,Poaceae,Poales,grasses,F262961,41,99,2,2,8,0.5003,464.3070214,257.9070214,0.325960648,41,0.662048611,80.5,15.1,40.5,0.370081019,96,17.6,,39.5,55.5,37.87748761,54.61499324,92.49248086,5.71950063,9.612238811,15.33173944,199.2054322,55.54665545,2.78841068,15.1,16.5762009,33.02069263,59.44677022,0.494069492,18.3270557,32.99398596,
1101,46258,0,CIAT-BR15_3234,Urochloa,interespecifico,Urochloa interespecifico,Poaceae,Poales,grasses,F262962,41,99,2,1,9,0.5004,465.5075849,190.3075849,0.326168981,40.5,0.662384259,75.5,15.2,40.5,0.370439815,93,17.2,,35,52.5,33.37748761,51.61499324,84.99248086,5.073378117,8.877778838,13.95115696,182.5802277,40.88173664,2.239110836,15.2,16.41457787,29.96977366,73.30846516,1.351797728,16.63374289,40.68746647,
1102,46258,0,CIAT-BR15_3234,Urochloa,interespecifico,Urochloa interespecifico,Poaceae,Poales,grasses,F262962,41,99,2,2,10,0.5001,465.2285036,253.0285036,0.326400463,40.5,0.662858796,75.5,15.6,40.5,0.370798611,94.5,17,,.,.,.,.,.,.,.,.,.,.,.,.,.,.,.,.,.,.,
1103,46258,0,CIAT-BR15_3280,Urochloa,interespecifico,Urochloa interespecifico,Poaceae,Poales,grasses,F262963,41,99,2,1,11,0.5003,464.3928229,214.9928229,0.32662037,41,0.663125,79,15.5,40.5,0.371168981,95.5,17.2,,38,55,36.37748761,54.11499324,90.49248086,5.63851058,9.307778838,14.94628942,194.8619281,46.29546631,2.375808695,15.5,16.5166092,32.18458314,69.51994592,0.785724158,17.86300047,38.58477275,
1104,46258,0,CIAT-BR15_3280,Urochloa,interespecifico,Urochloa interespecifico,Poaceae,Poales,grasses,F262963,41,99,2,2,12,0.5001,464.2071771,231.9071771,0.326840278,41,0.663541667,79.5,15.6,40.5,0.371446759,95,17.3,0,38.5,54.5,36.87748761,53.61499324,90.49248086,5.752888068,9.275393831,15.0282819,194.9398573,49.95768884,2.562723167,15.6,16.60721615,32.37408347,64.80300474,0.612290985,17.96817643,35.96678879,
1105,46258,0,CIAT-BR15_3294,Urochloa,interespecifico,Urochloa interespecifico,Poaceae,Poales,grasses,F262964,41,99,2,1,13,0.5002,464.1714107,226.7714107,0.327037037,40.5,0.663796296,78.5,15.5,40.5,0.371759259,95,17.9,,38,54.5,36.37748761,53.61499324,89.99248086,5.63851058,9.597083791,15.23559437,193.87769,48.85510083,2.519892868,15.5,16.92985261,32.82320716,67.18481101,0.692133024,18.21744785,37.28873248,
1106,46258,0,CIAT-BR15_3294,Urochloa,interespecifico,Urochloa interespecifico,Poaceae,Poales,grasses,F262964,41,99,2,2,14,0.5003,464.2642079,244.0642079,0.327222222,40.5,0.664074074,78.5,15.8,40,0.372037037,93,17.9,,38,53,36.37748761,52.11499324,88.49248086,5.747643043,9.328583791,15.07622683,190.6080188,52.57011067,2.758021987,15.8,17.03673203,32.4733774,61.77155989,0.544714579,18.02328628,34.28428445,
1107,46258,0,CIAT-BR15_3571,Urochloa,interespecifico,Urochloa interespecifico,Poaceae,Poales,grasses,F262965,41,99,2,1,15,0.5,467.475,215.075,0.327430556,40.5,0.664444444,75,15.8,40.5,0.372349537,95,17.2,0,34.5,54.5,32.87748761,53.61499324,86.49248086,5.194643043,9.221778838,14.41642188,185.0205484,46.0078079,2.486632339,15.8,16.66783255,30.8389152,67.02974256,0.809341593,17.11613148,37.2026668,
1108,46258,0,CIAT-BR15_3571,Urochloa,interespecifico,Urochloa interespecifico,Poaceae,Poales,grasses,F262965,41,99,2,2,16,0.5001,467.568495,210.068495,0.327604167,40.5,0.664780093,76.5,15.7,40.5,0.37275463,95,17.3,,36,54.5,34.37748761,53.61499324,87.99248086,5.397265555,9.275393831,14.67265939,188.1916378,44.9278549,2.387345975,15.7,16.67490136,31.38076997,69.84702483,0.907477811,17.41687025,38.76630721,
1109,46258,0,CIAT-BR15_3597,Urochloa,interespecifico,Urochloa interespecifico,Poaceae,Poales,grasses,F262966,41,99,2,1,17,0.5001,469.3984652,259.4984652,0.327777778,40.5,0.665127315,80.5,15.6,40.5,0.373229167,94.5,17.5,,40,54,38.37748761,53.11499324,91.49248086,5.986888068,9.295123818,15.28201189,194.9143162,55.28319422,2.836281875,15.6,16.70302493,32.55658682,58.89056753,0.494261692,18.06946895,32.68528385,
1110,46258,0,CIAT-BR15_3597,Urochloa,interespecifico,Urochloa interespecifico,Poaceae,Poales,grasses,F262966,41,99,2,2,18,0.5004,469.6800479,266.7800479,0.328020833,41,0.665474537,81,15.6,41,0.373576389,93,17.4,,40,52,38.37748761,51.11499324,89.49248086,5.986888068,8.894008824,14.88089689,190.5392432,56.80037913,2.981033103,15.6,16.62809741,31.68305096,55.77964697,0.447374846,17.58464143,30.95866912,
1111,46281,0,CIAT-BR15_361,Urochloa,interespecifico,Urochloa interespecifico,Poaceae,Poales,grasses,F262967,41,105,2,1,109,0.5002,468.3920436,271.5920436,0.326689815,40.5,0.668032407,79.5,15.8,40,0.349305556,94,16.9,,39,54,37.37748761,53.11499324,90.49248086,5.905643043,8.976433858,14.8820769,193.1981597,57.98391482,3.001266415,15.8,16.44565025,31.77269363,54.79570279,0.394908062,17.63439467,30.41256307,
1112,46281,0,CIAT-BR15_361,Urochloa,interespecifico,Urochloa interespecifico,Poaceae,Poales,grasses,F262967,41,104,2,2,110,0.5002,468.3920436,266.3920436,0.326793981,40.5,0.66869213,79.5,15.5,40,0.35,94,16,,39,54,37.37748761,53.11499324,90.49248086,5.79351058,8.498398919,14.2919095,193.1981597,56.87373371,2.943803077,15.5,15.79347738,30.51270766,53.64991126,0.396574709,16.93508066,29.77662895,
1113,46281,0,CIAT-BR15_3726,Urochloa,interespecifico,Urochloa interespecifico,Poaceae,Poales,grasses,F262968,41,105,2,1,21,0.5003,476.2915941,260.3915941,0.327083333,40.5,0.669131944,86.5,15.5,40.5,0.350694444,92.5,16.8,,46,52,44.37748761,51.11499324,95.49248086,6.87851058,8.587318865,15.46582945,200.4916359,54.67062558,2.726828246,15.5,16.19586098,32.47134662,59.3945035,0.535860039,18.02215916,32.96497703,
1114,46281,0,CIAT-BR15_3726,Urochloa,interespecifico,Urochloa interespecifico,Poaceae,Poales,grasses,F262968,41,105,2,2,22,0.5002,476.1963929,289.5963929,0.327210648,40.5,0.66931713,88,15,40.5,0.350694444,93,16.8,,47.5,52.5,45.87748761,51.61499324,97.49248086,6.881623142,8.671318865,15.55294201,204.731666,60.81448688,2.970448493,15,15.95296568,32.6607724,53.70557918,0.403934196,18.12729375,29.80752561,
1115,46258,0,CIAT-BR15_378,Urochloa,interespecifico,Urochloa interespecifico,Poaceae,Poales,grasses,F262969,41,99,2,1,23,0.5003,475.7164266,256.1164266,0.329050926,41,0.667523148,77,15.4,41,0.375335648,94,18.1,,36,53,34.37748761,52.11499324,86.49248086,5.294133093,9.432813777,14.72694687,181.8152076,53.83804558,2.961140946,15.4,17.02685219,30.95740665,57.50098526,0.50446005,17.18189629,31.91404164,
1116,46258,0,CIAT-BR15_378,Urochloa,interespecifico,Urochloa interespecifico,Poaceae,Poales,grasses,F262969,41,99,2,2,24,0.5002,475.6213404,246.2213404,0.329305556,40.5,0.667928241,76.5,15.4,40.5,0.375925926,96,17.6,,36,55.5,34.37748761,54.61499324,88.99248086,5.294133093,9.612238811,14.9063719,187.1078383,51.76835425,2.766765664,15.4,16.75014761,31.34083911,60.54053593,0.572906771,17.39470793,33.60104486,
1117,46258,0,CIAT-BR15_3810,Urochloa,interespecifico,Urochloa interespecifico,Poaceae,Poales,grasses,F262970,41,99,2,1,25,0.5004,473.8103861,204.1103861,0.329409722,40.5,0.6684375,78.5,15.4,41,0.376296296,93.5,17.5,,38,52.5,36.37748761,51.61499324,87.99248086,5.602133093,9.032623818,14.63475691,185.7124357,43.07849555,2.319634406,15.4,16.63182668,30.88737043,71.70020689,1.387836499,17.14302497,39.79485531,
1118,46258,0,CIAT-BR15_3810,Urochloa,interespecifico,Urochloa interespecifico,Poaceae,Poales,grasses,F262970,41,99,2,2,26,0.5003,473.7156998,211.6156998,0.329479167,40,0.668680556,79,15.2,40,0.376608796,94.5,17.2,,39,54.5,37.37748761,53.61499324,90.99248086,5.681378117,9.221778838,14.90315696,192.0824682,44.67145587,2.325639413,15.2,16.37844887,31.46012886,70.42557321,1.142141615,17.46091581,39.08741157,
1119,46258,0,CIAT-BR15_395,Urochloa,interespecifico,Urochloa interespecifico,Poaceae,Poales,grasses,F262971,41,99,2,1,27,0.5004,469.8786521,235.3786521,0.329675926,41,0.669039352,79,15,41,0.377025463,96.5,17.9,,38,55.5,36.37748761,54.61499324,90.99248086,5.456623142,9.776083791,15.23270693,193.6510213,50.09349777,2.586792336,15,16.74062163,32.41838475,64.71575393,0.594724132,17.99276441,35.91836308,
1120,46258,0,CIAT-BR15_395,Urochloa,interespecifico,Urochloa interespecifico,Poaceae,Poales,grasses,F262971,41,99,2,2,28,0.5001,469.5969503,266.8969503,0.329768519,40.5,0.669363426,78,15.5,40.5,0.377372685,97,18,,37.5,56.5,35.87748761,55.61499324,91.49248086,5.56101058,10.01069878,15.57170936,194.8319315,56.83532445,2.917146281,15.5,17.01966021,33.15973273,58.34352677,0.436647958,18.40422536,32.38166676,
1121,46258,0,CIAT-BR15_4368,Urochloa,interespecifico,Urochloa interespecifico,Poaceae,Poales,grasses,F262972,41,99,2,1,29,0.5001,467.4951002,249.1951002,0.330266204,40,0.669733796,75.5,15,41,0.377800926,97.5,16.9,,35.5,56.5,33.87748761,55.61499324,89.49248086,5.081623142,9.398933858,14.480557,191.4297729,53.30432342,2.784536732,15,16.18075269,30.97477812,58.10931672,0.494661917,17.19153775,32.25167613,
1122,46258,0,CIAT-BR15_4368,Urochloa,interespecifico,Urochloa interespecifico,Poaceae,Poales,grasses,F262972,41,99,2,2,30,0.5006,467.9625018,223.4625018,0.330289352,40,0.670069444,75,15.4,40,0.378148148,96,16.9,,35,56,33.37748761,55.11499324,88.49248086,5.140133093,9.314433858,14.45456695,189.1016492,47.75222393,2.525214568,15.4,16.3342318,30.88830172,64.68453023,0.692789267,17.14354186,35.90103338,
1123,46258,0,CIAT-BR15_4442,Urochloa,interespecifico,Urochloa interespecifico,Poaceae,Poales,grasses,F262973,41,99,2,1,31,0.5001,465.9517438,236.3517438,0.330300926,41,0.670428241,75.5,14.4,40.5,0.378530093,95,17,,34.5,54.5,32.87748761,53.61499324,86.49248086,4.734358216,9.114548851,13.84890707,185.6254044,50.72451106,2.732627639,14.4,16.01168903,29.72176251,58.59447807,0.612181362,16.49609241,32.52094907,
1124,46258,0,CIAT-BR15_4442,Urochloa,interespecifico,Urochloa interespecifico,Poaceae,Poales,grasses,F262973,41,99,2,2,32,0.5001,465.9517438,253.1517438,0.330381944,40,0.670775463,75,15,40,0.379074074,95.5,17,,35,55.5,33.37748761,54.61499324,87.99248086,5.006623142,9.284548851,14.29117199,188.8446219,54.33003464,2.876970183,15,16.24135591,30.67092716,56.45298657,0.505273768,17.02289521,31.33238424,
1125,46281,0,CIAT-BR15_4483,Urochloa,interespecifico,Urochloa interespecifico,Poaceae,Poales,grasses,F262974,41,105,2,1,33,0.5001,470.8793909,257.5793909,0.328206019,40.5,0.671319444,80,15.8,40,0.352777778,92,15.7,,39.5,52,37.87748761,51.11499324,88.99248086,5.984643043,8.025053939,14.00969698,188.9920914,54.70177627,2.894394992,15.8,15.74256257,29.75219823,54.38982107,0.474376195,16.51298476,30.1872917,
1126,46281,0,CIAT-BR15_4483,Urochloa,interespecifico,Urochloa interespecifico,Poaceae,Poales,grasses,F262974,41,105,2,2,34,0.5003,471.067705,247.267705,0.328229167,40.5,0.671851852,80.5,14.8,40.5,0.353472222,91,15.7,,40,50.5,38.37748761,49.61499324,87.99248086,5.679868167,7.789553939,13.46942211,186.7937027,52.49090574,2.810100392,14.8,15.30746943,28.59338894,54.47303402,0.516196489,15.86982556,30.23347632,
1127,46258,0,CIAT-BR15_503,Urochloa,interespecifico,Urochloa interespecifico,Poaceae,Poales,grasses,F262975,41,99,2,1,35,0.5004,468.7512961,254.8512961,0.330856481,40.5,0.671979167,79.5,15.4,40.5,0.380474537,96.5,18.1,,39,56,37.37748761,55.11499324,92.49248086,5.756133093,9.975813777,15.73194687,197.3167469,54.36812617,2.755373126,15.4,17.00889275,33.56139386,61.72990724,0.594007212,18.62715424,34.26116651,
1128,46258,0,CIAT-BR15_503,Urochloa,interespecifico,Urochloa interespecifico,Poaceae,Poales,grasses,F262975,41,99,2,2,36,0.5004,468.7512961,265.4512961,0.330972222,41,0.672361111,78,15.9,40.5,0.380752315,94,18,,37,53.5,35.37748761,52.61499324,87.99248086,5.625020531,9.470698784,15.09571931,187.7167735,56.62945325,3.016749767,15.9,17.15569236,32.20411216,56.86813188,0.501060054,17.87383941,31.56279707,
1129,46258,0,CIAT-BR15_5152,Urochloa,interespecifico,Urochloa interespecifico,Poaceae,Poales,grasses,F262976,41,99,2,1,37,0.5002,471.81365,229.71365,0.331134259,41,0.67275463,80.5,15.6,41,0.381168981,95,18,,39.5,54,37.87748761,53.11499324,90.99248086,5.908888068,9.560698784,15.46958685,192.8568215,48.68736841,2.524534421,15.6,17.00095074,32.78749322,67.3429152,0.801640504,18.197626,37.37648304,
1130,46258,0,CIAT-BR15_5152,Urochloa,interespecifico,Urochloa interespecifico,Poaceae,Poales,grasses,F262976,41,99,2,2,38,0.5003,471.907975,258.507975,0.331296296,41,0.673136574,80.5,16,40.5,0.381458333,94,17.9,,39.5,53.5,37.87748761,52.61499324,90.49248086,6.060398018,9.418083791,15.47848181,191.7587446,54.779319,2.856679058,16,17.10471595,32.79978858,59.87622552,0.535984423,18.20445013,33.23234108,
1131,46258,0,CIAT-BR15_5232,Urochloa,interespecifico,Urochloa interespecifico,Poaceae,Poales,grasses,F262977,41,99,2,1,39,0.5002,469.1468959,197.1468959,0.331400463,41,0.673738426,73,14.6,40,0.381840278,97,17.8,,32,57,30.37748761,56.11499324,86.49248086,4.435113192,9.988468797,14.42358199,184.3611918,42.0224236,2.279353002,14.6,16.67611085,30.74427672,73.16159821,0.92157099,17.06360549,40.60595278,
1132,46258,0,CIAT-BR15_5232,Urochloa,interespecifico,Urochloa interespecifico,Poaceae,Poales,grasses,F262977,41,99,2,2,40,0.5002,469.1468959,218.8468959,0.33162037,40.5,0.674074074,72.5,14.4,40.5,0.38212963,95,17.8,,32,54.5,30.37748761,53.61499324,83.99248086,4.374358216,9.543468797,13.91782701,179.0323704,46.64784054,2.605553422,14.4,16.57032495,29.66624555,63.59618195,0.62187604,16.46527954,35.29698126,
1133,46258,0,CIAT-BR15_58,Urochloa,interespecifico,Urochloa interespecifico,Poaceae,Poales,grasses,F262978,41,99,2,1,41,0.5001,465.021485,262.821485,0.331736111,41,0.674398148,83.5,15.4,40,0.382719907,99,17.6,,42.5,59,40.87748761,58.11499324,98.99248086,6.295133093,10.22823881,16.5233719,212.8772198,56.51813808,2.654964122,15.4,16.69154239,35.53249137,62.86918249,0.540361796,19.72114746,34.89348399,
1134,46258,0,CIAT-BR15_58,Urochloa,interespecifico,Urochloa interespecifico,Poaceae,Poales,grasses,F262978,41,99,2,2,42,0.5003,465.2074564,227.4074564,0.331875,40.5,0.674756944,82,15.4,40,0.382986111,97.5,17.3,,41.5,57.5,39.87748761,56.61499324,96.49248086,6.141133093,9.794393831,15.93552692,207.4181734,48.88302053,2.356737586,15.4,16.51478621,34.2546679,70.07477756,0.866608406,19.01193333,38.89271391,
1135,46258,0,CIAT-BR15_60,Urochloa,interespecifico,Urochloa interespecifico,Poaceae,Poales,grasses,F262979,41,99,2,1,43,0.5001,471.5750339,240.5750339,0.332037037,40,0.675381944,78.5,15.6,40.5,0.383321759,78.5,18.5,,38.5,38,36.87748761,37.11499324,73.99248086,5.752888068,6.86627375,12.61916182,156.9050004,51.01521849,3.25134434,15.6,17.0546543,26.75960539,52.45416208,0.516372465,14.85204396,29.11296747,
1136,46258,0,CIAT-BR15_60,Urochloa,interespecifico,Urochloa interespecifico,Poaceae,Poales,grasses,F262979,41,99,2,2,44,0.5004,471.8579223,240.6579223,0.3321875,40.5,0.67587963,77.5,16.2,40,0.38375,97.5,17.6,,37,57.5,35.37748761,56.61499324,91.99248086,5.731152993,9.964238811,15.6953918,194.9580086,51.00220022,2.616060792,16.2,17.06160292,33.26296129,65.21867909,0.642779099,18.461519,36.19749525,
1137,46258,0,CIAT-BR15_6346,Urochloa,interespecifico,Urochloa interespecifico,Poaceae,Poales,grasses,F262980,41,99,2,1,45,0.5001,472.1013971,227.3013971,0.332418981,41,0.676412037,79.5,15.1,40.5,0.383969907,94.5,17,,38.5,54,36.87748761,53.11499324,89.99248086,5.56850063,9.029548851,14.59804948,190.6210857,48.14673256,2.525782098,15.1,16.22141021,30.92142826,64.22331613,0.65854645,17.16192766,35.64505158,
1138,46258,0,CIAT-BR15_6346,Urochloa,interespecifico,Urochloa interespecifico,Poaceae,Poales,grasses,F262980,41,99,2,2,46,0.5001,472.1013971,249.8013971,0.33244213,40.5,0.676967593,79.5,14.9,40,0.384305556,96.5,16.7,,39,56.5,37.37748761,55.61499324,92.99248086,5.569245654,9.287703872,14.85694953,196.9756528,52.91265788,2.686253714,14.9,15.97650626,31.46982749,59.47504578,0.506702763,17.46629872,33.00967939,
1139,46258,0,CIAT-BR15_6401,Urochloa,interespecifico,Urochloa interespecifico,Poaceae,Poales,grasses,F262981,41,99,2,1,47,0.5001,473.1014221,245.6014221,0.332615741,40.5,0.6775,80,15.2,40.5,0.384710648,90.5,17.4,,39.5,50,37.87748761,49.11499324,86.99248086,5.757378117,8.546008824,14.30338694,183.8770226,51.91305936,2.823248856,15.2,16.44209569,30.23323599,58.23820897,0.566955971,16.77996904,32.32321356,
1140,46258,0,CIAT-BR15_6401,Urochloa,interespecifico,Urochloa interespecifico,Poaceae,Poales,grasses,F262981,41,99,2,2,48,0.5002,473.1960234,273.1960234,0.3328125,41,0.677824074,80.5,15.5,40.5,0.384965278,92,17.2,,39.5,51.5,37.87748761,50.61499324,88.49248086,5.87101058,8.705778838,14.57678942,187.0101955,57.73421794,3.087223014,15.5,16.47234802,30.80497024,53.35652121,0.425228981,17.09729144,29.61379239,
1141,46258,0,CIAT-BR15_6402,Urochloa,interespecifico,Urochloa interespecifico,Poaceae,Poales,grasses,F262982,41,99,2,1,49,0.5,473.9340968,248.4340968,0.332986111,41,0.678171296,81.5,15.2,40.5,0.385428241,93.5,17.6,0,40.5,53,38.87748761,52.11499324,90.99248086,5.909378117,9.172238811,15.08161693,191.9939533,52.41954492,2.730270616,15.2,16.57457494,31.82218167,60.70671105,0.710623811,17.66186139,33.69327492,
1142,46258,0,CIAT-BR15_6402,Urochloa,interespecifico,Urochloa interespecifico,Poaceae,Poales,grasses,F262982,41,99,2,2,50,0.5002,474.1236704,274.6236704,0.333101852,40.5,0.678668981,81.5,15.6,40.5,0.385787037,93.5,17.6,,41,53,39.37748761,52.11499324,91.49248086,6.142888068,9.172238811,15.31512688,192.9717636,57.9223708,3.00159825,15.6,16.73921915,32.30196642,55.76768695,0.504885499,17.92815022,30.95203109,
1143,46258,0,CIAT-BR15_6434,Urochloa,interespecifico,Urochloa interespecifico,Poaceae,Poales,grasses,F262983,41,99,2,1,51,0.5,470.8793593,261.9793593,0.333217593,41,0.678923611,78,15.7,40.5,0.38775463,96,17.6,,37,55.5,35.37748761,54.61499324,89.99248086,5.554265555,9.612238811,15.16650437,191.1157902,55.63619516,2.911124983,15.7,16.85307953,32.20889612,57.89198206,0.475513654,17.87649459,32.13105163,
1144,46258,0,CIAT-BR15_6434,Urochloa,interespecifico,Urochloa interespecifico,Poaceae,Poales,grasses,F262983,41,99,2,2,52,0.5002,471.067711,276.067711,0.333333333,41,0.679293981,78.5,15.9,40.5,0.387777778,96,17.3,,37.5,55.5,35.87748761,54.61499324,90.49248086,5.704520531,9.448393831,15.15291436,192.100793,58.60467711,3.050725413,15.9,16.74494303,32.16716834,54.88839787,0.415694418,17.85333496,30.46401044,
1145,46258,0,CIAT-BR15_6504,Urochloa,interespecifico,Urochloa interespecifico,Poaceae,Poales,grasses,F262984,41,99,2,1,53,0.5003,467.3349564,236.7349564,0.33349537,41,0.67974537,77.5,16,40.5,0.388240741,94,17,,36.5,53.5,34.87748761,52.61499324,87.49248086,5.580398018,8.944548851,14.52494687,187.2157853,50.65637679,2.705774875,16,16.60136589,31.08037751,61.35531098,0.734042975,17.25014724,34.0532591,
1146,46258,0,CIAT-BR15_6504,Urochloa,interespecifico,Urochloa interespecifico,Poaceae,Poales,grasses,F262984,41,99,2,2,54,0.5003,467.3349564,260.4349564,0.33380787,40,0.680266204,77.5,15.6,40,0.388449074,92,16.5,,37.5,52,35.87748761,51.11499324,86.99248086,5.596888068,8.433973885,14.03086195,186.1458889,55.72768586,2.993763988,15.6,16.1288215,30.02313814,53.87472614,0.50053988,16.6633611,29.90140509,
1147,46258,0,CIAT-BR15_6508,Urochloa,interespecifico,Urochloa interespecifico,Poaceae,Poales,grasses,F262985,41,99,2,1,55,0.5,479.8799837,237.9799837,0.333831019,40.5,0.680451389,76.5,15.3,40,0.388796296,92,17.1,,36,52,34.37748761,51.11499324,85.49248086,5.259755605,8.740663845,14.00041945,178.1538796,49.59156285,2.783636424,15.3,16.37619977,29.17483522,58.83023955,0.739946524,16.1925383,32.65180077,
1148,46258,0,CIAT-BR15_6508,Urochloa,interespecifico,Urochloa interespecifico,Poaceae,Poales,grasses,F262985,41,99,2,2,56,0.5001,479.9759597,256.8759597,0.334039352,41,0.680810185,76.5,15.3,40,0.389236111,93.5,17.3,,35.5,53.5,33.87748761,52.61499324,86.49248086,5.183255605,9.102393831,14.28564944,180.2016937,53.51850536,2.969922439,15.3,16.51663739,29.76326032,55.61302604,0.566057038,16.51912441,30.86619161,
1149,46258,0,CIAT-BR15_6543,Urochloa,interespecifico,Urochloa interespecifico,Poaceae,Poales,grasses,F262986,41,99,2,1,57,0.5003,480.6411734,272.3411734,0.334189815,40.5,0.681122685,77.5,16.1,40,0.389699074,91.5,17.9,,37,51.5,35.37748761,50.61499324,85.99248086,5.695775506,9.060083791,14.7558593,178.9120151,56.66205653,3.16703473,16.1,17.15947621,30.70036467,54.18152207,0.556055302,17.03923354,30.07168215,
1150,46258,0,CIAT-BR15_6543,Urochloa,interespecifico,Urochloa interespecifico,Poaceae,Poales,grasses,F262986,41,99,2,2,58,0.5004,480.737244,287.337244,0.334293981,41.5,0.681527778,79,15.7,40.5,0.39,92,18,,37.5,51.5,35.87748761,50.61499324,86.49248086,5.632765555,9.110698784,14.74346434,179.9163305,59.7701234,3.322106629,15.7,17.04594919,30.66844627,51.31066246,0.463554507,17.02151828,28.4783054,
1151,46258,0,CIAT-BR15_6571,Urochloa,interespecifico,Urochloa interespecifico,Poaceae,Poales,grasses,F262987,41,99,2,1,59,0.5006,482.8313703,260.5313703,0.334467593,41,0.68224537,80,15.4,40.5,0.390347222,93.5,17.3,,39,53,37.37748761,52.11499324,89.49248086,5.756133093,9.015893831,14.77202692,185.3493505,53.95908102,2.91120961,15.4,16.50644477,30.59458816,56.69960938,0.614223735,16.98052575,31.46926417,
1152,46258,0,CIAT-BR15_6571,Urochloa,interespecifico,Urochloa interespecifico,Poaceae,Poales,grasses,F262987,41,99,2,2,60,0.5003,482.5420187,263.4420187,0.334606481,41,0.682858796,80.5,15.4,40.5,0.390717593,91.5,17.5,,39.5,51,37.87748761,50.11499324,87.99248086,5.833133093,8.770123818,14.60325691,182.3519558,54.59462772,2.993915117,15.4,16.59602817,30.26318195,55.43252737,0.581841922,16.79658957,30.76601173,
1153,46258,0,CIAT-BR15_6590,Urochloa,interespecifico,Urochloa interespecifico,Poaceae,Poales,grasses,F262988,41,99,2,1,61,0.5002,483.6458656,255.3458656,0.33474537,41,0.683310185,82.5,15.4,40.5,0.391076389,94.5,17.5,,41.5,54,39.87748761,53.11499324,92.99248086,6.141133093,9.295123818,15.43625691,192.2739084,52.79604019,2.745876475,15.4,16.59946779,31.9164455,60.45234715,0.810934191,17.71417944,33.55209856,
1154,46258,0,CIAT-BR15_6590,Urochloa,interespecifico,Urochloa interespecifico,Poaceae,Poales,grasses,F262988,41,99,2,2,62,0.5003,483.7425561,258.9425561,0.334837963,40.5,0.683888889,83.5,15.4,40.5,0.3915625,92,17.6,,43,51.5,41.37748761,50.61499324,91.99248086,6.372133093,8.908238811,15.2803719,190.1682614,53.52900067,2.814823056,15.4,16.61045746,31.58781817,59.01066296,0.753011933,17.53178559,32.75193889,
1155,46258,0,CIAT-BR15_6758,Urochloa,interespecifico,Urochloa interespecifico,Poaceae,Poales,grasses,F262989,41,99,2,1,63,0.5003,471.6400269,275.9400269,0.335127315,40.5,0.684537037,78.5,15.3,40.5,0.391805556,91.5,18.9,,38,51,36.37748761,50.11499324,86.49248086,5.565755605,9.471733723,15.03748933,183.3866422,58.50649036,3.190335439,15.3,17.38589202,31.88340359,54.49549853,0.453151858,17.69584061,30.24594451,
1156,46258,0,CIAT-BR15_6758,Urochloa,interespecifico,Urochloa interespecifico,Poaceae,Poales,grasses,F262989,41,99,2,2,64,0.5002,471.5457554,281.1457554,0.335381944,40.5,0.684733796,79,14.9,40.5,0.392141204,92,18.4,,38.5,51.5,36.87748761,50.61499324,87.49248086,5.494745654,9.313158757,14.80790441,185.5439898,59.62215802,3.213370482,14.9,16.92477372,31.40290044,52.66984874,0.423315887,17.42915305,29.23267729,
1157,46258,0,CIAT-BR15_7006,Urochloa,interespecifico,Urochloa interespecifico,Poaceae,Poales,grasses,F262990,41,99,2,1,65,0.5004,477.4839716,259.7839716,0.335405093,40.5,0.685127315,80,15.7,40.5,0.392488426,91.5,17.7,,39.5,51,37.87748761,50.11499324,87.99248086,5.946765555,8.870353804,14.81711936,184.2836327,54.40684652,2.952342849,15.7,16.83907445,31.03165811,57.03631086,0.558554583,17.22310713,31.65613931,
1158,46258,0,CIAT-BR15_7006,Urochloa,interespecifico,Urochloa interespecifico,Poaceae,Poales,grasses,F262990,41,99,2,2,66,0.5003,477.3885511,273.2885511,0.335497685,40.5,0.685543981,81.5,15.7,40.5,0.392835648,96.5,17.4,,41,56,39.37748761,55.11499324,94.49248086,6.182265555,9.590008824,15.77227438,197.9362107,57.24656582,2.892172464,15.7,16.69156555,33.03865236,57.71289838,0.507085798,18.33702366,32.03165709,
1159,46258,0,CIAT-BR15_7316,Urochloa,interespecifico,Urochloa interespecifico,Poaceae,Poales,grasses,F262991,41,99,2,1,67,0.5001,471.322295,265.022295,0.335648148,40.5,0.685972222,83.5,15.6,40.5,0.393240741,95,17.6,,43,54.5,41.37748761,53.61499324,94.99248086,6.454888068,9.436238811,15.89112688,201.544637,56.22952655,2.789929188,15.6,16.72882605,33.71605173,59.96147184,0.629819758,18.71299203,33.27965427,
1160,46258,0,CIAT-BR15_7316,Urochloa,interespecifico,Urochloa interespecifico,Poaceae,Poales,grasses,F262991,41,99,2,2,68,0.5003,471.5107862,242.4107862,0.335844907,40.5,0.686342593,83.5,15.4,40.5,0.393541667,96.5,17.5,,43,56,41.37748761,55.11499324,96.49248086,6.372133093,9.645123818,16.01725691,204.6453309,51.41150389,2.512224622,15.4,16.5994871,33.97007529,66.07485236,0.942131843,18.85397951,36.67268622,
1161,46258,0,CIAT-BR15_7318,Urochloa,interespecifico,Urochloa interespecifico,Poaceae,Poales,grasses,F262992,41,99,2,1,69,0.5005,474.1039065,239.6039065,0.336041667,40.5,0.687164352,84,15.9,40.5,0.393842593,95,17.7,,43.5,54.5,41.87748761,53.61499324,95.49248086,6.658520531,9.489853804,16.14837433,201.4167771,50.53826876,2.509138985,15.9,16.91062395,34.06083374,67.39612293,0.928042353,18.90435202,37.40601425,
1162,46258,0,CIAT-BR15_7318,Urochloa,interespecifico,Urochloa interespecifico,Poaceae,Poales,grasses,F262992,41,99,2,2,70,0.5003,473.9144543,242.6144543,0.336157407,41,0.687314815,82.5,15.7,40.5,0.394178241,94,17.7,,41.5,53.5,39.87748761,52.61499324,92.49248086,6.260765555,9.312853804,15.57361936,195.1670391,51.19372328,2.62307219,15.7,16.83771396,32.86166779,64.19081419,0.842042127,18.23879416,35.62701244,
1163,46258,0,CIAT-BR15_757,Urochloa,interespecifico,Urochloa interespecifico,Poaceae,Poales,grasses,F262993,41,99,2,1,71,0.5002,472.56942,275.16942,0.336458333,40.5,0.687673611,83.5,15.8,40.5,0.394606481,98,17.4,,43,57.5,41.37748761,56.61499324,97.99248086,6.537643043,9.851008824,16.38865187,207.3610283,58.22835934,2.808066676,15.8,16.72439735,34.67988231,59.55840539,0.575152717,19.24793468,33.05594541,
1164,46258,0,CIAT-BR15_757,Urochloa,interespecifico,Urochloa interespecifico,Poaceae,Poales,grasses,F262993,41,99,2,2,72,0.5001,472.4749439,232.2749439,0.336481481,40.5,0.688113426,83.5,15.5,40,0.395,95,17.5,,43,55,41.37748761,54.11499324,95.49248086,6.41351058,9.470123818,15.8836344,202.1112063,49.16132525,2.432389878,15.5,16.63338752,33.61794017,68.38290059,1.224332862,18.65853842,37.95369292,
1165,46258,0,CIAT-BR15_780,Urochloa,interespecifico,Urochloa interespecifico,Poaceae,Poales,grasses,F262994,41,99,2,1,73,0.5,467.4565084,264.4565084,0.336655093,40.5,0.688622685,82,15.6,40,0.395428241,93.5,17.6,,41.5,53.5,39.87748761,52.61499324,92.49248086,6.220888068,9.260238811,15.48112688,197.8632861,56.57350013,2.8592217,15.6,16.73771396,33.11779086,58.53940587,0.651117585,18.3809469,32.49038305,
1166,46258,0,CIAT-BR15_780,Urochloa,interespecifico,Urochloa interespecifico,Poaceae,Poales,grasses,F262994,41,99,2,2,74,0.5,467.4565084,241.7565084,0.336793981,40.5,0.688981481,83.5,15.6,40.5,0.395706019,92,17.7,,43,51.5,41.37748761,50.61499324,91.99248086,6.454888068,8.958853804,15.41374187,196.7936679,51.7174334,2.628002921,15.6,16.75543667,32.97363839,63.75729851,1.010558615,18.30093979,35.38640374,
1167,46258,0,CIAT-BR15_800,Urochloa,interespecifico,Urochloa interespecifico,Poaceae,Poales,grasses,F262995,41,99,2,1,75,0.5004,473.1613916,241.7613916,0.336979167,41,0.689502315,78.5,15.4,40.5,0.396030093,90,17.5,,37.5,49.5,35.87748761,48.61499324,84.49248086,5.525133093,8.507623818,14.03275691,178.5701081,51.09491093,2.86133617,15.4,16.60829078,29.65744281,58.04382916,0.957922511,16.46039386,32.2153294,
1168,46258,0,CIAT-BR15_800,Urochloa,interespecifico,Urochloa interespecifico,Poaceae,Poales,grasses,F262995,41,99,2,2,76,0.5002,472.9722783,247.4722783,0.337037037,41,0.689965278,80.5,14.9,40,0.396319444,92,17.5,,39.5,52,37.87748761,51.11499324,88.99248086,5.643745654,8.945123818,14.58886947,188.1558073,52.32278712,2.780822334,14.9,16.39337316,30.84508361,58.95153013,0.868794228,17.11955506,32.71911915,
1169,46258,0,BLANK 8 H,0,0,BLANK 8 H,0,0,0,BLANK 8 H,41,99,2,1,77,0,0,0,0.337222222,40,0.690405093,42,0,0,0.396400463,-,-,,2,,,,,,,,,,,,,,,,,,
1170,46258,0,BLANK 8 H,0,0,BLANK 8 H,0,0,0,BLANK 8 H,41,99,2,2,78,0,0,0,0.337407407,39.5,0.690763889,42,0,0,0.396423611,-,-,,2.5,,,,,,,,,,,,,,,,,,
1171,46258,0,CIAT-BR15_823,Urochloa,interespecifico,Urochloa interespecifico,Poaceae,Poales,grasses,F262996,41,99,2,1,79,0.5,475.7786219,258.8786219,0.337488426,40,0.690844907,82,15,40,0.396608796,92.5,16.3,,42,52.5,40.37748761,51.61499324,91.99248086,6.056623142,8.413243899,14.46986704,193.3514383,54.41157084,2.814128062,15,15.72940191,30.41302483,55.89440694,0.677444179,16.87975496,31.02236288,
1172,46258,0,CIAT-BR15_823,Urochloa,interespecifico,Urochloa interespecifico,Poaceae,Poales,grasses,F262996,41,99,2,2,80,0.5003,476.0640891,244.1640891,0.337673611,40.5,0.691134259,82.5,14.7,40.5,0.396990741,93,16.3,,42,52.5,40.37748761,51.61499324,91.99248086,5.935490679,8.413243899,14.34873458,193.235497,51.28807122,2.654174415,14.7,15.59772543,30.14034225,58.76676883,0.898400192,16.72841141,32.61657342,
1173,46258,0,CIAT-BR15_8529,Urochloa,interespecifico,Urochloa interespecifico,Poaceae,Poales,grasses,F262997,41,99,2,1,81,0.5004,469.7846843,233.6846843,0.337858796,41,0.691469907,80.5,14.9,40.5,0.397488426,93.5,17.3,,39.5,53,37.87748761,52.11499324,89.99248086,5.643745654,9.015893831,14.65963949,191.5611212,49.74293375,2.596713437,14.9,16.28984927,31.20501791,62.73256431,0.947398818,17.31932482,34.81765853,
1174,46258,0,CIAT-BR15_8529,Urochloa,interespecifico,Urochloa interespecifico,Poaceae,Poales,grasses,F262997,41,99,2,2,82,0.5001,469.5030388,227.2030388,0.338171296,41,0.691840278,78.5,15.2,40,0.397615741,95.5,17.1,,37.5,55.5,35.87748761,54.61499324,90.49248086,5.453378117,9.339163845,14.79254196,192.7409908,48.39224031,2.510739419,15.2,16.34670839,31.50680771,65.1071484,1.120489143,17.48682338,36.13559378,
1175,46258,0,CIAT-BR15_8650,Urochloa,interespecifico,Urochloa interespecifico,Poaceae,Poales,grasses,F262998,41,104,2,1,55,0.5001,477.3965876,278.4965876,0.329270833,40.5,0.672175926,77.5,14.3,40,0.345208333,92,16.8,,37,52,35.37748761,51.11499324,86.49248086,5.058980729,8.587318865,13.64629959,181.1753228,58.33652666,3.219893624,14.3,15.77744037,28.58482852,48.99988079,0.500709597,15.86507438,27.19578159,
1176,46258,0,CIAT-BR15_8650,Urochloa,interespecifico,Urochloa interespecifico,Poaceae,Poales,grasses,F262998,41,104,2,2,56,0.5003,477.5875081,271.1875081,0.329375,40.5,0.672372685,75.5,14.1,39.5,0.345462963,93,16.8,,35,53.5,33.37748761,52.61499324,85.99248086,4.706225754,8.839318865,13.54554462,180.0559676,56.78278922,3.153618844,14.1,15.75201051,28.36243493,49.94899918,0.551954942,15.74164208,27.72255872,
1177,46258,0,CIAT-BR15_8756,Urochloa,interespecifico,Urochloa interespecifico,Poaceae,Poales,grasses,F262999,41,99,2,1,85,0.5004,475.0585349,262.8585349,0.338460648,40.5,0.692951389,78.5,15.5,40,0.398703704,95,17.5,,38,55,36.37748761,54.11499324,90.49248086,5.63851058,9.470123818,15.1086344,190.487012,55.33182031,2.904755538,15.5,16.69601082,31.80373215,57.47819603,0.684052312,17.65162158,31.90139323,
1178,46258,0,CIAT-BR15_8756,Urochloa,interespecifico,Urochloa interespecifico,Poaceae,Poales,grasses,F262999,41,99,2,2,86,0.5001,474.7737276,248.3737276,0.338657407,41,0.693298611,79.5,14.9,40,0.39900463,93.5,17.6,,38.5,53.5,36.87748761,52.61499324,89.49248086,5.494745654,9.260238811,14.75498447,188.4950149,52.31412632,2.775358614,14.9,16.48740131,31.07792956,59.40638169,0.87705616,17.24878859,32.97156963,
1179,46258,0,CIAT-BR15_8881,Urochloa,interespecifico,Urochloa interespecifico,Poaceae,Poales,grasses,F263000,41,99,2,1,87,0.5001,471.25,244.85,0.338854167,40,0.693703704,82.5,15.5,40.5,0.399305556,93,16.9,,42.5,52.5,40.87748761,51.61499324,92.49248086,6.33601058,8.722933858,15.05894444,196.2705164,51.95755968,2.647242216,15.5,16.28126341,31.95531976,61.50273408,0.673810328,17.73575533,34.13508147,
1180,46258,0,CIAT-BR15_8881,Urochloa,interespecifico,Urochloa interespecifico,Poaceae,Poales,grasses,F263000,41,99,2,2,88,0.5003,471.4384623,243.5384623,0.338877315,41,0.694108796,83.5,15.2,40.5,0.399641204,94.5,16.9,,42.5,54,40.87748761,53.11499324,93.99248086,6.213378117,8.976433858,15.18981198,199.3738067,51.65858999,2.591041965,15.2,16.16066715,32.22013728,62.37130608,0.694686375,17.88273363,34.61715396,
1181,46258,0,CIAT-BR15_8905,Urochloa,interespecifico,Urochloa interespecifico,Poaceae,Poales,grasses,F263001,41,99,2,1,89,0.5003,471.242725,264.142725,0.3390625,41,0.694490741,82.5,15.3,41,0.400034722,92.5,17.2,,41.5,51.5,39.87748761,50.61499324,90.49248086,6.101255605,8.705778838,14.80703444,192.0294491,56.05237195,2.918946662,15.3,16.36272351,31.42124782,56.0569459,0.616404388,17.43933616,31.11257482,
1182,46258,0,CIAT-BR15_8905,Urochloa,interespecifico,Urochloa interespecifico,Poaceae,Poales,grasses,F263001,41,99,2,2,90,0.5,470.9601489,249.0601489,0.339247685,41,0.694803241,81.5,15.4,40.5,0.400347222,94,17.2,,40.5,53.5,38.87748761,52.61499324,91.49248086,5.987133093,9.049778838,15.03691193,194.2679887,52.88348695,2.72219254,15.4,16.43513411,31.92820447,60.37462034,0.81091544,17.72070587,33.50895883,
1183,46258,0,CIAT-BR15_8976,Urochloa,interespecifico,Urochloa interespecifico,Poaceae,Poales,grasses,F263002,41,99,2,1,91,0.5001,470.8514165,254.1514165,0.339421296,41,0.695173611,86,14.9,40.5,0.400659722,92.5,17,,45,52,43.37748761,51.11499324,94.49248086,6.463245654,8.689548851,15.15279451,200.6842871,53.97698883,2.689646988,14.9,16.03597913,32.18169039,59.62112946,0.840061113,17.86139494,33.09075836,
1184,46258,0,CIAT-BR15_8976,Urochloa,interespecifico,Urochloa interespecifico,Poaceae,Poales,grasses,F263002,41,99,2,2,92,0.5001,470.8514165,253.3514165,0.339664352,41,0.695590278,85,14.9,40,0.40099537,93,16.8,,44,53,42.37748761,52.11499324,94.49248086,6.314245654,8.755318865,15.06956452,200.6842871,53.80708385,2.681180705,14.9,15.94789806,32.00492553,59.48087731,0.849700648,17.76328739,33.01291599,
1185,46258,0,CIAT-BR15_9125,Urochloa,interespecifico,Urochloa interespecifico,Poaceae,Poales,grasses,F263003,41,99,2,1,93,0.5001,476.0250073,236.2250073,0.339699074,40.5,0.696006944,81,15.5,40.5,0.401400463,92,17.4,,40.5,51.5,38.87748761,50.61499324,89.49248086,6.02601058,8.807008824,14.8330194,187.9995368,49.62449528,2.639607317,15.5,16.57459852,31.16016843,62.79191004,0.946138839,17.29443258,34.85059644,
1186,46258,0,CIAT-BR15_9125,Urochloa,interespecifico,Urochloa interespecifico,Poaceae,Poales,grasses,F263003,41,99,2,2,94,0.5002,476.1201932,246.7201932,0.340046296,40.5,0.696319444,82.5,15.4,40.5,0.401747685,92.5,17.5,,42,52,40.37748761,51.11499324,91.49248086,6.218133093,8.945123818,15.16325691,192.1625719,51.81888875,2.696617153,15.4,16.5732274,31.84754002,61.4593265,0.783607517,17.67593571,34.11098952,
1187,46258,0,CIAT-BR15_9141,Urochloa,interespecifico,Urochloa interespecifico,Poaceae,Poales,grasses,F263004,41,99,2,1,95,0.5001,470.7484796,248.1484796,0.340081019,40.5,0.696712963,80,15.4,40,0.402071759,95,17.6,,39.5,55,37.87748761,54.11499324,91.99248086,5.833133093,9.524238811,15.3573719,195.4174784,52.71360192,2.697486547,15.4,16.69415996,32.62330644,61.88783397,0.611669225,18.10649949,34.34881858,
1188,46258,0,CIAT-BR15_9141,Urochloa,interespecifico,Urochloa interespecifico,Poaceae,Poales,grasses,F263004,41,99,2,2,96,0.5,470.6543487,263.5543487,0.340231481,40.5,0.697361111,82.5,15,40.5,0.402384259,95,17.5,,42,54.5,40.37748761,53.61499324,93.99248086,6.056623142,9.382623818,15.43924696,199.7059649,55.99743196,2.803993961,15,16.42604474,32.80379115,58.58088488,0.509406919,18.20667163,32.51340462,
1189,46258,0,CIAT-BR15_9142,Urochloa,interespecifico,Urochloa interespecifico,Poaceae,Poales,grasses,F263005,41,99,2,1,97,0.5003,470.1159424,263.3159424,0.34037037,40.5,0.697569444,83.5,15.2,40,0.402708333,91,17.8,,43,51,41.37748761,50.11499324,91.49248086,6.289378117,8.920468797,15.20984691,194.6168436,56.01085151,2.878006367,15.2,16.62414963,32.35339529,57.76272707,0.539655863,17.95669413,32.05931288,
1190,46258,0,CIAT-BR15_9142,Urochloa,interespecifico,Urochloa interespecifico,Poaceae,Poales,grasses,F263005,41,99,2,2,98,0.5005,470.303876,265.303876,0.340543981,41,0.6978125,83.5,15.7,40.5,0.402893519,91.5,18,,42.5,51,40.87748761,50.11499324,90.99248086,6.417765555,9.020698784,15.43846434,193.4759323,56.41116086,2.915668125,15.7,16.96674736,32.82657262,58.19162754,0.535353642,18.21931574,32.29736006,
1191,46258,0,CIAT-BR15_972,Urochloa,interespecifico,Urochloa interespecifico,Poaceae,Poales,grasses,F263006,41,99,2,1,99,0.5003,471.5399844,259.5399844,0.340671296,41,0.698148148,84,15.3,41,0.403275463,93,17.7,,43,52,41.37748761,51.11499324,92.49248086,6.330755605,9.047353804,15.37810941,196.1498153,55.04092823,2.806065768,15.3,16.62633467,32.61252475,59.25140763,0.510035326,18.10051546,32.88555634,
1192,46258,0,CIAT-BR15_972,Urochloa,interespecifico,Urochloa interespecifico,Poaceae,Poales,grasses,F263006,41,99,2,2,100,0.5001,471.3514815,260.3514815,0.3409375,40.5,0.6984375,83,16,40.5,0.403587963,93,17.6,,42.5,52.5,40.87748761,51.61499324,92.49248086,6.540398018,9.084238811,15.62463683,196.2282596,55.2351041,2.814839423,16,16.89287246,33.14858963,60.0136275,0.513078174,18.39804075,33.30860156,
1193,46258,0,CIAT-BR19_1033,Urochloa,interespecifico,Urochloa interespecifico,Poaceae,Poales,grasses,F263007,41,99,2,1,101,0.5001,474.0276067,251.0276067,0.341226852,40.5,0.698784722,80.5,15.4,40.5,0.403958333,89,17.8,,40,48.5,38.37748761,47.61499324,85.99248086,5.910133093,8.475468797,14.38560189,181.4081704,52.95632642,2.919180889,15.4,16.7289067,30.34760357,57.30685194,0.537459671,16.84344503,31.80629429,
1194,46258,0,CIAT-BR19_1033,Urochloa,interespecifico,Urochloa interespecifico,Poaceae,Poales,grasses,F263007,41,99,2,2,102,0.5003,474.2171798,241.8171798,0.341423611,40.5,0.699247685,81.5,15.1,40.5,0.404201389,98.5,17.4,,41,58,39.37748761,57.11499324,96.49248086,5.94600063,9.938008824,15.88400945,203.4774044,50.99291846,2.506072781,15.1,16.46139607,33.49522145,65.68602555,0.669944755,18.59042741,36.45688062,
1195,46258,0,CIAT-BR19_113,Urochloa,interespecifico,Urochloa interespecifico,Poaceae,Poales,grasses,F263008,41,99,2,1,103,0.5002,473.4209934,268.1209934,0.341597222,40.5,0.699594907,86.5,15.3,40,0.404571759,91,17.6,0,46,51,44.37748761,50.11499324,94.49248086,6.789755605,8.820238811,15.60999442,199.5950373,56.63479169,2.837484962,15.3,16.51982705,32.97275497,58.21996337,0.545066381,18.30044947,32.31308693,
1196,46258,0,CIAT-BR19_113,Urochloa,interespecifico,Urochloa interespecifico,Poaceae,Poales,grasses,F263008,41,99,2,2,104,0.5002,473.4209934,268.0209934,0.342106481,40,0.700034722,86.5,15.5,40,0.405358796,92,17.8,,46.5,52,44.87748761,51.11499324,95.99248086,6.95601058,9.098468797,16.05447938,202.7634646,56.61366884,2.792104038,15.5,16.72472597,33.91163383,59.9000816,0.561268036,18.82154348,33.24558162,
1197,46258,0,CIAT-BR19_1444,Urochloa,interespecifico,Urochloa interespecifico,Poaceae,Poales,grasses,F263009,41,99,2,1,105,0.5,471.3,228,0.342118056,40,0.700451389,84.5,15.5,40.5,0.405474537,92,17.9,,44.5,51.5,42.87748761,50.61499324,93.49248086,6.64601058,9.060083791,15.70609437,198.371485,48.37683004,2.438698791,15.5,16.79931287,33.32504641,68.88637882,0.92388302,18.49597731,38.23313205,
1198,46258,0,CIAT-BR19_1444,Urochloa,interespecifico,Urochloa interespecifico,Poaceae,Poales,grasses,F263009,41,99,2,2,106,0.5005,471.7713,276.1713,0.34212963,40.5,0.700740741,83,15.9,40.5,0.405821759,92,18.1,,42.5,51.5,40.87748761,50.61499324,91.49248086,6.499520531,9.161313777,15.66083431,193.9339694,58.53923289,3.018513624,15.9,17.11707253,33.1958182,56.70695799,0.469741846,18.42425342,31.47334277,
1199,46258,0,CIAT-BR19_1583,Urochloa,interespecifico,Urochloa interespecifico,Poaceae,Poales,grasses,F263010,41,99,2,1,107,0.5003,477.0133637,284.6133637,0.342303241,40.5,0.701226852,82,15.6,40.5,0.406145833,96,17.9,,41.5,55.5,39.87748761,54.61499324,94.49248086,6.220888068,9.776083791,15.99697186,198.0918944,59.66570024,3.012021286,15.6,16.92935958,33.5356891,56.2059759,0.460345208,18.61288765,31.19528905,
1200,46258,0,CIAT-BR19_1583,Urochloa,interespecifico,Urochloa interespecifico,Poaceae,Poales,grasses,F263010,41,99,2,2,108,0.5,476.7273273,248.9273273,0.342384259,40.5,0.701643519,81.5,15.6,41,0.406412037,96,17.8,,41,55,39.37748761,54.11499324,93.49248086,6.142888068,9.632468797,15.77535687,196.1131144,52.21587122,2.662538474,15.6,16.87339636,33.09094311,63.37334289,0.695006978,18.36604593,35.17330173,
1201,46258,0,CIAT-BR19_166,Urochloa,interespecifico,Urochloa interespecifico,Poaceae,Poales,grasses,F263011,41,99,2,1,109,0.5003,473.98422,274.38422,0.3425,41,0.702013889,81.5,15.4,40.5,0.406643519,95,17.2,,40.5,54.5,38.87748761,53.61499324,92.49248086,5.987133093,9.221778838,15.20891193,195.1383125,57.88889343,2.966557037,15.4,16.4434036,32.08738032,55.42925147,0.4475644,17.80905122,30.76419355,
1202,46258,0,CIAT-BR19_166,Urochloa,interespecifico,Urochloa interespecifico,Poaceae,Poales,grasses,F263011,41,99,2,2,110,0.5002,473.88948,235.58948,0.342696759,40.5,0.702372685,81.5,15.5,40,0.407083333,94.5,17,,41,54.5,39.37748761,53.61499324,92.99248086,6.10351058,9.114548851,15.21805943,196.2324229,49.71401349,2.533425045,15.5,16.36482788,32.11309825,64.59566629,0.719000739,17.82332512,35.85171236,
1203,46258,0,CIAT-BR19_1727,Urochloa,interespecifico,Urochloa interespecifico,Poaceae,Poales,grasses,F263012,41,99,2,1,111,0.5002,469.9394255,229.7394255,0.342939815,40.5,0.703009259,77.5,15.5,40.5,0.407349537,100,17.2,,37,59.5,35.37748761,58.61499324,93.99248086,5.48351058,10.08177884,15.56528942,200.0097795,48.88702948,2.444231957,15.5,16.56014319,33.12190588,67.75192977,0.493139269,18.38323081,37.6034932,
1204,46258,0,CIAT-BR19_1727,Urochloa,interespecifico,Urochloa interespecifico,Poaceae,Poales,grasses,F263012,41,99,2,2,112,0.5004,470.1273261,235.0273261,0.342997685,40.5,0.703217593,76.5,15.5,40,0.407789352,103,17.1,,36,63,34.37748761,62.11499324,96.49248086,5.32851058,10.62166384,15.95017442,205.2475479,49.99227082,2.435706119,15.5,16.52996615,33.92735019,67.86519122,0.482702162,18.83026633,37.66635526,
1205,46258,0,CIAT-BR19_1783,Urochloa,interespecifico,Urochloa interespecifico,Poaceae,Poales,grasses,F263013,41,99,2,1,113,0.5002,466.7183063,285.2183063,0.343148148,41,0.703668981,81.5,14.9,40,0.408020833,92,17.3,,40.5,52,38.87748761,51.11499324,89.99248086,5.792745654,8.842893831,14.63563949,192.8196937,61.11144613,3.16935708,14.9,16.26318037,31.35861458,51.31381528,0.43072234,17.40457363,28.48005526,
1206,46258,0,CIAT-BR19_1783,Urochloa,interespecifico,Urochloa interespecifico,Poaceae,Poales,grasses,F263013,41,99,2,2,114,0.5001,466.625,278.225,0.343333333,40.5,0.704016204,80,14.9,40,0.408425926,92,17.2,,39.5,52,37.87748761,51.11499324,88.99248086,5.643745654,8.791778838,14.43552449,190.7152014,59.62496651,3.126387728,14.9,16.22106087,30.93602891,51.88435436,0.458915887,17.17003127,28.79671432,
1207,46258,0,CIAT-BR19_1793,Urochloa,interespecifico,Urochloa interespecifico,Poaceae,Poales,grasses,F263014,41,99,2,1,115,0.5001,466.9950427,249.7950427,0.343530093,41.5,0.704363426,78,14.1,40.5,0.408796296,91,18,,36.5,50.5,34.87748761,49.61499324,84.49248086,4.917725754,8.930698784,13.84842454,180.9280038,53.48987031,2.956417425,14.1,16.39012655,29.65432879,55.43914879,0.53828269,16.45866553,30.76968673,
1208,46258,0,CIAT-BR19_1793,Urochloa,interespecifico,Urochloa interespecifico,Poaceae,Poales,grasses,F263014,41,99,2,2,116,0.5004,467.2751837,256.8751837,0.343703704,40.5,0.7046875,75.5,14,40.5,0.40900463,90,18,,35,49.5,33.37748761,48.61499324,81.99248086,4.672848266,8.750698784,13.42354705,175.4693674,54.97299935,3.132911469,14,16.37168056,28.72728431,52.25708011,0.477783049,15.9441398,29.00358356,
1209,46258,0,CIAT-BR19_1806,Urochloa,interespecifico,Urochloa interespecifico,Poaceae,Poales,grasses,F263015,41,99,2,1,117,0.5003,472.3360264,257.0360264,0.343865741,41,0.705,81.5,15.5,40.5,0.409340278,93,18.3,,40.5,52.5,38.87748761,51.61499324,90.49248086,6.02601058,9.445543764,15.47155434,191.5849645,54.41804394,2.840413081,15.5,17.09706066,32.7553976,60.19216279,0.57393458,18.17981237,33.40769174,
1210,46258,0,CIAT-BR19_1806,Urochloa,interespecifico,Urochloa interespecifico,Poaceae,Poales,grasses,F263015,41,99,2,2,118,0.5003,472.3360264,268.2360264,0.344363426,40,0.70525463,82,15.7,40,0.409618056,94,18.2,,42,54,40.37748761,53.11499324,93.49248086,6.339265555,9.66692877,16.00619433,197.936375,56.7892372,2.869065233,15.7,17.1203012,33.8873036,59.67205278,0.520412771,18.80803978,33.11902168,
1211,46258,0,CIAT-BR19_2001,Urochloa,interespecifico,Urochloa interespecifico,Poaceae,Poales,grasses,F263016,41,99,2,1,119,0.5,472.0055886,253.1055886,0.344386574,40,0.70568287,76,15.8,40,0.41,91.5,18.2,,36,51.5,34.37748761,50.61499324,84.99248086,5.431643043,9.21192877,14.64357181,180.0666833,53.62343047,2.97797624,15.8,17.22925565,31.02414922,57.85558468,0.532477184,17.21893957,32.11085046,
1212,46258,0,CIAT-BR19_2001,Urochloa,interespecifico,Urochloa interespecifico,Poaceae,Poales,grasses,F263016,41,99,2,2,120,0.5,472.0055886,268.9055886,0.344398148,40.5,0.7059375,76.5,15.9,40,0.410289352,94,18.2,,36,54,34.37748761,53.11499324,87.49248086,5.466020531,9.66692877,15.1329493,185.3632308,56.97084846,3.07347084,15.9,17.29628552,32.06095365,56.27606841,0.46230395,17.79438397,31.2341916,
1213,46258,0,CIAT-BR19_21,Urochloa,interespecifico,Urochloa interespecifico,Poaceae,Poales,grasses,F263017,41,99,2,1,121,0.5004,470.8838009,254.0838009,0.344525463,40.5,0.706296296,76.5,14.4,40,0.410625,93.5,17.8,,36,53.5,34.37748761,52.61499324,86.99248086,4.950358216,9.365468797,14.31582701,184.742989,53.95891734,2.920755891,14.4,16.45639585,30.40203759,56.34293475,0.526125388,16.87365685,31.27130357,
1214,46258,0,CIAT-BR19_21,Urochloa,interespecifico,Urochloa interespecifico,Poaceae,Poales,grasses,F263017,41,99,2,2,122,0.5004,470.8838009,267.5838009,0.344641204,40.5,0.706631944,75.5,14.9,40,0.410914352,95,17.6,,35,55,33.37748761,54.11499324,87.49248086,4.973245654,9.524238811,14.49748447,185.8048221,56.82586668,3.058363396,14.9,16.56997758,30.78781737,54.17923064,0.456721459,17.0877713,30.07041036,
1215,46258,0,CIAT-BR19_2124,Urochloa,interespecifico,Urochloa interespecifico,Poaceae,Poales,grasses,F263018,41,99,2,1,123,0.5003,473.2932523,244.2932523,0.344895833,41,0.706909722,80,15.8,40,0.411226852,93,17.2,,39,53,37.37748761,52.11499324,89.49248086,5.905643043,8.963778838,14.86942188,189.0846329,51.61562121,2.72976288,15.8,16.61527509,31.41693191,60.86710026,0.669761624,17.43694076,33.78229371,
1216,46258,0,CIAT-BR19_2124,Urochloa,interespecifico,Urochloa interespecifico,Poaceae,Poales,grasses,F263018,41,99,2,2,124,0.5003,473.2932523,288.9932523,0.344953704,40.5,0.707268519,79,16.1,40,0.411469907,93.5,17.3,,38.5,53.5,36.87748761,52.61499324,89.49248086,5.937275506,9.102393831,15.03966934,189.0846329,61.06008292,3.229246184,16.1,16.8055117,31.77664009,52.04159342,0.402268452,17.63658502,28.88398472,
1217,46258,0,CIAT-BR19_2287,Urochloa,interespecifico,Urochloa interespecifico,Poaceae,Poales,grasses,F263019,41,99,2,1,125,0.5003,473.0627162,294.5627162,0.345439815,41,0.707881944,78,15.4,40.5,0.411782407,95.5,17.6,0,37,55,35.37748761,54.11499324,89.49248086,5.448133093,9.524238811,14.9723719,189.1767789,62.26715954,3.291480059,15.4,16.73031271,31.64986669,50.82914802,0.375207441,17.56622359,28.21105655,
1218,46258,0,CIAT-BR19_2287,Urochloa,interespecifico,Urochloa interespecifico,Poaceae,Poales,grasses,F263019,41,99,2,2,126,0.5004,473.157272,275.757272,0.345555556,40.5,0.708541667,76,16,40,0.411944444,93,17.2,,35.5,53,33.87748761,52.11499324,85.99248086,5.420398018,8.963778838,14.38417686,181.7418561,58.28025655,3.20676028,16,16.72724954,30.40041379,52.16245704,0.428681609,16.87275561,28.95106612,
1219,46258,0,CIAT-BR19_231,Urochloa,interespecifico,Urochloa interespecifico,Poaceae,Poales,grasses,F263020,41,99,2,1,127,0.5003,473.5366263,290.0366263,0.345578704,40.5,0.7096875,77,15.8,40,0.41244213,92,17.8,,.,.,.,.,.,.,.,.,.,.,.,.,.,.,.,.,.,.,
1220,46258,0,CIAT-BR19_231,Urochloa,interespecifico,Urochloa interespecifico,Poaceae,Poales,grasses,F263020,41,99,2,2,128,0.5002,473.4419758,223.8419758,0.345740741,40.5,0.71,77.5,16,40,0.41275463,90.5,17.7,,37,50.5,35.37748761,49.61499324,84.99248086,5.660398018,8.781853804,14.44225182,179.5203746,47.27970633,2.633667985,16,16.99238765,30.50479797,64.519855,0.827644926,16.93069064,35.80963579,
1221,46258,0, CIAT 17009,Canavalia,brasiliensis,Canavalia brasiliensis,Fabaceas,Fabales,Trepadoras,F263376,41,99,2,1,129,0.5,453.5796491,268.5796491,0.345891204,40.5,0.71125,81,15.8,40.5,0.413240741,88,19.4,,40.5,47.5,38.87748761,46.61499324,85.49248086,6.142643043,9.043308689,15.18595173,188.4839433,59.21333764,3.141558724,15.8,17.76290918,33.48023167,56.54170666,1.450234597,18.58210782,31.38162543,
1222,46258,0, CIAT 17009,Canavalia,brasiliensis,Canavalia brasiliensis,Fabaceas,Fabales,Trepadoras,F263376,41,99,2,2,130,0.5003,453.8517969,252.6517969,0.346018519,41,0.711516204,81,15.9,40.5,0.413564815,86.5,19.4,,40,46,38.37748761,45.11499324,83.49248086,6.102020531,8.752308689,14.85432922,183.9641959,55.66834782,3.026042516,15.9,17.79121792,32.72947099,58.79368128,5.52214133,18.16542265,32.6315103,
1223,46258,0,CIAT 17462,Canavalia,brasiliensis,Canavalia brasiliensis,Fabaceas,Fabales,Trepadoras,F263377,41,99,2,1,131,0.5002,471.3692634,330.5692634,0.346145833,41,0.711678241,81.5,16.2,40.5,0.414143519,85,20,,40.5,44.5,38.87748761,43.61499324,82.49248086,6.298152993,8.722998649,15.02115164,175.0060669,70.12957549,4.007265389,16.2,18.20911614,31.86705797,45.44025506,0.508242944,17.68676851,25.22012772,
1224,46258,0,CIAT 17462,Canavalia,brasiliensis,Canavalia brasiliensis,Fabaceas,Fabales,Trepadoras,F263377,41,99,2,2,132,0.5004,471.5577357,297.2577357,0.346527778,41.5,0.711851852,84,15.9,40.5,0.414328704,86,20,,42.5,45.5,40.87748761,44.61499324,85.49248086,6.499520531,8.922998649,15.42251918,181.2980138,63.03739992,3.477004442,15.9,18.03962059,32.70547382,51.8826504,1.20213965,18.15210381,28.7957686,
1225,46258,0,CIAT 13953,Desmodium,velutinum,Desmodium velutinum,Fabaceas,Fabales,Arbustivas,F263378,41,99,2,1,133,0.5,477.6544539,244.8544539,0.346643519,41,0.712222222,78.5,16.1,41,0.414664352,76.5,18.8,,37.5,35.5,35.87748761,34.61499324,70.49248086,5.776275506,6.50761873,12.28389424,147.5804952,51.26183832,3.473483284,16.1,17.425822,25.7171144,50.168147,4.13999621,14.27344343,27.84418954,
1226,46258,0,CIAT 13953,Desmodium,velutinum,Desmodium velutinum,Fabaceas,Fabales,Arbustivas,F263378,41,99,2,2,134,0.5004,478.0365775,247.2365775,0.346944444,40.5,0.712581019,79.5,15.9,41.5,0.415011574,78,18.8,,39,36.5,37.37748761,35.61499324,72.99248086,5.943020531,6.69561873,12.63863926,152.6922506,51.71917571,3.387151314,15.9,17.31498794,26.43864477,51.11961746,3.259363279,14.67390527,28.37227211,
1227,46258,0,CIAT 9432,Clitoria,tertanea,Clitoria tertanea,Fabaceas,Fabales,Trepadoras,F263379,41,99,2,1,135,0.5005,481.236529,236.636529,0.346956019,40.5,0.712951389,86.5,18.1,40.5,0.415474537,79,20.6,,46,38.5,44.37748761,37.61499324,81.99248086,8.032325258,7.748688608,15.78101387,170.3787554,49.17260323,2.886075974,18.1,19.24690374,32.79263504,66.68883257,-5.317529742,18.2004798,37.01345587,
1228,46258,0,CIAT 9432,Clitoria,tertanea,Clitoria tertanea,Fabaceas,Fabales,Trepadoras,F263379,41,99,2,2,136,0.5001,480.8519244,270.5519244,0.34712963,41,0.713310185,88.5,18,40,0.415949074,80,20.9,,47.5,40,45.87748761,39.11499324,84.99248086,8.25794777,8.175033588,16.43298136,176.753958,56.26512252,3.183245408,18,19.3346296,34.17472308,60.73873395,1.44142461,18.96756257,33.71104819,
1229,46258,0,CIAT 17768,Clitoria,tertanea,Clitoria tertanea,Fabaceas,Fabales,Trepadoras,F263380,41,99,2,1,137,0.5002,480.4710558,285.9710558,0.347256944,40.5,0.713564815,90,17.8,40.5,0.416273148,87.5,19.7,,49.5,47,47.87748761,46.11499324,93.99248086,8.522192795,9.084653669,17.60684646,195.625688,59.51889346,3.042488646,17.8,18.73218613,36.644968,61.56863119,1.231503889,20.33859124,34.17165551,
1230,46258,0,CIAT 17768,Clitoria,tertanea,Clitoria tertanea,Fabaceas,Fabales,Trepadoras,F263380,41,99,2,2,138,0.5002,480.4710558,272.6710558,0.347268519,41.5,0.713923611,89.5,17.4,40.5,0.416539352,89,19.5,,48,48.5,46.37748761,47.61499324,93.99248086,8.069682845,9.284923683,17.35460653,195.625688,56.75077666,2.900987965,17.4,18.46382431,36.11998333,63.64667668,2.057056827,20.04721566,35.32500671,
1231,46258,0,CIAT 22768,Lablab,purpureus,Lablab purpureus,Fabaceas,Fabales,Trepadoras,F263381,41,99,2,1,139,0.5,472.8,320.6,0.347743056,41.5,0.714351852,86.5,17.8,40.5,0.417013889,89,18.8,,45,48.5,43.37748761,47.61499324,90.99248086,7.721192795,8.95161873,16.67281153,192.4544857,67.80879865,3.523368052,17.8,18.32328492,35.26398377,52.00502659,0.629812336,19.57212109,28.8636895,
1232,46258,0,CIAT 22768,Lablab,purpureus,Lablab purpureus,Fabaceas,Fabales,Trepadoras,F263381,41,99,2,2,140,0.5003,473.08368,335.38368,0.3478125,41.5,0.714641204,88,17.3,40.5,0.417372685,89,18.7,,46.5,48.5,44.87748761,47.61499324,92.49248086,7.763805357,8.904003737,16.66780909,195.5097687,70.89309866,3.626064269,17.3,18.02071794,35.23226397,49.69773453,0.49728737,19.55451606,27.58310249,
1233,46258,0,CIAT 22598,Lablab,purpureus,Lablab purpureus,Fabaceas,Fabales,Trepadoras,F263382,41,99,2,1,141,0.5005,475.0559347,310.5559347,0.347905093,41,0.715034722,90.5,16,40,0.417835648,92,18.6,,49.5,52,47.87748761,51.11499324,98.99248086,7.660398018,9.507388743,17.16778676,208.3806845,65.37249869,3.137166904,16,17.34251593,36.13845341,55.28082011,0.733390028,20.05746687,30.68181158,
1234,46258,0,CIAT 22598,Lablab,purpureus,Lablab purpureus,Fabaceas,Fabales,Trepadoras,F263382,41,99,2,2,142,0.5,474.5813533,306.4813533,0.348125,41.5,0.715219907,92.5,16.3,40.5,0.418136574,92,18.9,,51,51.5,49.37748761,50.61499324,99.99248086,8.048530481,9.566233723,17.6147642,210.6961855,64.57930789,3.065043999,16.3,17.61608878,37.1164271,57.47417914,0.813450354,20.60025919,31.89916378,
1235,46258,0,CIAT 18701,Cajanus,cajan,Cajanus cajan,Fabaceas,Fabales,Arbustivas,F263383,41,99,2,1,143,0.5002,467.2217035,137.8217035,0.348298611,41.5,0.715555556,70,16.3,41,0.418414352,72,19.3,,28.5,31,26.87748761,30.11499324,56.99248086,4.381030481,5.812193696,10.19322418,121.981664,29.49813813,2.418243625,16.3,17.88520876,21.81667526,73.95949926,-0.627057549,12.10863222,41.04880167,
1236,46258,0,CIAT 18701,Cajanus,cajan,Cajanus cajan,Fabaceas,Fabales,Arbustivas,F263383,41,99,2,2,144,0.5003,467.3151105,170.2151105,0.348657407,41.5,0.715844907,70,16.3,40.5,0.418958333,71,19.3,,28.5,30.5,26.87748761,29.61499324,56.49248086,4.381030481,5.715693696,10.09672418,120.8873405,36.42405449,3.013057807,16.3,17.87268681,21.60581576,59.3174375,-2.088258617,11.99160155,32.92220407,
1237,46258,0,CIAT 20891,Cajanus,cajan,Cajanus cajan,Fabaceas,Fabales,Arbustivas,F263384,41,99,2,1,145,0.5001,474.35,152.85,0.348680556,41.5,0.716157407,71,16.8,40.5,0.419293981,74,18.7,,29.5,33.5,27.87748761,32.61499324,60.49248086,4.683417919,6.099003737,10.78242166,127.5271021,32.22304206,2.526760315,16.8,17.82439983,22.73094056,70.54250347,-0.841281489,12.61606528,39.15230989,
1238,46258,0,CIAT 20891,Cajanus,cajan,Cajanus cajan,Fabaceas,Fabales,Arbustivas,F263384,41,99,2,2,146,0.5,474.255149,177.055149,0.348935185,41.5,0.716469907,70.5,16.7,41,0.419699074,74,18.8,,29,33,27.37748761,32.11499324,59.49248086,4.572040432,6.03761873,10.60965916,125.4440378,37.33331085,2.976092885,16.7,17.83361361,22.371205,59.92290664,-2.461365759,12.41640582,33.25824991,
1239,46258,0,CIAT 15551,Centrosema ,molle,Centrosema molle,Fabaceas,Fabales,Trepadoras,F263385,41,99,2,1,147,0.5004,475.7877037,189.1877037,0.349560185,41,0.716944444,71,15.7,40.5,0.420162037,70,17.3,,30,29.5,28.37748761,28.61499324,56.99248086,4.455265555,4.950393831,9.405659387,119.7855271,39.76305025,3.319520415,15.7,16.50333385,19.76860544,49.71601855,3.145087646,10.97191804,27.59325044,
1240,46258,0,CIAT 15551,Centrosema ,molle,Centrosema molle,Fabaceas,Fabales,Trepadoras,F263385,41,99,2,2,148,0.5004,475.7877037,176.0877037,0.349270833,41.5,0.71712963,71,16,40.5,0.420497685,72.5,16.7,,29.5,32,27.87748761,31.11499324,58.99248086,4.460398018,5.196203872,9.65660189,123.9890825,37.00972142,2.984917758,16,16.36920799,20.2960308,54.83972866,-6.689489609,11.26464824,30.43699819,
1241,46258,0,CIAT 13953,Desmodium,velutinum,Desmodium velutinum,Fabaceas,Fabales,Arbustivas,F263386,41,99,2,1,149,0.5004,470.3614621,195.6614621,0.349756944,41,0.717372685,70.5,16.4,41,0.420763889,77.5,18,,29.5,36.5,27.87748761,35.61499324,63.49248086,4.571907969,6.410698784,10.98260675,134.9865709,41.59810654,3.081647772,16.4,17.29749193,23.34929121,56.1306587,-1.863981341,12.95926059,31.1534867,
1242,46258,0,CIAT 13953,Desmodium,velutinum,Desmodium velutinum,Fabaceas,Fabales,Arbustivas,F263386,41,99,2,2,150,0.5001,470.0794709,205.8794709,0.35,41.5,0.71775463,73.5,15.7,41,0.421180556,78,18.2,,32,37,30.37748761,36.11499324,66.49248086,4.769265555,6.57292877,11.34219433,141.4494463,43.79673728,3.096281989,15.7,17.05786005,24.12824858,55.09142936,-5.952206046,13.39159541,30.57669643,
1243,46258,0,CIAT 15551,Centrosema ,molle,Centrosema molle,Fabaceas,Fabales,Trepadoras,F263387,41,99,2,1,151,0.5002,473.8683854,158.4683854,0.350069444,41.5,0.718159722,63.5,16.8,40,0.421516204,67,17.4,,22,27,20.37748761,26.11499324,46.49248086,3.423417919,4.544008824,7.967426744,98.11264539,33.44143443,3.408473423,16.8,17.13702215,16.81358577,50.27770507,3.283912516,9.331830997,27.90499617,
1244,46258,0,CIAT 15551,Centrosema ,molle,Centrosema molle,Fabaceas,Fabales,Trepadoras,F263387,41,99,2,2,152,0.5001,473.7736496,145.7736496,0.350277778,41.5,0.718587963,66,16.3,40,0.421759259,67,17.1,,24.5,27,22.87748761,26.11499324,48.99248086,3.729030481,4.465663845,8.194694326,103.4090454,30.76862754,2.975429026,16.3,16.72643267,17.29664436,56.21519628,-5.492080028,9.599936871,31.20040652,
1245,46258,0,Sample 8,Cynodon, nlemfuensis ,Cynodon nlemfuensis ,Poaceae,Poales,grasses,F250008,41,99,2,1,153,0.5004,469.029603,189.729603,0.35037037,41,0.718946759,65.5,16.5,40.5,0.4221875,82,17.7,,24.5,41.5,22.87748761,40.61499324,63.49248086,3.774785456,7.188853804,10.96363926,135.3698795,40.45151985,2.988221604,16.5,17.26761833,23.37515413,57.78560166,0.505277558,12.97361496,32.07200867,
1246,46258,0,Sample 8,Cynodon, nlemfuensis ,Cynodon nlemfuensis ,Poaceae,Poales,grasses,F250008,41,99,2,2,154,0.5002,468.8421411,197.5421411,0.35068287,41.5,0.719340278,65,15.9,40.5,0.422488426,82.5,17.5,,23.5,42,21.87748761,41.11499324,62.99248086,3.478520531,7.195123818,10.67364435,134.3575488,42.13404124,3.135963823,15.9,16.94431495,22.76596622,54.03223985,0.446397279,12.63550513,29.98882793,
1247,46258,0,BLANK 24 H,0,0,BLANK 24 H,0,0,0,BLANK 24 H,41,99,2,1,155,0,0,0,0.350706019,40,0.719675926,41,0,40,0.422708333,42,-,,1,2,,,,,,,,,,,,,,,,,
1248,46258,0,BLANK 24 H,0,0,BLANK 24 H,0,0,0,BLANK 24 H,41,99,2,2,156,0,0,0,0.350868056,40,0.719814815,41,0,40,0.423414352,42,-,,1,2,,,,,,,,,,,,,,,,,
1249,46260,0,BLANK 24 H,0,0,BLANK 24 H,0,0,0,BLANK 24 H,41,100,3,1,157,0,0,0,0.320034722,40,0.65337963,42.5,0,40,0.329895833,43,0,0,2.5,3,,,,,,,,,,,,,,,,,
1250,46260,0,BLANK 24 H,0,0,BLANK 24 H,0,0,0,BLANK 24 H,41,100,3,2,158,0,0,0,0.32025463,39.5,0.6534375,42.5,0,40,0.330162037,44,0,,3,4,,,,,,,,,,,,,,,,,
1251,46260,0,CIAT-BR15_3013,Urochloa,interespecifico,Urochloa interespecifico,Poaceae,Poales,grasses,F262959,41,100,3,1,159,0.5003,468.9171627,262.9171627,0.320543981,40.5,0.653611111,77.5,16.3,41,0.330578704,94.5,17.9,,37,53.5,34.78748311,50.84497973,85.63246284,5.670359747,9.101251372,14.77161112,182.6174635,56.06899973,3.070297805,16.3,17.25001317,31.50153651,56.18351792,0.453728151,17.48389777,31.18282448,
1252,46260,0,CIAT-BR15_3013,Urochloa,interespecifico,Urochloa interespecifico,Poaceae,Poales,grasses,F262959,41,100,3,2,160,0.5004,469.0108899,258.9108899,0.320960648,40.5,0.654085648,77,16.5,40.5,0.331053241,93,17.8,,36.5,52.5,34.28748311,49.84497973,84.13246284,5.657434713,8.872406392,14.52984111,179.3827492,55.20359878,3.077419597,16.5,17.27019585,30.97975211,56.11908063,0.465289948,17.1942984,31.14706067,
1253,46260,0,CIAT-BR15_3017,Urochloa,interespecifico,Urochloa interespecifico,Poaceae,Poales,grasses,F262960,41,100,3,1,161,0.5002,467.696751,262.396751,0.321053241,40.5,0.655034722,80.5,16.2,40.5,0.331377315,94,17.8,,40,53.5,37.78748311,50.84497973,88.63246284,6.121572264,9.050406392,15.17197866,189.5083997,56.10403545,2.960503889,16.2,17.11785746,32.43977775,57.82075654,0.462512165,18.00463789,32.09152024,
1254,46260,0,CIAT-BR15_3017,Urochloa,interespecifico,Urochloa interespecifico,Poaceae,Poales,grasses,F262960,41,100,3,2,162,0.5002,467.696751,231.396751,0.32130787,40.5,0.655578704,78,16.1,40.5,0.331793981,94,17.9,0,37.5,53.5,35.28748311,50.84497973,86.13246284,5.681284781,9.101251372,14.78253615,184.1630558,49.47580895,2.686521938,16.1,17.16256062,31.6070961,63.88393999,0.652453879,17.54248517,35.45669195,
1255,46260,0,CIAT-BR15_3186,Urochloa,interespecifico,Urochloa interespecifico,Poaceae,Poales,grasses,F262961,41,100,3,1,163,0.5,464.0286043,248.5286043,0.321539352,40.5,0.655891204,80.5,15.4,40,0.332256944,92.5,17.6,,40,52.5,37.78748311,49.84497973,87.63246284,5.819272399,8.772716433,14.59198883,188.8514243,53.55889744,2.836033545,15.4,16.65135083,31.44631322,58.71351861,0.522119968,17.45324789,32.58701863,
1256,46260,0,CIAT-BR15_3186,Urochloa,interespecifico,Urochloa interespecifico,Poaceae,Poales,grasses,F262961,41,100,3,2,164,0.5002,464.2142157,222.1142157,0.321724537,40.5,0.656354167,80.5,15.3,40.5,0.332407407,90,17.7,,40,49.5,37.78748311,46.84497973,84.63246284,5.781484916,8.291561413,14.07304633,182.3133803,47.84735327,2.624456482,15.3,16.62842585,30.31584525,63.35950305,0.737340113,16.82581861,35.16562038,
1257,46260,0,CIAT-BR15_3234,Urochloa,interespecifico,Urochloa interespecifico,Poaceae,Poales,grasses,F262962,41,100,3,1,165,0.5,465.1354765,210.7354765,0.321956019,40.5,0.656550926,74.5,15.4,40,0.332708333,92,17.2,,34,52,31.78748311,49.34497973,81.13246284,4.895272399,8.487336514,13.38260891,174.4275957,45.30625746,2.597424867,15.4,16.49476479,28.77142164,63.50429996,0.785722573,15.96863678,35.24598517,
1258,46260,0,CIAT-BR15_3234,Urochloa,interespecifico,Urochloa interespecifico,Poaceae,Poales,grasses,F262962,41,100,3,2,166,0.5004,465.5075849,225.0075849,0.322164352,40.5,0.656967593,75.5,15.3,40,0.332905093,93,16.9,,35,53,32.78748311,50.34497973,83.13246284,5.016484916,8.508301575,13.52478649,178.5845506,48.33596534,2.706615168,15.3,16.26895923,29.05384773,60.1081359,0.625332496,16.12538815,33.36105536,
1259,46260,0,CIAT-BR15_3280,Urochloa,interespecifico,Urochloa interespecifico,Poaceae,Poales,grasses,F262963,41,100,3,1,167,0.5004,464.4856457,248.8856457,0.322337963,40.5,0.657152778,78.5,15.5,40,0.333148148,94,17.1,,38,54,35.78748311,51.34497973,87.13246284,5.547059882,8.779991534,14.32705142,187.58914,53.58306506,2.856405496,15.5,16.44283996,30.84498207,57.56479597,0.477396152,17.1194987,31.94945769,
1260,46260,0,CIAT-BR15_3280,Urochloa,interespecifico,Urochloa interespecifico,Poaceae,Poales,grasses,F262963,41,100,3,2,168,0.5001,464.2071771,209.0071771,0.322546296,40.5,0.657511574,77,15.9,40,0.333414352,93,17.3,,36.5,53,34.28748311,50.34497973,84.63246284,5.451709814,8.709681494,14.16139131,182.3161446,45.02454667,2.469586375,15.9,16.73281248,30.50661861,67.7555264,0.827862447,16.93170112,37.60548939,
1261,46260,0,CIAT-BR15_3294,Urochloa,interespecifico,Urochloa interespecifico,Poaceae,Poales,grasses,F262964,41,100,3,1,169,0.5004,464.357005,185.557005,0.322766204,41,0.657835648,79.5,15.5,40.5,0.333668981,91,17.9,,.,.,.,.,.,.,.,.,.,.,.,.,.,.,.,.,.,.,
1262,46260,0,CIAT-BR15_3294,Urochloa,interespecifico,Urochloa interespecifico,Poaceae,Poales,grasses,F262964,41,100,3,2,170,0.5,463.9858164,256.2858164,0.323009259,41,0.65818287,80,15.6,40.5,0.333993056,92,18,,39,51.5,36.78748311,48.84497973,85.63246284,5.738847365,8.792096352,14.53094372,184.5583632,55.2357006,2.992858174,15.6,16.96896625,31.31764637,56.69819704,0.457784621,17.38183556,31.4684803,
1263,46260,0,CIAT-BR15_3571,Urochloa,interespecifico,Urochloa interespecifico,Poaceae,Poales,grasses,F262965,41,100,3,1,313,0.5003,467.755485,228.455485,0.323240741,40.5,0.658564815,76.5,16.3,40,0.334328704,93.5,17.3,,36,53.5,33.78748311,50.84497973,84.63246284,5.507359747,8.796181494,14.30354124,180.9331276,48.84079232,2.699383633,16.3,16.90077396,30.57909891,62.60975192,0.646489827,16.97192894,34.74949553,
1264,46260,0,CIAT-BR15_3571,Urochloa,interespecifico,Urochloa interespecifico,Poaceae,Poales,grasses,F262965,41,100,3,2,172,0.5001,467.568495,237.068495,0.323425926,40.5,0.658865741,76,15.9,40,0.334560185,93,17.2,,35.5,53,33.28748311,50.34497973,83.63246284,5.292709814,8.659336514,13.95204633,178.8667623,50.70240992,2.834646822,15.9,16.6825726,29.83957747,58.85238495,0.559005285,16.56148175,32.66409186,
1265,46260,0,CIAT-BR15_3597,Urochloa,interespecifico,Urochloa interespecifico,Poaceae,Poales,grasses,F262966,41,100,3,1,173,0.5003,469.586187,243.786187,0.323622685,41.5,0.659236111,79,15.6,40,0.334849537,92,17.1,,37.5,52,35.28748311,49.34497973,84.63246284,5.504847365,8.437991534,13.9428389,180.227752,51.91511031,2.880528095,15.6,16.47457539,29.69175688,57.19289953,0.542192639,16.47943877,31.74304873,
1266,46260,0,CIAT-BR15_3597,Urochloa,interespecifico,Urochloa interespecifico,Poaceae,Poales,grasses,F262966,41,100,3,2,174,0.5002,469.4923261,211.6923261,0.323819444,40.5,0.659652778,79.5,15.8,40,0.335219907,91.5,17.3,,39,51.5,36.78748311,48.84497973,85.63246284,5.812422331,8.450181494,14.26260382,182.3937434,45.08962433,2.472103675,15.8,16.6556039,30.37877944,67.3742128,0.940107621,16.86074818,37.39385375,
1267,46260,0,CIAT-BR15_361,Urochloa,interespecifico,Urochloa interespecifico,Poaceae,Poales,grasses,F262967,41,100,3,1,175,0.5,468.2047617,204.9047617,0.324027778,40.5,0.660104167,77,16.4,40.5,0.335578704,91.5,17.5,0,.,.,.,.,.,.,.,.,.,.,.,.,.,.,.,.,.,.,
1268,46260,0,CIAT-BR15_361,Urochloa,interespecifico,Urochloa interespecifico,Poaceae,Poales,grasses,F262967,41,100,3,2,176,0.5002,468.3920436,238.1920436,0.324282407,40.5,0.660393519,77,16.3,40,0.335798611,90.5,17.6,0,36.5,50.5,34.28748311,47.84497973,82.13246284,5.588859747,8.420716433,14.00957618,175.3498249,50.85313614,2.900096203,16.3,17.05729464,29.90993628,58.81630623,0.516785323,16.60053211,32.64406754,
1269,46260,0,CIAT-BR15_3726,Urochloa,interespecifico,Urochloa interespecifico,Poaceae,Poales,grasses,F262968,41,100,3,1,177,0.5,476.0059905,224.6059905,0.324479167,40.5,0.660833333,84.5,15.6,40.5,0.335960648,92,18,,.,.,.,.,.,.,.,.,.,.,.,.,.,.,.,.,.,.,
1270,46260,0,CIAT-BR15_3726,Urochloa,interespecifico,Urochloa interespecifico,Poaceae,Poales,grasses,F262968,41,100,3,2,178,0.5006,476.5771977,255.8771977,0.324710648,40.5,0.661180556,84.5,15.2,40,0.336215278,90.5,18,,44,50.5,41.78748311,47.84497973,89.63246284,6.351697433,8.612096352,14.96379378,188.0754331,53.69060855,2.854737999,15.2,16.69461411,31.39846778,58.48037231,0.547649043,17.42669284,32.4576184,
1271,46260,0,CIAT-BR15_378,Urochloa,interespecifico,Urochloa interespecifico,Poaceae,Poales,grasses,F262969,41,100,3,1,179,0.5001,475.5262541,250.7262541,0.324930556,40.5,0.661585648,78.5,14.8,40.5,0.336481481,92.5,17.4,,38,52,35.78748311,49.34497973,85.13246284,5.2965475,8.586026473,13.88257397,179.0278919,52.72605917,2.945130985,14.8,16.30702732,29.19412725,55.36944674,0.505044184,16.20324571,30.73100089,
1272,46260,0,CIAT-BR15_378,Urochloa,interespecifico,Urochloa interespecifico,Poaceae,Poales,grasses,F262969,41,100,3,2,180,0.5002,475.6213404,245.7213404,0.32587963,40.5,0.661921296,79,15.4,40.5,0.337164352,92.5,17.5,,38.5,52,36.28748311,49.34497973,85.63246284,5.588272399,8.635371453,14.22364385,180.0433571,51.6632286,2.869488185,15.4,16.61010717,29.90539458,57.88526072,0.55007606,16.59801138,32.12732118,
1273,46260,0,CIAT-BR15_3810,Urochloa,interespecifico,Urochloa interespecifico,Poaceae,Poales,grasses,F262970,41,100,3,1,181,0.5006,473.9997587,206.6997587,0.325393519,41,0.662488426,80,15.3,40.5,0.337384259,92.5,17.1,,39,52,36.78748311,49.34497973,86.13246284,5.628484916,8.437991534,14.06647645,181.7141491,43.60756623,2.399789254,15.3,16.33121356,29.67612576,68.05269893,1.23645286,16.47076322,37.77042529,
1274,46260,0,CIAT-BR15_3810,Urochloa,interespecifico,Urochloa interespecifico,Poaceae,Poales,grasses,F262970,41,100,3,2,182,0.5005,473.9050724,225.0050724,0.326261574,40.5,0.662685185,78.5,15.2,40.5,0.337673611,92,17,0,38,51.5,35.78748311,48.84497973,84.63246284,5.439697433,8.303646554,13.74334399,178.5852648,47.47893313,2.658614258,15.2,16.23885626,29.00020444,61.08015184,0.787109553,16.0956152,33.90054102,
1275,46260,0,CIAT-BR15_395,Urochloa,interespecifico,Urochloa interespecifico,Poaceae,Poales,grasses,F262971,41,100,3,1,183,0.5002,469.6908509,243.6908509,0.326458333,40.5,0.663009259,79,15.4,40.5,0.33787037,94,18,,38.5,53.5,36.28748311,50.84497973,87.13246284,5.588272399,9.152096352,14.74036875,185.5102408,51.88324415,2.796785985,15.4,16.91719512,31.3831294,60.48798589,0.52121605,17.41817978,33.57187867,
1276,46260,0,CIAT-BR15_395,Urochloa,interespecifico,Urochloa interespecifico,Poaceae,Poales,grasses,F262971,41,100,3,2,184,0.5002,469.6908509,250.1908509,0.326631944,41,0.663321759,79.5,15.1,40.5,0.338136574,92.5,17.9,0,38.5,52,36.28748311,49.34497973,85.63246284,5.47940995,8.832751372,14.31216132,182.3166508,53.26713314,2.921682299,15.1,16.71347623,30.47145009,57.2049748,0.471672194,16.91218199,31.74975072,
1277,46260,0,CIAT-BR15_4368,Urochloa,interespecifico,Urochloa interespecifico,Poaceae,Poales,grasses,F262972,41,100,3,1,185,0.5001,467.4951002,255.4951002,0.326805556,41,0.663645833,77,15,40.5,0.338715278,95,16.8,,36,54.5,33.78748311,51.84497973,85.63246284,5.068122466,8.709956595,13.77807906,183.1729633,54.65193113,2.983624337,15,16.08978488,29.47213576,53.92697963,0.439986705,16.35754525,29.93040669,
1278,46260,0,CIAT-BR15_4368,Urochloa,interespecifico,Urochloa interespecifico,Poaceae,Poales,grasses,F262972,41,100,3,2,186,0.5004,467.7755411,189.6755411,0.327037037,41,0.664039352,77,15.3,40.5,0.338981481,93.5,16.8,,36,53,33.78748311,50.34497973,84.13246284,5.169484916,8.457956595,13.62744151,179.8564812,40.54840932,2.254486969,15.3,16.19760203,29.13243706,71.84606634,1.36914618,16.16900659,39.87580983,
1279,46260,0,CIAT-BR15_4442,Urochloa,interespecifico,Urochloa interespecifico,Poaceae,Poales,grasses,F262973,41,100,3,1,187,0.5,465.8585721,246.8585721,0.327233796,40.5,0.664363426,74.5,15.3,40,0.339409722,92.5,16.9,,34,52.5,31.78748311,49.84497973,81.63246284,4.863484916,8.423801575,13.28728649,175.2301401,52.99002463,3.024024555,15.3,16.27696388,28.52214661,53.8255017,0.507539905,15.83028483,29.87408468,
1280,46260,0,CIAT-BR15_4442,Urochloa,interespecifico,Urochloa interespecifico,Poaceae,Poales,grasses,F262973,41,100,3,2,188,0.5003,466.1380872,259.5380872,0.327395833,41,0.664652778,75,15.3,40.5,0.339710648,94,16.7,,34,53.5,31.78748311,50.84497973,82.63246284,4.863484916,8.491111615,13.35459653,177.2703521,55.67836964,3.140873191,15.3,16.16144076,28.64944294,51.45524757,0.439276856,15.9009365,28.55855263,
1281,46260,0,CIAT-BR15_4483,Urochloa,interespecifico,Urochloa interespecifico,Poaceae,Poales,grasses,F262974,41,100,3,1,189,0.5001,470.8793909,227.6793909,0.327581019,40.5,0.665034722,76.5,15.5,40,0.339965278,91,16.5,0,36,51,33.78748311,48.34497973,82.13246284,5.237059882,7.976921656,13.21398154,174.4235667,48.35195494,2.772099886,15.5,16.08862206,28.06234843,58.03767081,0.672298461,15.57508889,32.21191141,
1282,46260,0,CIAT-BR15_4483,Urochloa,interespecifico,Urochloa interespecifico,Poaceae,Poales,grasses,F262974,41,100,3,2,190,0.5004,471.161862,287.161862,0.327789352,40.5,0.665509259,78,15.6,40.5,0.340219907,92.5,16.6,,.,.,.,.,.,.,.,.,.,.,.,.,.,.,.,.,.,.,
1283,46260,0,CIAT-BR15_503,Urochloa,interespecifico,Urochloa interespecifico,Poaceae,Poales,grasses,F262975,41,100,3,1,191,0.5001,468.4702702,213.0702702,0.327951389,41,0.665833333,78.5,15.8,40,0.340520833,94,17.7,,37.5,54,35.28748311,51.34497973,86.63246284,5.575422331,9.088061413,14.66348374,184.9262768,45.48213275,2.459473772,15.8,16.92608436,31.30077761,68.81994251,1.205027045,17.37247311,38.19625875,
1284,46260,0,CIAT-BR15_503,Urochloa,interespecifico,Urochloa interespecifico,Poaceae,Poales,grasses,F262975,41,100,3,2,192,0.5004,468.7512961,258.6512961,0.328148148,41,0.666203704,79.5,15.4,40.5,0.340763889,92.5,18.1,,38.5,52,36.28748311,49.34497973,85.63246284,5.588272399,8.931441331,14.51971373,182.6820823,55.1787906,3.020481807,15.4,16.95585208,30.97530364,56.13624965,0.522471074,17.19182943,31.15658977,
1285,46260,0,CIAT-BR15_5152,Urochloa,interespecifico,Urochloa interespecifico,Poaceae,Poales,grasses,F262976,41,100,3,1,193,0.5,471.625,239.325,0.328356481,40.5,0.666493056,78.5,16.3,40.5,0.341180556,91.5,17.9,,38,51,35.78748311,48.34497973,84.13246284,5.833359747,8.653751372,14.48711112,178.3884714,50.74476544,2.84462135,16.3,17.21940691,30.71743677,60.53321266,0.642922685,17.04870885,33.59698031,
1286,46260,0,CIAT-BR15_5152,Urochloa,interespecifico,Urochloa interespecifico,Poaceae,Poales,grasses,F262976,41,100,3,2,194,0.5003,471.907975,242.707975,0.328541667,40.5,0.666793981,79,16.3,40,0.341458333,91.5,18,0,38.5,51.5,36.28748311,48.84497973,85.13246284,5.914859747,8.792096352,14.7069561,180.4005598,51.4312086,2.850945067,16.3,17.27537958,31.16488146,60.59527339,0.622837742,17.29704839,33.63142509,
1287,46260,0,CIAT-BR15_5232,Urochloa,interespecifico,Urochloa interespecifico,Poaceae,Poales,grasses,F262977,41,100,3,1,195,0.5002,469.1468959,227.3468959,0.328738426,41,0.667152778,73,14.6,40,0.341747685,95.5,17.7,,32,55.5,29.78748311,52.84497973,82.63246284,4.348972534,9.353561413,13.70253395,176.1334532,48.45963981,2.751302431,14.6,16.58250701,29.20734223,60.27148024,0.547744412,16.21058026,33.45171429,
1288,46260,0,CIAT-BR15_5232,Urochloa,interespecifico,Urochloa interespecifico,Poaceae,Poales,grasses,F262977,41,100,3,2,196,0.5,468.9593122,206.6593122,0.328946759,41,0.667488426,73,14.4,41,0.341956019,93,17.9,,32,52,29.78748311,49.34497973,79.13246284,4.289397568,8.832751372,13.12214894,168.7405725,44.06764229,2.611561738,14.4,16.58251047,27.98142312,63.49652866,0.704485308,15.53017394,35.24167196,
1289,46260,0,CIAT-BR15_58,Urochloa,interespecifico,Urochloa interespecifico,Poaceae,Poales,grasses,F262978,41,100,3,1,197,0.5001,465.021485,232.021485,0.329155093,40.5,0.667789352,81.5,15.6,40,0.342326389,95,17.6,,41,55,38.78748311,52.34497973,91.13246284,6.050847365,9.212716433,15.2635638,195.9747362,49.89478819,2.545980628,15.6,16.74876693,32.8233518,65.78513105,0.763035649,18.21752813,36.51188589,
1290,46260,0,CIAT-BR15_58,Urochloa,interespecifico,Urochloa interespecifico,Poaceae,Poales,grasses,F262978,41,100,3,2,198,0.5003,465.2074564,260.9074564,0.329363426,41,0.668171296,83,15.4,40.5,0.342523148,96.5,17.5,,42,56,39.78748311,53.34497973,93.13246284,6.127272399,9.335371453,15.46264385,200.1955505,56.08410889,2.801466303,15.4,16.6028508,33.23816856,59.26485991,0.517398035,18.44775861,32.89302259,
1291,46260,0,CIAT-BR15_60,Urochloa,interespecifico,Urochloa interespecifico,Poaceae,Poales,grasses,F262979,41,100,3,1,199,0.5,471.4807377,228.1807377,0.329583333,40.5,0.668483796,76.5,16.2,40,0.3428125,95,17.5,,36,55,33.78748311,52.34497973,86.13246284,5.473572264,9.160371453,14.63394372,182.6850091,48.3966193,2.649183945,16.2,16.99004444,31.03826423,64.13312475,0.7173939,17.22677364,35.59499381,
1292,46260,0,CIAT-BR15_60,Urochloa,interespecifico,Urochloa interespecifico,Poaceae,Poales,grasses,F262979,41,100,3,2,200,0.5,471.4807377,257.6807377,0.329930556,40.5,0.668831019,79.5,16,40,0.343194444,98,17.5,,39,58,36.78748311,55.34497973,92.13246284,5.885997298,9.685371453,15.57136875,195.4108736,54.6535027,2.79685064,16,16.90106643,33.02652156,60.42892026,0.518175666,18.33029086,33.53909623,
1293,46260,0,CIAT-BR15_6346,Urochloa,interespecifico,Urochloa interespecifico,Poaceae,Poales,grasses,F262980,41,100,3,1,201,0.5003,472.2901999,233.1901999,0.33005787,40.5,0.669270833,78,15.4,40.5,0.343564815,93,16.9,,37.5,52.5,35.28748311,49.84497973,85.13246284,5.434272399,8.423801575,13.85807397,180.2545614,49.37434652,2.739145469,15.4,16.27824864,29.34228569,59.42820059,0.577185204,16.28547621,32.9836795,
1294,46260,0,CIAT-BR15_6346,Urochloa,interespecifico,Urochloa interespecifico,Poaceae,Poales,grasses,F262980,41,100,3,2,202,0.5001,472.1013971,272.0013971,0.330208333,40,0.66962963,77.5,15.2,40.5,0.343796296,92,17.1,,37.5,51.5,35.28748311,48.84497973,84.13246284,5.363697433,8.352491534,13.71618897,178.2084598,57.61503752,3.233013606,15.2,16.30308742,29.05348099,50.42690631,0.377033664,16.12518461,27.98780544,
1295,46260,0,CIAT-BR15_6401,Urochloa,interespecifico,Urochloa interespecifico,Poaceae,Poales,grasses,F262981,41,100,3,1,203,0.5002,473.1960234,255.6960234,0.330358796,40.5,0.670023148,79,15.7,40,0.344097222,92,17,,38.5,52,36.28748311,49.34497973,85.63246284,5.697134848,8.388646554,14.0857814,180.9661506,54.03596201,2.985970682,15.7,16.44911396,29.76732835,55.08799556,0.49372955,16.52138224,30.57479061,
1296,46260,0,CIAT-BR15_6401,Urochloa,interespecifico,Urochloa interespecifico,Poaceae,Poales,grasses,F262981,41,100,3,2,204,0.5002,473.1960234,253.2960234,0.330543981,40.5,0.670358796,78.5,15.9,40.5,0.344363426,92,17.4,,38,51.5,35.78748311,48.84497973,84.63246284,5.690209814,8.499026473,14.18923629,178.8528615,53.52877262,2.992894392,15.9,16.76571355,29.98595843,56.0183934,0.511495162,16.64272572,31.09117751,
1297,46260,0,CIAT-BR15_6402,Urochloa,interespecifico,Urochloa interespecifico,Poaceae,Poales,grasses,F262982,41,100,3,1,205,0.5002,474.1236704,234.0236704,0.330717593,40.5,0.670659722,81,15.6,40,0.34462963,89.5,17.4,,.,.,.,.,.,.,.,.,.,.,.,.,.,.,.,.,.,.,
1298,46260,0,CIAT-BR15_6402,Urochloa,interespecifico,Urochloa interespecifico,Poaceae,Poales,grasses,F262982,41,100,3,2,206,0.5002,474.1236704,275.8236704,0.330891204,40.5,0.671180556,81.5,15.4,41,0.344918981,91.5,17.7,,41,50.5,38.78748311,47.84497973,86.63246284,5.973272399,8.468561413,14.44183381,182.7212355,58.17546932,3.183837344,15.4,16.67023346,30.46005655,52.35893566,0.469608751,16.90585838,29.06011515,
1299,46260,0,CIAT-BR15_6434,Urochloa,interespecifico,Urochloa interespecifico,Poaceae,Poales,grasses,F262983,41,100,3,1,207,0.5004,471.2560628,270.4560628,0.331238426,40,0.671469907,76.5,15.6,40,0.345127315,93,17.1,,36.5,53,34.28748311,50.34497973,84.63246284,5.348847365,8.608991534,13.9578389,179.5891226,57.39046861,3.195653933,15.6,16.49229909,29.61837524,51.60852656,0.403544986,16.43871068,28.64362512,
1300,46260,0,CIAT-BR15_6434,Urochloa,interespecifico,Urochloa interespecifico,Poaceae,Poales,grasses,F262983,41,100,3,2,208,0.5001,470.9735351,269.5735351,0.33162037,40.5,0.671770833,76.5,16,40,0.345474537,92.5,17.2,,36,52.5,33.78748311,49.84497973,83.63246284,5.405997298,8.573336514,13.97933381,177.573593,57.23751231,3.223312168,16,16.71520046,29.68178203,51.85721886,0.40692899,16.47390255,28.78165365,
1301,46260,0,CIAT-BR15_6504,Urochloa,interespecifico,Urochloa interespecifico,Poaceae,Poales,grasses,F262984,41,100,3,1,209,0.5001,467.1481345,277.1481345,0.331759259,40.5,0.672164352,77,16.6,40.5,0.345798611,90.5,16.4,,36.5,50,34.28748311,47.34497973,81.63246284,5.691722196,7.764576676,13.45629887,174.7464173,59.32767661,3.395072559,16.6,16.48400453,28.80520734,48.55273118,0.39713358,15.98738843,26.94760582,
1302,46260,0,CIAT-BR15_6504,Urochloa,interespecifico,Urochloa interespecifico,Poaceae,Poales,grasses,F262984,41,100,3,2,210,0.5,467.0547236,264.5547236,0.331793981,40.5,0.6725,76,15.7,40.5,0.346064815,91,16.2,,35.5,50.5,33.28748311,47.84497973,81.13246284,5.226134848,7.750886717,12.97702156,173.7108282,56.64319623,3.26077521,15.7,15.99485719,27.78479889,49.05231473,0.439605479,15.42104409,27.22488333,
1303,46260,0,CIAT-BR15_6508,Urochloa,interespecifico,Urochloa interespecifico,Poaceae,Poales,grasses,F262985,41,100,3,1,211,0.5001,479.9759597,250.2759597,0.331990741,40.5,0.6728125,76.5,15.4,40.5,0.346423611,91.5,17.2,,36,51,33.78748311,48.34497973,82.13246284,5.203272399,8.315336514,13.51860891,171.1178678,52.14343649,3.047223364,15.4,16.45951971,28.16517919,54.014812,0.587117253,15.63216174,29.97915517,
1304,46260,0,CIAT-BR15_6508,Urochloa,interespecifico,Urochloa interespecifico,Poaceae,Poales,grasses,F262985,41,100,3,2,212,0.5003,480.1679117,257.9679117,0.332164352,40.5,0.673368056,76.5,15.5,40,0.346655093,92.5,17.1,,36,52.5,33.78748311,49.84497973,83.63246284,5.237059882,8.523491534,13.76055142,174.1733689,53.72452124,3.084542807,15.5,16.45360061,28.6577905,53.34210494,0.538184072,15.90556953,29.60579111,
1305,46260,0,CIAT-BR15_6543,Urochloa,interespecifico,Urochloa interespecifico,Poaceae,Poales,grasses,F262986,41,100,3,1,213,0.5005,480.8333146,288.0333146,0.332349537,41,0.673599537,78,15.8,41,0.347025463,89,17.9,,37,48,34.78748311,45.34497973,80.13246284,5.496422331,8.116751372,13.6131737,166.6533088,59.90294471,3.594464769,15.8,16.98833808,28.31162752,47.26249713,0.425008009,15.7134431,26.2315036,
1306,46260,0,CIAT-BR15_6543,Urochloa,interespecifico,Urochloa interespecifico,Poaceae,Poales,grasses,F262986,41,100,3,2,214,0.5005,480.8333146,266.1333146,0.332569444,40.5,0.673900463,78.5,15.6,40,0.347488426,89,17.6,,38,49,35.78748311,46.34497973,82.13246284,5.582847365,8.156716433,13.7395638,170.8127543,55.34835181,3.240293854,15.6,16.72854231,28.57448388,51.62662112,0.565186695,15.85933292,28.65366791,
1307,46260,0,CIAT-BR15_6571,Urochloa,interespecifico,Urochloa interespecifico,Poaceae,Poales,grasses,F262987,41,100,3,1,215,0.5001,482.3491176,271.4491176,0.33275463,40.5,0.674328704,80,15.3,40.5,0.347685185,91,17.2,,39.5,50.5,37.28748311,47.84497973,85.13246284,5.704984916,8.229336514,13.93432143,176.4955294,56.27648267,3.188550038,15.3,16.36781195,28.88845635,51.33308796,0.499926364,16.03359308,28.49075193,
1308,46260,0,CIAT-BR15_6571,Urochloa,interespecifico,Urochloa interespecifico,Poaceae,Poales,grasses,F262987,41,100,3,2,216,0.5003,482.5420187,264.0420187,0.333159722,40.5,0.674594907,80,15.1,41,0.347974537,88,17.5,,39.5,47,37.28748311,44.34497973,81.63246284,5.63040995,7.760371453,13.3907814,169.1717191,54.71896922,3.234522266,15.1,16.40374544,27.75049816,50.71458502,0.529207939,15.40200659,28.1474721,
1309,46260,0,CIAT-BR15_6590,Urochloa,interespecifico,Urochloa interespecifico,Poaceae,Poales,grasses,F262988,41,100,3,1,217,0.5002,483.6458656,275.8458656,0.33318287,40.5,0.67525463,83.5,15.2,40.5,0.348275463,91,17.6,,43,50.5,40.78748311,47.84497973,88.63246284,6.199697433,8.420716433,14.62041387,183.2590107,57.03467872,3.112244168,15.2,16.49555185,30.22958513,53.00211346,0.555796811,16.77794275,29.41708996,
1310,46260,0,CIAT-BR15_6590,Urochloa,interespecifico,Urochloa interespecifico,Poaceae,Poales,grasses,F262988,41,100,3,2,218,0.5006,484.0326276,269.0326276,0.33337963,40.5,0.675613426,83.5,15.4,40.5,0.34849537,91,17.9,,43,50.5,40.78748311,47.84497973,88.63246284,6.281272399,8.564251372,14.84552377,183.1125792,55.58150675,3.035373484,15.4,16.74953318,30.6705022,55.18112768,0.623425635,17.02265936,30.62648055,
1311,46260,0,CIAT-BR15_6758,Urochloa,interespecifico,Urochloa interespecifico,Poaceae,Poales,grasses,F262989,41,100,3,1,219,0.5001,471.451484,268.051484,0.333831019,41,0.67599537,77.5,15.2,40.5,0.348773148,90,18.5,,36.5,49.5,34.28748311,46.84497973,81.13246284,5.211697433,8.66632125,13.87801868,172.0907996,56.85664232,3.303874609,15.2,17.10538322,29.43679075,51.77370585,0.454606899,16.33792815,28.73530248,
1312,46260,0,CIAT-BR15_6758,Urochloa,interespecifico,Urochloa interespecifico,Poaceae,Poales,grasses,F262989,41,100,3,2,220,0.5004,471.7342983,243.9342983,0.333888889,40.5,0.676261574,77.5,14.9,40.5,0.349050926,91,18.6,,37,50.5,34.78748311,47.84497973,82.63246284,5.183334983,8.89916623,14.08250121,175.1673837,51.71010443,2.952039549,14.9,17.04233509,29.85261251,57.73071401,0.633200433,16.56871642,32.04154508,
1313,46260,0,CIAT-BR15_7006,Urochloa,interespecifico,Urochloa interespecifico,Poaceae,Poales,grasses,F262990,41,100,3,1,221,0.5005,477.5793921,270.8793921,0.334386574,41,0.676597222,81.5,15.8,41,0.349351852,92,17.7,,40.5,51,38.28748311,48.34497973,86.63246284,6.049422331,8.557061413,14.60648374,181.399081,56.71923801,3.126765455,15.8,16.86028916,30.5844096,53.92246207,0.482795423,16.97487647,29.92789936,
1314,46260,0,CIAT-BR15_7006,Urochloa,interespecifico,Urochloa interespecifico,Poaceae,Poales,grasses,F262990,41,100,3,2,222,0.5004,477.4839716,269.2839716,0.334398148,41,0.677094907,83.5,15.5,41,0.349583333,95,17.6,,42.5,54,40.28748311,51.34497973,91.63246284,6.244559882,9.036716433,15.28127631,191.9068875,56.3964421,2.938739866,15.5,16.67670588,32.00374719,56.74781244,0.513936157,17.76263339,31.4960177,
1315,46260,0,CIAT-BR15_7316,Urochloa,interespecifico,Urochloa interespecifico,Poaceae,Poales,grasses,F262991,41,100,3,1,223,0.5003,471.5107862,262.1107862,0.335,40.5,0.6775,84.5,15.9,40.5,0.349837963,93.5,17.8,0,44,53,41.78748311,50.34497973,92.13246284,6.644209814,8.961406392,15.60561621,195.3984204,55.58956314,2.84493411,15.9,16.93823841,33.0970503,59.538245,0.646515378,18.36943553,33.04475605,
1316,46260,0,CIAT-BR15_7316,Urochloa,interespecifico,Urochloa interespecifico,Poaceae,Poales,grasses,F262991,41,100,3,2,224,0.5002,471.4165406,253.0165406,0.335011574,40,0.677951389,82,15.4,40,0.350092593,92,17.8,,42,52,39.78748311,49.34497973,89.13246284,6.127272399,8.783406392,14.91067879,189.0736857,53.67154497,2.838657573,15.4,16.72867361,31.62951977,58.93163647,0.714739989,17.5549307,32.70807782,
1317,46260,0,CIAT-BR15_7318,Urochloa,interespecifico,Urochloa interespecifico,Poaceae,Poales,grasses,F262992,41,100,3,1,225,0.5002,473.8197283,264.6197283,0.335833333,40.5,0.678356481,84,15.6,40.5,0.35037037,95.5,17.7,,43.5,55,41.28748311,52.34497973,93.63246284,6.440847365,9.265061413,15.70590878,197.6119972,55.84818708,2.826153668,15.6,16.77399942,33.14743528,59.35275075,0.597913362,18.39740007,32.94180353,
1318,46260,0,CIAT-BR15_7318,Urochloa,interespecifico,Urochloa interespecifico,Poaceae,Poales,grasses,F262992,41,100,3,2,226,0.5003,473.9144543,257.2144543,0.335868056,40.5,0.678645833,81.5,15.7,40.5,0.350740741,93.5,17.6,,41,53,38.78748311,50.34497973,89.13246284,6.089634848,8.860716433,14.95035128,188.077114,54.27444805,2.885755045,15.7,16.7731832,31.54651888,58.12407129,0.632423648,17.50886377,32.25986517,
1319,46260,0,CIAT-BR15_757,Urochloa,interespecifico,Urochloa interespecifico,Poaceae,Poales,grasses,F262993,41,100,3,1,227,0.5001,472.4749439,256.7749439,0.335914352,40.5,0.679155093,81.5,15.6,40,0.351064815,95.5,17.2,,41,55.5,38.78748311,52.84497973,91.63246284,6.050847365,9.089336514,15.14018388,193.9414228,54.34678542,2.802226809,15.6,16.5227294,32.04441648,58.96285537,0.69291852,17.78520555,32.72540485,
1320,46260,0,CIAT-BR15_757,Urochloa,interespecifico,Urochloa interespecifico,Poaceae,Poales,grasses,F262993,41,100,3,2,228,0.5005,472.8528483,257.7528483,0.335949074,41.5,0.679456019,84.5,15.4,41,0.351203704,93,17.4,,43,52,40.78748311,49.34497973,90.13246284,6.281272399,8.586026473,14.86729887,190.6141904,54.51016087,2.859711586,15.4,16.49494356,31.44170311,57.68044455,0.67183028,17.4506892,32.01364466,
1321,46260,0,CIAT-BR15_780,Urochloa,interespecifico,Urochloa interespecifico,Poaceae,Poales,grasses,F262994,41,100,3,1,229,0.5002,467.643491,250.443491,0.336678241,41,0.679837963,84,15.7,41,0.351493056,90,17.6,,43,49,40.78748311,46.34497973,87.13246284,6.403634848,8.156716433,14.56035128,186.3224112,53.55436263,2.874284541,15.7,16.71059305,31.13557991,58.13826993,0.78802832,17.28078553,32.26774566,
1322,46260,0,CIAT-BR15_780,Urochloa,interespecifico,Urochloa interespecifico,Poaceae,Poales,grasses,F262994,41,100,3,2,230,0.5,467.4565084,270.0565084,0.336689815,41,0.680185185,84.5,15.4,40.5,0.351736111,92.5,17.7,,43.5,52,41.28748311,49.34497973,90.63246284,6.358272399,8.734061413,15.09233381,193.8842678,57.77147254,2.979688512,15.4,16.65223843,32.28607056,55.88583627,0.583189285,17.91932774,31.01760601,
1323,46260,0,CIAT-BR15_800,Urochloa,interespecifico,Urochloa interespecifico,Poaceae,Poales,grasses,F262995,41,100,3,1,231,0.5002,472.9722783,269.5722783,0.336736111,40.5,0.680590278,79,15.5,40,0.351990741,92,17.4,,38.5,52,36.28748311,49.34497973,85.63246284,5.624559882,8.586026473,14.21058636,181.0517588,56.99536541,3.148015009,15.5,16.59485887,30.04528385,52.71531051,0.569634892,16.67565235,29.25790936,
1324,46260,0,CIAT-BR15_800,Urochloa,interespecifico,Urochloa interespecifico,Poaceae,Poales,grasses,F262995,41,100,3,2,232,0.5001,472.8777217,259.5777217,0.337638889,40.5,0.68087963,78,15.1,40,0.352222222,90,17.5,,37.5,50,35.28748311,47.34497973,82.63246284,5.32840995,8.285371453,13.6137814,174.7438271,54.89320173,3.141352838,15.1,16.47510063,28.78922135,52.44587754,0.639803564,15.97851593,29.1083694,
1325,46260,0,BLANK 8 H,0,0,BLANK 8 H,0,0,0,BLANK 8 H,41,100,3,1,233,0,0,0,0.337662037,40,0.681921296,43.5,0,0,0,0,0,,3.5,,,,,,,,,,,,,,,,,,
1326,46260,0,BLANK 8 H,0,0,BLANK 8 H,0,0,0,BLANK 8 H,41,100,3,2,234,0,0,0,0.337685185,39.5,0.682256944,43,0,0,0,0,0,,3.5,,,,,,,,,,,,,,,,,,
1327,46260,0,CIAT-BR15_823,Urochloa,interespecifico,Urochloa interespecifico,Poaceae,Poales,grasses,F262996,41,100,3,1,235,0.5002,475.9689333,283.8689333,0.338009259,40.5,0.682222222,81,15.3,40.5,0.3525,93,16.1,,40.5,52.5,38.28748311,49.84497973,88.13246284,5.857984916,8.025041737,13.88302665,185.1643178,59.64022302,3.22093499,15.3,15.75245512,29.16792606,48.90646711,0.456994567,16.1887036,27.14393538,
1328,46260,0,CIAT-BR15_823,Urochloa,interespecifico,Urochloa interespecifico,Poaceae,Poales,grasses,F262996,41,100,3,2,236,0.5,475.7786219,288.6786219,0.338125,40.5,0.682708333,80.5,14.8,40,0.352777778,92,16.2,0,40,52,37.78748311,49.34497973,87.13246284,5.5925475,7.993886717,13.58643422,183.1365657,60.67498803,3.31310068,14.8,15.59284998,28.55620995,47.06422016,0.422411798,15.84919057,26.12145645,
1329,46260,0,CIAT-BR15_8529,Urochloa,interespecifico,Urochloa interespecifico,Poaceae,Poales,grasses,F262997,41,100,3,1,237,0.5004,469.7846843,220.4846843,0.338275463,41,0.683043981,80.5,14.6,40.5,0.353078704,93,17.1,,39.5,52.5,37.28748311,49.84497973,87.13246284,5.443972534,8.523491534,13.96746407,185.4731875,46.93313589,2.530453944,14.6,16.03014951,29.73162927,63.3489084,1.299562493,16.50156863,35.15974016,
1330,46260,0,CIAT-BR15_8529,Urochloa,interespecifico,Urochloa interespecifico,Poaceae,Poales,grasses,F262997,41,100,3,2,238,0.5001,469.5030388,250.8030388,0.33849537,41,0.683530093,80.5,15.4,40.5,0.353402778,93.5,17.2,,39.5,53,37.28748311,50.34497973,87.63246284,5.742272399,8.659336514,14.40160891,186.649405,53.41883184,2.861987791,15.4,16.43410267,30.67415485,57.42198732,0.665017262,17.02468663,31.87019642,
1331,46260,0,CIAT-BR15_8650,Urochloa,interespecifico,Urochloa interespecifico,Poaceae,Poales,grasses,F262998,41,100,3,1,239,0.5002,477.4920478,276.6920478,0.338738426,40.5,0.683553241,81.5,15.3,40,0.353668981,97.5,17.6,,41,57.5,38.78748311,54.84497973,93.63246284,5.934484916,9.652716433,15.58720135,196.0921931,57.94694364,2.955086724,15.3,16.64721922,32.64389725,56.33411394,0.586565114,18.11792775,31.26640787,
1332,46260,0,CIAT-BR15_8650,Urochloa,interespecifico,Urochloa interespecifico,Poaceae,Poales,grasses,F262998,41,100,3,2,240,0.5,477.3011274,292.6011274,0.338935185,41,0.683842593,81.5,15,41,0.353888889,98,17.6,,40.5,57,38.28748311,54.34497973,92.63246284,5.743122466,9.564716433,15.3078389,194.0755165,61.30325503,3.15873203,15,16.52535022,32.07165879,52.31640437,0.471969671,17.8003255,29.03650955,
1333,46260,0,CIAT-BR15_8756,Urochloa,interespecifico,Urochloa interespecifico,Poaceae,Poales,grasses,F262999,41,100,3,1,241,0.5002,474.8686634,272.6686634,0.339166667,40.5,0.68400463,78.5,15.7,40.5,0.354143519,96,17.5,,38,55.5,35.78748311,52.84497973,88.63246284,5.618634848,9.247871453,14.8665063,186.646266,57.4198056,3.076397232,15.7,16.77320682,31.30656421,54.52223998,0.57781234,17.37568477,30.26078648,
1334,46260,0,CIAT-BR15_8756,Urochloa,interespecifico,Urochloa interespecifico,Poaceae,Poales,grasses,F262999,41,100,3,2,242,0.5001,474.7737276,270.6737276,0.339363426,40.5,0.684398148,78,15.6,40,0.354513889,94,17.6,0,37.5,54,35.28748311,51.34497973,86.63246284,5.504847365,9.036716433,14.5415638,182.4710547,57.01110063,3.124391467,15.6,16.78535196,30.62840876,53.7235879,0.581289045,16.99929676,29.81752076,
1335,46260,0,CIAT-BR15_8881,Urochloa,interespecifico,Urochloa interespecifico,Poaceae,Poales,grasses,F263000,41,100,3,1,243,0.5003,471.4384623,248.6384623,0.339583333,41,0.685069444,83,15.4,40,0.354803241,95,17,,42,55,39.78748311,52.34497973,92.13246284,6.127272399,8.898646554,15.02591895,195.4283967,52.74038548,2.698706348,15.4,16.30903863,31.87249271,60.43280196,0.636308099,17.68978488,33.54125064,
1336,46260,0,CIAT-BR15_8881,Urochloa,interespecifico,Urochloa interespecifico,Poaceae,Poales,grasses,F263000,41,100,3,2,244,0.5001,471.25,245.15,0.339780093,41,0.685393519,82.5,15.3,40.5,0.355081019,91.5,17.1,,41.5,51,39.28748311,48.34497973,87.63246284,6.010984916,8.266991534,14.27797645,185.9574808,52.02122016,2.797479291,15.3,16.293022,30.29809326,58.24179665,0.635938167,16.81596595,32.32520479,
1337,46260,0,CIAT-BR15_8905,Urochloa,interespecifico,Urochloa interespecifico,Poaceae,Poales,grasses,F263001,41,100,3,1,245,0.5,470.9601489,241.5601489,0.339918981,40.5,0.68568287,82,15.1,40,0.355358796,90,17.3,,41.5,50,39.28748311,47.34497973,86.63246284,5.93240995,8.190681494,14.12309144,183.9486059,51.29099552,2.788332929,15.1,16.3023086,29.98786941,58.46614812,0.894434316,16.64378635,32.44972373,
1338,46260,0,CIAT-BR15_8905,Urochloa,interespecifico,Urochloa interespecifico,Poaceae,Poales,grasses,F263001,41,100,3,2,246,0.5001,471.0543409,237.7543409,0.340347222,41,0.686006944,82.5,15.1,40.5,0.355613426,91,17.4,,41.5,50.5,39.28748311,47.84497973,87.13246284,5.93240995,8.325026473,14.25743642,184.9732722,50.47280542,2.728653973,15.1,16.36294437,30.26707364,59.96709195,0.991790515,16.79874952,33.28277353,
1339,46260,0,CIAT-BR15_8976,Urochloa,interespecifico,Urochloa interespecifico,Poaceae,Poales,grasses,F263002,41,100,3,1,247,0.5001,470.8514165,235.4514165,0.340555556,40.5,0.686284722,84,15.1,40,0.355868056,91,16.9,,43.5,51,41.28748311,48.34497973,89.63246284,6.23440995,8.170301575,14.40471152,190.3625214,50.00545995,2.626854256,15.1,16.07086436,30.5929026,61.1791245,1.313718062,16.97959023,33.95547256,
1340,46260,0,CIAT-BR15_8976,Urochloa,interespecifico,Urochloa interespecifico,Poaceae,Poales,grasses,F263002,41,100,3,2,248,0.5006,471.3221738,260.9221738,0.340740741,41,0.686574074,84,14.8,40,0.356122685,90.5,16.7,,43,50.5,40.78748311,47.84497973,88.63246284,6.0365475,7.990111615,14.02665912,188.0506961,55.35962199,2.943866901,14.8,15.82564522,29.76023598,53.75801877,0.684225376,16.51744585,29.83663049,
1341,46260,0,CIAT-BR15_9125,Urochloa,interespecifico,Urochloa interespecifico,Poaceae,Poales,grasses,F263003,41,100,3,1,249,0.5003,476.2153792,257.4153792,0.341180556,40.5,0.687025463,81,15.6,40.5,0.356446759,87,17.8,,40.5,46.5,38.28748311,43.84497973,82.13246284,5.972847365,7.804406392,13.77725376,172.4691525,54.05440278,3.134149035,15.6,16.77443155,28.93071992,53.52148656,0.596610078,16.05705009,29.70535102,
1342,46260,0,CIAT-BR15_9125,Urochloa,interespecifico,Urochloa interespecifico,Poaceae,Poales,grasses,F263003,41,100,3,2,250,0.5003,476.2153792,228.0153792,0.341759259,40.5,0.687326389,83,15.5,40,0.356712963,89,17.6,,42.5,49,40.28748311,46.34497973,86.63246284,6.244559882,8.156716433,14.40127631,181.9186583,47.88072564,2.631985421,15.5,16.62341788,30.24109876,63.15923236,1.128753911,16.78433302,35.05446668,
1343,46260,0,CIAT-BR15_9141,Urochloa,interespecifico,Urochloa interespecifico,Poaceae,Poales,grasses,F263004,41,100,3,1,251,0.5,470.6543487,266.1543487,0.341828704,40.5,0.687627315,80,15.1,40.5,0.356990741,92,17.8,,39.5,51.5,37.28748311,48.84497973,86.13246284,5.63040995,8.694406392,14.32481634,183.0057729,56.54985435,3.090058497,15.1,16.6311468,30.43595875,53.82146267,0.459375921,16.89248368,29.87184295,
1344,46260,0,CIAT-BR15_9141,Urochloa,interespecifico,Urochloa interespecifico,Poaceae,Poales,grasses,F263004,41,100,3,2,252,0.5004,471.0308722,261.0308722,0.341875,40.5,0.688020833,79,15.3,40,0.357268519,95,17.7,,38.5,55,36.28748311,52.34497973,88.63246284,5.551984916,9.265061413,14.81704633,188.166993,55.41693498,2.945093297,15.3,16.71740337,31.45663523,56.76357821,0.504171831,17.45897679,31.50476798,
1345,46260,0,CIAT-BR15_9142,Urochloa,interespecifico,Urochloa interespecifico,Poaceae,Poales,grasses,F263005,41,100,3,1,253,0.5,469.834042,270.334042,0.341909722,41,0.688287037,83,16,40.5,0.357534722,90,17.9,0,42,49.5,39.78748311,46.84497973,86.63246284,6.365997298,8.385251372,14.75124867,184.3894974,57.53819814,3.120470469,16,17.02739156,31.39672172,54.56674476,0.480843546,17.42572375,30.2854874,
1346,46260,0,CIAT-BR15_9142,Urochloa,interespecifico,Urochloa interespecifico,Poaceae,Poales,grasses,F263005,41,100,3,2,254,0.5005,470.303876,245.303876,0.342210648,40.5,0.68869213,83.5,15.8,40,0.357893519,90,18,,43,50,40.78748311,47.34497973,88.13246284,6.444422331,8.522096352,14.96651868,187.3947193,52.15859119,2.783354375,15.8,16.98184551,31.82308173,61.01215735,0.683551417,17.66236093,33.8628029,
1347,46260,0,CIAT-BR15_972,Urochloa,interespecifico,Urochloa interespecifico,Poaceae,Poales,grasses,F263006,41,100,3,1,255,0.5005,471.7284873,271.2284873,0.342696759,41,0.688981481,82.5,15.6,40.5,0.358125,91,18,,41.5,50.5,39.28748311,47.84497973,87.13246284,6.128847365,8.612096352,14.74094372,184.7089273,57.49673691,3.112829345,15.6,16.91785499,31.24878848,54.34880335,0.433985538,17.34361824,30.16452615,
1348,46260,0,CIAT-BR15_972,Urochloa,interespecifico,Urochloa interespecifico,Poaceae,Poales,grasses,F263006,41,100,3,2,256,0.5,471.25723,238.45723,0.343136574,41,0.689351852,82.5,15.7,40,0.358368056,90,17.7,,41.5,50,39.28748311,47.34497973,86.63246284,6.168134848,8.380061413,14.54819626,183.8326445,50.6002274,2.752515884,15.7,16.79300782,30.87103037,61.00966726,0.625676578,17.13395596,33.86142086,
1349,46260,0,CIAT-BR19_1033,Urochloa,interespecifico,Urochloa interespecifico,Poaceae,Poales,grasses,F263007,41,100,3,1,257,0.5003,474.2171798,287.6171798,0.343449074,41,0.689652778,81.5,14.8,41,0.358703704,96,17.5,,40.5,55,38.28748311,52.34497973,90.63246284,5.6665475,9.160371453,14.82691895,191.1201591,60.65094055,3.173445483,14.8,16.35939098,31.26609407,51.5508808,0.382686261,17.35322314,28.61163073,
1350,46260,0,CIAT-BR19_1033,Urochloa,interespecifico,Urochloa interespecifico,Poaceae,Poales,grasses,F263007,41,100,3,2,258,0.5002,474.1223933,255.9223933,0.343553241,41,0.690046296,80,15.1,40.5,0.358958333,94.5,17.6,,39,54,36.78748311,51.34497973,88.13246284,5.55490995,9.036716433,14.59162638,185.8854677,53.9781282,2.903837985,15.1,16.55647183,30.7760751,57.01582497,0.514576319,17.08125414,31.64476929,
1351,46260,0,CIAT-BR19_113,Urochloa,interespecifico,Urochloa interespecifico,Poaceae,Poales,grasses,F263008,41,100,3,1,259,0.5002,473.4209934,245.4209934,0.343831019,40.5,0.690358796,85,15.5,40,0.359305556,88.5,17.8,,44.5,48.5,42.28748311,45.84497973,88.13246284,6.554559882,8.160406392,14.71496627,186.1608675,51.83990504,2.784683254,15.5,16.69642014,31.08220057,59.95805847,0.709213375,17.25115907,33.27775979,
1352,46260,0,CIAT-BR19_113,Urochloa,interespecifico,Urochloa interespecifico,Poaceae,Poales,grasses,F263008,41,100,3,2,260,0.5001,473.3263471,229.7263471,0.343981481,41,0.690717593,85.5,15.4,40.5,0.359560185,92,17.7,,44.5,51.5,42.28748311,48.84497973,91.13246284,6.512272399,8.645561413,15.15783381,192.536214,48.53445165,2.520795992,15.4,16.63274901,32.02406522,65.98213049,0.990133725,17.77391025,36.62122398,
1353,46260,0,CIAT-BR19_1444,Urochloa,interespecifico,Urochloa interespecifico,Poaceae,Poales,grasses,F263009,41,100,3,1,261,0.5005,471.7713,227.0713,0.344189815,41,0.691064815,84.5,15.5,40.5,0.359814815,91.5,18.2,,43.5,51,41.28748311,48.34497973,89.63246284,6.399559882,8.798786311,15.19834619,189.9913429,48.13164769,2.533360044,15.5,16.95629654,32.2154955,66.93204378,0.915238564,17.88015737,37.14844229,
1354,46260,0,CIAT-BR19_1444,Urochloa,interespecifico,Urochloa interespecifico,Poaceae,Poales,grasses,F263009,41,100,3,2,262,0.5001,471.39426,234.39426,0.344386574,41,0.691400463,84.5,15.6,40.5,0.360150463,91.5,18.1,,43.5,51,41.28748311,48.34497973,89.63246284,6.440847365,8.750441331,15.1912887,190.1433056,49.72361352,2.615059908,15.6,16.94842272,32.22629121,64.81083921,0.792639168,17.88614917,35.97113706,
1355,46260,0,CIAT-BR19_1583,Urochloa,interespecifico,Urochloa interespecifico,Poaceae,Poales,grasses,F263010,41,100,3,1,263,0.5001,476.8226727,249.8226727,0.34462963,40.5,0.691724537,82.5,15.2,40.5,0.360405093,95.5,17.8,,42,55,39.78748311,52.34497973,92.13246284,6.047697433,9.317406392,15.36510382,193.2216484,52.39320339,2.711559694,15.2,16.67718777,32.22393712,61.50404067,0.668483871,17.88484261,34.13580666,
1356,46260,0,CIAT-BR19_1583,Urochloa,interespecifico,Urochloa interespecifico,Poaceae,Poales,grasses,F263010,41,100,3,2,264,0.5003,477.0133637,300.5133637,0.344849537,41,0.692083333,81.5,15.4,40.5,0.360706019,95,17.6,,.,.,.,.,.,.,.,.,.,.,.,.,.,.,.,.,.,.,
1357,46260,0,CIAT-BR19_166,Urochloa,interespecifico,Urochloa interespecifico,Poaceae,Poales,grasses,F263011,41,100,3,1,265,0.5003,473.98422,249.78422,0.345046296,41,0.69244213,80.5,15.4,40.5,0.360949074,94,17.3,,39.5,53.5,37.28748311,50.84497973,88.13246284,5.742272399,8.796181494,14.53845389,185.9396561,52.69884723,2.834190853,15.4,16.49613936,30.67286479,58.20405265,0.56252575,17.02397063,32.30425621,
1358,46260,0,CIAT-BR19_166,Urochloa,interespecifico,Urochloa interespecifico,Poaceae,Poales,grasses,F263011,41,100,3,2,266,0.5001,473.79474,263.79474,0.345243056,40.5,0.692835648,81,15.1,40,0.361423611,94.5,16.9,,40.5,54.5,38.28748311,51.84497973,90.13246284,5.78140995,8.761801575,14.54321152,190.2352543,55.67700899,2.926745056,15.1,16.13537572,30.69517303,55.13078663,0.476609619,17.03635209,30.5985404,
1359,46260,0,CIAT-BR19_1727,Urochloa,interespecifico,Urochloa interespecifico,Poaceae,Poales,grasses,F263012,41,100,3,1,267,0.5003,470.0333758,239.7333758,0.345405093,40.5,0.693043981,76.5,15.2,40,0.361631944,99,17.3,,36,59,33.78748311,56.34497973,90.13246284,5.135697433,9.747681494,14.88337893,191.7575804,51.00347935,2.659789472,15.2,16.51278403,31.6645151,62.08304905,0.432688544,17.57435371,34.45716632,
1360,46260,0,CIAT-BR19_1727,Urochloa,interespecifico,Urochloa interespecifico,Poaceae,Poales,grasses,F263012,41,100,3,2,268,0.5001,469.8454752,217.0454752,0.345578704,40.5,0.693402778,76.5,17.4,40,0.362210648,99,17.3,,36,59,33.78748311,56.34497973,90.13246284,5.879022061,9.747681494,15.62670355,191.8342681,46.19507618,2.408072167,17.4,17.33748647,33.25924028,71.9973708,0.55890775,18.45945378,39.95978642,
1361,46260,0,CIAT-BR19_1783,Urochloa,interespecifico,Urochloa interespecifico,Poaceae,Poales,grasses,F263013,41,100,3,1,269,0.5001,466.625,282.825,0.345752315,40.5,0.693738426,81,14.9,40,0.362523148,90,17.4,,40.5,50,38.28748311,47.34497973,85.63246284,5.704834983,8.238026473,13.94286146,183.5145199,60.61076882,3.302777832,14.9,16.2822147,29.88022814,49.29854665,0.420861996,16.58404358,27.36154631,
1362,46260,0,CIAT-BR19_1783,Urochloa,interespecifico,Urochloa interespecifico,Poaceae,Poales,grasses,F263013,41,100,3,2,270,0.5001,466.625,262.525,0.345902778,40.5,0.694039352,81,14.7,40,0.363009259,90,17.3,,40.5,50,38.28748311,47.34497973,85.63246284,5.628260017,8.190681494,13.81894151,183.5145199,56.26038039,3.065718202,14.7,16.13750329,29.61466169,52.63857351,0.536789576,16.4366496,29.215319,
1363,46260,0,CIAT-BR19_1793,Urochloa,interespecifico,Urochloa interespecifico,Poaceae,Poales,grasses,F263014,41,100,3,1,271,0.5001,466.9950427,233.8950427,0.346041667,40.5,0.694409722,75.5,14.7,40,0.363483796,90,18,,35,50,32.78748311,47.34497973,80.13246284,4.819760017,8.522096352,13.34185637,171.5916777,50.08512324,2.918855035,14.7,16.64975204,28.56958886,57.04206561,0.657560185,15.8566161,31.6593333,
1364,46260,0,CIAT-BR19_1793,Urochloa,interespecifico,Urochloa interespecifico,Poaceae,Poales,grasses,F263014,41,100,3,2,272,0.5,466.9016623,221.3016623,0.346226852,41,0.694768519,76,14.7,40.5,0.363715278,90.5,18,,35,50,32.78748311,47.34497973,80.13246284,4.819760017,8.522096352,13.34185637,171.625996,47.39791699,2.761698,14.7,16.64975204,28.57530278,60.28809828,0.833934493,15.85978742,33.46093759,
1365,46260,0,CIAT-BR19_1806,Urochloa,interespecifico,Urochloa interespecifico,Poaceae,Poales,grasses,F263015,41,100,3,1,273,0.5004,472.430437,253.930437,0.346388889,40.5,0.695092593,83,15.7,40,0.363912037,90,18.5,,42.5,50,40.28748311,47.34497973,87.63246284,6.325134848,8.75882125,15.0839561,185.4928387,53.74980465,2.897675459,15.7,17.21274926,31.92841722,59.40192235,0.582703123,17.72082395,32.96909462,
1366,46260,0,CIAT-BR19_1806,Urochloa,interespecifico,Urochloa interespecifico,Poaceae,Poales,grasses,F263015,41,100,3,2,274,0.5001,472.1472053,246.5472053,0.346550926,40.5,0.695520833,83.5,15.7,40,0.364224537,93.5,18.4,,43,53.5,40.78748311,50.84497973,91.63246284,6.403634848,9.355476271,15.75911112,194.0760462,52.21829178,2.69060983,15.7,17.19817478,33.37753765,63.9192446,0.672546636,18.52511086,35.47628662,
1367,46260,0,CIAT-BR19_2001,Urochloa,interespecifico,Urochloa interespecifico,Poaceae,Poales,grasses,F263016,41,100,3,1,275,0.5001,472.0999897,232.9999897,0.346736111,40.5,0.695752315,77,15.7,40,0.364490741,90,18.4,,36.5,50,34.28748311,47.34497973,81.63246284,5.383134848,8.711476271,14.09461112,172.9135027,49.35394933,2.854256525,15.7,17.26593885,29.85513964,60.49189588,0.676763742,16.57011903,33.57404879,
1368,46260,0,CIAT-BR19_2001,Urochloa,interespecifico,Urochloa interespecifico,Poaceae,Poales,grasses,F263016,41,100,3,2,276,0.5002,472.1943908,203.4943908,0.346909722,40.5,0.696099537,76,16,40,0.364907407,89.5,18.1,,35.5,49.5,33.28748311,46.84497973,80.13246284,5.325997298,8.478941331,13.80493863,169.702276,43.09546974,2.539475059,16,17.227648,29.23571075,67.83940615,1.25013189,16.22632528,37.6520441,
1369,46260,0,CIAT-BR19_21,Urochloa,interespecifico,Urochloa interespecifico,Poaceae,Poales,grasses,F263017,41,100,3,1,277,0.5,470.507395,243.907395,0.347083333,40,0.696412037,75,15,39.5,0.365150463,92,17.7,,35,52.5,32.78748311,49.84497973,82.63246284,4.918122466,8.822561413,13.74068388,175.6241532,51.83922667,2.95171397,15,16.62867523,29.20397007,56.3356592,0.575918645,16.20870865,31.26726552,
1370,46260,0,CIAT-BR19_21,Urochloa,interespecifico,Urochloa interespecifico,Poaceae,Poales,grasses,F263017,41,100,3,2,278,0.5004,470.8838009,260.4838009,0.347280093,40,0.69681713,74.5,15.1,40,0.365462963,93,17.9,,34.5,53,32.28748311,50.34497973,82.63246284,4.87540995,9.011751372,13.88716132,175.4837662,55.31806369,3.152318011,15.1,16.80593903,29.49169476,53.31295564,0.473016908,16.36840083,29.58961275,
1371,46260,0,CIAT-BR19_2124,Urochloa,interespecifico,Urochloa interespecifico,Poaceae,Poales,grasses,F263018,41,100,3,1,279,0.5004,473.3878542,278.9878542,0.347465278,40.5,0.6971875,78.5,16.6,40,0.365706019,90,17.7,,38,50,35.78748311,47.34497973,83.13246284,5.940722196,8.380061413,14.32078361,175.6117359,58.93430761,3.355943571,16.6,17.22646379,30.2516921,51.33120813,0.421583437,16.7902125,28.4897086,
1372,46260,0,CIAT-BR19_2124,Urochloa,interespecifico,Urochloa interespecifico,Poaceae,Poales,grasses,F263018,41,100,3,2,280,0.5002,473.1986504,286.5986504,0.347638889,40.5,0.697523148,80.5,16.4,40,0.36599537,94.5,17.5,,40,54.5,37.78748311,51.84497973,89.63246284,6.19714723,9.072871453,15.27001868,189.4182555,60.56624425,3.197487175,16.4,17.03625918,32.26978494,53.2801486,0.41729246,17.91028894,29.57140428,
1373,46260,0,CIAT-BR19_2287,Urochloa,interespecifico,Urochloa interespecifico,Poaceae,Poales,grasses,F263019,41,100,3,1,281,0.5003,473.0627162,243.2627162,0.347881944,40.5,0.697974537,78.5,15.8,40,0.366296296,95,17.5,,38,55,35.78748311,52.34497973,88.13246284,5.654422331,9.160371453,14.81479378,186.3018577,51.42293144,2.760194239,15.8,16.80968999,31.31676473,60.90038792,0.654565031,17.38134624,33.80076894,
1374,46260,0,CIAT-BR19_2287,Urochloa,interespecifico,Urochloa interespecifico,Poaceae,Poales,grasses,F263019,41,100,3,2,282,0.5002,472.9681604,261.0681604,0.348113426,40.5,0.698287037,78.5,15.7,40.5,0.366516204,94.5,17.6,,38,54,35.78748311,51.34497973,87.13246284,5.618634848,9.036716433,14.65535128,184.224796,55.19782985,2.996221522,15.7,16.81962245,30.98591514,56.13611119,0.511616626,17.19771899,31.15651292,
1375,46260,0,CIAT-BR19_231,Urochloa,interespecifico,Urochloa interespecifico,Poaceae,Poales,grasses,F263020,41,100,3,1,283,0.5004,473.6312769,216.6312769,0.348321759,41,0.698703704,78,16.2,40.5,0.366840278,91.5,17.8,,37,51,34.78748311,48.34497973,83.13246284,5.635572264,8.605406392,14.24097866,175.5214803,45.73838077,2.605856599,16.2,17.13046645,30.0676483,65.73833133,0.947101115,16.68806501,36.48591123,
1376,46260,0,CIAT-BR19_231,Urochloa,interespecifico,Urochloa interespecifico,Poaceae,Poales,grasses,F263020,41,100,3,2,284,0.5002,473.4419758,234.0419758,0.348483796,40.5,0.698946759,77,15.9,40,0.367094907,90,17.8,,36.5,50,34.28748311,47.34497973,81.63246284,5.451709814,8.427406392,13.87911621,172.423374,49.43414141,2.867020884,15.9,17.00195697,29.31534785,59.30182464,0.666519816,16.27052524,32.91353866,
1377,46260,0, CIAT 17009,Canavalia,brasiliensis,Canavalia brasiliensis,Fabaceas,Fabales,Trepadoras,F263376,41,100,3,1,285,0.5,453.5796491,290.5796491,0.348680556,40.5,0.699282407,81.5,16.3,40,0.367395833,85.5,19.6,0,41,45.5,38.78748311,42.84497973,81.63246284,6.322359747,8.397616027,14.71997577,179.9738216,64.06364343,3.559608996,16.3,18.03201234,32.45290172,50.65728389,0.697033792,18.01192192,28.11566898,
1378,46260,0, CIAT 17009,Canavalia,brasiliensis,Canavalia brasiliensis,Fabaceas,Fabales,Trepadoras,F263376,41,100,3,2,286,0.5002,453.7610809,269.8610809,0.348865741,41,0.699606481,80.5,16.5,41,0.367604167,85.5,19.6,,39.5,44.5,37.28748311,41.84497973,79.13246284,6.152434713,8.201616027,14.35405074,174.3923535,59.4720641,3.410244939,16.5,18.13926956,31.63349909,53.19051821,1.300269069,17.55713929,29.52165786,
1379,46260,0,CIAT 17462,Canavalia,brasiliensis,Canavalia brasiliensis,Fabaceas,Fabales,Trepadoras,F263377,41,100,3,1,287,0.5001,471.2750272,325.7750272,0.34912037,40.5,0.699918981,80.5,16.7,41,0.367951389,85,19.8,,40,44,37.78748311,41.34497973,79.13246284,6.310509679,8.186305987,14.49681567,167.9114281,69.12630808,4.116831645,16.7,18.31968215,30.76083991,44.49946882,0.44978133,17.07279835,24.69797508,
1380,46260,0,CIAT 17462,Canavalia,brasiliensis,Canavalia brasiliensis,Fabaceas,Fabales,Trepadoras,F263377,41,100,3,2,288,0.5001,471.2750272,284.5750272,0.349421296,40.5,0.70025463,80.5,16.4,40,0.368217593,84.5,19.9,,40,44.5,37.78748311,41.84497973,79.63246284,6.19714723,8.327150967,14.5242982,168.9723797,60.38406679,3.573605751,16.4,18.23916739,30.81915518,51.03855507,1.11372568,17.10516433,28.32728108,
1381,46260,0,CIAT 13953,Desmodium,velutinum,Desmodium velutinum,Fabaceas,Fabales,Arbustivas,F263378,41,100,3,1,289,0.5004,478.0365775,251.2365775,0.349722222,41.5,0.700555556,78,16.3,41,0.36849537,75.5,18.8,,36.5,34.5,34.28748311,31.84497973,66.13246284,5.588859747,5.98685619,11.57571594,138.3418465,52.55593176,3.798990188,16.3,17.50383312,24.21512596,46.07496271,2.088145357,13.43981385,25.57240145,
1382,46260,0,CIAT 13953,Desmodium,velutinum,Desmodium velutinum,Fabaceas,Fabales,Arbustivas,F263378,41,100,3,2,290,0.5001,477.7499848,264.7499848,0.349884259,41.5,0.700891204,80,16.3,41.5,0.36875,76,18.6,,38.5,34.5,36.28748311,31.84497973,68.13246284,5.914859747,5.92316623,11.83802598,142.6111251,55.41601114,3.885812632,16.3,17.3750155,24.77870508,44.71398171,1.053423031,13.75261002,24.81703345,
1383,46260,0,CIAT 9432,Clitoria,tertanea,Clitoria tertanea,Fabaceas,Fabales,Trepadoras,F263379,41,100,3,1,291,0.5002,480.9480756,273.6480756,0.350127315,40.5,0.701203704,88,19.1,40.5,0.3690625,76,21.3,,47.5,35.5,45.28748311,32.84497973,78.13246284,8.649909274,6.995980683,15.64588996,162.4550899,56.89763396,3.502360807,19.1,20.02482629,32.53134954,57.17522378,1.233720519,18.05546182,31.73323839,
1384,46260,0,CIAT 9432,Clitoria,tertanea,Clitoria tertanea,Fabaceas,Fabales,Trepadoras,F263379,41,100,3,2,292,0.5006,481.3326802,260.1326802,0.350300926,41,0.70162037,90,18.9,40,0.369340278,78,21.4,,49,38,46.78748311,35.34497973,82.13246284,8.842834308,7.563825663,16.40665997,170.6355422,54.04425897,3.167233408,18.9,19.97585291,34.08590492,63.07035301,2.377287938,18.91826695,35.00513711,
1385,46260,0,CIAT 17768,Clitoria,tertanea,Clitoria tertanea,Fabaceas,Fabales,Trepadoras,F263380,41,100,3,1,293,0.5004,480.6631674,313.1631674,0.350543981,41,0.701886574,92.5,18.3,40.5,0.369733796,87.5,20.5,,51.5,47,49.28748311,44.34497973,93.63246284,9.019609409,9.090720845,18.11033025,194.7984976,65.15231219,3.344600343,18.3,19.34193516,37.6777991,57.83033301,0.690611953,20.91183036,32.09683534,
1386,46260,0,CIAT 17768,Clitoria,tertanea,Clitoria tertanea,Fabaceas,Fabales,Trepadoras,F263380,41,100,3,2,294,0.5005,480.7592232,297.3592232,0.350972222,40.5,0.702233796,90,18.7,40.5,0.370023148,86.5,20.4,,49.5,46,47.28748311,43.34497973,90.63246284,8.842759342,8.842375865,17.68513521,188.5194469,61.85200592,3.280935041,18.7,19.51302508,36.78584696,59.47397568,0.919353764,20.4167815,33.00908547,
1387,46260,0,CIAT 22768,Lablab,purpureus,Lablab purpureus,Fabaceas,Fabales,Trepadoras,F263381,41,100,3,1,295,0.5001,472.89456,331.19456,0.351666667,41,0.702592593,86,17.6,40.5,0.370347222,88,19,,45,47.5,42.78748311,44.84497973,87.63246284,7.530597027,8.520546149,16.05114318,185.3107865,70.03560371,3.779359261,17.6,18.31643509,33.94232993,48.46439258,0.508609557,18.83858035,26.89857637,
1388,46260,0,CIAT 22768,Lablab,purpureus,Lablab purpureus,Fabaceas,Fabales,Trepadoras,F263381,41,100,3,2,296,0.5,472.8,312.1,0.351921296,41,0.702986111,87.5,17.8,40.5,0.370717593,86,19.2,,46.5,45.5,44.28748311,42.84497973,87.13246284,7.883171994,8.226236108,16.1094081,184.290319,66.01099831,3.581902655,17.8,18.4884113,34.07235216,51.61617463,0.720252215,18.91074494,28.64786993,
1389,46260,0,CIAT 22598,Lablab,purpureus,Lablab purpureus,Fabaceas,Fabales,Trepadoras,F263382,41,100,3,1,297,0.5,474.5813533,335.1813533,0.352326389,40.5,0.70337963,90,17.1,40.5,0.370949074,91.5,19,0,49.5,51,47.28748311,48.34497973,95.63246284,8.086159612,9.185546149,17.27170576,201.5091031,70.62674312,3.504890948,17.1,18.06050503,36.39356169,51.529435,0.493048178,20.19905639,28.59972794,
1390,46260,0,CIAT 22598,Lablab,purpureus,Lablab purpureus,Fabaceas,Fabales,Trepadoras,F263382,41,100,3,2,298,0.5003,474.8661022,295.9661022,0.35275463,40.5,0.703645833,82.5,17.7,37,0.371215278,82,18.5,,42,45,39.78748311,42.34497973,82.13246284,7.04238451,7.83382125,14.87620576,172.9592036,62.32622224,3.603521579,17.7,18.11245547,31.32715874,50.26320802,0.892347245,17.38711509,27.89695006,
1391,46260,0,CIAT 18701,Cajanus,cajan,Cajanus cajan,Fabaceas,Fabales,Arbustivas,F263383,41,100,3,1,299,0.5005,467.5019244,168.0019244,0.352766204,41.5,0.703981481,70.5,17.1,40.5,0.371643519,70.5,19.9,,29,30,26.78748311,27.34497973,54.13246284,4.580659612,5.441650967,10.02231058,115.7908877,35.93609259,3.103533732,17.1,18.51441825,21.43800925,59.65592723,-1.777121108,11.89846603,33.11007172,
1392,46260,0,CIAT 18701,Cajanus,cajan,Cajanus cajan,Fabaceas,Fabales,Arbustivas,F263383,41,100,3,2,300,0.5003,467.3151105,180.5151105,0.352997685,41.5,0.70443287,71.5,17,41,0.371886574,68,20.1,,30,27,27.78748311,24.34497973,52.13246284,4.723872129,4.893340926,9.617213055,111.5574089,38.62813473,3.462623874,17,18.44764765,20.57971771,53.27649874,-8.010813275,11.42209938,29.56937854,
1393,46260,0,CIAT 20891,Cajanus,cajan,Cajanus cajan,Fabaceas,Fabales,Arbustivas,F263384,41,100,3,1,301,0.5002,474.444851,168.744851,0.353333333,41.5,0.704756944,71.5,16.7,41,0.372152778,72,19.5,,30,31,27.78748311,28.34497973,56.13246284,4.640509679,5.527271048,10.16778073,118.3118812,35.56679995,3.006190046,16.7,18.11390453,21.4309012,60.25535396,-1.402281569,11.89452094,33.44276393,
1394,46260,0,CIAT 20891,Cajanus,cajan,Cajanus cajan,Fabaceas,Fabales,Arbustivas,F263384,41,100,3,2,302,0.5003,474.5397021,192.7397021,0.353541667,41.5,0.705115741,71.5,17.1,40.5,0.372430556,72,19.3,,30,31.5,27.78748311,28.84497973,56.63246284,4.751659612,5.567081088,10.3187407,119.3418856,40.61613838,3.403343107,17.1,18.22054027,21.74473633,53.537183,8.942624449,12.06870487,29.71406281,
1395,46260,0,CIAT 15551,Centrosema ,molle,Centrosema molle,Fabaceas,Fabales,Trepadoras,F263385,41,100,3,1,303,0.5001,475.5024593,185.1024593,0.353738426,40.5,0.705358796,71.5,16.7,40,0.372696759,72,17.3,,31,32,28.78748311,29.34497973,58.13246284,4.807509679,5.076681494,9.884191173,122.2548101,38.92776066,3.184149616,16.7,17.00287703,20.78683502,53.3984865,6.007224849,11.53705307,29.63708386,
1396,46260,0,CIAT 15551,Centrosema ,molle,Centrosema molle,Fabaceas,Fabales,Trepadoras,F263385,41,100,3,2,304,0.5,475.4073778,200.2073778,0.354189815,41,0.70568287,72,16.6,40.5,0.372962963,71.5,17.1,0,31,31,28.78748311,28.34497973,57.13246284,4.778722196,4.846991534,9.62571373,120.1758019,42.11280412,3.504266538,16.6,16.8480637,20.24729565,48.07871636,1.420815616,11.23759938,26.68451939,
1397,46260,0,CIAT 13953,Desmodium,velutinum,Desmodium velutinum,Fabaceas,Fabales,Arbustivas,F263386,41,100,3,1,305,0.5,469.9854738,211.1854738,0.35443287,41.5,0.70599537,72.5,17.6,41,0.373275463,76,18.5,,31,35,28.78748311,32.34497973,61.13246284,5.066597027,5.98382125,11.05041828,130.07309,44.93446831,3.454555304,17.6,18.07618696,23.51225494,52.32565517,70.23072587,13.04970828,29.04164391,
1398,46260,0,CIAT 13953,Desmodium,velutinum,Desmodium velutinum,Fabaceas,Fabales,Arbustivas,F263386,41,100,3,2,306,0.5003,470.2674651,234.0674651,0.354652778,41.5,0.706319444,72.5,17.4,41,0.373530093,78,18.4,,31,37,28.78748311,34.34497973,63.13246284,5.009022061,6.319476271,11.32849833,134.2479919,49.77326361,3.707561127,17.4,17.94401457,24.08947923,48.39843217,1.268466999,13.37007775,26.8619672,
1399,46260,0,CIAT 15551,Centrosema ,molle,Centrosema molle,Fabaceas,Fabales,Trepadoras,F263387,41,100,3,1,307,0.5002,473.8683854,166.3683854,0.354849537,41,0.706793981,66,17.3,40.5,0.373877315,66,17.8,,25,25.5,22.78748311,22.84497973,45.63246284,3.942234578,4.066406392,8.00864097,96.29775745,35.10856401,3.645834019,17.3,17.550315,16.90055977,48.1379978,1.64442235,9.380103069,26.71742162,
1400,46260,0,CIAT 15551,Centrosema ,molle,Centrosema molle,Fabaceas,Fabales,Trepadoras,F263387,41,100,3,2,308,0.5001,473.7736496,147.1736496,0.35505787,40.5,0.707037037,64.5,17.6,40,0.37412037,66,17.3,,24,26,21.78748311,23.34497973,45.13246284,3.834597027,4.038681494,7.873278521,95.26165687,31.0641273,3.260926622,17.6,17.44482358,16.61822798,53.49652293,-7.435371771,9.223404042,29.69149577,
1401,46260,0,Sample 8,Cynodon, nlemfuensis ,Cynodon nlemfuensis ,Poaceae,Poales,grasses,F250008,41,100,3,1,309,0.5,468.6546792,188.3546792,0.355451389,41,0.707349537,65,17.4,40.5,0.374502315,82.5,18.1,,24,42,21.78748311,39.34497973,61.13246284,3.791022061,7.121441331,10.91246339,130.4424463,40.19050435,3.08109097,17.4,17.85052145,23.28465686,57.93571701,0.51100189,12.92338741,32.15532529,
1402,46260,0,Sample 8,Cynodon, nlemfuensis ,Cynodon nlemfuensis ,Poaceae,Poales,grasses,F250008,41,100,3,2,310,0.5002,468.8421411,178.1421411,0.355717593,41,0.707708333,65.5,17.7,40.5,0.374791667,83.5,18.3,,24.5,43,22.28748311,40.34497973,62.63246284,3.94488451,7.383131291,11.3280158,133.5896613,37.99618794,2.844246147,17.7,18.08649267,24.1616843,63.5897589,0.613330539,13.41015281,35.29341636,
1403,46260,0,BLANK 24 H,0,0,BLANK 24 H,0,0,0,BLANK 24 H,41,100,3,1,311,0,0,0,0.355891204,39.5,0.708125,41,0,39,0.375127315,42,0,,1.5,3,,,,,,,,,,,,,,,,,
1404,46260,0,BLANK 24 H,0,0,BLANK 24 H,0,0,0,BLANK 24 H,41,100,3,2,312,0,0,0,0.356203704,40,0.708206019,41,0,40,0.375185185,42,0,,1,2,,,,,,,,,,,,,,,,,
1405,46265,0,BLANK 24 H,0,0,BLANK 24 H,0,0,0,BLANK 24 H,42,101,1,1,1,0,0,0,46266,0.320405093,0.654756944,41,0,39,0.366122685,42.5,0,,40.67959491,3.5,,,,,,,,,,,,,,,,,
1406,46265,0,BLANK 24 H,0,0,BLANK 24 H,0,0,0,BLANK 24 H,42,101,1,2,2,0,0,0,46266,0.320462963,0.654884259,42,0,39.5,0.366458333,43,0,,41.67953704,3.5,,,,,,,,,,,,,,,,,
1407,46265,0,Sample 8,Cynodon,nlemfuensis,Cynodon nlemfuensis ,Poaceae,Poales,grasses,F250008,42,101,1,1,3,0.5002,468.8421411,128.4421411,46266,0.320486111,0.655150463,63.5,15,40,0.366886574,83.5,17.3,,63.17951389,43.5,26.8220245,41.17685727,67.99888177,4.023303675,7.123596307,11.14689998,145.0357718,27.39560501,1.888886078,15,16.39276955,23.77537982,86.78537968,2.460298674,13.19574714,48.1673872,
1408,46265,0,Sample 8,Cynodon,nlemfuensis,Cynodon nlemfuensis ,Poaceae,Poales,grasses,F250008,42,101,1,2,4,0.5002,468.8421411,136.2421411,46266,0.320844907,0.655671296,64,16.3,40,0.367372685,82,17.4,,63.67915509,42,27.32166571,39.67685727,66.99852297,4.45343151,6.903773164,11.35720467,142.9020924,29.05927799,2.033509622,16.3,16.95142545,24.22394166,83.36043887,1.690484287,13.44470672,46.2664858,
1409,46265,0,CIAT-BR19_2329,Urochloa,interespecifico,Urochloa interespecifico,Poaceae,Poales,grasses,F263021,42,101,1,1,5,0.5001,484.2242426,200.0242426,46266,0.32099537,0.655983796,77.5,14.4,40,0.367708333,94,17.4,0,77.17900463,54,40.82151524,51.67685727,92.49837251,5.878298195,8.991773164,14.87007136,191.0238364,41.30818431,2.162462291,14.4,16.07603567,30.70906008,74.34134567,2.426196043,17.04405965,41.26073303,
1410,46265,0,CIAT-BR19_2329,Urochloa,interespecifico,Urochloa interespecifico,Poaceae,Poales,grasses,F263021,42,101,1,2,6,0.5004,484.514719,271.214719,46266,0.321215278,0.656446759,77,14.1,40,0.368194444,95,16.9,,76.67878472,55,40.32129534,52.67685727,92.9981526,5.685302642,8.902388878,14.58769152,191.9408203,55.97656962,2.916345233,14.1,15.6860014,30.10783976,53.78650382,0.493003682,16.71037196,29.85244018,
1411,46265,0,CIAT-BR19_244,Urochloa,interespecifico,Urochloa interespecifico,Poaceae,Poales,grasses,F263022,42,101,1,1,7,0.5,479.4770523,250.9770523,46266,0.321226852,0.656921296,78,13.5,40,0.368784722,97.5,17.8,,77.67877315,57.5,41.32128376,55.17685727,96.49814103,5.578373308,9.821480593,15.3998539,201.2570582,52.34391325,2.600848572,13.5,15.95870525,32.11802072,61.35960942,0.674199997,17.82605718,34.05564481,
1412,46265,0,CIAT-BR19_244,Urochloa,interespecifico,Urochloa interespecifico,Poaceae,Poales,grasses,F263022,42,101,1,2,8,0.5002,479.6688431,291.8688431,46266,0.321284722,0.657708333,77,13.8,40,0.369201389,97.5,18.1,,76.67871528,57.5,40.32122589,55.17685727,95.49808316,5.564329173,9.987011165,15.55134034,199.0916953,60.84798863,3.056279597,13.8,16.28445286,32.42099328,53.28194737,0.424780167,17.99421219,29.57240262,
1413,46265,0,CIAT-BR19_247,Urochloa,interespecifico,Urochloa interespecifico,Poaceae,Poales,grasses,F263023,42,101,1,1,9,0.5002,477.39088,188.49088,46266,0.321469907,0.658113426,72,14.4,40,0.369490741,94,17.6,0,71.67853009,54,35.32104071,51.67685727,86.99789797,5.086229862,9.095126879,14.18135674,182.236196,39.48355276,2.166614187,14.4,16.30080389,29.70596493,75.23630183,-177.3797693,16.48732448,41.75744918,
1414,46265,0,CIAT-BR19_247,Urochloa,interespecifico,Urochloa interespecifico,Poaceae,Poales,grasses,F263023,42,101,1,2,10,0.5004,477.58176,212.78176,46266,0.32150463,0.65849537,71.5,14.7,40,0.369780093,94,17.3,,71.17849537,54,34.82100598,51.67685727,86.49786325,5.11868788,8.940096307,14.05878419,181.1163459,44.55399637,2.459965507,14.7,16.25333119,29.43743954,66.07137842,1.692734189,16.33828824,36.67075813,
1415,46265,0,CIAT-BR19_2520,Urochloa,interespecifico,Urochloa interespecifico,Poaceae,Poales,grasses,F263024,42,101,1,1,11,0.5002,479.06655,217.26655,46266,0.321666667,0.658761574,77.5,15.3,39.5,0.370069444,92.5,17.8,,77.17833333,53,40.82084395,50.67685727,91.49770121,6.245589124,9.020480593,15.26606972,190.9916299,45.35206017,2.374557471,15.3,16.68464837,31.86628187,70.26424324,1.494838725,17.68633776,38.99787064,
1416,46265,0,CIAT-BR19_2520,Urochloa,interespecifico,Urochloa interespecifico,Poaceae,Poales,grasses,F263024,42,101,1,2,12,0.5001,478.970775,218.070775,46266,0.32193287,0.659155093,78,15.6,40,0.370578704,97,17.5,,77.67806713,57,41.32057774,54.67685727,95.99743501,6.446010128,9.568450021,16.01446015,200.42441,45.52903567,2.271631268,15.6,16.68217505,33.43515092,73.43698462,1.524708464,18.55708722,40.758797,
1417,46265,0,CIAT-BR19_2632,Urochloa,interespecifico,Urochloa interespecifico,Poaceae,Poales,grasses,F263025,42,101,1,1,13,0.5,468.3777894,220.5777894,46266,0.322002315,0.659664352,71,13.2,39,0.370856481,93,17.1,0,70.67799769,54,34.3205083,51.67685727,85.99736556,4.530307096,8.836742592,13.36704969,183.6068394,47.09399003,2.564936588,13.2,15.54355718,28.53903406,60.60016161,1.322334601,15.83965766,33.63413814,
1418,46265,0,CIAT-BR19_2632,Urochloa,interespecifico,Urochloa interespecifico,Poaceae,Poales,grasses,F263025,42,101,1,2,14,0.5001,468.471465,195.171465,46266,0.322256944,0.66,71,12.7,39,0.371226852,94.5,16.8,,70.67774306,55.5,34.32025367,53.17685727,87.49711094,4.358672216,8.933712021,13.29238424,186.7714844,41.6613347,2.230604678,12.7,15.19179787,28.3739464,68.10618671,15.13627718,15.74803115,37.80011193,
1419,46265,0,CIAT-BR19_2734,Urochloa,interespecifico,Urochloa interespecifico,Poaceae,Poales,grasses,F263026,42,101,1,1,15,0.5001,478.947885,368.047885,46266,0.322418981,0.660289352,84.5,14.6,39.5,0.371597222,95,18.2,,84.17758102,55.5,47.82009163,53.17685727,100.9969489,6.981733378,9.678188022,16.6599214,210.872523,76.84507992,3.644148551,14.6,16.49546999,34.78441376,45.26563548,0.277288179,19.30595144,25.12321083,
1420,46265,0,CIAT-BR19_2734,Urochloa,interespecifico,Urochloa interespecifico,Poaceae,Poales,grasses,F263026,42,101,1,2,16,0.5003,479.1394258,259.8394258,46266,0.322523148,0.660636574,82.5,14.8,39,0.371944444,94.5,18.3,,82.17747685,55.5,45.81998747,53.17685727,98.99684473,6.781358145,9.73136488,16.51272302,206.6138568,54.23044146,2.624724319,14.8,16.68004982,34.46329426,63.54972103,0.782791697,19.12772457,35.27119465,
1421,46265,0,CIAT-BR19_2789,Urochloa,interespecifico,Urochloa interespecifico,Poaceae,Poales,grasses,F263027,42,101,1,1,17,0.5004,479.1601113,246.0601113,46266,0.322696759,0.661006944,75,14.9,39,0.372303241,91,17.4,,74.67730324,52,38.31981386,49.67685727,87.99667112,5.709652264,8.643773164,14.35342543,183.6477391,51.35237794,2.796243405,14.9,16.31132774,29.95538462,58.3330039,0.738426317,16.62575672,32.37582638,
1422,46265,0,CIAT-BR19_2789,Urochloa,interespecifico,Urochloa interespecifico,Poaceae,Poales,grasses,F263027,42,101,1,2,18,0.5002,478.9686004,190.4686004,46266,0.322939815,0.661423611,76,15,40,0.372627315,92.5,17.2,,75.67706019,52.5,39.3195708,50.17685727,89.49642806,5.89793562,8.63041945,14.52835507,186.8523907,39.76640645,2.128225724,15,16.23344684,30.33258351,76.27690358,57.86152087,16.83510863,42.33500116,
1423,46265,0,CIAT-BR19_2958,Urochloa,interespecifico,Urochloa interespecifico,Poaceae,Poales,grasses,F263028,42,101,1,1,19,0.5005,467.7705729,233.7705729,46266,0.322951389,0.661828704,77,14.5,39.5,0.372997685,94,17.2,,76.67704861,54.5,40.31955923,52.17685727,92.49641649,5.846336088,8.97441945,14.82075554,197.7388529,49.97547654,2.527347348,14.5,16.02305916,31.68381338,63.39872188,1.771845129,17.58506459,35.18738751,
1424,46265,0,CIAT-BR19_2958,Urochloa,interespecifico,Urochloa interespecifico,Poaceae,Poales,grasses,F263028,42,101,1,2,20,0.5003,467.5836516,255.6836516,46266,0.323090278,0.662222222,78.5,14.2,40,0.373321759,95,17.2,,78.17690972,55,41.81942034,52.67685727,94.4962776,5.938357688,9.06041945,14.99877714,202.0949134,54.68190574,2.705753688,14.2,15.87234706,32.07720605,58.66146326,0.883014865,17.80340432,32.55812702,
1425,46265,0,CIAT-BR19_300,Urochloa,interespecifico,Urochloa interespecifico,Poaceae,Poales,grasses,F263029,42,101,1,1,21,0.5001,483.726637,214.926637,46266,0.323275463,0.662465278,74,14.2,40,0.373668981,97.5,16.6,,73.67672454,57.5,37.31923515,55.17685727,92.49609242,5.299331392,9.159358306,14.4586897,191.2156275,44.43142481,2.323629371,14.2,15.63167624,29.8902078,67.27267452,1.907013714,16.58958246,37.33749825,
1426,46265,0,CIAT-BR19_300,Urochloa,interespecifico,Urochloa interespecifico,Poaceae,Poales,grasses,F263029,42,101,1,2,22,0.5001,483.726637,209.526637,46266,0.323356481,0.662719907,73,14.3,39.5,0.373969907,95,16.7,,72.67664352,55.5,36.31915413,53.17685727,89.4960114,5.193639041,8.880535163,14.0741742,185.0136101,43.31509183,2.341184079,14.3,15.72603514,29.09530534,67.1712886,2.458270481,16.14839784,37.28122731,
1427,46265,0,CIAT-BR19_3048,Urochloa,interespecifico,Urochloa interespecifico,Poaceae,Poales,grasses,F263030,42,101,1,1,23,0.5002,478.8696953,234.8696953,46266,0.323518519,0.663090278,76,14.4,39.5,0.374340278,95.5,17.6,,75.67648148,56,39.3189921,53.67685727,92.99584936,5.661934862,9.447126879,15.10906174,194.1986521,49.04668172,2.525593313,14.4,16.24702806,31.5515095,64.32954971,1.27797826,17.51163365,35.70401306,
1428,46265,0,CIAT-BR19_3048,Urochloa,interespecifico,Urochloa interespecifico,Poaceae,Poales,grasses,F263030,42,101,1,2,24,0.5005,479.1569023,242.7569023,46266,0.323842593,0.663680556,77,14.8,40,0.374699074,95,17.8,,76.67615741,55,40.31866802,52.67685727,92.99552529,5.967162867,9.376480593,15.34364346,194.081573,50.66334245,2.610414872,14.8,16.49933522,32.02216933,63.2057969,1.049472141,17.772858,35.08031081,
1429,46265,0,CIAT-BR19_3107,Urochloa,interespecifico,Urochloa interespecifico,Poaceae,Poales,grasses,F263031,42,101,1,1,25,0.5003,484.115295,202.815295,46266,0.325474537,0.663888889,75.5,14.4,40,0.375011574,93,17,,75.17452546,53,38.81703608,50.67685727,89.49389334,5.589653195,8.615065735,14.20471893,184.8607021,41.89400688,2.266247309,14.4,15.87227731,29.34160329,70.03771057,3.824149185,16.28509746,38.87214109,
1430,46265,0,CIAT-BR19_3107,Urochloa,interespecifico,Urochloa interespecifico,Poaceae,Poales,grasses,F263031,42,101,1,2,26,0.5003,484.115295,194.715295,46266,0.325509259,0.664224537,74.5,14.9,40,0.37537037,96,17.1,,74.17449074,56,37.81700136,53.67685727,91.49385862,5.634733202,9.178742592,14.81347579,188.9918777,40.22085173,2.128178852,14.9,16.19067773,30.59906586,76.07761781,15.72642452,16.98301095,42.2243941,
1431,46265,0,CIAT-BR19_325,Urochloa,interespecifico,Urochloa interespecifico,Poaceae,Poales,grasses,F263032,42,101,1,1,27,0.5005,482.1844469,214.1844469,46266,0.325648148,0.66462963,76.5,14.3,40,0.375810185,95.5,17,,76.17435185,55.5,39.81686247,53.17685727,92.99371973,5.693811333,9.040065735,14.73387707,192.8592271,44.41960919,2.303214105,14.3,15.84394851,30.55651662,68.79060212,2.36825995,16.95939539,38.17997432,
1432,46265,0,CIAT-BR19_325,Urochloa,interespecifico,Urochloa interespecifico,Poaceae,Poales,grasses,F263032,42,101,1,2,28,0.5004,482.0881064,229.9881064,46266,0.325821759,0.664872685,76,14.5,40,0.376180556,96,16.9,,75.67417824,56,39.31668886,53.67685727,92.99354612,5.700919884,9.071388878,14.77230876,192.8974079,47.70665431,2.47316202,14.5,15.88530536,30.64234227,64.23075086,1.255348591,17.00703011,35.64917799,
1433,46265,0,CIAT-BR19_3294,Urochloa,interespecifico,Urochloa interespecifico,Poaceae,Poales,grasses,F263033,42,101,1,1,29,0.5001,480.79802,227.49802,46266,0.325949074,0.665324074,74.5,13.8,40,0.376435185,95,15.6,,74.17405093,55,37.81656154,52.67685727,90.49341881,5.218685493,8.217589733,13.43627523,188.2150405,47.31675476,2.513973093,13.8,14.84779269,27.94577903,59.06106447,1.245267927,15.51039085,32.7799126,
1434,46265,0,CIAT-BR19_3294,Urochloa,interespecifico,Urochloa interespecifico,Poaceae,Poales,grasses,F263033,42,101,1,2,30,0.5004,481.0864411,162.2864411,46266,0.326099537,0.666006944,74,13.8,40,0.376828704,95,15.7,,73.67390046,55,37.31641108,52.67685727,89.99326834,5.149664729,8.270266591,13.41993132,187.0625747,33.73332259,1.80331756,13.8,14.91215017,27.89505206,82.6928684,-1.098970192,15.48223651,45.89597263,
1435,46265,0,CIAT-BR19_3334,Urochloa,interespecifico,Urochloa interespecifico,Poaceae,Poales,grasses,F263034,42,101,1,1,31,0.5003,483.5666383,205.1666383,46266,0.327835648,0.666423611,74.5,14.4,40,0.377280093,95.5,16.8,0,74.17216435,55.5,37.81467497,53.17685727,90.99153223,5.445313195,8.933712021,14.37902522,188.1675141,42.42779011,2.254788257,14.4,15.80259708,29.73535409,70.08461674,3.805413767,16.50363597,38.89817483,
1436,46265,0,CIAT-BR19_3334,Urochloa,interespecifico,Urochloa interespecifico,Poaceae,Poales,grasses,F263034,42,101,1,2,32,0.5005,483.759949,211.259949,46266,0.327881944,0.666724537,75,14.4,40,0.377604167,96.5,17,,74.67211806,56.5,38.31462867,54.17685727,92.49148594,5.517306528,9.210065735,14.72737226,191.192938,43.67040914,2.284101578,14.4,15.92294914,30.44355427,69.71208851,2.515185803,16.89669933,38.69141521,
1437,46265,0,CIAT-BR19_3677,Urochloa,interespecifico,Urochloa interespecifico,Poaceae,Poales,grasses,F263035,42,101,1,1,33,0.5004,479.9096432,196.0096432,46266,0.327905093,0.667094907,80.5,14.4,40,0.378043981,94.5,17.8,0,80.17209491,54.5,43.81460552,52.17685727,95.99146279,6.309303195,9.287480593,15.59678379,200.0198665,40.84303076,2.041948706,14.4,16.24809471,32.49941736,79.57151257,-5.02068745,18.03773891,44.16356614,
1438,46265,0,CIAT-BR19_3677,Urochloa,interespecifico,Urochloa interespecifico,Poaceae,Poales,grasses,F263035,42,101,1,2,34,0.5006,480.1014536,232.8014536,46266,0.327997685,0.6675,82,14.1,40,0.378148148,94.5,17.6,,81.67200231,54.5,45.31451293,52.17685727,97.49137019,6.389346323,9.183126879,15.5724732,203.0641013,48.4900539,2.387918573,14.1,15.97318119,32.43579682,66.89164934,1.523467698,18.00242841,37.12602268,
1439,46265,0,CIAT-BR19_3786,Urochloa,interespecifico,Urochloa interespecifico,Poaceae,Poales,grasses,F263036,42,101,1,1,35,0.5003,483.6917357,245.9917357,46266,0.328055556,0.667893519,79.5,14.9,40,0.378738426,90.5,17.8,,79.17194444,50.5,42.81445506,48.17685727,90.99131232,6.379353804,8.575480593,14.9548344,188.1183936,50.85713018,2.703463983,14.9,16.43545303,30.91811022,60.79405211,1.27275756,17.16008609,33.74175072,
1440,46265,0,CIAT-BR19_3786,Urochloa,interespecifico,Urochloa interespecifico,Poaceae,Poales,grasses,F263036,42,101,1,2,36,0.5005,483.8850964,253.6850964,46266,0.328229167,0.668298611,78.5,15.2,40,0.379016204,91,17.6,,78.17177083,51,41.81428145,48.67685727,90.49113871,6.35577078,8.567126879,14.92289766,187.0095595,52.42672243,2.803424733,15.2,16.49100439,30.83975467,58.82449491,1.024319378,17.1165974,32.6486124,
1441,46265,0,CIAT-BR19_388,Urochloa,interespecifico,Urochloa interespecifico,Poaceae,Poales,grasses,F263037,42,101,1,1,37,0.5001,468.0733852,213.5733852,46266,0.328854167,0.668703704,75,14.2,40.5,0.379386574,92,17.5,,74.67114583,51.5,38.31365645,49.17685727,87.49051371,5.440539216,8.605950021,14.04648924,186.9162326,45.62818394,2.441103339,14.2,16.05487114,30.00916028,65.76891229,5.987830828,16.65560314,36.50288419,
1442,46265,0,CIAT-BR19_388,Urochloa,interespecifico,Urochloa interespecifico,Poaceae,Poales,grasses,F263037,42,101,1,2,38,0.5002,468.1669811,253.6669811,46266,0.328854167,0.668958333,77,13.6,40,0.37974537,93,17.3,,76.67114583,53,40.31365645,50.67685727,90.99051371,5.482657277,8.767096307,14.24975358,194.3548293,54.18301404,2.787839861,13.6,15.66070242,30.43733146,56.17504305,0.804584958,16.89324556,31.17812078,
1443,46265,0,CIAT-BR19_39,Urochloa,interespecifico,Urochloa interespecifico,Poaceae,Poales,grasses,F263038,42,101,1,1,39,0.5001,470.1470053,210.0470053,46266,0.329189815,0.669328704,76.5,14.3,40.5,0.380208333,97,17.3,,76.17081019,56.5,39.8133208,54.17685727,93.99017806,5.693304874,9.372596307,15.06590118,199.9165729,44.67687828,2.234776118,14.3,16.02922932,32.04508592,71.72633173,1.87001271,17.7855771,39.80935505,
1444,46265,0,CIAT-BR19_39,Urochloa,interespecifico,Urochloa interespecifico,Poaceae,Poales,grasses,F263038,42,101,1,2,40,0.5,470.0529947,238.4529947,46266,0.329201389,0.669618056,76,14.4,40,0.380543981,95,17.5,,75.67079861,55,39.31330923,52.67685727,91.99016649,5.661116528,9.218450021,14.87956655,195.7016922,50.7289598,2.592157442,14.4,16.1751708,31.65508298,62.40041803,0.821406486,17.56911872,34.6333116,
1445,46265,0,CIAT-BR19_3918,Urochloa,interespecifico,Urochloa interespecifico,Poaceae,Poales,grasses,F263039,42,101,1,1,41,0.5003,465.6128904,242.6128904,46266,0.329340278,0.670081019,80,15,40,0.380914352,96,17.3,,79.67065972,56,43.31317034,53.67685727,96.9900276,6.49697555,9.286096307,15.78307186,208.3061479,52.10613697,2.501420986,15,16.27288109,33.89741174,65.05454771,0.808890814,18.81364997,36.10639949,
1446,46265,0,CIAT-BR19_3918,Urochloa,interespecifico,Urochloa interespecifico,Poaceae,Poales,grasses,F263039,42,101,1,2,42,0.5002,465.5198237,267.4198237,46266,0.329606481,0.670486111,78.5,15.2,40,0.381273148,96.5,17.2,,78.17039352,56.5,41.81290413,54.17685727,95.9897614,6.355561428,9.31841945,15.67398088,206.1990844,57.44542125,2.785920288,15.2,16.32880492,33.66984622,58.61188845,0.550255309,18.68734718,32.53061214,
1447,46265,0,CIAT-BR19_3959,Urochloa,interespecifico,Urochloa interespecifico,Poaceae,Poales,grasses,F263040,42,101,1,1,43,0.5003,467.9104196,241.1104196,46266,0.329675926,0.671388889,77,14.8,40,0.381574074,98,16.4,,76.67032407,58,40.31283469,55.67685727,95.98969195,5.966299534,9.131004592,15.09730413,205.1454465,51.52918369,2.51183658,14.8,15.72804727,32.2653728,62.61572665,0.748654222,17.90784013,34.75281161,
1448,46265,0,CIAT-BR19_3959,Urochloa,interespecifico,Urochloa interespecifico,Poaceae,Poales,grasses,F263040,42,101,1,2,44,0.5,467.6298417,250.2298417,46266,0.329791667,0.672118056,77,14.9,40,0.381863426,98,16.8,,76.67020833,58,40.31271895,55.67685727,95.98957621,6.006595123,9.353712021,15.36030714,205.2682863,53.5102381,2.606843905,14.9,16.00205746,32.84714912,61.38479344,0.655615671,18.23073605,34.06962238,
1449,46265,0,CIAT-BR19_396,Urochloa,interespecifico,Urochloa interespecifico,Poaceae,Poales,grasses,F263041,42,101,1,1,45,0.5001,468.5031591,236.7031591,46266,0.329953704,0.672476852,80,14.2,40.5,0.382268519,92.5,18.3,,79.6700463,52,43.31255691,49.67685727,92.98941418,6.150383081,9.09086488,15.24124796,198.4819363,50.52327919,2.545485001,14.2,16.39030431,32.53179336,64.38971082,1.100009979,18.05570815,35.73740351,
1450,46265,0,CIAT-BR19_396,Urochloa,interespecifico,Urochloa interespecifico,Poaceae,Poales,grasses,F263041,42,101,1,2,46,0.5001,468.5031591,248.0031591,46266,0.330196759,0.672662037,80.5,14.3,40,0.382615741,90,18.4,,80.16980324,50,43.81231386,47.67685727,91.48917112,6.265160881,8.772541737,15.03770262,195.2797315,52.93521597,2.71073785,14.3,16.43659291,32.09733452,60.63512528,0.83288286,17.81457597,33.65354358,
1451,46265,0,CIAT-BR19_405,Urochloa,interespecifico,Urochloa interespecifico,Poaceae,Poales,grasses,F263042,42,101,1,1,47,0.5,466.1283693,235.0283693,46266,0.330266204,0.672986111,76.5,14.6,40,0.382997685,99,16.3,,76.1697338,59,39.81224441,56.67685727,96.48910168,5.812587684,9.238327734,15.05091542,207.0011354,50.42138278,2.435802233,14.6,15.59856518,32.28920703,64.0387178,0.729660381,17.92106854,35.54259632,
1452,46265,0,CIAT-BR19_405,Urochloa,interespecifico,Urochloa interespecifico,Poaceae,Poales,grasses,F263042,42,101,1,2,48,0.5003,466.4080463,258.1080463,46266,0.330451389,0.673287037,80,14.4,40.5,0.383414352,99,16.6,,79.66954861,58.5,43.31205923,56.17685727,99.48891649,6.236936528,9.325358306,15.56229483,213.3087481,55.33953549,2.594339706,14.4,15.64223974,33.36626578,60.29372216,0.546026505,18.51885478,33.46405894,
1453,46265,0,CIAT-BR19_4253,Urochloa,interespecifico,Urochloa interespecifico,Poaceae,Poales,grasses,F263043,42,101,1,1,49,0.5002,469.9379,259.7379,46266,0.330706019,0.673715278,81,15,40,0.383796296,95,16.8,,80.66929398,55,44.3118046,52.67685727,96.98866186,6.646770689,8.849712021,15.49648271,206.3861243,55.27068577,2.678023338,15,15.97762296,32.9755968,59.66200046,0.669172307,18.30202673,33.11344247,
1454,46265,0,CIAT-BR19_4253,Urochloa,interespecifico,Urochloa interespecifico,Poaceae,Poales,grasses,F263043,42,101,1,2,50,0.5003,470.03185,251.83185,46266,0.330868056,0.674074074,81,14.6,39,0.384050926,91,17.1,,80.66913194,52,44.31164256,49.67685727,93.98849982,6.469499814,8.494742592,14.96424241,199.9619809,53.57761394,2.679390037,14.6,15.92135467,31.83665619,59.42156406,0.739008155,17.66989499,32.97999611,
1455,46265,0,CIAT-BR19_4423,Urochloa,interespecifico,Urochloa interespecifico,Poaceae,Poales,grasses,F263044,42,101,1,1,51,0.5001,468.046765,266.646765,46266,0.331122685,0.674363426,83,14.5,40,0.384386574,99,17.6,,82.66887731,59,46.31138793,56.67685727,102.9882452,6.71515125,9.975126879,16.69027813,220.0383656,56.97011174,2.589099023,14.5,16.20600302,35.65942418,62.59321439,0.62923732,19.79159736,34.74031691,
1456,46265,0,CIAT-BR19_4423,Urochloa,interespecifico,Urochloa interespecifico,Poaceae,Poales,grasses,F263044,42,101,1,2,52,0.5004,468.3275369,294.9275369,46266,0.331261574,0.674849537,84,14.4,40,0.384664352,97.5,17.7,,83.66873843,57.5,47.31124904,55.17685727,102.4881063,6.812819862,9.766303736,16.5791236,218.8385227,62.97463072,2.877675738,14.4,16.1766318,35.40070205,56.2142273,0.450794181,19.64800211,31.19986872,
1457,46265,0,CIAT-BR19_4439,Urochloa,interespecifico,Urochloa interespecifico,Poaceae,Poales,grasses,F263045,42,101,1,1,53,0.5002,471.1148279,267.8148279,46266,0.331342593,0.675405093,74,14.4,40.5,0.385081019,96.5,17,,73.66865741,56,37.31116802,53.67685727,90.98802529,5.372808195,9.125065735,14.49787393,193.1334356,56.84703857,2.943407411,14.4,15.93382633,30.77354622,54.13394785,0.563370647,17.07985056,30.04527763,
1458,46265,0,CIAT-BR19_4439,Urochloa,interespecifico,Urochloa interespecifico,Poaceae,Poales,grasses,F263045,42,101,1,2,54,0.5004,471.3031985,276.8031985,46266,0.332071759,0.67568287,75.5,14.4,39,0.385393519,94.5,16.9,,75.16792824,55.5,38.81043886,53.17685727,91.98729612,5.588703195,8.986888878,14.57559207,195.1764733,58.73144918,3.009145939,14.4,15.84522286,30.92614716,52.65687734,0.503001758,17.16454673,29.22547794,
1459,46265,0,Sample 8,0,0,Cynodon nlemfuensis ,Poaceae,Poales,grasses,F250008,42,101,1,1,55,0.5004,469.029603,176.129603,46266,0.33224537,0.676111111,67.5,15.7,40.5,0.38587963,86,17.6,,67.16775463,45.5,30.81026524,43.17685727,73.98712251,4.837211643,7.599126879,12.43633852,157.7451019,37.55191609,2.380544032,15.7,16.80878794,26.51503965,70.60901923,0.695331112,14.71630575,39.18922728,
1460,46265,0,Sample 8,0,0,Cynodon nlemfuensis ,Poaceae,Poales,grasses,F250008,42,101,1,2,56,0.5005,469.1233339,206.6233339,46266,0.332372685,0.676423611,68,15.9,40,0.386180556,87,17.5,,67.66762731,47,31.31013793,44.67685727,75.98699519,4.978311931,7.818450021,12.79676195,161.9765842,44.04456546,2.719193375,15.9,16.84072639,27.27803336,61.93280164,0.484306938,15.13978045,34.37377641,
1461,46265,0,CIAT-BR19_4440,Urochloa,interespecifico,Urochloa interespecifico,Poaceae,Poales,grasses,F263046,42,101,1,1,57,0.5003,469.6658153,270.6658153,46266,0.332569444,0.676689815,80,14.7,40,0.386446759,91,17.2,,79.66743056,51,43.30994117,48.67685727,91.98679844,6.366561352,8.37241945,14.7389808,195.8558521,57.62944768,2.942441958,14.7,16.02293052,31.3818471,54.45453386,0.532063969,17.41746808,30.22320841,
1462,46265,0,CIAT-BR19_4440,Urochloa,interespecifico,Urochloa interespecifico,Poaceae,Poales,grasses,F263046,42,101,1,2,58,0.5001,469.4780616,264.4780616,46266,0.332662037,0.677013889,80,14.9,40,0.386793981,94,16.6,,79.66733796,54,43.30984858,51.67685727,94.98670584,6.453167438,8.578358306,15.03152574,202.3240565,56.33448785,2.784369236,14.9,15.82487319,32.01752536,56.83467904,0.589659337,17.77028051,31.54423017,
1463,46265,0,CIAT-BR19_4529,Urochloa,interespecifico,Urochloa interespecifico,Poaceae,Poales,grasses,F263047,42,101,1,1,59,0.5001,473.5473453,265.6473453,46266,0.332824074,0.677407407,77.5,13.9,40.5,0.387094907,93,17.5,,77.16717593,52.5,40.80968654,50.17685727,90.98654381,5.672546429,8.780950021,14.45349645,192.1382196,56.09731486,2.919633323,13.9,15.8853121,30.52175584,54.40858608,0.566793349,16.94010255,30.1977066,
1464,46265,0,CIAT-BR19_4529,Urochloa,interespecifico,Urochloa interespecifico,Poaceae,Poales,grasses,F263047,42,101,1,2,60,0.5005,473.9261074,270.0261074,46266,0.332916667,0.67775463,78,13.9,40,0.387777778,94,17.7,,77.66708333,54,41.30959395,51.67685727,92.98645121,5.742033559,9.146803736,14.88883729,196.2045343,56.97641535,2.903929593,13.9,16.01183517,31.41594663,55.13851027,0.551597026,17.43639391,30.60282715,
1465,46265,0,CIAT-BR19_4581,Urochloa,interespecifico,Urochloa interespecifico,Poaceae,Poales,grasses,F263048,42,101,1,1,61,0.5005,476.4533819,270.2533819,46266,0.333125,0.678159722,82,14.3,40.5,0.387962963,91.5,17.6,,81.666875,51,45.30938561,48.67685727,93.98624288,6.479242143,8.567126879,15.04636902,197.2622012,56.72189393,2.875456808,14.3,16.00911853,31.5799396,55.67504434,0.532527265,17.52741284,30.90061284,
1466,46265,0,CIAT-BR19_4581,Urochloa,interespecifico,Urochloa interespecifico,Poaceae,Poales,grasses,F263048,42,101,1,2,62,0.5005,476.4533819,271.9533819,46266,0.333240741,0.678553241,81,14.4,40,0.388333333,92,17.3,,80.66675926,52,44.30926987,49.67685727,93.98612714,6.380534862,8.594096307,14.97463117,197.2619583,57.07869694,2.893548125,14.4,15.93281011,31.42937323,55.06322835,0.519120717,17.44384591,30.56104438,
1467,46265,0,CIAT-BR19_4988,Urochloa,interespecifico,Urochloa interespecifico,Poaceae,Poales,grasses,F263049,42,101,1,1,63,0.5002,473.8169855,262.5169855,46266,0.333506944,0.679085648,82,14.6,40,0.388831019,95,17.3,,81.66649306,55,45.30900367,52.67685727,97.98586094,6.615114536,9.113096307,15.72821084,206.8010728,55.4047224,2.679131285,14.6,16.05151059,33.1946961,59.91311691,0.545211793,18.42363064,33.25281644,
1468,46265,0,CIAT-BR19_4988,Urochloa,interespecifico,Urochloa interespecifico,Poaceae,Poales,grasses,F263049,42,101,1,2,64,0.5006,474.1958875,276.1958875,46266,0.333599537,0.679351852,83.5,14.3,40.5,0.389398148,95,17.3,,83.16640046,54.5,46.80891108,52.17685727,98.98576834,6.693674284,9.026596307,15.72027059,208.7444682,58.24510393,2.790258561,14.3,15.88134421,33.15142751,56.91710594,0.470952424,18.39961582,31.58997852,
1469,46265,0,CIAT-BR19_5055,Urochloa,interespecifico,Urochloa interespecifico,Poaceae,Poales,grasses,F263050,42,101,1,1,65,0.5001,477.0215401,268.2215401,46266,0.33375,0.679652778,64,14.8,40,0.389675926,95,16.7,,.,.,.,.,.,.,.,.,.,.,.,.,.,.,.,.,.,.,
1470,46265,0,CIAT-BR19_5055,Urochloa,interespecifico,Urochloa interespecifico,Poaceae,Poales,grasses,F263050,42,101,1,2,66,0.5001,477.0215401,248.6215401,46266,0.333912037,0.68005787,64.5,15,40,0.390474537,93,16.9,,.,.,.,.,.,.,.,.,.,.,.,.,.,.,.,.,.,.,
1471,46265,0,CIAT-BR19_5057,Urochloa,interespecifico,Urochloa interespecifico,Poaceae,Poales,grasses,F263051,42,101,1,1,67,0.5002,476.0189433,283.7189433,46266,0.334039352,0.680416667,80.5,13.5,40.5,0.391122685,97.5,17,,80.16596065,57,43.80847126,54.67685727,98.48532853,5.91414362,9.295065735,15.20920936,206.893717,59.60244804,2.88082446,13.5,15.44312192,31.95084895,53.6066051,0.428023041,17.73327395,29.75259328,
1472,46265,0,CIAT-BR19_5057,Urochloa,interespecifico,Urochloa interespecifico,Poaceae,Poales,grasses,F263051,42,101,1,2,68,0.5006,476.3996062,236.4996062,46266,0.334236111,0.680706019,80,13.4,40,0.391273148,95,16.9,,79.66576389,55,43.3082745,52.67685727,95.98513177,5.803308783,8.902388878,14.70569766,201.480292,49.64311539,2.46391917,13.4,15.32080791,30.86840851,62.18064332,0.748742448,17.13250078,34.51133283,
1473,46265,0,CIAT-BR19_5178,Urochloa,interespecifico,Urochloa interespecifico,Poaceae,Poales,grasses,F263052,42,101,1,1,69,0.5001,477.3284112,294.1284112,46266,0.334340278,0.681168981,81.5,14.2,40.5,0.39181713,97,17.9,,81.16565972,56.5,44.80817034,54.17685727,98.9850276,6.362760188,9.69765745,16.06041764,207.3730062,61.61971597,2.971443443,14.2,16.2250979,33.64647329,54.60342158,0.399199607,18.67437479,30.30584367,
1474,46265,0,CIAT-BR19_5178,Urochloa,interespecifico,Urochloa interespecifico,Poaceae,Poales,grasses,F263052,42,101,1,2,70,0.5,477.2329647,277.0329647,46266,0.334583333,0.681458333,82,14,40,0.39212963,96.5,18.1,,81.66541667,56.5,45.30792728,54.17685727,99.48478455,6.343109819,9.806011165,16.14912098,208.4616779,58.04983838,2.784676731,14,16.23275464,33.8390727,58.29313852,0.465764549,18.7812708,32.35370041,
1475,46265,0,CIAT-BR19_5273,Urochloa,interespecifico,Urochloa interespecifico,Poaceae,Poales,grasses,F263053,42,101,1,1,71,0.5006,473.018334,265.618334,46266,0.334791667,0.681782407,83,13.7,40.5,0.392581019,91.5,17,,82.66520833,51,46.30771895,48.67685727,94.98457621,6.344157496,8.275065735,14.61922323,200.8052741,56.1539194,2.796436481,13.7,15.39115487,30.90625073,55.03845691,0.4922826,17.15350386,30.54729581,
1476,46265,0,CIAT-BR19_5273,Urochloa,interespecifico,Urochloa interespecifico,Poaceae,Poales,grasses,F263053,42,101,1,2,72,0.5006,473.018334,267.718334,46266,0.33494213,0.682060185,81.5,13.7,40,0.392951389,92.5,16.5,,81.16505787,52.5,44.80756848,50.17685727,94.98442575,6.138636882,8.279181449,14.41781833,200.804956,56.59787682,2.818549798,13.7,15.17913934,30.48046406,53.85443019,0.474135336,16.9171849,29.89014049,
1477,46265,0,CIAT-BR19_5348,Urochloa,interespecifico,Urochloa interespecifico,Poaceae,Poales,grasses,F263054,42,101,1,1,73,0.5005,473.5270984,253.3270984,46266,0.335104167,0.682314815,79.5,14.2,40.5,0.393333333,93.5,18,,79.16489583,53,42.80740645,50.67685727,93.48426371,6.078651716,9.121834308,15.20048602,197.4211487,53.49790946,2.709836804,14.2,16.25994089,32.10056209,60.0033953,0.471918205,17.81636733,33.30292251,
1478,46265,0,CIAT-BR19_5348,Urochloa,interespecifico,Urochloa interespecifico,Poaceae,Poales,grasses,F263054,42,101,1,2,74,0.5003,473.3378768,268.6378768,46266,0.335219907,0.682569444,78,14.2,40,0.393715278,91,18.1,,77.66478009,51,41.30729071,48.67685727,89.98414797,5.86563528,8.810511165,14.67614645,190.1055301,56.75393624,2.985391125,14.2,16.30970207,31.00564558,54.63170951,0.397118579,17.20866973,30.32154396,
1479,46265,0,CIAT-BR19_5615,Urochloa,interespecifico,Urochloa interespecifico,Poaceae,Poales,grasses,F263055,42,101,1,1,75,0.5005,476.2555579,256.1555579,46266,0.335381944,0.682893519,78,13.5,40,0.3940625,93,17.4,0,77.66461806,53,41.30712867,50.67685727,91.98398594,5.57646237,8.817773164,14.39423553,193.1399737,53.78531623,2.784784278,13.5,15.64863208,30.22376389,56.19333679,0.48233508,16.77471186,31.18827412,
1480,46265,0,CIAT-BR19_5615,Urochloa,interespecifico,Urochloa interespecifico,Poaceae,Poales,grasses,F263055,42,101,1,2,76,0.5004,476.1604019,290.0604019,46266,0.335543981,0.683171296,77.5,13.4,40,0.394340278,92.5,0,,77.16445602,52.5,40.80696663,50.17685727,90.9838239,5.468133529,0,5.468133529,191.0780979,60.91653165,3.188043649,13.4,6.010006279,11.48380568,18.85170638,0.134456216,6.373710835,10.46302319,
1481,46265,0,BLANK 8 H,0,0,BLANK 8 H,0,0,0,BLANK 8 H,42,101,1,1,77,0,0,0,46266,0.335636574,0.683344907,42,0,0,0.394583333,-,-,,41.66436343,,,,,,,,,,,,,,,,,,
1482,46265,0,BLANK 8 H,0,0,BLANK 8 H,0,0,0,BLANK 8 H,42,101,1,2,78,0,0,0,46266,0.335868056,0.684074074,42,0,0,0.394594907,-,-,,41.66413194,,,,,,,,,,,,,,,,,,
1483,46265,0,CIAT-BR19_5751,Urochloa,interespecifico,Urochloa interespecifico,Poaceae,Poales,grasses,F263056,42,101,1,1,79,0.5003,477.3681068,267.1681068,46266,0.335960648,0.683506944,80,14.6,40,0.394722222,93,17.6,,79.66403935,53,43.30654997,50.67685727,93.98340723,6.322756295,8.919126879,15.24188317,196.8782704,55.96689494,2.842715695,14.6,16.21763205,31.92899349,57.04978545,0.418330248,17.72114379,31.66361794,
1484,46265,0,CIAT-BR19_5751,Urochloa,interespecifico,Urochloa interespecifico,Poaceae,Poales,grasses,F263056,42,101,1,2,80,0.5006,477.6543559,271.5543559,46266,0.336122685,0.684108796,82.5,14.2,40.5,0.395289352,93,17.8,,82.16387731,52.5,45.80638793,50.17685727,95.98324519,6.504507086,8.931480593,15.43598768,200.947074,56.85164441,2.829184983,14.2,16.0819606,32.31622927,56.84308626,0.409268791,17.93606635,31.54889632,
1485,46265,0,CIAT-BR19_5898,Urochloa,interespecifico,Urochloa interespecifico,Poaceae,Poales,grasses,F263057,42,101,1,1,81,0.5005,476.6583498,248.8583498,46266,0.336284722,0.684386574,82,14.7,40,0.395520833,93,17,,81.66371528,53,45.30622589,50.67685727,95.98308316,6.660015206,8.615065735,15.27508094,201.366625,52.20895635,2.59273136,14.7,15.91434703,32.0461835,61.38062458,0.59345385,17.78618627,34.06730859,
1486,46265,0,CIAT-BR19_5898,Urochloa,interespecifico,Urochloa interespecifico,Poaceae,Poales,grasses,F263057,42,101,1,2,82,0.5005,476.6583498,275.1583498,46266,0.33650463,0.6846875,80,14.7,40,0.395844907,94,16.8,,79.66349537,54,43.30600598,51.67685727,94.98286325,6.36598288,8.681712021,15.0476949,199.2682249,57.72653514,2.896926249,14.7,15.84253663,31.56914152,54.68740059,0.444966988,17.52141972,30.35245348,
1487,46265,0,CIAT-BR19_6068,Urochloa,interespecifico,Urochloa interespecifico,Poaceae,Poales,grasses,F263058,42,101,1,1,83,0.5005,475.7789981,251.3789981,46266,0.336712963,0.685081019,81,13.4,40.5,0.396226852,89,17.4,0,80.66328704,48.5,44.30579765,46.17685727,90.48265492,5.936976885,8.034773164,13.97175005,190.1779088,52.83524474,2.778200953,13.4,15.44135731,29.36605043,55.58041903,0.511925419,16.29866605,30.84809416,
1488,46265,0,CIAT-BR19_6068,Urochloa,interespecifico,Urochloa interespecifico,Poaceae,Poales,grasses,F263058,42,101,1,2,84,0.5004,475.6839373,281.9839373,46266,0.336909722,0.68537037,82.5,13.1,40,0.396666667,92,17.3,,82.16309028,52,45.80560089,49.67685727,95.48245816,6.000533717,8.594096307,14.59463002,200.7266814,59.27968451,2.953253852,13.1,15.28514274,30.68135978,51.75695524,0.393816953,17.0286855,28.72600561,
1489,46265,0,CIAT-BR19_6160,Urochloa,interespecifico,Urochloa interespecifico,Poaceae,Poales,grasses,F263059,42,101,1,1,85,0.5006,478.0741112,269.3741112,46266,0.336979167,0.685671296,81,13.8,40,0.396921296,90,16.4,,80.66302083,50,44.30553145,47.67685727,91.98238871,6.11416334,7.819004592,13.93316793,192.4019447,56.34568049,2.928540072,13.8,15.14764742,29.14436821,51.72422795,0.348497509,16.17562859,28.70784139,
1490,46265,0,CIAT-BR19_6160,Urochloa,interespecifico,Urochloa interespecifico,Poaceae,Poales,grasses,F263059,42,101,1,2,86,0.5001,477.5966101,261.2966101,46266,0.337199074,0.686006944,83,13.6,40,0.397314815,89,16.4,,82.66280093,49,46.30531154,46.67685727,92.98216881,6.297522369,7.655004592,13.95252696,194.6876649,54.71073382,2.810179774,13.6,15.00559423,29.21404102,53.39727505,0.371455786,16.2142982,29.63641148,
1491,46265,0,CIAT-BR19_6352,Urochloa,interespecifico,Urochloa interespecifico,Poaceae,Poales,grasses,F263060,42,101,1,1,87,0.5004,479.4134728,214.0134728,46266,0.337291667,0.686273148,80,14.8,40.5,0.397627315,93.5,17.6,,79.66270833,53,43.30521895,50.67685727,93.98207621,6.409172404,8.919126879,15.32829928,196.0355341,44.64068804,2.277173281,14.8,16.3098113,31.97302569,71.62305756,1.014165683,17.74558242,39.7520361,
1492,46265,0,CIAT-BR19_6352,Urochloa,interespecifico,Urochloa interespecifico,Poaceae,Poales,grasses,F263060,42,101,1,2,88,0.5004,479.4134728,263.9134728,46266,0.337407407,0.68681713,80,14.8,40.5,0.398263889,95,17.7,,79.66259259,54.5,43.30510321,52.17685727,95.48196047,6.409155275,9.235303736,15.64445901,199.1641159,55.04923991,2.764013972,14.8,16.38472747,32.63249762,59.2787433,0.518313445,18.11160075,32.90072812,
1493,46265,0,CIAT-BR19_6397,Urochloa,interespecifico,Urochloa interespecifico,Poaceae,Poales,grasses,F263061,42,101,1,1,89,0.5,471.6014149,261.3014149,46266,0.337581019,0.687106481,80,13.8,40,0.398506944,95.5,17.5,,79.66241898,55.5,43.3049296,53.17685727,96.48178686,5.976080284,9.305950021,15.28203031,204.5833278,55.40725847,2.708297839,13.8,15.8392903,32.4045472,58.48429988,0.424897675,17.98508433,32.45979827,
1494,46265,0,CIAT-BR19_6397,Urochloa,interespecifico,Urochloa interespecifico,Poaceae,Poales,grasses,F263061,42,101,1,2,90,0.5003,471.8843757,273.3843757,46266,0.337731481,0.687546296,78,14.3,40.5,0.398842593,95,17.5,,77.66226852,54.5,41.30477913,52.17685727,93.4816364,5.906583416,9.130950021,15.03753344,198.102843,57.93461063,2.924471439,14.3,16.0860828,31.86698736,55.00509456,0.379352146,17.68672932,30.52877913,
1495,46265,0,CIAT-BR19_6400,Urochloa,interespecifico,Urochloa interespecifico,Poaceae,Poales,grasses,F263062,42,101,1,1,91,0.5004,475.985392,290.685392,46266,0.337986111,0.687824074,79.5,13.7,40.5,0.399305556,96.5,16.9,,79.16201389,56,42.8045245,53.67685727,96.48138177,5.864219857,9.071388878,14.93560873,202.6981991,61.07023385,3.012865142,13.7,15.48030144,31.37829225,51.38066497,0.312501914,17.41549507,28.51715799,
1496,46265,0,CIAT-BR19_6400,Urochloa,interespecifico,Urochloa interespecifico,Poaceae,Poales,grasses,F263062,42,101,1,2,92,0.5002,475.79515,1048.59515,46266,0.338206019,0.688159722,78,13.8,40,0.399513889,93,17,,.,.,.,.,.,.,.,.,.,.,.,.,.,.,.,.,.,.,
1497,46265,0,CIAT-BR19_6868,Urochloa,interespecifico,Urochloa interespecifico,Poaceae,Poales,grasses,F263063,42,101,1,1,93,0.5,478.6792514,290.8792514,46266,0.338472222,0.688449074,85.5,14.6,40,0.39994213,93,17.4,,85.16152778,53,48.80403839,50.67685727,99.48089566,7.125389605,8.817773164,15.94316277,207.8237052,60.7670482,2.923970975,14.6,16.02635628,33.30656744,54.81024408,0.39932161,18.48572117,30.42063374,
1498,46265,0,CIAT-BR19_6868,Urochloa,interespecifico,Urochloa interespecifico,Poaceae,Poales,grasses,F263063,42,101,1,2,94,0.5003,478.966459,235.066459,46266,0.33869213,0.68875,85.5,15,40,0.400208333,95,17.9,,85.16130787,55,48.80381848,52.67685727,101.4806758,7.320572773,9.42915745,16.74973022,211.8742844,49.0778539,2.31636671,15,16.50533966,34.9705703,71.25529646,0.714186731,19.40927154,39.54792233,
1499,46265,0,CIAT-BR19_6984,Urochloa,interespecifico,Urochloa interespecifico,Poaceae,Poales,grasses,F263064,42,101,1,1,95,0.5,477.2318077,218.5318077,46266,0.338831019,0.689097222,78,14,40,0.400486111,91,17.7,,77.66116898,51,41.3036796,48.67685727,89.98053686,5.782515143,8.615803736,14.39831888,188.5468139,45.79154285,2.428656411,14,16.00159255,30.17049293,65.88660492,0.855757477,16.74514555,36.56820564,
1500,46265,0,CIAT-BR19_6984,Urochloa,interespecifico,Urochloa interespecifico,Poaceae,Poales,grasses,F263064,42,101,1,2,96,0.5002,477.4227005,305.4227005,46266,0.339375,0.689398148,79,14.1,41,0.400856481,92.5,17.8,,78.660625,51.5,42.30313561,49.17685727,91.47999288,5.964742122,8.753480593,14.71822271,191.6121558,63.97322544,3.338683037,14.1,16.08900728,30.8284937,48.18968169,0.337705994,17.11034737,26.74610707,
1501,46265,0,CIAT-BR19_811,Urochloa,interespecifico,Urochloa interespecifico,Poaceae,Poales,grasses,F263065,42,101,1,1,97,0.5003,475.1161416,259.3161416,46266,0.339386574,0.689791667,85,15.1,40,0.40125,92,18.1,,84.66061343,52,48.30312404,49.67685727,97.97998131,7.29377173,8.991511165,16.2852829,206.2232215,54.57952675,2.64662371,15.1,16.62103082,34.27642521,62.80088387,0.570481469,19.02400901,34.85557707,
1502,46265,0,CIAT-BR19_811,Urochloa,interespecifico,Urochloa interespecifico,Poaceae,Poales,grasses,F263065,42,101,1,2,98,0.5002,475.0211754,247.8211754,46266,0.339652778,0.690300926,85,15.1,40.5,0.401574074,92.5,18.2,,84.66034722,52,48.30285784,49.67685727,97.9797151,7.293731533,9.041188022,16.33491956,206.2638892,52.17055328,2.529311043,15.1,16.67173612,34.38777133,65.91413962,0.656243996,19.08580803,36.58348787,
1503,46265,0,CIAT-BR19_818,Urochloa,interespecifico,Urochloa interespecifico,Poaceae,Poales,grasses,F263066,42,101,1,1,99,0.5003,474.6147493,267.8147493,46266,0.339837963,0.690497685,83.5,14.7,40,0.402048611,91,18.1,,83.16016204,51,46.80267265,48.67685727,95.47952992,6.87999288,8.810511165,15.69050404,201.1726986,56.4278185,2.804944154,14.7,16.4333696,33.0594531,58.58715431,0.442248959,18.34856843,32.51688426,
1504,46265,0,CIAT-BR19_818,Urochloa,interespecifico,Urochloa interespecifico,Poaceae,Poales,grasses,F263066,42,101,1,2,100,0.5002,474.5198833,272.1198833,46266,0.339965278,0.690902778,84.5,14.3,40.5,0.40244213,92,18.1,,84.16003472,51.5,47.80254534,49.17685727,96.9794026,6.835763983,8.901011165,15.73677515,204.3737386,57.34636058,2.80595545,14.3,16.22692523,33.16357376,57.83030244,0.425576478,18.4063572,32.09681838,
1505,46265,0,CIAT-BR19_95,Urochloa,interespecifico,Urochloa interespecifico,Poaceae,Poales,grasses,F263067,42,101,1,1,101,0.5001,477.8216501,243.5216501,46266,0.340092593,0.691145833,83,14.8,40,0.40275463,95,17.8,,82.65990741,55,46.30241802,52.67685727,98.97927529,6.852757867,9.376480593,16.22923846,207.1469036,50.9649678,2.460329694,14.8,16.39660264,33.96505465,66.64392449,0.446065225,18.85119296,36.9885311,
1506,46265,0,CIAT-BR19_95,Urochloa,interespecifico,Urochloa interespecifico,Poaceae,Poales,grasses,F263067,42,101,1,2,102,0.50034,478.0509586,216.9509586,46266,0.340266204,0.691481481,84.5,14.5,40,0.402974537,94,17.9,,84.1597338,54,47.80224441,51.67685727,99.47910168,6.93132544,9.25015745,16.18148289,208.0930911,45.38239171,2.1808697,14.5,16.26621332,33.8488661,74.58590177,0.581656429,18.78670631,41.3964659,
1507,46265,0,CIAT-CIAT_16320,Urochloa,interespecifico,Urochloa interespecifico,Poaceae,Poales,grasses,F263068,42,101,1,1,103,0.5002,477.5955407,270.6955407,46266,0.340416667,0.691898148,77.5,15,40,0.403333333,98.5,17.4,,77.15958333,58.5,40.80209395,56.17685727,96.97895121,6.120314092,9.774773164,15.89508726,203.0566514,56.67882499,2.791281379,15,16.39024454,33.28148172,58.7194278,0.387292531,18.47179816,32.59029834,
1508,46265,0,CIAT-CIAT_16320,Urochloa,interespecifico,Urochloa interespecifico,Poaceae,Poales,grasses,F263068,42,101,1,2,104,0.5,477.4045788,254.3045788,46266,0.340543981,0.692164352,78,15.2,40,0.403564815,95,17.6,,77.65945602,55,41.30196663,52.67685727,93.9788239,6.277898928,9.271126879,15.54902581,196.8536291,53.26814826,2.705977456,15.2,16.54524409,32.56991344,61.14331829,0.426778418,18.07686545,33.93559949,
1509,46265,0,CIAT-CIAT_6387,Urochloa,interespecifico,Urochloa interespecifico,Poaceae,Poales,grasses,F263069,42,101,1,1,105,0.5002,479.04154,266.94154,46266,0.340717593,0.692488426,79,15.1,40,0.403946759,97,16.7,,78.65928241,57,42.30179302,54.67685727,96.97865029,6.387570746,9.131035163,15.51860591,202.4430914,55.72409023,2.752580483,15.1,16.00208485,32.39511527,58.13484821,0.419275077,17.97984945,32.26584655,
1510,46265,0,CIAT-CIAT_6387,Urochloa,interespecifico,Urochloa interespecifico,Poaceae,Poales,grasses,F263069,42,101,1,2,106,0.5003,479.13731,236.23731,46266,0.340902778,0.692858796,79,15,40,0.404201389,95,16.8,,78.65909722,55,42.30160784,52.67685727,94.9784651,6.345241175,8.849712021,15.1949532,198.2280718,49.30472019,2.487272349,15,15.99831412,31.71314961,64.32071715,0.539009132,17.6013467,35.69911083,
1511,46265,0,CIAT-CIAT_6780,Urochloa,interespecifico,Urochloa interespecifico,Poaceae,Poales,grasses,F263070,42,101,1,1,107,0.5003,476.4118981,254.8118981,46266,0.341087963,0.69318287,82.5,14.7,40,0.404618056,97.5,16.6,,82.15891204,57.5,45.80142265,55.17685727,100.9782799,6.73280913,9.159358306,15.89216744,211.9558313,53.48562853,2.523432745,14.7,15.73820375,33.35804059,62.36823144,0.573991611,18.51428966,34.61544749,
1512,46265,0,CIAT-CIAT_6780,Urochloa,interespecifico,Urochloa interespecifico,Poaceae,Poales,grasses,F263070,42,101,1,2,108,0.5002,476.3166729,233.5166729,46266,0.341365741,0.693449074,80.5,14.3,40,0.405104167,96.5,16.5,,80.15863426,56.5,43.80114487,54.17685727,97.97800214,6.263563717,8.939181449,15.20274517,205.6992915,49.0255089,2.38335818,14.3,15.51648823,31.91730635,65.10346768,0.706928212,17.71465722,36.13355092,
1513,46265,0,CIAT-GP_3207,Urochloa,interespecifico,Urochloa interespecifico,Poaceae,Poales,grasses,F263071,42,101,1,1,109,0.5005,481.8851128,260.6851128,46266,0.341423611,0.693900463,80,15.1,40,0.405636574,97,17,,79.65857639,57,43.301087,54.67685727,97.97794427,6.538464138,9.295065735,15.83352987,203.3222062,54.09694258,2.660650973,15.1,16.16030015,32.85747879,60.73814382,0.8401276,18.2364692,33.71072065,
1514,46265,0,CIAT-GP_3207,Urochloa,interespecifico,Urochloa interespecifico,Poaceae,Poales,grasses,F263071,42,101,1,2,110,0.5006,481.9813935,249.1813935,46266,0.341608796,0.694270833,80,15.2,40,0.405983796,95,17.1,,79.6583912,55,43.30090182,52.67685727,95.97775908,6.581737076,9.007742592,15.58947967,199.1316685,51.69938028,2.596241003,15.2,16.24280439,32.3445674,62.56277585,1.024913803,17.9517945,34.723423,
1515,46265,0,CIAT-Mavuno,Urochloa,interespecifico,Urochloa interespecifico,Poaceae,Poales,grasses,F263072,42,101,1,1,111,0.5,477.8055781,213.4055781,46266,0.341840278,0.69462963,76.5,14.3,40.5,0.406215278,90.5,16,,76.15815972,50,39.80067034,47.67685727,87.4775276,5.691495858,7.628297162,13.31979302,183.0818467,44.66368495,2.439547435,14.3,15.22653119,27.87701448,62.41539298,1.623819028,15.47222534,34.64162295,
1516,46265,0,CIAT-Mavuno,Urochloa,interespecifico,Urochloa interespecifico,Poaceae,Poales,grasses,F263072,42,101,1,2,112,0.5002,477.9967003,261.2967003,46266,0.342071759,0.694837963,75.5,14.3,40.5,0.406435185,88,16.3,,75.15792824,47.5,38.80043886,45.17685727,83.97729612,5.548462756,7.363827734,12.91229049,175.6859327,54.66495902,3.111515998,14.3,15.37593027,27.0133465,49.41620187,0.51446525,14.99287466,27.42684699,
1517,46265,0,Cayman Br02_1752_ Exp VII_ Gramíneas,Urochloa,interespecifico,Urochloa interespecifico,Poaceae,Poales,grasses,F264574,42,101,1,1,113,0.5004,460.2029029,250.4029029,46266,0.342291667,0.695173611,68.5,15.9,40,0.407071759,90,16.5,,68.15770833,50,31.80021895,47.67685727,79.47707621,5.056234813,7.866681449,12.92291626,172.7000758,54.41141317,3.150630532,15.9,16.25992912,28.08090992,51.6084922,0.243655466,15.58539083,28.64360605,
1518,46265,0,Cayman Br02_1752_ Exp VII_ Gramíneas,Urochloa,interespecifico,Urochloa interespecifico,Poaceae,Poales,grasses,F264574,42,101,1,2,114,0.5,459.8350349,224.4350349,46266,0.342430556,0.695439815,70,15.6,40,0.407581019,93.5,16.6,,69.65756944,53.5,33.30008006,51.17685727,84.47693732,5.194812489,8.495358306,13.6901708,183.7113985,48.80772839,2.656761029,15.6,16.20580863,29.77191766,60.99836775,0.309967038,16.52392939,33.85514944,
1519,46265,0,Estrella_ Exp VII_ Gramíneas,Cynodon,nlemfuensis,Cynodon nlemfuensis,Poaceae,Poales,grasses,F264575,42,101,1,1,115,0.5003,468.5106946,178.6106946,46266,0.34275463,0.696099537,67.5,16.1,41,0.407905093,83.5,17.1,,67.15724537,42.5,30.79975598,40.17685727,70.97661325,4.958760714,6.870242592,11.82900331,151.4941154,38.12307737,2.516472488,16.1,16.66605768,25.24809667,66.2278557,1.02609983,14.01313047,36.75760572,
1520,46265,0,Estrella_ Exp VII_ Gramíneas,Cynodon,nlemfuensis,Cynodon nlemfuensis,Poaceae,Poales,grasses,F264575,42,101,1,2,116,0.5003,468.5106946,139.2106946,46266,0.343136574,0.6965625,68,16,40.5,0.408333333,83,17.1,,67.65686343,42.5,31.29937404,40.17685727,71.47623131,5.007899846,6.870242592,11.87814244,152.5605117,29.71345077,1.947650177,16,16.61831104,25.35298036,85.32492763,19.31457695,14.07134273,47.35681104,
1521,46265,0,Mulato Br02_1752 _Exp VII_ Gramíneas,Urochloa,interespecifico,Urochloa interespecifico,Poaceae,Poales,grasses,F264576,42,101,1,1,117,0.5003,469.8189146,208.1189146,46266,0.343148148,0.697037037,72.5,15.6,40.5,0.408912037,93,15.8,,72.15685185,52.5,35.79936247,50.17685727,85.97621973,5.584700545,7.927943448,13.51264399,182.9986343,44.2976875,2.420656727,15.6,15.71672264,28.76138779,64.9275152,0.454179178,15.96306782,36.03589425,
1522,46265,0,Mulato Br02_1752 _Exp VII_ Gramíneas,Urochloa,interespecifico,Urochloa interespecifico,Poaceae,Poales,grasses,F264576,42,101,1,2,118,0.5001,469.6310998,203.9310998,46266,0.343310185,0.697314815,72.5,15.4,40,0.4090625,95,15.7,,72.15668981,55,35.79920043,52.67685727,88.47605769,5.513076866,8.270266591,13.78334346,188.3948012,43.42367868,2.304929775,15.4,15.57861394,29.34929877,67.58823678,0.481558567,16.28936859,37.51264076,
1523,46265,0,Heno Estrella,Cynodon,nlemfuensis,Cynodon nlemfuensis,Poaceae,Poales,grasses,F264577,42,101,1,1,119,0.5001,475.0762596,120.8762596,46266,0.34375,0.697835648,68.5,15,40,0.409502315,76,16.3,,68.15625,36,31.79876061,33.67685727,65.47561788,4.769814092,5.489327734,10.25914183,137.8212793,25.44354873,1.846126292,15,15.66864454,21.59472636,84.87309136,4.807869816,11.98544674,47.1060341,
1524,46265,0,Heno Estrella,Cynodon,nlemfuensis,Cynodon nlemfuensis,Poaceae,Poales,grasses,F264577,42,101,1,2,120,0.5004,475.3612484,137.6612484,46266,0.343761574,0.698032407,67.5,15.8,40,0.410219907,78,16.4,,67.15623843,38,30.79874904,35.67685727,66.47560631,4.866202348,5.851004592,10.71720694,139.8422916,28.95929124,2.070853596,15.8,16.12201458,22.54539464,77.85202492,1.583381618,12.51308408,43.20922075,
1525,46265,0,Heno Estrella,Cynodon,nlemfuensis,Cynodon nlemfuensis,Poaceae,Poales,grasses,F264578,42,101,1,1,121,0.5002,472.3930204,146.8930204,46266,0.34400463,0.698391204,76.5,16.2,42.5,0.410474537,83,16.9,,76.15599537,40.5,39.79850598,38.17685727,77.97536325,6.44735797,6.451888878,12.89924685,165.0645964,31.09551032,1.883838873,16.2,16.54272107,27.30617577,87.81388531,-0.378784527,15.15539998,48.73822562,
1526,46265,0,Heno Estrella,Cynodon,nlemfuensis,Cynodon nlemfuensis,Poaceae,Poales,grasses,F264578,42,101,1,2,122,0.5005,472.6763429,149.9763429,46266,0.344155093,0.698784722,72.5,15.9,40.5,0.410752315,80,16.9,,72.15584491,39.5,35.79835552,37.17685727,72.97521279,5.691938528,6.282888878,11.97482741,154.3872755,31.72918322,2.055168285,15.9,16.409445,25.33409506,79.84477535,-0.360029885,14.06086107,44.31523171,
1527,46265,0, CIAT 17009,Canavalia,brasiliensis,Canavalia brasiliensis,Fabaceas,Fabales,Trepadoras,F264724,42,101,1,1,123,0.5001,467.7983777,279.8983777,46266,0.344340278,0.699351852,77.5,15.2,40,0.411701389,88,18.3,,77.15565972,48,40.79817034,45.67685727,86.4750276,6.201321891,8.35886488,14.56018677,184.8553388,59.83312278,3.23675384,15.2,16.8374468,31.12491934,52.01954685,2.397508076,17.27486873,28.8717485,
1528,46265,0, CIAT 17009,Canavalia,brasiliensis,Canavalia brasiliensis,Fabaceas,Fabales,Trepadoras,F264724,42,101,1,2,124,0.5001,467.7983777,276.8983777,46266,0.344386574,0.699606481,78,14.9,40,0.411944444,87,18.3,,77.65561343,47,41.29812404,44.67685727,85.97498131,6.153420482,8.17586488,14.32928536,183.7864033,59.19182085,3.220685523,14.9,16.66680835,30.63132761,51.74925719,3.121972755,17.00091678,28.72173306,
1529,46265,0,CIAT 17462,Canavalia,brasiliensis,Canavalia brasiliensis,Fabaceas,Fabales,Trepadoras,F264725,42,101,1,1,125,0.5002,473.1418858,310.5418858,46266,0.3446875,0.699930556,77.5,16.1,40,0.41244213,87.5,18.7,,77.1553125,47.5,40.79782311,45.17685727,85.97468038,6.568449521,8.448072309,15.01652183,181.7101444,65.63398742,3.612015589,16.1,17.4662142,31.73788303,48.35586604,0.437897648,17.61507418,26.83834226,
1530,46265,0,CIAT 17462,Canavalia,brasiliensis,Canavalia brasiliensis,Fabaceas,Fabales,Trepadoras,F264725,42,101,1,2,126,0.5002,473.1418858,293.8418858,46266,0.344780093,0.700289352,77.5,16.1,40.5,0.412835648,88,19.2,,77.15521991,47.5,40.79773052,45.17685727,85.97458779,6.568434614,8.673956595,15.24239121,181.7099487,62.1043908,3.417776036,16.1,17.72894945,32.21526495,51.87276541,0.586332666,17.8800294,28.79028225,
1531,46265,0,CIAT 13953,Desmodium,velutinum,Desmodium velutinum,Fabaceas,Fabales,Arbustivas,F264726,42,101,1,1,127,0.5002,481.49626,310.89626,46266,0.344861111,0.700740741,79.5,15.6,40,0.413541667,81,19,,79.15513889,41,42.7976495,38.67685727,81.47450677,6.676433323,7.34860288,14.0250362,169.2110895,64.56877983,3.815871643,15.6,17.21401793,29.12802729,45.11162728,0.57238578,16.16655909,25.03773362,
1532,46265,0,CIAT 13953,Desmodium,velutinum,Desmodium velutinum,Fabaceas,Fabales,Arbustivas,F264726,42,101,1,2,128,0.5004,481.6887815,299.9887815,46266,0.345081019,0.701006944,82,15.1,40,0.413981481,90,18.9,,81.65491898,50,45.2974296,47.67685727,92.97428686,6.839911869,9.010926023,15.85083789,193.0173391,62.27854852,3.226577924,15.1,17.04862541,32.90680311,52.83810219,0.808043604,18.26384505,29.32606087,
1533,46265,0,CIAT 9432,Clitoria,tertanea,Clitoria tertanea,Fabaceas,Fabales,Trepadoras,F264727,42,101,1,1,129,0.5004,476.2367208,272.2367208,46266,0.345289352,0.701550926,77,16.1,41.5,0.414398148,78,19.8,,76.65471065,36.5,40.29722126,34.17685727,74.47407853,6.487852623,6.767017739,13.25487036,156.3803782,57.16415994,3.655456048,16.1,17.79796491,27.83252484,48.68876735,1.025237103,15.44753282,27.02310825,
1534,46265,0,CIAT 9432,Clitoria,tertanea,Clitoria tertanea,Fabaceas,Fabales,Trepadoras,F264727,42,101,1,2,130,0.5,475.8560359,247.3560359,46266,0.345358796,0.701782407,75.5,15.4,41,0.414571759,78,19.6,,75.1546412,37,38.79715182,34.67685727,73.47400908,5.97476138,6.796664024,12.7714254,154.4038607,51.98127527,3.366578726,15.4,17.38223565,26.83884293,51.6317516,5.998083631,14.89602216,28.65651542,
1535,46265,0,CIAT 17768,Clitoria,tertanea,Clitoria tertanea,Fabaceas,Fabales,Trepadoras,F264728,42,101,1,1,131,0.5001,481.525,267.925,46266,0.34556713,0.702175926,92,16.4,40.5,0.415046296,94,19.4,,91.65443287,53.5,55.29694348,51.17685727,106.4738008,9.068698732,9.928310309,18.99700904,221.1179082,55.64093245,2.516346727,16.4,17.84195634,39.45176064,70.90420469,4.225715791,21.89640971,39.35306032,
1536,46265,0,CIAT 17768,Clitoria,tertanea,Clitoria tertanea,Fabaceas,Fabales,Trepadoras,F264728,42,101,1,2,132,0.5,481.4287143,301.2287143,46266,0.345706019,0.702523148,93.5,16.8,40.5,0.4153125,91.5,19.6,,93.15429398,51,56.7968046,48.67685727,105.4736619,9.541863172,9.540664024,19.0825272,219.0846926,62.56974404,2.855961469,16.8,18.09222024,39.63728509,63.34896473,1.012386392,21.99937899,35.15977143,
1537,46265,0,CIAT 22768,Lablab,purpureus,Lablab purpureus,Fabaceas,Fabales,Trepadoras,F264729,42,101,1,1,133,0.5001,473.5238471,319.8238471,46266,0.345833333,0.70287037,89,16.5,40.5,0.415578704,97,18.8,,88.65416667,56.5,52.29667728,54.17685727,106.4735345,8.628951751,10.18524917,18.81420092,224.8535849,67.54123347,3.003787265,16.5,17.67030746,39.73231978,58.8267607,0.636947301,22.05212489,32.64986995,
1538,46265,0,CIAT 22768,Lablab,purpureus,Lablab purpureus,Fabaceas,Fabales,Trepadoras,F264729,42,101,1,2,134,0.5003,473.7132187,332.7132187,46266,0.346006944,0.703310185,89.5,16.1,40.5,0.415914352,95.5,18.5,,89.15399306,55,52.79650367,52.67685727,105.4733609,8.500237091,9.745218594,18.24545568,222.6523491,70.23515612,3.154476313,16.1,17.29863875,38.51582553,54.8383853,0.518464565,21.37694953,30.4362526,
1539,46265,0,CIAT 22598,Lablab,purpureus,Lablab purpureus,Fabaceas,Fabales,Trepadoras,F264730,42,101,1,1,135,0.5,477.505741,272.105741,46266,0.346157407,0.703634259,85.5,16.9,40.5,0.416354167,90.5,18.8,,85.15384259,50,48.79635321,47.67685727,96.47321047,8.246583692,8.963249166,17.20983286,202.035708,56.98481037,2.820531624,16.9,17.838976,36.04110146,63.24685689,0.423503086,20.00343486,35.10309981,
1540,46265,0,CIAT 22598,Lablab,purpureus,Lablab purpureus,Fabaceas,Fabales,Trepadoras,F264730,42,101,1,2,136,0.5,477.505741,319.705741,46266,0.34630787,0.70400463,85.5,16.8,40,0.416724537,90,19.1,,85.15369213,50,48.79620274,47.67685727,96.47306001,8.197762061,9.106279738,17.3040418,202.0353929,66.9532769,3.313938015,16.8,17.93665692,36.2383953,54.12490169,0.278064952,20.11293635,30.04025685,
1541,46265,0,CIAT 18701,Cajanus,cajan,Cajanus cajan,Fabaceas,Fabales,Arbustivas,F264731,42,101,1,1,137,0.5003,473.2378043,134.0378043,46266,0.346585648,0.704328704,66.5,14.7,41,0.417094907,70,18.3,,66.15341435,29,29.79592497,26.67685727,56.47278223,4.38000097,4.88186488,9.26186585,119.3327788,28.32356229,2.373493902,14.7,16.40058358,19.57127213,69.09890759,-0.487308848,10.86239464,38.3510892,
1542,46265,0,CIAT 18701,Cajanus,cajan,Cajanus cajan,Fabaceas,Fabales,Arbustivas,F264731,42,101,1,2,138,0.5001,473.0486226,129.6486226,46266,0.346689815,0.704791667,65.5,14.7,41,0.417453704,70,18.1,,65.15331019,29,28.7958208,26.67685727,55.47267806,4.232985658,4.828511165,9.061496823,117.2663346,27.40703945,2.337161773,14.7,16.33506284,19.15552945,69.89273498,-0.44167844,10.63165026,38.79167713,
1543,46265,0,CIAT 20891,Cajanus,cajan,Cajanus cajan,Fabaceas,Fabales,Arbustivas,F264732,42,101,1,1,139,0.5004,472.5624893,146.5624893,46266,0.346840278,0.704988426,68,15.6,40.5,0.417777778,71,19.1,,67.65315972,30.5,31.29567034,28.17685727,59.4725276,4.882124573,5.381779738,10.26390431,125.8511392,31.01441452,2.464372967,15.6,17.25822783,21.71967632,70.03090872,-1.251864011,12.05479613,38.86836594,
1544,46265,0,CIAT 20891,Cajanus,cajan,Cajanus cajan,Fabaceas,Fabales,Arbustivas,F264732,42,101,1,2,140,0.5,472.1847415,97.28474152,46266,0.347060185,0.705347222,68.5,15,41,0.418055556,70.5,19.5,,68.15293981,29.5,31.79545043,27.17685727,58.97230769,4.769317564,5.299487167,10.06880473,124.8924468,20.60310996,1.649668214,15,17.0737845,21.32386722,103.4982935,-0.395047755,11.83511523,57.44334352,
1545,46265,0,CIAT 15551,Centrosema ,molle,Centrosema molle,Fabaceas,Fabales,Trepadoras,F264733,42,101,1,1,141,0.5001,484.6515445,209.7515445,46266,0.347118056,0.705787037,73,15.9,41,0.418449074,80,17.9,0,72.65288194,39,36.29539256,36.67685727,72.97224982,5.770967417,6.56515745,12.33612487,150.5664237,43.27883546,2.874401503,15.9,16.90522753,25.45359652,58.8130347,-0.816313309,14.12718644,32.64225179,
1546,46265,0,CIAT 15551,Centrosema ,molle,Centrosema molle,Fabaceas,Fabales,Trepadoras,F264733,42,101,1,2,142,0.5001,484.6515445,229.1515445,46266,0.347222222,0.706122685,72.5,15.9,40,0.418738426,77.5,17.8,,72.15277778,37.5,35.79528839,35.17685727,70.97214566,5.691450854,6.261480593,11.95293145,146.4395326,47.28171139,3.22875323,15.9,16.84172197,24.66293893,52.16168833,-1.377940035,13.6883578,28.95063948,
1547,46265,0, CIAT 17009,Canavalia,brasiliensis,Canavalia brasiliensis,Fabaceas,Fabales,Trepadoras,F264734,42,101,1,1,143,0.5001,484.498385,298.298385,46266,0.3475,0.706412037,79,15.2,40,0.41912037,90.5,20.2,,78.6525,50.5,42.29501061,48.17685727,90.47186788,6.428841613,9.731725168,16.16056678,186.7330639,61.56849935,3.297139674,15.2,17.86253248,33.35525418,54.17584403,0.852549156,18.51274315,30.06853074,
1548,46265,0, CIAT 17009,Canavalia,brasiliensis,Canavalia brasiliensis,Fabaceas,Fabales,Trepadoras,F264734,42,101,1,2,144,0.5003,484.6921456,260.0921456,46266,0.347662037,0.706886574,79,15.4,40.5,0.419363426,89,20.4,,78.65233796,48.5,42.29484858,46.17685727,88.47170584,6.513406681,9.420078882,15.93348556,182.5317506,53.6613081,2.939834189,15.4,18.00969633,32.873414,61.26092553,7.123625979,18.24531351,34.00087355,
1549,46265,0,CIAT 17462,Canavalia,brasiliensis,Canavalia brasiliensis,Fabaceas,Fabales,Trepadoras,F264735,42,101,1,1,145,0.5001,484.225,288.625,46266,0.347800926,0.707222222,73.5,14.7,40.5,0.419884259,85.5,19.9,,73.15219907,45,36.79470969,42.67685727,79.47156695,5.408822324,8.492694596,13.90151692,164.1211564,59.60555527,3.631802053,14.7,17.49244095,28.70879637,48.16463203,2.003530636,15.93387867,26.73220408,
1550,46265,0,CIAT 17462,Canavalia,brasiliensis,Canavalia brasiliensis,Fabaceas,Fabales,Trepadoras,F264735,42,101,1,2,146,0.5003,484.4186513,277.9186513,46266,0.347939815,0.707800926,74,14.5,40.5,0.420173611,88,19.8,,73.65206019,47.5,37.2945708,45.17685727,82.47142806,5.407712766,8.945017739,14.3527305,170.2482509,57.37158356,3.369878002,14.5,17.40327631,29.62877351,51.64363902,6.496232871,16.44448191,28.66311315,
1551,46265,0, CIAT 17009,Canavalia,brasiliensis,Canavalia brasiliensis,Fabaceas,Fabales,Trepadoras,F264736,42,101,1,1,147,0.5001,474.3013146,304.0013146,46266,0.348090278,0.708101852,71,15.3,40.5,0.420555556,85,18,,70.65190972,44.5,34.29442034,42.17685727,76.4712776,5.247046312,7.591834308,12.83888062,161.2293183,64.0945545,3.975365969,15.3,16.78915407,27.06903866,42.2329773,0.39760795,15.02378478,23.44003308,
1552,46265,0, CIAT 17009,Canavalia,brasiliensis,Canavalia brasiliensis,Fabaceas,Fabales,Trepadoras,F264736,42,101,1,2,148,0.5002,474.3961559,297.4961559,46266,0.348159722,0.708842593,73.5,14.7,40.5,0.420798611,85,18.5,,73.15184028,44.5,36.79435089,42.17685727,78.97120816,5.408769581,7.802718594,13.21148818,166.4667961,62.71049042,3.767147076,14.7,16.72949988,27.84906246,44.40893744,0.452301018,15.45671148,24.6477286,
1553,46265,0,CIAT 17462,Canavalia,brasiliensis,Canavalia brasiliensis,Fabaceas,Fabales,Trepadoras,F264737,42,101,1,1,149,0.5,476.5343862,280.4343862,46266,0.348344907,0.709201389,78.5,15.5,40,0.421377315,91.5,19.4,,78.15165509,51.5,41.79416571,49.17685727,90.97102297,6.478095685,9.540310309,16.01840599,190.9012772,58.84871991,3.082678166,15.5,17.60825093,33.61437591,57.11997808,0.238096876,18.65656019,31.70257607,
1554,46265,0,CIAT 17462,Canavalia,brasiliensis,Canavalia brasiliensis,Fabaceas,Fabales,Trepadoras,F264737,42,101,1,2,150,0.5002,476.725,276.525,46266,0.348506944,0.709444444,78.5,15.1,40,0.42162037,90,19.5,,78.15149306,50,41.79400367,47.67685727,89.47086094,6.310894554,9.296987167,15.60788172,187.6781393,58.00513923,3.090671053,15.1,17.44465355,32.73980119,56.44293182,0.238170798,18.17115609,31.32680368,
1555,46265,0,Sample 8,Canavalia,brasiliensis,Cynodon nlemfuensis ,Poaceae,Poales,grasses,F250008,42,101,1,1,151,0.5003,468.935872,179.035872,46266,0.348599537,0.709548611,63.5,15.1,40,0.421990741,84,17.1,,63.15140046,44,26.79391108,41.67685727,68.47076834,4.045880573,7.126742592,11.17262317,146.0130743,38.17918029,2.614778195,15.1,16.31736204,23.82548197,62.4043832,-0.137442046,13.2235547,34.63551234,
1556,46265,0,Sample 8,Canavalia,brasiliensis,Cynodon nlemfuensis ,Poaceae,Poales,grasses,F250008,42,101,1,2,152,0.5003,468.935872,173.435872,46266,0.348819444,0.709872685,63.5,15.4,40,0.422395833,82.5,17.5,,63.15118056,42.5,26.79369117,40.17685727,66.97054844,4.12622844,7.030950021,11.15717846,142.8138738,36.98498715,2.589733489,15.4,16.65982842,23.79254633,64.33028145,-0.134650996,13.20527485,35.70441919,
1557,46265,0,0,0,0,0,0,0,0,0,42,101,1,1,0,0,0,0,0,0,0,0,0,0,0,0,0,,0,0,,,,,,,,,,,,,,,,,
1558,46265,0,0,0,0,0,0,0,0,0,42,101,1,2,0,0,0,0,0,0,0,0,0,0,0,0,0,,0,0,,,,,,,,,,,,,,,,,
1559,46265,0,BLANK 24 H,0,0,BLANK 24 H,0,0,0,BLANK 24 H,42,101,1,1,153,0,0,0,46266,0.348958333,0.710277778,40.5,0,40,0.422824074,41.5,-,,40.15104167,1.5,,,,,,,,,,,,,,,,,
1560,46265,0,BLANK 24 H,0,0,BLANK 24 H,0,0,0,BLANK 24 H,42,101,1,2,154,0,0,0,46266,0.349097222,0.710474537,41,0,40,0.423356481,42,-,,40.65090278,2,,,,,,,,,,,,,,,,,
1561,46267,0,BLANK 24 H,0,0,BLANK 24 H,0,0,0,BLANK 24 H,42,102,2,1,155,0,0,0,46268,0.32087963,0.655011574,42.5,0,40,0.324571759,44,0,,42.17912037,4,,,,,,,,,,,,,,,,,
1562,46267,0,BLANK 24 H,0,0,BLANK 24 H,0,0,0,BLANK 24 H,42,102,2,2,156,0,0,0,46268,0.320949074,0.655046296,42.5,0,40,0.324965278,44,0,,42.17905093,4,,,,,,,,,,,,,,,,,
1563,46267,0,Sample 8,Cynodon,nlemfuensis,Cynodon nlemfuensis ,Poaceae,Poales,grasses,F250008,42,102,2,1,157,0.5,468.6546792,206.3546792,46268,0.320983796,0.655162037,68,16.4,40.5,0.326018519,86.5,17.7,,67.6790162,46,31.31864679,43.45560558,74.77425237,5.136258074,7.691642187,12.82790026,159.5508499,44.03128537,2.75970234,16.4,17.15550454,27.3717533,62.16432944,0.485806459,15.19179664,34.50227835,
1564,46267,0,Sample 8,Cynodon,nlemfuensis,Cynodon nlemfuensis ,Poaceae,Poales,grasses,F250008,42,102,2,2,158,0.5,468.6546792,191.9546792,46268,0.321099537,0.6553125,66.5,16.3,40.5,0.326493056,87.5,17.5,,66.17890046,47,29.81853105,44.45560558,74.27413663,4.860420561,7.779730976,12.64015154,158.4837193,40.95866055,2.584408085,16.3,17.01824095,26.97114122,65.84966612,0.565172973,14.96945001,36.54770396,
1565,46267,0,CIAT-BR19_2329,Urochloa,interespecifico,Urochloa interespecifico,Poaceae,Poales,grasses,F263021,42,102,2,1,159,0.5003,484.4178935,299.4178935,46268,0.321342593,0.65587963,81.5,14.5,40,0.326828704,95.5,17,,81.17865741,55.5,44.81828799,52.95560558,97.77389357,6.498651759,9.002452948,15.50110471,201.8379066,61.80983352,3.062350108,14.5,15.85403234,31.99944699,51.77080275,0.398290685,17.76024671,28.73369122,
1566,46267,0,CIAT-BR19_2329,Urochloa,interespecifico,Urochloa interespecifico,Poaceae,Poales,grasses,F263021,42,102,2,2,160,0.5002,484.3210681,278.8210681,46268,0.321539352,0.656134259,78,14.9,40,0.32712963,94,16.7,,77.67846065,54,41.31809123,51.45560558,92.77369681,6.156395594,8.593086131,14.74948173,191.5541217,57.56946919,3.005389217,14.9,15.89834429,30.45393376,52.89945207,0.458955215,16.90246012,29.36011111,
1567,46267,0,CIAT-BR19_244,Urochloa,interespecifico,Urochloa interespecifico,Poaceae,Poales,grasses,F263022,42,102,2,1,161,0.5001,479.5729477,269.0729477,46268,0.321597222,0.656458333,81,13.5,40,0.327627315,95.5,17.4,,80.67840278,55.5,44.31803336,52.95560558,97.27363894,5.982934504,9.21427537,15.19720987,202.8338742,56.10678188,2.766144565,13.5,15.62315345,31.68904741,56.47988772,0.525237066,17.58796956,31.34731484,
1568,46267,0,CIAT-BR19_244,Urochloa,interespecifico,Urochloa interespecifico,Poaceae,Poales,grasses,F263022,42,102,2,2,162,0.5001,479.5729477,297.1729477,46268,0.321747685,0.656712963,80.5,13.8,40.5,0.327777778,95.5,17.9,,80.17825231,55,43.8178829,52.45560558,96.27348848,6.04686784,9.389553398,15.43642124,200.7483719,61.96616159,3.086757865,13.8,16.03392739,32.18784819,51.94423435,0.401773334,17.86481263,28.82994875,
1569,46267,0,CIAT-BR19_247,Urochloa,interespecifico,Urochloa interespecifico,Poaceae,Poales,grasses,F263023,42,102,2,1,163,0.5002,477.39088,266.89088,46268,0.321921296,0.657071759,75.5,15.4,40,0.328171296,95.5,16.7,,75.1780787,55.5,38.81770929,52.95560558,91.77331487,5.977927231,8.843586131,14.82151336,192.239355,55.90615388,2.908153426,15.4,16.15013404,31.04691351,55.53398214,0.518068601,17.23157414,30.82232088,
1570,46267,0,CIAT-BR19_247,Urochloa,interespecifico,Urochloa interespecifico,Poaceae,Poales,grasses,F263023,42,102,2,2,164,0.5,477.2,247.9,46268,0.321956019,0.657349537,75,15.5,40.5,0.328402778,94.5,16.8,,74.67804398,54,38.31767457,51.45560558,89.77328014,5.939239558,8.644541737,14.58378129,188.1250632,51.9488684,2.761400715,15.5,16.24512469,30.56115108,58.82929123,0.656865939,16.96196759,32.65127444,
1571,46267,0,CIAT-BR19_2520,Urochloa,interespecifico,Urochloa interespecifico,Poaceae,Poales,grasses,F263024,42,102,2,1,165,0.5004,479.2581,265.9581,46268,0.322141204,0.657685185,81,15.8,40,0.32869213,94,17,,80.6778588,54,44.31748938,51.45560558,95.77309496,7.002163323,8.747452948,15.74961627,199.8361529,55.49370997,2.776960483,15.8,16.44471892,32.86249366,59.21841174,0.596642373,18.23925253,32.86724305,
1572,46267,0,CIAT-BR19_2520,Urochloa,interespecifico,Urochloa interespecifico,Poaceae,Poales,grasses,F263024,42,102,2,2,166,0.5002,479.06655,266.96655,46268,0.322395833,0.657893519,79,15.9,40,0.3290625,92,17,,78.67760417,52,42.31723475,49.45560558,91.77284033,6.728440326,8.407452948,15.13589327,191.5659533,55.72640169,2.908992999,15.9,16.49278067,31.59455252,56.69584176,0.56515389,17.53552327,31.46717307,
1573,46267,0,CIAT-BR19_2632,Urochloa,interespecifico,Urochloa interespecifico,Poaceae,Poales,grasses,F263025,42,102,2,1,167,0.5,468.3777894,225.0777894,46268,0.322430556,0.658101852,74,13.7,40,0.329421296,93.5,16.5,,73.67756944,53.5,37.31720003,50.95560558,88.27280561,5.112456404,8.40767492,13.52013132,188.4649691,48.05475292,2.549797618,13.7,15.31630408,28.86586774,60.06870495,0.922681307,16.02105601,33.3391705,
1574,46267,0,CIAT-BR19_2632,Urochloa,interespecifico,Urochloa interespecifico,Poaceae,Poales,grasses,F263025,42,102,2,2,168,0.5001,468.471465,256.071465,46268,0.322546296,0.658402778,72.5,14.6,40,0.329733796,94,16.5,,72.1774537,54,35.81708429,51.45560558,87.27268987,5.229294306,8.49017492,13.71946923,186.2924348,54.66105924,2.934153461,14.6,15.72023189,29.28560276,53.57672018,0.537863139,16.2540162,29.73600663,
1575,46267,0,CIAT-BR19_2734,Urochloa,interespecifico,Urochloa interespecifico,Poaceae,Poales,grasses,F263026,42,102,2,1,169,0.5003,479.1394258,247.5394258,46268,0.322719907,0.65880787,86.5,15.1,40.5,0.330127315,92.5,17.1,,86.17728009,52,49.81691068,49.45560558,99.27251626,7.522353513,8.456908554,15.97926207,207.189204,51.663339,2.493534315,15.1,16.09636047,33.34992114,64.55239205,0.894077536,18.50978322,35.82769441,
1576,46267,0,CIAT-BR19_2734,Urochloa,interespecifico,Urochloa interespecifico,Poaceae,Poales,grasses,F263026,42,102,2,2,170,0.5002,479.0436554,265.4436554,46268,0.322789352,0.659074074,85.5,14.9,40.5,0.330439815,91,17.1,,85.17721065,50.5,48.81684123,47.95560558,96.77244681,7.273709344,8.200408554,15.4741179,202.0117493,55.41116189,2.742967282,14.9,15.99021044,32.30210383,58.2953014,0.63836645,17.92822649,32.35490085,
1577,46267,0,CIAT-BR19_2789,Urochloa,interespecifico,Urochloa interespecifico,Poaceae,Poales,grasses,F263027,42,102,2,1,171,0.5003,479.0643558,227.4643558,46268,0.322939815,0.659444444,77,15.3,40,0.330752315,90,16.7,,76.67706019,50,40.31669077,47.45560558,87.77229635,6.168453688,7.925086131,14.09353982,183.2160863,47.48096014,2.591527911,15.3,16.05693414,29.41888631,61.95933322,1.489999442,16.32799088,34.3885019,
1578,46267,0,CIAT-BR19_2789,Urochloa,interespecifico,Urochloa interespecifico,Poaceae,Poales,grasses,F263027,42,102,2,2,172,0.5001,478.872845,248.972845,46268,0.323101852,0.659618056,77.5,15.6,40,0.33125,90.5,16.4,,77.17689815,50.5,40.81652873,47.95560558,88.77213431,6.367378483,7.864719315,14.2320978,185.3772567,51.99143104,2.804628355,15.6,16.0321681,29.71999341,57.16325327,0.825782957,16.49511053,31.72659455,
1579,46267,0,CIAT-BR19_2958,Urochloa,interespecifico,Urochloa interespecifico,Poaceae,Poales,grasses,F263028,42,102,2,1,173,0.5004,467.6771123,284.1771123,46268,0.323194444,0.65994213,78.5,15.2,40,0.3315625,94,16.4,,78.17680556,54,41.81643614,51.45560558,93.27204172,6.356098294,8.438719315,14.79481761,199.4368321,60.76352783,3.046755566,15.2,15.86200681,31.63468389,52.06196055,0.422430913,17.55779687,28.89528883,
1580,46267,0,CIAT-BR19_2958,Urochloa,interespecifico,Urochloa interespecifico,Poaceae,Poales,grasses,F263028,42,102,2,2,174,0.5004,467.6771123,275.3771123,46268,0.323344907,0.660162037,78.5,15,40.5,0.331921296,91.5,16.4,,78.17665509,51,41.81628568,48.45560558,90.27189126,6.272442852,7.946719315,14.21916217,193.0218283,58.88188775,3.050529998,15,15.75148362,30.40380167,51.63523594,0.44564417,16.87463594,28.65844929,
1581,46267,0,CIAT-BR19_300,Urochloa,interespecifico,Urochloa interespecifico,Poaceae,Poales,grasses,F263029,42,102,2,1,175,0.5003,483.920089,250.520089,46268,0.323599537,0.660416667,72.5,15.1,40,0.332337963,93,15.8,,72.17640046,53,35.81603105,50.45560558,86.27163663,5.408220688,7.971985681,13.38020637,178.2766175,51.76889629,2.903852283,15.1,15.50939207,27.64961958,53.40971426,1.148536033,15.34601724,29.64331546,
1582,46267,0,CIAT-BR19_300,Urochloa,interespecifico,Urochloa interespecifico,Poaceae,Poales,grasses,F263029,42,102,2,2,176,0.5005,484.1135409,257.9135409,46268,0.323634259,0.660659722,74,14.9,40,0.332847222,93,15.4,,73.67636574,53,37.31599633,50.45560558,87.7716019,5.560083453,7.770163259,13.33024671,181.3037531,53.27542387,2.938462274,14.9,15.18742557,27.53537256,51.68494319,0.925103554,15.28260816,28.68603767,
1583,46267,0,CIAT-BR19_3048,Urochloa,interespecifico,Urochloa interespecifico,Poaceae,Poales,grasses,F263030,42,102,2,1,177,0.5002,478.8696953,279.0696953,46268,0.323784722,0.660925926,80,14.6,40.5,0.333159722,94,16.9,,79.67621528,53.5,43.31584586,50.95560558,94.27145144,6.324113496,8.611497342,14.93561084,196.8624291,58.27675003,2.960277911,14.6,15.84319602,31.18930052,53.519286,0.487955981,17.3106014,29.70412967,
1584,46267,0,CIAT-BR19_3048,Urochloa,interespecifico,Urochloa interespecifico,Poaceae,Poales,grasses,F263030,42,102,2,2,178,0.5005,479.1569023,271.0569023,46268,0.323969907,0.661203704,79,14.8,40,0.333576389,95,16.3,,78.67603009,55,42.31566068,52.45560558,94.77126626,6.262717781,8.550263709,14.81298149,197.7875427,56.56954976,2.860116921,14.8,15.63024541,30.9146783,54.64897358,0.533431807,17.15818131,30.33112582,
1585,46267,0,CIAT-BR19_3107,Urochloa,interespecifico,Urochloa interespecifico,Poaceae,Poales,grasses,F263031,42,102,2,1,179,0.5005,484.308825,273.908825,46268,0.324039352,0.661423611,78,15.1,40,0.333912037,95,16.5,,77.67596065,55,41.31559123,52.45560558,93.77119681,6.238654276,8.65517492,14.8938292,193.6186003,56.55664544,2.92103369,15.1,15.88315997,30.75275202,54.37513449,0.600097596,17.06830943,30.17914039,
1586,46267,0,CIAT-BR19_3107,Urochloa,interespecifico,Urochloa interespecifico,Poaceae,Poales,grasses,F263031,42,102,2,2,180,0.5006,484.40559,266.50559,46268,0.324143519,0.661678241,78,15.1,40,0.334525463,95,16.6,,77.67585648,55,41.31548707,52.45560558,93.77109264,6.238638547,8.707630526,14.94626907,193.579708,55.01703438,2.842086857,15.1,15.9391009,30.85486498,56.08238489,0.674633973,17.12498388,31.1266939,
1587,46267,0,CIAT-BR19_325,Urochloa,interespecifico,Urochloa interespecifico,Poaceae,Poales,grasses,F263032,42,102,2,1,181,0.5002,481.8954253,254.1954253,46268,0.324282407,0.661956019,56.5,14.9,40,0.334699074,93,16.3,,56.17571759,53,19.81534818,50.45560558,70.27095376,2.952486879,8.224263709,11.17675059,145.821998,52.74908454,3.617361252,14.9,15.90522113,23.19331125,43.96912563,0.515008531,12.87268901,24.40362543,
1588,46267,0,CIAT-BR19_325,Urochloa,interespecifico,Urochloa interespecifico,Poaceae,Poales,grasses,F263032,42,102,2,2,182,0.5,481.7027442,241.6027442,46268,0.324409722,0.662210648,77,15,39.5,0.33505787,94,16.1,,76.67559028,54.5,40.31522086,51.95560558,92.27082644,6.04728313,8.364852498,14.41213563,191.5513822,50.15598252,2.618408803,15,15.619385,29.91914786,59.6522017,0.828039758,16.60564469,33.10800399,
1589,46267,0,CIAT-BR19_3294,Urochloa,interespecifico,Urochloa interespecifico,Poaceae,Poales,grasses,F263033,42,102,2,1,183,0.5006,481.2787219,254.4787219,46268,0.324502315,0.662418981,74.5,14.3,39.5,0.335428241,95,15.3,,74.17549769,55.5,37.81512827,52.95560558,90.77073385,5.407563343,8.102207653,13.509771,188.6032557,52.87553975,2.803532715,14.3,14.88339955,28.07057612,53.08801811,0.659374994,15.5796554,29.46476853,
1590,46267,0,CIAT-BR19_3294,Urochloa,interespecifico,Urochloa interespecifico,Poaceae,Poales,grasses,F263033,42,102,2,2,184,0.5005,481.1825815,240.2825815,46268,0.324699074,0.662604167,76,14.2,40.5,0.335671296,94,15.1,,75.67530093,53.5,39.31493151,50.95560558,90.27053709,5.582720275,7.694296442,13.27701672,187.6014232,49.93584364,2.661805161,14.2,14.70802894,27.5924716,55.25584349,0.85499756,15.31429912,30.66794912,
1591,46267,0,CIAT-BR19_3334,Urochloa,interespecifico,Urochloa interespecifico,Poaceae,Poales,grasses,F263034,42,102,2,1,185,0.5003,483.5666383,259.1666383,46268,0.324791667,0.662881944,77.5,14.8,40.5,0.336041667,93,16.6,,77.17520833,52.5,40.81483892,49.95560558,90.7704445,6.04059616,8.292630526,14.33322669,187.7103119,53.59481358,2.855187498,14.8,15.79063181,29.64064422,55.30506078,0.669129897,16.45107036,30.69526557,
1592,46267,0,CIAT-BR19_3334,Urochloa,interespecifico,Urochloa interespecifico,Poaceae,Poales,grasses,F263034,42,102,2,2,186,0.5004,483.6632937,249.3632937,46268,0.324930556,0.663148148,76,14.9,40,0.336689815,96.5,16.7,,75.67506944,56.5,39.31470003,53.95560558,93.27030561,5.857890305,9.010586131,14.86847644,192.8413978,51.55720869,2.673555019,14.9,15.94127556,30.74137862,59.62576214,0.827389093,17.06199699,33.09332958,
1593,46267,0,CIAT-BR19_3677,Urochloa,interespecifico,Urochloa interespecifico,Poaceae,Poales,grasses,F263035,42,102,2,1,187,0.5002,479.7178328,258.6178328,46268,0.325127315,0.663530093,80.5,15.1,40,0.336736111,92,16.8,,80.17487269,52,43.81450327,49.45560558,93.27010885,6.615989994,8.308541737,14.92453173,194.4270204,53.91040631,2.77278365,15.1,16.00140915,31.11106303,57.70882684,0.649749629,17.26717823,32.02939732,
1594,46267,0,CIAT-BR19_3677,Urochloa,interespecifico,Urochloa interespecifico,Poaceae,Poales,grasses,F263035,42,102,2,2,188,0.5002,479.7178328,273.7178328,46268,0.325173611,0.663703704,81,15.1,40.5,0.33724537,90,17.1,,80.67482639,49.5,44.31445698,46.95560558,91.27006255,6.691483003,8.029408554,14.72089156,190.2578064,57.05809,2.998988115,15.1,16.12893773,30.68656312,53.78126593,0.521454486,17.03157344,29.84953306,
1595,46267,0,CIAT-BR19_3786,Urochloa,interespecifico,Urochloa interespecifico,Poaceae,Poales,grasses,F263036,42,102,2,1,189,0.5003,483.6917357,268.2917357,46268,0.325324074,0.663981481,78.5,15.6,40,0.337465278,91.5,16.7,,78.17467593,51.5,41.81430651,48.95560558,90.76991209,6.523031816,8.175586131,14.69861795,187.6606636,55.46750459,2.955734224,15.6,16.19327111,30.38840001,54.78595123,0.656688375,16.86608776,30.40715079,
1596,46267,0,CIAT-BR19_3786,Urochloa,interespecifico,Urochloa interespecifico,Poaceae,Poales,grasses,F263036,42,102,2,2,190,0.5001,483.498375,279.198375,46268,0.325486111,0.664108796,78.5,15.5,40,0.33775463,91,16.8,,78.17451389,51,41.81414448,48.45560558,90.26975005,6.481192394,8.140541737,14.62173413,186.7012481,57.74546295,3.092933955,15.5,16.19782277,30.24153728,52.37041272,0.554835751,16.7845764,29.06648512,
1597,46267,0,CIAT-BR19_388,Urochloa,interespecifico,Urochloa interespecifico,Poaceae,Poales,grasses,F263037,42,102,2,1,191,0.5004,468.354173,272.754173,46268,0.325532407,0.664548611,76.5,14.7,40,0.338032407,91,16.6,,76.17446759,51,39.81409818,48.45560558,88.26970376,5.852672432,8.043630526,13.89630296,188.4678494,58.23673381,3.090008932,14.7,15.74300396,29.670501,50.94808561,0.555804707,16.46764138,28.27706897,
1598,46267,0,CIAT-BR19_388,Urochloa,interespecifico,Urochloa interespecifico,Poaceae,Poales,grasses,F263037,42,102,2,2,192,0.5001,468.0733852,261.9733852,46268,0.325729167,0.664791667,77,14.6,40.5,0.338287037,90,16.6,,76.67427083,49.5,40.31390142,46.95560558,87.269507,5.885829607,7.794630526,13.68046013,186.44407,55.96844287,3.001889138,14.6,15.67610567,29.22716943,52.22080145,0.653667705,16.22158469,28.98344828,
1599,46267,0,CIAT-BR19_39,Urochloa,interespecifico,Urochloa interespecifico,Poaceae,Poales,grasses,F263038,42,102,2,1,193,0.5001,470.1470053,253.9470053,46268,0.325868056,0.665138889,76,15.1,40,0.338541667,92,16.5,,75.67413194,52,39.31376253,49.45560558,88.76936811,5.936378142,8.16017492,14.09655306,188.8119399,54.01438325,2.8607504,15.1,15.87997455,29.983288,55.509822,0.809782779,16.64124358,30.80891159,
1600,46267,0,CIAT-BR19_39,Urochloa,interespecifico,Urochloa interespecifico,Poaceae,Poales,grasses,F263038,42,102,2,2,194,0.5001,470.1470053,261.0470053,46268,0.325983796,0.665324074,76,14.8,40,0.338854167,93,16.4,,75.6740162,53,39.31364679,50.45560558,89.76925237,5.818419725,8.274719315,14.09313904,190.938688,55.52454921,2.907977937,14.8,15.69929421,29.97602639,53.98697841,0.7004492,16.63721326,29.96370705,
1601,46267,0,CIAT-BR19_3918,Urochloa,interespecifico,Urochloa interespecifico,Poaceae,Poales,grasses,F263039,42,102,2,1,195,0.5004,465.7059572,254.8059572,46268,0.326099537,0.665601852,81,15.1,40,0.339293981,91.5,16.7,,80.67390046,51.5,44.31353105,48.95560558,93.26913663,6.691343188,8.175586131,14.86692932,200.2747338,54.71391406,2.731942917,15.1,15.9398166,31.92342526,58.34608219,0.600988118,17.71805333,32.38308506,
1602,46267,0,CIAT-BR19_3918,Urochloa,interespecifico,Urochloa interespecifico,Poaceae,Poales,grasses,F263039,42,102,2,2,196,0.5001,465.426757,249.626757,46268,0.326261574,0.666030093,80.5,15.5,40,0.339618056,92.5,16.6,,80.17373843,52.5,43.81336901,49.95560558,93.76897459,6.791072197,8.292630526,15.08370272,201.4688094,53.63395061,2.662146601,15.5,16.08602716,32.4083274,60.42502377,0.65745258,17.98718241,33.53693361,
1603,46267,0,CIAT-BR19_3959,Urochloa,interespecifico,Urochloa interespecifico,Poaceae,Poales,grasses,F263040,42,102,2,1,197,0.5,467.6298417,261.5298417,46268,0.326331019,0.66630787,76.5,15.5,40,0.339953704,94.5,15.8,,76.17366898,54.5,39.81329957,51.95560558,91.76890514,6.171061433,8.208985681,14.38004711,196.2426196,55.92667926,2.849874272,15.5,15.66984709,30.75091842,54.98434527,0.55451614,17.06729175,30.51726291,
1604,46267,0,CIAT-BR19_3959,Urochloa,interespecifico,Urochloa interespecifico,Poaceae,Poales,grasses,F263040,42,102,2,2,198,0.5002,467.8168936,242.9168936,46268,0.326493056,0.666516204,78.5,15,40.5,0.340231481,95,16,,78.17350694,54.5,41.81313753,51.95560558,93.76874311,6.27197063,8.312896892,14.58486752,200.4389845,51.92563521,2.590595603,15,15.55408235,31.17644472,60.04056492,0.759286411,17.3034662,33.32355229,
1605,46267,0,CIAT-BR19_396,Urochloa,interespecifico,Urochloa interespecifico,Poaceae,Poales,grasses,F263041,42,102,2,1,199,0.5002,468.5968409,263.0968409,46268,0.32662037,0.666770833,78.5,15.2,40,0.340439815,90,17.3,,78.17337963,50,41.81301022,47.45560558,89.26861579,6.355577553,8.209819765,14.56539732,190.5019582,56.14567107,2.947249026,15.2,16.31636963,31.08300365,55.36135388,0.524510036,17.25160479,30.72650921,
1606,46267,0,CIAT-BR19_396,Urochloa,interespecifico,Urochloa interespecifico,Poaceae,Poales,grasses,F263041,42,102,2,2,200,0.5,468.4094772,249.5094772,46268,0.326678241,0.667048611,80,15.1,40,0.340914352,88,17.8,,79.67332176,48,43.31295235,45.45560558,88.76855792,6.540255804,8.091097793,14.6313536,189.5105933,53.26738448,2.810786646,15.1,16.48258566,31.23624587,58.64047235,0.635349263,17.33665688,32.5464767,
1607,46267,0,CIAT-BR19_405,Urochloa,interespecifico,Urochloa interespecifico,Poaceae,Poales,grasses,F263042,42,102,2,1,201,0.5002,466.3148207,255.6148207,46268,0.326840278,0.667418981,79,15.2,40,0.34130787,99,16.2,,78.67315972,59,42.31279031,56.45560558,98.76839589,6.431544127,9.145808103,15.57735223,211.8062551,54.81593322,2.588022397,15.2,15.77159585,33.40522655,60.94072397,0.730318248,18.54047868,33.82315614,
1608,46267,0,CIAT-BR19_405,Urochloa,interespecifico,Urochloa interespecifico,Poaceae,Poales,grasses,F263042,42,102,2,2,202,0.5001,466.221595,267.321595,46268,0.327013889,0.667650463,78.5,15.4,40,0.3415625,96,15.8,,78.17298611,56,41.8126167,53.45560558,95.26822227,6.439142971,8.445985681,14.88512865,204.3410758,57.3378835,2.805989118,15.4,15.62444254,31.92715398,55.68247733,0.57872548,17.72012283,30.90473828,
1609,46267,0,CIAT-BR19_4253,Urochloa,interespecifico,Urochloa interespecifico,Poaceae,Poales,grasses,F263043,42,102,2,1,203,0.5002,469.9379,259.5379,46268,0.327326389,0.667962963,79.5,15.5,40,0.341805556,89.5,15.9,,79.17267361,49.5,42.8123042,46.95560558,89.76790977,6.635907151,7.465941287,14.10184844,191.0207918,55.22812695,2.89121024,15.5,15.70923114,30.00789772,54.33444764,0.497900408,16.6549024,30.15655848,
1610,46267,0,CIAT-BR19_4253,Urochloa,interespecifico,Urochloa interespecifico,Poaceae,Poales,grasses,F263043,42,102,2,2,204,0.5002,469.9379,282.5379,46268,0.327465278,0.668275463,80,15.7,40,0.342256944,92,15.9,,79.67253472,52,43.31216531,49.45560558,92.76777089,6.800009953,7.863441287,14.66345124,197.4043185,60.12239064,3.045647182,15.7,15.80662239,31.2029552,51.89905935,0.405537298,17.31817998,28.80487585,
1611,46267,0,CIAT-BR19_4423,Urochloa,interespecifico,Urochloa interespecifico,Poaceae,Poales,grasses,F263044,42,102,2,1,205,0.5,467.9531744,293.4531744,46268,0.327523148,0.668483796,81.5,15.4,40,0.342615741,96.5,16.6,0,81.17247685,56.5,44.81210744,53.95560558,98.76771301,6.901064546,8.956630526,15.85769507,211.0632397,62.70994417,2.971144774,15.4,16.05554547,33.88735442,54.03824684,0.441252786,18.80806799,29.99216191,
1612,46267,0,CIAT-BR19_4423,Urochloa,interespecifico,Urochloa interespecifico,Poaceae,Poales,grasses,F263044,42,102,2,2,206,0.5003,468.2339463,259.5339463,46268,0.327604167,0.668888889,81.5,14.9,40,0.342916667,97,16.8,,81.17239583,57,44.81202642,54.45560558,99.267632,6.676991937,9.148541737,15.82553367,212.0043469,55.42826366,2.61448713,14.9,15.9422899,33.7983476,60.97673888,0.675485145,18.75866766,33.84314504,
1613,46267,0,CIAT-BR19_4439,Urochloa,interespecifico,Urochloa interespecifico,Poaceae,Poales,grasses,F263045,42,102,2,1,207,0.5003,471.2090132,257.0090132,46268,0.327673611,0.669085648,77.5,14.7,39.5,0.343159722,93,16.3,,77.17232639,53.5,40.81195698,50.95560558,91.76756255,5.999357675,8.305763709,14.30512138,194.7491665,54.54246545,2.800652061,14.7,15.58842906,30.35833565,55.65999886,0.639212038,16.84940152,30.89226235,
1614,46267,0,CIAT-BR19_4439,Urochloa,interespecifico,Urochloa interespecifico,Poaceae,Poales,grasses,F263045,42,102,2,2,208,0.5002,471.1148279,247.0148279,46268,0.327905093,0.669386574,77,15.2,40,0.343472222,94,16.2,,76.67209491,54,40.31172549,51.45560558,91.76733107,6.127382275,8.335808103,14.46319038,194.7876094,52.43197906,2.691751248,15.2,15.76071812,30.69992605,58.55191164,0.77032009,17.0389901,32.49732397,
1615,46267,0,Sample 8,0,0,Cynodon nlemfuensis ,Poaceae,Poales,grasses,F250008,42,102,2,1,209,0.5001,468.7484102,189.5484102,46268,0.327951389,0.669675926,67,16.5,40,0.34375,84,17.3,,66.67204861,44,30.3116792,41.45560558,71.76728477,5.001427068,7.171819765,12.17324683,153.1040601,40.43713132,2.641153427,16.5,16.96211146,25.96968132,64.22236315,-4.855456723,14.41362244,35.64452266,
1616,46267,0,Sample 8,0,0,Cynodon nlemfuensis ,Poaceae,Poales,grasses,F250008,42,102,2,2,210,0.5003,468.935872,174.935872,46268,0.328460648,0.669976852,68,16.9,40.5,0.344201389,84,17.7,,67.67153935,43.5,31.31116994,40.95560558,72.26677551,5.29158772,7.249142187,12.54072991,154.1080131,37.30486032,2.42069569,16.9,17.3533824,26.74295283,71.68758335,-1.587889335,14.8428015,39.78784903,
1617,46267,0,CIAT-BR19_4440,Urochloa,interespecifico,Urochloa interespecifico,Poaceae,Poales,grasses,F263046,42,102,2,1,211,0.5004,469.7596921,232.5596921,46268,0.328576389,0.6703125,79.5,15.6,40,0.344479167,91.5,15.9,,79.17142361,51.5,42.8110542,48.95560558,91.76665977,6.678524455,7.783941287,14.46246574,195.3480925,49.50609769,2.534250377,15.6,15.76004376,30.78694487,62.18818752,0.430374986,17.08728705,34.51551999,
1618,46267,0,CIAT-BR19_4440,Urochloa,interespecifico,Urochloa interespecifico,Poaceae,Poales,grasses,F263046,42,102,2,2,212,0.5001,469.4780616,249.6780616,46268,0.328703704,0.670694444,79.5,15.3,40,0.34474537,90,15.6,,79.1712963,50,42.81092688,47.45560558,90.26653246,6.550071813,7.40307447,13.95314628,192.2699692,53.18205088,2.766009226,15.3,15.45771827,29.72055017,55.88455067,0.363004559,16.49541954,31.01689248,
1619,46267,0,CIAT-BR19_4529,Urochloa,interespecifico,Urochloa interespecifico,Poaceae,Poales,grasses,F263047,42,102,2,1,213,0.5003,473.7367263,260.4367263,46268,0.328923611,0.671030093,79,14,40.5,0.345185185,92,17.1,,78.67107639,51.5,42.31070698,48.95560558,91.26631255,5.923498977,8.371408554,14.29490753,192.6519678,54.97499177,2.853590981,14,15.66285208,30.17479274,54.88821693,0.616901113,16.74753203,30.46391002,
1620,46267,0,CIAT-BR19_4529,Urochloa,interespecifico,Urochloa interespecifico,Poaceae,Poales,grasses,F263047,42,102,2,2,214,0.5,473.4526547,234.5526547,46268,0.328958333,0.671215278,79,14.4,40,0.345428241,91,17.3,,78.67104167,51,42.31067225,48.45560558,90.76627783,6.092736804,8.382819765,14.47555657,191.7114138,49.54088912,2.584138739,14.4,15.9481659,30.57445433,61.71559467,1.041428968,16.96935112,34.25322279,
1621,46267,0,CIAT-BR19_4581,Urochloa,interespecifico,Urochloa interespecifico,Poaceae,Poales,grasses,F263048,42,102,2,1,215,0.5,475.9774045,247.8774045,46268,0.329155093,0.671527778,83.5,14.6,40.5,0.345821759,90,16.9,,83.17084491,49.5,46.81047549,46.95560558,93.76608107,6.834329422,7.935497342,14.76982676,196.9969166,52.07755708,2.643572193,14.6,15.75177996,31.03052083,59.58520823,0.79070791,17.22247592,33.07082146,
1622,46267,0,CIAT-BR19_4581,Urochloa,interespecifico,Urochloa interespecifico,Poaceae,Poales,grasses,F263048,42,102,2,2,216,0.5002,476.1677955,278.6677955,46268,0.329259259,0.671805556,83.5,14.9,40.5,0.346215278,90,17,,83.17074074,49.5,46.81037133,46.95560558,93.7659769,6.974745328,7.982452948,14.95719828,196.9179306,58.52302447,2.971950005,14.9,15.95162635,31.4116125,53.67393907,0.505025569,17.43398839,29.7899648,
1623,46267,0,CIAT-BR19_4988,Urochloa,interespecifico,Urochloa interespecifico,Poaceae,Poales,grasses,F263049,42,102,2,1,217,0.5005,474.101162,242.001162,46268,0.329363426,0.672060185,84.5,14.5,40,0.346944444,91,16.7,,84.17063657,51,47.81026716,48.45560558,96.26587274,6.932488738,8.092086131,15.02457487,203.0492233,51.04420352,2.513883219,14.5,15.60737408,31.69065185,62.08472201,0.797384842,17.58886006,34.45809484,
1624,46267,0,CIAT-BR19_4988,Urochloa,interespecifico,Urochloa interespecifico,Poaceae,Poales,grasses,F263049,42,102,2,2,218,0.5,473.6275345,268.7275345,46268,0.329537037,0.672303241,83.5,14.3,40,0.347569444,93,16.1,,83.17046296,53,46.81009355,50.45560558,97.26569913,6.693843378,8.123352498,14.81719588,205.3632697,56.73815708,2.762819133,14.3,15.23373194,31.28449002,55.13836125,0.523916353,17.36343321,30.60274445,
1625,46267,0,CIAT-BR19_5055,Urochloa,interespecifico,Urochloa interespecifico,Poaceae,Poales,grasses,F263050,42,102,2,1,219,0.5003,477.2123106,263.2123106,46268,0.329722222,0.672592593,84.5,15.1,40,0.348101852,92,16,,84.17027778,52,47.80990836,49.45560558,97.26551394,7.219296163,7.912896892,15.13219306,203.8202112,55.15622811,2.706121624,15.1,15.55761384,31.70956138,57.49044572,0.531860782,17.59935518,31.90819202,
1626,46267,0,CIAT-BR19_5055,Urochloa,interespecifico,Urochloa interespecifico,Poaceae,Poales,grasses,F263050,42,102,2,2,220,0.5006,477.4984663,265.8984663,46268,0.329791667,0.672858796,84.5,15.2,40,0.3484375,93,15.8,,84.17020833,53,47.80983892,50.45560558,98.2654445,7.267095516,7.971985681,15.2390812,205.7921678,55.68572154,2.705920353,15.2,15.50807741,31.91440868,57.31165512,0.520172124,17.71304897,31.80896014,
1627,46267,0,CIAT-BR19_5057,Urochloa,interespecifico,Urochloa interespecifico,Poaceae,Poales,grasses,F263051,42,102,2,1,221,0.5005,476.3044405,266.4044405,46268,0.329976852,0.673136574,81,13.8,40.5,0.348726852,95,16.3,,80.67002315,54.5,44.30965373,51.95560558,96.26525931,6.114732215,8.468763709,14.58349592,202.1086749,55.93154669,2.767399604,13.8,15.14928234,30.61801378,54.7419401,0.526896053,16.99352737,30.38272385,
1628,46267,0,CIAT-BR19_5057,Urochloa,interespecifico,Urochloa interespecifico,Poaceae,Poales,grasses,F263051,42,102,2,2,222,0.5001,475.9237776,279.0237776,46268,0.330150463,0.673483796,81.5,13.9,40,0.348958333,94.5,16.3,,81.16984954,54.5,44.80948012,51.95560558,96.7650857,6.228517737,8.468763709,14.69728145,203.3205531,58.62782881,2.883517083,13.9,15.1886203,30.88158679,52.67393901,0.45781552,17.13981495,29.23494747,
1629,46267,0,CIAT-BR19_5178,Urochloa,interespecifico,Urochloa interespecifico,Poaceae,Poales,grasses,F263052,42,102,2,1,223,0.5001,477.3284112,271.7284112,46268,0.330277778,0.673912037,83.5,14.9,40.5,0.349224537,95,17.2,,83.16972222,54.5,46.80935281,51.95560558,98.76495839,6.974593569,8.936364159,15.91095773,206.9119626,56.92693015,2.75126336,14.9,16.10992197,33.33335572,58.55463422,0.508922098,18.50058913,32.49883505,
1630,46267,0,CIAT-BR19_5178,Urochloa,interespecifico,Urochloa interespecifico,Poaceae,Poales,grasses,F263052,42,102,2,2,224,0.5004,477.614751,249.214751,46268,0.330393519,0.674108796,81,15.1,39.5,0.349525463,92,17.6,,80.66960648,52.5,44.30923707,49.95560558,94.26484264,6.690694797,8.792186581,15.48288138,197.3658528,52.17903142,2.643771994,15.1,16.42487373,32.41709211,62.12666511,0.653635253,17.99204697,34.48137399,
1631,46267,0,CIAT-BR19_5273,Urochloa,interespecifico,Urochloa interespecifico,Poaceae,Poales,grasses,F263053,42,102,2,1,225,0.5,472.4513924,246.6513924,46268,0.330625,0.674386574,82.5,14.7,40,0.349918981,90,16.1,,82.169375,50,45.80900559,47.45560558,93.26461116,6.733923821,7.640352498,14.37427632,197.4057282,52.20672356,2.644640762,14.7,15.4123586,30.42487873,58.27770191,0.562088459,16.88633408,32.34513282,
1632,46267,0,CIAT-BR19_5273,Urochloa,interespecifico,Urochloa interespecifico,Poaceae,Poales,grasses,F263053,42,102,2,2,226,0.5002,472.6403729,225.3403729,46268,0.330648148,0.674664352,82,14.6,40,0.350266204,89,16.1,,81.66935185,49,45.30898244,46.45560558,91.76458801,6.615111436,7.479352498,14.09446393,194.1530882,47.67692009,2.455635423,14.6,15.35937145,29.820694,62.54744213,0.761087296,16.5510011,34.71491252,
1633,46267,0,CIAT-BR19_5348,Urochloa,interespecifico,Urochloa interespecifico,Poaceae,Poales,grasses,F263054,42,102,2,1,227,0.5004,473.4324876,280.0324876,46268,0.330868056,0.674907407,80.5,14.8,40,0.350648148,93,17.4,,80.16913194,53,43.80876253,50.45560558,94.26436811,6.483696855,8.77927537,15.26297222,199.1083641,59.14940248,2.970714101,14.8,16.19166662,32.23896253,54.50429112,0.442407626,17.89318197,30.25082455,
1634,46267,0,CIAT-BR19_5348,Urochloa,interespecifico,Urochloa interespecifico,Poaceae,Poales,grasses,F263054,42,102,2,2,228,0.5001,473.1486551,238.3486551,46268,0.331157407,0.675173611,79.5,14.8,40.5,0.350914352,93,17.7,,79.16884259,52.5,42.80847318,49.95560558,92.76407876,6.335654031,8.842142187,15.17779622,196.0569427,50.37500425,2.569406804,14.8,16.36171719,32.07828249,63.67896731,0.742886268,17.80400177,35.34292857,
1635,46267,0,CIAT-BR19_5615,Urochloa,interespecifico,Urochloa interespecifico,Poaceae,Poales,grasses,F263055,42,102,2,1,229,0.5002,475.97009,276.27009,46268,0.331226852,0.675451389,78,14.4,40,0.35125,92,17.1,,77.66877315,52,41.30840373,49.45560558,90.76400931,5.948410138,8.456908554,14.40531869,190.6926742,58.04358211,3.043828629,14.4,15.87117934,30.26517631,52.14215803,0.370921118,16.79769647,28.93979982,
1636,46267,0,CIAT-BR19_5615,Urochloa,interespecifico,Urochloa interespecifico,Poaceae,Poales,grasses,F263055,42,102,2,2,230,0.5001,475.874934,262.474934,46268,0.331412037,0.675798611,80,14,40.5,0.35162037,95.5,16.8,,79.66858796,55,43.30821855,52.45560558,95.76382413,6.063150597,8.812541737,14.87569233,201.2373783,55.15628483,2.740856857,14,15.53372839,31.25966776,56.67471596,0.429591192,17.34965643,31.45544789,
1637,46267,0,BLANK 8 H,0,0,BLANK 8 H,0,0,0,BLANK 8 H,42,102,2,1,231,0,0,0,46268,0.331435185,0.676006944,41,0,0,0,0,0,,40.66856481,,,,,,,,,,,,,,,,,,
1638,46267,0,BLANK 8 H,0,0,BLANK 8 H,0,0,0,BLANK 8 H,42,102,2,2,232,0,0,0,46268,0.331550926,0.676655093,41.5,0,0,0,0,0,,41.16844907,,,,,,,,,,,,,,,,,,
1639,46267,0,CIAT-BR19_5751,Urochloa,interespecifico,Urochloa interespecifico,Poaceae,Poales,grasses,F263056,42,102,2,1,233,0.5001,477.1772741,252.2772741,46268,0.331689815,0.6765625,82,14.9,40,0.35181713,91.5,17,,81.66831019,51.5,45.30794077,48.95560558,94.26354635,6.750883175,8.322452948,15.07333612,197.5440816,52.86866911,2.676297295,14.9,15.99063127,31.58854569,59.74908433,0.529535642,17.53218937,33.16177552,
1640,46267,0,CIAT-BR19_5751,Urochloa,interespecifico,Urochloa interespecifico,Poaceae,Poales,grasses,F263056,42,102,2,2,234,0.5004,477.4635232,253.4635232,46268,0.331805556,0.676701389,82,14.8,40,0.352083333,92.5,16.2,,81.66819444,52.5,45.30782503,49.95560558,95.26343061,6.705558105,8.092808103,14.79836621,199.5198083,53.08542137,2.660659201,14.8,15.5341521,30.99371049,58.38459918,0.513936055,17.20204555,32.40446266,
1641,46267,0,CIAT-BR19_5898,Urochloa,interespecifico,Urochloa interespecifico,Poaceae,Poales,grasses,F263057,42,102,2,1,235,0.5,476.1821676,248.9821676,46268,0.331990741,0.677418981,82.5,15.3,40.5,0.352511574,91.5,16.4,0,82.16800926,51,45.80763985,48.45560558,94.26324542,7.008568896,7.946719315,14.95528821,197.9562693,52.28716751,2.641349409,15.3,15.86545015,31.40665323,60.06570011,0.498872143,17.43123591,33.33750276,
1642,46267,0,CIAT-BR19_5898,Urochloa,interespecifico,Urochloa interespecifico,Poaceae,Poales,grasses,F263057,42,102,2,2,236,0.5002,476.3726405,237.2726405,46268,0.332118056,0.677534722,81,15.4,40,0.35275463,94.5,16,,80.66788194,54.5,44.30751253,51.95560558,96.26311811,6.82335693,8.312896892,15.13625382,202.0752452,49.80820062,2.464834353,15.4,15.72383496,31.77397805,63.79266397,0.57464575,17.63510754,35.40603218,
1643,46267,0,CIAT-BR19_6068,Urochloa,interespecifico,Urochloa interespecifico,Poaceae,Poales,grasses,F263058,42,102,2,1,237,0.5,475.3036944,255.8036944,46268,0.332256944,0.677731481,81,12.3,40,0.35318287,92,15.5,,80.66774306,52,44.30737364,49.45560558,93.76297922,5.449806958,7.665618864,13.11542582,197.2696201,53.81899981,2.728195035,12.3,13.987851,27.59378052,51.27144803,0.445476097,15.31502559,28.45654071,
1644,46267,0,CIAT-BR19_6068,Urochloa,interespecifico,Urochloa interespecifico,Poaceae,Poales,grasses,F263058,42,102,2,2,238,0.5,475.3036944,268.5036944,46268,0.332430556,0.677974537,81.5,13.6,40,0.353402778,93,16.1,,81.16756944,53,44.80720003,50.45560558,95.26280561,6.093779204,8.123352498,14.2171317,200.4251318,56.49097568,2.818557491,13.6,14.92411609,29.91167935,52.94948263,0.424090648,16.60149954,29.38787894,
1645,46267,0,CIAT-BR19_6160,Urochloa,interespecifico,Urochloa interespecifico,Poaceae,Poales,grasses,F263059,42,102,2,1,239,0.5001,477.5966101,259.5966101,46268,0.332546296,0.678425926,84,14.1,40,0.35369213,93,15.8,,83.6674537,53,47.30708429,50.45560558,97.76268987,6.670298885,7.971985681,14.64228457,204.6972022,54.3547849,2.655375077,14.1,14.97737489,30.65826737,56.40398987,0.496886145,17.01586881,31.30519022,
1646,46267,0,CIAT-BR19_6160,Urochloa,interespecifico,Urochloa interespecifico,Poaceae,Poales,grasses,F263059,42,102,2,2,240,0.5003,477.7876106,268.8876106,46268,0.332673611,0.678726852,84.5,14.3,40,0.354016204,91.5,16,,84.16732639,51.5,47.80695698,48.95560558,96.76256255,6.836394848,7.832896892,14.66929174,202.5221258,56.277644,2.778839289,14.3,15.16009018,30.70253689,54.55547658,0.452207007,17.04043916,30.27923337,
1647,46267,0,CIAT-BR19_6352,Urochloa,interespecifico,Urochloa interespecifico,Poaceae,Poales,grasses,F263060,42,102,2,1,241,0.5003,479.3176668,216.3176668,46268,0.332951389,0.679097222,80.5,15.6,40,0.354328704,90.5,17.1,,80.16704861,50.5,43.8066792,47.95560558,91.76228477,6.833841955,8.200408554,15.03425051,191.4435689,45.13033459,2.357370104,15.6,16.38391039,31.36594278,69.50079821,0.720664518,17.4086409,38.57414544,
1648,46267,0,CIAT-BR19_6352,Urochloa,interespecifico,Urochloa interespecifico,Poaceae,Poales,grasses,F263060,42,102,2,2,242,0.5003,479.3176668,240.0176668,46268,0.332974537,0.679386574,78.5,15.8,40,0.354560185,93,17,,78.16702546,53,41.80665605,50.45560558,92.26226163,6.605451656,8.577452948,15.1829046,192.4866702,50.07486338,2.601471745,15.8,16.45624585,31.67607968,63.25744603,0.542379706,17.58077225,35.10897697,
1649,46267,0,CIAT-BR19_6397,Urochloa,interespecifico,Urochloa interespecifico,Poaceae,Poales,grasses,F263061,42,102,2,1,243,0.5002,471.7900554,250.1900554,46268,0.333136574,0.679756944,79,14.8,40.5,0.35494213,93.5,17.1,,78.66686343,53,42.30649401,50.45560558,92.76209959,6.261361114,8.627908554,14.88926967,196.617327,53.02995528,2.697115056,14.8,16.05102702,31.55910027,59.51183648,0.49928347,17.51584666,33.03009886,
1650,46267,0,CIAT-BR19_6397,Urochloa,interespecifico,Urochloa interespecifico,Poaceae,Poales,grasses,F263061,42,102,2,2,244,0.5004,471.978696,267.178696,46268,0.333333333,0.68,79,14.8,40.5,0.355185185,95,17,,78.66666667,54.5,42.30629725,51.95560558,94.26190283,6.261331993,8.832452948,15.09378494,199.7164356,56.60821098,2.834429265,14.8,16.0126037,31.97980135,56.49322034,0.429195686,17.74934304,31.35471468,
1651,46267,0,CIAT-BR19_6400,Urochloa,interespecifico,Urochloa interespecifico,Poaceae,Poales,grasses,F263062,42,102,2,1,245,0.5003,475.890271,204.190271,46268,0.333449074,0.680347222,78,14.1,40,0.355439815,91,16.3,,77.66655093,51,41.30618151,48.45560558,89.76178709,5.824171593,7.898263709,13.7224353,188.6186639,42.90700681,2.274801757,14.1,15.28761375,28.8352928,67.20415834,0.853406434,16.00408638,37.29947058,
1652,46267,0,CIAT-BR19_6400,Urochloa,interespecifico,Urochloa interespecifico,Poaceae,Poales,grasses,F263062,42,102,2,2,246,0.5004,475.985392,254.785392,46268,0.333599537,0.680578704,79.5,14,40.5,0.355729167,91,16.2,,79.16640046,50.5,42.80603105,47.95560558,90.76163663,5.992844347,7.768808103,13.76165245,190.6815591,53.52798558,2.80719257,14,15.16241108,28.91192184,54.01272163,0.434241144,16.04661683,29.97799498,
1653,46267,0,CIAT-BR19_6868,Urochloa,interespecifico,Urochloa interespecifico,Poaceae,Poales,grasses,F263063,42,102,2,1,247,0.5003,478.966459,249.566459,46268,0.33380787,0.680925926,84.5,15.8,40,0.356018519,91.5,17.2,0,84.16619213,51.5,47.80582272,48.95560558,96.76142829,7.553319989,8.420364159,15.97368415,202.0213033,52.10520576,2.579193625,15.8,16.50831786,33.3503189,64.00573303,0.490242801,18.51000398,35.5242892,
1654,46267,0,CIAT-BR19_6868,Urochloa,interespecifico,Urochloa interespecifico,Poaceae,Poales,grasses,F263063,42,102,2,2,248,0.5002,478.8707231,244.3707231,46268,0.333842593,0.68125,85.5,15.1,40,0.356365741,91.5,17.2,,85.16615741,51.5,48.80578799,48.95560558,97.76139357,7.369673987,8.420364159,15.79003815,204.1498652,51.03062504,2.49966489,15.1,16.15160911,32.97348822,64.61509768,0.508198222,18.30085644,35.86249712,
1655,46267,0,CIAT-BR19_6984,Urochloa,interespecifico,Urochloa interespecifico,Poaceae,Poales,grasses,F263064,42,102,2,1,249,0.5005,477.7090395,243.8090395,46268,0.333888889,0.681666667,77.5,14.8,40,0.356990741,87.5,17.3,,77.16611111,47.5,40.8057417,44.95560558,85.76134727,6.039249771,7.777319765,13.81656954,179.5263229,51.03714172,2.842877908,14.8,16.11048564,28.92256246,56.66963605,0.497252792,16.05252256,31.45262845,
1656,46267,0,CIAT-BR19_6984,Urochloa,interespecifico,Urochloa interespecifico,Poaceae,Poales,grasses,F263064,42,102,2,2,250,0.5003,477.5181468,215.1181468,46268,0.3340625,0.681956019,78,14.7,40,0.357268519,88,17.3,,77.6659375,48,41.30556809,45.45560558,86.76117366,6.071918509,7.863819765,13.93573827,181.691888,45.04920876,2.479428732,14.7,16.06218275,29.1836831,64.78178842,0.73522673,16.19744903,35.95501337,
1657,46267,0,CIAT-BR19_811,Urochloa,interespecifico,Urochloa interespecifico,Poaceae,Poales,grasses,F263065,42,102,2,1,251,0.5002,475.0211754,255.6211754,46268,0.334166667,0.682233796,85,15.1,40.5,0.357604167,90,17.4,,84.66583333,49.5,48.30546392,46.95560558,95.2610695,7.294125052,8.17027537,15.46440042,200.5406799,53.81258534,2.683375032,15.1,16.23370439,32.55518117,60.49733712,0.516824638,18.06868879,33.57706877,
1658,46267,0,CIAT-BR19_811,Urochloa,interespecifico,Urochloa interespecifico,Poaceae,Poales,grasses,F263065,42,102,2,2,252,0.5002,475.0211754,197.7211754,46268,0.334444444,0.6825,84.5,15.3,40,0.357824074,90.5,17.4,,84.16555556,50.5,47.80518614,47.95560558,95.76079172,7.31419348,8.34427537,15.65846885,201.5926798,41.62365503,2.0647404,15.3,16.35164932,32.96372806,79.19469839,1.370155442,18.29543938,43.95442776,
1659,46267,0,CIAT-BR19_818,Urochloa,interespecifico,Urochloa interespecifico,Poaceae,Poales,grasses,F263066,42,102,2,1,253,0.5002,474.5198833,265.3198833,46268,0.334479167,0.682789352,82,14.6,40,0.35806713,88.5,16.6,,81.66552083,48.5,45.30515142,45.95560558,91.260757,6.614552107,7.628630526,14.24318263,192.3223035,55.91333317,2.907272436,14.6,15.60712742,30.01598697,53.68305781,0.453040078,16.65939208,29.79502586,
1660,46267,0,CIAT-BR19_818,Urochloa,interespecifico,Urochloa interespecifico,Poaceae,Poales,grasses,F263066,42,102,2,2,254,0.5005,474.8044814,264.1044814,46268,0.33462963,0.683032407,81.5,14.7,40.5,0.358414352,88.5,16.5,,81.16537037,48,44.80500096,45.45560558,90.26060653,6.586335141,7.50017492,14.08651006,190.1005784,55.62383923,2.926021567,14.7,15.60648726,29.66802255,53.3368839,0.454566027,16.4662658,29.60289335,
1661,46267,0,CIAT-BR19_95,Urochloa,interespecifico,Urochloa interespecifico,Poaceae,Poales,grasses,F263067,42,102,2,1,255,0.5001,477.8216501,223.8216501,46268,0.3346875,0.683333333,82,15.2,40,0.358773148,89.5,17,,81.6653125,49.5,45.30494309,46.95560558,92.26054866,6.886351349,7.982452948,14.8688043,193.0857437,46.84209057,2.425973543,15.2,16.11610218,31.11789575,66.43148368,0.767019644,17.27097052,36.87062278,
1662,46267,0,CIAT-BR19_95,Urochloa,interespecifico,Urochloa interespecifico,Poaceae,Poales,grasses,F263067,42,102,2,2,256,0.5005,478.203831,237.903831,46268,0.334930556,0.683611111,81.5,15.5,40,0.358981481,90,17.3,,81.16506944,50,44.80470003,47.45560558,92.26030561,6.944728505,8.209819765,15.15454827,192.9309211,49.74946154,2.57861525,15.5,16.4258596,31.69056224,63.70031204,0.636899791,17.58881032,35.35477526,
1663,46267,0,CIAT-CIAT_16320,Urochloa,interespecifico,Urochloa interespecifico,Poaceae,Poales,grasses,F263068,42,102,2,1,257,0.5001,477.5000598,237.0000598,46268,0.335115741,0.683935185,79,15.5,40,0.359236111,92.5,17.2,,78.66488426,52.5,42.30451485,49.95560558,92.26012042,6.557199801,8.592364159,15.14956396,193.2148877,49.63351416,2.568824522,15.5,16.42049012,31.72683155,63.92219468,0.487715868,17.60894042,35.47792397,
1664,46267,0,CIAT-CIAT_16320,Urochloa,interespecifico,Urochloa interespecifico,Poaceae,Poales,grasses,F263068,42,102,2,2,258,0.5001,477.5000598,239.5000598,46268,0.335451389,0.684293981,78.5,15.6,39.5,0.359699074,92.5,17.3,,78.16454861,53,41.8041792,50.45560558,92.25978477,6.521451955,8.728819765,15.25027172,193.2141848,50.1570743,2.595931265,15.6,16.52970659,31.93773782,63.67544014,0.479886973,17.72599705,35.34097093,
1665,46267,0,CIAT-CIAT_6387,Urochloa,interespecifico,Urochloa interespecifico,Poaceae,Poales,grasses,F263069,42,102,2,1,259,0.5006,479.42462,240.62462,46268,0.335532407,0.684479167,78.5,15.2,39.5,0.359849537,90,16.6,,78.16446759,50.5,41.80409818,47.95560558,89.75970376,6.354222923,7.960630526,14.31485345,187.2238096,50.19029269,2.680764418,15.2,15.94797314,29.85840287,59.490394,0.449487287,16.57193017,33.01819791,
1666,46267,0,CIAT-CIAT_6387,Urochloa,interespecifico,Urochloa interespecifico,Poaceae,Poales,grasses,F263069,42,102,2,2,260,0.5003,479.13731,238.63731,46268,0.335555556,0.68474537,78.5,15.2,39.5,0.36005787,94,16.2,,78.16444444,54.5,41.80407503,51.95560558,93.75968061,6.354219405,8.416808103,14.77102751,195.6843657,49.80562044,2.545201823,15.2,15.75413591,30.82838093,61.89739361,0.471605364,17.11028478,34.35412434,
1667,46267,0,CIAT-CIAT_6780,Urochloa,interespecifico,Urochloa interespecifico,Poaceae,Poales,grasses,F263070,42,102,2,1,261,0.5003,476.4118981,254.1118981,46268,0.335752315,0.684976852,80,14.9,39.5,0.360405093,94.5,15.9,,79.66424769,55,43.30387827,52.45560558,95.75948385,6.452277863,8.340441287,14.79271915,201.0014532,53.33869685,2.653647325,14.9,15.44778497,31.05027227,58.21340622,0.423372903,17.23343831,32.3094476,
1668,46267,0,CIAT-CIAT_6780,Urochloa,interespecifico,Urochloa interespecifico,Poaceae,Poales,grasses,F263070,42,102,2,2,262,0.5006,476.6975738,260.7975738,46268,0.336006944,0.6853125,79.5,14.7,39.5,0.360648148,92.5,16.6,,79.16399306,53,42.80362364,50.45560558,93.25922922,6.292132675,8.375630526,14.6677632,195.6360475,54.70923037,2.796480048,14.7,15.72794813,30.76953609,56.24194652,0.398027831,17.07762487,31.21525336,
1669,46267,0,CIAT-GP_3207,Urochloa,interespecifico,Urochloa interespecifico,Poaceae,Poales,grasses,F263071,42,102,2,1,263,0.5,481.4037091,246.3037091,46268,0.336053241,0.685636574,79,15,39.5,0.361226852,96.5,16.5,,78.66394676,57,42.30357735,54.45560558,96.75918292,6.345536602,8.98517492,15.33071152,200.9938459,51.16365006,2.545533164,15,15.84419283,31.84585252,62.24312082,0.599449831,17.67499912,34.54600892,
1670,46267,0,CIAT-GP_3207,Urochloa,interespecifico,Urochloa interespecifico,Poaceae,Poales,grasses,F263071,42,102,2,2,264,0.5001,481.4999898,276.8999898,46268,0.33630787,0.685833333,79.5,15.4,40,0.361597222,98.5,16.4,,79.16369213,58.5,42.80332272,55.95560558,98.75892829,6.591711698,9.176719315,15.76843101,205.1068128,57.50778726,2.80379703,15.4,15.96658782,32.74855939,56.94630405,0.447420971,18.17601705,31.60618398,
1671,46267,0,CIAT-Mavuno,Urochloa,interespecifico,Urochloa interespecifico,Poaceae,Poales,grasses,F263072,42,102,2,1,265,0.5,477.8055781,275.0055781,46268,0.336539352,0.686099537,76,14.8,40,0.362013889,88,15.3,0,75.66346065,48,39.30309123,45.45560558,84.75869681,5.816857503,6.954707653,12.77156516,177.3916017,57.55595805,3.244570628,14.8,15.06814715,26.72962758,46.4411131,0.459804404,14.83540575,25.77562125,
1672,46267,0,CIAT-Mavuno,Urochloa,interespecifico,Urochloa interespecifico,Poaceae,Poales,grasses,F263072,42,102,2,2,266,0.5002,477.9967003,236.9967003,46268,0.336597222,0.686354167,76.5,14.4,40,0.362152778,87,15.5,,76.16340278,47,39.80303336,44.45560558,84.25863894,5.731636804,6.890618864,12.62225567,176.2745201,49.58124191,2.812728799,14.4,14.98036976,26.4065749,53.25920425,0.888510037,14.65610593,29.5597798,
1673,46267,0,Cayman Br02_1752_ Exp VII_ Gramíneas,Urochloa,interespecifico,Urochloa interespecifico,Poaceae,Poales,grasses,F264574,42,102,2,1,277,0.5002,460.0189689,263.9189689,46268,0.336747685,0.68662037,70,15.4,39.5,0.362534722,88,15.5,,69.66325231,48.5,33.3028829,45.95560558,79.25848848,5.128643967,7.123118864,12.25176283,172.2939571,57.37132309,3.329851149,15.4,15.45798194,26.63316876,46.42244126,0.385905643,14.78186944,25.76525806,
1674,46267,0,Cayman Br02_1752_ Exp VII_ Gramíneas,Urochloa,interespecifico,Urochloa interespecifico,Poaceae,Poales,grasses,F264574,42,102,2,2,278,0.5,459.8350349,245.5350349,46268,0.337164352,0.686898148,69.5,15.8,39.5,0.362847222,86.5,15.5,,69.16283565,47,32.80246623,44.45560558,77.25807181,5.182789665,6.890618864,12.07340853,168.0125827,53.39633048,3.178114974,15.8,15.62737491,26.25595619,49.17183625,0.475634442,14.57250994,27.29121984,
1675,46267,0,Estrella_ Exp VII_ Gramíneas,Cynodon,nlemfuensis,Cynodon nlemfuensis,Poaceae,Poales,grasses,F264575,42,102,2,1,269,0.5001,468.3234027,137.6234027,46268,0.337175926,0.687233796,65.5,16.3,40,0.363159722,79,16.5,,65.16282407,39,28.80245466,36.45560558,65.25806024,4.69480011,6.01517492,10.70997503,139.3440086,29.38640305,2.108910411,16.3,16.41172752,22.868759,77.82088528,1.234956451,12.6925569,43.19193771,
1676,46267,0,Estrella_ Exp VII_ Gramíneas,Cynodon,nlemfuensis,Cynodon nlemfuensis,Poaceae,Poales,grasses,F264575,42,102,2,2,270,0.5004,468.6043405,160.8043405,46268,0.337233796,0.687476852,65.5,16.5,40,0.363449074,79.5,16.7,,65.1627662,39.5,28.80239679,36.95560558,65.75800237,4.75239547,6.171586131,10.9239816,140.3273437,34.31558921,2.445395765,16.5,16.61239881,23.31173798,67.93337522,0.725967407,12.9384179,37.70419857,
1677,46267,0,Mulato Br02_1752 _Exp VII_ Gramíneas,Urochloa,interespecifico,Urochloa interespecifico,Poaceae,Poales,grasses,F264576,42,102,2,1,271,0.5001,469.6310998,189.2310998,46268,0.338217593,0.687777778,73,16.1,40,0.363946759,88.5,15.8,,72.66178241,48.5,36.30141299,45.95560558,82.25701857,5.844527492,7.260985681,13.10551317,175.1524092,40.2935623,2.300485758,16.1,15.93239507,27.90597382,69.25665596,0.849800822,15.48829827,38.43864227,
1678,46267,0,Mulato Br02_1752 _Exp VII_ Gramíneas,Urochloa,interespecifico,Urochloa interespecifico,Poaceae,Poales,grasses,F264576,42,102,2,2,272,0.5003,469.8189146,190.0189146,46268,0.338333333,0.688009259,74,16,40,0.364212963,91,16.6,,73.66166667,51,37.30129725,48.45560558,85.75690283,5.968207561,8.043630526,14.01183809,182.5318227,40.44513933,2.215785649,16,16.33902068,29.82391226,73.73917546,0.896093324,16.55278729,40.92651814,
1679,46267,0,Heno Estrella,Cynodon,nlemfuensis,Cynodon nlemfuensis,Poaceae,Poales,grasses,F264577,42,102,2,1,273,0.5,474.9812634,133.0812634,46268,0.338472222,0.688252315,69.5,15.8,40,0.364502315,78.5,16.1,,69.16152778,38.5,32.80115836,35.95560558,68.75676394,5.182583022,5.788852498,10.97143552,144.756792,28.01821327,1.93553704,15.8,15.95688175,23.09867013,82.44162432,2.148060208,12.82016155,45.75652783,
1680,46267,0,Heno Estrella,Cynodon,nlemfuensis,Cynodon nlemfuensis,Poaceae,Poales,grasses,F264577,42,102,2,2,274,0.5001,475.0762596,119.6762596,46268,0.338668981,0.688576389,71,15.2,40,0.364733796,77.5,16,,70.66133102,37.5,34.30096161,34.95560558,69.25656718,5.213746164,5.592896892,10.80664306,145.7798949,25.1909577,1.728013162,15.2,15.60378098,22.74717551,90.29897066,7.828193499,12.62507596,50.11749098,
1681,46267,0,Heno Estrella,Cynodon,nlemfuensis,Cynodon nlemfuensis,Poaceae,Poales,grasses,F264578,42,102,2,1,275,0.5001,472.2985796,145.7985796,46268,0.338784722,0.688888889,72.5,16.4,40.5,0.365023148,78.5,16.1,,72.16121528,38,35.80084586,35.45560558,71.25645144,5.871338722,5.708352498,11.57969122,150.8716192,30.87000171,2.046110586,16.4,16.25072676,24.51773459,79.42252423,1.186308293,13.60776688,44.08087504,
1682,46267,0,Heno Estrella,Cynodon,nlemfuensis,Cynodon nlemfuensis,Poaceae,Poales,grasses,F264578,42,102,2,2,276,0.5002,472.3930204,137.1930204,46268,0.338935185,0.689155093,73,16.3,40,0.365243056,78,16.6,,72.66106481,38,36.3006954,35.45560558,71.75630098,5.91701335,5.885630526,11.80264388,151.8995791,29.04213536,1.911929943,16.3,16.44823342,24.98479733,86.0294776,1.60033502,13.86699478,47.74784847,
1683,46267,0, CIAT 17009,Canavalia,brasiliensis,Canavalia brasiliensis,Fabaceas,Fabales,Trepadoras,F264724,42,102,2,1,267,0.5001,467.7983777,271.3983777,46268,0.339050926,0.689548611,81.5,15.5,40.5,0.365555556,85,17.9,,81.16094907,44.5,44.80057966,41.95560558,86.75618524,6.944089847,7.510053398,14.45414325,185.4563619,58.01610066,3.128288512,15.5,16.6606487,30.89823295,53.25803113,4.988132459,17.14905386,29.5591287,
1684,46267,0, CIAT 17009,Canavalia,brasiliensis,Canavalia brasiliensis,Fabaceas,Fabales,Trepadoras,F264724,42,102,2,2,268,0.5,467.7048367,257.1048367,46268,0.33912037,0.689768519,80.5,15.2,40,0.365821759,84.5,17.9,,80.16087963,44.5,43.80051022,41.95560558,85.75611579,6.657677553,7.510053398,14.16773095,183.3552041,54.971601,2.998093306,15.2,16.52095693,30.29203429,55.10487913,-3.419058221,16.81260311,30.58416129,
1685,46267,0,CIAT 17462,Canavalia,brasiliensis,Canavalia brasiliensis,Fabaceas,Fabales,Trepadoras,F264725,42,102,2,1,279,0.5001,473.0472953,309.7472953,46268,0.339282407,0.690115741,81,15.9,40,0.366111111,87,18.2,,80.66071759,47,44.30034818,44.45560558,88.75595376,7.043755361,8.090920215,15.13467558,187.6259618,65.47913884,3.489876252,15.9,17.05201165,31.99400087,48.86136475,0.822157104,17.75722401,27.11890279,
1686,46267,0,CIAT 17462,Canavalia,brasiliensis,Canavalia brasiliensis,Fabaceas,Fabales,Trepadoras,F264725,42,102,2,2,280,0.5,472.9527047,270.4527047,46268,0.339490741,0.690451389,81,15.5,40.5,0.366423611,83,18.8,,80.66050926,42.5,44.30013985,39.95560558,84.25574542,6.866521676,7.511653848,14.37817552,178.1483531,57.18387949,3.209902225,15.5,17.06491997,30.40087387,53.16336377,-12.00484344,16.87301097,29.50658667,
1687,46267,0,CIAT 13953,Desmodium,velutinum,Desmodium velutinum,Fabaceas,Fabales,Arbustivas,F264726,42,102,2,1,281,0.5006,481.881303,197.181303,46268,0.339537037,0.690960648,80,15.7,40.5,0.366736111,73.5,19.2,,79.66046296,33,43.30009355,30.45560558,73.75569913,6.798114687,5.847476271,12.64559096,153.0578146,40.91906072,2.673438193,15.7,17.14523909,26.24212826,64.13179529,-0.549415041,14.5648352,35.59425593,
1688,46267,0,CIAT 13953,Desmodium,velutinum,Desmodium velutinum,Fabaceas,Fabales,Arbustivas,F264726,42,102,2,2,282,0.5004,481.6887815,221.3887815,46268,0.33974537,0.691064815,79.5,15.8,41,0.367013889,74.5,19.3,,79.16025463,33.5,42.79988522,30.95560558,73.75549079,6.762381864,5.974431876,12.73681374,153.1185563,45.96095861,3.001658305,15.8,17.26897022,26.44199788,57.53143251,-1.017448823,14.6757663,31.93094039,
1689,46267,0,CIAT 9432,Clitoria,tertanea,Clitoria tertanea,Fabaceas,Fabales,Trepadoras,F264727,42,102,2,1,283,0.5002,476.0463783,213.5463783,46268,0.339768519,0.691331019,88.5,17.4,40,0.367291667,80.5,19.5,,88.16023148,40.5,51.79986207,37.95560558,89.75546764,9.013176,7.401343087,16.41451909,188.5435364,44.85831382,2.379201891,17.4,18.28804363,34.4809242,76.86629581,-1.055486544,19.13750949,42.66212404,
1690,46267,0,CIAT 9432,Clitoria,tertanea,Clitoria tertanea,Fabaceas,Fabales,Trepadoras,F264727,42,102,2,2,284,0.5004,476.2367208,236.0367208,46268,0.339872685,0.6915625,88.5,17.9,40.5,0.367627315,82,19.5,,88.16012731,41.5,51.7997579,38.95560558,90.75536348,9.272156664,7.596343087,16.86849975,190.5677566,49.56289813,2.600801889,17.9,18.58678,35.42040968,71.46557407,-2.96304097,19.65894018,39.66463004,
1691,46267,0,CIAT 17768,Clitoria,tertanea,Clitoria tertanea,Fabaceas,Fabales,Trepadoras,F264728,42,102,2,1,285,0.5006,482.0064287,231.4064287,46268,0.340069444,0.691990741,91.5,17.6,40.5,0.367962963,84.5,19,,91.15993056,44,54.79956114,41.45560558,96.25516672,9.644722761,7.876565059,17.52128782,199.6968525,48.00899219,2.404093584,17.6,18.20295826,36.35073471,75.71651279,-2.409929317,20.17528667,42.02397458,
1692,46267,0,CIAT 17768,Clitoria,tertanea,Clitoria tertanea,Fabaceas,Fabales,Trepadoras,F264728,42,102,2,2,286,0.5002,481.6212857,243.7212857,46268,0.340138889,0.692662037,88,17.3,40,0.368321759,86,18.9,,87.65986111,46,51.2994917,43.45560558,94.75509727,8.874812064,8.213109454,17.08792152,196.7419217,50.60434266,2.572117941,17.3,18.0337755,35.47999647,70.11255281,-8.920402727,19.69201188,38.91367983,
1693,46267,0,CIAT 22768,Lablab,purpureus,Lablab purpureus,Fabaceas,Fabales,Trepadoras,F264729,42,102,2,1,287,0.5003,473.7132187,298.2132187,46268,0.340231481,0.692835648,90,16.6,40,0.368541667,94.5,18,,89.65976852,54.5,53.29939911,51.95560558,105.2550047,8.847700251,9.352009004,18.19970926,222.191403,62.95226879,2.833245029,16.6,17.29106308,38.41925565,61.02918352,0.838109026,21.32335158,33.87225272,
1694,46267,0,CIAT 22768,Lablab,purpureus,Lablab purpureus,Fabaceas,Fabales,Trepadoras,F264729,42,102,2,2,288,0.5002,473.6185329,267.4185329,46268,0.340416667,0.693321759,90.5,16.4,40,0.368888889,93,18.3,,90.15958333,53,53.79921392,50.45560558,104.2548195,8.823071083,9.23337582,18.0564469,220.1240286,56.46285234,2.565047201,16.4,17.31953208,38.12445174,67.52129969,2.256335763,21.15973031,37.47548952,
1695,46267,0,CIAT 22598,Lablab,purpureus,Lablab purpureus,Fabaceas,Fabales,Trepadoras,F264730,42,102,2,1,289,0.5003,477.7922444,292.4922444,46268,0.340613426,0.693368056,90.5,16.6,40.5,0.369328704,88,18.9,,90.15938657,47.5,53.79901716,44.95560558,98.75462274,8.930636849,8.496609454,17.4272463,206.6894637,61.21745337,2.961808129,16.6,17.64701826,36.47452738,59.58190904,1.104244439,20.24399374,33.06899035,
1696,46267,0,CIAT 22598,Lablab,purpureus,Lablab purpureus,Fabaceas,Fabales,Trepadoras,F264730,42,102,2,2,290,0.5001,477.6012421,295.2012421,46268,0.34068287,0.693738426,90,16.7,40.5,0.369490741,87,19,,89.65931713,46.5,53.29894772,43.95560558,97.25455329,8.900924269,8.351565059,17.25248933,203.6312822,61.80914455,3.035346235,16.7,17.73951835,36.12320867,58.44314612,1.010872014,20.04900578,32.43695722,
1697,46267,0,CIAT 18701,Cajanus,cajan,Cajanus cajan,Fabaceas,Fabales,Arbustivas,F264731,42,102,2,1,291,0.5,472.9540318,78.15403183,46268,0.340972222,0.694108796,66.5,16.2,41,0.369791667,68,17.9,,66.15902778,27,29.79865836,24.45560558,54.25426394,4.827382655,4.377553398,9.204936053,114.7136091,16.52465706,1.440514093,16.2,16.96629054,19.46264422,117.7794138,-0.270565996,10.80210427,65.36961235,
1698,46267,0,CIAT 18701,Cajanus,cajan,Cajanus cajan,Fabaceas,Fabales,Arbustivas,F264731,42,102,2,2,292,0.5004,473.3323951,66.93239506,46268,0.341122685,0.694340278,66,15.8,41,0.370046296,67,17.5,,65.65887731,26,29.2985079,23.45560558,52.75411348,4.629164248,4.104730976,8.733895224,111.4525733,14.14067487,1.268761631,15.8,16.55585631,18.4519279,130.4883116,-0.230758979,10.24113922,72.42327054,
1699,46267,0,CIAT 20891,Cajanus,cajan,Cajanus cajan,Fabaceas,Fabales,Arbustivas,F264732,42,102,2,1,293,0.5001,472.2791785,97.17917847,46268,0.341261574,0.694664352,69.5,16.5,40,0.37037037,68.5,18.7,,69.15873843,28.5,32.79836901,25.95560558,58.75397459,5.411730887,4.853698243,10.26542913,124.4051766,20.57663833,1.654001779,16.5,17.47188884,21.73593416,105.634039,-0.315467882,12.06381951,58.62871923,
1700,46267,0,CIAT 20891,Cajanus,cajan,Cajanus cajan,Fabaceas,Fabales,Arbustivas,F264732,42,102,2,2,294,0.5003,472.4680524,92.06805236,46268,0.34130787,0.695,69,16.2,40.5,0.370601852,69.5,18.7,,68.65869213,29,32.29832272,26.45560558,58.75392829,5.23232828,4.947198243,10.17952652,124.3553464,19.48661966,1.567011007,16.2,17.32569518,21.54542825,110.5652424,-0.296266695,11.95808544,61.3656224,
1701,46267,0,CIAT 15551,Centrosema ,molle,Centrosema molle,Fabaceas,Fabales,Trepadoras,F264733,42,102,2,1,295,0.5004,484.9422773,147.2422773,46268,0.341412037,0.695509259,74.5,15.9,40.5,0.370949074,76,17.4,,74.15858796,35.5,37.79821855,32.95560558,70.75382413,6.009916749,5.73427537,11.74419212,145.901538,30.3628461,2.081050447,15.9,16.59866765,24.2177114,79.7610057,-1.024322317,13.44124882,44.26873811,
1702,46267,0,CIAT 15551,Centrosema ,molle,Centrosema molle,Fabaceas,Fabales,Trepadoras,F264733,42,102,2,2,296,0.5003,484.8453664,168.2453664,46268,0.341539352,0.695648148,73,15.8,40.5,0.371215278,72.5,17.1,,72.65846065,32,36.29809123,29.45560558,65.75369681,5.735098415,5.036908554,10.77200697,135.6178719,34.70083001,2.558721023,15.8,16.38235946,22.21740727,64.02557883,-2.382293341,12.33104542,35.53530396,
1703,46267,0, CIAT 17009,Canavalia,brasiliensis,Canavalia brasiliensis,Fabaceas,Fabales,Trepadoras,F264734,42,102,2,1,297,0.5005,484.8859062,224.0859062,46268,0.341666667,0.696099537,79.5,15.4,40,0.371527778,81,19.7,,79.15833333,41,42.79796392,38.45560558,81.2535695,6.590886444,7.575754299,14.16664074,167.5725536,46.21415127,2.757859225,15.4,17.43509957,29.21644156,63.21968651,-1.032239847,16.21563054,35.08801978,
1704,46267,0, CIAT 17009,Canavalia,brasiliensis,Canavalia brasiliensis,Fabaceas,Fabales,Trepadoras,F264734,42,102,2,2,298,0.5006,484.9827865,244.4827865,46268,0.341770833,0.696354167,76.5,15.5,40,0.371828704,73.5,20.1,,76.15822917,33.5,39.79785975,30.95560558,70.75346533,6.168668262,6.222076721,12.39074498,145.8886115,50.41061112,3.455417842,15.5,17.51256271,25.54883457,50.68146171,-2.554145375,14.18004521,28.12908809,
1705,46267,0,CIAT 17462,Canavalia,brasiliensis,Canavalia brasiliensis,Fabaceas,Fabales,Trepadoras,F264735,42,102,2,1,299,0.5004,484.5154769,170.8154769,46268,0.341898148,0.696550926,74,15.5,40,0.372384259,82,19,,73.65810185,42,37.29773244,39.45560558,76.75333801,5.781148528,7.496565059,13.27771359,158.412562,35.2549062,2.225512028,15.5,17.29920018,27.40410621,77.73132639,-0.363514979,15.20975306,43.14223098,
1706,46267,0,CIAT 17462,Canavalia,brasiliensis,Canavalia brasiliensis,Fabaceas,Fabales,Trepadoras,F264735,42,102,2,2,300,0.5002,484.3218256,255.9218256,46268,0.342106481,0.696875,74,15.5,40,0.372685185,82.5,18.6,,73.65789352,42.5,37.29752411,39.95560558,77.25312968,5.781116236,7.431742637,13.21285887,159.5078429,52.84127456,3.312769679,15.5,17.10333151,27.28115516,51.6284957,23.68292433,15.14151311,28.65470834,
1707,46267,0, CIAT 17009,Canavalia,brasiliensis,Canavalia brasiliensis,Fabaceas,Fabales,Trepadoras,F264736,42,102,2,1,301,0.5003,474.4909972,275.5909972,46268,0.342210648,0.697141204,74.5,15.2,40.5,0.372905093,82,17.2,,74.15778935,41.5,37.79741994,38.95560558,76.75302551,5.745207831,6.700364159,12.44557199,161.758655,58.08139645,3.590620635,15.2,16.21508977,26.22931112,45.15957385,2.070868794,14.55772147,25.06434479,
1708,46267,0, CIAT 17009,Canavalia,brasiliensis,Canavalia brasiliensis,Fabaceas,Fabales,Trepadoras,F264736,42,102,2,2,302,0.5002,474.3961559,236.9961559,46268,0.342280093,0.697418981,74.5,15.1,40.5,0.373391204,82.5,17.4,,74.15771991,42,37.79735049,39.45560558,77.25295607,5.707399925,6.86527537,12.57267529,162.8448188,49.95743599,3.06779401,15.1,16.27468505,26.50248139,53.05012331,-1.030060294,14.70933569,29.44373626,
1709,46267,0,CIAT 17462,Canavalia,brasiliensis,Canavalia brasiliensis,Fabaceas,Fabales,Trepadoras,F264737,42,102,2,1,303,0.5003,476.8203069,235.1203069,46268,0.342488426,0.697662037,80,15.5,40,0.373645833,86,18.9,,79.65751157,46,43.29714216,43.45560558,86.75274774,6.711057035,8.213109454,14.92416649,181.9401281,49.31004479,2.710234696,15.5,17.20310524,31.29935171,63.47459599,-12.06974686,17.37168171,35.22949895,
1710,46267,0,CIAT 17462,Canavalia,brasiliensis,Canavalia brasiliensis,Fabaceas,Fabales,Trepadoras,F264737,42,102,2,2,304,0.5003,476.8203069,231.5203069,46268,0.342569444,0.697881944,82,15.5,40.5,0.373900463,87,18.8,Embolo duro 8h,81.65743056,46.5,45.29706114,43.95560558,89.25266672,7.021044477,8.263653848,15.28469833,187.1830235,48.55504339,2.593987557,15.5,17.12520072,32.0554685,66.01882371,-5.569493776,17.79133961,36.64158935,
1711,46267,0,Sample 8,Canavalia,brasiliensis,Cynodon nlemfuensis ,Poaceae,Poales,grasses,F250008,42,102,2,1,305,0.5002,468.8421411,178.4421411,46268,0.342673611,0.698206019,64.5,15.9,40.5,0.374201389,80.5,17.5,,64.15732639,40,27.79695698,37.45560558,65.25256255,4.419716159,6.554730976,10.97444713,139.1781089,38.06017537,2.73463806,15.9,16.81841556,23.40755272,61.5014316,0.591492794,12.99159673,34.13435858,
1712,46267,0,Sample 8,Canavalia,brasiliensis,Cynodon nlemfuensis ,Poaceae,Poales,grasses,F250008,42,102,2,2,306,0.5001,468.7484102,182.0484102,46268,0.342939815,0.698587963,64.5,16.8,40.5,0.37443287,82.5,17.1,,64.15706019,42,27.79669077,39.45560558,67.25229635,4.66984405,6.746908554,11.4167526,143.4720522,38.83712589,2.706947124,16.8,16.97600413,24.35582149,62.71272896,0.583218038,13.51790231,34.80664957,
1713,46267,0,0,0,0,0,0,0,0,0,42,102,2,1,0,0,0,0,0,0,0,0,0,0,0,0,0,0,0,0,,,,,,,,,,,,,,,,,
1714,46267,0,0,0,0,0,0,0,0,0,42,102,2,2,0,0,0,0,0,0,0,0,0,0,0,0,0,,0,0,,,,,,,,,,,,,,,,,
1715,46267,0,BLANK 24 H,0,0,BLANK 24 H,0,0,0,BLANK 24 H,42,102,2,1,307,0,0,0,46268,0.342997685,0.698726852,40.5,0,39.5,0.374814815,41.5,0,0,40.15700231,2,,,,,,,,,,,,,,,,,
1716,46267,0,BLANK 24 H,0,0,BLANK 24 H,0,0,0,BLANK 24 H,42,102,2,2,308,0,0,0,46268,0.343090278,0.69880787,40.5,0,39.5,0.37505787,41,0,,40.15690972,1.5,,,,,,,,,,,,,,,,,
1717,46272,0,BLANK 24 H,0,0,BLANK 24 H,0,0,0,BLANK 24 H,42,103,3,1,1,0,0,0,46273,0.325636574,0.672233796,42,0,42,0.340625,42.5,0,,41.67436343,0.5,,,,,,,,,,,,,,,,,
1718,46272,0,BLANK 24 H,0,0,BLANK 24 H,0,0,0,BLANK 24 H,42,103,3,2,2,0,0,0,46273,0.325810185,0.672314815,39.5,0,40,0.341076389,43.5,0,,39.17418981,3.5,,,,,,,,,,,,,,,,,
1719,46272,0,Sample 8,Cynodon,nlemfuensis,Cynodon nlemfuensis ,Poaceae,Poales,grasses,F250008,42,103,3,1,3,0.5001,468.7484102,191.6484102,46273,0.326087963,0.672430556,66.5,15,40.5,0.341643519,87,17.7,,66.17391204,46.5,30.18944173,44.84061233,75.03005406,4.52841626,7.936788383,12.46520464,160.0646582,40.88513284,2.554288579,15,16.61361543,26.59252676,65.04204565,0.559770521,14.75931243,36.09946063,
1720,46272,0,Sample 8,Cynodon,nlemfuensis,Cynodon nlemfuensis ,Poaceae,Poales,grasses,F250008,42,103,3,2,4,0.5001,468.7484102,207.3484102,46273,0.326319444,0.672824074,66,16.6,40.5,0.342349537,88.7,17.8,,65.67368056,48.2,29.68921025,46.54061233,76.22982258,4.928408902,8.284228995,13.2126379,162.6241731,44.23447753,2.720043195,16.6,17.3326363,28.18705645,63.72191562,0.495364552,15.64430399,35.36676563,
1721,46272,0,CIAT-BR19_2329,Urochloa,interespecifico,Urochloa interespecifico,Poaceae,Poales,grasses,F263021,42,103,3,1,5,0.5003,484.4178935,278.2178935,46273,0.326724537,0.673645833,81,14.2,40.5,0.342766204,95,17,,80.67327546,54.5,44.68880516,52.84061233,97.52941749,6.345810332,8.982904096,15.32871443,201.3332265,57.43344688,2.85265616,14.2,15.71701628,31.643576,55.0960768,0.480229951,17.56273215,30.57927584,
1722,46272,0,CIAT-BR19_2329,Urochloa,interespecifico,Urochloa interespecifico,Poaceae,Poales,grasses,F263021,42,103,3,2,6,0.5001,484.2242426,299.4242426,46273,0.32693287,0.674282407,79.5,14,40.5,0.34318287,95.5,16.7,,79.17306713,55,43.18859682,53.34061233,96.52920916,6.046403555,8.907882259,14.95428581,199.3481546,61.83586369,3.101902991,14,15.49198004,30.88297632,49.94347046,0.383829945,17.14058616,27.71949018,
1723,46272,0,CIAT-BR19_244,Urochloa,interespecifico,Urochloa interespecifico,Poaceae,Poales,grasses,F263022,42,103,3,1,7,0.5003,479.7647385,270.3647385,46273,0.327141204,0.674872685,81,13.1,40.5,0.343518519,95.5,17.7,,80.6728588,55,44.68838849,53.34061233,98.02900082,5.854178892,9.441288383,15.29546728,204.3272316,56.35360768,2.758007694,13.1,15.60300232,31.88118269,56.57345465,0.52143114,17.69460797,31.39924611,
1724,46272,0,CIAT-BR19_244,Urochloa,interespecifico,Urochloa interespecifico,Poaceae,Poales,grasses,F263022,42,103,3,2,8,0.5,479.4770523,266.6770523,46273,0.327326389,0.67525463,80,13.1,40.5,0.343900463,97,17.6,,79.67267361,56.5,43.68820331,54.84061233,98.52881564,5.723154633,9.65194777,15.3751024,205.4922444,55.61831396,2.706589444,13.1,15.60467596,32.06639886,57.6543886,0.546317953,17.79740615,31.99918315,
1725,46272,0,CIAT-BR19_247,Urochloa,interespecifico,Urochloa interespecifico,Poaceae,Poales,grasses,F263023,42,103,3,1,9,0.5002,477.39088,216.09088,46273,0.32755787,0.675717593,75.5,14.2,40.5,0.344178241,95,16.9,,75.17244213,54.5,39.18797182,52.84061233,92.02858416,5.564691999,8.930063484,14.49475548,192.7740726,45.26497867,2.348084369,14.2,15.75027543,30.3624474,67.07712738,1.273658378,16.85168361,37.2289662,
1726,46272,0,CIAT-BR19_247,Urochloa,interespecifico,Urochloa interespecifico,Poaceae,Poales,grasses,F263023,42,103,3,2,10,0.5003,477.48632,239.48632,46273,0.327766204,0.676006944,73.5,14.9,40.5,0.344456019,95,17,,73.1722338,54.5,37.18776349,52.84061233,90.02837582,5.54097676,8.982904096,14.52388086,188.5465029,50.15564006,2.66012041,14.9,16.13255901,30.41737585,60.64597283,0.7525829,16.88216985,33.65956416,
1727,46272,0,CIAT-BR19_2520,Urochloa,interespecifico,Urochloa interespecifico,Poaceae,Poales,grasses,F263024,42,103,3,1,11,0.5003,479.162325,276.062325,46273,0.327962963,0.676400463,79.5,15.1,40,0.344826389,95,17.3,,79.17203704,55,43.18756673,53.34061233,96.52817906,6.521322576,9.227925933,15.74924851,201.4519382,57.61352899,2.859914355,15.1,16.31570041,32.86829471,57.04961193,0.526682084,18.24247222,31.66352164,
1728,46272,0,CIAT-BR19_2520,Urochloa,interespecifico,Urochloa interespecifico,Poaceae,Poales,grasses,F263024,42,103,3,2,12,0.5002,479.06655,238.26655,46273,0.328148148,0.677013889,80,15.4,40.5,0.345162037,94.5,17.4,,79.67185185,54,43.68738155,52.34061233,96.02799388,6.727856758,9.107266546,15.8351233,200.4481296,49.73558475,2.481219698,15.4,16.49011154,33.05412015,66.45969946,0.938405653,18.34560855,36.88628302,
1729,46272,0,CIAT-BR19_2632,Urochloa,interespecifico,Urochloa interespecifico,Poaceae,Poales,grasses,F263025,42,103,3,1,13,0.5,468.3777894,206.5777894,46273,0.328333333,0.677233796,72.5,13.5,40,0.345358796,95,16.8,,72.17166667,55,36.18719636,53.34061233,89.52780869,4.885271509,8.961222872,13.84649438,191.1444366,44.10494991,2.307414785,13.5,15.46613793,29.56266222,67.02799182,1.69614752,16.407789,37.20169511,
1730,46272,0,CIAT-BR19_2632,Urochloa,interespecifico,Urochloa interespecifico,Poaceae,Poales,grasses,F263025,42,103,3,2,14,0.5004,468.7524917,248.3524917,46273,0.328541667,0.677615741,73,13,40,0.345717593,95.5,16.6,0,72.67145833,55.5,36.68698803,53.84061233,90.52760036,4.769308444,8.937541647,13.70685009,193.1245209,52.98158326,2.743389758,13,15.14107304,29.24112476,55.19111163,0.602553101,16.22933014,30.63202182,
1731,46272,0,CIAT-BR19_2734,Urochloa,interespecifico,Urochloa interespecifico,Poaceae,Poales,grasses,F263026,42,103,3,1,15,0.5,478.8521146,250.8521146,46273,0.328726852,0.677962963,84.5,14.6,40.5,0.346180556,91.5,17.3,,84.17127315,51,48.18680284,49.34061233,97.52741518,7.035273215,8.535925933,15.57119915,203.6691751,52.38613487,2.572118969,14.6,15.96597133,32.51776211,62.0732226,0.815227679,18.04792056,34.45171248,
1732,46272,0,CIAT-BR19_2734,Urochloa,interespecifico,Urochloa interespecifico,Poaceae,Poales,grasses,F263026,42,103,3,2,16,0.5002,479.0436554,280.8436554,46273,0.328912037,0.678321759,84.5,14.5,40.5,0.346493056,92,17.1,,84.17108796,51.5,48.18661766,49.84061233,98.02722999,6.98705956,8.522744709,15.50980427,204.6310997,58.62590022,2.864955538,14.5,15.82193465,32.37659886,55.22575985,0.522175814,17.96957252,30.65125218,
1733,46272,0,CIAT-BR19_2789,Urochloa,interespecifico,Urochloa interespecifico,Poaceae,Poales,grasses,F263027,42,103,3,1,17,0.5001,478.872845,236.872845,46273,0.329097222,0.678761574,77.5,14.6,40,0.347025463,89,16.7,,77.17090278,49,41.18643247,47.34061233,88.5270448,6.013219141,7.905882259,13.9191014,184.8654517,49.46466426,2.675711649,14.6,15.72299339,29.06638275,58.76191254,1.080792941,16.1323453,32.6138781,
1734,46272,0,CIAT-BR19_2789,Urochloa,interespecifico,Urochloa interespecifico,Poaceae,Poales,grasses,F263027,42,103,3,2,18,0.5001,478.872845,251.372845,46273,0.329305556,0.679166667,76.5,14.6,41,0.347465278,94,16.4,,76.17069444,53,40.18622414,51.34061233,91.52683647,5.867188724,8.419860423,14.28704915,191.1297277,52.49260793,2.746438692,14.6,15.60968312,29.83474485,56.83608803,0.789397077,16.55879956,31.54501218,
1735,46272,0,CIAT-BR19_2958,Urochloa,interespecifico,Urochloa interespecifico,Poaceae,Poales,grasses,F263028,42,103,3,1,19,0.5005,467.7705729,238.4705729,46273,0.329537037,0.679409722,78.5,14.3,40,0.347997685,95,16.6,0,78.17046296,55,42.18599266,53.34061233,95.52660499,6.03259695,8.854541647,14.8871386,204.2167903,50.98024261,2.496378605,14.3,15.58428524,31.82572709,62.42757089,0.790960798,17.66382916,34.6483819,
1736,46272,0,CIAT-BR19_2958,Urochloa,interespecifico,Urochloa interespecifico,Poaceae,Poales,grasses,F263028,42,103,3,2,20,0.5002,467.490191,284.190191,46273,0.329756944,0.679722222,79.5,14.4,40,0.348321759,95.5,16.2,0,79.17024306,55.5,43.18577275,53.84061233,97.02638508,6.218751276,8.722179198,14.94093047,207.5474244,60.79062116,2.928999063,14.4,15.39883245,31.95988015,52.57370222,0.426057004,17.73828642,29.17931431,
1737,46272,0,CIAT-BR19_300,Urochloa,interespecifico,Urochloa interespecifico,Poaceae,Poales,grasses,F263029,42,103,3,1,21,0.5002,483.823363,240.723363,46273,0.330023148,0.680034722,74.5,14.1,40,0.348761574,95,16.1,,74.16997685,55,38.18550655,53.34061233,91.52611888,5.384156423,8.587838586,13.97199501,189.1725904,49.75439001,2.630105657,14.1,15.26558231,28.87829749,58.04170744,1.755363938,16.02795473,32.21415181,
1738,46272,0,CIAT-BR19_300,Urochloa,interespecifico,Urochloa interespecifico,Poaceae,Poales,grasses,F263029,42,103,3,2,22,0.5002,483.823363,236.523363,46273,0.330046296,0.680347222,75,14,40.5,0.349155093,93.5,16.8,,74.6699537,53,38.6854834,51.34061233,90.02609573,5.415967676,8.625222872,14.04119055,186.0722375,48.88630461,2.627275581,14,15.5968005,29.02131567,59.36492011,2.204464829,16.1073323,32.94855773,
1739,46272,0,CIAT-BR19_3048,Urochloa,interespecifico,Urochloa interespecifico,Poaceae,Poales,grasses,F263030,42,103,3,1,23,0.5001,478.7739597,238.7739597,46273,0.330520833,0.680740741,79.5,14.3,40.5,0.349259259,95,17.2,,79.16947917,54.5,43.18500886,52.84061233,96.02562119,6.175456267,9.088585321,15.26404159,200.5656725,49.87196042,2.486565114,14.3,15.89580093,31.88152004,63.92674314,0.917850494,17.6947952,35.48044844,
1740,46272,0,CIAT-BR19_3048,Urochloa,interespecifico,Urochloa interespecifico,Poaceae,Poales,grasses,F263030,42,103,3,2,24,0.5001,478.7739597,271.4739597,46273,0.330752315,0.681238426,79.5,14.6,40.5,0.349606481,95,17.1,,79.16924769,54.5,43.18477738,52.84061233,96.02538971,6.304977497,9.035744709,15.34072221,200.565189,56.70190581,2.827106044,14.6,15.97569377,32.04168041,56.50900081,0.548091616,17.78368698,31.36347311,
1741,46272,0,CIAT-BR19_3107,Urochloa,interespecifico,Urochloa interespecifico,Poaceae,Poales,grasses,F263031,42,103,3,1,25,0.5002,484.01853,262.21853,46273,0.330972222,0.681666667,76.5,15.1,40,0.350046296,90.5,17.1,,76.16902778,50.5,40.18455747,48.84061233,89.0251698,6.067868178,8.351744709,14.41961289,183.9292595,54.17530812,2.945442627,15.1,16.19723155,29.79144804,54.99082344,0.696667529,16.53476909,30.52085841,
1742,46272,0,CIAT-BR19_3107,Urochloa,interespecifico,Urochloa interespecifico,Poaceae,Poales,grasses,F263031,42,103,3,2,26,0.5004,484.21206,243.51206,46273,0.33119213,0.681967593,77.5,14.8,40,0.350266204,95,16.5,,77.16880787,55,41.18433757,53.34061233,94.5249499,6.09528196,8.801201035,14.89648299,195.2139521,50.29037484,2.576167036,14.8,15.75931329,30.76437831,61.17349175,1.065945292,17.07476222,33.95234629,
1743,46272,0,CIAT-BR19_325,Urochloa,interespecifico,Urochloa interespecifico,Poaceae,Poales,grasses,F263032,42,103,3,1,27,0.5,481.7027442,244.7027442,46273,0.331400463,0.682523148,76.5,14.4,40.5,0.350555556,95,16.5,,76.16859954,54.5,40.18412923,52.84061233,93.02474156,5.786514609,8.718701035,14.50521564,193.1164866,50.79953293,2.630512486,14.4,15.59285777,30.1123791,59.27688181,0.785274129,16.71289137,32.89969495,
1744,46272,0,CIAT-BR19_325,Urochloa,interespecifico,Urochloa interespecifico,Poaceae,Poales,grasses,F263032,42,103,3,2,28,0.5003,481.9917658,230.6917658,46273,0.33162037,0.682928241,77,14.5,40,0.350833333,92,16,,76.66837963,52,40.68390932,50.34061233,91.02452166,5.899166852,8.054497973,13.95366483,188.8507815,47.86217985,2.53439141,14.5,15.32956677,28.95000665,60.486185,1.025692495,16.06775456,33.57087915,
1745,46272,0,CIAT-BR19_3294,Urochloa,interespecifico,Urochloa interespecifico,Poaceae,Poales,grasses,F263033,42,103,3,1,29,0.5004,481.0864411,262.2864411,46273,0.331805556,0.6834375,73.5,14.1,40.5,0.351203704,94,15.5,,73.16819444,53.5,37.18372414,51.84061233,89.02433647,5.242905104,8.035294912,13.27820002,185.0485253,54.51960785,2.946233036,14.1,14.91524738,27.60044533,50.6248053,0.570793004,15.31872467,28.0976428,
1746,46272,0,CIAT-BR19_3294,Urochloa,interespecifico,Urochloa interespecifico,Poaceae,Poales,grasses,F263033,42,103,3,2,30,0.5,480.7018796,210.0018796,46273,0.332013889,0.683680556,74.5,13.9,40.5,0.35125,94.5,15.3,,74.16798611,54,38.18351581,52.34061233,90.52412814,5.307508697,8.008113687,13.31562238,188.3165679,43.68651102,2.319844266,13.9,14.70947322,27.70037511,63.40715811,2.671424163,15.37418743,35.19206976,
1747,46272,0,CIAT-BR19_3334,Urochloa,interespecifico,Urochloa interespecifico,Poaceae,Poales,grasses,F263034,42,103,3,1,31,0.5,483.2766723,291.0766723,46273,0.332233796,0.6840625,75.5,14.6,40.5,0.351481481,94,16.7,,75.1677662,53.5,39.1832959,51.84061233,91.02390823,5.720761201,8.657382259,14.37814346,188.3474073,60.22982051,3.197804599,14.6,15.7960076,29.75137077,49.39641279,0.440291666,16.5125255,27.41586371,
1748,46272,0,CIAT-BR19_3334,Urochloa,interespecifico,Urochloa interespecifico,Poaceae,Poales,grasses,F263034,42,103,3,2,32,0.5005,483.759949,245.159949,46273,0.332743056,0.684375,75,14.5,40,0.351805556,93,16.6,,74.66725694,53,38.68278664,51.34061233,90.02339897,5.609004063,8.522541647,14.13154571,186.0910544,50.67801696,2.723291409,14.5,15.69763625,29.21189681,57.64214655,0.857413778,16.21310812,31.99238861,
1749,46272,0,CIAT-BR19_3677,Urochloa,interespecifico,Urochloa interespecifico,Poaceae,Poales,grasses,F263035,42,103,3,1,33,0.5002,479.7178328,212.2178328,46273,0.332951389,0.684756944,80.5,14.3,40.5,0.35212963,93,17.1,,80.16704861,52.5,44.18257831,50.84061233,95.02319064,6.318108698,8.693744709,15.01185341,198.0814223,44.23805377,2.233326742,14.3,15.79809445,31.29309019,70.7379451,2.206296628,17.36820646,39.26078337,
1750,46272,0,CIAT-BR19_3677,Urochloa,interespecifico,Urochloa interespecifico,Poaceae,Poales,grasses,F263035,42,103,3,2,34,0.5006,480.1014536,220.8014536,46273,0.333159722,0.685196759,82.5,14.3,40.5,0.352465278,90,17.4,,82.16684028,49.5,46.18236997,47.84061233,94.0229823,6.604078906,8.324266546,14.92834545,195.8398201,45.99058219,2.348377473,14.3,15.87733667,31.09414758,67.60981509,1.533766676,17.25778987,37.5246171,
1751,46272,0,CIAT-BR19_3786,Urochloa,interespecifico,Urochloa interespecifico,Poaceae,Poales,grasses,F263036,42,103,3,1,35,0.5001,483.498375,271.398375,46273,0.333356481,0.685532407,78.5,15.3,40.5,0.352858796,91,17.4,,78.16664352,50.5,42.18217321,48.84061233,91.02278555,6.453872502,8.498266546,14.95213905,188.2587207,56.13222071,2.981653147,15.3,16.42680891,30.92490031,55.09295716,0.635139703,17.16385471,30.57754439,
1752,46272,0,CIAT-BR19_3786,Urochloa,interespecifico,Urochloa interespecifico,Poaceae,Poales,grasses,F263036,42,103,3,2,36,0.5,483.4016947,222.2016947,46273,0.333541667,0.685868056,78.5,14.6,40.5,0.353090278,90.5,17.2,,78.16645833,50,42.18198803,48.34061233,90.52260036,6.158570252,8.314585321,14.47315557,187.2616529,45.96626307,2.454654349,14.6,15.98844434,29.94022514,65.13521688,2.485542723,16.61734295,36.15117228,
1753,46272,0,CIAT-BR19_388,Urochloa,interespecifico,Urochloa interespecifico,Poaceae,Poales,grasses,F263037,42,103,3,1,37,0.5001,468.0733852,243.9733852,46273,0.33369213,0.68625,77.5,13.8,40,0.353402778,94,16.6,,77.16630787,54,41.18183757,52.34061233,93.5224499,5.683093584,8.688541647,14.37163523,199.8029644,52.12289203,2.60871465,13.8,15.36704315,30.70380775,58.90656975,1.024862829,17.04114451,32.69416536,
1754,46272,0,CIAT-BR19_388,Urochloa,interespecifico,Urochloa interespecifico,Poaceae,Poales,grasses,F263037,42,103,3,2,38,0.5003,468.2605771,240.8605771,46273,0.333796296,0.686608796,76.5,13.7,40.5,0.353645833,93.5,16.5,,76.1662037,53,40.1817334,51.34061233,91.52234573,5.504897476,8.471201035,13.97609851,195.4517425,51.43729557,2.631713328,13.7,15.27069526,29.84683997,58.02567892,1.092582632,16.56551257,32.20525571,
1755,46272,0,CIAT-BR19_39,Urochloa,interespecifico,Urochloa interespecifico,Poaceae,Poales,grasses,F263038,42,103,3,1,39,0.5003,470.3350265,217.5350265,46273,0.333819444,0.686956019,75,14.2,40.5,0.353912037,94.5,16.6,,74.66618056,54,38.68171025,52.34061233,91.02232258,5.492802856,8.688541647,14.1813445,193.5265661,46.25107939,2.389908545,14.2,15.58007322,30.15158069,65.19108546,4.093228188,16.73464894,36.1821803,
1756,46272,0,CIAT-BR19_39,Urochloa,interespecifico,Urochloa interespecifico,Poaceae,Poales,grasses,F263038,42,103,3,2,40,0.5002,470.2410159,228.2410159,46273,0.333912037,0.687222222,75.5,14.2,40.5,0.354212963,94,16.6,,75.16608796,53.5,39.18161766,51.84061233,91.02222999,5.563789707,8.605541647,14.16933135,193.565059,48.5370285,2.507530478,14.2,15.56689103,30.13206181,62.08056558,1.871712113,16.72381562,34.45578795,
1757,46272,0,CIAT-BR19_3918,Urochloa,interespecifico,Urochloa interespecifico,Poaceae,Poales,grasses,F263039,42,103,3,1,41,0.5,465.3336902,262.4336902,46273,0.334166667,0.687696759,79,15.1,40.5,0.354456019,93,16.8,,78.66583333,52.5,42.68136303,50.84061233,93.52197536,6.444885817,8.541222872,14.98610869,200.9783029,56.39688158,2.806117912,15.1,16.02415756,32.20507993,57.10436292,0.544267418,17.87437654,31.69390938,
1758,46272,0,CIAT-BR19_3918,Urochloa,interespecifico,Urochloa interespecifico,Poaceae,Poales,grasses,F263039,42,103,3,2,42,0.5,465.3336902,240.9336902,46273,0.334305556,0.688043981,79,14.9,40.5,0.35474537,94,16.5,,78.66569444,53.5,42.68122414,51.84061233,94.52183647,6.359502397,8.553701035,14.91320343,203.1269999,51.77654128,2.548973859,14.9,15.77752188,32.04840686,61.89754292,0.75107716,17.78742028,34.35420721,
1759,46272,0,CIAT-BR19_3959,Urochloa,interespecifico,Urochloa interespecifico,Poaceae,Poales,grasses,F263040,42,103,3,1,43,0.5,467.6298417,222.8298417,46273,0.334490741,0.68849537,77.5,14.9,40.5,0.355011574,96,16.2,,77.16550926,55.5,41.18103895,53.84061233,95.02165129,6.135974804,8.722179198,14.858154,203.1984335,47.65090288,2.345042826,14.9,15.6365984,31.77332299,66.67937243,1.235630851,17.63474397,37.00820532,
1760,46272,0,CIAT-BR19_3959,Urochloa,interespecifico,Urochloa interespecifico,Poaceae,Poales,grasses,F263040,42,103,3,2,44,0.5001,467.7233677,256.8233677,46273,0.334710648,0.688935185,76.5,15.4,40,0.355243056,95,16.2,,76.16528935,55,40.18081905,53.34061233,93.52143138,6.187846133,8.641179198,14.82902533,199.9503079,54.90924453,2.746144535,15.4,15.85628568,31.70469204,57.74017164,0.61219403,17.59665261,32.04679423,
1761,46272,0,CIAT-BR19_396,Urochloa,interespecifico,Urochloa interespecifico,Poaceae,Poales,grasses,F263041,42,103,3,1,45,0.5,468.4094772,255.6094772,46273,0.334895833,0.689212963,80.5,14.4,40.5,0.355497685,90,17.8,,80.16510417,49.5,44.18063386,47.84061233,92.02124619,6.362011276,8.515628995,14.87764027,196.4547062,54.56966386,2.777722404,14.4,16.16761442,31.76203941,58.20457221,0.590997927,17.62848139,32.30454458,
1762,46272,0,CIAT-BR19_396,Urochloa,interespecifico,Urochloa interespecifico,Poaceae,Poales,grasses,F263041,42,103,3,2,46,0.5002,468.5968409,242.8968409,46273,0.335069444,0.6896875,80,14.4,40,0.355833333,89.5,17.9,,79.66493056,49.5,43.68046025,47.84061233,91.52107258,6.289986276,8.563469607,14.85345588,195.3087699,51.83492924,2.653999064,14.4,16.22954743,31.69772945,61.15129298,0.718616963,17.59278825,33.94002558,
1763,46272,0,CIAT-BR19_405,Urochloa,interespecifico,Urochloa interespecifico,Poaceae,Poales,grasses,F263042,42,103,3,1,47,0.5002,466.3148207,256.5148207,46273,0.335266204,0.690046296,77.5,14.8,40.5,0.356134259,99,16.2,,77.1647338,58.5,41.18026349,56.84061233,98.02087582,6.094678997,9.208179198,15.30285819,210.2032178,55.00893587,2.616940713,14.8,15.61183581,32.81658124,59.65681887,0.706321223,18.21377035,33.1105666,
1764,46272,0,CIAT-BR19_405,Urochloa,interespecifico,Urochloa interespecifico,Poaceae,Poales,grasses,F263042,42,103,3,2,48,0.5002,466.3148207,263.3148207,46273,0.335462963,0.690509259,78.5,15,40.5,0.356446759,98.5,16,,78.16453704,58,42.18006673,56.34061233,98.52067906,6.32701001,9.014497973,15.34150798,211.2750329,56.46717818,2.672685807,15,15.57186585,32.8994647,58.26298703,0.633827699,18.2597721,32.33696581,
1765,46272,0,CIAT-BR19_4253,Urochloa,interespecifico,Urochloa interespecifico,Poaceae,Poales,grasses,F263043,42,103,3,1,49,0.5001,469.84395,281.44395,46273,0.335740741,0.690821759,81,14.1,40.5,0.356805556,93.5,16.1,,80.66425926,53,44.67978895,51.34061233,96.02040129,6.299850243,8.265838586,14.56568883,204.3665802,59.90158009,2.931084918,14.1,15.16936884,31.00112033,51.75342667,0.406810806,17.20615813,28.72404719,
1766,46272,0,CIAT-BR19_4253,Urochloa,interespecifico,Urochloa interespecifico,Poaceae,Poales,grasses,F263043,42,103,3,2,50,0.5002,469.9379,239.0379,46273,0.335891204,0.691134259,81,14.9,40,0.357118056,93.5,16,0,80.6641088,53.5,44.67963849,51.84061233,96.52025082,6.657266135,8.294497973,14.95176411,205.3893734,50.86584845,2.476556971,14.9,15.49080528,31.8164679,62.54976348,0.700682601,17.65869014,34.71620091,
1767,46272,0,CIAT-BR19_4423,Urochloa,interespecifico,Urochloa interespecifico,Poaceae,Poales,grasses,F263044,42,103,3,1,51,0.5001,468.046765,242.446765,46273,0.336087963,0.691516204,82.5,14.2,40.5,0.357407407,96,17.1,0,82.16391204,55.5,46.17944173,53.84061233,100.0200541,6.557480726,9.206744709,15.76422543,213.6967105,51.79968822,2.423981543,14.2,15.7610647,33.68087681,65.02138907,0.916806248,18.69346935,36.08799587,
1768,46272,0,CIAT-BR19_4423,Urochloa,interespecifico,Urochloa interespecifico,Poaceae,Poales,grasses,F263044,42,103,3,2,52,0.5001,468.046765,283.746765,46273,0.33630787,0.691944444,82.5,14.2,40.5,0.35775463,94.5,17.3,,82.16369213,54,46.17922182,52.34061233,98.51983416,6.557449499,9.054925933,15.61237543,210.4914327,60.62359282,2.880097875,14.2,15.84693637,33.35644342,55.02221473,0.482553548,18.5134032,30.53828112,
1769,46272,0,CIAT-BR19_4439,Urochloa,interespecifico,Urochloa interespecifico,Poaceae,Poales,grasses,F263045,42,103,3,1,53,0.5001,471.0206426,255.0206426,46273,0.336481481,0.692418981,78,14.3,40.5,0.358576389,93.5,16.3,,77.66351852,53,41.67904821,51.34061233,93.01966055,5.960103894,8.36851981,14.3286237,197.4853162,54.14213721,2.741577868,14.3,15.40386583,30.42037314,56.18613284,0.660435267,16.8838334,31.1842758,
1770,46272,0,CIAT-BR19_4439,Urochloa,interespecifico,Urochloa interespecifico,Poaceae,Poales,grasses,F263045,42,103,3,2,54,0.5003,471.2090132,281.9090132,46273,0.336875,0.692673611,76.5,14.6,40,0.35900463,92,16.4,,76.163125,52,40.17865469,50.34061233,90.51926703,5.866083585,8.255860423,14.12194401,192.1000331,59.82674467,3.114353689,14.6,15.60103663,29.96959653,50.09397836,0.449708504,16.63364458,27.80302467,
1771,46272,0,Sample 8,0,0,Cynodon nlemfuensis ,Poaceae,Poales,grasses,F250008,42,103,3,1,55,0.5004,469.029603,195.629603,46273,0.336956019,0.693032407,66.5,16.8,40.5,0.359282407,83,18.5,,66.16304398,42.5,30.17857368,40.84061233,71.01918601,5.070000378,7.555513281,12.62551366,151.4172785,41.70943619,2.754602157,16.8,17.77760964,26.9183727,64.5378484,-39.76508128,14.94016256,35.81962243,
1772,46272,0,Sample 8,0,0,Cynodon nlemfuensis ,Poaceae,Poales,grasses,F250008,42,103,3,2,56,0.5001,468.7484102,201.1484102,46273,0.337164352,0.693321759,67.5,16.6,40.5,0.359548611,84,18.1,,67.16283565,43.5,31.17836534,41.84061233,73.01897768,5.175608647,7.573150832,12.74875948,155.7743474,42.91180638,2.754741528,16.6,17.45951516,27.1974458,63.37986698,7.277665125,15.09505296,35.17692271,
1773,46272,0,CIAT-BR19_4440,Urochloa,interespecifico,Urochloa interespecifico,Poaceae,Poales,grasses,F263046,42,103,3,1,57,0.5002,469.5719384,282.8719384,46273,0.337372685,0.693761574,78.5,14.9,40.5,0.360115741,92.5,15.8,,78.16262731,52,42.17815701,50.34061233,92.51876934,6.284545394,7.953816749,14.23836214,197.0278924,60.24038391,3.057454616,14.9,15.38970119,30.32200389,50.33501104,0.298378613,16.82923676,27.93680197,
1774,46272,0,CIAT-BR19_4440,Urochloa,interespecifico,Urochloa interespecifico,Poaceae,Poales,grasses,F263046,42,103,3,2,58,0.5,469.3841847,281.0841847,46273,0.337592593,0.694201389,79.5,14.9,40.5,0.360196759,91,15.9,,79.16240741,50.5,43.1779371,48.84061233,92.01854943,6.433512628,7.765657361,14.19916999,196.0410095,59.8836079,3.054646987,14.9,15.43076921,30.25063573,50.51572006,0.300511677,16.7896262,28.03709861,
1775,46272,0,CIAT-BR19_4529,Urochloa,interespecifico,Urochloa interespecifico,Poaceae,Poales,grasses,F263047,42,103,3,1,59,0.5,473.4526547,256.1526547,46273,0.3378125,0.694467593,77,13.9,40.5,0.360520833,90.5,17.1,,76.6621875,50,40.67771719,48.34061233,89.01832953,5.65420269,8.266244709,13.9204474,188.019496,54.10311932,2.87752709,13.9,15.63773155,29.40198404,54.34434171,0.641956402,16.31860983,30.16204986,
1776,46272,0,CIAT-BR19_4529,Urochloa,interespecifico,Urochloa interespecifico,Poaceae,Poales,grasses,F263047,42,103,3,2,60,0.5002,473.6420358,281.5420358,46273,0.338009259,0.694907407,77.5,14.1,40.5,0.360763889,92,17.4,,77.16199074,51.5,41.17752044,49.84061233,91.01813277,5.806030381,8.672266546,14.47829693,192.166501,59.44194445,3.09325216,14.1,15.90704675,30.56801515,51.42499196,0.470162316,16.96577727,28.54176024,
1777,46272,0,CIAT-BR19_4581,Urochloa,interespecifico,Urochloa interespecifico,Poaceae,Poales,grasses,F263048,42,103,3,1,61,0.5003,476.262991,272.562991,46273,0.338217593,0.695127315,81,14.3,40.5,0.361041667,91,17.2,,80.66178241,50.5,44.6773121,48.84061233,93.51792443,6.388855631,8.400585321,14.78944095,196.3577398,57.22951313,2.914553468,14.3,15.81455217,31.0530972,54.26063494,0.539333008,17.2350062,30.11559116,
1778,46272,0,CIAT-BR19_4581,Urochloa,interespecifico,Urochloa interespecifico,Poaceae,Poales,grasses,F263048,42,103,3,2,62,0.5006,476.5485774,258.2485774,46273,0.3384375,0.695520833,80.5,14.3,40,0.361400463,90.5,17,,80.1615625,50.5,44.17709219,48.84061233,93.01770453,6.317324184,8.302904096,14.62022828,195.1903939,54.19144861,2.776337889,14.3,15.71768338,30.67940809,56.61300607,0.656606158,17.02760227,31.42119783,
1779,46272,0,CIAT-BR19_4988,Urochloa,interespecifico,Urochloa interespecifico,Poaceae,Poales,grasses,F263049,42,103,3,1,63,0.5006,474.1958875,258.5958875,46273,0.33880787,0.695914352,82.5,14.7,40,0.361759259,92,16.8,,82.16119213,52,46.17672182,50.34061233,96.51733416,6.787978108,8.457222872,15.24520098,203.5389523,54.53355761,2.679268857,14.7,15.79529844,32.14958497,58.95376421,0.619047283,17.84357588,32.7203591,
1780,46272,0,CIAT-BR19_4988,Urochloa,interespecifico,Urochloa interespecifico,Poaceae,Poales,grasses,F263049,42,103,3,2,64,0.5002,473.8169855,279.5169855,46273,0.338946759,0.696284722,82.5,14.6,40.5,0.362118056,93.5,16.9,,82.16105324,53,46.17658294,51.34061233,97.51719527,6.741781109,8.676563484,15.41834459,205.8119448,58.9926056,2.866335365,14.6,15.81089832,32.54071733,55.16067142,0.481537747,18.06066111,30.61512697,
1781,46272,0,CIAT-BR19_5055,Urochloa,interespecifico,Urochloa interespecifico,Poaceae,Poales,grasses,F263050,42,103,3,1,65,0.5,476.9261549,285.4261549,46273,0.339282407,0.696701389,83.5,15.1,40,0.362476852,90,16.4,,83.16071759,50,47.17624729,48.34061233,95.51685962,7.12361334,7.927860423,15.05147376,200.2759938,59.84703333,2.988228005,15.1,15.7579236,31.55933808,52.73333752,0.418845376,17.51597865,29.26791467,
1782,46272,0,CIAT-BR19_5055,Urochloa,interespecifico,Urochloa interespecifico,Poaceae,Poales,grasses,F263050,42,103,3,2,66,0.5001,477.0215401,272.6215401,46273,0.33943287,0.697060185,85,15,40,0.362928241,92.5,16.3,,84.66056713,52.5,48.67609682,50.84061233,99.51670916,7.301414524,8.28701981,15.58843433,208.6209967,57.15078192,2.739454936,15,15.66413768,32.67868015,57.17976036,0.492778683,18.13723286,31.73575627,
1783,46272,0,CIAT-BR19_5057,Urochloa,interespecifico,Urochloa interespecifico,Poaceae,Poales,grasses,F263051,42,103,3,1,67,0.5,475.8286119,282.5286119,46273,0.339895833,0.697453704,80.5,13.2,40,0.363310185,93.5,16.7,,80.16010417,53.5,44.17563386,51.84061233,96.01624619,5.83118367,8.657382259,14.48856593,201.7874583,59.37612931,2.94250841,13.2,15.08970253,30.4491272,51.28176517,0.434685837,16.8997924,28.4622669,
1784,46272,0,CIAT-BR19_5057,Urochloa,interespecifico,Urochloa interespecifico,Poaceae,Poales,grasses,F263051,42,103,3,2,68,0.5003,476.1141091,274.2141091,46273,0.34005787,0.697893519,81.5,13,40,0.363599537,95.5,16.6,,81.15994213,55.5,45.17547182,53.84061233,99.01608416,5.872811337,8.937541647,14.81035298,207.9671286,57.59419934,2.769389553,13,14.95752242,31.10672988,54.01017852,0.487074528,17.26477326,29.97658351,
1785,46272,0,CIAT-BR19_5178,Urochloa,interespecifico,Urochloa interespecifico,Poaceae,Poales,grasses,F263052,42,103,3,1,69,0.5003,477.5193044,302.9193044,46273,0.340219907,0.69818287,81,14.5,40,0.363993056,93,17.8,,80.65978009,53,44.67530979,51.34061233,96.01592212,6.477919919,9.138628995,15.61654891,201.0723362,63.43603319,3.154886166,14.5,16.26454089,32.70349234,51.55349522,0.374935858,18.15100405,28.61308178,
1786,46272,0,CIAT-BR19_5178,Urochloa,interespecifico,Urochloa interespecifico,Poaceae,Poales,grasses,F263052,42,103,3,2,70,0.5003,477.5193044,300.0193044,46273,0.340266204,0.698518519,80.5,14.5,40.5,0.364421296,94,17.7,,80.1597338,53.5,44.17526349,51.84061233,96.01587582,6.405413206,9.175788383,15.58120159,201.0722392,62.8287279,3.124684349,14.5,16.22773469,32.62946952,51.93399678,0.382998786,18.10992011,28.82426672,
1787,46272,0,CIAT-BR19_5273,Urochloa,interespecifico,Urochloa interespecifico,Poaceae,Poales,grasses,F263053,42,103,3,1,71,0.5005,472.9238438,279.3238438,46273,0.340486111,0.698900463,84,13.4,40.5,0.36462963,90,16.3,,83.65951389,49.5,47.67504358,47.84061233,95.51565592,6.38845584,7.79801981,14.18647565,201.9683659,59.06317633,2.924377591,13.4,14.85251346,29.99737873,50.78863107,0.391347543,16.64906418,28.18856894,
1788,46272,0,CIAT-BR19_5273,Urochloa,interespecifico,Urochloa interespecifico,Poaceae,Poales,grasses,F263053,42,103,3,2,72,0.5006,473.018334,262.618334,46273,0.340613426,0.699247685,82.5,13.7,40,0.364988426,89.5,16,,82.15938657,49.5,46.17491627,47.84061233,94.0155286,6.325963529,7.654497973,13.9804615,198.756627,55.51969451,2.793350609,13.7,14.87037483,29.55585544,53.23490286,0.454912957,16.40401112,29.54629211,
1789,46272,0,CIAT-BR19_5348,Urochloa,interespecifico,Urochloa interespecifico,Poaceae,Poales,grasses,F263054,42,103,3,1,73,0.5001,473.1486551,275.5486551,46273,0.340717593,0.699606481,80.5,14.3,40.5,0.365289352,95.5,17.5,,80.15928241,55,44.1748121,53.34061233,97.51542443,6.316998131,9.334607158,15.65160529,206.098915,58.23722675,2.82569303,14.3,16.05038934,33.07967828,56.8016029,0.473756958,18.35979376,31.52587234,
1790,46272,0,CIAT-BR19_5348,Urochloa,interespecifico,Urochloa interespecifico,Poaceae,Poales,grasses,F263054,42,103,3,2,74,0.5005,473.5270984,266.6270984,46273,0.340891204,0.699907407,78.5,13.8,40,0.365590278,92.5,17.7,,78.1591088,52.5,42.17463849,50.84061233,93.01525082,5.820100112,8.998788383,14.81888849,196.4306819,56.30661884,2.866487979,13.8,15.93167611,31.29470002,55.57907874,0.494925573,17.36909994,30.84735028,
1791,46272,0,CIAT-BR19_5615,Urochloa,interespecifico,Urochloa interespecifico,Poaceae,Poales,grasses,F263055,42,103,3,1,75,0.5002,475.97009,291.57009,46273,0.341041667,0.700416667,77.5,13.6,40.5,0.366203704,91.5,16.9,,77.15895833,51,41.17448803,49.34061233,90.51510036,5.599730372,8.338563484,13.93829386,190.1697234,61.25806981,3.221231472,13.6,15.3988603,29.28397004,47.80426503,0.320253883,16.25311002,26.53219415,
1791,46272,0,CIAT-BR19_5615,Urochloa,interespecifico,Urochloa interespecifico,Poaceae,Poales,grasses,F263055,42,103,3,2,76,0.5003,476.065246,294.165246,46273,0.341215278,0.700625,76.5,13.8,40,0.366516204,92,17,,76.15878472,52,40.17431442,50.34061233,90.51492675,5.54405539,8.557904096,14.10195949,190.1313476,61.79095165,3.249908678,13.8,15.57970601,29.62190499,47.938904,0.318332503,16.44066976,26.60692111,
1791,46272,0,BLANK 8 H,0,0,BLANK 8 H,0,0,0,BLANK 8 H,42,103,3,1,77,0,0,0,46273,0.34130787,0.700960648,42,0,0,0,0,0,,41.65869213,,,,,,,,,,,,,,,,,,
1791,46272,0,BLANK 8 H,0,0,BLANK 8 H,0,0,0,BLANK 8 H,42,103,3,2,78,0,0,0,46273,0.341481481,0.701284722,41.5,0,0,0,0,0,,41.15851852,,,,,,,,,,,,,,,,,,
1791,46272,0,CIAT-BR19_5751,Urochloa,interespecifico,Urochloa interespecifico,Poaceae,Poales,grasses,F263056,42,103,3,1,79,0.5005,477.5589396,258.4589396,46273,0.341597222,0.701296296,80,13.8,40.5,0.366793981,91,17.1,,79.65840278,50.5,43.67393247,48.84061233,92.5145448,6.027002681,8.351744709,14.37874739,193.7238258,54.12084628,2.793711412,13.8,15.54214791,30.10884353,55.63261775,0.473519051,16.71092908,30.87706535,
1791,46272,0,CIAT-BR19_5751,Urochloa,interespecifico,Urochloa interespecifico,Poaceae,Poales,grasses,F263056,42,103,3,2,80,0.5002,477.2726905,280.9726905,46273,0.34193287,0.701666667,80,14.2,40.5,0.367638889,92.5,16.8,0,79.65806713,52,43.67359682,50.34061233,94.01420916,6.201650749,8.457222872,14.65887362,196.9821677,58.87047302,2.988619412,14.2,15.59218947,30.71383281,52.17188047,0.390127302,17.04670859,28.95629629,
1791,46272,0,CIAT-BR19_5898,Urochloa,interespecifico,Urochloa interespecifico,Poaceae,Poales,grasses,F263057,42,103,3,1,81,0.5006,476.7535862,272.4535862,46273,0.341828704,0.701967593,82.5,14.1,40,0.368078704,93,16.5,,82.1581713,53,46.17370099,51.34061233,97.51431332,6.51049184,8.471201035,14.98169287,204.5381852,57.14767421,2.79398559,14.1,15.36358342,31.42439471,54.98805534,0.403696036,17.44108274,30.51932206,
1791,46272,0,CIAT-BR19_5898,Urochloa,interespecifico,Urochloa interespecifico,Poaceae,Poales,grasses,F263057,42,103,3,2,82,0.5005,476.6583498,263.9583498,46273,0.342083333,0.702314815,81,14.6,40.5,0.368333333,90,16.3,,80.65791667,49.5,44.67344636,47.84061233,92.51405869,6.522323169,7.79801981,14.32034298,194.0888243,55.37684379,2.85317014,14.6,15.47909926,30.04320177,54.25228257,0.414931982,16.67449676,30.11095545,
1791,46272,0,CIAT-BR19_6068,Urochloa,interespecifico,Urochloa interespecifico,Poaceae,Poales,grasses,F263058,42,103,3,1,83,0.5003,475.5888766,272.6888766,46273,0.342199074,0.702638889,80,12.9,40.5,0.368796296,93.5,16.3,,79.65780093,53,43.67333062,51.34061233,95.01394295,5.63385965,8.36851981,14.00237946,199.7816762,57.33710144,2.869988005,12.9,14.73718385,29.44219293,51.34928727,0.402175669,16.34092646,28.49974283,
1791,46272,0,CIAT-BR19_6068,Urochloa,interespecifico,Urochloa interespecifico,Poaceae,Poales,grasses,F263058,42,103,3,2,84,0.5003,475.5888766,271.3888766,46273,0.342395833,0.70306713,80.5,12.9,40.5,0.369085648,84,16.4,,80.15760417,43.5,44.17313386,41.84061233,86.01374619,5.698334268,6.861860423,12.56019469,180.8573548,57.0637561,3.155180289,12.9,14.60254348,26.40977388,46.28116984,0.365133203,14.65788142,25.68684997,
1791,46272,0,CIAT-BR19_6160,Urochloa,interespecifico,Urochloa interespecifico,Poaceae,Poales,grasses,F263059,42,103,3,1,85,0.5002,477.6921103,313.5921103,46273,0.3425,0.703414352,83.5,13.3,40,0.369606481,90.5,16.2,0,83.1575,50.5,47.17302969,48.84061233,96.01364203,6.274012949,7.912179198,14.18619215,200.9948248,65.6473288,3.266120352,13.3,14.77518387,29.69735493,45.23772021,0.302364263,16.48254578,25.10771738,
1791,46272,0,CIAT-BR19_6160,Urochloa,interespecifico,Urochloa interespecifico,Poaceae,Poales,grasses,F263059,42,103,3,2,86,0.5001,477.5966101,288.1966101,46273,0.342592593,0.703634259,84,13.1,40,0.369895833,91.5,16,,83.65740741,51.5,47.6729371,49.84061233,97.51354943,6.24515476,7.974497973,14.21965273,204.1755477,60.34310211,2.955451953,13.1,14.58223274,29.77335356,49.340111,0.367230227,16.52472634,27.38461524,
1791,46272,0,CIAT-BR19_6352,Urochloa,interespecifico,Urochloa interespecifico,Poaceae,Poales,grasses,F263060,42,103,3,1,87,0.5003,479.3176668,256.4176668,46273,0.342824074,0.703946759,80.5,14.1,40.5,0.370173611,93.5,17.5,0,80.15717593,53,44.17270562,51.34061233,95.51331795,6.228351493,8.984607158,15.21295865,199.2693459,53.49639384,2.684627362,14.1,15.92757845,31.73878141,59.32882411,0.462006887,17.61557279,32.92852383,
1791,46272,0,CIAT-BR19_6352,Urochloa,interespecifico,Urochloa interespecifico,Poaceae,Poales,grasses,F263060,42,103,3,2,88,0.5005,479.5092789,255.9092789,46273,0.342893519,0.704293981,80.5,14.4,40.5,0.370462963,93,17.7,,80.15710648,52.5,44.17263618,50.84061233,95.01324851,6.360859609,8.998788383,15.35964799,198.1468403,53.36899413,2.693406266,14.4,16.16579607,32.03201412,60.01989478,0.469079345,17.77832202,33.31208001,
1791,46272,0,CIAT-BR19_6397,Urochloa,interespecifico,Urochloa interespecifico,Poaceae,Poales,grasses,F263061,42,103,3,1,89,0.5004,471.978696,295.578696,46273,0.343148148,0.704594907,75,14.4,39.5,0.370798611,87,17.4,,74.65685185,47.5,38.67238155,45.84061233,84.51299388,5.568822943,7.976266546,13.54508949,179.0610352,62.62543172,3.49743492,14.4,16.02722714,28.69851882,45.82566224,0.306741213,15.92817446,25.43403538,
1791,46272,0,CIAT-BR19_6397,Urochloa,interespecifico,Urochloa interespecifico,Poaceae,Poales,grasses,F263061,42,103,3,2,90,0.5,471.6014149,285.8014149,46273,0.343275463,0.704953704,76.5,14.4,40.5,0.371087963,93,17.3,,76.15672454,52.5,40.17225423,50.84061233,91.01286656,5.784804609,8.795425933,14.58023054,192.9868395,60.60232346,3.140230889,14.4,16.01996629,30.91642663,51.0152497,0.354445913,17.15915167,28.3143462,
1791,46272,0,CIAT-BR19_6400,Urochloa,interespecifico,Urochloa interespecifico,Poaceae,Poales,grasses,F263062,42,103,3,1,91,0.5004,475.985392,267.385392,46273,0.343402778,0.705277778,77.5,13.3,40.5,0.371585648,93.5,16.5,,77.15659722,53,41.17212692,51.34061233,92.51273925,5.47589288,8.471201035,13.94709391,194.360459,56.17512564,2.890254836,13.3,15.0758631,29.30151671,52.16101677,0.391967496,16.26284872,28.95026675,
1791,46272,0,CIAT-BR19_6400,Urochloa,interespecifico,Urochloa interespecifico,Poaceae,Poales,grasses,F263062,42,103,3,2,92,0.5,475.604908,279.904908,46273,0.3434375,0.705555556,76,13.7,40,0.37181713,90,16.6,,75.6565625,50,39.67209219,48.34061233,88.01270453,5.435076631,8.024541647,13.45961828,185.0542394,58.85240108,3.180278456,13.7,15.29281295,28.2999987,48.0863961,0.340598319,15.7069889,26.68878178,
1791,46272,0,CIAT-BR19_6868,Urochloa,interespecifico,Urochloa interespecifico,Poaceae,Poales,grasses,F263063,42,103,3,1,93,0.5002,478.8707231,275.3707231,46273,0.343773148,0.705891204,84.5,14.5,40.5,0.372141204,93,17,,84.15622685,52.5,48.17175655,50.84061233,99.01236888,6.984904699,8.642904096,15.6278088,206.7622097,57.50418847,2.781174981,14.5,15.78369346,32.63471338,56.7518893,0.388917605,18.11283054,31.49828043,
1791,46272,0,CIAT-BR19_6868,Urochloa,interespecifico,Urochloa interespecifico,Poaceae,Poales,grasses,F263063,42,103,3,2,94,0.5001,478.7749873,289.5749873,46273,0.343796296,0.70619213,86.5,14.5,40.5,0.372569444,90,17.5,0,86.1562037,49.5,50.1717334,47.84061233,98.01234573,7.274901343,8.372107158,15.6470085,204.7148417,60.48248028,2.954474614,14.5,15.96432407,32.68134075,54.03439243,0.352608045,18.13870954,29.99002265,
1791,46272,0,CIAT-BR19_6984,Urochloa,interespecifico,Urochloa interespecifico,Poaceae,Poales,grasses,F263064,42,103,3,1,95,0.5001,477.3272541,267.0272541,46273,0.343946759,0.706493056,78.5,13.7,40,0.372962963,92,17.4,,78.15605324,52,42.17158294,50.34061233,92.51219527,5.777506862,8.759266546,14.53677341,193.8129333,55.94217632,2.88640058,13.7,15.71335905,30.4545221,54.43928732,0.415097659,16.90278666,30.21474632,
1791,46272,0,CIAT-BR19_6984,Urochloa,interespecifico,Urochloa interespecifico,Poaceae,Poales,grasses,F263064,42,103,3,2,96,0.5003,477.5181468,263.7181468,46273,0.344108796,0.706782407,76.5,14.6,40,0.373252315,92.5,17.3,,76.1558912,52.5,40.1714209,50.84061233,91.01203323,5.865027451,8.795425933,14.66045338,190.5938734,55.22683244,2.897618452,14.6,16.10825829,30.70135341,55.59137117,0.431633062,17.03978231,30.85417279,
1791,46272,0,CIAT-BR19_811,Urochloa,interespecifico,Urochloa interespecifico,Poaceae,Poales,grasses,F263065,42,103,3,1,97,0.5001,474.9262091,275.7262091,46273,0.344270833,0.707060185,84,14.8,40.5,0.373518519,90,17.6,,83.65572917,49.5,47.67125886,47.84061233,95.51187119,7.055346311,8.41994777,15.47529408,201.1088657,58.05664203,2.886826587,14.8,16.20248236,32.58462848,56.12558244,0.425598377,18.08503256,31.15066929,
1791,46272,0,CIAT-BR19_811,Urochloa,interespecifico,Urochloa interespecifico,Poaceae,Poales,grasses,F263065,42,103,3,2,98,0.5001,474.9262091,283.7262091,46273,0.344363426,0.707604167,85.5,14.6,40.5,0.373958333,92,17.7,,85.15563657,51.5,49.17116627,49.84061233,99.0117786,7.178990275,8.821788383,16.00077866,208.4782366,59.74111424,2.86558037,14.6,16.16047998,33.69108369,56.39513779,0.411151025,18.69913434,31.30027717,
1791,46272,0,CIAT-BR19_818,Urochloa,interespecifico,Urochloa interespecifico,Poaceae,Poales,grasses,F263066,42,103,3,1,99,0.5001,474.4250172,277.9250172,46273,0.344502315,0.707962963,83.5,14.2,40.5,0.374513889,92,17.4,,83.15549769,51.5,47.17102738,49.84061233,97.01163971,6.698285888,8.672266546,15.37055243,204.4825551,58.5814422,2.864862588,14.2,15.84402911,32.39827554,55.30467385,0.431897796,17.98160345,30.69505082,
1791,46272,0,CIAT-BR19_818,Urochloa,interespecifico,Urochloa interespecifico,Poaceae,Poales,grasses,F263066,42,103,3,2,100,0.5,474.3301512,369.4301512,46273,0.344675926,0.708240741,82.5,14.4,40.5,0.375046296,91,17.4,,82.15532407,50.5,46.17085377,48.84061233,95.0114661,6.648602943,8.498266546,15.14686949,200.3066131,77.88460216,3.888269136,14.4,15.942149,31.93317872,41.00063148,0.230871036,17.72346666,22.75605983,
1791,46272,0,CIAT-BR19_95,Urochloa,interespecifico,Urochloa interespecifico,Poaceae,Poales,grasses,F263067,42,103,3,1,101,0.5003,478.0127406,294.7127406,46273,0.344861111,0.708553241,75.5,15.3,39,0.375462963,90,16.9,,75.15513889,51,39.17066858,49.34061233,88.51128092,5.993112293,8.338563484,14.33167578,185.1651084,61.65374174,3.329663038,15.3,16.19191998,29.98178618,48.6293051,0.342475708,16.64041004,26.99010567,
1791,46272,0,CIAT-BR19_95,Urochloa,interespecifico,Urochloa interespecifico,Poaceae,Poales,grasses,F263067,42,103,3,2,102,0.5,477.7261049,243.1261049,46273,0.344965278,0.708923611,81.5,14.4,40.5,0.375914352,91.5,17.3,,81.15503472,51,45.17056442,49.34061233,94.51117675,6.504561276,8.535925933,15.04048721,197.8354873,50.8923633,2.572458764,14.4,15.9139773,31.48349453,61.86290533,0.589188279,17.47388416,34.33498275,
1791,46272,0,CIAT-CIAT_16320,Urochloa,interespecifico,Urochloa interespecifico,Poaceae,Poales,grasses,F263068,42,103,3,1,103,0.5002,477.5955407,247.2955407,46273,0.345231481,0.709293981,80,15,40,0.37630787,94.5,17.4,,79.65476852,54.5,43.67029821,52.84061233,96.51091055,6.550544732,9.194266546,15.74481128,202.0766576,51.77928176,2.562358383,15,16.3140221,32.96683059,63.66799512,0.463093121,18.29716134,35.33683882,
1791,46272,0,CIAT-CIAT_16320,Urochloa,interespecifico,Urochloa interespecifico,Poaceae,Poales,grasses,F263068,42,103,3,2,104,0.5001,477.5000598,239.5000598,46273,0.345266204,0.709583333,79,15.5,40,0.376724537,94.5,17.5,,78.6547338,54.5,42.67026349,52.84061233,95.51087582,6.613890841,9.247107158,15.860998,200.0227516,50.1570743,2.50756846,15.5,16.60648367,33.21674558,66.22544485,0.499104965,18.43586848,36.75626766,
1821,46272,0,CIAT-CIAT_6387,Urochloa,interespecifico,Urochloa interespecifico,Poaceae,Poales,grasses,F263069,42,103,3,1,105,0.5002,479.04154,266.64154,46273,0.345648148,0.709918981,79.5,15.1,40.5,0.376944444,94,16.3,,79.15435185,53.5,43.16988155,51.84061233,95.01049388,6.518652114,8.45001981,14.96867192,198.3345617,55.66146518,2.806443048,15.1,15.75475646,31.24712718,56.1378093,0.380561809,17.34269619,31.1574554,
1822,46272,0,CIAT-CIAT_6387,Urochloa,interespecifico,Urochloa interespecifico,Poaceae,Poales,grasses,F263069,42,103,3,2,106,0.5004,479.23308,269.93308,46273,0.345671296,0.710231481,78,15.3,40,0.377337963,93.5,16.4,,77.6543287,53.5,41.6698584,51.84061233,93.51047073,6.375488335,8.501860423,14.87734876,195.125242,56.32605328,2.886661546,15.3,15.90982127,31.04407725,55.11495204,0.369693162,17.22999997,30.58975193,
1823,46272,0,CIAT-CIAT_6780,Urochloa,interespecifico,Urochloa interespecifico,Poaceae,Poales,grasses,F263070,42,103,3,1,107,0.5002,476.3166729,268.5166729,46273,0.346296296,0.710555556,81,14.2,40,0.377939815,96,16.3,,80.6537037,56,44.6692334,54.34061233,99.00984573,6.343031143,8.85751981,15.20055095,207.8655889,56.37356157,2.71201991,14.2,15.35256503,31.91269972,56.60933748,0.388049545,17.71210047,31.4191617,
1824,46272,0,CIAT-CIAT_6780,Urochloa,interespecifico,Urochloa interespecifico,Poaceae,Poales,grasses,F263070,42,103,3,2,108,0.5001,476.2214476,257.8214476,46273,0.346331019,0.71099537,80.5,14.3,40,0.378252315,94,16.2,,80.15366898,54,44.16919868,52.34061233,96.50981101,6.316195411,8.479179198,14.79537461,202.6574223,54.1389828,2.671453243,14.3,15.33043579,31.068266,57.38612805,0.410344275,17.24342514,31.85029391,
1825,46272,0,CIAT-GP_3207,Urochloa,interespecifico,Urochloa interespecifico,Poaceae,Poales,grasses,F263071,42,103,3,1,109,0.5003,481.6925513,265.8925513,46273,0.346365741,0.711273148,81.5,15,40,0.378460648,96,16.8,,81.15363426,56,45.16916395,54.34061233,99.50977629,6.775374593,9.129222872,15.90459746,206.5835895,55.19963939,2.67202441,15,15.98294967,33.01815115,59.81588197,0.501320909,18.32564513,33.19884937,
1826,46272,0,CIAT-GP_3207,Urochloa,interespecifico,Urochloa interespecifico,Poaceae,Poales,grasses,F263071,42,103,3,2,110,0.5005,481.8851128,251.5851128,46273,0.346412037,0.711736111,81.5,15.1,40,0.378854167,95.5,16.9,,81.15358796,55.5,45.16911766,53.84061233,99.00972999,6.820536766,9.099063484,15.91960025,205.4633508,52.20852567,2.541014028,15.1,16.07882402,33.03609061,63.27719504,0.585990354,18.33560185,35.11993801,
1827,46272,0,CIAT-Mavuno,Urochloa,interespecifico,Urochloa interespecifico,Poaceae,Poales,grasses,F263072,42,103,3,1,111,0.5003,478.0922614,264.2922614,46273,0.346793981,0.711909722,77.5,14.2,40.5,0.379074074,87.5,15.9,,77.15320602,47,41.16873571,45.34061233,86.50934805,5.845960471,7.209157361,13.05511783,180.9469741,55.28059807,3.055071705,14.2,15.09099089,27.30669138,49.39651945,0.546141682,15.15568615,27.4159229,
1828,46272,0,CIAT-Mavuno,Urochloa,interespecifico,Urochloa interespecifico,Poaceae,Poales,grasses,F263072,42,103,3,2,112,0.5001,477.9011392,257.9011392,46273,0.346921296,0.71224537,77.5,13.9,40.5,0.37943287,85.5,16,,77.1530787,45,41.1686084,43.34061233,84.50922073,5.722436567,6.934497973,12.65693454,176.834106,53.96537444,3.051751477,13.9,14.97698645,26.48442011,49.07669109,0.584177455,14.69931137,27.23841263,
1829,46272,0,Cayman Br02_1752_ Exp VII_ Gramíneas,Urochloa,interespecifico,Urochloa interespecifico,Poaceae,Poales,grasses,F264574,42,103,3,1,113,0.5,459.8350349,256.2350349,46273,0.346944444,0.712488426,71,15.3,40.5,0.379780093,88.5,16.2,,70.65305556,48,34.66858525,46.34061233,81.00919758,5.304293543,7.507179198,12.81147274,176.1701294,55.72325192,3.163036328,15.3,15.81483723,27.86101921,49.99891114,0.440114852,15.46334769,27.75026072,
1830,46272,0,Cayman Br02_1752_ Exp VII_ Gramíneas,Urochloa,interespecifico,Urochloa interespecifico,Poaceae,Poales,grasses,F264574,42,103,3,2,114,0.5,459.8350349,265.6350349,46273,0.347060185,0.712708333,70.5,15.5,40,0.38025463,93,16,,70.15293981,53,34.16846951,51.34061233,85.50908184,5.296112774,8.214497973,13.51061075,185.9559959,57.76746327,3.106512538,15.5,15.80020561,29.38142969,50.86155428,0.417221686,16.30720181,28.22904259,
1831,46272,0,Estrella_ Exp VII_ Gramíneas,Cynodon,nlemfuensis,Cynodon nlemfuensis,Poaceae,Poales,grasses,F264575,42,103,3,1,115,0.5001,468.3234027,157.4234027,46273,0.347152778,0.713055556,68,16.1,40.5,0.380532407,81,16.8,,67.65284722,40.5,31.66837692,38.84061233,70.50898925,5.098608684,6.525222872,11.62383156,150.5561944,33.6142507,2.232671385,16.1,16.4856023,24.82009545,73.83801493,0.822029291,13.77558239,40.98137576,
1832,46272,0,Estrella_ Exp VII_ Gramíneas,Cynodon,nlemfuensis,Cynodon nlemfuensis,Poaceae,Poales,grasses,F264575,42,103,3,2,116,0.5001,468.3234027,145.4234027,46273,0.347222222,0.71337963,77.5,16,40,0.380787037,81,17.1,,77.15277778,41,41.16830747,39.34061233,80.5089198,6.586929196,6.727244709,13.3141739,171.908812,31.05191879,1.806301749,16,16.53751403,28.4294439,91.55454804,1.229783798,15.77883323,50.81435815,
1833,46272,0,Mulato Br02_1752 _Exp VII_ Gramíneas,Urochloa,interespecifico,Urochloa interespecifico,Poaceae,Poales,grasses,F264576,42,103,3,1,117,0.5,469.5371923,200.8371923,46273,0.347453704,0.713645833,74,15.1,40,0.381064815,91,15,,73.6525463,51,37.66807599,49.34061233,87.00868832,5.687879475,7.40109185,13.08897132,185.3073404,42.7734364,2.30824296,15.1,15.04329232,27.8763249,65.17204893,0.691266419,15.47184261,36.1716147,
1834,46272,0,Mulato Br02_1752 _Exp VII_ Gramíneas,Urochloa,interespecifico,Urochloa interespecifico,Poaceae,Poales,grasses,F264576,42,103,3,2,118,0.5,469.5371923,227.0371923,46273,0.347592593,0.713900463,72.5,15.1,40,0.381377315,90.5,15.1,,72.15240741,50.5,36.1679371,48.84061233,85.00854943,5.461358502,7.374932462,12.83629096,181.0475311,48.35339906,2.670757163,15.1,15.1,27.3381772,56.5382739,0.478267262,15.17316132,31.37972019,
1835,46272,0,Heno Estrella,Cynodon,nlemfuensis,Cynodon nlemfuensis,Poaceae,Poales,grasses,F264577,42,103,3,1,119,0.5001,475.0762596,147.3762596,46273,0.34775463,0.714282407,70.5,15.2,40,0.381678241,76,16.1,,70.15224537,36,34.16777507,34.34061233,68.5083874,5.19350181,5.528838586,10.7223404,144.2050324,31.02160056,2.15121484,15.2,15.65113529,22.56972471,72.75486854,1.182578387,12.52658769,40.38021078,
1836,46272,0,Heno Estrella,Cynodon,nlemfuensis,Cynodon nlemfuensis,Poaceae,Poales,grasses,F264577,42,103,3,2,120,0.5,474.9812634,125.8812634,46273,0.3478125,0.714502315,70.5,15,40.5,0.381979167,73.5,16.4,,70.1521875,33,34.16771719,31.34061233,65.50832953,5.125157579,5.139860423,10.265018,137.9177129,26.502364,1.921606982,15,15.66979051,21.61141669,81.54524134,3.301410555,11.99471016,45.25901976,
1837,46272,0,Heno Estrella,Cynodon,nlemfuensis,Cynodon nlemfuensis,Poaceae,Poales,grasses,F264578,42,103,3,1,121,0.5004,472.5819021,142.9819021,46273,0.347962963,0.714664352,70.5,15.8,39,0.382349537,73,17.2,,70.15203704,34,34.16756673,32.34061233,66.50817906,5.398475544,5.562585321,10.96106086,140.7336565,30.2554756,2.149839374,15.8,16.48077127,23.19399202,76.66047735,1.223477074,12.87306685,42.54789123,
1838,46272,0,Heno Estrella,Cynodon,nlemfuensis,Cynodon nlemfuensis,Poaceae,Poales,grasses,F264578,42,103,3,2,122,0.5003,472.4874612,165.0874612,46273,0.348148148,0.715023148,72,16.4,40.5,0.382627315,74.5,17.2,,71.65185185,34,35.66738155,32.34061233,68.00799388,5.849450574,5.562585321,11.41203589,143.9360818,34.94007244,2.427471417,16.4,16.78043307,24.15309787,69.12721178,0.757068334,13.40538719,38.36679851,
1839,46272,0, CIAT 17009,Canavalia,brasiliensis,Canavalia brasiliensis,Fabaceas,Fabales,Trepadoras,F264724,42,103,3,1,123,0.5003,467.9854596,295.3854596,46273,0.348217593,0.715555556,83,15,40,0.382858796,85,18.8,,82.65178241,45,46.6673121,43.34061233,90.00792443,7.000096815,8.148035118,15.14813193,192.3306004,63.11851224,3.281771705,15,16.82977585,32.36880895,51.28259175,1.030569392,17.96524898,28.46272566,
1840,46272,0, CIAT 17009,Canavalia,brasiliensis,Canavalia brasiliensis,Fabaceas,Fabales,Trepadoras,F264724,42,103,3,2,124,0.5004,468.0790006,324.9790006,46273,0.348402778,0.715763889,80.5,14.8,40,0.383217593,87,18.7,,80.15159722,47,44.16712692,45.34061233,89.50773925,6.536734784,8.478694506,15.01542929,191.2235737,69.42823758,3.630736328,14.8,16.77556535,32.07883556,46.20430632,0.512608074,17.80430873,25.64418939,
1841,46272,0,CIAT 17462,Canavalia,brasiliensis,Canavalia brasiliensis,Fabaceas,Fabales,Trepadoras,F264725,42,103,3,1,125,0.5005,473.4256574,312.3256574,46273,0.348530093,0.716122685,79.5,16.3,40,0.383680556,87,18.8,,79.15146991,47,43.1669996,45.34061233,88.50761193,7.036220935,8.524035118,15.56025605,186.9514475,65.97142604,3.52879996,16.3,17.5806981,32.86736958,49.8206141,0.795024856,18.24195876,27.65130278,
1842,46272,0,CIAT 17462,Canavalia,brasiliensis,Canavalia brasiliensis,Fabaceas,Fabales,Trepadoras,F264725,42,103,3,2,126,0.5002,473.1418858,289.7418858,46273,0.348703704,0.716423611,81,15.5,40,0.38412037,85,18.6,0,80.6512963,45,44.66682599,43.34061233,88.00743832,6.923358029,8.061353894,14.98471192,186.0064411,61.23784313,3.292243148,15.5,17.02664253,31.67065181,51.71745148,1.787295387,17.57775969,28.70408034,
1843,46272,0,CIAT 13953,Desmodium,velutinum,Desmodium velutinum,Fabaceas,Fabales,Arbustivas,F264726,42,103,3,1,127,0.5001,481.3999993,261.5999993,46273,0.348831019,0.716805556,80,15,40.5,0.384409722,76,19.6,,79.65116898,35.5,43.66669868,33.84061233,77.50731101,6.550004801,6.632760017,13.18276482,161.0039699,54.34150388,3.375165463,15,17.00841462,27.38422276,50.39283202,2.673271106,15.19871741,27.96889362,
1844,46272,0,CIAT 13953,Desmodium,velutinum,Desmodium velutinum,Fabaceas,Fabales,Arbustivas,F264726,42,103,3,2,128,0.5004,481.6887815,259.8887815,46273,0.349108796,0.717060185,80,15.4,41,0.384675926,75.5,20,,79.6508912,34.5,43.6664209,32.84061233,76.50703323,6.724628818,6.568122466,13.29275128,158.8308389,53.95367122,3.396926668,15.4,17.3745481,27.59614049,51.14784566,3.223430158,15.31633541,28.38793925,
1845,46272,0,CIAT 9432,Clitoria,tertanea,Clitoria tertanea,Fabaceas,Fabales,Trepadoras,F264727,42,103,3,1,129,0.5,475.8560359,313.1560359,46273,0.349375,0.717361111,90,16.7,40.5,0.384791667,86,20.2,,89.650625,45.5,53.66615469,43.84061233,97.50676703,8.962247834,8.855803691,17.81805153,204.9081228,65.80898681,3.211633874,16.7,18.27365635,37.44420619,56.89831739,0.628472522,20.78218226,31.57955055,
1846,46272,0,CIAT 9432,Clitoria,tertanea,Clitoria tertanea,Fabaceas,Fabales,Trepadoras,F264727,42,103,3,2,130,0.5004,476.2367208,319.4367208,46273,0.349398148,0.717604167,90.5,16.5,40.5,0.385428241,85,20.5,,90.15060185,44.5,54.16613155,42.84061233,97.00674388,8.937411705,8.782325528,17.71973723,203.6943807,67.07519745,3.29293313,16.5,18.26650037,37.2078348,55.471823,0.571516737,20.65099205,30.78782148,
1847,46272,0,CIAT 17768,Clitoria,tertanea,Clitoria tertanea,Fabaceas,Fabales,Trepadoras,F264728,42,103,3,1,131,0.5,481.4287143,282.4287143,46273,0.349479167,0.717997685,93.5,16.7,40.5,0.385694444,87,20.1,,93.15052083,46.5,57.16605053,44.84061233,102.0066629,9.546730438,9.012963079,18.55969352,211.8832131,58.66470069,2.768728104,16.7,18.19458945,38.55128073,65.7146125,1.261282694,21.39662778,36.47274687,
1848,46272,0,CIAT 17768,Clitoria,tertanea,Clitoria tertanea,Fabaceas,Fabales,Trepadoras,F264728,42,103,3,2,132,0.5003,481.7175715,354.9175715,46273,0.349560185,0.718287037,94,16.4,40.5,0.38599537,88.5,20,,93.65043981,48,57.66596951,46.34061233,104.0065818,9.457219,9.268122466,18.72534147,215.9078016,73.67752237,3.412452993,16.4,18.00399661,38.87203327,52.75969118,0.409833288,21.57465099,29.2825414,
1849,46272,0,CIAT 22768,Lablab,purpureus,Lablab purpureus,Fabaceas,Fabales,Trepadoras,F264729,42,103,3,1,133,0.5002,473.6185329,265.8185329,46273,0.349780093,0.718599537,90,16.3,40,0.386261574,94,18.4,,89.65021991,54,53.6657496,52.34061233,106.0063619,8.747517185,9.630672669,18.37818985,223.8222421,56.12502773,2.507571509,16.3,17.33687443,38.80378105,69.13810581,2.521462322,21.53676983,38.37284488,
1850,46272,0,CIAT 22768,Lablab,purpureus,Lablab purpureus,Fabaceas,Fabales,Trepadoras,F264729,42,103,3,2,134,0.5003,473.7132187,334.6132187,46273,0.349988426,0.718969907,90.5,16.3,40.5,0.386493056,94,18.3,,90.15001157,53.5,54.16554127,51.84061233,106.0061536,8.828983227,9.486832057,18.31581528,223.7770647,70.63624267,3.156545232,16.3,17.27806798,38.66435337,54.73727354,0.482604093,21.45938505,30.38013382,
1851,46272,0,CIAT 22598,Lablab,purpureus,Lablab purpureus,Fabaceas,Fabales,Trepadoras,F264730,42,103,3,1,135,0.5,477.505741,309.805741,46273,0.350034722,0.719409722,88.5,16.3,40,0.386851852,85,19.1,,88.14996528,45,52.16549497,43.34061233,95.5061073,8.502975681,8.278056955,16.78103264,200.0103854,64.8800034,3.243831727,16.3,17.57063827,35.14310132,54.16630622,0.707003297,19.50502924,30.06323709,
1852,46272,0,CIAT 22598,Lablab,purpureus,Lablab purpureus,Fabaceas,Fabales,Trepadoras,F264730,42,103,3,2,136,0.5004,477.8877456,316.2877456,46273,0.350173611,0.719699074,87.5,16.6,40.5,0.387083333,84,19.1,,87.14982639,43.5,51.16535608,41.84061233,93.00596842,8.49344911,7.991556955,16.48500607,194.6188603,66.18452733,3.400725254,16.6,17.72467547,34.49556139,52.12028065,0.620477289,19.14563338,28.9276575,
1853,46272,0,CIAT 18701,Cajanus,cajan,Cajanus cajan,Fabaceas,Fabales,Arbustivas,F264731,42,103,3,1,137,0.5002,473.1432134,101.6432134,46273,0.350428241,0.719930556,65.5,15.1,40,0.387418981,65,18.2,,65.14957176,25,29.16510145,23.34061233,52.50571379,4.40393032,4.247991444,8.651921764,110.9721376,21.48254705,1.935850522,15.1,16.47805761,18.28605276,85.12050604,-0.331986513,10.14907565,47.24335353,
1854,46272,0,CIAT 18701,Cajanus,cajan,Cajanus cajan,Fabaceas,Fabales,Arbustivas,F264731,42,103,3,2,138,0.5001,473.0486226,0,46273,0.350474537,0.720266204,68,13.9,40.5,0.387708333,66,17.7,0,.,.,.,.,.,.,.,.,.,.,.,.,.,.,.,.,.,.,
1855,46272,0,CIAT 20891,Cajanus,cajan,Cajanus cajan,Fabaceas,Fabales,Arbustivas,F264732,42,103,3,1,139,0.5004,472.5624893,160.4624893,46273,0.350625,0.720543981,68.5,14.7,40.5,0.387951389,67,18.7,,68.149375,26.5,32.16490469,24.84061233,57.00551703,4.72824099,4.645194506,9.373435496,120.6306432,33.95582446,2.814858941,14.7,16.44303216,19.83533545,58.41511955,-0.917760708,11.00895435,32.42140199,
1856,46272,0,CIAT 20891,Cajanus,cajan,Cajanus cajan,Fabaceas,Fabales,Arbustivas,F264732,42,103,3,2,140,0.5003,472.4680524,153.9680524,46273,0.350798611,0.720914352,67.5,15.6,40.5,0.388287037,66,18.9,,67.14920139,25.5,31.16473108,23.84061233,55.00534342,4.861698049,4.505875731,9.36757378,116.4212969,32.5880346,2.799147188,15.6,17.03029778,19.82689355,60.84102277,-0.749650567,11.00426895,33.76782025,
1857,46272,0,CIAT 15551,Centrosema ,molle,Centrosema molle,Fabaceas,Fabales,Trepadoras,F264733,42,103,3,1,141,0.5003,484.8453664,361.3453664,46273,0.350833333,0.721099537,73,15.7,40,0.388564815,72,18.3,,.,.,.,.,.,.,.,.,.,.,.,.,.,.,.,.,.,.,
1858,46272,0,CIAT 15551,Centrosema ,molle,Centrosema molle,Fabaceas,Fabales,Trepadoras,F264733,42,103,3,2,142,0.5,484.5546336,207.8546336,46273,0.350949074,0.721550926,71,16.4,40,0.388796296,70,18.1,,70.64905093,30,34.66458062,28.34061233,63.00519295,5.684991222,5.129650832,10.81464205,130.0270157,42.89601609,3.299007969,16.4,17.16468365,22.31872591,52.02983386,1.258101522,12.38727901,28.87745796,
1859,46272,0, CIAT 17009,Canavalia,brasiliensis,Canavalia brasiliensis,Fabaceas,Fabales,Trepadoras,F264734,42,103,3,1,143,0.5003,484.6921456,284.6921456,46273,0.351145833,0.722013889,80.5,15.5,40.5,0.389085648,83.5,20,0,80.14885417,43,44.16438386,41.34061233,85.50499619,6.845479499,8.268122466,15.11360196,176.4109383,58.73669466,3.329538135,15.5,17.67569456,31.18185863,53.087527,1.185069618,17.30647102,29.46449595,
1860,46272,0, CIAT 17009,Canavalia,brasiliensis,Canavalia brasiliensis,Fabaceas,Fabales,Trepadoras,F264734,42,103,3,2,144,0.5001,484.498385,288.898385,46273,0.351238426,0.722118056,78.5,15.4,40,0.389305556,81.5,20.5,,78.14876157,41.5,42.16429127,39.84061233,82.0049036,6.493300855,8.167325528,14.66062638,169.2573312,59.6283484,3.522940365,15.4,17.87774357,30.25939165,50.746654,1.001501424,16.79448588,28.16527094,
1861,46272,0,CIAT 17462,Canavalia,brasiliensis,Canavalia brasiliensis,Fabaceas,Fabales,Trepadoras,F264735,42,103,3,1,145,0.5,484.1281744,281.7281744,46273,0.351342593,0.722731481,74.5,15.3,40,0.389652778,83.5,19.8,,74.14865741,43.5,38.1641871,41.84061233,80.00479943,5.839120627,8.284441242,14.12356187,165.2554089,58.19288967,3.521390921,15.3,17.65339326,29.17318722,50.13187588,1.192597862,16.19162363,27.82405845,
1862,46272,0,CIAT 17462,Canavalia,brasiliensis,Canavalia brasiliensis,Fabaceas,Fabales,Trepadoras,F264735,42,103,3,2,146,0.5001,484.225,299.925,46273,0.351539352,0.722858796,74,15.6,40,0.389895833,86,19.4,0,73.64846065,46,37.66399034,44.34061233,82.00460268,5.875582493,8.602078792,14.47766129,169.3522695,61.93918117,3.65741666,15.6,17.65469353,29.89862416,48.27093869,0.73332942,16.59425369,26.79120611,
1863,46272,0, CIAT 17009,Canavalia,brasiliensis,Canavalia brasiliensis,Fabaceas,Fabales,Trepadoras,F264736,42,103,3,1,147,0.5003,474.4909972,274.6909972,46273,0.351597222,0.723148148,75.5,15.1,40.5,0.390138889,84,18.6,,75.14840278,43.5,39.16393247,41.84061233,81.0045448,5.913753803,7.782353894,13.6961077,170.7188235,57.89171951,3.391056611,15.1,16.90782626,28.86484207,49.86005307,2.452505776,16.02048674,27.67319208,
1864,46272,0, CIAT 17009,Canavalia,brasiliensis,Canavalia brasiliensis,Fabaceas,Fabales,Trepadoras,F264736,42,103,3,2,148,0.5001,474.3013146,261.7013146,46273,0.351712963,0.7234375,72.5,15.6,40,0.390474537,83,18.3,,72.14828704,43,36.16381673,41.34061233,77.50442906,5.64155541,7.565332057,13.20688747,163.407578,55.17617315,3.376598186,15.6,17.04017129,27.84493119,50.46549914,-26.18961546,15.45441855,28.00922513,
1865,46272,0,CIAT 17462,Canavalia,brasiliensis,Canavalia brasiliensis,Fabaceas,Fabales,Trepadoras,F264737,42,103,3,1,149,0.5,476.5343862,275.3343862,46273,0.351898148,0.72369213,80.5,15.3,40,0.390694444,88,19.6,0,80.14810185,48,44.16363155,46.34061233,90.50424388,6.757035627,9.082760017,15.83979564,189.9217485,57.77849284,3.042226248,15.3,17.5017159,33.23956487,57.52930413,1.010420284,18.44853358,31.92975911,
1866,46272,0,CIAT 17462,Canavalia,brasiliensis,Canavalia brasiliensis,Fabaceas,Fabales,Trepadoras,F264737,42,103,3,2,150,0.5,476.5343862,276.5343862,46273,0.352002315,0.723981481,74,16.4,40,0.3909375,79,20.2,,73.64799769,39,37.66352738,37.34061233,75.00413971,6.17681849,7.542803691,13.71962218,157.395021,58.03031098,3.686921646,16.4,18.29181994,28.79041382,49.61271677,0.847970297,15.97917778,27.53591616,
1867,46272,0,Sample 8,Cynodon ,nlemfuensis ,Cynodon nlemfuensis ,Poaceae,Poales,grasses,F250008,42,103,3,1,151,0.5002,468.8421411,202.7421411,46273,0.352326389,0.724293981,64,16.3,40.5,0.391226852,85,17.7,,63.64767361,44.5,27.66320331,42.84061233,70.50381564,4.509102139,7.582788383,12.09189052,150.3785805,43.24315656,2.875619415,16.3,17.15068952,25.79096344,59.64172252,0.476639616,14.31443092,33.10218786,
1868,46272,0,Sample 8,Cynodon ,nlemfuensis ,Cynodon nlemfuensis ,Poaceae,Poales,grasses,F250008,42,103,3,2,152,0.5002,468.8421411,184.7421411,46273,0.352430556,0.724722222,66.5,16.2,40.5,0.391516204,81,15.5,,66.14756944,40.5,30.16309914,38.84061233,69.00371147,4.886422061,6.020294912,10.90671697,147.1789872,39.40391123,2.677278325,16.2,15.805986,23.2630901,59.03751525,0.536728737,12.91141748,32.76684237,
1869,46272,0,0,0,0,0,0,0,0,0,42,103,3,1,153,0,0,0,0,0,0,0,0,0,0,0,0,,0,0,,,,,,,,,,,,,,,,,
1870,46272,0,0,0,0,0,0,0,0,0,42,103,3,2,154,0,0,0,0,0,0,0,0,0,0,0,0,,0,0,,,,,,,,,,,,,,,,,
1871,46272,0,BLANK 24 H,0,0,BLANK 24 H,0,0,0,BLANK 24 H,42,103,3,1,153,0,0,0,46273,0.352465278,0.724872685,40.5,0,39.5,0.391944444,41.5,0,,40.14753472,2,,,,,,,,,,,,,,,,,
1872,46272,0,BLANK 24 H,0,0,BLANK 24 H,0,0,0,BLANK 24 H,42,103,3,2,154,0,0,0,46273,0.352650463,0.725011574,40.5,0,39.5,0.392488426,41,0,,40.14734954,1.5,,,,,,,,,,,,,,,,,
