32_no,32_date_1,32_date_2,32_requisitioner,32_gene_bank_id,32_genus,32_species,32_tax_name,32_family,32_order,32_functional_group,32_ciat_id,32_set_ciat,32_batch,32_run,32_replication,32_syrange_no,32_bag_weight_g,32_digested_weight_g,32_remarks_1,32_undigested_dm_g,32_digested_feed_mg,32_percentage_truly_digestibility,32_ndf_incubated_mg,32_ndf_digestibility_mg,32_percentage_ndf_digestibility_in_24h,32_remarks_2
No,Date,Date,Requisitioner,Gene Bank ID,Genus,Species,Tax Name,Family,Order,Functional Group,CIAT ID,Set CIAT,Batch,Run,Replication,Syrange No,"Bag weight, g","Digested weight, g",Remarks,"Undigested DM, g","Digested feed, mg","% DMD, Truly digestibility","NDF incubated, mg","NDF digestibility, mg",% NDF digestibility in 24 h,Remarks
1,45630,46176,,BLANK 24 H,,,BLANK 24 H,,,,BLANK 24 H,38,89,1,1,1,,,Se corrio el tiempo de llenado debido al taponamiento del dispensador,,,,,,,
2,45630,46176,,BLANK 24 H,,,BLANK 24 H,,,,BLANK 24 H,38,89,1,2,2,,,,,,,,,,
3,45630,46176,,CIAT36090,Cenchrus,ciliaris,Cenchrus ciliaris,Poaceae,Poales,Grasses,F260108,38,89,1,1,3,0.5548,0.7879,,0.2331,198.75,46.02292463,268.4163675,35.3163675,13.15730774,
4,45630,46176,,CIAT36090,Cenchrus,ciliaris,Cenchrus ciliaris,Poaceae,Poales,Grasses,F260108,38,89,1,2,4,0.562,0.7782,,0.2162,215.82274,49.95633795,268.523734,52.32373405,19.48570179,
5,45630,46176,,CIAT795,Rhynchosia,reticulata,Rhynchosia reticulata,Fabaceae,Fabales,Climber,F260429,38,89,1,1,5,0.5405,0.8903,,0.3498,124.0250339,26.17528097,292.520849,-57.27915101,-19.58122001,
6,45630,46176,,CIAT795,Rhynchosia,reticulata,Rhynchosia reticulata,Fabaceae,Fabales,Climber,F260429,38,89,1,2,6,0.5567,0.8968,,0.3401,134.1040182,28.27981481,292.7548189,-47.34518112,-16.1722978,
7,45630,46176,,CIAT966,Teramnus,labialis,Teramnus labialis,Fabaceae,Fabales,Climber,F260432,38,89,1,1,7,0.5671,0.8267,,0.2596,205.3340595,44.16412506,248.4229204,-11.1770796,-4.499214317,
8,45630,46176,,CIAT966,Teramnus,labialis,Teramnus labialis,Fabaceae,Fabales,Climber,F260432,38,89,1,2,8,0.5552,0.7688,,0.2136,250.962558,54.0212623,248.2244203,34.62442026,13.9488372,
9,45630,46176,,CIAT4042,Centrosema,grazielae,Centrosema grazielae,Fabaceae,Fabales,Climber,F260433,38,89,1,1,9,0.5577,0.8202,,0.2625,215.4661359,45.07979116,291.8915885,29.39158847,10.06935096,
10,45630,46176,,CIAT4042,Centrosema,grazielae,Centrosema grazielae,Fabaceae,Fabales,Climber,F260433,38,89,1,2,10,0.5382,0.8053,,0.2671,210.5795282,44.08385031,291.7165585,24.61655854,8.438519452,
11,45630,46176,,CIAT5098,Centrosema,schottii,Centrosema schottii,Fabaceae,Fabales,Climber,F260436,38,89,1,1,11,0.5496,0.7907,,0.2411,230.4282904,48.86839137,250.0361658,8.936165817,3.573949308,
12,45630,46176,,CIAT5098,Centrosema,schottii,Centrosema schottii,Fabaceae,Fabales,Climber,F260436,38,89,1,2,12,0.5545,0.8114,,0.2569,214.6282904,45.517585,250.0361658,-6.863834183,-2.745136553,
13,45630,46176,,CIAT5166,Centrosema,schottii,Centrosema schottii,Fabaceae,Fabales,Climber,F260438,38,89,1,1,13,0.5743,0.8216,,0.2473,225.6877218,47.71534469,261.927437,14.62743703,5.584537917,
14,45630,46176,,CIAT5166,Centrosema,schottii,Centrosema schottii,Fabaceae,Fabales,Climber,F260438,38,89,1,2,14,0.537,0.7836,,0.2466,226.3877218,47.86334007,261.927437,15.32743703,5.851787506,
15,45630,46176,,CIAT5236,Centrosema,arenarium,Centrosema arenarium,Fabaceae,Fabales,Climber,F260441,38,89,1,1,15,0.5451,0.8114,,0.2663,208.0805009,43.86362857,285.9022617,19.60226169,6.856280734,
16,45630,46176,,CIAT5236,Centrosema,arenarium,Centrosema arenarium,Fabaceae,Fabales,Climber,F260441,38,89,1,2,16,0.5745,0.8602,,0.2857,188.4909004,39.75000369,285.7879922,0.087992198,0.030789327,
17,45630,46176,,CIAT5325,Centrosema,virginianum,Centrosema virginianum,Fabaceae,Fabales,Climber,F260442,38,89,1,1,17,0.5607,0.8081,,0.2474,222.3827898,47.33736413,278.7783255,31.37832546,11.25565462,
18,45630,46176,,CIAT5325,Centrosema,virginianum,Centrosema virginianum,Fabaceae,Fabales,Climber,F260442,38,89,1,2,18,0.552,0.8,,0.248,221.8767464,47.22020149,278.8340811,30.83408113,11.05821821,
19,45630,46176,,CIAT5383,Periandra,coccinea,Periandra coccinea,Fabaceae,Fabales,Climber,F260443,38,89,1,1,19,0.5602,0.8144,,0.2542,225.3916833,46.99657879,284.3743756,30.17437562,10.61079275,
20,45630,46176,,CIAT5383,Periandra,coccinea,Periandra coccinea,Fabaceae,Fabales,Climber,F260443,38,89,1,2,20,0.5622,0.8199,,0.2577,221.7958417,46.25605113,284.3175462,26.61754621,9.361907685,
21,45630,46176,,CIAT5484,Centrosema,vexillatum,Centrosema vexillatum,Fabaceae,Fabales,Climber,F260444,38,89,1,1,21,0.536,0.8464,,0.3104,167.762773,35.08486701,286.4855336,-23.91446635,-8.347530169,
22,45630,46176,,CIAT5484,Centrosema,vexillatum,Centrosema vexillatum,Fabaceae,Fabales,Climber,F260444,38,89,1,2,22,0.5488,0.8789,,0.3301,148.062773,30.96493106,286.4855336,-43.61446635,-15.22396813,
23,45630,46176,,CIAT5850,Centrosema,brachypodum,Centrosema brachypodum,Fabaceae,Fabales,Climber,F260447,38,89,1,1,23,0.5657,0.8283,,0.2626,214.1034565,44.91334257,289.5316188,26.9316188,9.301788492,
24,45630,46176,,CIAT5850,Centrosema,brachypodum,Centrosema brachypodum,Fabaceae,Fabales,Climber,F260447,38,89,1,2,24,0.555,0.8677,,0.3127,164.1941378,34.42989226,289.6474314,-23.05256855,-7.958837556,
25,45630,46176,,CIAT7146,Rhynchosia,reticulata,Rhynchosia reticulata,Fabaceae,Fabales,Climber,F260450,38,89,1,1,25,0.5568,0.9561,,0.3993,73.70577327,15.58242572,312.6995857,-86.6004143,-27.69444485,
26,45630,46176,,CIAT7146,Rhynchosia,reticulata,Rhynchosia reticulata,Fabaceae,Fabales,Climber,F260450,38,89,1,2,26,0.5555,0.932,,0.3765,96.31675997,20.37084303,312.5746308,-63.92536918,-20.451234,
27,45630,46176,,CIAT8384,Canavalia,dictyota,Canavalia dictyota,Fabaceae,Fabales,Climber,F260454,38,89,1,1,27,0.543,0.7791,,0.2361,227.350981,49.05610093,242.9968644,6.896864419,2.838252434,
28,45630,46176,,CIAT8384,Canavalia,dictyota,Canavalia dictyota,Fabaceae,Fabales,Climber,F260454,38,89,1,2,28,0.5438,0.7912,,0.2474,216.2362132,46.63919837,243.0939855,-4.306014532,-1.771337338,
29,45630,46176,,CIAT8808,Galactia,jussiaeana,Galactia jussiaeana,Fabaceae,Fabales,Climber,F260456,38,89,1,1,29,0.5584,0.9228,,0.3644,100.9069083,21.68609717,290.9360546,-73.46394543,-25.2508908,
30,45630,46176,,CIAT8808,Galactia,jussiaeana,Galactia jussiaeana,Fabaceae,Fabales,Climber,F260456,38,89,1,2,30,0.5242,0.9146,,0.3904,75.37221519,16.18220511,291.2269906,-99.17300937,-34.05350897,
31,45630,46176,,CIAT15234,Centrosema,platycarpum,Centrosema platycarpum,Fabaceae,Fabales,Climber,F260464,38,89,1,1,31,0.5642,0.8385,Se observa liquido por arriba del embolo en la primera agitacion y en el clip la solucion roja 8h,0.2743,199.6090686,42.11969802,268.7854443,-5.514555718,-2.051657125,
32,45630,46176,,CIAT15234,Centrosema,platycarpum,Centrosema platycarpum,Fabaceae,Fabales,Climber,F260464,38,89,1,2,32,0.5467,0.8597,,0.313,160.6250072,33.91396248,268.6243341,-44.37566587,-16.51960014,
33,45630,46176,,CIAT15444,Centrosema,tetragonolobum,Centrosema tetragonolobum,Fabaceae,Fabales,Climber,F260468,38,89,1,1,33,0.5507,0.8452,,0.2945,177.0721422,37.54932202,263.074204,-31.42579598,-11.94560147,
34,45630,46176,,CIAT15444,Centrosema,tetragonolobum,Centrosema tetragonolobum,Fabaceae,Fabales,Climber,F260468,38,89,1,2,34,0.5691,0.8514,,0.2823,189.1778655,40.1244426,263.0216102,-19.27838978,-7.329583971,
35,45630,46176,,CIAT19445,Galactia,dubia,Galactia dubia,Fabaceae,Fabales,Climber,F260482,38,89,1,1,35,0.5507,0.8026,,0.2519,215.6503186,46.12344597,302.6384006,50.73840057,16.76535445,
36,45630,46176,,CIAT19445,Galactia,dubia,Galactia dubia,Fabaceae,Fabales,Climber,F260482,38,89,1,2,36,0.5588,0.8329,,0.2741,193.4503186,41.37529393,302.6384006,28.53840057,9.42986763,
37,45630,46176,,CIAT20820,Canavalia,gladiata,Canavalia gladiata,Fabaceae,Fabales,Climber,F260484,38,89,1,1,37,0.5557,0.7756,,0.2199,241.34212,52.32438876,260.4681802,40.56818022,15.57510026,
38,45630,46176,,CIAT20820,Canavalia,gladiata,Canavalia gladiata,Fabaceae,Fabales,Climber,F260484,38,89,1,2,38,0.5297,0.7263,,0.1966,264.8265431,57.39300156,260.5723258,63.97232583,24.5506984,
39,45630,46176,,CIAT21829,Rhynchosia,minima,Rhynchosia minima,Fabaceae,Fabales,Climber,F260489,38,89,1,1,39,0.5517,0.8731,,0.3214,143.3088277,30.83841304,297.6151005,-23.78489948,-7.991832216,
40,45630,46176,,CIAT21829,Rhynchosia,minima,Rhynchosia minima,Fabaceae,Fabales,Climber,F260489,38,89,1,2,40,0.5459,0.8784,,0.3325,132.487653,28.49272495,297.7936696,-34.70633042,-11.65448899,
41,45630,46176,,CIAT22188,Rhynchosia,minima,Rhynchosia minima,Fabaceae,Fabales,Climber,F260492,38,89,1,1,41,0.5525,0.8998,,0.3473,119.8433415,25.65451134,278.1796318,-69.1203682,-24.84738647,
42,45630,46176,,CIAT22188,Rhynchosia,minima,Rhynchosia minima,Fabaceae,Fabales,Climber,F260492,38,89,1,2,42,0.5545,0.892,,0.3375,129.4566708,27.72348676,278.0684711,-59.43152889,-21.37298366,
43,45630,46176,,CIAT25156,Centrosema,platycarpum,Centrosema platycarpum,Fabaceae,Fabales,Climber,F260500,38,89,1,1,43,0.5318,0.868,,0.3362,134.8307911,28.62462362,275.4264919,-60.77350815,-22.06523699,
44,45630,46176,,CIAT25156,Centrosema,platycarpum,Centrosema platycarpum,Fabaceae,Fabales,Climber,F260500,38,89,1,2,44,0.5404,0.8594,,0.319,152.3134095,32.31679949,275.5917477,-43.40825225,-15.750926,
45,45630,46176,,IAG 2026 S1,Green,Meal,Green Meal,Green Meal,Green Meal,Green Meal,F263177,38,89,1,1,45,0.5749,0.7797,,0.2048,260.52196,55.98746296,#DIV/0!,#DIV/0!,#DIV/0!,
46,45630,46176,,IAG 2026 S1,Green,Meal,Green Meal,Green Meal,Green Meal,Green Meal,F263177,38,89,1,2,46,0.5419,0.7458,,0.2039,261.60794,56.19838407,#DIV/0!,#DIV/0!,#DIV/0!,
47,45630,46176,,IAG 2026 S2,Compound,feed,Compound feed,Compound feed,Compound feed,Compound feed,F263178,38,89,1,1,47,0.5335,0.6161,,0.0826,375.09152,81.95291012,#DIV/0!,#DIV/0!,#DIV/0!,
48,45630,46176,,IAG 2026 S2,Compound,feed,Compound feed,Compound feed,Compound feed,Compound feed,F263178,38,89,1,2,48,0.5615,0.6359,,0.0744,383.56608,83.75425534,#DIV/0!,#DIV/0!,#DIV/0!,
49,45630,46176,,CIAT918,Rhynchosia,schomburgkii,Rhynchosia schomburgkii,Fabaceae,Fabales,Herbaceous_climber,F263139,38,89,1,1,49,0.5602,0.9505,,0.3903,68.2664867,14.88693323,306.0309312,-84.26906884,-27.53612797,
50,45630,46176,,CIAT918,Rhynchosia,schomburgkii,Rhynchosia schomburgkii,Fabaceae,Fabales,Herbaceous_climber,F263139,38,89,1,2,50,0.5518,0.929,,0.3772,81.27486503,17.72722372,305.9697861,-71.23021388,-23.28014631,
51,45630,46176,,CIAT8215,Rhynchosia,schomburgkii,Rhynchosia schomburgkii,Fabaceae,Fabales,Herbaceous_climber,F263140,38,89,1,1,51,0.5453,0.9575,,0.4122,49.42313556,10.70638184,323.8048603,-88.39513973,-27.29889219,
52,45630,46176,,CIAT8215,Rhynchosia,schomburgkii,Rhynchosia schomburgkii,Fabaceae,Fabales,Herbaceous_climber,F263140,38,89,1,2,52,0.551,0.9501,,0.3991,62.89228641,13.61327629,324.0638006,-75.03619941,-23.15476128,
53,45630,46176,,CIAT15008,Centrosema,triquetrum,Centrosema triquetrum,Fabaceae,Fabales,Herbaceous_climber,F263141,38,89,1,1,53,0.5609,0.8585,,0.2976,172.2817037,36.66490998,287.4375538,-10.16244619,-3.535531823,
54,45630,46176,,CIAT15008,Centrosema,triquetrum,Centrosema triquetrum,Fabaceae,Fabales,Herbaceous_climber,F263141,38,89,1,2,54,0.5667,0.844,se observa solucion roja en el clip 8h ,0.2773,192.4878024,40.9733504,287.3801123,10.08011226,3.507588669,
55,45635,46176,,CIAT17334,Dunbaria,nivea,Dunbaria nivea,Fabaceae,Fabales,Herbaceous_climber,F263142,38,89,1,1,55,0.603,0.9204,,0.3174,156.55,33.03091043,328.3972039,10.99720391,3.348750773,
56,45635,46176,,CIAT17334,Dunbaria,nivea,Dunbaria nivea,Fabaceae,Fabales,Herbaceous_climber,F263142,38,89,1,2,56,0.5561,0.8746,,0.3185,155.63958,32.82568817,328.5285628,10.02856279,3.052569525,
57,45635,46176,,CIAT17892,Dioclea,valliana,Dioclea valliana,Fabaceae,Fabales,Herbaceous_climber,F263143,38,89,1,1,57,0.5714,0.9061,se observa solucion roja en el clip 8h ,0.3347,124.9402843,27.18218758,314.7937585,-19.90624145,-6.323581999,
58,45635,46176,,CIAT17892,Dioclea,valliana,Dioclea valliana,Fabaceae,Fabales,Herbaceous_climber,F263143,38,89,1,2,58,0.5713,0.8825,,0.3112,148.4402843,32.29488131,314.7937585,3.59375855,1.14162319,
59,45635,46176,,CIAT17916,Clitoria,falcata,Clitoria falcata,Fabaceae,Fabales,Herbaceous_climber,F263144,38,89,1,1,59,0.5727,0.8991,,0.3264,147.2156842,31.0833634,349.4728285,23.07282851,6.602180951,
60,45635,46176,,CIAT17916,Clitoria,falcata,Clitoria falcata,Fabaceae,Fabales,Herbaceous_climber,F263144,38,89,1,2,60,0.5643,0.8572,,0.2929,180.4316852,38.11950285,349.2632706,56.36327055,16.13776062,
61,45635,46176,,CIAT17969,Canavalia,grandiflora,Canavalia grandiflora,Fabaceae,Fabales,Herbaceous_climber,F263145,38,89,1,1,61,0.6031,0.8164,,0.2133,243.82411,53.33871145,249.5193792,36.21937916,14.51565777,
62,45635,46176,,CIAT17969,Canavalia,grandiflora,Canavalia grandiflora,Fabaceae,Fabales,Herbaceous_climber,F263145,38,89,1,2,62,0.5766,0.8045,,0.2279,229.22411,50.14483047,249.5193792,21.61937916,8.664408845,
63,45635,46176,,CIAT18497,Dioclea,valliana,Dioclea valliana,Fabaceae,Fabales,Herbaceous_climber,F263146,38,89,1,1,63,0.5891,0.9584,,0.3693,90.4,19.66499891,335.8185884,-33.48141157,-9.97008883,
64,45635,46176,,CIAT18497,Dioclea,valliana,Dioclea valliana,Fabaceae,Fabales,Herbaceous_climber,F263146,38,89,1,2,64,0.576,0.9395,,0.3635,96.01619352,20.895062,335.6843147,-27.8156853,-8.28626304,
65,45635,46176,,CIAT18521,Rhynchosia,phaseoloides,Rhynchosia phaseoloides,Fabaceae,Fabales,Herbaceous_climber,F263147,38,89,1,1,65,0.5721,0.8807,,0.3086,153.1690462,33.17005491,332.4458758,23.84587578,7.172859559,
66,45635,46176,,CIAT18521,Rhynchosia,phaseoloides,Rhynchosia phaseoloides,Fabaceae,Fabales,Herbaceous_climber,F263147,38,89,1,2,66,0.5624,0.8834,,0.321,140.6767846,30.47083789,332.379453,11.37945303,3.423633117,
67,45635,46176,,CIAT18631,Dioclea,crenata,Dioclea crenata,Fabaceae,Fabales,Herbaceous_climber,F263148,38,89,1,1,67,0.6076,0.9422,,0.3346,124.4020673,27.10272484,298.6994036,-35.90059642,-12.01897158,
68,45635,46176,,CIAT18631,Dioclea,crenata,Dioclea crenata,Fabaceae,Fabales,Herbaceous_climber,F263148,38,89,1,2,68,0.5802,0.9199,,0.3397,119.4856681,26.02121025,298.8188833,-40.88111666,-13.68090135,
69,45635,46176,,IAG 2026 S1,Green,Meal,Green Meal,Green Meal,Green Meal,Green Meal,F263177,38,89,1,1,69,0.569,0.7631,,0.1941,271.40794,58.30361132,#DIV/0!,#DIV/0!,#DIV/0!,
70,45635,46176,,IAG 2026 S1,Green,Meal,Green Meal,Green Meal,Green Meal,Green Meal,F263177,38,89,1,2,70,0.5511,0.7607,,0.2096,255.81495,54.96491894,#DIV/0!,#DIV/0!,#DIV/0!,
71,45635,46176,,IAG 2026 S2,Compound,feed,Compound feed,Compound feed,Compound feed,Compound feed,F263178,38,89,1,1,71,0.5781,0.6867,,0.1086,349.4576,76.29119133,#DIV/0!,#DIV/0!,#DIV/0!,
72,45635,46176,,IAG 2026 S2,Compound,feed,Compound feed,Compound feed,Compound feed,Compound feed,F263178,38,89,1,2,72,0.579,0.668,,0.089,368.96608,80.5662463,#DIV/0!,#DIV/0!,#DIV/0!,
73,45635,46176,,CIAT22303,Macrotyloma,axillare,Macrotyloma axillare,Fabaceae,Fabales,Herbaceous_climber,F263149,38,89,1,1,73,0.5873,0.7919,Embolo duro 0h,0.2046,238.7414778,53.85047187,238.9080505,34.30805051,14.36035765,
74,45635,46176,,CIAT22303,Macrotyloma,axillare,Macrotyloma axillare,Fabaceae,Fabales,Herbaceous_climber,F263149,38,89,1,2,74,0.5762,0.7594,Embolo duro 0h,0.1832,260.5847306,58.71872388,239.1469108,55.94691079,23.39436901,
75,45635,46176,,CIAT18633,Dioclea,crenata,Dioclea crenata,Fabaceae,Fabales,Herbaceous_climber,F263150,38,89,1,1,75,0.6102,0.9187,se observa solucion roja en el clip 8h ,0.3085,151.9249971,32.99668742,283.2289424,-25.2710576,-8.922484188,
76,45635,46176,,CIAT18633,Dioclea,crenata,Dioclea crenata,Fabaceae,Fabales,Herbaceous_climber,F263150,38,89,1,2,76,0.5762,0.8637,,0.2875,173.2932634,37.60759481,283.4554802,-4.044519756,-1.426862431,
77,45635,,,BLANK 8 H,BLANK,8,BLANK 8 H,,,,BLANK 8 H,38,89,1,1,77,,,,,,,,,#DIV/0!,
78,45635,,,BLANK 8 H,BLANK,8,BLANK 8 H,,,,BLANK 8 H,38,89,1,2,78,,,,,,,,,#DIV/0!,
79,45635,46176,,CIAT21134,Cajanus,goensis,Cajanus goensis,Fabaceae,Fabales,Herbaceous_climber,F263151,38,89,1,1,79,0.5739,0.8895,,0.3156,144.7509969,31.44361539,339.8607058,24.26070578,7.138426233,
80,45635,46176,,CIAT21134,Cajanus,goensis,Cajanus goensis,Fabaceae,Fabales,Herbaceous_climber,F263151,38,89,1,2,80,0.5827,0.927,,0.3443,115.8670037,25.17933767,339.7248702,-4.575129837,-1.346716193,
81,45635,46176,,CIAT21433,Calopogonium,galactioides,Calopogonium galactioides,Fabaceae,Fabales,Herbaceous_climber,F263152,38,89,1,1,81,0.5469,0.773,,0.2261,234.6832229,50.9313732,259.5561946,33.4561946,12.88976927,
82,45635,46176,,CIAT21433,Calopogonium,galactioides,Calopogonium galactioides,Fabaceae,Fabales,Herbaceous_climber,F263152,38,89,1,2,82,0.579,0.7966,,0.2176,242.9991305,52.75718394,259.4524966,41.85249656,16.13108261,
83,45635,46176,,CIAT21475,Rhynchosia,phaseoloides,Rhynchosia phaseoloides,Fabaceae,Fabales,Herbaceous_climber,F263153,38,89,1,1,83,0.5765,0.8986,,0.3221,139.5,30.22097054,307.7581049,-14.34189509,-4.660119379,
84,45635,46176,,CIAT21475,Rhynchosia,phaseoloides,Rhynchosia phaseoloides,Fabaceae,Fabales,Herbaceous_climber,F263153,38,89,1,2,84,0.5696,0.8768,,0.3072,154.6768493,33.48876427,307.9426859,0.742685944,0.241176679,
85,45635,46176,,CIAT21951,Pueraria,montana,Pueraria montana,Fabaceae,Fabales,Herbaceous_climber,F263154,38,89,1,1,85,0.5723,0.8377,,0.2654,207.0998322,43.83066789,302.3263578,36.92635777,12.21407159,
86,45635,46176,,CIAT21951,Pueraria,montana,Pueraria montana,Fabaceae,Fabales,Herbaceous_climber,F263154,38,89,1,2,86,0.5827,0.8587,,0.276,196.2166156,41.55224723,302.1451432,26.14514317,8.653173405,
87,45635,46176,,CIAT25213,Centrosema,brachypodum,Centrosema brachypodum,Fabaceae,Fabales,Herbaceous_climber,F263155,38,89,1,1,87,0.5545,0.832,,0.2775,193.8002036,41.12033098,291.8869705,14.38697054,4.92895264,
88,45635,46176,,CIAT25213,Centrosema,brachypodum,Centrosema brachypodum,Fabaceae,Fabales,Herbaceous_climber,F263155,38,89,1,2,88,0.5918,0.8635,,0.2717,199.6002036,42.35096911,291.8869705,20.18697054,6.91602318,
89,45635,46176,,CIAT32229,Calopogonium,galactioides,Calopogonium galactioides,Fabaceae,Fabales,Herbaceous_climber,F263156,38,89,1,1,89,0.5873,0.7915,,0.2042,256.8769386,55.71238054,275.2799077,71.07990769,25.8209574,
90,45635,46176,,CIAT32229,Calopogonium,galactioides,Calopogonium galactioides,Fabaceae,Fabales,Herbaceous_climber,F263156,38,89,1,2,90,0.5579,0.8111,,0.2532,208.0613325,45.10703973,275.3899976,22.18999764,8.057662888,
91,45635,46176,,CIAT8206,Desmanthus,leptophyllus,Desmanthus leptophyllus,Fabaceae,Fabales,Shurb_tree,F263157,38,89,1,1,91,0.5624,0.8982,,0.3358,124.0884682,26.9822961,284.1770869,-51.62291306,-18.16575489,
92,45635,46176,,CIAT8206,Desmanthus,leptophyllus,Desmanthus leptophyllus,Fabaceae,Fabales,Shurb_tree,F263157,38,89,1,2,92,0.5893,0.8909,,0.3016,158.1965824,34.40577605,284.1203083,-17.4796917,-6.152214816,
93,45635,46176,,CIAT8886,Zornia,myriadena,Zornia myriadena,Fabaceae,Fabales,Herbaceous,F263158,38,89,1,1,93,0.5594,0.8198,,0.2604,198.5959833,43.26747739,260.2104966,-0.189503354,-0.072826945,
94,45635,46176,,CIAT8886,Zornia,myriadena,Zornia myriadena,Fabaceae,Fabales,Herbaceous,F263158,38,89,1,2,94,0.558,0.8335,,0.2755,183.3125683,39.95369372,260.1065164,-15.39348357,-5.918146067,
95,45635,46176,,CIAT13701,Pseudarthria,viscida,Pseudarthria viscida,Fabaceae,Fabales,Herbaceous,F263159,38,89,1,1,95,0.5827,0.8732,,0.2905,172.1311303,37.20699257,286.990361,-3.509639008,-1.222911806,
96,45635,46176,,CIAT13701,Pseudarthria,viscida,Pseudarthria viscida,Fabaceae,Fabales,Herbaceous,F263159,38,89,1,2,96,0.5564,0.829,,0.2726,190.0311303,41.07616584,286.990361,14.39036099,5.014231469,
97,45635,46176,,CIAT18859,Pseudarthria,hookeri,Pseudarthria hookeri,Fabaceae,Fabales,Herbaceous,F263160,38,89,1,1,97,0.5727,0.8691,,0.2964,167.2261035,36.06917346,289.4449361,-6.955063871,-2.402897063,
98,45635,46176,,CIAT18859,Pseudarthria,hookeri,Pseudarthria hookeri,Fabaceae,Fabales,Herbaceous,F263160,38,89,1,2,98,0.5679,0.882,se observa solucion roja en el clip 8h ,0.3141,149.3408013,32.22435333,289.3292507,-24.7707493,-8.561439687,
99,45635,46176,,CIAT19661,Pseudarthria,hookeri,Pseudarthria hookeri,Fabaceae,Fabales,Herbaceous,F263161,38,89,1,1,99,0.5508,0.9052,,0.3544,118.3667906,25.03703579,332.1327157,-22.2672843,-6.704333312,
100,45635,46176,,CIAT19661,Pseudarthria,hookeri,Pseudarthria hookeri,Fabaceae,Fabales,Herbaceous,F263161,38,89,1,2,100,0.5648,0.8964,,0.3316,141.3558217,29.88774325,332.2655157,0.665515668,0.20029634,
101,45635,46176,,CIAT20129,Desmanthus,leptophyllus,Desmanthus leptophyllus,Fabaceae,Fabales,Herbaceous,F263162,38,89,1,1,101,0.5769,0.8853,,0.3084,150.8064618,32.84066632,298.2198796,-10.18012041,-3.413629039,
102,45635,46176,,CIAT20129,Desmanthus,leptophyllus,Desmanthus leptophyllus,Fabaceae,Fabales,Herbaceous,F263162,38,89,1,2,102,0.5542,0.8733,,0.3191,140.0146756,30.4966674,298.1602714,-20.93972862,-7.022977449,
103,45635,46176,,CIAT20386,Desmanthus,leptophyllus,Desmanthus leptophyllus,Fabaceae,Fabales,Herbaceous,F263163,38,89,1,1,103,0.572,0.973,,0.401,57.15603774,12.47523399,293.8318265,-107.1681735,-36.4726227,
104,45635,46176,,CIAT20386,Desmanthus,leptophyllus,Desmanthus leptophyllus,Fabaceae,Fabales,Herbaceous,F263163,38,89,1,2,104,0.5789,0.9106,,0.3317,126.3644615,27.58661108,293.7730954,-37.92690459,-12.91027163,
105,45635,46176,,CIAT21286,Pseudarthria,hookeri,Pseudarthria hookeri,Fabaceae,Fabales,Herbaceous,F263164,38,89,1,1,105,0.5672,0.8616,,0.2944,166.6553455,36.14649459,306.8703611,12.47036109,4.063722886,
106,45635,46176,,CIAT21286,Pseudarthria,hookeri,Pseudarthria hookeri,Fabaceae,Fabales,Herbaceous,F263164,38,89,1,2,106,0.5914,0.9217,,0.3303,130.8474829,28.37432442,306.9316861,-23.36831389,-7.613522797,
107,45635,46176,,CIAT22500,Desmanthus,fruticosus,Desmanthus fruticosus,Fabaceae,Fabales,Herbaceous,F263165,38,89,1,1,107,0.5929,0.9165,se observa solucion roja en el clip 8h muestra despues del clip 24h,0.3236,135.3458854,29.49059785,318.4220836,-5.177916424,-1.626117249,
108,45635,46176,,CIAT22500,Desmanthus,fruticosus,Desmanthus fruticosus,Fabaceae,Fabales,Herbaceous,F263165,38,89,1,2,108,0.5753,0.9231,,0.3478,111.4211979,24.2630781,318.6130986,-29.18690138,-9.160609373,
109,45637,46176,,CIAT22501,Desmanthus,covillei,Desmanthus covillei,Fabaceae,Fabales,Herbaceous,F263166,38,89,1,1,109,0.5776,0.8766,,0.299,158.6492934,34.66612878,321.457124,22.45712399,6.986040226,
110,45637,46176,,CIAT22501,Desmanthus,covillei,Desmanthus covillei,Fabaceae,Fabales,Herbaceous,F263166,38,89,1,2,110,0.5666,0.8895,se observa solucion roja en el clip 8h ,0.3229,134.7492934,29.44378924,321.457124,-1.44287601,-0.448854887,
111,45637,46176,,CIAT22571,Desmanthus,covillei,Desmanthus covillei,Fabaceae,Fabales,Herbaceous,F263167,38,89,1,1,111,0.5698,0.8907,,0.3209,140.1454565,30.39731864,291.9365739,-28.96342609,-9.921136533,
112,45637,46176,,CIAT22571,Desmanthus,covillei,Desmanthus covillei,Fabaceae,Fabales,Herbaceous,F263167,38,89,1,2,112,0.5865,0.8864,,0.2999,160.9612226,34.92618053,291.8199159,-8.080084058,-2.768859703,
113,45637,46176,,CIAT22572,Desmanthus,covillei,Desmanthus covillei,Fabaceae,Fabales,Herbaceous,F263168,38,89,1,1,113,0.5717,0.9717,Muestra en la manguera despues del clip 8h,0.4,58.00745851,12.6651777,313.4218318,-86.57816821,-27.62352824,
114,45637,46176,,CIAT22572,Desmanthus,covillei,Desmanthus covillei,Fabaceae,Fabales,Herbaceous,F263168,38,89,1,2,114,0.5742,0.9913,,0.4171,40.90745851,8.931614049,313.4218318,-103.6781682,-33.07943407,
115,45637,46176,,IAG 2026 S1,Green,Meal,Green Meal,Green Meal,Green Meal,Green Meal,F263177,38,89,1,1,115,0.5978,0.8079,,0.2101,254.94299,54.82138114,#DIV/0!,#DIV/0!,#DIV/0!,
116,45637,46176,,IAG 2026 S1,Green,Meal,Green Meal,Green Meal,Green Meal,Green Meal,F263177,38,89,1,2,116,0.5652,0.7769,,0.2117,253.34299,54.47732692,#DIV/0!,#DIV/0!,#DIV/0!,
117,45637,46176,,IAG 2026 S2,Compound,feed,Compound feed,Compound feed,Compound feed,Compound feed,F263178,38,89,1,1,117,0.5681,0.6629,,0.0948,363.16608,79.29977696,#DIV/0!,#DIV/0!,#DIV/0!,
118,45637,46176,,IAG 2026 S2,Compound,feed,Compound feed,Compound feed,Compound feed,Compound feed,F263178,38,89,1,2,118,0.5696,0.6586,,0.089,368.96608,80.5662463,#DIV/0!,#DIV/0!,#DIV/0!,
119,45637,46176,,CIAT22574,Desmanthus,fruticosus,Desmanthus fruticosus,Fabaceae,Fabales,Shurb_tree,F263169,38,89,1,1,119,0.5629,0.9052,,0.3423,118.3230402,25.68760784,327.0981408,-15.2018592,-4.647491779,
120,45637,46176,,CIAT22574,Desmanthus,fruticosus,Desmanthus fruticosus,Fabaceae,Fabales,Shurb_tree,F263169,38,89,1,2,120,0.5615,0.9271,Muestra en la manguera despues del clip 8h,0.3656,95.0230402,20.62924168,327.0981408,-38.5018592,-11.77073618,
121,45637,46176,,CIAT8529,Mimosa,albolanata,Mimosa albolanata,Fabaceae,Fabales,Shurb_tree,F263170,38,89,1,1,121,0.5758,0.9575,,0.3817,81.1680522,17.53589426,322.2190893,-59.48091066,-18.45977244,
122,45637,46176,,CIAT8529,Mimosa,albolanata,Mimosa albolanata,Fabaceae,Fabales,Shurb_tree,F263170,38,89,1,2,122,0.561,0.9548,,0.3938,69.0680522,14.92175834,322.2190893,-71.58091066,-22.21498137,
123,45637,46176,,CIAT33510,Phyllodium,pulchellum,Phyllodium pulchellum,Fabaceae,Fabales,Shurb_tree,F263171,38,89,1,1,123,0.5787,0.9579,Se observa liquido por arriba del embolo en la segunda agitacion,0.3792,87.88840549,18.81622504,270.5575376,-108.6424624,-40.15503075,
124,45637,46176,,CIAT33510,Phyllodium,pulchellum,Phyllodium pulchellum,Fabaceae,Fabales,Shurb_tree,F263171,38,89,1,2,124,0.5719,0.9189,,0.347,120.4619268,25.76935573,270.7738971,-76.22610293,-28.1512006,
125,45637,46176,,CIAT33499,Phyllodium,pulchellum,Phyllodium pulchellum,Fabaceae,Fabales,Shurb_tree,F263172,38,89,1,1,125,0.5664,0.934,se observa solucion roja en el clip 8h ,0.3676,98.55101188,21.14143472,321.6564906,-45.94350938,-14.28340814,
126,45637,46176,,CIAT33499,Phyllodium,pulchellum,Phyllodium pulchellum,Fabaceae,Fabales,Shurb_tree,F263172,38,89,1,2,126,0.5717,0.9055,se observa solucion roja en el clip 8h ,0.3338,131.8853265,28.32069619,321.3351555,-12.46484453,-3.879078999,
127,45637,46176,,CIAT23111,Phyllodium,elegans,Phyllodium elegans,Fabaceae,Fabales,Shurb_tree,F263173,38,89,1,1,127,0.5626,0.889,,0.3264,140.1996038,30.04709019,286.6230188,-39.77698116,-13.87780414,
128,45637,46176,,CIAT23111,Phyllodium,elegans,Phyllodium elegans,Fabaceae,Fabales,Shurb_tree,F263173,38,89,1,2,128,0.5827,0.9308,,0.3481,118.4996038,25.39642186,286.6230188,-61.47698116,-21.44872432,
129,45637,46176,,CIAT23110,Phyllodium,elegans,Phyllodium elegans,Fabaceae,Fabales,Shurb_tree,F263174,38,89,1,1,129,0.5911,0.9122,,0.3211,145.5016495,31.18326942,283.2786267,-37.82137331,-13.35129789,
130,45637,46176,,CIAT23110,Phyllodium,elegans,Phyllodium elegans,Fabaceae,Fabales,Shurb_tree,F263174,38,89,1,2,130,0.5817,0.9139,,0.3322,134.8681579,28.87547686,283.5618487,-48.63815133,-17.15257238,
131,45637,46176,,CIAT9360,Clitoria,falcata,Clitoria falcata,Fabaceae,Fabales,Herbaceous_climber,F263175,38,89,1,1,131,0.5798,0.9066,,0.3268,139.5334203,29.92138548,345.2595059,18.45950586,5.346559776,
132,45637,46176,,CIAT9360,Clitoria,falcata,Clitoria falcata,Fabaceae,Fabales,Herbaceous_climber,F263175,38,89,1,2,132,0.5898,0.8972,,0.3074,159.2132204,34.12102645,345.4666616,38.06666157,11.0189103,
133,45637,46176,,CIAT21292,Canavalia,Gladiata,Canavalia Gladiata,Fabaceae,Fabales,Herbaceous_climber,F263176,38,89,1,1,133,0.5633,0.6903,,0.127,334.6109923,72.4876569,224.7145629,97.71456288,43.48385865,
134,45637,46176,,CIAT21292,Canavalia,Gladiata,Canavalia Gladiata,Fabaceae,Fabales,Herbaceous_climber,F263176,38,89,1,2,134,0.5826,0.7399,Muestra en la manguera despues del clip 8h,0.1573,303.9421462,65.89643828,224.5350067,67.2350067,29.9441088,
135,45637,46176,,CIAT23035,Desmodium,laxiflorum,Desmodium laxiflorum,Fabaceae,Fabales,Herbaceous,F260521,38,89,1,1,135,0.5634,0.7967,,0.2333,227.6577931,49.38799094,233.9918998,0.69189981,0.295693915,
136,45637,46176,,CIAT23035,Desmodium,laxiflorum,Desmodium laxiflorum,Fabaceae,Fabales,Herbaceous,F260521,38,89,1,2,136,0.566,0.774,,0.208,253.2343677,54.90362069,234.132295,26.13229495,11.16133721,
137,45637,46176,,CIAT33726,Desmodium,sandwicense,Desmodium sandwicense,Fabaceae,Fabales,Herbaceous,F260526,38,89,1,1,137,0.5858,0.8622,,0.2764,191.0416451,40.8696245,283.8261216,7.426121645,2.61643347,
138,45637,46176,,CIAT33726,Desmodium,sandwicense,Desmodium sandwicense,Fabaceae,Fabales,Herbaceous,F260526,38,89,1,2,138,0.5786,0.8844,,0.3058,161.3615163,34.54084094,283.6560301,-22.14396992,-7.806627595,
139,45637,46176,,CIAT13930,Desmodium,glabrum,Desmodium glabrum,Fabaceae,Fabales,Shurb_Tree,F260532,38,89,1,1,139,0.5742,0.7051,,0.1309,329.6820987,71.57944254,162.9559464,32.05594644,19.67154138,
140,45637,46176,,CIAT13930,Desmodium,glabrum,Desmodium glabrum,Fabaceae,Fabales,Shurb_Tree,F260532,38,89,1,2,140,0.5814,0.7377,,0.1563,304.3741415,66.07146225,162.9885116,6.688511575,4.103670566,
141,45637,46176,,CIAT21082,Flemingia,stricta,Flemingia stricta,Fabaceae,Fabales,Shurb_Tree,F260533,38,89,1,1,141,0.5558,0.8583,,0.3025,170.1222528,35.99539628,306.7992136,4.299213589,1.401311802,
142,45637,46176,,CIAT21082,Flemingia,stricta,Flemingia stricta,Fabaceae,Fabales,Shurb_Tree,F260533,38,89,1,2,142,0.5821,0.8998,,0.3177,155.1112639,32.80616934,306.9219087,-10.77809126,-3.511672174,
143,45637,46176,,CIAT21091,Flemingia,stricta,Flemingia stricta,Fabaceae,Fabales,Shurb_Tree,F260535,38,89,1,1,143,0.579,0.9603,"Embolo duro 0h, se observa liquido por encima del embolo 8h",0.3813,79.41315868,17.23700684,326.4660664,-54.83393358,-16.79621229,
144,45637,46176,,CIAT21091,Flemingia,stricta,Flemingia stricta,Fabaceae,Fabales,Shurb_Tree,F260535,38,89,1,2,144,0.56,0.9112,,0.3512,109.6973703,23.80082364,326.5966006,-24.60339937,-7.533268662,
145,45637,46176,,CIAT21115,Flemingia,lineata,Flemingia lineata,Fabaceae,Fabales,Shurb_Tree,F260536,38,89,1,1,145,0.5611,0.8866,,0.3255,137.3585488,29.67613953,298.5542953,-26.94570472,-9.025395093,
146,45637,46176,,CIAT21115,Flemingia,lineata,Flemingia lineata,Fabaceae,Fabales,Shurb_Tree,F260536,38,89,1,2,146,0.5493,0.8677,,0.3184,144.4585488,31.21008549,298.5542953,-19.84570472,-6.647268196,
147,45637,46176,,CIAT8539,Canavalia,grandiflora,Canavalia grandiflora,Fabaceae,Fabales,Climber,F261034,38,89,1,1,147,0.578,0.8593,,0.2813,185.29798,39.71255512,237.3221409,-43.9778591,-18.53087071,
148,45637,46176,,CIAT8539,Canavalia,grandiflora,Canavalia grandiflora,Fabaceae,Fabales,Climber,F261034,38,89,1,2,148,0.5558,0.8195,,0.2637,202.991225,43.49583067,237.3695674,-26.33043261,-11.09258988,
149,45637,46176,,CIAT8589,Galactia,jussiaeana,Galactia jussiaeana,Fabaceae,Fabales,Climber,F261036,38,89,1,1,149,0.5845,0.9148,,0.3303,141.7429049,30.02754695,250.6759009,-79.6240991,-31.76376302,
150,45637,46176,,CIAT8589,Galactia,jussiaeana,Galactia jussiaeana,Fabaceae,Fabales,Climber,F261036,38,89,1,2,150,0.582,0.8728,,0.2908,181.3372569,38.40774144,250.726006,-40.07399399,-15.98318205,
151,45637,46176,,CIAT18701,Cajanus,cajan,Cajanus cajan,Fabaceas,Fabales,Arbustivas,F261087,38,89,1,1,151,0.5729,0.8971,Muestra en la manguera despues del clip 8h,0.3242,136.4602,29.62274579,282.5459337,-41.65406633,-14.74240517,
152,45637,46176,,CIAT18701,Cajanus,cajan,Cajanus cajan,Fabaceas,Fabales,Arbustivas,F261087,38,89,1,2,152,0.5629,0.8558,,0.2929,167.7602,36.41734189,282.5459337,-10.35406633,-3.664560376,
153,45637,46176,,Sample 8,Cynodon,nlemfuensis,Cynodon nlemfuensis ,Poaceae,Poales,Grasses,F250008,38,89,1,1,153,0.5734,0.8537,,0.2803,188.5421411,40.21441858,356.5544483,76.2544483,21.38648071,
154,"13/11/24, Wed",46176,,Sample 8,Cynodon,nlemfuensis,Cynodon nlemfuensis ,Poaceae,Poales,,F250008,38,89,1,2,154,0.5716,0.8227,,0.2511,217.835872,46.45323274,356.6257307,105.5257307,29.59004962,
155,"13/11/24, Wed",,,BLANK 24 H,BLANK,24,BLANK 24 H,,H,,BLANK 24 H,38,89,1,1,155,,,,,,,,,#DIV/0!,
156,"13/11/24, Wed",,,BLANK 24 H,BLANK,24,BLANK 24 H,,H,,BLANK 24 H,38,89,1,2,156,,,,,,,,,#DIV/0!,
157,"13/11/24, Wed",,,BLANK 24 H,BLANK,24,BLANK 24 H,,,,BLANK 24 H,38,90,2,1,1,,,,,,,,,#DIV/0!,
158,"13/11/24, Wed",,,BLANK 24 H,BLANK,24,BLANK 24 H,,,,BLANK 24 H,38,90,2,2,2,,,,,,,,,#DIV/0!,
159,"13/11/24, Wed",46183,,CIAT36090,Cenchrus,ciliaris,Cenchrus ciliaris,Poaceae,Poales,Grasses,F260108,38,90,2,1,3,0.5776,0.786,,0.2084,223.53637,51.75215275,268.4700508,60.07005077,22.37495415,
160,"13/11/24, Wed",46183,,CIAT36090,Cenchrus,ciliaris,Cenchrus ciliaris,Poaceae,Poales,Grasses,F260108,38,90,2,2,4,0.584,0.7769,,0.1929,238.95,55.3317124,268.4163675,75.5163675,28.13403974,
161,"13/11/24, Wed",46183,,CIAT795,Rhynchosia,reticulata,Rhynchosia reticulata,Fabaceae,Fabales,Climber,F260429,38,90,2,1,5,0.5939,0.9371,,0.3432,130.5302879,27.55371384,292.4623565,-50.73764348,-17.34843557,
162,"13/11/24, Wed",46183,,CIAT795,Rhynchosia,reticulata,Rhynchosia reticulata,Fabaceae,Fabales,Climber,F260429,38,90,2,2,6,0.5484,0.8766,,0.3282,145.5302879,30.7200725,292.4623565,-35.73764348,-12.21957038,
163,"13/11/24, Wed",46183,,CIAT966,Teramnus,labialis,Teramnus labialis,Fabaceae,Fabales,Climber,F260432,38,90,2,1,7,0.5921,0.8507,,0.2586,205.8696827,44.32359966,248.1747952,-10.42520477,-4.20075083,
164,"13/11/24, Wed",46183,,CIAT966,Teramnus,labialis,Teramnus labialis,Fabaceae,Fabales,Climber,F260432,38,90,2,2,8,0.5853,0.7927,,0.2074,257.0696827,55.34692409,248.1747952,40.77479523,16.4298696,
165,"13/11/24, Wed",46183,,CIAT4042,Centrosema,grazielae,Centrosema grazielae,Fabaceae,Fabales,Climber,F260433,38,90,2,1,9,0.5665,0.8344,Residuo de muratra despues de l clip 24H,0.2679,209.8750641,43.9275885,291.7749018,23.87490185,8.18264412,
166,"13/11/24, Wed",46183,,CIAT4042,Centrosema,grazielae,Centrosema grazielae,Fabaceae,Fabales,Climber,F260433,38,90,2,2,10,0.5692,0.8307,,0.2615,216.4661359,45.28901101,291.8915885,30.39158847,10.41194391,
167,"13/11/24, Wed",46183,,CIAT5098,Centrosema,schottii,Centrosema schottii,Fabaceae,Fabales,Climber,F260436,38,90,2,1,11,0.5881,0.846,,0.2579,213.2514446,45.2617618,249.8363367,-8.063663286,-3.227578259,
168,"13/11/24, Wed",46183,,CIAT5098,Centrosema,schottii,Centrosema schottii,Fabaceae,Fabales,Climber,F260436,38,90,2,2,12,0.5942,0.8403,,0.2461,225.145656,47.77670693,249.886294,3.78629399,1.515206748,
169,"13/11/24, Wed",46183,,CIAT5166,Centrosema,schottii,Centrosema schottii,Fabaceae,Fabales,Climber,F260438,38,90,2,1,13,0.5552,0.7731,,0.2179,254.8040993,53.90350955,261.7703748,43.87037481,16.75910608,
170,"13/11/24, Wed",46183,,CIAT5166,Centrosema,schottii,Centrosema schottii,Fabaceae,Fabales,Climber,F260438,38,90,2,2,14,0.6,0.8329,,0.2329,239.993181,50.74997708,261.875083,28.97508296,11.06446731,
171,"13/11/24, Wed",46183,,CIAT5236,Centrosema,arenarium,Centrosema arenarium,Fabaceae,Fabales,Climber,F260441,38,90,2,1,15,0.5746,0.8529,,0.2783,195.7961001,41.29882108,285.7308575,7.430857454,2.600649268,
172,"13/11/24, Wed",46183,,CIAT5236,Centrosema,arenarium,Centrosema arenarium,Fabaceae,Fabales,Climber,F260441,38,90,2,2,16,0.5737,0.8341,,0.2604,213.6961001,45.07442691,285.7308575,25.33085745,8.865285913,
173,"13/11/24, Wed",46183,,CIAT5325,Centrosema,virginianum,Centrosema virginianum,Fabaceae,Fabales,Climber,F260442,38,90,2,1,17,0.5803,0.8285,,0.2482,221.5827898,47.16707266,278.7783255,30.57832546,10.96868826,
174,"13/11/24, Wed",46183,,CIAT5325,Centrosema,virginianum,Centrosema virginianum,Fabaceae,Fabales,Climber,F260442,38,90,2,2,18,0.5701,0.8069,,0.2368,233.1707029,49.6138805,278.8898368,42.08983679,15.09192206,
175,"13/11/24, Wed",46183,,CIAT5383,Periandra,coccinea,Periandra coccinea,Fabaceae,Fabales,Climber,F260443,38,90,2,1,19,0.5659,0.8253,,0.2594,219.8083167,45.86905298,284.147058,24.74705797,8.709243076,
176,"13/11/24, Wed",46183,,CIAT5383,Periandra,coccinea,Periandra coccinea,Fabaceae,Fabales,Climber,F260443,38,90,2,2,20,0.5956,0.8433,,0.2477,231.7958417,48.34157495,284.3175462,36.61754621,12.8791018,
177,"13/11/24, Wed",46183,,CIAT5484,Centrosema,vexillatum,Centrosema vexillatum,Fabaceae,Fabales,Climber,F260444,38,90,2,1,21,0.5465,0.8384,,0.2919,186.4538852,38.97823159,286.6000363,-5.29996374,-1.849254386,
178,"13/11/24, Wed",46183,,CIAT5484,Centrosema,vexillatum,Centrosema vexillatum,Fabaceae,Fabales,Climber,F260444,38,90,2,2,22,0.5782,0.9088,,0.3306,147.7538852,30.88798686,286.6000363,-43.99996374,-15.35239294,
179,"13/11/24, Wed",46183,,CIAT5850,Centrosema,brachypodum,Centrosema brachypodum,Fabaceae,Fabales,Climber,F260447,38,90,2,1,23,0.5928,0.8837,,0.2909,186.0894785,39.01332983,289.7053378,-1.194662231,-0.412371495,
180,"13/11/24, Wed",46183,,CIAT5850,Centrosema,brachypodum,Centrosema brachypodum,Fabaceae,Fabales,Climber,F260447,38,90,2,2,24,0.5717,0.8199,,0.2482,229.0755006,47.99649266,289.8790567,41.67905674,14.37808485,
181,"13/11/24, Wed",46183,,CIAT7146,Rhynchosia,reticulata,Rhynchosia reticulata,Fabaceae,Fabales,Climber,F260450,38,90,2,1,25,0.5663,0.9563,,0.39,82.91126662,17.53209798,312.6371083,-77.36289174,-24.74526846,
182,"13/11/24, Wed",46183,,CIAT7146,Rhynchosia,reticulata,Rhynchosia reticulata,Fabaceae,Fabales,Climber,F260450,38,90,2,2,26,0.5927,0.9754,,0.3827,89.92774668,19.02718309,312.4496759,-70.25032406,-22.48372441,
183,"13/11/24, Wed",46183,,CIAT8384,Canavalia,dictyota,Canavalia dictyota,Fabaceae,Fabales,Climber,F260454,38,90,2,1,27,0.5945,0.7863,,0.1918,271.7435971,58.62309366,243.0454249,51.24542494,21.08471079,
184,"13/11/24, Wed",46183,,CIAT8384,Canavalia,dictyota,Canavalia dictyota,Fabaceae,Fabales,Climber,F260454,38,90,2,2,28,0.5685,0.8012,,0.2327,230.5657488,49.76965152,242.8997434,10.19974337,4.199157738,
185,"13/11/24, Wed",46183,,CIAT8808,Galactia,jussiaeana,Galactia jussiaeana,Fabaceae,Fabales,Climber,F260456,38,90,2,1,29,0.5654,0.917,,0.3516,113.7999697,24.4520793,290.9942418,-60.60575822,-20.82713316,
186,"13/11/24, Wed",46183,,CIAT8808,Galactia,jussiaeana,Galactia jussiaeana,Fabaceae,Fabales,Climber,F260456,38,90,2,2,30,0.5954,0.9778,,0.3824,83.09303104,17.85054244,291.052429,-91.347571,-31.38526324,
187,"13/11/24, Wed",46183,,CIAT15234,Centrosema,platycarpum,Centrosema platycarpum,Fabaceae,Fabales,Climber,F260464,38,90,2,1,31,0.5924,0.8622,,0.2698,203.9196944,43.04648863,268.6780375,-1.121962489,-0.41758623,
188,"13/11/24, Wed",46183,,CIAT15234,Centrosema,platycarpum,Centrosema platycarpum,Fabaceae,Fabales,Climber,F260464,38,90,2,2,32,0.5907,0.8755,,0.2848,189.1090686,39.90408311,268.7854443,-16.01455572,-5.958118663,
189,"13/11/24, Wed",46183,,CIAT15444,Centrosema,tetragonolobum,Centrosema tetragonolobum,Fabaceae,Fabales,Climber,F260468,38,90,2,1,33,0.5885,0.8754,,0.2869,184.6721422,39.16095241,263.074204,-23.82579598,-9.056682721,
190,"13/11/24, Wed",46183,,CIAT15444,Centrosema,tetragonolobum,Centrosema tetragonolobum,Fabaceae,Fabales,Climber,F260468,38,90,2,2,34,0.5892,0.8693,,0.2801,191.6606956,40.62667734,263.1793916,-16.92060837,-6.429305983,
191,"13/11/24, Wed",46183,,CIAT19445,Galactia,dubia,Galactia dubia,Fabaceae,Fabales,Climber,F260482,38,90,2,1,35,0.6045,0.8632,,0.2587,208.5700687,44.63587177,302.4569989,43.75699893,14.46718016,
192,"13/11/24, Wed",46183,,CIAT19445,Galactia,dubia,Galactia dubia,Fabaceae,Fabales,Climber,F260482,38,90,2,2,36,0.5802,0.8392,,0.259,208.3634853,44.58274809,302.5174661,43.51746615,14.38510864,
193,"13/11/24, Wed",46183,,CIAT20820,Canavalia,gladiata,Canavalia gladiata,Fabaceae,Fabales,Climber,F260484,38,90,2,1,37,0.6003,0.8328,,0.2325,228.74212,49.59263477,260.4681802,27.96818022,10.73765717,
194,"13/11/24, Wed",46183,,CIAT20820,Canavalia,gladiata,Canavalia gladiata,Fabaceae,Fabales,Climber,F260484,38,90,2,2,38,0.5894,0.7778,,0.1884,272.9343315,59.16193807,260.520253,72.12025303,27.68316558,
195,"13/11/24, Wed",46183,,CIAT21829,Rhynchosia,minima,Rhynchosia minima,Fabaceae,Fabales,Climber,F260489,38,90,2,1,39,0.5535,0.8909,,0.3374,127.3088277,27.39539688,297.6151005,-39.78489948,-13.36790351,
196,"13/11/24, Wed",46183,,CIAT21829,Rhynchosia,minima,Rhynchosia minima,Fabaceae,Fabales,Climber,F260489,38,90,2,2,40,0.5901,0.9232,,0.3331,131.887653,28.36368926,297.7936696,-35.30633042,-11.85597077,
197,"13/11/24, Wed",46183,,CIAT22188,Rhynchosia,minima,Rhynchosia minima,Fabaceae,Fabales,Climber,F260492,38,90,2,1,41,0.5672,0.9091,,0.3419,125.2433415,26.81047344,278.1796318,-63.7203682,-22.90619474,
198,"13/11/24, Wed",46183,,CIAT22188,Rhynchosia,minima,Rhynchosia minima,Fabaceae,Fabales,Climber,F260492,38,90,2,2,42,0.5686,0.8889,,0.3203,146.8433415,31.43432186,278.1796318,-42.1203682,-15.14142783,
199,"13/11/24, Wed",46183,,CIAT25156,Centrosema,platycarpum,Centrosema platycarpum,Fabaceae,Fabales,Climber,F260500,38,90,2,1,43,0.5876,0.9013,,0.3137,157.3307911,33.4013814,275.4264919,-38.27350815,-13.89608817,
200,"13/11/24, Wed",46183,,CIAT25156,Centrosema,platycarpum,Centrosema platycarpum,Fabaceae,Fabales,Climber,F260500,38,90,2,2,44,0.5719,0.8617,,0.2898,181.5134095,38.51225233,275.5917477,-14.20825225,-5.155543433,
201,"13/11/24, Wed",46183,,IAG 2026 S1,Green,Meal,Green Meal,Green Meal,Green Meal,Green Meal,F263177,38,90,2,1,45,0.5928,0.8535,,0.2607,204.52897,43.96307693,#DIV/0!,#DIV/0!,#DIV/0!,
202,"13/11/24, Wed",46183,,IAG 2026 S1,Green,Meal,Green Meal,Green Meal,Green Meal,Green Meal,F263177,38,90,2,2,46,0.6001,0.824,,0.2239,241.14299,51.85391355,#DIV/0!,#DIV/0!,#DIV/0!,
203,"13/11/24, Wed",46183,,IAG 2026 S2,Compound,feed,Compound feed,Compound feed,Compound feed,Compound feed,F263178,38,90,2,1,47,0.5704,0.646,,0.0756,382.09152,83.48232451,#DIV/0!,#DIV/0!,#DIV/0!,
204,"13/11/24, Wed",46183,,IAG 2026 S2,Compound,feed,Compound feed,Compound feed,Compound feed,Compound feed,F263178,38,90,2,2,48,0.5833,0.67,,0.0867,371.08304,81.06089732,#DIV/0!,#DIV/0!,#DIV/0!,
205,"18/11/24, Mon",46183,,CIAT918,Rhynchosia,schomburgkii,Rhynchosia schomburgkii,Fabaceae,Fabales,Herbaceous_climber,F263139,38,90,2,1,49,0.6053,0.9721,,0.3668,91.58324335,19.97962288,305.9086411,-60.89135892,-19.90507973,
206,"18/11/24, Mon",46183,,CIAT918,Rhynchosia,schomburgkii,Rhynchosia schomburgkii,Fabaceae,Fabales,Herbaceous_climber,F263139,38,90,2,2,50,0.5649,0.9522,,0.3873,71.08324335,15.50738261,305.9086411,-81.39135892,-26.60642688,
207,"18/11/24, Mon",46183,,CIAT8215,Rhynchosia,schomburgkii,Rhynchosia schomburgkii,Fabaceae,Fabales,Herbaceous_climber,F263140,38,90,2,1,51,0.5531,0.9378,,0.3847,77.01542327,16.68027954,323.8695954,-60.83040465,-18.78237585,
208,"18/11/24, Mon",46183,,CIAT8215,Rhynchosia,schomburgkii,Rhynchosia schomburgkii,Fabaceae,Fabales,Herbaceous_climber,F263140,38,90,2,2,52,0.5932,0.9627,,0.3695,92.30771098,19.98834337,323.9343304,-45.56566957,-14.06632928,
209,"18/11/24, Mon",46183,,CIAT15008,Centrosema,triquetrum,Centrosema triquetrum,Fabaceae,Fabales,Herbaceous_climber,F263141,38,90,2,1,53,0.5655,0.8517,,0.2862,183.4,39.05451448,287.2652291,1.065229141,0.370817291,
210,"18/11/24, Mon",46183,,CIAT15008,Centrosema,triquetrum,Centrosema triquetrum,Fabaceae,Fabales,Herbaceous_climber,F263141,38,90,2,2,54,0.5642,0.8232,,0.259,210.9756049,44.8907566,287.4949954,28.49499537,9.911475271,
211,,46183,,CIAT17334,Dunbaria,nivea,Dunbaria nivea,Fabaceae,Fabales,Herbaceous_climber,F263142,38,90,2,1,55,0.5968,0.8803,,0.2835,190.82916,40.23137856,328.6599217,45.15992167,13.74062327,
212,,46183,,CIAT17334,Dunbaria,nivea,Dunbaria nivea,Fabaceae,Fabales,Herbaceous_climber,F263142,38,90,2,2,56,0.5718,0.8812,,0.3094,164.73958,34.74495422,328.5285628,19.12856279,5.82249611,
213,,46183,,CIAT17892,Dioclea,valliana,Dioclea valliana,Fabaceae,Fabales,Herbaceous_climber,F263143,38,90,2,1,57,0.5801,0.8995,,0.3194,139.8729394,30.45529736,314.5421751,-4.857824874,-1.544411293,
214,,46183,,CIAT17892,Dioclea,valliana,Dioclea valliana,Fabaceae,Fabales,Herbaceous_climber,F263143,38,90,2,2,58,0.5701,0.8911,,0.321,138.4566118,30.13486111,314.6679668,-6.332033162,-2.01229036,
215,,46183,,CIAT17916,Clitoria,falcata,Clitoria falcata,Fabaceae,Fabales,Herbaceous_climber,F263144,38,90,2,1,59,0.5692,0.8611,,0.2919,181.7156842,38.36775054,349.4728285,57.57282851,16.47419308,
216,,46183,,CIAT17916,Clitoria,falcata,Clitoria falcata,Fabaceae,Fabales,Herbaceous_climber,F263144,38,90,2,2,60,0.5738,0.8627,,0.2889,184.8103506,39.01336552,349.5426812,60.64268117,17.34914917,
217,,46183,,CIAT17969,Canavalia,grandiflora,Canavalia grandiflora,Fabaceae,Fabales,Herbaceous_climber,F263145,38,90,2,1,61,0.5649,0.7952,,0.2303,226.64137,49.59966089,249.4196313,19.11963126,7.665648112,
218,,46183,,CIAT17969,Canavalia,grandiflora,Canavalia grandiflora,Fabaceae,Fabales,Herbaceous_climber,F263145,38,90,2,2,62,0.5843,0.8187,,0.2344,222.63274,48.71264584,249.4695052,15.06950521,6.040620153,
219,,46183,,CIAT18497,Dioclea,valliana,Dioclea valliana,Fabaceae,Fabales,Herbaceous_climber,F263146,38,90,2,1,63,0.5648,0.915,,0.3502,109.3161935,23.78941049,335.6843147,-14.5156853,-4.324207198,
220,,46183,,CIAT18497,Dioclea,valliana,Dioclea valliana,Fabaceae,Fabales,Herbaceous_climber,F263146,38,90,2,2,64,0.5487,0.8735,,0.3248,134.9919032,29.35934763,335.8857253,11.08572529,3.300445495,
221,,46183,,CIAT18521,Rhynchosia,phaseoloides,Rhynchosia phaseoloides,Fabaceae,Fabales,Herbaceous_climber,F263147,38,90,2,1,65,0.539,0.8444,,0.3054,156.0922615,33.82337572,332.2466075,26.84660752,8.080325552,
222,,46183,,CIAT18521,Rhynchosia,phaseoloides,Rhynchosia phaseoloides,Fabaceae,Fabales,Herbaceous_climber,F263147,38,90,2,2,66,0.5683,0.8795,,0.3112,150.3845231,32.58006185,332.3130303,21.11303028,6.353356129,
223,,46183,,CIAT18631,Dioclea,crenata,Dioclea crenata,Fabaceae,Fabales,Herbaceous_climber,F263148,38,90,2,1,67,0.5651,0.8871,,0.322,137.3692689,29.9038874,298.9383631,-23.0616369,-7.714512335,
224,,46183,,CIAT18631,Dioclea,crenata,Dioclea crenata,Fabaceae,Fabales,Herbaceous_climber,F263148,38,90,2,2,68,0.5582,0.921,,0.3628,96.38566812,20.99056543,298.8188833,-63.98111666,-21.41133651,
225,,46183,,IAG 2026 S1,Green,Meal,Green Meal,Green Meal,Green Meal,Green Meal,F263177,38,90,2,1,69,0.5887,0.8162,,0.2275,237.45,51.07000753,#DIV/0!,#DIV/0!,#DIV/0!,
226,,46183,,IAG 2026 S1,Green,Meal,Green Meal,Green Meal,Green Meal,Green Meal,F263177,38,90,2,2,70,0.5693,0.7803,,0.211,254.04299,54.62785064,#DIV/0!,#DIV/0!,#DIV/0!,
227,,46183,,IAG 2026 S2,Compound,feed,Compound feed,Compound feed,Compound feed,Compound feed,F263178,38,90,2,1,71,0.5529,0.6192,,0.0663,391.57456,85.52005161,#DIV/0!,#DIV/0!,#DIV/0!,
228,,46183,,IAG 2026 S2,Compound,feed,Compound feed,Compound feed,Compound feed,Compound feed,F263178,38,90,2,2,72,0.5459,0.6326,,0.0867,371.08304,81.06089732,#DIV/0!,#DIV/0!,#DIV/0!,
229,,46183,,CIAT22303,Macrotyloma,axillare,Macrotyloma axillare,Fabaceae,Fabales,Herbaceous_climber,F263149,38,90,2,1,73,0.5497,0.7084,,0.1587,284.6414778,64.20366513,238.9080505,80.20805051,33.57277008,
230,,46183,,CIAT22303,Macrotyloma,axillare,Macrotyloma axillare,Fabaceae,Fabales,Herbaceous_climber,F263149,38,90,2,2,74,0.5682,0.7837,,0.2155,228.2847306,51.44042029,239.1469108,23.64691079,9.888026866,
231,,46183,,CIAT18633,Dioclea,crenata,Dioclea crenata,Fabaceae,Fabales,Herbaceous_climber,F263150,38,90,2,1,75,0.5436,0.8331,,0.2895,171.0170637,37.1358799,283.2855769,-6.214423141,-2.193695567,
232,,46183,,CIAT18633,Dioclea,crenata,Dioclea crenata,Fabaceae,Fabales,Herbaceous_climber,F263150,38,90,2,2,76,0.5623,0.8652,,0.3029,157.7091303,34.23925405,283.3422113,-19.55778868,-6.902532661,
233,,,,BLANK 8 H,BLANK,8,BLANK 8 H,,,,BLANK 8 H,38,90,2,1,77,,,,,,,,,#DIV/0!,
234,,,,BLANK 8 H,BLANK,8,BLANK 8 H,,,,BLANK 8 H,38,90,2,2,78,,,,,,,,,#DIV/0!,
235,,46183,,CIAT21134,Cajanus,goensis,Cajanus goensis,Fabaceae,Fabales,Herbaceous_climber,F263151,38,90,2,1,79,0.5775,0.8914,,0.3139,146.5429935,31.82652263,339.9286236,26.02862358,7.657084981,
236,,46183,,CIAT21134,Cajanus,goensis,Cajanus goensis,Fabaceae,Fabales,Herbaceous_climber,F263151,38,90,2,2,80,0.5602,1.03,,0.4698,146.4509969,31.81289883,339.8607058,-129.9392942,-38.23310316,
237,,46183,,CIAT21433,Calopogonium,galactioides,Calopogonium galactioides,Fabaceae,Fabales,Herbaceous_climber,F263152,38,90,2,1,81,0.5676,0.8057,,0.2381,222.4991305,48.30645908,259.4524966,21.35249656,8.229828908,
238,,46183,,CIAT21433,Calopogonium,galactioides,Calopogonium galactioides,Fabaceae,Fabales,Herbaceous_climber,F263152,38,90,2,2,82,0.5493,0.7753,,0.226,234.3229919,50.90403826,259.2969495,33.2969495,12.84124228,
239,,46183,,CIAT21475,Rhynchosia,phaseoloides,Rhynchosia phaseoloides,Fabaceae,Fabales,Herbaceous_climber,F263153,38,90,2,1,83,0.5825,0.9138,,0.3313,130.2077169,28.2135514,307.6965779,-23.6034221,-7.671005722,
240,,46183,,CIAT21475,Rhynchosia,phaseoloides,Rhynchosia phaseoloides,Fabaceae,Fabales,Herbaceous_climber,F263153,38,90,2,2,84,0.5521,0.8847,,0.3326,128.9077169,27.93186597,307.6965779,-24.9034221,-8.093499858,
241,,46183,,CIAT21951,Pueraria,montana,Pueraria montana,Fabaceae,Fabales,Herbaceous_climber,F263154,38,90,2,1,85,0.5717,0.8513,,0.2796,192.4278044,40.76620119,302.0243334,22.42433344,7.424677736,
242,,46183,,CIAT21951,Pueraria,montana,Pueraria montana,Fabaceae,Fabales,Herbaceous_climber,F263154,38,90,2,2,86,0.5741,0.8354,,0.2613,211.2942378,44.70944013,302.3867626,41.08676264,13.58748719,
243,,46183,,CIAT25213,Centrosema,brachypodum,Centrosema brachypodum,Fabaceae,Fabales,Herbaceous_climber,F263155,38,90,2,1,87,0.5534,0.8256,,0.2722,198.6293743,42.18712449,291.5953752,19.39537517,6.651468719,
244,,46183,,CIAT25213,Centrosema,brachypodum,Centrosema brachypodum,Fabaceae,Fabales,Herbaceous_climber,F263155,38,90,2,2,88,0.5751,0.829,,0.2539,217.3060378,46.11698925,291.8286515,37.92865147,12.99689091,
245,,46183,,CIAT32229,Calopogonium,galactioides,Calopogonium galactioides,Fabaceae,Fabales,Herbaceous_climber,F263156,38,90,2,1,89,0.5879,0.7907,,0.2028,258.7379234,56.05994877,275.5551326,72.75513255,26.40311283,
246,,46183,,CIAT32229,Calopogonium,galactioides,Calopogonium galactioides,Fabaceae,Fabales,Herbaceous_climber,F263156,38,90,2,2,90,0.5625,0.7587,,0.1962,265.3379234,57.48995043,275.5551326,79.35513255,28.7982778,
247,,46183,,CIAT8206,Desmanthus,leptophyllus,Desmanthus leptophyllus,Fabaceae,Fabales,Shurb_tree,F263157,38,90,2,1,91,0.5704,0.8294,,0.259,200.7965824,43.67074269,284.1203083,25.1203083,8.841433563,
248,,46183,,CIAT8206,Desmanthus,leptophyllus,Desmanthus leptophyllus,Fabaceae,Fabales,Shurb_tree,F263157,38,90,2,2,92,0.5947,0.8993,,0.3046,155.1965824,33.75331361,284.1203083,-20.4796917,-7.208105547,
249,,46183,,CIAT8886,Zornia,myriadena,Zornia myriadena,Fabaceae,Fabales,Herbaceous,F263158,38,90,2,1,93,0.5594,0.8227,,0.2633,195.3291533,42.58978129,260.0025362,-3.297463791,-1.268242933,
250,,46183,,CIAT8886,Zornia,myriadena,Zornia myriadena,Fabaceae,Fabales,Herbaceous,F263158,38,90,2,2,94,0.5532,,DESCARTAR CLIP ABIERTO,,,,,,#DIV/0!,
251,,46183,,CIAT13701,Pseudarthria,viscida,Pseudarthria viscida,Fabaceae,Fabales,Herbaceous,F263159,38,90,2,1,95,0.5712,0.8357,,0.2645,197.9462258,42.80416073,286.8756566,22.37565661,7.799775302,
252,,46183,,CIAT13701,Pseudarthria,viscida,Pseudarthria viscida,Fabaceae,Fabales,Herbaceous,F263159,38,90,2,2,96,0.5608,0.818,,0.2572,205.338678,44.39383943,286.9330088,29.7330088,10.36235215,
253,,46183,,CIAT18859,Pseudarthria,hookeri,Pseudarthria hookeri,Fabaceae,Fabales,Herbaceous,F263160,38,90,2,1,97,0.5721,0.9031,,0.331,132.5334524,28.59199303,289.3870934,-41.61290658,-14.37966915,
254,,46183,,CIAT18859,Pseudarthria,hookeri,Pseudarthria hookeri,Fabaceae,Fabales,Herbaceous,F263160,38,90,2,2,98,0.5973,0.905,,0.3077,155.7408013,33.60532798,289.3292507,-18.3707493,-6.349426908,
255,,46183,,CIAT19661,Pseudarthria,hookeri,Pseudarthria hookeri,Fabaceae,Fabales,Herbaceous,F263161,38,90,2,1,99,0.569,0.9037,,0.3347,137.8777594,29.17567674,331.9999157,-2.700084264,-0.813278599,
256,,46183,,CIAT19661,Pseudarthria,hookeri,Pseudarthria hookeri,Fabaceae,Fabales,Herbaceous,F263161,38,90,2,2,100,0.5788,0.8785,,0.2997,172.8777594,36.58186531,331.9999157,32.29991574,9.728892751,
257,,46183,,CIAT20129,Desmanthus,leptophyllus,Desmanthus leptophyllus,Fabaceae,Fabales,Herbaceous,F263162,38,90,2,1,101,0.5956,0.8721,,0.2765,182.4311032,39.75130513,298.041055,21.54105496,7.227546205,
258,,46183,,CIAT20129,Desmanthus,leptophyllus,Desmanthus leptophyllus,Fabaceae,Fabales,Herbaceous,F263162,38,90,2,2,102,0.5839,0.881,,0.2971,162.1064618,35.30143308,298.2198796,1.119879589,0.375521441,
259,,46183,,CIAT20386,Desmanthus,leptophyllus,Desmanthus leptophyllus,Fabaceae,Fabales,Herbaceous,F263163,38,90,2,1,103,0.5686,0.8992,,0.3306,127.5560377,27.84117795,293.8318265,-36.76817346,-12.51333931,
260,,46183,,CIAT20386,Desmanthus,leptophyllus,Desmanthus leptophyllus,Fabaceae,Fabales,Herbaceous,F263163,38,90,2,2,104,0.5852,0.9055,,0.3203,137.6728852,30.06136163,293.7143643,-26.58563572,-9.051527248,
261,,46183,,CIAT21286,Pseudarthria,hookeri,Pseudarthria hookeri,Fabaceae,Fabales,Herbaceous,F263164,38,90,2,1,105,0.543,0.8181,,0.2751,185.7710708,40.30868557,306.7477111,31.64771107,10.31717921,
262,,46183,,CIAT21286,Pseudarthria,hookeri,Pseudarthria hookeri,Fabaceae,Fabales,Herbaceous,F263164,38,90,2,2,106,0.5833,0.9095,,0.3262,134.6710708,29.22098594,306.7477111,-19.45228893,-6.341461803,
263,,46183,,CIAT22500,Desmanthus,fruticosus,Desmanthus fruticosus,Fabaceae,Fabales,Herbaceous,F263165,38,90,2,1,107,0.5666,0.8344,,0.2678,191.2376562,41.66055957,318.4857553,50.68575526,15.91460667,
264,,46183,,CIAT22500,Desmanthus,fruticosus,Desmanthus fruticosus,Fabaceae,Fabales,Herbaceous,F263165,38,90,2,2,108,0.5697,0.8834,,0.3137,145.1541146,31.63404445,318.3584119,4.658411893,1.463260187,
265,,46183,,CIAT22501,Desmanthus,covillei,Desmanthus covillei,Fabaceae,Fabales,Herbaceous,F263166,38,90,2,1,109,0.5856,0.8536,,0.268,189.3749233,41.40474557,321.2644039,53.26440389,16.57961581,
266,,46183,,CIAT22501,Desmanthus,covillei,Desmanthus covillei,Fabaceae,Fabales,Herbaceous,F263166,38,90,2,2,110,0.59,0.8875,,0.2975,160.0578367,34.98089725,321.392884,23.89288396,7.434167074,
267,,46183,,CIAT22571,Desmanthus,covillei,Desmanthus covillei,Fabaceae,Fabales,Herbaceous,F263167,38,90,2,1,111,0.5617,0.8249,,0.2632,197.3848716,42.85526594,291.644929,28.44492898,9.753273984,
268,,46183,,CIAT22571,Desmanthus,covillei,Desmanthus covillei,Fabaceae,Fabales,Herbaceous,F263167,38,90,2,2,112,0.55,0.8095,,0.2595,201.0848716,43.65859237,291.644929,32.14492898,11.02193997,
269,,46183,,CIAT22572,Desmanthus,covillei,Desmanthus covillei,Fabaceae,Fabales,Herbaceous,F263168,38,90,2,1,113,0.5723,0.9352,,0.3629,94.5585083,20.67040105,313.0461764,-49.85382363,-15.92538973,
270,,46183,,CIAT22572,Desmanthus,covillei,Desmanthus covillei,Fabaceae,Fabales,Herbaceous,F263168,38,90,2,2,114,0.5845,0.9637,Residuo d emtra depsues de clio 24 H,0.3792,78.5329834,17.1569422,313.2340041,-65.96599592,-21.05965351,
271,,46183,,IAG 2026 S1,Green,Meal,Green Meal,Green Meal,Green Meal,Green Meal,F263177,38,90,2,1,115,0.5962,0.7886,"Embolo duro 0H, y residuo de muestra en la maguera",0.1924,272.92196,58.65228454,#DIV/0!,#DIV/0!,#DIV/0!,
272,,46183,,IAG 2026 S1,Green,Meal,Green Meal,Green Meal,Green Meal,Green Meal,F263177,38,90,2,2,116,0.5688,0.7743,,0.2055,259.54299,55.810537,#DIV/0!,#DIV/0!,#DIV/0!,
273,,46183,,IAG 2026 S2,Compound,feed,Compound feed,Compound feed,Compound feed,Compound feed,F263178,38,90,2,1,117,0.5798,0.6527,,0.0729,385.06608,84.08179051,#DIV/0!,#DIV/0!,#DIV/0!,
274,,46183,,IAG 2026 S2,Compound,feed,Compound feed,Compound feed,Compound feed,Compound feed,F263178,38,90,2,2,118,0.5635,0.6282,,0.0647,393.17456,85.86949229,#DIV/0!,#DIV/0!,#DIV/0!,
275,,46183,,CIAT22574,Desmanthus,fruticosus,Desmanthus fruticosus,Fabaceae,Fabales,Shurb_tree,F263169,38,90,2,1,119,0.5498,0.8611,,0.3113,149.5072526,32.44463965,327.2289539,15.92895389,4.867831437,
276,,46183,,CIAT22574,Desmanthus,fruticosus,Desmanthus fruticosus,Fabaceae,Fabales,Shurb_tree,F263169,38,90,2,2,120,0.5787,0.9087,,0.33,131.0835711,28.42946037,327.4251735,-2.57482647,-0.786386227,
277,,46183,,CIAT8529,Mimosa,albolanata,Mimosa albolanata,Fabaceae,Fabales,Shurb_tree,F263170,38,90,2,1,121,0.5527,0.9329,,0.3802,82.48308995,17.82712438,322.0903305,-58.10966953,-18.04142007,
278,,46183,,CIAT8529,Mimosa,albolanata,Mimosa albolanata,Fabaceae,Fabales,Shurb_tree,F263170,38,90,2,2,122,0.5858,0.9759,,0.3901,72.49060882,15.67057511,322.025951,-68.07404897,-21.13930531,
279,,46183,,CIAT33510,Phyllodium,pulchellum,Phyllodium pulchellum,Fabaceae,Fabales,Shurb_tree,F263171,38,90,2,1,123,0.5675,0.8799,,0.3124,154.7817858,33.1309547,270.6116275,-41.78837254,-15.44219402,
280,,46183,,CIAT33510,Phyllodium,pulchellum,Phyllodium pulchellum,Fabaceae,Fabales,Shurb_tree,F263171,38,90,2,2,124,0.6002,0.8946,,0.2944,172.9685465,37.00902591,270.7198072,-23.6801928,-8.747122363,
281,,46183,,CIAT33499,Phyllodium,pulchellum,Phyllodium pulchellum,Fabaceae,Fabales,Shurb_tree,F263172,38,90,2,1,125,0.5804,0.9231,,0.3427,122.9853265,26.40953441,321.3351555,-21.36484453,-6.648772837,
282,,46183,,CIAT33499,Phyllodium,pulchellum,Phyllodium pulchellum,Fabaceae,Fabales,Shurb_tree,F263172,38,90,2,2,126,0.6025,0.9376,,0.3351,131.0510119,28.11342431,321.6564906,-13.44350938,-4.179461559,
283,"18/11/24, Mon",46183,,CIAT23111,Phyllodium,elegans,Phyllodium elegans,Fabaceae,Fabales,Shurb_tree,F263173,38,90,2,1,127,0.5833,0.8936,,0.3103,156.1131504,33.47100103,286.5084842,-23.79151583,-8.303948102,
284,"18/11/24, Mon",46183,,CIAT23111,Phyllodium,elegans,Phyllodium elegans,Fabaceae,Fabales,Shurb_tree,F263173,38,90,2,2,128,0.5902,0.9045,,0.3143,152.0199237,32.59992035,286.4512168,-27.84878317,-9.721998558,
285,"18/11/24, Mon",46183,,CIAT23110,Phyllodium,elegans,Phyllodium elegans,Fabaceae,Fabales,Shurb_tree,F263174,38,90,2,1,129,0.6188,0.9345,,0.3157,151.0882528,32.36762106,283.3919155,-32.30808452,-11.40049619,
286,"18/11/24, Mon",46183,,CIAT23110,Phyllodium,elegans,Phyllodium elegans,Fabaceae,Fabales,Shurb_tree,F263174,38,90,2,2,130,0.5745,0.8647,,0.2902,176.3083478,37.79318176,283.2219823,-6.978017708,-2.463798061,
287,"18/11/24, Mon",46183,,CIAT9360,Clitoria,falcata,Clitoria falcata,Fabaceae,Fabales,Herbaceous_climber,F263175,38,90,2,1,131,0.5883,0.8784,,0.2901,176.4199537,37.81616462,345.3976097,55.29760967,16.00984145,
288,"18/11/24, Mon",46183,,CIAT9360,Clitoria,falcata,Clitoria falcata,Fabaceae,Fabales,Herbaceous_climber,F263175,38,90,2,2,132,0.6094,0.8986,Residuo mtra despues del clip,0.2892,177.226687,37.99668671,345.3285578,56.12855777,16.25366814,
289,"18/11/24, Mon",46183,,CIAT21292,Canavalia,Gladiata,Canavalia Gladiata,Fabaceae,Fabales,Herbaceous_climber,F263176,38,90,2,1,133,0.5605,0.69,,0.1295,331.5577231,71.91241063,224.4452286,94.94522861,42.30218178,
290,"18/11/24, Mon",46183,,CIAT21292,Canavalia,Gladiata,Canavalia Gladiata,Fabaceae,Fabales,Herbaceous_climber,F263176,38,90,2,2,134,0.5552,0.6865,,0.1313,330.1265693,71.54476817,224.6247848,93.32478479,41.54696681,
291,"18/11/24, Mon",46183,,CIAT23035,Desmodium,laxiflorum,Desmodium laxiflorum,Fabaceae,Fabales,Herbaceous,F260521,38,90,2,1,135,0.5906,0.7948,,0.2042,256.9421762,55.71864589,234.0854966,29.88549657,12.76691508,
292,"18/11/24, Mon",46183,,CIAT23035,Desmodium,laxiflorum,Desmodium laxiflorum,Fabaceae,Fabales,Herbaceous,F260521,38,90,2,2,136,0.5742,0.7584,,0.1842,277.0343677,60.06368716,234.132295,49.93229495,21.32653035,
293,"18/11/24, Mon",46183,,CIAT33726,Desmodium,sandwicense,Desmodium sandwicense,Fabaceae,Fabales,Herbaceous,F260526,38,90,2,1,137,0.5592,0.8299,,0.2707,196.36814,42.04271779,283.5993329,12.89933289,4.548435556,
294,"18/11/24, Mon",46183,,CIAT33726,Desmodium,sandwicense,Desmodium sandwicense,Fabaceae,Fabales,Herbaceous,F260526,38,90,2,2,138,0.5701,0.8619,,0.2918,175.1747637,37.5126832,283.5426357,-8.257364294,-2.912212575,
295,"18/11/24, Mon",46183,,CIAT13930,Desmodium,glabrum,Desmodium glabrum,Fabaceae,Fabales,Shurb_Tree,F260532,38,90,2,1,139,0.584,0.7105,,0.1265,333.7139275,72.5127832,162.8256859,36.32568589,22.30955496,
296,"18/11/24, Mon",46183,,CIAT13930,Desmodium,glabrum,Desmodium glabrum,Fabaceae,Fabales,Shurb_Tree,F260532,38,90,2,2,140,0.5917,0.711,,0.1193,341.0059703,74.08245652,162.858251,43.55825103,26.74611249,
297,"18/11/24, Mon",46183,,CIAT21082,Flemingia,stricta,Flemingia stricta,Fabaceae,Fabales,Shurb_Tree,F260533,38,90,2,1,141,0.583,0.8817,,0.2987,174.2057694,36.83731109,306.9832563,8.283256309,2.698276254,
298,"18/11/24, Mon",46183,,CIAT21082,Flemingia,stricta,Flemingia stricta,Fabaceae,Fabales,Shurb_Tree,F260533,38,90,2,2,142,0.5786,0.8757,,0.2971,175.7112639,37.16308754,306.9219087,9.821908736,3.200132821,
299,"18/11/24, Mon",46183,,CIAT21091,Flemingia,stricta,Flemingia stricta,Fabaceae,Fabales,Shurb_Tree,F260535,38,90,2,1,143,0.5683,0.9177,,0.3494,111.2210529,24.14589003,326.4007993,-22.99920068,-7.046306484,
300,"18/11/24, Mon",46183,,CIAT21091,Flemingia,stricta,Flemingia stricta,Fabaceae,Fabales,Shurb_Tree,F260535,38,90,2,2,144,0.5606,0.9154,,0.3548,106.0052645,23.00435187,326.5313335,-28.26866647,-8.657259984,
301,"18/11/24, Mon",46183,,CIAT21115,Flemingia,lineata,Flemingia lineata,Fabaceae,Fabales,Shurb_Tree,F260536,38,90,2,1,145,0.5989,0.9226,,0.3237,139.066088,30.05105422,298.494656,-25.20534401,-8.444152518,
302,"18/11/24, Mon",46183,,CIAT21115,Flemingia,lineata,Flemingia lineata,Fabaceae,Fabales,Shurb_Tree,F260536,38,90,2,2,146,0.5722,0.8638,,0.2916,170.7037842,36.92459159,298.1964595,6.596459531,2.212118662,
303,"18/11/24, Mon",46183,,CIAT8539,Canavalia,grandiflora,Canavalia grandiflora,Fabaceae,Fabales,Climber,F261034,38,90,2,1,147,0.6023,0.8524,,0.2501,216.591225,46.40996303,237.3695674,-12.73043261,-5.363127529,
304,"18/11/24, Mon",46183,,CIAT8539,Canavalia,grandiflora,Canavalia grandiflora,Fabaceae,Fabales,Climber,F261034,38,90,2,2,148,0.5769,0.8282,,0.2513,215.204735,46.13130776,237.2747144,-14.02528559,-5.910990399,
305,"18/11/24, Mon",46183,,CIAT8589,Galactia,jussiaeana,Galactia jussiaeana,Fabaceae,Fabales,Climber,F261036,38,90,2,1,149,0.5636,0.8506,,0.287,184.759849,39.16396221,250.5255855,-36.47441445,-14.55915745,
306,"18/11/24, Mon",46183,,CIAT8589,Galactia,jussiaeana,Galactia jussiaeana,Fabaceae,Fabales,Climber,F261036,38,90,2,2,150,0.556,0.8195,,0.2635,208.4485529,44.1676432,250.6257958,-12.87420422,-5.136823279,
307,"18/11/24, Mon",46183,,CIAT18701,Cajanus,cajan,Cajanus cajan,Fabaceas,Fabales,Arbustivas,F261087,38,90,2,1,151,0.5561,0.8422,,0.2861,174.5602,37.89348418,282.5459337,-3.55406633,-1.257872051,
308,"18/11/24, Mon",46183,,CIAT18701,Cajanus,cajan,Cajanus cajan,Fabaceas,Fabales,Arbustivas,F261087,38,90,2,2,152,0.5766,0.8649,,0.2883,172.26816,37.40340192,282.4894809,-5.810519064,-2.056897497,
309,"18/11/24, Mon",46183,,Sample 8,Cynodon,nlemfuensis,Cynodon nlemfuensis ,Poaceae,Poales,Grasses,F250008,38,90,2,1,153,0.564,0.8271,,0.2631,205.835872,43.89424745,356.6257307,93.52573068,26.22517744,
310,"18/11/24, Mon",46183,,Sample 8,Cynodon,nlemfuensis,Cynodon nlemfuensis ,Poaceae,Poales,,F250008,38,90,2,2,154,0.5534,0.8135,Embolo duro 0H,0.2601,209.1170648,44.56723349,356.8395778,96.73957781,27.1101032,
311,"18/11/24, Mon",,,BLANK 24 H,BLANK,24,BLANK 24 H,,H,,BLANK 24 H,38,90,2,1,155,,,,,,,,,#DIV/0!,
312,"18/11/24, Mon",,,BLANK 24 H,BLANK,24,BLANK 24 H,,H,,BLANK 24 H,38,90,2,2,156,,,,,,,,,#DIV/0!,
313,"18/11/24, Mon",,,BLANK 24 H,BLANK,24,BLANK 24 H,,,,BLANK 24 H,38,91,3,1,1,,,,,,,,,#DIV/0!,
314,"18/11/24, Mon",,,BLANK 24 H,BLANK,24,BLANK 24 H,,,,BLANK 24 H,38,91,3,2,2,,,,,,,,,#DIV/0!,
315,"18/11/24, Mon",46190,,CIAT36090,Cenchrus,ciliaris,Cenchrus ciliaris,Poaceae,Poales,Grasses,F260108,38,91,3,1,3,0.5767,0.7812,,0.2045,227.52274,52.66452872,268.523734,64.02373405,23.84285854,
316,"18/11/24, Mon",46190,,CIAT36090,Cenchrus,ciliaris,Cenchrus ciliaris,Poaceae,Poales,Grasses,F260108,38,91,3,2,4,0.5776,0.7913,,0.2137,218.23637,50.52512017,268.4700508,54.77005077,20.40080471,
317,"18/11/24, Mon",46190,,CIAT795,Rhynchosia,reticulata,Rhynchosia reticulata,Fabaceae,Fabales,Climber,F260429,38,91,3,1,5,0.5545,0.8599,,0.3054,168.4250339,35.5458285,292.520849,-12.87915101,-4.402814723,
318,"18/11/24, Mon",46190,,CIAT795,Rhynchosia,reticulata,Rhynchosia reticulata,Fabaceae,Fabales,Climber,F260429,38,91,3,2,6,0.5615,0.8565,,0.295,178.7302879,37.72827967,292.4623565,-2.537643477,-0.867682086,
319,"18/11/24, Mon",46190,,CIAT966,Teramnus,labialis,Teramnus labialis,Fabaceae,Fabales,Climber,F260432,38,91,3,1,7,0.5651,0.7925,,0.2274,237.3483088,51.07028994,248.3236703,20.92367033,8.425966926,
320,"18/11/24, Mon",46190,,CIAT966,Teramnus,labialis,Teramnus labialis,Fabaceae,Fabales,Climber,F260432,38,91,3,2,8,0.5607,0.7839,,0.2232,241.1768073,51.9355841,248.1251702,24.92517019,10.04540175,
321,"18/11/24, Mon",46190,,CIAT4042,Centrosema,grazielae,Centrosema grazielae,Fabaceae,Fabales,Climber,F260433,38,91,3,1,9,0.5526,0.8029,,0.2503,227.6661359,47.63227325,291.8915885,41.59158847,14.24898494,
322,"18/11/24, Mon",46190,,CIAT4042,Centrosema,grazielae,Centrosema grazielae,Fabaceae,Fabales,Climber,F260433,38,91,3,2,10,0.5657,0.7972,,0.2315,246.5616718,51.57528544,291.9499318,60.44993178,20.70558175,
323,"18/11/24, Mon",46190,,CIAT5098,Centrosema,schottii,Centrosema schottii,Fabaceae,Fabales,Climber,F260436,38,91,3,1,11,0.5637,0.7793,,0.2156,255.645656,54.24891514,249.886294,34.28629399,13.72075813,
324,"18/11/24, Mon",46190,,CIAT5098,Centrosema,schottii,Centrosema schottii,Fabaceae,Fabales,Climber,F260436,38,91,3,2,12,0.5633,0.8136,,0.2503,220.945656,46.88545203,249.886294,-0.41370601,-0.165557704,
325,"18/11/24, Mon",46190,,CIAT5166,Centrosema,schottii,Centrosema schottii,Fabaceae,Fabales,Climber,F260438,38,91,3,1,13,0.5567,0.7598,,0.2031,269.6986401,57.04302366,261.8227289,58.72272889,22.42843054,
326,"18/11/24, Mon",46190,,CIAT5166,Centrosema,schottii,Centrosema schottii,Fabaceae,Fabales,Climber,F260438,38,91,3,2,14,0.5597,0.7887,,0.229,243.9877218,51.5843669,261.927437,32.92743703,12.57120575,
327,"18/11/24, Mon",46190,,CIAT5236,Centrosema,arenarium,Centrosema arenarium,Fabaceae,Fabales,Climber,F260441,38,91,3,1,15,0.5786,0.8213,,0.2427,231.3961001,48.8078472,285.7308575,43.03085745,15.05992662,
328,"20/11/24, Wed",46190,,CIAT5236,Centrosema,arenarium,Centrosema arenarium,Fabaceae,Fabales,Climber,F260441,38,91,3,2,16,0.5374,0.7739,,0.2365,237.7857006,50.13554074,285.8451269,49.34512694,17.26288899,
329,"20/11/24, Wed",46190,,CIAT5325,Centrosema,virginianum,Centrosema virginianum,Fabaceae,Fabales,Climber,F260442,38,91,3,1,17,0.5646,0.7958,,0.2312,238.8646595,50.81527715,278.9455925,47.74559246,17.11645344,
330,"20/11/24, Wed",46190,,CIAT5325,Centrosema,virginianum,Centrosema virginianum,Fabaceae,Fabales,Climber,F260442,38,91,3,2,18,0.5637,0.7865,,0.2228,247.1707029,52.59278959,278.8898368,56.08983679,20.11182531,
331,"20/11/24, Wed",46190,,CIAT5383,Periandra,coccinea,Periandra coccinea,Fabaceae,Fabales,Climber,F260443,38,91,3,1,19,0.5353,0.8066,,0.2713,208.1,43.4084272,284.2607168,12.9607168,4.559447025,
332,"20/11/24, Wed",46190,,CIAT5383,Periandra,coccinea,Periandra coccinea,Fabaceae,Fabales,Climber,F260443,38,91,3,2,20,0.5636,0.7762,,0.2126,266.7041583,55.64403181,284.2038874,71.60388738,25.1945489,
333,"20/11/24, Wed",46190,,CIAT5484,Centrosema,vexillatum,Centrosema vexillatum,Fabaceae,Fabales,Climber,F260444,38,91,3,1,21,0.563,0.835,,0.272,205.7805486,43.0700976,286.2565284,14.25652843,4.980333027,
334,"20/11/24, Wed",46190,,CIAT5484,Centrosema,vexillatum,Centrosema vexillatum,Fabaceae,Fabales,Climber,F260444,38,91,3,2,22,0.5724,0.8559,,0.2835,194.8538852,40.73425371,286.6000363,3.10003626,1.08165941,
335,"20/11/24, Wed",46190,,CIAT5850,Centrosema,brachypodum,Centrosema brachypodum,Fabaceae,Fabales,Climber,F260447,38,91,3,1,23,0.5641,0.8006,,0.2365,240.4894785,50.41819356,289.7053378,53.20533777,18.36532878,
336,"20/11/24, Wed",46190,,CIAT5850,Centrosema,brachypodum,Centrosema brachypodum,Fabaceae,Fabales,Climber,F260447,38,91,3,2,24,0.5915,0.8088,,0.2173,259.6894785,54.44343958,289.7053378,72.40533777,24.9927524,
337,"20/11/24, Wed",46190,,CIAT7146,Rhynchosia,reticulata,Rhynchosia reticulata,Fabaceae,Fabales,Climber,F260450,38,91,3,1,25,0.5957,0.9556,,0.3599,113.0112666,23.89692837,312.6371083,-47.26289174,-15.11749261,
338,"20/11/24, Wed",46190,,CIAT7146,Rhynchosia,reticulata,Rhynchosia reticulata,Fabaceae,Fabales,Climber,F260450,38,91,3,2,26,0.5821,0.9186,,0.3365,136.2222533,28.81655187,312.5121534,-23.98784662,-7.6758124,
339,"20/11/24, Wed",46190,,CIAT8384,Canavalia,dictyota,Canavalia dictyota,Fabaceae,Fabales,Climber,F260454,38,91,3,1,27,0.5844,0.7672,,0.1828,280.4657488,60.54100687,242.8997434,60.09974337,24.74261295,
340,"20/11/24, Wed",46190,,CIAT8384,Canavalia,dictyota,Canavalia dictyota,Fabaceae,Fabales,Climber,F260454,38,91,3,2,28,0.5536,0.7432,,0.1896,273.6657488,59.07316686,242.8997434,53.29974337,21.94310403,
341,"20/11/24, Wed",46190,,CIAT8808,Galactia,jussiaeana,Galactia jussiaeana,Fabaceae,Fabales,Climber,F260456,38,91,3,1,29,0.5768,0.8732,,0.2964,168.9999697,36.31284501,290.9942418,-5.405758216,-1.857685631,
342,"20/11/24, Wed",46190,,CIAT8808,Galactia,jussiaeana,Galactia jussiaeana,Fabaceae,Fabales,Climber,F260456,38,91,3,2,30,0.5901,0.9092,,0.3191,146.5791538,31.47642591,291.1688034,-27.93119658,-9.592784754,
343,"20/11/24, Wed",46190,,CIAT15234,Centrosema,platycarpum,Centrosema platycarpum,Fabaceae,Fabales,Climber,F260464,38,91,3,1,31,0.5712,0.8617,,0.2905,183.1250072,38.66455623,268.6243341,-21.87566587,-8.143590545,
344,"20/11/24, Wed",46190,,CIAT15234,Centrosema,platycarpum,Centrosema platycarpum,Fabaceae,Fabales,Climber,F260464,38,91,3,2,32,0.5689,0.8357,,0.2668,207.1090686,43.70228011,268.7854443,1.985444282,0.738672545,
345,"20/11/24, Wed",46190,,CIAT15444,Centrosema,tetragonolobum,Centrosema tetragonolobum,Fabaceae,Fabales,Climber,F260468,38,91,3,1,33,0.5623,0.812,,0.2497,222.2492491,47.09176877,263.2845792,13.58457923,5.159656245,
346,"20/11/24, Wed",46190,,CIAT15444,Centrosema,tetragonolobum,Centrosema tetragonolobum,Fabaceae,Fabales,Climber,F260468,38,91,3,2,34,0.5556,0.7947,,0.2391,232.7549724,49.32765065,263.2319854,24.13198543,9.167573383,
347,"20/11/24, Wed",46190,,CIAT19445,Galactia,dubia,Galactia dubia,Fabaceae,Fabales,Climber,F260482,38,91,3,1,35,0.5952,0.8559,,0.2607,206.5700687,44.20785377,302.4569989,41.75699893,13.80592913,
348,"20/11/24, Wed",46190,,CIAT19445,Galactia,dubia,Galactia dubia,Fabaceae,Fabales,Climber,F260482,38,91,3,2,36,0.5554,0.7926,,0.2372,230.3503186,49.2674926,302.6384006,65.43840057,21.62263627,
349,"20/11/24, Wed",46190,,CIAT20820,Canavalia,gladiata,Canavalia gladiata,Fabaceae,Fabales,Climber,F260484,38,91,3,1,37,0.5695,0.7419,,0.1724,289.0265431,62.63760666,260.5723258,88.17232583,33.83794712,
350,"20/11/24, Wed",46190,,CIAT20820,Canavalia,gladiata,Canavalia gladiata,Fabaceae,Fabales,Climber,F260484,38,91,3,2,38,0.5634,0.7341,,0.1707,290.54212,62.99123766,260.4681802,89.76818022,34.46416378,
351,"20/11/24, Wed",46190,,CIAT21829,Rhynchosia,minima,Rhynchosia minima,Fabaceae,Fabales,Climber,F260489,38,91,3,1,39,0.5553,0.8478,,0.2925,172.3017695,37.06994697,297.6746235,5.174623538,1.738348898,
352,"20/11/24, Wed",46190,,CIAT21829,Rhynchosia,minima,Rhynchosia minima,Fabaceae,Fabales,Climber,F260489,38,91,3,2,40,0.5935,0.8701,,0.2766,188.387653,40.51454953,297.7936696,21.19366958,7.116897283,
353,"20/11/24, Wed",46190,,CIAT22188,Rhynchosia,minima,Rhynchosia minima,Fabaceae,Fabales,Climber,F260492,38,91,3,1,41,0.5555,0.8474,,0.2919,174.8700002,37.46384731,277.9573104,-13.94268958,-5.01612624,
354,"20/11/24, Wed",46190,,CIAT22188,Rhynchosia,minima,Rhynchosia minima,Fabaceae,Fabales,Climber,F260492,38,91,3,2,42,0.5543,0.8412,,0.2869,179.9633355,38.54732677,278.0128908,-8.887109238,-3.196653656,
355,"20/11/24, Wed",46190,,CIAT25156,Centrosema,platycarpum,Centrosema platycarpum,Fabaceae,Fabales,Climber,F260500,38,91,3,1,43,0.5589,0.8255,,0.2666,204.6192034,43.42335837,275.5366624,8.936662449,3.243366008,
356,"20/11/24, Wed",46190,,CIAT25156,Centrosema,platycarpum,Centrosema platycarpum,Fabaceae,Fabales,Climber,F260500,38,91,3,2,44,0.5671,0.8223,,0.2552,216.1134095,45.85343959,275.5917477,20.39174775,7.399259199,
357,"20/11/24, Wed",46190,,IAG 2026 S1,Green,Meal,Green Meal,Green Meal,Green Meal,Green Meal,F263177,38,91,3,1,45,0.5672,0.7818,,0.2146,250.62897,53.8721761,#DIV/0!,#DIV/0!,#DIV/0!,
358,"20/11/24, Wed",46190,,IAG 2026 S1,Green,Meal,Green Meal,Green Meal,Green Meal,Green Meal,F263177,38,91,3,2,46,0.5742,0.7848,,0.2106,254.72196,54.74101416,#DIV/0!,#DIV/0!,#DIV/0!,
359,"20/11/24, Wed",46190,,IAG 2026 S2,Compound,feed,Compound feed,Compound feed,Compound feed,Compound feed,F263178,38,91,3,1,47,0.5556,0.638,,0.0824,375.56608,82.00740107,#DIV/0!,#DIV/0!,#DIV/0!,
360,"20/11/24, Wed",46190,,IAG 2026 S2,Compound,feed,Compound feed,Compound feed,Compound feed,Compound feed,F263178,38,91,3,2,48,0.5684,0.6495,,0.0811,376.86608,82.29126489,#DIV/0!,#DIV/0!,#DIV/0!,
361,"20/11/24, Wed",46190,,CIAT918,Rhynchosia,schomburgkii,Rhynchosia schomburgkii,Fabaceae,Fabales,Herbaceous_climber,F263139,38,91,3,1,49,0.5849,0.9014,,0.3165,141.7916217,30.93916951,305.847496,-10.65250396,-3.482946271,
362,"20/11/24, Wed",46190,,CIAT918,Rhynchosia,schomburgkii,Rhynchosia schomburgkii,Fabaceae,Fabales,Herbaceous_climber,F263139,38,91,3,2,50,0.5743,0.8875,,0.3132,145,31.64556962,305.786351,-7.413649,-2.424453863,
363,"20/11/24, Wed",46190,,CIAT8215,Rhynchosia,schomburgkii,Rhynchosia schomburgkii,Fabaceae,Fabales,Herbaceous_climber,F263140,38,91,3,1,51,0.5676,0.9302,,0.3626,99.11542327,21.46677765,323.8695954,-38.73040465,-11.95864175,
364,"20/11/24, Wed",46190,,CIAT8215,Rhynchosia,schomburgkii,Rhynchosia schomburgkii,Fabaceae,Fabales,Herbaceous_climber,F263140,38,91,3,2,52,0.5527,0.8342,,0.2815,180.1231356,39.01952084,323.8048603,42.30486027,13.06492442,
365,"20/11/24, Wed",46190,,CIAT15008,Centrosema,triquetrum,Centrosema triquetrum,Fabaceae,Fabales,Herbaceous_climber,F263141,38,91,3,1,53,0.58,0.8865,,0.3065,163.3817037,34.77081623,287.4375538,-19.06244619,-6.631856532,
366,"20/11/24, Wed",46190,,CIAT15008,Centrosema,triquetrum,Centrosema triquetrum,Fabaceae,Fabales,Herbaceous_climber,F263141,38,91,3,2,54,0.5664,0.8361,,0.2697,200.1817037,42.60257467,287.4375538,17.73755381,6.170924285,
367,"20/11/24, Wed",46190,,CIAT17334,Dunbaria,nivea,Dunbaria nivea,Fabaceae,Fabales,Herbaceous_climber,F263142,38,91,3,1,55,0.5655,0.8692,,0.3037,170.62916,35.97273252,328.6599217,24.95992167,7.594452509,
368,"20/11/24, Wed",46190,,CIAT17334,Dunbaria,nivea,Dunbaria nivea,Fabaceae,Fabales,Herbaceous_climber,F263142,38,91,3,2,56,0.5899,0.9004,,0.3105,163.54479,34.49986023,328.4628833,17.96288335,5.468771133,
369,"20/11/24, Wed",46190,,CIAT17892,Dioclea,valliana,Dioclea valliana,Fabaceae,Fabales,Herbaceous_climber,F263143,38,91,3,1,57,0.5547,0.8672,,0.3125,146.8647756,31.97127499,314.605071,2.105070982,0.669115401,
370,"20/11/24, Wed",46190,,CIAT17892,Dioclea,valliana,Dioclea valliana,Fabaceae,Fabales,Herbaceous_climber,F263143,38,91,3,2,58,0.6034,0.9229,,0.3195,140.2321205,30.50300691,314.8566544,-4.643345595,-1.474749074,
371,"20/11/24, Wed",46190,,CIAT17916,Clitoria,falcata,Clitoria falcata,Fabaceae,Fabales,Herbaceous_climber,F263144,38,91,3,1,59,0.579,0.867,,0.288,185.5210179,39.1790461,349.4029759,61.40297586,17.57368429,
372,"20/11/24, Wed",46190,,CIAT17916,Clitoria,falcata,Clitoria falcata,Fabaceae,Fabales,Herbaceous_climber,F263144,38,91,3,2,60,0.5664,0.8474,,0.281,192.3316852,40.63359611,349.2632706,68.26327055,19.54493252,
373,"20/11/24, Wed",46190,,CIAT17969,Canavalia,grandiflora,Canavalia grandiflora,Fabaceae,Fabales,Herbaceous_climber,F263145,38,91,3,1,61,0.5576,0.782,,0.2244,232.72411,50.91048687,249.5193792,25.11937916,10.06710551,
374,"20/11/24, Wed",46190,,CIAT17969,Canavalia,grandiflora,Canavalia grandiflora,Fabaceae,Fabales,Herbaceous_climber,F263145,38,91,3,2,62,0.5749,0.7982,,0.2233,233.55,51.12181241,249.3697573,26.0697573,10.4542578,
375,"20/11/24, Wed",46190,,CIAT18497,Dioclea,valliana,Dioclea valliana,Fabaceae,Fabales,Herbaceous_climber,F263146,38,91,3,1,63,0.5706,0.9052,,0.3346,124.9161935,27.1842854,335.6843147,1.084314701,0.323016195,
376,"20/11/24, Wed",46190,,CIAT18497,Dioclea,valliana,Dioclea valliana,Fabaceae,Fabales,Herbaceous_climber,F263146,38,91,3,2,64,0.5748,0.9099,,0.3351,124.4161935,27.07547531,335.6843147,0.584314701,0.174066728,
377,"20/11/24, Wed",46190,,CIAT18521,Rhynchosia,phaseoloides,Rhynchosia phaseoloides,Fabaceae,Fabales,Herbaceous_climber,F263147,38,91,3,1,65,0.5736,0.8806,,0.307,154.5845231,33.48997104,332.3130303,25.31303028,7.617224716,
378,"20/11/24, Wed",46190,,CIAT18521,Rhynchosia,phaseoloides,Rhynchosia phaseoloides,Fabaceae,Fabales,Herbaceous_climber,F263147,38,91,3,2,66,0.5651,0.8786,,0.3135,147.9922615,32.06820003,332.2466075,18.74660752,5.642377408,
379,"25/11/24, Mon",46190,,CIAT18631,Dioclea,crenata,Dioclea crenata,Fabaceae,Fabales,Herbaceous_climber,F263148,38,91,3,1,67,0.583,0.8792,,0.2962,162.8020673,35.46870023,298.6994036,2.499403582,0.83676216,
380,"25/11/24, Mon",46190,,CIAT18631,Dioclea,crenata,Dioclea crenata,Fabaceae,Fabales,Herbaceous_climber,F263148,38,91,3,2,68,0.5844,0.9121,,0.3277,131.3020673,28.60598604,298.6994036,-29.00059642,-9.708956921,
381,"25/11/24, Mon",46190,,IAG 2026 S1,Green,Meal,Green Meal,Green Meal,Green Meal,Green Meal,F263177,38,91,3,1,69,0.5849,0.797,Residuo de muestra en la manguera despues del clip 8h,0.2121,253.03598,54.40043146,#DIV/0!,#DIV/0!,#DIV/0!,
382,"25/11/24, Mon",46190,,IAG 2026 S1,Green,Meal,Green Meal,Green Meal,Green Meal,Green Meal,F263177,38,91,3,2,70,0.566,0.7964,,0.2304,234.64299,50.45619331,#DIV/0!,#DIV/0!,#DIV/0!,
383,"25/11/24, Mon",46190,,IAG 2026 S2,Compound,feed,Compound feed,Compound feed,Compound feed,Compound feed,F263178,38,91,3,1,71,0.5817,0.6559,,0.0742,383.8576,83.80116387,#DIV/0!,#DIV/0!,#DIV/0!,
384,"25/11/24, Mon",46190,,IAG 2026 S2,Compound,feed,Compound feed,Compound feed,Compound feed,Compound feed,F263178,38,91,3,2,72,0.5726,0.6601,,0.0875,370.28304,80.88614205,#DIV/0!,#DIV/0!,#DIV/0!,
385,"25/11/24, Mon",46190,,CIAT22303,Macrotyloma,axillare,Macrotyloma axillare,Fabaceae,Fabales,Herbaceous_climber,F263149,38,91,3,1,73,0.5677,0.7275,,0.1598,283.6301283,63.9627554,238.9558226,79.15582256,33.12571408,
386,"25/11/24, Mon",46190,,CIAT22303,Macrotyloma,axillare,Macrotyloma axillare,Fabaceae,Fabales,Herbaceous_climber,F263149,38,91,3,2,74,0.58,0.7437,,0.1637,279.6414778,63.0758663,238.9080505,75.20805051,31.4799147,
387,"25/11/24, Mon",46190,,CIAT18633,Dioclea,crenata,Dioclea crenata,Fabaceae,Fabales,Herbaceous_climber,F263150,38,91,3,1,75,0.5824,0.8635,,0.2811,179.4170637,38.95991655,283.2855769,2.185576859,0.771510108,
388,"25/11/24, Mon",46190,,CIAT18633,Dioclea,crenata,Dioclea crenata,Fabaceae,Fabales,Herbaceous_climber,F263150,38,91,3,2,76,0.5608,0.8726,,0.3118,148.7170637,32.2934969,283.2855769,-28.51442314,-10.06561063,
389,"25/11/24, Mon",,,BLANK 8 H,BLANK,8,BLANK 8 H,,,,BLANK 8 H,38,91,3,1,77,,,,,,,,,#DIV/0!,
390,"25/11/24, Mon",,,BLANK 8 H,BLANK,8,BLANK 8 H,,,,BLANK 8 H,38,91,3,2,78,,,,,,,,,#DIV/0!,
391,"25/11/24, Mon",46190,,CIAT21134,Cajanus,goensis,Cajanus goensis,Fabaceae,Fabales,Herbaceous_climber,F263151,38,91,3,1,79,0.5861,0.9096,,0.3235,136.5750071,29.68537847,339.6569524,16.15695236,4.756844294,
392,"25/11/24, Mon",46190,,CIAT21134,Cajanus,goensis,Cajanus goensis,Fabaceae,Fabales,Herbaceous_climber,F263151,38,91,3,2,80,0.5759,0.9111,,0.3352,124.9670037,27.15688059,339.7248702,4.524870163,1.331921964,
393,"25/11/24, Mon",46190,,CIAT21433,Calopogonium,galactioides,Calopogonium galactioides,Fabaceae,Fabales,Herbaceous_climber,F263152,38,91,3,1,81,0.5684,0.7817,,0.2133,247.2070843,53.68149432,259.4006475,46.10064754,17.7719863,
394,"25/11/24, Mon",46190,,CIAT21433,Calopogonium,galactioides,Calopogonium galactioides,Fabaceae,Fabales,Herbaceous_climber,F263152,38,91,3,2,82,0.5918,0.8092,,0.2174,243.1070843,52.79117142,259.4006475,42.00064754,16.1914197,
395,"25/11/24, Mon",46190,,CIAT21475,Rhynchosia,phaseoloides,Rhynchosia phaseoloides,Fabaceae,Fabales,Herbaceous_climber,F263153,38,91,3,1,83,0.5528,0.8667,,0.3139,147.5154338,31.97019931,307.6350509,-6.264949107,-2.036487419,
396,"25/11/24, Mon",46190,,CIAT21475,Rhynchosia,phaseoloides,Rhynchosia phaseoloides,Fabaceae,Fabales,Herbaceous_climber,F263153,38,91,3,2,84,0.5524,0.8683,,0.3159,145.8845662,31.59147725,307.8811589,-8.018841066,-2.604524776,
397,"25/11/24, Mon",46190,,CIAT21951,Pueraria,montana,Pueraria montana,Fabaceae,Fabales,Herbaceous_climber,F263154,38,91,3,1,85,0.5636,0.8192,,0.2556,216.7110211,45.88311757,302.205548,46.60554804,15.42180425,
398,"25/11/24, Mon",46190,,CIAT21951,Pueraria,montana,Pueraria montana,Fabaceae,Fabales,Herbaceous_climber,F263154,38,91,3,2,86,0.5722,0.8737,,0.3015,170.7166156,36.15218312,302.1451432,0.645143174,0.213520948,
399,"25/11/24, Mon",46190,,CIAT25213,Centrosema,brachypodum,Centrosema brachypodum,Fabaceae,Fabales,Herbaceous_climber,F263155,38,91,3,1,87,0.5745,0.8314,,0.2569,214.2118719,45.46942768,291.7703324,34.87033239,11.95129474,
400,"25/11/24, Mon",46190,,CIAT25213,Centrosema,brachypodum,Centrosema brachypodum,Fabaceae,Fabales,Herbaceous_climber,F263155,38,91,3,2,88,0.5803,0.848,,0.2677,203.5060378,43.18833407,291.8286515,24.12865147,8.268088601,
401,"25/11/24, Mon",46190,,CIAT32229,Calopogonium,galactioides,Calopogonium galactioides,Fabaceae,Fabales,Herbaceous_climber,F263156,38,91,3,1,89,0.5551,0.7655,,0.2104,250.7691356,54.37682538,275.3349527,64.93495266,23.58398454,
402,"25/11/24, Mon",46190,,CIAT32229,Calopogonium,galactioides,Calopogonium galactioides,Fabaceae,Fabales,Herbaceous_climber,F263156,38,91,3,2,90,0.5777,0.7975,,0.2198,241.4613325,52.34805424,275.3899976,55.58999764,20.18591747,
403,"25/11/24, Mon",46190,,CIAT8206,Desmanthus,leptophyllus,Desmanthus leptophyllus,Fabaceae,Fabales,Shurb_tree,F263157,38,91,3,1,91,0.5609,0.8392,,0.2783,181.1290392,39.42481292,283.8931937,5.593193744,1.970175357,
404,"25/11/24, Mon",46190,,CIAT8206,Desmanthus,leptophyllus,Desmanthus leptophyllus,Fabaceae,Fabales,Shurb_tree,F263157,38,91,3,2,92,0.564,0.8189,,0.2549,204.5290392,44.51809131,283.8931937,28.99319374,10.21271182,
405,"25/11/24, Mon",46190,,CIAT8886,Zornia,myriadena,Zornia myriadena,Fabaceae,Fabales,Herbaceous,F263158,38,91,3,1,93,0.5876,0.8457,Mustra embolo 24h,0.2581,200.8042758,43.7573338,260.1585065,2.058506537,0.791250905,
406,"25/11/24, Mon",46190,,CIAT8886,Zornia,myriadena,Zornia myriadena,Fabaceae,Fabales,Herbaceous,F263158,38,91,3,2,94,0.5841,0.8183,,0.2342,224.4291533,48.93477698,260.0025362,25.80253621,9.923955583,
407,"25/11/24, Mon",46190,,CIAT13701,Pseudarthria,viscida,Pseudarthria viscida,Fabaceae,Fabales,Herbaceous,F263159,38,91,3,1,95,0.5856,0.8405,,0.2549,207.8235825,44.91311668,287.0477132,32.14771318,11.19943191,
408,"25/11/24, Mon",46190,,CIAT13701,Pseudarthria,viscida,Pseudarthria viscida,Fabaceae,Fabales,Herbaceous,F263159,38,91,3,2,96,0.5724,0.8287,,0.2563,206.238678,44.58841775,286.9330088,30.6330088,10.67601421,
409,"25/11/24, Mon",46190,,CIAT18859,Pseudarthria,hookeri,Pseudarthria hookeri,Fabaceae,Fabales,Herbaceous,F263160,38,91,3,1,97,0.5425,0.8098,,0.2673,196.5114057,42.368817,289.5606216,22.26062156,7.687724054,
410,"25/11/24, Mon",46190,,CIAT18859,Pseudarthria,hookeri,Pseudarthria hookeri,Fabaceae,Fabales,Herbaceous,F263160,38,91,3,2,98,0.5938,0.868,Residuo de muestra en la manguera despues del clip 8h,0.2742,189.1481502,40.82203633,289.271408,15.07140799,5.21012709,
411,"25/11/24, Mon",46190,,CIAT19661,Pseudarthria,hookeri,Pseudarthria hookeri,Fabaceae,Fabales,Herbaceous,F263161,38,91,3,1,99,0.5762,0.8931,,0.3169,155.6777594,32.94225264,331.9999157,15.09991574,4.548168545,
412,"25/11/24, Mon",46190,,CIAT19661,Pseudarthria,hookeri,Pseudarthria hookeri,Fabaceae,Fabales,Herbaceous,F263161,38,91,3,2,100,0.586,0.8954,,0.3094,163.3667906,34.55547086,332.1327157,22.7327157,6.844467476,
413,"25/11/24, Mon",46190,,CIAT20129,Desmanthus,leptophyllus,Desmanthus leptophyllus,Fabaceae,Fabales,Herbaceous,F263162,38,91,3,1,101,0.5805,0.8373,,0.2568,202.4064618,44.07744199,298.2198796,41.41987959,13.88904041,
414,"25/11/24, Mon",46190,,CIAT20129,Desmanthus,leptophyllus,Desmanthus leptophyllus,Fabaceae,Fabales,Herbaceous,F263162,38,91,3,2,102,0.571,0.8459,,0.2749,184.3982481,40.14782308,298.2794878,23.3794878,7.838114505,
415,"25/11/24, Mon",46190,,CIAT20386,Desmanthus,leptophyllus,Desmanthus leptophyllus,Fabaceae,Fabales,Herbaceous,F263163,38,91,3,1,103,0.5846,0.8948,,0.3102,147.7728852,32.26673237,293.7143643,-16.48563572,-5.612812215,
416,"25/11/24, Mon",46190,,CIAT20386,Desmanthus,leptophyllus,Desmanthus leptophyllus,Fabaceae,Fabales,Herbaceous,F263163,38,91,3,2,104,0.5762,0.9209,,0.3447,113.6391903,24.79368832,293.9492888,-50.75071121,-17.26512468,
417,"25/11/24, Mon",46190,,CIAT21286,Pseudarthria,hookeri,Pseudarthria hookeri,Fabaceae,Fabales,Herbaceous,F263164,38,91,3,1,105,0.5532,0.8504,,0.2972,163.8553455,35.53919223,306.8703611,9.670361094,3.151285468,
418,"25/11/24, Mon",46190,,CIAT21286,Pseudarthria,hookeri,Pseudarthria hookeri,Fabaceae,Fabales,Herbaceous,F263164,38,91,3,2,106,0.5786,0.8665,,0.2879,172.7867961,37.50634868,306.625061,18.72506105,6.106826683,
419,"25/11/24, Mon",46190,,CIAT22500,Desmanthus,fruticosus,Desmanthus fruticosus,Fabaceae,Fabales,Herbaceous,F263165,38,91,3,1,107,0.5628,0.8539,Residuo de muestra en la manguera despues del clip 8h,0.2911,167.7541146,36.55935716,318.3584119,27.25841189,8.562177368,
420,"25/11/24, Mon",46190,,CIAT22500,Desmanthus,fruticosus,Desmanthus fruticosus,Fabaceae,Fabales,Herbaceous,F263165,38,91,3,2,108,0.5615,0.8711,,0.3096,149.6211979,32.58150943,318.6130986,9.013098623,2.828853761,
421,"25/11/24, Mon",46190,,CIAT22501,Desmanthus,covillei,Desmanthus covillei,Fabaceae,Fabales,Herbaceous,F263166,38,91,3,1,109,0.5744,0.8446,,0.2702,187.3578367,40.94735609,321.392884,51.19288396,15.92844351,
422,"25/11/24, Mon",46190,,CIAT22501,Desmanthus,covillei,Desmanthus covillei,Fabaceae,Fabales,Herbaceous,F263166,38,91,3,2,110,0.5582,0.842,Residuo en manguera 0h,0.2838,173.7578367,37.97505425,321.392884,37.59288396,11.69686257,
423,"25/11/24, Mon",46190,,CIAT22571,Desmanthus,covillei,Desmanthus covillei,Fabaceae,Fabales,Herbaceous,F263167,38,91,3,1,111,0.5855,0.8069,,0.2214,239.4612226,51.95950773,291.8199159,70.41991594,24.13129197,
424,"25/11/24, Mon",46190,,CIAT22571,Desmanthus,covillei,Desmanthus covillei,Fabaceae,Fabales,Herbaceous,F263167,38,91,3,2,112,0.5536,0.7824,,0.2288,232.0612226,50.35381829,291.8199159,63.01991594,21.59548149,
425,"25/11/24, Mon",46190,,CIAT22572,Desmanthus,covillei,Desmanthus covillei,Fabaceae,Fabales,Herbaceous,F263168,38,91,3,1,113,0.5549,0.905,Residuo de muestra en la manguera despues del clip 8h,0.3501,107.5414917,23.49906939,313.1713948,-36.92860516,-11.79181936,
426,"25/11/24, Mon",46190,,CIAT22572,Desmanthus,covillei,Desmanthus covillei,Fabaceae,Fabales,Herbaceous,F263168,38,91,3,2,114,0.574,0.886,,0.312,145.8244751,31.85161192,313.2966133,1.296613315,0.413861261,
427,"25/11/24, Mon",46190,,IAG 2026 S1,Green,Meal,Green Meal,Green Meal,Green Meal,Green Meal,F263177,38,91,3,1,115,0.5966,0.8012,,0.2046,260.44299,56.00406749,#DIV/0!,#DIV/0!,#DIV/0!,
428,"25/11/24, Mon",46190,,IAG 2026 S1,Green,Meal,Green Meal,Green Meal,Green Meal,Green Meal,F263177,38,91,3,2,116,0.577,0.7894,,0.2124,252.92196,54.35418522,#DIV/0!,#DIV/0!,#DIV/0!,
429,"25/11/24, Mon",46190,,IAG 2026 S2,Compound,feed,Compound feed,Compound feed,Compound feed,Compound feed,F263178,38,91,3,1,117,0.5864,0.6286,,0.0422,415.4,90.77797203,#DIV/0!,#DIV/0!,#DIV/0!,
430,"28/11/24, Thu",46190,,IAG 2026 S2,Compound,feed,Compound feed,Compound feed,Compound feed,Compound feed,F263178,38,91,3,2,118,0.5578,0.6286,,0.0708,386.89152,84.53106581,#DIV/0!,#DIV/0!,#DIV/0!,
431,"28/11/24, Thu",46190,,CIAT22574,Desmanthus,fruticosus,Desmanthus fruticosus,Fabaceae,Fabales,Shurb_tree,F263169,38,91,3,1,119,0.5874,0.8377,Residuo en manguera 0h,0.2503,210.5993588,45.69313338,327.2943604,76.99436044,23.52449958,
432,"28/11/24, Thu",46190,,CIAT22574,Desmanthus,fruticosus,Desmanthus fruticosus,Fabaceae,Fabales,Shurb_tree,F263169,38,91,3,2,120,0.5897,0.853,,0.2633,197.6914649,42.88397508,327.359767,64.05976698,19.56861333,
433,"28/11/24, Thu",46190,,CIAT8529,Mimosa,albolanata,Mimosa albolanata,Fabaceae,Fabales,Shurb_tree,F263170,38,91,3,1,121,0.5681,0.9054,,0.3373,125.3830899,27.09912955,322.0903305,-15.20966953,-4.722175146,
434,"28/11/24, Thu",46190,,CIAT8529,Mimosa,albolanata,Mimosa albolanata,Fabaceae,Fabales,Shurb_tree,F263170,38,91,3,2,122,0.5814,0.9637,,0.3823,80.19812769,17.34020591,321.9615716,-60.33842841,-18.74087895,
435,"28/11/24, Thu",46190,,CIAT33510,Phyllodium,pulchellum,Phyllodium pulchellum,Fabaceae,Fabales,Shurb_tree,F263171,38,91,3,1,123,0.5635,0.86,,0.2965,170.7751662,36.54702379,270.6657173,-25.83428267,-9.544719192,
436,"28/11/24, Thu",46190,,CIAT33510,Phyllodium,pulchellum,Phyllodium pulchellum,Fabaceae,Fabales,Shurb_tree,F263171,38,91,3,2,124,0.5527,0.8323,,0.2796,187.4884055,40.1398115,270.5575376,-9.042462412,-3.342158748,
437,"28/11/24, Thu",46190,,CIAT33499,Phyllodium,pulchellum,Phyllodium pulchellum,Fabaceae,Fabales,Shurb_tree,F263172,38,91,3,1,125,0.5905,0.8924,,0.3019,163.7853265,35.1708154,321.3351555,19.43515547,6.0482506,
438,"28/11/24, Thu",46190,,CIAT33499,Phyllodium,pulchellum,Phyllodium pulchellum,Fabaceae,Fabales,Shurb_tree,F263172,38,91,3,2,126,0.5772,0.8917,,0.3145,151.5578748,32.51911039,321.5922236,7.092223591,2.205346731,
439,"28/11/24, Thu",46190,,CIAT23111,Phyllodium,elegans,Phyllodium elegans,Fabaceae,Fabales,Shurb_tree,F263173,38,91,3,1,127,0.5609,0.8462,Residuo de muestra en la manguera despues del clip 8h,0.2853,180.8334703,38.79435437,286.3366822,1.036682156,0.362050069,
440,"28/11/24, Thu",46190,,CIAT23111,Phyllodium,elegans,Phyllodium elegans,Fabaceae,Fabales,Shurb_tree,F263173,38,91,3,2,128,0.5396,0.8144,,0.2748,191.7063771,41.09405284,286.5657515,11.7657515,4.105777275,
441,"28/11/24, Thu",46190,,CIAT23110,Phyllodium,elegans,Phyllodium elegans,Fabaceae,Fabales,Shurb_tree,F263174,38,91,3,1,129,0.5517,0.8295,,0.2778,188.8016495,40.46313375,283.2786267,5.478626689,1.934006371,
442,"28/11/24, Thu",46190,,CIAT23110,Phyllodium,elegans,Phyllodium elegans,Fabaceae,Fabales,Shurb_tree,F263174,38,91,3,2,130,0.5257,0.784,,0.2583,208.3016495,44.64228743,283.2786267,24.97862669,8.817688429,
443,"28/11/24, Thu",46190,,CIAT9360,Clitoria,falcata,Clitoria falcata,Fabaceae,Fabales,Herbaceous_climber,F263175,38,91,3,1,131,0.5678,0.8801,,0.3123,154.126687,33.0441399,345.3285578,33.02855777,9.564386444,
444,"28/11/24, Thu",46190,,CIAT9360,Clitoria,falcata,Clitoria falcata,Fabaceae,Fabales,Herbaceous_climber,F263175,38,91,3,2,132,0.5413,0.8337,,0.2924,173.9334203,37.29808174,345.2595059,52.85950586,15.3100798,
445,"28/11/24, Thu",46190,,CIAT21292,Canavalia,Gladiata,Canavalia Gladiata,Fabaceae,Fabales,Herbaceous_climber,F263176,38,91,3,1,133,0.5591,0.723,,0.1639,297.4343577,64.47262224,224.5798957,60.67989575,27.01929108,
446,"28/11/24, Thu",46190,,CIAT21292,Canavalia,Gladiata,Canavalia Gladiata,Fabaceae,Fabales,Herbaceous_climber,F263176,38,91,3,2,134,0.5705,0.7167,,0.1462,315.4109923,68.32831054,224.7145629,78.51456288,34.9396861,
447,"28/11/24, Thu",46190,,CIAT23035,Desmodium,laxiflorum,Desmodium laxiflorum,Fabaceae,Fabales,Herbaceous,F260521,38,91,3,1,135,0.5519,0.7843,,0.2324,228.6499846,49.59331791,234.0386982,1.63869819,0.700182578,
448,"28/11/24, Thu",46190,,CIAT23035,Desmodium,laxiflorum,Desmodium laxiflorum,Fabaceae,Fabales,Herbaceous,F260521,38,91,3,2,136,0.5722,0.8001,,0.2279,233.4265593,50.5989856,234.1790933,6.27909333,2.681321053,
449,"28/11/24, Thu",46190,,CIAT33726,Desmodium,sandwicense,Desmodium sandwicense,Fabaceae,Fabales,Herbaceous,F260526,38,91,3,1,137,0.5654,0.8735,Residuo de muestra en la manguera despues del clip 8h,0.3081,158.8747637,34.02213054,283.5426357,-24.55736429,-8.660907109,
450,"28/11/24, Thu",46190,,CIAT33726,Desmodium,sandwicense,Desmodium sandwicense,Fabaceae,Fabales,Herbaceous,F260526,38,91,3,2,138,0.5945,0.9327,,0.3382,129.1482688,27.63426709,283.7694245,-54.43057554,-19.18126861,
451,"28/11/24, Thu",46190,,CIAT13930,Desmodium,glabrum,Desmodium glabrum,Fabaceae,Fabales,Shurb_Tree,F260532,38,91,3,1,139,0.5717,0.7073,,0.1356,325.0741415,70.56487704,162.9885116,27.38851157,16.8039522,
452,"28/11/24, Thu",46190,,CIAT13930,Desmodium,glabrum,Desmodium glabrum,Fabaceae,Fabales,Shurb_Tree,F260532,38,91,3,2,140,0.5731,0.7063,,0.1332,327.1059703,71.06272597,162.858251,29.65825103,18.21108285,
453,"28/11/24, Thu",46190,,CIAT21082,Flemingia,stricta,Flemingia stricta,Fabaceae,Fabales,Shurb_Tree,F260533,38,91,3,1,141,0.535,0.9001,,0.3651,107.9947805,22.82730332,307.1059515,-57.99404854,-18.88405232,
454,"28/11/24, Thu",46190,,CIAT21082,Flemingia,stricta,Flemingia stricta,Fabaceae,Fabales,Shurb_Tree,F260533,38,91,3,2,142,0.5589,0.8887,,0.3298,142.8222528,30.21911303,306.7992136,-23.00078641,-7.497016091,
455,"28/11/24, Thu",46190,,CIAT21091,Flemingia,stricta,Flemingia stricta,Fabaceae,Fabales,Shurb_Tree,F260535,38,91,3,1,143,0.5568,0.9215,,0.3647,96.19737026,20.87175507,326.5966006,-38.10339937,-11.66680832,
456,"28/11/24, Thu",46190,,CIAT21091,Flemingia,stricta,Flemingia stricta,Fabaceae,Fabales,Shurb_Tree,F260535,38,91,3,2,144,0.5805,0.9479,,0.3674,93.40526447,20.27000811,326.5313335,-40.86866647,-12.51600146,
457,"28/11/24, Thu",46190,,CIAT21115,Flemingia,lineata,Flemingia lineata,Fabaceae,Fabales,Shurb_Tree,F260536,38,91,3,1,145,0.5433,0.854,,0.3107,151.8811665,32.83340903,298.3753774,-12.32462259,-4.130576289,
458,"28/11/24, Thu",46190,,CIAT21115,Flemingia,lineata,Flemingia lineata,Fabaceae,Fabales,Shurb_Tree,F260536,38,91,3,2,146,0.5386,0.8631,,0.3245,137.8037842,29.80805889,298.1964595,-26.30354047,-8.82087618,
459,"28/11/24, Thu",46190,,CIAT8539,Canavalia,grandiflora,Canavalia grandiflora,Fabaceae,Fabales,Climber,F261034,38,91,3,1,147,0.5438,0.8211,,0.2773,189.11149,40.54606159,237.2272879,-40.07271208,-16.89211744,
460,"28/11/24, Thu",46190,,CIAT8539,Canavalia,grandiflora,Canavalia grandiflora,Fabaceae,Fabales,Climber,F261034,38,91,3,2,148,0.5473,0.8412,,0.2939,172.418245,36.97437251,237.1798614,-56.72013856,-23.91439906,
461,"28/11/24, Thu",46190,,CIAT8589,Galactia,jussiaeana,Galactia jussiaeana,Fabaceae,Fabales,Climber,F261036,38,91,3,1,149,0.5461,0.8145,,0.2684,203.7372569,43.1521245,250.726006,-17.67399399,-7.049126761,
462,"28/11/24, Thu",46190,,CIAT8589,Galactia,jussiaeana,Galactia jussiaeana,Fabaceae,Fabales,Climber,F261036,38,91,3,2,150,0.5427,0.8202,,0.2775,194.6372569,41.22471888,250.726006,-26.77399399,-10.67858672,
463,"28/11/24, Thu",46190,,CIAT18701,Cajanus,cajan,Cajanus cajan,Fabaceas,Fabales,Arbustivas,F261087,38,91,3,1,151,0.5492,0.8837,,0.3345,126.06816,27.37231336,282.4894809,-52.01051906,-18.41148877,
464,"28/11/24, Thu",46190,,CIAT18701,Cajanus,cajan,Cajanus cajan,Fabaceas,Fabales,Arbustivas,F261087,38,91,3,2,152,0.5596,0.8644,,0.3048,155.8602,33.8340929,282.5459337,-22.25406633,-7.876264946,
465,"28/11/24, Thu",46190,,Sample 8,Cynodon,nlemfuensis,Cynodon nlemfuensis ,Poaceae,Poales,Grasses,F250008,38,91,3,1,153,0.5562,0.849,,0.2928,176.0421411,37.54827599,356.5544483,63.7544483,17.88070479,
466,"28/11/24, Thu",46190,,Sample 8,Cynodon,nlemfuensis,Cynodon nlemfuensis ,Poaceae,Poales,,F250008,38,91,3,2,154,0.5763,0.847,,0.2707,198.4233339,42.29662427,356.7682954,86.06829543,24.12442376,
467,"28/11/24, Thu",,,BLANK 24 H,BLANK,24,BLANK 24 H,,,,BLANK 24 H,38,91,3,1,155,,,,,,,,,#DIV/0!,
468,"28/11/24, Thu",,,BLANK 24 H,BLANK,24,BLANK 24 H,,,,BLANK 24 H,38,91,3,2,156,,,,,,,,,#DIV/0!,
469,"28/11/24, Thu",,,BLANK 24 H,,,BLANK 24 H,,,,BLANK 24 H,39,92,1,1,1,,,,,,,,,#DIV/0!,
470,"28/11/24, Thu",,,BLANK 24 H,,,BLANK 24 H,,,,BLANK 24 H,39,92,1,2,2,,,,,,,,,#DIV/0!,
471,"28/11/24, Thu",46204,,CIAT_BR04_3025_Llan,Urochloa,interespecifico,Urochloa interespecifico,Poaceae,Poales,grasses,F262903,39,92,1,1,3,0.5917,0.8217,,0.23,237.4418205,50.79601569,282.3610831,52.36108314,18.54401554,
472,"28/11/24, Thu",46204,,CIAT_BR04_3025_Llan,Urochloa,interespecifico,Urochloa interespecifico,Poaceae,Poales,grasses,F262903,39,92,1,2,4,0.5608,0.7673,,0.2065,260.9418205,55.82337931,282.3610831,75.86108314,26.86669221,
473,"28/11/24, Thu",46204,,CIAT_BR02_1752_Llan,Urochloa,interespecifico,Urochloa interespecifico,Poaceae,Poales,grasses,F262904,39,92,1,1,5,0.5713,0.801,,0.2297,239.548418,51.04938212,303.1932922,73.4932922,24.23974873,
474,"28/11/24, Thu",46204,,CIAT_BR02_1752_Llan,Urochloa,interespecifico,Urochloa interespecifico,Poaceae,Poales,grasses,F262904,39,92,1,2,6,0.5847,0.8121,,0.2274,241.9422301,51.5492139,303.2539066,75.85390662,25.01333205,
475,"28/11/24, Thu",46204,,CIAT_CIAT_606_Llan,Urochloa,interespecifico,Urochloa interespecifico,Poaceae,Poales,grasses,F262905,39,92,1,1,7,0.5762,0.8398,,0.2636,207.4985479,44.04567767,328.3999509,64.79995095,19.73202212,
476,"28/11/24, Thu",46204,,CIAT_CIAT_606_Llan,Urochloa,interespecifico,Urochloa interespecifico,Poaceae,Poales,grasses,F262905,39,92,1,2,8,0.5536,0.7967,,0.2431,228.09273,48.40752318,328.4656047,85.36560468,25.98920662,
477,"28/11/24, Thu",46204,,CIAT_BR02_1794_Llan,Urochloa,interespecifico,Urochloa interespecifico,Poaceae,Poales,grasses,F262906,39,92,1,1,9,0.58,0.815,,0.235,234.5530838,49.95241047,276.0951953,41.09519528,14.88442971,
478,"28/11/24, Thu",46204,,CIAT_BR02_1794_Llan,Urochloa,interespecifico,Urochloa interespecifico,Poaceae,Poales,grasses,F262906,39,92,1,2,10,0.5861,0.814,,0.2279,241.9347593,51.49358461,276.2608193,48.36081927,17.50549332,
479,"28/11/24, Thu",46204,,CIAT_CIAT_6294_Llan,Urochloa,interespecifico,Urochloa interespecifico,Poaceae,Poales,grasses,F262907,39,92,1,1,11,0.5618,0.8054,,0.2436,228.2900649,48.37780701,380.3433923,136.7433923,35.95261416,
480,"28/11/24, Thu",46204,,CIAT_CIAT_6294_Llan,Urochloa,interespecifico,Urochloa interespecifico,Poaceae,Poales,grasses,F262907,39,92,1,2,12,0.5737,0.8289,,0.2552,216.5957435,45.90879559,380.2673693,125.0673693,32.88932456,
481,"03/12/24, Tue",46204,,CIAT_Mulato_II_Llan,Urochloa,interespecifico,Urochloa interespecifico,Poaceae,Poales,grasses,F262908,39,92,1,1,13,0.547,0.7891,,0.2421,227.8567258,48.48461854,278.0753515,35.97535153,12.9372673,
482,"03/12/24, Tue",46204,,CIAT_Mulato_II_Llan,Urochloa,interespecifico,Urochloa interespecifico,Poaceae,Poales,grasses,F262908,39,92,1,2,14,0.5663,0.8029,,0.2366,232.981061,49.61466301,277.8530691,41.25306907,14.84708059,
483,"03/12/24, Tue",46204,,CIAT_BR04_3025_Qu,Urochloa,interespecifico,Urochloa interespecifico,Poaceae,Poales,grasses,F262909,39,92,1,1,15,0.562,0.7766,,0.2146,257.5651879,54.54980471,256.5795996,41.97959964,16.36123827,
484,"03/12/24, Tue",46204,,CIAT_BR04_3025_Qu,Urochloa,interespecifico,Urochloa interespecifico,Poaceae,Poales,grasses,F262909,39,92,1,2,16,0.5586,0.7801,,0.2215,250.6651879,53.08845174,256.5795996,35.07959964,13.67201433,
485,"03/12/24, Tue",46204,,CIAT_BR02_1752_Qu,Urochloa,interespecifico,Urochloa interespecifico,Poaceae,Poales,grasses,F262910,39,92,1,1,17,0.5688,0.7755,,0.2067,251.18308,54.85747148,258.5845014,51.88450139,20.06481483,
486,"03/12/24, Tue",46204,,CIAT_BR02_1752_Qu,Urochloa,interespecifico,Urochloa interespecifico,Poaceae,Poales,grasses,F262910,39,92,1,2,18,0.5713,0.7621,,0.1908,266.99154,58.32164133,258.5328052,67.73280517,26.19892092,
487,"03/12/24, Tue",46204,,CIAT_CIAT_606_Qu,Urochloa,interespecifico,Urochloa interespecifico,Poaceae,Poales,grasses,F262911,39,92,1,1,19,0.5704,0.7792,,0.2088,263.6555278,55.80536416,265.398968,56.59896802,21.32599401,
488,"03/12/24, Tue",46204,,CIAT_CIAT_606_Qu,Urochloa,interespecifico,Urochloa interespecifico,Poaceae,Poales,grasses,F262911,39,92,1,2,20,0.5708,0.7619,,0.1911,281.6390011,59.57600292,265.5582074,74.4582074,28.03837551,
489,"03/12/24, Tue",46204,,CIAT_BR02_1794_Qu,Urochloa,interespecifico,Urochloa interespecifico,Poaceae,Poales,grasses,F262912,39,92,1,1,21,0.5669,0.7437,,0.1768,294.4205851,62.48041669,300.0270959,123.2270959,41.07198903,
490,"03/12/24, Tue",46204,,CIAT_BR02_1794_Qu,Urochloa,interespecifico,Urochloa interespecifico,Poaceae,Poales,grasses,F262912,39,92,1,2,22,0.5645,0.776,,0.2115,260.0974862,55.1524327,300.2670696,88.76706962,29.56270554,
491,"03/12/24, Tue",46204,,CIAT_CIAT_6294_Qu,Urochloa,interespecifico,Urochloa interespecifico,Poaceae,Poales,grasses,F262913,39,92,1,1,23,0.5882,0.7719,,0.1837,286.2771961,60.91299715,275.8121226,92.11212264,33.39669111,
492,"03/12/24, Tue",46204,,CIAT_CIAT_6294_Qu,Urochloa,interespecifico,Urochloa interespecifico,Poaceae,Poales,grasses,F262913,39,92,1,2,24,0.5712,0.7624,,0.1912,278.6832758,59.30904336,275.7570043,84.55700431,30.66359258,
493,"03/12/24, Tue",46204,,CIAT_Mulato_II_Qu,Urochloa,interespecifico,Urochloa interespecifico,Poaceae,Poales,grasses,F262914,39,92,1,1,25,0.5592,0.776,,0.2168,251.8513015,53.73959289,267.9812219,51.18122192,19.09880907,
494,"03/12/24, Tue",46204,,CIAT_Mulato_II_Qu,Urochloa,interespecifico,Urochloa interespecifico,Poaceae,Poales,grasses,F262914,39,92,1,2,26,0.5656,0.8105,,0.2449,224.2198591,47.79585744,268.2491496,23.34914955,8.704277196,
495,"03/12/24, Tue",46204,,CIAT-BR04_2515,Urochloa,interespecifico,Urochloa interespecifico,Poaceae,Poales,grasses,F262915,39,92,1,1,27,0.5883,0.8,,0.2117,262.3525533,55.34250401,270.2258634,58.52586337,21.658128,
496,"03/12/24, Tue",46204,,CIAT-BR04_2515,Urochloa,interespecifico,Urochloa interespecifico,Poaceae,Poales,grasses,F262915,39,92,1,2,28,0.5677,0.7957,,0.228,245.6736901,51.86559761,270.0098986,42.00989864,15.55865131,
497,"03/12/24, Tue",46204,,CIAT-BR05_931,Urochloa,interespecifico,Urochloa interespecifico,Poaceae,Poales,grasses,F262916,39,92,1,1,29,0.5763,0.7741,,0.1978,273.8443509,58.06162002,243.0081139,45.20811392,18.60354092,
498,"03/12/24, Tue",46204,,CIAT-BR05_931,Urochloa,interespecifico,Urochloa interespecifico,Poaceae,Poales,grasses,F262916,39,92,1,2,30,0.5778,0.8542,,0.2764,195.1500597,41.38480225,242.9595317,-33.44046827,-13.76380175,
499,"03/12/24, Tue",46204,,CIAT-BR09_5252,Urochloa,interespecifico,Urochloa interespecifico,Poaceae,Poales,grasses,F262917,39,92,1,1,31,0.5818,0.7998,,0.218,253.5678235,53.77123096,267.5542081,49.5542081,18.52118434,
500,"03/12/24, Tue",46204,,CIAT-BR09_5252,Urochloa,interespecifico,Urochloa interespecifico,Poaceae,Poales,grasses,F262917,39,92,1,2,32,0.58,0.8139,,0.2339,237.9506511,50.42923021,267.7146764,33.81467644,12.63086391,
501,"03/12/24, Tue",46204,,CIAT-BR12_1176,Urochloa,interespecifico,Urochloa interespecifico,Poaceae,Poales,grasses,F262918,39,92,1,1,33,0.5622,0.772,,0.2098,260.1286161,55.35492141,273.9900615,64.19006151,23.42787952,
502,"03/12/24, Tue",46204,,CIAT-BR12_1176,Urochloa,interespecifico,Urochloa interespecifico,Poaceae,Poales,grasses,F262918,39,92,1,2,34,0.5361,0.7318,,0.1957,273.9469406,58.33040033,273.8258317,78.1258317,28.53121315,
503,"03/12/24, Tue",46204,,CIAT-BR12_1280,Urochloa,interespecifico,Urochloa interespecifico,Poaceae,Poales,grasses,F262919,39,92,1,1,35,0.5325,0.7251,,0.1926,282.5136314,59.46232916,284.0597387,91.45973874,32.19736072,
504,"03/12/24, Tue",46204,,CIAT-BR12_1280,Urochloa,interespecifico,Urochloa interespecifico,Poaceae,Poales,grasses,F262919,39,92,1,2,36,0.5999,0.7956,,0.1957,279.1287911,58.78514453,283.8894391,88.18943914,31.06471287,
505,"03/12/24, Tue",46204,,CIAT-BR12_1282,Urochloa,interespecifico,Urochloa interespecifico,Poaceae,Poales,grasses,F262920,39,92,1,1,37,0.5531,0.767,,0.2139,259.5237446,54.81848926,284.6227279,70.72272791,24.84788493,
506,"03/12/24, Tue",46204,,CIAT-BR12_1282,Urochloa,interespecifico,Urochloa interespecifico,Poaceae,Poales,grasses,F262920,39,92,1,2,38,0.5763,0.7665,,0.1902,283.507742,59.84866129,284.7934674,94.5934674,33.21476025,
507,"03/12/24, Tue",46204,,CIAT-BR12_1325,Urochloa,interespecifico,Urochloa interespecifico,Poaceae,Poales,grasses,F262921,39,92,1,1,39,0.5316,0.7451,,0.2135,261.1686529,55.02125563,271.8042531,58.30425306,21.45082441,
508,"03/12/24, Tue",46204,,CIAT-BR12_1325,Urochloa,interespecifico,Urochloa interespecifico,Poaceae,Poales,grasses,F262921,39,92,1,2,40,0.5638,0.7665,,0.2027,272.1584444,57.31359474,271.9129313,69.21293129,25.45407861,
509,"03/12/24, Tue",46204,,CIAT-BR12_1399,Urochloa,interespecifico,Urochloa interespecifico,Poaceae,Poales,grasses,F262922,39,92,1,1,41,0.5801,0.7873,,0.2072,268.9852726,56.48752451,272.0655626,64.86556262,23.84188649,
510,"03/12/24, Tue",46204,,CIAT-BR12_1399,Urochloa,interespecifico,Urochloa interespecifico,Poaceae,Poales,grasses,F262922,39,92,1,2,42,0.5435,0.7407,,0.1972,278.8901117,58.57926994,272.011193,74.81119301,27.50298331,
511,"03/12/24, Tue",46204,,CIAT-BR12_1418,Urochloa,interespecifico,Urochloa interespecifico,Poaceae,Poales,grasses,F262923,43,104,1,1,17,0.5354,0.7286,,0.1932,275.975,58.82133532,266.5311963,73.3311963,27.51317569,
512,"03/12/24, Tue",46204,,CIAT-BR12_1418,Urochloa,interespecifico,Urochloa interespecifico,Poaceae,Poales,grasses,F262923,43,104,1,2,18,0.555,0.7634,,0.2084,260.8688162,55.59048614,266.5844919,58.18449188,21.82591023,
513,"03/12/24, Tue",46204,,CIAT-BR12_1509,Urochloa,interespecifico,Urochloa interespecifico,Poaceae,Poales,grasses,F262924,39,92,1,1,45,0.5893,0.7975,,0.2082,265.1013091,56.01110836,278.0165143,69.81651429,25.11236229,
514,"03/12/24, Tue",46204,,CIAT-BR12_1509,Urochloa,interespecifico,Urochloa interespecifico,Poaceae,Poales,grasses,F262924,39,92,1,2,46,0.5669,0.7668,,0.1999,273.6852331,57.79006902,278.1832908,78.28329084,28.14090329,
515,"03/12/24, Tue",46204,,CIAT-BR12_1535,Urochloa,interespecifico,Urochloa interespecifico,Poaceae,Poales,grasses,F262925,39,92,1,1,47,0.5778,0.8146,,0.2368,237.6856604,50.09332847,275.259068,38.45906801,13.97195315,
516,"03/12/24, Tue",46204,,CIAT-BR12_1535,Urochloa,interespecifico,Urochloa interespecifico,Poaceae,Poales,grasses,F262925,39,92,1,2,48,0.5588,0.7316,,0.1728,301.4960179,63.56705655,275.1490524,102.3490524,37.19767577,
517,"03/12/24, Tue",46204,,CIAT-BR12_1685,Urochloa,interespecifico,Urochloa interespecifico,Poaceae,Poales,grasses,F262926,39,92,1,1,49,0.601,0.803,,0.202,271.4946558,57.33848365,277.5926389,75.59263893,27.2314998,
518,"03/12/24, Tue",46204,,CIAT-BR12_1685,Urochloa,interespecifico,Urochloa interespecifico,Poaceae,Poales,grasses,F262926,39,92,1,2,50,0.5656,0.7661,,0.2005,272.9946558,57.65527709,277.5926389,77.09263893,27.77185995,
519,"03/12/24, Tue",46204,,CIAT-BR12_1844,Urochloa,interespecifico,Urochloa interespecifico,Poaceae,Poales,grasses,F262927,39,92,1,1,51,0.5699,0.7971,,0.2272,243.8749239,51.76988023,290.6643357,63.46433568,21.83423554,
520,"03/12/24, Tue",46204,,CIAT-BR12_1844,Urochloa,interespecifico,Urochloa interespecifico,Poaceae,Poales,grasses,F262927,39,92,1,2,52,0.5571,0.7757,,0.2186,252.56912,53.60476934,290.7224569,72.12245692,24.80801025,
521,"03/12/24, Tue",46204,,CIAT-BR12_1888,Urochloa,interespecifico,Urochloa interespecifico,Poaceae,Poales,grasses,F262928,39,92,1,1,53,0.533,0.7685,,0.2355,232.9388755,49.72663194,293.6607525,58.16075253,19.80542242,
522,"03/12/24, Tue",46204,,CIAT-BR12_1888,Urochloa,interespecifico,Urochloa interespecifico,Poaceae,Poales,grasses,F262928,39,92,1,2,54,0.5566,0.7611,,0.2045,264.0325258,56.35308357,293.7194612,89.2194612,30.37574045,
523,"03/12/24, Tue",46204,,CIAT-BR12_1939,Urochloa,interespecifico,Urochloa interespecifico,Poaceae,Poales,grasses,F262929,39,92,1,1,55,0.5639,0.7893,,0.2254,247.2903754,52.3155089,292.9530845,67.55308452,23.05935254,
524,"03/12/24, Tue",46204,,CIAT-BR12_1939,Urochloa,interespecifico,Urochloa interespecifico,Poaceae,Poales,grasses,F262929,39,92,1,2,56,0.5568,0.782,,0.2252,247.5848757,52.36734262,293.0116517,67.81165171,23.14298811,
525,"03/12/24, Tue",46204,,CIAT-BR12_2243,Urochloa,interespecifico,Urochloa interespecifico,Poaceae,Poales,grasses,F262930,39,92,1,1,57,0.5913,0.7939,,0.2026,271.9858481,57.3101472,291.9226269,89.32262691,30.59804848,
526,"03/12/24, Tue",46204,,CIAT-BR12_2243,Urochloa,interespecifico,Urochloa interespecifico,Poaceae,Poales,grasses,F262930,39,92,1,2,58,0.6005,0.8434,,0.2429,231.6858481,48.81853284,291.9226269,49.02262691,16.79302061,
527,"03/12/24, Tue",46204,,CIAT-BR12_2254,Urochloa,interespecifico,Urochloa interespecifico,Poaceae,Poales,grasses,F262931,39,92,1,1,59,0.5634,0.804,,0.2406,220.175,47.78362541,299.1460198,58.54601984,19.57105091,
528,"03/12/24, Tue",46204,,CIAT-BR12_2254,Urochloa,interespecifico,Urochloa interespecifico,Poaceae,Poales,grasses,F262931,39,92,1,2,60,0.6061,0.8058,,0.1997,260.9828634,56.65130704,299.0862026,99.3862026,33.22995235,
529,"03/12/24, Tue",46204,,CIAT-BR12_2255,Urochloa,interespecifico,Urochloa interespecifico,Poaceae,Poales,grasses,F262932,39,92,1,1,61,0.5615,0.7789,,0.2174,249.3899577,53.42659018,278.9621937,61.56219373,22.06829281,
530,"03/12/24, Tue",46204,,CIAT-BR12_2255,Urochloa,interespecifico,Urochloa interespecifico,Poaceae,Poales,grasses,F262932,39,92,1,2,62,0.5721,0.7801,,0.208,258.9765617,55.45814992,279.0737117,71.0737117,25.46772008,
531,"03/12/24, Tue",46204,,CIAT-BR12_2305,Urochloa,interespecifico,Urochloa interespecifico,Poaceae,Poales,grasses,F262933,39,92,1,1,63,0.5839,0.7919,,0.208,253.2804559,54.90812642,300.5802028,92.58020277,30.80049914,
532,"04/12/24, Wed",46204,,CIAT-BR12_2305,Urochloa,interespecifico,Urochloa interespecifico,Poaceae,Poales,grasses,F262933,39,92,1,2,64,0.5565,0.7644,,0.2079,253.2882735,54.92079657,300.5201348,92.62013479,30.81994318,
533,"04/12/24, Wed",46204,,CIAT-BR12_2316,Urochloa,interespecifico,Urochloa interespecifico,Poaceae,Poales,grasses,F262934,39,92,1,1,65,0.5744,0.8027,,0.2283,237.1982695,50.95577901,276.9053491,48.60534912,17.55305532,
534,"04/12/24, Wed",46204,,CIAT-BR12_2316,Urochloa,interespecifico,Urochloa interespecifico,Poaceae,Poales,grasses,F262934,39,92,1,2,66,0.5559,0.8045,,0.2486,217.3636747,46.64820167,277.1821991,28.5821991,10.31170082,
535,"04/12/24, Wed",46204,,CIAT-BR12_2367,Urochloa,interespecifico,Urochloa interespecifico,Poaceae,Poales,grasses,F262935,39,92,1,1,67,0.5784,0.8353,,0.2569,208.2967856,44.77605866,278.4996821,21.59968206,7.755729522,
536,"04/12/24, Wed",46204,,CIAT-BR12_2367,Urochloa,interespecifico,Urochloa interespecifico,Poaceae,Poales,grasses,F262935,39,92,1,2,68,0.5651,0.7711,,0.206,258.7320536,55.67338246,278.2214606,72.2214606,25.95826377,
537,"04/12/24, Wed",46204,,CIAT-BR12_2461,Urochloa,interespecifico,Urochloa interespecifico,Poaceae,Poales,grasses,F262936,39,92,1,1,69,0.5653,0.7764,,0.2111,260.4576957,55.23347367,309.2584659,98.15846589,31.73994465,
538,"04/12/24, Wed",46204,,CIAT-BR12_2461,Urochloa,interespecifico,Urochloa interespecifico,Poaceae,Poales,grasses,F262936,39,92,1,2,70,0.5466,0.7729,,0.2263,244.8807511,51.97172221,309.0112569,82.71125688,26.76642195,
539,"04/12/24, Wed",46204,,CIAT-BR12_3018,Urochloa,interespecifico,Urochloa interespecifico,Poaceae,Poales,grasses,F262937,39,92,1,1,71,0.5576,0.7695,,0.2119,254.6081264,54.57742577,289.6284405,77.72844047,26.83729552,
540,"04/12/24, Wed",46204,,CIAT-BR12_3018,Urochloa,interespecifico,Urochloa interespecifico,Poaceae,Poales,grasses,F262937,39,92,1,2,72,0.5725,0.7927,,0.2202,246.121635,52.77937298,289.5126586,69.31265856,23.94114955,
541,"04/12/24, Wed",46204,,CIAT-BR12_3067,Urochloa,interespecifico,Urochloa interespecifico,Poaceae,Poales,grasses,F262938,39,92,1,1,73,0.574,0.7566,,0.1826,276.7983214,60.25235803,296.9655485,114.3655485,38.51138594,
542,"04/12/24, Wed",46204,,CIAT-BR12_3067,Urochloa,interespecifico,Urochloa interespecifico,Poaceae,Poales,grasses,F262938,39,92,1,2,74,0.5627,0.7575,,0.1948,264.4147089,57.579756,296.8468572,102.0468572,34.37693704,
543,"04/12/24, Wed",46204,,CIAT-BR12_3069,Urochloa,interespecifico,Urochloa interespecifico,Poaceae,Poales,grasses,F262939,39,92,1,1,75,0.5575,0.784,,0.2265,241.4951686,51.60206447,282.3965238,55.8965238,19.79363027,
544,"04/12/24, Wed",46204,,CIAT-BR12_3069,Urochloa,interespecifico,Urochloa interespecifico,Poaceae,Poales,grasses,F262939,39,92,1,2,76,0.5719,0.8117,,0.2398,228.101607,48.74990887,282.3400671,42.54006708,15.06696075,
545,"04/12/24, Wed",,,BLANK 8 H,,,BLANK 8 H,,,,BLANK 8 H,39,92,1,1,77,,,,,,,,,#DIV/0!,
546,"04/12/24, Wed",,,BLANK 8 H,,,BLANK 8 H,,,,BLANK 8 H,39,92,1,2,78,,,,,,,,,#DIV/0!,
547,"04/12/24, Wed",46204,,CIAT-BR12_3358,Urochloa,interespecifico,Urochloa interespecifico,Poaceae,Poales,grasses,F262940,39,92,1,1,79,0.5579,0.7813,,0.2234,238.3904063,51.62307468,275.0231717,51.62317172,18.77048083,
548,"04/12/24, Wed",46204,,CIAT-BR12_3358,Urochloa,interespecifico,Urochloa interespecifico,Poaceae,Poales,grasses,F262940,39,92,1,2,80,0.5333,0.748,,0.2147,247.0904063,53.50704626,275.0231717,60.32317172,21.93385064,
549,"04/12/24, Wed",46204,,CIAT-BR12_3377,Urochloa,interespecifico,Urochloa interespecifico,Poaceae,Poales,grasses,F262941,39,92,1,1,81,0.5681,0.7969,,0.2288,233.609853,50.52008548,258.3831006,29.58310059,11.44931713,
550,"04/12/24, Wed",46204,,CIAT-BR12_3377,Urochloa,interespecifico,Urochloa interespecifico,Poaceae,Poales,grasses,F262941,39,92,1,2,82,0.5546,0.7869,,0.2323,230.0174265,49.75313785,258.331455,26.03145495,10.07676551,
551,"04/12/24, Wed",46204,,CIAT-BR12_49,Urochloa,interespecifico,Urochloa interespecifico,Poaceae,Poales,grasses,F262942,39,92,1,1,83,0.5654,0.7993,,0.2339,232.85,49.88752009,285.5192783,51.61927831,18.07908685,
552,"04/12/24, Wed",46204,,CIAT-BR12_49,Urochloa,interespecifico,Urochloa interespecifico,Poaceae,Poales,grasses,F262942,39,92,1,2,84,0.5755,0.7901,,0.2146,252.15,54.02249598,285.5192783,70.91927831,24.83870046,
553,"04/12/24, Wed",46204,,CIAT-BR12_61,Urochloa,interespecifico,Urochloa interespecifico,Poaceae,Poales,grasses,F262943,39,92,1,1,85,0.56,0.781,,0.221,240.1691581,52.07832178,275.3333197,54.33331972,19.73365221,
554,"04/12/24, Wed",46204,,CIAT-BR12_61,Urochloa,interespecifico,Urochloa interespecifico,Poaceae,Poales,grasses,F262943,39,92,1,2,86,0.5746,0.788,,0.2134,247.861355,53.73555628,275.3883644,61.98836437,22.50943482,
555,"04/12/24, Wed",46204,,CIAT-BR12_91,Urochloa,interespecifico,Urochloa interespecifico,Poaceae,Poales,grasses,F262944,39,92,1,1,87,0.6019,0.7864,,0.1845,279.5263735,60.23932894,264.9412329,80.44123294,30.36191538,
556,"04/12/24, Wed",46204,,CIAT-BR12_91,Urochloa,interespecifico,Urochloa interespecifico,Poaceae,Poales,grasses,F262944,39,92,1,2,88,0.5616,0.7839,,0.2223,241.7263735,52.09324023,264.9412329,42.64123294,16.09460048,
557,"04/12/24, Wed",46204,,CIAT-BR15_1468,Urochloa,interespecifico,Urochloa interespecifico,Poaceae,Poales,grasses,F262945,39,92,1,1,89,0.5828,0.788,,0.2052,256.6423315,55.56925254,272.7211968,67.52119676,24.75832373,
558,"04/12/24, Wed",46204,,CIAT-BR15_1468,Urochloa,interespecifico,Urochloa interespecifico,Poaceae,Poales,grasses,F262945,39,92,1,2,90,0.5529,0.7826,,0.2297,232.2346631,50.27435298,272.7757192,43.0757192,15.79162519,
559,"04/12/24, Wed",46204,,CIAT-BR15_1628,Urochloa,interespecifico,Urochloa interespecifico,Poaceae,Poales,grasses,F262946,39,92,1,1,91,0.5653,0.7466,,0.1813,280.1687325,60.71239778,262.6722529,81.37225291,30.97862527,
560,"04/12/24, Wed",46204,,CIAT-BR15_1628,Urochloa,interespecifico,Urochloa interespecifico,Poaceae,Poales,grasses,F262946,39,92,1,2,92,0.5874,0.8133,,0.2259,235.3843663,51.02803899,262.5673099,36.66730994,13.96491816,
561,"04/12/24, Wed",46204,,CIAT-BR15_1689,Urochloa,interespecifico,Urochloa interespecifico,Poaceae,Poales,grasses,F262947,39,92,1,1,93,0.5659,0.7403,,0.1744,287.4941881,62.24243463,259.033721,84.63372105,32.67285846,
562,"04/12/24, Wed",46204,,CIAT-BR15_1689,Urochloa,interespecifico,Urochloa interespecifico,Poaceae,Poales,grasses,F262947,39,92,1,2,94,0.5687,0.7567,,0.188,273.7095043,59.28175655,258.930149,70.93014899,27.39354581,
563,"04/12/24, Wed",46204,,CIAT-BR15_1712,Urochloa,interespecifico,Urochloa interespecifico,Poaceae,Poales,grasses,F262948,39,92,1,1,95,0.5611,0.7537,,0.1926,283.4866308,59.5451778,283.7655568,91.16555683,32.12706921,
564,"04/12/24, Wed",46204,,CIAT-BR15_1712,Urochloa,interespecifico,Urochloa interespecifico,Poaceae,Poales,grasses,F262948,39,92,1,2,96,0.5287,0.7197,,0.191,285.2769132,59.89727935,283.8789723,92.87897232,32.71780631,
565,"04/12/24, Wed",46204,,CIAT-BR15_1830,Urochloa,interespecifico,Urochloa interespecifico,Poaceae,Poales,grasses,F262949,39,92,1,1,97,0.5777,0.8098,,0.2321,243.2274445,51.17050305,293.2255443,61.12554433,20.84591384,
566,"04/12/24, Wed",46204,,CIAT-BR15_1830,Urochloa,interespecifico,Urochloa interespecifico,Poaceae,Poales,grasses,F262949,39,92,1,2,98,0.5522,0.7791,,0.2269,248.4274445,52.26448575,293.2255443,66.32554433,22.61929276,
567,"04/12/24, Wed",46204,,CIAT-BR15_1865,Urochloa,interespecifico,Urochloa interespecifico,Poaceae,Poales,grasses,F262950,39,92,1,1,99,0.5707,0.7704,,0.1997,277.5034369,58.15201976,278.8128148,79.11281484,28.37488474,
568,"04/12/24, Wed",46204,,CIAT-BR15_1865,Urochloa,interespecifico,Urochloa interespecifico,Poaceae,Poales,grasses,F262950,39,92,1,2,100,0.5729,0.7769,,0.204,273.3943183,57.26802935,278.92434,74.92433996,26.86188662,
569,"04/12/24, Wed",46204,,CIAT-BR15_1877,Urochloa,interespecifico,Urochloa interespecifico,Poaceae,Poales,grasses,F262951,39,92,1,1,101,0.5745,0.7819,,0.2074,269.3953057,56.50124959,291.9035322,84.5035322,28.94912972,
570,"04/12/24, Wed",46204,,CIAT-BR15_1877,Urochloa,interespecifico,Urochloa interespecifico,Poaceae,Poales,grasses,F262951,39,92,1,2,102,0.5744,0.7918,,0.2174,259.2046638,54.38567507,291.7868175,74.38681748,25.49354975,
571,"04/12/24, Wed",46204,,CIAT-BR15_2174,Urochloa,interespecifico,Urochloa interespecifico,Poaceae,Poales,grasses,F262952,39,92,1,1,103,0.5965,0.8067,,0.2102,268.0054332,56.04399586,313.7522011,103.5522011,33.00445406,
572,"04/12/24, Wed",46204,,CIAT-BR15_2174,Urochloa,interespecifico,Urochloa interespecifico,Poaceae,Poales,grasses,F262952,39,92,1,2,104,0.5691,0.7676,,0.1985,280.2792797,58.54039462,314.1287037,115.6287037,36.80934036,
573,"04/12/24, Wed",46204,,CIAT-BR15_2464,Urochloa,interespecifico,Urochloa interespecifico,Poaceae,Poales,grasses,F262953,39,92,1,1,105,0.5611,0.7667,,0.2056,271.3644915,56.89406577,325.1714577,119.5714577,36.77181833,
574,"04/12/24, Wed",46204,,CIAT-BR15_2464,Urochloa,interespecifico,Urochloa interespecifico,Poaceae,Poales,grasses,F262953,39,92,1,2,106,0.5681,0.7834,,0.2153,261.9504986,54.88742272,325.3664436,110.0664436,33.82845581,
575,"04/12/24, Wed",46204,,CIAT-BR15_2528,Urochloa,interespecifico,Urochloa interespecifico,Poaceae,Poales,grasses,F262954,39,92,1,1,107,0.5704,0.7594,,0.189,282.0911166,59.88037275,288.5120434,99.51204338,34.49146948,
576,"04/12/24, Wed",46204,,CIAT-BR15_2528,Urochloa,interespecifico,Urochloa interespecifico,Poaceae,Poales,grasses,F262954,39,92,1,2,108,0.5789,0.7814,,0.2025,268.4970113,57.00609662,288.4544101,85.95441013,29.79826521,
577,"04/12/24, Wed",46204,,CIAT-BR15_2532,Urochloa,interespecifico,Urochloa interespecifico,Poaceae,Poales,grasses,F262955,39,92,1,1,109,0.585,0.7732,,0.1882,288.9715208,60.55925557,239.1177836,50.9177836,21.29401788,
578,"04/12/24, Wed",46204,,CIAT-BR15_2532,Urochloa,interespecifico,Urochloa interespecifico,Poaceae,Poales,grasses,F262955,39,92,1,2,110,0.5605,0.7499,,0.1894,287.7715208,60.30777367,239.1177836,49.7177836,20.79217315,
579,"04/12/24, Wed",46204,,CIAT-BR15_2538,Urochloa,interespecifico,Urochloa interespecifico,Poaceae,Poales,grasses,F262956,39,92,1,1,111,0.5716,0.7587,,0.1871,277.3946387,59.71966426,256.6146227,69.51462269,27.08911206,
580,"04/12/24, Wed",46204,,CIAT-BR15_2538,Urochloa,interespecifico,Urochloa interespecifico,Poaceae,Poales,grasses,F262956,39,92,1,2,112,0.5613,0.7482,,0.1869,277.5946387,59.7627218,256.6146227,69.71462269,27.16704994,
581,"04/12/24, Wed",46204,,CIAT-BR15_2545,Urochloa,interespecifico,Urochloa interespecifico,Poaceae,Poales,grasses,F262957,39,92,1,1,113,0.5721,0.7895,,0.2174,241.7794521,52.65467585,263.4933174,46.09331739,17.49316372,
582,"04/12/24, Wed",46204,,CIAT-BR15_2545,Urochloa,interespecifico,Urochloa interespecifico,Poaceae,Poales,grasses,F262957,39,92,1,2,114,0.5732,0.7664,,0.1932,265.8876712,57.91653488,263.4406503,70.24065033,26.66279871,
583,"04/12/24, Wed",46204,,CIAT-BR15_2767,Urochloa,interespecifico,Urochloa interespecifico,Poaceae,Poales,grasses,F262958,39,92,1,1,115,0.5903,0.7773,,0.187,275.6174736,59.57783468,258.4156662,71.41566621,27.63596621,
584,"04/12/24, Wed",46204,,CIAT-BR15_2767,Urochloa,interespecifico,Urochloa interespecifico,Poaceae,Poales,grasses,F262958,39,92,1,2,116,0.5724,0.77,,0.1976,265.1099601,57.29506234,258.4673287,60.86732867,23.54933174,
585,"04/12/24, Wed",46204,, CIAT 17009,Canavalia, brasiliensis,Canavalia brasiliensis,Fabaceas,Fabales,Trepadoras,F263289,39,92,1,1,117,0.5777,0.7385,,0.1608,296.6478681,64.84845352,274.4651616,113.6651616,41.41332944,
586,"09/12/24, Mon",46204,, CIAT 17009,Canavalia, brasiliensis,Canavalia brasiliensis,Fabaceas,Fabales,Trepadoras,F263289,39,92,1,2,118,0.5758,0.7546,,0.1788,278.6478681,60.91357891,274.4651616,95.66516155,34.85512005,
587,"09/12/24, Mon",46204,,CIAT 17462,Canavalia, brasiliensis,Canavalia brasiliensis,Fabaceas,Fabales,Trepadoras,F263290,39,92,1,1,119,0.5669,0.7166,,0.1497,302.435596,66.89046354,233.2415745,83.54157455,35.8176173,
588,"09/12/24, Mon",46204,,CIAT 17462,Canavalia, brasiliensis,Canavalia brasiliensis,Fabaceas,Fabales,Trepadoras,F263290,39,92,1,2,120,0.5668,0.7122,,0.1454,306.645205,67.83507526,233.1949449,87.79494489,37.64873416,
589,"09/12/24, Mon",46204,,CIAT 13953,Desmodium,velutinum,Desmodium velutinum,Fabaceas,Fabales,Arbustivas,F263291,39,92,1,1,121,0.569,0.7776,,0.2086,252.4710887,54.75751893,242.0847995,33.48479949,13.83184717,
590,"09/12/24, Mon",46204,,CIAT 13953,Desmodium,velutinum,Desmodium velutinum,Fabaceas,Fabales,Arbustivas,F263291,39,92,1,2,122,0.5546,0.7779,,0.2233,237.7710887,51.5692904,242.0847995,18.78479949,7.759594791,
591,"09/12/24, Mon",46204,,CIAT 9432,Clitoria,tertanea,Clitoria tertanea,Fabaceas,Fabales,Trepadoras,F263292,39,92,1,1,123,0.5728,0.8079,,0.2351,226.2769369,49.04383354,353.7935807,118.6935807,33.54882258,
592,"09/12/24, Mon",46204,,CIAT 9432,Clitoria,tertanea,Clitoria tertanea,Fabaceas,Fabales,Trepadoras,F263292,39,92,1,2,124,0.5583,0.7805,,0.2222,239.1769369,51.83981205,353.7935807,131.5935807,37.19501649,
593,"09/12/24, Mon",46204,,CIAT 17768,Clitoria,tertanea,Clitoria tertanea,Fabaceas,Fabales,Trepadoras,F263293,39,92,1,1,125,0.5774,0.8192,,0.2418,222.1051718,47.87727865,330.4449212,88.64492121,26.82592938,
594,"09/12/24, Mon",46204,,CIAT 17768,Clitoria,tertanea,Clitoria tertanea,Fabaceas,Fabales,Trepadoras,F263293,39,92,1,2,126,0.5515,0.7669,,0.2154,248.319758,53.54953153,330.3128489,114.9128489,34.78909442,
595,"09/12/24, Mon",46204,,CIAT 22768,Lablab,purpureus,Lablab purpureus,Fabaceas,Fabales,Trepadoras,F263294,39,92,1,1,127,0.5512,0.7412,,0.19,264.7931852,58.2227689,339.6399703,149.6399703,44.0584099,
596,"09/12/24, Mon",46204,,CIAT 22768,Lablab,purpureus,Lablab purpureus,Fabaceas,Fabales,Trepadoras,F263294,39,92,1,2,128,0.5654,0.7863,,0.2209,234.1660066,51.45759147,339.8437136,118.9437136,34.99953326,
597,"09/12/24, Mon",46204,,CIAT 22598,Lablab,purpureus,Lablab purpureus,Fabaceas,Fabales,Trepadoras,F263295,39,92,1,1,129,0.5675,0.7123,,0.1448,312.8364684,68.35916497,243.4334331,98.63343309,40.51761989,
598,"09/12/24, Mon",46204,,CIAT 22598,Lablab,purpureus,Lablab purpureus,Fabaceas,Fabales,Trepadoras,F263295,39,92,1,2,130,0.5834,0.7248,,0.1414,316.1450326,69.09593812,243.384795,101.984795,41.90269775,
599,"09/12/24, Mon",46204,,CIAT 18701,Cajanus,cajan,Cajanus cajan,Fabaceas,Fabales,Arbustivas,F263296,39,92,1,1,131,0.5583,0.9376,,0.3793,84.71972375,18.25778505,225.7707943,-153.5292057,-68.00224369,
600,"09/12/24, Mon",46204,,CIAT 18701,Cajanus,cajan,Cajanus cajan,Fabaceas,Fabales,Arbustivas,F263296,39,92,1,2,132,0.5973,0.9975,,0.4002,64.00525743,13.78813712,225.8610665,-174.3389335,-77.1885727,
601,"09/12/24, Mon",46204,,CIAT 20891,Cajanus,cajan,Cajanus cajan,Fabaceas,Fabales,Arbustivas,F263297,39,92,1,1,133,0.578,0.9196,,0.3416,119.580874,25.92927867,268.4498896,-73.15011036,-27.24907448,
602,"09/12/24, Mon",46204,,CIAT 20891,Cajanus,cajan,Cajanus cajan,Fabaceas,Fabales,Arbustivas,F263297,39,92,1,2,134,0.5567,0.8955,,0.3388,122.4731102,26.55110551,268.5035796,-70.29642038,-26.18081311,
603,"09/12/24, Mon",46204,,CIAT 15551,Centrosema ,molle,Centrosema molle,Fabaceas,Fabales,Trepadoras,F263298,39,92,1,1,135,0.5881,0.9553,,0.3672,90.86238585,19.83624691,281.4935216,-85.70647843,-30.44705183,
604,"09/12/24, Mon",46204,,CIAT 15551,Centrosema ,molle,Centrosema molle,Fabaceas,Fabales,Trepadoras,F263298,39,92,1,2,136,0.5788,0.8932,,0.3144,143.8455375,31.39049391,281.606074,-32.79392604,-11.64531914,
605,"09/12/24, Mon",46204,, CIAT 17009,Canavalia,brasiliensis,Canavalia brasiliensis,Fabaceas,Fabales,Trepadoras,F263299,39,92,1,1,137,0.5639,0.7389,,0.175,282.2610417,61.72864424,251.4932522,76.49325221,30.41562807,
606,"09/12/24, Mon",46204,, CIAT 17009,Canavalia,brasiliensis,Canavalia brasiliensis,Fabaceas,Fabales,Trepadoras,F263299,39,92,1,2,138,0.5474,0.8187,,0.2713,185.7783565,40.64475026,251.3927755,-19.90722452,-7.918773514,
607,"09/12/24, Mon",46204,,CIAT 17462,Canavalia,brasiliensis,Canavalia brasiliensis,Fabaceas,Fabales,Trepadoras,F263300,39,92,1,1,139,0.5868,0.766,,0.1792,278.3656651,60.83622228,255.7683008,76.56830079,29.93658735,
608,"09/12/24, Mon",46204,,CIAT 17462,Canavalia,brasiliensis,Canavalia brasiliensis,Fabaceas,Fabales,Trepadoras,F263300,39,92,1,2,140,0.5529,0.7363,,0.1834,273.8914,59.89428185,255.6149931,72.21499312,28.25147001,
609,"09/12/24, Mon",46204,,CIAT 9432,Clitoria,tertanea,Clitoria tertanea,Fabaceas,Fabales,Trepadoras,F263301,39,92,1,1,141,0.5416,0.7696,,0.228,237.239775,50.99301215,295.2922811,67.29228108,22.78836441,
610,"09/12/24, Mon",46204,,CIAT 9432,Clitoria,tertanea,Clitoria tertanea,Fabaceas,Fabales,Trepadoras,F263301,39,92,1,2,142,0.5882,0.8007,,0.2125,252.46091,54.29723329,295.1152827,82.61528271,27.99424074,
611,"09/12/24, Mon",46204,,CIAT 17768,Clitoria,tertanea,Clitoria tertanea,Fabaceas,Fabales,Trepadoras,F263302,39,92,1,1,143,0.5573,0.7729,,0.2156,248.4517787,53.53966737,302.9666151,87.36661507,28.83704366,
612,"09/12/24, Mon",46204,,CIAT 17768,Clitoria,tertanea,Clitoria tertanea,Fabaceas,Fabales,Trepadoras,F263302,39,92,1,2,144,0.5813,0.8171,,0.2358,228.1589869,49.17654219,302.9060339,67.10603386,22.1540763,
613,"09/12/24, Mon",46204,,CIAT 22768,Lablab,purpureus,Lablab purpureus,Fabaceas,Fabales,Trepadoras,F263303,39,92,1,1,145,0.564,0.728,,0.164,297.6865033,64.47806058,351.1125857,187.1125857,53.29133541,
614,"09/12/24, Mon",46204,,CIAT 22768,Lablab,purpureus,Lablab purpureus,Fabaceas,Fabales,Trepadoras,F263303,39,92,1,2,146,0.5871,0.7343,,0.1472,314.3942213,68.11051933,351.0424053,203.8424053,58.06774402,
615,"09/12/24, Mon",46204,,CIAT 22598,Lablab,purpureus,Lablab purpureus,Fabaceas,Fabales,Trepadoras,F263304,39,92,1,1,147,0.5885,0.7466,,0.1581,300.1038859,65.49570947,298.4606439,140.3606439,47.02819174,
616,"09/12/24, Mon",46204,,CIAT 22598,Lablab,purpureus,Lablab purpureus,Fabaceas,Fabales,Trepadoras,F263304,39,92,1,2,148,0.5695,0.7318,,0.1623,295.9038859,64.57908695,298.4606439,136.1606439,45.62097103,
617,"09/12/24, Mon",46204,,CIAT 18701,Cajanus,cajan,Cajanus cajan,Fabaceas,Fabales,Arbustivas,F263305,39,92,1,1,149,0.5517,0.8466,,0.2949,182.0238703,38.1662319,311.5490678,16.64906779,5.343963282,
618,"09/12/24, Mon",46204,,CIAT 18701,Cajanus,cajan,Cajanus cajan,Fabaceas,Fabales,Arbustivas,F263305,39,92,1,2,150,0.5645,0.8346,,0.2701,206.7285237,43.35489876,311.4867829,41.38678289,13.28685041,
619,"09/12/24, Mon",46204,,CIAT 20891,Cajanus,cajan,Cajanus cajan,Fabaceas,Fabales,Arbustivas,F263306,39,92,1,1,151,0.5739,0.8723,,0.2984,176.544932,37.17166352,306.1238729,7.723872923,2.523120085,
620,"09/12/24, Mon",46204,,CIAT 20891,Cajanus,cajan,Cajanus cajan,Fabaceas,Fabales,Arbustivas,F263306,39,92,1,2,152,0.6062,0.9469,,0.3407,134.3398641,28.27970329,306.185061,-34.51493902,-11.27257447,
621,"09/12/24, Mon",46204,,Sample 8,Cynodon, nlemfuensis ,Cynodon nlemfuensis ,Poaceae,Poales,grasses,F250008,39,92,1,1,153,0.547,0.8157,,0.2687,199.9546792,42.66567434,308.9450143,40.24501432,13.02659453,
622,"09/12/24, Mon",46204,,Sample 8,Cynodon, nlemfuensis ,Cynodon nlemfuensis ,Poaceae,Poales,grasses,F250008,39,92,1,2,154,0.5694,0.8288,,0.2594,209.629603,44.69432241,309.1921703,49.79217033,16.10395576,
623,"09/12/24, Mon",,,BLANK 24 H,,,BLANK 24 H,,,,BLANK 24 H,39,92,1,1,155,,,,,,,,,#DIV/0!,
624,"09/12/24, Mon",,,BLANK 24 H,,,BLANK 24 H,,,,BLANK 24 H,39,92,1,2,156,,,,,,,,,#DIV/0!,
625,"09/12/24, Mon",,,BLANK 24 H,,,BLANK 24 H,,,,BLANK 24 H,39,93,2,1,1,,,,,,,,,#DIV/0!,
626,"09/12/24, Mon",,,BLANK 24 H,,,BLANK 24 H,,,,BLANK 24 H,39,93,2,2,2,,,,,,,,,#DIV/0!,
627,"09/12/24, Mon",46211,,CIAT_BR04_3025_Llan,Urochloa,interespecifico,Urochloa interespecifico,Poaceae,Poales,grasses,F262903,39,93,2,1,3,0.5784,0.8361,,0.2577,209.8352715,44.8811639,282.4175328,24.71753278,8.752124039,
628,"09/12/24, Mon",46211,,CIAT_BR04_3025_Llan,Urochloa,interespecifico,Urochloa interespecifico,Poaceae,Poales,grasses,F262903,39,93,2,2,4,0.5722,0.8179,,0.2457,221.6483695,47.4267985,282.3046335,36.6046335,12.96635944,
629,"09/12/24, Mon",46211,,CIAT_BR02_1752_Llan,Urochloa,interespecifico,Urochloa interespecifico,Poaceae,Poales,grasses,F262904,39,93,2,1,5,0.5692,0.8253,,0.2561,213.0546058,45.41245107,303.1326778,47.03267779,15.51554195,
630,"09/12/24, Mon",46211,,CIAT_BR02_1752_Llan,Urochloa,interespecifico,Urochloa interespecifico,Poaceae,Poales,grasses,F262904,39,93,2,2,6,0.5693,0.8227,,0.2534,215.9422301,46.00954618,303.2539066,49.85390662,16.43965849,
631,"09/12/24, Mon",46211,,CIAT_CIAT_606_Llan,Urochloa,interespecifico,Urochloa interespecifico,Poaceae,Poales,grasses,F262905,39,93,2,1,7,0.5723,0.8453,,0.273,198.0985479,42.05034144,328.3999509,55.39995095,16.86965872,
632,"09/12/24, Mon",46211,,CIAT_CIAT_606_Llan,Urochloa,interespecifico,Urochloa interespecifico,Poaceae,Poales,grasses,F262905,39,93,2,2,8,0.5886,0.8629,,0.2743,196.7043659,41.76274789,328.3342972,54.03429722,16.45709805,
633,"09/12/24, Mon",46211,,CIAT_BR02_1794_Llan,Urochloa,interespecifico,Urochloa interespecifico,Poaceae,Poales,grasses,F262906,39,93,2,1,9,0.5673,0.8224,,0.2551,214.4530838,45.6717443,276.0951953,20.99519528,7.604331998,
634,"09/12/24, Mon",46211,,CIAT_BR02_1794_Llan,Urochloa,interespecifico,Urochloa interespecifico,Poaceae,Poales,grasses,F262906,39,93,2,2,10,0.5764,0.841,,0.2646,205.1408674,43.67107094,276.2056113,11.60561128,4.201801412,
635,"09/12/24, Mon",46211,,CIAT_CIAT_6294_Llan,Urochloa,interespecifico,Urochloa interespecifico,Poaceae,Poales,grasses,F262907,39,93,2,1,11,0.5948,0.8512,,0.2564,215.3957435,45.65444824,380.2673693,123.8673693,32.57375712,
636,"09/12/24, Mon",46211,,CIAT_CIAT_6294_Llan,Urochloa,interespecifico,Urochloa interespecifico,Poaceae,Poales,grasses,F262907,39,93,2,2,12,0.554,0.8098,,0.2558,215.9957435,45.78162191,380.2673693,124.4673693,32.73154084,
637,"09/12/24, Mon",46211,,CIAT_Mulato_II_Llan,Urochloa,interespecifico,Urochloa interespecifico,Poaceae,Poales,grasses,F262908,39,93,2,1,13,0.5958,0.842,,0.2462,223.5688934,47.59125105,277.9642103,31.7642103,11.4274461,
638,"09/12/24, Mon",46211,,CIAT_Mulato_II_Llan,Urochloa,interespecifico,Urochloa interespecifico,Poaceae,Poales,grasses,F262908,39,93,2,2,14,0.5786,0.9008,,0.3222,147.5688934,31.41308322,277.9642103,-44.2357897,-15.91420336,
639,"09/12/24, Mon",46211,,CIAT_BR04_3025_Qu,Urochloa,interespecifico,Urochloa interespecifico,Poaceae,Poales,grasses,F262909,39,93,2,1,15,0.5774,0.8291,,0.2517,220.5595832,46.70304024,256.630895,4.930895043,1.921395724,
640,"11/12/24, Wed",46211,,CIAT_BR04_3025_Qu,Urochloa,interespecifico,Urochloa interespecifico,Poaceae,Poales,grasses,F262909,39,93,2,2,16,0.6042,0.844,,0.2398,232.5539785,49.2329882,256.6821904,16.88219045,6.577079,
641,"11/12/24, Wed",46211,,CIAT_BR02_1752_Qu,Urochloa,interespecifico,Urochloa interespecifico,Poaceae,Poales,grasses,F262910,39,93,2,1,17,0.5532,0.7563,,0.2031,254.6,55.62595587,258.4811089,55.38110895,21.42559244,
642,"11/12/24, Wed",46211,,CIAT_BR02_1752_Qu,Urochloa,interespecifico,Urochloa interespecifico,Poaceae,Poales,grasses,F262910,39,93,2,2,18,0.5635,0.7794,,0.2159,241.89154,52.83879645,258.5328052,42.63280517,16.4902884,
643,"11/12/24, Wed",46211,,CIAT_CIAT_606_Qu,Urochloa,interespecifico,Urochloa interespecifico,Poaceae,Poales,grasses,F262911,39,93,2,1,19,0.5898,0.8339,,0.2441,228.3555278,48.33376146,265.398968,21.29896802,8.025264068,
644,"11/12/24, Wed",46211,,CIAT_CIAT_606_Qu,Urochloa,interespecifico,Urochloa interespecifico,Poaceae,Poales,grasses,F262911,39,93,2,2,20,0.5687,0.8016,,0.2329,239.5555278,50.70435495,265.398968,32.49896802,12.24532569,
645,"11/12/24, Wed",46211,,CIAT_BR02_1794_Qu,Urochloa,interespecifico,Urochloa interespecifico,Poaceae,Poales,grasses,F262912,39,93,2,1,21,0.5677,0.7656,,0.1979,273.5090357,58.01947247,300.1470828,102.2470828,34.06565935,
646,"11/12/24, Wed",46211,,CIAT_BR02_1794_Qu,Urochloa,interespecifico,Urochloa interespecifico,Poaceae,Poales,grasses,F262912,39,93,2,2,22,0.5699,0.793,,0.2231,248.1205851,52.65486971,300.0270959,76.92709594,25.64004951,
647,"11/12/24, Wed",46211,,CIAT_CIAT_6294_Qu,Urochloa,interespecifico,Urochloa interespecifico,Poaceae,Poales,grasses,F262913,39,93,2,1,23,0.5696,0.8247,,0.2551,214.6893555,45.69906767,275.701886,20.60188598,7.472522686,
648,"11/12/24, Wed",46211,,CIAT_CIAT_6294_Qu,Urochloa,interespecifico,Urochloa interespecifico,Poaceae,Poales,grasses,F262913,39,93,2,2,24,0.5705,0.7876,,0.2171,252.6893555,53.78779926,275.701886,58.60188598,21.25552597,
649,"11/12/24, Wed",46211,,CIAT_Mulato_II_Qu,Urochloa,interespecifico,Urochloa interespecifico,Poaceae,Poales,grasses,F262914,39,93,2,1,25,0.562,0.809,,0.247,221.745013,47.30610606,268.0348074,21.03480744,7.847789488,
650,"11/12/24, Wed",46211,,CIAT_Mulato_II_Qu,Urochloa,interespecifico,Urochloa interespecifico,Poaceae,Poales,grasses,F262914,39,93,2,2,26,0.5669,0.7904,,0.2235,245.3387245,52.32902311,268.088393,44.58839297,16.63197443,
651,"11/12/24, Wed",46211,,CIAT-BR04_2515,Urochloa,interespecifico,Urochloa interespecifico,Poaceae,Poales,grasses,F262915,39,93,2,1,27,0.5459,0.778,,0.2321,241.5736901,51.00002284,270.0098986,37.90989864,14.04018846,
652,"11/12/24, Wed",46211,,CIAT-BR04_2515,Urochloa,interespecifico,Urochloa interespecifico,Poaceae,Poales,grasses,F262915,39,93,2,2,28,0.5601,0.7736,,0.2135,260.3631217,54.94479519,270.117881,56.61788101,20.96043431,
653,"11/12/24, Wed",46211,,CIAT-BR05_931,Urochloa,interespecifico,Urochloa interespecifico,Poaceae,Poales,grasses,F262916,39,93,2,1,29,0.5726,0.8173,,0.2447,226.9443509,48.11768665,243.0081139,-1.691886079,-0.696226168,
654,"11/12/24, Wed",46211,,CIAT-BR05_931,Urochloa,interespecifico,Urochloa interespecifico,Poaceae,Poales,grasses,F262916,39,93,2,2,30,0.5525,0.7886,,0.2361,235.5443509,49.94109448,243.0081139,6.908113921,2.842750314,
655,"11/12/24, Wed",46211,,CIAT-BR09_5252,Urochloa,interespecifico,Urochloa interespecifico,Poaceae,Poales,grasses,F262917,39,93,2,1,31,0.5808,0.8296,,0.2488,222.6735476,47.22927697,267.5007187,18.70071865,6.99090408,
656,"11/12/24, Wed",46211,,CIAT-BR09_5252,Urochloa,interespecifico,Urochloa interespecifico,Poaceae,Poales,grasses,F262917,39,93,2,2,32,0.5969,0.8468,,0.2499,221.7620994,47.01715479,267.6076975,17.70769755,6.617035948,
657,"11/12/24, Wed",46211,,CIAT-BR12_1176,Urochloa,interespecifico,Urochloa interespecifico,Poaceae,Poales,grasses,F262918,39,93,2,1,33,0.5529,0.7702,,0.2173,252.4408324,53.74044899,273.880575,56.58057497,20.6588492,
658,"11/12/24, Wed",46211,,CIAT-BR12_1176,Urochloa,interespecifico,Urochloa interespecifico,Poaceae,Poales,grasses,F262918,39,93,2,2,34,0.5554,0.8072,,0.2518,218.1286161,46.41739376,273.9900615,22.19006151,8.098856356,
659,"11/12/24, Wed",46211,,CIAT-BR12_1280,Urochloa,interespecifico,Urochloa interespecifico,Poaceae,Poales,grasses,F262919,39,93,2,1,35,0.6008,0.7924,,0.1916,283.2287911,59.64861365,283.8894391,92.28943914,32.50893708,
660,"11/12/24, Wed",46211,,CIAT-BR12_1280,Urochloa,interespecifico,Urochloa interespecifico,Poaceae,Poales,grasses,F262919,39,93,2,2,36,0.5505,0.7776,,0.2271,248.0136314,52.20090838,284.0597387,56.95973874,20.05202814,
661,"11/12/24, Wed",46211,,CIAT-BR12_1282,Urochloa,interespecifico,Urochloa interespecifico,Poaceae,Poales,grasses,F262920,39,93,2,1,37,0.5676,0.7914,,0.2238,249.8130762,52.74623712,284.7365542,60.93655424,21.40102959,
662,"11/12/24, Wed",46211,,CIAT-BR12_1282,Urochloa,interespecifico,Urochloa interespecifico,Poaceae,Poales,grasses,F262920,39,93,2,2,38,0.5687,0.7999,,0.2312,242.4130762,51.18378026,284.7365542,53.53655424,18.80213602,
663,"11/12/24, Wed",46211,,CIAT-BR12_1325,Urochloa,interespecifico,Urochloa interespecifico,Poaceae,Poales,grasses,F262921,39,93,2,1,39,0.5557,0.7929,,0.2372,237.5635487,50.03828734,271.8585922,34.65859218,12.74875732,
664,"11/12/24, Wed",46211,,CIAT-BR12_1325,Urochloa,interespecifico,Urochloa interespecifico,Poaceae,Poales,grasses,F262921,39,93,2,2,40,0.5809,0.8301,,0.2492,225.5635487,47.51071334,271.8585922,22.65859218,8.334697828,
665,"11/12/24, Wed",46211,,CIAT-BR12_1399,Urochloa,interespecifico,Urochloa interespecifico,Poaceae,Poales,grasses,F262922,39,93,2,1,41,0.5685,0.8384,,0.2699,206.2852726,43.32038063,272.0655626,2.165562623,0.795970869,
666,"11/12/24, Wed",46211,,CIAT-BR12_1399,Urochloa,interespecifico,Urochloa interespecifico,Poaceae,Poales,grasses,F262922,39,93,2,2,42,0.58,0.7812,,0.2012,274.6997898,57.72219187,271.9024538,70.70245377,26.00287448,
667,"11/12/24, Wed",46211,,CIAT-BR12_1418,Urochloa,interespecifico,Urochloa interespecifico,Poaceae,Poales,grasses,F262923,39,93,2,1,43,0.574,0.822,,0.248,221.175,47.14125859,266.5311963,18.5311963,6.952730697,
668,"11/12/24, Wed",46211,,CIAT-BR12_1418,Urochloa,interespecifico,Urochloa interespecifico,Poaceae,Poales,grasses,F262923,39,93,2,2,44,0.5608,0.77,,0.2092,260.2564487,55.4378259,266.691083,57.49108304,21.55718234,
669,"11/12/24, Wed",46211,,CIAT-BR12_1509,Urochloa,interespecifico,Urochloa interespecifico,Poaceae,Poales,grasses,F262924,39,93,2,1,45,0.5635,0.8163,,0.2528,220.5013091,46.5879356,278.0165143,25.21651429,9.07014979,
670,"11/12/24, Wed",46211,,CIAT-BR12_1509,Urochloa,interespecifico,Urochloa interespecifico,Poaceae,Poales,grasses,F262924,39,93,2,2,46,0.5783,0.8069,,0.2286,244.7013091,51.70095759,278.0165143,49.41651429,17.77466868,
671,"11/12/24, Wed",46211,,CIAT-BR12_1535,Urochloa,interespecifico,Urochloa interespecifico,Poaceae,Poales,grasses,F262925,39,93,2,1,47,0.5827,0.8222,,0.2395,234.7960179,49.50410905,275.1490524,35.6490524,12.95626937,
672,"11/12/24, Wed",46211,,CIAT-BR12_1535,Urochloa,interespecifico,Urochloa interespecifico,Poaceae,Poales,grasses,F262925,39,93,2,2,48,0.5746,0.7955,,0.2209,253.4908392,53.43501987,275.2040602,54.30406021,19.73228889,
673,"11/12/24, Wed",46211,,CIAT-BR12_1685,Urochloa,interespecifico,Urochloa interespecifico,Poaceae,Poales,grasses,F262926,39,93,2,1,49,0.5577,0.8195,,0.2618,211.5053337,44.68686884,277.4816463,15.68164627,5.651417483,
674,"11/12/24, Wed",46211,,CIAT-BR12_1685,Urochloa,interespecifico,Urochloa interespecifico,Poaceae,Poales,grasses,F262926,39,93,2,2,50,0.5981,0.8197,,0.2216,251.9893169,53.20840397,277.6481353,56.04813526,20.18675011,
675,"11/12/24, Wed",46211,,CIAT-BR12_1844,Urochloa,interespecifico,Urochloa interespecifico,Poaceae,Poales,grasses,F262927,39,93,2,1,51,0.5737,0.8209,,0.2472,223.96912,47.53476204,290.7224569,43.52245692,14.97044892,
676,"11/12/24, Wed",46211,,CIAT-BR12_1844,Urochloa,interespecifico,Urochloa interespecifico,Poaceae,Poales,grasses,F262927,39,93,2,2,52,0.5923,0.7967,,0.2044,266.9575123,56.6358879,290.8386994,86.4386994,29.72049441,
677,"11/12/24, Wed",46211,,CIAT-BR12_1888,Urochloa,interespecifico,Urochloa interespecifico,Poaceae,Poales,grasses,F262928,39,93,2,1,53,0.5672,0.8014,,0.2342,234.2388755,50.00414947,293.6607525,59.46075253,20.24811011,
678,"11/12/24, Wed",46211,,CIAT-BR12_1888,Urochloa,interespecifico,Urochloa interespecifico,Poaceae,Poales,grasses,F262928,39,93,2,2,54,0.6003,0.8077,,0.2074,260.8515748,55.70757022,293.5433352,86.1433352,29.34603681,
679,"11/12/24, Wed",46211,,CIAT-BR12_1939,Urochloa,interespecifico,Urochloa interespecifico,Poaceae,Poales,grasses,F262929,39,93,2,1,55,0.5535,0.8023,,0.2488,223.8903754,47.36512251,292.9530845,44.15308452,15.07172543,
680,"11/12/24, Wed",46211,,CIAT-BR12_1939,Urochloa,interespecifico,Urochloa interespecifico,Poaceae,Poales,grasses,F262929,39,93,2,2,56,0.5868,0.8045,,0.2177,254.8958751,53.93527294,292.8945173,75.19451733,25.67290027,
681,"11/12/24, Wed",46211,,CIAT-BR12_2243,Urochloa,interespecifico,Urochloa interespecifico,Poaceae,Poales,grasses,F262930,39,93,2,1,57,0.5608,0.7796,,0.2188,256.0704289,53.92427351,292.0976755,73.29767545,25.09354973,
682,"11/12/24, Wed",46211,,CIAT-BR12_2243,Urochloa,interespecifico,Urochloa interespecifico,Poaceae,Poales,grasses,F262930,39,93,2,2,58,0.5714,0.7725,,0.2011,273.2961276,57.60926612,291.8059279,90.70592787,31.08433353,
683,"11/12/24, Wed",46211,,CIAT-BR12_2254,Urochloa,interespecifico,Urochloa interespecifico,Poaceae,Poales,grasses,F262931,39,93,2,1,59,0.5621,0.7897,,0.2276,233.4514097,50.63457237,299.3254716,71.72547156,23.96236818,
684,"11/12/24, Wed",46211,,CIAT-BR12_2254,Urochloa,interespecifico,Urochloa interespecifico,Poaceae,Poales,grasses,F262931,39,93,2,2,60,0.569,0.7658,,0.1968,264.2514097,57.31495537,299.3254716,102.5254716,34.25217073,
685,"11/12/24, Wed",46211,,CIAT-BR12_2255,Urochloa,interespecifico,Urochloa interespecifico,Poaceae,Poales,grasses,F262932,39,93,2,1,61,0.5527,0.7299,,0.1772,289.7765617,62.05377003,279.0737117,101.8737117,36.50423076,
686,"11/12/24, Wed",46211,,CIAT-BR12_2255,Urochloa,interespecifico,Urochloa interespecifico,Poaceae,Poales,grasses,F262932,39,93,2,2,62,0.5879,0.7901,,0.2022,264.6832597,56.69152924,279.0179527,76.81795272,27.53154482,
687,"11/12/24, Wed",46211,,CIAT-BR12_2305,Urochloa,interespecifico,Urochloa interespecifico,Poaceae,Poales,grasses,F262933,39,93,2,1,63,0.5601,0.7533,,0.1932,268.0804559,58.11658666,300.5802028,107.3802028,35.72430978,
688,"11/12/24, Wed",46211,,CIAT-BR12_2305,Urochloa,interespecifico,Urochloa interespecifico,Poaceae,Poales,grasses,F262933,39,93,2,2,64,0.576,0.775,,0.199,262.2804559,56.85921711,300.5802028,101.5802028,33.79470831,
689,"11/12/24, Wed",46211,,CIAT-BR12_2316,Urochloa,interespecifico,Urochloa interespecifico,Poaceae,Poales,grasses,F262934,39,93,2,1,65,0.5715,0.7939,,0.2224,243.1913505,52.2327896,276.9607191,54.56071911,19.69980411,
690,"11/12/24, Wed",46211,,CIAT-BR12_2316,Urochloa,interespecifico,Urochloa interespecifico,Poaceae,Poales,grasses,F262934,39,93,2,2,66,0.5867,0.8239,,0.2372,228.2982695,49.04384924,276.9053491,39.70534912,14.33896068,
691,"11/12/24, Wed",46211,,CIAT-BR12_2367,Urochloa,interespecifico,Urochloa interespecifico,Poaceae,Poales,grasses,F262935,39,93,2,1,67,0.5905,0.7619,,0.1714,293.425,63.1259076,278.2771049,106.8771049,38.4067187,
692,"11/12/24, Wed",46211,,CIAT-BR12_2367,Urochloa,interespecifico,Urochloa interespecifico,Poaceae,Poales,grasses,F262935,39,93,2,2,68,0.552,0.7467,,0.1947,270.4038392,58.13838038,278.4440378,83.74403777,30.07571591,
693,"11/12/24, Wed",46211,,CIAT-BR12_2461,Urochloa,interespecifico,Urochloa interespecifico,Poaceae,Poales,grasses,F262936,39,93,2,1,69,0.5705,0.7834,,0.2129,258.7519318,54.86078066,309.3202681,96.42026814,31.17166189,
694,,46211,,CIAT-BR12_2461,Urochloa,interespecifico,Urochloa interespecifico,Poaceae,Poales,grasses,F262936,39,93,2,2,70,0.5931,0.799,,0.2059,265.4692234,56.3187434,309.1348614,103.2348614,33.39476529,
695,,46211,,CIAT-BR12_3018,Urochloa,interespecifico,Urochloa interespecifico,Poaceae,Poales,grasses,F262937,39,93,2,1,71,0.5588,0.7603,,0.2015,264.821635,56.78948072,289.5126586,88.01265856,30.4002799,
696,,46211,,CIAT-BR12_3018,Urochloa,interespecifico,Urochloa interespecifico,Poaceae,Poales,grasses,F262937,39,93,2,2,72,0.5486,0.779,,0.2304,236.1081264,50.61179281,289.6284405,59.22844047,20.44980126,
697,,46211,,CIAT-BR12_3067,Urochloa,interespecifico,Urochloa interespecifico,Poaceae,Poales,grasses,F262938,39,93,2,1,73,0.57,0.7579,,0.1879,271.6819338,59.11501602,297.0842397,109.1842397,36.75194613,
698,,46211,,CIAT-BR12_3067,Urochloa,interespecifico,Urochloa interespecifico,Poaceae,Poales,grasses,F262938,39,93,2,2,74,0.5657,0.8056,,0.2399,219.4065151,47.76908402,296.9062028,57.00620284,19.20007137,
699,,46211,,CIAT-BR12_3069,Urochloa,interespecifico,Urochloa interespecifico,Poaceae,Poales,grasses,F262939,39,93,2,1,75,0.5615,0.7947,,0.2332,235.0758535,50.20029363,282.565894,49.36589397,17.47057767,
700,,46211,,CIAT-BR12_3069,Urochloa,interespecifico,Urochloa interespecifico,Poaceae,Poales,grasses,F262939,39,93,2,2,76,0.5616,0.793,,0.2314,236.4080454,50.53526713,282.2836104,50.88361036,18.02570482,
701,,46211,,BLANK 8 H,,,BLANK 8 H,,,,BLANK 8 H,39,93,2,1,77,-,,,,,,,,#DIV/0!,
702,,46211,,BLANK 8 H,,,BLANK 8 H,,,,BLANK 8 H,39,93,2,2,78,-,,,,,,,,#DIV/0!,
703,,46211,,CIAT-BR12_3358,Urochloa,interespecifico,Urochloa interespecifico,Poaceae,Poales,grasses,F262940,39,93,2,1,79,0.5793,0.8016,,0.2223,239.4904063,51.86127799,275.0231717,52.72317172,19.17044713,
704,,46211,,CIAT-BR12_3358,Urochloa,interespecifico,Urochloa interespecifico,Poaceae,Poales,grasses,F262940,39,93,2,2,80,0.5687,0.7762,,0.2075,254.659691,55.10209911,275.2431023,67.74310228,24.61209808,
705,,46211,,CIAT-BR12_3377,Urochloa,interespecifico,Urochloa interespecifico,Poaceae,Poales,grasses,F262941,39,93,2,1,81,0.5752,0.8216,,0.2464,215.9174265,46.70328526,258.331455,11.93145495,4.618661307,
706,,46211,,CIAT-BR12_3377,Urochloa,interespecifico,Urochloa interespecifico,Poaceae,Poales,grasses,F262941,39,93,2,2,82,0.6044,0.8398,,0.2354,227.1022795,49.10295356,258.4347462,23.03474622,8.913176946,
707,,46211,,CIAT-BR12_49,Urochloa,interespecifico,Urochloa interespecifico,Poaceae,Poales,grasses,F262942,39,93,2,1,83,0.5624,0.769,,0.2066,260.5233253,55.77185107,285.7476481,79.14764805,27.69844252,
708,,46211,,CIAT-BR12_49,Urochloa,interespecifico,Urochloa interespecifico,Poaceae,Poales,grasses,F262942,39,93,2,2,84,0.5786,0.8047,,0.2261,241.0233253,51.59736461,285.7476481,59.64764805,20.87423937,
709,,46211,,CIAT-BR12_61,Urochloa,interespecifico,Urochloa interespecifico,Poaceae,Poales,grasses,F262943,39,93,2,1,85,0.5786,0.7729,,0.1943,266.6847642,57.85110158,275.2232304,80.92323043,29.40276164,
710,,46211,,CIAT-BR12_61,Urochloa,interespecifico,Urochloa interespecifico,Poaceae,Poales,grasses,F262943,39,93,2,2,86,0.5938,0.7827,,0.1889,272.0847642,59.02250689,275.2232304,86.32323043,31.36480532,
711,,46211,,CIAT-BR12_91,Urochloa,interespecifico,Urochloa interespecifico,Poaceae,Poales,grasses,F262944,39,93,2,1,87,0.599,0.8481,,0.2491,212.253552,46.0067016,263.4151546,14.31515457,5.434446091,
712,,46211,,CIAT-BR12_91,Urochloa,interespecifico,Urochloa interespecifico,Poaceae,Poales,grasses,F262944,39,93,2,2,88,0.5851,0.7986,,0.2135,248.0379459,53.74161499,263.5204364,50.02043641,18.98161565,
713,,46211,,CIAT-BR15_1468,Urochloa,interespecifico,Urochloa interespecifico,Poaceae,Poales,grasses,F262945,39,93,2,1,89,0.5819,0.7878,,0.2059,255.85,55.40877098,272.6666743,66.76667433,24.48655469,
714,,46211,,CIAT-BR15_1468,Urochloa,interespecifico,Urochloa interespecifico,Poaceae,Poales,grasses,F262945,39,93,2,2,90,0.5892,0.8102,,0.221,240.6576685,52.12903086,272.6121519,51.6121519,18.93244727,
715,,46211,,CIAT-BR15_1628,Urochloa,interespecifico,Urochloa interespecifico,Poaceae,Poales,grasses,F262946,39,93,2,1,91,0.5736,0.7906,,0.217,244.0078169,52.92921463,262.4098955,45.40989548,17.30494782,
716,,46211,,CIAT-BR15_1628,Urochloa,interespecifico,Urochloa interespecifico,Poaceae,Poales,grasses,F262946,39,93,2,2,92,0.5672,0.7606,,0.1934,267.7,58.05682065,262.462367,69.06236697,26.3132455,
717,,46211,,CIAT-BR15_1689,Urochloa,interespecifico,Urochloa interespecifico,Poaceae,Poales,grasses,F262947,39,93,2,1,93,0.5877,0.7719,,0.1842,277.6018462,60.11276232,258.981935,74.78193502,28.87534801,
718,,46211,,CIAT-BR15_1689,Urochloa,interespecifico,Urochloa interespecifico,Poaceae,Poales,grasses,F262947,39,93,2,2,94,0.546,0.7751,,0.2291,232.88653,50.40980957,259.0855071,29.98550708,11.57359492,
719,,46211,,CIAT-BR15_1712,Urochloa,interespecifico,Urochloa interespecifico,Poaceae,Poales,grasses,F262948,43,104,2,1,95,0.5503,0.7692,,0.2189,256.9012071,53.99339121,283.5954336,64.6954336,22.81257945,
720,,46211,,CIAT-BR15_1712,Urochloa,interespecifico,Urochloa interespecifico,Poaceae,Poales,grasses,F262948,43,104,2,2,96,0.5416,0.7698,,0.2282,247.5060659,52.02920115,283.5387259,55.33872585,19.51716672,
721,,46211,,CIAT-BR15_1830,Urochloa,interespecifico,Urochloa interespecifico,Poaceae,Poales,grasses,F262949,39,93,2,1,97,0.5742,0.7673,,0.1931,282.512641,59.39973345,293.4014797,100.3014797,34.18574432,
722,,46211,,CIAT-BR15_1830,Urochloa,interespecifico,Urochloa interespecifico,Poaceae,Poales,grasses,F262949,39,93,2,2,98,0.547,0.734,,0.187,288.5175755,60.67442937,293.3428345,106.3428345,36.25206483,
723,,46211,,CIAT-BR15_1865,Urochloa,interespecifico,Urochloa interespecifico,Poaceae,Poales,grasses,F262950,39,93,2,1,99,0.5475,0.7703,,0.2228,254.7851997,53.34863808,279.0358651,56.23586509,20.15363332,
724,,46211,,CIAT-BR15_1865,Urochloa,interespecifico,Urochloa interespecifico,Poaceae,Poales,grasses,F262950,39,93,2,2,100,0.5485,0.7494,,0.2009,276.3988776,57.90897288,278.8685774,77.9685774,27.95889667,
725,,46211,,CIAT-BR15_1877,Urochloa,interespecifico,Urochloa interespecifico,Poaceae,Poales,grasses,F262951,39,93,2,1,101,0.5687,0.7637,,0.195,281.8906266,59.11012104,291.9618896,96.96188957,33.21046103,
726,,46211,,CIAT-BR15_1877,Urochloa,interespecifico,Urochloa interespecifico,Poaceae,Poales,grasses,F262951,39,93,2,2,102,0.5446,0.7682,,0.2236,253.1953057,53.10356513,291.9035322,68.3035322,23.39935104,
727,,46211,,CIAT-BR15_2174,Urochloa,interespecifico,Urochloa interespecifico,Poaceae,Poales,grasses,F262952,39,93,2,1,103,0.5466,0.752,,0.2054,272.9010742,57.0563373,313.8149515,108.4149515,34.54741432,
728,,46211,,CIAT-BR15_2174,Urochloa,interespecifico,Urochloa interespecifico,Poaceae,Poales,grasses,F262952,39,93,2,2,104,0.5584,0.7761,,0.2177,260.7923564,54.50293049,313.9404524,96.24045238,30.6556392,
729,,46211,,CIAT-BR15_2464,Urochloa,interespecifico,Urochloa interespecifico,Poaceae,Poales,grasses,F262953,39,93,2,1,105,0.5844,0.8098,,0.2254,251.4691558,52.73336569,325.1064624,99.7064624,30.6688651,
730,,46211,,CIAT-BR15_2464,Urochloa,interespecifico,Urochloa interespecifico,Poaceae,Poales,grasses,F262953,39,93,2,2,106,0.5593,0.6858,,0.1265,350.2738201,73.4675029,325.0414671,198.5414671,61.08188868,
731,,46211,,CIAT-BR15_2528,Urochloa,interespecifico,Urochloa interespecifico,Poaceae,Poales,grasses,F262954,39,93,2,1,107,0.5616,0.7603,,0.1987,272.1088007,57.79603107,288.3391436,89.63914363,31.08809387,
732,,46211,,CIAT-BR15_2528,Urochloa,interespecifico,Urochloa interespecifico,Poaceae,Poales,grasses,F262954,39,93,2,2,108,0.5658,0.7699,,0.2041,266.7088007,56.64906865,288.3391436,84.23914363,29.21529924,
733,,46211,,CIAT-BR15_2532,Urochloa,interespecifico,Urochloa interespecifico,Poaceae,Poales,grasses,F262955,39,93,2,1,109,0.5857,0.7627,,0.177,300.1715208,62.90641996,239.1177836,62.1177836,25.97790205,
734,,46211,,CIAT-BR15_2532,Urochloa,interespecifico,Urochloa interespecifico,Poaceae,Poales,grasses,F262955,39,93,2,2,110,0.5588,0.7646,,0.2058,271.3715208,56.87085439,239.1177836,33.3177836,13.93362848,
735,,46211,,CIAT-BR15_2538,Urochloa,interespecifico,Urochloa interespecifico,Poaceae,Poales,grasses,F262956,39,93,2,1,111,0.5756,0.7883,,0.2127,251.6089152,54.18998149,256.5120179,43.81201789,17.07990848,
736,,46211,,CIAT-BR15_2538,Urochloa,interespecifico,Urochloa interespecifico,Poaceae,Poales,grasses,F262956,39,93,2,2,112,0.5462,0.7374,,0.1912,273.1089152,58.82051933,256.5120179,65.31201789,25.46158204,
737,,46211,,CIAT-BR15_2545,Urochloa,interespecifico,Urochloa interespecifico,Poaceae,Poales,grasses,F262957,39,93,2,1,113,0.5518,0.752,,0.2002,259.0712329,56.409201,263.5459845,63.34598446,24.03602718,
738,,46211,,CIAT-BR15_2545,Urochloa,interespecifico,Urochloa interespecifico,Poaceae,Poales,grasses,F262957,39,93,2,2,114,0.5727,0.769,,0.1963,262.7876712,57.24128259,263.4406503,67.14065033,25.48606308,
739,,9/15/026,,CIAT-BR15_2767,Urochloa,interespecifico,Urochloa interespecifico,Poaceae,Poales,grasses,F262958,39,104,2,1,35,0.5619,0.7378,,0.1759,286.9949331,62.00001611,258.5706536,82.67065361,31.97217181,
740,,9/15/026,,CIAT-BR15_2767,Urochloa,interespecifico,Urochloa interespecifico,Poaceae,Poales,grasses,F262958,39,104,2,2,36,0.5741,0.7592,,0.1851,277.3325006,59.97253659,258.3123413,73.21234127,28.34256424,
741,,46211,, CIAT 17009,Canavalia, brasiliensis,Canavalia brasiliensis,Fabaceas,Fabales,Trepadoras,F263289,39,93,2,1,117,0.5777,0.7775,,0.1998,257.4649622,56.30542103,274.3554194,74.55541938,27.17475731,
742,,46211,, CIAT 17009,Canavalia, brasiliensis,Canavalia brasiliensis,Fabaceas,Fabales,Trepadoras,F263289,39,93,2,2,118,0.5377,0.7231,,0.1854,272.2307741,59.48699028,274.5749037,89.17490372,32.4774415,
743,,46211,,CIAT 17462,Canavalia, brasiliensis,Canavalia brasiliensis,Fabaceas,Fabales,Trepadoras,F263290,39,93,2,1,119,0.5467,0.7165,,0.1698,282.4259869,62.45240103,233.2882042,63.48820421,27.21449395,
744,,46211,,CIAT 17462,Canavalia, brasiliensis,Canavalia brasiliensis,Fabaceas,Fabales,Trepadoras,F263290,39,93,2,2,120,0.5814,0.7613,,0.1799,272.4163779,60.22695423,233.3348339,53.43483388,22.90049582,
745,,46211,,CIAT 13953,Desmodium,velutinum,Desmodium velutinum,Fabaceas,Fabales,Arbustivas,F263291,39,93,2,1,121,0.5514,0.8091,,0.2577,203.6476207,44.14190332,242.2299923,-15.47000771,-6.386495561,
746,,46211,,CIAT 13953,Desmodium,velutinum,Desmodium velutinum,Fabaceas,Fabales,Arbustivas,F263291,39,93,2,2,122,0.5419,0.7626,,0.2207,240.3710887,52.13319477,242.0847995,21.38479949,8.833598614,
747,,46211,,CIAT 9432,Clitoria,tertanea,Clitoria tertanea,Fabaceas,Fabales,Trepadoras,F263292,39,93,2,1,123,0.5681,0.767,,0.1989,262.8459647,56.92436638,354.076559,155.176559,43.82570804,
748,,46211,,CIAT 9432,Clitoria,tertanea,Clitoria tertanea,Fabaceas,Fabales,Trepadoras,F263292,39,93,2,2,124,0.5949,0.8138,,0.2189,242.5691939,52.56454755,353.8643253,134.9643253,38.14013327,
749,,46211,,CIAT 17768,Clitoria,tertanea,Clitoria tertanea,Fabaceas,Fabales,Trepadoras,F263293,39,93,2,1,125,0.5533,0.7742,,0.2209,243.1905855,52.4015339,330.5769935,109.6769935,33.17744298,
750,,46211,,CIAT 17768,Clitoria,tertanea,Clitoria tertanea,Fabaceas,Fabales,Trepadoras,F263293,39,93,2,2,126,0.5832,0.8085,,0.2253,238.6978786,51.44374352,330.5109574,105.2109574,31.83281977,
751,,46211,,CIAT 22768,Lablab,purpureus,Lablab purpureus,Fabaceas,Fabales,Trepadoras,F263294,39,93,2,1,127,0.563,0.738,,0.175,279.7931852,61.52097136,339.6399703,164.6399703,48.47485123,
752,,46211,,CIAT 22768,Lablab,purpureus,Lablab purpureus,Fabaceas,Fabales,Trepadoras,F263294,39,93,2,2,128,0.5933,0.7263,,0.133,321.9750661,70.76762884,339.7757991,206.7757991,60.85654118,
753,,46211,,CIAT 22598,Lablab,purpureus,Lablab purpureus,Fabaceas,Fabales,Trepadoras,F263295,39,93,2,1,129,0.5722,0.7415,,0.1693,288.2450326,62.99817768,243.384795,74.08479505,30.43936867,
754,,46211,,CIAT 22598,Lablab,purpureus,Lablab purpureus,Fabaceas,Fabales,Trepadoras,F263295,39,93,2,2,130,0.6001,0.755,,0.1549,302.5535967,66.13864201,243.336157,88.436157,36.34320443,
755,,46211,,CIAT 18701,Cajanus,cajan,Cajanus cajan,Fabaceas,Fabales,Arbustivas,F263296,39,93,2,1,131,0.5688,0.9345,,0.3657,98.31972375,21.18869495,225.7707943,-139.9292057,-61.97843532,
756,,46211,,CIAT 18701,Cajanus,cajan,Cajanus cajan,Fabaceas,Fabales,Arbustivas,F263296,39,93,2,2,132,0.569,0.9284,,0.3594,104.5269569,22.53090823,225.7256582,-133.6743418,-59.21982591,
757,,46211,,CIAT 20891,Cajanus,cajan,Cajanus cajan,Fabaceas,Fabales,Arbustivas,F263297,39,93,2,1,133,0.5599,0.8828,,0.3229,138.6498187,30.04005485,268.6646496,-54.23535045,-20.18700657,
758,,46211,,CIAT 20891,Cajanus,cajan,Cajanus cajan,Fabaceas,Fabales,Arbustivas,F263297,39,93,2,2,134,0.5413,0.8921,,0.3508,110.6575825,23.98001176,268.6109596,-82.18904043,-30.5977986,
759,,46211,,CIAT 15551,Centrosema ,molle,Centrosema molle,Fabaceas,Fabales,Trepadoras,F263298,39,93,2,1,135,0.5631,0.8619,,0.2988,159.17081,34.75566707,281.4372454,-17.36275462,-6.169316572,
760,,46211,,CIAT 15551,Centrosema ,molle,Centrosema molle,Fabaceas,Fabales,Trepadoras,F263298,39,93,2,2,136,0.5658,0.8724,,0.3066,151.6455375,33.09263814,281.606074,-24.99392604,-8.875492523,
761,,46211,, CIAT 17009,Canavalia,brasiliensis,Canavalia brasiliensis,Fabaceas,Fabales,Trepadoras,F263299,39,93,2,1,137,0.5602,0.7248,,0.1646,292.2043287,63.9670665,251.2420604,86.64206039,34.4854919,
762,,46211,, CIAT 17009,Canavalia,brasiliensis,Canavalia brasiliensis,Fabaceas,Fabales,Trepadoras,F263299,39,93,2,2,138,0.5583,0.7136,,0.1553,301.5956713,66.00974582,251.2922988,95.99229875,38.19945905,
763,,46211,,CIAT 17462,Canavalia,brasiliensis,Canavalia brasiliensis,Fabaceas,Fabales,Trepadoras,F263300,39,93,2,1,139,0.5445,0.6914,,0.1469,310.5742434,67.88890257,255.7171982,108.8171982,42.55372692,
764,,46211,,CIAT 17462,Canavalia,brasiliensis,Canavalia brasiliensis,Fabaceas,Fabales,Trepadoras,F263300,39,93,2,2,140,0.5736,0.7459,,0.1723,284.9914,62.32161812,255.6149931,83.31499312,32.59393829,
765,,46211,,CIAT 9432,Clitoria,tertanea,Clitoria tertanea,Fabaceas,Fabales,Trepadoras,F263301,39,93,2,1,141,0.5869,0.802,,0.2151,250.04682,53.75653648,295.2332816,80.13328162,27.1423605,
766,,46211,,CIAT 9432,Clitoria,tertanea,Clitoria tertanea,Fabaceas,Fabales,Trepadoras,F263301,39,93,2,2,142,0.5679,0.7687,,0.2008,264.067955,56.8049383,295.0562833,94.25628325,31.94518761,
767,,46211,,CIAT 17768,Clitoria,tertanea,Clitoria tertanea,Fabaceas,Fabales,Trepadoras,F263302,39,93,2,1,143,0.5833,0.7969,,0.2136,250.6373623,53.98905445,303.0877775,89.48777748,29.52536662,
768,,46211,,CIAT 17768,Clitoria,tertanea,Clitoria tertanea,Fabaceas,Fabales,Trepadoras,F263302,39,93,2,2,144,0.5649,0.7706,,0.2057,258.3517787,55.67304999,302.9666151,97.26661507,32.10473043,
769,,46211,,CIAT 22768,Lablab,purpureus,Lablab purpureus,Fabaceas,Fabales,Trepadoras,F263303,39,93,2,1,145,0.5805,0.7164,,0.1359,325.8787852,70.57032407,351.1827662,215.2827662,61.30220128,
770,,46211,,CIAT 22768,Lablab,purpureus,Lablab purpureus,Fabaceas,Fabales,Trepadoras,F263303,39,93,2,2,146,0.5648,0.6944,,0.1296,331.9942213,71.92339202,351.0424053,221.4424053,63.08138332,
771,,46211,,CIAT 22598,Lablab,purpureus,Lablab purpureus,Fabaceas,Fabales,Trepadoras,F263304,39,93,2,1,147,0.5522,0.6927,,0.1405,317.7038859,69.33679431,298.4606439,157.9606439,52.92511663,
772,,46211,,CIAT 22598,Lablab,purpureus,Lablab purpureus,Fabaceas,Fabales,Trepadoras,F263304,39,93,2,2,148,0.5413,0.6874,,0.1461,312.1038859,68.11463095,298.4606439,152.3606439,51.04882235,
773,,46211,,CIAT 18701,Cajanus,cajan,Cajanus cajan,Fabaceas,Fabales,Arbustivas,F263305,39,93,2,1,149,0.573,0.8544,,0.2814,195.4285237,40.98507409,311.4867829,30.08678289,9.659088135,
774,,46211,,CIAT 18701,Cajanus,cajan,Cajanus cajan,Fabaceas,Fabales,Arbustivas,F263305,39,93,2,2,150,0.5842,0.8446,,0.2604,216.9052569,45.44371841,311.7982074,51.39820739,16.48444608,
775,,46211,,CIAT 20891,Cajanus,cajan,Cajanus cajan,Fabaceas,Fabales,Arbustivas,F263306,39,93,2,1,151,0.5591,0.8495,,0.2904,184.8297281,38.89271171,306.3074371,15.90743711,5.193291178,
776,,46211,,CIAT 20891,Cajanus,cajan,Cajanus cajan,Fabaceas,Fabales,Arbustivas,F263306,39,93,2,2,152,0.5759,0.8364,,0.2605,214.5398641,45.16249694,306.185061,45.68506098,14.92073481,
777,,46211,,Sample 8,Cynodon, nlemfuensis ,Cynodon nlemfuensis ,Poaceae,Poales,grasses,F250008,39,93,2,1,153,0.5726,0.8308,,0.2582,210.735872,44.93916644,309.1303813,50.93038133,16.47537234,
778,,46211,,Sample 8,Cynodon, nlemfuensis ,Cynodon nlemfuensis ,Poaceae,Poales,grasses,F250008,39,93,2,2,154,0.5543,0.8123,,0.258,211.1233339,45.00380148,309.2539593,51.25395934,16.57342058,
779,,,,BLANK 24 H,,,BLANK 24 H,,,,BLANK 24 H,39,93,2,1,155,,,,,,,,,#DIV/0!,
780,,,,BLANK 24 H,,,BLANK 24 H,,,,BLANK 24 H,39,93,2,2,156,,,,,,,,,#DIV/0!,
781,,,,BLANK 24 H,,,BLANK 24 H,,,,BLANK 24 H,39,94,3,1,1,,,,,,,,,#DIV/0!,
782,,,,BLANK 24 H,,,BLANK 24 H,,,,BLANK 24 H,39,94,3,2,2,,,,,,,,,#DIV/0!,
783,,46238,,CIAT_BR04_3025_Llan,Urochloa,interespecifico,Urochloa interespecifico,Poaceae,Poales,grasses,F262903,39,94,3,1,3,0.5608,0.7902,,0.2294,237.8549185,50.90474366,282.2481839,52.84818387,18.72401202,
784,,46238,,CIAT_BR04_3025_Llan,Urochloa,interespecifico,Urochloa interespecifico,Poaceae,Poales,grasses,F262903,39,94,3,2,4,0.5567,0.8029,,0.2462,221.3352715,47.34087137,282.4175328,36.21753278,12.82410919,
785,,46238,,CIAT_BR02_1752_Llan,Urochloa,interespecifico,Urochloa interespecifico,Poaceae,Poales,grasses,F262904,39,94,3,1,5,0.5494,0.7978,,0.2484,220.9422301,47.0748669,303.2539066,54.85390662,18.08844187,
786,,46238,,CIAT_BR02_1752_Llan,Urochloa,interespecifico,Urochloa interespecifico,Poaceae,Poales,grasses,F262904,39,94,3,2,6,0.5745,0.8454,,0.2709,198.4422301,42.28092368,303.2539066,32.35390662,10.66891668,
787,,46238,,CIAT_CIAT_606_Llan,Urochloa,interespecifico,Urochloa interespecifico,Poaceae,Poales,grasses,F262905,39,94,3,1,7,0.5692,0.8577,,0.2885,182.5043659,38.74791384,328.3342972,39.83429722,12.13223765,
788,,46238,,CIAT_CIAT_606_Llan,Urochloa,interespecifico,Urochloa interespecifico,Poaceae,Poales,grasses,F262905,39,94,3,2,8,0.5883,0.8817,,0.2934,177.79273,37.73248581,328.4656047,35.06560468,10.67557887,
789,,46238,,CIAT_BR02_1794_Llan,Urochloa,interespecifico,Urochloa interespecifico,Poaceae,Poales,grasses,F262906,39,94,3,1,9,0.5444,0.7939,,0.2495,220.1469756,46.87499059,276.1504033,26.65040328,9.650684178,
790,,46238,,CIAT_BR02_1794_Llan,Urochloa,interespecifico,Urochloa interespecifico,Poaceae,Poales,grasses,F262906,39,94,3,2,10,0.5498,0.7788,,0.229,240.6469756,51.23997132,276.1504033,47.15040328,17.07417506,
791,,46238,,CIAT_CIAT_6294_Llan,Urochloa,interespecifico,Urochloa interespecifico,Poaceae,Poales,grasses,F262907,39,94,3,1,11,0.5705,0.8148,,0.2443,227.4957435,48.21911741,380.2673693,135.9673693,35.7557288,
792,,46238,,CIAT_CIAT_6294_Llan,Urochloa,interespecifico,Urochloa interespecifico,Poaceae,Poales,grasses,F262907,39,94,3,2,12,0.5365,0.8024,,0.2659,205.7071007,43.61832135,380.1153231,114.2153231,30.04754509,
793,,46238,,CIAT_Mulato_II_Llan,Urochloa,interespecifico,Urochloa interespecifico,Poaceae,Poales,grasses,F262908,39,94,3,1,13,0.5702,0.8346,,0.2644,205.181061,43.6944924,277.8530691,13.45306907,4.841792505,
794,,46238,,CIAT_Mulato_II_Llan,Urochloa,interespecifico,Urochloa interespecifico,Poaceae,Poales,grasses,F262908,39,94,3,2,14,0.552,0.8207,,0.2687,201.2567258,42.82452293,278.0753515,9.375351529,3.371514763,
795,,46238,,CIAT_BR04_3025_Qu,Urochloa,interespecifico,Urochloa interespecifico,Poaceae,Poales,grasses,F262909,39,94,3,1,15,0.5606,0.8314,,0.2708,201.4595832,42.65865434,256.630895,-14.16910496,-5.521199992,
796,,46238,,CIAT_BR04_3025_Qu,Urochloa,interespecifico,Urochloa interespecifico,Poaceae,Poales,grasses,F262909,39,94,3,2,16,0.5695,0.8085,,0.239,233.2595832,49.39223925,256.630895,17.63089504,6.870137378,
797,,46238,,CIAT_BR02_1752_Qu,Urochloa,interespecifico,Urochloa interespecifico,Poaceae,Poales,grasses,F262910,39,94,3,1,17,0.5915,0.8375,,0.246,211.7,46.25300415,258.4811089,12.48110895,4.828634866,
798,,46238,,CIAT_BR02_1752_Qu,Urochloa,interespecifico,Urochloa interespecifico,Poaceae,Poales,grasses,F262910,39,94,3,2,18,0.6039,0.8164,,0.2125,245.2,53.57220887,258.4811089,45.98110895,17.78896304,
799,,46238,,CIAT_CIAT_606_Qu,Urochloa,interespecifico,Urochloa interespecifico,Poaceae,Poales,grasses,F262911,39,94,3,1,19,0.5536,0.7778,,0.2242,248.5390011,52.57425356,265.5582074,41.3582074,15.57406484,
800,,46238,,CIAT_CIAT_606_Qu,Urochloa,interespecifico,Urochloa interespecifico,Poaceae,Poales,grasses,F262911,39,94,3,2,20,0.5792,0.8114,,0.2322,240.44451,50.87216818,265.5051276,33.3051276,12.54406192,
801,,46238,,CIAT_BR02_1794_Qu,Urochloa,interespecifico,Urochloa interespecifico,Poaceae,Poales,grasses,F262912,39,94,3,1,21,0.5541,0.7944,,0.2403,230.9205851,49.0047745,300.0270959,59.72709594,19.90723396,
802,,46238,,CIAT_BR02_1794_Qu,Urochloa,interespecifico,Urochloa interespecifico,Poaceae,Poales,grasses,F262912,39,94,3,2,22,0.5629,0.8287,,0.2658,205.5148104,43.60457297,300.0870894,34.28708936,11.42571293,
803,,46238,,CIAT_CIAT_6294_Qu,Urochloa,interespecifico,Urochloa interespecifico,Poaceae,Poales,grasses,F262913,39,94,3,1,23,0.5851,0.8277,,0.2426,227.3771961,48.38047419,275.8121226,33.21212264,12.04157465,
804,,46238,,CIAT_CIAT_6294_Qu,Urochloa,interespecifico,Urochloa interespecifico,Poaceae,Poales,grasses,F262913,39,94,3,2,24,0.5802,0.786,,0.2058,263.9893555,56.1931326,275.701886,69.90188598,25.35415589,
805,,46238,,CIAT_Mulato_II_Qu,Urochloa,interespecifico,Urochloa interespecifico,Poaceae,Poales,grasses,F262914,39,94,3,1,25,0.5667,0.8135,,0.2468,221.945013,47.34877318,268.0348074,21.23480744,7.922406662,
806,,46238,,CIAT_Mulato_II_Qu,Urochloa,interespecifico,Urochloa interespecifico,Poaceae,Poales,grasses,F262914,39,94,3,2,26,0.5704,0.7941,,0.2237,244.85759,52.25773634,267.9276364,44.22763639,16.50730659,
807,,46238,,CIAT-BR04_2515,Urochloa,interespecifico,Urochloa interespecifico,Poaceae,Poales,grasses,F262915,39,94,3,1,27,0.5681,0.8069,,0.2388,235.0631217,49.60570066,270.117881,31.31788101,11.59415322,
808,,46238,,CIAT-BR04_2515,Urochloa,interespecifico,Urochloa interespecifico,Poaceae,Poales,grasses,F262915,39,94,3,2,28,0.5534,0.8109,,0.2575,216.2684059,45.64854963,270.0638898,12.56388982,4.652191684,
809,,46238,,CIAT-BR05_931,Urochloa,interespecifico,Urochloa interespecifico,Poaceae,Poales,grasses,F262916,39,94,3,1,29,0.5634,0.8192,,0.2558,215.7500597,45.75337343,242.9595317,-12.84046827,-5.285023468,
810,,46238,,CIAT-BR05_931,Urochloa,interespecifico,Urochloa interespecifico,Poaceae,Poales,grasses,F262916,39,94,3,2,30,0.5352,0.8536,,0.3184,153.1500597,32.47800664,242.9595317,-75.44046827,-31.05063124,
811,,46238,,CIAT-BR09_5252,Urochloa,interespecifico,Urochloa interespecifico,Poaceae,Poales,grasses,F262917,39,94,3,1,31,0.5827,0.8153,,0.2326,238.9678235,50.67517578,267.5542081,34.9542081,13.06434623,
812,,46238,,CIAT-BR09_5252,Urochloa,interespecifico,Urochloa interespecifico,Poaceae,Poales,grasses,F262917,39,94,3,2,32,0.5851,0.8543,,0.2692,202.3678235,42.91383199,267.5542081,-1.6457919,-0.615124655,
813,,9/15/026,,CIAT-BR12_1176,Urochloa,interespecifico,Urochloa interespecifico,Poaceae,Poales,grasses,F262918,43,104,1,1,13,0.56,0.7553,,0.1953,274.5347243,58.43219117,273.9353182,78.63531824,28.70579768,
814,,9/15/026,,CIAT-BR12_1176,Urochloa,interespecifico,Urochloa interespecifico,Poaceae,Poales,grasses,F262918,43,104,1,2,14,0.5541,0.7518,,0.1977,271.9469406,57.90454852,273.8258317,76.1258317,27.80082187,
815,,46238,,CIAT-BR12_1280,Urochloa,interespecifico,Urochloa interespecifico,Poaceae,Poales,grasses,F262919,39,94,3,1,35,0.5681,0.8212,,0.2531,221.6338443,46.68591612,283.8326726,30.7326726,10.82774309,
816,,46238,,CIAT-BR12_1280,Urochloa,interespecifico,Urochloa interespecifico,Poaceae,Poales,grasses,F262919,39,94,3,2,36,0.5513,0.7982,,0.2469,228.1186846,48.0230972,284.0029722,37.10297221,13.06429011,
817,,46238,,CIAT-BR12_1282,Urochloa,interespecifico,Urochloa interespecifico,Poaceae,Poales,grasses,F262920,39,94,3,1,37,0.5659,0.8312,,0.2653,208.3130762,43.98381014,284.7365542,19.43655424,6.826153492,
818,,46238,,CIAT-BR12_1282,Urochloa,interespecifico,Urochloa interespecifico,Poaceae,Poales,grasses,F262920,39,94,3,2,38,0.5604,0.8199,,0.2595,213.9237446,45.18652624,284.6227279,25.12272791,8.826676667,
819,,46238,,CIAT-BR12_1325,Urochloa,interespecifico,Urochloa interespecifico,Poaceae,Poales,grasses,F262921,39,94,3,1,39,0.5734,0.8604,,0.287,187.5737571,39.52467963,271.7499139,-15.25008605,-5.611808972,
820,,46238,,CIAT-BR12_1325,Urochloa,interespecifico,Urochloa interespecifico,Poaceae,Poales,grasses,F262921,39,94,3,2,40,0.5795,0.8358,,0.2563,218.2737571,45.99364247,271.7499139,15.44991395,5.685342719,
821,,46238,,CIAT-BR12_1399,Urochloa,interespecifico,Urochloa interespecifico,Poaceae,Poales,grasses,F262922,43,104,3,1,15,0.5554,0.7668,,0.2114,264.6901117,55.5966413,272.011193,60.61119301,22.28260989,
822,,46238,,CIAT-BR12_1399,Urochloa,interespecifico,Urochloa interespecifico,Poaceae,Poales,grasses,F262922,43,104,3,2,16,0.5549,0.7668,,0.2119,264.0949507,55.48272105,271.9568234,60.05682339,22.08321992,
823,,46238,,CIAT-BR12_1418,Urochloa,interespecifico,Urochloa interespecifico,Poaceae,Poales,grasses,F262923,39,94,3,1,43,0.5873,0.7975,,0.2102,258.975,55.19795386,266.5311963,56.3311963,21.13493545,
824,,46238,,CIAT-BR12_1418,Urochloa,interespecifico,Urochloa interespecifico,Poaceae,Poales,grasses,F262923,39,94,3,2,44,0.5397,0.7861,,0.2464,222.775,47.48228273,266.5311963,20.1311963,7.55303566,
825,,9/15/026,,CIAT-BR12_1509,Urochloa,interespecifico,Urochloa interespecifico,Poaceae,Poales,grasses,F262924,43,104,1,1,19,0.5398,0.7726,,0.2328,240.5013091,50.81357361,278.0165143,45.21651429,16.26396705,
826,,9/15/026,,CIAT-BR12_1509,Urochloa,interespecifico,Urochloa interespecifico,Poaceae,Poales,grasses,F262924,43,104,1,2,20,0.5601,0.7716,,0.2115,261.8959504,55.32281174,278.0721065,66.57210647,23.94059128,
827,,46238,,CIAT-BR12_1535,Urochloa,interespecifico,Urochloa interespecifico,Poaceae,Poales,grasses,F262925,39,94,3,1,47,0.5672,0.7931,,0.2259,248.3960179,52.37151663,275.1490524,49.2490524,17.89904489,
828,,46238,,CIAT-BR12_1535,Urochloa,interespecifico,Urochloa interespecifico,Poaceae,Poales,grasses,F262925,39,94,3,2,48,0.5528,0.7674,,0.2146,259.5063753,54.73589659,275.0390368,60.43903678,21.9747122,
829,,46238,,CIAT-BR12_1685,Urochloa,interespecifico,Urochloa interespecifico,Poaceae,Poales,grasses,F262926,39,94,3,1,49,0.58,0.8174,,0.2374,236.378639,49.89221116,277.7591279,40.35912791,14.5302616,
830,,46238,,CIAT-BR12_1685,Urochloa,interespecifico,Urochloa interespecifico,Poaceae,Poales,grasses,F262926,39,94,3,2,50,0.5537,0.7795,,0.2258,247.8839779,52.3310877,277.7036316,51.90363159,18.6902963,
831,,9/15/026,,CIAT-BR12_1844,Urochloa,interespecifico,Urochloa interespecifico,Poaceae,Poales,grasses,F262927,43,104,3,1,51,0.5623,0.8002,,0.2379,233.5517084,49.53884019,290.8968206,52.99682065,18.21842553,
832,,9/15/026,,CIAT-BR12_1844,Urochloa,interespecifico,Urochloa interespecifico,Poaceae,Poales,grasses,F262927,43,104,3,2,52,0.5497,0.7622,,0.2125,258.5749239,54.89040294,290.6643357,78.16433568,26.89161554,
833,,46238,,CIAT-BR12_1888,Urochloa,interespecifico,Urochloa interespecifico,Poaceae,Poales,grasses,F262928,39,94,3,1,53,0.5449,0.776,,0.2311,237.4325258,50.67578294,293.7194612,62.6194612,21.3194798,
834,,46238,,CIAT-BR12_1888,Urochloa,interespecifico,Urochloa interespecifico,Poaceae,Poales,grasses,F262928,39,94,3,2,54,0.5604,0.7705,,0.2101,258.5261761,55.16682364,293.7781699,83.67816986,28.483454,
835,,46238,,CIAT-BR12_1939,Urochloa,interespecifico,Urochloa interespecifico,Poaceae,Poales,grasses,F262929,39,94,3,1,55,0.5731,0.8017,,0.2286,244.1848757,51.64819948,293.0116517,64.41165171,21.9826247,
836,,46238,,CIAT-BR12_1939,Urochloa,interespecifico,Urochloa interespecifico,Poaceae,Poales,grasses,F262929,39,94,3,2,56,0.5628,0.7694,,0.2066,265.9958751,56.2840027,292.8945173,86.29451733,29.46266052,
837,,46238,,CIAT-BR12_2243,Urochloa,interespecifico,Urochloa interespecifico,Poaceae,Poales,grasses,F262930,39,94,3,1,57,0.5665,0.7815,,0.215,259.3012674,54.67016118,291.7475784,76.74757836,26.30615781,
838,,46238,,CIAT-BR12_2243,Urochloa,interespecifico,Urochloa interespecifico,Poaceae,Poales,grasses,F262930,39,94,3,2,58,0.5821,0.7721,,0.19,284.3961276,59.94908286,291.8059279,101.8059279,34.88823158,
839,,46238,,CIAT-BR12_2254,Urochloa,interespecifico,Urochloa interespecifico,Poaceae,Poales,grasses,F262931,39,94,3,1,59,0.6077,0.8556,,0.2479,212.9671366,46.2100939,299.2058371,51.30583708,17.14733829,
840,,46238,,CIAT-BR12_2254,Urochloa,interespecifico,Urochloa interespecifico,Poaceae,Poales,grasses,F262931,39,94,3,2,60,0.5788,0.7696,,0.1908,270.2514097,58.61632868,299.3254716,108.5254716,36.25667772,
841,,46238,,CIAT-BR12_2255,Urochloa,interespecifico,Urochloa interespecifico,Poaceae,Poales,grasses,F262932,39,94,3,1,61,0.582,0.7957,,0.2137,253.0899577,54.21923791,278.9621937,65.26219373,23.39463741,
842,,46238,,CIAT-BR12_2255,Urochloa,interespecifico,Urochloa interespecifico,Poaceae,Poales,grasses,F262932,39,94,3,2,62,0.5838,0.7769,,0.1931,273.4100516,58.60753711,278.7949168,85.69491678,30.73761809,
843,,46238,,CIAT-BR12_2305,Urochloa,interespecifico,Urochloa interespecifico,Poaceae,Poales,grasses,F262933,39,94,3,1,63,0.5661,0.7566,,0.1905,270.5960912,58.68540123,300.4600668,109.9600668,36.5972317,
844,,46238,,CIAT-BR12_2305,Urochloa,interespecifico,Urochloa interespecifico,Poaceae,Poales,grasses,F262933,39,94,3,2,64,0.5813,0.7603,,0.179,282.0960912,61.17945838,300.4600668,121.4600668,40.4246954,
845,,46238,,CIAT-BR12_2316,Urochloa,interespecifico,Urochloa interespecifico,Poaceae,Poales,grasses,F262934,39,94,3,1,65,0.5688,0.815,,0.2462,219.4844316,47.13158025,277.0160891,30.81608911,11.12429578,
846,,46238,,CIAT-BR12_2316,Urochloa,interespecifico,Urochloa interespecifico,Poaceae,Poales,grasses,F262934,39,94,3,2,66,0.5485,0.7946,,0.2461,219.5844316,47.15305402,277.0160891,30.91608911,11.16039477,
847,,46238,,CIAT-BR12_2367,Urochloa,interespecifico,Urochloa interespecifico,Poaceae,Poales,grasses,F262935,39,94,3,1,67,0.5514,0.7553,,0.2039,260.8320536,56.12525574,278.2214606,74.3214606,26.71305817,
848,,46238,,CIAT-BR12_2367,Urochloa,interespecifico,Urochloa interespecifico,Poaceae,Poales,grasses,F262935,39,94,3,2,68,0.5544,0.7722,,0.2178,247.2108928,53.16238751,278.3883935,60.58839348,21.76397971,
849,,46238,,CIAT-BR12_2461,Urochloa,interespecifico,Urochloa interespecifico,Poaceae,Poales,grasses,F262936,39,94,3,1,69,0.5578,0.8008,,0.243,228.3692234,48.44805559,309.1348614,66.13486138,21.39353067,
850,,46238,,CIAT-BR12_2461,Urochloa,interespecifico,Urochloa interespecifico,Poaceae,Poales,grasses,F262936,39,94,3,2,70,0.5616,0.7992,,0.2376,233.7692234,49.59365435,309.1348614,71.53486138,23.1403411,
851,,46238,,CIAT-BR12_3018,Urochloa,interespecifico,Urochloa interespecifico,Poaceae,Poales,grasses,F262937,39,94,3,1,71,0.5783,0.7905,,0.2122,254.0283893,54.48582608,289.4547676,77.2547676,26.68975476,
852,,46238,,CIAT-BR12_3018,Urochloa,interespecifico,Urochloa interespecifico,Poaceae,Poales,grasses,F262937,39,94,3,2,72,0.5634,0.7806,,0.2172,249.3081264,53.44132551,289.6284405,72.42844047,25.00736473,
853,,46238,,CIAT-BR12_3067,Urochloa,interespecifico,Urochloa interespecifico,Poaceae,Poales,grasses,F262938,39,94,3,1,73,0.5692,0.7405,,0.1713,287.9147089,62.6971879,296.8468572,125.5468572,42.29347698,
854,,46238,,CIAT-BR12_3067,Urochloa,interespecifico,Urochloa interespecifico,Poaceae,Poales,grasses,F262938,39,94,3,2,74,0.5849,0.7852,,0.2003,259.0983214,56.3994924,296.9655485,96.66554848,32.55109859,
855,,46238,,CIAT-BR12_3069,Urochloa,interespecifico,Urochloa interespecifico,Poaceae,Poales,grasses,F262939,39,94,3,1,75,0.5704,0.801,,0.2306,237.4887302,50.73583594,282.4529805,51.85298053,18.35809289,
856,,46238,,CIAT-BR12_3069,Urochloa,interespecifico,Urochloa interespecifico,Poaceae,Poales,grasses,F262939,39,94,3,2,76,0.5884,0.8224,,0.234,234.2758535,50.02945416,282.565894,48.56589397,17.18745787,
857,,,,BLANK 8 H,,,BLANK 8 H,,,,BLANK 8 H,39,94,3,1,77,,,,,,,,,#DIV/0!,
858,,,,BLANK 8 H,,,BLANK 8 H,,,,BLANK 8 H,39,94,3,2,78,,,,,,,,,#DIV/0!,
859,,46238,,CIAT-BR12_3358,Urochloa,interespecifico,Urochloa interespecifico,Poaceae,Poales,grasses,F262940,39,94,3,1,79,0.5864,0.7992,,0.2128,249.1750486,53.9369062,275.133137,62.333137,22.6556269,
860,,46238,,CIAT-BR12_3358,Urochloa,interespecifico,Urochloa interespecifico,Poaceae,Poales,grasses,F262940,39,94,3,2,80,0.5795,0.792,,0.2125,249.2904063,53.98345287,275.0231717,62.52317172,22.73378324,
861,,46238,,CIAT-BR12_3377,Urochloa,interespecifico,Urochloa interespecifico,Poaceae,Poales,grasses,F262941,39,94,3,1,81,0.6095,0.828,,0.2185,243.909853,52.74754667,258.3831006,39.88310059,15.43564594,
862,,46238,,CIAT-BR12_3377,Urochloa,interespecifico,Urochloa interespecifico,Poaceae,Poales,grasses,F262941,39,94,3,2,82,0.5949,0.8555,,0.2606,201.5325735,43.60925523,258.2281637,-2.371836312,-0.918504116,
863,,46238,,CIAT-BR12_49,Urochloa,interespecifico,Urochloa interespecifico,Poaceae,Poales,grasses,F262942,39,94,3,1,83,0.6076,0.8225,,0.2149,252.2233253,53.99501837,285.7476481,70.84764805,24.79378169,
864,,46238,,CIAT-BR12_49,Urochloa,interespecifico,Urochloa interespecifico,Poaceae,Poales,grasses,F262942,39,94,3,2,84,0.6084,0.8247,,0.2163,250.3566687,53.64900696,285.4621859,69.16218587,24.22814274,
865,,46238,,CIAT-BR12_61,Urochloa,interespecifico,Urochloa interespecifico,Poaceae,Poales,grasses,F262943,39,94,3,1,85,0.5617,0.7396,,0.1779,283.0847642,61.40870288,275.2232304,97.32323043,35.36156097,
866,,46238,,CIAT-BR12_61,Urochloa,interespecifico,Urochloa interespecifico,Poaceae,Poales,grasses,F262943,39,94,3,2,86,0.5806,0.7877,,0.2071,253.8847642,55.07443714,275.2232304,68.12323043,24.75199144,
867,,46238,,CIAT-BR12_91,Urochloa,interespecifico,Urochloa interespecifico,Poaceae,Poales,grasses,F262944,39,94,3,1,87,0.5925,0.7986,,0.2061,257.6481802,55.55777709,264.7823953,58.68239527,22.16249884,
868,,46238,,CIAT-BR12_91,Urochloa,interespecifico,Urochloa interespecifico,Poaceae,Poales,grasses,F262944,39,94,3,2,88,0.5651,0.7933,,0.2282,235.7336424,50.81193103,264.8882871,36.68828705,13.85047541,
869,,46238,,CIAT-BR15_1468,Urochloa,interespecifico,Urochloa interespecifico,Poaceae,Poales,grasses,F262945,39,94,3,1,89,0.6058,0.8173,,0.2115,250.4346631,54.21430412,272.7757192,61.2757192,22.46377331,
870,,46238,,CIAT-BR15_1468,Urochloa,interespecifico,Urochloa interespecifico,Poaceae,Poales,grasses,F262945,39,94,3,2,90,0.5851,0.7842,,0.1991,263.1116577,56.92449624,272.9392865,73.83928649,27.05337419,
871,,46238,,CIAT-BR15_1628,Urochloa,interespecifico,Urochloa interespecifico,Poaceae,Poales,grasses,F262946,39,94,3,1,91,0.5869,0.8558,,0.2689,192.1078169,41.67127104,262.4098955,-6.490104516,-2.473269731,
872,,46238,,CIAT-BR15_1628,Urochloa,interespecifico,Urochloa interespecifico,Poaceae,Poales,grasses,F262946,39,94,3,2,92,0.5685,0.8137,,0.2452,215.7156337,46.80154413,262.357424,17.157424,6.539713547,
873,,9/15/026,,CIAT-BR15_1689,Urochloa,interespecifico,Urochloa interespecifico,Poaceae,Poales,grasses,F262947,43,104,3,1,27,0.5525,0.7618,,0.2093,252.5941881,54.68659156,259.033721,49.73372105,19.19970915,
874,,9/15/026,,CIAT-BR15_1689,Urochloa,interespecifico,Urochloa interespecifico,Poaceae,Poales,grasses,F262947,43,104,3,2,28,0.5745,0.7489,,0.1744,287.7712138,62.26506654,259.1890791,84.78907914,32.71321439,
875,,46238,,CIAT-BR15_1712,Urochloa,interespecifico,Urochloa interespecifico,Poaceae,Poales,grasses,F262948,43,105,3,1,95,0.5566,0.7673,,0.2107,265.2914896,55.73450269,283.7088491,73.00884909,25.73372291,
876,,46238,,CIAT-BR15_1712,Urochloa,interespecifico,Urochloa interespecifico,Poaceae,Poales,grasses,F262948,43,105,3,2,96,0.5509,0.7873,,0.2364,239.3060659,50.30544764,283.5387259,47.13872585,16.62514555,
877,,46238,,CIAT-BR15_1830,Urochloa,interespecifico,Urochloa interespecifico,Poaceae,Poales,grasses,F262949,39,94,3,1,97,0.5802,0.8405,,0.2603,215.2175755,45.25964687,293.3428345,33.04283455,11.26423783,
878,,46238,,CIAT-BR15_1830,Urochloa,interespecifico,Urochloa interespecifico,Poaceae,Poales,grasses,F262949,39,94,3,2,98,0.5891,0.8675,,0.2784,197.02251,41.44156111,293.2841894,14.88418944,5.075005736,
879,,46238,,CIAT-BR15_1865,Urochloa,interespecifico,Urochloa interespecifico,Poaceae,Poales,grasses,F262950,39,94,3,1,99,0.5999,0.8383,,0.2384,238.8988776,50.05226051,278.8685774,40.4685774,14.51170217,
880,,46238,,CIAT-BR15_1865,Urochloa,interespecifico,Urochloa interespecifico,Poaceae,Poales,grasses,F262950,39,94,3,2,100,0.5905,0.8315,,0.241,236.2988776,49.50752845,278.8685774,37.8685774,13.57936335,
881,,46238,,CIAT-BR15_1877,Urochloa,interespecifico,Urochloa interespecifico,Poaceae,Poales,grasses,F262951,39,94,3,1,101,0.5887,0.8045,,0.2158,260.9953057,54.73948728,278.5743584,62.77435844,22.53414808,
882,,46238,,CIAT-BR15_1877,Urochloa,interespecifico,Urochloa interespecifico,Poaceae,Poales,grasses,F262951,39,94,3,2,102,0.6008,0.827,,0.2262,250.4046638,52.53928105,291.7868175,65.58681748,22.47764928,
883,,46238,,CIAT-BR15_2174,Urochloa,interespecifico,Urochloa interespecifico,Poaceae,Poales,grasses,F262952,39,94,3,1,103,0.5793,0.7893,,0.21,268.3967153,56.10337754,292.8839469,82.8839469,28.29924541,
884,,46238,,CIAT-BR15_2174,Urochloa,interespecifico,Urochloa interespecifico,Poaceae,Poales,grasses,F262952,39,94,3,2,104,0.576,0.7838,,0.2078,270.5967153,56.56324692,313.8777019,106.0777019,33.79587058,
885,,46238,,CIAT-BR15_2464,Urochloa,interespecifico,Urochloa interespecifico,Poaceae,Poales,grasses,F262953,39,94,3,1,105,0.5907,0.8085,,0.2178,259.2598272,54.34534883,325.236453,107.436453,33.03333682,
886,,46238,,CIAT-BR15_2464,Urochloa,interespecifico,Urochloa interespecifico,Poaceae,Poales,grasses,F262953,39,94,3,2,106,0.57,0.7917,,0.2217,255.3598272,53.5278413,325.236453,103.536453,31.83420925,
887,,46238,,CIAT-BR15_2528,Urochloa,interespecifico,Urochloa interespecifico,Poaceae,Poales,grasses,F262954,39,94,3,1,107,0.575,0.7762,,0.2012,269.6088007,57.26502995,288.3391436,87.13914363,30.22105932,
888,,46238,,CIAT-BR15_2528,Urochloa,interespecifico,Urochloa interespecifico,Poaceae,Poales,grasses,F262954,39,94,3,2,108,0.5519,0.7408,,0.1889,281.7205901,59.86150968,288.2238771,99.32387714,34.4606693,
889,,46238,,CIAT-BR15_2532,Urochloa,interespecifico,Urochloa interespecifico,Poaceae,Poales,grasses,F262955,39,94,3,1,109,0.5511,0.7273,,0.1762,301.1623131,63.08883312,239.2133925,63.01339247,26.34191665,
890,,46238,,CIAT-BR15_2532,Urochloa,interespecifico,Urochloa interespecifico,Poaceae,Poales,grasses,F262955,39,94,3,2,110,0.5807,0.7717,,0.191,286.3623131,59.98846269,239.2133925,48.21339247,20.15497208,
891,,46238,,CIAT-BR15_2538,Urochloa,interespecifico,Urochloa interespecifico,Poaceae,Poales,grasses,F262956,39,94,3,1,111,0.5755,0.7705,,0.195,269.401777,58.01049658,256.5633203,61.56332029,23.9953709,
892,,46238,,CIAT-BR15_2538,Urochloa,interespecifico,Urochloa interespecifico,Poaceae,Poales,grasses,F262956,39,94,3,2,112,0.5909,0.7845,,0.1936,271.0803623,58.33695252,256.7172275,63.1172275,24.58628434,
893,,46238,,CIAT-BR15_2545,Urochloa,interespecifico,Urochloa interespecifico,Poaceae,Poales,grasses,F262957,39,94,3,1,113,0.5911,0.7945,,0.2034,255.9630137,55.72129363,263.5986515,60.19865152,22.83723804,
894,,46238,,CIAT-BR15_2545,Urochloa,interespecifico,Urochloa interespecifico,Poaceae,Poales,grasses,F262957,39,94,3,2,114,0.5787,0.7893,,0.2106,248.5794521,54.13557835,263.4933174,52.89331739,20.07387433,
895,,46282,,CIAT-BR15_2767,Urochloa,interespecifico,Urochloa interespecifico,Poaceae,Poales,grasses,F262958,39,105,3,1,101,0.5668,0.7482,,0.1814,281.4949331,60.81184152,258.5706536,77.17065361,29.84509361,
896,,46282,,CIAT-BR15_2767,Urochloa,interespecifico,Urochloa interespecifico,Poaceae,Poales,grasses,F262958,39,105,3,2,102,0.5569,0.7734,,0.2165,246.4874196,53.23847024,258.6223161,42.12231608,16.28719312,
897,,46238,, CIAT 17009,Canavalia, brasiliensis,Canavalia brasiliensis,Fabaceas,Fabales,Trepadoras,F263289,39,94,3,1,117,0.5711,0.764,,0.1929,264.7307741,57.84811448,274.5749037,81.67490372,29.74594641,
898,,46238,, CIAT 17009,Canavalia, brasiliensis,Canavalia brasiliensis,Fabaceas,Fabales,Trepadoras,F263289,39,94,3,2,118,0.5745,0.8061,,0.2316,226.0307741,49.39151537,274.5749037,42.97490372,15.65143177,
899,,46238,,CIAT 17462,Canavalia, brasiliensis,Canavalia brasiliensis,Fabaceas,Fabales,Trepadoras,F263290,39,94,3,1,119,0.5699,0.7503,,0.1804,271.9163779,60.11641214,233.3348339,52.93483388,22.68621148,
900,,46238,,CIAT 17462,Canavalia, brasiliensis,Canavalia brasiliensis,Fabaceas,Fabales,Trepadoras,F263290,39,94,3,2,120,0.554,0.7348,,0.1808,271.335596,60.01199604,233.2415745,52.44157455,22.48380232,
901,,46238,,CIAT 13953,Desmodium,velutinum,Desmodium velutinum,Fabaceas,Fabales,Arbustivas,F263291,39,94,3,1,121,0.5622,0.8072,,0.245,216.163266,46.87347886,242.1331971,-2.866802907,-1.183977638,
902,,46238,,CIAT 13953,Desmodium,velutinum,Desmodium velutinum,Fabaceas,Fabales,Arbustivas,F263291,39,94,3,2,122,0.5798,0.8157,,0.2359,225.0789113,48.82629244,242.0364019,6.136401891,2.535321895,
903,,46238,,CIAT 9432,Clitoria,tertanea,Clitoria tertanea,Fabaceas,Fabales,Trepadoras,F263292,39,94,3,1,123,0.5636,0.7984,,0.2348,226.48468,49.09867806,353.7228361,118.9228361,33.62034451,
904,,46238,,CIAT 9432,Clitoria,tertanea,Clitoria tertanea,Fabaceas,Fabales,Trepadoras,F263292,39,94,3,2,124,0.5512,0.8001,,0.2489,212.7537077,46.08512921,354.0058144,105.1058144,29.69042036,
905,,46238,,CIAT 17768,Clitoria,tertanea,Clitoria tertanea,Fabaceas,Fabales,Trepadoras,F263293,39,94,3,1,125,0.5938,0.8283,,0.2345,229.0343443,49.41043681,330.1807766,95.68077659,28.97830018,
906,,46238,,CIAT 17768,Clitoria,tertanea,Clitoria tertanea,Fabaceas,Fabales,Trepadoras,F263293,39,94,3,2,126,0.5816,0.8634,,0.2818,181.8270512,39.218387,330.2468127,48.44681275,14.66988049,
907,,46238,,CIAT 22768,Lablab,purpureus,Lablab purpureus,Fabaceas,Fabales,Trepadoras,F263294,39,94,3,1,127,0.5907,0.8105,,0.2198,234.9022448,51.66067409,339.5720559,119.7720559,35.27147002,
908,,46238,,CIAT 22768,Lablab,purpureus,Lablab purpureus,Fabaceas,Fabales,Trepadoras,F263294,39,94,3,2,128,0.5696,0.7808,,0.2112,243.8660066,53.58915038,339.8437136,128.6437136,37.85378644,
909,,46238,,CIAT 22598,Lablab,purpureus,Lablab purpureus,Fabaceas,Fabales,Trepadoras,F263295,39,94,3,1,129,0.5857,0.7709,,0.1852,272.070725,59.49882862,243.2388809,58.0388809,23.86085674,
910,,46238,,CIAT 22598,Lablab,purpureus,Lablab purpureus,Fabaceas,Fabales,Trepadoras,F263295,39,94,3,2,130,0.5723,0.772,,0.1997,257.570725,56.32784058,243.2388809,43.5388809,17.89963872,
911,,46238,,CIAT 18701,Cajanus,cajan,Cajanus cajan,Fabaceas,Fabales,Arbustivas,F263296,39,94,3,1,131,0.5585,0.9793,,0.4208,43.21972375,9.314199707,225.7707943,-195.0292057,-86.38371776,
912,,46238,,CIAT 18701,Cajanus,cajan,Cajanus cajan,Fabaceas,Fabales,Arbustivas,F263296,39,94,3,2,132,0.5769,0.9835,,0.4066,57.23419007,12.33936422,225.6805221,-180.9194779,-80.1661908,
913,,46238,,CIAT 20891,Cajanus,cajan,Cajanus cajan,Fabaceas,Fabales,Arbustivas,F263297,39,104,3,1,133,0.5657,0.9068,,0.3411,120.080874,26.03769601,268.4498896,-72.65011036,-27.06281998,
914,,46238,,CIAT 20891,Cajanus,cajan,Cajanus cajan,Fabaceas,Fabales,Arbustivas,F263297,39,104,3,2,134,0.5539,0.933,,0.3791,82.44981871,17.86368781,268.6646496,-110.4353504,-41.10527776,
915,,46238,,CIAT 15551,Centrosema ,molle,Centrosema molle,Fabaceas,Fabales,Trepadoras,F263298,39,94,3,1,135,0.5731,0.9396,,0.3665,91.47081,19.97306553,281.4372454,-85.06275462,-30.22441273,
916,,46238,,CIAT 15551,Centrosema ,molle,Centrosema molle,Fabaceas,Fabales,Trepadoras,F263298,39,94,3,2,136,0.5698,0.9399,,0.3701,87.87081,19.18698923,281.4372454,-88.66275462,-31.50356112,
917,,46238,, CIAT 17009,Canavalia,brasiliensis,Canavalia brasiliensis,Fabaceas,Fabales,Trepadoras,F263299,39,94,3,1,137,0.5372,0.725,,0.1878,268.9129861,58.88008318,251.191822,63.39182202,25.23641953,
918,,46238,, CIAT 17009,Canavalia,brasiliensis,Canavalia brasiliensis,Fabaceas,Fabales,Trepadoras,F263299,39,94,3,2,138,0.5626,0.7818,,0.2192,237.5129861,52.00486812,251.191822,31.99182202,12.73601257,
919,,46238,,CIAT 17462,Canavalia,brasiliensis,Canavalia brasiliensis,Fabaceas,Fabales,Trepadoras,F263300,39,94,3,1,139,0.5636,0.778,,0.2144,242.9828217,53.12460595,255.6660957,41.26609568,16.14062106,
920,,46238,,CIAT 17462,Canavalia,brasiliensis,Canavalia brasiliensis,Fabaceas,Fabales,Trepadoras,F263300,39,94,3,2,140,0.5625,0.805,,0.2425,214.9742434,46.99155122,255.7171982,13.21719823,5.168677869,
921,,46238,,CIAT 9432,Clitoria,tertanea,Clitoria tertanea,Fabaceas,Fabales,Trepadoras,F263301,39,94,3,1,141,0.5828,0.8115,,0.2287,236.075,50.79339465,294.9972838,66.2972838,22.47386245,
922,,46238,,CIAT 9432,Clitoria,tertanea,Clitoria tertanea,Fabaceas,Fabales,Trepadoras,F263301,39,94,3,2,142,0.5782,0.8346,,0.2564,208.56091,44.85557936,295.1152827,38.71528271,13.11869801,
923,,46238,,CIAT 17768,Clitoria,tertanea,Clitoria tertanea,Fabaceas,Fabales,Trepadoras,F263302,39,94,3,1,143,0.5721,0.8158,,0.2437,220.2589869,47.47380548,302.9060339,59.20603386,19.54600676,
924,,46238,,CIAT 17768,Clitoria,tertanea,Clitoria tertanea,Fabaceas,Fabales,Trepadoras,F263302,39,94,3,2,144,0.5645,0.7956,,0.2311,233.2301541,50.22937926,303.1483587,72.04835869,23.76669925,
925,,46238,,CIAT 22768,Lablab,purpureus,Lablab purpureus,Fabaceas,Fabales,Trepadoras,F263303,39,94,3,1,145,0.5829,0.737,,0.1541,307.4942213,66.61569992,351.0424053,196.9424053,56.10216952,
926,,46238,,CIAT 22768,Lablab,purpureus,Lablab purpureus,Fabaceas,Fabales,Trepadoras,F263303,39,94,3,2,146,0.5792,0.7403,,0.1611,300.4019394,65.0922377,350.9722249,189.8722249,54.09893189,
927,,46238,,CIAT 22598,Lablab,purpureus,Lablab purpureus,Fabaceas,Fabales,Trepadoras,F263304,39,94,3,1,147,0.566,0.7272,,0.1612,296.7291833,64.79805047,298.2817106,137.0817106,45.95712903,
928,,46238,,CIAT 22598,Lablab,purpureus,Lablab purpureus,Fabaceas,Fabales,Trepadoras,F263304,39,94,3,2,148,0.6132,0.7942,,0.181,277.0207508,60.4821398,298.341355,117.341355,39.33124022,
929,,46238,,CIAT 18701,Cajanus,cajan,Cajanus cajan,Fabaceas,Fabales,Arbustivas,F263305,39,94,3,1,149,0.5716,0.8893,,0.3177,159.1285237,33.37227447,311.4867829,-6.21321711,-1.99469687,
930,,46238,,CIAT 18701,Cajanus,cajan,Cajanus cajan,Fabaceas,Fabales,Arbustivas,F263305,39,94,3,2,150,0.5409,0.8468,,0.3059,171.0238703,35.85978412,311.5490678,5.649067789,1.813219288,
931,,46238,,CIAT 20891,Cajanus,cajan,Cajanus cajan,Fabaceas,Fabales,Arbustivas,F263306,39,94,3,1,151,0.5992,0.9308,,0.3316,143.0601359,30.13948826,305.9403087,-25.65969126,-8.387156099,
932,,46238,,CIAT 20891,Cajanus,cajan,Cajanus cajan,Fabaceas,Fabales,Arbustivas,F263306,39,94,3,2,152,0.5564,0.8702,,0.3138,160.955068,33.9027593,306.0014968,-7.798503201,-2.548517992,
933,,46238,,Sample 8,Cynodon, nlemfuensis ,Cynodon nlemfuensis ,Poaceae,Poales,grasses,F250008,39,94,3,1,153,0.5542,0.7946,,0.2404,228.535872,48.73499463,309.1303813,68.73038133,22.23346053,
934,,46238,,Sample 8,Cynodon, nlemfuensis ,Cynodon nlemfuensis ,Poaceae,Poales,grasses,F250008,39,94,3,2,154,0.5552,0.8274,,0.2722,196.5484102,41.93046971,309.0068033,36.80680333,11.91132458,
935,,,,BLANK 24 H,,,BLANK 24 H,,,,BLANK 24 H,39,94,3,1,155,,,,,,,,0,#DIV/0!,
936,,,,BLANK 24 H,,,BLANK 24 H,,,,BLANK 24 H,39,94,3,2,156,,,,,,,,0,#DIV/0!,
937,,,,BLANK 24 H,,,BLANK 24 H,,,,BLANK 24 H,41,98,1,1,1,,,,,,,,0,#DIV/0!,
938,,,,BLANK 24 H,,,BLANK 24 H,,,,BLANK 24 H,41,98,1,2,2,,,,,,,,0,#DIV/0!,
939,,46253,,CIAT-BR15_3013,Urochloa,interespecifico,Urochloa interespecifico,Poaceae,Poales,grasses,F262959,41,98,1,1,3,0.5897,0.8492,,0.2595,209.1359811,44.62653094,305.2558063,45.75580632,14.98933202,
940,,46253,,CIAT-BR15_3013,Urochloa,interespecifico,Urochloa interespecifico,Poaceae,Poales,grasses,F262959,41,98,1,2,4,0.5841,0.8096,,0.2255,243.3234355,51.90086866,305.3779086,79.87790864,26.15706847,
941,,46253,,CIAT-BR15_3017,Urochloa,interespecifico,Urochloa interespecifico,Poaceae,Poales,grasses,F262960,41,98,1,1,5,0.5876,0.8408,,0.2532,214.496751,45.86235644,305.5214801,52.32148013,17.1253033,
942,,46253,,CIAT-BR15_3017,Urochloa,interespecifico,Urochloa interespecifico,Poaceae,Poales,grasses,F262960,41,98,1,2,6,0.5767,0.835,,0.2583,209.303249,44.76086286,305.4604003,47.16040026,15.43912082,
943,,46253,,CIAT-BR15_3186,Urochloa,interespecifico,Urochloa interespecifico,Poaceae,Poales,grasses,F262961,41,98,1,1,7,0.5647,0.8035,,0.2388,225.4142157,48.55823197,299.2074323,60.40743227,20.18914832,
944,,46253,,CIAT-BR15_3186,Urochloa,interespecifico,Urochloa interespecifico,Poaceae,Poales,grasses,F262961,41,98,1,2,8,0.5784,0.8452,,0.2668,197.5070214,42.53802168,299.2672498,32.46724983,10.84891509,
945,,46253,,CIAT-BR15_3234,Urochloa,interespecifico,Urochloa interespecifico,Poaceae,Poales,grasses,F262962,41,98,1,1,9,0.561,0.8378,,0.2768,188.4285036,40.50235575,306.686422,29.88642196,9.744944616,
946,,46253,,CIAT-BR15_3234,Urochloa,interespecifico,Urochloa interespecifico,Poaceae,Poales,grasses,F262962,41,98,1,2,10,0.5803,0.8271,,0.2468,218.5215307,46.96140545,306.747747,59.94774698,19.54301134,
947,,46253,,CIAT-BR15_3280,Urochloa,interespecifico,Urochloa interespecifico,Poaceae,Poales,grasses,F262963,41,98,1,1,11,0.5725,0.8266,,0.2541,210.1071771,45.26150983,307.8629477,53.76294765,17.46327321,
948,,46253,,CIAT-BR15_3280,Urochloa,interespecifico,Urochloa interespecifico,Poaceae,Poales,grasses,F262963,41,98,1,2,12,0.5847,0.8797,,0.295,169.2071771,36.45078867,307.8629477,12.86294765,4.178140875,
949,,9/15/026,,CIAT-BR15_3294,Urochloa,interespecifico,Urochloa interespecifico,Poaceae,Poales,grasses,F262964,41,104,1,1,13,0.5567,0.7514,,0.1947,269.4714107,58.05428867,304.4078489,109.7078489,36.03975695,
950,,9/15/026,,CIAT-BR15_3294,Urochloa,interespecifico,Urochloa interespecifico,Poaceae,Poales,grasses,F262964,41,104,1,2,14,0.5634,0.7743,,0.2109,253.2714107,54.56419867,304.4078489,93.50784886,30.71794936,
951,,46253,,CIAT-BR15_3571,Urochloa,interespecifico,Urochloa interespecifico,Poaceae,Poales,grasses,F262965,41,98,1,1,15,0.5835,0.8739,,0.2904,177.44898,37.92868801,307.3484581,16.94845815,5.514411314,
952,,46253,,CIAT-BR15_3571,Urochloa,interespecifico,Urochloa interespecifico,Poaceae,Poales,grasses,F262965,41,98,1,2,16,0.5389,0.8382,,0.2993,168.36199,36.00078552,307.225617,7.925617038,2.579738342,
953,,46253,,CIAT-BR15_3597,Urochloa,interespecifico,Urochloa interespecifico,Poaceae,Poales,grasses,F262966,41,98,1,1,17,0.5582,0.8077,,0.2495,219.8984652,46.84686497,303.8456278,54.34562777,17.88593378,
954,,46253,,CIAT-BR15_3597,Urochloa,interespecifico,Urochloa interespecifico,Poaceae,Poales,grasses,F262966,41,98,1,2,18,0.5846,0.8647,,0.2801,189.5800479,40.36365793,304.0278987,23.92789869,7.870297033,
955,,9/15/026,,CIAT-BR15_361,Urochloa,interespecifico,Urochloa interespecifico,Poaceae,Poales,grasses,F262967,41,104,1,1,19,0.536,0.7008,,0.1648,303.7793255,64.82986102,315.9406583,151.1406583,47.83830581,
956,,9/15/026,,CIAT-BR15_361,Urochloa,interespecifico,Urochloa interespecifico,Poaceae,Poales,grasses,F262967,41,104,1,2,20,0.5582,0.7366,,0.1784,289.8984027,61.90463196,315.7512454,137.3512454,43.49982697,
957,,46253,,CIAT-BR15_3726,Urochloa,interespecifico,Urochloa interespecifico,Poaceae,Poales,grasses,F262968,41,104,1,1,21,0.5377,0.7216,,0.1839,292.3915941,61.38919891,303.4933183,119.5933183,39.40558526,
958,,46253,,CIAT-BR15_3726,Urochloa,interespecifico,Urochloa interespecifico,Poaceae,Poales,grasses,F262968,41,104,1,2,22,0.5549,0.7521,,0.1972,278.9963929,58.58851454,303.4326561,106.2326561,35.01029106,
959,,46253,,CIAT-BR15_378,Urochloa,interespecifico,Urochloa interespecifico,Poaceae,Poales,grasses,F262969,41,98,1,1,23,0.5692,0.8544,,0.2852,190.7065991,40.07227457,310.2649342,25.0649342,8.078558496,
960,,46253,,CIAT-BR15_378,Urochloa,interespecifico,Urochloa interespecifico,Poaceae,Poales,grasses,F262969,41,98,1,2,24,0.5948,0.8797,,0.2849,190.8164266,40.11138063,310.1409522,25.24095221,8.13854218,
961,,46253,,CIAT-BR15_3810,Urochloa,interespecifico,Urochloa interespecifico,Poaceae,Poales,grasses,F262970,41,98,1,1,25,0.566,0.8894,,0.3234,150.4103861,31.74484783,301.4924215,-21.90757848,-7.26637783,
962,,46253,,CIAT-BR15_3810,Urochloa,interespecifico,Urochloa interespecifico,Poaceae,Poales,grasses,F262970,41,98,1,2,26,0.5672,0.8498,,0.2826,191.1156998,40.34396577,301.4321712,18.83217124,6.247565136,
963,,46253,,CIAT-BR15_395,Urochloa,interespecifico,Urochloa interespecifico,Poaceae,Poales,grasses,F262971,41,105,1,1,27,0.547,0.7604,,0.2134,256.3847515,54.57494112,315.1805256,101.7805256,32.29277107,
964,,46253,,CIAT-BR15_395,Urochloa,interespecifico,Urochloa interespecifico,Poaceae,Poales,grasses,F262971,41,105,1,2,28,0.5261,0.7382,,0.2121,257.5908509,54.84263754,315.1175273,103.0175273,32.69177953,
965,,46253,,CIAT-BR15_4368,Urochloa,interespecifico,Urochloa interespecifico,Poaceae,Poales,grasses,F262972,41,98,1,1,29,0.5712,0.8415,,0.2703,197.1951002,42.18121219,308.6543876,38.35438756,12.42632184,
966,,46253,,CIAT-BR15_4368,Urochloa,interespecifico,Urochloa interespecifico,Poaceae,Poales,grasses,F262972,41,98,1,2,30,0.5612,0.8273,,0.2661,201.3951002,43.07961732,308.6543876,42.55438756,13.78706711,
967,,46253,,CIAT-BR15_4442,Urochloa,interespecifico,Urochloa interespecifico,Poaceae,Poales,grasses,F262973,41,98,1,1,31,0.5874,0.8444,,0.257,209.2312589,44.87714089,296.9040462,39.90404625,13.44004797,
968,,46253,,CIAT-BR15_4442,Urochloa,interespecifico,Urochloa interespecifico,Poaceae,Poales,grasses,F262973,41,98,1,2,32,0.568,0.8238,,0.2558,210.3380872,45.12355737,296.8447129,41.04471291,13.82699813,
969,,9/15/026,,CIAT-BR15_4483,Urochloa,interespecifico,Urochloa interespecifico,Poaceae,Poales,grasses,F262974,41,194,1,1,33,0.5383,0.7458,,0.2075,263.3793909,55.93351418,302.6943788,95.19437882,31.44900781,
970,,9/15/026,,CIAT-BR15_4483,Urochloa,interespecifico,Urochloa interespecifico,Poaceae,Poales,grasses,F262974,41,104,1,2,34,0.5309,0.7599,,0.229,241.8793909,51.36758915,302.6943788,73.69437882,24.34613392,
971,,46253,,CIAT-BR15_503,Urochloa,interespecifico,Urochloa interespecifico,Poaceae,Poales,grasses,F262975,41,98,1,1,35,0.5771,0.7888,,0.2117,257.1449714,54.84648169,291.0169472,79.3169472,27.25509561,
972,,46253,,CIAT-BR15_503,Urochloa,interespecifico,Urochloa interespecifico,Poaceae,Poales,grasses,F262975,41,98,1,2,36,0.5821,0.8137,,0.2316,236.8702702,50.56249782,290.7843662,59.18436623,20.35335221,
973,,46253,,CIAT-BR15_5152,Urochloa,interespecifico,Urochloa interespecifico,Poaceae,Poales,grasses,F262976,41,98,1,1,37,0.589,0.8665,,0.2775,194.5023,41.20791361,300.1103266,22.61032661,7.534004866,
974,,46253,,CIAT-BR15_5152,Urochloa,interespecifico,Urochloa interespecifico,Poaceae,Poales,grasses,F262976,41,98,1,2,38,0.5735,0.8338,,0.2603,211.419325,44.81888144,299.9304044,39.63040435,13.21320005,
975,,46253,,CIAT-BR15_5232,Urochloa,interespecifico,Urochloa interespecifico,Poaceae,Poales,grasses,F262977,41,98,1,1,39,0.5759,0.8564,,0.2805,188.7406878,40.22257505,322.5345158,42.0345158,13.03256357,
976,,46253,,CIAT-BR15_5232,Urochloa,interespecifico,Urochloa interespecifico,Poaceae,Poales,grasses,F262977,41,98,1,2,40,0.561,0.8307,,0.2697,199.2593122,42.48968024,322.3411111,52.64111113,16.33087103,
977,,46253,,CIAT-BR15_58,Urochloa,interespecifico,Urochloa interespecifico,Poaceae,Poales,grasses,F262978,41,98,1,1,41,0.5891,0.8357,,0.2466,218.3284993,46.95958618,291.2053615,44.60536152,15.31749322,
978,,46253,,CIAT-BR15_58,Urochloa,interespecifico,Urochloa interespecifico,Poaceae,Poales,grasses,F262978,41,98,1,2,42,0.5732,0.7875,,0.2143,250.721485,53.91610777,291.2636026,76.96360259,26.42403716,
979,,46253,,CIAT-BR15_60,Urochloa,interespecifico,Urochloa interespecifico,Poaceae,Poales,grasses,F262979,41,98,1,1,43,0.5725,0.8394,,0.2669,204.9579223,43.43636349,305.8930116,38.99301162,12.74727115,
980,,46253,,CIAT-BR15_60,Urochloa,interespecifico,Urochloa interespecifico,Poaceae,Poales,grasses,F262979,41,98,1,2,44,0.5948,0.8337,,0.2389,232.5807377,49.32984937,305.6484928,66.74849283,21.83831898,
981,,46253,,CIAT-BR15_6346,Urochloa,interespecifico,Urochloa interespecifico,Poaceae,Poales,grasses,F262980,41,98,1,1,45,0.5719,0.8434,,0.2715,200.7901999,42.51415759,314.6456399,43.14563985,13.71245439,
982,,46253,,CIAT-BR15_6346,Urochloa,interespecifico,Urochloa interespecifico,Poaceae,Poales,grasses,F262980,41,98,1,2,46,0.589,0.8637,,0.2747,197.5901999,41.83660807,314.6456399,39.94563985,12.69543728,
983,,46253,,CIAT-BR15_6401,Urochloa,interespecifico,Urochloa interespecifico,Poaceae,Poales,grasses,F262981,41,98,1,1,47,0.5483,0.8174,,0.2691,204.0014221,43.12001879,304.2598698,35.15986979,11.55586828,
984,,46253,,CIAT-BR15_6401,Urochloa,interespecifico,Urochloa interespecifico,Poaceae,Poales,grasses,F262981,41,98,1,2,48,0.5753,0.8103,,0.235,238.1960234,50.33770608,304.3207096,69.32070959,22.77883411,
985,,46253,,CIAT-BR15_6402,Urochloa,interespecifico,Urochloa interespecifico,Poaceae,Poales,grasses,F262982,41,98,1,1,49,0.5576,0.7705,,0.2129,261.0340968,55.07814241,286.2513075,73.35130749,25.62479387,
986,,46253,,CIAT-BR15_6402,Urochloa,interespecifico,Urochloa interespecifico,Poaceae,Poales,grasses,F262982,41,98,1,2,50,0.5623,0.7617,,0.1994,274.7236704,57.94346234,286.365808,86.96580802,30.36878202,
987,,46253,,CIAT-BR15_6434,Urochloa,interespecifico,Urochloa interespecifico,Poaceae,Poales,grasses,F262983,41,98,1,1,51,0.5601,0.7772,,0.2171,254.0618869,53.92241902,306.9162565,89.81625652,29.26409228,
988,,46253,,CIAT-BR15_6434,Urochloa,interespecifico,Urochloa interespecifico,Poaceae,Poales,grasses,F262983,41,98,1,2,52,0.5831,0.7891,,0.206,265.067711,56.26955633,306.8549101,100.8549101,32.86729551,
989,,46253,,CIAT-BR15_6504,Urochloa,interespecifico,Urochloa interespecifico,Poaceae,Poales,grasses,F262984,41,98,1,1,53,0.573,0.7867,,0.2137,253.6349564,54.27262672,287.4867134,73.78671343,25.66612994,
990,,46253,,CIAT-BR15_6504,Urochloa,interespecifico,Urochloa interespecifico,Poaceae,Poales,grasses,F262984,41,98,1,2,54,0.5751,0.7878,,0.2127,254.4481345,54.46840429,287.3717877,74.6717877,25.98438361,
991,,46253,,CIAT-BR15_6508,Urochloa,interespecifico,Urochloa interespecifico,Poaceae,Poales,grasses,F262985,41,98,1,1,55,0.5886,0.7976,,0.209,270.8799837,56.44744372,298.3504503,89.35045026,29.94815332,
992,,46253,,CIAT-BR15_6508,Urochloa,interespecifico,Urochloa interespecifico,Poaceae,Poales,grasses,F262985,41,98,1,2,56,0.5849,0.7953,,0.2104,269.9598637,56.1995046,298.6488007,88.24880071,29.54935714,
993,,46253,,CIAT-BR15_6543,Urochloa,interespecifico,Urochloa interespecifico,Poaceae,Poales,grasses,F262986,41,98,1,1,57,0.5831,0.7934,,0.2103,270.1490322,56.22844758,283.4294967,73.12949665,25.8016535,
994,,46253,,CIAT-BR15_6543,Urochloa,interespecifico,Urochloa interespecifico,Poaceae,Poales,grasses,F262986,41,98,1,2,58,0.5765,0.7877,,0.2112,269.6333146,56.07625479,283.6561949,72.45619491,25.54366737,
995,,46253,,CIAT-BR15_6571,Urochloa,interespecifico,Urochloa interespecifico,Poaceae,Poales,grasses,F262987,41,98,1,1,59,0.5932,0.8143,,0.2211,261.7313703,54.20761499,292.6922227,71.59222272,24.45989923,
996,,46253,,CIAT-BR15_6571,Urochloa,interespecifico,Urochloa interespecifico,Poaceae,Poales,grasses,F262987,41,98,1,2,60,0.5773,0.8248,,0.2475,234.9455681,48.69887582,292.4583496,44.95834959,15.3725649,
997,,46253,,CIAT-BR15_6590,Urochloa,interespecifico,Urochloa interespecifico,Poaceae,Poales,grasses,F262988,41,98,1,1,61,0.5447,0.7738,,0.2291,254.3524846,52.61168216,281.8614828,52.7614828,18.71894034,
998,,46253,,CIAT-BR15_6590,Urochloa,interespecifico,Urochloa interespecifico,Poaceae,Poales,grasses,F262988,41,98,1,2,62,0.5574,0.7918,,0.2344,249.2458656,51.53478678,281.9742274,47.5742274,16.87183536,
999,,46253,,CIAT-BR15_6758,Urochloa,interespecifico,Urochloa interespecifico,Poaceae,Poales,grasses,F262989,41,98,1,1,63,0.5882,0.8345,,0.2463,225.151484,47.75708458,292.7777787,46.47777867,15.87476306,
1000,,46253,,CIAT-BR15_6758,Urochloa,interespecifico,Urochloa interespecifico,Poaceae,Poales,grasses,F262989,41,98,1,2,64,0.5612,0.7853,,0.2241,247.2572125,52.45643982,292.7192348,68.61923482,23.4419972,
1001,,46253,,CIAT-BR15_7006,Urochloa,interespecifico,Urochloa interespecifico,Poaceae,Poales,grasses,F262990,41,98,1,1,65,0.5788,0.7983,,0.2195,257.6022898,53.99309441,296.0649377,76.5649377,25.86085954,
1002,,46253,,CIAT-BR15_7006,Urochloa,interespecifico,Urochloa interespecifico,Poaceae,Poales,grasses,F262990,41,98,1,2,66,0.5661,0.8193,,0.2532,223.9977102,46.94023157,296.1241507,42.92415068,14.49532251,
1003,,46253,,CIAT-BR15_7316,Urochloa,interespecifico,Urochloa interespecifico,Poaceae,Poales,grasses,F262991,41,98,1,1,67,0.5781,0.7967,,0.2186,252.8165406,53.62911965,275.9725089,57.37250886,20.78921161,
1004,,46253,,CIAT-BR15_7316,Urochloa,interespecifico,Urochloa interespecifico,Poaceae,Poales,grasses,F262991,41,98,1,2,68,0.5691,0.7925,,0.2234,248.2050318,52.62985233,276.0828537,52.68285372,19.08226209,
1005,,46253,,CIAT-BR15_7318,Urochloa,interespecifico,Urochloa interespecifico,Poaceae,Poales,grasses,F262992,41,98,1,1,69,0.5837,0.8165,,0.2328,241.3039065,50.89683995,283.899925,51.09992498,17.99927386,
1006,,46253,,CIAT-BR15_7318,Urochloa,interespecifico,Urochloa interespecifico,Poaceae,Poales,grasses,F262992,41,98,1,2,70,0.5768,0.8146,,0.2378,236.3039065,49.84221881,283.899925,46.09992498,16.23808988,
1007,,46253,,CIAT-BR15_757,Urochloa,interespecifico,Urochloa interespecifico,Poaceae,Poales,grasses,F262993,41,98,1,1,71,0.5793,0.8131,,0.2338,238.9583722,50.54556117,276.1728115,42.37281149,15.34286133,
1008,,46253,,CIAT-BR15_757,Urochloa,interespecifico,Urochloa interespecifico,Poaceae,Poales,grasses,F262993,41,98,1,2,72,0.5948,0.8388,,0.244,228.7583722,48.3880108,276.1728115,32.17281149,11.64952166,
1009,,46253,,CIAT-BR15_780,Urochloa,interespecifico,Urochloa interespecifico,Poaceae,Poales,grasses,F262994,41,98,1,1,73,0.5791,0.8249,,0.2458,221.9369823,47.44909868,266.4809445,20.68094449,7.760759228,
1010,,46253,,CIAT-BR15_780,Urochloa,interespecifico,Urochloa interespecifico,Poaceae,Poales,grasses,F262994,41,98,1,2,74,0.5931,0.8415,,0.2484,219.0565084,46.86136666,266.3211518,17.9211518,6.729150756,
1011,,46253,,CIAT-BR15_800,Urochloa,interespecifico,Urochloa interespecifico,Poaceae,Poales,grasses,F262995,41,98,1,1,75,0.5963,0.8304,,0.2341,238.9668349,50.5143919,271.0620632,36.9620632,13.63601485,
1012,,46253,,CIAT-BR15_800,Urochloa,interespecifico,Urochloa interespecifico,Poaceae,Poales,grasses,F262995,41,98,1,2,76,0.5692,0.7938,,0.2246,248.5613916,52.5320527,271.1162431,46.5162431,17.15730587,
1013,,,,BLANK 8 H,,,BLANK 8 H,,,,BLANK 8 H,41,98,1,1,77,,,,,,,,,#DIV/0!,
1014,,,,BLANK 8 H,,,BLANK 8 H,,,,BLANK 8 H,41,98,1,2,78,,,,,,,,,#DIV/0!,
1015,,46253,,CIAT-BR15_823,Urochloa,interespecifico,Urochloa interespecifico,Poaceae,Poales,grasses,F262996,41,98,1,1,79,0.5815,0.8271,,0.2456,230.4640891,48.41030743,275.977559,30.37755896,11.00725692,
1016,,46253,,CIAT-BR15_823,Urochloa,interespecifico,Urochloa interespecifico,Poaceae,Poales,grasses,F262996,41,98,1,2,80,0.5718,0.8038,,0.232,243.8737776,51.24757637,275.8672341,43.86723413,15.90157464,
1017,,46253,,CIAT-BR15_8529,Urochloa,interespecifico,Urochloa interespecifico,Poaceae,Poales,grasses,F262997,41,98,1,1,81,0.5728,0.8437,,0.2709,198.509157,42.28915308,279.0976311,8.19763111,2.937191218,
1018,,46253,,CIAT-BR15_8529,Urochloa,interespecifico,Urochloa interespecifico,Poaceae,Poales,grasses,F262997,41,98,1,2,82,0.5841,0.8395,,0.2554,214.2908024,45.62380215,279.2650897,23.86508969,8.54567598,
1019,,46253,,CIAT-BR15_8650,Urochloa,interespecifico,Urochloa interespecifico,Poaceae,Poales,grasses,F262998,41,98,1,1,83,0.5774,0.8052,,0.2278,249.5965876,52.28285959,273.4167966,45.61679662,16.68397742,
1020,,46253,,CIAT-BR15_8650,Urochloa,interespecifico,Urochloa interespecifico,Poaceae,Poales,grasses,F262998,41,98,1,2,84,0.5723,0.7981,,0.2258,251.8829683,52.73015473,273.5808139,47.7808139,17.46497249,
1021,,46253,,CIAT-BR15_8756,Urochloa,interespecifico,Urochloa interespecifico,Poaceae,Poales,grasses,F262999,41,98,1,1,85,0.587,0.8044,,0.2174,257.6585349,54.23721836,272.3549145,54.95491447,20.17768417,
1022,,46253,,CIAT-BR15_8756,Urochloa,interespecifico,Urochloa interespecifico,Poaceae,Poales,grasses,F262999,41,98,1,2,86,0.5814,0.8061,,0.2247,250.2635991,52.6911114,272.300487,47.60048703,17.48086739,
1023,,46253,,CIAT-BR15_8881,Urochloa,interespecifico,Urochloa interespecifico,Poaceae,Poales,grasses,F263000,41,98,1,1,87,0.5771,0.8307,,0.2536,217.5557688,46.17491353,291.5024209,37.90242088,13.00243777,
1024,,46253,,CIAT-BR15_8881,Urochloa,interespecifico,Urochloa interespecifico,Poaceae,Poales,grasses,F263000,41,98,1,2,88,0.5901,0.8497,,0.2596,211.8384623,44.93448864,291.6773223,32.07732233,10.9975373,
1025,,46253,,CIAT-BR15_8905,Urochloa,interespecifico,Urochloa interespecifico,Poaceae,Poales,grasses,F263001,41,98,1,1,89,0.5769,0.8312,,0.2543,216.8485329,46.02551378,272.5230727,18.22307275,6.686799969,
1026,,46253,,CIAT-BR15_8905,Urochloa,interespecifico,Urochloa interespecifico,Poaceae,Poales,grasses,F263001,41,98,1,2,90,0.6019,0.8586,,0.2567,214.2601489,45.49432673,272.4141071,15.7141071,5.768463047,
1027,,46253,,CIAT-BR15_8976,Urochloa,interespecifico,Urochloa interespecifico,Poaceae,Poales,grasses,F263002,41,98,1,1,91,0.5729,0.7847,,0.2118,259.1455679,55.0266497,264.4428077,52.64280771,19.9070673,
1028,,46253,,CIAT-BR15_8976,Urochloa,interespecifico,Urochloa interespecifico,Poaceae,Poales,grasses,F263002,41,98,1,2,92,0.5792,0.9911,,0.4119,59.1397194,12.55514492,264.4956751,-147.4043249,-55.73033465,
1029,,46253,,CIAT-BR15_9125,Urochloa,interespecifico,Urochloa interespecifico,Poaceae,Poales,grasses,F263003,41,98,1,1,93,0.5696,0.7798,,0.2102,266.3009371,55.88676041,284.6684274,74.46842738,26.1597073,
1030,,46253,,CIAT-BR15_9125,Urochloa,interespecifico,Urochloa interespecifico,Poaceae,Poales,grasses,F263003,41,98,1,2,94,0.5803,0.8244,,0.2441,232.4009371,48.77239875,284.6684274,40.56842738,14.25111585,
1031,,46253,,CIAT-BR15_9141,Urochloa,interespecifico,Urochloa interespecifico,Poaceae,Poales,grasses,F263004,41,98,1,1,95,0.5988,0.8575,,0.2587,211.9543487,45.03397223,297.1658566,38.46585655,12.94423828,
1032,,46253,,CIAT-BR15_9141,Urochloa,interespecifico,Urochloa interespecifico,Poaceae,Poales,grasses,F263004,41,98,1,2,96,0.5957,0.8001,,0.2044,266.4426104,56.58846598,297.2847229,92.8847229,31.24436466,
1033,,46253,,CIAT-BR15_9142,Urochloa,interespecifico,Urochloa interespecifico,Poaceae,Poales,grasses,F263005,41,98,1,1,97,0.6012,0.8247,,0.2235,246.5219756,52.44903183,287.9019403,64.40194028,22.36940127,
1034,,46253,,CIAT-BR15_9142,Urochloa,interespecifico,Urochloa interespecifico,Poaceae,Poales,grasses,F263005,41,98,1,2,98,0.5885,0.8068,,0.2183,251.534042,53.53678523,287.7868255,69.48682555,24.14524203,
1035,,46253,,CIAT-BR15_972,Urochloa,interespecifico,Urochloa interespecifico,Poaceae,Poales,grasses,F263006,41,98,1,1,99,0.5967,0.8337,,0.237,234.7284873,49.75923515,303.6334857,66.63348565,21.94536795,
1036,,46253,,CIAT-BR15_972,Urochloa,interespecifico,Urochloa interespecifico,Poaceae,Poales,grasses,F263006,41,98,1,2,100,0.5864,0.8173,,0.2309,240.7342358,51.04257018,303.5728196,72.67281962,23.93917206,
1037,,46253,,CIAT-BR19_1033,Urochloa,interespecifico,Urochloa interespecifico,Poaceae,Poales,grasses,F263007,41,98,1,1,101,0.588,0.7989,,0.2109,263.3171798,55.52670612,304.6248119,93.72481188,30.76729414,
1038,,46253,,CIAT-BR19_1033,Urochloa,interespecifico,Urochloa interespecifico,Poaceae,Poales,grasses,F263007,41,98,1,2,102,0.574,0.8533,,0.2793,195.106753,41.12647043,304.7465887,25.44658874,8.35008157,
1039,,46253,,CIAT-BR19_113,Urochloa,interespecifico,Urochloa interespecifico,Poaceae,Poales,grasses,F263008,41,98,1,1,103,0.5771,0.8131,,0.236,237.4209934,50.15007715,287.690961,51.69096096,17.96753043,
1040,,46253,,CIAT-BR19_113,Urochloa,interespecifico,Urochloa interespecifico,Poaceae,Poales,grasses,F263008,41,98,1,2,104,0.5556,0.7996,,0.244,229.7049325,48.49114221,287.8635065,43.86350651,15.23760585,
1041,,46253,,CIAT-BR19_1444,Urochloa,interespecifico,Urochloa interespecifico,Poaceae,Poales,grasses,F263009,41,98,1,1,105,0.5843,0.8209,,0.2366,234.79426,49.80846818,293.1914741,56.59147408,19.30188259,
1042,,46253,,CIAT-BR19_1444,Urochloa,interespecifico,Urochloa interespecifico,Poaceae,Poales,grasses,F263009,41,98,1,2,106,0.5892,0.8603,,0.2711,200.76556,42.54719501,293.4846069,22.38460693,7.627182618,
1043,,46253,,CIAT-BR19_1583,Urochloa,interespecifico,Urochloa interespecifico,Poaceae,Poales,grasses,F263010,41,105,1,1,123,0.5556,0.7661,,0.2105,266.3226727,55.85360931,294.7477882,84.24778817,28.58300946,
1044,,46253,,CIAT-BR19_1583,Urochloa,interespecifico,Urochloa interespecifico,Poaceae,Poales,grasses,F263010,41,105,1,2,124,0.5522,0.7777,,0.2255,251.6087091,52.73613839,294.9246015,69.42460149,23.5397797,
1045,,46253,,CIAT-BR19_166,Urochloa,interespecifico,Urochloa interespecifico,Poaceae,Poales,grasses,F263011,41,98,1,1,109,0.5746,0.8122,,0.2376,236.1,49.84167194,302.1582242,64.55822418,21.36570148,
1046,,46253,,CIAT-BR19_166,Urochloa,interespecifico,Urochloa interespecifico,Poaceae,Poales,grasses,F263011,41,98,1,2,110,0.5744,0.8041,,0.2297,244.09474,51.51909031,302.2186558,72.51865583,23.99542663,
1047,,46253,,CIAT-BR19_1727,Urochloa,interespecifico,Urochloa interespecifico,Poaceae,Poales,grasses,F263012,41,98,1,1,111,0.5735,0.8561,,0.2826,187.4333758,39.87660992,351.0533822,68.45338224,19.49942251,
1048,,46253,,CIAT-BR19_1727,Urochloa,interespecifico,Urochloa interespecifico,Poaceae,Poales,grasses,F263012,41,98,1,2,112,0.565,0.8445,,0.2795,190.3454752,40.51235677,350.9130451,71.41304509,20.35063845,
1049,,46253,,CIAT-BR19_1783,Urochloa,interespecifico,Urochloa interespecifico,Poaceae,Poales,grasses,F263013,41,98,1,1,113,0.5957,0.8074,,0.2117,254.8316937,54.62258987,274.8038155,63.10381553,22.96322393,
1050,,46253,,CIAT-BR19_1783,Urochloa,interespecifico,Urochloa interespecifico,Poaceae,Poales,grasses,F263013,41,98,1,2,114,0.5749,0.7795,,0.2046,262.304919,56.179515,275.0236586,70.42365858,25.60640017,
1051,,46253,,CIAT-BR19_1793,Urochloa,interespecifico,Urochloa interespecifico,Poaceae,Poales,grasses,F263014,41,98,1,1,115,0.5924,0.8586,,0.2662,200.888423,43.00864956,292.4933305,26.29333046,8.989377782,
1052,,46253,,CIAT-BR19_1793,Urochloa,interespecifico,Urochloa interespecifico,Poaceae,Poales,grasses,F263014,41,98,1,2,116,0.5668,0.8125,,0.2457,221.388423,47.39754019,292.4933305,46.79333046,15.9980846,
1053,,46253,,CIAT-BR19_1806,Urochloa,interespecifico,Urochloa interespecifico,Poaceae,Poales,grasses,F263015,41,98,1,1,117,0.587,0.8089,,0.2219,250.4360264,53.02073363,294.7578815,72.8578815,24.71787391,
1054,,46253,,CIAT-BR19_1806,Urochloa,interespecifico,Urochloa interespecifico,Poaceae,Poales,grasses,F263015,41,98,1,2,118,0.5875,0.8059,,0.2184,253.8416158,53.75248757,294.6989653,76.29896527,25.89047613,
1055,,46253,,CIAT-BR19_2001,Urochloa,interespecifico,Urochloa interespecifico,Poaceae,Poales,grasses,F263016,41,98,1,1,119,0.5647,0.8643,,0.2996,172.4999897,36.5388675,301.9949352,2.394935189,0.793038197,
1056,,46253,,CIAT-BR19_2001,Urochloa,interespecifico,Urochloa interespecifico,Poaceae,Poales,grasses,F263016,41,98,1,2,120,0.5925,0.846,,0.2535,218.8831931,46.33594003,302.1760959,48.67609592,16.10851969,
1057,,46253,,CIAT-BR19_21,Urochloa,interespecifico,Urochloa interespecifico,Poaceae,Poales,grasses,F263017,41,98,1,1,121,0.5967,0.831,,0.2343,236.3014965,50.21265301,297.6641991,63.36419912,21.28714145,
1058,,46253,,CIAT-BR19_21,Urochloa,interespecifico,Urochloa interespecifico,Poaceae,Poales,grasses,F263017,41,98,1,2,122,0.5718,0.7902,,0.2184,252.2955979,53.60058582,297.7237201,79.32372006,26.64339947,
1059,,46253,,CIAT-BR19_2124,Urochloa,interespecifico,Urochloa interespecifico,Poaceae,Poales,grasses,F263018,41,98,1,1,123,0.564,0.8063,,0.2423,230.8040485,48.7850504,294.2308365,51.93083652,17.64969204,
1060,,46253,,CIAT-BR19_2124,Urochloa,interespecifico,Urochloa interespecifico,Poaceae,Poales,grasses,F263018,41,98,1,2,124,0.5857,0.8338,,0.2481,225.2878542,47.59054382,294.4073397,46.30733972,15.72900314,
1061,,46253,,CIAT-BR19_2287,Urochloa,interespecifico,Urochloa interespecifico,Poaceae,Poales,grasses,F263019,41,98,1,1,125,0.5737,0.8266,,0.2529,219.9736046,46.51847818,296.907262,44.00726204,14.82188807,
1062,,46253,,CIAT-BR19_2287,Urochloa,interespecifico,Urochloa interespecifico,Poaceae,Poales,grasses,F263019,41,98,1,2,126,0.5758,0.8384,,0.2626,210.1790488,44.45608352,296.8478925,34.24789247,11.53718565,
1063,,46253,,CIAT-BR19_231,Urochloa,interespecifico,Urochloa interespecifico,Poaceae,Poales,grasses,F263020,41,98,1,1,127,0.5862,0.8405,,0.2543,219.2366263,46.2977126,302.4219795,48.12197953,15.91219646,
1064,,46253,,CIAT-BR19_231,Urochloa,interespecifico,Urochloa interespecifico,Poaceae,Poales,grasses,F263020,41,98,1,2,128,0.598,0.8681,,0.2701,203.5312769,42.97251613,302.4824277,32.38242766,10.70555665,
1065,,46253,, CIAT 17009,Canavalia,brasiliensis,Canavalia brasiliensis,Fabaceas,Fabales,Trepadoras,F263376,41,98,1,1,129,0.6036,0.7836,,0.18,273.670365,60.32361514,206.679151,26.67915098,12.90848683,
1066,,46253,, CIAT 17009,Canavalia,brasiliensis,Canavalia brasiliensis,Fabaceas,Fabales,Trepadoras,F263376,41,98,1,2,130,0.5732,0.7781,,0.2049,248.770365,54.83504857,206.679151,1.779150979,0.860827505,
1067,,46253,,CIAT 17462,Canavalia,brasiliensis,Canavalia brasiliensis,Fabaceas,Fabales,Trepadoras,F263377,41,98,1,1,131,0.5932,0.764,,0.1708,300.7577357,63.7796208,199.9523333,29.15233327,14.57964146,
1068,,46253,,CIAT 17462,Canavalia,brasiliensis,Canavalia brasiliensis,Fabaceas,Fabales,Trepadoras,F263377,41,98,1,2,132,0.5798,0.7576,,0.1778,293.380791,62.26501518,199.7924993,21.99249928,11.00767014,
1069,,46253,,CIAT 13953,Desmodium,velutinum,Desmodium velutinum,Fabaceas,Fabales,Arbustivas,F263378,41,98,1,1,133,0.6027,0.8442,,0.2415,236.5365775,49.48085327,240.1106271,-1.389372928,-0.578638666,
1070,,46253,,CIAT 13953,Desmodium,velutinum,Desmodium velutinum,Fabaceas,Fabales,Arbustivas,F263378,41,98,1,2,134,0.5736,0.8179,,0.2443,233.3544539,48.85424013,239.9186921,-4.381307882,-1.826163624,
1071,,46253,,CIAT 9432,Clitoria,tertanea,Clitoria tertanea,Fabaceas,Fabales,Trepadoras,F263379,41,98,1,1,135,0.585,0.8505,,0.2655,215.3519244,44.78549705,237.3602933,-28.13970667,-11.85527127,
1072,,46253,,CIAT 9432,Clitoria,tertanea,Clitoria tertanea,Fabaceas,Fabales,Trepadoras,F263379,41,98,1,2,136,0.5726,0.8063,,0.2337,247.4403779,51.42789698,237.502681,3.80268103,1.601110781,
1073,,46253,,CIAT 17768,Clitoria,tertanea,Clitoria tertanea,Fabaceas,Fabales,Trepadoras,F263380,41,98,1,1,137,0.5587,0.7873,,0.2286,252.0631674,52.44070786,227.0373664,-1.56263364,-0.688271567,
1074,,46253,,CIAT 17768,Clitoria,tertanea,Clitoria tertanea,Fabaceas,Fabales,Trepadoras,F263380,41,98,1,2,138,0.5847,0.8018,,0.2171,263.4671116,54.82420774,226.9919952,9.891995184,4.357860803,
1075,,46253,,CIAT 22768,Lablab,purpureus,Lablab purpureus,Fabaceas,Fabales,Trepadoras,F263381,41,98,1,1,139,0.5959,0.7529,,0.157,315.8,66.79357022,206.9978489,49.9978489,24.1538012,
1076,,46253,,CIAT 22768,Lablab,purpureus,Lablab purpureus,Fabaceas,Fabales,Trepadoras,F263381,41,98,1,2,140,0.5902,0.7646,,0.1744,298.58912,63.12811593,207.080648,32.68064804,15.7816041,
1077,,46253,,CIAT 22598,Lablab,purpureus,Lablab purpureus,Fabaceas,Fabales,Trepadoras,F263382,41,98,1,1,141,0.5893,0.7486,,0.1593,315.4711859,66.44699495,214.647919,55.347919,25.78544402,
1078,,46253,,CIAT 22598,Lablab,purpureus,Lablab purpureus,Fabaceas,Fabales,Trepadoras,F263382,41,98,1,2,142,0.5985,0.7764,,0.1779,297.0610184,62.54429456,214.7337438,36.83374384,17.15321644,
1079,,46253,,CIAT 18701,Cajanus,cajan,Cajanus cajan,Fabaceas,Fabales,Arbustivas,F263383,41,98,1,1,143,0.5835,0.8912,,0.3077,159.7085174,34.16893606,283.4543739,-24.24562614,-8.553625691,
1080,,46253,,CIAT 18701,Cajanus,cajan,Cajanus cajan,Fabaceas,Fabales,Arbustivas,F263383,41,98,1,2,144,0.5835,0.882,,0.2985,168.9085174,36.13723566,283.4543739,-15.04562614,-5.307953425,
1081,,46253,,CIAT 20891,Cajanus,cajan,Cajanus cajan,Fabaceas,Fabales,Arbustivas,F263384,41,98,1,1,145,0.5634,0.8639,,0.3005,174.0397021,36.67547758,285.0895999,-15.41040009,-5.405458528,
1082,,46253,,CIAT 20891,Cajanus,cajan,Cajanus cajan,Fabaceas,Fabales,Arbustivas,F263384,41,98,1,2,146,0.5719,0.8743,,0.3024,172.3294041,36.30055409,285.2035674,-17.19643263,-6.02952929,
1083,,46253,,CIAT 15551,Centrosema ,molle,Centrosema molle,Fabaceas,Fabales,Trepadoras,F263385,41,98,1,1,147,0.5619,0.8613,,0.2994,176.1024593,37.03502597,295.2581298,-4.141870209,-1.40279633,
1084,,46253,,CIAT 15551,Centrosema ,molle,Centrosema molle,Fabaceas,Fabales,Trepadoras,F263385,41,98,1,2,148,0.5813,0.8833,,0.302,173.5975407,36.50093322,295.3171696,-6.682830391,-2.262933239,
1085,,46253,,CIAT 13953,Desmodium,velutinum,Desmodium velutinum,Fabaceas,Fabales,Arbustivas,F263386,41,98,1,1,149,0.5964,0.8503,,0.2539,216.6494563,46.04180356,259.5188987,5.618898707,2.165121205,
1086,,46253,,CIAT 13953,Desmodium,velutinum,Desmodium velutinum,Fabaceas,Fabales,Arbustivas,F263386,41,98,1,2,150,0.5912,0.8351,,0.2439,226.3674651,48.13589752,259.363374,15.463374,5.962049984,
1087,,46253,,CIAT 15551,Centrosema ,molle,Centrosema molle,Fabaceas,Fabales,Trepadoras,F263387,41,98,1,1,151,0.5666,0.9016,,0.335,138.9631212,29.31939532,323.3071306,-11.69286939,-3.616644449,
1088,,46253,,CIAT 15551,Centrosema ,molle,Centrosema molle,Fabaceas,Fabales,Trepadoras,F263387,41,98,1,2,152,0.587,0.9015,,0.3145,159.2736496,33.61808951,323.1778853,8.677885301,2.685172995,
1089,,46253,,Sample 8,Cynodon, nlemfuensis ,Cynodon nlemfuensis ,Poaceae,Poales,grasses,F250008,41,98,1,1,153,0.5834,0.9143,,0.3309,138.129603,29.45008206,356.6970131,25.79701306,7.23219206,
1090,,46253,,Sample 8,Cynodon, nlemfuensis ,Cynodon nlemfuensis ,Poaceae,Poales,grasses,F250008,41,98,1,2,154,0.5887,0.8984,,0.3097,159.4233339,33.98324542,356.7682954,47.06829543,13.19295914,
1091,,,,BLANK 24 H,,,BLANK 24 H,,,,BLANK 24 H,41,98,1,1,155,,,,,,,,,#DIV/0!,
1092,,,,BLANK 24 H,,,BLANK 24 H,,,,BLANK 24 H,41,98,1,2,156,,,,,,,,,#DIV/0!,
1093,,,,BLANK 24 H,,,BLANK 24 H,,,,BLANK 24 H,41,99,2,1,1,,,,,,,,,#DIV/0!,
1094,,,,BLANK 24 H,,,BLANK 24 H,,,,BLANK 24 H,41,99,2,2,2,,,,,,,,,#DIV/0!,
1095,,46259,,CIAT-BR15_3013,Urochloa,interespecifico,Urochloa interespecifico,Poaceae,Poales,grasses,F262959,41,99,2,1,3,0.5824,0.8275,,0.2451,223.9108899,47.74108548,305.500011,60.40001097,19.77087031,
1096,,46259,,CIAT-BR15_3013,Urochloa,interespecifico,Urochloa interespecifico,Poaceae,Poales,grasses,F262959,41,99,2,2,4,0.5888,0.8066,,0.2178,250.9297083,53.53398853,305.3168575,87.51685748,28.66427298,
1097,,46259,,CIAT-BR15_3017,Urochloa,interespecifico,Urochloa interespecifico,Poaceae,Poales,grasses,F262960,41,99,2,1,5,0.6001,0.8288,,0.2287,238.903249,51.09101563,305.4604003,76.76040026,25.12941127,
1098,,46259,,CIAT-BR15_3017,Urochloa,interespecifico,Urochloa interespecifico,Poaceae,Poales,grasses,F262960,41,99,2,2,6,0.5772,0.7991,,0.2219,245.796751,52.55472707,305.5214801,83.62148013,27.37008216,
1099,,46259,,CIAT-BR15_3186,Urochloa,interespecifico,Urochloa interespecifico,Poaceae,Poales,grasses,F262961,41,99,2,1,7,0.5964,0.8036,,0.2072,257.1070214,55.37435567,299.2672498,92.06724983,30.76422491,
1100,,46259,,CIAT-BR15_3186,Urochloa,interespecifico,Urochloa interespecifico,Poaceae,Poales,grasses,F262961,41,99,2,2,8,0.5973,0.8037,,0.2064,257.9070214,55.54665545,299.2672498,92.86724983,31.03154451,
1101,,46259,,CIAT-BR15_3234,Urochloa,interespecifico,Urochloa interespecifico,Poaceae,Poales,grasses,F262962,41,99,2,1,9,0.5748,0.85,,0.2752,190.3075849,40.88173664,306.870397,31.67039702,10.32044711,
1102,,46259,,CIAT-BR15_3234,Urochloa,interespecifico,Urochloa interespecifico,Poaceae,Poales,grasses,F262962,41,99,2,2,10,0.5865,0.7987,,0.2122,253.0285036,54.38800539,306.686422,94.48642196,30.80880508,
1103,,46259,,CIAT-BR15_3280,Urochloa,interespecifico,Urochloa interespecifico,Poaceae,Poales,grasses,F262963,41,99,2,1,11,0.5722,0.8216,,0.2494,214.9928229,46.29546631,307.9860682,58.58606821,19.02231116,
1104,,46259,,CIAT-BR15_3280,Urochloa,interespecifico,Urochloa interespecifico,Poaceae,Poales,grasses,F262963,41,99,2,2,12,0.5588,0.7911,,0.2323,231.9071771,49.95768884,307.8629477,75.56294765,24.54434619,
1105,,46259,,CIAT-BR15_3294,Urochloa,interespecifico,Urochloa interespecifico,Poaceae,Poales,grasses,F262964,41,99,2,1,13,0.5723,0.8097,,0.2374,226.7714107,48.85510083,304.4078489,67.00784886,22.01252337,
1106,,46259,,CIAT-BR15_3294,Urochloa,interespecifico,Urochloa interespecifico,Poaceae,Poales,grasses,F262964,41,99,2,2,14,0.5643,0.7845,,0.2202,244.0642079,52.57011067,304.4687061,84.26870609,27.67729635,
1107,,46259,,CIAT-BR15_3571,Urochloa,interespecifico,Urochloa interespecifico,Poaceae,Poales,grasses,F262965,41,99,2,1,15,0.5831,0.8355,,0.2524,215.075,46.0078079,307.1027759,54.70277593,17.8125306,
1108,,46259,,CIAT-BR15_3571,Urochloa,interespecifico,Urochloa interespecifico,Poaceae,Poales,grasses,F262965,41,99,2,2,16,0.5978,0.8553,,0.2575,210.068495,44.9278549,307.1641965,49.66419648,16.16861504,
1109,,46259,,CIAT-BR15_3597,Urochloa,interespecifico,Urochloa interespecifico,Poaceae,Poales,grasses,F262966,41,99,2,1,17,0.6042,0.8141,,0.2099,259.4984652,55.28319422,303.8456278,93.94562777,30.91886774,
1110,,46259,,CIAT-BR15_3597,Urochloa,interespecifico,Urochloa interespecifico,Poaceae,Poales,grasses,F262966,41,99,2,2,18,0.595,0.7979,,0.2029,266.7800479,56.80037913,304.0278987,101.1278987,33.26270356,
1111,,46282,,CIAT-BR15_361,Urochloa,interespecifico,Urochloa interespecifico,Poaceae,Poales,grasses,F262967,41,105,2,1,19,0.5577,0.7545,,0.1968,271.5920436,57.98391482,315.814383,119.014383,37.68491539,
1112,,46282,,CIAT-BR15_361,Urochloa,interespecifico,Urochloa interespecifico,Poaceae,Poales,grasses,F262967,41,105,2,2,20,0.5698,0.7718,,0.202,266.3920436,56.87373371,315.814383,113.814383,36.0383786,
1113,,46259,,CIAT-BR15_3726,Urochloa,interespecifico,Urochloa interespecifico,Poaceae,Poales,grasses,F262968,41,105,2,1,21,0.555,0.7709,,0.2159,260.3915941,54.67062558,303.4933183,87.59331832,28.86169581,
1114,,46259,,CIAT-BR15_3726,Urochloa,interespecifico,Urochloa interespecifico,Poaceae,Poales,grasses,F262968,41,105,2,2,22,0.5565,0.7431,,0.1866,289.5963929,60.81448688,303.4326561,116.8326561,38.5036527,
1115,,46259,,CIAT-BR15_378,Urochloa,interespecifico,Urochloa interespecifico,Poaceae,Poales,grasses,F262969,41,99,2,1,23,0.5805,0.8001,,0.2196,256.1164266,53.83804558,310.1409522,90.54095221,29.19348495,
1116,,46259,,CIAT-BR15_378,Urochloa,interespecifico,Urochloa interespecifico,Poaceae,Poales,grasses,F262969,41,99,2,2,24,0.5695,0.7989,,0.2294,246.2213404,51.76835425,310.0789612,80.67896122,26.01884401,
1117,,46259,,CIAT-BR15_3810,Urochloa,interespecifico,Urochloa interespecifico,Poaceae,Poales,grasses,F262970,41,99,2,1,25,0.59,0.8597,,0.2697,204.1103861,43.07849555,301.4924215,31.79242152,10.54501515,
1118,,46259,,CIAT-BR15_3810,Urochloa,interespecifico,Urochloa interespecifico,Poaceae,Poales,grasses,F262970,41,99,2,2,26,0.5538,0.8159,,0.2621,211.6156998,44.67145587,301.4321712,39.33217124,13.04843178,
1119,,46259,,CIAT-BR15_395,Urochloa,interespecifico,Urochloa interespecifico,Poaceae,Poales,grasses,F262971,41,99,2,1,27,0.5783,0.8128,,0.2345,235.3786521,50.09349777,315.2435239,80.74352388,25.61306348,
1120,,46259,,CIAT-BR15_395,Urochloa,interespecifico,Urochloa interespecifico,Poaceae,Poales,grasses,F262971,41,99,2,2,28,0.5955,0.7982,,0.2027,266.8969503,56.83532445,315.054529,112.354529,35.66193107,
1121,,46259,,CIAT-BR15_4368,Urochloa,interespecifico,Urochloa interespecifico,Poaceae,Poales,grasses,F262972,41,99,2,1,29,0.5812,0.7995,,0.2183,249.1951002,53.30432342,308.6543876,90.35438756,29.27364431,
1122,,46259,,CIAT-BR15_4368,Urochloa,interespecifico,Urochloa interespecifico,Poaceae,Poales,grasses,F262972,41,99,2,2,30,0.603,0.8475,,0.2445,223.4625018,47.75222393,308.9629802,64.46298023,20.86430555,
1123,,46259,,CIAT-BR15_4442,Urochloa,interespecifico,Urochloa interespecifico,Poaceae,Poales,grasses,F262973,41,99,2,1,31,0.6307,0.8603,,0.2296,236.3517438,50.72451106,296.7260462,67.12604622,22.62222918,
1124,,46259,,CIAT-BR15_4442,Urochloa,interespecifico,Urochloa interespecifico,Poaceae,Poales,grasses,F262973,41,99,2,2,32,0.6021,0.8149,,0.2128,253.1517438,54.33003464,296.7260462,83.92604622,28.28401729,
1125,,46282,,CIAT-BR15_4483,Urochloa,interespecifico,Urochloa interespecifico,Poaceae,Poales,grasses,F262974,41,105,2,1,33,0.5347,0.748,,0.2133,257.5793909,54.70177627,302.6943788,89.39437882,29.53288369,
1126,,46282,,CIAT-BR15_4483,Urochloa,interespecifico,Urochloa interespecifico,Poaceae,Poales,grasses,F262974,41,105,2,2,34,0.548,0.7718,,0.2238,247.267705,52.49090574,302.8154324,79.01543236,26.09359495,
1127,,46259,,CIAT-BR15_503,Urochloa,interespecifico,Urochloa interespecifico,Poaceae,Poales,grasses,F262975,41,99,2,1,35,0.5904,0.8043,,0.2139,254.8512961,54.36812617,290.958802,77.05880196,26.48443747,
1128,,46259,,CIAT-BR15_503,Urochloa,interespecifico,Urochloa interespecifico,Poaceae,Poales,grasses,F262975,41,99,2,2,36,0.5891,0.7924,,0.2033,265.4512961,56.62945325,290.958802,87.65880196,30.12756492,
1129,,46259,,CIAT-BR15_5152,Urochloa,interespecifico,Urochloa interespecifico,Poaceae,Poales,grasses,F262976,41,99,2,1,37,0.5897,0.8318,,0.2421,229.71365,48.68736841,299.9903784,57.89037844,19.29741172,
1130,,46259,,CIAT-BR15_5152,Urochloa,interespecifico,Urochloa interespecifico,Poaceae,Poales,grasses,F262976,41,99,2,2,38,0.582,0.7954,,0.2134,258.507975,54.779319,300.0503525,86.65035252,28.87860381,
1131,,46259,,CIAT-BR15_5232,Urochloa,interespecifico,Urochloa interespecifico,Poaceae,Poales,grasses,F262977,41,99,2,1,39,0.6204,0.8924,,0.272,197.1468959,42.0224236,322.4700476,50.47004758,15.65108076,
1132,,46259,,CIAT-BR15_5232,Urochloa,interespecifico,Urochloa interespecifico,Poaceae,Poales,grasses,F262977,41,99,2,2,40,0.5998,0.8501,,0.2503,218.8468959,46.64784054,322.4700476,72.17004758,22.38038792,
1133,,46259,,CIAT-BR15_58,Urochloa,interespecifico,Urochloa interespecifico,Poaceae,Poales,grasses,F262978,41,99,2,1,41,0.5853,0.7875,,0.2022,262.821485,56.51813808,291.2636026,89.06360259,30.57834958,
1134,,46259,,CIAT-BR15_58,Urochloa,interespecifico,Urochloa interespecifico,Poaceae,Poales,grasses,F262978,41,99,2,2,42,0.6178,0.8556,,0.2378,227.4074564,48.88302053,291.3800847,53.58008474,18.38838258,
1135,,46259,,CIAT-BR15_60,Urochloa,interespecifico,Urochloa interespecifico,Poaceae,Poales,grasses,F262979,41,99,2,1,43,0.6063,0.8373,,0.231,240.5750339,51.01521849,305.7096225,74.70962253,24.43809976,
1136,,46259,,CIAT-BR15_60,Urochloa,interespecifico,Urochloa interespecifico,Poaceae,Poales,grasses,F262979,41,99,2,2,44,0.6062,0.8374,,0.2312,240.6579223,51.00220022,305.8930116,74.69301162,24.41801832,
1137,,46259,,CIAT-BR15_6346,Urochloa,interespecifico,Urochloa interespecifico,Poaceae,Poales,grasses,F262980,41,99,2,1,45,0.5939,0.8387,,0.2448,227.3013971,48.14673256,314.5198571,69.71985707,22.16707642,
1138,,46259,,CIAT-BR15_6346,Urochloa,interespecifico,Urochloa interespecifico,Poaceae,Poales,grasses,F262980,41,99,2,2,46,0.5832,0.8055,,0.2223,249.8013971,52.91265788,314.5198571,92.21985707,29.32083778,
1139,,46259,,CIAT-BR15_6401,Urochloa,interespecifico,Urochloa interespecifico,Poaceae,Poales,grasses,F262981,41,99,2,1,47,0.595,0.8225,,0.2275,245.6014221,51.91305936,304.2598698,76.75986979,25.22839106,
1140,,46259,,CIAT-BR15_6401,Urochloa,interespecifico,Urochloa interespecifico,Poaceae,Poales,grasses,F262981,41,99,2,2,48,0.5874,0.7874,,0.2,273.1960234,57.73421794,304.3207096,104.3207096,34.27985882,
1141,,46259,,CIAT-BR15_6402,Urochloa,interespecifico,Urochloa interespecifico,Poaceae,Poales,grasses,F262982,41,105,2,1,49,0.5939,0.8194,,0.2255,248.4340968,52.41954492,286.2513075,60.75130749,21.22306725,
1142,,46259,,CIAT-BR15_6402,Urochloa,interespecifico,Urochloa interespecifico,Poaceae,Poales,grasses,F262982,41,105,2,2,50,0.5855,0.785,,0.1995,274.6236704,57.9223708,286.365808,86.86580802,30.33386165,
1143,,46259,,CIAT-BR15_6434,Urochloa,interespecifico,Urochloa interespecifico,Poaceae,Poales,grasses,F262983,41,99,2,1,51,0.5787,0.7876,,0.2089,261.9793593,55.63619516,306.7322172,97.83221719,31.89499234,
1144,,46259,,CIAT-BR15_6434,Urochloa,interespecifico,Urochloa interespecifico,Poaceae,Poales,grasses,F262983,41,99,2,2,52,0.6054,0.8004,,0.195,276.067711,58.60467711,306.8549101,111.8549101,36.45205157,
1145,,46259,,CIAT-BR15_6504,Urochloa,interespecifico,Urochloa interespecifico,Poaceae,Poales,grasses,F262984,41,99,2,1,53,0.5728,0.8034,,0.2306,236.7349564,50.65637679,287.4867134,56.88671343,19.7875974,
1146,,46259,,CIAT-BR15_6504,Urochloa,interespecifico,Urochloa interespecifico,Poaceae,Poales,grasses,F262984,41,99,2,2,54,0.604,0.8109,,0.2069,260.4349564,55.72768586,287.4867134,80.58671343,28.03145664,
1147,,46259,,CIAT-BR15_6508,Urochloa,interespecifico,Urochloa interespecifico,Poaceae,Poales,grasses,F262985,41,99,2,1,55,0.5769,0.8188,,0.2419,237.9799837,49.59156285,298.3504503,56.45045026,18.92085305,
1148,,46259,,CIAT-BR15_6508,Urochloa,interespecifico,Urochloa interespecifico,Poaceae,Poales,grasses,F262985,41,99,2,2,56,0.5652,0.7883,,0.2231,256.8759597,53.51850536,298.4101204,75.31012035,25.23712006,
1149,,46259,,CIAT-BR15_6543,Urochloa,interespecifico,Urochloa interespecifico,Poaceae,Poales,grasses,F262986,41,99,2,1,57,0.5648,0.7731,,0.2083,272.3411734,56.66205653,283.5428458,75.24284578,26.53667581,
1150,,46259,,CIAT-BR15_6543,Urochloa,interespecifico,Urochloa interespecifico,Poaceae,Poales,grasses,F262986,41,99,2,2,58,0.5842,0.7776,,0.1934,287.337244,59.7701234,283.5995203,90.19952034,31.80524432,
1151,,46259,,CIAT-BR15_6571,Urochloa,interespecifico,Urochloa interespecifico,Poaceae,Poales,grasses,F262987,41,99,2,1,59,0.5801,0.8024,,0.2223,260.5313703,53.95908102,292.6922227,70.39222272,24.04991225,
1152,,46259,,CIAT-BR15_6571,Urochloa,interespecifico,Urochloa interespecifico,Poaceae,Poales,grasses,F262987,41,99,2,2,60,0.5816,0.8007,,0.2191,263.4420187,54.59462772,292.5168179,73.41681788,25.09832372,
1153,,46259,,CIAT-BR15_6590,Urochloa,interespecifico,Urochloa interespecifico,Poaceae,Poales,grasses,F262988,41,99,2,1,61,0.566,0.7943,,0.2283,255.3458656,52.79604019,281.9742274,53.6742274,19.03515364,
1154,,46259,,CIAT-BR15_6590,Urochloa,interespecifico,Urochloa interespecifico,Poaceae,Poales,grasses,F262988,41,99,2,2,62,0.5816,0.8064,,0.2248,258.9425561,53.52900067,282.0305997,57.23059969,20.29233699,
1155,,46259,,CIAT-BR15_6758,Urochloa,interespecifico,Urochloa interespecifico,Poaceae,Poales,grasses,F262989,41,99,2,1,63,0.5622,0.7579,,0.1957,275.9400269,58.50649036,292.8948664,97.19486636,33.18421643,
1156,,46259,,CIAT-BR15_6758,Urochloa,interespecifico,Urochloa interespecifico,Poaceae,Poales,grasses,F262989,41,99,2,2,64,0.5702,0.7606,,0.1904,281.1457554,59.62215802,292.8363225,102.4363225,34.98074338,
1157,,46259,,CIAT-BR15_7006,Urochloa,interespecifico,Urochloa interespecifico,Poaceae,Poales,grasses,F262990,41,99,2,1,65,0.5634,0.7811,,0.2177,259.7839716,54.40684652,296.3017896,78.60178965,26.52761218,
1158,,46259,,CIAT-BR15_7006,Urochloa,interespecifico,Urochloa interespecifico,Poaceae,Poales,grasses,F262990,41,99,2,2,66,0.551,0.7551,,0.2041,273.2885511,57.24656582,296.2425767,92.14257666,31.10375885,
1159,,46259,,CIAT-BR15_7316,Urochloa,interespecifico,Urochloa interespecifico,Poaceae,Poales,grasses,F262991,41,99,2,1,67,0.5771,0.7834,,0.2063,265.022295,56.22952655,275.9173364,69.61733642,25.23122951,
1160,,46259,,CIAT-BR15_7316,Urochloa,interespecifico,Urochloa interespecifico,Poaceae,Poales,grasses,F262991,41,99,2,2,68,0.5829,0.812,,0.2291,242.4107862,51.41150389,276.0276813,46.92768129,17.00107796,
1161,,46259,,CIAT-BR15_7318,Urochloa,interespecifico,Urochloa interespecifico,Poaceae,Poales,grasses,F262992,41,99,2,1,69,0.5861,0.8206,,0.2345,239.6039065,50.53826876,283.899925,49.39992498,17.4004713,
1162,,46259,,CIAT-BR15_7318,Urochloa,interespecifico,Urochloa interespecifico,Poaceae,Poales,grasses,F262992,41,99,2,2,70,0.5638,0.7951,,0.2313,242.6144543,51.19372328,283.7864785,52.48647845,18.49505964,
1163,,46259,,CIAT-BR15_757,Urochloa,interespecifico,Urochloa interespecifico,Poaceae,Poales,grasses,F262993,41,99,2,1,71,0.5812,0.7786,,0.1974,275.16942,58.22835934,276.0624307,78.66243067,28.49443529,
1164,,46259,,CIAT-BR15_757,Urochloa,interespecifico,Urochloa interespecifico,Poaceae,Poales,grasses,F262993,41,99,2,2,72,0.5698,0.81,,0.2402,232.2749439,49.16132525,276.0072403,35.80724026,12.97329745,
1165,,46259,,CIAT-BR15_780,Urochloa,interespecifico,Urochloa interespecifico,Poaceae,Poales,grasses,F262994,41,99,2,1,73,0.5842,0.7872,,0.203,264.4565084,56.57350013,266.3211518,63.3211518,23.77623834,
1166,,46259,,CIAT-BR15_780,Urochloa,interespecifico,Urochloa interespecifico,Poaceae,Poales,grasses,F262994,41,99,2,2,74,0.5959,0.8216,,0.2257,241.7565084,51.7174334,266.3211518,40.6211518,15.25269455,
1167,,46259,,CIAT-BR15_800,Urochloa,interespecifico,Urochloa interespecifico,Poaceae,Poales,grasses,F262995,41,99,2,1,75,0.6118,0.8432,,0.2314,241.7613916,51.09491093,271.1162431,39.7162431,14.64915663,
1168,,46259,,CIAT-BR15_800,Urochloa,interespecifico,Urochloa interespecifico,Poaceae,Poales,grasses,F262995,41,99,2,2,76,0.5943,0.8198,,0.2255,247.4722783,52.32278712,271.0078833,45.50788329,16.79208838,
1169,,,,BLANK 8 H,,,BLANK 8 H,,,,BLANK 8 H,41,99,2,1,77,,,,,,,,,#DIV/0!,
1170,,,,BLANK 8 H,,,BLANK 8 H,,,,BLANK 8 H,41,99,2,2,78,,,,,,,,,#DIV/0!,
1171,,46259,,CIAT-BR15_823,Urochloa,interespecifico,Urochloa interespecifico,Poaceae,Poales,grasses,F262996,41,99,2,1,79,0.5883,0.8052,,0.2169,258.8786219,54.41157084,275.8120717,58.91207172,21.35949719,
1172,,46259,,CIAT-BR15_823,Urochloa,interespecifico,Urochloa interespecifico,Poaceae,Poales,grasses,F262996,41,99,2,2,80,0.5617,0.7936,,0.2319,244.1640891,51.28807122,275.977559,44.07755896,15.97142867,
1173,,46259,,CIAT-BR15_8529,Urochloa,interespecifico,Urochloa interespecifico,Poaceae,Poales,grasses,F262997,41,99,2,1,81,0.5792,0.8153,,0.2361,233.6846843,49.74293375,279.3209092,43.22090921,15.47356742,
1174,,46259,,CIAT-BR15_8529,Urochloa,interespecifico,Urochloa interespecifico,Poaceae,Poales,grasses,F262997,41,99,2,2,82,0.5721,0.8144,,0.2423,227.2030388,48.39224031,279.1534506,36.85345064,13.20186104,
1175,,46259,,CIAT-BR15_8650,Urochloa,interespecifico,Urochloa interespecifico,Poaceae,Poales,grasses,F262998,41,104,2,1,83,0.55,0.7489,,0.1989,278.4965876,58.33652666,273.4167966,74.51679662,27.25392059,
1176,,46259,,CIAT-BR15_8650,Urochloa,interespecifico,Urochloa interespecifico,Poaceae,Poales,grasses,F262998,41,104,2,2,84,0.5311,0.7375,,0.2064,271.1875081,56.78278922,273.5261415,67.12614147,24.5410333,
1177,,46259,,CIAT-BR15_8756,Urochloa,interespecifico,Urochloa interespecifico,Poaceae,Poales,grasses,F262999,41,99,2,1,85,0.5839,0.7961,,0.2122,262.8585349,55.33182031,272.3549145,60.15491447,22.0869576,
1178,,46259,,CIAT-BR15_8756,Urochloa,interespecifico,Urochloa interespecifico,Poaceae,Poales,grasses,F262999,41,99,2,2,86,0.5874,0.8138,,0.2264,248.3737276,52.31412632,272.1916321,45.79163215,16.82330635,
1179,,46259,,CIAT-BR15_8881,Urochloa,interespecifico,Urochloa interespecifico,Poaceae,Poales,grasses,F263000,41,99,2,1,87,0.5809,0.8073,,0.2264,244.85,51.95755968,291.5607214,65.16072136,22.3489368,
1180,,46259,,CIAT-BR15_8881,Urochloa,interespecifico,Urochloa interespecifico,Poaceae,Poales,grasses,F263000,41,99,2,2,88,0.5609,0.7888,,0.2279,243.5384623,51.65858999,291.6773223,63.77732233,21.86571168,
1181,,46259,,CIAT-BR15_8905,Urochloa,interespecifico,Urochloa interespecifico,Poaceae,Poales,grasses,F263001,41,99,2,1,89,0.564,0.7711,,0.2071,264.142725,56.05237195,272.5775556,65.47755557,24.02162402,
1182,,46259,,CIAT-BR15_8905,Urochloa,interespecifico,Urochloa interespecifico,Poaceae,Poales,grasses,F263001,41,99,2,2,90,0.5596,0.7815,,0.2219,249.0601489,52.88348695,272.4141071,50.5141071,18.54313187,
1183,,46259,,CIAT-BR15_8976,Urochloa,interespecifico,Urochloa interespecifico,Poaceae,Poales,grasses,F263002,41,99,2,1,91,0.5895,0.8062,,0.2167,254.1514165,53.97698883,264.3899403,47.6899403,18.03772876,
1184,,46259,,CIAT-BR15_8976,Urochloa,interespecifico,Urochloa interespecifico,Poaceae,Poales,grasses,F263002,41,99,2,2,92,0.5739,0.7914,,0.2175,253.3514165,53.80708385,264.3899403,46.8899403,17.73514539,
1185,,46259,,CIAT-BR15_9125,Urochloa,interespecifico,Urochloa interespecifico,Poaceae,Poales,grasses,F263003,41,99,2,1,93,0.5596,0.7994,,0.2398,236.2250073,49.62449528,284.3841001,44.58410015,15.67742364,
1186,,46259,,CIAT-BR15_9125,Urochloa,interespecifico,Urochloa interespecifico,Poaceae,Poales,grasses,F263003,41,99,2,2,94,0.5785,0.8079,,0.2294,246.7201932,51.81888875,284.4409656,55.04096559,19.35057613,
1187,,46259,,CIAT-BR15_9141,Urochloa,interespecifico,Urochloa interespecifico,Poaceae,Poales,grasses,F263004,41,99,2,1,95,0.55,0.7726,,0.2226,248.1484796,52.71360192,297.2252897,74.62528973,25.10731499,
1188,,46259,,CIAT-BR15_9141,Urochloa,interespecifico,Urochloa interespecifico,Poaceae,Poales,grasses,F263004,41,99,2,2,96,0.5713,0.7784,,0.2071,263.5543487,55.99743196,297.1658566,90.06585655,30.30827888,
1189,,46259,,CIAT-BR15_9142,Urochloa,interespecifico,Urochloa interespecifico,Poaceae,Poales,grasses,F263005,41,99,2,1,97,0.5643,0.7711,,0.2068,263.3159424,56.01085151,287.9594976,81.15949764,28.18434478,
1190,,46259,,CIAT-BR15_9142,Urochloa,interespecifico,Urochloa interespecifico,Poaceae,Poales,grasses,F263005,41,99,2,2,98,0.5484,0.7534,,0.205,265.303876,56.41116086,288.0746124,83.07461237,28.83788047,
1191,,46259,,CIAT-BR15_972,Urochloa,interespecifico,Urochloa interespecifico,Poaceae,Poales,grasses,F263006,41,99,2,1,99,0.5661,0.7781,,0.212,259.5399844,55.04092823,303.5121536,91.51215359,30.15106727,
1192,,46259,,CIAT-BR15_972,Urochloa,interespecifico,Urochloa interespecifico,Poaceae,Poales,grasses,F263006,41,99,2,2,100,0.5527,0.7637,,0.211,260.3514815,55.2351041,303.3908215,92.39082153,30.45274114,
1193,,46259,,CIAT-BR19_1033,Urochloa,interespecifico,Urochloa interespecifico,Poaceae,Poales,grasses,F263007,41,99,2,1,101,0.5599,0.7829,,0.223,251.0276067,52.95632642,304.503035,81.50303502,26.76591878,
1194,,46259,,CIAT-BR19_1033,Urochloa,interespecifico,Urochloa interespecifico,Poaceae,Poales,grasses,F263007,41,99,2,2,102,0.5766,0.809,,0.2324,241.8171798,50.99291846,304.6248119,72.22481188,23.70943176,
1195,,46259,,CIAT-BR19_113,Urochloa,interespecifico,Urochloa interespecifico,Poaceae,Poales,grasses,F263008,41,99,2,1,103,0.5848,0.7901,,0.2053,268.1209934,56.63479169,287.690961,82.39096096,28.63870338,
1196,,46259,,CIAT-BR19_113,Urochloa,interespecifico,Urochloa interespecifico,Poaceae,Poales,grasses,F263008,41,99,2,2,104,0.56,0.7654,,0.2054,268.0209934,56.61366884,287.690961,82.29096096,28.60394386,
1197,,46259,,CIAT-BR19_1444,Urochloa,interespecifico,Urochloa interespecifico,Poaceae,Poales,grasses,F263009,41,99,2,1,105,0.57,0.8133,,0.2433,228,48.37683004,293.1328475,49.83284751,17.00008987,
1198,,46259,,CIAT-BR19_1444,Urochloa,interespecifico,Urochloa interespecifico,Poaceae,Poales,grasses,F263009,41,99,2,2,106,0.5709,0.7665,,0.1956,276.1713,58.53923289,293.4259804,97.82598036,33.3392361,
1199,,46259,,CIAT-BR19_1583,Urochloa,interespecifico,Urochloa interespecifico,Poaceae,Poales,grasses,F263010,41,99,2,1,107,0.5969,0.7893,,0.1924,284.6133637,59.66570024,294.8656637,102.4656637,34.74994763,
1200,,46259,,CIAT-BR19_1583,Urochloa,interespecifico,Urochloa interespecifico,Poaceae,Poales,grasses,F263010,41,99,2,2,108,0.5815,0.8093,,0.2278,248.9273273,52.21587122,294.6888504,66.8888504,22.6981273,
1201,,46259,,CIAT-BR19_166,Urochloa,interespecifico,Urochloa interespecifico,Poaceae,Poales,grasses,F263011,41,99,2,1,109,0.5788,0.7784,,0.1996,274.38422,57.88889343,302.3395191,102.7395191,33.9815051,
1202,,46259,,CIAT-BR19_166,Urochloa,interespecifico,Urochloa interespecifico,Poaceae,Poales,grasses,F263011,41,99,2,2,110,0.6028,0.8411,,0.2383,235.58948,49.71401349,302.2790875,63.97908747,21.16556855,
1203,,46259,,CIAT-BR19_1727,Urochloa,interespecifico,Urochloa interespecifico,Poaceae,Poales,grasses,F263012,41,99,2,1,111,0.5966,0.8368,,0.2402,229.7394255,48.88702948,350.9832137,110.7832137,31.56367865,
1204,,46259,,CIAT-BR19_1727,Urochloa,interespecifico,Urochloa interespecifico,Poaceae,Poales,grasses,F263012,41,99,2,2,112,0.5878,0.8229,,0.2351,235.0273261,49.99227082,351.1235508,116.0235508,33.04351148,
1205,,46259,,CIAT-BR19_1783,Urochloa,interespecifico,Urochloa interespecifico,Poaceae,Poales,grasses,F263013,41,99,2,1,113,0.5826,0.7641,,0.1815,285.2183063,61.11144613,274.9137371,93.41373706,33.9792904,
1206,,46259,,CIAT-BR19_1783,Urochloa,interespecifico,Urochloa interespecifico,Poaceae,Poales,grasses,F263013,41,99,2,2,114,0.5741,0.7625,,0.1884,278.225,59.62496651,274.8587763,86.45877629,31.4557088,
1207,,46259,,CIAT-BR19_1793,Urochloa,interespecifico,Urochloa interespecifico,Poaceae,Poales,grasses,F263014,41,99,2,1,115,0.5603,0.7775,,0.2172,249.7950427,53.48987031,292.4348552,75.23485519,25.72704787,
1208,,46259,,CIAT-BR19_1793,Urochloa,interespecifico,Urochloa interespecifico,Poaceae,Poales,grasses,F263014,41,99,2,2,116,0.5746,0.785,,0.2104,256.8751837,54.97299935,292.610281,82.21028102,28.09548616,
1209,,46259,,CIAT-BR19_1806,Urochloa,interespecifico,Urochloa interespecifico,Poaceae,Poales,grasses,F263015,41,99,2,1,117,0.5635,0.7788,,0.2153,257.0360264,54.41804394,294.7578815,79.4578815,26.95699979,
1210,,46259,,CIAT-BR19_1806,Urochloa,interespecifico,Urochloa interespecifico,Poaceae,Poales,grasses,F263015,41,99,2,2,118,0.5627,0.7668,,0.2041,268.2360264,56.7892372,294.7578815,90.6578815,30.75672855,
1211,,46259,,CIAT-BR19_2001,Urochloa,interespecifico,Urochloa interespecifico,Poaceae,Poales,grasses,F263016,41,99,2,1,119,0.5914,0.8103,,0.2189,253.1055886,53.62343047,301.9345483,83.03454828,27.50084373,
1212,,46259,,CIAT-BR19_2001,Urochloa,interespecifico,Urochloa interespecifico,Poaceae,Poales,grasses,F263016,41,99,2,2,120,0.5741,0.7772,,0.2031,268.9055886,56.97084846,301.9345483,98.83454828,32.73376592,
1213,,46259,,CIAT-BR19_21,Urochloa,interespecifico,Urochloa interespecifico,Poaceae,Poales,grasses,F263017,41,99,2,1,121,0.5588,0.7756,,0.2168,254.0838009,53.95891734,297.8427619,81.04276193,27.20991486,
1214,,46259,,CIAT-BR19_21,Urochloa,interespecifico,Urochloa interespecifico,Poaceae,Poales,grasses,F263017,41,99,2,2,122,0.5789,0.7822,,0.2033,267.5838009,56.82586668,297.8427619,94.54276193,31.7425078,
1215,,46259,,CIAT-BR19_2124,Urochloa,interespecifico,Urochloa interespecifico,Poaceae,Poales,grasses,F263018,41,99,2,1,123,0.5811,0.8101,,0.229,244.2932523,51.61562121,294.3485053,65.34850532,22.20106579,
1216,,46259,,CIAT-BR19_2124,Urochloa,interespecifico,Urochloa interespecifico,Poaceae,Poales,grasses,F263018,41,99,2,2,124,0.586,0.7703,,0.1843,288.9932523,61.06008292,294.3485053,110.0485053,37.38714596,
1217,,46259,,CIAT-BR19_2287,Urochloa,interespecifico,Urochloa interespecifico,Poaceae,Poales,grasses,F263019,41,99,2,1,125,0.5917,0.7702,,0.1785,294.5627162,62.26715954,297.0260012,118.5260012,39.90425105,
1218,,46259,,CIAT-BR19_2287,Urochloa,interespecifico,Urochloa interespecifico,Poaceae,Poales,grasses,F263019,41,99,2,2,126,0.6031,0.8005,,0.1974,275.757272,58.28025655,297.0853708,99.68537078,33.55445289,
1219,,46259,,CIAT-BR19_231,Urochloa,interespecifico,Urochloa interespecifico,Poaceae,Poales,grasses,F263020,41,99,2,1,127,0.5689,0.7524,,0.1835,290.0366263,61.2490376,302.4219795,118.9219795,39.32319328,
1220,,46259,,CIAT-BR19_231,Urochloa,interespecifico,Urochloa interespecifico,Poaceae,Poales,grasses,F263020,41,99,2,2,128,0.5852,0.8348,,0.2496,223.8419758,47.27970633,302.3615314,52.76153141,17.44981617,
1221,,46259,, CIAT 17009,Canavalia,brasiliensis,Canavalia brasiliensis,Fabaceas,Fabales,Trepadoras,F263376,41,99,2,1,129,0.5622,0.7472,,0.185,268.5796491,59.21333764,206.6378234,21.63782341,10.47137598,
1222,,46259,, CIAT 17009,Canavalia,brasiliensis,Canavalia brasiliensis,Fabaceas,Fabales,Trepadoras,F263376,41,99,2,2,130,0.5846,0.7858,,0.2012,252.6517969,55.66834782,206.7618061,5.561806108,2.689958176,
1223,,46259,,CIAT 17462,Canavalia,brasiliensis,Canavalia brasiliensis,Fabaceas,Fabales,Trepadoras,F263377,41,99,2,1,131,0.5795,0.7203,,0.1408,330.5692634,70.12957549,199.8724163,59.07241628,29.55506186,
1224,,46259,,CIAT 17462,Canavalia,brasiliensis,Canavalia brasiliensis,Fabaceas,Fabales,Trepadoras,F263377,41,99,2,2,132,0.5762,0.7505,,0.1743,297.2577357,63.03739992,199.9523333,25.65233327,12.82922427,
1225,,46259,,CIAT 13953,Desmodium,velutinum,Desmodium velutinum,Fabaceas,Fabales,Arbustivas,F263378,41,99,2,1,133,0.5826,0.8154,,0.2328,244.8544539,51.26183832,239.9186921,7.118692118,2.967126927,
1226,,46259,,CIAT 13953,Desmodium,velutinum,Desmodium velutinum,Fabaceas,Fabales,Arbustivas,F263378,41,99,2,2,134,0.5793,0.8101,,0.2308,247.2365775,51.71917571,240.1106271,9.310627072,3.877640563,
1227,,46259,,CIAT 9432,Clitoria,tertanea,Clitoria tertanea,Fabaceas,Fabales,Trepadoras,F263379,41,99,2,1,135,0.5615,0.8061,,0.2446,236.636529,49.17260323,237.5501436,-7.049856404,-2.967734011,
1228,,46259,,CIAT 9432,Clitoria,tertanea,Clitoria tertanea,Fabaceas,Fabales,Trepadoras,F263379,41,99,2,2,136,0.5915,0.8018,,0.2103,270.5519244,56.26512252,237.3602933,27.06029333,11.40051394,
1229,,46259,,CIAT 17768,Clitoria,tertanea,Clitoria tertanea,Fabaceas,Fabales,Trepadoras,F263380,41,99,2,1,137,0.5717,0.7662,,0.1945,285.9710558,59.51889346,226.946624,32.44662401,14.29702872,
1230,,46259,,CIAT 17768,Clitoria,tertanea,Clitoria tertanea,Fabaceas,Fabales,Trepadoras,F263380,41,99,2,2,138,0.5884,0.7962,,0.2078,272.6710558,56.75077666,226.946624,19.14662401,8.436619884,
1231,,46259,,CIAT 22768,Lablab,purpureus,Lablab purpureus,Fabaceas,Fabales,Trepadoras,F263381,41,99,2,1,139,0.6087,0.7609,,0.1522,320.6,67.80879865,206.9978489,54.7978489,26.47266587,
1232,,46259,,CIAT 22768,Lablab,purpureus,Lablab purpureus,Fabaceas,Fabales,Trepadoras,F263381,41,99,2,2,140,0.5948,0.7325,,0.1377,335.38368,70.89309866,207.1220476,69.42204761,33.51745911,
1233,,46259,,CIAT 22598,Lablab,purpureus,Lablab purpureus,Fabaceas,Fabales,Trepadoras,F263382,41,99,2,1,141,0.6069,0.7714,,0.1645,310.5559347,65.37249869,214.7766563,50.27665626,23.40880854,
1234,,46259,,CIAT 22598,Lablab,purpureus,Lablab purpureus,Fabaceas,Fabales,Trepadoras,F263382,41,99,2,2,142,0.5866,0.7547,,0.1681,306.4813533,64.57930789,214.5620942,46.46209416,21.65438138,
1235,,46259,,CIAT 18701,Cajanus,cajan,Cajanus cajan,Fabaceas,Fabales,Arbustivas,F263383,41,99,2,1,143,0.6138,0.9432,,0.3294,137.8217035,29.49813813,283.3410827,-46.05891726,-16.25564384,
1236,,46259,,CIAT 18701,Cajanus,cajan,Cajanus cajan,Fabaceas,Fabales,Arbustivas,F263383,41,99,2,2,144,0.5733,0.8704,,0.2971,170.2151105,36.42405449,283.3977283,-13.7022717,-4.834997015,
1237,,46259,,CIAT 20891,Cajanus,cajan,Cajanus cajan,Fabaceas,Fabales,Arbustivas,F263384,41,99,2,1,145,0.5703,0.8918,,0.3215,152.85,32.22304206,284.9756324,-36.52436755,-12.81666339,
1238,,46259,,CIAT 20891,Cajanus,cajan,Cajanus cajan,Fabaceas,Fabales,Arbustivas,F263384,41,99,2,2,146,0.5538,0.851,,0.2972,177.055149,37.33331085,284.9186487,-12.28135128,-4.310476459,
1239,,46259,,CIAT 15551,Centrosema ,molle,Centrosema molle,Fabaceas,Fabales,Trepadoras,F263385,41,99,2,1,147,0.5691,0.8557,,0.2866,189.1877037,39.76305025,295.4352492,8.835249245,2.990587368,
1240,,46259,,CIAT 15551,Centrosema ,molle,Centrosema molle,Fabaceas,Fabales,Trepadoras,F263385,41,99,2,2,148,0.6038,0.9035,,0.2997,176.0877037,37.00972142,295.4352492,-4.264750755,-1.44354838,
1241,,46259,,CIAT 13953,Desmodium,velutinum,Desmodium velutinum,Fabaceas,Fabales,Arbustivas,F263386,41,99,2,1,149,0.5789,0.8536,,0.2747,195.6614621,41.59810654,259.4152156,-15.28478443,-5.892015393,
1242,,46259,,CIAT 13953,Desmodium,velutinum,Desmodium velutinum,Fabaceas,Fabales,Arbustivas,F263386,41,99,2,2,150,0.5701,0.8343,,0.2642,205.8794709,43.79673728,259.2596909,-4.940309142,-1.90554464,
1243,,46259,,CIAT 15551,Centrosema ,molle,Centrosema molle,Fabaceas,Fabales,Trepadoras,F263387,41,99,2,1,151,0.5812,0.8966,,0.3154,158.4683854,33.44143443,323.242508,7.842507954,2.426199451,
1244,,46259,,CIAT 15551,Centrosema ,molle,Centrosema molle,Fabaceas,Fabales,Trepadoras,F263387,41,99,2,2,152,0.5911,0.9191,,0.328,145.7736496,30.76862754,323.1778853,-4.822114699,-1.492093029,
1245,,46259,,Sample 8,Cynodon, nlemfuensis ,Cynodon nlemfuensis ,Poaceae,Poales,grasses,F250008,41,99,2,1,153,0.6057,0.885,,0.2793,189.729603,40.45151985,356.6970131,77.39701306,21.69825096,
1246,,46259,,Sample 8,Cynodon, nlemfuensis ,Cynodon nlemfuensis ,Poaceae,Poales,grasses,F250008,41,99,2,2,154,0.5869,0.8582,,0.2713,197.5421411,42.13404124,356.5544483,85.2544483,23.91063937,
1247,,,,BLANK 24 H,,,BLANK 24 H,,,,BLANK 24 H,41,99,2,1,155,,,,,,,,,#DIV/0!,
1248,,,,BLANK 24 H,,,BLANK 24 H,,,,BLANK 24 H,41,99,2,2,156,,,,,,,,,#DIV/0!,
1249,,,,BLANK 24 H,,,BLANK 24 H,,,,BLANK 24 H,41,100,3,1,157,,,,,,,,,#DIV/0!,
1250,,,,BLANK 24 H,,,BLANK 24 H,,,,BLANK 24 H,41,100,3,2,158,,,,,,,,,#DIV/0!,
1251,,46261,,CIAT-BR15_3013,Urochloa,interespecifico,Urochloa interespecifico,Poaceae,Poales,grasses,F262959,41,100,3,1,159,0.5721,0.7781,,0.206,262.9171627,56.06899973,305.4389598,99.43895981,32.55608252,
1252,,46261,,CIAT-BR15_3013,Urochloa,interespecifico,Urochloa interespecifico,Poaceae,Poales,grasses,F262959,41,100,3,2,160,0.5515,0.7616,,0.2101,258.9108899,55.20359878,305.500011,95.40001097,31.22749838,
1253,,46261,,CIAT-BR15_3017,Urochloa,interespecifico,Urochloa interespecifico,Poaceae,Poales,grasses,F262960,41,100,3,1,161,0.5849,0.7902,,0.2053,262.396751,56.10403545,305.5214801,100.2214801,32.80341536,
1254,,46261,,CIAT-BR15_3017,Urochloa,interespecifico,Urochloa interespecifico,Poaceae,Poales,grasses,F262960,41,100,3,2,162,0.5605,0.7968,,0.2363,231.396751,49.47580895,305.5214801,69.22148013,22.65682927,
1255,,46261,,CIAT-BR15_3186,Urochloa,interespecifico,Urochloa interespecifico,Poaceae,Poales,grasses,F262961,41,100,3,1,163,0.5722,0.7877,,0.2155,248.5286043,53.55889744,299.0877972,83.58779715,27.94757859,
1256,,46261,,CIAT-BR15_3186,Urochloa,interespecifico,Urochloa interespecifico,Poaceae,Poales,grasses,F262961,41,100,3,2,164,0.5684,0.8105,,0.2421,222.1142157,47.84735327,299.2074323,57.10743227,19.08623454,
1257,,46261,,CIAT-BR15_3234,Urochloa,interespecifico,Urochloa interespecifico,Poaceae,Poales,grasses,F262962,41,100,3,1,165,0.5565,0.8109,,0.2544,210.7354765,45.30625746,306.6250969,52.22509694,17.03223169,
1258,,46261,,CIAT-BR15_3234,Urochloa,interespecifico,Urochloa interespecifico,Poaceae,Poales,grasses,F262962,41,100,3,2,166,0.5739,0.8144,,0.2405,225.0075849,48.33596534,306.870397,66.37039702,21.62815236,
1259,,46261,,CIAT-BR15_3280,Urochloa,interespecifico,Urochloa interespecifico,Poaceae,Poales,grasses,F262963,41,100,3,1,167,0.5646,0.7802,,0.2156,248.8856457,53.58306506,308.0476285,92.44762849,30.01082298,
1260,,46261,,CIAT-BR15_3280,Urochloa,interespecifico,Urochloa interespecifico,Poaceae,Poales,grasses,F262963,41,100,3,2,168,0.5927,0.8479,,0.2552,209.0071771,45.02454667,307.8629477,52.66294765,17.10597136,
1261,,46261,,CIAT-BR15_3294,Urochloa,interespecifico,Urochloa interespecifico,Poaceae,Poales,grasses,F262964,41,100,3,1,169,0.5475,0.8263,,0.2788,185.557005,39.95998833,304.5295633,25.72956331,8.448954195,
1262,,46261,,CIAT-BR15_3294,Urochloa,interespecifico,Urochloa interespecifico,Poaceae,Poales,grasses,F262964,41,100,3,2,170,0.5879,0.7956,,0.2077,256.2858164,55.2357006,304.2861344,96.58613441,31.74187828,
1263,,46261,,CIAT-BR15_3571,Urochloa,interespecifico,Urochloa interespecifico,Poaceae,Poales,grasses,F262965,41,100,3,1,313,0.5941,0.8334,,0.2393,228.455485,48.84079232,307.2870376,67.98703759,22.12492858,
1264,,46261,,CIAT-BR15_3571,Urochloa,interespecifico,Urochloa interespecifico,Poaceae,Poales,grasses,F262965,41,100,3,2,172,0.5645,0.795,,0.2305,237.068495,50.70240992,307.1641965,76.66419648,24.95870201,
1265,,46261,,CIAT-BR15_3597,Urochloa,interespecifico,Urochloa interespecifico,Poaceae,Poales,grasses,F262966,41,100,3,1,173,0.5719,0.7977,,0.2258,243.786187,51.91511031,303.9671417,78.16714172,25.71565508,
1266,,46261,,CIAT-BR15_3597,Urochloa,interespecifico,Urochloa interespecifico,Poaceae,Poales,grasses,F262966,41,100,3,2,174,0.5962,0.854,,0.2578,211.6923261,45.08962433,303.9063847,46.10638474,15.17124584,
1267,,46261,,CIAT-BR15_361,Urochloa,interespecifico,Urochloa interespecifico,Poaceae,Poales,grasses,F262967,41,100,3,1,175,0.5636,0.8269,,0.2633,204.9047617,43.76392093,315.6881078,52.3881078,16.5948943,
1268,,46261,,CIAT-BR15_361,Urochloa,interespecifico,Urochloa interespecifico,Poaceae,Poales,grasses,F262967,41,100,3,2,176,0.5662,0.7964,,0.2302,238.1920436,50.85313614,315.814383,85.61438304,27.10908294,
1269,,46261,,CIAT-BR15_3726,Urochloa,interespecifico,Urochloa interespecifico,Poaceae,Poales,grasses,F262968,41,100,3,1,177,0.5728,0.8242,,0.2514,224.6059905,47.18553862,303.3113315,51.91133153,17.11486718,
1270,,46261,,CIAT-BR15_3726,Urochloa,interespecifico,Urochloa interespecifico,Poaceae,Poales,grasses,F262968,41,100,3,2,178,0.571,0.7917,,0.2207,255.8771977,53.69060855,303.6753051,82.97530512,27.32369202,
1271,,46261,,CIAT-BR15_378,Urochloa,interespecifico,Urochloa interespecifico,Poaceae,Poales,grasses,F262969,41,100,3,1,179,0.5827,0.8075,,0.2248,250.7262541,52.72605917,310.0169702,85.21697022,27.48784048,
1272,,46261,,CIAT-BR15_378,Urochloa,interespecifico,Urochloa interespecifico,Poaceae,Poales,grasses,F262969,41,100,3,2,180,0.5631,0.793,,0.2299,245.7213404,51.6632286,310.0789612,80.17896122,25.85759476,
1273,,46261,,CIAT-BR15_3810,Urochloa,interespecifico,Urochloa interespecifico,Poaceae,Poales,grasses,F262970,41,100,3,1,181,0.554,0.8213,,0.2673,206.6997587,43.60756623,301.6129221,34.31292209,11.37647613,
1274,,46261,,CIAT-BR15_3810,Urochloa,interespecifico,Urochloa interespecifico,Poaceae,Poales,grasses,F262970,41,100,3,2,182,0.5947,0.8436,,0.2489,225.0050724,47.47893313,301.5526718,52.65267181,17.4605224,
1275,,46261,,CIAT-BR15_395,Urochloa,interespecifico,Urochloa interespecifico,Poaceae,Poales,grasses,F262971,41,100,3,1,183,0.5838,0.8098,,0.226,243.6908509,51.88324415,315.1175273,89.11752727,28.28072689,
1276,,46261,,CIAT-BR15_395,Urochloa,interespecifico,Urochloa interespecifico,Poaceae,Poales,grasses,F262971,41,100,3,2,184,0.5658,0.7853,,0.2195,250.1908509,53.26713314,315.1175273,95.61752727,30.34344935,
1277,,46261,,CIAT-BR15_4368,Urochloa,interespecifico,Urochloa interespecifico,Poaceae,Poales,grasses,F262972,41,100,3,1,185,0.5965,0.8085,,0.212,255.4951002,54.65193113,308.6543876,96.65438756,31.31476223,
1278,,46261,,CIAT-BR15_4368,Urochloa,interespecifico,Urochloa interespecifico,Poaceae,Poales,grasses,F262972,41,100,3,2,186,0.5693,0.8474,,0.2781,189.6755411,40.54840932,308.8395432,30.73954317,9.953240719,
1279,,46261,,CIAT-BR15_4442,Urochloa,interespecifico,Urochloa interespecifico,Poaceae,Poales,grasses,F262973,41,100,3,1,187,0.5653,0.7843,,0.219,246.8585721,52.99002463,296.6667129,77.66671288,26.17978678,
1280,,46261,,CIAT-BR15_4442,Urochloa,interespecifico,Urochloa interespecifico,Poaceae,Poales,grasses,F262973,41,100,3,2,188,0.5667,0.7733,,0.2066,259.5380872,55.67836964,296.8447129,90.24471291,30.40132062,
1281,,46261,,CIAT-BR15_4483,Urochloa,interespecifico,Urochloa interespecifico,Poaceae,Poales,grasses,F262974,41,100,3,1,189,0.5636,0.8068,,0.2432,227.6793909,48.35195494,302.6943788,59.49437882,19.65493349,
1282,,46261,,CIAT-BR15_4483,Urochloa,interespecifico,Urochloa interespecifico,Poaceae,Poales,grasses,F262974,41,100,3,2,190,0.5938,0.7778,,0.184,287.161862,60.94760319,302.8759591,118.8759591,39.24905743,
1283,,46261,,CIAT-BR15_503,Urochloa,interespecifico,Urochloa interespecifico,Poaceae,Poales,grasses,F262975,41,100,3,1,191,0.5678,0.8232,,0.2554,213.0702702,45.48213275,290.7843662,35.38436623,12.16859307,
1284,,46261,,CIAT-BR15_503,Urochloa,interespecifico,Urochloa interespecifico,Poaceae,Poales,grasses,F262975,41,100,3,2,192,0.5553,0.7654,,0.2101,258.6512961,55.1787906,290.958802,80.85880196,27.79046429,
1285,,46261,,CIAT-BR15_5152,Urochloa,interespecifico,Urochloa interespecifico,Poaceae,Poales,grasses,F262976,41,100,3,1,193,0.5795,0.8118,,0.2323,239.325,50.74476544,299.8704303,67.57043027,22.53320883,
1286,,46261,,CIAT-BR15_5152,Urochloa,interespecifico,Urochloa interespecifico,Poaceae,Poales,grasses,F262976,41,100,3,2,194,0.6059,0.8351,,0.2292,242.707975,51.4312086,300.0503525,70.85035252,23.61282096,
1287,,46261,,CIAT-BR15_5232,Urochloa,interespecifico,Urochloa interespecifico,Poaceae,Poales,grasses,F262977,41,100,3,1,195,0.5961,0.8379,,0.2418,227.3468959,48.45963981,322.4700476,80.67004758,25.01629165,
1288,,46261,,CIAT-BR15_5232,Urochloa,interespecifico,Urochloa interespecifico,Poaceae,Poales,grasses,F262977,41,100,3,2,196,0.5834,0.8457,,0.2623,206.6593122,44.06764229,322.3411111,60.04111113,18.62657572,
1289,,46261,,CIAT-BR15_58,Urochloa,interespecifico,Urochloa interespecifico,Poaceae,Poales,grasses,F262978,41,100,3,1,197,0.6007,0.8337,,0.233,232.021485,49.89478819,291.2636026,58.26360259,20.00373616,
1290,,46261,,CIAT-BR15_58,Urochloa,interespecifico,Urochloa interespecifico,Poaceae,Poales,grasses,F262978,41,100,3,2,198,0.5791,0.7834,,0.2043,260.9074564,56.08410889,291.3800847,87.08008474,29.88539344,
1291,,46261,,CIAT-BR15_60,Urochloa,interespecifico,Urochloa interespecifico,Poaceae,Poales,grasses,F262979,41,100,3,1,199,0.58,0.8233,,0.2433,228.1807377,48.3966193,305.6484928,62.34849283,20.39875684,
1292,,46261,,CIAT-BR15_60,Urochloa,interespecifico,Urochloa interespecifico,Poaceae,Poales,grasses,F262979,41,100,3,2,200,0.5846,0.7984,,0.2138,257.6807377,54.6535027,305.6484928,91.84849283,30.05036667,
1293,,46261,,CIAT-BR15_6346,Urochloa,interespecifico,Urochloa interespecifico,Poaceae,Poales,grasses,F262980,41,100,3,1,201,0.5652,0.8043,,0.2391,233.1901999,49.37434652,314.6456399,75.54563985,24.00975265,
1294,,46261,,CIAT-BR15_6346,Urochloa,interespecifico,Urochloa interespecifico,Poaceae,Poales,grasses,F262980,41,100,3,2,202,0.5795,0.7796,,0.2001,272.0013971,57.61503752,314.5198571,114.4198571,36.37921565,
1295,,46261,,CIAT-BR15_6401,Urochloa,interespecifico,Urochloa interespecifico,Poaceae,Poales,grasses,F262981,41,100,3,1,203,0.5778,0.7953,,0.2175,255.6960234,54.03596201,304.3207096,86.82070959,28.52934646,
1296,,46261,,CIAT-BR15_6401,Urochloa,interespecifico,Urochloa interespecifico,Poaceae,Poales,grasses,F262981,41,100,3,2,204,0.5577,0.7776,,0.2199,253.2960234,53.52877262,304.3207096,84.42070959,27.74070477,
1297,,46261,,CIAT-BR15_6402,Urochloa,interespecifico,Urochloa interespecifico,Poaceae,Poales,grasses,F262982,41,100,3,1,205,0.5686,0.8087,,0.2401,234.0236704,49.35920415,286.365808,46.26580802,16.15619139,
1298,,46261,,CIAT-BR15_6402,Urochloa,interespecifico,Urochloa interespecifico,Poaceae,Poales,grasses,F262982,41,100,3,2,206,0.589,0.7873,,0.1983,275.8236704,58.17546932,286.365808,88.06580802,30.75290609,
1299,,46261,,CIAT-BR15_6434,Urochloa,interespecifico,Urochloa interespecifico,Poaceae,Poales,grasses,F262983,41,100,3,1,207,0.5853,0.7861,,0.2008,270.4560628,57.39046861,306.977603,106.177603,34.58806178,
1300,,46261,,CIAT-BR15_6434,Urochloa,interespecifico,Urochloa interespecifico,Poaceae,Poales,grasses,F262983,41,100,3,2,208,0.575,0.7764,,0.2014,269.5735351,57.23751231,306.7935636,105.3935636,34.35325122,
1301,,46261,,CIAT-BR15_6504,Urochloa,interespecifico,Urochloa interespecifico,Poaceae,Poales,grasses,F262984,41,100,3,1,209,0.5834,0.7734,,0.19,277.1481345,59.32767661,287.3717877,97.3717877,33.88355847,
1302,,46261,,CIAT-BR15_6504,Urochloa,interespecifico,Urochloa interespecifico,Poaceae,Poales,grasses,F262984,41,100,3,2,210,0.5675,0.77,,0.2025,264.5547236,56.64319623,287.3143248,84.81432484,29.51969933,
1303,,46261,,CIAT-BR15_6508,Urochloa,interespecifico,Urochloa interespecifico,Poaceae,Poales,grasses,F262985,41,100,3,1,211,0.5531,0.7828,,0.2297,250.2759597,52.14343649,298.4101204,68.71012035,23.02539883,
1304,,46261,,CIAT-BR15_6508,Urochloa,interespecifico,Urochloa interespecifico,Poaceae,Poales,grasses,F262985,41,100,3,2,212,0.5685,0.7907,,0.2222,257.9679117,53.72452124,298.5294605,76.32946053,25.56848507,
1305,,46261,,CIAT-BR15_6543,Urochloa,interespecifico,Urochloa interespecifico,Poaceae,Poales,grasses,F262986,41,100,3,1,213,0.5736,0.7664,,0.1928,288.0333146,59.90294471,283.6561949,90.85619491,32.03039332,
1306,,46261,,CIAT-BR15_6543,Urochloa,interespecifico,Urochloa interespecifico,Poaceae,Poales,grasses,F262986,41,100,3,2,214,0.5916,0.8063,,0.2147,266.1333146,55.34835181,283.6561949,68.95619491,24.30977928,
1307,,46261,,CIAT-BR15_6571,Urochloa,interespecifico,Urochloa interespecifico,Poaceae,Poales,grasses,F262987,41,100,3,1,215,0.5761,0.787,,0.2109,271.4491176,56.27648267,292.3998813,81.49988131,27.87274774,
1308,,46261,,CIAT-BR15_6571,Urochloa,interespecifico,Urochloa interespecifico,Poaceae,Poales,grasses,F262987,41,100,3,2,216,0.5755,0.794,,0.2185,264.0420187,54.71896922,292.5168179,74.01681788,25.30344013,
1309,,46261,,CIAT-BR15_6590,Urochloa,interespecifico,Urochloa interespecifico,Poaceae,Poales,grasses,F262988,41,100,3,1,217,0.5927,0.8005,,0.2078,275.8458656,57.03467872,281.9742274,74.1742274,26.30532162,
1310,,46261,,CIAT-BR15_6590,Urochloa,interespecifico,Urochloa interespecifico,Poaceae,Poales,grasses,F262988,41,100,3,2,218,0.5542,0.7692,,0.215,269.0326276,55.58150675,282.1997166,67.19971658,23.81282214,
1311,,46261,,CIAT-BR15_6758,Urochloa,interespecifico,Urochloa interespecifico,Poaceae,Poales,grasses,F262989,41,100,3,1,219,0.5783,0.7817,,0.2034,268.051484,56.85664232,292.7777787,89.37777867,30.52751444,
1312,,46261,,CIAT-BR15_6758,Urochloa,interespecifico,Urochloa interespecifico,Poaceae,Poales,grasses,F262989,41,100,3,2,220,0.564,0.7918,,0.2278,243.9342983,51.71010443,292.9534102,65.15341021,22.24019518,
1313,,46261,,CIAT-BR15_7006,Urochloa,interespecifico,Urochloa interespecifico,Poaceae,Poales,grasses,F262990,41,100,3,1,221,0.5685,0.7752,,0.2067,270.8793921,56.71923801,296.3610026,89.66100263,30.25398141,
1314,,46261,,CIAT-BR15_7006,Urochloa,interespecifico,Urochloa interespecifico,Poaceae,Poales,grasses,F262990,41,100,3,2,222,0.5659,0.7741,,0.2082,269.2839716,56.3964421,296.3017896,88.10178965,29.73380274,
1315,,46261,,CIAT-BR15_7316,Urochloa,interespecifico,Urochloa interespecifico,Poaceae,Poales,grasses,F262991,41,100,3,1,223,0.5941,0.8035,,0.2094,262.1107862,55.58956314,276.0276813,66.62768129,24.13804332,
1316,,46261,,CIAT-BR15_7316,Urochloa,interespecifico,Urochloa interespecifico,Poaceae,Poales,grasses,F262991,41,100,3,2,224,0.5929,0.8113,,0.2184,253.0165406,53.67154497,275.9725089,57.57250886,20.8616826,
1317,,46261,,CIAT-BR15_7318,Urochloa,interespecifico,Urochloa interespecifico,Poaceae,Poales,grasses,F262992,41,100,3,1,225,0.5722,0.7814,,0.2092,264.6197283,55.84818708,283.7297552,74.52975519,26.26786716,
1318,,46261,,CIAT-BR15_7318,Urochloa,interespecifico,Urochloa interespecifico,Poaceae,Poales,grasses,F262992,41,100,3,2,226,0.5605,0.7772,,0.2167,257.2144543,54.27444805,283.7864785,67.08647845,23.6397727,
1319,,46261,,CIAT-BR15_757,Urochloa,interespecifico,Urochloa interespecifico,Poaceae,Poales,grasses,F262993,41,100,3,1,227,0.5981,0.8138,,0.2157,256.7749439,54.34678542,276.0072403,60.30724026,21.84987618,
1320,,46261,,CIAT-BR15_757,Urochloa,interespecifico,Urochloa interespecifico,Poaceae,Poales,grasses,F262993,41,100,3,2,228,0.5485,0.7636,,0.2151,257.7528483,54.51016087,276.2280019,61.1280019,22.12954569,
1321,,46261,,CIAT-BR15_780,Urochloa,interespecifico,Urochloa interespecifico,Poaceae,Poales,grasses,F262994,41,100,3,1,229,0.5652,0.7824,,0.2172,250.443491,53.55436263,266.4276803,49.22768026,18.47693911,
1322,,46261,,CIAT-BR15_780,Urochloa,interespecifico,Urochloa interespecifico,Poaceae,Poales,grasses,F262994,41,100,3,2,230,0.5713,0.7687,,0.1974,270.0565084,57.77147254,266.3211518,68.9211518,25.8789628,
1323,,46261,,CIAT-BR15_800,Urochloa,interespecifico,Urochloa interespecifico,Poaceae,Poales,grasses,F262995,41,100,3,1,231,0.5922,0.7956,,0.2034,269.5722783,56.99536541,271.0078833,67.60788329,24.94683272,
1324,,46261,,CIAT-BR15_800,Urochloa,interespecifico,Urochloa interespecifico,Poaceae,Poales,grasses,F262995,41,100,3,2,232,0.5976,0.8109,,0.2133,259.5777217,54.89320173,270.9537034,57.65370339,21.27806436,
1325,,,,BLANK 8 H,,,BLANK 8 H,,,,BLANK 8 H,41,100,3,1,233,,,,,,,,,#DIV/0!,
1326,,,,BLANK 8 H,,,BLANK 8 H,,,,BLANK 8 H,41,100,3,2,234,,,,,,,,,#DIV/0!,
1327,,46261,,CIAT-BR15_823,Urochloa,interespecifico,Urochloa interespecifico,Poaceae,Poales,grasses,F262996,41,100,3,1,235,0.6086,0.8007,,0.1921,283.8689333,59.64022302,275.9223965,83.82239655,30.37897525,
1328,,46261,,CIAT-BR15_823,Urochloa,interespecifico,Urochloa interespecifico,Poaceae,Poales,grasses,F262996,41,100,3,2,236,0.5736,0.7607,,0.1871,288.6786219,60.67498803,275.8120717,88.71207172,32.16395539,
1329,,46261,,CIAT-BR15_8529,Urochloa,interespecifico,Urochloa interespecifico,Poaceae,Poales,grasses,F262997,41,100,3,1,237,0.5779,0.8272,,0.2493,220.4846843,46.93313589,279.3209092,30.02090921,10.74782024,
1330,,46261,,CIAT-BR15_8529,Urochloa,interespecifico,Urochloa interespecifico,Poaceae,Poales,grasses,F262997,41,100,3,2,238,0.5769,0.7956,,0.2187,250.8030388,53.41883184,279.1534506,60.45345064,21.65599261,
1331,,46261,,CIAT-BR15_8650,Urochloa,interespecifico,Urochloa interespecifico,Poaceae,Poales,grasses,F262998,41,100,3,1,239,0.5919,0.7927,,0.2008,276.6920478,57.94694364,273.471469,72.67146905,26.57369315,
1332,,46261,,CIAT-BR15_8650,Urochloa,interespecifico,Urochloa interespecifico,Poaceae,Poales,grasses,F262998,41,100,3,2,240,0.6133,0.798,,0.1847,292.6011274,61.30325503,273.3621242,88.6621242,32.43394617,
1333,,46261,,CIAT-BR15_8756,Urochloa,interespecifico,Urochloa interespecifico,Poaceae,Poales,grasses,F262999,41,100,3,1,241,0.5493,0.7515,,0.2022,272.6686634,57.4198056,272.2460596,70.04605959,25.72895259,
1334,,46261,,CIAT-BR15_8756,Urochloa,interespecifico,Urochloa interespecifico,Poaceae,Poales,grasses,F262999,41,100,3,2,242,0.5698,0.7739,,0.2041,270.6737276,57.01110063,272.1916321,68.09163215,25.01606372,
1335,,46261,,CIAT-BR15_8881,Urochloa,interespecifico,Urochloa interespecifico,Poaceae,Poales,grasses,F263000,41,100,3,1,243,0.5678,0.7906,,0.2228,248.6384623,52.74038548,291.6773223,68.87732233,23.61421923,
1336,,46261,,CIAT-BR15_8881,Urochloa,interespecifico,Urochloa interespecifico,Poaceae,Poales,grasses,F263000,41,100,3,2,244,0.5526,0.7787,,0.2261,245.15,52.02122016,291.5607214,65.46072136,22.45183132,
1337,,46261,,CIAT-BR15_8905,Urochloa,interespecifico,Urochloa interespecifico,Poaceae,Poales,grasses,F263001,41,100,3,1,245,0.5603,0.7897,,0.2294,241.5601489,51.29099552,272.4141071,43.0141071,15.78997048,
1338,,46261,,CIAT-BR15_8905,Urochloa,interespecifico,Urochloa interespecifico,Poaceae,Poales,grasses,F263001,41,100,3,2,246,0.5745,0.8078,,0.2333,237.7543409,50.47280542,272.4685899,39.16858992,14.37545147,
1339,,46261,,CIAT-BR15_8976,Urochloa,interespecifico,Urochloa interespecifico,Poaceae,Poales,grasses,F263002,41,100,3,1,247,0.5616,0.797,,0.2354,235.4514165,50.00545995,264.3899403,28.9899403,10.96484241,
1340,,46261,,CIAT-BR15_8976,Urochloa,interespecifico,Urochloa interespecifico,Poaceae,Poales,grasses,F263002,41,100,3,2,248,0.5954,0.8058,,0.2104,260.9221738,55.35962199,264.6542774,54.25427737,20.50005687,
1341,,46261,,CIAT-BR15_9125,Urochloa,interespecifico,Urochloa interespecifico,Poaceae,Poales,grasses,F263003,41,100,3,1,249,0.5688,0.7876,,0.2188,257.4153792,54.05440278,284.497831,65.69783104,23.09255955,
1342,,46261,,CIAT-BR15_9125,Urochloa,interespecifico,Urochloa interespecifico,Poaceae,Poales,grasses,F263003,41,100,3,2,250,0.5828,0.831,,0.2482,228.0153792,47.88072564,284.497831,36.29783104,12.75856161,
1343,,46261,,CIAT-BR15_9141,Urochloa,interespecifico,Urochloa interespecifico,Poaceae,Poales,grasses,F263004,41,100,3,1,251,0.5764,0.7809,,0.2045,266.1543487,56.54985435,297.1658566,92.66585655,31.18321116,
1344,,46261,,CIAT-BR15_9141,Urochloa,interespecifico,Urochloa interespecifico,Poaceae,Poales,grasses,F263004,41,100,3,2,252,0.5613,0.7713,,0.21,261.0308722,55.41693498,297.4035892,87.40358924,29.38888178,
1345,,46261,,CIAT-BR15_9142,Urochloa,interespecifico,Urochloa interespecifico,Poaceae,Poales,grasses,F263005,41,100,3,1,253,0.5862,0.7857,,0.1995,270.334042,57.53819814,287.7868255,88.28682555,30.67785517,
1346,,46261,,CIAT-BR15_9142,Urochloa,interespecifico,Urochloa interespecifico,Poaceae,Poales,grasses,F263005,41,100,3,2,254,0.5671,0.7921,,0.225,245.303876,52.15859119,288.0746124,63.07461237,21.89523466,
1347,,46261,,CIAT-BR15_972,Urochloa,interespecifico,Urochloa interespecifico,Poaceae,Poales,grasses,F263006,41,100,3,1,255,0.5867,0.7872,,0.2005,271.2284873,57.49673691,303.6334857,103.1334857,33.96643998,
1348,,46261,,CIAT-BR15_972,Urochloa,interespecifico,Urochloa interespecifico,Poaceae,Poales,grasses,F263006,41,100,3,2,256,0.5953,0.8281,,0.2328,238.45723,50.6002274,303.3301555,70.53015549,23.25194321,
1349,,46261,,CIAT-BR19_1033,Urochloa,interespecifico,Urochloa interespecifico,Poaceae,Poales,grasses,F263007,41,100,3,1,257,0.5829,0.7695,,0.1866,287.6171798,60.65094055,304.6248119,118.0248119,38.74431999,
1350,,46261,,CIAT-BR19_1033,Urochloa,interespecifico,Urochloa interespecifico,Poaceae,Poales,grasses,F263007,41,100,3,2,258,0.5872,0.8054,,0.2182,255.9223933,53.9781282,304.5639235,86.36392345,28.35658356,
1351,,46261,,CIAT-BR19_113,Urochloa,interespecifico,Urochloa interespecifico,Poaceae,Poales,grasses,F263008,41,100,3,1,259,0.5866,0.8146,,0.228,245.4209934,51.83990504,287.690961,59.69096096,20.74829211,
1352,,46261,,CIAT-BR19_113,Urochloa,interespecifico,Urochloa interespecifico,Poaceae,Poales,grasses,F263008,41,100,3,2,260,0.5538,0.7974,,0.2436,229.7263471,48.53445165,287.6334458,44.03344577,15.30887538,
1353,,46261,,CIAT-BR19_1444,Urochloa,interespecifico,Urochloa interespecifico,Poaceae,Poales,grasses,F263009,41,100,3,1,261,0.5749,0.8196,,0.2447,227.0713,48.13164769,293.4259804,48.72598036,16.60588483,
1354,,46261,,CIAT-BR19_1444,Urochloa,interespecifico,Urochloa interespecifico,Poaceae,Poales,grasses,F263009,41,100,3,2,262,0.5876,0.8246,,0.237,234.39426,49.72361352,293.1914741,56.19147408,19.16545297,
1355,,46261,,CIAT-BR19_1583,Urochloa,interespecifico,Urochloa interespecifico,Poaceae,Poales,grasses,F263010,41,100,3,1,263,0.5892,0.8162,,0.227,249.8226727,52.39320339,294.7477882,67.74778817,22.98500307,
1356,,46261,,CIAT-BR19_1583,Urochloa,interespecifico,Urochloa interespecifico,Poaceae,Poales,grasses,F263010,41,100,3,2,264,0.6004,0.7769,,0.1765,300.5133637,62.99894019,294.8656637,118.3656637,40.14223366,
1357,,46261,,CIAT-BR19_166,Urochloa,interespecifico,Urochloa interespecifico,Poaceae,Poales,grasses,F263011,41,100,3,1,265,0.5734,0.7976,,0.2242,249.78422,52.69884723,302.3395191,78.13951912,25.84495713,
1358,,46261,,CIAT-BR19_166,Urochloa,interespecifico,Urochloa interespecifico,Poaceae,Poales,grasses,F263011,41,100,3,2,266,0.5647,0.7747,,0.21,263.79474,55.67700899,302.2186558,92.21865583,30.51388591,
1359,,46261,,CIAT-BR19_1727,Urochloa,interespecifico,Urochloa interespecifico,Poaceae,Poales,grasses,F263012,41,100,3,1,267,0.5745,0.8048,,0.2303,239.7333758,51.00347935,351.0533822,120.7533822,34.39744163,
1360,,46261,,CIAT-BR19_1727,Urochloa,interespecifico,Urochloa interespecifico,Poaceae,Poales,grasses,F263012,41,100,3,2,268,0.5723,0.8251,,0.2528,217.0454752,46.19507618,350.9130451,98.11304509,27.959361,
1361,,46261,,CIAT-BR19_1783,Urochloa,interespecifico,Urochloa interespecifico,Poaceae,Poales,grasses,F263013,41,100,3,1,269,0.5572,0.741,,0.1838,282.825,60.61076882,274.8587763,91.05877629,33.12929553,
1362,,46261,,CIAT-BR19_1783,Urochloa,interespecifico,Urochloa interespecifico,Poaceae,Poales,grasses,F263013,41,100,3,2,270,0.5867,0.7908,,0.2041,262.525,56.26038039,274.8587763,70.75877629,25.74368454,
1363,,46261,,CIAT-BR19_1793,Urochloa,interespecifico,Urochloa interespecifico,Poaceae,Poales,grasses,F263014,41,100,3,1,271,0.5526,0.7857,,0.2331,233.8950427,50.08512324,292.4348552,59.33485519,20.2899395,
1364,,46261,,CIAT-BR19_1793,Urochloa,interespecifico,Urochloa interespecifico,Poaceae,Poales,grasses,F263014,41,100,3,2,272,0.5711,0.8167,,0.2456,221.3016623,47.39791699,292.3763799,46.77637991,15.99868633,
1365,,46261,,CIAT-BR19_1806,Urochloa,interespecifico,Urochloa interespecifico,Poaceae,Poales,grasses,F263015,41,100,3,1,273,0.5542,0.7727,,0.2185,253.930437,53.74980465,294.8167977,76.31679772,25.88617688,
1366,,46261,,CIAT-BR19_1806,Urochloa,interespecifico,Urochloa interespecifico,Poaceae,Poales,grasses,F263015,41,100,3,2,274,0.588,0.8136,,0.2256,246.5472053,52.21829178,294.640049,69.04004904,23.43199754,
1367,,46261,,CIAT-BR19_2001,Urochloa,interespecifico,Urochloa interespecifico,Poaceae,Poales,grasses,F263016,41,100,3,1,275,0.5503,0.7894,,0.2391,232.9999897,49.35394933,301.9949352,62.89493519,20.82648676,
1368,,46261,,CIAT-BR19_2001,Urochloa,interespecifico,Urochloa interespecifico,Poaceae,Poales,grasses,F263016,41,100,3,2,276,0.5546,0.8233,,0.2687,203.4943908,43.09546974,302.0553221,33.3553221,11.04278576,
1369,,46261,,CIAT-BR19_21,Urochloa,interespecifico,Urochloa interespecifico,Poaceae,Poales,grasses,F263017,41,100,3,1,277,0.5711,0.7977,,0.2266,243.907395,51.83922667,297.6046782,71.00467818,23.8587238,
1370,,46261,,CIAT-BR19_21,Urochloa,interespecifico,Urochloa interespecifico,Poaceae,Poales,grasses,F263017,41,100,3,2,278,0.5591,0.7695,,0.2104,260.4838009,55.31806369,297.8427619,87.44276193,29.35869966,
1371,,46261,,CIAT-BR19_2124,Urochloa,interespecifico,Urochloa interespecifico,Poaceae,Poales,grasses,F263018,41,100,3,1,279,0.5707,0.7651,,0.1944,278.9878542,58.93430761,294.4073397,100.0073397,33.96903753,
1372,,46261,,CIAT-BR19_2124,Urochloa,interespecifico,Urochloa interespecifico,Poaceae,Poales,grasses,F263018,41,100,3,2,280,0.5783,0.7649,,0.1866,286.5986504,60.56624425,294.2896709,107.6896709,36.59308551,
1373,,46261,,CIAT-BR19_2287,Urochloa,interespecifico,Urochloa interespecifico,Poaceae,Poales,grasses,F263019,41,100,3,1,281,0.5706,0.8004,,0.2298,243.2627162,51.42293144,297.0260012,67.2260012,22.6330358,
1374,,46261,,CIAT-BR19_2287,Urochloa,interespecifico,Urochloa interespecifico,Poaceae,Poales,grasses,F263019,41,100,3,2,282,0.5749,0.7868,,0.2119,261.0681604,55.19782985,296.9666316,85.06663162,28.64518184,
1375,,46261,,CIAT-BR19_231,Urochloa,interespecifico,Urochloa interespecifico,Poaceae,Poales,grasses,F263020,41,100,3,1,283,0.5737,0.8307,,0.257,216.6312769,45.73838077,302.4824277,45.48242766,15.03638675,
1376,,46261,,CIAT-BR19_231,Urochloa,interespecifico,Urochloa interespecifico,Poaceae,Poales,grasses,F263020,41,100,3,2,284,0.5515,0.7909,,0.2394,234.0419758,49.43414141,302.3615314,62.96153141,20.82326118,
1377,,46261,, CIAT 17009,Canavalia,brasiliensis,Canavalia brasiliensis,Fabaceas,Fabales,Trepadoras,F263376,41,100,3,1,285,0.5628,0.7258,,0.163,290.5796491,64.06364343,206.6378234,43.63782341,21.11802316,
1378,,46261,, CIAT 17009,Canavalia,brasiliensis,Canavalia brasiliensis,Fabaceas,Fabales,Trepadoras,F263376,41,100,3,2,286,0.5361,0.72,,0.1839,269.8610809,59.4720641,206.7204785,22.82047854,11.03929263,
1379,,46261,,CIAT 17462,Canavalia,brasiliensis,Canavalia brasiliensis,Fabaceas,Fabales,Trepadoras,F263377,41,100,3,1,287,0.5486,0.6941,,0.1455,325.7750272,69.12630808,214.699328,69.199328,32.23080791,
1380,,46261,,CIAT 17462,Canavalia,brasiliensis,Canavalia brasiliensis,Fabaceas,Fabales,Trepadoras,F263377,41,100,3,2,288,0.5557,0.7424,,0.1867,284.5750272,60.38406679,214.699328,27.999328,13.04118102,
1381,,46261,,CIAT 13953,Desmodium,velutinum,Desmodium velutinum,Fabaceas,Fabales,Arbustivas,F263378,41,100,3,1,289,0.5652,0.792,,0.2268,251.2365775,52.55593176,240.1106271,13.31062707,5.54353934,
1382,,46261,,CIAT 13953,Desmodium,velutinum,Desmodium velutinum,Fabaceas,Fabales,Arbustivas,F263378,41,100,3,2,290,0.581,0.794,,0.213,264.7499848,55.41601114,239.9666759,26.96667586,11.2376753,
1383,,46261,,CIAT 9432,Clitoria,tertanea,Clitoria tertanea,Fabaceas,Fabales,Trepadoras,F263379,41,100,3,1,291,0.5499,0.7572,,0.2073,273.6480756,56.89763396,237.4077559,30.1077559,12.68187544,
1384,,46261,,CIAT 9432,Clitoria,tertanea,Clitoria tertanea,Fabaceas,Fabales,Trepadoras,F263379,41,100,3,2,292,0.5352,0.7564,,0.2212,260.1326802,54.04425897,237.5976062,16.39760616,6.901418927,
1385,,46261,,CIAT 17768,Clitoria,tertanea,Clitoria tertanea,Fabaceas,Fabales,Trepadoras,F263380,41,100,3,1,293,0.5458,0.7133,,0.1675,313.1631674,65.15231219,227.0373664,59.53736636,26.22359804,
1386,,46261,,CIAT 17768,Clitoria,tertanea,Clitoria tertanea,Fabaceas,Fabales,Trepadoras,F263380,41,100,3,2,294,0.5659,0.7493,,0.1834,297.3592232,61.85200592,227.0827375,43.68273754,19.23648535,
1387,,46261,,CIAT 22768,Lablab,purpureus,Lablab purpureus,Fabaceas,Fabales,Trepadoras,F263381,41,100,3,1,295,0.5667,0.7084,,0.1417,331.19456,70.03560371,207.0392485,65.33924847,31.55887058,
1388,,46261,,CIAT 22768,Lablab,purpureus,Lablab purpureus,Fabaceas,Fabales,Trepadoras,F263381,41,100,3,2,296,0.5681,0.7288,,0.1607,312.1,66.01099831,206.9978489,46.2978489,22.36634301,
1389,,46261,,CIAT 22598,Lablab,purpureus,Lablab purpureus,Fabaceas,Fabales,Trepadoras,F263382,41,100,3,1,297,0.5361,0.6755,,0.1394,335.1813533,70.62674312,214.5620942,75.16209416,35.03046261,
1390,,46261,,CIAT 22598,Lablab,purpureus,Lablab purpureus,Fabaceas,Fabales,Trepadoras,F263382,41,100,3,2,298,0.5387,0.7176,,0.1789,295.9661022,62.32622224,214.6908314,35.79083142,16.67087094,
1391,,46261,,CIAT 18701,Cajanus,cajan,Cajanus cajan,Fabaceas,Fabales,Arbustivas,F263383,41,100,3,1,299,0.5577,0.8572,,0.2995,168.0019244,35.93609259,283.5110194,-15.98898059,-5.639632851,
1392,,46261,,CIAT 18701,Cajanus,cajan,Cajanus cajan,Fabaceas,Fabales,Arbustivas,F263383,41,100,3,2,300,0.5491,0.8359,,0.2868,180.5151105,38.62813473,283.3977283,-3.402271703,-1.200528926,
1393,,46261,,CIAT 20891,Cajanus,cajan,Cajanus cajan,Fabaceas,Fabales,Arbustivas,F263384,41,100,3,1,301,0.543,0.8487,,0.3057,168.744851,35.56679995,285.0326162,-20.66738382,-7.25088381,
1394,,46261,,CIAT 20891,Cajanus,cajan,Cajanus cajan,Fabaceas,Fabales,Arbustivas,F263384,41,100,3,2,302,0.5756,0.8574,,0.2818,192.7397021,40.61613838,285.0895999,3.289599909,1.153882818,
1395,,46261,,CIAT 15551,Centrosema ,molle,Centrosema molle,Fabaceas,Fabales,Trepadoras,F263385,41,100,3,1,303,0.5695,0.8599,,0.2904,185.1024593,38.92776066,295.2581298,4.858129791,1.64538392,
1396,,46261,,CIAT 15551,Centrosema ,molle,Centrosema molle,Fabaceas,Fabales,Trepadoras,F263385,41,100,3,2,304,0.5559,0.8311,,0.2752,200.2073778,42.11280412,295.19909,19.99908997,6.774780361,
1397,,46261,,CIAT 13953,Desmodium,velutinum,Desmodium velutinum,Fabaceas,Fabales,Arbustivas,F263386,41,100,3,1,305,0.5656,0.8244,,0.2588,211.1854738,44.93446831,259.2078493,0.407849288,0.157344498,
1398,,46261,,CIAT 13953,Desmodium,velutinum,Desmodium velutinum,Fabaceas,Fabales,Arbustivas,F263386,41,100,3,2,306,0.5512,0.7874,,0.2362,234.0674651,49.77326361,259.363374,23.163374,8.930857754,
1399,,46261,,CIAT 15551,Centrosema ,molle,Centrosema molle,Fabaceas,Fabales,Trepadoras,F263387,41,100,3,1,307,0.5697,0.8772,,0.3075,166.3683854,35.10856401,323.242508,15.74250795,4.870184944,
1400,,46261,,CIAT 15551,Centrosema ,molle,Centrosema molle,Fabaceas,Fabales,Trepadoras,F263387,41,100,3,2,308,0.5485,0.8751,,0.3266,147.1736496,31.0641273,323.1778853,-3.422114699,-1.058895071,
1401,,46261,,Sample 8,Cynodon, nlemfuensis ,Cynodon nlemfuensis ,Poaceae,Poales,grasses,F250008,41,100,3,1,309,0.5488,0.8291,,0.2803,188.3546792,40.19050435,356.4118835,76.11188355,21.3550353,
1402,,46261,,Sample 8,Cynodon, nlemfuensis ,Cynodon nlemfuensis ,Poaceae,Poales,grasses,F250008,41,100,3,2,310,0.5587,0.8494,,0.2907,178.1421411,37.99618794,356.5544483,65.8544483,18.46967514,
1403,,,,BLANK 24 H,,,BLANK 24 H,,,,BLANK 24 H,41,100,3,1,311,,,,,,,,,#DIV/0!,
1404,,,,BLANK 24 H,,,BLANK 24 H,,,,BLANK 24 H,41,100,3,2,312,,,,,,,,,#DIV/0!,
1405,,,,BLANK 24 H,,,BLANK 24 H,,,,BLANK 24 H,42,101,1,1,1,,,,,,,,,#DIV/0!,
1406,,,,BLANK 24 H,,,BLANK 24 H,,,,BLANK 24 H,42,101,1,2,2,,,,,,,,,#DIV/0!,
1407,,46266,,Sample 8,Cynodon,nlemfuensis,Cynodon nlemfuensis ,Poaceae,Poales,grasses,F250008,42,101,1,1,3,0.5492,0.8896,,0.3404,128.4421411,27.39560501,356.5544483,16.1544483,4.530710072,
1408,,46266,,Sample 8,Cynodon,nlemfuensis,Cynodon nlemfuensis ,Poaceae,Poales,grasses,F250008,42,101,1,2,4,0.5631,0.8957,,0.3326,136.2421411,29.05927799,356.5544483,23.9544483,6.718314248,
1409,,46266,,CIAT-BR19_2329,Urochloa,interespecifico,Urochloa interespecifico,Poaceae,Poales,grasses,F263021,42,101,1,1,5,0.5822,0.8664,,0.2842,200.0242426,41.30818431,302.7557978,18.55579779,6.1289653,
1410,,46266,,CIAT-BR19_2329,Urochloa,interespecifico,Urochloa interespecifico,Poaceae,Poales,grasses,F263021,42,101,1,2,6,0.5855,0.7988,,0.2133,271.214719,55.97656962,302.9374149,89.63741495,29.589417,
1411,,46266,,CIAT-BR19_244,Urochloa,interespecifico,Urochloa interespecifico,Poaceae,Poales,grasses,F263022,42,101,1,1,7,0.5508,0.7793,,0.2285,250.9770523,52.34391325,296.1443052,67.64430517,22.84167009,
1412,,46266,,CIAT-BR19_244,Urochloa,interespecifico,Urochloa interespecifico,Poaceae,Poales,grasses,F263022,42,101,1,2,8,0.5525,0.7403,,0.1878,291.8688431,60.84798863,296.2627629,108.4627629,36.61032586,
1413,,46266,,CIAT-BR19_247,Urochloa,interespecifico,Urochloa interespecifico,Poaceae,Poales,grasses,F263023,42,101,1,1,9,0.5824,0.8713,,0.2889,188.49088,39.48355276,288.6692115,-0.230788499,-0.079949122,
1414,,46266,,CIAT-BR19_247,Urochloa,interespecifico,Urochloa interespecifico,Poaceae,Poales,grasses,F263023,42,101,1,2,10,0.5656,0.8304,,0.2648,212.78176,44.55399637,288.784633,23.98463302,8.305370257,
1415,,46266,,CIAT-BR19_2520,Urochloa,interespecifico,Urochloa interespecifico,Poaceae,Poales,grasses,F263024,42,101,1,1,11,0.5475,0.8093,,0.2618,217.26655,45.35206017,291.5773989,29.77739889,10.21251956,
1416,,46266,,CIAT-BR19_2520,Urochloa,interespecifico,Urochloa interespecifico,Poaceae,Poales,grasses,F263024,42,101,1,2,12,0.5635,0.8244,,0.2609,218.070775,45.52903567,291.5191067,30.61910673,10.50329327,
1417,,46266,,CIAT-BR19_2632,Urochloa,interespecifico,Urochloa interespecifico,Poaceae,Poales,grasses,F263025,42,101,1,1,13,0.5808,0.8286,,0.2478,220.5777894,47.09399003,275.6661979,27.86619787,10.10867422,
1418,,46266,,CIAT-BR19_2632,Urochloa,interespecifico,Urochloa interespecifico,Poaceae,Poales,grasses,F263025,42,101,1,2,14,0.5505,0.8238,,0.2733,195.171465,41.6613347,275.7213311,2.421331105,0.878180551,
1419,,46266,,CIAT-BR19_2734,Urochloa,interespecifico,Urochloa interespecifico,Poaceae,Poales,grasses,F263026,42,101,1,1,15,0.5519,0.6628,,0.1109,368.047885,76.84507992,277.8168457,166.9168457,60.0816143,
1420,,46266,,CIAT-BR19_2734,Urochloa,interespecifico,Urochloa interespecifico,Poaceae,Poales,grasses,F263026,42,101,1,2,16,0.5484,0.7677,,0.2193,259.8394258,54.23044146,277.9279502,58.6279502,21.09465786,
1421,,46266,,CIAT-BR19_2789,Urochloa,interespecifico,Urochloa interespecifico,Poaceae,Poales,grasses,F263027,42,101,1,1,17,0.538,0.7711,,0.2331,246.0601113,51.35237794,289.3418576,56.24185762,19.43785738,
1422,,46266,,CIAT-BR19_2789,Urochloa,interespecifico,Urochloa interespecifico,Poaceae,Poales,grasses,F263027,42,101,1,2,18,0.5237,0.8122,,0.2885,190.4686004,39.76640645,289.2262134,0.72621339,0.251088372,
1423,,46266,,CIAT-BR19_2958,Urochloa,interespecifico,Urochloa interespecifico,Poaceae,Poales,grasses,F263028,42,101,1,1,19,0.551,0.785,,0.234,233.7705729,49.97547654,255.3597964,21.35979637,8.364588582,
1424,,46266,,CIAT-BR19_2958,Urochloa,interespecifico,Urochloa interespecifico,Poaceae,Poales,grasses,F263028,42,101,1,2,20,0.5881,0.8,,0.2119,255.6836516,54.68190574,255.2577545,43.35775449,16.98587163,
1425,,46266,,CIAT-BR19_300,Urochloa,interespecifico,Urochloa interespecifico,Poaceae,Poales,grasses,F263029,42,101,1,1,21,0.5741,0.8429,,0.2688,214.926637,44.43142481,290.8519556,22.0519556,7.581848832,
1426,,46266,,CIAT-BR19_300,Urochloa,interespecifico,Urochloa interespecifico,Poaceae,Poales,grasses,F263029,42,101,1,2,22,0.5863,0.8605,,0.2742,209.526637,43.31509183,290.8519556,16.6519556,5.725234188,
1427,,46266,,CIAT-BR19_3048,Urochloa,interespecifico,Urochloa interespecifico,Poaceae,Poales,grasses,F263030,42,101,1,1,23,0.5926,0.8366,,0.244,234.8696953,49.04668172,276.7149835,32.7149835,11.82262814,
1428,,46266,,CIAT-BR19_3048,Urochloa,interespecifico,Urochloa interespecifico,Poaceae,Poales,grasses,F263030,42,101,1,2,24,0.5486,0.785,,0.2364,242.7569023,50.66334245,276.8809461,40.48094611,14.62034375,
1429,,46266,,CIAT-BR19_3107,Urochloa,interespecifico,Urochloa interespecifico,Poaceae,Poales,grasses,F263031,42,101,1,1,25,0.554,0.8353,,0.2813,202.815295,41.89400688,292.1519195,10.85191947,3.714478239,
1430,,46266,,CIAT-BR19_3107,Urochloa,interespecifico,Urochloa interespecifico,Poaceae,Poales,grasses,F263031,42,101,1,2,26,0.5641,0.8535,,0.2894,194.715295,40.22085173,292.1519195,2.751919473,0.941948106,
1431,,46266,,CIAT-BR19_325,Urochloa,interespecifico,Urochloa interespecifico,Poaceae,Poales,grasses,F263032,42,101,1,1,27,0.541,0.809,,0.268,214.1844469,44.41960919,285.7794651,17.77946508,6.221393504,
1432,,46266,,CIAT-BR19_325,Urochloa,interespecifico,Urochloa interespecifico,Poaceae,Poales,grasses,F263032,42,101,1,2,28,0.5601,0.8122,,0.2521,229.9881064,47.70665431,285.7223663,33.62236628,11.76749539,
1433,,46266,,CIAT-BR19_3294,Urochloa,interespecifico,Urochloa interespecifico,Poaceae,Poales,grasses,F263033,42,101,1,1,29,0.5698,0.8231,,0.2533,227.49802,47.31675476,283.9363549,30.63635486,10.78986693,
1434,,46266,,CIAT-BR19_3294,Urochloa,interespecifico,Urochloa interespecifico,Poaceae,Poales,grasses,F263033,42,101,1,2,30,0.5417,0.8605,,0.3188,162.2864411,33.73332259,284.1066826,-34.6933174,-12.21136971,
1435,,46266,,CIAT-BR19_3334,Urochloa,interespecifico,Urochloa interespecifico,Poaceae,Poales,grasses,F263034,42,101,1,1,31,0.5521,0.8305,,0.2784,205.1666383,42.42779011,289.3326385,10.9326385,3.778570767,
1436,,46266,,CIAT-BR19_3334,Urochloa,interespecifico,Urochloa interespecifico,Poaceae,Poales,grasses,F263034,42,101,1,2,32,0.5566,0.8291,,0.2725,211.259949,43.67040914,289.4483022,16.94830215,5.855381437,
1437,,46266,,CIAT-BR19_3677,Urochloa,interespecifico,Urochloa interespecifico,Poaceae,Poales,grasses,F263035,42,101,1,1,33,0.5461,0.83,,0.2839,196.0096432,40.84303076,275.3463555,-8.553644528,-3.10650363,
1438,,46266,,CIAT-BR19_3677,Urochloa,interespecifico,Urochloa interespecifico,Poaceae,Poales,grasses,F263035,42,101,1,2,34,0.5465,0.7938,,0.2473,232.8014536,48.4900539,275.456406,28.15640597,10.22172851,
1439,,46266,,CIAT-BR19_3786,Urochloa,interespecifico,Urochloa interespecifico,Poaceae,Poales,grasses,F263036,42,101,1,1,35,0.5656,0.8033,,0.2377,245.9917357,50.85713018,269.3482814,31.64828141,11.74994741,
1440,,46266,,CIAT-BR19_3786,Urochloa,interespecifico,Urochloa interespecifico,Poaceae,Poales,grasses,F263036,42,101,1,2,36,0.5418,0.772,,0.2302,253.6850964,52.42672243,269.4559561,39.25595612,14.5685984,
1441,,46266,,CIAT-BR19_388,Urochloa,interespecifico,Urochloa interespecifico,Poaceae,Poales,grasses,F263037,42,101,1,1,37,0.5431,0.7976,,0.2545,213.5733852,45.62818394,260.6135758,6.11357584,2.34583936,
1442,,46266,,CIAT-BR19_388,Urochloa,interespecifico,Urochloa interespecifico,Poaceae,Poales,grasses,F263037,42,101,1,2,38,0.5567,0.7712,,0.2145,253.6669811,54.18301404,260.6656881,46.16568813,17.71068853,
1443,,46266,,CIAT-BR19_39,Urochloa,interespecifico,Urochloa interespecifico,Poaceae,Poales,grasses,F263038,42,101,1,1,39,0.5587,0.8188,,0.2601,210.0470053,44.67687828,282.8913599,22.79135992,8.056576889,
1444,,46266,,CIAT-BR19_39,Urochloa,interespecifico,Urochloa interespecifico,Poaceae,Poales,grasses,F263038,42,101,1,2,40,0.5547,0.7863,,0.2316,238.4529947,50.7289598,282.834793,51.23479296,18.11474198,
1445,,46266,,CIAT-BR19_3918,Urochloa,interespecifico,Urochloa interespecifico,Poaceae,Poales,grasses,F263039,42,101,1,1,41,0.5456,0.7686,,0.223,242.6128904,52.10613697,277.0599101,54.0599101,19.51199294,
1446,,46266,,CIAT-BR19_3918,Urochloa,interespecifico,Urochloa interespecifico,Poaceae,Poales,grasses,F263039,42,101,1,2,42,0.557,0.7551,,0.1981,267.4198237,57.44542125,277.0045313,78.90453134,28.4849244,
1447,,46266,,CIAT-BR19_3959,Urochloa,interespecifico,Urochloa interespecifico,Poaceae,Poales,grasses,F263040,42,101,1,1,43,0.5429,0.7697,,0.2268,241.1104196,51.52918369,284.0892151,57.28921512,20.16592397,
1448,,46266,,CIAT-BR19_3959,Urochloa,interespecifico,Urochloa interespecifico,Poaceae,Poales,grasses,F263040,42,101,1,2,44,0.5617,0.7791,,0.2174,250.2298417,53.5102381,283.9188638,66.5188638,23.42882854,
1449,,46266,,CIAT-BR19_396,Urochloa,interespecifico,Urochloa interespecifico,Poaceae,Poales,grasses,F263041,42,101,1,1,45,0.5648,0.7966,,0.2318,236.7031591,50.52327919,269.0829316,37.28293162,13.85555427,
1450,,46266,,CIAT-BR19_396,Urochloa,interespecifico,Urochloa interespecifico,Poaceae,Poales,grasses,F263041,42,101,1,2,46,0.5692,0.7897,,0.2205,248.0031591,52.93521597,269.0829316,48.58293162,18.05500309,
1451,,46266,,CIAT-BR19_405,Urochloa,interespecifico,Urochloa interespecifico,Poaceae,Poales,grasses,F263042,42,101,1,1,47,0.5472,0.7783,,0.2311,235.0283693,50.42138278,291.158002,60.05800196,20.62728881,
1452,,46266,,CIAT-BR19_405,Urochloa,interespecifico,Urochloa interespecifico,Poaceae,Poales,grasses,F263042,42,101,1,2,48,0.5611,0.7694,,0.2083,258.1080463,55.33953549,291.3326968,83.03269676,28.50098794,
1453,,46266,,CIAT-BR19_4253,Urochloa,interespecifico,Urochloa interespecifico,Poaceae,Poales,grasses,F263043,42,101,1,1,49,0.5769,0.7871,,0.2102,259.7379,55.27068577,273.5472051,63.34720508,23.15768683,
1454,,46266,,CIAT-BR19_4253,Urochloa,interespecifico,Urochloa interespecifico,Poaceae,Poales,grasses,F263043,42,101,1,2,50,0.5722,0.7904,,0.2182,251.83185,53.57761394,273.6018926,55.40189265,20.24908969,
1455,,46266,,CIAT-BR19_4423,Urochloa,interespecifico,Urochloa interespecifico,Poaceae,Poales,grasses,F263044,42,101,1,1,51,0.5903,0.7917,,0.2014,266.646765,56.97011174,274.1054056,72.70540564,26.52461577,
1456,,46266,,CIAT-BR19_4423,Urochloa,interespecifico,Urochloa interespecifico,Poaceae,Poales,grasses,F263044,42,101,1,2,52,0.549,0.7224,,0.1734,294.9275369,62.97463072,274.269836,100.869836,36.77759008,
1457,,46266,,CIAT-BR19_4439,Urochloa,interespecifico,Urochloa interespecifico,Poaceae,Poales,grasses,F263045,42,101,1,1,53,0.5756,0.7789,,0.2033,267.8148279,56.84703857,273.7463379,70.44633786,25.73416631,
1458,,46266,,CIAT-BR19_4439,Urochloa,interespecifico,Urochloa interespecifico,Poaceae,Poales,grasses,F263045,42,101,1,2,54,0.5612,0.7557,,0.1945,276.8031985,58.73144918,273.8557926,79.35579261,28.97721894,
1459,,46266,,Sample 8,,,Cynodon nlemfuensis ,Poaceae,Poales,grasses,F250008,42,101,1,1,55,0.5609,0.8538,,0.2929,176.129603,37.55191609,356.6970131,63.79701306,17.88549125,
1460,,46266,,Sample 8,,,Cynodon nlemfuensis ,Poaceae,Poales,grasses,F250008,42,101,1,2,56,0.5633,0.8258,,0.2625,206.6233339,44.04456546,356.7682954,94.26829543,26.42283427,
1461,,46266,,CIAT-BR19_4440,Urochloa,interespecifico,Urochloa interespecifico,Poaceae,Poales,grasses,F263046,42,101,1,1,57,0.5667,0.7657,,0.199,270.6658153,57.62944768,275.2478345,76.24783449,27.70152021,
1462,,46266,,CIAT-BR19_4440,Urochloa,interespecifico,Urochloa interespecifico,Poaceae,Poales,grasses,F263046,42,101,1,2,58,0.5602,0.7652,,0.205,264.4780616,56.33448785,275.1378014,70.13780137,25.49188117,
1463,,46266,,CIAT-BR19_4529,Urochloa,interespecifico,Urochloa interespecifico,Poaceae,Poales,grasses,F263047,42,101,1,1,59,0.5585,0.7664,,0.2079,265.6473453,56.09731486,279.062161,71.16216098,25.5004694,
1464,,46266,,CIAT-BR19_4529,Urochloa,interespecifico,Urochloa interespecifico,Poaceae,Poales,grasses,F263047,42,101,1,2,60,0.5573,0.7612,,0.2039,270.0261074,56.97641535,279.2853661,75.38536607,26.99223634,
1465,,46266,,CIAT-BR19_4581,Urochloa,interespecifico,Urochloa interespecifico,Poaceae,Poales,grasses,F263048,42,101,1,1,61,0.5464,0.7526,,0.2062,270.2533819,56.72189393,287.4053672,81.20536721,28.25464534,
1466,,46266,,CIAT-BR19_4581,Urochloa,interespecifico,Urochloa interespecifico,Poaceae,Poales,grasses,F263048,42,101,1,2,62,0.5397,0.7442,,0.2045,271.9533819,57.07869694,287.4053672,82.90536721,28.84614439,
1467,,46266,,CIAT-BR19_4988,Urochloa,interespecifico,Urochloa interespecifico,Poaceae,Poales,grasses,F263049,42,101,1,1,63,0.5774,0.7887,,0.2113,262.5169855,55.4047224,296.9694159,85.66941592,28.84789185,
1468,,46266,,CIAT-BR19_4988,Urochloa,interespecifico,Urochloa interespecifico,Poaceae,Poales,grasses,F263049,42,101,1,2,64,0.5662,0.7642,,0.198,276.1958875,58.24510393,297.2068965,99.20689646,33.37974241,
1469,,46266,,CIAT-BR19_5055,Urochloa,interespecifico,Urochloa interespecifico,Poaceae,Poales,grasses,F263050,42,101,1,1,65,0.5993,0.8081,,0.2088,268.2215401,56.22839171,290.6672715,81.86727154,28.1652871,
1470,,46266,,CIAT-BR19_5055,Urochloa,interespecifico,Urochloa interespecifico,Poaceae,Poales,grasses,F263050,42,101,1,2,66,0.5801,0.8085,,0.2284,248.6215401,52.11956258,290.6672715,62.26727154,21.42218187,
1471,,46266,,CIAT-BR19_5057,Urochloa,interespecifico,Urochloa interespecifico,Poaceae,Poales,grasses,F263051,42,101,1,1,67,0.5921,0.7844,,0.1923,283.7189433,59.60244804,298.2950318,105.9950318,35.53362293,
1472,,46266,,CIAT-BR19_5057,Urochloa,interespecifico,Urochloa interespecifico,Poaceae,Poales,grasses,F263051,42,101,1,2,68,0.5951,0.835,,0.2399,236.4996062,49.64311539,298.5335724,58.63357243,19.64052885,
1473,,46266,,CIAT-BR19_5178,Urochloa,interespecifico,Urochloa interespecifico,Poaceae,Poales,grasses,F263052,42,101,1,1,69,0.5869,0.7701,,0.1832,294.1284112,61.61971597,306.5162138,123.3162138,40.23154674,
1474,,46266,,CIAT-BR19_5178,Urochloa,interespecifico,Urochloa interespecifico,Poaceae,Poales,grasses,F263052,42,101,1,2,70,0.5604,0.7606,,0.2002,277.0329647,58.04983838,306.4549229,106.2549229,34.67228454,
1475,,46266,,CIAT-BR19_5273,Urochloa,interespecifico,Urochloa interespecifico,Poaceae,Poales,grasses,F263053,42,101,1,1,71,0.5687,0.7761,,0.2074,265.618334,56.1539194,295.007954,87.607954,29.69681082,
1476,,46266,,CIAT-BR19_5273,Urochloa,interespecifico,Urochloa interespecifico,Poaceae,Poales,grasses,F263053,42,101,1,2,72,0.5522,0.7575,,0.2053,267.718334,56.59787682,295.007954,89.707954,30.40865603,
1477,,46266,,CIAT-BR19_5348,Urochloa,interespecifico,Urochloa interespecifico,Poaceae,Poales,grasses,F263054,42,101,1,1,73,0.5377,0.7579,,0.2202,253.3270984,53.49790946,324.8266772,104.6266772,32.21000139,
1478,,46266,,CIAT-BR19_5348,Urochloa,interespecifico,Urochloa interespecifico,Poaceae,Poales,grasses,F263054,42,101,1,2,74,0.5345,0.7392,,0.2047,268.6378768,56.75393624,324.6968764,119.9968764,36.95658477,
1479,,46266,,CIAT-BR19_5615,Urochloa,interespecifico,Urochloa interespecifico,Poaceae,Poales,grasses,F263055,42,101,1,1,75,0.5621,0.7822,,0.2201,256.1555579,53.78531623,313.7240945,93.62409451,29.84281289,
1480,,46266,,CIAT-BR19_5615,Urochloa,interespecifico,Urochloa interespecifico,Poaceae,Poales,grasses,F263055,42,101,1,2,76,0.5679,0.754,,0.1861,290.0604019,60.91653165,313.6614124,127.5614124,40.66850666,
1481,,,,BLANK 8 H,,,BLANK 8 H,,,,BLANK 8 H,42,101,1,1,77,,,,,,,,0,#DIV/0!,
1482,,,,BLANK 8 H,,,BLANK 8 H,,,,BLANK 8 H,42,101,1,2,78,,,,,,,,0,#DIV/0!,
1483,,46266,,CIAT-BR19_5751,Urochloa,interespecifico,Urochloa interespecifico,Poaceae,Poales,grasses,F263056,42,101,1,1,79,0.5647,0.7749,,0.2102,267.1681068,55.96689494,314.5181521,114.5948435,36.43504922,
1484,,46266,,CIAT-BR19_5751,Urochloa,interespecifico,Urochloa interespecifico,Poaceae,Poales,grasses,F263056,42,101,1,2,80,0.5726,0.7787,,0.2061,271.5543559,56.85164441,314.7067498,118.6948435,37.71601454,
1485,,46266,,CIAT-BR19_5898,Urochloa,interespecifico,Urochloa interespecifico,Poaceae,Poales,grasses,F263057,42,101,1,1,81,0.5476,0.7754,,0.2278,248.8583498,52.20895635,324.7948435,83.59988768,25.73929031,
1486,,46266,,CIAT-BR19_5898,Urochloa,interespecifico,Urochloa interespecifico,Poaceae,Poales,grasses,F263057,42,101,1,2,82,0.5832,0.7847,,0.2015,275.1583498,57.72653514,324.7948435,109.8376699,33.81755349,
1487,,46266,,CIAT-BR19_6068,Urochloa,interespecifico,Urochloa interespecifico,Poaceae,Poales,grasses,F263058,42,101,1,1,83,0.5548,0.7792,,0.2244,251.3789981,52.83524474,311.3998877,84.98896981,27.29254992,
1488,,46266,,CIAT-BR19_6068,Urochloa,interespecifico,Urochloa interespecifico,Poaceae,Poales,grasses,F263058,42,101,1,2,84,0.5455,0.7392,,0.1937,281.9839373,59.27968451,311.3376699,115.3799517,37.05942544,
1489,,46266,,CIAT-BR19_6160,Urochloa,interespecifico,Urochloa interespecifico,Poaceae,Poales,grasses,F263059,42,101,1,1,85,0.5771,0.7858,,0.2087,269.3741112,56.34568049,309.3889698,123.6958188,39.98068155,
1490,,46266,,CIAT-BR19_6160,Urochloa,interespecifico,Urochloa interespecifico,Poaceae,Poales,grasses,F263059,42,101,1,2,86,0.5452,0.7615,,0.2163,261.2966101,54.71073382,309.0799517,116.0958188,37.56174354,
1491,,46266,,CIAT-BR19_6352,Urochloa,interespecifico,Urochloa interespecifico,Poaceae,Poales,grasses,F263060,42,101,1,1,87,0.5719,0.8373,,0.2654,214.0134728,44.64068804,332.3958188,50.23895677,15.11419637,
1492,,46266,,CIAT-BR19_6352,Urochloa,interespecifico,Urochloa interespecifico,Poaceae,Poales,grasses,F263060,42,101,1,2,88,0.5571,0.7726,,0.2155,263.9134728,55.04923991,332.3958188,100.3283401,30.18339416,
1493,,46266,,CIAT-BR19_6397,Urochloa,interespecifico,Urochloa interespecifico,Poaceae,Poales,grasses,F263061,42,101,1,1,89,0.5489,0.7592,,0.2103,261.3014149,55.40725847,315.6389568,113.5238998,35.96637783,
1494,,46266,,CIAT-BR19_6397,Urochloa,interespecifico,Urochloa interespecifico,Poaceae,Poales,grasses,F263061,42,101,1,2,90,0.5452,0.7437,,0.1985,273.3843757,57.93461063,315.8283401,125.1944737,39.6400379,
1495,,46266,,CIAT-BR19_6400,Urochloa,interespecifico,Urochloa interespecifico,Poaceae,Poales,grasses,F263062,42,101,1,1,91,0.5567,0.742,,0.1853,290.685392,61.07023385,323.8238998,154.767278,47.79365517,
1496,,46266,,CIAT-BR19_6400,Urochloa,interespecifico,Urochloa interespecifico,Poaceae,Poales,grasses,F263062,42,101,1,2,92,0.5728,,,-0.5728,1048.59515,220.3879443,323.6944737,913.0713184,282.07813,
1497,,46266,,CIAT-BR19_6868,Urochloa,interespecifico,Urochloa interespecifico,Poaceae,Poales,grasses,F263063,42,101,1,1,93,0.5783,0.7661,,0.1878,290.8792514,60.7670482,340.067278,135.7739682,39.92561973,
1498,,46266,,CIAT-BR19_6868,Urochloa,interespecifico,Urochloa interespecifico,Poaceae,Poales,grasses,F263063,42,101,1,2,94,0.5685,0.8124,,0.2439,235.066459,49.0778539,340.2713184,79.80339783,23.45287232,
1499,,46266,,CIAT-BR19_6984,Urochloa,interespecifico,Urochloa interespecifico,Poaceae,Poales,grasses,F263064,42,101,1,1,95,0.5736,0.8323,,0.2587,218.5318077,45.79154285,323.5739682,54.44207385,16.82523293,
1500,,46266,,CIAT-BR19_6984,Urochloa,interespecifico,Urochloa interespecifico,Poaceae,Poales,grasses,F263064,42,101,1,2,96,0.6044,0.7764,,0.172,305.4227005,63.97322544,323.7033978,141.079483,43.58294783,
1501,,46266,,CIAT-BR19_811,Urochloa,interespecifico,Urochloa interespecifico,Poaceae,Poales,grasses,F263065,42,101,1,1,97,0.5612,0.777,,0.2158,259.3161416,54.57952675,313.1420738,89.39128669,28.54655894,
1502,,46266,,CIAT-BR19_811,Urochloa,interespecifico,Urochloa interespecifico,Poaceae,Poales,grasses,F263065,42,101,1,2,98,0.5516,0.7788,,0.2272,247.8211754,52.17055328,313.079483,77.93028503,24.8915337,
1503,,46266,,CIAT-BR19_818,Urochloa,interespecifico,Urochloa interespecifico,Poaceae,Poales,grasses,F263066,42,101,1,1,99,0.5497,0.7565,,0.2068,267.8147493,56.4278185,305.1912867,108.2784938,35.47889424,
1504,,46266,,CIAT-BR19_818,Urochloa,interespecifico,Urochloa interespecifico,Poaceae,Poales,grasses,F263066,42,101,1,2,100,0.5488,0.7512,,0.2024,272.1198833,57.34636058,305.130285,112.8297013,36.9775492,
1505,,46266,,CIAT-BR19_95,Urochloa,interespecifico,Urochloa interespecifico,Poaceae,Poales,grasses,F263067,42,101,1,1,101,0.5654,0.7997,,0.2343,243.5216501,50.9649678,315.0784938,114.635343,36.38310618,
1506,,46266,,CIAT-BR19_95,Urochloa,interespecifico,Urochloa interespecifico,Poaceae,Poales,grasses,F263067,42,101,1,2,102,0.5586,0.8197,,0.2611,216.9509586,45.38239171,315.2297013,87.69582462,27.81965794,
1507,,46266,,CIAT-CIAT_16320,Urochloa,interespecifico,Urochloa interespecifico,Poaceae,Poales,grasses,F263068,42,101,1,1,103,0.5408,0.7477,,0.2069,270.6955407,56.67882499,348.935343,143.2084867,41.04155385,
1508,,46266,,CIAT-CIAT_16320,Urochloa,interespecifico,Urochloa interespecifico,Poaceae,Poales,grasses,F263068,42,101,1,2,104,0.5485,0.7716,,0.2231,254.3045788,53.26814826,348.7958246,127.0784804,36.4334867,
1509,,46266,,CIAT-CIAT_6387,Urochloa,interespecifico,Urochloa interespecifico,Poaceae,Poales,grasses,F263069,42,101,1,1,105,0.554,0.7661,,0.2121,266.94154,55.72409023,350.1084867,129.5854663,37.01294632,
1510,,46266,,CIAT-CIAT_6387,Urochloa,interespecifico,Urochloa interespecifico,Poaceae,Poales,grasses,F263069,42,101,1,2,106,0.5859,0.8288,,0.2429,236.23731,49.30472019,350.1784804,98.71717013,28.19053016,
1511,,46266,,CIAT-CIAT_6780,Urochloa,interespecifico,Urochloa interespecifico,Poaceae,Poales,grasses,F263070,42,101,1,1,107,0.5865,0.8081,,0.2216,254.8118981,53.48562853,341.6854663,94.60282233,27.68710749,
1512,,46266,,CIAT-CIAT_6780,Urochloa,interespecifico,Urochloa interespecifico,Poaceae,Poales,grasses,F263070,42,101,1,2,108,0.5822,0.825,,0.2428,233.5166729,49.0255089,341.6171701,73.46599972,21.50535926,
1513,,46266,,CIAT-GP_3207,Urochloa,interespecifico,Urochloa interespecifico,Poaceae,Poales,grasses,F263071,42,101,1,1,109,0.5627,0.7839,,0.2212,260.6851128,54.09694258,316.2028223,59.59340975,18.84657743,
1514,,46266,,CIAT-GP_3207,Urochloa,interespecifico,Urochloa interespecifico,Poaceae,Poales,grasses,F263071,42,101,1,2,110,0.5515,0.7843,,0.2328,249.1813935,51.69938028,316.2659997,48.10572711,15.21052758,
1515,,46266,,CIAT-Mavuno,Urochloa,interespecifico,Urochloa interespecifico,Poaceae,Poales,grasses,F263072,42,101,1,1,111,0.56,0.8244,,0.2644,213.4055781,44.66368495,280.7934097,23.03280129,8.202757076,
1516,,46266,,CIAT-Mavuno,Urochloa,interespecifico,Urochloa interespecifico,Poaceae,Poales,grasses,F263072,42,101,1,2,112,0.5729,0.7896,,0.2167,261.2967003,54.66495902,280.9057271,70.50303886,25.09846972,
1517,,46266,,Cayman Br02_1752_ Exp VII_ Gramíneas,Urochloa,interespecifico,Urochloa interespecifico,Poaceae,Poales,grasses,F264574,42,101,1,1,113,0.5732,0.783,,0.2098,250.4029029,54.41141317,287.4328013,152.4476379,53.0376621,
1518,,46266,,Cayman Br02_1752_ Exp VII_ Gramíneas,Urochloa,interespecifico,Urochloa interespecifico,Poaceae,Poales,grasses,F264574,42,101,1,2,114,0.5721,0.8075,,0.2354,224.4350349,48.80772839,287.2030389,126.8476379,44.16653752,
1519,,46266,,Estrella_ Exp VII_ Gramíneas,Cynodon,nlemfuensis,Cynodon nlemfuensis,Poaceae,Poales,grasses,F264575,42,101,1,1,115,0.5558,0.8457,,0.2899,178.6106946,38.12307737,362.2476379,41.7603471,11.5281213,
1520,,46266,,Estrella_ Exp VII_ Gramíneas,Cynodon,nlemfuensis,Cynodon nlemfuensis,Poaceae,Poales,grasses,F264575,42,101,1,2,116,0.5722,0.9015,,0.3293,139.2106946,29.71345077,362.2476379,2.227762509,0.614983309,
1521,,46266,,Mulato Br02_1752 _Exp VII_ Gramíneas,Urochloa,interespecifico,Urochloa interespecifico,Poaceae,Poales,grasses,F264576,42,101,1,1,117,0.5553,0.817,,0.2617,208.1189146,44.2976875,331.6603471,98.67489343,29.75179104,
1522,,46266,,Mulato Br02_1752 _Exp VII_ Gramíneas,Urochloa,interespecifico,Urochloa interespecifico,Poaceae,Poales,grasses,F264576,42,101,1,2,118,0.5629,0.8286,,0.2657,203.9310998,43.42367868,331.5277625,94.89107513,28.62236164,
1523,,46266,,Heno Estrella,Cynodon,nlemfuensis,Cynodon nlemfuensis,Poaceae,Poales,grasses,F264577,42,101,1,1,119,0.5572,0.9114,,0.3542,120.8762596,25.44354873,360.3748934,7.689761337,2.133822716,
1524,,46266,,Heno Estrella,Cynodon,nlemfuensis,Cynodon nlemfuensis,Poaceae,Poales,grasses,F264577,42,101,1,2,120,0.5439,0.8816,,0.3377,137.6612484,28.95929124,360.5910751,24.40680838,6.768555868,
1525,,46266,,Heno Estrella,Cynodon,nlemfuensis,Cynodon nlemfuensis,Poaceae,Poales,grasses,F264578,42,101,1,1,121,0.5731,0.8986,,0.3255,146.8930204,31.09551032,361.8897613,-123.2390722,-34.05431304,
1526,,46266,,Heno Estrella,Cynodon,nlemfuensis,Cynodon nlemfuensis,Poaceae,Poales,grasses,F264578,42,101,1,2,122,0.5601,0.8828,,0.3227,149.9763429,31.72918322,362.1068084,-120.4390722,-33.26064835,
1527,,46266,, CIAT 17009,Canavalia,brasiliensis,Canavalia brasiliensis,Fabaceas,Fabales,Trepadoras,F264724,42,101,1,1,123,0.5476,0.7355,,0.1879,279.8983777,59.83312278,202.2609278,12.28340757,6.073050147,
1528,,46266,, CIAT 17009,Canavalia,brasiliensis,Canavalia brasiliensis,Fabaceas,Fabales,Trepadoras,F264724,42,101,1,2,124,0.5447,0.7356,,0.1909,276.8983777,59.19182085,202.2609278,9.283407573,4.589817556,
1529,,46266,,CIAT 17462,Canavalia,brasiliensis,Canavalia brasiliensis,Fabaceas,Fabales,Trepadoras,F264725,42,101,1,1,125,0.5421,0.7047,,0.1626,310.5418858,65.63398742,200.1834076,68.6475144,34.29230985,
1530,,46266,,CIAT 17462,Canavalia,brasiliensis,Canavalia brasiliensis,Fabaceas,Fabales,Trepadoras,F264725,42,101,1,2,126,0.547,0.7263,,0.1793,293.8418858,62.1043908,200.1834076,52.03997642,25.99614876,
1531,,46266,,CIAT 13953,Desmodium,velutinum,Desmodium velutinum,Fabaceas,Fabales,Arbustivas,F264726,42,101,1,1,127,0.5361,0.7067,,0.1706,310.89626,64.56877983,231.2475144,56.66204284,24.50276838,
1532,,46266,,CIAT 13953,Desmodium,velutinum,Desmodium velutinum,Fabaceas,Fabales,Arbustivas,F264726,42,101,1,2,128,0.5746,0.7563,,0.1817,299.9887815,62.27854852,231.3399764,45.38037854,19.61631502,
1533,,46266,,CIAT 9432,Clitoria,tertanea,Clitoria tertanea,Fabaceas,Fabales,Trepadoras,F264727,42,101,1,1,129,0.5733,0.7773,,0.204,272.2367208,57.16415994,227.2620428,29.38177819,12.9285902,
1534,,46266,,CIAT 9432,Clitoria,tertanea,Clitoria tertanea,Fabaceas,Fabales,Trepadoras,F264727,42,101,1,2,130,0.5506,0.7791,,0.2285,247.3560359,51.98127527,227.0803785,4.835111169,2.129250973,
1535,,46266,,CIAT 17768,Clitoria,tertanea,Clitoria tertanea,Fabaceas,Fabales,Trepadoras,F264728,42,101,1,1,131,0.5854,0.799,,0.2136,267.925,55.64093245,233.3817782,10.49184557,4.49557187,
1536,,46266,,CIAT 17768,Clitoria,tertanea,Clitoria tertanea,Fabaceas,Fabales,Trepadoras,F264728,42,101,1,2,132,0.5647,0.7449,,0.1802,301.2287143,62.56974404,233.3351112,43.98146438,18.84905541,
1537,,46266,,CIAT 22768,Lablab,purpureus,Lablab purpureus,Fabaceas,Fabales,Trepadoras,F264729,42,101,1,1,133,0.5592,0.7129,,0.1537,319.8238471,67.54123347,224.0918456,66.19243067,29.53808092,
1538,,46266,,CIAT 22768,Lablab,purpureus,Lablab purpureus,Fabaceas,Fabales,Trepadoras,F264729,42,101,1,2,134,0.5434,0.6844,,0.141,332.7132187,70.23515612,224.1814644,78.89243067,35.19132632,
1539,,46266,,CIAT 22598,Lablab,purpureus,Lablab purpureus,Fabaceas,Fabales,Trepadoras,F264730,42,101,1,1,135,0.5638,0.7692,,0.2054,272.105741,56.98481037,219.8924307,89.35736479,40.63685344,
1540,,46266,,CIAT 22598,Lablab,purpureus,Lablab purpureus,Fabaceas,Fabales,Trepadoras,F264730,42,101,1,2,136,0.5566,0.7144,,0.1578,319.705741,66.9532769,219.8924307,136.8395325,62.23021507,
1541,,46266,,CIAT 18701,Cajanus,cajan,Cajanus cajan,Fabaceas,Fabales,Arbustivas,F264731,42,101,1,1,137,0.5595,0.8987,,0.3392,134.0378043,28.32356229,294.7573648,-56.02203161,-19.0061516,
1542,,46266,,CIAT 18701,Cajanus,cajan,Cajanus cajan,Fabaceas,Fabales,Arbustivas,F264731,42,101,1,2,138,0.5603,0.9037,,0.3434,129.6486226,27.40703945,294.6395325,-60.44839289,-20.51604969,
1543,,46266,,CIAT 20891,Cajanus,cajan,Cajanus cajan,Fabaceas,Fabales,Arbustivas,F264732,42,101,1,1,139,0.5484,0.8744,,0.326,146.5624893,31.01441452,283.1779684,-23.21747047,-8.198897183,
1544,,46266,,CIAT 20891,Cajanus,cajan,Cajanus cajan,Fabaceas,Fabales,Arbustivas,F264732,42,101,1,2,140,0.5603,0.9352,,0.3749,97.28474152,20.60310996,282.9516071,-72.11747047,-25.48756348,
1545,,46266,,CIAT 15551,Centrosema ,molle,Centrosema molle,Fabaceas,Fabales,Trepadoras,F264733,42,101,1,1,141,0.5931,0.868,,0.2749,209.7515445,43.27883546,302.7825295,-45.75648898,-15.11199773,
1546,,46266,,CIAT 15551,Centrosema ,molle,Centrosema molle,Fabaceas,Fabales,Trepadoras,F264733,42,101,1,2,142,0.5389,0.7944,,0.2555,229.1515445,47.28171139,302.7825295,-26.26484991,-8.674493191,
1547,,46266,, CIAT 17009,Canavalia,brasiliensis,Canavalia brasiliensis,Fabaceas,Fabales,Trepadoras,F264734,42,101,1,1,143,0.5566,0.7428,,0.1862,298.298385,61.56849935,229.143511,43.43548973,18.95558357,
1548,,46266,, CIAT 17009,Canavalia,brasiliensis,Canavalia brasiliensis,Fabaceas,Fabales,Trepadoras,F264734,42,101,1,2,144,0.5725,0.7971,,0.2246,260.0921456,53.6613081,229.2351501,5.127325557,2.236710014,
1549,,46266,,CIAT 17462,Canavalia,brasiliensis,Canavalia brasiliensis,Fabaceas,Fabales,Trepadoras,F264735,42,101,1,1,145,0.5502,0.7458,,0.1956,288.625,59.60555527,229.6354897,15.93328093,6.938509785,
1550,,46266,,CIAT 17462,Canavalia,brasiliensis,Canavalia brasiliensis,Fabaceas,Fabales,Trepadoras,F264735,42,101,1,2,146,0.5513,0.7578,,0.2065,277.9186513,57.37158356,229.7273256,5.075579122,2.209392857,
1551,,46266,, CIAT 17009,Canavalia,brasiliensis,Canavalia brasiliensis,Fabaceas,Fabales,Trepadoras,F264736,42,101,1,1,147,0.575,0.7453,,0.1703,304.0013146,64.0945545,211.5332809,68.30473434,32.29030158,
1552,,46266,, CIAT 17009,Canavalia,brasiliensis,Canavalia brasiliensis,Fabaceas,Fabales,Trepadoras,F264736,42,101,1,2,148,0.5589,0.7358,,0.1769,297.4961559,62.71049042,211.5755791,61.80017624,29.20950352,
1553,,46266,,CIAT 17462,Canavalia,brasiliensis,Canavalia brasiliensis,Fabaceas,Fabales,Trepadoras,F264737,42,101,1,1,149,0.5397,0.7358,,0.1961,280.4343862,58.84871991,238.6047343,160.5257307,67.27684223,
1554,,46266,,CIAT 17462,Canavalia,brasiliensis,Canavalia brasiliensis,Fabaceas,Fabales,Trepadoras,F264737,42,101,1,2,150,0.5675,0.7677,,0.2002,276.525,58.00513923,238.7001762,156.4257307,65.53230632,
1555,,46266,,Sample 8,Cynodon ,nlemfuensis ,Cynodon nlemfuensis ,Poaceae,Poales,grasses,F250008,42,101,1,1,151,0.581,0.8709,,0.2899,179.035872,38.17918029,356.6257307,-289.9,-81.28970376,
1556,,46266,,Sample 8,Cynodon ,nlemfuensis ,Cynodon nlemfuensis ,Poaceae,Poales,grasses,F250008,42,101,1,2,152,0.5806,0.8761,,0.2955,173.435872,36.98498715,356.6257307,-295.5,-82.85997744,
1557,,,,0,,,0,,,,0,42,101,1,1,0,,,,0,0,#DIV/0!,,0,#DIV/0!,
1558,,,,0,,,0,,,,0,42,101,1,2,0,,,,0,0,#DIV/0!,,0,#DIV/0!,
1559,,,,BLANK 24 H,,,BLANK 24 H,,,,BLANK 24 H,42,101,1,1,153,,,,,,,,0,#DIV/0!,
1560,,,,BLANK 24 H,,,BLANK 24 H,,,,BLANK 24 H,42,101,1,2,154,,,,,,,,0,#DIV/0!,
1561,,,,BLANK 24 H,,,BLANK 24 H,,,,BLANK 24 H,42,102,2,1,155,,,,,,,,0,#DIV/0!,
1562,,,,BLANK 24 H,,,BLANK 24 H,,,,BLANK 24 H,42,102,2,2,156,,,,,,,,0,#DIV/0!,
1563,,46268,,Sample 8,Cynodon,nlemfuensis,Cynodon nlemfuensis ,Poaceae,Poales,grasses,F250008,42,102,2,1,157,0.5678,0.8301,,0.2623,206.3546792,44.03128537,356.4118835,94.11188355,26.40537196,
1564,,46268,,Sample 8,Cynodon,nlemfuensis,Cynodon nlemfuensis ,Poaceae,Poales,grasses,F250008,42,102,2,2,158,0.5518,0.8285,,0.2767,191.9546792,40.95866055,356.4118835,79.71188355,22.36510263,
1565,,46268,,CIAT-BR19_2329,Urochloa,interespecifico,Urochloa interespecifico,Poaceae,Poales,grasses,F263021,42,102,2,1,159,0.5749,0.7599,,0.185,299.4178935,61.80983352,302.8768759,117.8768759,38.91907414,
1566,,46268,,CIAT-BR19_2329,Urochloa,interespecifico,Urochloa interespecifico,Poaceae,Poales,grasses,F263021,42,102,2,2,160,0.5378,0.7433,,0.2055,278.8210681,57.56946919,302.8163368,97.31633684,32.13708278,
1567,,46268,,CIAT-BR19_244,Urochloa,interespecifico,Urochloa interespecifico,Poaceae,Poales,grasses,F263022,42,102,2,1,161,0.5684,0.7789,,0.2105,269.0729477,56.10678188,296.203534,85.70353403,28.93400118,
1568,,46268,,CIAT-BR19_244,Urochloa,interespecifico,Urochloa interespecifico,Poaceae,Poales,grasses,F263022,42,102,2,2,162,0.5496,0.732,,0.1824,297.1729477,61.96616159,296.203534,113.803534,38.42072121,
1569,,46268,,CIAT-BR19_247,Urochloa,interespecifico,Urochloa interespecifico,Poaceae,Poales,grasses,F263023,42,102,2,1,163,0.5748,0.7853,,0.2105,266.89088,55.90615388,294.8558013,84.35580128,28.6091713,
1570,,46268,,CIAT-BR19_247,Urochloa,interespecifico,Urochloa interespecifico,Poaceae,Poales,grasses,F263023,42,102,2,2,164,0.5467,0.776,,0.2293,247.9,51.9488684,294.7379061,65.43790612,22.20206657,
1571,,46268,,CIAT-BR19_2520,Urochloa,interespecifico,Urochloa interespecifico,Poaceae,Poales,grasses,F263024,42,102,2,1,165,0.574,0.7873,,0.2133,265.9581,55.49370997,289.798284,76.49828402,26.39707971,
1572,,46268,,CIAT-BR19_2520,Urochloa,interespecifico,Urochloa interespecifico,Poaceae,Poales,grasses,F263024,42,102,2,2,166,0.5618,0.7739,,0.2121,266.96655,55.72640169,289.6824574,77.58245737,26.781897,
1573,,46268,,CIAT-BR19_2632,Urochloa,interespecifico,Urochloa interespecifico,Poaceae,Poales,grasses,F263025,42,102,2,1,167,0.546,0.7893,,0.2433,225.0777894,48.05475292,285.0718288,41.77182884,14.65308902,
1574,,46268,,CIAT-BR19_2632,Urochloa,interespecifico,Urochloa interespecifico,Poaceae,Poales,grasses,F263025,42,102,2,2,168,0.5478,0.7602,,0.2124,256.071465,54.66105924,285.1288432,72.72884321,25.50736095,
1575,,46268,,CIAT-BR19_2734,Urochloa,interespecifico,Urochloa interespecifico,Poaceae,Poales,grasses,F263026,42,102,2,1,169,0.5498,0.7814,,0.2316,247.5394258,51.663339,282.0000153,50.40001526,17.87234487,
1576,,46268,,CIAT-BR19_2734,Urochloa,interespecifico,Urochloa interespecifico,Poaceae,Poales,grasses,F263026,42,102,2,2,170,0.5297,0.7433,,0.2136,265.4436554,55.41116189,281.9436491,68.34364908,24.24018037,
1577,,46268,,CIAT-BR19_2789,Urochloa,interespecifico,Urochloa interespecifico,Poaceae,Poales,grasses,F263027,42,102,2,1,171,0.5396,0.7912,,0.2516,227.4643558,47.48096014,277.8844054,26.28440535,9.458755096,
1578,,46268,,CIAT-BR19_2789,Urochloa,interespecifico,Urochloa interespecifico,Poaceae,Poales,grasses,F263027,42,102,2,2,172,0.5634,0.7933,,0.2299,248.972845,51.99143104,277.7733182,47.87331824,17.23467126,
1579,,46268,,CIAT-BR19_2958,Urochloa,interespecifico,Urochloa interespecifico,Poaceae,Poales,grasses,F263028,42,102,2,1,173,0.5858,0.7693,,0.1835,284.1771123,60.76352783,282.4078241,98.90782414,35.0230467,
1580,,46268,,CIAT-BR19_2958,Urochloa,interespecifico,Urochloa interespecifico,Poaceae,Poales,grasses,F263028,42,102,2,2,174,0.5683,0.7606,,0.1923,275.3771123,58.88188775,282.4078241,90.10782414,31.90698573,
1581,,46268,,CIAT-BR19_300,Urochloa,interespecifico,Urochloa interespecifico,Poaceae,Poales,grasses,F263029,42,102,2,1,175,0.5593,0.7927,,0.2334,250.520089,51.76889629,264.1759498,30.77594977,11.64979242,
1582,,46268,,CIAT-BR19_300,Urochloa,interespecifico,Urochloa interespecifico,Poaceae,Poales,grasses,F263029,42,102,2,2,176,0.5706,0.7968,,0.2262,257.9135409,53.27542387,264.2815568,38.08155678,14.40946438,
1583,,46268,,CIAT-BR19_3048,Urochloa,interespecifico,Urochloa interespecifico,Poaceae,Poales,grasses,F263030,42,102,2,1,177,0.5747,0.7745,,0.1998,279.0696953,58.27675003,287.9316058,88.1316058,30.60852092,
1584,,46268,,CIAT-BR19_3048,Urochloa,interespecifico,Urochloa interespecifico,Poaceae,Poales,grasses,F263030,42,102,2,2,178,0.5656,0.7737,,0.2081,271.0569023,56.56954976,288.1042957,80.00429569,27.76921305,
1585,,46268,,CIAT-BR19_3107,Urochloa,interespecifico,Urochloa interespecifico,Poaceae,Poales,grasses,F263031,42,102,2,1,179,0.5613,0.7717,,0.2104,273.908825,56.55664544,279.8579861,69.45798607,24.81901161,
1586,,46268,,CIAT-BR19_3107,Urochloa,interespecifico,Urochloa interespecifico,Poaceae,Poales,grasses,F263031,42,102,2,2,180,0.5501,0.768,,0.2179,266.50559,55.01703438,279.9139017,62.01390175,22.15463446,
1587,,46268,,CIAT-BR19_325,Urochloa,interespecifico,Urochloa interespecifico,Poaceae,Poales,grasses,F263032,42,102,2,1,181,0.5328,0.7605,,0.2277,254.1954253,52.74908454,290.8122816,63.11228156,21.70206885,
1588,,46268,,CIAT-BR19_325,Urochloa,interespecifico,Urochloa interespecifico,Poaceae,Poales,grasses,F263032,42,102,2,2,182,0.5444,0.7845,,0.2401,241.6027442,50.15598252,290.6960032,50.59600316,17.40512515,
1589,,46268,,CIAT-BR19_3294,Urochloa,interespecifico,Urochloa interespecifico,Poaceae,Poales,grasses,F263033,42,102,2,1,183,0.5704,0.7972,,0.2268,254.4787219,52.87553975,285.242663,58.44266299,20.48875241,
1590,,46268,,CIAT-BR19_3294,Urochloa,interespecifico,Urochloa interespecifico,Poaceae,Poales,grasses,F263033,42,102,2,2,184,0.544,0.7849,,0.2409,240.2825815,49.93584364,285.1856828,44.28568283,15.52871883,
1591,,46268,,CIAT-BR19_3334,Urochloa,interespecifico,Urochloa interespecifico,Poaceae,Poales,grasses,F263034,42,102,2,1,185,0.5704,0.7948,,0.2244,259.1666383,53.59481358,285.5713687,61.17136866,21.42069387,
1592,,46268,,CIAT-BR19_3334,Urochloa,interespecifico,Urochloa interespecifico,Poaceae,Poales,grasses,F263034,42,102,2,2,186,0.555,0.7893,,0.2343,249.3632937,51.55720869,285.6284487,51.32844868,17.97035587,
1593,,46268,,CIAT-BR19_3677,Urochloa,interespecifico,Urochloa interespecifico,Poaceae,Poales,grasses,F263035,42,102,2,1,187,0.549,0.7701,,0.2211,258.6178328,53.91040631,287.029781,65.929781,22.96966565,
1594,,46268,,CIAT-BR19_3677,Urochloa,interespecifico,Urochloa interespecifico,Poaceae,Poales,grasses,F263035,42,102,2,2,188,0.5697,0.7757,,0.206,273.7178328,57.05809,287.029781,81.029781,28.23044379,
1595,,46268,,CIAT-BR19_3786,Urochloa,interespecifico,Urochloa interespecifico,Poaceae,Poales,grasses,F263036,42,102,2,1,189,0.5592,0.7746,,0.2154,268.2917357,55.46750459,277.5163168,62.11631682,22.38294221,
1596,,46268,,CIAT-BR19_3786,Urochloa,interespecifico,Urochloa interespecifico,Poaceae,Poales,grasses,F263036,42,102,2,2,190,0.5495,0.7538,,0.2043,279.198375,57.74546295,277.4053769,73.10537686,26.353266,
1597,,46268,,CIAT-BR19_388,Urochloa,interespecifico,Urochloa interespecifico,Poaceae,Poales,grasses,F263037,42,102,2,1,191,0.5555,0.7511,,0.1956,272.754173,58.23673381,260.8074157,65.20741574,25.00213253,
1598,,46268,,CIAT-BR19_388,Urochloa,interespecifico,Urochloa interespecifico,Poaceae,Poales,grasses,F263037,42,102,2,2,192,0.569,0.7751,,0.2061,261.9733852,55.96844287,260.6510564,54.55105638,20.92876858,
1599,,46268,,CIAT-BR19_39,Urochloa,interespecifico,Urochloa interespecifico,Poaceae,Poales,grasses,F263038,42,102,2,1,193,0.5512,0.7674,,0.2162,253.9470053,54.01438325,261.7681246,45.56812463,17.40782026,
1600,,46268,,CIAT-BR19_39,Urochloa,interespecifico,Urochloa interespecifico,Poaceae,Poales,grasses,F263038,42,102,2,2,194,0.5613,0.7704,,0.2091,261.0470053,55.52454921,261.7681246,52.66812463,20.12014438,
1601,,46268,,CIAT-BR19_3918,Urochloa,interespecifico,Urochloa interespecifico,Poaceae,Poales,grasses,F263039,42,102,2,1,195,0.5887,0.7996,,0.2109,254.8059572,54.71391406,280.2191444,69.31914437,24.73747628,
1602,,46268,,CIAT-BR19_3918,Urochloa,interespecifico,Urochloa interespecifico,Poaceae,Poales,grasses,F263039,42,102,2,2,196,0.557,0.7728,,0.2158,249.626757,53.63395061,280.0511473,64.25114728,22.94264741,
1603,,46268,,CIAT-BR19_3959,Urochloa,interespecifico,Urochloa interespecifico,Poaceae,Poales,grasses,F263040,42,102,2,1,197,0.5526,0.7587,,0.2061,261.5298417,55.92667926,278.2600838,72.16008376,25.93260334,
1604,,46268,,CIAT-BR19_3959,Urochloa,interespecifico,Urochloa interespecifico,Poaceae,Poales,grasses,F263040,42,102,2,2,198,0.5649,0.7898,,0.2249,242.9168936,51.92563521,278.3713878,53.4713878,19.2086508,
1605,,46268,,CIAT-BR19_396,Urochloa,interespecifico,Urochloa interespecifico,Poaceae,Poales,grasses,F263041,42,102,2,1,199,0.5729,0.7784,,0.2055,263.0968409,56.14567107,284.505972,79.00597203,27.76953027,
1606,,46268,,CIAT-BR19_396,Urochloa,interespecifico,Urochloa interespecifico,Poaceae,Poales,grasses,F263041,42,102,2,2,200,0.5687,0.7876,,0.2189,249.5094772,53.26738448,284.3922151,65.49221515,23.02883541,
1607,,46268,,CIAT-BR19_405,Urochloa,interespecifico,Urochloa interespecifico,Poaceae,Poales,grasses,F263042,42,102,2,1,201,0.5888,0.7995,,0.2107,255.6148207,54.81593322,267.8260681,57.12606815,21.32953993,
1608,,46268,,CIAT-BR19_405,Urochloa,interespecifico,Urochloa interespecifico,Poaceae,Poales,grasses,F263042,42,102,2,2,202,0.5611,0.76,,0.1989,267.321595,57.3378835,267.7725244,68.87252435,25.72053444,
1609,,46268,,CIAT-BR19_4253,Urochloa,interespecifico,Urochloa interespecifico,Poaceae,Poales,grasses,F263043,42,102,2,1,203,0.5709,0.7813,,0.2104,259.5379,55.22812695,293.5375511,83.13755106,28.32262883,
1610,,46268,,CIAT-BR19_4253,Urochloa,interespecifico,Urochloa interespecifico,Poaceae,Poales,grasses,F263043,42,102,2,2,204,0.5636,0.751,,0.1874,282.5379,60.12239064,293.5375511,106.1375511,36.1580829,
1611,,46268,,CIAT-BR19_4423,Urochloa,interespecifico,Urochloa interespecifico,Poaceae,Poales,grasses,F263044,42,102,2,1,205,0.5833,0.7578,,0.1745,293.4531744,62.70994417,272.3919117,97.89191169,35.93789224,
1612,,46268,,CIAT-BR19_4423,Urochloa,interespecifico,Urochloa interespecifico,Poaceae,Poales,grasses,F263044,42,102,2,2,206,0.5517,0.7604,,0.2087,259.5339463,55.42826366,272.5553468,63.85534684,23.42839632,
1613,,46268,,CIAT-BR19_4439,Urochloa,interespecifico,Urochloa interespecifico,Poaceae,Poales,grasses,F263045,42,102,2,1,207,0.5359,0.7501,,0.2142,257.0090132,54.54246545,275.9573345,61.75733455,22.37930536,
1614,,46268,,CIAT-BR19_4439,Urochloa,interespecifico,Urochloa interespecifico,Poaceae,Poales,grasses,F263045,42,102,2,2,208,0.5773,0.8014,,0.2241,247.0148279,52.43197906,275.9021762,51.80217618,18.77555911,
1615,,46268,,Sample 8,Cynodon ,nlemfuensis ,Cynodon nlemfuensis ,Poaceae,Poales,grasses,F250008,42,102,2,1,209,0.5802,0.8594,,0.2792,189.5484102,40.43713132,272.3713054,-6.828694641,-2.507127038,
1616,,46268,,Sample 8,Cynodon ,nlemfuensis ,Cynodon nlemfuensis ,Poaceae,Poales,grasses,F250008,42,102,2,2,210,0.5598,0.8538,,0.294,174.935872,37.30486032,272.4802321,-21.5197679,-7.897735457,
1617,,46268,,CIAT-BR19_4440,Urochloa,interespecifico,Urochloa interespecifico,Poaceae,Poales,grasses,F263046,42,102,2,1,211,0.5865,0.8237,,0.2372,232.5596921,49.50609769,357.2522458,120.0522458,33.60433622,
1618,,46268,,CIAT-BR19_4440,Urochloa,interespecifico,Urochloa interespecifico,Poaceae,Poales,grasses,F263046,42,102,2,2,212,0.5666,0.7864,,0.2198,249.6780616,53.18205088,357.0380658,137.2380658,38.43793673,
1619,,46268,,CIAT-BR19_4529,Urochloa,interespecifico,Urochloa interespecifico,Poaceae,Poales,grasses,F263047,42,102,2,1,213,0.5878,0.8011,,0.2133,260.4367263,54.97499177,277.6335935,64.33359351,23.17212146,
1620,,46268,,CIAT-BR19_4529,Urochloa,interespecifico,Urochloa interespecifico,Poaceae,Poales,grasses,F263047,42,102,2,2,214,0.5816,0.8205,,0.2389,234.5526547,49.54088912,277.4671132,38.56711324,13.89970609,
1621,,46268,,CIAT-BR19_4581,Urochloa,interespecifico,Urochloa interespecifico,Poaceae,Poales,grasses,F263048,42,102,2,1,215,0.5811,0.8092,,0.2281,247.8774045,52.07755708,280.4941985,52.39419854,18.67924499,
1622,,46268,,CIAT-BR19_4581,Urochloa,interespecifico,Urochloa interespecifico,Poaceae,Poales,grasses,F263048,42,102,2,2,216,0.5656,0.7631,,0.1975,278.6677955,58.52302447,280.6063962,83.10639622,29.61671485,
1623,,46268,,CIAT-BR19_4988,Urochloa,interespecifico,Urochloa interespecifico,Poaceae,Poales,grasses,F263049,42,102,2,1,217,0.5562,0.7883,,0.2321,242.001162,51.04420352,285.9864653,53.88646528,18.84231312,
1624,,46268,,CIAT-BR19_4988,Urochloa,interespecifico,Urochloa interespecifico,Poaceae,Poales,grasses,F263049,42,102,2,2,218,0.563,0.7679,,0.2049,268.7275345,56.73815708,285.7007645,80.80076451,28.28160598,
1625,,46268,,CIAT-BR19_5055,Urochloa,interespecifico,Urochloa interespecifico,Poaceae,Poales,grasses,F263050,42,102,2,1,219,0.5753,0.7893,,0.214,263.2123106,55.15622811,299.097469,85.09746902,28.45141729,
1626,,46268,,CIAT-BR19_5055,Urochloa,interespecifico,Urochloa interespecifico,Poaceae,Poales,grasses,F263050,42,102,2,2,220,0.5954,0.807,,0.2116,265.8984663,55.68572154,299.2768199,87.67681989,29.29622813,
1627,,46268,,CIAT-BR19_5057,Urochloa,interespecifico,Urochloa interespecifico,Poaceae,Poales,grasses,F263051,42,102,2,1,221,0.5409,0.7508,,0.2099,266.4044405,55.93154669,290.2303156,80.33031562,27.67812709,
1628,,46268,,CIAT-BR19_5057,Urochloa,interespecifico,Urochloa interespecifico,Poaceae,Poales,grasses,F263051,42,102,2,2,222,0.54,0.7369,,0.1969,279.0237776,58.62782881,289.9983633,93.09836332,32.10306508,
1629,,46268,,CIAT-BR19_5178,Urochloa,interespecifico,Urochloa interespecifico,Poaceae,Poales,grasses,F263052,42,102,2,1,223,0.5541,0.7597,,0.2056,271.7284112,56.92693015,299.1156037,93.51560372,31.26403389,
1630,,46268,,CIAT-BR19_5178,Urochloa,interespecifico,Urochloa interespecifico,Poaceae,Poales,grasses,F263052,42,102,2,2,224,0.5372,0.7656,,0.2284,249.214751,52.17903142,299.2950372,70.8950372,23.68734138,
1631,,46268,,CIAT-BR19_5273,Urochloa,interespecifico,Urochloa interespecifico,Poaceae,Poales,grasses,F263053,42,102,2,1,225,0.5544,0.7802,,0.2258,246.6513924,52.20672356,303.3844385,77.58443846,25.57297891,
1632,,46268,,CIAT-BR19_5273,Urochloa,interespecifico,Urochloa interespecifico,Poaceae,Poales,grasses,F263053,42,102,2,2,226,0.5917,0.839,,0.2473,225.3403729,47.67692009,303.5057922,56.20579224,18.51885324,
1633,,46268,,CIAT-BR19_5348,Urochloa,interespecifico,Urochloa interespecifico,Poaceae,Poales,grasses,F263054,42,102,2,1,227,0.5405,0.7339,,0.1934,280.0324876,59.14940248,295.2662497,101.8662497,34.4997946,
1634,,46268,,CIAT-BR19_5348,Urochloa,interespecifico,Urochloa interespecifico,Poaceae,Poales,grasses,F263054,42,102,2,2,228,0.5526,0.7874,,0.2348,238.3486551,50.37500425,295.0892315,60.28923153,20.43084772,
1635,,46268,,CIAT-BR19_5615,Urochloa,interespecifico,Urochloa interespecifico,Poaceae,Poales,grasses,F263055,42,102,2,1,229,0.5456,0.7453,,0.1997,276.27009,58.04358211,326.5025029,126.8025029,38.83660975,
1636,,46268,,CIAT-BR19_5615,Urochloa,interespecifico,Urochloa interespecifico,Poaceae,Poales,grasses,F263055,42,102,2,2,230,0.5636,0.777,,0.2134,262.474934,55.15628483,326.4372285,113.0372285,34.62755428,
1637,,,,BLANK 8 H,,,BLANK 8 H,,,,BLANK 8 H,42,102,2,1,231,,,,,,,,,#DIV/0!,
1638,,,,BLANK 8 H,,,BLANK 8 H,,,,BLANK 8 H,42,102,2,2,232,,,,,,,,,#DIV/0!,
1639,,46268,,CIAT-BR19_5751,Urochloa,interespecifico,Urochloa interespecifico,Poaceae,Poales,grasses,F263056,42,102,2,1,233,0.5446,0.7695,,0.2249,252.2772741,52.86866911,314.3924202,89.49242025,28.46519651,
1640,,46268,,CIAT-BR19_5751,Urochloa,interespecifico,Urochloa interespecifico,Poaceae,Poales,grasses,F263056,42,102,2,2,234,0.5439,0.7679,,0.224,253.4635232,53.08542137,314.581018,90.58101798,28.79417791,
1641,,46268,,CIAT-BR19_5898,Urochloa,interespecifico,Urochloa interespecifico,Poaceae,Poales,grasses,F263057,42,102,2,1,235,0.5814,0.8086,,0.2272,248.9821676,52.28716751,324.4703731,97.27037313,29.97819868,
1642,,46268,,CIAT-BR19_5898,Urochloa,interespecifico,Urochloa interespecifico,Poaceae,Poales,grasses,F263057,42,102,2,2,236,0.5733,0.8124,,0.2391,237.2726405,49.80820062,324.6001613,85.50016128,26.3401475,
1643,,46268,,CIAT-BR19_6068,Urochloa,interespecifico,Urochloa interespecifico,Poaceae,Poales,grasses,F263058,42,102,2,1,237,0.5563,0.7758,,0.2195,255.8036944,53.81899981,311.0887989,91.58879888,29.44136826,
1644,,46268,,CIAT-BR19_6068,Urochloa,interespecifico,Urochloa interespecifico,Poaceae,Poales,grasses,F263058,42,102,2,2,238,0.562,0.7688,,0.2068,268.5036944,56.49097568,311.0887989,104.2887989,33.5238039,
1645,,46268,,CIAT-BR19_6160,Urochloa,interespecifico,Urochloa interespecifico,Poaceae,Poales,grasses,F263059,42,102,2,1,239,0.5615,0.7795,,0.218,259.5966101,54.3547849,309.0799517,91.07995166,29.46808784,
1646,,46268,,CIAT-BR19_6160,Urochloa,interespecifico,Urochloa interespecifico,Poaceae,Poales,grasses,F263059,42,102,2,2,240,0.5694,0.7783,,0.2089,268.8876106,56.277644,309.2035589,100.3035589,32.43932873,
1647,,46268,,CIAT-BR19_6352,Urochloa,interespecifico,Urochloa interespecifico,Poaceae,Poales,grasses,F263060,42,102,2,1,241,0.5606,0.8236,,0.263,216.3176668,45.13033459,332.3293927,69.32939275,20.86164939,
1648,,46268,,CIAT-BR19_6352,Urochloa,interespecifico,Urochloa interespecifico,Poaceae,Poales,grasses,F263060,42,102,2,2,242,0.5595,0.7988,,0.2393,240.0176668,50.07486338,332.3293927,93.02939275,27.99312814,
1649,,46268,,CIAT-BR19_6397,Urochloa,interespecifico,Urochloa interespecifico,Poaceae,Poales,grasses,F263061,42,102,2,1,243,0.5605,0.7821,,0.2216,250.1900554,53.02995528,315.7652124,94.16521235,29.82127501,
1650,,46268,,CIAT-BR19_6397,Urochloa,interespecifico,Urochloa interespecifico,Poaceae,Poales,grasses,F263061,42,102,2,2,244,0.5334,0.7382,,0.2048,267.178696,56.60821098,315.8914679,111.0914679,35.16760635,
1651,,46268,,CIAT-BR19_6400,Urochloa,interespecifico,Urochloa interespecifico,Poaceae,Poales,grasses,F263062,42,102,2,1,245,0.5434,0.8151,,0.2717,204.190271,42.90700681,323.7591867,52.05918675,16.07960141,
1652,,46268,,CIAT-BR19_6400,Urochloa,interespecifico,Urochloa interespecifico,Poaceae,Poales,grasses,F263062,42,102,2,2,246,0.5459,0.7671,,0.2212,254.785392,53.52798558,323.8238998,102.6238998,31.69126795,
1653,,46268,,CIAT-BR19_6868,Urochloa,interespecifico,Urochloa interespecifico,Poaceae,Poales,grasses,F263063,42,102,2,1,247,0.5712,0.8006,,0.2294,249.566459,52.10520576,340.2713184,110.8713184,32.58321004,
1654,,46268,,CIAT-BR19_6868,Urochloa,interespecifico,Urochloa interespecifico,Poaceae,Poales,grasses,F263063,42,102,2,2,248,0.5948,0.8293,,0.2345,244.3707231,51.03062504,340.2033049,105.7033049,31.07062847,
1655,,46268,,CIAT-BR19_6984,Urochloa,interespecifico,Urochloa interespecifico,Poaceae,Poales,grasses,F263064,42,102,2,1,249,0.5874,0.8213,,0.2339,243.8090395,51.03714172,323.8975422,89.99754221,27.78580584,
1656,,46268,,CIAT-BR19_6984,Urochloa,interespecifico,Urochloa interespecifico,Poaceae,Poales,grasses,F263064,42,102,2,2,250,0.5631,0.8255,,0.2624,215.1181468,45.04920876,323.7681126,61.36811262,18.95434116,
1657,,46268,,CIAT-BR19_811,Urochloa,interespecifico,Urochloa interespecifico,Poaceae,Poales,grasses,F263065,42,102,2,1,251,0.5828,0.8022,,0.2194,255.6211754,53.81258534,313.079483,93.67948299,29.92194892,
1658,,46268,,CIAT-BR19_811,Urochloa,interespecifico,Urochloa interespecifico,Poaceae,Poales,grasses,F263065,42,102,2,2,252,0.5625,0.8398,,0.2773,197.7211754,41.62365503,313.079483,35.77948299,11.42824264,
1659,,46268,,CIAT-BR19_818,Urochloa,interespecifico,Urochloa interespecifico,Poaceae,Poales,grasses,F263066,42,102,2,1,253,0.5759,0.7851,,0.2092,265.3198833,55.91333317,305.130285,95.93028503,31.43912281,
1660,,46268,,CIAT-BR19_818,Urochloa,interespecifico,Urochloa interespecifico,Poaceae,Poales,grasses,F263066,42,102,2,2,254,0.571,0.7817,,0.2107,264.1044814,55.62383923,305.31329,94.61329,30.98891961,
1661,,46268,,CIAT-BR19_95,Urochloa,interespecifico,Urochloa interespecifico,Poaceae,Poales,grasses,F263067,42,102,2,1,255,0.5652,0.8192,,0.254,223.8216501,46.84209057,315.0784938,61.07849384,19.38516752,
1662,,46268,,CIAT-BR19_95,Urochloa,interespecifico,Urochloa interespecifico,Poaceae,Poales,grasses,F263067,42,102,2,2,256,0.5423,0.7826,,0.2403,237.903831,49.74946154,315.3305062,75.03050623,23.79424279,
1663,,46268,,CIAT-CIAT_16320,Urochloa,interespecifico,Urochloa interespecifico,Poaceae,Poales,grasses,F263068,42,102,2,1,257,0.5679,0.8084,,0.2405,237.0000598,49.63351416,348.8655838,108.3655838,31.06227407,
1664,,46268,,CIAT-CIAT_16320,Urochloa,interespecifico,Urochloa interespecifico,Poaceae,Poales,grasses,F263068,42,102,2,2,258,0.5997,0.8377,,0.238,239.5000598,50.1570743,348.8655838,110.8655838,31.77888245,
1665,,46268,,CIAT-CIAT_6387,Urochloa,interespecifico,Urochloa interespecifico,Poaceae,Poales,grasses,F263069,42,102,2,1,259,0.5654,0.8042,,0.2388,240.62462,50.19029269,350.3884615,111.5884615,31.84707082,
1666,,46268,,CIAT-CIAT_6387,Urochloa,interespecifico,Urochloa interespecifico,Poaceae,Poales,grasses,F263069,42,102,2,2,260,0.576,0.8165,,0.2405,238.63731,49.80562044,350.1784804,109.6784804,31.32073686,
1667,,46268,,CIAT-CIAT_6780,Urochloa,interespecifico,Urochloa interespecifico,Poaceae,Poales,grasses,F263070,42,102,2,1,261,0.5581,0.7804,,0.2223,254.1118981,53.33869685,341.6854663,119.3854663,34.94016516,
1668,,46268,,CIAT-CIAT_6780,Urochloa,interespecifico,Urochloa interespecifico,Poaceae,Poales,grasses,F263070,42,102,2,2,262,0.5854,0.8013,,0.2159,260.7975738,54.70923037,341.8903546,125.9903546,36.85109945,
1669,,46268,,CIAT-GP_3207,Urochloa,interespecifico,Urochloa interespecifico,Poaceae,Poales,grasses,F263071,42,102,2,1,263,0.5882,0.8233,,0.2351,246.3037091,51.16365006,315.8869354,80.7869354,25.57463647,
1670,,46268,,CIAT-GP_3207,Urochloa,interespecifico,Urochloa interespecifico,Poaceae,Poales,grasses,F263071,42,102,2,2,264,0.5496,0.7542,,0.2046,276.8999898,57.50778726,315.9501128,111.3501128,35.2429413,
1671,,46268,,CIAT-Mavuno,Urochloa,interespecifico,Urochloa interespecifico,Poaceae,Poales,grasses,F263072,42,102,2,1,265,0.5527,0.7555,,0.2028,275.0055781,57.55595805,280.7934097,77.99340975,27.77608271,
1672,,46268,,CIAT-Mavuno,Urochloa,interespecifico,Urochloa interespecifico,Poaceae,Poales,grasses,F263072,42,102,2,2,266,0.5725,0.8135,,0.241,236.9967003,49.58124191,280.9057271,39.90572711,14.20609239,
1673,,46268,,Cayman Br02_1752_ Exp VII_ Gramíneas,Urochloa,interespecifico,Urochloa interespecifico,Poaceae,Poales,grasses,F264574,42,102,2,1,277,0.5525,0.7486,,0.1961,263.9189689,57.37132309,287.3179201,91.21792007,31.74807894,
1674,,46268,,Cayman Br02_1752_ Exp VII_ Gramíneas,Urochloa,interespecifico,Urochloa interespecifico,Poaceae,Poales,grasses,F264574,42,102,2,2,278,0.5642,0.7785,,0.2143,245.5350349,53.39633048,287.2030389,72.90303886,25.38379787,
1675,,46268,,Estrella_ Exp VII_ Gramíneas,Cynodon,nlemfuensis,Cynodon nlemfuensis,Poaceae,Poales,grasses,F264575,42,102,2,1,269,0.5598,0.8905,,0.3307,137.6234027,29.38640305,362.1028257,31.40282574,8.672350368,
1676,,46268,,Estrella_ Exp VII_ Gramíneas,Cynodon,nlemfuensis,Cynodon nlemfuensis,Poaceae,Poales,grasses,F264575,42,102,2,2,270,0.5789,0.8867,,0.3078,160.8043405,34.31558921,362.320044,54.52004399,15.04748216,
1677,,46268,,Mulato Br02_1752 _Exp VII_ Gramíneas,Urochloa,interespecifico,Urochloa interespecifico,Poaceae,Poales,grasses,F264576,42,102,2,1,271,0.5762,0.8566,,0.2804,189.2310998,40.2935623,331.5277625,51.12776251,15.42186456,
1678,,46268,,Mulato Br02_1752 _Exp VII_ Gramíneas,Urochloa,interespecifico,Urochloa interespecifico,Poaceae,Poales,grasses,F264576,42,102,2,2,272,0.5651,0.8449,,0.2798,190.0189146,40.44513933,331.6603471,51.8603471,15.6365835,
1679,,46268,,Heno Estrella,Cynodon,nlemfuensis,Cynodon nlemfuensis,Poaceae,Poales,grasses,F264577,42,102,2,1,273,0.5484,0.8903,,0.3419,133.0812634,28.01821327,360.3028329,18.40283286,5.107601491,
1680,,46268,,Heno Estrella,Cynodon,nlemfuensis,Cynodon nlemfuensis,Poaceae,Poales,grasses,F264577,42,102,2,2,274,0.5652,0.9206,,0.3554,119.6762596,25.1909577,360.3748934,4.974893429,1.380477253,
1681,,46268,,Heno Estrella,Cynodon,nlemfuensis,Cynodon nlemfuensis,Poaceae,Poales,grasses,F264578,42,102,2,1,275,0.586,0.9125,,0.3265,145.7985796,30.87000171,361.8174123,35.31741232,9.761114618,
1682,,46268,,Heno Estrella,Cynodon,nlemfuensis,Cynodon nlemfuensis,Poaceae,Poales,grasses,F264578,42,102,2,2,276,0.5606,0.8958,,0.3352,137.1930204,29.04213536,361.8897613,26.68976134,7.375108165,
1683,,46268,, CIAT 17009,Canavalia,brasiliensis,Canavalia brasiliensis,Fabaceas,Fabales,Trepadoras,F264724,42,102,2,1,267,0.5379,0.7343,,0.1964,271.3983777,58.01610066,202.2609278,5.860927807,2.897706379,
1684,,46268,, CIAT 17009,Canavalia,brasiliensis,Canavalia brasiliensis,Fabaceas,Fabales,Trepadoras,F264724,42,102,2,2,268,0.557,0.7676,,0.2106,257.1048367,54.971601,202.2204837,-8.37951629,-4.14375247,
1685,,46268,,CIAT 17462,Canavalia,brasiliensis,Canavalia brasiliensis,Fabaceas,Fabales,Trepadoras,F264725,42,102,2,1,279,0.5813,0.7446,,0.1633,309.7472953,65.47913884,200.1433869,36.8433869,18.40849576,
1686,,46268,,CIAT 17462,Canavalia,brasiliensis,Canavalia brasiliensis,Fabaceas,Fabales,Trepadoras,F264725,42,102,2,2,280,0.5708,0.7733,,0.2025,270.4527047,57.18387949,200.1033662,-2.396633773,-1.197697879,
1687,,46268,,CIAT 13953,Desmodium,velutinum,Desmodium velutinum,Fabaceas,Fabales,Arbustivas,F264726,42,102,2,1,281,0.5559,0.8406,,0.2847,197.181303,40.91906072,231.4324384,-53.26756156,-23.016463,
1688,,46268,,CIAT 13953,Desmodium,velutinum,Desmodium velutinum,Fabaceas,Fabales,Arbustivas,F264726,42,102,2,2,282,0.5643,0.8246,,0.2603,221.3887815,45.96095861,231.3399764,-28.96002358,-12.5183827,
1689,,46268,,CIAT 9432,Clitoria,tertanea,Clitoria tertanea,Fabaceas,Fabales,Trepadoras,F264727,42,102,2,1,283,0.5643,0.8268,,0.2625,213.5463783,44.85831382,227.1712107,-35.32878931,-15.55161378,
1690,,46268,,CIAT 9432,Clitoria,tertanea,Clitoria tertanea,Fabaceas,Fabales,Trepadoras,F264727,42,102,2,2,284,0.5679,0.8081,,0.2402,236.0367208,49.56289813,227.2620428,-12.93795716,-5.692968785,
1691,,46268,,CIAT 17768,Clitoria,tertanea,Clitoria tertanea,Fabaceas,Fabales,Trepadoras,F264728,42,102,2,1,285,0.5771,0.8277,,0.2506,231.4064287,48.00899219,233.6151133,-16.9848867,-7.270457146,
1692,,46268,,CIAT 17768,Clitoria,tertanea,Clitoria tertanea,Fabaceas,Fabales,Trepadoras,F264728,42,102,2,2,286,0.5568,0.7947,,0.2379,243.7212857,50.60434266,233.4284452,-4.471554787,-1.915599782,
1693,,46268,,CIAT 22768,Lablab,purpureus,Lablab purpureus,Fabaceas,Fabales,Trepadoras,F264729,42,102,2,1,287,0.5733,0.7488,,0.1755,298.2132187,62.95226879,224.1814644,48.68146438,21.71520492,
1694,,46268,,CIAT 22768,Lablab,purpureus,Lablab purpureus,Fabaceas,Fabales,Trepadoras,F264729,42,102,2,2,288,0.5395,0.7457,,0.2062,267.4185329,56.46285234,224.136655,17.93665498,8.002553165,
1695,,46268,,CIAT 22598,Lablab,purpureus,Lablab purpureus,Fabaceas,Fabales,Trepadoras,F264730,42,102,2,1,289,0.5272,0.7125,,0.1853,292.4922444,61.21745337,220.0243661,34.72436613,15.78205484,
1696,,46268,,CIAT 22598,Lablab,purpureus,Lablab purpureus,Fabaceas,Fabales,Trepadoras,F264730,42,102,2,2,290,0.5637,0.7461,,0.1824,295.2012421,61.80914455,219.9364092,37.53640916,17.06693735,
1697,,46268,,CIAT 18701,Cajanus,cajan,Cajanus cajan,Fabaceas,Fabales,Arbustivas,F264731,42,102,2,1,291,0.5456,0.9404,,0.3948,78.15403183,16.52465706,294.5806164,-100.2193836,-34.02103804,
1698,,46268,,CIAT 18701,Cajanus,cajan,Cajanus cajan,Fabaceas,Fabales,Arbustivas,F264731,42,102,2,2,292,0.5421,0.9485,,0.4064,66.93239506,14.14067487,294.8162809,-111.5837191,-37.84856072,
1699,,46268,,CIAT 20891,Cajanus,cajan,Cajanus cajan,Fabaceas,Fabales,Arbustivas,F264732,42,102,2,1,293,0.5792,0.9543,,0.3751,97.17917847,20.57663833,283.0081974,-92.09180257,-32.54033042,
1700,,46268,,CIAT 20891,Cajanus,cajan,Cajanus cajan,Fabaceas,Fabales,Arbustivas,F264732,42,102,2,2,294,0.5607,0.9411,,0.3804,92.06805236,19.48661966,283.1213781,-97.27862193,-34.35933471,
1701,,46268,,CIAT 15551,Centrosema ,molle,Centrosema molle,Fabaceas,Fabales,Trepadoras,F264733,42,102,2,1,295,0.5802,0.9179,,0.3377,147.2422773,30.3628461,302.9641627,-34.73583728,-11.46532876,
1702,,46268,,CIAT 15551,Centrosema ,molle,Centrosema molle,Fabaceas,Fabales,Trepadoras,F264733,42,102,2,2,296,0.5609,0.8775,,0.3166,168.2453664,34.70083001,302.9036183,-13.69638168,-4.521696292,
1703,,46268,, CIAT 17009,Canavalia,brasiliensis,Canavalia brasiliensis,Fabaceas,Fabales,Trepadoras,F264734,42,102,2,1,297,0.5633,0.8241,,0.2608,224.0859062,46.21415127,229.3267892,-31.47321083,-13.72417542,
1704,,46268,, CIAT 17009,Canavalia,brasiliensis,Canavalia brasiliensis,Fabaceas,Fabales,Trepadoras,F264734,42,102,2,2,298,0.5591,0.7996,,0.2405,244.4827865,50.41061112,229.3726087,-11.12739129,-4.85122934,
1705,,46268,,CIAT 17462,Canavalia,brasiliensis,Canavalia brasiliensis,Fabaceas,Fabales,Trepadoras,F264735,42,102,2,1,299,0.5766,0.8903,,0.3137,170.8154769,35.2549062,229.7732435,-83.92675653,-36.52590496,
1706,,46268,,CIAT 17462,Canavalia,brasiliensis,Canavalia brasiliensis,Fabaceas,Fabales,Trepadoras,F264735,42,102,2,2,300,0.5426,0.771,,0.2284,255.9218256,52.84127456,229.6814076,1.281407643,0.557906561,
1707,,46268,, CIAT 17009,Canavalia,brasiliensis,Canavalia brasiliensis,Fabaceas,Fabales,Trepadoras,F264736,42,102,2,1,301,0.5831,0.782,,0.1989,275.5909972,58.08139645,211.6178773,12.71787732,6.009831248,
1708,,46268,, CIAT 17009,Canavalia,brasiliensis,Canavalia brasiliensis,Fabaceas,Fabales,Trepadoras,F264736,42,102,2,2,302,0.5555,0.7929,,0.2374,236.9961559,49.95743599,211.5755791,-25.82442088,-12.20576637,
1709,,46268,,CIAT 17462,Canavalia,brasiliensis,Canavalia brasiliensis,Fabaceas,Fabales,Trepadoras,F264737,42,102,2,1,303,0.5763,0.818,,0.2417,235.1203069,49.31004479,238.7478972,-2.952102815,-1.236493745,
1710,,46268,,CIAT 17462,Canavalia,brasiliensis,Canavalia brasiliensis,Fabaceas,Fabales,Trepadoras,F264737,42,102,2,2,304,0.5532,0.7985,,0.2453,231.5203069,48.55504339,238.7478972,-6.552102815,-2.744360429,
1711,,46268,,Sample 8,Cynodon ,nlemfuensis ,Cynodon nlemfuensis ,Poaceae,Poales,grasses,F250008,42,102,2,1,305,0.543,0.8334,,0.2904,178.4421411,38.06017537,356.5544483,66.1544483,18.55381376,
1712,,46268,,Sample 8,Cynodon ,nlemfuensis ,Cynodon nlemfuensis ,Poaceae,Poales,grasses,F250008,42,102,2,2,306,0.5662,0.8529,,0.2867,182.0484102,38.83712589,356.4831659,69.78316593,19.57544496,
1713,,,,0,,,0,,,,0,42,102,2,1,0,,,,0,0,,,,#DIV/0!,
1714,,,,0,,,0,,,,0,42,102,2,2,0,,,,0,0,,,,#DIV/0!,
1715,,,,BLANK 24 H,,,BLANK 24 H,,,,BLANK 24 H,42,102,2,1,307,,,,,,,,,#DIV/0!,
1716,,,,BLANK 24 H,,,BLANK 24 H,,,,BLANK 24 H,42,102,2,2,308,,,,,,,,,#DIV/0!,
1717,,,,BLANK 24 H,,,BLANK 24 H,,,,BLANK 24 H,42,103,3,1,1,,,,,,,,,#DIV/0!,
1718,,,,BLANK 24 H,,,BLANK 24 H,,,,BLANK 24 H,42,103,3,2,2,,,,,,,,,#DIV/0!,
1719,,46273,,Sample 8,Cynodon,nlemfuensis,Cynodon nlemfuensis ,Poaceae,Poales,grasses,F250008,42,103,3,1,3,0.5563,0.8334,,0.2771,191.6484102,40.88513284,356.4831659,79.38316593,22.26841924,
1720,,46273,,Sample 8,Cynodon,nlemfuensis,Cynodon nlemfuensis ,Poaceae,Poales,grasses,F250008,42,103,3,2,4,0.5967,0.8581,,0.2614,207.3484102,44.23447753,356.4831659,95.08316593,26.67255428,
1721,,46273,,CIAT-BR19_2329,Urochloa,interespecifico,Urochloa interespecifico,Poaceae,Poales,grasses,F263021,42,103,3,1,5,0.5558,0.762,,0.2062,278.2178935,57.43344688,302.8768759,96.67687589,31.91953021,
1722,,46273,,CIAT-BR19_2329,Urochloa,interespecifico,Urochloa interespecifico,Poaceae,Poales,grasses,F263021,42,103,3,2,6,0.5755,0.7603,,0.1848,299.4242426,61.83586369,302.7557978,117.9557978,38.9607065,
1723,,46273,,CIAT-BR19_244,Urochloa,interespecifico,Urochloa interespecifico,Poaceae,Poales,grasses,F263022,42,103,3,1,7,0.5694,0.7788,,0.2094,270.3647385,56.35360768,296.3219918,86.92199175,29.33362834,
1724,,46273,,CIAT-BR19_244,Urochloa,interespecifico,Urochloa interespecifico,Poaceae,Poales,grasses,F263022,42,103,3,2,8,0.5736,0.7864,,0.2128,266.6770523,55.61831396,296.1443052,83.34430517,28.14313958,
1725,,46273,,CIAT-BR19_247,Urochloa,interespecifico,Urochloa interespecifico,Poaceae,Poales,grasses,F263023,42,103,3,1,9,0.538,0.7993,,0.2613,216.09088,45.26497867,294.8558013,33.55580128,11.38041074,
1726,,46273,,CIAT-BR19_247,Urochloa,interespecifico,Urochloa interespecifico,Poaceae,Poales,grasses,F263023,42,103,3,2,10,0.5527,0.7907,,0.238,239.48632,50.15564006,294.9147489,56.91474887,19.29871228,
1727,,46273,,CIAT-BR19_2520,Urochloa,interespecifico,Urochloa interespecifico,Poaceae,Poales,grasses,F263024,42,103,3,1,11,0.5683,0.7714,,0.2031,276.062325,57.61352899,289.7403707,86.6403707,29.90276104,
1728,,46273,,CIAT-BR19_2520,Urochloa,interespecifico,Urochloa interespecifico,Poaceae,Poales,grasses,F263024,42,103,3,2,12,0.5697,0.8105,,0.2408,238.26655,49.73558475,289.6824574,48.88245737,16.87449693,
1729,,46273,,CIAT-BR19_2632,Urochloa,interespecifico,Urochloa interespecifico,Poaceae,Poales,grasses,F263025,42,103,3,1,13,0.5891,0.8509,,0.2618,206.5777894,44.10494991,285.0718288,23.27182884,8.163496524,
1730,,46273,,CIAT-BR19_2632,Urochloa,interespecifico,Urochloa interespecifico,Poaceae,Poales,grasses,F263025,42,103,3,2,14,0.5751,0.7955,,0.2204,248.3524917,52.98158326,285.2998863,64.8998863,22.74795379,
1731,,46273,,CIAT-BR19_2734,Urochloa,interespecifico,Urochloa interespecifico,Poaceae,Poales,grasses,F263026,42,103,3,1,15,0.5434,0.7714,,0.228,250.8521146,52.38613487,281.8309167,53.83091671,19.10042991,
1732,,46273,,CIAT-BR19_2734,Urochloa,interespecifico,Urochloa interespecifico,Poaceae,Poales,grasses,F263026,42,103,3,2,16,0.5493,0.7475,,0.1982,280.8436554,58.62590022,281.9436491,83.74364908,29.70226474,
1733,,46273,,CIAT-BR19_2789,Urochloa,interespecifico,Urochloa interespecifico,Poaceae,Poales,grasses,F263027,42,103,3,1,17,0.5372,0.7792,,0.242,236.872845,49.46466426,277.7733182,35.77331824,12.87860132,
1734,,46273,,CIAT-BR19_2789,Urochloa,interespecifico,Urochloa interespecifico,Poaceae,Poales,grasses,F263027,42,103,3,2,18,0.5846,0.8121,,0.2275,251.372845,52.49260793,277.7733182,50.27331824,18.09868513,
1735,,46273,,CIAT-BR19_2958,Urochloa,interespecifico,Urochloa interespecifico,Poaceae,Poales,grasses,F263028,42,103,3,1,19,0.5786,0.8079,,0.2293,238.4705729,50.98024261,282.4642606,53.16426056,18.82158842,
1736,,46273,,CIAT-BR19_2958,Urochloa,interespecifico,Urochloa interespecifico,Poaceae,Poales,grasses,F263028,42,103,3,2,20,0.5712,0.7545,,0.1833,284.190191,60.79062116,282.2949513,98.99495131,35.0679142,
1737,,46273,,CIAT-BR19_300,Urochloa,interespecifico,Urochloa interespecifico,Poaceae,Poales,grasses,F263029,42,103,3,1,21,0.5337,0.7768,,0.2431,240.723363,49.75439001,264.1231463,21.02314626,7.959600117,
1738,,46273,,CIAT-BR19_300,Urochloa,interespecifico,Urochloa interespecifico,Poaceae,Poales,grasses,F263029,42,103,3,2,22,0.5245,0.7718,,0.2473,236.523363,48.88630461,264.1231463,16.82314626,6.36943278,
1739,,46273,,CIAT-BR19_3048,Urochloa,interespecifico,Urochloa interespecifico,Poaceae,Poales,grasses,F263030,42,103,3,1,23,0.5452,0.7852,,0.24,238.7739597,49.87196042,287.8740425,47.8740425,16.63020468,
1740,,46273,,CIAT-BR19_3048,Urochloa,interespecifico,Urochloa interespecifico,Poaceae,Poales,grasses,F263030,42,103,3,2,24,0.5511,0.7584,,0.2073,271.4739597,56.70190581,287.8740425,80.5740425,27.9893393,
1741,,46273,,CIAT-BR19_3107,Urochloa,interespecifico,Urochloa interespecifico,Poaceae,Poales,grasses,F263031,42,103,3,1,25,0.5622,0.784,,0.2218,262.21853,54.17530812,279.690239,57.89023902,20.69798332,
1742,,46273,,CIAT-BR19_3107,Urochloa,interespecifico,Urochloa interespecifico,Poaceae,Poales,grasses,F263031,42,103,3,2,26,0.5555,0.7962,,0.2407,243.51206,50.29037484,279.8020704,39.10207038,13.97490388,
1743,,46273,,CIAT-BR19_325,Urochloa,interespecifico,Urochloa interespecifico,Poaceae,Poales,grasses,F263032,42,103,3,1,27,0.5875,0.8245,,0.237,244.7027442,50.79953293,290.6960032,53.69600316,18.47153128,
1744,,46273,,CIAT-BR19_325,Urochloa,interespecifico,Urochloa interespecifico,Poaceae,Poales,grasses,F263032,42,103,3,2,28,0.5737,0.825,,0.2513,230.6917658,47.86217985,290.8704208,39.57042076,13.60414052,
1745,,46273,,CIAT-BR19_3294,Urochloa,interespecifico,Urochloa interespecifico,Poaceae,Poales,grasses,F263033,42,103,3,1,29,0.5597,0.7785,,0.2188,262.2864411,54.51960785,285.1287027,66.32870268,23.26272383,
1746,,46273,,CIAT-BR19_3294,Urochloa,interespecifico,Urochloa interespecifico,Poaceae,Poales,grasses,F263033,42,103,3,2,30,0.5496,0.8203,,0.2707,210.0018796,43.68651102,284.9007821,14.20078205,4.984465802,
1747,,46273,,CIAT-BR19_3334,Urochloa,interespecifico,Urochloa interespecifico,Poaceae,Poales,grasses,F263034,42,103,3,1,31,0.5628,0.755,,0.1922,291.0766723,60.22982051,285.4001286,93.20012858,32.65595185,
1748,,46273,,CIAT-BR19_3334,Urochloa,interespecifico,Urochloa interespecifico,Poaceae,Poales,grasses,F263034,42,103,3,2,32,0.5586,0.7972,,0.2386,245.159949,50.67801696,285.6855287,47.08552871,16.48159391,
1749,,46273,,CIAT-BR19_3677,Urochloa,interespecifico,Urochloa interespecifico,Poaceae,Poales,grasses,F263035,42,103,3,1,33,0.5583,0.8258,,0.2675,212.2178328,44.23805377,287.029781,19.529781,6.804095704,
1750,,46273,,CIAT-BR19_3677,Urochloa,interespecifico,Urochloa interespecifico,Poaceae,Poales,grasses,F263035,42,103,3,2,34,0.5847,0.844,,0.2593,220.8014536,45.99058219,287.259313,27.95931301,9.733126741,
1751,,46273,,CIAT-BR19_3786,Urochloa,interespecifico,Urochloa interespecifico,Poaceae,Poales,grasses,F263036,42,103,3,1,35,0.5755,0.7876,,0.2121,271.398375,56.13222071,277.4053769,65.30537686,23.54149642,
1752,,46273,,CIAT-BR19_3786,Urochloa,interespecifico,Urochloa interespecifico,Poaceae,Poales,grasses,F263036,42,103,3,2,36,0.5622,0.8234,,0.2612,222.2016947,45.96626307,277.3499069,16.14990687,5.822935748,
1753,,46273,,CIAT-BR19_388,Urochloa,interespecifico,Urochloa interespecifico,Poaceae,Poales,grasses,F263037,42,103,3,1,37,0.5518,0.7759,,0.2241,243.9733852,52.12289203,260.6510564,36.55105638,14.02298417,
1754,,46273,,CIAT-BR19_388,Urochloa,interespecifico,Urochloa interespecifico,Poaceae,Poales,grasses,F263037,42,103,3,2,38,0.545,0.7724,,0.2274,240.8605771,51.43729557,260.755296,33.35529596,12.7918,
1755,,46273,,CIAT-BR19_39,Urochloa,interespecifico,Urochloa interespecifico,Poaceae,Poales,grasses,F263038,42,103,3,1,39,0.5409,0.7937,,0.2528,217.5350265,46.25107939,261.8728109,9.072810939,3.464586838,
1756,,46273,,CIAT-BR19_39,Urochloa,interespecifico,Urochloa interespecifico,Poaceae,Poales,grasses,F263038,42,103,3,2,40,0.5455,0.7875,,0.242,228.2410159,48.5370285,261.8204678,19.82046778,7.570251459,
1757,,46273,,CIAT-BR19_3918,Urochloa,interespecifico,Urochloa interespecifico,Poaceae,Poales,grasses,F263039,42,103,3,1,41,0.5676,0.7705,,0.2029,262.4336902,56.39688158,279.9951483,77.09514825,27.53445863,
1758,,46273,,CIAT-BR19_3918,Urochloa,interespecifico,Urochloa interespecifico,Poaceae,Poales,grasses,F263039,42,103,3,2,42,0.5754,0.7998,,0.2244,240.9336902,51.77654128,279.9951483,55.59514825,19.85575414,
1759,,46273,,CIAT-BR19_3959,Urochloa,interespecifico,Urochloa interespecifico,Poaceae,Poales,grasses,F263040,42,103,3,1,43,0.5811,0.8259,,0.2448,222.8298417,47.65090288,278.2600838,33.46008376,12.02475156,
1760,,46273,,CIAT-BR19_3959,Urochloa,interespecifico,Urochloa interespecifico,Poaceae,Poales,grasses,F263040,42,103,3,2,44,0.5579,0.7688,,0.2109,256.8233677,54.90924453,278.3157358,67.41573578,24.22275391,
1761,,46273,,CIAT-BR19_396,Urochloa,interespecifico,Urochloa interespecifico,Poaceae,Poales,grasses,F263041,42,103,3,1,45,0.58,0.7928,,0.2128,255.6094772,54.56966386,284.3922151,71.59221515,25.17376051,
1762,,46273,,CIAT-BR19_396,Urochloa,interespecifico,Urochloa interespecifico,Poaceae,Poales,grasses,F263041,42,103,3,2,46,0.5616,0.7873,,0.2257,242.8968409,51.83492924,284.505972,58.80597203,20.66950357,
1763,,46273,,CIAT-BR19_405,Urochloa,interespecifico,Urochloa interespecifico,Poaceae,Poales,grasses,F263042,42,103,3,1,47,0.5605,0.7703,,0.2098,256.5148207,55.00893587,267.8260681,58.02606815,21.66557891,
1764,,46273,,CIAT-BR19_405,Urochloa,interespecifico,Urochloa interespecifico,Poaceae,Poales,grasses,F263042,42,103,3,2,48,0.555,0.758,,0.203,263.3148207,56.46717818,267.8260681,64.82606815,24.20454013,
1765,,46273,,CIAT-BR19_4253,Urochloa,interespecifico,Urochloa interespecifico,Poaceae,Poales,grasses,F263043,42,103,3,1,49,0.552,0.7404,,0.1884,281.44395,59.90158009,293.478867,105.078867,35.80457703,
1766,,46273,,CIAT-BR19_4253,Urochloa,interespecifico,Urochloa interespecifico,Poaceae,Poales,grasses,F263043,42,103,3,2,50,0.5522,0.7831,,0.2309,239.0379,50.86584845,293.5375511,62.63755106,21.33885455,
1767,,46273,,CIAT-BR19_4423,Urochloa,interespecifico,Urochloa interespecifico,Poaceae,Poales,grasses,F263044,42,103,3,1,51,0.5406,0.7662,,0.2256,242.446765,51.79968822,272.4463901,46.84639007,17.19471859,
1768,,46273,,CIAT-BR19_4423,Urochloa,interespecifico,Urochloa interespecifico,Poaceae,Poales,grasses,F263044,42,103,3,2,52,0.5748,0.7591,,0.1843,283.746765,60.62359282,272.4463901,88.14639007,32.35366416,
1769,,46273,,CIAT-BR19_4439,Urochloa,interespecifico,Urochloa interespecifico,Poaceae,Poales,grasses,F263045,42,103,3,1,53,0.5741,0.7901,,0.216,255.0206426,54.14213721,275.8470178,59.84701781,21.69572768,
1770,,46273,,CIAT-BR19_4439,Urochloa,interespecifico,Urochloa interespecifico,Poaceae,Poales,grasses,F263045,42,103,3,2,54,0.5699,0.7592,,0.1893,281.9090132,59.82674467,275.9573345,86.65733455,31.40243933,
1771,,46273,,Sample 8,,,Cynodon nlemfuensis ,Poaceae,Poales,grasses,F250008,42,103,3,1,55,0.5499,0.8233,,0.2734,195.629603,41.70943619,272.5346955,-0.865304536,-0.317502524,
1772,,46273,,Sample 8,,,Cynodon nlemfuensis ,Poaceae,Poales,grasses,F250008,42,103,3,2,56,0.5424,0.81,,0.2676,201.1484102,42.91180638,272.3713054,4.771305359,1.751765059,
1773,,46273,,CIAT-BR19_4440,Urochloa,interespecifico,Urochloa interespecifico,Poaceae,Poales,grasses,F263046,42,103,3,1,57,0.5642,0.7509,,0.1867,282.8719384,60.24038391,357.1094592,170.4094592,47.71911099,
1774,,46273,,CIAT-BR19_4440,Urochloa,interespecifico,Urochloa interespecifico,Poaceae,Poales,grasses,F263046,42,103,3,2,58,0.5446,0.7329,,0.1883,281.0841847,59.8836079,356.9666725,168.6666725,47.24997752,
1775,,46273,,CIAT-BR19_4529,Urochloa,interespecifico,Urochloa interespecifico,Poaceae,Poales,grasses,F263047,42,103,3,1,59,0.5507,0.768,,0.2173,256.1526547,54.10311932,277.4671132,60.16711324,21.68441245,
1776,,46273,,CIAT-BR19_4529,Urochloa,interespecifico,Urochloa interespecifico,Poaceae,Poales,grasses,F263047,42,103,3,2,60,0.5443,0.7364,,0.1921,281.5420358,59.44194445,277.5781001,85.47810009,30.79425216,
1777,,46273,,CIAT-BR19_4581,Urochloa,interespecifico,Urochloa interespecifico,Poaceae,Poales,grasses,F263048,42,103,3,1,61,0.5448,0.7485,,0.2037,272.562991,57.22951313,280.6624951,76.96249506,27.4217241,
1778,,46273,,CIAT-BR19_4581,Urochloa,interespecifico,Urochloa interespecifico,Poaceae,Poales,grasses,F263048,42,103,3,2,62,0.5883,0.8066,,0.2183,258.2485774,54.19144861,280.8307916,62.53079158,22.26635877,
1779,,46273,,CIAT-BR19_4988,Urochloa,interespecifico,Urochloa interespecifico,Poaceae,Poales,grasses,F263049,42,103,3,1,63,0.5427,0.7583,,0.2156,258.5958875,54.53355761,286.0436054,70.44360543,24.62687649,
1780,,46273,,CIAT-BR19_4988,Urochloa,interespecifico,Urochloa interespecifico,Poaceae,Poales,grasses,F263049,42,103,3,2,64,0.5424,0.7367,,0.1943,279.5169855,58.9926056,285.8150448,91.51504482,32.01897398,
1781,,46273,,CIAT-BR19_5055,Urochloa,interespecifico,Urochloa interespecifico,Poaceae,Poales,grasses,F263050,42,103,3,1,65,0.5379,0.7294,,0.1915,285.4261549,59.84703333,298.9181181,107.4181181,35.93563308,
1782,,46273,,CIAT-BR19_5055,Urochloa,interespecifico,Urochloa interespecifico,Poaceae,Poales,grasses,F263050,42,103,3,2,66,0.5553,0.7597,,0.2044,272.6215401,57.15078192,298.9779018,94.57790177,31.63374323,
1783,,46273,,CIAT-BR19_5057,Urochloa,interespecifico,Urochloa interespecifico,Poaceae,Poales,grasses,F263051,42,103,3,1,67,0.5711,0.7644,,0.1933,282.5286119,59.37612931,289.9403752,96.64037525,33.33112029,
1784,,46273,,CIAT-BR19_5057,Urochloa,interespecifico,Urochloa interespecifico,Poaceae,Poales,grasses,F263051,42,103,3,2,68,0.5609,0.7628,,0.2019,274.2141091,57.59419934,290.1143395,88.21433947,30.40674916,
1785,,46273,,CIAT-BR19_5178,Urochloa,interespecifico,Urochloa interespecifico,Poaceae,Poales,grasses,F263052,42,103,3,1,69,0.5569,0.7315,,0.1746,302.9193044,63.43603319,299.235226,124.635226,41.65125466,
1786,,46273,,CIAT-BR19_5178,Urochloa,interespecifico,Urochloa interespecifico,Poaceae,Poales,grasses,F263052,42,103,3,2,70,0.5529,0.7304,,0.1775,300.0193044,62.8287279,299.235226,121.735226,40.68211743,
1787,,46273,,CIAT-BR19_5273,Urochloa,interespecifico,Urochloa interespecifico,Poaceae,Poales,grasses,F263053,42,103,3,1,71,0.5642,0.7578,,0.1936,279.3238438,59.06317633,303.6878229,110.0878229,36.25032504,
1788,,46273,,CIAT-BR19_5273,Urochloa,interespecifico,Urochloa interespecifico,Poaceae,Poales,grasses,F263053,42,103,3,2,72,0.5732,0.7836,,0.2104,262.618334,55.51969451,303.7484998,93.34849979,30.73216818,
1789,,46273,,CIAT-BR19_5348,Urochloa,interespecifico,Urochloa interespecifico,Poaceae,Poales,grasses,F263054,42,103,3,1,73,0.5398,0.7374,,0.1976,275.5486551,58.23722675,295.0892315,97.48923153,33.03720404,
1790,,46273,,CIAT-BR19_5348,Urochloa,interespecifico,Urochloa interespecifico,Poaceae,Poales,grasses,F263054,42,103,3,2,74,0.5523,0.7592,,0.2069,266.6270984,56.30661884,295.3252557,88.42525571,29.94165043,
1791,,46273,,CIAT-BR19_5615,Urochloa,interespecifico,Urochloa interespecifico,Poaceae,Poales,grasses,F263055,42,103,3,1,75,0.5429,0.7273,,0.1844,291.57009,61.25806981,326.5025029,142.1025029,43.52263815,
1792,,46273,,CIAT-BR19_5615,Urochloa,interespecifico,Urochloa interespecifico,Poaceae,Poales,grasses,F263055,42,103,3,2,76,0.5627,0.7446,,0.1819,294.165246,61.79095165,326.5677773,144.6677773,44.29946472,
1793,,,,BLANK 8 H,,,BLANK 8 H,,,,BLANK 8 H,42,103,3,1,77,,,,,,,,0,#DIV/0!,
1794,,,,BLANK 8 H,,,BLANK 8 H,,,,BLANK 8 H,42,103,3,2,78,,,,,,,,0,#DIV/0!,
1795,,46273,,CIAT-BR19_5751,Urochloa,interespecifico,Urochloa interespecifico,Poaceae,Poales,grasses,F263056,42,103,3,1,79,0.5384,0.7575,,0.2191,258.4589396,54.12084628,314.6438839,95.54388389,30.36572099,
1796,,46273,,CIAT-BR19_5751,Urochloa,interespecifico,Urochloa interespecifico,Poaceae,Poales,grasses,F263056,42,103,3,2,80,0.5505,0.7468,,0.1963,280.9726905,58.87047302,314.4552862,118.1552862,37.57459052,
1797,,46273,,CIAT-BR19_5898,Urochloa,interespecifico,Urochloa interespecifico,Poaceae,Poales,grasses,F263057,42,103,3,1,81,0.5323,0.7366,,0.2043,272.4535862,57.14767421,324.8597376,120.5597376,37.11132025,
1798,,46273,,CIAT-BR19_5898,Urochloa,interespecifico,Urochloa interespecifico,Poaceae,Poales,grasses,F263057,42,103,3,2,82,0.5813,0.794,,0.2127,263.9583498,55.37684379,324.7948435,112.0948435,34.51250712,
1799,,46273,,CIAT-BR19_6068,Urochloa,interespecifico,Urochloa interespecifico,Poaceae,Poales,grasses,F263058,42,103,3,1,83,0.5408,0.7437,,0.2029,272.6888766,57.33710144,311.2754522,108.3754522,34.81657529,
1800,,46273,,CIAT-BR19_6068,Urochloa,interespecifico,Urochloa interespecifico,Poaceae,Poales,grasses,F263058,42,103,3,2,84,0.5495,0.7537,,0.2042,271.3888766,57.0637561,311.2754522,107.0754522,34.39893876,
1801,,46273,,CIAT-BR19_6160,Urochloa,interespecifico,Urochloa interespecifico,Poaceae,Poales,grasses,F263059,42,103,3,1,85,0.5286,0.6927,,0.1641,313.5921103,65.6473288,309.1417553,145.0417553,46.91755572,
1802,,46273,,CIAT-BR19_6160,Urochloa,interespecifico,Urochloa interespecifico,Poaceae,Poales,grasses,F263059,42,103,3,2,86,0.5498,0.7392,,0.1894,288.1966101,60.34310211,309.0799517,119.6799517,38.72135705,
1803,,46273,,CIAT-BR19_6352,Urochloa,interespecifico,Urochloa interespecifico,Poaceae,Poales,grasses,F263060,42,103,3,1,87,0.5902,0.8131,,0.2229,256.4176668,53.49639384,332.3293927,109.4293927,32.92799106,
1804,,46273,,CIAT-BR19_6352,Urochloa,interespecifico,Urochloa interespecifico,Poaceae,Poales,grasses,F263060,42,103,3,2,88,0.5677,0.7913,,0.2236,255.9092789,53.36899413,332.4622448,108.8622448,32.74424284,
1805,,46273,,CIAT-BR19_6397,Urochloa,interespecifico,Urochloa interespecifico,Poaceae,Poales,grasses,F263061,42,103,3,1,89,0.5623,0.7387,,0.1764,295.578696,62.62543172,315.8914679,139.4914679,44.15803594,
1806,,46273,,CIAT-BR19_6397,Urochloa,interespecifico,Urochloa interespecifico,Poaceae,Poales,grasses,F263061,42,103,3,2,90,0.5565,0.7423,,0.1858,285.8014149,60.60232346,315.6389568,129.8389568,41.13527623,
1807,,46273,,CIAT-BR19_6400,Urochloa,interespecifico,Urochloa interespecifico,Poaceae,Poales,grasses,F263062,42,103,3,1,91,0.5523,0.7609,,0.2086,267.385392,56.17512564,323.8238998,115.2238998,35.58227167,
1808,,46273,,CIAT-BR19_6400,Urochloa,interespecifico,Urochloa interespecifico,Poaceae,Poales,grasses,F263062,42,103,3,2,92,0.5452,0.7409,,0.1957,279.904908,58.85240108,323.5650477,127.8650477,39.51757108,
1809,,46273,,CIAT-BR19_6868,Urochloa,interespecifico,Urochloa interespecifico,Poaceae,Poales,grasses,F263063,42,103,3,1,93,0.5432,0.7467,,0.2035,275.3707231,57.50418847,340.2033049,136.7033049,40.18282684,
1810,,46273,,CIAT-BR19_6868,Urochloa,interespecifico,Urochloa interespecifico,Poaceae,Poales,grasses,F263063,42,103,3,2,94,0.5912,0.7804,,0.1892,289.5749873,60.48248028,340.1352915,150.9352915,44.37507523,
1811,,46273,,CIAT-BR19_6984,Urochloa,interespecifico,Urochloa interespecifico,Poaceae,Poales,grasses,F263064,42,103,3,1,95,0.5393,0.7496,,0.2103,267.0272541,55.94217632,323.638683,113.338683,35.02012861,
1812,,46273,,CIAT-BR19_6984,Urochloa,interespecifico,Urochloa interespecifico,Poaceae,Poales,grasses,F263064,42,103,3,2,96,0.5379,0.7517,,0.2138,263.7181468,55.22683244,323.7681126,109.9681126,33.96508437,
1813,,46273,,CIAT-BR19_811,Urochloa,interespecifico,Urochloa interespecifico,Poaceae,Poales,grasses,F263065,42,103,3,1,97,0.5706,0.7698,,0.1992,275.7262091,58.05664203,313.0168921,113.8168921,36.36126196,
1814,,46273,,CIAT-BR19_811,Urochloa,interespecifico,Urochloa interespecifico,Poaceae,Poales,grasses,F263065,42,103,3,2,98,0.5489,0.7401,,0.1912,283.7262091,59.74111424,313.0168921,121.8168921,38.91703457,
1815,,46273,,CIAT-BR19_818,Urochloa,interespecifico,Urochloa interespecifico,Poaceae,Poales,grasses,F263066,42,103,3,1,99,0.5566,0.7531,,0.1965,277.9250172,58.5814422,305.0692834,108.5692834,35.58840214,
1816,,46273,,CIAT-BR19_818,Urochloa,interespecifico,Urochloa interespecifico,Poaceae,Poales,grasses,F263066,42,103,3,2,100,0.5518,0.6567,,0.1049,369.4301512,77.88460216,305.0082817,200.1082817,65.60749124,
1817,,46273,,CIAT-BR19_95,Urochloa,interespecifico,Urochloa interespecifico,Poaceae,Poales,grasses,F263067,42,103,3,1,101,0.5401,0.7234,,0.1833,294.7127406,61.65374174,315.2045,131.9045,41.84727693,
1818,,46273,,CIAT-BR19_95,Urochloa,interespecifico,Urochloa interespecifico,Poaceae,Poales,grasses,F263067,42,103,3,2,102,0.5636,0.7982,,0.2346,243.1261049,50.8923633,315.0154907,80.41549074,25.52747186,
1819,,46273,,CIAT-CIAT_16320,Urochloa,interespecifico,Urochloa interespecifico,Poaceae,Poales,grasses,F263068,42,103,3,1,103,0.5457,0.776,,0.2303,247.2955407,51.77928176,348.935343,118.635343,33.99923377,
1820,,46273,,CIAT-CIAT_16320,Urochloa,interespecifico,Urochloa interespecifico,Poaceae,Poales,grasses,F263068,42,103,3,2,104,0.5648,0.8028,,0.238,239.5000598,50.1570743,348.8655838,110.8655838,31.77888245,
1821,,46273,,CIAT-CIAT_6387,Urochloa,interespecifico,Urochloa interespecifico,Poaceae,Poales,grasses,F263069,42,103,3,1,105,0.5398,0.7522,,0.2124,266.64154,55.66146518,350.1084867,137.7084867,39.33309015,
1822,,46273,,CIAT-CIAT_6387,Urochloa,interespecifico,Urochloa interespecifico,Poaceae,Poales,grasses,F263069,42,103,3,2,106,0.5649,0.7742,,0.2093,269.93308,56.32605328,350.2484741,140.9484741,40.24242345,
1823,,46273,,CIAT-CIAT_6780,Urochloa,interespecifico,Urochloa interespecifico,Poaceae,Poales,grasses,F263070,42,103,3,1,107,0.5619,0.7697,,0.2078,268.5166729,56.37356157,341.6171701,133.8171701,39.17167573,
1824,,46273,,CIAT-CIAT_6780,Urochloa,interespecifico,Urochloa interespecifico,Poaceae,Poales,grasses,F263070,42,103,3,2,108,0.5434,0.7618,,0.2184,257.8214476,54.1389828,341.548874,123.148874,36.05600351,
1825,,46273,,CIAT-GP_3207,Urochloa,interespecifico,Urochloa interespecifico,Poaceae,Poales,grasses,F263071,42,103,3,1,109,0.5681,0.7839,,0.2158,265.8925513,55.19963939,316.0764676,100.2764676,31.72538226,
1826,,46273,,CIAT-GP_3207,Urochloa,interespecifico,Urochloa interespecifico,Poaceae,Poales,grasses,F263071,42,103,3,2,110,0.5565,0.7868,,0.2303,251.5851128,52.20852567,316.2028223,85.90282233,27.1670005,
1827,,46273,,CIAT-Mavuno,Urochloa,interespecifico,Urochloa interespecifico,Poaceae,Poales,grasses,F263072,42,103,3,1,111,0.527,0.7408,,0.2138,264.2922614,55.28059807,280.9618858,67.16188579,23.90426929,
1828,,46273,,CIAT-Mavuno,Urochloa,interespecifico,Urochloa interespecifico,Poaceae,Poales,grasses,F263072,42,103,3,2,112,0.5438,0.7638,,0.22,257.9011392,53.96537444,280.8495684,60.84956843,21.66624958,
1829,,46273,,Cayman Br02_1752_ Exp VII_ Gramíneas,Urochloa,interespecifico,Urochloa interespecifico,Poaceae,Poales,grasses,F264574,42,103,3,1,113,0.5491,0.7527,,0.2036,256.2350349,55.72325192,287.2030389,83.60303886,29.10938519,
1830,,46273,,Cayman Br02_1752_ Exp VII_ Gramíneas,Urochloa,interespecifico,Urochloa interespecifico,Poaceae,Poales,grasses,F264574,42,103,3,2,114,0.5527,0.7469,,0.1942,265.6350349,57.76746327,287.2030389,93.00303886,32.38233106,
1831,,46273,,Estrella_ Exp VII_ Gramíneas,Cynodon,nlemfuensis,Cynodon nlemfuensis,Poaceae,Poales,grasses,F264575,42,103,3,1,115,0.5709,0.8818,,0.3109,157.4234027,33.6142507,362.1028257,51.20282574,14.14041043,
1832,,46273,,Estrella_ Exp VII_ Gramíneas,Cynodon,nlemfuensis,Cynodon nlemfuensis,Poaceae,Poales,grasses,F264575,42,103,3,2,116,0.5702,0.8931,,0.3229,145.4234027,31.05191879,362.1028257,39.20282574,10.82643464,
1833,,46273,,Mulato Br02_1752 _Exp VII_ Gramíneas,Urochloa,interespecifico,Urochloa interespecifico,Poaceae,Poales,grasses,F264576,42,103,3,1,117,0.5623,0.831,,0.2687,200.8371923,42.7734364,331.4614702,62.76147021,18.93477096,
1834,,46273,,Mulato Br02_1752 _Exp VII_ Gramíneas,Urochloa,interespecifico,Urochloa interespecifico,Poaceae,Poales,grasses,F264576,42,103,3,2,118,0.5463,0.7888,,0.2425,227.0371923,48.35339906,331.4614702,88.96147021,26.83915876,
1835,,46273,,Heno Estrella,Cynodon,nlemfuensis,Cynodon nlemfuensis,Poaceae,Poales,grasses,F264577,42,103,3,1,119,0.5713,0.899,,0.3277,147.3762596,31.02160056,360.3748934,32.67489343,9.066917264,
1836,,46273,,Heno Estrella,Cynodon,nlemfuensis,Cynodon nlemfuensis,Poaceae,Poales,grasses,F264577,42,103,3,2,120,0.565,0.9141,,0.3491,125.8812634,26.502364,360.3028329,11.20283286,3.109282481,
1837,,46273,,Heno Estrella,Cynodon,nlemfuensis,Cynodon nlemfuensis,Poaceae,Poales,grasses,F264578,42,103,3,1,121,0.5628,0.8924,,0.3296,142.9819021,30.2554756,362.0344594,32.43445936,8.958942588,
1838,,46273,,Heno Estrella,Cynodon,nlemfuensis,Cynodon nlemfuensis,Poaceae,Poales,grasses,F264578,42,103,3,2,122,0.5522,0.8596,,0.3074,165.0874612,34.94007244,361.9621103,54.56211035,15.07398393,
1839,,46273,, CIAT 17009,Canavalia,brasiliensis,Canavalia brasiliensis,Fabaceas,Fabales,Trepadoras,F264724,42,103,3,1,123,0.5467,0.7193,,0.1726,295.3854596,63.11851224,202.341816,29.741816,14.69879859,
1840,,46273,, CIAT 17009,Canavalia,brasiliensis,Canavalia brasiliensis,Fabaceas,Fabales,Trepadoras,F264724,42,103,3,2,124,0.5689,0.712,,0.1431,324.9790006,69.42823758,202.3822601,59.2822601,29.2922216,
1841,,46273,,CIAT 17462,Canavalia,brasiliensis,Canavalia brasiliensis,Fabaceas,Fabales,Trepadoras,F264725,42,103,3,1,125,0.5778,0.7389,,0.1611,312.3256574,65.97142604,200.3034696,39.20346959,19.57203721,
1842,,46273,,CIAT 17462,Canavalia,brasiliensis,Canavalia brasiliensis,Fabaceas,Fabales,Trepadoras,F264725,42,103,3,2,126,0.5425,0.7259,,0.1834,289.7418858,61.23784313,200.1834076,16.78340757,8.384015327,
1843,,46273,,CIAT 13953,Desmodium,velutinum,Desmodium velutinum,Fabaceas,Fabales,Arbustivas,F264726,42,103,3,1,127,0.5585,0.7783,,0.2198,261.5999993,54.34150388,231.2012834,11.40128339,4.931323571,
1844,,46273,,CIAT 13953,Desmodium,velutinum,Desmodium velutinum,Fabaceas,Fabales,Arbustivas,F264726,42,103,3,2,128,0.5673,0.7891,,0.2218,259.8887815,53.95367122,231.3399764,9.539976417,4.123790693,
1845,,46273,,CIAT 9432,Clitoria,tertanea,Clitoria tertanea,Fabaceas,Fabales,Trepadoras,F264727,42,103,3,1,129,0.5457,0.7084,,0.1627,313.1560359,65.80898681,227.0803785,64.38037854,28.35136129,
1846,,46273,,CIAT 9432,Clitoria,tertanea,Clitoria tertanea,Fabaceas,Fabales,Trepadoras,F264727,42,103,3,2,130,0.5511,0.7079,,0.1568,319.4367208,67.07519745,227.2620428,70.46204284,31.00475643,
1847,,46273,,CIAT 17768,Clitoria,tertanea,Clitoria tertanea,Fabaceas,Fabales,Trepadoras,F264728,42,103,3,1,131,0.5678,0.7668,,0.199,282.4287143,58.66470069,233.3351112,34.33511117,14.71493553,
1848,,46273,,CIAT 17768,Clitoria,tertanea,Clitoria tertanea,Fabaceas,Fabales,Trepadoras,F264728,42,103,3,2,132,0.5415,0.6683,,0.1268,354.9175715,73.67752237,233.4751122,106.6751122,45.69014282,
1849,,46273,,CIAT 22768,Lablab,purpureus,Lablab purpureus,Fabaceas,Fabales,Trepadoras,F264729,42,103,3,1,133,0.5594,0.7672,,0.2078,265.8185329,56.12502773,224.136655,16.33665498,7.288702947,
1850,,46273,,CIAT 22768,Lablab,purpureus,Lablab purpureus,Fabaceas,Fabales,Trepadoras,F264729,42,103,3,2,134,0.5421,0.6812,,0.1391,334.6132187,70.63624267,224.1814644,85.08146438,37.95205131,
1851,,46273,,CIAT 22598,Lablab,purpureus,Lablab purpureus,Fabaceas,Fabales,Trepadoras,F264730,42,103,3,1,135,0.5453,0.713,,0.1677,309.805741,64.8800034,219.8924307,52.19243067,23.7354376,
1852,,46273,,CIAT 22598,Lablab,purpureus,Lablab purpureus,Fabaceas,Fabales,Trepadoras,F264730,42,103,3,2,136,0.55,0.7116,,0.1616,316.2877456,66.18452733,220.0683446,58.46834462,26.56826665,
1853,,46273,,CIAT 18701,Cajanus,cajan,Cajanus cajan,Fabaceas,Fabales,Arbustivas,F264731,42,103,3,1,137,0.564,0.9355,,0.3715,101.6432134,21.48254705,294.6984487,-76.80155134,-26.06106401,
1854,,46273,,CIAT 18701,Cajanus,cajan,Cajanus cajan,Fabaceas,Fabales,Arbustivas,F264731,42,103,3,2,138,0.5438,1.0597,,0.5159,,,,,#DIV/0!,
1855,,46273,,CIAT 20891,Cajanus,cajan,Cajanus cajan,Fabaceas,Fabales,Arbustivas,F264732,42,103,3,1,139,0.5384,0.8505,,0.3121,160.4624893,33.95582446,283.1779684,-28.92203161,-10.21337633,
1856,,46273,,CIAT 20891,Cajanus,cajan,Cajanus cajan,Fabaceas,Fabales,Arbustivas,F264732,42,103,3,2,140,0.555,0.8735,,0.3185,153.9680524,32.5880346,283.1213781,-35.37862193,-12.49592036,
1857,,46273,,CIAT 15551,Centrosema ,molle,Centrosema molle,Fabaceas,Fabales,Trepadoras,F264733,42,103,3,1,141,0.5716,0.6951,,0.1235,361.3453664,74.52796117,302.9036183,179.4036183,59.22795486,
1858,,46273,,CIAT 15551,Centrosema ,molle,Centrosema molle,Fabaceas,Fabales,Trepadoras,F264733,42,103,3,2,142,0.5467,0.8234,,0.2767,207.8546336,42.89601609,302.7219851,26.02198513,8.596001086,
1859,,46273,, CIAT 17009,Canavalia,brasiliensis,Canavalia brasiliensis,Fabaceas,Fabales,Trepadoras,F264734,42,103,3,1,143,0.5532,0.7532,,0.2,284.6921456,58.73669466,229.2351501,29.23515009,12.75334524,
1860,,46273,, CIAT 17009,Canavalia,brasiliensis,Canavalia brasiliensis,Fabaceas,Fabales,Trepadoras,F264734,42,103,3,2,144,0.5747,0.7703,,0.1956,288.898385,59.6283484,229.143511,33.54351102,14.63864757,
1861,,46273,,CIAT 17462,Canavalia,brasiliensis,Canavalia brasiliensis,Fabaceas,Fabales,Trepadoras,F264735,42,103,3,1,145,0.5525,0.7549,,0.2024,281.7281744,58.19288967,229.5895718,27.18957181,11.84268588,
1862,,46273,,CIAT 17462,Canavalia,brasiliensis,Canavalia brasiliensis,Fabaceas,Fabales,Trepadoras,F264735,42,103,3,2,146,0.5399,0.7242,,0.1843,299.925,61.93918117,229.6354897,45.33548973,19.74237074,
1863,,46273,, CIAT 17009,Canavalia,brasiliensis,Canavalia brasiliensis,Fabaceas,Fabales,Trepadoras,F264736,42,103,3,1,147,0.5753,0.7751,,0.1998,274.6909972,57.89171951,211.6178773,11.81787732,5.584536367,
1864,,46273,, CIAT 17009,Canavalia,brasiliensis,Canavalia brasiliensis,Fabaceas,Fabales,Trepadoras,F264736,42,103,3,2,148,0.5718,0.7844,,0.2126,261.7013146,55.17617315,211.5332809,-1.066719075,-0.504279549,
1865,,46273,,CIAT 17462,Canavalia,brasiliensis,Canavalia brasiliensis,Fabaceas,Fabales,Trepadoras,F264737,42,103,3,1,149,0.5825,0.7837,,0.2012,275.3343862,57.77849284,238.6047343,37.40473434,15.67644265,
1866,,46273,,CIAT 17462,Canavalia,brasiliensis,Canavalia brasiliensis,Fabaceas,Fabales,Trepadoras,F264737,42,103,3,2,150,0.5452,0.7452,,0.2,276.5343862,58.03031098,238.6047343,38.60473434,16.17936645,
1867,,46273,,Sample 8,Cynodon ,nlemfuensis ,Cynodon nlemfuensis ,Poaceae,Poales,grasses,F250008,42,103,3,1,151,0.5369,0.803,,0.2661,202.7421411,43.24315656,356.5544483,90.4544483,25.36904216,
1868,,46273,,Sample 8,Cynodon ,nlemfuensis ,Cynodon nlemfuensis ,Poaceae,Poales,grasses,F250008,42,103,3,2,152,0.559,0.8431,,0.2841,184.7421411,39.40391123,356.5544483,72.4544483,20.32072483,
1869,,,,0,,,0,,,,0,42,103,3,1,153,,,,0,0,#DIV/0!,,0,#DIV/0!,
1870,,,,0,,,0,,,,0,42,103,3,2,154,,,,0,0,#DIV/0!,,0,#DIV/0!,
1871,,,,BLANK 24 H,,,BLANK 24 H,,,,BLANK 24 H,42,103,3,1,153,,,,,,,,,#DIV/0!,
1872,,,,BLANK 24 H,,,BLANK 24 H,,,,BLANK 24 H,42,103,3,2,154,,,,,,,,,,
