subset,no,requisitioner,id_lab,id,tax_order,family,genus,species,tax_name,functional_group,set_ciat,dm_percentage,ash_dm,om_percentage,pc_percentage_dm,adf_percentage_dm,ndf_percentage_dm
1,1,Genetic bank,F24-3416,CIAT-705,Fabales,Fabaceae,Indigofera,suffruticosa,Indigofera suffruticosa,Herbaceous_legumes,1,91.93080692,12.72569067,87.27430933,33.01052157,28.48961421,45.21032889
1,2,Genetic bank,F24-3416,CIAT-705,Fabales,Fabaceae,Indigofera,suffruticosa,Indigofera suffruticosa,Herbaceous_legumes,1,92.01,12.62906206,87.37093794,33.01052157,27.61265655,45.23511907
1,3,Genetic bank,F24-3417,CIAT-707,Fabales,Fabaceae,Alysicarpus,ovalifolius,Alysicarpus ovalifolius,Herbaceous_legumes,1,90.64280716,11.91132679,88.08867321,25.39749175,26.19631971,54.55645373
1,4,Genetic bank,F24-3417,CIAT-707,Fabales,Fabaceae,Alysicarpus,ovalifolius,Alysicarpus ovalifolius,Herbaceous_legumes,1,89.54209158,12.23760607,87.76239393,25.39749175,24.68485778,53.66007735
1,5,Genetic bank,F24-3418,CIAT-712,Fabales,Fabaceae,Clitoria,ternatea,Clitoria ternatea,Herbaceous_legumes,1,91.25174965,7.71337789,92.28662211,31.19171324,26.67696802,55.20337963
1,6,Genetic bank,F24-3418,CIAT-712,Fabales,Fabaceae,Clitoria,ternatea,Clitoria ternatea,Herbaceous_legumes,1,91.35345862,7.812670971,92.18732903,31.19171324,24.97049736,54.55443293
1,7,Genetic bank,F24-3419,CIAT-749,Fabales,Fabaceae,Crotalaria,juncea,Crotalaria juncea,Herbaceous_legumes,1,91.70082992,11.46003707,88.53996293,27.94809909,28.03361032,52.76025243
1,8,Genetic bank,F24-3419,CIAT-749,Fabales,Fabaceae,Crotalaria,juncea,Crotalaria juncea,Herbaceous_legumes,1,91.79082092,11.63398693,88.36601307,27.94809909,29.46119416,49.23699458
1,9,Genetic bank,F24-3420,CIAT-768,Fabales,Fabaceae,Clitoria,ternatea,Clitoria ternatea,Herbaceous_legumes,1,92.1,8.729641694,91.27035831,29.46000546,25.50083329,53.02758632
1,10,Genetic bank,F24-3420,CIAT-768,Fabales,Fabaceae,Clitoria,ternatea,Clitoria ternatea,Herbaceous_legumes,1,92.23155369,8.672086721,91.32791328,29.46000546,25.95289139,55.3898391
1,11,Genetic bank,F24-3421,CIAT-772,Fabales,Fabaceae,Clitoria,ternatea,Clitoria ternatea,Herbaceous_legumes,1,91.48085191,6.153677998,93.846322,18.97317122,16.19061161,68.96562435
1,12,Genetic bank,F24-3421,CIAT-772,Fabales,Fabaceae,Clitoria,ternatea,Clitoria ternatea,Herbaceous_legumes,1,91.49085091,6.207650273,93.79234973,18.97317122,17.2935295,65.87084445
1,13,Genetic bank,F24-3422,CIAT-819,Fabales,Fabaceae,Indigofera,suffruticosa,Indigofera suffruticosa,Herbaceous_legumes,1,90.75,17.06887052,82.93112948,26.78170271,25.19997454,52.93970501
1,14,Genetic bank,F24-3422,CIAT-819,Fabales,Fabaceae,Indigofera,suffruticosa,Indigofera suffruticosa,Herbaceous_legumes,1,90.76,17.04495372,82.95504628,26.78170271,26.97372917,53.16123389
1,15,Genetic bank,F24-3423,CIAT-905,Fabales,Fabaceae,Canavalia,brasiliensis,Canavalia brasiliensis,Herbaceous_legumes,1,91.85,14.61077844,85.38922156,24.61245901,16.6837954,37.10603201
1,16,Genetic bank,F24-3423,CIAT-905,Fabales,Fabaceae,Canavalia,brasiliensis,Canavalia brasiliensis,Herbaceous_legumes,1,91.91161768,14.4566518,85.5433482,24.61245901,17.47960642,36.0165929
1,17,Genetic bank,F24-3424,CIAT-913,Fabales,Fabaceae,Cajanus,cajan,Cajanus cajan,Shrub_Trees,1,94.74,9.193582436,90.80641756,25.17714256,39.66617808,59.68853241
1,18,Genetic bank,F24-3424,CIAT-913,Fabales,Fabaceae,Cajanus,cajan,Cajanus cajan,Shrub_Trees,1,94.80155953,9.216492671,90.78350733,25.17714256,41.1819606,62.03477938
1,19,Genetic bank,F24-3425,CIAT-955,Fabales,Fabaceae,Clitoria,ternatea,Clitoria ternatea,Herbaceous_legumes,1,91.80081992,5.674763098,94.3252369,22.01184157,21.79751615,62.34385176
1,20,Genetic bank,F24-3425,CIAT-955,Fabales,Fabaceae,Clitoria,ternatea,Clitoria ternatea,Herbaceous_legumes,1,91.83,5.71708592,94.28291408,22.01184157,21.29660663,61.00237303
1,21,Genetic bank,F24-3441,CIAT-7714,Fabales,Fabaceae,Alysicarpus,glumaceus,Alysicarpus glumaceus,Herbaceous_legumes,3,93,17.52688172,82.47311828,20.28455956,27.92187461,52.4951478
1,22,Genetic bank,F24-3441,CIAT-7714,Fabales,Fabaceae,Alysicarpus,glumaceus,Alysicarpus glumaceus,Herbaceous_legumes,3,93.1,17.40064447,82.59935553,20.28455956,27.65472942,52.03015512
1,23,Genetic bank,F24-3442,CIAT-7757,Fabales,Fabaceae,Clitoria,ternatea,Clitoria ternatea,Herbaceous_legumes,3,92,8.260869565,91.73913043,24.74722085,22.60477034,58.40376201
1,24,Genetic bank,F24-3442,CIAT-7757,Fabales,Fabaceae,Clitoria,ternatea,Clitoria ternatea,Herbaceous_legumes,3,92.2,8.242950108,91.75704989,24.74722085,21.30367312,56.08182306
1,25,Genetic bank,F24-3443,CIAT-7759,Fabales,Fabaceae,Clitoria,ternatea,Clitoria ternatea,Herbaceous_legumes,3,93.5,5.882352941,94.11764706,16.46449484,14.53118256,58.97473059
1,26,Genetic bank,F24-3443,CIAT-7759,Fabales,Fabaceae,Clitoria,ternatea,Clitoria ternatea,Herbaceous_legumes,3,93.6,5.876068376,94.12393162,16.46449484,14.83181429,62.64878872
1,27,Genetic bank,F24-3444,CIAT-7790,Fabales,Fabaceae,Crotalaria,pallida,Crotalaria pallida,Herbaceous_legumes,3,92.2,5.965292842,94.03470716,27.43905179,19.81624028,69.18318261
1,28,Genetic bank,F24-3444,CIAT-7790,Fabales,Fabaceae,Crotalaria,pallida,Crotalaria pallida,Herbaceous_legumes,3,92.1,5.754614549,94.24538545,27.43905179,20.33920323,65.98392579
1,29,Genetic bank,F24-3445,CIAT-7792,Fabales,Fabaceae,Chamaecrista,rotundifolia,Chamaecrista rotundifolia,Herbaceous_legumes,3,92.9,8.073196986,91.92680301,20.02103028,22.86232699,63.66665084
1,30,Genetic bank,F24-3445,CIAT-7792,Fabales,Fabaceae,Chamaecrista,rotundifolia,Chamaecrista rotundifolia,Herbaceous_legumes,3,93,8.064516129,91.93548387,20.02103028,24.10132483,64.22020909
1,31,Genetic bank,F24-3446,CIAT-7816,Fabales,Fabaceae,Indigofera,spicata,Indigofera spicata,Herbaceous_legumes,3,92.4,17.53246753,82.46753247,28.00898398,23.70542578,52.81745526
1,32,Genetic bank,F24-3446,CIAT-7816,Fabales,Fabaceae,Indigofera,spicata,Indigofera spicata,Herbaceous_legumes,3,92.6,17.71058315,82.28941685,28.00898398,22.50797596,56.66913846
1,33,Genetic bank,F24-3447,CIAT-7858,Fabales,Fabaceaee,Crotalaria,incana,Crotalaria incana,Herbaceous_legumes,3,93.1,9.129967777,90.87003222,31.03415068,25.70977869,61.74390856
1,34,Genetic bank,F24-3447,CIAT-7858,Fabales,Fabaceaee,Crotalaria,incana,Crotalaria incana,Herbaceous_legumes,3,93.3,9.217577706,90.78242229,31.03415068,21.42712438,59.70685356
1,35,Genetic bank,F24-3448,CIAT-7972,Fabales,Fabaceae,Canavalia,brasiliensis,Canavalia brasiliensis,Herbaceous_legumes,3,91.9,17.51904244,82.48095756,26.52781626,23.17741101,56.60692904
1,36,Genetic bank,F24-3448,CIAT-7972,Fabales,Fabaceae,Canavalia,brasiliensis,Canavalia brasiliensis,Herbaceous_legumes,3,92,18.15217391,81.84782609,26.52781626,24.5278786,55.52594465
1,37,Genetic bank,F24-3449,CIAT-8205,Fabales,Fabaceae,Indigofera,suffruticosa,Indigofera suffruticosa,Herbaceous_legumes,3,92.1,14.54940282,85.45059718,24.22786897,27.04056493,51.6842826
1,38,Genetic bank,F24-3449,CIAT-8205,Fabales,Fabaceae,Indigofera,suffruticosa,Indigofera suffruticosa,Herbaceous_legumes,3,92.3,14.73456121,85.26543879,24.22786897,26.47893339,50.73210501
1,39,Genetic bank,F24-3450,CIAT-8402,Fabales,Fabaceae,Indigofera,suffruticosa,Indigofera suffruticosa,Herbaceous_legumes,3,91.9,17.62785637,82.37214363,26.88970109,18.67389258,46.30410467
1,40,Genetic bank,F24-3450,CIAT-8402,Fabales,Fabaceae,Indigofera,suffruticosa,Indigofera suffruticosa,Herbaceous_legumes,3,92.1,17.80673181,82.19326819,26.88970109,19.3165009,49.50549834
1,41,Genetic bank,F24-3451,CIAT-8408,Fabales,Fabaceae,Chamaecrista,nictitans,Chamaecrista nictitans,Herbaceous_legumes,3,94,6.808510638,93.19148936,23.37980179,38.78359549,58.48434029
1,42,Genetic bank,F24-3451,CIAT-8408,Fabales,Fabaceae,Chamaecrista,nictitans,Chamaecrista nictitans,Herbaceous_legumes,3,94.1,6.907545165,93.09245484,23.37980179,37.95585188,58.78223559
1,43,Genetic bank,F24-3452,CIAT-8409,Fabales,Fabaceae,Chamaecrista,nictitans,Chamaecrista nictitans,Herbaceous_legumes,3,91.9,7.616974973,92.38302503,27.7836572,39.30658161,62.395736
1,44,Genetic bank,F24-3452,CIAT-8409,Fabales,Fabaceae,Chamaecrista,nictitans,Chamaecrista nictitans,Herbaceous_legumes,3,92,7.717391304,92.2826087,27.7836572,36.73786796,61.2985406
1,45,Genetic bank,F24-3453,CIAT-8719,Fabales,Fabaceae,Canavalia,sp.,Canavalia sp. ,Herbaceous_legumes,3,93.40659341,17.11229947,82.88770053,20.28346797,16.15254503,41.55922425
1,45,Genetic bank,F24-3453,CIAT-8719,Fabales,Fabaceae,Canavalia,sp.,Canavalia sp.,Herbaceous_legumes,3,93.40659341,17.11229947,82.88770053,20.28346797,16.15254503,41.55922425
1,46,Genetic bank,F24-3453,CIAT-8719,Fabales,Fabaceae,Canavalia,sp.,Canavalia sp. ,Herbaceous_legumes,3,93.6,17.09401709,82.90598291,20.28346797,15.46287409,38.83121826
1,46,Genetic bank,F24-3453,CIAT-8719,Fabales,Fabaceae,Canavalia,sp.,Canavalia sp.,Herbaceous_legumes,3,93.6,17.09401709,82.90598291,20.28346797,15.46287409,38.83121826
1,47,Genetic bank,F24-3454,CIAT-8797,Fabales,Fabaceae,Desmanthus,virgatus,Desmanthus virgatus,Shrub_Trees,3,93.00699301,7.08915145,92.91084855,25.88000034,30.1458951,59.29133305
1,48,Genetic bank,F24-3454,CIAT-8797,Fabales,Fabaceae,Desmanthus,virgatus,Desmanthus virgatus,Shrub_Trees,3,92.70729271,7.004310345,92.99568966,25.88000034,30.34908851,60.72665992
1,49,Genetic bank,F24-3455,CIAT-8819,Fabales,Fabaceae,Coursetia,caribaea,Coursetia caribaea,Herbaceous_legumes,3,91.60839161,13.74045802,86.25954198,21.83464401,22.76303077,34.80352448
1,50,Genetic bank,F24-3455,CIAT-8819,Fabales,Fabaceae,Coursetia,caribaea,Coursetia caribaea,Herbaceous_legumes,3,91.9,14.14581066,85.85418934,21.83464401,19.09917003,37.22426177
1,51,Breeding,F24-3582,CIAT-BR-02-1752,Poales,Poaceae,Urochloa,interespecifico,Brachiaria interespecifico,Grass,4,95.98,15.64169595,84.35830405,10.91797301,21.19578114,55.59004249
1,52,Breeding,F24-3582,CIAT-BR-02-1752,Poales,Poaceae,Urochloa,interespecifico,Brachiaria interespecifico,Grass,4,96.07078584,15.7635102,84.2364898,10.91797301,21.08584781,55.23367493
1,53,Breeding,F24-3583,CIAT-BR-02-1794,Poales,Poaceae,Urochloa,interespecifico,Brachiaria interespecifico,Grass,4,96.97030297,15.13577023,84.86422977,9.392254149,21.26984722,54.82804262
1,54,Breeding,F24-3583,CIAT-BR-02-1794,Poales,Poaceae,Urochloa,interespecifico,Brachiaria interespecifico,Grass,4,97.12,14.90028072,85.09971928,9.392254149,22.40086272,56.69546429
1,55,Breeding,F24-3584,CIAT-BR-06-0423,Poales,Poaceae,Urochloa,interespecifico,Brachiaria interespecifico,Grass,4,96.56103169,15.97192437,84.02807563,11.00867792,22.15456453,57.44947572
1,56,Breeding,F24-3584,CIAT-BR-06-0423,Poales,Poaceae,Urochloa,interespecifico,Brachiaria interespecifico,Grass,4,96.97060588,15.96318908,84.03681092,11.00867792,21.89211675,57.27926149
1,57,Breeding,F24-3585,CIAT-BR-09-1232,Poales,Poaceae,Urochloa,interespecifico,Brachiaria interespecifico,Grass,4,97.13086074,13.82820131,86.17179869,10.08023483,21.0430635,55.54448094
1,58,Breeding,F24-3585,CIAT-BR-09-1232,Poales,Poaceae,Urochloa,interespecifico,Brachiaria interespecifico,Grass,4,97.34079776,13.76651416,86.23348584,10.08023483,21.02210206,55.77095135
1,59,Breeding,F24-3586,CIAT-BR-12-4951,Poales,Poaceae,Urochloa,interespecifico,Brachiaria interespecifico,Grass,4,95.47045295,15.47693428,84.52306572,11.10404195,23.31828587,56.94152855
1,60,Breeding,F24-3586,CIAT-BR-12-4951,Poales,Poaceae,Urochloa,interespecifico,Brachiaria interespecifico,Grass,4,96.02119364,15.47383982,84.52616018,11.10404195,23.26100905,56.78673355
1,61,Breeding,F24-3587,CIAT-BR-15-0722,Poales,Poaceae,Urochloa,interespecifico,Brachiaria interespecifico,Grass,4,95.0709858,14.04952506,85.95047494,10.31254646,26.52115031,60.67041444
1,62,Breeding,F24-3587,CIAT-BR-15-0722,Poales,Poaceae,Urochloa,interespecifico,Brachiaria interespecifico,Grass,4,95.36,14.06283746,85.93716254,10.31254646,25.83438985,59.75509455
1,63,Breeding,F24-3588,CIAT-BR-15-6487,Poales,Poaceae,Urochloa,interespecifico,Brachiaria interespecifico,Grass,4,94.97,13.40065215,86.59934785,9.608712975,24.32323047,59.69854782
1,64,Breeding,F24-3588,CIAT-BR-15-6487,Poales,Poaceae,Urochloa,interespecifico,Brachiaria interespecifico,Grass,4,95.17,13.73724624,86.26275376,9.608712975,24.78376827,59.75158964
1,65,Breeding,F24-3589,CIAT-BR-19-0029,Poales,Poaceae,Urochloa,interespecifico,Brachiaria interespecifico,Grass,4,96.05,14.10424156,85.89575844,10.07879313,23.75783461,58.02335089
1,66,Breeding,F24-3589,CIAT-BR-19-0029,Poales,Poaceae,Urochloa,interespecifico,Brachiaria interespecifico,Grass,4,96.09078184,14.15345604,85.84654396,10.07879313,24.19367052,58.79681002
1,67,Breeding,F24-3590,CIAT-BR-19-0423,Poales,Poaceae,Urochloa,interespecifico,Brachiaria interespecifico,Grass,4,95.18,13.86537077,86.13462923,10.11450669,24.24316116,58.93991291
1,68,Breeding,F24-3590,CIAT-BR-19-0423,Poales,Poaceae,Urochloa,interespecifico,Brachiaria interespecifico,Grass,4,95.51089782,13.93600081,86.06399919,10.11450669,24.7446012,59.50818595
1,69,Breeding,F24-3591,CIAT-CIAT-6962,Poales,Poaceae,Megathyrsus,maximus,Megathyrsus maximus,Grass,4,95.5813256,14.19256219,85.80743781,8.588266117,31.5913337,67.16616479
1,70,Breeding,F24-3591,CIAT-CIAT-6962,Poales,Poaceae,Megathyrsus,maximus,Megathyrsus maximus,Grass,4,95.87,14.30128515,85.69871485,8.588266117,32.6939506,68.08340127
1,71,Breeding,F24-3592,CIAT-Mulato-II,Poales,Poaceae,Urochloa,interespecifico,Brachiaria interespecifico,Grass,4,96.69066187,14.95653166,85.04346834,11.84729481,24.44965204,60.04654225
1,72,Breeding,F24-3592,CIAT-Mulato-II,Poales,Poaceae,Urochloa,interespecifico,Brachiaria interespecifico,Grass,4,96.6310107,14.9860635,85.0139365,11.84729481,24.27765695,58.7932192
1,73,Breeding,F24-3593,CIAT-PM-21-0215,Poales,Poaceae,Megathyrsus,maximus,Megathyrsus maximus,Grass,4,95.98,15.02880902,84.97119098,9.725160285,29.756359,65.00865087
1,74,Breeding,F24-3593,CIAT-PM-21-0215,Poales,Poaceae,Megathyrsus,maximus,Megathyrsus maximus,Grass,4,96.05118464,15.07636099,84.92363901,9.725160285,30.06316632,65.46763805
1,75,Breeding,F24-3594,CIAT-PM-21-0631,Poales,Poaceae,Megathyrsus,maximus,Megathyrsus maximus,Grass,4,96.73032697,13.97650548,86.02349452,9.055024441,29.06594194,63.22871631
1,76,Breeding,F24-3594,CIAT-PM-21-0631,Poales,Poaceae,Megathyrsus,maximus,Megathyrsus maximus,Grass,4,96.86094172,13.99436691,86.00563309,9.055024441,28.48413362,62.49542559
1,77,Breeding,F24-3595,CIAT-PM-21-2195,Poales,Poaceae,Megathyrsus,maximus,Megathyrsus maximus,Grass,4,96.66,14.09666559,85.90333441,8.717412856,30.70952616,67.8500454
1,78,Breeding,F24-3595,CIAT-PM-21-2195,Poales,Poaceae,Megathyrsus,maximus,Megathyrsus maximus,Grass,4,96.86094172,14.18542315,85.81457685,8.717412856,31.13472027,68.25222093
1,79,Breeding,F24-3596,CIAT-PM-21-3522,Poales,Poaceae,Megathyrsus,maximus,Megathyrsus maximus,Grass,4,96.46035396,15.85688359,84.14311641,8.710478289,29.56094377,64.48048266
1,80,Breeding,F24-3596,CIAT-PM-21-3522,Poales,Poaceae,Megathyrsus,maximus,Megathyrsus maximus,Grass,4,96.37036296,15.45242416,84.54757584,8.710478289,30.0729587,64.94987839
1,81,Breeding,F24-3597,CIAT-PM-21-3534,Poales,Poaceae,Megathyrsus,maximus,Megathyrsus maximus,Grass,5,96.96030397,15.58390929,84.41609071,9.000965172,30.95929986,67.25304297
1,82,Breeding,F24-3597,CIAT-PM-21-3534,Poales,Poaceae,Megathyrsus,maximus,Megathyrsus maximus,Grass,5,96.04,15.53365429,84.46634571,9.000965172,30.87115597,67.21327086
1,83,Breeding,F24-3598,CIAT-PM-21-3537,Poales,Poaceae,Megathyrsus,maximus,Megathyrsus maximus,Grass,5,97.15,14.49346005,85.50653995,10.87316719,26.62942029,61.71271858
1,84,Breeding,F24-3598,CIAT-PM-21-3537,Poales,Poaceae,Megathyrsus,maximus,Megathyrsus maximus,Grass,5,97.4205159,14.45973096,85.54026904,10.87316719,26.9914775,62.1625367
1,85,Breeding,F24-3599,CIAT-PM-21-3545,Poales,Poaceae,Megathyrsus,maximus,Megathyrsus maximus,Grass,5,96.98,14.7961285,85.2038715,8.40826817,30.17716395,65.69916439
1,86,Breeding,F24-3599,CIAT-PM-21-3545,Poales,Poaceae,Megathyrsus,maximus,Megathyrsus maximus,Grass,5,97.26,14.76523888,85.23476112,8.40826817,29.83234323,65.78253088
1,87,Breeding,F24-3600,CIAT-PM-21-3670,Poales,Poaceae,Megathyrsus,maximus,Megathyrsus maximus,Grass,5,96.96030397,14.55631048,85.44368952,8.834231116,29.30596547,64.35902183
1,88,Breeding,F24-3600,CIAT-PM-21-3670,Poales,Poaceae,Megathyrsus,maximus,Megathyrsus maximus,Grass,5,97.30026997,14.63866584,85.36133416,8.834231116,29.20532204,64.40928995
1,89,Breeding,F24-3601,CIAT-PM-21-6628,Poales,Poaceae,Megathyrsus,maximus,Megathyrsus maximus,Grass,5,95.12,13.98932353,86.01067647,9.980926223,29.70798149,64.85398573
1,90,Breeding,F24-3601,CIAT-PM-21-6628,Poales,Poaceae,Megathyrsus,maximus,Megathyrsus maximus,Grass,5,95.31093781,14.21753492,85.78246508,9.980926223,29.94649383,65.06653761
1,91,Breeding,F24-3602,CIAT-BH-08-1149,Poales,Poaceae,Urochloa,humidicola,Brachiaria humidicola,Grass,5,94.37,13.30148434,86.69851566,7.526319867,28.67656881,67.49290661
1,92,Breeding,F24-3602,CIAT-BH-08-1149,Poales,Poaceae,Urochloa,humidicola,Brachiaria humidicola,Grass,5,94.48110378,13.33058929,86.66941071,7.526319867,28.54455165,69.96591048
1,93,Breeding,F24-3603,CIAT-BH-16-0550,Poales,Poaceae,Urochloa,humidicola,Brachiaria humidicola,Grass,5,94,11.45468069,88.54531931,6.425464292,29.83002246,68.75694556
1,94,Breeding,F24-3603,CIAT-BH-16-0550,Poales,Poaceae,Urochloa,humidicola,Brachiaria humidicola,Grass,5,94.22,11.59281692,88.40718308,6.425464292,30.46014187,69.56262149
1,95,Breeding,F24-3604,CIAT-BH-16-0562,Poales,Poaceae,Urochloa,humidicola,Brachiaria humidicola,Grass,5,95.00149955,11.10355157,88.89644843,5.939448687,30.66293364,69.91192737
1,96,Breeding,F24-3604,CIAT-BH-16-0562,Poales,Poaceae,Urochloa,humidicola,Brachiaria humidicola,Grass,5,95.33093381,11.24123749,88.75876251,5.939448687,30.26929531,69.27315989
1,97,Breeding,F24-3605,CIAT-BH-16-3249,Poales,Poaceae,Urochloa,humidicola,Brachiaria humidicola,Grass,5,95.69043096,11.94883981,88.05116019,6.64642741,28.50012439,69.32874104
1,98,Breeding,F24-3605,CIAT-BH-16-3249,Poales,Poaceae,Urochloa,humidicola,Brachiaria humidicola,Grass,5,95.94081184,12.13546841,87.86453159,6.64642741,29.22073401,69.96192311
1,99,Breeding,F24-3606,CIAT-BH-16-B-0733,Poales,Poaceae,Urochloa,humidicola,Brachiaria humidicola,Grass,5,96.21037896,12.44873592,87.55126408,8.098687385,29.23820931,68.74402079
1,100,Breeding,F24-3606,CIAT-BH-16-B-0733,Poales,Poaceae,Urochloa,humidicola,Brachiaria humidicola,Grass,5,96.40035996,12.83289207,87.16710793,8.098687385,29.47274655,68.92521056
1,101,Breeding,F24-3607,CIAT-BH-16-B-0741,Poales,Poaceae,Urochloa,humidicola,Brachiaria humidicola,Grass,5,96.47070586,14.13874375,85.86125625,7.498562822,28.1395684,65.64541008
1,102,Breeding,F24-3607,CIAT-BH-16-B-0741,Poales,Poaceae,Urochloa,humidicola,Brachiaria humidicola,Grass,5,96.86,14.31743596,85.68256404,7.498562822,28.1368253,65.72102834
1,103,Breeding,F24-3608,CIAT-BH-16-B-1194,Poales,Poaceae,Urochloa,humidicola,Brachiaria humidicola,Grass,5,96.64,11.92949811,88.07050189,5.470321142,29.62300868,67.75778221
1,104,Breeding,F24-3608,CIAT-BH-16-B-1194,Poales,Poaceae,Urochloa,humidicola,Brachiaria humidicola,Grass,5,96.83,11.89848555,88.10151445,5.470321142,29.45338648,67.78949217
1,105,Breeding,F24-3609,CIAT-BH-16-B-1618,Poales,Poaceae,Urochloa,humidicola,Brachiaria humidicola,Grass,5,97.01059788,13.96375923,86.03624077,8.125850845,28.5241981,66.90032155
1,106,Breeding,F24-3609,CIAT-BH-16-B-1618,Poales,Poaceae,Urochloa,humidicola,Brachiaria humidicola,Grass,5,97.31080676,13.9932307,86.0067693,8.125850845,27.57074505,65.87027845
1,107,Breeding,F24-3610,CIAT-BH-16-B-1707,Poales,Poaceae,Urochloa,humidicola,Brachiaria humidicola,Grass,5,96.83,10.45896788,89.54103212,5.966437759,26.78768698,68.86607208
1,108,Breeding,F24-3610,CIAT-BH-16-B-1707,Poales,Poaceae,Urochloa,humidicola,Brachiaria humidicola,Grass,5,97.07058588,10.58062652,89.41937348,5.966437759,26.68993796,68.30443179
1,109,Breeding,F24-3611,CIAT-CIAT-16888,Poales,Poaceae,Urochloa,humidicola,Brachiaria humidicola,Grass,5,96.74,11.63461614,88.36538386,6.11164643,30.34465841,69.3161333
1,110,Breeding,F24-3611,CIAT-CIAT-16888,Poales,Poaceae,Urochloa,humidicola,Brachiaria humidicola,Grass,5,96.82031797,11.74710109,88.25289891,6.11164643,31.26936957,70.68017622
1,111,Genetic bank,F24-3426,CIAT-989,Fabales,Fabaceae,Indigofera,hirsuta,Indigofera hirsuta,Herbaceous_legumes,5,92.36076392,13.75987875,86.24012125,25.3469484,47.64235849,53.47541692
1,112,Genetic bank,F24-3426,CIAT-989,Fabales,Fabaceae,Indigofera,hirsuta,Indigofera hirsuta,Herbaceous_legumes,5,92.38,13.56354189,86.43645811,25.3469484,47.60862178,52.72672557
1,113,Genetic bank,F24-3427,CIAT-1257,Fabales,Fabaceae,Stylosanthes,scabra,Stylosanthes scabra,Herbaceous_legumes,5,92.61073893,9.576765277,90.42323472,17.95515598,35.7671013,68.89257778
1,114,Genetic bank,F24-3427,CIAT-1257,Fabales,Fabaceae,Stylosanthes,scabra,Stylosanthes scabra,Herbaceous_legumes,5,92.82143571,9.457130547,90.54286945,17.95515598,36.02531554,70.91743282
1,115,Genetic bank,F24-3428,CIAT-3240,Fabales,Fabaceae,Desmodium,cinereum,Desmodium cinereum,Herbaceous_legumes,5,92.84,12.04222318,87.95777682,22.62704069,24.44668691,56.91475286
1,115,Genetic bank,F24-3428,CIAT-3240,Fabales,Fabaceae,Desmodium,cinereum,Desmodium cinereum,Browse,5,92.84,12.04222318,87.95777682,22.62704069,24.44668691,56.91475286
1,116,Genetic bank,F24-3428,CIAT-3240,Fabales,Fabaceae,Desmodium,cinereum,Desmodium cinereum,Herbaceous_legumes,5,92.88071193,11.97114867,88.02885133,22.62704069,25.36788142,55.7625911
1,116,Genetic bank,F24-3428,CIAT-3240,Fabales,Fabaceae,Desmodium,cinereum,Desmodium cinereum,Browse,5,92.88071193,11.97114867,88.02885133,22.62704069,25.36788142,55.7625911
1,117,Genetic bank,F24-3429,CIAT-3522,Fabales,Fabaceae,Desmodium,incanum,Desmodium incanum,Herbaceous_legumes,5,93.23203039,11.15161913,88.84838087,17.94095507,47.15664681,64.26385297
1,118,Genetic bank,F24-3429,CIAT-3522,Fabales,Fabaceae,Desmodium,incanum,Desmodium incanum,Herbaceous_legumes,5,93.32066793,10.95039109,89.04960891,17.94095507,48.78372398,64.69925545
1,119,Genetic bank,F24-3430,CIAT-4134,Fabales,Fabaceae,Macroptilium,lathyroides,Macroptilium lathyroides,Herbaceous_legumes,5,91.84326269,14.39921637,85.60078363,22.08537556,24.2709361,42.17983588
1,120,Genetic bank,F24-3430,CIAT-4134,Fabales,Fabaceae,Macroptilium,lathyroides,Macroptilium lathyroides,Herbaceous_legumes,5,91.98240528,14.31366156,85.68633844,22.08537556,24.30255413,45.11245042
1,121,Genetic bank,F24-3431,CIAT-4279,Fabales,Fabaceae,Vigna,umbellata,Vigna umbellata,Herbaceous_legumes,5,90.96,11.01583113,88.98416887,25.72120617,13.25207826,51.75391912
1,122,Genetic bank,F24-3431,CIAT-4279,Fabales,Fabaceae,Vigna,umbellata,Vigna umbellata,Herbaceous_legumes,5,91.11088891,11.01843723,88.98156277,25.72120617,13.03636467,53.89603281
1,123,Genetic bank,F24-3432,CIAT-5124,Fabales,Fabaceae,Centrosema,molle x acutifolium,Centrosema molle x acutifolium,Herbaceous_legumes,5,91.58,10.34068574,89.65931426,25.77536281,38.41636274,67.42623331
1,124,Genetic bank,F24-3432,CIAT-5124,Fabales,Fabaceae,Centrosema,molle x acutifolium,Centrosema molle x acutifolium,Herbaceous_legumes,5,91.49,10.38364849,89.61635151,25.77536281,36.81256886,63.59004217
1,125,Genetic bank,F24-3433,CIAT-5234,Fabales,Fabaceae,Centrosema,brasilianum,Centrosema brasilianum,Herbaceous_legumes,5,92.4830068,11.21919585,88.78080415,17.21944618,33.40776562,59.55180766
1,126,Genetic bank,F24-3433,CIAT-5234,Fabales,Fabaceae,Centrosema,brasilianum,Centrosema brasilianum,Herbaceous_legumes,5,92.5814837,11.22030238,88.77969762,17.21944618,33.35190879,61.70422917
1,127,Genetic bank,F24-3434,CIAT-7292,Fabales,Fabaceae,Chamaecrista,desvauxii,Chamaecrista desvauxii,Herbaceous_legumes,5,91.94161168,9.471509352,90.52849065,31.82560604,43.11436797,60.33622995
1,128,Genetic bank,F24-3434,CIAT-7292,Fabales,Fabaceae,Chamaecrista,desvauxii,Chamaecrista desvauxii,Herbaceous_legumes,5,92.06,9.363458614,90.63654139,31.82560604,45.17380928,58.72382934
1,129,Genetic bank,F24-3435,CIAT-7317,Fabales,Fabaceae,Canavalia,sp.,Canavalia sp.,Herbaceous_legumes,5,91.80163967,19.05902853,80.94097147,23.8828974,24.59602868,50.59020328
1,130,Genetic bank,F24-3435,CIAT-7317,Fabales,Fabaceae,Canavalia,sp.,Canavalia sp.,Herbaceous_legumes,5,93.1,19.06552095,80.93447905,23.8828974,24.87271125,53.92548025
1,131,Genetic bank,F24-3436,CIAT-7322,Fabales,Fabaceae,Canavalia,sp.,Canavalia sp.,Herbaceous_legumes,5,89.28107189,15.13047374,84.86952626,21.51684891,18.07416386,45.8587462
1,132,Genetic bank,F24-3436,CIAT-7322,Fabales,Fabaceae,Canavalia,sp.,Canavalia sp.,Herbaceous_legumes,5,89.45316405,15.25480554,84.74519446,21.51684891,18.25116934,49.21794213
1,133,Genetic bank,F24-3437,CIAT-7339,Fabales,Fabaceae,Indigofera,lespedezioides,Indigofera lespedezioides,Herbaceous_legumes,5,91.95160968,16.59236708,83.40763292,24.9715208,43.20852578,57.47737849
1,134,Genetic bank,F24-3437,CIAT-7339,Fabales,Fabaceae,Indigofera,lespedezioides,Indigofera lespedezioides,Herbaceous_legumes,5,92.02,16.33340578,83.66659422,24.9715208,42.21981356,58.39826568
1,135,Genetic bank,F24-3438,CIAT-7469,Fabales,Fabaceae,Clitoria,ternatea,Clitoria ternatea,Herbaceous_legumes,5,92.12,8.119843682,91.88015632,26.36670549,22.4549051,62.05313956
1,136,Genetic bank,F24-3438,CIAT-7469,Fabales,Fabaceae,Clitoria,ternatea,Clitoria ternatea,Herbaceous_legumes,5,92.21,8.068539204,91.9314608,26.36670549,22.63033261,59.00410402
1,137,Genetic bank,F24-3439,CIAT-7643,Fabales,Fabaceae,Desmanthus,pernambucanus,Desmanthus pernambucanus,Shrub_Trees,5,93.86122775,7.349808266,92.65019173,22.49012437,37.87869213,65.61156874
1,137,Genetic bank,F24-3439,CIAT-7643,Fabales,Fabaceae,Desmanthus,pernambucanus,Desmanthus pernambucanus,Browse,5,93.86122775,7.349808266,92.65019173,22.49012437,37.87869213,65.61156874
1,138,Genetic bank,F24-3439,CIAT-7643,Fabales,Fabaceae,Desmanthus,pernambucanus,Desmanthus pernambucanus,Shrub_Trees,5,93.78186544,7.355292613,92.64470739,22.49012437,37.73069582,68.35352315
1,138,Genetic bank,F24-3439,CIAT-7643,Fabales,Fabaceae,Desmanthus,pernambucanus,Desmanthus pernambucanus,Browse,5,93.78186544,7.355292613,92.64470739,22.49012437,37.73069582,68.35352315
1,139,Genetic bank,F24-3440,CIAT-7703,Fabales,Fabaceae,Aeschynomene,indica,Aeschynomene indica,Herbaceous_legumes,5,91.87,8.871231087,91.12876891,22.07736189,32.9712372,68.51876674
1,140,Genetic bank,F24-3440,CIAT-7703,Fabales,Fabaceae,Aeschynomene,indica,Aeschynomene indica,Herbaceous_legumes,5,92.02239328,8.821292776,91.17870722,22.07736189,31.23087411,66.06015039
1,141,Genetic bank,F24-3441,CIAT-7714,Fabales,Fabaceae,Alysicarpus,glumaceus,Alysicarpus glumaceus,Herbaceous_legumes,6,93.00209937,17.49973127,82.50026873,21.81506189,27.92135262,78.84631195
1,142,Genetic bank,F24-3441,CIAT-7714,Fabales,Fabaceae,Alysicarpus,glumaceus,Alysicarpus glumaceus,Herbaceous_legumes,6,93.10137972,17.40764605,82.59235395,20.28418036,27.65421243,85.85070439
1,143,Genetic bank,F24-3442,CIAT-7757,Fabales,Fabaceae,Clitoria,ternatea,Clitoria ternatea,Herbaceous_legumes,6,92.05,8.24551874,91.75448126,20.48925605,22.59976687,58.39083458
1,144,Genetic bank,F24-3442,CIAT-7757,Fabales,Fabaceae,Clitoria,ternatea,Clitoria ternatea,Herbaceous_legumes,6,92.19078092,8.242950108,91.75704989,24.74174315,21.29895765,56.06940958
1,145,Genetic bank,F24-3443,CIAT-7759,Fabales,Fabaceae,Clitoria,ternatea,Clitoria ternatea,Herbaceous_legumes,6,93.50064994,5.84964175,94.15035825,24.36583118,14.53248615,58.98002117
1,146,Genetic bank,F24-3443,CIAT-7759,Fabales,Fabaceae,Clitoria,ternatea,Clitoria ternatea,Herbaceous_legumes,6,93.58256697,5.874813074,94.12518693,16.46597185,14.83314484,62.65440889
1,147,Genetic bank,F24-3444,CIAT-7790,Fabales,Fabaceae,Crotalaria,pallida,Crotalaria pallida,Herbaceous_legumes,6,92.11236629,5.882352941,94.11764706,16.72167743,19.8245911,69.21233731
1,148,Genetic bank,F24-3444,CIAT-7790,Fabales,Fabaceae,Crotalaria,pallida,Crotalaria pallida,Herbaceous_legumes,6,92.11,5.819129302,94.1808707,27.45061497,20.34777443,66.01173228
1,149,Genetic bank,F24-3445,CIAT-7792,Fabales,Fabaceae,Chamaecrista,rotundifolia,Chamaecrista rotundifolia,Herbaceous_legumes,6,92.81287485,8.045234249,91.95476575,27.22443596,22.88043504,63.71707787
1,150,Genetic bank,F24-3445,CIAT-7792,Fabales,Fabaceae,Chamaecrista,rotundifolia,Chamaecrista rotundifolia,Herbaceous_legumes,6,92.94,8.058962772,91.94103723,20.0368879,24.12041423,64.27107457
1,151,Genetic bank,F24-3446,CIAT-7816,Fabales,Fabaceae,Indigofera,spicata,Indigofera spicata,Herbaceous_legumes,6,92.43,17.50513902,82.49486098,20.11818757,23.70514025,52.81681908
1,152,Genetic bank,F24-3446,CIAT-7816,Fabales,Fabaceae,Indigofera,spicata,Indigofera spicata,Herbaceous_legumes,6,92.57222833,17.66738661,82.33261339,28.00864661,22.50770485,56.66845589
1,153,Genetic bank,F24-3447,CIAT-7858,Fabales,Fabaceaee,Crotalaria,incana,Crotalaria incana,Herbaceous_legumes,6,93.09,9.098721667,90.90127833,27.81204464,25.7221982,61.77373494
1,154,Genetic bank,F24-3447,CIAT-7858,Fabales,Fabaceaee,Crotalaria,incana,Crotalaria incana,Herbaceous_legumes,6,93.22,9.193306157,90.80669384,31.04914222,21.43747509,59.73569591
1,155,Genetic bank,F24-3448,CIAT-7972,Fabales,Fabaceae,Canavalia,brasiliensis,Canavalia brasiliensis,Herbaceous_legumes,6,91.82,17.45807014,82.54192986,31.48000483,23.19506902,56.65005578
1,156,Genetic bank,F24-3448,CIAT-7972,Fabales,Fabaceae,Canavalia,brasiliensis,Canavalia brasiliensis,Herbaceous_legumes,6,91.94,18.17489667,81.82510333,26.54802683,24.54656549,55.56824783
1,157,Genetic bank,F24-3449,CIAT-8205,Fabales,Fabaceae,Indigofera,suffruticosa,Indigofera suffruticosa,Herbaceous_legumes,6,92.13,14.53381092,85.46618908,26.44871462,27.03323488,51.67027222
1,158,Genetic bank,F24-3449,CIAT-8205,Fabales,Fabaceae,Indigofera,suffruticosa,Indigofera suffruticosa,Herbaceous_legumes,6,92.32,14.77469671,85.22530329,24.22130138,26.47175558,50.71835274
1,159,Genetic bank,F24-3450,CIAT-8402,Fabales,Fabaceae,Indigofera,suffruticosa,Indigofera suffruticosa,Herbaceous_legumes,6,91.95,17.70527461,82.29472539,24.27789935,18.67186303,46.29907217
1,160,Genetic bank,F24-3450,CIAT-8402,Fabales,Fabaceae,Indigofera,suffruticosa,Indigofera suffruticosa,Herbaceous_legumes,6,92.07,17.73650483,82.26349517,26.88677861,19.31440151,49.50011789
1,161,Genetic bank,F24-3451,CIAT-8408,Fabales,Fabaceae,Chamaecrista,nictitans,Chamaecrista nictitans,Herbaceous_legumes,6,93.96181146,6.841153314,93.15884669,26.31287847,38.79729316,58.5049959
1,162,Genetic bank,F24-3451,CIAT-8408,Fabales,Fabaceae,Chamaecrista,nictitans,Chamaecrista nictitans,Herbaceous_legumes,6,94.07177847,6.92879915,93.07120085,23.38805912,37.96925721,58.80299642
1,163,Genetic bank,F24-3452,CIAT-8409,Fabales,Fabaceae,Chamaecrista,nictitans,Chamaecrista nictitans,Herbaceous_legumes,6,91.91242627,7.613661083,92.38633892,23.91713839,39.31213235,62.40454731
1,164,Genetic bank,F24-3452,CIAT-8409,Fabales,Fabaceae,Chamaecrista,nictitans,Chamaecrista nictitans,Herbaceous_legumes,6,91.96160768,7.708197434,92.29180257,27.78758071,36.74305595,61.30719696
1,165,Genetic bank,F24-3453,CIAT-8719,Fabales,Fabaceae,Canavalia,sp.,Canavalia sp. ,Herbaceous_legumes,6,93.42328836,17.1177918,82.8822082,27.31500964,16.43957802,41.54842529
1,165,Genetic bank,F24-3453,CIAT-8719,Fabales,Fabaceae,Canavalia,sp.,Canavalia sp.,Herbaceous_legumes,6,93.42328836,17.1177918,82.8822082,27.31500964,16.43957802,41.54842529
1,166,Genetic bank,F24-3453,CIAT-8719,Fabales,Fabaceae,Canavalia,sp.,Canavalia sp. ,Herbaceous_legumes,6,93.63191043,17.14712791,82.85287209,20.27819741,15.7587894,38.82112816
1,166,Genetic bank,F24-3453,CIAT-8719,Fabales,Fabaceae,Canavalia,sp.,Canavalia sp.,Herbaceous_legumes,6,93.63191043,17.14712791,82.85287209,20.27819741,15.7587894,38.82112816
1,167,Genetic bank,F24-3454,CIAT-8797,Fabales,Fabaceae,Desmanthus,virgatus,Desmanthus virgatus,Shrub_Trees,6,93.09345327,7.118316513,92.88168349,20.40453153,30.11625699,59.23304043
1,168,Genetic bank,F24-3454,CIAT-8797,Fabales,Fabaceae,Desmanthus,virgatus,Desmanthus virgatus,Shrub_Trees,6,92.8035982,7.000538503,92.9994615,25.85455626,30.31925063,60.66695616
1,169,Genetic bank,F24-3455,CIAT-8819,Fabales,Fabaceae,Coursetia,caribaea,Coursetia caribaea,Herbaceous_legumes,6,91.69415292,13.75626771,86.24373229,26.18410142,17.66952458,51.40754591
1,170,Genetic bank,F24-3455,CIAT-8819,Fabales,Fabaceae,Coursetia,caribaea,Coursetia caribaea,Herbaceous_legumes,6,91.8632547,14.15669206,85.84330794,21.82881342,18.8169535,52.54392727
1,171,Genetic bank,F24-3456,CIAT-9170,Fabales,Fabaceae,Indigofera,lespedezioides,Indigofera lespedezioides,Herbaceous_legumes,6,93.08207538,15.32595854,84.67404146,21.52108571,41.69760353,54.82821066
1,172,Genetic bank,F24-3456,CIAT-9170,Fabales,Fabaceae,Indigofera,lespedezioides,Indigofera lespedezioides,Herbaceous_legumes,6,93.1,15.43501611,84.56498389,19.98669966,42.27515879,54.31525746
1,173,Genetic bank,F24-3457,CIAT-9254,Fabales,Fabaceae,Crotalaria,pallida,Crotalaria pallida,Herbaceous_legumes,6,90.86,6.603565926,93.39643407,20.48504618,21.24990056,55.38070717
1,174,Genetic bank,F24-3457,CIAT-9254,Fabales,Fabaceae,Crotalaria,pallida,Crotalaria pallida,Herbaceous_legumes,6,90.79276217,6.672539088,93.32746091,28.81052353,19.902591,55.2934955
1,175,Genetic bank,F24-3458,CIAT-9283,Fabales,Fabaceae,Crotalaria,pallida,Crotalaria pallida,Herbaceous_legumes,6,92.76072393,8.21386224,91.78613776,28.1974698,15.20329524,54.98031476
1,176,Genetic bank,F24-3458,CIAT-9283,Fabales,Fabaceae,Crotalaria,pallida,Crotalaria pallida,Herbaceous_legumes,6,92.84143171,8.173594659,91.82640534,22.91785074,14.82136258,53.34354543
1,177,Genetic bank,F24-3459,CIAT-9288,Fabales,Fabaceae,Indigofera,suffruticosa,Indigofera suffruticosa,Herbaceous_legumes,6,93.7,11.93169691,88.06830309,22.68467015,16.3291768,52.25645049
1,178,Genetic bank,F24-3459,CIAT-9288,Fabales,Fabaceae,Indigofera,suffruticosa,Indigofera suffruticosa,Herbaceous_legumes,6,93.81,11.88572647,88.11427353,32.48038724,16.59652115,52.56648835
1,179,Genetic bank,F24-3460,CIAT-9336,Fabales,Fabaceae,Clitoria,ternatea,Clitoria ternatea,Herbaceous_legumes,6,90.37192561,8.109304127,91.89069587,33.6886583,19.4231364,48.63511665
1,180,Genetic bank,F24-3460,CIAT-9336,Fabales,Fabaceae,Clitoria,ternatea,Clitoria ternatea,Herbaceous_legumes,6,90.41287614,8.11587793,91.88412207,29.64106629,18.88141789,48.58431045
1,181,Genetic bank,F24-3461,CIAT-9349,Fabales,Fabaceae,Mucuna,pruriens,Mucuna pruriens,Herbaceous_legumes,6,91.33260022,8.636164623,91.36383538,29.30719938,27.78135042,55.88215726
1,182,Genetic bank,F24-3461,CIAT-9349,Fabales,Fabaceae,Mucuna,pruriens,Mucuna pruriens,Herbaceous_legumes,6,91.51169766,8.631049929,91.36895007,31.45554367,27.82063691,55.24432534
1,183,Genetic bank,F24-3462,CIAT-9356,Fabales,Fabaceae,Tephrosia,noctiflora,Tephrosia noctiflora,Shrub_Trees,6,92.98070193,8.398752554,91.60124745,30.91120176,20.54193059,55.73179674
1,184,Genetic bank,F24-3462,CIAT-9356,Fabales,Fabaceae,Tephrosia,noctiflora,Tephrosia noctiflora,Shrub_Trees,6,93.08345827,8.321700848,91.67829915,30.33699987,20.66418291,56.22645599
1,185,Genetic bank,F24-3463,CIAT-9432,Fabales,Fabaceae,Clitoria,ternatea,Clitoria ternatea,Herbaceous_legumes,6,91.25437281,8.039430449,91.96056955,30.91952213,17.479488,46.48848228
1,186,Genetic bank,F24-3463,CIAT-9432,Fabales,Fabaceae,Clitoria,ternatea,Clitoria ternatea,Herbaceous_legumes,6,91.30434783,8.024083196,91.9759168,31.58965175,18.35267878,43.41779879
1,187,Genetic bank,F24-3464,CIAT-9433,Fabales,Fabaceae,Clitoria,ternatea,Clitoria ternatea,Herbaceous_legumes,6,94.25287356,9.48038176,90.51961824,30.58656643,21.95966794,44.31689873
1,188,Genetic bank,F24-3464,CIAT-9433,Fabales,Fabaceae,Clitoria,ternatea,Clitoria ternatea,Herbaceous_legumes,6,94.29285357,9.402162391,90.59783761,32.77093817,21.92787958,41.96699963
1,189,Genetic bank,F24-3465,CIAT-9435,Fabales,Fabaceae,Desmanthus,pubescens,Desmanthus pubescens,Shrub_Trees,6,94.59108178,8.498044604,91.5019554,26.8210407,35.84907394,54.40665917
1,190,Genetic bank,F24-3465,CIAT-9435,Fabales,Fabaceae,Desmanthus,pubescens,Desmanthus pubescens,Shrub_Trees,6,94.58162551,8.466335483,91.53366452,26.72960421,36.26464947,53.24478227
1,191,Genetic bank,F24-3466,CIAT-9530,Fabales,Fabaceae,Crotalaria,maypurensis,Crotalaria maypurensis,Herbaceous_legumes,6,93.22338831,8.845287874,91.15471213,32.65498846,11.18089503,32.95438697
1,192,Genetic bank,F24-3466,CIAT-9530,Fabales,Fabaceae,Crotalaria,maypurensis,Crotalaria maypurensis,Herbaceous_legumes,6,93.30267893,8.742232698,91.2577673,32.65498846,10.49283823,31.44356105
1,193,Genetic bank,F24-3467,CIAT-9562,Fabales,Fabaceae,Eriosema,diffusum,Eriosema diffusum,Herbaceous_legumes,6,93.91,8.508146097,91.4918539,18.10554432,52.00739046,64.33949364
1,194,Genetic bank,F24-3467,CIAT-9562,Fabales,Fabaceae,Eriosema,diffusum,Eriosema diffusum,Herbaceous_legumes,6,93.95302349,8.29787234,91.70212766,18.10554432,51.91912419,64.76360299
1,195,Genetic bank,F24-3468,CIAT-9982,Fabales,Fabaceae,Crotalaria,incana,Crotalaria incana,Herbaceous_legumes,6,93.76311844,8.613154248,91.38684575,26.85672385,13.97311302,46.44758291
1,196,Genetic bank,F24-3468,CIAT-9982,Fabales,Fabaceae,Crotalaria,incana,Crotalaria incana,Herbaceous_legumes,6,93.87,8.682220092,91.31777991,26.85672385,14.68470551,47.21445736
1,197,Genetic bank,F24-3469,CIAT-10647,Fabales,Fabaceae,Stylosanthes,scabra,Stylosanthes scabra,Herbaceous_legumes,6,92.95281887,9.34509087,90.65490913,20.01579809,32.86281412,57.000799
1,198,Genetic bank,F24-3469,CIAT-10647,Fabales,Fabaceae,Stylosanthes,scabra,Stylosanthes scabra,Herbaceous_legumes,6,92.90283886,9.371637616,90.62836238,20.01579809,32.02166593,55.38741874
1,199,Genetic bank,F24-3470,CIAT-11194,Fabales,Fabaceae,Stylosanthes,hamata,Stylosanthes hamata,Herbaceous_legumes,6,92.88213536,9.783661608,90.21633839,21.17967693,30.39423714,56.19486686
1,200,Genetic bank,F24-3470,CIAT-11194,Fabales,Fabaceae,Stylosanthes,hamata,Stylosanthes hamata,Herbaceous_legumes,6,92.90070993,9.428479173,90.57152083,21.17967693,29.96561182,55.67934921
1,201,Genetic bank,F24-3471,CIAT-11999,Fabales,Fabaceae,Stylosanthes,guianensis,Stylosanthes guianensis,Herbaceous_legumes,7,93.44196741,10.27,89.73,20.08914589,32.87994342,59.74610052
1,202,Genetic bank,F24-3471,CIAT-11999,Fabales,Fabaceae,Stylosanthes,guianensis,Stylosanthes guianensis,Herbaceous_legumes,7,93.56321839,10.66,89.34,20.08914589,34.91029039,62.88729593
1,203,Genetic bank,F24-3472,CIAT-12318,Fabales,Fabaceae,Stylosanthes,hamata,Stylosanthes hamata,Herbaceous_legumes,7,94.10294853,11.07,88.93,22.04897357,29.13357684,53.9014198
1,204,Genetic bank,F24-3472,CIAT-12318,Fabales,Fabaceae,Stylosanthes,hamata,Stylosanthes hamata,Herbaceous_legumes,7,94.10176947,11.1,88.9,22.04897357,29.55287829,56.60899712
1,205,Genetic bank,F24-3473,CIAT-13575,Fabales,Fabaceae,Desmodium,incanum,Desmodium incanum,Herbaceous_legumes,7,94.10117976,11.54,88.46,23.16919124,43.40548533,57.12037272
1,206,Genetic bank,F24-3473,CIAT-13575,Fabales,Fabaceae,Desmodium,incanum,Desmodium incanum,Herbaceous_legumes,7,94.17174848,11.49,88.51,23.16919124,44.76981353,58.0918596
1,207,Genetic bank,F24-3474,CIAT-13609,Fabales,Fabaceae,Desmodium,incanum,Desmodium incanum,Herbaceous_legumes,7,93.34332834,11.75,88.25,20.01347066,42.15809354,58.11257089
1,208,Genetic bank,F24-3474,CIAT-13609,Fabales,Fabaceae,Desmodium,incanum,Desmodium incanum,Herbaceous_legumes,7,93.46065393,11.4,88.6,20.01347066,39.54776388,59.44898239
1,209,Genetic bank,F24-3475,CIAT-15551,Fabales,Fabaceae,Centrosema,molle,Centrosema molle,Herbaceous_legumes,7,93.77,10.47,89.53,22.31266675,23.34914874,62.3421133
1,210,Genetic bank,F24-3475,CIAT-15551,Fabales,Fabaceae,Centrosema,molle,Centrosema molle,Herbaceous_legumes,7,93.73188044,10.5,89.5,22.31266675,23.9957097,60.83413376
1,211,Genetic bank,F24-3476,CIAT-17024,Fabales,Fabaceae,Desmanthus,pernambucanus,Desmanthus pernambucanus,Shrub_Trees,7,92.54372814,8.19,91.81,24.6266959,31.82647479,58.56969638
1,212,Genetic bank,F24-3476,CIAT-17024,Fabales,Fabaceae,Desmanthus,pernambucanus,Desmanthus pernambucanus,Shrub_Trees,7,92.52074793,8.27,91.73,24.6266959,32.23746214,57.90037398
1,213,Genetic bank,F24-3477,CIAT-17091,Fabales,Fabaceae,Crotalaria,micans,Crotalaria micans,Herbaceous_legumes,7,94.18058194,8.39,91.61,24.38060094,16.95252212,49.48032931
1,214,Genetic bank,F24-3477,CIAT-17091,Fabales,Fabaceae,Crotalaria,micans,Crotalaria micans,Herbaceous_legumes,7,94.94252874,8.35,91.65,24.38060094,17.35354831,49.98714161
1,215,Genetic bank,F24-3478,CIAT-17365,Fabales,Fabaceae,Clitoria,ternatea,Clitoria ternatea,Herbaceous_legumes,7,93.39198241,7.51,92.49,32.12201646,23.04515395,50.87574418
1,216,Genetic bank,F24-3478,CIAT-17365,Fabales,Fabaceae,Clitoria,ternatea,Clitoria ternatea,Herbaceous_legumes,7,93.3819854,7.75,92.25,32.12201646,23.6922525,52.57080849
1,217,Genetic bank,F24-3479,CIAT-17451,Fabales,Fabaceae,Canavalia,sp.,Canavalia sp.,Herbaceous_legumes,7,91.65333866,19.59,80.41,22.34228589,19.9664378,48.93839022
1,218,Genetic bank,F24-3479,CIAT-17451,Fabales,Fabaceae,Canavalia,sp.,Canavalia sp.,Herbaceous_legumes,7,91.63418291,19.36,80.64,22.34228589,20.18369925,49.34587812
1,219,Genetic bank,F24-3480,CIAT-17775,Fabales,Fabaceae,Christia,obcordata,Christia obcordata,Herbaceous_legumes,7,94.07177847,10.68,89.32,16.04996893,25.64550373,53.08435061
1,220,Genetic bank,F24-3480,CIAT-17775,Fabales,Fabaceae,Christia,obcordata,Christia obcordata,Herbaceous_legumes,7,94.53218713,10.77,89.23,16.04996893,26.42741792,56.8515635
1,221,Genetic bank,F24-3481,CIAT-18016,Fabales,Fabaceae,Sesbania,emerus,Sesbania emerus,Shrub_Trees,7,93.01209637,7.6,92.4,24.15784219,27.14059342,56.82055093
1,222,Genetic bank,F24-3481,CIAT-18016,Fabales,Fabaceae,Sesbania,emerus,Sesbania emerus,Shrub_Trees,7,93.43328336,7.77,92.23,24.15784219,29.09217348,55.9426071
1,223,Genetic bank,F24-3482,CIAT-18044,Fabales,Fabaceae,Christia,sp.,Christia sp.,Herbaceous_legumes,7,93.71188643,14.45,85.55,21.00012874,23.0296543,55.45525749
1,224,Genetic bank,F24-3482,CIAT-18044,Fabales,Fabaceae,Christia,sp.,Christia sp.,Herbaceous_legumes,7,93.62191343,14.43,85.57,21.00012874,22.35806629,53.90309322
1,225,Genetic bank,F24-3483,CIAT-18288,Fabales,Fabaceae,Sesbania,exasperata,Sesbania exasperata,Shrub_Trees,7,92.94211736,8.93,91.07,23.18028169,28.03169547,51.51388346
1,226,Genetic bank,F24-3483,CIAT-18288,Fabales,Fabaceae,Sesbania,exasperata,Sesbania exasperata,Shrub_Trees,7,92.88071193,8.85,91.15,23.18028169,27.86880464,50.69343764
1,227,Genetic bank,F24-3484,CIAT-18447,Fabales,Fabaceae,Clitoria,ternatea,Clitoria ternatea,Herbaceous_legumes,7,92.82358821,7.45,92.55,29.41115131,26.35106691,55.79141192
1,228,Genetic bank,F24-3484,CIAT-18447,Fabales,Fabaceae,Clitoria,ternatea,Clitoria ternatea,Herbaceous_legumes,7,93.04347826,7.55,92.45,29.41115131,26.04200502,52.30868327
1,229,Genetic bank,F24-3485,CIAT-18455,Fabales,Fabaceae,Christia,obcordata,Christia obcordata,Herbaceous_legumes,7,93.2133933,14.5,85.5,21.77303294,22.36886095,52.98974006
1,230,Genetic bank,F24-3485,CIAT-18455,Fabales,Fabaceae,Christia,obcordata,Christia obcordata,Herbaceous_legumes,7,93.1934033,14.4,85.6,21.77303294,22.17147418,51.86406202
1,231,Genetic bank,F24-3486,CIAT-18707,Fabales,Fabaceae,Crotalaria,pallida,Crotalaria pallida,Herbaceous_legumes,7,92.76144771,7.32,92.68,37.49811369,22.10757358,53.42481874
1,232,Genetic bank,F24-3486,CIAT-18707,Fabales,Fabaceae,Crotalaria,pallida,Crotalaria pallida,Herbaceous_legumes,7,92.89071093,7.56,92.44,37.49811369,21.95488639,50.42831902
1,233,Genetic bank,F24-3487,CIAT-18749,Fabales,Fabaceae,Arachis,pintoi,Arachis pintoi,Herbaceous_legumes,7,92.8035982,14.34,85.66,21.12793945,27.2652202,51.9975456
1,234,Genetic bank,F24-3487,CIAT-18749,Fabales,Fabaceae,Arachis,pintoi,Arachis pintoi,Herbaceous_legumes,7,92.5914817,14.3,85.7,21.12793945,27.58363749,51.060095
1,235,Genetic bank,F24-3488,CIAT-18813,Fabales,Fabaceae,Crotalaria,nitens,Crotalaria nitens,Herbaceous_legumes,7,91.65083492,17.07,82.93,17.16342238,28.31696092,51.62297256
1,236,Genetic bank,F24-3488,CIAT-18813,Fabales,Fabaceae,Crotalaria,nitens,Crotalaria nitens,Herbaceous_legumes,7,91.94322271,16.75,83.25,17.16342238,29.05665181,53.11918178
1,237,Genetic bank,F24-3489,CIAT-18848,Fabales,Fabaceae,Alysicarpus,rugosus,Alysicarpus rugosus,Herbaceous_legumes,7,94.39112178,24.47,75.53,19.98876765,27.49648452,47.60570016
1,238,Genetic bank,F24-3489,CIAT-18848,Fabales,Fabaceae,Alysicarpus,rugosus,Alysicarpus rugosus,Herbaceous_legumes,7,94.46276862,24.54,75.46,19.98876765,28.76811422,49.0627287
1,239,Genetic bank,F24-3490,CIAT-18862,Fabales,Fabaceae,Alysicarpus,rugosus,Alysicarpus rugosus,Herbaceous_legumes,7,93.03069693,16.41,83.59,24.57881528,21.78161327,48.20003233
1,240,Genetic bank,F24-3490,CIAT-18862,Fabales,Fabaceae,Alysicarpus,rugosus,Alysicarpus rugosus,Herbaceous_legumes,7,93.1,16.3,83.7,24.57881528,21.65625612,50.66652966
1,241,Genetic bank,F24-3491,CIAT-18931,Fabales,Fabaceae,Tephrosia,linearis,Tephrosia linearis,Shrub_Trees,7,93.5,10.87,89.13,28.55552953,19.66808936,59.36999731
1,242,Genetic bank,F24-3491,CIAT-18931,Fabales,Fabaceae,Tephrosia,linearis,Tephrosia linearis,Shrub_Trees,7,93.57128574,10.7,89.3,28.55552953,18.48001434,62.80288074
1,243,Genetic bank,F24-3492,CIAT-19038,Fabales,Fabaceae,Canavalia,sp.,Canavalia sp.,Shrub_Trees,7,90.16196761,16.15,83.85,23.78356078,17.61235458,48.86713402
1,244,Genetic bank,F24-3492,CIAT-19038,Fabales,Fabaceae,Canavalia,sp.,Canavalia sp.,Shrub_Trees,7,90.1809819,15.92,84.08,23.78356078,17.61002711,46.42771692
1,245,Genetic bank,F24-3493,CIAT-19118,Fabales,Fabaceae,Alysicarpus,rugosus,Alysicarpus rugosus,Herbaceous_legumes,7,92.87,11.42,88.58,22.79950205,24.47548155,44.41393365
1,246,Genetic bank,F24-3493,CIAT-19118,Fabales,Fabaceae,Alysicarpus,rugosus,Alysicarpus rugosus,Herbaceous_legumes,7,92.97070293,11.36,88.64,22.79950205,23.88458886,44.21131787
1,247,Genetic bank,F24-3494,CIAT-19127,Fabales,Fabaceae,Alysicarpus,rugosus,Alysicarpus rugosus,Herbaceous_legumes,7,92.21,10.3,89.7,19.49502682,35.05181828,58.78371748
1,248,Genetic bank,F24-3494,CIAT-19127,Fabales,Fabaceae,Alysicarpus,rugosus,Alysicarpus rugosus,Herbaceous_legumes,7,92.29308277,10.47,89.53,19.49502682,34.7676365,57.0833901
1,249,Genetic bank,F24-3495,CIAT-19128,Fabales,Fabaceae,Alysicarpus,rugosus,Alysicarpus rugosus,Herbaceous_legumes,7,92.64073593,9.47,90.53,17.09154173,39.78003939,61.61152598
1,250,Genetic bank,F24-3495,CIAT-19128,Fabales,Fabaceae,Alysicarpus,rugosus,Alysicarpus rugosus,Herbaceous_legumes,7,92.73,9.43,90.57,17.09154173,40.24005698,62.33478588
1,251,Genetic bank,F24-3496,CIAT-19129,Fabales,Fabaceae,Alysicarpus,rugosus,Alysicarpus rugosus,Herbaceous_legumes,7,93.40131974,11.55,88.45,17.81459969,36.53895419,61.30686614
1,252,Genetic bank,F24-3496,CIAT-19129,Fabales,Fabaceae,Alysicarpus,rugosus,Alysicarpus rugosus,Herbaceous_legumes,7,93.51259496,12.42,87.58,17.81459969,36.88109426,62.84621258
1,253,Genetic bank,F24-3497,CIAT-19133,Fabales,Fabaceae,Alysicarpus,rugosus,Alysicarpus rugosus,Herbaceous_legumes,7,93.1427429,12,88,17.49348196,34.69912088,54.5170921
1,254,Genetic bank,F24-3497,CIAT-19133,Fabales,Fabaceae,Alysicarpus,rugosus,Alysicarpus rugosus,Herbaceous_legumes,7,93.11206638,11.62,88.38,17.49348196,35.41555783,55.78320225
1,255,Genetic bank,F24-3498,CIAT-19137,Fabales,Fabaceae,Alysicarpus,rugosus,Alysicarpus rugosus,Herbaceous_legumes,7,93.79186244,11.03,88.97,18.129116,33.73327237,57.75025344
1,256,Genetic bank,F24-3498,CIAT-19137,Fabales,Fabaceae,Alysicarpus,rugosus,Alysicarpus rugosus,Herbaceous_legumes,7,93.75187444,10.9,89.1,18.129116,32.95148153,56.38903013
1,257,Genetic bank,F24-3499,CIAT-19138,Fabales,Fabaceae,Alysicarpus,rugosus,Alysicarpus rugosus,Herbaceous_legumes,7,92.59,11.35,88.65,21.31731707,31.79353115,52.53681868
1,258,Genetic bank,F24-3499,CIAT-19138,Fabales,Fabaceae,Alysicarpus,rugosus,Alysicarpus rugosus,Herbaceous_legumes,7,92.79144171,11.39,88.61,21.31731707,33.27987896,55.52864413
1,259,Genetic bank,F24-3500,CIAT-19139,Fabales,Fabaceae,Alysicarpus,ovalifolius,Alysicarpus ovalifolius,Herbaceous_legumes,7,94.61107778,11.35,88.65,18.53940369,34.81682261,58.66046333
1,260,Genetic bank,F24-3500,CIAT-19139,Fabales,Fabaceae,Alysicarpus,ovalifolius,Alysicarpus ovalifolius,Herbaceous_legumes,7,94.6,12.74,87.26,18.53940369,35.24884387,57.95584582
1,261,Breeding,F25-0990,CIAT-PM-21-0053,Poales,Poaceae,Megathyrsus ,maximus,Megathyrsus maximus,Grass,9,95.81083783,11.32941805,88.67058195,14.96531353,32.53639506,68.53177284
1,262,Breeding,F25-0990,CIAT-PM-21-0053,Poales,Poaceae,Megathyrsus ,maximus,Megathyrsus maximus,Grass,9,95.79084183,11.49829497,88.50170503,14.87996188,32.78350617,67.33190402
1,263,Breeding,F25-0991,CIAT-PM-21-3550,Poales,Poaceae,Megathyrsus ,maximus,Megathyrsus maximus,Grass,9,96.61067786,14.45783133,85.54216867,14.61138437,30.37265304,69.19046891
1,264,Breeding,F25-0991,CIAT-PM-21-3550,Poales,Poaceae,Megathyrsus ,maximus,Megathyrsus maximus,Grass,9,96.74065187,14.08552666,85.91447334,14.66250156,29.9010778,69.17109189
1,265,Breeding,F25-0992,CIAT-PM-21-3595,Poales,Poaceae,Megathyrsus ,maximus,Megathyrsus maximus,Grass,9,95.85248851,16.73980732,83.26019268,14.24606837,30.98589752,68.01592327
1,266,Breeding,F25-0992,CIAT-PM-21-3595,Poales,Poaceae,Megathyrsus ,maximus,Megathyrsus maximus,Grass,9,95.91040896,16.4770353,83.5229647,14.27360147,30.73517261,69.44917382
1,267,Breeding,F25-0993,CIAT-PM-21-0086,Poales,Poaceae,Megathyrsus ,maximus,Megathyrsus maximus,Grass,9,96.84189486,14.85698155,85.14301845,14.78636094,31.13377098,67.36537042
1,268,Breeding,F25-0993,CIAT-PM-21-0086,Poales,Poaceae,Megathyrsus ,maximus,Megathyrsus maximus,Grass,9,98.10094953,15.86338695,84.13661305,14.82641469,30.89849036,67.38660852
1,269,Breeding,F25-0994,CIAT-CIAT-16048,Poales,Poaceae,Megathyrsus ,maximus,Megathyrsus maximus,Grass,9,97.4005199,15.36170064,84.63829936,17.38158977,31.70948586,67.28661645
1,270,Breeding,F25-0994,CIAT-CIAT-16048,Poales,Poaceae,Megathyrsus ,maximus,Megathyrsus maximus,Grass,9,97.72113943,15.19317615,84.80682385,17.29409903,32.28483412,66.91753728
1,271,Breeding,F25-0995,CIAT-PM-21-0185,Poales,Poaceae,Megathyrsus ,maximus,Megathyrsus maximus,Grass,9,96.40107968,13.85279361,86.14720639,16.73943327,28.14452653,67.12855577
1,272,Breeding,F25-0995,CIAT-PM-21-0185,Poales,Poaceae,Megathyrsus ,maximus,Megathyrsus maximus,Grass,9,96.57068586,13.91635144,86.08364856,16.71191561,27.65736162,66.53369288
1,273,Breeding,F25-0996,CIAT-PM-21-0215,Poales,Poaceae,Megathyrsus ,maximus,Megathyrsus maximus,Grass,9,95.47090582,13.56552662,86.43447338,15.16534338,30.5316324,67.38710857
1,274,Breeding,F25-0996,CIAT-PM-21-0215,Poales,Poaceae,Megathyrsus ,maximus,Megathyrsus maximus,Grass,9,95.71085783,13.85838301,86.14161699,15.15622351,29.95867818,67.08174063
1,275,Breeding,F25-0997,CIAT-CIAT-16051,Poales,Poaceae,Megathyrsus ,maximus,Megathyrsus maximus,Grass,9,95.99160336,13.92039263,86.07960737,14.95914637,30.83925513,68.17360139
1,276,Breeding,F25-0997,CIAT-CIAT-16051,Poales,Poaceae,Megathyrsus ,maximus,Megathyrsus maximus,Grass,9,96.31110667,14.03615291,85.96384709,14.8674968,32.38095659,68.26430601
1,277,Breeding,F25-0998,CIAT-PM-21-6080,Poales,Poaceae,Megathyrsus ,maximus,Megathyrsus maximus,Grass,9,96.23188406,15.38458715,84.61541285,18.25157098,32.95488054,67.99010871
1,278,Breeding,F25-0998,CIAT-PM-21-6080,Poales,Poaceae,Megathyrsus ,maximus,Megathyrsus maximus,Grass,9,96.46212273,15.4971518,84.5028482,18.32939294,31.03260627,66.94630865
1,279,Breeding,F25-0999,CIAT-PM-21-3684,Poales,Poaceae,Megathyrsus ,maximus,Megathyrsus maximus,Grass,9,97.17113155,13.43671584,86.56328416,14.74815432,30.42779577,70.47290392
1,280,Breeding,F25-0999,CIAT-PM-21-3684,Poales,Poaceae,Megathyrsus ,maximus,Megathyrsus maximus,Grass,9,97.59024098,13.48181825,86.51818175,14.81448566,30.3439653,69.59211162
1,281,Breeding,F25-1000,CIAT-PM-21-0076,Poales,Poaceae,Megathyrsus ,maximus,Megathyrsus maximus,Grass,9,94.86205518,15.38785613,84.61214387,16.17987857,32.38276338,66.29959502
1,282,Breeding,F25-1000,CIAT-PM-21-0076,Poales,Poaceae,Megathyrsus ,maximus,Megathyrsus maximus,Grass,9,94.95201919,15.46158302,84.53841698,16.12435126,31.99884195,68.90957631
1,283,Breeding,F25-1001,CIAT-CIAT-6890,Poales,Poaceae,Megathyrsus ,maximus,Megathyrsus maximus,Grass,9,96.18076385,12.257604,87.742396,15.95943204,34.22487194,72.59324657
1,284,Breeding,F25-1001,CIAT-CIAT-6890,Poales,Poaceae,Megathyrsus ,maximus,Megathyrsus maximus,Grass,9,96.15115465,12.38112547,87.61887453,15.77201324,34.31538841,70.17951969
1,285,Breeding,F25-1002,CIAT-PM-21-6638,Poales,Poaceae,Megathyrsus ,maximus,Megathyrsus maximus,Grass,9,95.58044196,16.63948086,83.36051914,14.34328359,34.63058061,67.43302037
1,286,Breeding,F25-1002,CIAT-PM-21-6638,Poales,Poaceae,Megathyrsus ,maximus,Megathyrsus maximus,Grass,9,95.75254847,16.65205953,83.34794047,14.14080122,34.45080839,67.24468019
1,287,Breeding,F25-1003,CIAT-PM-21-0052,Poales,Poaceae,Megathyrsus ,maximus,Megathyrsus maximus,Grass,9,95.44091182,14.00659997,85.99340003,15.22455413,32.18770122,65.50460292
1,288,Breeding,F25-1003,CIAT-PM-21-0052,Poales,Poaceae,Megathyrsus ,maximus,Megathyrsus maximus,Grass,9,95.43091382,14.25802734,85.74197266,15.58742586,31.43388207,64.74941504
1,289,Breeding,F25-1004,CIAT-PM-21-4449,Poales,Poaceae,Megathyrsus ,maximus,Megathyrsus maximus,Grass,9,96.06157537,12.77819967,87.22180033,14.59080653,32.8855697,69.88245799
1,290,Breeding,F25-1004,CIAT-PM-21-4449,Poales,Poaceae,Megathyrsus ,maximus,Megathyrsus maximus,Grass,9,96.22037796,12.82363416,87.17636584,14.48260316,32.44743262,70.47209663
1,291,Breeding,F25-1005,CIAT-CIAT-6799,Poales,Poaceae,Megathyrsus ,maximus,Megathyrsus maximus,Grass,9,96.48070386,12.7147176,87.2852824,13.53725897,33.72138703,71.71790917
1,292,Breeding,F25-1005,CIAT-CIAT-6799,Poales,Poaceae,Megathyrsus ,maximus,Megathyrsus maximus,Grass,9,95.54178329,12.59765157,87.40234843,13.55133911,33.67511874,71.3775575
1,293,Breeding,F25-1006,CIAT-PM-21-0055,Poales,Poaceae,Megathyrsus ,maximus,Megathyrsus maximus,Grass,9,96.09195402,13.64818247,86.35181753,16.61401948,31.83297629,65.81278849
1,294,Breeding,F25-1006,CIAT-PM-21-0055,Poales,Poaceae,Megathyrsus ,maximus,Megathyrsus maximus,Grass,9,96.51139544,13.01637385,86.98362615,16.34992592,31.41547205,65.54289024
1,295,Breeding,F25-1007,CIAT-PM-21-6529,Poales,Poaceae,Megathyrsus ,maximus,Megathyrsus maximus,Grass,9,96.59034097,14.84996726,85.15003274,12.65050808,30.39390062,68.25706692
1,296,Breeding,F25-1007,CIAT-PM-21-6529,Poales,Poaceae,Megathyrsus ,maximus,Megathyrsus maximus,Grass,9,96.52208675,14.99780349,85.00219651,12.71018213,29.89685493,68.09608318
1,297,Breeding,F25-1008,CIAT-PM-21-0047,Poales,Poaceae,Megathyrsus ,maximus,Megathyrsus maximus,Grass,9,96.09,15.07330816,84.92669184,14.15671899,32.59629299,65.76547247
1,298,Breeding,F25-1008,CIAT-PM-21-0047,Poales,Poaceae,Megathyrsus ,maximus,Megathyrsus maximus,Grass,9,96.17038296,14.79095997,85.20904003,14.14150019,31.98720776,65.93813728
1,299,Breeding,F25-1009,CIAT-PM-21-2195,Poales,Poaceae,Megathyrsus ,maximus,Megathyrsus maximus,Grass,9,97.01149425,14.12746664,85.87253336,15.47973651,30.67720851,67.56643306
1,300,Breeding,F25-1009,CIAT-PM-21-2195,Poales,Poaceae,Megathyrsus ,maximus,Megathyrsus maximus,Grass,9,96.98150925,13.86985419,86.13014581,15.50415588,30.74732786,66.85894962
1,301,Breeding,F25-1010,CIAT-PM-21-2627,Poales,Poaceae,Megathyrsus ,maximus,Megathyrsus maximus,Grass,9,97.25027497,14.80793063,85.19206937,17.32019145,33.60157216,66.28355195
1,302,Breeding,F25-1010,CIAT-PM-21-2627,Poales,Poaceae,Megathyrsus ,maximus,Megathyrsus maximus,Grass,9,97.49075277,15.00004235,84.99995765,17.2652394,33.48682654,65.28893892
1,303,Breeding,F25-1011,CIAT-PM-21-0059,Poales,Poaceae,Megathyrsus ,maximus,Megathyrsus maximus,Grass,9,97.47025297,14.00449367,85.99550633,16.6753137,31.69248342,65.75007251
1,304,Breeding,F25-1011,CIAT-PM-21-0059,Poales,Poaceae,Megathyrsus ,maximus,Megathyrsus maximus,Grass,9,97.5904819,14.0646005,85.9353995,16.74171199,31.70026851,65.1681837
1,305,Breeding,F25-1012,CIAT-PM-21-3522,Poales,Poaceae,Megathyrsus ,maximus,Megathyrsus maximus,Grass,9,97.04118353,14.40106979,85.59893021,13.19408879,24.69167246,66.26299639
1,306,Breeding,F25-1012,CIAT-PM-21-3522,Poales,Poaceae,Megathyrsus ,maximus,Megathyrsus maximus,Grass,9,97.31107557,14.79195597,85.20804403,13.05498049,25.11444188,66.66841311
1,307,Breeding,F25-1013,CIAT-PM-21-0062,Poales,Poaceae,Megathyrsus ,maximus,Megathyrsus maximus,Grass,9,98.04078369,17.22702375,82.77297625,13.54174136,24.39715579,67.9411322
1,308,Breeding,F25-1013,CIAT-PM-21-0062,Poales,Poaceae,Megathyrsus ,maximus,Megathyrsus maximus,Grass,9,98.20017998,14.25655569,85.74344431,13.39842885,24.44734141,67.94210782
1,309,Breeding,F25-1014,CIAT-PM-21-0906,Poales,Poaceae,Megathyrsus ,maximus,Megathyrsus maximus,Grass,9,97.30134933,15.21726034,84.78273966,14.75111841,19.40217094,67.25501918
1,310,Breeding,F25-1014,CIAT-PM-21-0906,Poales,Poaceae,Megathyrsus ,maximus,Megathyrsus maximus,Grass,9,97.5114931,15.43120179,84.56879821,14.5795761,19.59202941,67.14669629
1,311,Genetic bank,F24-3501,CIAT-19213,Fabales,Fabaceae,Clitoria,ternatea,Clitoria ternatea,Herbaceous_legumes,9,93.79,13.28,86.72,31.12,37.91203528,51.09922823
1,312,Genetic bank,F24-3501,CIAT-19213,Fabales,Fabaceae,Clitoria,ternatea,Clitoria ternatea,Herbaceous_legumes,9,93.89,10.3,89.7,31.12,37.20305777,51.52238104
1,313,Genetic bank,F24-3502,CIAT-19421,Fabales,Fabaceae,Uraria,lagopodioides,Uraria lagopodioides,Herbaceous_legumes,9,93.99,18.93,81.07,20.04,27.8491901,45.25680517
1,314,Genetic bank,F24-3502,CIAT-19421,Fabales,Fabaceae,Uraria,lagopodioides,Uraria lagopodioides,Herbaceous_legumes,9,94.19,18.42,81.58,20.04,27.7415394,46.82862197
1,315,Genetic bank,F24-3503,CIAT-19566,Fabales,Fabaceae,Tephrosia,noctiflora,Tephrosia noctiflora,Shrub_Trees,9,95.26,14.16,85.84,25.36,19.4,43.99759588
1,316,Genetic bank,F24-3503,CIAT-19566,Fabales,Fabaceae,Tephrosia,noctiflora,Tephrosia noctiflora,Shrub_Trees,9,92.23,10.69,89.31,25.36,19.59,41.19788364
1,317,Genetic bank,F24-3504,CIAT-19667,Fabales,Fabaceae,Indigofera,hirsuta,Indigofera hirsuta,Herbaceous_legumes,9,92.42,9.94,90.06,26,37.91,50.60512241
1,318,Genetic bank,F24-3504,CIAT-19667,Fabales,Fabaceae,Indigofera,hirsuta,Indigofera hirsuta,Herbaceous_legumes,9,92.42,9.97,90.03,26,37.2,50.45367896
1,319,Genetic bank,F24-3505,CIAT-19673,Fabales,Fabaceae,Alysicarpus,rugosus,Alysicarpus rugosus,Herbaceous_legumes,9,92.5,11.78,88.22,25.41,27.85,53.11875455
1,320,Genetic bank,F24-3505,CIAT-19673,Fabales,Fabaceae,Alysicarpus,rugosus,Alysicarpus rugosus,Herbaceous_legumes,9,92.52,12.18,87.82,25.41,27.74,53.03266615
1,321,Genetic bank,F24-3506,CIAT-19895,Fabales,Fabaceae,Aeschynomene ,americana,Aeschynomene americana,Herbaceous_legumes,10,93.29,11.32941805,88.67058195,25.26,25.07,61.34412539
1,322,Genetic bank,F24-3506,CIAT-19895,Fabales,Fabaceae,Aeschynomene ,americana,Aeschynomene americana,Herbaceous_legumes,10,93.42,11.49829497,88.50170503,25.26,26.35,62.77375665
1,323,Genetic bank,F24-3507,CIAT-20093,Fabales,Fabaceae,Canavalia ,sp.,Canavalia sp.,Herbaceous_legumes,10,94.33,12.9,87.1,24.07,16.35,51.228562
1,324,Genetic bank,F24-3507,CIAT-20093,Fabales,Fabaceae,Canavalia ,sp.,Canavalia sp.,Herbaceous_legumes,10,94.4,12.84,87.16,24.07,16.82,49.59492601
1,325,Genetic bank,F24-3508,CIAT-20113,Fabales,Fabaceae,Canavalia ,sp.,Canavalia sp.,Herbaceous_legumes,10,94.63,15.68,84.32,18.07,15.88,49.77840953
1,326,Genetic bank,F24-3508,CIAT-20113,Fabales,Fabaceae,Canavalia ,sp.,Canavalia sp.,Herbaceous_legumes,10,94.65,15.9,84.1,18.07,15.97,47.07623896
1,327,Genetic bank,F24-3509,CIAT-20125,Fabales,Fabaceae,Coursetia ,caribaea,Coursetia caribaea,Herbaceous_legumes,10,93.47,13.36,86.64,20.44,18.15,43.96964902
1,328,Genetic bank,F24-3509,CIAT-20125,Fabales,Fabaceae,Coursetia ,caribaea,Coursetia caribaea,Herbaceous_legumes,10,93.52,13.11,86.89,20.44,18.02,44.48801878
1,329,Genetic bank,F24-3510,CIAT-20298,Fabales,Fabaceae,Canavalia ,sp.,Canavalia sp.,Herbaceous_legumes,10,93.6,15.66,84.34,22.85,21.47,42.63122741
1,330,Genetic bank,F24-3510,CIAT-20298,Fabales,Fabaceae,Canavalia ,sp.,Canavalia sp.,Herbaceous_legumes,10,93.73,16.72,83.28,22.85,21.96,43.55083958
1,331,Genetic bank,F24-3511,CIAT-20305,Fabales,Fabaceae,Canavalia ,sp.,Canavalia sp.,Herbaceous_legumes,10,93.5,18.84,81.16,23.35,23.93,40.87592951
1,332,Genetic bank,F24-3511,CIAT-20305,Fabales,Fabaceae,Canavalia ,sp.,Canavalia sp.,Herbaceous_legumes,10,93.59,17.84,82.16,23.35,14.82,38.51805742
1,333,Genetic bank,F24-3512,CIAT-20803,Fabales,Fabaceae,Canavalia ,sp.,Canavalia sp.,Herbaceous_legumes,10,93.31,15.51,84.49,22.07,14.08,50.98866177
1,334,Genetic bank,F24-3512,CIAT-20803,Fabales,Fabaceae,Canavalia ,sp.,Canavalia sp.,Herbaceous_legumes,10,93.44,16.36,83.64,22.07,17.08,48.07773113
1,335,Genetic bank,F24-3513,CIAT-21031,Fabales,Fabaceae,Christia ,obcordata,Christia obcordata,Herbaceous_legumes,10,94.03,20.38,79.62,20.42,8.69,45.68423306
1,336,Genetic bank,F24-3513,CIAT-21031,Fabales,Fabaceae,Christia ,obcordata,Christia obcordata,Herbaceous_legumes,10,94.1,18.96,81.04,20.42,9.19,47.46090383
1,337,Genetic bank,F24-3514,CIAT-21128,Fabales,Fabaceae,Crotalaria,pallida,Crotalaria pallida,Herbaceous_legumes,10,93.45,8.52,91.48,29.38,36.43,54.46115777
1,338,Genetic bank,F24-3514,CIAT-21128,Fabales,Fabaceae,Crotalaria,pallida,Crotalaria pallida,Herbaceous_legumes,10,93.47,12.17,87.83,29.38,36.66,33.21057291
1,339,Genetic bank,F24-3515,CIAT-21212,Fabales,Fabaceae,Canavalia ,sp.,Canavalia sp.,Herbaceous_legumes,10,93.66,16.13,83.87,23.03,21.46,31.85832415
1,340,Genetic bank,F24-3515,CIAT-21212,Fabales,Fabaceae,Canavalia ,sp.,Canavalia sp.,Herbaceous_legumes,10,93.68,13.86,86.14,22.93,20.08,47.77324504
1,341,Genetic bank,F24-3516,CIAT-21263,Fabales,Fabaceae,Sesbania,rostrata,Sesbania rostrata,Shrub_Trees,10,92.54,12.14,87.86,25.01,15.29,41.7059865
1,342,Genetic bank,F24-3516,CIAT-21263,Fabales,Fabaceae,Sesbania,rostrata,Sesbania rostrata,Shrub_Trees,10,92.62,14.59,85.41,25.01,15.36,39.68293269
1,343,Genetic bank,F24-3517,CIAT-21514,Fabales,Fabaceae,Desmanthus ,virgatus,Desmanthus virgatus,Shrub_Trees,10,93.6,10.8,89.2,23.25,14.72,54.76079796
1,344,Genetic bank,F24-3517,CIAT-21514,Fabales,Fabaceae,Desmanthus ,virgatus,Desmanthus virgatus,Shrub_Trees,10,93.5,9.03,90.97,23.25,15.74,57.12951874
1,345,Genetic bank,F24-3518,CIAT-21565,Fabales,Fabaceae,Chamaecrista,rotundifolia,Chamaecrista rotundifolia,Herbaceous_legumes,10,92.59,7.83,92.17,19.59,33.67,60.30470265
1,346,Genetic bank,F24-3518,CIAT-21565,Fabales,Fabaceae,Chamaecrista,rotundifolia,Chamaecrista rotundifolia,Herbaceous_legumes,10,92.69,7.95,92.05,19.59,33.77,56.29007195
1,347,Genetic bank,F24-3519,CIAT-21709,Fabales,Fabaceae,Crotalaria ,juncea,Crotalaria juncea,Herbaceous_legumes,10,92.1,16.79,83.21,25.97,23.82,41.62168055
1,348,Genetic bank,F24-3519,CIAT-21709,Fabales,Fabaceae,Crotalaria ,juncea,Crotalaria juncea,Herbaceous_legumes,10,92.23,16.81,83.19,25.97,22.54,44.49315976
1,349,Genetic bank,F24-3520,CIAT-22286,Fabales,Fabaceae,Crotalaria,micans,Crotalaria micans,Herbaceous_legumes,10,93.56,10.41,89.59,25.3,24.8,42.0538243
1,350,Genetic bank,F24-3520,CIAT-22286,Fabales,Fabaceae,Crotalaria,micans,Crotalaria micans,Herbaceous_legumes,10,93.61,10.4,89.6,25.3,24.15,45.12117269
1,351,Genetic bank,F24-3521,CIAT-22475,Fabales,Fabaceae,Alysicarpus ,rugosus,Alysicarpus rugosus,Herbaceous_legumes,10,94.07,12.37,87.63,17.41,32.45,63.34684235
1,352,Genetic bank,F24-3521,CIAT-22475,Fabales,Fabaceae,Alysicarpus ,rugosus,Alysicarpus rugosus,Herbaceous_legumes,10,94.25,12.48,87.52,17.41,30.9,64.94851887
1,353,Genetic bank,F24-3522,CIAT-22481,Fabales,Fabaceae,Sesbania,cochinchinensis,Sesbania cochinchinensis,Shrub_Trees,10,91.91,10.32,89.68,31.18,25.71,60.12270719
1,354,Genetic bank,F24-3522,CIAT-22481,Fabales,Fabaceae,Sesbania,cochinchinensis,Sesbania cochinchinensis,Shrub_Trees,10,92.03,10.6,89.4,31.18,27.57,63.78830801
1,355,Genetic bank,F24-3523,CIAT-22520,Fabales,Fabaceae,Arachis,pusilla,Arachis pusilla,Herbaceous_legumes,10,92.97,15.27,84.73,20.36,23.01,61.34275582
1,356,Genetic bank,F24-3523,CIAT-22520,Fabales,Fabaceae,Arachis,pusilla,Arachis pusilla,Herbaceous_legumes,10,93.15,14.59,85.41,20.36,22.57,61.0923511
1,357,Genetic bank,F24-3524,CIAT-22570,Fabales,Fabaceae,Desmanthus,bicornutus,Desmanthus bicornutus,Shrub_Trees,10,92.62,8.43,91.57,32.64,19.98,63.69054073
1,358,Genetic bank,F24-3524,CIAT-22570,Fabales,Fabaceae,Desmanthus,bicornutus,Desmanthus bicornutus,Shrub_Trees,10,92.72,8.48,91.52,32.64,19.75,65.7259684
1,359,Genetic bank,F24-3525,CIAT-22594,Fabales,Fabaceae,Desmanthus,pernambucanus,Desmanthus pernambucanus,Shrub_Trees,10,94.54,8.87,91.13,27.26,24.21,59.82740125
1,360,Genetic bank,F24-3525,CIAT-22594,Fabales,Fabaceae,Desmanthus,pernambucanus,Desmanthus pernambucanus,Shrub_Trees,10,94.62,8.87,91.13,27.26,23.7,57.32496381
1,361,Genetic bank,F24-3526,CIAT-22754,Fabales,Fabaceae,Lablab ,purpureus,Lablab purpureus,Herbaceous_legumes,10,91.62,12.15,87.85,30.03,25.54,51.91597651
1,362,Genetic bank,F24-3526,CIAT-22754,Fabales,Fabaceae,Lablab ,purpureus,Lablab purpureus,Herbaceous_legumes,10,91.75,12.13,87.87,30.03,24.23,50.76337083
1,363,Genetic bank,F24-3527,CIAT-22915,Fabales,Fabaceae,Aeschynomene ,villosa,Aeschynomene villosa,Herbaceous_legumes,10,92.03,7.92,92.08,27.06,34.6,66.36481933
1,364,Genetic bank,F24-3527,CIAT-22915,Fabales,Fabaceae,Aeschynomene ,villosa,Aeschynomene villosa,Herbaceous_legumes,10,92.1,7.93,92.07,27.06,34.49,62.65465514
1,365,Genetic bank,F24-3528,CIAT-23259,Fabales,Fabaceae,Desmodium,gangeticum,Desmodium gangeticum,Shrub_Trees,10,92.84,13.19,86.81,23.04,24.71,56.14753621
1,366,Genetic bank,F24-3528,CIAT-23259,Fabales,Fabaceae,Desmodium,gangeticum,Desmodium gangeticum,Shrub_Trees,10,92.88,12.74,87.26,23.04,25.22,56.76170558
1,367,Genetic bank,F24-3529,CIAT-23339,Fabales,Fabaceae,Desmodium,gangeticum,Desmodium gangeticum,Shrub_Trees,10,93.68,14.99,85.01,22.09,14.89,55.18463877
1,368,Genetic bank,F24-3529,CIAT-23339,Fabales,Fabaceae,Desmodium,gangeticum,Desmodium gangeticum,Shrub_Trees,10,93.72,15,85,22.09,14.24,56.17108082
1,369,Genetic bank,F24-3530,CIAT-23761,Fabales,Fabaceae,Uraria,picta,Uraria picta,Herbaceous_legumes,10,94.98,13.67,86.33,18.09,26.43,62.76528351
1,370,Genetic bank,F24-3530,CIAT-23761,Fabales,Fabaceae,Uraria,picta,Uraria picta,Herbaceous_legumes,10,95.03,13.7,86.3,18.09,26.86,61.03918828
1,371,Genetic bank,F24-3531,CIAT-24360,Fabales,Fabaceae,Vigna,umbellata,Vigna umbellata,Herbaceous_legumes,10,92.74,17.33,82.67,23.17,28.08,53.68131694
1,372,Genetic bank,F24-3531,CIAT-24360,Fabales,Fabaceae,Vigna,umbellata,Vigna umbellata,Herbaceous_legumes,10,92.72,17.1,82.9,23.17,29.38,53.68418764
1,373,Genetic bank,F24-3532,CIAT-24466,Fabales,Fabaceae,Vigna,umbellata,Vigna umbellata,Herbaceous_legumes,10,92.81,19.75,80.25,22.39,20.17,37.33530066
1,374,Genetic bank,F24-3532,CIAT-24466,Fabales,Fabaceae,Vigna,umbellata,Vigna umbellata,Herbaceous_legumes,10,92.9,19.79,80.21,22.39,19.82,37.72806385
1,375,Genetic bank,F24-3533,CIAT-32246,Fabales,Fabaceae,Chamaecrista,nictitans,Chamaecrista nictitans,Herbaceous_legumes,10,91.51,8.03,91.97,26.83,26.42652342,77.06768565
1,376,Genetic bank,F24-3533,CIAT-32246,Fabales,Fabaceae,Chamaecrista,nictitans,Chamaecrista nictitans,Herbaceous_legumes,10,91.56,8.03,91.97,26.83,26.85895517,81.72281094
1,377,Genetic bank,F24-3534,CIAT-32365,Fabales,Fabaceae,Desmanthus,virgatus,Desmanthus virgatus,Shrub_Trees,10,90.87,7.56,92.44,30.19,28.08362098,77.86276485
1,378,Genetic bank,F24-3534,CIAT-32365,Fabales,Fabaceae,Desmanthus,virgatus,Desmanthus virgatus,Shrub_Trees,10,90.98,7.45,92.55,30.19,29.38322659,73.65060102
1,379,Genetic bank,F24-3535,CIAT-32373,Fabales,Fabaceae,Desmanthus,pubescens,Desmanthus pubescens,Shrub_Trees,10,92.3,8.61,91.39,28.4,20.16866025,76.26718922
1,380,Genetic bank,F24-3535,CIAT-32373,Fabales,Fabaceae,Desmanthus,pubescens,Desmanthus pubescens,Shrub_Trees,10,92.37,8.71,91.29,28.4,19.81890361,79.50433545
2,1,Genetic bank,F24-3536,CIAT-32379,Fabales,Fabaceae,Desmanthus,pubescens,Desmanthus pubescens,Shrub_Trees,14,92.91,8.21,91.79,27.65,19.6,75.23
2,2,Genetic bank,F24-3536,CIAT-32379,Fabales,Fabaceae,Desmanthus,pubescens,Desmanthus pubescens,Shrub_Trees,14,92.97,8.28,91.72,27.65,18.3,74.02
2,3,Genetic bank,F24-3537,CIAT-32380,Fabales,Fabaceae,Desmanthus,pubescens,Desmanthus pubescens,Shrub_Trees,14,93.26,8.8,91.2,29.33,31.17,77.81
2,4,Genetic bank,F24-3537,CIAT-32380,Fabales,Fabaceae,Desmanthus,pubescens,Desmanthus pubescens,Shrub_Trees,14,93.34,8.73,91.27,29.33,30.62,78.73
2,5,Genetic bank,F24-3538,CIAT-33249,Fabales,Fabaceae,Desmodium,velutinum,Desmodium velutinum,Shrub_Trees,14,93.06,9.7,90.3,16.48,42.74,76.85
2,6,Genetic bank,F24-3538,CIAT-33249,Fabales,Fabaceae,Desmodium,velutinum,Desmodium velutinum,Shrub_Trees,14,93.2,9.65,90.35,16.48,42.76,81.63
2,7,Genetic bank,F24-3612,CIAT-398,Fabales,Fabaceae,Desmodium,incanum,Desmodium incanum,Herbaceous_legumes,14,91.74,17.66,82.34,17.84,37.04,49.71
2,8,Genetic bank,F24-3612,CIAT-398,Fabales,Fabaceae,Desmodium,incanum,Desmodium incanum,Herbaceous_legumes,14,91.83,17.27,82.73,18,38.67,51.75
2,9,Genetic bank,F24-3613,CIAT-438,Fabales,Fabaceae,Centrosema,molle x acutifolium,Centrosema molle x acutifolium,Herbaceous_legumes,14,93.67,15.42,84.58,21.03,39.27,59.05
2,10,Genetic bank,F24-3613,CIAT-438,Fabales,Fabaceae,Centrosema,molle x acutifolium,Centrosema molle x acutifolium,Herbaceous_legumes,14,93.7,13.53,86.47,21.03,37.07,61.34
2,11,Genetic bank,F24-3614,CIAT-442,Fabales,Fabaceae,Centrosema,molle x acutifolium,Centrosema molle x acutifolium,Herbaceous_legumes,14,93.91,16.37,83.63,17.82,30.15,55.15
2,12,Genetic bank,F24-3614,CIAT-442,Fabales,Fabaceae,Centrosema,molle x acutifolium,Centrosema molle x acutifolium,Herbaceous_legumes,14,93.97,18.92,81.08,17.82,30.52,55.49
2,13,Genetic bank,F24-3615,CIAT-466,Fabales,Fabaceae,Vigna,umbellata,Vigna umbellata,Herbaceous_legumes,14,92.8,18.93,81.07,16.36,18.24,45.8
2,14,Genetic bank,F24-3615,CIAT-466,Fabales,Fabaceae,Vigna,umbellata,Vigna umbellata,Herbaceous_legumes,14,92.72,17.6,82.4,16.36,19.22,44.39
2,15,Genetic bank,F24-3616,CIAT-715,Fabales,Fabaceae,Canavalia,ensiformis,Canavalia ensiformis,Herbaceous_legumes,14,90.61,18.58,81.42,20.82,18.29,42.01
2,16,Genetic bank,F24-3616,CIAT-715,Fabales,Fabaceae,Canavalia,ensiformis,Canavalia ensiformis,Herbaceous_legumes,14,90.63,18.75,81.25,20.82,18.63,41.45
2,17,Genetic bank,F24-3617,CIAT-887,Fabales,Fabaceae,Calopogonium,mucunoides,Calopogonium mucunoides,Herbaceous_legumes,14,92.19,12.14,87.86,21,25.68,42.58
2,18,Genetic bank,F24-3617,CIAT-887,Fabales,Fabaceae,Calopogonium,mucunoides,Calopogonium mucunoides,Herbaceous_legumes,14,92.17,13.26,86.74,21,26.14,45.67
2,19,Genetic bank,F24-3618,CIAT-923,Fabales,Fabaceae,Galactia,latisiliqua,Galactia latisiliqua,Herbaceous_legumes,14,92.77,15.71,84.3,18.23,16.43,45.43
2,20,Genetic bank,F24-3618,CIAT-923,Fabales,Fabaceae,Galactia,latisiliqua,Galactia latisiliqua,Herbaceous_legumes,14,92.88,15.71,84.3,18.23,15.86,47.98
2,21,Genetic bank,F24-3619,CIAT-3813,Fabales,Fabaceae,Desmodium,sequax,Desmodium sequax,Herbaceous_legumes,14,93.12,13.69,86.31,17.62,47.31,55.32
2,22,Genetic bank,F24-3619,CIAT-3813,Fabales,Fabaceae,Desmodium,sequax,Desmodium sequax,Herbaceous_legumes,14,93.08,13.95,86.05,17.62,46.41,54.59
2,23,Genetic bank,F24-3620,CIAT-5512,Fabales,Fabaceae,Centrosema,brasilianum,Centrosema brasilianum,Herbaceous_legumes,14,92.23,9.71,90.29,22.16,28.75,44.88
2,24,Genetic bank,F24-3620,CIAT-5512,Fabales,Fabaceae,Centrosema,brasilianum,Centrosema brasilianum,Herbaceous_legumes,14,92.31,9.91,90.09,22.16,28.6,47.89
2,25,Genetic bank,F24-3621,CIAT-5568,Fabales,Fabaceae,Centrosema,acutifolium,Centrosema acutifolium,Herbaceous_legumes,14,91.54,11.33,88.67,17.29,40.22,59.28
2,26,Genetic bank,F24-3621,CIAT-5568,Fabales,Fabaceae,Centrosema,acutifolium,Centrosema acutifolium,Herbaceous_legumes,14,91.62,12.37,87.63,17.29,37.9,57.59
2,27,Genetic bank,F24-3622,CIAT-5657,Fabales,Fabaceae,Centrosema,brasilianum,Centrosema brasilianum,Herbaceous_legumes,14,91.88,10.69,89.31,21.64,31.31,55.32
2,28,Genetic bank,F24-3622,CIAT-5657,Fabales,Fabaceae,Centrosema,brasilianum,Centrosema brasilianum,Herbaceous_legumes,14,91.79,10.64,89.36,21.64,30.34,52.68
2,29,Genetic bank,F24-3623,CIAT-5744,Fabales,Fabaceae,Centrosema,macrocarpum,Centrosema macrocarpum,Herbaceous_legumes,14,93.59,14.87,85.13,17.67,33.13,56.74
2,30,Genetic bank,F24-3623,CIAT-5744,Fabales,Fabaceae,Centrosema,macrocarpum,Centrosema macrocarpum,Herbaceous_legumes,14,93.6,14.86,85.14,17.67,34.35,57.08
2,31,Genetic bank,F24-3624,CIAT-7131,Fabales,Fabaceae,Eriosema,diffusum,Eriosema diffusum,Herbaceous_legumes,14,92.13,6.92,93.08,16.02,50.26,62.53
2,32,Genetic bank,F24-3624,CIAT-7131,Fabales,Fabaceae,Eriosema,diffusum,Eriosema diffusum,Herbaceous_legumes,14,92.29,7.26,92.74,16.02,49.29,61.2
2,33,Genetic bank,F24-3625,CIAT-7318,Fabales,Fabaceae,Canavalia,sp.,Canavalia sp.,Herbaceous_legumes,14,92.38,17.45,82.55,17.71,20.25,41.72
2,34,Genetic bank,F24-3625,CIAT-7318,Fabales,Fabaceae,Canavalia,sp.,Canavalia sp.,Herbaceous_legumes,14,92.44,17.19,82.81,17.71,21.54,40.79
2,35,Genetic bank,F24-3626,CIAT-7395,Fabales,Fabaceae,Galactia,striata,Galactia striata,Herbaceous_legumes,14,91.77,16.67,83.33,13.71,21.22,47.32
2,36,Genetic bank,F24-3626,CIAT-7395,Fabales,Fabaceae,Galactia,striata,Galactia striata,Herbaceous_legumes,14,91.68,16.65,83.35,13.71,20.33,48.63
2,37,Genetic bank,F24-3627,CIAT-7648,Fabales,Fabaceae,Canavalia,brasiliensis,Canavalia brasiliensis,Herbaceous_legumes,14,91.95,18.02,81.98,22.05,18.52,42.47
2,38,Genetic bank,F24-3627,CIAT-7648,Fabales,Fabaceae,Canavalia,brasiliensis,Canavalia brasiliensis,Herbaceous_legumes,14,92.02,18.01,81.99,22.05,17.47,39.31
2,39,Genetic bank,F24-3628,CIAT-7746,Fabales,Fabaceae,Crotalaria,paulina,Crotalaria paulina,Herbaceous_legumes,14,91.95,21.97,78.03,14.81,20.58,41.54
2,40,Genetic bank,F24-3628,CIAT-7746,Fabales,Fabaceae,Crotalaria,paulina,Crotalaria paulina,Herbaceous_legumes,14,92.17,22.93,77.07,14.81,21.44,44.58
2,41,Genetic bank,F24-3629,CIAT-7813,Fabales,Fabaceae,Indigofera,cryptantha,Indigofera cryptantha,Herbaceous_legumes,14,90.15,14.11,85.89,26.44,20.27,30.63
2,42,Genetic bank,F24-3629,CIAT-7813,Fabales,Fabaceae,Indigofera,cryptantha,Indigofera cryptantha,Herbaceous_legumes,14,90.13,10.54,89.46,26.44,21.53,30.76
2,43,Genetic bank,F24-3630,CIAT-7831,Fabales,Fabaceae,Tephrosia,rhodesica,Tephrosia rhodesica,Shrub_Trees,14,93.65,15.1,84.9,21.67,19.71,50.36
2,44,Genetic bank,F24-3630,CIAT-7831,Fabales,Fabaceae,Tephrosia,rhodesica,Tephrosia rhodesica,Shrub_Trees,14,93.54,19.31,80.69,21.67,18.83,53.57
2,45,Genetic bank,F24-3631,CIAT-7894,Fabales,Fabaceae,Canavalia,brasiliensis,Canavalia brasiliensis,Herbaceous_legumes,14,93.33,23.39,76.61,21.13,19.73,40.15
2,46,Genetic bank,F24-3631,CIAT-7894,Fabales,Fabaceae,Canavalia,brasiliensis,Canavalia brasiliensis,Herbaceous_legumes,14,93.38,20.14,79.86,21.19,18.52,41.69
2,47,Genetic bank,F24-3632,CIAT-7991,Fabales,Fabaceae,Indigofera,suffruticosa,Indigofera suffruticosa,Herbaceous_legumes,14,92.89,19.91,80.09,24.54,22.79,38.52
2,48,Genetic bank,F24-3632,CIAT-7991,Fabales,Fabaceae,Indigofera,suffruticosa,Indigofera suffruticosa,Herbaceous_legumes,14,93.03,26.14,73.86,24.54,23.69,39.7
2,49,Genetic bank,F24-3633,CIAT-8202,Fabales,Fabaceae,Chamaecrista,rotundifolia,Chamaecrista rotundifolia,Herbaceous_legumes,14,92.72,22.54,77.46,24.37,23.04,43.77
2,50,Genetic bank,F24-3633,CIAT-8202,Fabales,Fabaceae,Chamaecrista,rotundifolia,Chamaecrista rotundifolia,Herbaceous_legumes,14,92.59,12.49,87.51,24.37,22.94,48.17
2,51,Genetic bank,F24-3634,CIAT-9189,Fabales,Fabaceae,Indigofera,suffruticosa,Indigofera suffruticosa,Herbaceous_legumes,14,92.27,22.87,77.13,29.1,19.07,37.75
2,52,Genetic bank,F24-3634,CIAT-9189,Fabales,Fabaceae,Indigofera,suffruticosa,Indigofera suffruticosa,Herbaceous_legumes,14,92.18,25.3,74.7,29.1,21.3,41.06
2,53,Genetic bank,F24-3635,CIAT-9434,Fabales,Fabaceae,Clitoria,ternatea,Clitoria ternatea,Herbaceous_legumes,14,90.8,21.39,78.61,25.12,17.55,47.76
2,54,Genetic bank,F24-3635,CIAT-9434,Fabales,Fabaceae,Clitoria,ternatea,Clitoria ternatea,Herbaceous_legumes,14,90.73,12.24,87.76,25.12,17.34,47.59
2,55,Genetic bank,F24-3636,CIAT-11162,Fabales,Fabaceae,Stylosanthes,scabra,Stylosanthes scabra,Herbaceous_legumes,14,91.47,20.41,79.59,17.11,22.98,52.74
2,56,Genetic bank,F24-3636,CIAT-11162,Fabales,Fabaceae,Stylosanthes,scabra,Stylosanthes scabra,Herbaceous_legumes,14,91.44,24.2,75.8,17.11,23.01,50.05
2,57,Genetic bank,F24-3637,CIAT-13301,Fabales,Fabaceae,Desmodium,sequax,Desmodium sequax,Herbaceous_legumes,14,92.56,24.9,75.1,19.83,50.21,57.9
2,58,Genetic bank,F24-3637,CIAT-13301,Fabales,Fabaceae,Desmodium,sequax,Desmodium sequax,Herbaceous_legumes,14,92.58,16.76,83.24,19.83,51.79,59.52
2,59,Genetic bank,F24-3638,CIAT-15401,Fabales,Fabaceae,Centrosema,brasilianum,Centrosema brasilianum,Herbaceous_legumes,14,93.25,14.68,85.32,17.11,27.66,48.77
2,60,Genetic bank,F24-3638,CIAT-15401,Fabales,Fabaceae,Centrosema,brasilianum,Centrosema brasilianum,Herbaceous_legumes,14,93.2,20.62,79.38,17.11,29.51,50.51
2,61,LMF,F25-0017,Hohenheimer-Heustandard,Forage,Forage,Hohenheimer, Heustandard,Hohenheimer Heustandard,Forage,14,91.34432784,9.990152095,90.0098479,0,0,0
2,61,LMF,F25-0017,Hohenheimer-Heustandard,Forage,Forage,Hohenheimer, Heustandard,Hohenheimer Heustandard,Forage,15,91.34432784,9.990152095,90.0098479,0,0,0
2,61,LMF,F25-0017,Hohenheimer-Heustandard,Forage,Forage,Hohenheimer, Heustandard,Hohenheimer Heustandard,Forage,16,91.34432784,9.990152095,90.0098479,0,0,0
2,61,LMF,F25-0017,Hohenheimer-Heustandard,Forage,Forage,Hohenheimer, Heustandard,Hohenheimer Heustandard,Forage,17,91.34432784,9.990152095,90.0098479,0,0,0
2,61,LMF,F25-0017,Hohenheimer-Heustandard,Forage,Forage,Hohenheimer, Heustandard,Hohenheimer Heustandard,Forage,18,91.34432784,9.990152095,90.0098479,0,0,0
2,61,LMF,F25-0017,Hohenheimer-Heustandard,Forage,Forage,Hohenheimer, Heustandard,Hohenheimer Heustandard,Forage,19,91.34432784,9.990152095,90.0098479,0,0,0
2,61,LMF,F25-0017,Hohenheimer-Heustandard,Forage,Forage,Hohenheimer, Heustandard,Hohenheimer Heustandard,Forage,20,91.34432784,9.990152095,90.0098479,0,0,0
2,61,LMF,F25-0017,Hohenheimer-Heustandard,Forage,Forage,Hohenheimer, Heustandard,Hohenheimer Heustandard,Forage,21,91.34432784,9.990152095,90.0098479,0,0,0
2,62,LMF,F25-0017,Hohenheimer-Heustandard,Forage,Forage,Hohenheimer, Heustandard,Hohenheimer Heustandard,Forage,14,91.32173565,10.12699803,89.87300197,0,0,0
2,62,LMF,F25-0017,Hohenheimer-Heustandard,Forage,Forage,Hohenheimer, Heustandard,Hohenheimer Heustandard,Forage,15,91.32173565,10.12699803,89.87300197,0,0,0
2,62,LMF,F25-0017,Hohenheimer-Heustandard,Forage,Forage,Hohenheimer, Heustandard,Hohenheimer Heustandard,Forage,16,91.32173565,10.12699803,89.87300197,0,0,0
2,62,LMF,F25-0017,Hohenheimer-Heustandard,Forage,Forage,Hohenheimer, Heustandard,Hohenheimer Heustandard,Forage,17,91.32173565,10.12699803,89.87300197,0,0,0
2,62,LMF,F25-0017,Hohenheimer-Heustandard,Forage,Forage,Hohenheimer, Heustandard,Hohenheimer Heustandard,Forage,18,91.32173565,10.12699803,89.87300197,0,0,0
2,62,LMF,F25-0017,Hohenheimer-Heustandard,Forage,Forage,Hohenheimer, Heustandard,Hohenheimer Heustandard,Forage,19,91.32173565,10.12699803,89.87300197,0,0,0
2,62,LMF,F25-0017,Hohenheimer-Heustandard,Forage,Forage,Hohenheimer, Heustandard,Hohenheimer Heustandard,Forage,20,91.32173565,10.12699803,89.87300197,0,0,0
2,62,LMF,F25-0017,Hohenheimer-Heustandard,Forage,Forage,Hohenheimer, Heustandard,Hohenheimer Heustandard,Forage,21,91.32173565,10.12699803,89.87300197,0,0,0
2,63,LMF,F25-0018,Homenheim-Concentrate,Concentrate,Concentrate,Homenheim, Concentrate,Homenheim Concentrate,Concentrate,14,89.73205359,6.183844011,93.81615599,0,0,0
2,63,LMF,F25-0018,Homenheim-Concentrate,Concentrate,Concentrate,Homenheim, Concentrate,Homenheim Concentrate,Concentrate,15,89.73205359,6.183844011,93.81615599,0,0,0
2,63,LMF,F25-0018,Homenheim-Concentrate,Concentrate,Concentrate,Homenheim, Concentrate,Homenheim Concentrate,Concentrate,16,89.73205359,6.183844011,93.81615599,0,0,0
2,63,LMF,F25-0018,Homenheim-Concentrate,Concentrate,Concentrate,Homenheim, Concentrate,Homenheim Concentrate,Concentrate,17,89.73205359,6.183844011,93.81615599,0,0,0
2,63,LMF,F25-0018,Homenheim-Concentrate,Concentrate,Concentrate,Homenheim, Concentrate,Homenheim Concentrate,Concentrate,18,89.73205359,6.183844011,93.81615599,0,0,0
2,63,LMF,F25-0018,Homenheim-Concentrate,Concentrate,Concentrate,Homenheim, Concentrate,Homenheim Concentrate,Concentrate,19,89.73205359,6.183844011,93.81615599,0,0,0
2,63,LMF,F25-0018,Homenheim-Concentrate,Concentrate,Concentrate,Homenheim, Concentrate,Homenheim Concentrate,Concentrate,20,89.73205359,6.183844011,93.81615599,0,0,0
2,63,LMF,F25-0018,Homenheim-Concentrate,Concentrate,Concentrate,Homenheim, Concentrate,Homenheim Concentrate,Concentrate,21,89.73205359,6.183844011,93.81615599,0,0,0
2,63,LMF,F25-0018,Homenheim-Concentrate,Concentrate,Concentrate,Homenheim, Concentrate,Homenheim Concentrate,Concentrate,22,89.73205359,6.183844011,93.81615599,0,0,0
2,64,LMF,F25-0018,Homenheim-Concentrate,Concentrate,Concentrate,Homenheim, Concentrate,Homenheim Concentrate,Concentrate,14,89.65413834,5.886943918,94.11305608,0,0,0
2,64,LMF,F25-0018,Homenheim-Concentrate,Concentrate,Concentrate,Homenheim, Concentrate,Homenheim Concentrate,Concentrate,15,89.65413834,5.886943918,94.11305608,0,0,0
2,64,LMF,F25-0018,Homenheim-Concentrate,Concentrate,Concentrate,Homenheim, Concentrate,Homenheim Concentrate,Concentrate,16,89.65413834,5.886943918,94.11305608,0,0,0
2,64,LMF,F25-0018,Homenheim-Concentrate,Concentrate,Concentrate,Homenheim, Concentrate,Homenheim Concentrate,Concentrate,17,89.65413834,5.886943918,94.11305608,0,0,0
2,64,LMF,F25-0018,Homenheim-Concentrate,Concentrate,Concentrate,Homenheim, Concentrate,Homenheim Concentrate,Concentrate,18,89.65413834,5.886943918,94.11305608,0,0,0
2,64,LMF,F25-0018,Homenheim-Concentrate,Concentrate,Concentrate,Homenheim, Concentrate,Homenheim Concentrate,Concentrate,19,89.65413834,5.886943918,94.11305608,0,0,0
2,64,LMF,F25-0018,Homenheim-Concentrate,Concentrate,Concentrate,Homenheim, Concentrate,Homenheim Concentrate,Concentrate,20,89.65413834,5.886943918,94.11305608,0,0,0
2,64,LMF,F25-0018,Homenheim-Concentrate,Concentrate,Concentrate,Homenheim, Concentrate,Homenheim Concentrate,Concentrate,21,89.65413834,5.886943918,94.11305608,0,0,0
2,64,LMF,F25-0018,Homenheim-Concentrate,Concentrate,Concentrate,Homenheim, Concentrate,Homenheim Concentrate,Concentrate,22,89.65413834,5.886943918,94.11305608,0,0,0
2,67,Genetic bank,F24-3639,CIAT-17360,Fabales,Fabaceae,Alysicarpus,vaginalis,Alysicarpus vaginalis,Herbaceous_legumes,15,92.86,23.69,76.31,24.55,20.31,36.14
2,68,Genetic bank,F24-3639,CIAT-17360,Fabales,Fabaceae,Alysicarpus,vaginalis,Alysicarpus vaginalis,Herbaceous_legumes,15,92.85,19.73,80.27,24.55,20.02,37.99
2,69,Genetic bank,F24-3640,CIAT-17768,Fabales,Fabaceae,Clitoria,ternatea,Clitoria ternatea,Herbaceous_legumes,15,93.51,6.56,93.44,15.45,11.75,46.4
2,70,Genetic bank,F24-3640,CIAT-17768,Fabales,Fabaceae,Clitoria,ternatea,Clitoria ternatea,Herbaceous_legumes,15,93.46,7.22,92.78,15.45,12.53,49.75
2,71,Genetic bank,F24-3641,CIAT-18004,Fabales,Fabaceae,Chamaecrista,rotundifolia,Chamaecrista rotundifolia,Herbaceous_legumes,15,92.81,7.37,92.63,15.74,15.02,46.63
2,72,Genetic bank,F24-3641,CIAT-18004,Fabales,Fabaceae,Chamaecrista,rotundifolia,Chamaecrista rotundifolia,Herbaceous_legumes,15,93.07,6.2,93.8,15.74,14.77,44.28
2,73,Genetic bank,F24-3642,CIAT-18430,Fabales,Fabaceae,Alysicarpus,vaginalis,Alysicarpus vaginalis,Herbaceous_legumes,15,92.69,12.12,87.88,24.28,21.69,39.93
2,74,Genetic bank,F24-3642,CIAT-18430,Fabales,Fabaceae,Alysicarpus,vaginalis,Alysicarpus vaginalis,Herbaceous_legumes,15,92.61,12.08,87.92,24.28,21.38,40.2
2,75,Genetic bank,F24-3644,CIAT-18708,Fabales,Fabaceae,Crotalaria,pallida,Crotalaria pallida,Herbaceous_legumes,15,92.86,10.77,89.23,23.89,16.58,41.58
2,76,Genetic bank,F24-3644,CIAT-18708,Fabales,Fabaceae,Crotalaria,pallida,Crotalaria pallida,Herbaceous_legumes,15,92.87,10.78,89.22,23.89,19.77,44.14
2,77,Genetic bank,F24-3645,CIAT-18850,Fabales,Fabaceae,Alysicarpus,rugosus,Alysicarpus rugosus,Herbaceous_legumes,15,93.88,14.26,85.74,23.09,20.56,41.49
2,78,Genetic bank,F24-3645,CIAT-18850,Fabales,Fabaceae,Alysicarpus,rugosus,Alysicarpus rugosus,Herbaceous_legumes,15,93.99,14.31,85.69,23.09,20.31,39.62
2,79,Genetic bank,F24-3646,CIAT-18865,Fabales,Fabaceae,Alysicarpus,rugosus,Alysicarpus rugosus,Herbaceous_legumes,15,93.34,13.48,86.52,18.24,23.95,42.63
2,80,Genetic bank,F24-3646,CIAT-18865,Fabales,Fabaceae,Alysicarpus,rugosus,Alysicarpus rugosus,Herbaceous_legumes,15,93.52,13.61,86.39,18.24,22.82,39.91
2,81,Genetic bank,F24-3647,CIAT-19032,Fabales,Fabaceae,Canavalia,sp.,Canavalia sp.,Herbaceous_legumes,15,92.45,14.82,85.18,23.96,17.05,38.7
2,82,Genetic bank,F24-3647,CIAT-19032,Fabales,Fabaceae,Canavalia,sp.,Canavalia sp.,Herbaceous_legumes,15,92.39,14.63,85.37,23.96,18.28,41
2,83,Genetic bank,F24-3648,CIAT-19119,Fabales,Fabaceae,Alysicarpus,rugosus,Alysicarpus rugosus,Herbaceous_legumes,15,92.49,23.88,76.12,20.28,21.53,40.84
2,84,Genetic bank,F24-3648,CIAT-19119,Fabales,Fabaceae,Alysicarpus,rugosus,Alysicarpus rugosus,Herbaceous_legumes,15,92.5,23.65,76.35,20.28,22.86,41.89
2,85,Genetic bank,F24-3650,CIAT-20303,Fabales,Fabaceae,Canavalia,brasiliensis,Canavalia brasiliensis,Herbaceous_legumes,15,88.97,16.24,83.76,21.53,13.78,34.89
2,86,Genetic bank,F24-3650,CIAT-20303,Fabales,Fabaceae,Canavalia,brasiliensis,Canavalia brasiliensis,Herbaceous_legumes,15,88.98,16.17,83.83,21.53,11.75,31.23
2,87,Genetic bank,F24-3651,CIAT-20589,Fabales,Fabaceae,Uraria,lagopodioides,Uraria lagopodioides,Herbaceous_legumes,15,92.07,21.57,78.43,20.67,21.23,38.96
2,88,Genetic bank,F24-3651,CIAT-20589,Fabales,Fabaceae,Uraria,lagopodioides,Uraria lagopodioides,Herbaceous_legumes,15,92,20.58,79.42,20.69,20.9,38.14
2,89,Genetic bank,F24-3652,CIAT-21687,Fabales,Fabaceae,Desmanthus,virgatus,Desmanthus virgatus,Shrub_Trees,15,91.82,8.55,91.45,28.43,31.51,50.32
2,90,Genetic bank,F24-3652,CIAT-21687,Fabales,Fabaceae,Desmanthus,virgatus,Desmanthus virgatus,Shrub_Trees,15,91.91,8.53,91.47,28.43,33.91,45.58
2,91,Genetic bank,F24-3653,CIAT-22048,Fabales,Fabaceae,Aeschynomene,americana,Aeschynomene americana,Herbaceous_legumes,15,89.37,10.12,89.88,21.74,16.59,42.8
2,92,Genetic bank,F24-3653,CIAT-22048,Fabales,Fabaceae,Aeschynomene,americana,Aeschynomene americana,Herbaceous_legumes,15,89.44,10.17,89.83,21.74,15.5,39.93
2,93,Genetic bank,F24-3654,CIAT-22156,Fabales,Fabaceae,Arachis,pintoi,Arachis pintoi,Herbaceous_legumes,15,89.6,10.46,89.54,20.83,24.85,40.4
2,94,Genetic bank,F24-3654,CIAT-22156,Fabales,Fabaceae,Arachis,pintoi,Arachis pintoi,Herbaceous_legumes,15,89.79,10.44,89.56,20.83,24.58,43.18
2,95,Genetic bank,F24-3655,CIAT-22507,Fabales,Fabaceae,Desmanthus,subulatus,Desmanthus subulatus,Shrub_Trees,15,89.92,9.54,90.46,29.9,31.9,42.22
2,96,Genetic bank,F24-3655,CIAT-22507,Fabales,Fabaceae,Desmanthus,subulatus,Desmanthus subulatus,Shrub_Trees,15,89.96,9.42,90.58,29.9,32.53,45.2
2,97,Genetic bank,F24-3656,CIAT-22510,Fabales,Fabaceae,Desmanthus,bicornutus,Desmanthus bicornutus,Shrub_Trees,15,87.91,10.55,89.45,25.93,36.21,42.87
2,98,Genetic bank,F24-3656,CIAT-22510,Fabales,Fabaceae,Desmanthus,bicornutus,Desmanthus bicornutus,Shrub_Trees,15,87.99,10.54,89.46,25.93,35.93,42.87
2,99,Genetic bank,F24-3657,CIAT-22598,Fabales,Fabaceae,Lablab,purpureus,Lablab purpureus,Herbaceous_legumes,15,88.99,12.63,87.37,31.13,30.23,47.29
2,100,Genetic bank,F24-3657,CIAT-22598,Fabales,Fabaceae,Lablab,purpureus,Lablab purpureus,Herbaceous_legumes,15,88.88,12.53,87.47,31.13,25.85,43.54
2,101,Genetic bank,F24-3658,CIAT-22784,Fabales,Fabaceae,Desmanthus,bicornutus,Desmanthus bicornutus,Shrub_Trees,15,92.57,10.47,89.53,30.03,30.53,42.19
2,102,Genetic bank,F24-3658,CIAT-22784,Fabales,Fabaceae,Desmanthus,bicornutus,Desmanthus bicornutus,Shrub_Trees,15,92.68,10.39,89.61,30.03,30.73,41.13
2,103,Genetic bank,F24-3659,CIAT-25113,Fabales,Fabaceae,Centrosema,brasilianum,Centrosema brasilianum,Herbaceous_legumes,15,91.78,11.93,88.07,22.96,29.19,53.64
2,104,Genetic bank,F24-3659,CIAT-25113,Fabales,Fabaceae,Centrosema,brasilianum,Centrosema brasilianum,Herbaceous_legumes,15,91.82,11.85,88.15,22.96,30.21,53.77
2,105,Genetic bank,F24-3660,CIAT-33114,Fabales,Fabaceae,Dendrolobium,sp.,Dendrolobium sp.,Shrub_Trees,15,91.49,13.57,86.43,18.81,40.39,54.31
2,106,Genetic bank,F24-3660,CIAT-33114,Fabales,Fabaceae,Dendrolobium,sp.,Dendrolobium sp.,Shrub_Trees,15,91.57,13.5,86.5,18.81,40.6,55.7
2,107,Genetic bank,F24-3662,CIAT-43477,Fabales,Fabaceae,Desmodium,cinereum,Desmodium cinereum,Shrub_Trees,15,91.14,13.87,86.13,24.66,17.23,38.34
2,108,Genetic bank,F24-3662,CIAT-43477,Fabales,Fabaceae,Desmodium,cinereum,Desmodium cinereum,Shrub_Trees,15,91.15,13.79,86.21,24.66,17.7,38.36
2,109,Genetic bank,F24-3539,CIAT-172,Fabales,Fabaceae,Stylosanthes,hamata,Stylosanthes hamata,Herbaceous_legumes,15,91.15,10.1,89.9,14.34,35.78,85.76
2,110,Genetic bank,F24-3539,CIAT-172,Fabales,Fabaceae,Stylosanthes,hamata,Stylosanthes hamata,Herbaceous_legumes,15,91.2,9.95,90.05,14.34,34.22,86.66
2,111,Genetic bank,F24-3540,CIAT-1467,Fabales,Fabaceae,Stylosanthes,hamata,Stylosanthes hamata,Herbaceous_legumes,15,92.5,8.49,91.51,13.64,35.11,93.96
2,112,Genetic bank,F24-3540,CIAT-1467,Fabales,Fabaceae,Stylosanthes,hamata,Stylosanthes hamata,Herbaceous_legumes,15,92.73,8.59,91.41,13.64,34.44,99.96
2,113,Genetic bank,F24-3541,CIAT-1475,Fabales,Fabaceae,Stylosanthes,hamata,Stylosanthes hamata,Herbaceous_legumes,15,90.62,8.7,91.3,17.29,37.69,86.16
2,114,Genetic bank,F24-3541,CIAT-1475,Fabales,Fabaceae,Stylosanthes,hamata,Stylosanthes hamata,Herbaceous_legumes,15,90.96,8.81,91.19,17.29,37.17,89.43
2,115,Genetic bank,F24-3542,CIAT-1650,Fabales,Fabaceae,Stylosanthes,guianensis,Stylosanthes guianensis,Herbaceous_legumes,15,91.91,12.82,87.18,15.65,35.86,106.85
2,116,Genetic bank,F24-3542,CIAT-1650,Fabales,Fabaceae,Stylosanthes,guianensis,Stylosanthes guianensis,Herbaceous_legumes,15,91.92,12.52,87.48,15.65,33.44,100.12
2,117,Genetic bank,F24-3543,CIAT-1706,Fabales,Fabaceae,Stylosanthes,humilis,Stylosanthes humilis,Herbaceous_legumes,15,92.69,14.94,85.06,19.4,31.74,99.03
2,118,Genetic bank,F24-3543,CIAT-1706,Fabales,Fabaceae,Stylosanthes,humilis,Stylosanthes humilis,Herbaceous_legumes,15,92.7,14.52,85.48,19.4,32.02,100.15
2,119,Genetic bank,F24-3544,CIAT-1727,Fabales,Fabaceae,Stylosanthes,humilis,Stylosanthes humilis,Herbaceous_legumes,15,92.14,14.04,85.96,18.76,34.73,101.33
2,120,Genetic bank,F24-3544,CIAT-1727,Fabales,Fabaceae,Stylosanthes,humilis,Stylosanthes humilis,Herbaceous_legumes,15,92.09,13.61,86.39,18.76,33.52,101.36
2,121,Genetic bank,F24-3545,CIAT-1803,Fabales,Fabaceae,Stylosanthes,humilis,Stylosanthes humilis,Herbaceous_legumes,15,91.87,8.71,91.29,17.76,33,77.29
2,122,Genetic bank,F24-3545,CIAT-1803,Fabales,Fabaceae,Stylosanthes,humilis,Stylosanthes humilis,Herbaceous_legumes,15,91.85,8.63,91.37,17.76,35.39,77.95
2,123,Genetic bank,F24-3546,CIAT-1964,Fabales,Fabaceae,Stylosanthes,guianensis,Stylosanthes guianensis,Herbaceous_legumes,15,90.29,9.45,90.55,16.9,34.41,80
2,124,Genetic bank,F24-3546,CIAT-1964,Fabales,Fabaceae,Stylosanthes,guianensis,Stylosanthes guianensis,Herbaceous_legumes,15,90.29,9.4,90.6,16.9,35.32,79.5
2,125,Genetic bank,F24-3547,CIAT-2613,Fabales,Fabaceae,Stylosanthes,guianensis,Stylosanthes guianensis,Herbaceous_legumes,15,91.88,13.22,86.78,12.31,37.18,77.11
2,126,Genetic bank,F24-3547,CIAT-2613,Fabales,Fabaceae,Stylosanthes,guianensis,Stylosanthes guianensis,Herbaceous_legumes,15,92,13.31,86.69,12.31,37.23,76.79
2,127,LMF,F25-0017,Hohenheimer-Heustandard,Forage,Forage,Hohenheimer, Heustandard,Hohenheimer Heustandard,Forage,14,91.34432784,9.990152095,90.0098479,0,0,0
2,127,LMF,F25-0017,Hohenheimer-Heustandard,Forage,Forage,Hohenheimer, Heustandard,Hohenheimer Heustandard,Forage,15,91.34432784,9.990152095,90.0098479,0,0,0
2,127,LMF,F25-0017,Hohenheimer-Heustandard,Forage,Forage,Hohenheimer, Heustandard,Hohenheimer Heustandard,Forage,16,91.34432784,9.990152095,90.0098479,0,0,0
2,127,LMF,F25-0017,Hohenheimer-Heustandard,Forage,Forage,Hohenheimer, Heustandard,Hohenheimer Heustandard,Forage,17,91.34432784,9.990152095,90.0098479,0,0,0
2,127,LMF,F25-0017,Hohenheimer-Heustandard,Forage,Forage,Hohenheimer, Heustandard,Hohenheimer Heustandard,Forage,18,91.34432784,9.990152095,90.0098479,0,0,0
2,127,LMF,F25-0017,Hohenheimer-Heustandard,Forage,Forage,Hohenheimer, Heustandard,Hohenheimer Heustandard,Forage,19,91.34432784,9.990152095,90.0098479,0,0,0
2,127,LMF,F25-0017,Hohenheimer-Heustandard,Forage,Forage,Hohenheimer, Heustandard,Hohenheimer Heustandard,Forage,20,91.34432784,9.990152095,90.0098479,0,0,0
2,127,LMF,F25-0017,Hohenheimer-Heustandard,Forage,Forage,Hohenheimer, Heustandard,Hohenheimer Heustandard,Forage,21,91.34432784,9.990152095,90.0098479,0,0,0
2,128,LMF,F25-0017,Hohenheimer-Heustandard,Forage,Forage,Hohenheimer, Heustandard,Hohenheimer Heustandard,Forage,14,91.32173565,10.12699803,89.87300197,0,0,0
2,128,LMF,F25-0017,Hohenheimer-Heustandard,Forage,Forage,Hohenheimer, Heustandard,Hohenheimer Heustandard,Forage,15,91.32173565,10.12699803,89.87300197,0,0,0
2,128,LMF,F25-0017,Hohenheimer-Heustandard,Forage,Forage,Hohenheimer, Heustandard,Hohenheimer Heustandard,Forage,16,91.32173565,10.12699803,89.87300197,0,0,0
2,128,LMF,F25-0017,Hohenheimer-Heustandard,Forage,Forage,Hohenheimer, Heustandard,Hohenheimer Heustandard,Forage,17,91.32173565,10.12699803,89.87300197,0,0,0
2,128,LMF,F25-0017,Hohenheimer-Heustandard,Forage,Forage,Hohenheimer, Heustandard,Hohenheimer Heustandard,Forage,18,91.32173565,10.12699803,89.87300197,0,0,0
2,128,LMF,F25-0017,Hohenheimer-Heustandard,Forage,Forage,Hohenheimer, Heustandard,Hohenheimer Heustandard,Forage,19,91.32173565,10.12699803,89.87300197,0,0,0
2,128,LMF,F25-0017,Hohenheimer-Heustandard,Forage,Forage,Hohenheimer, Heustandard,Hohenheimer Heustandard,Forage,20,91.32173565,10.12699803,89.87300197,0,0,0
2,128,LMF,F25-0017,Hohenheimer-Heustandard,Forage,Forage,Hohenheimer, Heustandard,Hohenheimer Heustandard,Forage,21,91.32173565,10.12699803,89.87300197,0,0,0
2,129,LMF,F25-0018,Homenheim-Concentrate,Concentrate,Concentrate,Homenheim, Concentrate,Homenheim Concentrate,Concentrate,14,89.73205359,6.183844011,93.81615599,0,0,0
2,129,LMF,F25-0018,Homenheim-Concentrate,Concentrate,Concentrate,Homenheim, Concentrate,Homenheim Concentrate,Concentrate,15,89.73205359,6.183844011,93.81615599,0,0,0
2,129,LMF,F25-0018,Homenheim-Concentrate,Concentrate,Concentrate,Homenheim, Concentrate,Homenheim Concentrate,Concentrate,16,89.73205359,6.183844011,93.81615599,0,0,0
2,129,LMF,F25-0018,Homenheim-Concentrate,Concentrate,Concentrate,Homenheim, Concentrate,Homenheim Concentrate,Concentrate,17,89.73205359,6.183844011,93.81615599,0,0,0
2,129,LMF,F25-0018,Homenheim-Concentrate,Concentrate,Concentrate,Homenheim, Concentrate,Homenheim Concentrate,Concentrate,18,89.73205359,6.183844011,93.81615599,0,0,0
2,129,LMF,F25-0018,Homenheim-Concentrate,Concentrate,Concentrate,Homenheim, Concentrate,Homenheim Concentrate,Concentrate,19,89.73205359,6.183844011,93.81615599,0,0,0
2,129,LMF,F25-0018,Homenheim-Concentrate,Concentrate,Concentrate,Homenheim, Concentrate,Homenheim Concentrate,Concentrate,20,89.73205359,6.183844011,93.81615599,0,0,0
2,129,LMF,F25-0018,Homenheim-Concentrate,Concentrate,Concentrate,Homenheim, Concentrate,Homenheim Concentrate,Concentrate,21,89.73205359,6.183844011,93.81615599,0,0,0
2,129,LMF,F25-0018,Homenheim-Concentrate,Concentrate,Concentrate,Homenheim, Concentrate,Homenheim Concentrate,Concentrate,22,89.73205359,6.183844011,93.81615599,0,0,0
2,130,LMF,F25-0018,Homenheim-Concentrate,Concentrate,Concentrate,Homenheim, Concentrate,Homenheim Concentrate,Concentrate,14,89.65413834,5.886943918,94.11305608,0,0,0
2,130,LMF,F25-0018,Homenheim-Concentrate,Concentrate,Concentrate,Homenheim, Concentrate,Homenheim Concentrate,Concentrate,15,89.65413834,5.886943918,94.11305608,0,0,0
2,130,LMF,F25-0018,Homenheim-Concentrate,Concentrate,Concentrate,Homenheim, Concentrate,Homenheim Concentrate,Concentrate,16,89.65413834,5.886943918,94.11305608,0,0,0
2,130,LMF,F25-0018,Homenheim-Concentrate,Concentrate,Concentrate,Homenheim, Concentrate,Homenheim Concentrate,Concentrate,17,89.65413834,5.886943918,94.11305608,0,0,0
2,130,LMF,F25-0018,Homenheim-Concentrate,Concentrate,Concentrate,Homenheim, Concentrate,Homenheim Concentrate,Concentrate,18,89.65413834,5.886943918,94.11305608,0,0,0
2,130,LMF,F25-0018,Homenheim-Concentrate,Concentrate,Concentrate,Homenheim, Concentrate,Homenheim Concentrate,Concentrate,19,89.65413834,5.886943918,94.11305608,0,0,0
2,130,LMF,F25-0018,Homenheim-Concentrate,Concentrate,Concentrate,Homenheim, Concentrate,Homenheim Concentrate,Concentrate,20,89.65413834,5.886943918,94.11305608,0,0,0
2,130,LMF,F25-0018,Homenheim-Concentrate,Concentrate,Concentrate,Homenheim, Concentrate,Homenheim Concentrate,Concentrate,21,89.65413834,5.886943918,94.11305608,0,0,0
2,130,LMF,F25-0018,Homenheim-Concentrate,Concentrate,Concentrate,Homenheim, Concentrate,Homenheim Concentrate,Concentrate,22,89.65413834,5.886943918,94.11305608,0,0,0
2,133,Breding ,F25-1701,CIAT-BR-12-1362,Poales,Poaceae,Brachiaria,interespecifico,Brachiaria interespecifico,Grass,16,92.4,13.93,86.07,16.8,28.07,57.52
2,134,Breding ,F25-1701,CIAT-BR-12-1362,Poales,Poaceae,Brachiaria,interespecifico,Brachiaria interespecifico,Grass,16,92.52,14.1,85.9,16.98,28.17,57.73
2,135,Breding ,F25-1702,CIAT-BR-12-2462,Poales,Poaceae,Brachiaria,interespecifico,Brachiaria interespecifico,Grass,16,95.6,15.7,84.3,12.13,35.15,59.32
2,136,Breding ,F25-1702,CIAT-BR-12-2462,Poales,Poaceae,Brachiaria,interespecifico,Brachiaria interespecifico,Grass,16,95.83,15.46,84.54,12.29,34.35,58.11
2,137,Breding ,F25-1703,CIAT-BR-12-3868,Poales,Poaceae,Brachiaria,interespecifico,Brachiaria interespecifico,Grass,16,94.06,18.86,81.14,16.14,28.78,55.02
2,138,Breding ,F25-1703,CIAT-BR-12-3868,Poales,Poaceae,Brachiaria,interespecifico,Brachiaria interespecifico,Grass,16,94.24,19.29,80.71,16.46,27.71,53.64
2,139,Breding ,F25-1704,CIAT-BR-15-2558,Poales,Poaceae,Brachiaria,interespecifico,Brachiaria interespecifico,Grass,16,93.18,14.01,85.99,15.05,26.56,57.4
2,140,Breding ,F25-1704,CIAT-BR-15-2558,Poales,Poaceae,Brachiaria,interespecifico,Brachiaria interespecifico,Grass,16,93.3,14.23,85.77,14.96,26.55,57.51
2,141,Breding ,F25-1705,CIAT-BR-15-2811,Poales,Poaceae,Brachiaria,interespecifico,Brachiaria interespecifico,Grass,16,93.58,16.34,83.66,15.73,29.31,56.34
2,142,Breding ,F25-1705,CIAT-BR-15-2811,Poales,Poaceae,Brachiaria,interespecifico,Brachiaria interespecifico,Grass,16,93.66,16.19,83.81,16,28.94,55.22
2,143,Breding ,F25-1706,CIAT-BR-15-2891,Poales,Poaceae,Brachiaria,interespecifico,Brachiaria interespecifico,Grass,16,93.76,14.74,85.26,15.41,29.27,58.57
2,144,Breding ,F25-1706,CIAT-BR-15-2891,Poales,Poaceae,Brachiaria,interespecifico,Brachiaria interespecifico,Grass,16,93.75,14.94,85.06,15.6,29.49,59.23
2,145,Breding ,F25-1707,CIAT-BR-19-1343,Poales,Poaceae,Brachiaria,interespecifico,Brachiaria interespecifico,Grass,16,94.02,14.52,85.48,16.18,30.08,59.29
2,146,Breding ,F25-1707,CIAT-BR-19-1343,Poales,Poaceae,Brachiaria,interespecifico,Brachiaria interespecifico,Grass,16,94.18,14.5,85.5,16.19,29.59,58.54
2,147,Breding ,F25-1708,CIAT-CIAT-26110,Poales,Poaceae,Brachiaria,interespecifico,Brachiaria interespecifico,Grass,16,93.84,11.98,88.02,12.75,33.32,65.53
2,148,Breding ,F25-1708,CIAT-CIAT-26110,Poales,Poaceae,Brachiaria,interespecifico,Brachiaria interespecifico,Grass,16,93.94,11.88,88.12,12.76,33.16,65.81
2,149,Breding ,F25-1709,CIAT-CIAT-26646,Poales,Poaceae,Brachiaria,interespecifico,Brachiaria interespecifico,Grass,16,93.55,13.12,86.88,14.11,29.05,60.64
2,150,Breding ,F25-1709,CIAT-CIAT-26646,Poales,Poaceae,Brachiaria,interespecifico,Brachiaria interespecifico,Grass,16,93.57,13.23,86.77,14.16,29.12,60.65
2,151,Breding ,F25-1710,CIAT-CIAT-6297,Poales,Poaceae,Brachiaria,interespecifico,Brachiaria interespecifico,Grass,16,95.02,12.99,87.01,14.89,30.41,62.43
2,152,Breding ,F25-1710,CIAT-CIAT-6297,Poales,Poaceae,Brachiaria,interespecifico,Brachiaria interespecifico,Grass,16,95.18,13.03,86.97,14.82,29.34,61.39
2,153,Breding ,F25-1711,CIAT-BR-12-4400,Poales,Poaceae,Brachiaria,interespecifico,Brachiaria interespecifico,Grass,16,93.82,15.33,84.67,14.44,28.18,57.16
2,154,Breding ,F25-1711,CIAT-BR-12-4400,Poales,Poaceae,Brachiaria,interespecifico,Brachiaria interespecifico,Grass,16,94.04,15.28,84.72,14.33,27.96,57.81
2,155,Breding ,F25-1712,CIAT-BR-15-3434,Poales,Poaceae,Brachiaria,interespecifico,Brachiaria interespecifico,Grass,16,94.66,14.23,85.77,15.22,27.9,55.64
2,156,Breding ,F25-1712,CIAT-BR-15-3434,Poales,Poaceae,Brachiaria,interespecifico,Brachiaria interespecifico,Grass,16,94.57,14.17,85.83,14.95,28.61,56.59
2,157,Breding ,F25-1713,CIAT-BR-15-3811,Poales,Poaceae,Brachiaria,interespecifico,Brachiaria interespecifico,Grass,16,96.28,14.78,85.22,15.44,26.68,57.94
2,158,Breding ,F25-1713,CIAT-BR-15-3811,Poales,Poaceae,Brachiaria,interespecifico,Brachiaria interespecifico,Grass,16,96.31,14.65,85.35,15.54,26.8,58.7
2,159,Breding ,F25-1714,CIAT-BR-15-6547,Poales,Poaceae,Brachiaria,interespecifico,Brachiaria interespecifico,Grass,16,94.62,15.42,84.58,15.86,26.8,58.33
2,160,Breding ,F25-1714,CIAT-BR-15-6547,Poales,Poaceae,Brachiaria,interespecifico,Brachiaria interespecifico,Grass,16,94.85,15.65,84.35,15.76,27.24,58.16
2,161,Breding ,F25-1715,CIAT-BR-15-7121,Poales,Poaceae,Brachiaria,interespecifico,Brachiaria interespecifico,Grass,16,94.87,15.09,84.91,17.16,26.6,56.36
2,162,Breding ,F25-1715,CIAT-BR-15-7121,Poales,Poaceae,Brachiaria,interespecifico,Brachiaria interespecifico,Grass,16,94.78,15.3,84.7,16.91,26.3,56.6
2,163,Breding ,F25-1716,CIAT-BR-15-8887,Poales,Poaceae,Brachiaria,interespecifico,Brachiaria interespecifico,Grass,16,94.61,12.99,87.01,14.82,27.57,59.42
2,164,Breding ,F25-1716,CIAT-BR-15-8887,Poales,Poaceae,Brachiaria,interespecifico,Brachiaria interespecifico,Grass,16,94.93,12.99,87.01,14.69,27.64,59.47
2,165,Breding ,F25-1717,CIAT-BR-19-4678,Poales,Poaceae,Brachiaria,interespecifico,Brachiaria interespecifico,Grass,16,92.66,15.15,84.85,15.23,27.6,53.84
2,166,Breding ,F25-1717,CIAT-BR-19-4678,Poales,Poaceae,Brachiaria,interespecifico,Brachiaria interespecifico,Grass,16,92.87,15.05,84.95,15.16,28.28,53.93
2,167,Breding ,F25-1718,CIAT-BR-19-5029,Poales,Poaceae,Brachiaria,interespecifico,Brachiaria interespecifico,Grass,16,95.86,15.34,84.66,15.11,27.89,59.49
2,168,Breding ,F25-1718,CIAT-BR-19-5029,Poales,Poaceae,Brachiaria,interespecifico,Brachiaria interespecifico,Grass,16,95.38,15.33,84.67,15.01,27.58,58.66
2,169,Breding ,F25-1719,CIAT-BR-19-5357,Poales,Poaceae,Brachiaria,interespecifico,Brachiaria interespecifico,Grass,16,94.49,15.4,84.6,15.79,28.37,57.57
2,170,Breding ,F25-1719,CIAT-BR-19-5357,Poales,Poaceae,Brachiaria,interespecifico,Brachiaria interespecifico,Grass,16,94.64,15.49,84.51,15.71,28.76,59.24
2,171,Breding ,F25-1720,CIAT-BR-19-5381,Poales,Poaceae,Brachiaria,interespecifico,Brachiaria interespecifico,Grass,16,94.5,14.12,85.88,14.76,31.05,62.85
2,172,Breding ,F25-1720,CIAT-BR-19-5381,Poales,Poaceae,Brachiaria,interespecifico,Brachiaria interespecifico,Grass,16,94.65,14.08,85.92,15.16,30.63,61.16
2,173,Breding ,F25-1721,CIAT-BR-02-0465,Poales,Poaceae,Brachiaria,interespecifico,Brachiaria interespecifico,Grass,16,96.76,13.76,86.24,13.85,32.43,65.34
2,174,Breding ,F25-1721,CIAT-BR-02-0465,Poales,Poaceae,Brachiaria,interespecifico,Brachiaria interespecifico,Grass,16,97,13.81,86.19,13.88,33.17,65.89
2,175,Breding ,F25-1722,CIAT-BR-04-3025,Poales,Poaceae,Brachiaria,interespecifico,Brachiaria interespecifico,Grass,16,95.74,11.26,88.74,12.21,32.59,67.01
2,176,Breding ,F25-1722,CIAT-BR-04-3025,Poales,Poaceae,Brachiaria,interespecifico,Brachiaria interespecifico,Grass,16,95.93,11.36,88.64,12.29,32.84,67.83
2,177,Breding ,F25-1723,CIAT-BR-05-1435,Poales,Poaceae,Brachiaria,interespecifico,Brachiaria interespecifico,Grass,16,96.05,14.48,85.52,15.99,30.77,63.07
2,178,Breding ,F25-1723,CIAT-BR-05-1435,Poales,Poaceae,Brachiaria,interespecifico,Brachiaria interespecifico,Grass,16,96.07,14.93,85.07,16.2,30.88,64.86
2,179,Breding ,F25-1724,CIAT-BR-09-3660,Poales,Poaceae,Brachiaria,interespecifico,Brachiaria interespecifico,Grass,16,96.18,13.63,86.37,12.69,29.04,60.19
2,180,Breding ,F25-1724,CIAT-BR-09-3660,Poales,Poaceae,Brachiaria,interespecifico,Brachiaria interespecifico,Grass,16,96.3,13.65,86.35,12.85,29.06,62.31
2,181,Breding ,F25-1725,CIAT-BR-19-1264,Poales,Poaceae,Brachiaria,interespecifico,Brachiaria interespecifico,Grass,16,96.22,15.55,84.45,18.7,24.89,56.9
2,182,Breding ,F25-1725,CIAT-BR-19-1264,Poales,Poaceae,Brachiaria,interespecifico,Brachiaria interespecifico,Grass,16,96.37,15.67,84.33,18.43,25.27,55.7
2,183,Breding ,F25-1726,CIAT-BR-19-5217,Poales,Poaceae,Brachiaria,interespecifico,Brachiaria interespecifico,Grass,16,96.16,14.33,85.67,13.55,28.61,60.76
2,184,Breding ,F25-1726,CIAT-BR-19-5217,Poales,Poaceae,Brachiaria,interespecifico,Brachiaria interespecifico,Grass,16,96.24,14.1,85.9,13.38,28.98,60.65
2,185,Breding ,F25-1727,CIAT-CIAT-26124,Poales,Poaceae,Brachiaria,interespecifico,Brachiaria interespecifico,Grass,16,95.99,12.86,87.14,14.44,31.93,64.65
2,186,Breding ,F25-1727,CIAT-CIAT-26124,Poales,Poaceae,Brachiaria,interespecifico,Brachiaria interespecifico,Grass,16,96.07,12.79,87.21,14.75,31.28,65.1
2,187,LMF,F25-2076,ILRI-15551,"	Fabales",Fabaceae,Leucaena,diversifolia,Leucaena diversifolia,Shrub_Trees,16,96.25,8.02,91.98,26.28,33.64,61.29
2,188,LMF,F25-2076,ILRI-15551,"	Fabales",Fabaceae,Leucaena,diversifolia,Leucaena diversifolia,Shrub_Trees,16,96.42,7.97,92.03,26.35,32.61,59.84
2,189,LMF-invivo,F25-2122,ILRI-15551,"	Fabales",Fabaceae,Leucaena,diversifolia,Leucaena diversifolia,Shrub_Trees,16,91.1,7.52,92.48,30.08,23.33,52.63
2,190,LMF-invivo,F25-2122,ILRI-15551,"	Fabales",Fabaceae,Leucaena,diversifolia,Leucaena diversifolia,Shrub_Trees,16,91.16,7.55,92.45,30.19,24.63,51.09
2,191,LMF,F25-0017,Hohenheimer-Heustandard,Forage,Forage,Hohenheimer, Heustandard,Hohenheimer Heustandard,Forage,14,91.34432784,9.990152095,90.0098479,0,0,0
2,191,LMF,F25-0017,Hohenheimer-Heustandard,Forage,Forage,Hohenheimer, Heustandard,Hohenheimer Heustandard,Forage,15,91.34432784,9.990152095,90.0098479,0,0,0
2,191,LMF,F25-0017,Hohenheimer-Heustandard,Forage,Forage,Hohenheimer, Heustandard,Hohenheimer Heustandard,Forage,16,91.34432784,9.990152095,90.0098479,0,0,0
2,191,LMF,F25-0017,Hohenheimer-Heustandard,Forage,Forage,Hohenheimer, Heustandard,Hohenheimer Heustandard,Forage,17,91.34432784,9.990152095,90.0098479,0,0,0
2,191,LMF,F25-0017,Hohenheimer-Heustandard,Forage,Forage,Hohenheimer, Heustandard,Hohenheimer Heustandard,Forage,18,91.34432784,9.990152095,90.0098479,0,0,0
2,191,LMF,F25-0017,Hohenheimer-Heustandard,Forage,Forage,Hohenheimer, Heustandard,Hohenheimer Heustandard,Forage,19,91.34432784,9.990152095,90.0098479,0,0,0
2,191,LMF,F25-0017,Hohenheimer-Heustandard,Forage,Forage,Hohenheimer, Heustandard,Hohenheimer Heustandard,Forage,20,91.34432784,9.990152095,90.0098479,0,0,0
2,191,LMF,F25-0017,Hohenheimer-Heustandard,Forage,Forage,Hohenheimer, Heustandard,Hohenheimer Heustandard,Forage,21,91.34432784,9.990152095,90.0098479,0,0,0
2,192,LMF,F25-0017,Hohenheimer-Heustandard,Forage,Forage,Hohenheimer, Heustandard,Hohenheimer Heustandard,Forage,14,91.32173565,10.12699803,89.87300197,0,0,0
2,192,LMF,F25-0017,Hohenheimer-Heustandard,Forage,Forage,Hohenheimer, Heustandard,Hohenheimer Heustandard,Forage,15,91.32173565,10.12699803,89.87300197,0,0,0
2,192,LMF,F25-0017,Hohenheimer-Heustandard,Forage,Forage,Hohenheimer, Heustandard,Hohenheimer Heustandard,Forage,16,91.32173565,10.12699803,89.87300197,0,0,0
2,192,LMF,F25-0017,Hohenheimer-Heustandard,Forage,Forage,Hohenheimer, Heustandard,Hohenheimer Heustandard,Forage,17,91.32173565,10.12699803,89.87300197,0,0,0
2,192,LMF,F25-0017,Hohenheimer-Heustandard,Forage,Forage,Hohenheimer, Heustandard,Hohenheimer Heustandard,Forage,18,91.32173565,10.12699803,89.87300197,0,0,0
2,192,LMF,F25-0017,Hohenheimer-Heustandard,Forage,Forage,Hohenheimer, Heustandard,Hohenheimer Heustandard,Forage,19,91.32173565,10.12699803,89.87300197,0,0,0
2,192,LMF,F25-0017,Hohenheimer-Heustandard,Forage,Forage,Hohenheimer, Heustandard,Hohenheimer Heustandard,Forage,20,91.32173565,10.12699803,89.87300197,0,0,0
2,192,LMF,F25-0017,Hohenheimer-Heustandard,Forage,Forage,Hohenheimer, Heustandard,Hohenheimer Heustandard,Forage,21,91.32173565,10.12699803,89.87300197,0,0,0
2,193,LMF,F25-0018,Homenheim-Concentrate,Concentrate,Concentrate,Homenheim, Concentrate,Homenheim Concentrate,Concentrate,14,89.73205359,6.183844011,93.81615599,0,0,0
2,193,LMF,F25-0018,Homenheim-Concentrate,Concentrate,Concentrate,Homenheim, Concentrate,Homenheim Concentrate,Concentrate,15,89.73205359,6.183844011,93.81615599,0,0,0
2,193,LMF,F25-0018,Homenheim-Concentrate,Concentrate,Concentrate,Homenheim, Concentrate,Homenheim Concentrate,Concentrate,16,89.73205359,6.183844011,93.81615599,0,0,0
2,193,LMF,F25-0018,Homenheim-Concentrate,Concentrate,Concentrate,Homenheim, Concentrate,Homenheim Concentrate,Concentrate,17,89.73205359,6.183844011,93.81615599,0,0,0
2,193,LMF,F25-0018,Homenheim-Concentrate,Concentrate,Concentrate,Homenheim, Concentrate,Homenheim Concentrate,Concentrate,18,89.73205359,6.183844011,93.81615599,0,0,0
2,193,LMF,F25-0018,Homenheim-Concentrate,Concentrate,Concentrate,Homenheim, Concentrate,Homenheim Concentrate,Concentrate,19,89.73205359,6.183844011,93.81615599,0,0,0
2,193,LMF,F25-0018,Homenheim-Concentrate,Concentrate,Concentrate,Homenheim, Concentrate,Homenheim Concentrate,Concentrate,20,89.73205359,6.183844011,93.81615599,0,0,0
2,193,LMF,F25-0018,Homenheim-Concentrate,Concentrate,Concentrate,Homenheim, Concentrate,Homenheim Concentrate,Concentrate,21,89.73205359,6.183844011,93.81615599,0,0,0
2,193,LMF,F25-0018,Homenheim-Concentrate,Concentrate,Concentrate,Homenheim, Concentrate,Homenheim Concentrate,Concentrate,22,89.73205359,6.183844011,93.81615599,0,0,0
2,194,LMF,F25-0018,Homenheim-Concentrate,Concentrate,Concentrate,Homenheim, Concentrate,Homenheim Concentrate,Concentrate,14,89.65413834,5.886943918,94.11305608,0,0,0
2,194,LMF,F25-0018,Homenheim-Concentrate,Concentrate,Concentrate,Homenheim, Concentrate,Homenheim Concentrate,Concentrate,15,89.65413834,5.886943918,94.11305608,0,0,0
2,194,LMF,F25-0018,Homenheim-Concentrate,Concentrate,Concentrate,Homenheim, Concentrate,Homenheim Concentrate,Concentrate,16,89.65413834,5.886943918,94.11305608,0,0,0
2,194,LMF,F25-0018,Homenheim-Concentrate,Concentrate,Concentrate,Homenheim, Concentrate,Homenheim Concentrate,Concentrate,17,89.65413834,5.886943918,94.11305608,0,0,0
2,194,LMF,F25-0018,Homenheim-Concentrate,Concentrate,Concentrate,Homenheim, Concentrate,Homenheim Concentrate,Concentrate,18,89.65413834,5.886943918,94.11305608,0,0,0
2,194,LMF,F25-0018,Homenheim-Concentrate,Concentrate,Concentrate,Homenheim, Concentrate,Homenheim Concentrate,Concentrate,19,89.65413834,5.886943918,94.11305608,0,0,0
2,194,LMF,F25-0018,Homenheim-Concentrate,Concentrate,Concentrate,Homenheim, Concentrate,Homenheim Concentrate,Concentrate,20,89.65413834,5.886943918,94.11305608,0,0,0
2,194,LMF,F25-0018,Homenheim-Concentrate,Concentrate,Concentrate,Homenheim, Concentrate,Homenheim Concentrate,Concentrate,21,89.65413834,5.886943918,94.11305608,0,0,0
2,194,LMF,F25-0018,Homenheim-Concentrate,Concentrate,Concentrate,Homenheim, Concentrate,Homenheim Concentrate,Concentrate,22,89.65413834,5.886943918,94.11305608,0,0,0
2,197,Genetic bank,F25-0929,CIAT-15474,Fabales,Fabaceae,Centrosema,molle,Centrosema molle,Herbaceous_legumes,17,92.13,9.16,90.84,30.53,33.97,56.45
2,198,Genetic bank,F25-0929,CIAT-15474,Fabales,Fabaceae,Centrosema,molle,Centrosema molle,Herbaceous_legumes,17,92.47,9.17,90.83,30.63,34.36,55.6
2,199,Genetic bank,F25-0930,CIAT-15470,Fabales,Fabaceae,Centrosema,molle,Centrosema molle,Herbaceous_legumes,17,94.2,9.23,90.77,24.65,31.74,57.03
2,200,Genetic bank,F25-0930,CIAT-15470,Fabales,Fabaceae,Centrosema,molle,Centrosema molle,Herbaceous_legumes,17,94.31,9.19,90.81,24.65,32.46,59.74
2,201,Genetic bank,F25-0931,CIAT-13268,Fabales,Fabaceae,Tadehagi,triquetrum,Tadehagi triquetrum,Herbaceous_legumes,17,94.1,7.41,92.59,14.85,43.43,51.47
2,202,Genetic bank,F25-0931,CIAT-13268,Fabales,Fabaceae,Tadehagi,triquetrum,Tadehagi triquetrum,Herbaceous_legumes,17,94.32,7.66,92.34,14.85,42.18,49.87
2,203,Genetic bank,F25-0932,CIAT-22768,Fabales,Fabaceae,Lablab,purpureus,Lablab purpureus,Herbaceous_legumes,17,93.99,8.56,91.44,23.69,23.98,49.29
2,204,Genetic bank,F25-0932,CIAT-22768,Fabales,Fabaceae,Lablab,purpureus,Lablab purpureus,Herbaceous_legumes,17,94.38,8.87,91.13,23.69,23.91,49.77
2,205,Genetic bank,F25-0933,CIAT-22770,Fabales,Fabaceae,Lablab,purpureus,Lablab purpureus,Herbaceous_legumes,17,93.21,7.64,92.36,21.39,21.82,39.99
2,206,Genetic bank,F25-0933,CIAT-22770,Fabales,Fabaceae,Lablab,purpureus,Lablab purpureus,Herbaceous_legumes,17,93.38,7.61,92.39,21.39,21.6,40.69
2,207,Genetic bank,F25-0934,CIAT-18701,Fabales,Fabaceae,Cajanus,cajan,Cajanus cajan,Shrub_Trees,17,94.81,7.07,92.93,23.9,48.36,60.23
2,208,Genetic bank,F25-0934,CIAT-18701,Fabales,Fabaceae,Cajanus,cajan,Cajanus cajan,Shrub_Trees,17,94.77,7.04,92.96,23.9,47.91,60.01
2,209,Genetic bank,F25-0935,CIAT-20891,Fabales,Fabaceae,Cajanus,cajan,Cajanus cajan,Shrub_Trees,17,95.2,8.1,91.9,20.08,42.9,53.62
2,210,Genetic bank,F25-0935,CIAT-20891,Fabales,Fabaceae,Cajanus,cajan,Cajanus cajan,Shrub_Trees,17,95.3,8.28,91.72,20.08,43.99,54.05
2,211,Genetic bank,F25-0936,CIAT-5172,Fabales,Fabaceae,Centrosema,molle,Centrosema molle,Herbaceous_legumes,17,93.55,10.88,89.12,26.38,37.87,62.1
2,212,Genetic bank,F25-0936,CIAT-5172,Fabales,Fabaceae,Centrosema,molle,Centrosema molle,Herbaceous_legumes,17,93.77,10.81,89.19,26.38,37.41,61.65
2,213,Genetic bank,F25-0937,CIAT-5452,Fabales,Fabaceae,Centrosema,macrocarpum,Centrosema macrocarpum,Herbaceous_legumes,17,94.62,16.66,83.34,15.2,33.95,50.65
2,214,Genetic bank,F25-0937,CIAT-5452,Fabales,Fabaceae,Centrosema,macrocarpum,Centrosema macrocarpum,Herbaceous_legumes,17,94.83,16.48,83.52,15.2,32.55,50.37
2,215,Genetic bank,F25-0938,CIAT-5733,Fabales,Fabaceae,Centrosema,macrocarpum,Centrosema macrocarpum,Herbaceous_legumes,17,95.1,12.07,87.93,15.96,29.98,46.76
2,216,Genetic bank,F25-0938,CIAT-5733,Fabales,Fabaceae,Centrosema,macrocarpum,Centrosema macrocarpum,Herbaceous_legumes,17,95.39,12.58,87.42,15.96,30.05,48.83
2,217,Genetic bank,F25-0939,CIAT-5735,Fabales,Fabaceae,Centrosema,macrocarpum,Centrosema macrocarpum,Herbaceous_legumes,17,93.98,8.88,91.12,26.53,30.62,51.17
2,218,Genetic bank,F25-0939,CIAT-5735,Fabales,Fabaceae,Centrosema,macrocarpum,Centrosema macrocarpum,Herbaceous_legumes,17,94.01,8.96,91.04,26.53,30.86,50.28
2,219,Genetic bank,F25-0940,CIAT-5749,Fabales,Fabaceae,Centrosema,plumieri,Centrosema plumieri,Herbaceous_legumes,17,93.07,8.73,91.27,21.39,25.86,62.66
2,220,Genetic bank,F25-0940,CIAT-5749,Fabales,Fabaceae,Centrosema,plumieri,Centrosema plumieri,Herbaceous_legumes,17,93.1,8.66,91.34,22.29,26.28,59.89
2,221,Genetic bank,F25-0941,CIAT-5911,Fabales,Fabaceae,Centrosema,macrocarpum,Centrosema macrocarpum,Herbaceous_legumes,17,95.28,11.41,88.59,15.5,30.6,52.79
2,222,Genetic bank,F25-0941,CIAT-5911,Fabales,Fabaceae,Centrosema,macrocarpum,Centrosema macrocarpum,Herbaceous_legumes,17,95.39,11.66,88.34,15.5,30.16,53.34
2,223,Genetic bank,F25-0942,CIAT-13692,Fabales,Fabaceae,Desmodium,velutinum,Desmodium velutinum,Shrub_Trees,17,94.85,10.6,89.4,18.55,32.9,56.76
2,224,Genetic bank,F25-0942,CIAT-13692,Fabales,Fabaceae,Desmodium,velutinum,Desmodium velutinum,Shrub_Trees,17,94.98,10.57,89.43,18.55,31.45,53.69
2,225,Genetic bank,F25-0943,CIAT-15121,Fabales,Fabaceae,Centrosema,macrocarpum,Centrosema macrocarpum,Herbaceous_legumes,17,93.81,11.06,88.94,19.77,30.08,50.42
2,226,Genetic bank,F25-0943,CIAT-15121,Fabales,Fabaceae,Centrosema,macrocarpum,Centrosema macrocarpum,Herbaceous_legumes,17,94.02,11.31,88.69,19.77,30.48,50.43
2,227,Genetic bank,F25-0944,CIAT-15150,Fabales,Fabaceae,Centrosema,molle,Centrosema molle,Herbaceous_legumes,17,92.98,8.67,91.33,20.03,29.19,63.62
2,228,Genetic bank,F25-0944,CIAT-15150,Fabales,Fabaceae,Centrosema,molle,Centrosema molle,Herbaceous_legumes,17,93.22,8.76,91.24,20.03,28.47,61.27
2,229,Genetic bank,F25-0945,CIAT-15154,Fabales,Fabaceae,Centrosema,molle,Centrosema molle,Herbaceous_legumes,17,94.27,7.86,92.14,26.23,32.18,67.12
2,230,Genetic bank,F25-0945,CIAT-15154,Fabales,Fabaceae,Centrosema,molle,Centrosema molle,Herbaceous_legumes,17,94.46,8,92,26.23,34.49,64.56
2,231,Genetic bank,F25-0946,CIAT-15561,Fabales,Fabaceae,Centrosema,molle,Centrosema molle,Herbaceous_legumes,17,92.74,9.54,90.46,25.06,38.8,69.3
2,232,Genetic bank,F25-0946,CIAT-15561,Fabales,Fabaceae,Centrosema,molle,Centrosema molle,Herbaceous_legumes,17,92.28,9.53,90.47,25.06,39.24,72.37
2,233,Genetic bank,F25-0947,CIAT-15799,Fabales,Fabaceae,Centrosema,macrocarpum,Centrosema macrocarpum,Herbaceous_legumes,17,92.72,19.6,80.4,17.46,32.94,61.17
2,234,Genetic bank,F25-0947,CIAT-15799,Fabales,Fabaceae,Centrosema,macrocarpum,Centrosema macrocarpum,Herbaceous_legumes,17,92.92,19.46,80.54,17.46,30.78,57.93
2,235,Genetic bank,F25-0948,CIAT-15816,Fabales,Fabaceae,Centrosema,acutifolium,Centrosema acutifolium,Herbaceous_legumes,17,95.88,10.15,89.85,20.68,28.22,52.12
2,236,Genetic bank,F25-0948,CIAT-15816,Fabales,Fabaceae,Centrosema,acutifolium,Centrosema acutifolium,Herbaceous_legumes,17,95.59,10.22,89.78,20.52,26.81,50.68
2,237,Genetic bank,F25-0949,CIAT-20304,Fabales,Fabaceae,Canavalia,brasiliensis,Canavalia brasiliensis,Herbaceous_legumes,17,94.46,12.12,87.88,22.84,20.34,46.9
2,238,Genetic bank,F25-0949,CIAT-20304,Fabales,Fabaceae,Canavalia,brasiliensis,Canavalia brasiliensis,Herbaceous_legumes,17,94.63,12.04,87.96,22.84,21.17,48.26
2,239,Genetic bank,F25-0950,CIAT-21603,Fabales,Fabaceae,Lablab,purpureus,Lablab purpureus,Herbaceous_legumes,17,94.11,8.14,91.86,18.15,19.59,51.54
2,240,Genetic bank,F25-0950,CIAT-21603,Fabales,Fabaceae,Lablab,purpureus,Lablab purpureus,Herbaceous_legumes,17,94.44,8.79,91.21,18.15,20.55,53.35
2,241,Genetic bank,F25-0951,CIAT-23248,Fabales,Fabaceae,Desmodium,velutinum,Desmodium velutinum,Shrub_Trees,17,94.8,10.5,89.5,18.85,22.81,42.46
2,242,Genetic bank,F25-0951,CIAT-23248,Fabales,Fabaceae,Desmodium,velutinum,Desmodium velutinum,Shrub_Trees,17,95.08,10.45,89.55,18.85,22.79,41.64
2,243,Genetic bank,F25-0952,CIAT-23271,Fabales,Fabaceae,Desmodium,velutinum,Desmodium velutinum,Shrub_Trees,17,95,13.74,86.26,17.34,21.39,44.33
2,244,Genetic bank,F25-0952,CIAT-23271,Fabales,Fabaceae,Desmodium,velutinum,Desmodium velutinum,Shrub_Trees,17,95.11,13.82,86.18,17.34,22.46,47.36
2,245,Genetic bank,F25-0953,CIAT-23279,Fabales,Fabaceae,Desmodium,velutinum,Desmodium velutinum,Shrub_Trees,17,93.34,10.56,89.44,19.89,22.15,44.14
2,246,Genetic bank,F25-0953,CIAT-23279,Fabales,Fabaceae,Desmodium,velutinum,Desmodium velutinum,Shrub_Trees,17,93.64,10.7,89.3,19.89,22.33,47.13
2,247,Genetic bank,F25-0954,CIAT-23326,Fabales,Fabaceae,Desmodium,velutinum,Desmodium velutinum,Shrub_Trees,17,95.77,14.95,85.05,18.11,23.08,40.57
2,248,Genetic bank,F25-0954,CIAT-23326,Fabales,Fabaceae,Desmodium,velutinum,Desmodium velutinum,Shrub_Trees,17,95.91,15.15,84.85,18.11,22.92,39.43
2,249,Genetic bank,F25-0955,CIAT-33255,Fabales,Fabaceae,Desmodium,velutinum,Desmodium velutinum,Shrub_Trees,17,94.85,13.82,86.18,18.56,25.84,45.1
2,250,Genetic bank,F25-0955,CIAT-33255,Fabales,Fabaceae,Desmodium,velutinum,Desmodium velutinum,Shrub_Trees,17,95.07,13.72,86.28,18.56,24.52,45.7
2,251,Genetic bank,F25-0956,CIAT-33428,Fabales,Fabaceae,Desmodium,velutinum,Desmodium velutinum,Shrub_Trees,17,96.1,9.54,90.46,17.04,34.21,50.61
2,252,Genetic bank,F25-0956,CIAT-33428,Fabales,Fabaceae,Desmodium,velutinum,Desmodium velutinum,Shrub_Trees,17,96.26,9.45,90.55,17.04,33.91,50.64
2,253,Genetic bank,F25-0957,CIAT-33451,Fabales,Fabaceae,Desmodium,velutinum,Desmodium velutinum,Shrub_Trees,17,95.89,7.79,92.21,14.71,34.54,46.03
2,254,Genetic bank,F25-0957,CIAT-33451,Fabales,Fabaceae,Desmodium,velutinum,Desmodium velutinum,Shrub_Trees,17,96.11,7.8,92.2,14.71,34.16,45.78
2,255,Genetic bank,F25-0958,CIAT-33463,Fabales,Fabaceae,Desmodium,velutinum,Desmodium velutinum,Shrub_Trees,17,96.24,15.22,84.78,16.08,24.12,40.18
2,256,Genetic bank,F25-0958,CIAT-33463,Fabales,Fabaceae,Desmodium,velutinum,Desmodium velutinum,Shrub_Trees,17,96.21,15.1,84.9,16.18,23.57,39.26
2,257,LMF,F25-0017,Hohenheimer-Heustandard,Forage,Forage,Hohenheimer, Heustandard,Hohenheimer Heustandard,Forage,14,91.34432784,9.990152095,90.0098479,0,0,0
2,257,LMF,F25-0017,Hohenheimer-Heustandard,Forage,Forage,Hohenheimer, Heustandard,Hohenheimer Heustandard,Forage,15,91.34432784,9.990152095,90.0098479,0,0,0
2,257,LMF,F25-0017,Hohenheimer-Heustandard,Forage,Forage,Hohenheimer, Heustandard,Hohenheimer Heustandard,Forage,16,91.34432784,9.990152095,90.0098479,0,0,0
2,257,LMF,F25-0017,Hohenheimer-Heustandard,Forage,Forage,Hohenheimer, Heustandard,Hohenheimer Heustandard,Forage,17,91.34432784,9.990152095,90.0098479,0,0,0
2,257,LMF,F25-0017,Hohenheimer-Heustandard,Forage,Forage,Hohenheimer, Heustandard,Hohenheimer Heustandard,Forage,18,91.34432784,9.990152095,90.0098479,0,0,0
2,257,LMF,F25-0017,Hohenheimer-Heustandard,Forage,Forage,Hohenheimer, Heustandard,Hohenheimer Heustandard,Forage,19,91.34432784,9.990152095,90.0098479,0,0,0
2,257,LMF,F25-0017,Hohenheimer-Heustandard,Forage,Forage,Hohenheimer, Heustandard,Hohenheimer Heustandard,Forage,20,91.34432784,9.990152095,90.0098479,0,0,0
2,257,LMF,F25-0017,Hohenheimer-Heustandard,Forage,Forage,Hohenheimer, Heustandard,Hohenheimer Heustandard,Forage,21,91.34432784,9.990152095,90.0098479,0,0,0
2,258,LMF,F25-0017,Hohenheimer-Heustandard,Forage,Forage,Hohenheimer, Heustandard,Hohenheimer Heustandard,Forage,14,91.32173565,10.12699803,89.87300197,0,0,0
2,258,LMF,F25-0017,Hohenheimer-Heustandard,Forage,Forage,Hohenheimer, Heustandard,Hohenheimer Heustandard,Forage,15,91.32173565,10.12699803,89.87300197,0,0,0
2,258,LMF,F25-0017,Hohenheimer-Heustandard,Forage,Forage,Hohenheimer, Heustandard,Hohenheimer Heustandard,Forage,16,91.32173565,10.12699803,89.87300197,0,0,0
2,258,LMF,F25-0017,Hohenheimer-Heustandard,Forage,Forage,Hohenheimer, Heustandard,Hohenheimer Heustandard,Forage,17,91.32173565,10.12699803,89.87300197,0,0,0
2,258,LMF,F25-0017,Hohenheimer-Heustandard,Forage,Forage,Hohenheimer, Heustandard,Hohenheimer Heustandard,Forage,18,91.32173565,10.12699803,89.87300197,0,0,0
2,258,LMF,F25-0017,Hohenheimer-Heustandard,Forage,Forage,Hohenheimer, Heustandard,Hohenheimer Heustandard,Forage,19,91.32173565,10.12699803,89.87300197,0,0,0
2,258,LMF,F25-0017,Hohenheimer-Heustandard,Forage,Forage,Hohenheimer, Heustandard,Hohenheimer Heustandard,Forage,20,91.32173565,10.12699803,89.87300197,0,0,0
2,258,LMF,F25-0017,Hohenheimer-Heustandard,Forage,Forage,Hohenheimer, Heustandard,Hohenheimer Heustandard,Forage,21,91.32173565,10.12699803,89.87300197,0,0,0
2,259,LMF,F25-0018,Homenheim-Concentrate,Concentrate,Concentrate,Homenheim, Concentrate,Homenheim Concentrate,Concentrate,14,89.73205359,6.183844011,93.81615599,0,0,0
2,259,LMF,F25-0018,Homenheim-Concentrate,Concentrate,Concentrate,Homenheim, Concentrate,Homenheim Concentrate,Concentrate,15,89.73205359,6.183844011,93.81615599,0,0,0
2,259,LMF,F25-0018,Homenheim-Concentrate,Concentrate,Concentrate,Homenheim, Concentrate,Homenheim Concentrate,Concentrate,16,89.73205359,6.183844011,93.81615599,0,0,0
2,259,LMF,F25-0018,Homenheim-Concentrate,Concentrate,Concentrate,Homenheim, Concentrate,Homenheim Concentrate,Concentrate,17,89.73205359,6.183844011,93.81615599,0,0,0
2,259,LMF,F25-0018,Homenheim-Concentrate,Concentrate,Concentrate,Homenheim, Concentrate,Homenheim Concentrate,Concentrate,18,89.73205359,6.183844011,93.81615599,0,0,0
2,259,LMF,F25-0018,Homenheim-Concentrate,Concentrate,Concentrate,Homenheim, Concentrate,Homenheim Concentrate,Concentrate,19,89.73205359,6.183844011,93.81615599,0,0,0
2,259,LMF,F25-0018,Homenheim-Concentrate,Concentrate,Concentrate,Homenheim, Concentrate,Homenheim Concentrate,Concentrate,20,89.73205359,6.183844011,93.81615599,0,0,0
2,259,LMF,F25-0018,Homenheim-Concentrate,Concentrate,Concentrate,Homenheim, Concentrate,Homenheim Concentrate,Concentrate,21,89.73205359,6.183844011,93.81615599,0,0,0
2,259,LMF,F25-0018,Homenheim-Concentrate,Concentrate,Concentrate,Homenheim, Concentrate,Homenheim Concentrate,Concentrate,22,89.73205359,6.183844011,93.81615599,0,0,0
2,260,LMF,F25-0018,Homenheim-Concentrate,Concentrate,Concentrate,Homenheim, Concentrate,Homenheim Concentrate,Concentrate,14,89.65413834,5.886943918,94.11305608,0,0,0
2,260,LMF,F25-0018,Homenheim-Concentrate,Concentrate,Concentrate,Homenheim, Concentrate,Homenheim Concentrate,Concentrate,15,89.65413834,5.886943918,94.11305608,0,0,0
2,260,LMF,F25-0018,Homenheim-Concentrate,Concentrate,Concentrate,Homenheim, Concentrate,Homenheim Concentrate,Concentrate,16,89.65413834,5.886943918,94.11305608,0,0,0
2,260,LMF,F25-0018,Homenheim-Concentrate,Concentrate,Concentrate,Homenheim, Concentrate,Homenheim Concentrate,Concentrate,17,89.65413834,5.886943918,94.11305608,0,0,0
2,260,LMF,F25-0018,Homenheim-Concentrate,Concentrate,Concentrate,Homenheim, Concentrate,Homenheim Concentrate,Concentrate,18,89.65413834,5.886943918,94.11305608,0,0,0
2,260,LMF,F25-0018,Homenheim-Concentrate,Concentrate,Concentrate,Homenheim, Concentrate,Homenheim Concentrate,Concentrate,19,89.65413834,5.886943918,94.11305608,0,0,0
2,260,LMF,F25-0018,Homenheim-Concentrate,Concentrate,Concentrate,Homenheim, Concentrate,Homenheim Concentrate,Concentrate,20,89.65413834,5.886943918,94.11305608,0,0,0
2,260,LMF,F25-0018,Homenheim-Concentrate,Concentrate,Concentrate,Homenheim, Concentrate,Homenheim Concentrate,Concentrate,21,89.65413834,5.886943918,94.11305608,0,0,0
2,260,LMF,F25-0018,Homenheim-Concentrate,Concentrate,Concentrate,Homenheim, Concentrate,Homenheim Concentrate,Concentrate,22,89.65413834,5.886943918,94.11305608,0,0,0
2,263,Genetic bank,F25-0959,CIAT-350,Fabales,Fabaceae,Desmodium,heterocarpon,Desmodium heterocarpon,Herbaceous_legumes,18,94.33,8.77,91.23,14.87,40.82,51.14
2,264,Genetic bank,F25-0959,CIAT-350,Fabales,Fabaceae,Desmodium,heterocarpon,Desmodium heterocarpon,Herbaceous_legumes,18,94.34,8.69,91.31,14.87,40.84,51.57
2,265,Genetic bank,F25-0960,CIAT-3187,Fabales,Fabaceae,Desmodium,cajanifolium,Desmodium cajanifolium,Shrub_Trees,18,93.99,11.83,88.17,20.67,22.06,35.29
2,266,Genetic bank,F25-0960,CIAT-3187,Fabales,Fabaceae,Desmodium,cajanifolium,Desmodium cajanifolium,Shrub_Trees,18,94.09,11.96,88.04,20.67,22.33,36.58
2,267,Genetic bank,F25-0961,CIAT-4028,Fabales,Fabaceae,Galactia,glaucescens,Galactia glaucescens,Herbaceous_legumes,18,94.44,11.74,88.26,12.55,47.43,64.49
2,268,Genetic bank,F25-0961,CIAT-4028,Fabales,Fabaceae,Galactia,glaucescens,Galactia glaucescens,Herbaceous_legumes,18,94.59,11.96,88.04,12.55,45.93,66.35
2,269,Genetic bank,F25-0962,CIAT-5277,Fabales,Fabaceae,Centrosema,acutifolium,Centrosema acutifolium,Herbaceous_legumes,18,91.39,7.47,92.53,19.78,32.2,62.63
2,270,Genetic bank,F25-0962,CIAT-5277,Fabales,Fabaceae,Centrosema,acutifolium,Centrosema acutifolium,Herbaceous_legumes,18,91.47,7.63,92.37,19.78,30.97,61.13
2,271,Genetic bank,F25-0963,CIAT-7227,Fabales,Fabaceae,Galactia,texana,Galactia texana,Herbaceous_legumes,18,93.19,16.04,83.96,12.52,26.41,40.77
2,272,Genetic bank,F25-0963,CIAT-7227,Fabales,Fabaceae,Galactia,texana,Galactia texana,Herbaceous_legumes,18,92.9,16.05,83.95,12.52,27.34,42.77
2,273,Genetic bank,F25-0964,CIAT-8013,Fabales,Fabaceae,Crotalaria,paulina,Crotalaria paulina,Herbaceous_legumes,18,93.67,10.67,89.33,22.95,17.69,58.43
2,274,Genetic bank,F25-0964,CIAT-8013,Fabales,Fabaceae,Crotalaria,paulina,Crotalaria paulina,Herbaceous_legumes,18,93.8,10.54,89.46,22.95,18.01,63.67
2,275,Genetic bank,F25-0965,CIAT-8156,Fabales,Fabaceae,Chamaecrista,rotundifolia,Chamaecrista rotundifolia,Herbaceous_legumes,18,94.04,9.99,90.01,24.22,33,59.21
2,276,Genetic bank,F25-0965,CIAT-8156,Fabales,Fabaceae,Chamaecrista,rotundifolia,Chamaecrista rotundifolia,Herbaceous_legumes,18,94.18,9.95,90.05,24.22,34.47,58.26
2,277,Genetic bank,F25-0966,CIAT-9323,Fabales,Fabaceae,Crotalaria,vitellina,Crotalaria vitellina,Herbaceous_legumes,18,92.39,6.06,93.94,25.36,17.53,44.9
2,278,Genetic bank,F25-0966,CIAT-9323,Fabales,Fabaceae,Crotalaria,vitellina,Crotalaria vitellina,Herbaceous_legumes,18,92.41,6.06,93.94,25.36,17.42,45.99
2,279,Genetic bank,F25-0967,CIAT-9537,Fabales,Fabaceae,Crotalaria,sagittalis,Crotalaria sagittalis,Herbaceous_legumes,18,91.79,12.96,87.04,22.86,20.06,49.8
2,280,Genetic bank,F25-0967,CIAT-9537,Fabales,Fabaceae,Crotalaria,sagittalis,Crotalaria sagittalis,Herbaceous_legumes,18,91.77,13.09,86.91,22.86,19.62,51.16
2,281,Genetic bank,F25-0968,CIAT-9690,Fabales,Fabaceae,Aeschynomene,histrix,Aeschynomene histrix,Herbaceous_legumes,18,93.75,11.33,88.67,20.06,17.12,48.29
2,282,Genetic bank,F25-0968,CIAT-9690,Fabales,Fabaceae,Aeschynomene,histrix,Aeschynomene histrix,Herbaceous_legumes,18,93.81,11.54,88.46,20.38,18.09,51.69
2,283,Genetic bank,F25-0969,CIAT-9900,Fabales,Fabaceae,Pueraria,phaseoloides,Pueraria phaseoloides,Herbaceous_legumes,18,92.74,10.48,89.52,18.92,32.59,54.28
2,284,Genetic bank,F25-0969,CIAT-9900,Fabales,Fabaceae,Pueraria,phaseoloides,Pueraria phaseoloides,Herbaceous_legumes,18,92.85,10.66,89.34,18.92,32.89,56.63
2,285,Genetic bank,F25-0970,CIAT-11998,Fabales,Fabaceae,Stylosanthes,guianensis,Stylosanthes guianensis,Herbaceous_legumes,18,94.64,12.75,87.25,14.22,32.85,62.03
2,286,Genetic bank,F25-0970,CIAT-11998,Fabales,Fabaceae,Stylosanthes,guianensis,Stylosanthes guianensis,Herbaceous_legumes,18,94.57,12.82,87.18,14.22,33.9,64.97
2,287,Genetic bank,F25-0971,CIAT-13149,Fabales,Fabaceae,Desmodium,strigillosum,Desmodium strigillosum,Herbaceous_legumes,18,93.7,8.14,91.86,13.45,35.26,51
2,288,Genetic bank,F25-0971,CIAT-13149,Fabales,Fabaceae,Desmodium,strigillosum,Desmodium strigillosum,Herbaceous_legumes,18,93.85,8.23,91.77,13.45,35.39,48.35
2,289,Genetic bank,F25-0972,CIAT-13389,Fabales,Fabaceae,Desmodium,sequax,Desmodium sequax,Herbaceous_legumes,18,93.77,8.21,91.79,14.94,48.58,57.34
2,290,Genetic bank,F25-0972,CIAT-13389,Fabales,Fabaceae,Desmodium,sequax,Desmodium sequax,Herbaceous_legumes,18,93.87,8.28,91.72,14.94,48.09,56.92
2,291,Genetic bank,F25-0973,CIAT-13651,Fabales,Fabaceae,Desmodium,heterocarpon,Desmodium heterocarpon,Herbaceous_legumes,18,95,9.19,90.81,16.15,37.77,54.75
2,292,Genetic bank,F25-0973,CIAT-13651,Fabales,Fabaceae,Desmodium,heterocarpon,Desmodium heterocarpon,Herbaceous_legumes,18,95.09,9.14,90.86,16.15,40.21,56.44
2,293,Genetic bank,F25-0974,CIAT-13946,Fabales,Fabaceae,Desmodium,sequax,Desmodium sequax,Herbaceous_legumes,18,93.83,6.83,93.17,14.37,52.96,60.63
2,294,Genetic bank,F25-0974,CIAT-13946,Fabales,Fabaceae,Desmodium,sequax,Desmodium sequax,Herbaceous_legumes,18,93.82,6.78,93.22,14.37,53.2,61.03
2,295,Genetic bank,F25-0975,CIAT-15160,Fabales,Fabaceae,Centrosema,molle,Centrosema molle,Herbaceous_legumes,18,94.51,10.15,89.85,21.46,35.06,61.9
2,296,Genetic bank,F25-0975,CIAT-15160,Fabales,Fabaceae,Centrosema,molle,Centrosema molle,Herbaceous_legumes,18,94.56,9.86,90.14,21.46,35.28,61.82
2,297,Genetic bank,F25-0976,CIAT-17000,Fabales,Fabaceae,Chamaecrista,rotundifolia,Chamaecrista rotundifolia,Herbaceous_legumes,18,94.53,7.86,92.14,17.38,24.57,48.01
2,298,Genetic bank,F25-0976,CIAT-17000,Fabales,Fabaceae,Chamaecrista,rotundifolia,Chamaecrista rotundifolia,Herbaceous_legumes,18,94.62,7.82,92.18,17.38,23.82,49.58
2,299,Genetic bank,F25-0977,CIAT-17009,Fabales,Fabaceae,Canavalia,brasiliensis,Canavalia brasiliensis,Herbaceous_legumes,18,94.64,11.71,88.29,22.97,15.61,39.81
2,300,Genetic bank,F25-0977,CIAT-17009,Fabales,Fabaceae,Canavalia,brasiliensis,Canavalia brasiliensis,Herbaceous_legumes,18,94.92,11.83,88.17,22.97,15.68,39.94
2,301,Genetic bank,F25-0978,CIAT-18700,Fabales,Fabaceae,Cajanus,cajan,Cajanus cajan,Shrub_Trees,18,93.86,7.37,92.63,23.27,43.33,54.44
2,302,Genetic bank,F25-0978,CIAT-18700,Fabales,Fabaceae,Cajanus,cajan,Cajanus cajan,Shrub_Trees,18,93.94,7.34,92.66,22.48,41.24,53.8
2,303,Genetic bank,F25-0979,CIAT-18873,Fabales,Fabaceae,Alysicarpus,ferrugineus,Alysicarpus ferrugineus,Herbaceous_legumes,18,95.08,9.59,90.41,15.36,34.94,51.75
2,304,Genetic bank,F25-0979,CIAT-18873,Fabales,Fabaceae,Alysicarpus,ferrugineus,Alysicarpus ferrugineus,Herbaceous_legumes,18,94.96,9.08,90.92,15.36,34.1,51.81
2,305,Genetic bank,F25-0980,CIAT-19867,Fabales,Fabaceae,Uraria,lagopodioides,Uraria lagopodioides,Herbaceous_legumes,18,95.86,15.49,84.51,19.32,25.22,43.08
2,306,Genetic bank,F25-0980,CIAT-19867,Fabales,Fabaceae,Uraria,lagopodioides,Uraria lagopodioides,Herbaceous_legumes,18,95.94,15.42,84.58,19.32,26.44,45.49
2,307,Genetic bank,F25-0981,CIAT-20207,Fabales,Fabaceae,Aeschynomene,sensitiva,Aeschynomene sensitiva,Herbaceous_legumes,18,90.66,5.97,94.03,21.92,25.28,52.56
2,308,Genetic bank,F25-0981,CIAT-20207,Fabales,Fabaceae,Aeschynomene,sensitiva,Aeschynomene sensitiva,Herbaceous_legumes,18,90.82,6,94,21.92,25.39,53.24
2,309,Genetic bank,F25-0982,CIAT-20709,Fabales,Fabaceae,Calopogonium,mucunoides,Calopogonium mucunoides,Herbaceous_legumes,18,93.88,8.98,91.02,16.64,33.42,49.09
2,310,Genetic bank,F25-0982,CIAT-20709,Fabales,Fabaceae,Calopogonium,mucunoides,Calopogonium mucunoides,Herbaceous_legumes,18,93.99,9.04,90.96,16.64,32.84,48.56
2,311,Genetic bank,F25-0983,CIAT-18437,Fabales,Fabaceae,Flemingia,macrophylla,Flemingia macrophylla,Shrub_Trees,18,95.59,4.87,95.13,17.19,47.36,64.94
2,312,Genetic bank,F25-0983,CIAT-18437,Fabales,Fabaceae,Flemingia,macrophylla,Flemingia macrophylla,Shrub_Trees,18,95.75,4.88,95.12,17.19,47.97,65.21
2,313,Genetic bank,F25-0984,CIAT-25522,Fabales,Fabaceae,Centrosema,macrocarpum,Centrosema macrocarpum,Herbaceous_legumes,18,95.26,9.96,90.04,20.98,28.78,51.41
2,314,Genetic bank,F25-0984,CIAT-25522,Fabales,Fabaceae,Centrosema,macrocarpum,Centrosema macrocarpum,Herbaceous_legumes,18,95.35,9.84,90.16,20.98,28.94,49.89
2,315,Genetic bank,F25-0985,CIAT-25704,Fabales,Fabaceae,Centrosema,molle x acutifolium,Centrosema molle x acutifolium,Herbaceous_legumes,18,95.73,7.13,92.87,24.11,32.1,60.31
2,316,Genetic bank,F25-0985,CIAT-25704,Fabales,Fabaceae,Centrosema,molle x acutifolium,Centrosema molle x acutifolium,Herbaceous_legumes,18,95.76,7.26,92.74,24.11,33.07,56.97
2,317,Genetic bank,F25-0986,CIAT-33729,Fabales,Fabaceae,Desmodium,cinereum,Desmodium cinereum,Shrub_Trees,18,94.11,15.68,84.32,19.2,22.75,40.13
2,318,Genetic bank,F25-0986,CIAT-33729,Fabales,Fabaceae,Desmodium,cinereum,Desmodium cinereum,Shrub_Trees,18,94.19,15.78,84.22,19.2,23,40.01
2,319,Genetic bank,F25-0987,CIAT-33827,Fabales,Fabaceae,Desmodium,incanum,Desmodium incanum,Herbaceous_legumes,18,93.81,15.51,84.49,16.09,40.29,49.17
2,320,Genetic bank,F25-0987,CIAT-33827,Fabales,Fabaceae,Desmodium,incanum,Desmodium incanum,Herbaceous_legumes,18,93.95,15.58,84.42,16.09,39.88,49.03
2,321,Genetic bank,F25-0988,CIAT-8512,Fabales,Fabaceae,Calopogonium,caeruleum,Calopogonium caeruleum,Herbaceous_legumes,18,92.91,10.38,89.62,22.25,30.42,49.06
2,322,Genetic bank,F25-0988,CIAT-8512,Fabales,Fabaceae,Calopogonium,caeruleum,Calopogonium caeruleum,Herbaceous_legumes,18,92.96,10.34,89.66,22.57,31.44,51.79
2,323,Genetic bank,F25-0989,CIAT-11833,Fabales,Fabaceae,Stylosanthes,guianensis,Stylosanthes guianensis,Herbaceous_legumes,18,94.9,9.83,90.17,13.53,41.53,63.5
2,324,Genetic bank,F25-0989,CIAT-11833,Fabales,Fabaceae,Stylosanthes,guianensis,Stylosanthes guianensis,Herbaceous_legumes,18,95.04,10,90,13.53,40.73,66.49
2,325,LMF-invivo,F25-2131,Muestra-#-02,Poales,Poaceae,Cynodon,nlenfuensis,Cynodon nlemfuensis,Grass,18,92.11,9.45,90.55,5.75,39.56,77.29
2,326,LMF-invivo,F25-2131,Muestra-#-02,Poales,Poaceae,Cynodon,nlenfuensis,Cynodon nlemfuensis,Grass,18,92.24,9.14,90.86,5.73,40.52,78.28
2,327,LMF,F25-0017,Hohenheimer-Heustandard,Forage,Forage,Hohenheimer, Heustandard,Hohenheimer Heustandard,Forage,14,91.34432784,9.990152095,90.0098479,0,0,0
2,327,LMF,F25-0017,Hohenheimer-Heustandard,Forage,Forage,Hohenheimer, Heustandard,Hohenheimer Heustandard,Forage,15,91.34432784,9.990152095,90.0098479,0,0,0
2,327,LMF,F25-0017,Hohenheimer-Heustandard,Forage,Forage,Hohenheimer, Heustandard,Hohenheimer Heustandard,Forage,16,91.34432784,9.990152095,90.0098479,0,0,0
2,327,LMF,F25-0017,Hohenheimer-Heustandard,Forage,Forage,Hohenheimer, Heustandard,Hohenheimer Heustandard,Forage,17,91.34432784,9.990152095,90.0098479,0,0,0
2,327,LMF,F25-0017,Hohenheimer-Heustandard,Forage,Forage,Hohenheimer, Heustandard,Hohenheimer Heustandard,Forage,18,91.34432784,9.990152095,90.0098479,0,0,0
2,327,LMF,F25-0017,Hohenheimer-Heustandard,Forage,Forage,Hohenheimer, Heustandard,Hohenheimer Heustandard,Forage,19,91.34432784,9.990152095,90.0098479,0,0,0
2,327,LMF,F25-0017,Hohenheimer-Heustandard,Forage,Forage,Hohenheimer, Heustandard,Hohenheimer Heustandard,Forage,20,91.34432784,9.990152095,90.0098479,0,0,0
2,327,LMF,F25-0017,Hohenheimer-Heustandard,Forage,Forage,Hohenheimer, Heustandard,Hohenheimer Heustandard,Forage,21,91.34432784,9.990152095,90.0098479,0,0,0
2,328,LMF,F25-0017,Hohenheimer-Heustandard,Forage,Forage,Hohenheimer, Heustandard,Hohenheimer Heustandard,Forage,14,91.32173565,10.12699803,89.87300197,0,0,0
2,328,LMF,F25-0017,Hohenheimer-Heustandard,Forage,Forage,Hohenheimer, Heustandard,Hohenheimer Heustandard,Forage,15,91.32173565,10.12699803,89.87300197,0,0,0
2,328,LMF,F25-0017,Hohenheimer-Heustandard,Forage,Forage,Hohenheimer, Heustandard,Hohenheimer Heustandard,Forage,16,91.32173565,10.12699803,89.87300197,0,0,0
2,328,LMF,F25-0017,Hohenheimer-Heustandard,Forage,Forage,Hohenheimer, Heustandard,Hohenheimer Heustandard,Forage,17,91.32173565,10.12699803,89.87300197,0,0,0
2,328,LMF,F25-0017,Hohenheimer-Heustandard,Forage,Forage,Hohenheimer, Heustandard,Hohenheimer Heustandard,Forage,18,91.32173565,10.12699803,89.87300197,0,0,0
2,328,LMF,F25-0017,Hohenheimer-Heustandard,Forage,Forage,Hohenheimer, Heustandard,Hohenheimer Heustandard,Forage,19,91.32173565,10.12699803,89.87300197,0,0,0
2,328,LMF,F25-0017,Hohenheimer-Heustandard,Forage,Forage,Hohenheimer, Heustandard,Hohenheimer Heustandard,Forage,20,91.32173565,10.12699803,89.87300197,0,0,0
2,328,LMF,F25-0017,Hohenheimer-Heustandard,Forage,Forage,Hohenheimer, Heustandard,Hohenheimer Heustandard,Forage,21,91.32173565,10.12699803,89.87300197,0,0,0
2,329,LMF,F25-0018,Homenheim-Concentrate,Concentrate,Concentrate,Homenheim, Concentrate,Homenheim Concentrate,Concentrate,14,89.73205359,6.183844011,93.81615599,0,0,0
2,329,LMF,F25-0018,Homenheim-Concentrate,Concentrate,Concentrate,Homenheim, Concentrate,Homenheim Concentrate,Concentrate,15,89.73205359,6.183844011,93.81615599,0,0,0
2,329,LMF,F25-0018,Homenheim-Concentrate,Concentrate,Concentrate,Homenheim, Concentrate,Homenheim Concentrate,Concentrate,16,89.73205359,6.183844011,93.81615599,0,0,0
2,329,LMF,F25-0018,Homenheim-Concentrate,Concentrate,Concentrate,Homenheim, Concentrate,Homenheim Concentrate,Concentrate,17,89.73205359,6.183844011,93.81615599,0,0,0
2,329,LMF,F25-0018,Homenheim-Concentrate,Concentrate,Concentrate,Homenheim, Concentrate,Homenheim Concentrate,Concentrate,18,89.73205359,6.183844011,93.81615599,0,0,0
2,329,LMF,F25-0018,Homenheim-Concentrate,Concentrate,Concentrate,Homenheim, Concentrate,Homenheim Concentrate,Concentrate,19,89.73205359,6.183844011,93.81615599,0,0,0
2,329,LMF,F25-0018,Homenheim-Concentrate,Concentrate,Concentrate,Homenheim, Concentrate,Homenheim Concentrate,Concentrate,20,89.73205359,6.183844011,93.81615599,0,0,0
2,329,LMF,F25-0018,Homenheim-Concentrate,Concentrate,Concentrate,Homenheim, Concentrate,Homenheim Concentrate,Concentrate,21,89.73205359,6.183844011,93.81615599,0,0,0
2,329,LMF,F25-0018,Homenheim-Concentrate,Concentrate,Concentrate,Homenheim, Concentrate,Homenheim Concentrate,Concentrate,22,89.73205359,6.183844011,93.81615599,0,0,0
2,330,LMF,F25-0018,Homenheim-Concentrate,Concentrate,Concentrate,Homenheim, Concentrate,Homenheim Concentrate,Concentrate,14,89.65413834,5.886943918,94.11305608,0,0,0
2,330,LMF,F25-0018,Homenheim-Concentrate,Concentrate,Concentrate,Homenheim, Concentrate,Homenheim Concentrate,Concentrate,15,89.65413834,5.886943918,94.11305608,0,0,0
2,330,LMF,F25-0018,Homenheim-Concentrate,Concentrate,Concentrate,Homenheim, Concentrate,Homenheim Concentrate,Concentrate,16,89.65413834,5.886943918,94.11305608,0,0,0
2,330,LMF,F25-0018,Homenheim-Concentrate,Concentrate,Concentrate,Homenheim, Concentrate,Homenheim Concentrate,Concentrate,17,89.65413834,5.886943918,94.11305608,0,0,0
2,330,LMF,F25-0018,Homenheim-Concentrate,Concentrate,Concentrate,Homenheim, Concentrate,Homenheim Concentrate,Concentrate,18,89.65413834,5.886943918,94.11305608,0,0,0
2,330,LMF,F25-0018,Homenheim-Concentrate,Concentrate,Concentrate,Homenheim, Concentrate,Homenheim Concentrate,Concentrate,19,89.65413834,5.886943918,94.11305608,0,0,0
2,330,LMF,F25-0018,Homenheim-Concentrate,Concentrate,Concentrate,Homenheim, Concentrate,Homenheim Concentrate,Concentrate,20,89.65413834,5.886943918,94.11305608,0,0,0
2,330,LMF,F25-0018,Homenheim-Concentrate,Concentrate,Concentrate,Homenheim, Concentrate,Homenheim Concentrate,Concentrate,21,89.65413834,5.886943918,94.11305608,0,0,0
2,330,LMF,F25-0018,Homenheim-Concentrate,Concentrate,Concentrate,Homenheim, Concentrate,Homenheim Concentrate,Concentrate,22,89.65413834,5.886943918,94.11305608,0,0,0
2,331,LMF,F25-0008,Sample-8,Poales,Poaceae,Cynodon, nlemfuensis ,Cynodon nlemfuensis ,Grass,14,93.64063594,11.32941805,88.67058195,0,0,0
2,331,LMF,F25-0008,Sample-8,Poales,Poaceae,Cynodon, nlemfuensis ,Cynodon nlemfuensis ,Grass,15,93.64063594,11.32941805,88.67058195,0,0,0
2,331,LMF,F25-0008,Sample-8,Poales,Poaceae,Cynodon, nlemfuensis ,Cynodon nlemfuensis ,Grass,16,93.64063594,11.32941805,88.67058195,0,0,0
2,331,LMF,F25-0008,Sample-8,Poales,Poaceae,Cynodon, nlemfuensis ,Cynodon nlemfuensis ,Grass,17,93.64063594,11.32941805,88.67058195,0,0,0
2,331,LMF,F25-0008,Sample-8,Poales,Poaceae,Cynodon, nlemfuensis ,Cynodon nlemfuensis ,Grass,18,93.64063594,11.32941805,88.67058195,0,0,0
2,331,LMF,F25-0008,Sample-8,Poales,Poaceae,Cynodon, nlemfuensis ,Cynodon nlemfuensis ,Grass,19,93.64063594,11.32941805,88.67058195,0,0,0
2,331,LMF,F25-0008,Sample-8,Poales,Poaceae,Cynodon, nlemfuensis ,Cynodon nlemfuensis ,Grass,20,93.64063594,11.32941805,88.67058195,0,0,0
2,331,LMF,F25-0008,Sample-8,Poales,Poaceae,Cynodon, nlemfuensis ,Cynodon nlemfuensis ,Grass,21,93.64063594,11.32941805,88.67058195,0,0,0
2,331,LMF,F25-0008,Sample-8,Poales,Poaceae,Cynodon, nlemfuensis ,Cynodon nlemfuensis ,Grass,22,93.64063594,11.32941805,88.67058195,0,0,0
2,332,LMF,F25-0008,Sample-8,Poales,Poaceae,Cynodon, nlemfuensis ,Cynodon nlemfuensis ,Grass,14,93.82123575,11.49829497,88.50170503,0,0,0
2,332,LMF,F25-0008,Sample-8,Poales,Poaceae,Cynodon, nlemfuensis ,Cynodon nlemfuensis ,Grass,15,93.82123575,11.49829497,88.50170503,0,0,0
2,332,LMF,F25-0008,Sample-8,Poales,Poaceae,Cynodon, nlemfuensis ,Cynodon nlemfuensis ,Grass,16,93.82123575,11.49829497,88.50170503,0,0,0
2,332,LMF,F25-0008,Sample-8,Poales,Poaceae,Cynodon, nlemfuensis ,Cynodon nlemfuensis ,Grass,17,93.82123575,11.49829497,88.50170503,0,0,0
2,332,LMF,F25-0008,Sample-8,Poales,Poaceae,Cynodon, nlemfuensis ,Cynodon nlemfuensis ,Grass,18,93.82123575,11.49829497,88.50170503,0,0,0
2,332,LMF,F25-0008,Sample-8,Poales,Poaceae,Cynodon, nlemfuensis ,Cynodon nlemfuensis ,Grass,19,93.82123575,11.49829497,88.50170503,0,0,0
2,332,LMF,F25-0008,Sample-8,Poales,Poaceae,Cynodon, nlemfuensis ,Cynodon nlemfuensis ,Grass,20,93.82123575,11.49829497,88.50170503,0,0,0
2,332,LMF,F25-0008,Sample-8,Poales,Poaceae,Cynodon, nlemfuensis ,Cynodon nlemfuensis ,Grass,21,93.82123575,11.49829497,88.50170503,0,0,0
2,332,LMF,F25-0008,Sample-8,Poales,Poaceae,Cynodon, nlemfuensis ,Cynodon nlemfuensis ,Grass,22,93.82123575,11.49829497,88.50170503,0,0,0
2,333,Breding ,F25-2077,CIAT-PM-21-3535,Poales,Poaceae,Megathyrsus,maximus,Megathyrsus maximus,Grass,19,95.15096981,13.80491403,86.19508597,11.94935933,34.67300136,68.02021381
2,334,Breding ,F25-2077,CIAT-PM-21-3535,Poales,Poaceae,Megathyrsus,maximus,Megathyrsus maximus,Grass,19,95.32280632,13.76791387,86.23208613,11.94974623,35.07973413,68.68262437
2,335,Breding ,F25-2078,CIAT-PM-21-6106,Poales,Poaceae,Megathyrsus,maximus,Megathyrsus maximus,Grass,19,93.92182345,13.03872396,86.96127604,15.78289046,30.68006565,66.42010347
2,336,Breding ,F25-2078,CIAT-PM-21-6106,Poales,Poaceae,Megathyrsus,maximus,Megathyrsus maximus,Grass,19,93.92364581,12.9390487,87.0609513,15.59867979,31.2992213,66.54282167
2,337,Breding ,F25-2079,CIAT-PM-21-2580,Poales,Poaceae,Megathyrsus,maximus,Megathyrsus maximus,Grass,19,93.74062594,12.77649512,87.22350488,16.11512141,31.64792899,65.46164169
2,338,Breding ,F25-2079,CIAT-PM-21-2580,Poales,Poaceae,Megathyrsus,maximus,Megathyrsus maximus,Grass,19,93.772491,12.80464867,87.19535133,16.22458409,30.7519064,64.63211148
2,339,Breding ,F25-2080,CIAT-CIAT-16031,Poales,Poaceae,Megathyrsus,maximus,Megathyrsus maximus,Grass,19,93.72313843,13.2282927,86.7717073,13.85520271,32.16971892,65.74187636
2,340,Breding ,F25-2080,CIAT-CIAT-16031,Poales,Poaceae,Megathyrsus,maximus,Megathyrsus maximus,Grass,19,93.81123775,13.20027266,86.79972734,13.78138247,32.57569147,65.73835861
2,341,Breding ,F25-2081,CIAT-CIAT-26936,Poales,Poaceae,Megathyrsus,maximus,Megathyrsus maximus,Grass,19,95.08049195,10.37912138,89.62087862,13.70022176,36.11869384,66.35439376
2,342,Breding ,F25-2081,CIAT-CIAT-26936,Poales,Poaceae,Megathyrsus,maximus,Megathyrsus maximus,Grass,19,95.09,10.26447363,89.73552637,13.39566874,37.1199458,67.41684045
2,343,Breding ,F25-2082,CIAT-PM-21-0074,Poales,Poaceae,Megathyrsus,maximus,Megathyrsus maximus,Grass,19,94.55163451,13.65469596,86.34530404,13.3085608,31.23107192,64.2189463
2,344,Breding ,F25-2082,CIAT-PM-21-0074,Poales,Poaceae,Megathyrsus,maximus,Megathyrsus maximus,Grass,19,94.63053695,13.55171899,86.44828101,12.88659459,30.65215761,64.62925375
2,345,Breding ,F25-2083,CIAT-PM-21-0072,Poales,Poaceae,Megathyrsus,maximus,Megathyrsus maximus,Grass,19,93.29335332,14.37137145,85.62862855,14.85435615,29.46040652,66.42196818
2,346,Breding ,F25-2083,CIAT-PM-21-0072,Poales,Poaceae,Megathyrsus,maximus,Megathyrsus maximus,Grass,19,93.51259496,14.43702011,85.56297989,14.55090571,28.69194363,66.02921206
2,347,Breding ,F25-2084,CIAT-PM-21-6598,Poales,Poaceae,Megathyrsus,maximus,Megathyrsus maximus,Grass,19,94.66106779,14.54752607,85.45247393,12.94692051,28.89728235,65.51948085
2,348,Breding ,F25-2084,CIAT-PM-21-6598,Poales,Poaceae,Megathyrsus,maximus,Megathyrsus maximus,Grass,19,94.61161652,14.35592703,85.64407297,12.92829178,28.7686855,65.46313936
2,349,Breding ,F25-2085,CIAT-PM-21-6647,Poales,Poaceae,Megathyrsus,maximus,Megathyrsus maximus,Grass,19,93.17204839,13.10282261,86.89717739,12.3953928,29.36944155,65.69429819
2,350,Breding ,F25-2085,CIAT-PM-21-6647,Poales,Poaceae,Megathyrsus,maximus,Megathyrsus maximus,Grass,19,93.14411353,12.91651804,87.08348196,12.46984328,29.60485736,66.65367552
2,351,Breding ,F25-2086,CIAT-PM-21-0819,Poales,Poaceae,Megathyrsus,maximus,Megathyrsus maximus,Grass,19,92.45226432,14.28803026,85.71196974,15.25863791,28.32837063,64.12497436
2,352,Breding ,F25-2086,CIAT-PM-21-0819,Poales,Poaceae,Megathyrsus,maximus,Megathyrsus maximus,Grass,19,92.54223733,13.96379357,86.03620643,15.18888508,28.8087152,65.5168279
2,353,Breding ,F25-2087,CIAT-CIAT-16021,Poales,Poaceae,Megathyrsus,maximus,Megathyrsus maximus,Grass,19,94.39112178,11.83124574,88.16875426,12.62232853,32.63545255,70.65797414
2,354,Breding ,F25-2087,CIAT-CIAT-16021,Poales,Poaceae,Megathyrsus,maximus,Megathyrsus maximus,Grass,19,94.56217513,11.80771965,88.19228035,12.60619091,32.82679047,70.74297919
2,355,Breding ,F25-2088,CIAT-PM-21-6640,Poales,Poaceae,Megathyrsus,maximus,Megathyrsus maximus,Grass,19,93.03209037,15.224395,84.775605,15.92494983,26.4928033,65.84631097
2,356,Breding ,F25-2088,CIAT-PM-21-6640,Poales,Poaceae,Megathyrsus,maximus,Megathyrsus maximus,Grass,19,93.06069393,15.07699204,84.92300796,15.63449088,26.80085457,65.51523219
2,357,Breding ,F25-2089,CIAT-PM-21-0065,Poales,Poaceae,Megathyrsus,maximus,Megathyrsus maximus,Grass,19,94.11176647,13.76712015,86.23287985,14.30942397,31.1616676,65.18294898
2,358,Breding ,F25-2089,CIAT-PM-21-0065,Poales,Poaceae,Megathyrsus,maximus,Megathyrsus maximus,Grass,19,93.96120776,13.60901593,86.39098407,14.05359819,30.28220333,64.55036672
2,359,Breding ,F25-2090,CIAT-PM-21-6629,Poales,Poaceae,Megathyrsus,maximus,Megathyrsus maximus,Grass,19,93.83369978,11.34018929,88.65981071,11.22901061,37.9270778,73.26063017
2,360,Breding ,F25-2090,CIAT-PM-21-6629,Poales,Poaceae,Megathyrsus,maximus,Megathyrsus maximus,Grass,19,93.88122376,11.32341982,88.67658018,11.3322879,37.84089391,72.7451586
2,361,Breding ,F25-2091,CIAT-PM-21-6641,Poales,Poaceae,Megathyrsus,maximus,Megathyrsus maximus,Grass,19,94.15116977,15.49325688,84.50674312,15.54928312,28.78851284,62.76133027
2,362,Breding ,F25-2091,CIAT-PM-21-6641,Poales,Poaceae,Megathyrsus,maximus,Megathyrsus maximus,Grass,19,94.15116977,15.20654136,84.79345864,15.63977006,28.66160681,63.37673598
2,363,Breding ,F25-2092,CIAT-CIAT-16025,Poales,Poaceae,Megathyrsus,maximus,Megathyrsus maximus,Grass,19,92.34,14.96809792,85.03190208,14.28299887,32.23716115,68.45911401
2,364,Breding ,F25-2092,CIAT-CIAT-16025,Poales,Poaceae,Megathyrsus,maximus,Megathyrsus maximus,Grass,19,92.45301879,14.48609501,85.51390499,14.57148764,32.36117475,68.99314391
2,365,Breding ,F25-2093,CIAT-PM-21-0070,Poales,Poaceae,Megathyrsus,maximus,Megathyrsus maximus,Grass,19,94.3916825,13.46037842,86.53962158,14.84734964,29.56002239,66.1530826
2,366,Breding ,F25-2093,CIAT-PM-21-0070,Poales,Poaceae,Megathyrsus,maximus,Megathyrsus maximus,Grass,19,94.4022391,13.57551551,86.42448449,14.92989867,29.78546952,67.21058415
2,367,Breding ,F25-2094,CIAT-PM-21-4926,Poales,Poaceae,Megathyrsus,maximus,Megathyrsus maximus,Grass,19,93.68,11.86130044,88.13869956,14.74382631,30.24084285,72.35649109
2,368,Breding ,F25-2094,CIAT-PM-21-4926,Poales,Poaceae,Megathyrsus,maximus,Megathyrsus maximus,Grass,19,93.65190443,11.66562846,88.33437154,14.60415157,29.81496262,70.37512312
2,369,Breding ,F25-2095,CIAT-PM-21-3662,Poales,Poaceae,Megathyrsus,maximus,Megathyrsus maximus,Grass,19,93.27067293,14.34242482,85.65757518,11.67986436,31.4482921,67.23751574
2,370,Breding ,F25-2095,CIAT-PM-21-3662,Poales,Poaceae,Megathyrsus,maximus,Megathyrsus maximus,Grass,19,93.29,14.686911,85.313089,11.47797621,32.64950664,68.9337869
2,371,Breding ,F25-2096,CIAT-PM-21-4448,Poales,Poaceae,Megathyrsus,maximus,Megathyrsus maximus,Grass,19,95.45227386,11.22056248,88.77943752,11.96656091,30.79602825,71.78222876
2,372,Breding ,F25-2096,CIAT-PM-21-4448,Poales,Poaceae,Megathyrsus,maximus,Megathyrsus maximus,Grass,19,95.53,11.30995017,88.69004983,12.08452376,31.64978948,72.3518478
2,373,Breding ,F25-2097,CIAT-PM-21-0079,Poales,Poaceae,Megathyrsus,maximus,Megathyrsus maximus,Grass,19,93.89061094,12.75545421,87.24454579,13.46657868,31.70428497,69.24058237
2,374,Breding ,F25-2097,CIAT-PM-21-0079,Poales,Poaceae,Megathyrsus,maximus,Megathyrsus maximus,Grass,19,93.93182045,12.2206458,87.7793542,13.49203431,30.78308674,67.86600201
2,375,Breding ,F25-2098,CIAT-CIAT-6986,Poales,Poaceae,Megathyrsus,maximus,Megathyrsus maximus,Grass,19,92.5714857,11.81494015,88.18505985,12.24520283,33.01324087,71.50151476
2,376,Breding ,F25-2098,CIAT-CIAT-6986,Poales,Poaceae,Megathyrsus,maximus,Megathyrsus maximus,Grass,19,92.58074193,11.89172742,88.10827258,12.28015023,33.94920577,72.14287567
2,377,Breding ,F25-2099,CIAT-PM-21-4852,Poales,Poaceae,Megathyrsus,maximus,Megathyrsus maximus,Grass,19,92.70218934,11.3214094,88.6785906,10.67380305,35.20547094,72.84545848
2,378,Breding ,F25-2099,CIAT-PM-21-4852,Poales,Poaceae,Megathyrsus,maximus,Megathyrsus maximus,Grass,19,92.73145371,10.71867244,89.28132756,10.64813104,34.57450498,72.86813318
2,379,Breding ,F25-2100,CIAT-PM-21-0078,Poales,Poaceae,Megathyrsus,maximus,Megathyrsus maximus,Grass,19,92.54223733,13.8622932,86.1377068,13.78059732,32.26759711,66.65642334
2,380,Breding ,F25-2100,CIAT-PM-21-0078,Poales,Poaceae,Megathyrsus,maximus,Megathyrsus maximus,Grass,19,92.65293882,13.43989865,86.56010135,13.89849127,31.70107026,66.25140114
2,381,Breding ,F25-2101,CIAT-CIAT-16071,Poales,Poaceae,Megathyrsus,maximus,Megathyrsus maximus,Grass,19,92.96,13.59761293,86.40238707,16.8760352,28.86014504,66.56506406
2,382,Breding ,F25-2101,CIAT-CIAT-16071,Poales,Poaceae,Megathyrsus,maximus,Megathyrsus maximus,Grass,19,93.10206938,13.65801013,86.34198987,17.0342692,28.88006841,66.4624746
2,383,Breding ,F25-2102,CIAT-PM-21-0876,Poales,Poaceae,Megathyrsus,maximus,Megathyrsus maximus,Grass,19,92.4115177,13.29641823,86.70358177,13.13035586,30.76177444,66.00707517
2,384,Breding ,F25-2102,CIAT-PM-21-0876,Poales,Poaceae,Megathyrsus,maximus,Megathyrsus maximus,Grass,19,92.56371814,13.11952163,86.88047837,13.07152797,31.37799592,67.35829363
2,385,Breding ,F25-2103,CIAT-PM-21-3641,Poales,Poaceae,Megathyrsus,maximus,Megathyrsus maximus,Grass,19,93.68126375,12.69464519,87.30535481,12.33750379,32.41143537,69.17003565
2,386,Breding ,F25-2103,CIAT-PM-21-3641,Poales,Poaceae,Megathyrsus,maximus,Megathyrsus maximus,Grass,19,93.76187144,12.37337503,87.62662497,12.3970935,31.9736865,68.94565093
2,387,Breding ,F25-2104,CIAT-BR-06-1348,Poales,Poaceae,Urochloa,interespecifico,Brachiaria interespecifico,Grass,19,93.02139572,14.27344002,85.72655998,12.27493536,25.42988884,59.23822696
2,388,Breding ,F25-2104,CIAT-BR-06-1348,Poales,Poaceae,Urochloa,interespecifico,Brachiaria interespecifico,Grass,19,93.16136773,14.68155945,85.31844055,12.18310493,25.85388467,60.28003764
2,389,Breding ,F25-2105,CIAT-BR-09-4467,Poales,Poaceae,Urochloa,interespecifico,Brachiaria interespecifico,Grass,19,92.32460524,14.58381132,85.41618868,13.61137379,24.69071535,59.75374265
2,390,Breding ,F25-2105,CIAT-BR-09-4467,Poales,Poaceae,Urochloa,interespecifico,Brachiaria interespecifico,Grass,19,92.29,14.66839526,85.33160474,13.70003134,23.95225418,58.17147267
2,391,Breding ,F25-2106,CIAT-BR-09-4777,Poales,Poaceae,Urochloa,interespecifico,Brachiaria interespecifico,Grass,19,93.63254698,13.5732037,86.4267963,12.91360434,24.86774358,59.85162133
2,392,Breding ,F25-2106,CIAT-BR-09-4777,Poales,Poaceae,Urochloa,interespecifico,Brachiaria interespecifico,Grass,19,93.72062794,13.78008047,86.21991953,12.60623674,24.0018536,58.09553939
2,393,LMF,F25-0017,Hohenheimer-Heustandard,Forage,Forage,Hohenheimer, Heustandard,Hohenheimer Heustandard,Forage,14,91.34432784,9.990152095,90.0098479,0,0,0
2,393,LMF,F25-0017,Hohenheimer-Heustandard,Forage,Forage,Hohenheimer, Heustandard,Hohenheimer Heustandard,Forage,15,91.34432784,9.990152095,90.0098479,0,0,0
2,393,LMF,F25-0017,Hohenheimer-Heustandard,Forage,Forage,Hohenheimer, Heustandard,Hohenheimer Heustandard,Forage,16,91.34432784,9.990152095,90.0098479,0,0,0
2,393,LMF,F25-0017,Hohenheimer-Heustandard,Forage,Forage,Hohenheimer, Heustandard,Hohenheimer Heustandard,Forage,17,91.34432784,9.990152095,90.0098479,0,0,0
2,393,LMF,F25-0017,Hohenheimer-Heustandard,Forage,Forage,Hohenheimer, Heustandard,Hohenheimer Heustandard,Forage,18,91.34432784,9.990152095,90.0098479,0,0,0
2,393,LMF,F25-0017,Hohenheimer-Heustandard,Forage,Forage,Hohenheimer, Heustandard,Hohenheimer Heustandard,Forage,19,91.34432784,9.990152095,90.0098479,0,0,0
2,393,LMF,F25-0017,Hohenheimer-Heustandard,Forage,Forage,Hohenheimer, Heustandard,Hohenheimer Heustandard,Forage,20,91.34432784,9.990152095,90.0098479,0,0,0
2,393,LMF,F25-0017,Hohenheimer-Heustandard,Forage,Forage,Hohenheimer, Heustandard,Hohenheimer Heustandard,Forage,21,91.34432784,9.990152095,90.0098479,0,0,0
2,394,LMF,F25-0017,Hohenheimer-Heustandard,Forage,Forage,Hohenheimer, Heustandard,Hohenheimer Heustandard,Forage,14,91.32173565,10.12699803,89.87300197,0,0,0
2,394,LMF,F25-0017,Hohenheimer-Heustandard,Forage,Forage,Hohenheimer, Heustandard,Hohenheimer Heustandard,Forage,15,91.32173565,10.12699803,89.87300197,0,0,0
2,394,LMF,F25-0017,Hohenheimer-Heustandard,Forage,Forage,Hohenheimer, Heustandard,Hohenheimer Heustandard,Forage,16,91.32173565,10.12699803,89.87300197,0,0,0
2,394,LMF,F25-0017,Hohenheimer-Heustandard,Forage,Forage,Hohenheimer, Heustandard,Hohenheimer Heustandard,Forage,17,91.32173565,10.12699803,89.87300197,0,0,0
2,394,LMF,F25-0017,Hohenheimer-Heustandard,Forage,Forage,Hohenheimer, Heustandard,Hohenheimer Heustandard,Forage,18,91.32173565,10.12699803,89.87300197,0,0,0
2,394,LMF,F25-0017,Hohenheimer-Heustandard,Forage,Forage,Hohenheimer, Heustandard,Hohenheimer Heustandard,Forage,19,91.32173565,10.12699803,89.87300197,0,0,0
2,394,LMF,F25-0017,Hohenheimer-Heustandard,Forage,Forage,Hohenheimer, Heustandard,Hohenheimer Heustandard,Forage,20,91.32173565,10.12699803,89.87300197,0,0,0
2,394,LMF,F25-0017,Hohenheimer-Heustandard,Forage,Forage,Hohenheimer, Heustandard,Hohenheimer Heustandard,Forage,21,91.32173565,10.12699803,89.87300197,0,0,0
2,395,LMF,F25-0018,Homenheim-Concentrate,Concentrate,Concentrate,Homenheim, Concentrate,Homenheim Concentrate,Concentrate,14,89.73205359,6.183844011,93.81615599,0,0,0
2,395,LMF,F25-0018,Homenheim-Concentrate,Concentrate,Concentrate,Homenheim, Concentrate,Homenheim Concentrate,Concentrate,15,89.73205359,6.183844011,93.81615599,0,0,0
2,395,LMF,F25-0018,Homenheim-Concentrate,Concentrate,Concentrate,Homenheim, Concentrate,Homenheim Concentrate,Concentrate,16,89.73205359,6.183844011,93.81615599,0,0,0
2,395,LMF,F25-0018,Homenheim-Concentrate,Concentrate,Concentrate,Homenheim, Concentrate,Homenheim Concentrate,Concentrate,17,89.73205359,6.183844011,93.81615599,0,0,0
2,395,LMF,F25-0018,Homenheim-Concentrate,Concentrate,Concentrate,Homenheim, Concentrate,Homenheim Concentrate,Concentrate,18,89.73205359,6.183844011,93.81615599,0,0,0
2,395,LMF,F25-0018,Homenheim-Concentrate,Concentrate,Concentrate,Homenheim, Concentrate,Homenheim Concentrate,Concentrate,19,89.73205359,6.183844011,93.81615599,0,0,0
2,395,LMF,F25-0018,Homenheim-Concentrate,Concentrate,Concentrate,Homenheim, Concentrate,Homenheim Concentrate,Concentrate,20,89.73205359,6.183844011,93.81615599,0,0,0
2,395,LMF,F25-0018,Homenheim-Concentrate,Concentrate,Concentrate,Homenheim, Concentrate,Homenheim Concentrate,Concentrate,21,89.73205359,6.183844011,93.81615599,0,0,0
2,395,LMF,F25-0018,Homenheim-Concentrate,Concentrate,Concentrate,Homenheim, Concentrate,Homenheim Concentrate,Concentrate,22,89.73205359,6.183844011,93.81615599,0,0,0
2,396,LMF,F25-0018,Homenheim-Concentrate,Concentrate,Concentrate,Homenheim, Concentrate,Homenheim Concentrate,Concentrate,14,89.65413834,5.886943918,94.11305608,0,0,0
2,396,LMF,F25-0018,Homenheim-Concentrate,Concentrate,Concentrate,Homenheim, Concentrate,Homenheim Concentrate,Concentrate,15,89.65413834,5.886943918,94.11305608,0,0,0
2,396,LMF,F25-0018,Homenheim-Concentrate,Concentrate,Concentrate,Homenheim, Concentrate,Homenheim Concentrate,Concentrate,16,89.65413834,5.886943918,94.11305608,0,0,0
2,396,LMF,F25-0018,Homenheim-Concentrate,Concentrate,Concentrate,Homenheim, Concentrate,Homenheim Concentrate,Concentrate,17,89.65413834,5.886943918,94.11305608,0,0,0
2,396,LMF,F25-0018,Homenheim-Concentrate,Concentrate,Concentrate,Homenheim, Concentrate,Homenheim Concentrate,Concentrate,18,89.65413834,5.886943918,94.11305608,0,0,0
2,396,LMF,F25-0018,Homenheim-Concentrate,Concentrate,Concentrate,Homenheim, Concentrate,Homenheim Concentrate,Concentrate,19,89.65413834,5.886943918,94.11305608,0,0,0
2,396,LMF,F25-0018,Homenheim-Concentrate,Concentrate,Concentrate,Homenheim, Concentrate,Homenheim Concentrate,Concentrate,20,89.65413834,5.886943918,94.11305608,0,0,0
2,396,LMF,F25-0018,Homenheim-Concentrate,Concentrate,Concentrate,Homenheim, Concentrate,Homenheim Concentrate,Concentrate,21,89.65413834,5.886943918,94.11305608,0,0,0
2,396,LMF,F25-0018,Homenheim-Concentrate,Concentrate,Concentrate,Homenheim, Concentrate,Homenheim Concentrate,Concentrate,22,89.65413834,5.886943918,94.11305608,0,0,0
2,397,LMF,F25-0008,Sample-8,Poales,Poaceae,Cynodon, nlemfuensis ,Cynodon nlemfuensis ,Grass,14,93.64063594,11.32941805,88.67058195,0,0,0
2,397,LMF,F25-0008,Sample-8,Poales,Poaceae,Cynodon, nlemfuensis ,Cynodon nlemfuensis ,Grass,15,93.64063594,11.32941805,88.67058195,0,0,0
2,397,LMF,F25-0008,Sample-8,Poales,Poaceae,Cynodon, nlemfuensis ,Cynodon nlemfuensis ,Grass,16,93.64063594,11.32941805,88.67058195,0,0,0
2,397,LMF,F25-0008,Sample-8,Poales,Poaceae,Cynodon, nlemfuensis ,Cynodon nlemfuensis ,Grass,17,93.64063594,11.32941805,88.67058195,0,0,0
2,397,LMF,F25-0008,Sample-8,Poales,Poaceae,Cynodon, nlemfuensis ,Cynodon nlemfuensis ,Grass,18,93.64063594,11.32941805,88.67058195,0,0,0
2,397,LMF,F25-0008,Sample-8,Poales,Poaceae,Cynodon, nlemfuensis ,Cynodon nlemfuensis ,Grass,19,93.64063594,11.32941805,88.67058195,0,0,0
2,397,LMF,F25-0008,Sample-8,Poales,Poaceae,Cynodon, nlemfuensis ,Cynodon nlemfuensis ,Grass,20,93.64063594,11.32941805,88.67058195,0,0,0
2,397,LMF,F25-0008,Sample-8,Poales,Poaceae,Cynodon, nlemfuensis ,Cynodon nlemfuensis ,Grass,21,93.64063594,11.32941805,88.67058195,0,0,0
2,397,LMF,F25-0008,Sample-8,Poales,Poaceae,Cynodon, nlemfuensis ,Cynodon nlemfuensis ,Grass,22,93.64063594,11.32941805,88.67058195,0,0,0
2,398,LMF,F25-0008,Sample-8,Poales,Poaceae,Cynodon, nlemfuensis ,Cynodon nlemfuensis ,Grass,14,93.82123575,11.49829497,88.50170503,0,0,0
2,398,LMF,F25-0008,Sample-8,Poales,Poaceae,Cynodon, nlemfuensis ,Cynodon nlemfuensis ,Grass,15,93.82123575,11.49829497,88.50170503,0,0,0
2,398,LMF,F25-0008,Sample-8,Poales,Poaceae,Cynodon, nlemfuensis ,Cynodon nlemfuensis ,Grass,16,93.82123575,11.49829497,88.50170503,0,0,0
2,398,LMF,F25-0008,Sample-8,Poales,Poaceae,Cynodon, nlemfuensis ,Cynodon nlemfuensis ,Grass,17,93.82123575,11.49829497,88.50170503,0,0,0
2,398,LMF,F25-0008,Sample-8,Poales,Poaceae,Cynodon, nlemfuensis ,Cynodon nlemfuensis ,Grass,18,93.82123575,11.49829497,88.50170503,0,0,0
2,398,LMF,F25-0008,Sample-8,Poales,Poaceae,Cynodon, nlemfuensis ,Cynodon nlemfuensis ,Grass,19,93.82123575,11.49829497,88.50170503,0,0,0
2,398,LMF,F25-0008,Sample-8,Poales,Poaceae,Cynodon, nlemfuensis ,Cynodon nlemfuensis ,Grass,20,93.82123575,11.49829497,88.50170503,0,0,0
2,398,LMF,F25-0008,Sample-8,Poales,Poaceae,Cynodon, nlemfuensis ,Cynodon nlemfuensis ,Grass,21,93.82123575,11.49829497,88.50170503,0,0,0
2,398,LMF,F25-0008,Sample-8,Poales,Poaceae,Cynodon, nlemfuensis ,Cynodon nlemfuensis ,Grass,22,93.82123575,11.49829497,88.50170503,0,0,0
2,399,Breding ,F25-2107,CIAT-BR-12-0255,Poales,Poaceae,Urochloa,interespecifico,Brachiaria interespecifico,Grass,20,91.80245926,14.52962949,85.47037051,14.95263578,24.37122496,56.62619189
2,400,Breding ,F25-2107,CIAT-BR-12-0255,Poales,Poaceae,Urochloa,interespecifico,Brachiaria interespecifico,Grass,20,91.90485709,13.92685371,86.07314629,14.96318881,24.89803681,58.05818566
2,401,Breding ,F25-2108,CIAT-BR-12-0461,Poales,Poaceae,Urochloa,interespecifico,Brachiaria interespecifico,Grass,20,92.79072093,14.79053418,85.20946582,13.21826375,25.99250217,61.15973328
2,402,Breding ,F25-2108,CIAT-BR-12-0461,Poales,Poaceae,Urochloa,interespecifico,Brachiaria interespecifico,Grass,20,92.85,14.65195775,85.34804225,13.25377674,25.21078699,60.41748021
2,403,Breding ,F25-2109,CIAT-BR-12-1620,Poales,Poaceae,Urochloa,interespecifico,Brachiaria interespecifico,Grass,20,93.64063594,13.86340572,86.13659428,13.22499278,25.32588125,60.2469476
2,404,Breding ,F25-2109,CIAT-BR-12-1620,Poales,Poaceae,Urochloa,interespecifico,Brachiaria interespecifico,Grass,20,93.45196441,13.71102024,86.28897976,13.21123713,25.42783817,60.47280774
2,405,Breding ,F25-2110,CIAT-BR-12-1889,Poales,Poaceae,Urochloa,interespecifico,Brachiaria interespecifico,Grass,20,91.36,14.96509965,85.03490035,14.78608608,23.01845575,57.53390373
2,406,Breding ,F25-2110,CIAT-BR-12-1889,Poales,Poaceae,Urochloa,interespecifico,Brachiaria interespecifico,Grass,20,91.33173365,15.21384715,84.78615285,14.84496807,23.75942689,57.97286218
2,407,Breding ,F25-2111,CIAT-BR-12-4039,Poales,Poaceae,Urochloa,interespecifico,Brachiaria interespecifico,Grass,20,92.10157968,13.67712776,86.32287224,15.20918528,27.15807688,61.64920669
2,408,Breding ,F25-2111,CIAT-BR-12-4039,Poales,Poaceae,Urochloa,interespecifico,Brachiaria interespecifico,Grass,20,92.11078892,13.52651206,86.47348794,15.12730733,27.77841828,62.02620413
2,409,Breding ,F25-2112,CIAT-BR-12-4856,Poales,Poaceae,Urochloa,interespecifico,Brachiaria interespecifico,Grass,20,92.56074393,12.76585545,87.23414455,13.01529418,28.50942747,65.11674561
2,410,Breding ,F25-2112,CIAT-BR-12-4856,Poales,Poaceae,Urochloa,interespecifico,Brachiaria interespecifico,Grass,20,92.60221933,13.05485058,86.94514942,13.00117736,26.99429399,62.13577786
2,411,Breding ,F25-2113,CIAT-BR-12-5049,Poales,Poaceae,Urochloa,interespecifico,Brachiaria interespecifico,Grass,20,92.21311475,14.61709034,85.38290966,14.58818011,26.72963598,60.67073868
2,412,Breding ,F25-2113,CIAT-BR-12-5049,Poales,Poaceae,Urochloa,interespecifico,Brachiaria interespecifico,Grass,20,92.29154169,14.32739616,85.67260384,14.53221791,26.31503586,60.52355195
2,413,Breding ,F25-2114,CIAT-BR-15-1851,Poales,Poaceae,Urochloa,interespecifico,Brachiaria interespecifico,Grass,20,92.13157369,15.2083551,84.7916449,11.37076189,25.87762523,59.51040984
2,414,Breding ,F25-2114,CIAT-BR-15-1851,Poales,Poaceae,Urochloa,interespecifico,Brachiaria interespecifico,Grass,20,92.20389805,14.42300085,85.57699915,11.13052196,26.41004105,59.37140903
2,415,Breding ,F25-2115,CIAT-BR-15-3025,Poales,Poaceae,Urochloa,interespecifico,Brachiaria interespecifico,Grass,20,91.95241428,14.15516801,85.84483199,12.34322122,27.1082734,60.45345802
2,416,Breding ,F25-2115,CIAT-BR-15-3025,Poales,Poaceae,Urochloa,interespecifico,Brachiaria interespecifico,Grass,20,92.09474315,14.11834321,85.88165679,12.28903802,26.33283228,59.43050239
2,417,Breding ,F25-2116,CIAT-BR-15-3248,Poales,Poaceae,Urochloa,interespecifico,Brachiaria interespecifico,Grass,20,92.13393303,15.79037882,84.20962118,13.93219872,24.42984137,58.98557403
2,418,Breding ,F25-2116,CIAT-BR-15-3248,Poales,Poaceae,Urochloa,interespecifico,Brachiaria interespecifico,Grass,20,92.19,16.0044328,83.9955672,13.8923895,24.15056295,58.59050411
2,419,Breding ,F25-2117,CIAT-BR-15-7659,Poales,Poaceae,Urochloa,interespecifico,Brachiaria interespecifico,Grass,20,93.27134573,13.93684634,86.06315366,12.29695883,27.15746881,60.44628058
2,420,Breding ,F25-2117,CIAT-BR-15-7659,Poales,Poaceae,Urochloa,interespecifico,Brachiaria interespecifico,Grass,20,93.39066093,13.52041409,86.47958591,12.37031255,26.74511327,59.79101886
2,421,Breding ,F25-2118,CIAT-BR-15-8919,Poales,Poaceae,Urochloa,interespecifico,Brachiaria interespecifico,Grass,20,93.46130774,13.62052304,86.37947696,11.79150243,27.38608801,63.98853999
2,422,Breding ,F25-2118,CIAT-BR-15-8919,Poales,Poaceae,Urochloa,interespecifico,Brachiaria interespecifico,Grass,20,93.57192842,13.3519094,86.6480906,11.72624358,26.57925705,62.4266751
2,423,Breding ,F25-2119,CIAT-BR-19-5515,Poales,Poaceae,Urochloa,interespecifico,Brachiaria interespecifico,Grass,20,92.39304278,14.48133214,85.51866786,11.20421303,26.67884636,60.72756041
2,424,Breding ,F25-2119,CIAT-BR-19-5515,Poales,Poaceae,Urochloa,interespecifico,Brachiaria interespecifico,Grass,20,92.46075392,14.57222234,85.42777766,11.1838541,27.23286644,61.0428379
2,425,Breding ,F25-2120,CIAT-BR-19-5877,Poales,Poaceae,Urochloa,interespecifico,Brachiaria interespecifico,Grass,20,93.40197941,12.97113652,87.02886348,12.44418661,25.93043378,60.47889876
2,426,Breding ,F25-2120,CIAT-BR-19-5877,Poales,Poaceae,Urochloa,interespecifico,Brachiaria interespecifico,Grass,20,93.57257097,13.04468648,86.95531352,12.41675741,26.20420805,60.69477471
2,427,Breding ,F25-2121,CIAT-BR-19-6136,Poales,Poaceae,Urochloa,interespecifico,Brachiaria interespecifico,Grass,20,92.89284286,14.8559083,85.1440917,13.27526237,26.18873097,60.32899751
2,428,Breding ,F25-2121,CIAT-BR-19-6136,Poales,Poaceae,Urochloa,interespecifico,Brachiaria interespecifico,Grass,20,92.95211437,14.71753384,85.28246616,13.37672704,25.54761373,58.72265513
2,429,Genetic bank,F25-1651,CIAT-798,Fabales,Fabaceae,Galactia,striata,Galactia striata,Herbaceous_legumes,20,92.59074093,11.098894,88.901106,17.13448106,24.78973458,56.07531623
2,430,Genetic bank,F25-1651,CIAT-798,Fabales,Fabaceae,Galactia,striata,Galactia striata,Herbaceous_legumes,20,92.63441935,11.09334788,88.90665212,17.16363176,25.10107275,57.71001155
2,431,Genetic bank,F25-1652,CIAT-822,Fabales,Fabaceae,Calopogonium,mucunoides,Calopogonium mucunoides,Herbaceous_legumes,20,94.03238705,6.706366116,93.29363388,17.00895537,27.16761458,47.17079133
2,432,Genetic bank,F25-1652,CIAT-822,Fabales,Fabaceae,Calopogonium,mucunoides,Calopogonium mucunoides,Herbaceous_legumes,20,94.07177847,6.579485935,93.42051406,17.00895537,26.27122145,46.43281125
2,433,Genetic bank,F25-1653,CIAT-852,Fabales,Fabaceae,Dioclea,sericea,Dioclea sericea,Herbaceous_legumes,20,93.72313843,9.540020776,90.45997922,14.73367257,45.57818948,64.52916051
2,434,Genetic bank,F25-1653,CIAT-852,Fabales,Fabaceae,Dioclea,sericea,Dioclea sericea,Herbaceous_legumes,20,93.81371177,9.571041874,90.42895813,14.73367257,45.65463403,62.29269472
2,435,Genetic bank,F25-1654,CIAT-907,Fabales,Fabaceae,Dioclea,virgata,Dioclea virgata,Herbaceous_legumes,20,92.92212336,9.290787184,90.70921282,16.70905083,33.0690178,61.15222931
2,436,Genetic bank,F25-1654,CIAT-907,Fabales,Fabaceae,Dioclea,virgata,Dioclea virgata,Herbaceous_legumes,20,93.01279488,9.279106326,90.72089367,16.70905083,33.63151079,62.39763632
2,437,Genetic bank,F25-1655,CIAT-1992,Fabales,Fabaceae,Stylosanthes,guianensis,Stylosanthes guianensis,Herbaceous_legumes,20,93.64,8.467949386,91.53205061,19.94531352,37.8621994,60.93641064
2,438,Genetic bank,F25-1655,CIAT-1992,Fabales,Fabaceae,Stylosanthes,guianensis,Stylosanthes guianensis,Herbaceous_legumes,20,91.29261222,8.162687575,91.83731243,19.94531352,39.24297403,59.50576202
2,439,Genetic bank,F25-1656,CIAT-3001,Fabales,Fabaceae,Codariocalyx,gyroides,Codariocalyx gyroides,Shrub_Trees,20,94.43111378,6.961877939,93.03812206,15.81615439,39.57242705,58.11104238
2,440,Genetic bank,F25-1656,CIAT-3001,Fabales,Fabaceae,Codariocalyx,gyroides,Codariocalyx gyroides,Shrub_Trees,20,94.56054395,6.983736897,93.0162631,15.81615439,40.61466393,57.56888362
2,441,Genetic bank,F25-1657,CIAT-3304,Fabales,Fabaceae,Desmodium,cajanifolium,Desmodium cajanifolium,Shrub_Trees,20,94.87102579,8.19553428,91.80446572,20.82484313,24.77690357,47.72310356
2,442,Genetic bank,F25-1657,CIAT-3304,Fabales,Fabaceae,Desmodium,cajanifolium,Desmodium cajanifolium,Shrub_Trees,20,94.95050495,8.196353751,91.80364625,20.82484313,25.15806825,45.49640292
2,443,Genetic bank,F25-1658,CIAT-5713,Fabales,Fabaceae,Centrosema,macrocarpum,Centrosema macrocarpum,Herbaceous_legumes,20,94.60269865,9.377996552,90.62200345,15.88423229,24.7272453,45.3831957
2,444,Genetic bank,F25-1658,CIAT-5713,Fabales,Fabaceae,Centrosema,macrocarpum,Centrosema macrocarpum,Herbaceous_legumes,20,94.68212715,9.305000939,90.69499906,15.88423229,24.48980377,46.41425618
2,445,Genetic bank,F25-1659,CIAT-7381,Fabales,Fabaceae,Galactia,glaucescens,Galactia glaucescens,Herbaceous_legumes,20,94.14175747,12.68793541,87.31206459,13.57733849,46.78905476,69.35196774
2,446,Genetic bank,F25-1659,CIAT-7381,Fabales,Fabaceae,Galactia,glaucescens,Galactia glaucescens,Herbaceous_legumes,20,94.8,12.86110616,87.13889384,13.57733849,46.92843955,67.32687836
2,447,Genetic bank,F25-1660,CIAT-7799,Fabales,Fabaceae,Dioclea,guianensis,Dioclea guianensis,Herbaceous_legumes,20,93.39198241,7.818936959,92.18106304,20.9527222,52.63036648,65.46390562
2,448,Genetic bank,F25-1660,CIAT-7799,Fabales,Fabaceae,Dioclea,guianensis,Dioclea guianensis,Herbaceous_legumes,20,93.53387967,7.720355565,92.27964444,19.80206186,53.20924133,65.03028307
2,449,Genetic bank,F25-1661,CIAT-7803,Fabales,Fabaceae,Dioclea,holtiana,Dioclea holtiana,Herbaceous_legumes,20,94.21289355,11.443454,88.556546,20.26242214,42.34795436,57.90467215
2,450,Genetic bank,F25-1661,CIAT-7803,Fabales,Fabaceae,Dioclea,holtiana,Dioclea holtiana,Herbaceous_legumes,20,94.27229108,11.46581123,88.53418877,20.3519669,39.68333463,58.57238508
2,451,Genetic bank,F25-1662,CIAT-8182,Fabales,Fabaceae,Eriosema,diffusum,Eriosema diffusum,Herbaceous_legumes,20,93.16478465,7.26000462,92.73999538,13.82686494,47.43167711,63.34230175
2,452,Genetic bank,F25-1662,CIAT-8182,Fabales,Fabaceae,Eriosema,diffusum,Eriosema diffusum,Herbaceous_legumes,20,93.48130374,7.37076714,92.62923286,13.82686494,46.55769802,63.37780974
2,453,Genetic bank,F25-1663,CIAT-8434,Fabales,Fabaceae,Dioclea,sericea,Dioclea sericea,Herbaceous_legumes,20,93.49195241,8.41315038,91.58684962,18.04924226,45.53654535,63.32727069
2,454,Genetic bank,F25-1663,CIAT-8434,Fabales,Fabaceae,Dioclea,sericea,Dioclea sericea,Herbaceous_legumes,20,93.54,8.319434086,91.68056591,18.04924226,47.40185878,61.49264118
2,455,Genetic bank,F25-1664,CIAT-8702,Fabales,Fabaceae,Calopogonium,caeruleum,Calopogonium caeruleum,Herbaceous_legumes,20,92.91495953,8.670523453,91.32947655,23.9176173,31.95085835,50.63369361
2,456,Genetic bank,F25-1664,CIAT-8702,Fabales,Fabaceae,Calopogonium,caeruleum,Calopogonium caeruleum,Herbaceous_legumes,20,93.1027589,8.683870935,91.31612906,23.9176173,30.82732663,51.35503515
2,457,Genetic bank,F25-1665,CIAT-8816,Fabales,Fabaceae,Crotalaria,micans,Crotalaria micans,Herbaceous_legumes,20,93.40065993,9.319961125,90.68003887,25.37682176,21.39620134,41.25203665
2,458,Genetic bank,F25-1665,CIAT-8816,Fabales,Fabaceae,Crotalaria,micans,Crotalaria micans,Herbaceous_legumes,20,93.49130174,9.265533166,90.73446683,25.37682176,20.83102622,42.18096301
2,459,LMF,F25-0017,Hohenheimer-Heustandard,Forage,Forage,Hohenheimer, Heustandard,Hohenheimer Heustandard,Forage,14,91.34432784,9.990152095,90.0098479,0,0,0
2,459,LMF,F25-0017,Hohenheimer-Heustandard,Forage,Forage,Hohenheimer, Heustandard,Hohenheimer Heustandard,Forage,15,91.34432784,9.990152095,90.0098479,0,0,0
2,459,LMF,F25-0017,Hohenheimer-Heustandard,Forage,Forage,Hohenheimer, Heustandard,Hohenheimer Heustandard,Forage,16,91.34432784,9.990152095,90.0098479,0,0,0
2,459,LMF,F25-0017,Hohenheimer-Heustandard,Forage,Forage,Hohenheimer, Heustandard,Hohenheimer Heustandard,Forage,17,91.34432784,9.990152095,90.0098479,0,0,0
2,459,LMF,F25-0017,Hohenheimer-Heustandard,Forage,Forage,Hohenheimer, Heustandard,Hohenheimer Heustandard,Forage,18,91.34432784,9.990152095,90.0098479,0,0,0
2,459,LMF,F25-0017,Hohenheimer-Heustandard,Forage,Forage,Hohenheimer, Heustandard,Hohenheimer Heustandard,Forage,19,91.34432784,9.990152095,90.0098479,0,0,0
2,459,LMF,F25-0017,Hohenheimer-Heustandard,Forage,Forage,Hohenheimer, Heustandard,Hohenheimer Heustandard,Forage,20,91.34432784,9.990152095,90.0098479,0,0,0
2,459,LMF,F25-0017,Hohenheimer-Heustandard,Forage,Forage,Hohenheimer, Heustandard,Hohenheimer Heustandard,Forage,21,91.34432784,9.990152095,90.0098479,0,0,0
2,460,LMF,F25-0017,Hohenheimer-Heustandard,Forage,Forage,Hohenheimer, Heustandard,Hohenheimer Heustandard,Forage,14,91.32173565,10.12699803,89.87300197,0,0,0
2,460,LMF,F25-0017,Hohenheimer-Heustandard,Forage,Forage,Hohenheimer, Heustandard,Hohenheimer Heustandard,Forage,15,91.32173565,10.12699803,89.87300197,0,0,0
2,460,LMF,F25-0017,Hohenheimer-Heustandard,Forage,Forage,Hohenheimer, Heustandard,Hohenheimer Heustandard,Forage,16,91.32173565,10.12699803,89.87300197,0,0,0
2,460,LMF,F25-0017,Hohenheimer-Heustandard,Forage,Forage,Hohenheimer, Heustandard,Hohenheimer Heustandard,Forage,17,91.32173565,10.12699803,89.87300197,0,0,0
2,460,LMF,F25-0017,Hohenheimer-Heustandard,Forage,Forage,Hohenheimer, Heustandard,Hohenheimer Heustandard,Forage,18,91.32173565,10.12699803,89.87300197,0,0,0
2,460,LMF,F25-0017,Hohenheimer-Heustandard,Forage,Forage,Hohenheimer, Heustandard,Hohenheimer Heustandard,Forage,19,91.32173565,10.12699803,89.87300197,0,0,0
2,460,LMF,F25-0017,Hohenheimer-Heustandard,Forage,Forage,Hohenheimer, Heustandard,Hohenheimer Heustandard,Forage,20,91.32173565,10.12699803,89.87300197,0,0,0
2,460,LMF,F25-0017,Hohenheimer-Heustandard,Forage,Forage,Hohenheimer, Heustandard,Hohenheimer Heustandard,Forage,21,91.32173565,10.12699803,89.87300197,0,0,0
2,461,LMF,F25-0018,Homenheim-Concentrate,Concentrate,Concentrate,Homenheim, Concentrate,Homenheim Concentrate,Concentrate,14,89.73205359,6.183844011,93.81615599,0,0,0
2,461,LMF,F25-0018,Homenheim-Concentrate,Concentrate,Concentrate,Homenheim, Concentrate,Homenheim Concentrate,Concentrate,15,89.73205359,6.183844011,93.81615599,0,0,0
2,461,LMF,F25-0018,Homenheim-Concentrate,Concentrate,Concentrate,Homenheim, Concentrate,Homenheim Concentrate,Concentrate,16,89.73205359,6.183844011,93.81615599,0,0,0
2,461,LMF,F25-0018,Homenheim-Concentrate,Concentrate,Concentrate,Homenheim, Concentrate,Homenheim Concentrate,Concentrate,17,89.73205359,6.183844011,93.81615599,0,0,0
2,461,LMF,F25-0018,Homenheim-Concentrate,Concentrate,Concentrate,Homenheim, Concentrate,Homenheim Concentrate,Concentrate,18,89.73205359,6.183844011,93.81615599,0,0,0
2,461,LMF,F25-0018,Homenheim-Concentrate,Concentrate,Concentrate,Homenheim, Concentrate,Homenheim Concentrate,Concentrate,19,89.73205359,6.183844011,93.81615599,0,0,0
2,461,LMF,F25-0018,Homenheim-Concentrate,Concentrate,Concentrate,Homenheim, Concentrate,Homenheim Concentrate,Concentrate,20,89.73205359,6.183844011,93.81615599,0,0,0
2,461,LMF,F25-0018,Homenheim-Concentrate,Concentrate,Concentrate,Homenheim, Concentrate,Homenheim Concentrate,Concentrate,21,89.73205359,6.183844011,93.81615599,0,0,0
2,461,LMF,F25-0018,Homenheim-Concentrate,Concentrate,Concentrate,Homenheim, Concentrate,Homenheim Concentrate,Concentrate,22,89.73205359,6.183844011,93.81615599,0,0,0
2,462,LMF,F25-0018,Homenheim-Concentrate,Concentrate,Concentrate,Homenheim, Concentrate,Homenheim Concentrate,Concentrate,14,89.65413834,5.886943918,94.11305608,0,0,0
2,462,LMF,F25-0018,Homenheim-Concentrate,Concentrate,Concentrate,Homenheim, Concentrate,Homenheim Concentrate,Concentrate,15,89.65413834,5.886943918,94.11305608,0,0,0
2,462,LMF,F25-0018,Homenheim-Concentrate,Concentrate,Concentrate,Homenheim, Concentrate,Homenheim Concentrate,Concentrate,16,89.65413834,5.886943918,94.11305608,0,0,0
2,462,LMF,F25-0018,Homenheim-Concentrate,Concentrate,Concentrate,Homenheim, Concentrate,Homenheim Concentrate,Concentrate,17,89.65413834,5.886943918,94.11305608,0,0,0
2,462,LMF,F25-0018,Homenheim-Concentrate,Concentrate,Concentrate,Homenheim, Concentrate,Homenheim Concentrate,Concentrate,18,89.65413834,5.886943918,94.11305608,0,0,0
2,462,LMF,F25-0018,Homenheim-Concentrate,Concentrate,Concentrate,Homenheim, Concentrate,Homenheim Concentrate,Concentrate,19,89.65413834,5.886943918,94.11305608,0,0,0
2,462,LMF,F25-0018,Homenheim-Concentrate,Concentrate,Concentrate,Homenheim, Concentrate,Homenheim Concentrate,Concentrate,20,89.65413834,5.886943918,94.11305608,0,0,0
2,462,LMF,F25-0018,Homenheim-Concentrate,Concentrate,Concentrate,Homenheim, Concentrate,Homenheim Concentrate,Concentrate,21,89.65413834,5.886943918,94.11305608,0,0,0
2,462,LMF,F25-0018,Homenheim-Concentrate,Concentrate,Concentrate,Homenheim, Concentrate,Homenheim Concentrate,Concentrate,22,89.65413834,5.886943918,94.11305608,0,0,0
2,463,LMF,F25-0008,Sample-8,Poales,Poaceae,Cynodon, nlemfuensis ,Cynodon nlemfuensis ,Grass,14,93.64063594,11.32941805,88.67058195,0,0,0
2,463,LMF,F25-0008,Sample-8,Poales,Poaceae,Cynodon, nlemfuensis ,Cynodon nlemfuensis ,Grass,15,93.64063594,11.32941805,88.67058195,0,0,0
2,463,LMF,F25-0008,Sample-8,Poales,Poaceae,Cynodon, nlemfuensis ,Cynodon nlemfuensis ,Grass,16,93.64063594,11.32941805,88.67058195,0,0,0
2,463,LMF,F25-0008,Sample-8,Poales,Poaceae,Cynodon, nlemfuensis ,Cynodon nlemfuensis ,Grass,17,93.64063594,11.32941805,88.67058195,0,0,0
2,463,LMF,F25-0008,Sample-8,Poales,Poaceae,Cynodon, nlemfuensis ,Cynodon nlemfuensis ,Grass,18,93.64063594,11.32941805,88.67058195,0,0,0
2,463,LMF,F25-0008,Sample-8,Poales,Poaceae,Cynodon, nlemfuensis ,Cynodon nlemfuensis ,Grass,19,93.64063594,11.32941805,88.67058195,0,0,0
2,463,LMF,F25-0008,Sample-8,Poales,Poaceae,Cynodon, nlemfuensis ,Cynodon nlemfuensis ,Grass,20,93.64063594,11.32941805,88.67058195,0,0,0
2,463,LMF,F25-0008,Sample-8,Poales,Poaceae,Cynodon, nlemfuensis ,Cynodon nlemfuensis ,Grass,21,93.64063594,11.32941805,88.67058195,0,0,0
2,463,LMF,F25-0008,Sample-8,Poales,Poaceae,Cynodon, nlemfuensis ,Cynodon nlemfuensis ,Grass,22,93.64063594,11.32941805,88.67058195,0,0,0
2,464,LMF,F25-0008,Sample-8,Poales,Poaceae,Cynodon, nlemfuensis ,Cynodon nlemfuensis ,Grass,14,93.82123575,11.49829497,88.50170503,0,0,0
2,464,LMF,F25-0008,Sample-8,Poales,Poaceae,Cynodon, nlemfuensis ,Cynodon nlemfuensis ,Grass,15,93.82123575,11.49829497,88.50170503,0,0,0
2,464,LMF,F25-0008,Sample-8,Poales,Poaceae,Cynodon, nlemfuensis ,Cynodon nlemfuensis ,Grass,16,93.82123575,11.49829497,88.50170503,0,0,0
2,464,LMF,F25-0008,Sample-8,Poales,Poaceae,Cynodon, nlemfuensis ,Cynodon nlemfuensis ,Grass,17,93.82123575,11.49829497,88.50170503,0,0,0
2,464,LMF,F25-0008,Sample-8,Poales,Poaceae,Cynodon, nlemfuensis ,Cynodon nlemfuensis ,Grass,18,93.82123575,11.49829497,88.50170503,0,0,0
2,464,LMF,F25-0008,Sample-8,Poales,Poaceae,Cynodon, nlemfuensis ,Cynodon nlemfuensis ,Grass,19,93.82123575,11.49829497,88.50170503,0,0,0
2,464,LMF,F25-0008,Sample-8,Poales,Poaceae,Cynodon, nlemfuensis ,Cynodon nlemfuensis ,Grass,20,93.82123575,11.49829497,88.50170503,0,0,0
2,464,LMF,F25-0008,Sample-8,Poales,Poaceae,Cynodon, nlemfuensis ,Cynodon nlemfuensis ,Grass,21,93.82123575,11.49829497,88.50170503,0,0,0
2,464,LMF,F25-0008,Sample-8,Poales,Poaceae,Cynodon, nlemfuensis ,Cynodon nlemfuensis ,Grass,22,93.82123575,11.49829497,88.50170503,0,0,0
2,465,Breding ,F25-2144,CIAT-BH-16-1763,Poales,Poaceae,Urochloa,humidicola,Urochloa humidicola,Grass,21,97.8006598,11.80257511,88.19742489,7.192786651,31.39214749,68.65038177
2,466,Breding ,F25-2144,CIAT-BH-16-1763,Poales,Poaceae,Urochloa,humidicola,Urochloa humidicola,Grass,21,97.86064181,11.92519926,88.07480074,7.206466532,29.96287985,67.0839962
2,467,Breding ,F25-2145,CIAT-BH-16-B-2165,Poales,Poaceae,Urochloa,humidicola,Urochloa humidicola,Grass,21,97.76111944,10.82959886,89.17040114,6.603699049,31.49180774,71.70594479
2,468,Breding ,F25-2145,CIAT-BH-16-B-2165,Poales,Poaceae,Urochloa,humidicola,Urochloa humidicola,Grass,21,97.90083966,10.72850515,89.27149485,6.539284544,31.20531888,70.82350899
2,469,Breding ,F25-2146,CIAT-BH-16-B-2167,Poales,Poaceae,Urochloa,humidicola,Urochloa humidicola,Grass,21,98.03059082,11.39360922,88.60639078,6.322386427,34.94812449,72.17789063
2,470,Breding ,F25-2146,CIAT-BH-16-B-2167,Poales,Poaceae,Urochloa,humidicola,Urochloa humidicola,Grass,21,98.16091954,11.62567925,88.37432075,6.357739874,34.89893943,72.71435229
2,471,Breding ,F25-2147,CIAT-CIAT-16886,Poales,Poaceae,Urochloa,humidicola,Urochloa humidicola,Grass,21,98.04058782,12.22472661,87.77527339,7.964929874,35.20556322,71.04635023
2,472,Breding ,F25-2147,CIAT-CIAT-16886,Poales,Poaceae,Urochloa,humidicola,Urochloa humidicola,Grass,21,98.06038792,10.90036639,89.09963361,7.941859838,34.69762574,70.57793352
2,473,Breding ,F25-2148,CIAT-CIAT-16891,Poales,Poaceae,Urochloa,humidicola,Urochloa humidicola,Grass,21,98.30101939,13.81276843,86.18723157,6.724630905,31.55483773,67.95195666
2,474,Breding ,F25-2148,CIAT-CIAT-16891,Poales,Poaceae,Urochloa,humidicola,Urochloa humidicola,Grass,21,98.50014999,11.87882283,88.12117717,6.674672865,31.5600405,67.86289717
2,475,Breding ,F25-2149,CIAT-CIAT-26146,Poales,Poaceae,Urochloa,humidicola,Urochloa humidicola,Grass,21,98.72076754,13.13301498,86.86698502,6.497229609,34.9732557,72.79086648
2,476,Breding ,F25-2149,CIAT-CIAT-26146,Poales,Poaceae,Urochloa,humidicola,Urochloa humidicola,Grass,21,98.83046781,11.22297793,88.77702207,6.551817079,34.68002502,72.28789132
2,477,Breding ,F25-2150,CIAT-CIAT-26149,Poales,Poaceae,Urochloa,humidicola,Urochloa humidicola,Grass,21,98.34033193,13.99625239,86.00374761,6.828594215,29.50916117,67.57939008
2,478,Breding ,F25-2150,CIAT-CIAT-26149,Poales,Poaceae,Urochloa,humidicola,Urochloa humidicola,Grass,21,98.53014699,15.42992249,84.57007751,6.908735234,29.37306056,67.46324376
2,479,Breding ,F25-2151,CIAT-CIAT-26160,Poales,Poaceae,Urochloa,humidicola,Urochloa humidicola,Grass,21,98.02079168,15.03978098,84.96021902,6.928458766,32.74717546,68.31097712
2,480,Breding ,F25-2151,CIAT-CIAT-26160,Poales,Poaceae,Urochloa,humidicola,Urochloa humidicola,Grass,21,98.18018198,13.23000787,86.76999213,6.773788306,33.14375017,68.53854862
2,481,Breding ,F25-2152,CIAT-CIAT-26415,Poales,Poaceae,Urochloa,humidicola,Urochloa humidicola,Grass,21,97.72136718,13.07503578,86.92496422,6.672053015,31.74217619,69.59048182
2,482,Breding ,F25-2152,CIAT-CIAT-26415,Poales,Poaceae,Urochloa,humidicola,Urochloa humidicola,Grass,21,97.80131921,13.59640155,86.40359845,6.636225653,31.42738474,68.48455224
2,483,Breding ,F25-2153,CIAT-BH-22-4092,Poales,Poaceae,Urochloa,humidicola,Urochloa humidicola,Grass,21,98.23053084,15.10512208,84.89487792,7.367217231,30.60957756,66.94601648
2,484,Breding ,F25-2153,CIAT-BH-22-4092,Poales,Poaceae,Urochloa,humidicola,Urochloa humidicola,Grass,21,98.20017998,13.92718285,86.07281715,7.404123164,30.67205893,67.85537336
2,485,Breding ,F25-2154,CIAT-CIAT-26438,Poales,Poaceae,Urochloa,humidicola,Urochloa humidicola,Grass,21,97.88,12.51975746,87.48024254,7.449016932,34.54959471,72.50604864
2,486,Breding ,F25-2154,CIAT-CIAT-26438,Poales,Poaceae,Urochloa,humidicola,Urochloa humidicola,Grass,21,98.13018698,12.63073345,87.36926655,7.314525832,34.83529602,72.60254445
2,487,Breding ,F25-2155,CIAT-CIAT-26570,Poales,Poaceae,Urochloa,humidicola,Urochloa humidicola,Grass,21,97.78044391,13.86816556,86.13183444,7.809431252,30.10264668,66.44507852
2,488,Breding ,F25-2155,CIAT-CIAT-26570,Poales,Poaceae,Urochloa,humidicola,Urochloa humidicola,Grass,21,97.88042392,13.65355135,86.34644865,7.790535034,29.85254903,66.38686286
2,489,Breding ,F25-2156,CIAT-BH-22-3115,Poales,Poaceae,Urochloa,humidicola,Urochloa humidicola,Grass,21,97.49025097,11.20553334,88.79446666,5.664369187,33.79087159,71.98398427
2,490,Breding ,F25-2156,CIAT-BH-22-3115,Poales,Poaceae,Urochloa,humidicola,Urochloa humidicola,Grass,21,97.75089964,11.29432984,88.70567016,5.641847339,32.95864212,69.99444661
2,491,Breding ,F25-2157,CIAT-BH-22-1375,Poales,Poaceae,Urochloa,humidicola,Urochloa humidicola,Grass,21,97.19056189,14.11248576,85.88751424,7.600521119,32.29512085,67.29892482
2,492,Breding ,F25-2157,CIAT-BH-22-1375,Poales,Poaceae,Urochloa,humidicola,Urochloa humidicola,Grass,21,97.35,13.67324107,86.32675893,7.617646318,32.64059754,68.02196249
2,493,Breding ,F25-2158,CIAT-CIAT-6133,Poales,Poaceae,Urochloa,humidicola,Urochloa humidicola,Grass,21,98.32033593,11.62541638,88.37458362,6.562519625,33.85188508,73.06607359
2,494,Breding ,F25-2158,CIAT-CIAT-6133,Poales,Poaceae,Urochloa,humidicola,Urochloa humidicola,Grass,21,98.45046486,11.40071084,88.59928916,6.585513427,33.49632166,72.72318708
2,495,Breding ,F25-2159,CIAT-CIAT-679,Poales,Poaceae,Urochloa,humidicola,Urochloa humidicola,Grass,21,97.2,12.14546744,87.85453256,6.166136676,31.25765239,70.45349654
2,496,Breding ,F25-2159,CIAT-CIAT-679,Poales,Poaceae,Urochloa,humidicola,Urochloa humidicola,Grass,21,97.4405119,11.86565977,88.13434023,6.213789634,32.1794172,71.09330005
2,497,Breding ,F25-2160,CIAT-BH-22-4865,Poales,Poaceae,Urochloa,humidicola,Urochloa humidicola,Grass,21,97.33080076,15.10614296,84.89385704,8.767376851,32.37951604,67.41040777
2,498,Breding ,F25-2160,CIAT-BH-22-4865,Poales,Poaceae,Urochloa,humidicola,Urochloa humidicola,Grass,21,97.63071079,15.2189519,84.7810481,8.77904185,32.58838094,67.25040428
2,499,Breding ,F25-2161,CIAT-BH-22-1706,Poales,Poaceae,Urochloa,humidicola,Urochloa humidicola,Grass,21,97.65023498,11.49261922,88.50738078,5.63082443,34.57037428,72.42761002
2,500,Breding ,F25-2161,CIAT-BH-22-1706,Poales,Poaceae,Urochloa,humidicola,Urochloa humidicola,Grass,21,97.76,11.7701102,88.2298898,5.685693607,34.59794052,72.30472471
2,501,Breding ,F25-2162,CIAT-BH-22-4169,Poales,Poaceae,Urochloa,humidicola,Urochloa humidicola,Grass,21,97.54122939,12.37720765,87.62279235,7.411183055,35.71838082,72.23847788
2,502,Breding ,F25-2162,CIAT-BH-22-4169,Poales,Poaceae,Urochloa,humidicola,Urochloa humidicola,Grass,21,97.72022798,12.15684168,87.84315832,7.403314666,35.75888944,72.28524711
2,503,Breding ,F25-2163,CIAT-BH-22-1258,Poales,Poaceae,Urochloa,humidicola,Urochloa humidicola,Grass,21,97.65117441,12.57994529,87.42005471,7.00339702,34.12215936,70.86531813
2,504,Breding ,F25-2163,CIAT-BH-22-1258,Poales,Poaceae,Urochloa,humidicola,Urochloa humidicola,Grass,21,97.80043991,12.4711812,87.5288188,7.040411401,34.22871708,71.36205195
2,505,Breding ,F25-2164,CIAT-BH-22-1370,Poales,Poaceae,Urochloa,humidicola,Urochloa humidicola,Grass,21,97.61,15.51367821,84.48632179,8.719286695,29.81896216,66.31169838
2,506,Breding ,F25-2164,CIAT-BH-22-1370,Poales,Poaceae,Urochloa,humidicola,Urochloa humidicola,Grass,21,97.83043391,15.20363857,84.79636143,8.611591733,29.46338052,66.02308002
2,507,Breding ,F25-2165,CIAT-BH-22-2225,Poales,Poaceae,Urochloa,humidicola,Urochloa humidicola,Grass,21,98.10018998,10.05453525,89.94546475,6.651601914,36.11201689,72.76559713
2,508,Breding ,F25-2165,CIAT-BH-22-2225,Poales,Poaceae,Urochloa,humidicola,Urochloa humidicola,Grass,21,98.01059682,10.33799219,89.66200781,6.587523931,36.39750972,73.47906703
2,509,Breding ,F25-2166,CIAT-BH-22-0528,Poales,Poaceae,Urochloa,humidicola,Urochloa humidicola,Grass,21,98.22017798,15.07836781,84.92163219,8.72979258,36.95942436,73.73777137
2,510,Breding ,F25-2166,CIAT-BH-22-0528,Poales,Poaceae,Urochloa,humidicola,Urochloa humidicola,Grass,21,98.20053984,12.4796643,87.5203357,8.803280168,36.6340576,73.37346877
2,511,Breding ,F25-2167,CIAT-BH-22-3507,Poales,Poaceae,Urochloa,humidicola,Urochloa humidicola,Grass,21,97.91104448,12.22573732,87.77426268,6.616281129,35.19497726,72.10376767
2,512,Breding ,F25-2167,CIAT-BH-22-3507,Poales,Poaceae,Urochloa,humidicola,Urochloa humidicola,Grass,21,97.97101449,12.13389121,87.86610879,6.60607615,35.38350897,71.63072382
2,513,Breding ,F25-2168,CIAT-BH-22-4253,Poales,Poaceae,Urochloa,humidicola,Urochloa humidicola,Grass,21,97.95081967,12.81569908,87.18430092,8.496684574,32.33298485,68.45003315
2,514,Breding ,F25-2168,CIAT-BH-22-4253,Poales,Poaceae,Urochloa,humidicola,Urochloa humidicola,Grass,21,97.98040392,13.43059905,86.56940095,8.444244161,31.87689813,67.57769235
2,515,Breding ,F25-2169,CIAT-BH-22-2189,Poales,Poaceae,Urochloa,humidicola,Urochloa humidicola,Grass,21,96.85157421,15.77192894,84.22807106,8.01664,33.94509939,68.8231406
2,516,Breding ,F25-2169,CIAT-BH-22-2189,Poales,Poaceae,Urochloa,humidicola,Urochloa humidicola,Grass,21,96.94030597,15.40674164,84.59325836,7.998680571,32.53980257,67.58298788
2,517,Breding ,F25-2170,CIAT-BH-22-0765,Poales,Poaceae,Urochloa,humidicola,Urochloa humidicola,Grass,21,97.37026297,10.96466485,89.03533515,9.797891651,37.41345348,73.32411739
2,518,Breding ,F25-2170,CIAT-BH-22-0765,Poales,Poaceae,Urochloa,humidicola,Urochloa humidicola,Grass,21,97.60023998,10.53387353,89.46612647,9.77710795,34.90939504,71.19055463
2,519,Breding ,F25-2171,CIAT-BH-22-2531,Poales,Poaceae,Urochloa,humidicola,Urochloa humidicola,Grass,21,96.47176412,12.31094913,87.68905087,6.210809926,32.77607573,70.93908626
2,520,Breding ,F25-2171,CIAT-BH-22-2531,Poales,Poaceae,Urochloa,humidicola,Urochloa humidicola,Grass,21,96.43071386,12.36647098,87.63352902,6.231336235,33.31118355,71.49892785
2,521,Breding ,F25-2172,CIAT-BH-22-0132,Poales,Poaceae,Urochloa,humidicola,Urochloa humidicola,Grass,21,96.53034697,10.85616616,89.14383384,6.605148052,35.11802313,71.07530804
2,522,Breding ,F25-2172,CIAT-BH-22-0132,Poales,Poaceae,Urochloa,humidicola,Urochloa humidicola,Grass,21,96.52034797,11.0633449,88.9366551,6.602507313,35.71579149,72.71456842
2,523,Breding ,F25-2173,CIAT-BH-22-3521,Poales,Poaceae,Urochloa,humidicola,Urochloa humidicola,Grass,21,97.39156506,11.31695787,88.68304213,8.409007726,27.95015921,67.54347471
2,524,Breding ,F25-2173,CIAT-BH-22-3521,Poales,Poaceae,Urochloa,humidicola,Urochloa humidicola,Grass,21,97.42025797,11.35341165,88.64658835,8.418778313,27.42350693,68.04243569
2,525,LMF,F25-0017,Hohenheimer-Heustandard,Forage,Forage,Hohenheimer, Heustandard,Hohenheimer Heustandard,Forage,14,91.34432784,9.990152095,90.0098479,0,0,0
2,525,LMF,F25-0017,Hohenheimer-Heustandard,Forage,Forage,Hohenheimer, Heustandard,Hohenheimer Heustandard,Forage,15,91.34432784,9.990152095,90.0098479,0,0,0
2,525,LMF,F25-0017,Hohenheimer-Heustandard,Forage,Forage,Hohenheimer, Heustandard,Hohenheimer Heustandard,Forage,16,91.34432784,9.990152095,90.0098479,0,0,0
2,525,LMF,F25-0017,Hohenheimer-Heustandard,Forage,Forage,Hohenheimer, Heustandard,Hohenheimer Heustandard,Forage,17,91.34432784,9.990152095,90.0098479,0,0,0
2,525,LMF,F25-0017,Hohenheimer-Heustandard,Forage,Forage,Hohenheimer, Heustandard,Hohenheimer Heustandard,Forage,18,91.34432784,9.990152095,90.0098479,0,0,0
2,525,LMF,F25-0017,Hohenheimer-Heustandard,Forage,Forage,Hohenheimer, Heustandard,Hohenheimer Heustandard,Forage,19,91.34432784,9.990152095,90.0098479,0,0,0
2,525,LMF,F25-0017,Hohenheimer-Heustandard,Forage,Forage,Hohenheimer, Heustandard,Hohenheimer Heustandard,Forage,20,91.34432784,9.990152095,90.0098479,0,0,0
2,525,LMF,F25-0017,Hohenheimer-Heustandard,Forage,Forage,Hohenheimer, Heustandard,Hohenheimer Heustandard,Forage,21,91.34432784,9.990152095,90.0098479,0,0,0
2,526,LMF,F25-0017,Hohenheimer-Heustandard,Forage,Forage,Hohenheimer, Heustandard,Hohenheimer Heustandard,Forage,14,91.32173565,10.12699803,89.87300197,0,0,0
2,526,LMF,F25-0017,Hohenheimer-Heustandard,Forage,Forage,Hohenheimer, Heustandard,Hohenheimer Heustandard,Forage,15,91.32173565,10.12699803,89.87300197,0,0,0
2,526,LMF,F25-0017,Hohenheimer-Heustandard,Forage,Forage,Hohenheimer, Heustandard,Hohenheimer Heustandard,Forage,16,91.32173565,10.12699803,89.87300197,0,0,0
2,526,LMF,F25-0017,Hohenheimer-Heustandard,Forage,Forage,Hohenheimer, Heustandard,Hohenheimer Heustandard,Forage,17,91.32173565,10.12699803,89.87300197,0,0,0
2,526,LMF,F25-0017,Hohenheimer-Heustandard,Forage,Forage,Hohenheimer, Heustandard,Hohenheimer Heustandard,Forage,18,91.32173565,10.12699803,89.87300197,0,0,0
2,526,LMF,F25-0017,Hohenheimer-Heustandard,Forage,Forage,Hohenheimer, Heustandard,Hohenheimer Heustandard,Forage,19,91.32173565,10.12699803,89.87300197,0,0,0
2,526,LMF,F25-0017,Hohenheimer-Heustandard,Forage,Forage,Hohenheimer, Heustandard,Hohenheimer Heustandard,Forage,20,91.32173565,10.12699803,89.87300197,0,0,0
2,526,LMF,F25-0017,Hohenheimer-Heustandard,Forage,Forage,Hohenheimer, Heustandard,Hohenheimer Heustandard,Forage,21,91.32173565,10.12699803,89.87300197,0,0,0
2,527,LMF,F25-0018,Homenheim-Concentrate,Concentrate,Concentrate,Homenheim, Concentrate,Homenheim Concentrate,Concentrate,14,89.73205359,6.183844011,93.81615599,0,0,0
2,527,LMF,F25-0018,Homenheim-Concentrate,Concentrate,Concentrate,Homenheim, Concentrate,Homenheim Concentrate,Concentrate,15,89.73205359,6.183844011,93.81615599,0,0,0
2,527,LMF,F25-0018,Homenheim-Concentrate,Concentrate,Concentrate,Homenheim, Concentrate,Homenheim Concentrate,Concentrate,16,89.73205359,6.183844011,93.81615599,0,0,0
2,527,LMF,F25-0018,Homenheim-Concentrate,Concentrate,Concentrate,Homenheim, Concentrate,Homenheim Concentrate,Concentrate,17,89.73205359,6.183844011,93.81615599,0,0,0
2,527,LMF,F25-0018,Homenheim-Concentrate,Concentrate,Concentrate,Homenheim, Concentrate,Homenheim Concentrate,Concentrate,18,89.73205359,6.183844011,93.81615599,0,0,0
2,527,LMF,F25-0018,Homenheim-Concentrate,Concentrate,Concentrate,Homenheim, Concentrate,Homenheim Concentrate,Concentrate,19,89.73205359,6.183844011,93.81615599,0,0,0
2,527,LMF,F25-0018,Homenheim-Concentrate,Concentrate,Concentrate,Homenheim, Concentrate,Homenheim Concentrate,Concentrate,20,89.73205359,6.183844011,93.81615599,0,0,0
2,527,LMF,F25-0018,Homenheim-Concentrate,Concentrate,Concentrate,Homenheim, Concentrate,Homenheim Concentrate,Concentrate,21,89.73205359,6.183844011,93.81615599,0,0,0
2,527,LMF,F25-0018,Homenheim-Concentrate,Concentrate,Concentrate,Homenheim, Concentrate,Homenheim Concentrate,Concentrate,22,89.73205359,6.183844011,93.81615599,0,0,0
2,528,LMF,F25-0018,Homenheim-Concentrate,Concentrate,Concentrate,Homenheim, Concentrate,Homenheim Concentrate,Concentrate,14,89.65413834,5.886943918,94.11305608,0,0,0
2,528,LMF,F25-0018,Homenheim-Concentrate,Concentrate,Concentrate,Homenheim, Concentrate,Homenheim Concentrate,Concentrate,15,89.65413834,5.886943918,94.11305608,0,0,0
2,528,LMF,F25-0018,Homenheim-Concentrate,Concentrate,Concentrate,Homenheim, Concentrate,Homenheim Concentrate,Concentrate,16,89.65413834,5.886943918,94.11305608,0,0,0
2,528,LMF,F25-0018,Homenheim-Concentrate,Concentrate,Concentrate,Homenheim, Concentrate,Homenheim Concentrate,Concentrate,17,89.65413834,5.886943918,94.11305608,0,0,0
2,528,LMF,F25-0018,Homenheim-Concentrate,Concentrate,Concentrate,Homenheim, Concentrate,Homenheim Concentrate,Concentrate,18,89.65413834,5.886943918,94.11305608,0,0,0
2,528,LMF,F25-0018,Homenheim-Concentrate,Concentrate,Concentrate,Homenheim, Concentrate,Homenheim Concentrate,Concentrate,19,89.65413834,5.886943918,94.11305608,0,0,0
2,528,LMF,F25-0018,Homenheim-Concentrate,Concentrate,Concentrate,Homenheim, Concentrate,Homenheim Concentrate,Concentrate,20,89.65413834,5.886943918,94.11305608,0,0,0
2,528,LMF,F25-0018,Homenheim-Concentrate,Concentrate,Concentrate,Homenheim, Concentrate,Homenheim Concentrate,Concentrate,21,89.65413834,5.886943918,94.11305608,0,0,0
2,528,LMF,F25-0018,Homenheim-Concentrate,Concentrate,Concentrate,Homenheim, Concentrate,Homenheim Concentrate,Concentrate,22,89.65413834,5.886943918,94.11305608,0,0,0
2,529,LMF,F25-0008,Sample-8,Poales,Poaceae,Cynodon, nlemfuensis ,Cynodon nlemfuensis ,Grass,14,93.64063594,11.32941805,88.67058195,0,0,0
2,529,LMF,F25-0008,Sample-8,Poales,Poaceae,Cynodon, nlemfuensis ,Cynodon nlemfuensis ,Grass,15,93.64063594,11.32941805,88.67058195,0,0,0
2,529,LMF,F25-0008,Sample-8,Poales,Poaceae,Cynodon, nlemfuensis ,Cynodon nlemfuensis ,Grass,16,93.64063594,11.32941805,88.67058195,0,0,0
2,529,LMF,F25-0008,Sample-8,Poales,Poaceae,Cynodon, nlemfuensis ,Cynodon nlemfuensis ,Grass,17,93.64063594,11.32941805,88.67058195,0,0,0
2,529,LMF,F25-0008,Sample-8,Poales,Poaceae,Cynodon, nlemfuensis ,Cynodon nlemfuensis ,Grass,18,93.64063594,11.32941805,88.67058195,0,0,0
2,529,LMF,F25-0008,Sample-8,Poales,Poaceae,Cynodon, nlemfuensis ,Cynodon nlemfuensis ,Grass,19,93.64063594,11.32941805,88.67058195,0,0,0
2,529,LMF,F25-0008,Sample-8,Poales,Poaceae,Cynodon, nlemfuensis ,Cynodon nlemfuensis ,Grass,20,93.64063594,11.32941805,88.67058195,0,0,0
2,529,LMF,F25-0008,Sample-8,Poales,Poaceae,Cynodon, nlemfuensis ,Cynodon nlemfuensis ,Grass,21,93.64063594,11.32941805,88.67058195,0,0,0
2,529,LMF,F25-0008,Sample-8,Poales,Poaceae,Cynodon, nlemfuensis ,Cynodon nlemfuensis ,Grass,22,93.64063594,11.32941805,88.67058195,0,0,0
2,530,LMF,F25-0008,Sample-8,Poales,Poaceae,Cynodon, nlemfuensis ,Cynodon nlemfuensis ,Grass,14,93.82123575,11.49829497,88.50170503,0,0,0
2,530,LMF,F25-0008,Sample-8,Poales,Poaceae,Cynodon, nlemfuensis ,Cynodon nlemfuensis ,Grass,15,93.82123575,11.49829497,88.50170503,0,0,0
2,530,LMF,F25-0008,Sample-8,Poales,Poaceae,Cynodon, nlemfuensis ,Cynodon nlemfuensis ,Grass,16,93.82123575,11.49829497,88.50170503,0,0,0
2,530,LMF,F25-0008,Sample-8,Poales,Poaceae,Cynodon, nlemfuensis ,Cynodon nlemfuensis ,Grass,17,93.82123575,11.49829497,88.50170503,0,0,0
2,530,LMF,F25-0008,Sample-8,Poales,Poaceae,Cynodon, nlemfuensis ,Cynodon nlemfuensis ,Grass,18,93.82123575,11.49829497,88.50170503,0,0,0
2,530,LMF,F25-0008,Sample-8,Poales,Poaceae,Cynodon, nlemfuensis ,Cynodon nlemfuensis ,Grass,19,93.82123575,11.49829497,88.50170503,0,0,0
2,530,LMF,F25-0008,Sample-8,Poales,Poaceae,Cynodon, nlemfuensis ,Cynodon nlemfuensis ,Grass,20,93.82123575,11.49829497,88.50170503,0,0,0
2,530,LMF,F25-0008,Sample-8,Poales,Poaceae,Cynodon, nlemfuensis ,Cynodon nlemfuensis ,Grass,21,93.82123575,11.49829497,88.50170503,0,0,0
2,530,LMF,F25-0008,Sample-8,Poales,Poaceae,Cynodon, nlemfuensis ,Cynodon nlemfuensis ,Grass,22,93.82123575,11.49829497,88.50170503,0,0,0
2,531,Breding ,F25-2174,CIAT-BH-22-2074,Poales,Poaceae,Urochloa,humidicola,Urochloa humidicola,Grass,22,96.77161419,13.62371869,86.37628131,7.589883903,31.69203302,68.09051511
2,532,Breding ,F25-2174,CIAT-BH-22-2074,Poales,Poaceae,Urochloa,humidicola,Urochloa humidicola,Grass,22,96.91123551,13.0470468,86.9529532,7.714128003,31.41853601,67.50663223
2,533,Breding ,F25-2175,CIAT-BH-22-0456,Poales,Poaceae,Urochloa,humidicola,Urochloa humidicola,Grass,22,96.61033897,11.06286187,88.93713813,6.042491889,29.57505781,68.05008874
2,534,Breding ,F25-2175,CIAT-BH-22-0456,Poales,Poaceae,Urochloa,humidicola,Urochloa humidicola,Grass,22,96.81031897,10.90777502,89.09222498,5.99751614,30.02637212,67.75712573
2,535,Breding ,F25-2176,CIAT-BH-22-1832,Poales,Poaceae,Urochloa,humidicola,Urochloa humidicola,Grass,22,97.31161303,10.89219309,89.10780691,6.654398504,32.46886362,72.17855871
2,536,Breding ,F25-2176,CIAT-BH-22-1832,Poales,Poaceae,Urochloa,humidicola,Urochloa humidicola,Grass,22,97.39,10.74464647,89.25535353,6.626268549,32.72288779,72.93795138
2,537,Breding ,F25-2177,CIAT-BH-22-1872,Poales,Poaceae,Urochloa,humidicola,Urochloa humidicola,Grass,22,97.54122939,11.63039334,88.36960666,6.98310489,33.32298508,70.46696043
2,538,Breding ,F25-2177,CIAT-BH-22-1872,Poales,Poaceae,Urochloa,humidicola,Urochloa humidicola,Grass,22,97.71137318,11.516624,88.483376,6.806948905,34.14443634,72.14853673
2,539,Breding ,F25-2178,CIAT-BH-22-0071,Poales,Poaceae,Urochloa,humidicola,Urochloa humidicola,Grass,22,97.03118752,13.36349422,86.63650578,7.377718474,37.43111341,71.71758682
2,540,Breding ,F25-2178,CIAT-BH-22-0071,Poales,Poaceae,Urochloa,humidicola,Urochloa humidicola,Grass,22,97.15170897,13.70050507,86.29949493,7.445620577,36.32468269,70.22690103
2,541,Breding ,F25-2179,CIAT-BH-22-4454,Poales,Poaceae,Urochloa,humidicola,Urochloa humidicola,Grass,22,97.46025397,10.97109989,89.02890011,6.538680055,32.07086068,70.10903111
2,542,Breding ,F25-2179,CIAT-BH-22-4454,Poales,Poaceae,Urochloa,humidicola,Urochloa humidicola,Grass,22,97.76044791,11.34898536,88.65101464,6.511946099,30.17835851,67.04133065
2,543,Breding ,F25-2180,CIAT-BH-22-1267,Poales,Poaceae,Urochloa,humidicola,Urochloa humidicola,Grass,22,97.65046991,10.49776268,89.50223732,6.062272028,32.89242637,70.56489953
2,544,Breding ,F25-2180,CIAT-BH-22-1267,Poales,Poaceae,Urochloa,humidicola,Urochloa humidicola,Grass,22,97.7806658,10.1386382,89.8613618,5.919195565,32.63769824,71.02082612
2,545,Breding ,F25-2181,CIAT-BH-22-1303,Poales,Poaceae,Urochloa,humidicola,Urochloa humidicola,Grass,22,96.80095971,11.54979392,88.45020608,7.591035388,34.72920939,71.30896955
2,546,Breding ,F25-2181,CIAT-BH-22-1303,Poales,Poaceae,Urochloa,humidicola,Urochloa humidicola,Grass,22,96.91061788,11.53030354,88.46969646,7.586482588,35.77350299,72.92905736
2,547,Breding ,F25-2182,CIAT-BH-22-2508,Poales,Poaceae,Urochloa,humidicola,Urochloa humidicola,Grass,22,97.85107446,13.01821566,86.98178434,8.619583105,34.02226269,70.90609393
2,548,Breding ,F25-2182,CIAT-BH-22-2508,Poales,Poaceae,Urochloa,humidicola,Urochloa humidicola,Grass,22,97.93041392,13.35916345,86.64083655,8.743147304,33.73119043,69.94835798
2,549,Breding ,F25-2183,CIAT-BH-22-2046,Poales,Poaceae,Urochloa,humidicola,Urochloa humidicola,Grass,22,96.93092072,10.38001107,89.61998893,6.817642035,32.14666522,70.19878031
2,550,Breding ,F25-2183,CIAT-BH-22-2046,Poales,Poaceae,Urochloa,humidicola,Urochloa humidicola,Grass,22,97.23027697,10.32028873,89.67971127,6.59359859,32.21735518,70.38350715
2,,LMF,F25-0018,Homenheim-Concentrate,Concentrate,Concentrate,Homenheim, Concentrate,Homenheim Concentrate,Concentrate,14,89.65413834,5.886943918,94.11305608,0,0,0
2,,LMF,F25-0018,Homenheim-Concentrate,Concentrate,Concentrate,Homenheim, Concentrate,Homenheim Concentrate,Concentrate,14,89.73205359,6.183844011,93.81615599,0,0,0
2,,LMF,F25-0008,Sample-8,Poales,Poaceae,Cynodon, nlemfuensis ,Cynodon nlemfuensis ,Grass,14,93.64063594,11.32941805,88.67058195,0,0,0
2,,LMF,F25-0008,Sample-8,Poales,Poaceae,Cynodon, nlemfuensis ,Cynodon nlemfuensis ,Grass,14,93.82123575,11.49829497,88.50170503,0,0,0
2,,LMF,F25-0018,Homenheim-Concentrate,Concentrate,Concentrate,Homenheim, Concentrate,Homenheim Concentrate,Concentrate,15,89.65413834,5.886943918,94.11305608,0,0,0
2,,LMF,F25-0018,Homenheim-Concentrate,Concentrate,Concentrate,Homenheim, Concentrate,Homenheim Concentrate,Concentrate,15,89.73205359,6.183844011,93.81615599,0,0,0
2,,LMF,F25-0008,Sample-8,Poales,Poaceae,Cynodon, nlemfuensis ,Cynodon nlemfuensis ,Grass,15,93.64063594,11.32941805,88.67058195,0,0,0
2,,LMF,F25-0008,Sample-8,Poales,Poaceae,Cynodon, nlemfuensis ,Cynodon nlemfuensis ,Grass,15,93.82123575,11.49829497,88.50170503,0,0,0
2,,LMF,F25-0018,Homenheim-Concentrate,Concentrate,Concentrate,Homenheim, Concentrate,Homenheim Concentrate,Concentrate,16,89.65413834,5.886943918,94.11305608,0,0,0
2,,LMF,F25-0018,Homenheim-Concentrate,Concentrate,Concentrate,Homenheim, Concentrate,Homenheim Concentrate,Concentrate,16,89.73205359,6.183844011,93.81615599,0,0,0
2,,LMF,F25-0008,Sample-8,Poales,Poaceae,Cynodon, nlemfuensis ,Cynodon nlemfuensis ,Grass,16,93.64063594,11.32941805,88.67058195,0,0,0
2,,LMF,F25-0008,Sample-8,Poales,Poaceae,Cynodon, nlemfuensis ,Cynodon nlemfuensis ,Grass,16,93.82123575,11.49829497,88.50170503,0,0,0
2,,LMF,F25-0018,Homenheim-Concentrate,Concentrate,Concentrate,Homenheim, Concentrate,Homenheim Concentrate,Concentrate,17,89.65413834,5.886943918,94.11305608,0,0,0
2,,LMF,F25-0018,Homenheim-Concentrate,Concentrate,Concentrate,Homenheim, Concentrate,Homenheim Concentrate,Concentrate,17,89.73205359,6.183844011,93.81615599,0,0,0
2,,LMF,F25-0008,Sample-8,Poales,Poaceae,Cynodon, nlemfuensis ,Cynodon nlemfuensis ,Grass,17,93.64063594,11.32941805,88.67058195,0,0,0
2,,LMF,F25-0008,Sample-8,Poales,Poaceae,Cynodon, nlemfuensis ,Cynodon nlemfuensis ,Grass,17,93.82123575,11.49829497,88.50170503,0,0,0
2,,LMF,F25-0018,Homenheim-Concentrate,Concentrate,Concentrate,Homenheim, Concentrate,Homenheim Concentrate,Concentrate,18,89.65413834,5.886943918,94.11305608,0,0,0
2,,LMF,F25-0018,Homenheim-Concentrate,Concentrate,Concentrate,Homenheim, Concentrate,Homenheim Concentrate,Concentrate,18,89.73205359,6.183844011,93.81615599,0,0,0
2,,LMF,F25-0008,Sample-8,Poales,Poaceae,Cynodon, nlemfuensis ,Cynodon nlemfuensis ,Grass,18,93.64063594,11.32941805,88.67058195,0,0,0
2,,LMF,F25-0008,Sample-8,Poales,Poaceae,Cynodon, nlemfuensis ,Cynodon nlemfuensis ,Grass,18,93.82123575,11.49829497,88.50170503,0,0,0
2,,LMF,F25-0018,Homenheim-Concentrate,Concentrate,Concentrate,Homenheim, Concentrate,Homenheim Concentrate,Concentrate,19,89.65413834,5.886943918,94.11305608,0,0,0
2,,LMF,F25-0018,Homenheim-Concentrate,Concentrate,Concentrate,Homenheim, Concentrate,Homenheim Concentrate,Concentrate,19,89.73205359,6.183844011,93.81615599,0,0,0
2,,LMF,F25-0008,Sample-8,Poales,Poaceae,Cynodon, nlemfuensis ,Cynodon nlemfuensis ,Grass,19,93.64063594,11.32941805,88.67058195,0,0,0
2,,LMF,F25-0008,Sample-8,Poales,Poaceae,Cynodon, nlemfuensis ,Cynodon nlemfuensis ,Grass,19,93.82123575,11.49829497,88.50170503,0,0,0
2,,LMF,F25-0018,Homenheim-Concentrate,Concentrate,Concentrate,Homenheim, Concentrate,Homenheim Concentrate,Concentrate,20,89.65413834,5.886943918,94.11305608,0,0,0
2,,LMF,F25-0018,Homenheim-Concentrate,Concentrate,Concentrate,Homenheim, Concentrate,Homenheim Concentrate,Concentrate,20,89.73205359,6.183844011,93.81615599,0,0,0
2,,LMF,F25-0008,Sample-8,Poales,Poaceae,Cynodon, nlemfuensis ,Cynodon nlemfuensis ,Grass,20,93.64063594,11.32941805,88.67058195,0,0,0
2,,LMF,F25-0008,Sample-8,Poales,Poaceae,Cynodon, nlemfuensis ,Cynodon nlemfuensis ,Grass,20,93.82123575,11.49829497,88.50170503,0,0,0
2,,LMF,F25-0018,Homenheim-Concentrate,Concentrate,Concentrate,Homenheim, Concentrate,Homenheim Concentrate,Concentrate,21,89.65413834,5.886943918,94.11305608,0,0,0
2,,LMF,F25-0018,Homenheim-Concentrate,Concentrate,Concentrate,Homenheim, Concentrate,Homenheim Concentrate,Concentrate,21,89.73205359,6.183844011,93.81615599,0,0,0
2,,LMF,F25-0008,Sample-8,Poales,Poaceae,Cynodon, nlemfuensis ,Cynodon nlemfuensis ,Grass,21,93.64063594,11.32941805,88.67058195,0,0,0
2,,LMF,F25-0008,Sample-8,Poales,Poaceae,Cynodon, nlemfuensis ,Cynodon nlemfuensis ,Grass,21,93.82123575,11.49829497,88.50170503,0,0,0
2,,LMF,F25-0018,Homenheim-Concentrate,Concentrate,Concentrate,Homenheim, Concentrate,Homenheim Concentrate,Concentrate,22,89.65413834,5.886943918,94.11305608,0,0,0
2,,LMF,F25-0018,Homenheim-Concentrate,Concentrate,Concentrate,Homenheim, Concentrate,Homenheim Concentrate,Concentrate,22,89.73205359,6.183844011,93.81615599,0,0,0
2,,LMF,F25-0008,Sample-8,Poales,Poaceae,Cynodon, nlemfuensis ,Cynodon nlemfuensis ,Grass,22,93.64063594,11.32941805,88.67058195,0,0,0
2,,LMF,F25-0008,Sample-8,Poales,Poaceae,Cynodon, nlemfuensis ,Cynodon nlemfuensis ,Grass,22,93.82123575,11.49829497,88.50170503,0,0,0
3,1,Genetic bank,F24-3540,CIAT-1467,Fabales,Fabaceae,Stylosanthes,hamata,Stylosanthes hamata,Herbaceous_legumes,23,92.5,8.49,91.51,13.64,35.11,53.65239714
3,2,Genetic bank,F24-3540,CIAT-1467,Fabales,Fabaceae,Stylosanthes,hamata,Stylosanthes hamata,Herbaceous_legumes,23,92.73,8.59,91.41,13.64,34.44,52.20219129
3,3,Genetic bank,F24-3541,CIAT-1475,Fabales,Fabaceae,Stylosanthes,hamata,Stylosanthes hamata,Herbaceous_legumes,23,90.62,8.7,91.3,17.29,37.69,58.2158637
3,4,Genetic bank,F24-3541,CIAT-1475,Fabales,Fabaceae,Stylosanthes,hamata,Stylosanthes hamata,Herbaceous_legumes,23,90.96,8.81,91.19,17.29,37.17,54.69038649
3,5,Genetic bank,F25-0954,CIAT-23326,Fabales,Fabaceae,Desmodium,velutinum,Desmodium velutinum,Shrub_Trees,23,95.77,14.95,85.05,18.11,23.08,40.57
3,6,Genetic bank,F25-0954,CIAT-23326,Fabales,Fabaceae,Desmodium,velutinum,Desmodium velutinum,Shrub_Trees,23,95.91,15.15,84.85,18.11,22.92,39.43
3,7,Genetic bank,F25-0971,CIAT-13149,Fabales,Fabaceae,Desmodium,strigillosum,Desmodium strigillosum,Herbaceous_legumes,23,93.7,8.14,91.86,13.45,35.26,51
3,8,Genetic bank,F25-0971,CIAT-13149,Fabales,Fabaceae,Desmodium,strigillosum,Desmodium strigillosum,Herbaceous_legumes,23,93.85,8.23,91.77,13.45,35.39,48.35
3,9,Genetic bank,F25-0974,CIAT-13946,Fabales,Fabaceae,Desmodium,sequax,Desmodium sequax,Herbaceous_legumes,23,93.83,6.83,93.17,14.37,52.96,60.63
3,10,Genetic bank,F25-0974,CIAT-13946,Fabales,Fabaceae,Desmodium,sequax,Desmodium sequax,Herbaceous_legumes,23,93.82,6.78,93.22,14.37,53.2,61.03
3,11,Genetic bank,F25-0980,CIAT-19867,Fabales,Fabaceae,Uraria,lagopodioides,Uraria lagopodioides,Herbaceous_legumes,23,95.86,15.49,84.51,19.32,25.22,43.08
3,12,Genetic bank,F25-0980,CIAT-19867,Fabales,Fabaceae,Uraria,lagopodioides,Uraria lagopodioides,Herbaceous_legumes,23,95.94,15.42,84.58,19.32,26.44,45.49
3,13,Genetic bank,F25-1651,CIAT-798,Fabales,Fabaceae,Galactia,striata,Galactia striata,Herbaceous_legumes,23,92.59074093,11.098894,88.901106,17.13448106,24.78973458,56.07531623
3,14,Genetic bank,F25-1651,CIAT-798,Fabales,Fabaceae,Galactia,striata,Galactia striata,Herbaceous_legumes,23,92.63441935,11.09334788,88.90665212,17.16363176,25.10107275,57.71001155
3,15,Genetic bank,F25-1652,CIAT-822,Fabales,Fabaceae,Calopogonium,mucunoides,Calopogonium mucunoides,Herbaceous_legumes,23,94.03238705,6.706366116,93.29363388,17.00895537,27.16761458,47.17079133
3,16,Genetic bank,F25-1652,CIAT-822,Fabales,Fabaceae,Calopogonium,mucunoides,Calopogonium mucunoides,Herbaceous_legumes,23,94.07177847,6.579485935,93.42051406,17.00895537,26.27122145,46.43281125
3,17,Genetic bank,F25-1653,CIAT-852,Fabales,Fabaceae,Dioclea,sericea,Dioclea sericea,Herbaceous_legumes,23,93.72313843,9.540020776,90.45997922,14.73367257,45.57818948,64.52916051
3,18,Genetic bank,F25-1653,CIAT-852,Fabales,Fabaceae,Dioclea,sericea,Dioclea sericea,Herbaceous_legumes,23,93.81371177,9.571041874,90.42895813,14.73367257,45.65463403,62.29269472
3,19,Genetic bank,F25-1654,CIAT-907,Fabales,Fabaceae,Dioclea,virgata,Dioclea virgata,Herbaceous_legumes,23,92.92212336,9.290787184,90.70921282,16.70905083,33.0690178,61.15222931
3,20,Genetic bank,F25-1654,CIAT-907,Fabales,Fabaceae,Dioclea,virgata,Dioclea virgata,Herbaceous_legumes,23,93.01279488,9.279106326,90.72089367,16.70905083,33.63151079,62.39763632
3,21,Genetic bank,F25-1655,CIAT-1992,Fabales,Fabaceae,Stylosanthes,guianensis,Stylosanthes guianensis,Herbaceous_legumes,23,93.64,8.467949386,91.53205061,19.94531352,37.8621994,60.93641064
3,22,Genetic bank,F25-1655,CIAT-1992,Fabales,Fabaceae,Stylosanthes,guianensis,Stylosanthes guianensis,Herbaceous_legumes,23,91.29261222,8.162687575,91.83731243,19.94531352,39.24297403,59.50576202
3,23,Genetic bank,F25-1656,CIAT-3001,Fabales,Fabaceae,Codariocalyx,gyroides,Codariocalyx gyroides,Shrub_Trees,23,94.43111378,6.961877939,93.03812206,15.81615439,39.57242705,58.11104238
3,24,Genetic bank,F25-1656,CIAT-3001,Fabales,Fabaceae,Codariocalyx,gyroides,Codariocalyx gyroides,Shrub_Trees,23,94.56054395,6.983736897,93.0162631,15.81615439,40.61466393,57.56888362
3,25,Genetic bank,F25-1657,CIAT-3304,Fabales,Fabaceae,Desmodium,cajanifolium,Desmodium cajanifolium,Shrub_Trees,23,94.87102579,8.19553428,91.80446572,20.82484313,24.77690357,47.72310356
3,26,Genetic bank,F25-1657,CIAT-3304,Fabales,Fabaceae,Desmodium,cajanifolium,Desmodium cajanifolium,Shrub_Trees,23,94.95050495,8.196353751,91.80364625,20.82484313,25.15806825,45.49640292
3,27,Genetic bank,F25-1658,CIAT-5713,Fabales,Fabaceae,Centrosema,macrocarpum,Centrosema macrocarpum,Herbaceous_legumes,23,94.60269865,9.377996552,90.62200345,15.88423229,24.7272453,45.3831957
3,28,Genetic bank,F25-1658,CIAT-5713,Fabales,Fabaceae,Centrosema,macrocarpum,Centrosema macrocarpum,Herbaceous_legumes,23,94.68212715,9.305000939,90.69499906,15.88423229,24.48980377,46.41425618
3,29,Genetic bank,F25-1659,CIAT-7381,Fabales,Fabaceae,Galactia,glaucescens,Galactia glaucescens,Herbaceous_legumes,23,94.14175747,12.68793541,87.31206459,13.57733849,46.78905476,69.35196774
3,30,Genetic bank,F25-1659,CIAT-7381,Fabales,Fabaceae,Galactia,glaucescens,Galactia glaucescens,Herbaceous_legumes,23,94.8,12.86110616,87.13889384,13.57733849,46.92843955,67.32687836
3,31,Genetic bank,F25-1660,CIAT-7799,Fabales,Fabaceae,Dioclea,guianensis,Dioclea guianensis,Herbaceous_legumes,23,93.39198241,7.818936959,92.18106304,20.9527222,52.63036648,65.46390562
3,32,Genetic bank,F25-1660,CIAT-7799,Fabales,Fabaceae,Dioclea,guianensis,Dioclea guianensis,Herbaceous_legumes,23,93.53387967,7.720355565,92.27964444,19.80206186,53.20924133,65.03028307
3,33,Genetic bank,F25-1661,CIAT-7803,Fabales,Fabaceae,Dioclea,holtiana,Dioclea holtiana,Herbaceous_legumes,23,94.21289355,11.443454,88.556546,20.26242214,42.34795436,57.90467215
3,34,Genetic bank,F25-1661,CIAT-7803,Fabales,Fabaceae,Dioclea,holtiana,Dioclea holtiana,Herbaceous_legumes,23,94.27229108,11.46581123,88.53418877,20.3519669,39.68333463,58.57238508
3,35,Genetic bank,F25-1662,CIAT-8182,Fabales,Fabaceae,Eriosema,diffusum,Eriosema diffusum,Herbaceous_legumes,23,93.16478465,7.26000462,92.73999538,13.82686494,47.43167711,63.34230175
3,36,Genetic bank,F25-1662,CIAT-8182,Fabales,Fabaceae,Eriosema,diffusum,Eriosema diffusum,Herbaceous_legumes,23,93.48130374,7.37076714,92.62923286,13.82686494,46.55769802,63.37780974
3,37,Genetic bank,F25-1663,CIAT-8434,Fabales,Fabaceae,Dioclea,sericea,Dioclea sericea,Herbaceous_legumes,23,93.49195241,8.41315038,91.58684962,18.04924226,45.53654535,63.32727069
3,38,Genetic bank,F25-1663,CIAT-8434,Fabales,Fabaceae,Dioclea,sericea,Dioclea sericea,Herbaceous_legumes,23,93.54,8.319434086,91.68056591,18.04924226,47.40185878,61.49264118
3,39,Genetic bank,F25-1664,CIAT-8702,Fabales,Fabaceae,Calopogonium,caeruleum,Calopogonium caeruleum,Herbaceous_legumes,23,92.91495953,8.670523453,91.32947655,23.9176173,31.95085835,50.63369361
3,40,Genetic bank,F25-1664,CIAT-8702,Fabales,Fabaceae,Calopogonium,caeruleum,Calopogonium caeruleum,Herbaceous_legumes,23,93.1027589,8.683870935,91.31612906,23.9176173,30.82732663,51.35503515
3,41,Genetic bank,F25-1665,CIAT-8816,Fabales,Fabaceae,Crotalaria,micans,Crotalaria micans,Herbaceous_legumes,23,93.40065993,9.319961125,90.68003887,25.37682176,21.39620134,41.25203665
3,42,Genetic bank,F25-1665,CIAT-8816,Fabales,Fabaceae,Crotalaria,micans,Crotalaria micans,Herbaceous_legumes,23,93.49130174,9.265533166,90.73446683,25.37682176,20.83102622,42.18096301
3,43,Genetic bank,F25-1666,CIAT-8826,Fabales,Fabaceae,Zapoteca,formosa,Zapoteca formosa,Shrub_Trees,23,93.62063794,9.560776092,90.43922391,17.79474143,12.29338578,37.82826716
3,44,Genetic bank,F25-1666,CIAT-8826,Fabales,Fabaceae,Zapoteca,formosa,Zapoteca formosa,Shrub_Trees,23,93.79310345,9.482289992,90.51771001,17.79474143,10.08313569,39.40247468
3,45,Genetic bank,F25-1667,CIAT-9578,Fabales,Fabaceae,Dioclea,sericea,Dioclea sericea,Herbaceous_legumes,23,95.05049495,7.22507715,92.77492285,14.70468713,49.077856,63.24887269
3,45,Genetic bank,F25-1667,CIAT-9578,Fabales,Fabaceae,Dioclea,sericea,Dioclea sericea,Herbaceous_legumes,24,95.05049495,7.22507715,92.77492285,14.70468713,49.077856,63.24887269
3,46,Genetic bank,F25-1667,CIAT-9578,Fabales,Fabaceae,Dioclea,sericea,Dioclea sericea,Herbaceous_legumes,23,95.10146956,7.265691564,92.73430844,14.70468713,51.07227343,63.60597027
3,46,Genetic bank,F25-1667,CIAT-9578,Fabales,Fabaceae,Dioclea,sericea,Dioclea sericea,Herbaceous_legumes,24,95.10146956,7.265691564,92.73430844,14.70468713,51.07227343,63.60597027
3,47,Genetic bank,F25-1668,CIAT-9740,Fabales,Fabaceae,Chamaecrista,desvauxii,Chamaecrista desvauxii,Herbaceous_legumes,23,95.26189524,8.258246254,91.74175375,17.1158244,37.59678561,53.17945358
3,48,Genetic bank,F25-1668,CIAT-9740,Fabales,Fabaceae,Chamaecrista,desvauxii,Chamaecrista desvauxii,Herbaceous_legumes,23,95.5013496,8.280033942,91.71996606,17.1158244,37.55139829,53.67897284
3,49,Genetic bank,F25-1669,CIAT-9934,Fabales,Fabaceae,Aeschynomene,americana,Aeschynomene americana,Herbaceous_legumes,23,93.82,7.899365705,92.10063429,18.35356516,23.44788858,60.95531778
3,50,Genetic bank,F25-1669,CIAT-9934,Fabales,Fabaceae,Aeschynomene,americana,Aeschynomene americana,Herbaceous_legumes,23,93.79,7.814082405,92.1859176,18.35356516,24.53511309,61.318607
3,51,Breeding,F25-2096,CIAT-PM-21-4448,Poales,Poaceae,Megathyrsus,maximus,Megathyrsus maximus,Grass,23,95.45,11.22,88.78,11.97,30.8,71.78
3,52,Breeding,F25-2096,CIAT-PM-21-4448,Poales,Poaceae,Megathyrsus,maximus,Megathyrsus maximus,Grass,23,95.53,11.31,88.69,12.08,31.65,72.35
3,53,Breeding,F25-2101,CIAT-CIAT-16071,Poales,Poaceae,Megathyrsus,maximus,Megathyrsus maximus,Grass,23,92.96,13.6,86.4,16.88,28.86,66.57
3,54,Breeding,F25-2101,CIAT-CIAT-16071,Poales,Poaceae,Megathyrsus,maximus,Megathyrsus maximus,Grass,23,93.1,13.66,86.34,17.03,28.88,66.46
3,55,Breeding,F25-2105,CIAT-BR-09-4467,Poales,Poaceae,Urochloa,interespecifico,Brachiaria interespecifico,Grass,23,92.32,14.58,85.42,13.61,24.69,59.75
3,56,Breeding,F25-2105,CIAT-BR-09-4467,Poales,Poaceae,Urochloa,interespecifico,Brachiaria interespecifico,Grass,23,92.29,14.67,85.33,13.7,23.95,58.17
3,57,LMF-invivo,F25-2131,Muestra-#-02,Poales, Poaceae,Cynodon,nlenfuensis,Cynodon nlemfuensis,Grass,23,92.11,9.45,90.55,5.75,39.56,77.29
3,58,LMF-invivo,F25-2131,Muestra-#-02,Poales, Poaceae,Cynodon,nlenfuensis,Cynodon nlemfuensis,Grass,23,92.24,9.14,90.86,5.73,40.52,78.28
3,59,Breeding,F25-2170,CIAT-BH-22-0765,Poales,Poaceae,Urochloa,humidicola,Urochloa humidicola,Grass,23,97.37,10.96,89.04,9.8,37.41,73.32
3,60,Breeding,F25-2170,CIAT-BH-22-0765,Poales,Poaceae,Urochloa,humidicola,Urochloa humidicola,Grass,23,97.6,10.53,89.47,9.78,34.91,71.19
3,61,Breeding,F25-2171,CIAT-BH-22-2531,Poales,Poaceae,Urochloa,humidicola,Urochloa humidicola,Grass,23,96.47,12.31,87.69,6.21,32.78,70.94
3,62,Breeding,F25-2171,CIAT-BH-22-2531,Poales,Poaceae,Urochloa,humidicola,Urochloa humidicola,Grass,23,96.43,12.37,87.63,6.23,33.31,71.5
3,63,LMF,F25-0017,Hohenheimer-Heustandard,,,Hohenheimer,Heustandard,Hohenheimer Heustandard,,23,91.34432784,9.990152095,90.0098479,0,0,0
3,63,LMF,F25-0017,Hohenheimer-Heustandard,,,Hohenheimer,Heustandard,Hohenheimer Heustandard,,24,91.34432784,9.990152095,90.0098479,0,0,0
3,63,LMF,F25-0017,Hohenheimer-Heustandard,,,,,Hohenheimer Heustandard,,25,91.34432784,9.990152095,90.0098479,0,0,0
3,64,LMF,F25-0017,Hohenheimer-Heustandard,,,Hohenheimer,Heustandard,Hohenheimer Heustandard,,23,91.32173565,10.12699803,89.87300197,0,0,0
3,64,LMF,F25-0017,Hohenheimer-Heustandard,,,Hohenheimer,Heustandard,Hohenheimer Heustandard,,24,91.32173565,10.12699803,89.87300197,0,0,0
3,64,LMF,F25-0017,Hohenheimer-Heustandard,,,,,Hohenheimer Heustandard,,25,91.32173565,10.12699803,89.87300197,0,0,0
3,65,LMF,F25-0008,Sample-8,,,Cynodon,nlemfuensis ,Cynodon nlemfuensis ,,23,93.64063594,11.33,88.67058195,0,0,0
3,65,LMF,F25-0008,Sample-8,,,Cynodon,nlemfuensis ,Cynodon nlemfuensis ,,24,93.64063594,11.33,88.67058195,0,0,0
3,65,LMF,F25-0008,Sample-8,,,Cynodon,nlemfuensis ,Cynodon nlemfuensis ,,25,93.64063594,11.33,88.67058195,0,0,0
3,65,LMF,F25-0008,Sample-8,,,Cynodon, nlemfuensis ,Cynodon nlemfuensis ,,26,93.64063594,11.33,88.67058195,0,0,0
3,66,LMF,F25-0008,Sample-8,,,Cynodon,nlemfuensis ,Cynodon nlemfuensis ,,23,93.82123575,11.5,88.50170503,0,0,0
3,66,LMF,F25-0008,Sample-8,,,Cynodon,nlemfuensis ,Cynodon nlemfuensis ,,24,93.82123575,11.5,88.50170503,0,0,0
3,66,LMF,F25-0008,Sample-8,,,Cynodon,nlemfuensis ,Cynodon nlemfuensis ,,25,93.82123575,11.5,88.50170503,0,0,0
3,66,LMF,F25-0008,Sample-8,,,Cynodon, nlemfuensis ,Cynodon nlemfuensis ,,26,93.82123575,11.5,88.50170503,0,0,0
3,67,Genetic bank,F25-1667,CIAT-9578,Fabales,Fabaceae,Dioclea,sericea,Dioclea sericea,Herbaceous_legumes,23,95.05049495,7.22507715,92.77492285,14.70468713,49.077856,63.24887269
3,67,Genetic bank,F25-1667,CIAT-9578,Fabales,Fabaceae,Dioclea,sericea,Dioclea sericea,Herbaceous_legumes,24,95.05049495,7.22507715,92.77492285,14.70468713,49.077856,63.24887269
3,68,Genetic bank,F25-1667,CIAT-9578,Fabales,Fabaceae,Dioclea,sericea,Dioclea sericea,Herbaceous_legumes,23,95.10146956,7.265691564,92.73430844,14.70468713,51.07227343,63.60597027
3,68,Genetic bank,F25-1667,CIAT-9578,Fabales,Fabaceae,Dioclea,sericea,Dioclea sericea,Herbaceous_legumes,24,95.10146956,7.265691564,92.73430844,14.70468713,51.07227343,63.60597027
3,69,Genetic bank,F25-1670,CIAT-13158,Fabales,Fabaceae,Desmodium,strigillosum,Desmodium strigillosum,Herbaceous_legumes,24,93.45196441,7.29058379,92.70941621,16.80819025,37.46459205,49.74924242
3,70,Genetic bank,F25-1670,CIAT-13158,Fabales,Fabaceae,Desmodium,strigillosum,Desmodium strigillosum,Herbaceous_legumes,24,93.58256697,7.353988645,92.64601135,16.24739495,38.86721458,50.82851659
3,71,Genetic bank,F25-1671,CIAT-13329,Fabales,Fabaceae,Desmodium,cajanifolium,Desmodium cajanifolium,Shrub_Trees,24,94.08295852,11.51570699,88.48429301,20.27549341,26.2439701,52.02906088
3,72,Genetic bank,F25-1671,CIAT-13329,Fabales,Fabaceae,Desmodium,cajanifolium,Desmodium cajanifolium,Shrub_Trees,24,94.26114777,11.52977775,88.47022225,20.27549341,25.61537115,52.60041423
3,73,Genetic bank,F25-1672,CIAT-13387,Fabales,Fabaceae,Desmodium,sequax,Desmodium sequax,Shrub_Trees,24,92.5214957,5.216181392,94.78381861,18.43450369,57.08983488,63.60823844
3,74,Genetic bank,F25-1672,CIAT-13387,Fabales,Fabaceae,Desmodium,sequax,Desmodium sequax,Shrub_Trees,24,92.63441935,5.246481861,94.75351814,18.43450369,57.37226721,64.24106655
3,75,Genetic bank,F25-1673,CIAT-13547,Fabales,Fabaceae,Codariocalyx,gyroides,Codariocalyx gyroides,Shrub_Trees,24,94.74210316,7.654552961,92.34544704,17.23665416,42.79058774,58.08298714
3,76,Genetic bank,F25-1673,CIAT-13547,Fabales,Fabaceae,Codariocalyx,gyroides,Codariocalyx gyroides,Shrub_Trees,24,94.87307615,7.558150783,92.44184922,17.23665416,42.04908929,58.45103326
3,77,Genetic bank,F25-1674,CIAT-13953,Fabales,Fabaceae,Desmodium,velutinum,Desmodium velutinum,Shrub_Trees,24,92.87,10.04999713,89.95000287,22.1380071,28.53235004,44.43673647
3,78,Genetic bank,F25-1674,CIAT-13953,Fabales,Fabaceae,Desmodium,velutinum,Desmodium velutinum,Shrub_Trees,24,93.00069993,10.2318968,89.7681032,22.1380071,28.3346642,44.50767102
3,79,Genetic bank,F25-1675,CIAT-15086,Fabales,Fabaceae,Centrosema,acutifolium,Centrosema acutifolium,Herbaceous_legumes,24,95.03049695,6.624223698,93.3757763,25.42628158,26.93609793,55.38060158
3,80,Genetic bank,F25-1675,CIAT-15086,Fabales,Fabaceae,Centrosema,acutifolium,Centrosema acutifolium,Herbaceous_legumes,24,95.16145156,6.717512097,93.2824879,25.42628158,27.45125703,57.11939791
3,81,Genetic bank,F25-1676,CIAT-17403,Fabales,Fabaceae,Flemingia,macrophylla,Flemingia macrophylla,Shrub_Trees,24,93.93121376,5.842638524,94.15736148,18.3851851,51.52755452,63.61391173
3,82,Genetic bank,F25-1676,CIAT-17403,Fabales,Fabaceae,Flemingia,macrophylla,Flemingia macrophylla,Shrub_Trees,24,93.96,6.365385459,93.63461454,18.3851851,52.30099778,64.76631348
3,83,Genetic bank,F25-1677,CIAT-17519,Fabales,Fabaceae,Mimosa,somnians,Mimosa somnians,Herbaceous_legumes,24,93.99,8.741203238,91.25879676,17.65179446,25.59568862,46.60433872
3,84,Genetic bank,F25-1677,CIAT-17519,Fabales,Fabaceae,Mimosa,somnians,Mimosa somnians,Herbaceous_legumes,24,95,8.762368379,91.23763162,17.65179446,25.52665638,45.80949958
3,85,Genetic bank,F25-1678,CIAT-17896,Fabales,Fabaceae,Chamaecrista,desvauxii,Chamaecrista desvauxii,Herbaceous_legumes,24,94.68319009,6.363179501,93.6368205,15.64033488,39.38483751,52.92619891
3,86,Genetic bank,F25-1678,CIAT-17896,Fabales,Fabaceae,Chamaecrista,desvauxii,Chamaecrista desvauxii,Herbaceous_legumes,24,94.73105379,6.291826968,93.70817303,15.64033488,41.27596095,50.55721229
3,87,Genetic bank,F25-1679,CIAT-18123,Fabales,Fabaceae,Dioclea,virgata,Dioclea virgata,Herbaceous_legumes,24,94.48055194,8.190953434,91.80904657,14.9986906,42.28676206,63.71362875
3,88,Genetic bank,F25-1679,CIAT-18123,Fabales,Fabaceae,Dioclea,virgata,Dioclea virgata,Herbaceous_legumes,24,94.73368642,8.42898291,91.57101709,14.9986906,39.6936425,61.86824661
3,89,Genetic bank,F25-1680,CIAT-18126,Fabales,Fabaceae,Dioclea,virgata,Dioclea virgata,Herbaceous_legumes,24,92.79072093,10.27945913,89.72054087,17.86623651,40.83493966,56.25746006
3,90,Genetic bank,F25-1680,CIAT-18126,Fabales,Fabaceae,Dioclea,virgata,Dioclea virgata,Herbaceous_legumes,24,92.8035982,10.32920344,89.67079656,18.16909484,40.14885516,56.56713176
3,91,Genetic bank,F25-1681,CIAT-18127,Fabales,Fabaceae,Dioclea,virgata,Dioclea virgata,Herbaceous_legumes,24,94.04416908,9.134931263,90.86506874,17.34307537,37.05032581,54.98675123
3,92,Genetic bank,F25-1681,CIAT-18127,Fabales,Fabaceae,Dioclea,virgata,Dioclea virgata,Herbaceous_legumes,24,94.33113377,9.266877576,90.73312242,17.34307537,38.48555269,54.0980489
3,93,Genetic bank,F25-1682,CIAT-18668,Fabales,Fabaceae,Cratylia,argentea,Cratylia argentea,Shrub_Trees,24,94.07237105,12.8632167,87.1367833,21.25858579,27.06397155,50.63536382
3,94,Genetic bank,F25-1682,CIAT-18668,Fabales,Fabaceae,Cratylia,argentea,Cratylia argentea,Shrub_Trees,24,94.14117177,12.78079601,87.21920399,21.25858579,28.93552604,49.57534238
3,95,Genetic bank,F25-1683,CIAT-19228,Fabales,Fabaceae,Eriosema,psoraleoides,Eriosema psoraleoides,Herbaceous_legumes,24,93.71125775,9.444469501,90.5555305,17.92705995,47.89445932,62.14975858
3,96,Genetic bank,F25-1683,CIAT-19228,Fabales,Fabaceae,Eriosema,psoraleoides,Eriosema psoraleoides,Herbaceous_legumes,24,93.66253499,9.399903029,90.60009697,17.92705995,48.04108836,62.47149943
3,97,Genetic bank,F25-1684,CIAT-19537,Fabales,Fabaceae,Crotalaria,verrucosa,Crotalaria verrucosa,Herbaceous_legumes,24,93.42131574,9.003483535,90.99651646,28.31684495,24.28334695,44.77658373
3,98,Genetic bank,F25-1684,CIAT-19537,Fabales,Fabaceae,Crotalaria,verrucosa,Crotalaria verrucosa,Herbaceous_legumes,24,93.58,9.069454904,90.9305451,28.31684495,23.76134828,44.13346742
3,99,Genetic bank,F25-1685,CIAT-20208,Fabales,Fabaceae,Aeschynomene,sensitiva,Aeschynomene sensitiva,Herbaceous_legumes,24,95.33140058,7.812763536,92.18723646,19.00166881,24.4870656,58.34101098
3,100,Genetic bank,F25-1685,CIAT-20208,Fabales,Fabaceae,Aeschynomene,sensitiva,Aeschynomene sensitiva,Herbaceous_legumes,24,95.58088382,7.918283861,92.08171614,19.00166881,26.2781856,60.94512061
3,101,Genetic bank,F25-1686,CIAT-20345,Fabales,Fabaceae,Pachyrhizus,erosus,Pachyrhizus erosus,Herbaceous_legumes,24,94.20231907,10.6980961,89.3019039,17.93719194,23.26109268,38.18978026
3,102,Genetic bank,F25-1686,CIAT-20345,Fabales,Fabaceae,Pachyrhizus,erosus,Pachyrhizus erosus,Herbaceous_legumes,24,93.23270692,10.55943683,89.44056317,17.93719194,21.70381891,38.81912876
3,103,Genetic bank,F25-1687,CIAT-20927,Fabales,Fabaceae,Mimosa,albida,Mimosa albida,Herbaceous_legumes,24,93.82,8.753639375,91.24636062,13.92710416,41.86055494,57.35156864
3,104,Genetic bank,F25-1687,CIAT-20927,Fabales,Fabaceae,Mimosa,albida,Mimosa albida,Herbaceous_legumes,24,93.53064694,8.485911535,91.51408847,13.92710416,40.5749862,60.66487987
3,105,Genetic bank,F25-1688,CIAT-21849,Fabales,Fabaceae,Chamaecrista,desvauxii,Chamaecrista desvauxii,Herbaceous_legumes,24,94.86,5.900885466,94.09911453,17.50614857,42.82984546,58.86466038
3,106,Genetic bank,F25-1688,CIAT-21849,Fabales,Fabaceae,Chamaecrista,desvauxii,Chamaecrista desvauxii,Herbaceous_legumes,24,94.94202319,5.940658384,94.05934162,17.50614857,44.75487496,57.58649369
3,107,Genetic bank,F25-1689,CIAT-22072,Fabales,Fabaceae,Bauhinia,sp.,Bauhinia sp.,Shrub_Trees,24,93.57257097,7.827068545,92.17293146,26.74599813,29.76349318,45.92972813
3,108,Genetic bank,F25-1689,CIAT-22072,Fabales,Fabaceae,Bauhinia,sp.,Bauhinia sp.,Shrub_Trees,24,93.65126975,7.732511268,92.26748873,26.74065,30.16885731,44.26681064
3,109,Genetic bank,F25-1690,CIAT-22409,Fabales,Fabaceae,Cratylia,argentea,Cratylia argentea,Shrub_Trees,24,92.86428143,11.36751052,88.63248948,19.1435264,30.9802417,56.4329839
3,110,Genetic bank,F25-1690,CIAT-22409,Fabales,Fabaceae,Cratylia,argentea,Cratylia argentea,Shrub_Trees,24,92.99280288,11.40205307,88.59794693,19.03651776,29.98225023,55.36034153
3,111,Genetic bank,F25-1691,CIAT-22692,Fabales,Fabaceae,Lablab,purpureus,Lablab purpureus,Herbaceous_legumes,24,92.17156569,7.314267831,92.68573217,25.29868124,25.65925088,44.03638142
3,112,Genetic bank,F25-1691,CIAT-22692,Fabales,Fabaceae,Lablab,purpureus,Lablab purpureus,Herbaceous_legumes,24,92.36229131,7.465224791,92.53477521,25.29868124,22.86081715,41.4507655
3,113,Genetic bank,F25-1692,CIAT-23715,Fabales,Fabaceae,Desmodium,sequax,Desmodium sequax,Shrub_Trees,24,93.76374175,5.199855362,94.80014464,16.813217,58.10429458,64.69971686
3,114,Genetic bank,F25-1692,CIAT-23715,Fabales,Fabaceae,Desmodium,sequax,Desmodium sequax,Shrub_Trees,24,93.82123575,5.233913996,94.766086,16.813217,60.17266582,66.13655172
3,115,Genetic bank,F25-1693,CIAT-23746,Fabales,Fabaceae,Codariocalyx,gyroides,Codariocalyx gyroides,Shrub_Trees,24,93.77124575,6.882935393,93.11706461,18.87599604,41.54960311,55.31609704
3,116,Genetic bank,F25-1693,CIAT-23746,Fabales,Fabaceae,Codariocalyx,gyroides,Codariocalyx gyroides,Shrub_Trees,24,93.90182945,6.882247306,93.11775269,18.87599604,39.45178704,57.88443161
3,117,Genetic bank,F25-1694,CIAT-23985,Fabales,Fabaceae,Desmodium,velutinum,Desmodium velutinum,Shrub_Trees,24,95.10048995,12.03047019,87.96952981,18.34068238,24.66270241,39.75223693
3,118,Genetic bank,F25-1694,CIAT-23985,Fabales,Fabaceae,Desmodium,velutinum,Desmodium velutinum,Shrub_Trees,24,95.23047695,12.05148411,87.94851589,18.34068238,25.07543419,39.65466464
3,119,Genetic bank,F25-1695,CIAT-32265,Fabales,Fabaceae,Chamaecrista,diphylla,Chamaecrista diphylla,Herbaceous_legumes,24,95.76,8.068402546,91.93159745,17.04227797,37.34095933,54.2817187
3,120,Genetic bank,F25-1695,CIAT-32265,Fabales,Fabaceae,Chamaecrista,diphylla,Chamaecrista diphylla,Herbaceous_legumes,24,95.85165934,8.013008451,91.98699155,17.04227797,38.62086841,52.23734236
3,121,Genetic bank,F25-1696,CIAT-33070,Fabales,Fabaceae,Desmodium,oblongum,Desmodium oblongum,Shrub_Trees,24,96.01,10.0108752,89.9891248,16.08644516,39.02928157,54.61927237
3,122,Genetic bank,F25-1696,CIAT-33070,Fabales,Fabaceae,Desmodium,oblongum,Desmodium oblongum,Shrub_Trees,24,95.98120564,10.02870088,89.97129912,16.08644516,39.65967139,53.73848065
3,123,Genetic bank,F25-1697,CIAT-33079,Fabales,Fabaceae,Desmodium,oblongum,Desmodium oblongum,Shrub_Trees,24,95.6117553,10.481287,89.518713,18.2657918,29.01546471,47.09665479
3,124,Genetic bank,F25-1697,CIAT-33079,Fabales,Fabaceae,Desmodium,oblongum,Desmodium oblongum,Shrub_Trees,24,95.70042996,10.53669643,89.46330357,18.2657918,28.7884583,44.82897014
3,125,Genetic bank,F25-1698,CIAT-33131,Fabales,Fabaceae,Codariocalyx,gyroides,Codariocalyx gyroides,Shrub_Trees,24,94.82,6.906620295,93.09337971,17.67105206,40.6832769,55.22776158
3,126,Genetic bank,F25-1698,CIAT-33131,Fabales,Fabaceae,Codariocalyx,gyroides,Codariocalyx gyroides,Shrub_Trees,24,94.85308815,6.902478808,93.09752119,17.67105206,41.54025411,56.8688236
3,127,Genetic bank,F25-1699,CIAT-33195,Fabales,Fabaceae,Dalea,carthagenensis,Dalea carthagenensis,Herbaceous_legumes,24,95.68043196,6.310000876,93.68999912,16.46952677,23.28306389,44.21996024
3,128,Genetic bank,F25-1699,CIAT-33195,Fabales,Fabaceae,Dalea,carthagenensis,Dalea carthagenensis,Herbaceous_legumes,24,95.74255447,6.567892791,93.43210721,16.46952677,23.67493878,42.936327
3,129,Genetic bank,F25-1700,CIAT-43055,Fabales,Fabaceae,Desmodium,discolor,Desmodium discolor,Herbaceous_legumes,24,94.75209916,8.992126422,91.00787358,27.97875246,21.98323896,41.98171086
3,130,Genetic bank,F25-1700,CIAT-43055,Fabales,Fabaceae,Desmodium,discolor,Desmodium discolor,Herbaceous_legumes,24,94.8935745,9.042123699,90.9578763,28.06013055,22.91375263,44.16563516
3,131,LMF,F25-0017,Hohenheimer-Heustandard,,,Hohenheimer,Heustandard,Hohenheimer Heustandard,,23,91.34432784,9.990152095,90.0098479,0,0,0
3,131,LMF,F25-0017,Hohenheimer-Heustandard,,,Hohenheimer,Heustandard,Hohenheimer Heustandard,,24,91.34432784,9.990152095,90.0098479,0,0,0
3,131,LMF,F25-0017,Hohenheimer-Heustandard,,,,,Hohenheimer Heustandard,,25,91.34432784,9.990152095,90.0098479,0,0,0
3,132,LMF,F25-0017,Hohenheimer-Heustandard,,,Hohenheimer,Heustandard,Hohenheimer Heustandard,,23,91.32173565,10.12699803,89.87300197,0,0,0
3,132,LMF,F25-0017,Hohenheimer-Heustandard,,,Hohenheimer,Heustandard,Hohenheimer Heustandard,,24,91.32173565,10.12699803,89.87300197,0,0,0
3,132,LMF,F25-0017,Hohenheimer-Heustandard,,,,,Hohenheimer Heustandard,,25,91.32173565,10.12699803,89.87300197,0,0,0
3,133,LMF,F25-0008,Sample-8,,,Cynodon,nlemfuensis ,Cynodon nlemfuensis ,,23,93.64063594,11.33,88.67058195,0,0,0
3,133,LMF,F25-0008,Sample-8,,,Cynodon,nlemfuensis ,Cynodon nlemfuensis ,,24,93.64063594,11.33,88.67058195,0,0,0
3,133,LMF,F25-0008,Sample-8,,,Cynodon,nlemfuensis ,Cynodon nlemfuensis ,,25,93.64063594,11.33,88.67058195,0,0,0
3,133,LMF,F25-0008,Sample-8,,,Cynodon, nlemfuensis ,Cynodon nlemfuensis ,,26,93.64063594,11.33,88.67058195,0,0,0
3,134,LMF,F25-0008,Sample-8,,,Cynodon,nlemfuensis ,Cynodon nlemfuensis ,,23,93.82123575,11.5,88.50170503,0,0,0
3,134,LMF,F25-0008,Sample-8,,,Cynodon,nlemfuensis ,Cynodon nlemfuensis ,,24,93.82123575,11.5,88.50170503,0,0,0
3,134,LMF,F25-0008,Sample-8,,,Cynodon,nlemfuensis ,Cynodon nlemfuensis ,,25,93.82123575,11.5,88.50170503,0,0,0
3,134,LMF,F25-0008,Sample-8,,,Cynodon, nlemfuensis ,Cynodon nlemfuensis ,,26,93.82123575,11.5,88.50170503,0,0,0
3,135,Benchmark,F25-2136,CIAT-6962-Mombaza-Ex,Poales,Poaceae,Megathyrsus ,maximus,Megathyrsus maximus,Grass,25,96.92184689,12.06247745,87.93752255,0,37.86377705,69.12975235
3,136,Benchmark,F25-2136,CIAT-6962-Mombaza-Ex,Poales,Poaceae,Megathyrsus ,maximus,Megathyrsus maximus,Grass,25,96.9518289,11.99030878,88.00969122,0,37.79988862,68.45853645
3,137,Benchmark,F25-2137,CIAT-606-Basilisk-Opt,Poales,Poaceae,Brachiaria,interespecifico,Brachiaria interespecifico,Grass,25,96.70032997,10.74435663,89.25564337,5.233264588,30.94339318,62.19319958
3,138,Benchmark,F25-2137,CIAT-606-Basilisk-Opt,Poales,Poaceae,Brachiaria,interespecifico,Brachiaria interespecifico,Grass,25,96.87031297,10.44475438,89.55524562,5.276497987,31.58890653,62.74697079
3,139,Benchmark,F25-2138,CIAT-6294-Marandu-Opt,Poales,Poaceae,Brachiaria,interespecifico,Brachiaria interespecifico ,Grass,25,96.07196402,11.35559613,88.64440387,8.59396902,32.06626398,64.31258378
3,140,Benchmark,F25-2138,CIAT-6294-Marandu-Opt,Poales,Poaceae,Brachiaria,interespecifico,Brachiaria interespecifico ,Grass,25,96.16,11.23642476,88.76357524,8.405296596,32.6764607,64.93713016
3,141,Benchmark,F25-2139,CIAT-36087-MulatoII-Opt,Poales,Poaceae,Brachiaria,interespecifico,Brachiaria interespecifico,Grass,25,96.97151424,11.51551858,88.48448142,7.711576656,28.98832437,58.62142309
3,142,Benchmark,F25-2139,CIAT-36087-MulatoII-Opt,Poales,Poaceae,Brachiaria,interespecifico,Brachiaria interespecifico,Grass,25,96.93061388,11.58084706,88.41915294,7.472339535,29.88957654,59.83167972
3,143,Benchmark,F25-2140,CIAT-6133-Llanero-Opt,Poales,Poaceae,Brachiaria,humidicola,Brachiaria humidicola,Grass,25,97.32,12.96846035,87.03153965,10.3571472,30.85190064,64.02927966
3,144,Benchmark,F25-2140,CIAT-6133-Llanero-Opt,Poales,Poaceae,Brachiaria,humidicola,Brachiaria humidicola,Grass,25,97.46025397,13.15196881,86.84803119,10.3111096,31.11478204,64.22036196
3,145,Benchmark,F25-2141,CIAT-6962-Mombaza-Opt,Poales,Poaceae,Megathyrsus ,maximus,Megathyrsus maximus ,Grass,25,97.50024998,12.37563247,87.62436753,9.516927232,32.61553164,64.95567797
3,146,Benchmark,F25-2141,CIAT-6962-Mombaza-Opt,Poales,Poaceae,Megathyrsus ,maximus,Megathyrsus maximus ,Grass,25,97.54098361,12.10541758,87.89458242,9.406082841,33.31357727,65.88949575
3,147,Benchmark,F25-2566,Paja-Sabana-Madura,Poales,Poaceae,,,,Grass,25,92.41075892,7.304039123,92.69596088,7.088053565,46.45504982,78.93818278
3,148,Benchmark,F25-2566,Paja-Sabana-Madura,Poales,Poaceae,,,,Grass,25,92.4,7.34805705,92.65194295,7.323623042,45.84957068,76.97657383
3,149,Benchmark,F25-2567,Humidicola-679,Poales,Poaceae,Urochloa,humidicola,Urochloa humidicola,Grass,25,92.21389305,6.002592416,93.99740758,5.979910186,43.09982027,80.94822765
3,150,Benchmark,F25-2567,Humidicola-679,Poales,Poaceae,Urochloa,humidicola,Urochloa humidicola,Grass,25,92.28077192,6.145904606,93.85409539,6.051001425,44.61206996,82.81717242
3,151,Benchmark,F25-2568,Sabana-Quemada,Poales,Poaceae,,,,Grass,25,93.75374775,11.39048531,88.60951469,2.29074845,51.04375622,78.63735444
3,152,Benchmark,F25-2568,Sabana-Quemada,Poales,Poaceae,,,,Grass,25,93.48325837,11.39162379,88.60837621,2.283021015,48.27991085,77.02451491
3,153,Genetic bank,F24-3548,CIAT-2783,Fabales,Fabaceae,Stylosanthes,humilis,Stylosanthes humilis,Herbaceous_legumes,25,89.80305908,10.11423239,89.88576761,4.055548602,31.10006232,49.93660615
3,154,Genetic bank,F24-3548,CIAT-2783,Fabales,Fabaceae,Stylosanthes,humilis,Stylosanthes humilis,Herbaceous_legumes,25,89.69206159,10.10410348,89.89589652,4.085688827,31.49852885,49.35950353
3,155,Genetic bank,F24-3549,CIAT-10440,Fabales,Fabaceae,Stylosanthes,humilis,Stylosanthes humilis,Herbaceous_legumes,25,90.2509749,11.72305514,88.27694486,17.78325823,31.24625668,52.05369224
3,156,Genetic bank,F24-3549,CIAT-10440,Fabales,Fabaceae,Stylosanthes,humilis,Stylosanthes humilis,Herbaceous_legumes,25,90.23,12.08991696,87.91008304,17.78325823,31.49043116,51.49097562
3,157,Genetic bank,F24-3550,CIAT-10613,Fabales,Fabaceae,Stylosanthes,scabra,Stylosanthes scabra,Herbaceous_legumes,25,92.82287085,8.92611321,91.07388679,19.4411267,45.358954,59.70617907
3,158,Genetic bank,F24-3550,CIAT-10613,Fabales,Fabaceae,Stylosanthes,scabra,Stylosanthes scabra,Herbaceous_legumes,25,92.85,6.861530143,93.13846986,19.4411267,47.06857275,59.31905266
3,159,Genetic bank,F24-3551,CIAT-10627,Fabales,Fabaceae,Stylosanthes,scabra,Stylosanthes scabra,Herbaceous_legumes,25,93.35,13.71721321,86.28278679,15.96040922,39.45479194,58.35505896
3,160,Genetic bank,F24-3551,CIAT-10627,Fabales,Fabaceae,Stylosanthes,scabra,Stylosanthes scabra,Herbaceous_legumes,25,93.42263095,13.71172852,86.28827148,15.96040922,39.7289378,56.63666224
3,161,Genetic bank,F24-3552,CIAT-10634,Fabales,Fabaceae,Stylosanthes,scabra,Stylosanthes scabra,Herbaceous_legumes,25,92.91,10.52461836,89.47538164,11.82940985,33.72865462,57.2811761
3,162,Genetic bank,F24-3552,CIAT-10634,Fabales,Fabaceae,Stylosanthes,scabra,Stylosanthes scabra,Herbaceous_legumes,25,93.13,10.599871,89.400129,11.82940985,33.45600945,56.69545701
3,163,Genetic bank,F24-3553,CIAT-10639,Fabales,Fabaceae,Stylosanthes,scabra,Stylosanthes scabra,Herbaceous_legumes,25,93.19,11.25536481,88.74463519,15.7419787,35.55480029,54.97199008
3,164,Genetic bank,F24-3553,CIAT-10639,Fabales,Fabaceae,Stylosanthes,scabra,Stylosanthes scabra,Herbaceous_legumes,25,93.21,10.91201717,89.08798283,15.7419787,34.5339845,52.90663325
3,165,Genetic bank,F24-3554,CIAT-10725,Fabales,Fabaceae,Stylosanthes,scabra,Stylosanthes scabra,Herbaceous_legumes,25,92.41227632,11.44783309,88.55216691,15.71943231,40.30334159,58.24573888
3,166,Genetic bank,F24-3554,CIAT-10725,Fabales,Fabaceae,Stylosanthes,scabra,Stylosanthes scabra,Herbaceous_legumes,25,92.37076292,11.65574844,88.34425156,15.71943231,41.87903418,59.36724757
3,167,Genetic bank,F24-3555,CIAT-11199,Fabales,Fabaceae,Stylosanthes,hamata,Stylosanthes hamata,Herbaceous_legumes,25,91.73248026,8.699477626,91.30052237,15.00091825,36.49417764,57.1970024
3,168,Genetic bank,F24-3555,CIAT-11199,Fabales,Fabaceae,Stylosanthes,hamata,Stylosanthes hamata,Herbaceous_legumes,25,91.90161968,8.841904992,91.15809501,15.00091825,36.11531634,59.36102501
3,169,Genetic bank,F24-3556,CIAT-11215,Fabales,Fabaceae,Stylosanthes,hamata,Stylosanthes hamata,Herbaceous_legumes,25,92.88,10.48439182,89.51560818,14.80076413,28.43807975,54.30137458
3,170,Genetic bank,F24-3556,CIAT-11215,Fabales,Fabaceae,Stylosanthes,hamata,Stylosanthes hamata,Herbaceous_legumes,25,92.92,10.55974166,89.44025834,14.80076413,27.30742426,50.75264587
3,171,Genetic bank,F24-3557,CIAT-11220,Fabales,Fabaceae,Stylosanthes,hamata,Stylosanthes hamata,Herbaceous_legumes,25,91.84081592,8.412652748,91.58734725,18.30888052,25.67973267,55.61370624
3,172,Genetic bank,F24-3557,CIAT-11220,Fabales,Fabaceae,Stylosanthes,hamata,Stylosanthes hamata,Herbaceous_legumes,25,91.91161768,8.433575717,91.56642428,18.30888052,26.94573244,58.29340512
3,173,Genetic bank,F24-3558,CIAT-11232,Fabales,Fabaceae,Stylosanthes,hamata,Stylosanthes hamata,Herbaceous_legumes,25,91.22087791,7.310425274,92.68957473,17.36776998,34.31355844,54.27373961
3,174,Genetic bank,F24-3558,CIAT-11232,Fabales,Fabaceae,Stylosanthes,hamata,Stylosanthes hamata,Herbaceous_legumes,25,91.24,7.32211757,92.67788243,17.36776998,34.95786124,54.13347738
3,175,Genetic bank,F24-3559,CIAT-11313,Fabales,Fabaceae,Stylosanthes,guianensis,Stylosanthes guianensis,Herbaceous_legumes,25,92.11,11.55280718,88.44719282,15.08813852,38.48584936,55.72613235
3,176,Genetic bank,F24-3559,CIAT-11313,Fabales,Fabaceae,Stylosanthes,guianensis,Stylosanthes guianensis,Herbaceous_legumes,25,92.26077392,11.51911215,88.48088785,15.08813852,39.16068084,56.20183527
3,177,Genetic bank,F24-3560,CIAT-11417,Fabales,Fabaceae,Stylosanthes,guianensis,Stylosanthes guianensis,Herbaceous_legumes,25,91.48170366,11.93170767,88.06829233,14.93631922,41.32332356,57.71167596
3,178,Genetic bank,F24-3560,CIAT-11417,Fabales,Fabaceae,Stylosanthes,guianensis,Stylosanthes guianensis,Herbaceous_legumes,25,91.52339064,12.19150519,87.80849481,14.93631922,41.63203801,56.74075483
3,179,Genetic bank,F24-3561,CIAT-11624,Fabales,Fabaceae,Stylosanthes,humilis,Stylosanthes humilis,Herbaceous_legumes,25,92.03,12.04905705,87.95094295,12.26457661,33.92655369,56.3179606
3,180,Genetic bank,F24-3561,CIAT-11624,Fabales,Fabaceae,Stylosanthes,humilis,Stylosanthes humilis,Herbaceous_legumes,25,92.05079492,12.03698856,87.96301144,12.26457661,33.53378972,53.44333665
3,181,Genetic bank,F24-3562,CIAT-11690,Fabales,Fabaceae,Stylosanthes,humilis,Stylosanthes humilis,Herbaceous_legumes,25,91.04,12.3628343,87.6371657,15.6237236,33.91666319,54.57110674
3,182,Genetic bank,F24-3562,CIAT-11690,Fabales,Fabaceae,Stylosanthes,humilis,Stylosanthes humilis,Herbaceous_legumes,25,90.31,13.41053212,86.58946788,15.6237236,33.11052362,54.08506308
3,183,Genetic bank,F24-3563,CIAT-11762,Fabales,Fabaceae,Stylosanthes,hamata,Stylosanthes hamata,Herbaceous_legumes,25,90.65186963,7.969178081,92.03082192,16.73097066,39.51782231,57.93619465
3,184,Genetic bank,F24-3563,CIAT-11762,Fabales,Fabaceae,Stylosanthes,hamata,Stylosanthes hamata,Herbaceous_legumes,25,90.76092391,8.146350574,91.85364943,16.73097066,40.09159782,59.51552365
3,185,Genetic bank,F24-3564,CIAT-11778,Fabales,Fabaceae,Stylosanthes,hamata,Stylosanthes hamata,Herbaceous_legumes,25,91.94161168,8.612617363,91.38738264,15.948572,26.82255337,53.88886015
3,186,Genetic bank,F24-3564,CIAT-11778,Fabales,Fabaceae,Stylosanthes,hamata,Stylosanthes hamata,Herbaceous_legumes,25,92.17,8.549162031,91.45083797,15.948572,25.71750744,54.53584203
3,187,Genetic bank,F24-3565,CIAT-11784,Fabales,Fabaceae,Stylosanthes,hamata,Stylosanthes hamata,Herbaceous_legumes,25,92.20077992,8.742281443,91.25771856,16.98998622,35.05749648,58.07859794
3,188,Genetic bank,F24-3565,CIAT-11784,Fabales,Fabaceae,Stylosanthes,hamata,Stylosanthes hamata,Herbaceous_legumes,25,92.40075992,8.547286318,91.45271368,16.98998622,36.76114368,60.70632222
3,189,Genetic bank,F24-3566,CIAT-11820,Fabales,Fabaceae,Stylosanthes,scabra,Stylosanthes scabra,Herbaceous_legumes,25,91.72082792,9.268678957,90.73132104,16.92081178,31.61176221,53.22390107
3,190,Genetic bank,F24-3566,CIAT-11820,Fabales,Fabaceae,Stylosanthes,scabra,Stylosanthes scabra,Herbaceous_legumes,25,91.89,12.99487632,87.00512368,16.88618505,31.14419337,52.56462172
3,191,Genetic bank,F24-3567,CIAT-12042,Fabales,Fabaceae,Stylosanthes,humilis,Stylosanthes humilis,Herbaceous_legumes,25,91.25087491,14.62419946,85.37580054,18.05508462,31.69802268,53.88658337
3,192,Genetic bank,F24-3567,CIAT-12042,Fabales,Fabaceae,Stylosanthes,humilis,Stylosanthes humilis,Herbaceous_legumes,25,91.44171166,15.542131,84.457869,18.05508462,31.08405347,53.73959026
3,193,LMF-invivo,Dieta-1_Exp1,Dieta-1-Exp-1,,,Dieta 1_Exp1,Dieta 1_Exp1,Dieta 1_Exp1,,25,89,9.5,89.53,17.67538478,35.48,71.52
3,194,LMF-invivo,Dieta-1_Exp1,Dieta-1-Exp-1,,,Dieta 1_Exp1,Dieta 1_Exp1,Dieta 1_Exp1,,25,89,9.5,89.53,17.67538478,35.48,71.52
3,195,LMF-invivo,Dieta-2_Exp1,Dieta-2-Exp-1,,,Dieta 2_Exp1,Dieta 2_Exp1,Dieta 2_Exp1,,25,89,9.1,89.58,13.79,33.91,67.86
3,196,LMF-invivo,Dieta-2_Exp1,Dieta-2-Exp-1,,,Dieta 2_Exp1,Dieta 2_Exp1,Dieta 2_Exp1,,25,89,9.1,89.58,13.79,33.91,67.86
3,197,LMF,F25-0017,Hohenheimer-Heustandard,,,Hohenheimer,Heustandard,Hohenheimer Heustandard,,23,91.34432784,9.990152095,90.0098479,13.29,0,0
3,197,LMF,F25-0017,Hohenheimer-Heustandard,,,Hohenheimer,Heustandard,Hohenheimer Heustandard,,24,91.34432784,9.990152095,90.0098479,13.29,0,0
3,197,LMF,F25-0017,Hohenheimer-Heustandard,,,,,Hohenheimer Heustandard,,25,91.34432784,9.990152095,90.0098479,13.29,0,0
3,198,LMF,F25-0017,Hohenheimer-Heustandard,,,Hohenheimer,Heustandard,Hohenheimer Heustandard,,23,91.32173565,10.12699803,89.87300197,13.29,0,0
3,198,LMF,F25-0017,Hohenheimer-Heustandard,,,Hohenheimer,Heustandard,Hohenheimer Heustandard,,24,91.32173565,10.12699803,89.87300197,13.29,0,0
3,198,LMF,F25-0017,Hohenheimer-Heustandard,,,,,Hohenheimer Heustandard,,25,91.32173565,10.12699803,89.87300197,13.29,0,0
3,199,LMF,F25-0008,Sample-8,,,Cynodon,nlemfuensis ,Cynodon nlemfuensis ,,23,93.64063594,11.33,88.67058195,0,0,0
3,199,LMF,F25-0008,Sample-8,,,Cynodon,nlemfuensis ,Cynodon nlemfuensis ,,24,93.64063594,11.33,88.67058195,0,0,0
3,199,LMF,F25-0008,Sample-8,,,Cynodon,nlemfuensis ,Cynodon nlemfuensis ,,25,93.64063594,11.33,88.67058195,0,0,0
3,199,LMF,F25-0008,Sample-8,,,Cynodon, nlemfuensis ,Cynodon nlemfuensis ,,26,93.64063594,11.33,88.67058195,0,0,0
3,200,LMF,F25-0008,Sample-8,,,Cynodon,nlemfuensis ,Cynodon nlemfuensis ,,23,93.82123575,11.5,88.50170503,0,0,0
3,200,LMF,F25-0008,Sample-8,,,Cynodon,nlemfuensis ,Cynodon nlemfuensis ,,24,93.82123575,11.5,88.50170503,0,0,0
3,200,LMF,F25-0008,Sample-8,,,Cynodon,nlemfuensis ,Cynodon nlemfuensis ,,25,93.82123575,11.5,88.50170503,0,0,0
3,200,LMF,F25-0008,Sample-8,,,Cynodon, nlemfuensis ,Cynodon nlemfuensis ,,26,93.82123575,11.5,88.50170503,0,0,0
3,201,LMF,F25-0008,Sample-8,,,Cynodon,nlemfuensis ,Cynodon nlemfuensis ,,23,93.64063594,11.33,88.67058195,0,0,0
3,201,LMF,F25-0008,Sample-8,,,Cynodon,nlemfuensis ,Cynodon nlemfuensis ,,24,93.64063594,11.33,88.67058195,0,0,0
3,201,LMF,F25-0008,Sample-8,,,Cynodon,nlemfuensis ,Cynodon nlemfuensis ,,25,93.64063594,11.33,88.67058195,0,0,0
3,201,LMF,F25-0008,Sample-8,,,Cynodon, nlemfuensis ,Cynodon nlemfuensis ,,26,93.64063594,11.33,88.67058195,0,0,0
3,202,LMF,F25-0008,Sample-8,,,Cynodon,nlemfuensis ,Cynodon nlemfuensis ,,23,93.82123575,11.5,88.50170503,0,0,0
3,202,LMF,F25-0008,Sample-8,,,Cynodon,nlemfuensis ,Cynodon nlemfuensis ,,24,93.82123575,11.5,88.50170503,0,0,0
3,202,LMF,F25-0008,Sample-8,,,Cynodon,nlemfuensis ,Cynodon nlemfuensis ,,25,93.82123575,11.5,88.50170503,0,0,0
3,202,LMF,F25-0008,Sample-8,,,Cynodon, nlemfuensis ,Cynodon nlemfuensis ,,26,93.82123575,11.5,88.50170503,0,0,0
3,203,Benchmark,F25-2624,CIAT-6294-Marandu-Exc,Poales,Poaceae,Urochloa, interespecifico,Urochloa interespecifico,Grass,26,96.08039196,10.35452673,89.64547327,12.81540684,30.57595105,63.58882866
3,204,Benchmark,F25-2624,CIAT-6294-Marandu-Exc,Poales,Poaceae,Urochloa, interespecifico,Urochloa interespecifico,Grass,26,96.28,10.25159067,89.74840933,12.77470423,30.35768132,63.21004079
3,205,Benchmark,F25-2625,CIAT-36087-MulatoII-Exc,Poales,Poaceae,Urochloa, interespecifico,Urochloa interespecifico,Grass,26,96.9518289,10.47705443,89.52294557,12.56130524,29.54307318,63.44384941
3,206,Benchmark,F25-2625,CIAT-36087-MulatoII-Exc,Poales,Poaceae,Urochloa, interespecifico,Urochloa interespecifico,Grass,26,97.07029297,10.17308027,89.82691973,12.39935672,29.19868727,62.54501855
3,207,Benchmark,F25-2626,CIAT-606-Basilisk-Exc,Poales,Poaceae,Urochloa, interespecifico,Urochloa interespecifico,Grass,26,96.88187088,9.480640983,90.51935902,11.78358852,30.7548803,66.15510635
3,208,Benchmark,F25-2626,CIAT-606-Basilisk-Exc,Poales,Poaceae,Urochloa, interespecifico,Urochloa interespecifico,Grass,26,96.87062587,9.432830563,90.56716944,11.862879,29.83772045,64.48935361
3,209,Benchmark,F25-2627,BR-02-1752-Cayman-Exc,Poales,Poaceae,Urochloa, interespecifico,Urochloa interespecifico,Grass,26,96.6,17.22960416,82.77039584,10.93139136,29.51361496,59.67263734
3,210,Benchmark,F25-2627,BR-02-1752-Cayman-Exc,Poales,Poaceae,Urochloa, interespecifico,Urochloa interespecifico,Grass,26,96.6719968,17.18824688,82.81175312,10.93343348,29.78723106,59.85554921
3,211,Benchmark,F25-2628,BR-06-423-Cayman-Exc,Poales,Poaceae,Urochloa, interespecifico,Urochloa interespecifico,Grass,26,96.57,10.41682998,89.58317002,13.91473526,29.82243235,61.75201956
3,212,Benchmark,F25-2628,BR-06-423-Cayman-Exc,Poales,Poaceae,Urochloa, interespecifico,Urochloa interespecifico,Grass,26,96.77096871,10.43438851,89.56561149,13.82417766,29.0849708,61.44180824
3,213,Breeding,F25-2629,CIAT-20692,Fabales,Fabaceae,Clitoria ,ternatea,Clitoria ternatea ,Herbaceous_legumes,26,95.49180328,8.664773788,91.33522621,27.22199798,30.6828915,53.1292052
3,214,Breeding,F25-2629,CIAT-20692,Fabales,Fabaceae,Clitoria ,ternatea,Clitoria ternatea ,Herbaceous_legumes,26,95.55044496,8.73018001,91.26981999,26.87770392,29.72559683,52.85646753
3,215,Breeding,F25-2630,CIAT-20692,Fabales,Fabaceae,Clitoria ,ternatea,Clitoria ternatea ,Herbaceous_legumes,26,93.89061094,7.423112927,92.57688707,23.44936461,29.29073261,49.84947921
3,216,Breeding,F25-2630,CIAT-20692,Fabales,Fabaceae,Clitoria ,ternatea,Clitoria ternatea ,Herbaceous_legumes,26,93.88244702,7.261183436,92.73881656,24.07881971,28.77103081,49.42450773
3,217,Breeding,F25-2631,CIAT-17768,Fabales,Fabaceae,Clitoria ,ternatea,Clitoria ternatea ,Herbaceous_legumes,26,92.81143771,7.616364546,92.38363545,24.73813252,33.60357368,54.11248908
3,218,Breeding,F25-2631,CIAT-17768,Fabales,Fabaceae,Clitoria ,ternatea,Clitoria ternatea ,Herbaceous_legumes,26,92.80431741,7.742541663,92.25745834,24.5087922,32.08954235,55.91050524
3,219,Breeding,F25-2632,CIAT-17768,Fabales,Fabaceae,Clitoria ,ternatea,Clitoria ternatea ,Herbaceous_legumes,26,93.46196141,7.829377709,92.17062229,26.08054842,29.13530131,48.79029556
3,220,Breeding,F25-2632,CIAT-17768,Fabales,Fabaceae,Clitoria ,ternatea,Clitoria ternatea ,Herbaceous_legumes,26,93.47,7.703337563,92.29666244,25.99286716,27.92505625,46.6236844
3,221,Breeding,F25-2633,CIAT-712,Fabales,Fabaceae,Clitoria ,ternatea,Clitoria ternatea ,Herbaceous_legumes,26,95.13,8.401197281,91.59880272,26.19869808,32.1612832,52.38009466
3,222,Breeding,F25-2633,CIAT-712,Fabales,Fabaceae,Clitoria ,ternatea,Clitoria ternatea ,Herbaceous_legumes,26,95.0809838,8.441567527,91.55843247,26.0977117,32.50629081,52.53115232
3,223,Breeding,F25-2634,CIAT-712,Fabales,Fabaceae,Clitoria ,ternatea,Clitoria ternatea ,Herbaceous_legumes,26,91.31086891,7.165380339,92.83461966,20.0349409,34.4972745,51.88354333
3,224,Breeding,F25-2634,CIAT-712,Fabales,Fabaceae,Clitoria ,ternatea,Clitoria ternatea ,Herbaceous_legumes,26,91.21527084,7.128947504,92.8710525,20.09323354,32.8984901,48.89844964
3,225,Breeding,F25-2635,CIAT-9432,Fabales,Fabaceae,Clitoria ,ternatea,Clitoria ternatea ,Herbaceous_legumes,26,96.38,8.387817295,91.61218271,24.24979186,34.91776872,56.83156237
3,226,Breeding,F25-2635,CIAT-9432,Fabales,Fabaceae,Clitoria ,ternatea,Clitoria ternatea ,Herbaceous_legumes,26,96.28037196,8.490777837,91.50922216,24.30683715,35.65159534,59.271898
3,227,Breeding,F25-2636,CIAT-9432,Fabales,Fabaceae,Clitoria ,ternatea,Clitoria ternatea ,Herbaceous_legumes,26,94.35282359,6.85613322,93.14386678,19.63905813,35.76739675,49.88292119
3,228,Breeding,F25-2636,CIAT-9432,Fabales,Fabaceae,Clitoria ,ternatea,Clitoria ternatea ,Herbaceous_legumes,26,94.58054195,7.155246558,92.84475344,19.36909757,34.19281524,50.48627152
3,229,Breeding,F25-2637,CIAT-17462,Fabales,Leguminosae,Leucaena ,leucocephala ,Leucaena leucocephala ,Shrub_Trees,26,92.6114777,6.940499259,93.05950074,29.88775894,38.6732834,58.55672921
3,230,Breeding,F25-2637,CIAT-17462,Fabales,Leguminosae,Leucaena ,leucocephala ,Leucaena leucocephala ,Shrub_Trees,26,92.64073593,6.811653086,93.18834691,29.84314365,39.59390688,56.47207805
3,231,Breeding,F25-2638,nan,Asterales,Compositae,Tithonia ,diversifolia ,Tithonia diversifolia,Shrub_Trees,26,92.22388806,17.6900981,82.3099019,16.50953845,28.33401517,42.18083602
3,232,Breeding,F25-2638,nan,Asterales,Compositae,Tithonia ,diversifolia ,Tithonia diversifolia,Shrub_Trees,26,92.19390305,17.72261666,82.27738334,16.54964653,28.38643471,42.3084164
3,233,Breeding,F25-2639,nan,Fabales,Fabaceae,Gliricidia  ,sepium,Gliricidia sepium ,Shrub_Trees,26,88.90665601,10.82001841,89.17998159,22.53378675,19.09963007,39.34867028
3,234,Breeding,F25-2639,nan,Fabales,Fabaceae,Gliricidia  ,sepium,Gliricidia sepium ,Shrub_Trees,26,88.99,10.80402546,89.19597454,22.51709305,20.03324883,42.17018241
3,235,LMF-invivo,Dieta-1_Exp2,Dieta-1-Exp-2,,,Dieta 1_Exp2,Dieta 1_Exp2,Dieta 1_Exp2,,26,89,9.5,89.53,0,0,0
3,236,LMF-invivo,Dieta-1_Exp2,Dieta-1-Exp-2,,,Dieta 1_Exp2,Dieta 1_Exp2,Dieta 1_Exp2,,26,89,9.5,89.53,0,0,0
3,237,LMF-invivo,Dieta-2_Exp2,Dieta-2-Exp-2,,,Dieta 2_Exp2,Dieta 2_Exp2,Dieta 2_Exp2,,26,89,9.1,89.58,0,0,0
3,238,LMF-invivo,Dieta-2_Exp2,Dieta-2-Exp-2,,,Dieta 2_Exp2,Dieta 2_Exp2,Dieta 2_Exp2,,26,89,9.1,89.58,0,0,0
3,239,Genetic bank,F24-3568,CIAT-12115,Fabales,Fabaceae,Stylosanthes,humilis,Stylosanthes humilis,Herbaceous_legumes,26,92.4,9.10509022,90.89490978,15.32414022,35.06593749,54.65835442
3,240,Genetic bank,F24-3568,CIAT-12115,Fabales,Fabaceae,Stylosanthes,humilis,Stylosanthes humilis,Herbaceous_legumes,26,92.5514897,8.724867624,91.27513238,15.32414022,34.35660123,56.43903036
3,241,Genetic bank,F24-3569,CIAT-12140,Fabales,Fabaceae,Stylosanthes,humilis,Stylosanthes humilis,Herbaceous_legumes,26,91.55,11.27006662,88.72993338,19.39058885,28.380861,53.46449684
3,242,Genetic bank,F24-3569,CIAT-12140,Fabales,Fabaceae,Stylosanthes,humilis,Stylosanthes humilis,Herbaceous_legumes,26,91.59,11.16086054,88.83913946,19.39058885,28.08818978,54.83809555
3,243,Genetic bank,F24-3570,CIAT-12184,Fabales,Fabaceae,Stylosanthes,humilis,Stylosanthes humilis,Herbaceous_legumes,26,92.14078592,10.22197607,89.77802393,15.38042263,25.75981408,46.83641859
3,244,Genetic bank,F24-3570,CIAT-12184,Fabales,Fabaceae,Stylosanthes,humilis,Stylosanthes humilis,Herbaceous_legumes,26,92.93212036,10.51162169,89.48837831,15.38042263,25.58105041,50.13548697
3,245,Genetic bank,F24-3571,CIAT-12202,Fabales,Fabaceae,Stylosanthes,humilis,Stylosanthes humilis,Herbaceous_legumes,26,92.5814837,10.68595175,89.31404825,18.21514073,24.87410292,47.97015418
3,246,Genetic bank,F24-3571,CIAT-12202,Fabales,Fabaceae,Stylosanthes,humilis,Stylosanthes humilis,Herbaceous_legumes,26,92.67146571,10.67515786,89.32484214,18.21514073,23.29131201,48.14743247
3,247,Genetic bank,F24-3572,CIAT-12311,Fabales,Fabaceae,Stylosanthes,guianensis,Stylosanthes guianensis,Herbaceous_legumes,26,91.67333067,15.02198652,84.97801348,16.63289803,35.04148121,52.67527835
3,248,Genetic bank,F24-3572,CIAT-12311,Fabales,Fabaceae,Stylosanthes,guianensis,Stylosanthes guianensis,Herbaceous_legumes,26,91.85081492,15.04828598,84.95171402,16.63289803,34.54240517,54.6880891
3,249,Genetic bank,F24-3573,CIAT-12381,Fabales,Fabaceae,Stylosanthes,hamata,Stylosanthes hamata,Herbaceous_legumes,26,92.2523243,13.23235332,86.76764668,17.10536308,33.29359135,56.60893353
3,250,Genetic bank,F24-3573,CIAT-12381,Fabales,Fabaceae,Stylosanthes,hamata,Stylosanthes hamata,Herbaceous_legumes,26,92.24,13.19296079,86.80703921,17.10536308,33.20684116,57.00320067
3,251,Genetic bank,F24-3574,CIAT-12374,Fabales,Fabaceae,Stylosanthes,hamata,Stylosanthes hamata,Herbaceous_legumes,26,91.27,8.407623381,91.59237662,17.41634934,30.45973111,56.96825623
3,252,Genetic bank,F24-3574,CIAT-12374,Fabales,Fabaceae,Stylosanthes,hamata,Stylosanthes hamata,Herbaceous_legumes,26,92.61073893,9.178945151,90.82105485,17.41634934,30.57751847,55.56060956
3,253,Genetic bank,F24-3575,CIAT-12457,Fabales,Fabaceae,Stylosanthes,hamata,Stylosanthes hamata,Herbaceous_legumes,26,93.63,11.84691077,88.15308923,16.95910506,28.31125958,57.25213931
3,254,Genetic bank,F24-3575,CIAT-12457,Fabales,Fabaceae,Stylosanthes,hamata,Stylosanthes hamata,Herbaceous_legumes,26,93.76062394,11.96311627,88.03688373,16.95910506,27.06610183,53.60740415
3,255,Genetic bank,F24-3576,CIAT-12462,Fabales,Fabaceae,Stylosanthes,hamata,Stylosanthes hamata,Herbaceous_legumes,26,92.4615077,9.484676576,90.51532342,19.36295011,27.16457821,59.10634175
3,256,Genetic bank,F24-3576,CIAT-12462,Fabales,Fabaceae,Stylosanthes,hamata,Stylosanthes hamata,Herbaceous_legumes,26,92.64220734,9.408117802,90.5918822,19.36295011,26.26126203,55.78740844
3,257,Genetic bank,F24-3577,CIAT-12485,Fabales,Fabaceae,Stylosanthes,scabra,Stylosanthes scabra,Herbaceous_legumes,26,94.06118776,13.11061017,86.88938983,14.59175284,30.83407709,56.53726026
3,258,Genetic bank,F24-3577,CIAT-12485,Fabales,Fabaceae,Stylosanthes,scabra,Stylosanthes scabra,Herbaceous_legumes,26,93.84061594,13.580204,86.419796,14.59175284,30.71810744,55.03309286
3,259,Genetic bank,F24-3578,CIAT-12615,Fabales,Fabaceae,Stylosanthes,guianensis,Stylosanthes guianensis,Herbaceous_legumes,26,89.78306508,10.41388533,89.58611467,14.06737697,35.9821802,54.7603639
3,260,Genetic bank,F24-3578,CIAT-12615,Fabales,Fabaceae,Stylosanthes,guianensis,Stylosanthes guianensis,Herbaceous_legumes,26,89.7310269,10.38254768,89.61745232,14.06737697,34.6482243,52.16414567
3,261,Genetic bank,F24-3579,CIAT-12686,Fabales,Fabaceae,Stylosanthes,hamata,Stylosanthes hamata,Herbaceous_legumes,26,90.94,10.2357801,89.7642199,16.00449418,33.80115551,47.42377574
3,262,Genetic bank,F24-3579,CIAT-12686,Fabales,Fabaceae,Stylosanthes,hamata,Stylosanthes hamata,Herbaceous_legumes,26,90.97090291,10.25674321,89.74325679,16.00449418,35.23146734,50.46250358
3,263,Genetic bank,F24-3580,CIAT-12710,Fabales,Fabaceae,Stylosanthes,scabra,Stylosanthes scabra,Herbaceous_legumes,26,91.68,10.74952303,89.25047697,11.49501692,38.95588039,58.26437237
3,264,Genetic bank,F24-3580,CIAT-12710,Fabales,Fabaceae,Stylosanthes,scabra,Stylosanthes scabra,Herbaceous_legumes,26,91.77,11.6653039,88.3346961,11.49501692,37.90430417,58.4861562
3,265,Genetic bank,F24-3581,CIAT-12758,Fabales,Fabaceae,Stylosanthes,guianensis,Stylosanthes guianensis,Herbaceous_legumes,26,91.36,9.466395087,90.53360491,14.95347019,33.00440393,58.26469765
3,266,Genetic bank,F24-3581,CIAT-12758,Fabales,Fabaceae,Stylosanthes,guianensis,Stylosanthes guianensis,Herbaceous_legumes,26,91.39172166,9.573918397,90.4260816,14.95347019,35.21337701,55.66886158
3,267,LMF,F25-2134,Hohenheimer-Heustandard-IAG-2025/1-S-1,Green meal , Heustandard,Hohenheimer,Heustandard,Hohenheimer Heustandard,,26,91.34432784,9.990152095,90.0098479,0,0,0
3,268,LMF,F25-2134,Hohenheimer-Heustandard-IAG-2025/1-S-1,Green meal , Heustandard,Hohenheimer,Heustandard,Hohenheimer Heustandard,,26,91.32173565,10.12699803,89.87300197,0,0,0
4,1,Genbank,F25-1728,CIAT-13262,Fabales,Fabaceae,Dendrolobium,triangulare,Dendrolobium triangulare,Shrub_Trees,27,94.90254873,8.675533642,91.32446636,18.98095108,47.87499326,61.50467768
4,2,Genbank,F25-1728,CIAT-13262,Fabales,Fabaceae,Dendrolobium,triangulare,Dendrolobium triangulare,Shrub_Trees,27,94.96201519,8.7185193,91.2814807,18.98095108,47.17136086,59.30403987
4,3,Genbank,F25-1729,CIAT-13528,Fabales,Fabaceae,Dendrolobium,lanceolatum,Dendrolobium lanceolatum,Shrub_Trees,27,95.00049995,7.585062735,92.41493727,16.89700161,48.31275422,57.21705512
4,4,Genbank,F25-1729,CIAT-13528,Fabales,Fabaceae,Dendrolobium,lanceolatum,Dendrolobium lanceolatum,Shrub_Trees,27,95.0909818,7.58430438,92.41569562,16.89700161,48.41162026,56.54204062
4,5,Genbank,F25-1730,CIAT-13529,Fabales,Fabaceae,Dendrolobium,triangulare,Dendrolobium triangulare,Shrub_Trees,27,94.30284858,6.715805626,93.28419437,18.17097604,44.49306584,61.91582388
4,6,Genbank,F25-1730,CIAT-13529,Fabales,Fabaceae,Dendrolobium,triangulare,Dendrolobium triangulare,Shrub_Trees,27,94.41111778,6.664840312,93.33515969,18.17097604,46.16317653,57.97214579
4,7,Genbank,F25-1731,CIAT-13710,Fabales,Fabaceae,Dendrolobium,lanceolatum,Dendrolobium lanceolatum,Shrub_Trees,27,94.09295352,7.549396897,92.4506031,19.13818782,53.58756689,63.79573738
4,8,Genbank,F25-1731,CIAT-13710,Fabales,Fabaceae,Dendrolobium,lanceolatum,Dendrolobium lanceolatum,Shrub_Trees,27,94.17233107,7.433341877,92.56665812,19.13818782,56.75598679,64.91826764
4,9,Genbank,F25-1732,CIAT-22004,Fabales,Fabaceae,Dendrolobium,triangulare,Dendrolobium triangulare,Shrub_Trees,27,94.18058194,6.786470532,93.21352947,17.58227963,49.28870337,62.6581936
4,10,Genbank,F25-1732,CIAT-22004,Fabales,Fabaceae,Dendrolobium,triangulare,Dendrolobium triangulare,Shrub_Trees,27,94.41111778,6.838806021,93.16119398,17.58227963,49.11756665,64.55885804
4,11,Genbank,F25-1733,CIAT-23104,Fabales,Fabaceae,Dendrolobium,triangulare,Dendrolobium triangulare,Shrub_Trees,27,92.62295082,7.035746071,92.96425393,19.39471605,55.82959129,66.32656095
4,12,Genbank,F25-1733,CIAT-23104,Fabales,Fabaceae,Dendrolobium,triangulare,Dendrolobium triangulare,Shrub_Trees,27,92.64220734,6.960904732,93.03909527,19.39471605,58.18048678,68.11249911
4,13,Genbank,F25-1734,CIAT-23106,Fabales,Fabaceae,Dendrolobium,triangulare,Dendrolobium triangulare,Shrub_Trees,27,94.50274863,6.800422386,93.19957761,21.88530889,56.17069553,68.63441637
4,14,Genbank,F25-1734,CIAT-23106,Fabales,Fabaceae,Dendrolobium,triangulare,Dendrolobium triangulare,Shrub_Trees,27,94.8025987,6.906019007,93.09398099,21.88530889,55.33127423,66.88759593
4,15,Genbank,F25-1735,CIAT-23107,Fabales,Fabaceae,Dendrolobium,triangulare,Dendrolobium triangulare,Shrub_Trees,27,94.96251874,6.839621318,93.16037868,21.24081713,51.06696558,67.34624903
4,16,Genbank,F25-1735,CIAT-23107,Fabales,Fabaceae,Dendrolobium,triangulare,Dendrolobium triangulare,Shrub_Trees,27,95.01149655,6.998857805,93.0011422,21.24081713,51.07475804,67.08730677
4,17,Genbank,F25-1736,CIAT-23108,Fabales,Fabaceae,Dendrolobium,triangulare,Dendrolobium triangulare,Shrub_Trees,27,94.47331601,6.871035941,93.12896406,21.58733126,58.3132482,69.58716574
4,18,Genbank,F25-1736,CIAT-23108,Fabales,Fabaceae,Dendrolobium,triangulare,Dendrolobium triangulare,Shrub_Trees,27,94.61323206,6.987315011,93.01268499,21.58733126,58.02157471,69.14503552
4,19,Genbank,F25-1737,CIAT-23412,Fabales,Fabaceae,Dendrolobium,triangulare,Dendrolobium triangulare,Shrub_Trees,27,94.38168549,7.238693183,92.76130682,21.25980993,49.55988298,62.08548365
4,20,Genbank,F25-1737,CIAT-23412,Fabales,Fabaceae,Dendrolobium,triangulare,Dendrolobium triangulare,Shrub_Trees,27,93.99360384,7.310798039,92.68920196,21.03447618,52.39425717,62.18684935
4,21,Genbank,F25-1738,CIAT-23413,Fabales,Fabaceae,Dendrolobium,triangulare,Dendrolobium triangulare,Shrub_Trees,27,93.17273091,7.502879142,92.49712086,21.31752628,53.27133251,65.337062
4,22,Genbank,F25-1738,CIAT-23413,Fabales,Fabaceae,Dendrolobium,triangulare,Dendrolobium triangulare,Shrub_Trees,27,93.88061194,7.494438713,92.50556129,21.31752628,55.91096055,67.11500881
4,23,Genbank,F25-1739,CIAT-23419,Fabales,Fabaceae,Dendrolobium,triangulare,Dendrolobium triangulare,Shrub_Trees,27,93.81309345,7.223065372,92.77693463,20.19491829,56.13635627,67.803578
4,24,Genbank,F25-1739,CIAT-23419,Fabales,Fabaceae,Dendrolobium,triangulare,Dendrolobium triangulare,Shrub_Trees,27,94.10176947,7.181949849,92.81805015,20.19491829,56.73249201,67.76430223
4,25,Genbank,F25-1740,CIAT-23422,Fabales,Fabaceae,Dendrolobium,triangulare,Dendrolobium triangulare,Shrub_Trees,27,91.79328269,7.08423443,92.91576557,21.67495417,52.99601533,66.23846684
4,26,Genbank,F25-1740,CIAT-23422,Fabales,Fabaceae,Dendrolobium,triangulare,Dendrolobium triangulare,Shrub_Trees,27,91.92161568,7.042113967,92.95788603,21.67495417,56.26349688,66.90774512
4,27,Genbank,F25-1741,CIAT-23734,Fabales,Fabaceae,Dendrolobium,triangulare,Dendrolobium triangulare,Shrub_Trees,27,94.63053695,7.844129164,92.15587084,21.43501368,46.54285785,61.49707875
4,28,Genbank,F25-1741,CIAT-23734,Fabales,Fabaceae,Dendrolobium,triangulare,Dendrolobium triangulare,Shrub_Trees,27,94.79156253,7.8742266,92.1257734,21.43501368,47.89634444,62.54922202
4,29,Genbank,F25-1742,CIAT-23932,Fabales,Fabaceae,Dendrolobium,triangulare,Dendrolobium triangulare,Shrub_Trees,27,95.12195122,7.292980244,92.70701976,18.84082731,48.77625445,63.45312053
4,30,Genbank,F25-1742,CIAT-23932,Fabales,Fabaceae,Dendrolobium,triangulare,Dendrolobium triangulare,Shrub_Trees,27,95.12195122,7.292980244,92.70701976,18.84082731,51.00824342,62.72901982
4,31,Genbank,F25-1743,CIAT-23933,Fabales,Fabaceae,Dendrolobium,triangulare,Dendrolobium triangulare,Shrub_Trees,27,93.64063594,7.329515172,92.67048483,17.58420593,47.91811618,63.09477967
4,32,Genbank,F25-1743,CIAT-23933,Fabales,Fabaceae,Dendrolobium,triangulare,Dendrolobium triangulare,Shrub_Trees,27,93.80185944,7.413383621,92.58661638,17.58420593,50.69885089,65.64371764
4,33,Genbank,F25-1744,CIAT-23934,Fabales,Fabaceae,Dendrolobium,triangulare,Dendrolobium triangulare,Shrub_Trees,27,94.13351989,8.161033383,91.83896662,22.61279649,42.44053698,58.9098312
4,34,Genbank,F25-1744,CIAT-23934,Fabales,Fabaceae,Dendrolobium,triangulare,Dendrolobium triangulare,Shrub_Trees,27,94.21,8.229643371,91.77035663,22.61279649,45.03347776,58.08359683
4,35,Genbank,F25-1745,CIAT-23936,Fabales,Fabaceae,Dendrolobium,triangulare,Dendrolobium triangulare,Shrub_Trees,27,94.06356186,7.745842852,92.25415715,19.26631303,48.06815266,61.64912252
4,36,Genbank,F25-1745,CIAT-23936,Fabales,Fabaceae,Dendrolobium,triangulare,Dendrolobium triangulare,Shrub_Trees,27,94.05356786,7.85209584,92.14790416,19.26631303,50.35119672,61.6620049
4,37,Genbank,F25-1746,CIAT-33119,Fabales,Fabaceae,Dendrolobium,triangulare,Dendrolobium triangulare,Shrub_Trees,27,95.21143657,7.427947681,92.57205232,17.30043112,41.53419899,60.2515628
4,38,Genbank,F25-1746,CIAT-33119,Fabales,Fabaceae,Dendrolobium,triangulare,Dendrolobium triangulare,Shrub_Trees,27,95.36278233,7.362790797,92.6372092,17.30043112,40.4207472,58.70516196
4,39,Genbank,F25-1747,CIAT-33383,Fabales,Fabaceae,Dendrolobium,sp.,Dendrolobium sp.,Shrub_Trees,27,94.55,9.569927656,90.43007234,14.84210098,46.50900028,60.21848759
4,40,Genbank,F25-1747,CIAT-33383,Fabales,Fabaceae,Dendrolobium,sp.,Dendrolobium sp.,Shrub_Trees,27,94.79312413,10.03923165,89.96076835,14.48579409,48.1671724,59.29749457
4,41,Genbank,F25-1748,CIAT-33402,Fabales,Fabaceae,Dendrolobium,triangulare,Dendrolobium triangulare,Shrub_Trees,27,94.58325005,6.906845339,93.09315466,20.08407391,45.1747339,59.82504626
4,42,Genbank,F25-1748,CIAT-33402,Fabales,Fabaceae,Dendrolobium,triangulare,Dendrolobium triangulare,Shrub_Trees,27,94.68053195,6.910298417,93.08970158,20.08407391,45.18846573,60.35775197
4,43,Genbank,F25-1749,CIAT-33508,Fabales,Fabaceae,Dendrolobium,umbellatum,Dendrolobium umbellatum,Shrub_Trees,27,93.71062894,8.660813979,91.33918602,22.60556623,44.31520343,57.85094085
4,44,Genbank,F25-1749,CIAT-33508,Fabales,Fabaceae,Dendrolobium,umbellatum,Dendrolobium umbellatum,Shrub_Trees,27,93.78186544,8.66974623,91.33025377,22.60556623,47.30812425,58.87193946
4,45,Genbank,F25-1750,CIAT-33515,Fabales,Fabaceae,Dendrolobium,triangulare,Dendrolobium triangulare,Shrub_Trees,27,93.40197941,8.22996707,91.77003293,20.96312701,50.95605371,63.08412086
4,46,Genbank,F25-1750,CIAT-33515,Fabales,Fabaceae,Dendrolobium,triangulare,Dendrolobium triangulare,Shrub_Trees,27,93.42,13.99192969,86.00807031,20.96312701,51.98593588,63.55105846
4,47,Genbank,F25-1751,CIAT-7353,Fabales,Fabaceae,Prosopis,juliflora,Prosopis juliflora,Shrub_Trees,27,94.57217113,9.845299072,90.15470093,30.48645396,28.99543989,47.11828276
4,48,Genbank,F25-1751,CIAT-7353,Fabales,Fabaceae,Prosopis,juliflora,Prosopis juliflora,Shrub_Trees,27,94.68106379,8.991442967,91.00855703,30.48645396,29.75949892,45.53066216
4,49,Genbank,F25-1752,CIAT-7976,Fabales,Fabaceae,Cassia,sp.,Cassia sp.,Shrub_Trees,27,93.40197941,8.058159435,91.94184056,25.58851827,38.50830267,49.5760496
4,50,Genbank,F25-1752,CIAT-7976,Fabales,Fabaceae,Cassia,sp.,Cassia sp.,Shrub_Trees,27,93.43328336,16.04890161,83.95109839,25.58851827,40.56961188,50.65553134
4,51,Genbank,F25-1753,CIAT-8018,Fabales,Fabaceae,Acacia,aroma,Acacia aroma,Shrub_Trees,27,93.76,17.69805515,82.30194485,23.53692406,57.85384616,71.12141109
4,52,Genbank,F25-1753,CIAT-8018,Fabales,Fabaceae,Acacia,aroma,Acacia aroma,Shrub_Trees,27,93.83123375,18.52594532,81.47405468,23.53692406,59.19957645,69.54722901
4,53,Genbank,F25-1754,CIAT-9990,Fabales,Fabaceae,Prosopis,juliflora,Prosopis juliflora,Shrub_Trees,27,92.96422147,10.14726432,89.85273568,31.75200833,28.74080466,49.16636527
4,54,Genbank,F25-1754,CIAT-9990,Fabales,Fabaceae,Prosopis,juliflora,Prosopis juliflora,Shrub_Trees,27,92.98420947,14.61894013,85.38105987,31.75200833,28.54378984,48.36170515
4,55,Genbank,F25-1755,CIAT-13258,Fabales,Fabaceae,Dendrolobium,lanceolatum,Dendrolobium lanceolatum,Shrub_Trees,27,94.55217913,14.88874108,85.11125892,15.55026437,53.99040149,60.14888741
4,56,Genbank,F25-1755,CIAT-13258,Fabales,Fabaceae,Dendrolobium,lanceolatum,Dendrolobium lanceolatum,Shrub_Trees,27,94.64267866,14.84498963,85.15501037,15.55026437,55.92388662,63.45639665
4,57,Genbank,F25-1756,CIAT-13260,Fabales,Fabaceae,Dendrolobium,lanceolatum,Dendrolobium lanceolatum,Shrub_Trees,27,94.04119176,9.352221123,90.64777888,15.81342541,57.3984177,63.65754994
4,58,Genbank,F25-1756,CIAT-13260,Fabales,Fabaceae,Dendrolobium,lanceolatum,Dendrolobium lanceolatum,Shrub_Trees,27,94.11176647,14.81328743,85.18671257,15.81342541,57.38673539,66.72961043
4,59,Genbank,F25-1757,CIAT-17263,Fabales,Fabaceae,Leucaena,leucocephala,Leucaena leucocephala,Shrub_Trees,27,94.41335199,15.42394278,84.57605722,27.42940648,36.70931262,58.98462636
4,60,Genbank,F25-1757,CIAT-17263,Fabales,Fabaceae,Leucaena,leucocephala,Leucaena leucocephala,Shrub_Trees,27,94.53,12.20471626,87.79528374,0,35.82530414,56.53985285
4,61,Isabel Molina,F25-2640,Cayman-Br-02-1752,Poales,Poaceae,Urochloa,interespecifico,Urochloa interespecifico,Grass,27,97.01089673,9.625873976,90.37412602,8.04101047,26.26702185,62.42092434
4,62,Isabel Molina,F25-2640,Cayman-Br-02-1752,Poales,Poaceae,Urochloa,interespecifico,Urochloa interespecifico,Grass,27,96.99120352,9.676436997,90.323563,8.067760916,26.21660937,61.84637727
4,63,Mauricio Sotelo,F25-2641,nan,Fabales,Fabaceae,Gliricidia  ,sepium,Gliricidia sepium ,Shrub_Trees,27,93.53258697,9.42965823,90.57034177,22.32,22.47,47.82
4,64,Mauricio Sotelo,F25-2641,nan,Fabales,Fabaceae,Gliricidia  ,sepium,Gliricidia sepium ,Shrub_Trees,27,93.46196141,9.387831748,90.61216825,22.43,21.41,46.59
4,65,Jacobo Arango/Alejandro Montoya,F25-0008,Sample-8,Poales,Poaceae,Cynodon, nlemfuensis ,Cynodon nlemfuensis ,Grass,27,93.3,11.3,88.7,0,0,76.1
4,65,Jacobo Arango/Alejandro Montoya,F25-0008,Sample-8,Poales,Poaceae,Cynodon, nlemfuensis ,Cynodon nlemfuensis ,Grass,28,93.3,11.3,88.7,0,0,76.1
4,65,Jacobo Arango/ Alejandro Montoya,F25-0008,Sample-8,Poales,Poaceae,Cynodon, nlemfuensis ,Cynodon nlemfuensis ,Grass,28,93.3,11.3,88.7,0,0,76.1
4,65,Jacobo Arango/ Alejandro Montoya,F25-0008,Sample-8,Poales,Poaceae,Cynodon, nlemfuensis ,Cynodon nlemfuensis ,Grass,29,93.3,11.3,88.7,0,0,76.1
4,65,Jacobo Arango/ Alejandro Montoya,F25-0008,Sample-8,Poales,Poaceae,Cynodon, nlemfuensis ,Cynodon nlemfuensis ,Grass,30,93.3,11.3,88.7,0,0,76.1
4,66,Jacobo Arango/Alejandro Montoya,F25-0008,Sample-8,Poales,Poaceae,Cynodon, nlemfuensis ,Cynodon nlemfuensis ,Grass,27,93.8,11.5,88.5,0,0,76.1
4,66,Jacobo Arango/Alejandro Montoya,F25-0008,Sample-8,Poales,Poaceae,Cynodon, nlemfuensis ,Cynodon nlemfuensis ,Grass,28,93.8,11.5,88.5,0,0,76.1
4,66,Jacobo Arango/ Alejandro Montoya,F25-0008,Sample-8,Poales,Poaceae,Cynodon, nlemfuensis ,Cynodon nlemfuensis ,Grass,28,93.8,11.5,88.5,0,0,76.1
4,66,Jacobo Arango/ Alejandro Montoya,F25-0008,Sample-8,Poales,Poaceae,Cynodon, nlemfuensis ,Cynodon nlemfuensis ,Grass,29,93.8,11.5,88.5,0,0,76.1
4,66,Jacobo Arango/ Alejandro Montoya,F25-0008,Sample-8,Poales,Poaceae,Cynodon, nlemfuensis ,Cynodon nlemfuensis ,Grass,30,93.8,11.5,88.5,0,0,76.1
4,67,Genbank,F25-1758,CIAT-17459,Fabales,Fabaceae,Erythrina,berteroana,Erythrina berteroana,Shrub_Trees,28,94.51219512,10.82166446,89.17833554,24.25144619,37.93629902,50.64633656
4,68,Genbank,F25-1758,CIAT-17459,Fabales,Fabaceae,Erythrina,berteroana,Erythrina berteroana,Shrub_Trees,28,94.66213515,12.91413474,87.08586526,24.25144619,38.57445837,53.30717782
4,69,Genbank,F25-1759,CIAT-17482,Fabales,Fabaceae,Leucaena,leucocephala,Leucaena leucocephala,Shrub_Trees,28,92.6214757,14.78198755,85.21801245,26.54232304,32.66674732,49.50527116
4,70,Genbank,F25-1759,CIAT-17482,Fabales,Fabaceae,Leucaena,leucocephala,Leucaena leucocephala,Shrub_Trees,28,92.70218934,13.69085177,86.30914823,26.54232304,33.55779961,52.58929198
4,71,Genbank,F25-1760,CIAT-17502,Fabales,Fabaceae,Leucaena,leucocephala,Leucaena leucocephala,Shrub_Trees,28,94.22115577,11.15828574,88.84171426,28.85997135,36.63350994,46.33599486
4,72,Genbank,F25-1760,CIAT-17502,Fabales,Fabaceae,Leucaena,leucocephala,Leucaena leucocephala,Shrub_Trees,28,94.30056994,14.75544433,85.24455567,28.85997135,34.33557418,45.8385172
4,73,Genbank,F25-1761,CIAT-19384,Fabales,Fabaceae,Prosopis,juliflora,Prosopis juliflora,Shrub_Trees,28,93.31334333,11.91210776,88.08789224,36.9549258,30.7280142,50.9933827
4,74,Genbank,F25-1761,CIAT-19384,Fabales,Fabaceae,Prosopis,juliflora,Prosopis juliflora,Shrub_Trees,28,93.46196141,8.756560989,91.24343901,36.9549258,32.34579273,53.91720671
4,75,Genbank,F25-1762,CIAT-19571,Fabales,Fabaceae,Senna,cobanensis,Senna cobanensis,Shrub_Trees,28,93.15410754,6.111727843,93.88827216,23.20097285,42.54798474,54.1642212
4,76,Genbank,F25-1762,CIAT-19571,Fabales,Fabaceae,Senna,cobanensis,Senna cobanensis,Shrub_Trees,28,93.26067393,6.05041726,93.94958274,23.20097285,41.99084451,57.24522735
4,77,Genbank,F25-1763,CIAT-20126,Fabales,Fabaceae,Acacia,angustissima,Acacia angustissima,Shrub_Trees,28,93.92303848,5.796694305,94.20330569,29.90215547,48.09788855,56.32151399
4,78,Genbank,F25-1763,CIAT-20126,Fabales,Fabaceae,Acacia,angustissima,Acacia angustissima,Shrub_Trees,28,94.02119576,5.75587566,94.24412434,29.90215547,47.50646746,60.25224135
4,79,Genbank,F25-1764,CIAT-20788,Fabales,Fabaceae,Senna,pallida,Senna pallida,Shrub_Trees,28,93.87183845,9.729096812,90.27090319,24.3024932,30.23235074,51.62772455
4,80,Genbank,F25-1764,CIAT-20788,Fabales,Fabaceae,Senna,pallida,Senna pallida,Shrub_Trees,28,93.96181146,9.76103039,90.23896961,24.3024932,31.13798006,55.09187316
4,81,Genbank,F25-1765,CIAT-21242,Fabales,Fabaceae,Leucaena,diversifolia,Leucaena diversifolia,Shrub_Trees,28,93.13206038,6.84260608,93.15739392,23.2758353,45.04834391,62.13108195
4,82,Genbank,F25-1765,CIAT-21242,Fabales,Fabaceae,Leucaena,diversifolia,Leucaena diversifolia,Shrub_Trees,28,93.29067093,6.908337861,93.09166214,23.2758353,46.46320574,64.75349129
4,83,Genbank,F25-1766,CIAT-21512,Fabales,Fabaceae,Calliandra,calothyrsus,Calliandra calothyrsus,Shrub_Trees,28,92.39304278,4.793967142,95.20603286,24.06932164,46.57195406,53.94479295
4,84,Genbank,F25-1766,CIAT-21512,Fabales,Fabaceae,Calliandra,calothyrsus,Calliandra calothyrsus,Shrub_Trees,28,93.18272691,4.772421223,95.22757878,24.06932164,46.87564298,52.78717892
4,85,Genbank,F25-1767,CIAT-21601,Fabales,Fabaceae,Erythrina,fusca,Erythrina fusca,Shrub_Trees,28,93.87061294,7.174562061,92.82543794,23.75160561,56.10895442,66.49491261
4,86,Genbank,F25-1767,CIAT-21601,Fabales,Fabaceae,Erythrina,fusca,Erythrina fusca,Shrub_Trees,28,92.60295882,6.915104345,93.08489565,23.07009157,53.82626191,70.48749818
4,87,Genbank,F25-1768,CIAT-21809,Fabales,Fabaceae,Acacia,farnesiana,Acacia farnesiana,Shrub_Trees,28,94.57162851,7.427819216,92.57218078,31.00065629,49.04035979,60.94700222
4,88,Genbank,F25-1768,CIAT-21809,Fabales,Fabaceae,Acacia,farnesiana,Acacia farnesiana,Shrub_Trees,28,94.66,7.493461908,92.50653809,31.00065629,47.1399414,64.74031829
4,89,Genbank,F25-1769,CIAT-21810,Fabales,Fabaceae,Acacia,angustissima,Acacia angustissima,Shrub_Trees,28,94.74052595,5.390506218,94.60949378,31.66393985,40.17316966,51.00059153
4,90,Genbank,F25-1769,CIAT-21810,Fabales,Fabaceae,Acacia,angustissima,Acacia angustissima,Shrub_Trees,28,94.83310014,5.387812581,94.61218742,31.66393985,37.65940547,53.73453725
4,91,Genbank,F25-1770,CIAT-21888,Fabales,Fabaceae,Leucaena,leucocephala,Leucaena leucocephala,Shrub_Trees,28,93.67189843,9.057418959,90.94258104,29.90458835,31.16669959,55.7508662
4,92,Genbank,F25-1770,CIAT-21888,Fabales,Fabaceae,Leucaena,leucocephala,Leucaena leucocephala,Shrub_Trees,28,93.742503,9.216522654,90.78347735,29.90458835,29.15951436,57.58113322
4,93,Genbank,F25-1771,CIAT-22310,Fabales,Fabaceae,Calliandra,calothyrsus,Calliandra calothyrsus,Shrub_Trees,28,94.82,5.650401843,94.34959816,21.75470624,52.18036474,55.49850701
4,94,Genbank,F25-1771,CIAT-22310,Fabales,Fabaceae,Calliandra,calothyrsus,Calliandra calothyrsus,Shrub_Trees,28,94.9010198,5.775748228,94.22425177,21.75470624,49.35645961,54.50561768
4,95,Genbank,F25-1772,CIAT-22311,Fabales,Fabaceae,Calliandra,calothyrsus,Calliandra calothyrsus,Shrub_Trees,28,93.80371777,6.877206587,93.12279341,21.51362159,48.23549136,53.94942876
4,96,Genbank,F25-1772,CIAT-22311,Fabales,Fabaceae,Calliandra,calothyrsus,Calliandra calothyrsus,Shrub_Trees,28,93.95060494,7.029760988,92.97023901,21.51362159,50.1296014,55.90976352
4,97,Genbank,F25-1773,CIAT-22316,Fabales,Fabaceae,Calliandra,calothyrsus,Calliandra calothyrsus,Shrub_Trees,28,95.54044596,8.667847076,91.33215292,20.81595568,43.60548667,55.27365589
4,98,Genbank,F25-1773,CIAT-22316,Fabales,Fabaceae,Calliandra,calothyrsus,Calliandra calothyrsus,Shrub_Trees,28,95.49135259,8.624248742,91.37575126,20.81595568,45.47768561,53.439417
4,99,Genbank,F25-1774,CIAT-23239,Fabales,Fabaceae,Dendrolobium,triangulare,Dendrolobium triangulare,Shrub_Trees,28,95.85041496,7.573117047,92.42688295,20.35537133,53.21545699,63.33418795
4,100,Genbank,F25-1774,CIAT-23239,Fabales,Fabaceae,Dendrolobium,triangulare,Dendrolobium triangulare,Shrub_Trees,28,95.86124163,7.529886057,92.47011394,20.35537133,52.3004246,67.05249452
4,101,Genbank,F25-1775,CIAT-33116,Fabales,Fabaceae,Dendrolobium,triangulare,Dendrolobium triangulare,Shrub_Trees,28,95.64087183,7.757431277,92.24256872,18.29933939,56.56341222,63.80212726
4,102,Genbank,F25-1775,CIAT-33116,Fabales,Fabaceae,Dendrolobium,triangulare,Dendrolobium triangulare,Shrub_Trees,28,95.62131361,8.007544902,91.9924551,18.29933939,58.27593225,66.54369845
4,103,Genbank,F25-2184,CIAT-BH-22-0303,Poales,Poaceae,Urochloa,humidicola,Urochloa humidicola,Grass,28,94.83155053,9.497232477,90.50276752,8.022996186,32.56160596,67.4948194
4,104,Genbank,F25-2184,CIAT-BH-22-0303,Poales,Poaceae,Urochloa,humidicola,Urochloa humidicola,Grass,28,94.85102979,9.519265655,90.48073435,8.025749287,33.70642576,68.65730913
4,105,Genbank,F25-2185,CIAT-BH-22-1594,Poales,Poaceae,Urochloa,humidicola,Urochloa humidicola,Grass,28,94.95,11.72746512,88.27253488,8.047466056,34.1244778,68.45832672
4,106,Genbank,F25-2185,CIAT-BH-22-1594,Poales,Poaceae,Urochloa,humidicola,Urochloa humidicola,Grass,28,95.20191923,11.4494198,88.5505802,7.864962838,34.03263659,68.17267667
4,107,Genbank,F25-2186,CIAT-BH-22-0468,Poales,Poaceae,Urochloa,humidicola,Urochloa humidicola,Grass,28,95.97080584,10.69348293,89.30651707,9.576828422,33.95959876,68.80818738
4,108,Genbank,F25-2186,CIAT-BH-22-0468,Poales,Poaceae,Urochloa,humidicola,Urochloa humidicola,Grass,28,96.07039296,10.65289861,89.34710139,9.610940186,32.4038323,66.8782984
4,109,Genbank,F25-2187,CIAT-BH-22-3830,Poales,Poaceae,Urochloa,humidicola,Urochloa humidicola,Grass,28,95.84041596,10.25320413,89.74679587,8.108780345,32.61768508,67.68596463
4,110,Genbank,F25-2187,CIAT-BH-22-3830,Poales,Poaceae,Urochloa,humidicola,Urochloa humidicola,Grass,28,96.08039196,10.12816505,89.87183495,7.970354747,32.6308059,67.17080101
4,111,Genbank,F25-2188,CIAT-BH-22-1710,Poales,Poaceae,Urochloa,humidicola,Urochloa humidicola,Grass,28,97.23027697,9.765625,90.234375,7.600387216,34.96825588,68.88783688
4,112,Genbank,F25-2188,CIAT-BH-22-1710,Poales,Poaceae,Urochloa,humidicola,Urochloa humidicola,Grass,28,97.31026897,10.11513158,89.88486842,7.516311147,35.62608484,69.89513748
4,113,Genbank,F25-2189,CIAT-BH-22-2365,Poales,Poaceae,Urochloa,humidicola,Urochloa humidicola,Grass,28,97.06,12.6261586,87.3738414,10.01719507,31.84574309,63.48334918
4,114,Genbank,F25-2189,CIAT-BH-22-2365,Poales,Poaceae,Urochloa,humidicola,Urochloa humidicola,Grass,28,97.14,12.05973223,87.94026777,9.950370516,32.11973009,64.79337593
4,115,Genbank,F25-2190,CIAT-BH-22-3572,Poales,Poaceae,Urochloa,humidicola,Urochloa humidicola,Grass,28,96.44035596,9.85390115,90.14609885,7.970471762,33.06491166,68.80747171
4,116,Genbank,F25-2190,CIAT-BH-22-3572,Poales,Poaceae,Urochloa,humidicola,Urochloa humidicola,Grass,28,96.56034397,10.22691949,89.77308051,7.98139191,32.46976119,67.57757006
4,117,Genbank,F25-2191,CIAT-BH-22-0517,Poales,Poaceae,Urochloa,humidicola,Urochloa humidicola,Grass,28,96.84126349,10.2264613,89.7735387,8.167349854,34.34940314,69.42682396
4,118,Genbank,F25-2191,CIAT-BH-22-0517,Poales,Poaceae,Urochloa,humidicola,Urochloa humidicola,Grass,28,96.89217548,10.2956092,89.7043908,8.252528213,34.26181111,69.48497204
4,119,Genbank,F25-2192,CIAT-BH-22-0519,Poales,Poaceae,Urochloa,humidicola,Urochloa humidicola,Grass,28,97.68,11.14122206,88.85877794,9.38325511,31.76728685,64.61466811
4,120,Genbank,F25-2192,CIAT-BH-22-0519,Poales,Poaceae,Urochloa,humidicola,Urochloa humidicola,Grass,28,97.63071079,11.14811772,88.85188228,9.337918256,31.60234356,64.53988082
4,121,Genbank,F25-2193,CIAT-BH-22-0521,Poales,Poaceae,Urochloa,humidicola,Urochloa humidicola,Grass,28,96.43107068,11.04028177,88.95971823,9.00281067,31.57838055,67.17952559
4,122,Genbank,F25-2193,CIAT-BH-22-0521,Poales,Poaceae,Urochloa,humidicola,Urochloa humidicola,Grass,28,96.62202678,10.94378898,89.05621102,9.055084304,31.86231547,66.5730951
4,123,Genbank,F25-2574,CIAT-326,Fabales,Fabaceae,Desmodium,scorpiurus,Desmodium scorpiurus,Herbaceous_legumes,28,91.67249825,13.39088534,86.60911466,28.60156825,39.48848273,56.2323033
4,124,Genbank,F25-2574,CIAT-326,Fabales,Fabaceae,Desmodium,scorpiurus,Desmodium scorpiurus,Herbaceous_legumes,28,91.68083192,12.95729083,87.04270917,28.6458768,38.38394148,55.07818776
4,125,Jacobo Arango/Alejandro Montoya,F25-0008,Sample-8,Poales,Poaceae,Cynodon, nlemfuensis ,Cynodon nlemfuensis ,Grass,27,93.3,11.3,88.7,0,0,76.1
4,125,Jacobo Arango/Alejandro Montoya,F25-0008,Sample-8,Poales,Poaceae,Cynodon, nlemfuensis ,Cynodon nlemfuensis ,Grass,28,93.3,11.3,88.7,0,0,76.1
4,125,Jacobo Arango/ Alejandro Montoya,F25-0008,Sample-8,Poales,Poaceae,Cynodon, nlemfuensis ,Cynodon nlemfuensis ,Grass,28,93.3,11.3,88.7,0,0,76.1
4,125,Jacobo Arango/ Alejandro Montoya,F25-0008,Sample-8,Poales,Poaceae,Cynodon, nlemfuensis ,Cynodon nlemfuensis ,Grass,29,93.3,11.3,88.7,0,0,76.1
4,125,Jacobo Arango/ Alejandro Montoya,F25-0008,Sample-8,Poales,Poaceae,Cynodon, nlemfuensis ,Cynodon nlemfuensis ,Grass,30,93.3,11.3,88.7,0,0,76.1
4,126,Jacobo Arango/Alejandro Montoya,F25-0008,Sample-8,Poales,Poaceae,Cynodon, nlemfuensis ,Cynodon nlemfuensis ,Grass,27,93.8,11.5,88.5,0,0,76.1
4,126,Jacobo Arango/Alejandro Montoya,F25-0008,Sample-8,Poales,Poaceae,Cynodon, nlemfuensis ,Cynodon nlemfuensis ,Grass,28,93.8,11.5,88.5,0,0,76.1
4,126,Jacobo Arango/ Alejandro Montoya,F25-0008,Sample-8,Poales,Poaceae,Cynodon, nlemfuensis ,Cynodon nlemfuensis ,Grass,28,93.8,11.5,88.5,0,0,76.1
4,126,Jacobo Arango/ Alejandro Montoya,F25-0008,Sample-8,Poales,Poaceae,Cynodon, nlemfuensis ,Cynodon nlemfuensis ,Grass,29,93.8,11.5,88.5,0,0,76.1
4,126,Jacobo Arango/ Alejandro Montoya,F25-0008,Sample-8,Poales,Poaceae,Cynodon, nlemfuensis ,Cynodon nlemfuensis ,Grass,30,93.8,11.5,88.5,0,0,76.1
4,127,Genbank,F25-2575,CIAT-415,Fabales,Fabaceae,Vigna,radiata,Vigna radiata,Herbaceous_legumes,28,92,21.24289414,78.75710586,26.95773609,25.37871278,41.71108525
4,128,Genbank,F25-2575,CIAT-415,Fabales,Fabaceae,Vigna,radiata,Vigna radiata,Herbaceous_legumes,28,91.8732507,19.2881855,80.7118145,26.95773609,25.17044227,42.68538652
4,129,Genbank,F25-2576,CIAT-416,Fabales,Fabaceae,Vigna,radiata,Vigna radiata,Herbaceous_legumes,28,91.40343862,10.76909636,89.23090364,26.83737782,24.61392416,46.38298015
4,130,Genbank,F25-2576,CIAT-416,Fabales,Fabaceae,Vigna,radiata,Vigna radiata,Herbaceous_legumes,28,91.45427286,10.74615599,89.25384401,26.83737782,23.34699537,44.53640422
4,131,Genbank,F25-2577,CIAT-517,Fabales,Fabaceae,Macroptilium,atropurpureum,Macroptilium atropurpureum,Herbaceous_legumes,28,91.03448276,13.69492173,86.30507827,23.68402656,26.72725226,45.87051567
4,132,Genbank,F25-2577,CIAT-517,Fabales,Fabaceae,Macroptilium,atropurpureum,Macroptilium atropurpureum,Herbaceous_legumes,28,91.13177365,13.67707581,86.32292419,23.68402656,26.32282782,45.34551304
4,133,Genbank,F25-2578,CIAT-563,Fabales,Fabaceae,Macroptilium,bracteatum,Macroptilium bracteatum,Herbaceous_legumes,28,92.94423346,12.97101742,87.02898258,21.85730465,29.99083879,51.01815447
4,134,Genbank,F25-2578,CIAT-563,Fabales,Fabaceae,Macroptilium,bracteatum,Macroptilium bracteatum,Herbaceous_legumes,28,93.05138972,12.80419213,87.19580787,21.85730465,30.57953644,51.85782454
4,135,Genbank,F25-2579,CIAT-789,Fabales,Fabaceae,Zornia,latifolia,Zornia latifolia,Herbaceous_legumes,28,88.95110489,8.519336184,91.48066382,14.78857004,24.83226537,49.4407795
4,136,Genbank,F25-2579,CIAT-789,Fabales,Fabaceae,Zornia,latifolia,Zornia latifolia,Herbaceous_legumes,28,88.7445022,8.370522279,91.62947772,14.78857004,24.87548941,52.7229185
4,137,Genbank,F25-2580,CIAT-2085,Fabales,Fabaceae,Stylosanthes,seabrana,Stylosanthes seabrana,Herbaceous_legumes,28,91.95402299,9.25897764,90.74102236,18.70996375,37.03959724,56.49795979
4,138,Genbank,F25-2580,CIAT-2085,Fabales,Fabaceae,Stylosanthes,seabrana,Stylosanthes seabrana,Herbaceous_legumes,28,91.99160168,9.403072633,90.59692737,18.70996375,38.79115809,57.8648031
4,139,Genbank,F25-2581,CIAT-2690,Fabales,Fabaceae,Stylosanthes,angustifolia,Stylosanthes angustifolia,Herbaceous_legumes,28,90.92453773,9.620171759,90.37982824,17.54314001,38.19609992,60.48539202
4,140,Genbank,F25-2581,CIAT-2690,Fabales,Fabaceae,Stylosanthes,angustifolia,Stylosanthes angustifolia,Herbaceous_legumes,28,91.10177964,9.282515254,90.71748475,17.54314001,38.5888968,59.69515569
4,141,Genbank,F25-2582,CIAT-4069,Fabales,Fabaceae,Macroptilium,atropurpureum,Macroptilium atropurpureum,Herbaceous_legumes,28,92.24465321,14.3679293,85.6320707,20.83137982,32.4010087,50.50997569
4,142,Genbank,F25-2582,CIAT-4069,Fabales,Fabaceae,Macroptilium,atropurpureum,Macroptilium atropurpureum,Herbaceous_legumes,28,92.36152769,15.15355823,84.84644177,20.83137982,34.74222328,52.90497829
4,143,Genbank,F25-2583,CIAT-4141,Fabales,Fabaceae,Vigna,radiata,Vigna radiata,Herbaceous_legumes,28,90.88,11.91982928,88.08017072,19.79583376,28.07370229,48.46037716
4,144,Genbank,F25-2583,CIAT-4141,Fabales,Fabaceae,Vigna,radiata,Vigna radiata,Herbaceous_legumes,28,91.00179964,11.71955462,88.28044538,19.16817574,27.89961768,49.82910966
4,145,Genbank,F25-2584,CIAT-4532,Fabales,Fabaceae,Vigna,unguiculata,Vigna unguiculata,Herbaceous_legumes,28,92.03159368,12.06619846,87.93380154,18.9362818,24.10088015,48.02170794
4,146,Genbank,F25-2584,CIAT-4532,Fabales,Fabaceae,Vigna,unguiculata,Vigna unguiculata,Herbaceous_legumes,28,92.08237529,11.86951978,88.13048022,18.9362818,24.5616537,48.61117918
4,147,Genbank,F25-2585,CIAT-4537,Fabales,Fabaceae,Vigna,unguiculata,Vigna unguiculata,Herbaceous_legumes,28,92.25154969,12.06614445,87.93385555,25.08438089,28.16909679,51.30312744
4,148,Genbank,F25-2585,CIAT-4537,Fabales,Fabaceae,Vigna,unguiculata,Vigna unguiculata,Herbaceous_legumes,28,92.19468319,12.06132089,87.93867911,25.08438089,27.87179498,47.95678606
4,149,Genbank,F25-2586,CIAT-7289,Fabales,Fabaceae,Chamaecrista,mimosoides,Chamaecrista mimosoides,Herbaceous_legumes,28,91.45,5.863928698,94.1360713,18.55944373,37.05595298,58.07161357
4,150,Genbank,F25-2586,CIAT-7289,Fabales,Fabaceae,Chamaecrista,mimosoides,Chamaecrista mimosoides,Herbaceous_legumes,28,91.36259122,5.632495474,94.36750453,18.55944373,36.01752524,56.83592424
4,151,Genbank,F25-2587,CIAT-7826,Fabales,Fabaceae,Tephrosia,purpurea,Tephrosia purpurea,Herbaceous_legumes,28,90.74277717,8.261360626,91.73863937,21.70179375,29.58125848,53.01180437
4,152,Genbank,F25-2587,CIAT-7826,Fabales,Fabaceae,Tephrosia,purpurea,Tephrosia purpurea,Herbaceous_legumes,28,90.77092291,8.384203587,91.61579641,21.70179375,29.56577513,54.12610002
4,153,Genbank,F25-2588,CIAT-8014,Fabales,Fabaceae,Crotalaria,retusa,Crotalaria retusa,Herbaceous_legumes,28,91.32260322,8.911631019,91.08836898,21.18340649,31.01340151,56.56295091
4,154,Genbank,F25-2588,CIAT-8014,Fabales,Fabaceae,Crotalaria,retusa,Crotalaria retusa,Herbaceous_legumes,28,91.30521687,8.952737802,91.0472622,21.18340649,29.0172543,53.19378383
4,155,Genbank,F25-2589,CIAT-8849,Fabales,Fabaceae,Zornia,brasiliensis,Zornia brasiliensis,Herbaceous_legumes,28,90.24,9.594984572,90.40501543,17.57023385,27.22743192,52.25595779
4,156,Genbank,F25-2589,CIAT-8849,Fabales,Fabaceae,Zornia,brasiliensis,Zornia brasiliensis,Herbaceous_legumes,28,90.2709729,9.638339373,90.36166063,17.57023385,25.65534294,51.6544922
4,157,Genbank,F25-2590,CIAT-9326,Fabales,Fabaceae,Crotalaria,retusa,Crotalaria retusa,Herbaceous_legumes,28,91.94080592,7.727001032,92.27299897,18.83906509,32.05167123,49.51312019
4,158,Genbank,F25-2590,CIAT-9326,Fabales,Fabaceae,Crotalaria,retusa,Crotalaria retusa,Herbaceous_legumes,28,92.07079292,7.781339999,92.21866,18.83906509,33.18511977,50.47127337
4,159,Genbank,F25-2591,CIAT-9337,Fabales,Fabaceae,Crotalaria,retusa,Crotalaria retusa,Herbaceous_legumes,28,92.13157369,8.786604645,91.21339536,22.45780061,26.15941458,46.74297958
4,160,Genbank,F25-2591,CIAT-9337,Fabales,Fabaceae,Crotalaria,retusa,Crotalaria retusa,Herbaceous_legumes,28,92.20311875,8.719775078,91.28022492,22.45780061,26.04631785,47.50316973
4,161,Genbank,F25-2592,CIAT-9350,Fabales,Fabaceae,Crotalaria,pumila,Crotalaria pumila,Herbaceous_legumes,28,91.0726782,7.58605569,92.41394431,21.99387384,29.62497073,49.65055275
4,162,Genbank,F25-2592,CIAT-9350,Fabales,Fabaceae,Crotalaria,pumila,Crotalaria pumila,Herbaceous_legumes,28,91.31260622,7.564130673,92.43586933,21.99387384,29.91855344,49.79905383
4,163,Genbank,F25-2593,CIAT-9352,Fabales,Fabaceae,Crotalaria,pumila,Crotalaria pumila,Herbaceous_legumes,28,93.3220034,9.332756194,90.66724381,22.91297307,30.92834653,55.45730519
4,164,Genbank,F25-2593,CIAT-9352,Fabales,Fabaceae,Crotalaria,pumila,Crotalaria pumila,Herbaceous_legumes,28,93.49065093,9.47378551,90.52621449,22.72636934,31.20276528,57.43780741
4,165,Genbank,F25-2594,CIAT-9472,Fabales,Fabaceae,Zornia,brasiliensis,Zornia brasiliensis,Herbaceous_legumes,28,92.05079492,10.07541438,89.92458562,18.2131397,24.22314912,51.00615057
4,166,Genbank,F25-2594,CIAT-9472,Fabales,Fabaceae,Zornia,brasiliensis,Zornia brasiliensis,Herbaceous_legumes,28,92.14157169,10.22639163,89.77360837,18.2131397,25.92241325,47.92773074
4,167,Genbank,F25-2595,CIAT-9531,Fabales,Fabaceae,Indigofera,spicata,Indigofera spicata,Herbaceous_legumes,28,91.72165567,16.40530513,83.59469487,20.55277496,25.71391134,43.30245075
4,168,Genbank,F25-2595,CIAT-9531,Fabales,Fabaceae,Indigofera,spicata,Indigofera spicata,Herbaceous_legumes,28,91.47511493,15.97323055,84.02676945,20.55277496,25.16561848,42.03990575
4,169,Genbank,F25-2596,CIAT-10026,Fabales,Fabaceae,Stylosanthes,seabrana,Stylosanthes seabrana,Herbaceous_legumes,28,92.75144971,9.90671487,90.09328513,16.29399375,35.01632533,56.31724449
4,170,Genbank,F25-2596,CIAT-10026,Fabales,Fabaceae,Stylosanthes,seabrana,Stylosanthes seabrana,Herbaceous_legumes,28,92.74217735,10.03507019,89.96492981,16.29399375,33.97245319,58.17786772
4,171,Genbank,F25-2597,CIAT-12411,Fabales,Fabaceae,Stylosanthes,sympodialis,Stylosanthes sympodialis,Herbaceous_legumes,28,91.69166167,11.95776032,88.04223968,17.93763784,33.35711653,59.84167667
4,172,Genbank,F25-2597,CIAT-12411,Fabales,Fabaceae,Stylosanthes,sympodialis,Stylosanthes sympodialis,Herbaceous_legumes,28,91.75082492,11.59920616,88.40079384,17.93763784,35.23850927,62.3881365
4,173,Genbank,F25-2598,CIAT-13494,Fabales,Fabaceae,Desmodium,tortuosum,Desmodium tortuosum,Shrub_Trees,28,91.71082892,10.89714137,89.10285863,21.07617968,23.51985913,51.17510205
4,174,Genbank,F25-2598,CIAT-13494,Fabales,Fabaceae,Desmodium,tortuosum,Desmodium tortuosum,Shrub_Trees,28,91.62167566,10.863331,89.136669,21.07617968,23.2929544,50.26387644
4,175,Genbank,F25-2599,CIAT-13562,Fabales,Fabaceae,Desmodium,tortuosum,Desmodium tortuosum,Shrub_Trees,28,91.76164767,14.59211655,85.40788345,18.55661144,27.30491827,48.93826659
4,176,Genbank,F25-2599,CIAT-13562,Fabales,Fabaceae,Desmodium,tortuosum,Desmodium tortuosum,Shrub_Trees,28,91.86244127,15.01531125,84.98468875,18.55661144,27.66518447,51.69265585
4,177,Genbank,F25-2600,CIAT-13593,Fabales,Fabaceae,Desmodium,scorpiurus,Desmodium scorpiurus,Herbaceous_legumes,28,90.70185963,10.37179103,89.62820897,16.64819845,42.86543156,58.87300675
4,178,Genbank,F25-2600,CIAT-13593,Fabales,Fabaceae,Desmodium,scorpiurus,Desmodium scorpiurus,Herbaceous_legumes,28,90.71557066,10.58799856,89.41200144,16.64819845,42.42830399,57.71642016
4,179,Genbank,F25-2601,CIAT-13608,Fabales,Fabaceae,Desmodium,incanum,Desmodium incanum,Herbaceous_legumes,28,92.33459924,9.766400206,90.23359979,17.5775175,44.62612732,58.51360874
4,180,Genbank,F25-2601,CIAT-13608,Fabales,Fabaceae,Desmodium,incanum,Desmodium incanum,Herbaceous_legumes,28,92.88355822,10.18829092,89.81170908,17.5775175,44.81891995,60.51901901
4,181,Genbank,F25-2602,CIAT-18277,Fabales,Fabaceae,Indigofera,jamaicensis,Indigofera jamaicensis,Herbaceous_legumes,28,89.66413435,10.88317298,89.11682702,21.9401464,32.66799286,51.31534157
4,182,Genbank,F25-2602,CIAT-18277,Fabales,Fabaceae,Indigofera,jamaicensis,Indigofera jamaicensis,Herbaceous_legumes,28,89.9910009,9.773304922,90.22669508,21.9401464,32.18717684,48.59846477
4,183,Genbank,F25-2603,CIAT-18952,Fabales,Fabaceae,Indigofera,atriceps,Indigofera atriceps,Herbaceous_legumes,28,90.28485757,17.74570271,82.25429729,16.68180624,41.73947776,48.97461106
4,184,Genbank,F25-2603,CIAT-18952,Fabales,Fabaceae,Indigofera,atriceps,Indigofera atriceps,Herbaceous_legumes,28,90.4009599,18.43900578,81.56099422,16.63454072,40.24238981,47.3171395
4,185,Jacobo Arango/Alejandro Montoya,F25-0008,Sample-8,Poales,Poaceae,Cynodon, nlemfuensis ,Cynodon nlemfuensis ,Grass,27,93.3,11.3,88.7,0,0,76.1
4,185,Jacobo Arango/Alejandro Montoya,F25-0008,Sample-8,Poales,Poaceae,Cynodon, nlemfuensis ,Cynodon nlemfuensis ,Grass,28,93.3,11.3,88.7,0,0,76.1
4,185,Jacobo Arango/ Alejandro Montoya,F25-0008,Sample-8,Poales,Poaceae,Cynodon, nlemfuensis ,Cynodon nlemfuensis ,Grass,28,93.3,11.3,88.7,0,0,76.1
4,185,Jacobo Arango/ Alejandro Montoya,F25-0008,Sample-8,Poales,Poaceae,Cynodon, nlemfuensis ,Cynodon nlemfuensis ,Grass,29,93.3,11.3,88.7,0,0,76.1
4,185,Jacobo Arango/ Alejandro Montoya,F25-0008,Sample-8,Poales,Poaceae,Cynodon, nlemfuensis ,Cynodon nlemfuensis ,Grass,30,93.3,11.3,88.7,0,0,76.1
4,186,Jacobo Arango/Alejandro Montoya,F25-0008,Sample-8,Poales,Poaceae,Cynodon, nlemfuensis ,Cynodon nlemfuensis ,Grass,27,93.8,11.5,88.5,0,0,76.1
4,186,Jacobo Arango/Alejandro Montoya,F25-0008,Sample-8,Poales,Poaceae,Cynodon, nlemfuensis ,Cynodon nlemfuensis ,Grass,28,93.8,11.5,88.5,0,0,76.1
4,186,Jacobo Arango/ Alejandro Montoya,F25-0008,Sample-8,Poales,Poaceae,Cynodon, nlemfuensis ,Cynodon nlemfuensis ,Grass,28,93.8,11.5,88.5,0,0,76.1
4,186,Jacobo Arango/ Alejandro Montoya,F25-0008,Sample-8,Poales,Poaceae,Cynodon, nlemfuensis ,Cynodon nlemfuensis ,Grass,29,93.8,11.5,88.5,0,0,76.1
4,186,Jacobo Arango/ Alejandro Montoya,F25-0008,Sample-8,Poales,Poaceae,Cynodon, nlemfuensis ,Cynodon nlemfuensis ,Grass,30,93.8,11.5,88.5,0,0,76.1
4,187,Genbank,F25-2604,CIAT-18953,Fabales,Fabaceae,Indigofera,atriceps,Indigofera atriceps,Herbaceous_legumes,29,89.52,13.61454923,86.38545077,13.46691821,44.85763775,52.56458331
4,188,Genbank,F25-2604,CIAT-18953,Fabales,Fabaceae,Indigofera,atriceps,Indigofera atriceps,Herbaceous_legumes,29,89.55313406,10.32787624,89.67212376,13.46691821,44.56453144,52.86756172
4,189,Genbank,F25-2605,CIAT-18954,Fabales,Fabaceae,Indigofera,atriceps,Indigofera atriceps,Herbaceous_legumes,29,92.92141572,18.88991662,81.11008338,17.60529835,45.5644788,53.16702551
4,190,Genbank,F25-2605,CIAT-18954,Fabales,Fabaceae,Indigofera,atriceps,Indigofera atriceps,Herbaceous_legumes,29,92.96070393,21.67823913,78.32176087,17.60529835,44.09614901,49.91583297
4,191,Genbank,F25-2606,CIAT-19198,Fabales,Fabaceae,Tephrosia,villosa,Tephrosia villosa,Herbaceous_legumes,29,90.54472764,12.19806906,87.80193094,26.99802394,33.60240728,51.80362673
4,192,Genbank,F25-2606,CIAT-19198,Fabales,Fabaceae,Tephrosia,villosa,Tephrosia villosa,Herbaceous_legumes,29,90.54094591,10.44704853,89.55295147,26.99802394,33.57191099,51.64828408
4,193,Genbank,F25-2607,CIAT-19460,Fabales,Fabaceae,Sesbania,cannabina,Sesbania cannabina,Shrub_Trees,29,91.01449275,8.004031197,91.9959688,21.69628458,33.90170078,53.94964439
4,194,Genbank,F25-2607,CIAT-19460,Fabales,Fabaceae,Sesbania,cannabina,Sesbania cannabina,Shrub_Trees,29,91.05268419,12.84854442,87.15145558,21.69628458,33.50000278,53.09468033
4,195,Genbank,F25-2608,CIAT-20044,Fabales,Fabaceae,Tephrosia,purpurea,Tephrosia purpurea,Herbaceous_legumes,29,92.12157568,11.94212961,88.05787039,27.96478552,25.26758731,44.20562716
4,196,Genbank,F25-2608,CIAT-20044,Fabales,Fabaceae,Tephrosia,purpurea,Tephrosia purpurea,Herbaceous_legumes,29,92.23077692,11.11889809,88.88110191,27.96478552,24.17608357,49.99131291
4,197,Genbank,F25-2609,CIAT-22423,Fabales,Fabaceae,Vigna,unguiculata,Vigna unguiculata,Herbaceous_legumes,29,90.5,11.40101993,88.59898007,27.74472182,27.76521099,49.2720946
4,198,Genbank,F25-2609,CIAT-22423,Fabales,Fabaceae,Vigna,unguiculata,Vigna unguiculata,Herbaceous_legumes,29,90.71185763,12.70082279,87.29917721,27.74472182,26.80006876,46.91132612
4,199,Genbank,F25-2610,CIAT-22480,Fabales,Fabaceae,Sesbania,cannabina,Sesbania cannabina,Shrub_Trees,29,92.55446732,15.38883498,84.61116502,26.98075692,27.25312308,45.0150221
4,200,Genbank,F25-2610,CIAT-22480,Fabales,Fabaceae,Sesbania,cannabina,Sesbania cannabina,Shrub_Trees,29,92.4037981,7.965382704,92.0346173,26.98075692,27.7478869,45.99934999
4,201,Genbank,F25-2611,CIAT-23116,Fabales,Fabaceae,Desmodium,tortuosum,Desmodium tortuosum,Shrub_Trees,29,92.5814837,10.76856967,89.23143033,18.22528988,36.93640957,58.82616843
4,202,Genbank,F25-2611,CIAT-23116,Fabales,Fabaceae,Desmodium,tortuosum,Desmodium tortuosum,Shrub_Trees,29,92.55,10.96517977,89.03482023,18.22528988,36.89658549,60.71335691
4,203,Genbank,F25-2612,CIAT-23416,Fabales,Fabaceae,Codariocalyx,motorius,Codariocalyx motorius,Shrub_Trees,29,92.78144371,12.35644188,87.64355812,18.14271529,40.90614806,56.80832741
4,204,Genbank,F25-2612,CIAT-23416,Fabales,Fabaceae,Codariocalyx,motorius,Codariocalyx motorius,Shrub_Trees,29,92.83358321,12.19119272,87.80880728,18.14271529,41.33327014,56.79587457
4,205,Genbank,F25-2613,CIAT-23806,Fabales,Fabaceae,Desmodium,angustifolium,Desmodium angustifolium,Herbaceous_legumes,29,92.75072493,9.819417471,90.18058253,13.60322728,35.46605763,58.98550734
4,206,Genbank,F25-2613,CIAT-23806,Fabales,Fabaceae,Desmodium,angustifolium,Desmodium angustifolium,Herbaceous_legumes,29,92.78144371,10.03398865,89.96601135,13.39108811,36.7232252,58.66448366
4,207,Genbank,F25-2614,CIAT-24104,Fabales,Fabaceae,Macroptilium,atropurpureum,Macroptilium atropurpureum,Herbaceous_legumes,29,92.24387806,13.03822577,86.96177423,26.64170878,26.43820876,45.16684591
4,208,Genbank,F25-2614,CIAT-24104,Fabales,Fabaceae,Macroptilium,atropurpureum,Macroptilium atropurpureum,Herbaceous_legumes,29,92.35152969,13.10713049,86.89286951,26.64170878,25.53618553,45.31729099
4,209,Genbank,F25-2615,CIAT-24565,Fabales,Fabaceae,Vigna,unguiculata,Vigna unguiculata,Herbaceous_legumes,29,90.04,11.43523606,88.56476394,23.16338663,30.78779607,49.24363864
4,210,Genbank,F25-2615,CIAT-24565,Fabales,Fabaceae,Vigna,unguiculata,Vigna unguiculata,Herbaceous_legumes,29,90.10494753,11.40732805,88.59267195,23.16107144,31.21100553,49.97601993
4,211,Genbank,F25-2616,CIAT-33561,Fabales,Fabaceae,Desmodium,wigginsii,Desmodium wigginsii,Herbaceous_legumes,29,91.83081692,9.838384938,90.16161506,16.2936559,35.8552484,53.77150408
4,212,Genbank,F25-2616,CIAT-33561,Fabales,Fabaceae,Desmodium,wigginsii,Desmodium wigginsii,Herbaceous_legumes,29,91.92080792,9.979866137,90.02013386,16.2936559,36.37144762,55.59832078
4,213,Genbank,F25-2617,CIAT-34038,Fabales,Fabaceae,Vigna,unguiculata,Vigna unguiculata,Herbaceous_legumes,29,91.75494703,12.28167067,87.71832933,20.56824412,24.04917497,46.16750937
4,214,Genbank,F25-2617,CIAT-34038,Fabales,Fabaceae,Vigna,unguiculata,Vigna unguiculata,Herbaceous_legumes,29,91.82327069,12.20789474,87.79210526,20.56824412,24.59806746,47.74950224
4,215,Genbank,F25-2618,CIAT-34040,Fabales,Fabaceae,Vigna,aconitifolia,Vigna aconitifolia,Herbaceous_legumes,29,90.72185563,12.74896054,87.25103946,25.5636915,22.85370059,41.94484888
4,216,Genbank,F25-2618,CIAT-34040,Fabales,Fabaceae,Vigna,aconitifolia,Vigna aconitifolia,Herbaceous_legumes,29,90.59,12.87284823,87.12715177,25.5636915,22.44765848,42.0051425
4,217,Genbank,F25-2619,CIAT-34042,Fabales,Fabaceae,Vigna,aconitifolia,Vigna aconitifolia,Herbaceous_legumes,29,91.06089391,12.35177866,87.64822134,24.70704998,23.32593852,49.68867385
4,218,Genbank,F25-2619,CIAT-34042,Fabales,Fabaceae,Vigna,aconitifolia,Vigna aconitifolia,Herbaceous_legumes,29,91.08089191,12.38471673,87.61528327,24.70704998,23.4147663,48.23156371
4,219,Genbank,F25-2620,CIAT-34044,Fabales,Fabaceae,Vigna,aconitifolia,Vigna aconitifolia,Herbaceous_legumes,29,91.60503698,10.3460043,89.6539957,22.3628054,21.10603306,55.23353182
4,220,Genbank,F25-2620,CIAT-34044,Fabales,Fabaceae,Vigna,aconitifolia,Vigna aconitifolia,Herbaceous_legumes,29,91.54422789,10.53258654,89.46741346,22.3628054,20.23862974,53.30039912
4,221,Genbank,F25-2621,CIAT-34148,Fabales,Fabaceae,Vigna,radiata,Vigna radiata,Herbaceous_legumes,29,89.59312206,10.26019192,89.73980808,23.28788448,27.18308226,44.08476708
4,222,Genbank,F25-2621,CIAT-34148,Fabales,Fabaceae,Vigna,radiata,Vigna radiata,Herbaceous_legumes,29,89.49210158,10.26121774,89.73878226,23.28788448,28.45967384,45.40758921
4,223,Genbank,F25-2622,CIAT-34159,Fabales,Fabaceae,Vigna,unguiculata,Vigna unguiculata,Herbaceous_legumes,29,90.56188762,12.16568135,87.83431865,22.86358872,22.21471082,48.13623771
4,224,Genbank,F25-2622,CIAT-34159,Fabales,Fabaceae,Vigna,unguiculata,Vigna unguiculata,Herbaceous_legumes,29,90.40287914,11.82195977,88.17804023,22.86358872,22.46971514,49.135566
4,225,Genbank,F25-2623,CIAT-34347,Fabales,Fabaceae,Vigna,unguiculata,Vigna unguiculata,Herbaceous_legumes,29,89.46210758,11.92038605,88.07961395,32.50938499,23.31284213,43.22372754
4,226,Genbank,F25-2623,CIAT-34347,Fabales,Fabaceae,Vigna,unguiculata,Vigna unguiculata,Herbaceous_legumes,29,89.52314306,12.07558493,87.92441507,32.42041442,27.22562713,42.12928707
4,227,Genbank,F25-1692,CIAT-23715,Fabales,Fabaceae,Desmodium,sequax,Desmodium sequax,Shrub_Trees,29,93.76374175,5.199855362,94.80014464,16.813217,58.10429458,64.69971686
4,228,Genbank,F25-1692,CIAT-23715,Fabales,Fabaceae,Desmodium,sequax,Desmodium sequax,Shrub_Trees,29,93.82123575,5.233913996,94.766086,16.813217,60.17266582,66.13655172
4,229,Jacobo Arango/Alejandro Montoya,F25-0008,Sample-8,Poales,Poaceae,Cynodon, nlemfuensis ,Cynodon nlemfuensis ,Grass,27,93.3,11.3,88.7,0,0,76.1
4,229,Jacobo Arango/Alejandro Montoya,F25-0008,Sample-8,Poales,Poaceae,Cynodon, nlemfuensis ,Cynodon nlemfuensis ,Grass,28,93.3,11.3,88.7,0,0,76.1
4,229,Jacobo Arango/ Alejandro Montoya,F25-0008,Sample-8,Poales,Poaceae,Cynodon, nlemfuensis ,Cynodon nlemfuensis ,Grass,28,93.3,11.3,88.7,0,0,76.1
4,229,Jacobo Arango/ Alejandro Montoya,F25-0008,Sample-8,Poales,Poaceae,Cynodon, nlemfuensis ,Cynodon nlemfuensis ,Grass,29,93.3,11.3,88.7,0,0,76.1
4,229,Jacobo Arango/ Alejandro Montoya,F25-0008,Sample-8,Poales,Poaceae,Cynodon, nlemfuensis ,Cynodon nlemfuensis ,Grass,30,93.3,11.3,88.7,0,0,76.1
4,230,Jacobo Arango/Alejandro Montoya,F25-0008,Sample-8,Poales,Poaceae,Cynodon, nlemfuensis ,Cynodon nlemfuensis ,Grass,27,93.8,11.5,88.5,0,0,76.1
4,230,Jacobo Arango/Alejandro Montoya,F25-0008,Sample-8,Poales,Poaceae,Cynodon, nlemfuensis ,Cynodon nlemfuensis ,Grass,28,93.8,11.5,88.5,0,0,76.1
4,230,Jacobo Arango/ Alejandro Montoya,F25-0008,Sample-8,Poales,Poaceae,Cynodon, nlemfuensis ,Cynodon nlemfuensis ,Grass,28,93.8,11.5,88.5,0,0,76.1
4,230,Jacobo Arango/ Alejandro Montoya,F25-0008,Sample-8,Poales,Poaceae,Cynodon, nlemfuensis ,Cynodon nlemfuensis ,Grass,29,93.8,11.5,88.5,0,0,76.1
4,230,Jacobo Arango/ Alejandro Montoya,F25-0008,Sample-8,Poales,Poaceae,Cynodon, nlemfuensis ,Cynodon nlemfuensis ,Grass,30,93.8,11.5,88.5,0,0,76.1
4,,Jacobo Arango/Alejandro Montoya,F25-0008,Sample-8,Poales,Poaceae,Cynodon, nlemfuensis ,Cynodon nlemfuensis ,Grass,27,93.6,11.3,88.7,13.1,37.8,76.1
4,,Jacobo Arango/Alejandro Montoya,F25-0008,Sample-8,Poales,Poaceae,Cynodon, nlemfuensis ,Cynodon nlemfuensis ,Grass,27,93.8,11.5,88.5,13.1,37.8,76.1
4,,Jacobo Arango/Alejandro Montoya,F25-0008,Sample-8,Poales,Poaceae,Cynodon, nlemfuensis ,Cynodon nlemfuensis ,Grass,28,93.6,11.3,88.7,13.1,37.8,76.1
4,,Jacobo Arango/Alejandro Montoya,F25-0008,Sample-8,Poales,Poaceae,Cynodon, nlemfuensis ,Cynodon nlemfuensis ,Grass,28,93.8,11.5,88.5,13.1,37.8,76.1
4,,Jacobo Arango/ Alejandro Montoya,F25-0008,Sample-8,Poales,Poaceae,Cynodon, nlemfuensis ,Cynodon nlemfuensis ,Grass,28,93.6,11.3,88.7,13.1,37.8,76.1
4,,Jacobo Arango/ Alejandro Montoya,F25-0008,Sample-8,Poales,Poaceae,Cynodon, nlemfuensis ,Cynodon nlemfuensis ,Grass,28,93.8,11.5,88.5,13.1,37.8,76.1
4,,Jacobo Arango/ Alejandro Montoya,F25-0008,Sample-8,Poales,Poaceae,Cynodon, nlemfuensis ,Cynodon nlemfuensis ,Grass,29,93.6,11.3,88.7,13.1,37.8,76.1
4,,Jacobo Arango/ Alejandro Montoya,F25-0008,Sample-8,Poales,Poaceae,Cynodon, nlemfuensis ,Cynodon nlemfuensis ,Grass,29,93.8,11.5,88.5,13.1,37.8,76.1
4,,Genbank,F26-0013,CIAT-590,Fabales,Fabaceae,Macroptilium,bracteatum,Macroptilium bracteatum,Herbaceous_legumes,30,92.4715057,10.4079559,89.5920441,18.59638097,36.32508537,55.09395663
4,,Genbank,F26-0013,CIAT-590,Fabales,Fabaceae,Macroptilium,bracteatum,Macroptilium bracteatum,Herbaceous_legumes,30,92.73435938,10.67360319,89.32639681,18.34283136,35.83839106,55.8271184
4,,Genbank,F26-0014,CIAT-778,Fabales,Fabaceae,Macroptilium,atropurpureum,Macroptilium atropurpureum,Herbaceous_legumes,30,92.57371314,12.37190073,87.62809927,22.84205672,35.23702913,52.30029735
4,,Genbank,F26-0014,CIAT-778,Fabales,Fabaceae,Macroptilium,atropurpureum,Macroptilium atropurpureum,Herbaceous_legumes,30,92.59222233,12.34198072,87.65801928,22.84205672,36.2488032,53.34640801
4,,Genbank,F26-0015,CIAT-827,Fabales,Fabaceae,Indigofera,jamaicensis,Indigofera jamaicensis,Herbaceous_legumes,30,94.74,11.93478605,88.06521395,21.61626081,27.19045705,48.11309219
4,,Genbank,F26-0015,CIAT-827,Fabales,Fabaceae,Indigofera,jamaicensis,Indigofera jamaicensis,Herbaceous_legumes,30,94.79,11.63931831,88.36068169,21.61626081,28.32269691,47.08554151
4,,Genbank,F26-0016,CIAT-997,Fabales,Fabaceae,Macroptilium,atropurpureum,Macroptilium atropurpureum,Herbaceous_legumes,30,93.54064594,12.3115539,87.6884461,21.4350367,32.80045143,51.11309781
4,,Genbank,F26-0016,CIAT-997,Fabales,Fabaceae,Macroptilium,atropurpureum,Macroptilium atropurpureum,Herbaceous_legumes,30,93.58192542,12.29840735,87.70159265,21.4350367,32.7530679,50.53571142
4,,Genbank,F26-0017,CIAT-1405,Fabales,Fabaceae,Stylosanthes,capitata,Stylosanthes capitata,Herbaceous_legumes,30,94.55108978,13.39732003,86.60267997,16.06877613,44.13245587,61.52843714
4,,Genbank,F26-0017,CIAT-1405,Fabales,Fabaceae,Stylosanthes,capitata,Stylosanthes capitata,Herbaceous_legumes,30,94.70264868,15.1572473,84.8427527,16.06877613,42.61839104,60.18107376
4,,Genbank,F26-0018,CIAT-1812,Fabales,Fabaceae,Stylosanthes,viscosa,Stylosanthes viscosa,Herbaceous_legumes,30,95.42183127,11.34088113,88.65911887,11.38570084,43.60282667,55.43478458
4,,Genbank,F26-0018,CIAT-1812,Fabales,Fabaceae,Stylosanthes,viscosa,Stylosanthes viscosa,Herbaceous_legumes,30,95.49225387,9.737733407,90.26226659,11.38570084,44.59353456,57.12021285
4,,Genbank,F26-0019,CIAT-3694,Fabales,Fabaceae,Desmodium,sandwicense,Desmodium sandwicense,Herbaceous_legumes,30,94.38112378,10.92410289,89.07589711,17.41588153,45.96543024,59.80370585
4,,Genbank,F26-0019,CIAT-3694,Fabales,Fabaceae,Desmodium,sandwicense,Desmodium sandwicense,Herbaceous_legumes,30,94.52109578,14.93595851,85.06404149,17.41588153,47.15245031,62.21633741
4,,Genbank,F26-0020,CIAT-4080,Fabales,Fabaceae,Macroptilium,bracteatum,Macroptilium bracteatum,Herbaceous_legumes,30,94.67213115,17.64048907,82.35951093,21.55350622,30.31303992,51.09512052
4,,Genbank,F26-0020,CIAT-4080,Fabales,Fabaceae,Macroptilium,bracteatum,Macroptilium bracteatum,Herbaceous_legumes,30,94.70264868,14.73588352,85.26411648,21.55350622,31.02557059,51.42138988
4,,Genbank,F26-0021,CIAT-7162,Fabales,Fabaceae,Indigofera,jamaicensis,Indigofera jamaicensis,Herbaceous_legumes,30,93.93242703,14.48093425,85.51906575,23.42333436,32.7547816,44.92651898
4,,Genbank,F26-0021,CIAT-7162,Fabales,Fabaceae,Indigofera,jamaicensis,Indigofera jamaicensis,Herbaceous_legumes,30,94.10176947,17.19384107,82.80615893,23.42333436,31.89758056,45.51943266
4,,Genbank,F26-0022,CIAT-8820,Fabales,Fabaceae,Tephrosia,cinerea,Tephrosia cinerea,Herbaceous_legumes,30,95.0409918,10.52634285,89.47365715,24.38627131,33.68961447,51.84466
4,,Genbank,F26-0022,CIAT-8820,Fabales,Fabaceae,Tephrosia,cinerea,Tephrosia cinerea,Herbaceous_legumes,30,95.11048895,8.539705343,91.46029466,24.16300248,33.59011781,51.92814426
4,,Genbank,F26-0023,CIAT-14080,Fabales,Fabaceae,Zornia,brasiliensis,Zornia brasiliensis,Herbaceous_legumes,30,94.68053195,18.53586482,81.46413518,17.22808905,28.67079411,47.66846964
4,,Genbank,F26-0023,CIAT-14080,Fabales,Fabaceae,Zornia,brasiliensis,Zornia brasiliensis,Herbaceous_legumes,30,94.77104579,18.37569146,81.62430854,17.22808905,26.76431122,45.62639169
4,,Genbank,F26-0024,CIAT-18950,Fabales,Fabaceae,Indigofera,spicata,Indigofera spicata,Herbaceous_legumes,30,93.51324338,15.14455192,84.85544808,21.86273111,33.58298363,42.55503985
4,,Genbank,F26-0024,CIAT-18950,Fabales,Fabaceae,Indigofera,spicata,Indigofera spicata,Herbaceous_legumes,30,93.52323838,16.64083792,83.35916208,21.86273111,31.96986787,41.18982428
4,,Genbank,F26-0025,CIAT-19193,Fabales,Fabaceae,Tephrosia,villosa,Tephrosia villosa,Herbaceous_legumes,30,94.32113577,7.122373825,92.87762618,21.65767298,35.02232084,57.97107762
4,,Genbank,F26-0025,CIAT-19193,Fabales,Fabaceae,Tephrosia,villosa,Tephrosia villosa,Herbaceous_legumes,30,94.34226309,7.195126481,92.80487352,21.65767298,35.54047447,58.15232662
4,,Genbank,F26-0026,CIAT-19641,Fabales,Fabaceae,Tephrosia,purpurea,Tephrosia purpurea,Herbaceous_legumes,30,96.03158737,8.27392413,91.72607587,20.31614144,41.45058715,61.64922941
4,,Genbank,F26-0026,CIAT-19641,Fabales,Fabaceae,Tephrosia,purpurea,Tephrosia purpurea,Herbaceous_legumes,30,96.06157537,8.398813551,91.60118645,20.31614144,40.37681224,61.3245639
4,,Genbank,F26-0027,CIAT-23503,Fabales,Fabaceae,Desmodium,macrodesmum,Desmodium macrodesmum,Herbaceous_legumes,30,93.30133973,14.17307697,85.82692303,20.34431216,40.06808341,55.1049995
4,,Genbank,F26-0027,CIAT-23503,Fabales,Fabaceae,Desmodium,macrodesmum,Desmodium macrodesmum,Herbaceous_legumes,30,93.35332334,12.27322444,87.72677556,20.34431216,40.54684301,56.17776724
4,,Genbank,F26-0028,CIAT-24333,Fabales,Fabaceae,Macroptilium,bracteatum,Macroptilium bracteatum,Herbaceous_legumes,30,94.36169149,9.794521141,90.20547886,15.85300644,35.60478419,55.38347234
4,,Genbank,F26-0028,CIAT-24333,Fabales,Fabaceae,Macroptilium,bracteatum,Macroptilium bracteatum,Herbaceous_legumes,30,94.46276862,9.591418674,90.40858133,15.85300644,34.84878888,54.71688391
4,,Genbank,F26-0029,CIAT-33235,Fabales,Fabaceae,Desmodium,scorpiurus,Desmodium scorpiurus,Herbaceous_legumes,30,93.25337331,15.72098844,84.27901156,20.05227466,42.48758016,55.28578059
4,,Genbank,F26-0029,CIAT-33235,Fabales,Fabaceae,Desmodium,scorpiurus,Desmodium scorpiurus,Herbaceous_legumes,30,93.41,15.18241072,84.81758928,20.05227466,44.52489534,57.9420701
4,,Genbank,F26-0030,CIAT-33605,Fabales,Fabaceae,Desmodium,sandwicense x intortum,Desmodium sandwicense x intortum,Herbaceous_legumes,30,95.51269238,10.06173222,89.93826778,19.32230436,46.27045659,58.84233884
4,,Genbank,F26-0030,CIAT-33605,Fabales,Fabaceae,Desmodium,sandwicense x intortum,Desmodium sandwicense x intortum,Herbaceous_legumes,30,95.5922039,11.08784009,88.91215991,19.32230436,46.64076047,60.38181453
4,,Genbank,F26-0031,CIAT-34144,Fabales,Fabaceae,Vigna,radiata,Vigna radiata,Herbaceous_legumes,30,90.84274718,11.40489067,88.59510933,24.93033588,21.64260736,49.03854788
4,,Genbank,F26-0031,CIAT-34144,Fabales,Fabaceae,Vigna,radiata,Vigna radiata,Herbaceous_legumes,30,90.95452274,11.9523992,88.0476008,24.93033588,21.53824801,48.81762153
4,,Genbank,F26-0032,CIAT-7934,Fabales,Fabaceae,Sesbania,sesban,Sesbania sesban,Shrub_Trees,30,96.33220068,15.02212083,84.97787917,26.7015145,19.53361176,48.26924806
4,,Genbank,F26-0032,CIAT-7934,Fabales,Fabaceae,Sesbania,sesban,Sesbania sesban,Shrub_Trees,30,96.60067986,10.89280209,89.10719791,26.9338475,18.97979504,49.07538686
4,,Genbank,F26-0033,CIAT-7937,Fabales,Fabaceae,Mimosa,nuda,Mimosa nuda,Shrub_Trees,30,96.18038196,6.693638313,93.30636169,14.64673735,42.24165306,61.9745792
4,,Genbank,F26-0033,CIAT-7937,Fabales,Fabaceae,Mimosa,nuda,Mimosa nuda,Shrub_Trees,30,96.22188906,9.69358343,90.30641657,14.64673735,42.62361886,62.54387625
4,,Genbank,F26-0034,CIAT-8056,Fabales,Fabaceae,Mimosa,diplotricha,Mimosa diplotricha,Shrub_Trees,30,95.27236382,7.845643785,92.15435621,18.61665369,42.0015865,54.93376996
4,,Genbank,F26-0034,CIAT-8056,Fabales,Fabaceae,Mimosa,diplotricha,Mimosa diplotricha,Shrub_Trees,30,95.31140658,11.99112811,88.00887189,18.61665369,36.51060581,53.93183451
4,,Genbank,F26-0035,CIAT-17514,Fabales,Fabaceae,Mimosa,pudica,Mimosa pudica,Shrub_Trees,30,96.38,8.803777452,91.19622255,19.83297352,41.7560847,59.10010519
4,,Genbank,F26-0035,CIAT-17514,Fabales,Fabaceae,Mimosa,pudica,Mimosa pudica,Shrub_Trees,30,96.49175412,11.26610557,88.73389443,19.83297352,40.54936567,59.6812131
4,,Genbank,F26-0036,CIAT-17725,Fabales,Fabaceae,Mimosa,polycarpa,Mimosa polycarpa,Shrub_Trees,30,95.60263842,6.215749836,93.78425016,21.37591113,34.72698666,61.85231634
4,,Genbank,F26-0036,CIAT-17725,Fabales,Fabaceae,Mimosa,polycarpa,Mimosa polycarpa,Shrub_Trees,30,95.73170732,9.780008353,90.21999165,21.37591113,35.5817939,60.31573107
4,,Genbank,F26-0037,CIAT-18947,Fabales,Fabaceae,Sesbania,sesban,Sesbania sesban,Shrub_Trees,30,95.44182327,10.20738218,89.79261782,28.7937842,20.50165043,47.08143203
4,,Genbank,F26-0037,CIAT-18947,Fabales,Fabaceae,Sesbania,sesban,Sesbania sesban,Shrub_Trees,30,95.52,9.247921756,90.75207824,28.7937842,20.43736611,44.9274122
4,,Genbank,F26-0038,CIAT-19165,Fabales,Fabaceae,Sesbania,keniensis,Sesbania keniensis,Shrub_Trees,30,96.40143942,12.29268074,87.70731926,25.52109302,30.66274946,50.45526667
4,,Genbank,F26-0038,CIAT-19165,Fabales,Fabaceae,Sesbania,keniensis,Sesbania keniensis,Shrub_Trees,30,96.48175912,8.498305825,91.50169417,25.52109302,30.12822962,50.35192195
4,,Genbank,F26-0039,CIAT-21899,Fabales,Fabaceae,Sesbania,sesban,Sesbania sesban,Shrub_Trees,30,95.79210395,8.02004121,91.97995879,18.3249602,40.97971735,62.88480054
4,,Genbank,F26-0039,CIAT-21899,Fabales,Fabaceae,Sesbania,sesban,Sesbania sesban,Shrub_Trees,30,95.88164734,7.958261545,92.04173846,18.3249602,41.75912475,63.16837771
4,,Genbank,F26-0040,CIAT-23414,Fabales,Fabaceae,Codariocalyx,motorius,Codariocalyx motorius,Shrub_Trees,30,96.14115765,9.238543739,90.76145626,16.52258254,44.9082187,64.31513883
4,,Genbank,F26-0040,CIAT-23414,Fabales,Fabaceae,Codariocalyx,motorius,Codariocalyx motorius,Shrub_Trees,30,96.47211673,9.432942044,90.56705796,15.86640488,42.72209983,61.39164182
4,,Genbank,F26-0041,CIAT-23767,Fabales,Fabaceae,Desmodium,nicaraguense,Desmodium nicaraguense,Shrub_Trees,30,94.95201919,10.04903424,89.95096576,19.05313828,27.53672068,55.90629074
4,,Genbank,F26-0041,CIAT-23767,Fabales,Fabaceae,Desmodium,nicaraguense,Desmodium nicaraguense,Shrub_Trees,30,95.04,10.14779467,89.85220533,19.05313828,26.26164836,53.52832846
4,,Genbank,F26-0042,CIAT-33127,Fabales,Fabaceae,Codariocalyx,motorius,Codariocalyx motorius,Shrub_Trees,30,95.53223388,9.304820097,90.6951799,13.66830468,43.8186202,62.43368834
4,,Genbank,F26-0042,CIAT-33127,Fabales,Fabaceae,Codariocalyx,motorius,Codariocalyx motorius,Shrub_Trees,30,95.67086583,9.757304549,90.24269545,13.65583273,46.71348515,66.75154809
4,,Breeding,F25-2104,CIAT-BR-06-1348,Poales,Poaceae,Urochloa,interespecifico,Brachiaria interespecifico,Grass,30,93.02,14.27,85.73,12.27,25.43,59.24
4,,Breeding,F25-2104,CIAT-BR-06-1348,Poales,Poaceae,Urochloa,interespecifico,Brachiaria interespecifico,Grass,30,93.16,14.68,85.32,12.18,25.85,60.28
4,,Breeding,F25-2166,CIAT-BH-22-0528,Poales,Poaceae,Urochloa,humidicola,Urochloa humidicola,Grass,30,98.2,12.48,87.52,8.8,36.63,73.37
4,,Breeding,F25-2166,CIAT-BH-22-0528,Poales,Poaceae,Urochloa,humidicola,Urochloa humidicola,Grass,30,98.22,15.08,84.92,8.73,36.96,73.74
4,,Jacobo Arango/ Alejandro Montoya,F25-0008,Sample-8,Poales,Poaceae,Cynodon, nlemfuensis ,Cynodon nlemfuensis ,Grass,30,93.6,11.3,88.7,13.1,37.8,76.1
4,,Jacobo Arango/ Alejandro Montoya,F25-0008,Sample-8,Poales,Poaceae,Cynodon, nlemfuensis ,Cynodon nlemfuensis ,Grass,30,93.8,11.5,88.5,13.1,37.8,76.1
5,1,Genebank,F26-0043,CIAT-43427,Fabales,Fabaceae,Desmodium,nicaraguense,Desmodium nicaraguense,Shrub_Trees,32,96.14077185,9.228180435,90.77181957,19.92066962,31.93755773,62.95859574
5,2,Genebank,F26-0043,CIAT-43427,Fabales,Fabaceae,Desmodium,nicaraguense,Desmodium nicaraguense,Shrub_Trees,32,96.49140344,9.226335537,90.77366446,19.92066962,32.06854815,61.97841312
5,3,Genebank,F26-0044,CIAT-601,Poales,Poaceae,Hyparrhenia,rufa,Hyparrhenia rufa,Grass,32,92.80071993,15.59978469,84.40021531,16.16407202,31.23963872,66.73529486
5,4,Genebank,F26-0044,CIAT-601,Poales,Poaceae,Hyparrhenia,rufa,Hyparrhenia rufa,Grass,32,92.82430542,15.87195614,84.12804386,16.16407202,31.94758379,66.19551853
5,5,Genebank,F26-0045,CIAT-606,Poales,Poaceae,Brachiaria,decumbens,Brachiaria decumbens,Grass,32,96.26224265,13.81500044,86.18499956,14.87095296,29.18439096,69.44402904
5,6,Genebank,F26-0045,CIAT-606,Poales,Poaceae,Brachiaria,decumbens,Brachiaria decumbens,Grass,32,96.60067986,13.88273325,86.11726675,14.87095296,28.91467691,67.28108774
5,7,Genebank,F26-0046,CIAT-6038,Poales,Poaceae,Sorghum,almum,Sorghum almum,Grass,32,94.09059094,11.59031776,88.40968224,15.67949542,33.74912781,70.61842569
5,8,Genebank,F26-0046,CIAT-6038,Poales,Poaceae,Sorghum,almum,Sorghum almum,Grass,32,94.15116977,11.49355636,88.50644364,15.67949542,33.52613188,69.36413175
5,9,Genebank,F26-0047,CIAT-6042,Poales,Poaceae,Chloris,gayana,Chloris gayana,Grass,32,92.81215635,11.80584641,88.19415359,13.58801274,34.79386617,73.74849115
5,10,Genebank,F26-0047,CIAT-6042,Poales,Poaceae,Chloris,gayana,Chloris gayana,Grass,32,92.80287885,11.71850085,88.28149915,13.58801274,35.1788724,73.79985363
5,11,Genebank,F26-0048,CIAT-6080,Poales,Poaceae,Eragrostis,curvula,Eragrostis curvula,Grass,32,96.22188906,6.039537176,93.96046282,13.00366648,37.86034992,77.43141672
5,11,GENBANK,F26-0048,CIAT-6080,Poales,Poaceae,Eragrostis,curvula,Eragrostis curvula,Grass,37,96.22188906,6.039537176,93.96046282,13.00366648,37.86034992,77.43141672
5,12,Genebank,F26-0048,CIAT-6080,Poales,Poaceae,Eragrostis,curvula,Eragrostis curvula,Grass,32,96.4117941,6.828205261,93.17179474,13.00366648,37.22018541,79.29995936
5,12,GENBANK,F26-0048,CIAT-6080,Poales,Poaceae,Eragrostis,curvula,Eragrostis curvula,Grass,37,96.4117941,6.828205261,93.17179474,13.00366648,37.22018541,79.29995936
5,13,Genebank,F26-0049,CIAT-6159,Poales,Poaceae,Andropogon,gayanus,Andropogon gayanus,Grass,32,94.22346592,8.004288923,91.99571108,14.36029587,36.50494143,72.03528516
5,14,Genebank,F26-0049,CIAT-6159,Poales,Poaceae,Andropogon,gayanus,Andropogon gayanus,Grass,32,94.31227509,7.4332825,92.5667175,14.36029587,36.06141753,72.19687246
5,15,Genebank,F26-0050,CIAT-6235,Poales,Poaceae,Andropogon,gayanus,Andropogon gayanus,Grass,32,96.08235059,7.885203982,92.11479602,12.95515063,35.44042449,70.89610286
5,16,Genebank,F26-0050,CIAT-6235,Poales,Poaceae,Andropogon,gayanus,Andropogon gayanus,Grass,32,96.06118165,9.39640456,90.60359544,12.95515063,35.57380247,71.13918469
5,17,Genebank,F26-0051,CIAT-6236,Poales,Poaceae,Andropogon,gayanus,Andropogon gayanus,Grass,32,93.44262295,10.78690341,89.21309659,13.60459474,35.89444213,68.82018468
5,18,Genebank,F26-0051,CIAT-6236,Poales,Poaceae,Andropogon,gayanus,Andropogon gayanus,Grass,32,93.56128774,9.848091769,90.15190823,13.60459474,36.27442311,69.47555588
5,19,Genebank,F26-0052,CIAT-6370,Poales,Poaceae,Brachiaria,decumbens,Brachiaria decumbens,Grass,32,94.57162851,12.68151955,87.31848045,13.35273964,27.49988567,60.51230165
5,20,Genebank,F26-0052,CIAT-6370,Poales,Poaceae,Brachiaria,decumbens,Brachiaria decumbens,Grass,32,94.78104379,14.66810306,85.33189694,13.34862686,27.08588498,59.39019926
5,21,Genebank,F26-0053,CIAT-6489,Poales,Poaceae,Panicum,maximum,Panicum maximum,Grass,32,96.71131547,20.07860416,79.92139584,15.0351207,36.07571809,69.49749183
5,22,Genebank,F26-0053,CIAT-6489,Poales,Poaceae,Panicum,maximum,Panicum maximum,Grass,32,96.75064987,12.94052449,87.05947551,15.0351207,35.30704844,69.24339387
5,23,Genebank,F26-0054,CIAT-6590,Poales,Poaceae,Panicum,maximum,Panicum maximum,Grass,32,93.51,14.27248659,85.72751341,13.44911958,36.54933638,68.40232703
5,24,Genebank,F26-0054,CIAT-6590,Poales,Poaceae,Panicum,maximum,Panicum maximum,Grass,32,93.56321839,14.87443644,85.12556356,13.44911958,36.22846792,67.24592951
5,25,Genebank,F26-0055,CIAT-6793,Poales,Poaceae,Panicum,maximum,Panicum maximum,Grass,32,94.41111778,13.88788533,86.11211467,13.84396502,32.52566598,63.87156139
5,26,Genebank,F26-0055,CIAT-6793,Poales,Poaceae,Panicum,maximum,Panicum maximum,Grass,32,94.49275362,13.11122742,86.88877258,13.84396502,31.84010813,64.22174874
5,27,Genebank,F26-0056,CIAT-6817,Poales,Poaceae,Panicum,maximum,Panicum maximum,Grass,32,94.38056194,14.53658046,85.46341954,14.53292956,37.31240172,71.44343721
5,28,Genebank,F26-0056,CIAT-6817,Poales,Poaceae,Panicum,maximum,Panicum maximum,Grass,32,94.50329802,15.04784275,84.95215725,14.53292956,35.78792265,69.74317253
5,29,Genebank,F26-0057,CIAT-6901,Poales,Poaceae,Panicum,maximum,Panicum maximum,Grass,32,94.67213115,14.58561597,85.41438403,12.74698237,37.74716519,71.76747171
5,30,Genebank,F26-0057,CIAT-6901,Poales,Poaceae,Panicum,maximum,Panicum maximum,Grass,32,91.46426787,12.74771407,87.25228593,12.74698237,38.10075748,72.54704011
5,31,Genebank,F26-0058,CIAT-16076,Poales,Poaceae,Pennisetum,purpureum,Pennisetum purpureum,Grass,32,92.05238428,20.70773573,79.29226427,19.6031136,29.37191192,57.42656396
5,32,Genebank,F26-0058,CIAT-16076,Poales,Poaceae,Pennisetum,purpureum,Pennisetum purpureum,Grass,32,92.07475515,20.37586074,79.62413926,19.6031136,29.16113039,56.16445353
5,33,Genebank,F26-0059,CIAT-16081,Poales,Poaceae,Paspalum,secans,Paspalum secans,Grass,32,93.99060094,10.85932269,89.14067731,11.21059818,44.21973411,77.31129468
5,33,GENBANK,F26-0059,CIAT-16081,Poales,Poaceae,Paspalum,secans,Paspalum secans,Grass,37,93.99060094,10.85932269,89.14067731,11.21059818,44.21973411,77.31129468
5,34,Genebank,F26-0059,CIAT-16081,Poales,Poaceae,Paspalum,secans,Paspalum secans,Grass,32,94.03179046,10.08088109,89.91911891,11.21059818,43.38940223,78.05040133
5,34,GENBANK,F26-0059,CIAT-16081,Poales,Poaceae,Paspalum,secans,Paspalum secans,Grass,37,94.03179046,10.08088109,89.91911891,11.21059818,43.38940223,78.05040133
5,35,Genebank,F26-0060,CIAT-16082,Poales,Poaceae,Paspalum,guenoarum,Paspalum guenoarum,Grass,32,93.48390965,9.863956899,90.1360431,9.403140686,42.327918,75.23225936
5,36,Genebank,F26-0060,CIAT-16082,Poales,Poaceae,Paspalum,guenoarum,Paspalum guenoarum,Grass,32,93.752499,10.05812232,89.94187768,9.403140686,41.52075636,74.68470367
5,37,Genebank,F26-0061,CIAT-16215,Poales,Poaceae,Brachiaria,lachnantha,Brachiaria lachnantha,Grass,32,94.20057994,11.66850602,88.33149398,15.87678158,35.4506918,69.09899814
5,38,Genebank,F26-0061,CIAT-16215,Poales,Poaceae,Brachiaria,lachnantha,Brachiaria lachnantha,Grass,32,94.32227109,11.58017045,88.41982955,15.87678158,35.10087084,68.20089484
5,39,Genebank,F26-0062,CIAT-16234,Poales,Poaceae,Echinochloa,pyramidalis,Echinochloa pyramidalis,Grass,32,93.3240056,14.3188129,85.6811871,13.5547749,26.48386384,54.81171286
5,40,Genebank,F26-0062,CIAT-16234,Poales,Poaceae,Echinochloa,pyramidalis,Echinochloa pyramidalis,Grass,32,93.31133773,17.58157738,82.41842262,13.593118,26.36518406,54.73703148
5,41,Genebank,F26-0063,CIAT-16254,Poales,Poaceae,Hyparrhenia,hirta,Hyparrhenia hirta,Grass,32,,,,,,
5,41,GENBANK,F26-0063,CIAT-16254,Poales,Poaceae,Hyparrhenia,hirta,Hyparrhenia hirta,Grass,37,,,,,,
5,42,Genebank,F26-0063,CIAT-16254,Poales,Poaceae,Hyparrhenia,hirta,Hyparrhenia hirta,Grass,32,,,,,,
5,42,GENBANK,F26-0063,CIAT-16254,Poales,Poaceae,Hyparrhenia,hirta,Hyparrhenia hirta,Grass,37,,,,,,
5,43,Genebank,F26-0064,CIAT-16287,Poales,Poaceae,Echinochloa,haploclada,Echinochloa haploclada,Grass,32,92.07475515,15.08737653,84.91262347,15.26773355,36.31183785,66.07911705
5,44,Genebank,F26-0064,CIAT-16287,Poales,Poaceae,Echinochloa,haploclada,Echinochloa haploclada,Grass,32,92.07475515,17.48616086,82.51383914,15.26773355,36.67246999,66.04561393
5,45,Genebank,F26-0065,CIAT-16309,Poales,Poaceae,Brachiaria,brizantha,Brachiaria brizantha,Grass,32,94.71211515,19.57353499,80.42646501,13.64938134,31.46046659,63.49300772
5,46,Genebank,F26-0065,CIAT-16309,Poales,Poaceae,Brachiaria,brizantha,Brachiaria brizantha,Grass,32,94.65160452,18.31902815,81.68097185,13.64938134,32.31832163,64.57271673
5,47,Genebank,F26-0066,CIAT-16379,Poales,Poaceae,Panicum,maximum,Panicum maximum,Grass,32,,,,,,
5,47,GENBANK,F26-0066,CIAT-16379,Poales,Poaceae,Panicum,maximum,Panicum maximum,Grass,37,,,,,,
5,48,Genebank,F26-0066,CIAT-16379,Poales,Poaceae,Panicum,maximum,Panicum maximum,Grass,32,,,,,,
5,48,GENBANK,F26-0066,CIAT-16379,Poales,Poaceae,Panicum,maximum,Panicum maximum,Grass,37,,,,,,
5,49,Genebank,F26-0067,CIAT-16537,Poales,Poaceae,Sporobolus,sp.,Sporobolus sp.,Grass,32,96.16230262,15.22172424,84.77827576,14.1634369,33.56950963,68.45811919
5,49,Genebank,F26-0067,CIAT-16537,Poales,Poaceae,Sporobolus,sp.,Sporobolus sp.,Grass,35,96.16230262,15.22172424,84.77827576,14.1634369,33.56950963,68.45811919
5,50,Genebank,F26-0067,CIAT-16537,Poales,Poaceae,Sporobolus,sp.,Sporobolus sp.,Grass,32,97.26082175,13.6550769,86.3449231,14.1634369,33.23575816,68.51408157
5,50,Genebank,F26-0067,CIAT-16537,Poales,Poaceae,Sporobolus,sp.,Sporobolus sp.,Grass,35,97.26082175,13.6550769,86.3449231,14.1634369,33.23575816,68.51408157
5,51,Genebank,F26-0068,CIAT-16561,Poales,Poaceae,Panicum,maximum,Panicum maximum,Grass,32,,,,,,
5,51,Genebank,F26-0068,CIAT-16561,Poales,Poaceae,Panicum,maximum,Panicum maximum,Grass,35,,,,,,
5,51,GENBANK,F26-0068,CIAT-16561,Poales,Poaceae,Panicum,maximum,Panicum maximum,Grass,37,,,,,,
5,52,Genebank,F26-0068,CIAT-16561,Poales,Poaceae,Panicum,maximum,Panicum maximum,Grass,32,,,,,,
5,52,Genebank,F26-0068,CIAT-16561,Poales,Poaceae,Panicum,maximum,Panicum maximum,Grass,35,,,,,,
5,52,GENBANK,F26-0068,CIAT-16561,Poales,Poaceae,Panicum,maximum,Panicum maximum,Grass,37,,,,,,
5,53,Genebank,F26-0069,CIAT-16569,Poales,Poaceae,Panicum,infestum,Panicum infestum,Grass,32,94.32283858,12.77785823,87.22214177,12.55941282,34.7791535,70.49140595
5,54,Genebank,F26-0069,CIAT-16569,Poales,Poaceae,Panicum,infestum,Panicum infestum,Grass,32,94.50329802,10.72301306,89.27698694,12.55941282,35.09813359,71.30210463
5,55,Genebank,F26-0070,CIAT-16629,Poales,Poaceae,Echinochloa,haploclada,Echinochloa haploclada,Grass,32,93.59064094,12.10818829,87.89181171,12.907679,36.03452951,66.88613842
5,56,Genebank,F26-0070,CIAT-16629,Poales,Poaceae,Echinochloa,haploclada,Echinochloa haploclada,Grass,32,93.70188943,11.62537978,88.37462022,12.907679,35.70576972,66.62245984
5,57,Genebank,F26-0071,CIAT-16635,Poales,Poaceae,Cenchrus,ciliaris,Cenchrus ciliaris,Grass,32,92.45075492,13.9416898,86.0583102,17.78783866,34.74222313,67.26750911
5,58,Genebank,F26-0071,CIAT-16635,Poales,Poaceae,Cenchrus,ciliaris,Cenchrus ciliaris,Grass,32,92.44377811,14.02260849,85.97739151,17.78783866,34.40642106,67.39212886
5,59,Genebank,F26-0072,CIAT-16644,Poales,Poaceae,Cenchrus,ciliaris,Cenchrus ciliaris,Grass,32,89.65,11.20993875,88.79006125,16.22808678,39.0251629,65.99777033
5,60,Genebank,F26-0072,CIAT-16644,Poales,Poaceae,Cenchrus,ciliaris,Cenchrus ciliaris,Grass,32,89.65517241,11.18203939,88.81796061,16.29008096,38.41935296,66.10389243
5,61,Genebank,F26-0073,CIAT-16665,Poales,Poaceae,Chloris,gayana,Chloris gayana,Grass,32,94.48220712,12.078622,87.921378,16.08145846,33.81355607,63.23892456
5,62,Genebank,F26-0073,CIAT-16665,Poales,Poaceae,Chloris,gayana,Chloris gayana,Grass,32,94.70211915,12.14202684,87.85797316,16.08145846,33.8060894,63.89957753
5,63,Genebank,F26-0074,CIAT-16666,Poales,Poaceae,Chloris,gayana,Chloris gayana,Grass,32,94.20057994,14.13695251,85.86304749,13.91847907,37.88134879,65.57857355
5,64,Genebank,F26-0074,CIAT-16666,Poales,Poaceae,Chloris,gayana,Chloris gayana,Grass,32,94.22288856,14.15251873,85.84748127,13.91847907,37.73943703,65.93413672
5,65,Genebank,F26-0075,CIAT-16683,Poales,Poaceae,Cynodon,sp.,Cynodon sp.,Grass,32,93.04139172,11.34964311,88.65035689,13.05790121,34.00054761,60.24721534
5,66,Genebank,F26-0075,CIAT-16683,Poales,Poaceae,Cynodon,sp.,Cynodon sp.,Grass,32,93.18272691,11.46546407,88.53453593,13.05790121,33.81040625,60.21437846
5,67,Genebank,F26-0076,CIAT-16690,Poales,Poaceae,Cynodon,sp.,Cynodon sp.,Grass,32,,,,,,
5,67,GENBANK,F26-0076,CIAT-16690,Poales,Poaceae,Cynodon,sp.,Cynodon sp.,Grass,37,,,,,,
5,68,Genebank,F26-0076,CIAT-16690,Poales,Poaceae,Cynodon,sp.,Cynodon sp.,Grass,32,,,,,,
5,68,GENBANK,F26-0076,CIAT-16690,Poales,Poaceae,Cynodon,sp.,Cynodon sp.,Grass,37,,,,,,
5,69,Genebank,F26-0077,CIAT-16727,Poales,Poaceae,Bothriochloa,sp.,Bothriochloa sp.,Grass,32,94.1734959,13.69439592,86.30560408,14.47048618,39.29232569,67.04702297
5,70,Genebank,F26-0077,CIAT-16727,Poales,Poaceae,Bothriochloa,sp.,Bothriochloa sp.,Grass,32,94.11176647,13.5073611,86.4926389,14.47048618,39.68121625,66.92695099
5,71,Genebank,F26-0078,CIAT-16896,Poales,Poaceae,Brachiaria,bovonei,Brachiaria bovonei,Grass,32,93.70125975,8.460968502,91.5390315,11.68093821,39.01122441,65.65295435
5,72,Genebank,F26-0078,CIAT-16896,Poales,Poaceae,Brachiaria,bovonei,Brachiaria bovonei,Grass,32,93.47391565,8.414871062,91.58512894,11.68093821,37.30226107,65.24347516
5,73,Genebank,F26-0079,CIAT-16903,Poales,Poaceae,Brachiaria,nigropedata,Brachiaria nigropedata,Grass,32,94.75104979,10.73178049,89.26821951,16.95741843,35.44999398,66.86212402
5,74,Genebank,F26-0079,CIAT-16903,Poales,Poaceae,Brachiaria,nigropedata,Brachiaria nigropedata,Grass,32,94.74157753,10.42471892,89.57528108,16.95741843,35.89822856,67.57153993
5,75,Breeding,F26-0564,BR-02-1752-Cayman-Opt,Poales,Poaceae,Urochloa,interespecifico,Urochloa interespecifico,Grass,32,94.39056094,13.14328557,86.85671443,14.98440906,25.67838636,52.16374287
5,76,Breeding,F26-0564,BR-02-1752-Cayman-Opt,Poales,Poaceae,Urochloa,interespecifico,Urochloa interespecifico,Grass,32,94.43222711,13.07581792,86.92418208,14.83505369,25.56725471,52.07351573
5,77,Breeding,F26-0565,BR-06-423-Cayman-Opt,Poales,Poaceae,Urochloa,interespecifico,Urochloa interespecifico,Grass,32,94.36112777,12.91829273,87.08170727,10.6893086,29.6168565,57.52807133
5,78,Breeding,F26-0565,BR-06-423-Cayman-Opt,Poales,Poaceae,Urochloa,interespecifico,Urochloa interespecifico,Grass,32,94.48055194,12.93017425,87.06982575,10.54472791,29.00734565,56.34215235
5,79,Breeding,F26-0566,CIAT-679-Tully-Exc,Poales,Poaceae,Urochloa,interespecifico,Urochloa interespecifico,Grass,32,,,,,,
5,79,BREEDING,F26-0566,CIAT-679-Tully-Exc,Poales,Poaceae,Urochloa,interespecifico,Urochloa interespecifico,Grass,37,,,,,,
5,80,Breeding,F26-0566,CIAT-679-Tully-Exc,Poales,Poaceae,Urochloa,interespecifico,Urochloa interespecifico,Grass,32,,,,,,
5,80,BREEDING,F26-0566,CIAT-679-Tully-Exc,Poales,Poaceae,Urochloa,interespecifico,Urochloa interespecifico,Grass,37,,,,,,
5,81,Breeding,F26-0567,CIAT-679-Tully-Opt,Poales,Poaceae,Urochloa,interespecifico,Urochloa interespecifico,Grass,32,92.80287885,10.77303516,89.22696484,10.76561032,35.52539376,70.60795424
5,82,Breeding,F26-0567,CIAT-679-Tully-Opt,Poales,Poaceae,Urochloa,interespecifico,Urochloa interespecifico,Grass,32,93.1427429,10.1494463,89.8505537,10.78190954,35.99548243,70.87734848
5,83,Breeding,F26-0568,CIAT-6133-Llanero-Exc,Poales,Poaceae,Urochloa,interespecifico,Urochloa interespecifico,Grass,32,95.16,10.54284412,89.45715588,6.960274639,36.22904509,70.55608908
5,84,Breeding,F26-0568,CIAT-6133-Llanero-Exc,Poales,Poaceae,Urochloa,interespecifico,Urochloa interespecifico,Grass,32,95.30093981,10.51973849,89.48026151,7.03242098,36.31129524,70.05099089
5,85,LMF,F26-0656,CIAT-17009,Fabales,Fabaceae,Canavalia,brasiliensis,Canavalia brasiliensis,Herbaceous_legumes,32,93.62,15.59490521,84.40509479,26.98062317,24.72973455,41.92022841
5,86,LMF,F26-0656,CIAT-17009,Fabales,Fabaceae,Canavalia,brasiliensis,Canavalia brasiliensis,Herbaceous_legumes,32,93.62063794,15.66810849,84.33189151,27.15253842,24.61149079,39.08331748
5,87,LMF,F26-0657,CIAT-17462,Fabales,Fabaceae,Canavalia,brasiliensis,Canavalia brasiliensis,Herbaceous_legumes,32,80.79192081,11.69547172,88.30452828,25.26007542,26.48436676,43.37380949
5,88,LMF,F26-0657,CIAT-17462,Fabales,Fabaceae,Canavalia,brasiliensis,Canavalia brasiliensis,Herbaceous_legumes,32,80.62193781,11.57157901,88.42842099,24.93391808,26.40526063,42.54871217
5,89,LMF,F25-0008,Sample-8,Poales,Poaceae,Cynodon, nlemfuensis ,Cynodon nlemfuensis ,Grass,32,93.64063594,11.32941805,88.67058195,13.1,37.8,76.05
5,89,LMF,F25-0008,Sample-8,Poales,Poaceae,Cynodon, nlemfuensis ,Cynodon nlemfuensis ,,34,93.64063594,11.32941805,88.67058195,13.1,37.8,76.05
5,89,LMF,F25-0008,Sample-8,Poales,Poaceae,Cynodon, nlemfuensis ,Cynodon nlemfuensis ,,35,93.64063594,11.32941805,88.67058195,13.1,37.8,76.05
5,89,LMF,F25-0008,Sample-8,Poales,Poaceae,Cynodon, nlemfuensis ,Cynodon nlemfuensis ,,36,93.64063594,11.32941805,88.67058195,13.1,37.8,76.05
5,89,LMF,F25-0008,Sample-8,Poales,Poaceae,Cynodon, nlemfuensis ,Cynodon nlemfuensis ,Grass,37,93.64063594,11.32941805,88.67058195,13.1,37.8,76.05
5,90,LMF,F25-0008,Sample-8,Poales,Poaceae,Cynodon, nlemfuensis ,Cynodon nlemfuensis ,Grass,32,93.82123575,11.49829497,88.50170503,13.1,37.7,76.05
5,90,LMF,F25-0008,Sample-8,Poales,Poaceae,Cynodon, nlemfuensis ,Cynodon nlemfuensis ,,34,93.82123575,11.49829497,88.50170503,13.1,37.7,76.05
5,90,LMF,F25-0008,Sample-8,Poales,Poaceae,Cynodon, nlemfuensis ,Cynodon nlemfuensis ,,35,93.82123575,11.49829497,88.50170503,13.1,37.7,76.05
5,90,LMF,F25-0008,Sample-8,Poales,Poaceae,Cynodon, nlemfuensis ,Cynodon nlemfuensis ,,36,93.82123575,11.49829497,88.50170503,13.1,37.7,76.05
5,90,LMF,F25-0008,Sample-8,Poales,Poaceae,Cynodon, nlemfuensis ,Cynodon nlemfuensis ,Grass,37,93.82123575,11.49829497,88.50170503,13.1,37.7,76.05
5,91,Genebank,F26-0080,CIAT-16927,Poales,Poaceae,Brachiaria,nigropedata,Brachiaria nigropedata,Grass,34,93.24337831,12.70679046,87.29320954,20.27094803,33.3986131,62.89000295
5,92,Genebank,F26-0080,CIAT-16927,Poales,Poaceae,Brachiaria,nigropedata,Brachiaria nigropedata,Grass,34,94.12176347,11.31141135,88.68858865,20.27094803,32.9725474,64.36252373
5,93,Genebank,F26-0081,CIAT-16980,Poales,Poaceae,Andropogon,gayanus,Andropogon gayanus,Grass,34,94.05,9.294145452,90.70585455,15.83292013,36.78851722,68.67450642
5,94,Genebank,F26-0081,CIAT-16980,Poales,Poaceae,Andropogon,gayanus,Andropogon gayanus,Grass,34,94.24057594,9.325078585,90.67492141,15.83292013,37.49997495,69.11324688
5,95,Genebank,F26-0082,CIAT-16985,Poales,Poaceae,Andropogon,gayanus,Andropogon gayanus,Grass,34,94.68265867,9.831357406,90.16864259,14.09063558,38.37911528,67.92437036
5,96,Genebank,F26-0082,CIAT-16985,Poales,Poaceae,Andropogon,gayanus,Andropogon gayanus,Grass,34,94.41335199,9.809234268,90.19076573,14.18431268,39.81431789,68.45416595
5,97,Genebank,F26-0083,CIAT-16997,Poales,Poaceae,Chloris,gayana,Chloris gayana,Grass,34,92.05317873,12.96000324,87.03999676,15.73235273,38.45339929,69.96772742
5,98,Genebank,F26-0083,CIAT-16997,Poales,Poaceae,Chloris,gayana,Chloris gayana,Grass,34,92.13236029,12.91787741,87.08212259,15.73235273,38.54179228,70.67456551
5,99,Genebank,F26-0084,CIAT-26013,Poales,Poaceae,Eragrostis,curvula,Eragrostis curvula,Grass,34,94.4016795,7.047598696,92.9524013,13.64709318,37.2526493,74.83704299
5,100,Genebank,F26-0084,CIAT-26013,Poales,Poaceae,Eragrostis,curvula,Eragrostis curvula,Grass,34,94.54218313,7.015151451,92.98484855,13.64709318,37.15120344,75.37555296
5,101,Genebank,F26-0085,CIAT-26028,Poales,Poaceae,Hyparrhenia,filipendula,Hyparrhenia filipendula,Grass,34,94.83155053,11.15317996,88.84682004,12.20566076,37.66640601,67.39642565
5,102,Genebank,F26-0085,CIAT-26028,Poales,Poaceae,Hyparrhenia,filipendula,Hyparrhenia filipendula,Grass,34,95.01249375,10.99300497,89.00699503,12.20566076,38.24005845,68.04313416
5,103,Genebank,F26-0086,CIAT-26033,Poales,Poaceae,Brachiaria,nigropedata,Brachiaria nigropedata,Grass,34,91.72248326,10.75163399,89.24836601,15.46887,36.67025222,69.33255672
5,104,Genebank,F26-0086,CIAT-26033,Poales,Poaceae,Brachiaria,nigropedata,Brachiaria nigropedata,Grass,34,91.82245326,10.80610022,89.19389978,15.46887,37.98321275,70.83435922
5,105,Genebank,F26-0087,CIAT-26063,Poales,Poaceae,Paspalum,scrobiculatum,Paspalum scrobiculatum,Grass,34,,,,,,
5,106,Genebank,F26-0087,CIAT-26063,Poales,Poaceae,Paspalum,scrobiculatum,Paspalum scrobiculatum,Grass,34,,,,,,
5,107,Genebank,F26-0088,CIAT-26075,Poales,Poaceae,Setaria,incrassata,Setaria incrassata,Grass,34,94.4816555,16.2562554,83.7437446,13.92628533,37.55541466,64.91293077
5,108,Genebank,F26-0088,CIAT-26075,Poales,Poaceae,Setaria,incrassata,Setaria incrassata,Grass,34,94.68106379,16.24730991,83.75269009,13.92628533,37.1203597,65.07399794
5,109,Genebank,F26-0089,CIAT-26079,Poales,Poaceae,Setaria,incrassata,Setaria incrassata,Grass,34,94.00119976,15.29147715,84.70852285,14.85947497,34.7750706,66.12005143
5,110,Genebank,F26-0089,CIAT-26079,Poales,Poaceae,Setaria,incrassata,Setaria incrassata,Grass,34,94.17058294,15.34614376,84.65385624,14.85947497,34.17848548,66.13983606
5,111,Genebank,F26-0090,CIAT-26235,Poales,Poaceae,Hyparrhenia,sp.,Hyparrhenia sp.,Grass,34,95.81251249,13.53020753,86.46979247,12.62200462,32.27137444,61.02186695
5,112,Genebank,F26-0090,CIAT-26235,Poales,Poaceae,Hyparrhenia,sp.,Hyparrhenia sp.,Grass,34,95.79168333,13.53291249,86.46708751,12.62200462,31.27288429,60.45457278
5,113,Genebank,F26-0091,CIAT-26661,Poales,Poaceae,Paspalum,virgatum,Paspalum virgatum,Grass,34,92.22,9.879455528,90.12054447,12.6468038,42.43143584,71.13318099
5,114,Genebank,F26-0091,CIAT-26661,Poales,Poaceae,Paspalum,virgatum,Paspalum virgatum,Grass,34,92.20311875,9.788782996,90.211217,12.6468038,42.65853923,71.62593195
5,115,Genebank,F26-0092,CIAT-26838,Poales,Poaceae,Echinochloa,pyramidalis,Echinochloa pyramidalis,Grass,34,94.93253373,16.15364378,83.84635622,12.61369448,38.62589179,66.00242328
5,116,Genebank,F26-0092,CIAT-26838,Poales,Poaceae,Echinochloa,pyramidalis,Echinochloa pyramidalis,Grass,34,95.02248876,16.11154959,83.88845041,12.56249783,36.62571698,64.22158794
5,117,Genebank,F26-0093,CIAT-26850,Poales,Poaceae,Pennisetum,purpureum,Pennisetum purpureum,Grass,34,91.53169366,14.97310804,85.02689196,16.91788047,33.98996984,62.20125254
5,118,Genebank,F26-0093,CIAT-26850,Poales,Poaceae,Pennisetum,purpureum,Pennisetum purpureum,Grass,34,91.56,14.92148522,85.07851478,16.91788047,33.93482963,62.82515169
5,119,Genebank,F26-0094,CIAT-26858,Poales,Poaceae,Hyparrhenia,rufa,Hyparrhenia rufa,Grass,34,94.27229108,10.99576271,89.00423729,13.90419054,35.04794503,65.7312201
5,120,Genebank,F26-0094,CIAT-26858,Poales,Poaceae,Hyparrhenia,rufa,Hyparrhenia rufa,Grass,34,94.45221911,10.65677966,89.34322034,13.90419054,35.25995726,65.65620902
5,121,Genebank,F26-0095,CIAT-26867,Poales,Poaceae,Chloris,gayana,Chloris gayana,Grass,34,93.00209937,13.2065393,86.7934607,14.04353457,39.61600105,68.96177444
5,122,Genebank,F26-0095,CIAT-26867,Poales,Poaceae,Chloris,gayana,Chloris gayana,Grass,34,93.2133933,13.3971271,86.6028729,14.04353457,40.42515369,69.9417942
5,123,Genebank,F26-0096,CIAT-26877,Poales,Poaceae,Echinochloa,pyramidalis,Echinochloa pyramidalis,Grass,34,94.14117177,13.90727719,86.09272281,12.7989208,40.8590279,68.65224773
5,124,Genebank,F26-0096,CIAT-26877,Poales,Poaceae,Echinochloa,pyramidalis,Echinochloa pyramidalis,Grass,34,94.21173648,13.60866182,86.39133818,12.7989208,40.25061776,67.80415102
5,125,Genebank,F26-0097,CIAT-26895,Poales,Poaceae,Vetiveria,zizanioides,Vetiveria zizanioides,Grass,34,95.8424945,9.575410661,90.42458934,11.27435983,43.06980712,75.13087051
5,126,Genebank,F26-0097,CIAT-26895,Poales,Poaceae,Vetiveria,zizanioides,Vetiveria zizanioides,Grass,34,96.20113966,9.536637717,90.46336228,11.27435983,43.64998238,76.51040163
5,127,Genebank,F26-0098,CIAT-26898,Poales,Poaceae,Vetiveria,zizanioides,Vetiveria zizanioides,Grass,34,94.84206317,9.134969972,90.86503003,10.46709115,44.30004004,76.63700032
5,128,Genebank,F26-0098,CIAT-26898,Poales,Poaceae,Vetiveria,zizanioides,Vetiveria zizanioides,Grass,34,94.90203918,9.156042567,90.84395743,10.46709115,44.35169714,76.75768242
5,129,Genebank,F26-0099,CIAT-26980,Poales,Poaceae,Pennisetum,purpureum,Pennisetum purpureum,Grass,34,93.57192842,19.25014601,80.74985399,17.5771254,33.62131268,58.79903327
5,130,Genebank,F26-0099,CIAT-26980,Poales,Poaceae,Pennisetum,purpureum,Pennisetum purpureum,Grass,34,93.59128174,19.44437768,80.55562232,17.5771254,33.43655748,58.63736907
5,131,Genebank,F26-0100,CIAT-26985,Poales,Poaceae,Paspalum,guenoarum,Paspalum guenoarum,Grass,34,94.28171549,16.42998356,83.57001644,10.77653796,38.21138881,62.31749925
5,132,Genebank,F26-0100,CIAT-26985,Poales,Poaceae,Paspalum,guenoarum,Paspalum guenoarum,Grass,34,94.34113177,16.58004092,83.41995908,10.77653796,38.10885446,61.89645499
5,133,Genebank,F26-0101,CIAT-26993,Poales,Poaceae,Paspalum,sp.,Paspalum sp.,Grass,34,94.28171549,13.53467074,86.46532926,13.89984761,36.35636242,65.50925059
5,134,Genebank,F26-0101,CIAT-26993,Poales,Poaceae,Paspalum,sp.,Paspalum sp.,Grass,34,94.3622551,13.38494942,86.61505058,13.89984761,36.59963872,66.16104139
5,135,Genebank,F26-0102,CIAT-36011,Poales,Poaceae,Paspalum,plicatulum,Paspalum plicatulum,Grass,34,93.82061794,10.83171965,89.16828035,14.84242124,39.54370116,70.12386636
5,136,Genebank,F26-0102,CIAT-36011,Poales,Poaceae,Paspalum,plicatulum,Paspalum plicatulum,Grass,34,93.94242303,10.84976636,89.15023364,14.80485591,37.78160174,67.64031633
5,137,Genebank,F26-0103,CIAT-36018,Poales,Poaceae,Paspalum,yaguaronense,Paspalum yaguaronense,Grass,34,95.09294423,15.48497695,84.51502305,15.78347234,34.63320504,59.29854097
5,138,Genebank,F26-0103,CIAT-36018,Poales,Poaceae,Paspalum,yaguaronense,Paspalum yaguaronense,Grass,34,95.17096581,15.65932351,84.34067649,15.78347234,36.10697732,60.84333983
5,139,Genebank,F26-0104,CIAT-36061,Poales,Poaceae,Brachiaria,xruziziensisxdecumbe,Brachiaria xruziziensisxdecumbe,Grass,34,93.94121176,13.40633638,86.59366362,15.76766825,30.57894236,61.29254398
5,140,Genebank,F26-0104,CIAT-36061,Poales,Poaceae,Brachiaria,xruziziensisxdecumbe,Brachiaria xruziziensisxdecumbe,Grass,34,94.14117177,13.22560068,86.77439932,15.76766825,30.47023737,60.97911685
5,141,Genebank,F26-0105,CIAT-36062,Poales,Poaceae,Brachiaria,xruziziensisxdecumbe,Brachiaria xruziziensisxdecumbe,Grass,34,93.11,14.69977379,85.30022621,13.10190657,31.2973783,62.08186936
5,142,Genebank,F26-0105,CIAT-36062,Poales,Poaceae,Brachiaria,xruziziensisxdecumbe,Brachiaria xruziziensisxdecumbe,Grass,34,93.15136973,14.57874444,85.42125556,13.10190657,31.45194293,62.88146905
5,143,Genebank,F26-0106,CIAT-36088,Poales,Poaceae,Paspalum,dilatatum,Paspalum dilatatum,Grass,34,93.762495,12.2302234,87.7697766,18.77653815,35.80157471,63.65247875
5,143,GENBANK,F26-0106,CIAT-36088,Poales,Poaceae,Paspalum,dilatatum,Paspalum dilatatum,Grass,37,93.762495,12.2302234,87.7697766,18.77653815,35.80157471,63.65247875
5,144,Genebank,F26-0106,CIAT-36088,Poales,Poaceae,Paspalum,dilatatum,Paspalum dilatatum,Grass,34,93.73062694,12.40454796,87.59545204,18.77653815,36.46300887,64.21910031
5,144,GENBANK,F26-0106,CIAT-36088,Poales,Poaceae,Paspalum,dilatatum,Paspalum dilatatum,Grass,37,93.73062694,12.40454796,87.59545204,18.77653815,36.46300887,64.21910031
5,145,Genebank,F26-0107,CIAT-36089,Poales,Poaceae,Paspalum,dilatatum,Paspalum dilatatum,Grass,34,95.06246877,13.83420654,86.16579346,16.38792145,40.0742238,67.88680056
5,146,Genebank,F26-0107,CIAT-36089,Poales,Poaceae,Paspalum,dilatatum,Paspalum dilatatum,Grass,34,95.24,13.91469074,86.08530926,16.38792145,38.05172559,65.4140975
5,147,Genebank,F26-0108,CIAT-36090,Poales,Poaceae,Cenchrus,ciliaris,Cenchrus ciliaris,Grass,34,86.4,15.88489412,84.11510588,17.77740265,35.87633493,61.82553887
5,148,Genebank,F26-0108,CIAT-36090,Poales,Poaceae,Cenchrus,ciliaris,Cenchrus ciliaris,Grass,34,86.34273145,15.60390348,84.39609652,17.77740265,37.50216587,62.48062374
5,149,Breeding,F25-2184,CIAT-BH-22-0303,Poales,Poaceae,Urochloa,humidicola,Urochloa humidicola,Grass,34,,,,,,
5,149,BREEDING,F25-2184,CIAT-BH-22-0303,Poales,Poaceae,Urochloa,humidicola,Urochloa humidicola,Grass,37,,,,,,
5,150,Breeding,F25-2184,CIAT-BH-22-0303,Poales,Poaceae,Urochloa,humidicola,Urochloa humidicola,Grass,34,,,,,,
5,150,BREEDING,F25-2184,CIAT-BH-22-0303,Poales,Poaceae,Urochloa,humidicola,Urochloa humidicola,Grass,37,,,,,,
5,151,Breeding,F25-2191,CIAT-BH-22-0517,Poales,Poaceae,Urochloa,humidicola,Urochloa humidicola,Grass,34,96.84,10.23,89.77,8.17,34.35,69.43
5,152,Breeding,F25-2191,CIAT-BH-22-0517,Poales,Poaceae,Urochloa,humidicola,Urochloa humidicola,Grass,34,96.89,10.3,89.7,8.25,34.26,69.48
5,153,Breeding,F25-2192,CIAT-BH-22-0519,Poales,Poaceae,Urochloa,humidicola,Urochloa humidicola,Grass,34,,,,,,
5,153,BREEDING,F25-2192,CIAT-BH-22-0519,Poales,Poaceae,Urochloa,humidicola,Urochloa humidicola,Grass,37,,,,,,
5,154,Breeding,F25-2192,CIAT-BH-22-0519,Poales,Poaceae,Urochloa,humidicola,Urochloa humidicola,Grass,34,,,,,,
5,154,BREEDING,F25-2192,CIAT-BH-22-0519,Poales,Poaceae,Urochloa,humidicola,Urochloa humidicola,Grass,37,,,,,,
5,155,Genebank,F25-2586,CIAT-7289,Fabales,Fabaceae,Chamaecrista,mimosoides,Chamaecrista mimosoides,Herbaceous_legumes,34,91.45,5.863928698,94.1360713,18.55944373,37.05595298,58.07161357
5,156,Genebank,F25-2586,CIAT-7289,Fabales,Fabaceae,Chamaecrista,mimosoides,Chamaecrista mimosoides,Herbaceous_legumes,34,91.36259122,5.632495474,94.36750453,18.55944373,36.01752524,56.83592424
5,157,Genebank,F26-0042,CIAT-33127,Fabales,Fabaceae,Codariocalyx,motorius,Codariocalyx motorius,Shrub_Trees,34,,,,,,
5,158,Genebank,F26-0042,CIAT-33127,Fabales,Fabaceae,Codariocalyx,motorius,Codariocalyx motorius,Shrub_Trees,34,,,,,,
5,159,,F26-0569,E-2-P-1-D-1-R-A-1424-DIG,,,,,,,34,93.90121976,7.064464571,92.93553543,2.247574179,52.74345204,86.0089096
5,160,,F26-0569,E-2-P-1-D-1-R-A-1424-DIG,,,,,,,34,93.76124775,12.90356953,87.09643047,2.136570289,52.92707705,86.60575441
5,161,,F26-0570,E-2-P-1-D-1-R-A-1413-DIG,,,,,,,34,95.64087183,8.635290669,91.36470933,2.166894753,53.17752257,86.72820632
5,162,,F26-0570,E-2-P-1-D-1-R-A-1413-DIG,,,,,,,34,95.86041396,3.007511952,96.99248805,2.147416416,54.4902547,89.29425654
5,163,,F26-0571,E-2-P-1-D-1-R-A-1402-DIG,,,,,,,34,94.95151455,4.473255977,95.52674402,2.482499744,52.02204842,87.57843405
5,164,,F26-0571,E-2-P-1-D-1-R-A-1402-DIG,,,,,,,34,94.56271864,9.535412836,90.46458716,2.53671775,51.80447268,87.53282745
5,165,,Estrella-100%,Estrella-100%,,,,,,,34,91.54,8.12,91.88,4.28,41.16,80.6
5,166,,Estrella-100%,Estrella-100%,,,,,,,34,91.54,8.12,91.88,4.28,41.16,80.6
5,167,,Estrella_70%_Indsuf_30%,Estrella-70%-Indsuf-30%,,,,,,,34,92.61943547,8.383371786,91.61662821,11.9566971,37.29757562,69.58698572
5,168,,Estrella_70%_Indsuf_30%,Estrella-70%-Indsuf-30%,,,,,,,34,92.62521244,8.286296232,91.71370377,12.5034214,37.59105758,69.36502412
5,169,,Estrella_70%_Canabra_30%,Estrella-70%-Canabra-30%,,,,,,,34,92.55060816,9.747598453,90.25240155,10.44561645,36.58789355,68.29380842
5,170,,Estrella_70%_Canabra_30%,Estrella-70%-Canabra-30%,,,,,,,34,92.87389666,9.686353999,90.313646,10.34205518,37.10071674,69.19477623
5,171,,Estrella_70%_Leudiv_30%,Estrella-70%-Leudiv-30%,,,,,,,34,92.57729874,8.348058701,91.6519413,12.09541593,38.5556473,71.22880362
5,172,,Estrella_70%_Leudiv_30%,Estrella-70%-Leudiv-30%,,,,,,,34,92.55008201,8.402553196,91.5974468,11.93545615,38.14837034,72.51397325
5,173,,Estrella_55%_Indsuf_45%,Estrella-55%-Indsuf-45%,,,,,,,34,93.1641532,8.489245513,91.51075449,15.76691861,35.45146199,64.2760166
5,174,,Estrella_55%_Indsuf_45%,Estrella-55%-Indsuf-45%,,,,,,,34,93.16655003,8.399464333,91.60053567,16.63891513,35.72482616,63.55061558
5,175,,Estrella_55%_Canabra_45%,Estrella-55%-Canabra-45%,,,,,,,34,93.06091224,10.53558551,89.46441449,13.50029764,34.38693888,62.33625066
5,176,,Estrella_55%_Canabra_45%,Estrella-55%-Canabra-45%,,,,,,,34,93.53957636,10.49955098,89.50044902,13.39686581,34.98931489,63.29524374
5,177,,Estrella_55%_Leudiv_45%,Estrella-55%-Leudiv-45%,,,,,,,34,93.10094811,8.436275885,91.56372412,15.97499685,37.33856951,66.73874345
5,178,,Estrella_55%_Leudiv_45%,Estrella-55%-Leudiv-45%,,,,,,,34,93.05385439,8.573849779,91.42615022,15.78696727,36.56079529,68.27403927
5,179,Genebank,F26-0426,CIAT-17524,Fabales,Fabaceae,Aeschynomene,americana,Aeschynomene americana,Herbaceous_legumes,34,93.25202439,7.971314576,92.02868542,26.23018361,24.6700162,53.92044804
5,179,Genebank,F26-0426,CIAT-17524,Fabales,Fabaceae,Aeschynomene,americana,Aeschynomene americana,Herbaceous_legumes,35,93.25202439,7.971314576,92.02868542,26.23018361,24.6700162,53.92044804
5,180,Genebank,F26-0426,CIAT-17524,Fabales,Fabaceae,Aeschynomene,americana,Aeschynomene americana,Herbaceous_legumes,34,93.36132773,8.047117974,91.95288203,26.23018361,26.93779558,53.15826896
5,180,Genebank,F26-0426,CIAT-17524,Fabales,Fabaceae,Aeschynomene,americana,Aeschynomene americana,Herbaceous_legumes,35,93.36132773,8.047117974,91.95288203,26.23018361,26.93779558,53.15826896
5,181,Genebank,F26-0427,CIAT-7026,Fabales,Fabaceae,Aeschynomene,americana,Aeschynomene americana,Herbaceous_legumes,34,92.94211736,8.72468498,91.27531502,26.4281162,32.53435288,54.28283414
5,182,Genebank,F26-0427,CIAT-7026,Fabales,Fabaceae,Aeschynomene,americana,Aeschynomene americana,Herbaceous_legumes,34,92.91141772,8.768593314,91.23140669,26.4281162,32.36769512,53.64426053
5,183,Genebank,F26-0428,CIAT-508,Fabales,Fabaceae,Teramnus,uncinatus,Teramnus uncinatus,Herbaceous_legumes,34,92.5814837,12.69988578,87.30011422,23.2164732,34.1539844,53.31603771
5,184,Genebank,F26-0428,CIAT-508,Fabales,Fabaceae,Teramnus,uncinatus,Teramnus uncinatus,Herbaceous_legumes,34,92.58,12.81043958,87.18956042,23.2164732,33.6547807,54.93670882
5,185,Genebank,F26-0429,CIAT-795,Fabales,Fabaceae,Rhynchosia,reticulata,Rhynchosia reticulata,Herbaceous_legumes,34,94.71211515,9.716834355,90.28316564,16.71865494,46.93440679,61.56917235
5,186,Genebank,F26-0429,CIAT-795,Fabales,Fabaceae,Rhynchosia,reticulata,Rhynchosia reticulata,Herbaceous_legumes,34,94.78,9.815711849,90.18428815,16.71865494,46.23998851,61.90292306
5,187,Genebank,F26-0430,CIAT-936,Fabales,Fabaceae,Teramnus,uncinatus,Teramnus uncinatus,Herbaceous_legumes,34,93.42263095,11.46716036,88.53283964,22.39640073,31.53308059,54.17836869
5,188,Genebank,F26-0430,CIAT-936,Fabales,Fabaceae,Teramnus,uncinatus,Teramnus uncinatus,Herbaceous_legumes,34,93.47130574,11.37316128,88.62683872,22.39640073,33.28759059,55.66769925
5,189,Genebank,F26-0431,CIAT-958,Fabales,Fabaceae,Canavalia,rosea,Canavalia rosea,Herbaceous_legumes,34,93.74125175,12.52870494,87.47129506,21.55562929,28.65149829,46.73105725
5,190,Genebank,F26-0431,CIAT-958,Fabales,Fabaceae,Canavalia,rosea,Canavalia rosea,Herbaceous_legumes,34,93.47130574,13.39385848,86.60614152,21.55562929,28.54838931,48.46516918
5,191,Genebank,F26-0432,CIAT-966,Fabales,Fabaceae,Teramnus,labialis,Teramnus labialis,Herbaceous_legumes,34,92.77072293,11.57349478,88.42650522,18.12297408,37.58843795,53.69561175
5,192,Genebank,F26-0432,CIAT-966,Fabales,Fabaceae,Teramnus,labialis,Teramnus labialis,Herbaceous_legumes,34,92.98,10.4979403,89.5020597,18.12297408,37.37455091,53.16811025
5,193,Genebank,F26-0433,CIAT-4042,Fabales,Fabaceae,Centrosema,grazielae,Centrosema grazielae,Herbaceous_legumes,34,95.47181128,12.04300913,87.95699087,20.66577313,41.12363335,62.96838633
5,193,Genebank,F26-0433,CIAT-4042,Fabales,Fabaceae,Centrosema,grazielae,Centrosema grazielae,Herbaceous_legumes,35,95.47181128,12.04300913,87.95699087,20.66577313,41.12363335,62.96838633
5,194,Genebank,F26-0433,CIAT-4042,Fabales,Fabaceae,Centrosema,grazielae,Centrosema grazielae,Herbaceous_legumes,34,95.6,12.04782634,87.95217366,20.66577313,40.23014193,59.1706384
5,194,Genebank,F26-0433,CIAT-4042,Fabales,Fabaceae,Centrosema,grazielae,Centrosema grazielae,Herbaceous_legumes,35,95.6,12.04782634,87.95217366,20.66577313,40.23014193,59.1706384
5,195,Genebank,F26-0434,CIAT-4862,Fabales,Fabaceae,Macrotyloma,daltonii,Macrotyloma daltonii,Herbaceous_legumes,34,92.07237829,8.951656708,91.04834329,21.52054168,33.98846089,53.42437538
5,196,Genebank,F26-0434,CIAT-4862,Fabales,Fabaceae,Macrotyloma,daltonii,Macrotyloma daltonii,Herbaceous_legumes,34,91.97240828,9.158066268,90.84193373,21.52054168,32.91525333,51.15926261
5,197,Genebank,F26-0435,CIAT-4986,Fabales,Fabaceae,Teramnus,labialis,Teramnus labialis,Herbaceous_legumes,34,92.36381809,12.44127701,87.55872299,21.33935528,32.743435,50.75885858
5,198,Genebank,F26-0435,CIAT-4986,Fabales,Fabaceae,Teramnus,labialis,Teramnus labialis,Herbaceous_legumes,34,92.41227632,12.3571992,87.6428008,21.12947118,31.18547397,49.11539788
5,199,Genebank,F26-0436,CIAT-5098,Fabales,Fabaceae,Centrosema,schottii,Centrosema schottii,Herbaceous_legumes,34,94.20115977,9.455558401,90.5444416,19.01920801,39.17592312,53.30852068
5,199,Genebank,F26-0436,CIAT-5098,Fabales,Fabaceae,Centrosema,schottii,Centrosema schottii,Herbaceous_legumes,35,94.20115977,9.455558401,90.5444416,19.01920801,39.17592312,53.30852068
5,200,Genebank,F26-0436,CIAT-5098,Fabales,Fabaceae,Centrosema,schottii,Centrosema schottii,Herbaceous_legumes,34,94.22173348,9.252999606,90.74700039,19.01920801,38.51352187,52.74499549
5,200,Genebank,F26-0436,CIAT-5098,Fabales,Fabaceae,Centrosema,schottii,Centrosema schottii,Herbaceous_legumes,35,94.22173348,9.252999606,90.74700039,19.01920801,38.51352187,52.74499549
5,201,Genebank,F26-0437,CIAT-5121,Fabales,Fabaceae,Centrosema,grazielae,Centrosema grazielae,Herbaceous_legumes,34,94.35,13.79517309,86.20482691,18.55506191,38.35896421,57.10505058
5,202,Genebank,F26-0437,CIAT-5121,Fabales,Fabaceae,Centrosema,grazielae,Centrosema grazielae,Herbaceous_legumes,34,94.4116765,13.13431979,86.86568021,18.56145029,37.85776177,55.46478941
5,203,Genebank,F26-0438,CIAT-5166,Fabales,Fabaceae,Centrosema,schottii,Centrosema schottii,Herbaceous_legumes,34,94.56054395,8.175544795,91.82445521,15.65162904,32.83073095,56.33223124
5,204,Genebank,F26-0438,CIAT-5166,Fabales,Fabaceae,Centrosema,schottii,Centrosema schottii,Herbaceous_legumes,34,94.52109578,7.963220873,92.03677913,15.65162904,31.76307945,54.42220275
5,205,Genebank,F26-0439,CIAT-5196,Fabales,Fabaceae,Centrosema,pascuorum,Centrosema pascuorum,Herbaceous_legumes,34,93.53064694,13.17158065,86.82841935,20.81990116,34.80143931,54.01661783
5,206,Genebank,F26-0439,CIAT-5196,Fabales,Fabaceae,Centrosema,pascuorum,Centrosema pascuorum,Herbaceous_legumes,34,93.67189843,12.63492656,87.36507344,20.81990116,36.73331468,54.58980379
5,207,Genebank,F26-0440,CIAT-5217,Fabales,Fabaceae,Centrosema,pascuorum,Centrosema pascuorum,Herbaceous_legumes,34,93.49260296,13.58552662,86.41447338,22.14639204,37.07062833,56.34337457
5,207,Genebank,F26-0440,CIAT-5217,Fabales,Fabaceae,Centrosema,pascuorum,Centrosema pascuorum,Herbaceous_legumes,35,93.49260296,13.58552662,86.41447338,22.14639204,37.07062833,56.34337457
5,208,Genebank,F26-0440,CIAT-5217,Fabales,Fabaceae,Centrosema,pascuorum,Centrosema pascuorum,Herbaceous_legumes,34,93.69063094,13.1195213,86.8804787,22.14639204,37.39233356,58.65246042
5,208,Genebank,F26-0440,CIAT-5217,Fabales,Fabaceae,Centrosema,pascuorum,Centrosema pascuorum,Herbaceous_legumes,35,93.69063094,13.1195213,86.8804787,22.14639204,37.39233356,58.65246042
5,209,Genebank,F26-0441,CIAT-5236,Fabales,Fabaceae,Centrosema,arenarium,Centrosema arenarium,Herbaceous_legumes,34,94.80051995,10.50524978,89.49475022,19.840259,42.36746734,61.65691514
5,209,Genebank,F26-0441,CIAT-5236,Fabales,Fabaceae,Centrosema,arenarium,Centrosema arenarium,Herbaceous_legumes,35,94.80051995,10.50524978,89.49475022,19.840259,42.36746734,61.65691514
5,210,Genebank,F26-0441,CIAT-5236,Fabales,Fabaceae,Centrosema,arenarium,Centrosema arenarium,Herbaceous_legumes,34,94.8,10.42191235,89.57808765,19.840259,39.77702018,58.88019005
5,210,Genebank,F26-0441,CIAT-5236,Fabales,Fabaceae,Centrosema,arenarium,Centrosema arenarium,Herbaceous_legumes,35,94.8,10.42191235,89.57808765,19.840259,39.77702018,58.88019005
5,211,Genebank,F26-0442,CIAT-5325,Fabales,Fabaceae,Centrosema,virginianum,Centrosema virginianum,Herbaceous_legumes,34,93.64254298,10.44745974,89.55254026,21.3682967,41.86695315,60.17635552
5,212,Genebank,F26-0442,CIAT-5325,Fabales,Fabaceae,Centrosema,virginianum,Centrosema virginianum,Herbaceous_legumes,34,94.27057294,10.43995152,89.56004848,21.3682967,42.58260479,58.50756884
5,213,Genebank,F26-0443,CIAT-5383,Fabales,Fabaceae,Periandra,coccinea,Periandra coccinea,Herbaceous_legumes,34,95.89164334,9.522319566,90.47768043,16.97734443,40.96246095,59.45215609
5,213,Genebank,F26-0443,CIAT-5383,Fabales,Fabaceae,Periandra,coccinea,Periandra coccinea,Herbaceous_legumes,35,95.89164334,9.522319566,90.47768043,16.97734443,40.96246095,59.45215609
5,214,Genebank,F26-0443,CIAT-5383,Fabales,Fabaceae,Periandra,coccinea,Periandra coccinea,Herbaceous_legumes,34,95.79168333,9.595327493,90.40467251,16.97734443,40.16334818,59.13804699
5,214,Genebank,F26-0443,CIAT-5383,Fabales,Fabaceae,Periandra,coccinea,Periandra coccinea,Herbaceous_legumes,35,95.79168333,9.595327493,90.40467251,16.97734443,40.16334818,59.13804699
5,215,Genebank,F26-0444,CIAT-5484,Fabales,Fabaceae,Centrosema,vexillatum,Centrosema vexillatum,Herbaceous_legumes,34,95.5813256,10.83854603,89.16145397,15.31448489,44.76259588,59.42687768
5,215,Genebank,F26-0444,CIAT-5484,Fabales,Fabaceae,Centrosema,vexillatum,Centrosema vexillatum,Herbaceous_legumes,35,95.5813256,10.83854603,89.16145397,15.31448489,44.76259588,59.42687768
5,216,Genebank,F26-0444,CIAT-5484,Fabales,Fabaceae,Centrosema,vexillatum,Centrosema vexillatum,Herbaceous_legumes,34,95.53089382,10.98611115,89.01388885,15.31448489,44.60138033,60.40074163
5,216,Genebank,F26-0444,CIAT-5484,Fabales,Fabaceae,Centrosema,vexillatum,Centrosema vexillatum,Herbaceous_legumes,35,95.53089382,10.98611115,89.01388885,15.31448489,44.60138033,60.40074163
5,217,Genebank,F26-0445,CIAT-5504,Fabales,Fabaceae,Centrosema,pascuorum,Centrosema pascuorum,Herbaceous_legumes,34,95.39138259,9.996332582,90.00366742,15.73928551,47.03572356,64.14479255
5,218,Genebank,F26-0445,CIAT-5504,Fabales,Fabaceae,Centrosema,pascuorum,Centrosema pascuorum,Herbaceous_legumes,34,95.42137359,10.45737937,89.54262063,15.56966957,45.73149047,62.94334597
5,219,Genebank,F26-0446,CIAT-5599,Fabales,Fabaceae,Centrosema,arenarium,Centrosema arenarium,Herbaceous_legumes,34,93.86122775,11.01263607,88.98736393,20.68514758,40.39925449,58.79112316
5,220,Genebank,F26-0446,CIAT-5599,Fabales,Fabaceae,Centrosema,arenarium,Centrosema arenarium,Herbaceous_legumes,34,93.92182345,10.98811087,89.01188913,20.68514758,41.2662454,58.05291359
5,221,Genebank,F26-0447,CIAT-5850,Fabales,Fabaceae,Centrosema,brachypodum,Centrosema brachypodum,Herbaceous_legumes,34,95.29,9.492274366,90.50772563,16.265504,40.46920921,61.07226642
5,221,Genebank,F26-0447,CIAT-5850,Fabales,Fabaceae,Centrosema,brachypodum,Centrosema brachypodum,Herbaceous_legumes,35,95.29,9.492274366,90.50772563,16.265504,40.46920921,61.07226642
5,222,Genebank,F26-0447,CIAT-5850,Fabales,Fabaceae,Centrosema,brachypodum,Centrosema brachypodum,Herbaceous_legumes,34,95.39138259,9.489427538,90.51057246,16.265504,40.44164595,60.40015627
5,222,Genebank,F26-0447,CIAT-5850,Fabales,Fabaceae,Centrosema,brachypodum,Centrosema brachypodum,Herbaceous_legumes,35,95.39138259,9.489427538,90.51057246,16.265504,40.44164595,60.40015627
5,223,Genebank,F26-0448,CIAT-5984,Fabales,Fabaceae,Centrosema,pubescens,Centrosema pubescens,Herbaceous_legumes,34,95.38046195,12.65752979,87.34247021,20.374541,43.81078609,60.67885615
5,224,Genebank,F26-0448,CIAT-5984,Fabales,Fabaceae,Centrosema,pubescens,Centrosema pubescens,Herbaceous_legumes,34,95.0009998,12.75079241,87.24920759,20.374541,45.04270381,63.87056099
5,225,Genebank,F26-0449,CIAT-5989,Fabales,Fabaceae,Centrosema,grandiflorum,Centrosema grandiflorum,Herbaceous_legumes,34,94.57108578,12.53037507,87.46962493,19.08366176,37.89862986,59.24133408
5,226,Genebank,F26-0449,CIAT-5989,Fabales,Fabaceae,Centrosema,grandiflorum,Centrosema grandiflorum,Herbaceous_legumes,34,94.69106179,12.40359218,87.59640782,19.08366176,37.1384799,58.51241654
5,227,Genebank,F26-0450,CIAT-7146,Fabales,Fabaceae,Rhynchosia,reticulata,Rhynchosia reticulata,Herbaceous_legumes,34,94.54163751,11.57243349,88.42756651,16.77605891,51.3938944,65.59179472
5,227,Genebank,F26-0450,CIAT-7146,Fabales,Fabaceae,Rhynchosia,reticulata,Rhynchosia reticulata,Herbaceous_legumes,35,94.54163751,11.57243349,88.42756651,16.77605891,51.3938944,65.59179472
5,228,Genebank,F26-0450,CIAT-7146,Fabales,Fabaceae,Rhynchosia,reticulata,Rhynchosia reticulata,Herbaceous_legumes,34,94.4716585,11.37144973,88.62855027,16.77605891,52.58537822,66.62628944
5,228,Genebank,F26-0450,CIAT-7146,Fabales,Fabaceae,Rhynchosia,reticulata,Rhynchosia reticulata,Herbaceous_legumes,35,94.4716585,11.37144973,88.62855027,16.77605891,52.58537822,66.62628944
5,229,Genebank,F26-0451,CIAT-7177,Fabales,Fabaceae,Canavalia,rosea,Canavalia rosea,Herbaceous_legumes,34,94.53218713,10.84636352,89.15363648,24.2106734,37.98311815,54.95342916
5,229,Genebank,F26-0451,CIAT-7177,Fabales,Fabaceae,Canavalia,rosea,Canavalia rosea,Herbaceous_legumes,35,94.53218713,10.84636352,89.15363648,24.2106734,37.98311815,54.95342916
5,230,Genebank,F26-0451,CIAT-7177,Fabales,Fabaceae,Canavalia,rosea,Canavalia rosea,Herbaceous_legumes,34,94.58,10.8612778,89.1387222,24.2106734,36.80896768,52.58396128
5,230,Genebank,F26-0451,CIAT-7177,Fabales,Fabaceae,Canavalia,rosea,Canavalia rosea,Herbaceous_legumes,35,94.58,10.8612778,89.1387222,24.2106734,36.80896768,52.58396128
5,,Genebank,F26-0048,CIAT-6080,Poales,Poaceae,Eragrostis,curvula,Eragrostis curvula,Grass,32,93.99060094,10.85932269,89.14067731,11.21059818,44.21973411,77.31129468
5,,Genebank,F26-0048,CIAT-6080,Poales,Poaceae,Eragrostis,curvula,Eragrostis curvula,Grass,32,94.03179046,10.08088109,89.91911891,11.21059818,43.38940223,78.05040133
5,,Genebank,F26-0059,CIAT-16081,Poales,Poaceae,Paspalum,secans,Paspalum secans,Grass,32,96.44,20.43424995,79.56575005,12.32918173,38.14455127,68.31586723
5,,Genebank,F26-0059,CIAT-16081,Poales,Poaceae,Paspalum,secans,Paspalum secans,Grass,32,96.47141144,16.49838589,83.50161411,12.32918173,38.0785623,66.87204437
5,,Genebank,F26-0063,CIAT-16254,Poales,Poaceae,Hyparrhenia,hirta,Hyparrhenia hirta,Grass,32,94.8025987,12.93018504,87.06981496,12.97864532,36.05573806,69.95865425
5,,Genebank,F26-0063,CIAT-16254,Poales,Poaceae,Hyparrhenia,hirta,Hyparrhenia hirta,Grass,32,94.8910218,16.0015551,83.9984449,12.97864532,35.59088796,69.04421915
5,,Genebank,F26-0066,CIAT-16379,Poales,Poaceae,Panicum,maximum,Panicum maximum,Grass,32,94.48275862,19.707407,80.292593,13.93761108,32.66274647,64.99294302
5,,Genebank,F26-0066,CIAT-16379,Poales,Poaceae,Panicum,maximum,Panicum maximum,Grass,32,94.69159252,14.23656022,85.76343978,13.93761108,32.81381622,63.86412867
5,,Genebank,F26-0067,CIAT-16537,Poales,Poaceae,Sporobolus,sp.,Sporobolus sp.,Grass,32,96.16230262,15.22172424,84.77827576,14.1634369,33.56950963,68.45811919
5,,Genebank,F26-0067,CIAT-16537,Poales,Poaceae,Sporobolus,sp.,Sporobolus sp.,Grass,32,97.26082175,13.6550769,86.3449231,14.1634369,33.23575816,68.51408157
5,,Genebank,F26-0068,CIAT-16561,Poales,Poaceae,Panicum,maximum,Panicum maximum,Grass,32,,,,,,
5,,Genebank,F26-0068,CIAT-16561,Poales,Poaceae,Panicum,maximum,Panicum maximum,Grass,32,94.16233507,10.03502721,89.96497279,13.92648053,33.9321665,60.44244411
5,,Genebank,F26-0068,CIAT-16561,Poales,Poaceae,Panicum,maximum,Panicum maximum,Grass,32,94.50109978,10.43978702,89.56021298,13.92648053,33.21301496,59.30627821
5,,Genebank,F26-0076,CIAT-16690,Poales,Poaceae,Cynodon,sp.,Cynodon sp.,Grass,32,95.53223388,9.304820097,90.6951799,13.66830468,43.8186202,62.43368834
5,,Breeding,F26-0566,CIAT-679-Tully-Exc,Poales,Poaceae,Urochloa,interespecifico,Urochloa interespecifico,Grass,32,93.88183545,10.1287371,89.8712629,7.708661601,34.31422088,68.46060573
5,,Breeding,F26-0566,CIAT-679-Tully-Exc,Poales,Poaceae,Urochloa,interespecifico,Urochloa interespecifico,Grass,32,94.04178746,10.61815087,89.38184913,7.659777651,34.60401364,69.17476784
5,,LMF,F25-0008,Sample-8,Poales,Poaceae,Cynodon, nlemfuensis ,Cynodon nlemfuensis ,Grass,32,93.64063594,11.32941805,88.67058195,13.1,37.8,76.05
5,,LMF,F25-0008,Sample-8,Poales,Poaceae,Cynodon, nlemfuensis ,Cynodon nlemfuensis ,Grass,32,93.64063594,11.32941805,88.67058195,18.77653815,37.8,76.05
5,,LMF,F25-0008,Sample-8,Poales,Poaceae,Cynodon, nlemfuensis ,Cynodon nlemfuensis ,Grass,32,93.82123575,11.49829497,88.50170503,13.1,37.7,76.05
5,,Genebank,F26-0106,CIAT-36088,Poales,Poaceae,Paspalum,dilatatum,Paspalum dilatatum,Grass,34,93.73062694,12.40454796,87.59545204,18.77653815,36.46300887,64.21910031
5,,Genebank,F26-0106,CIAT-36088,Poales,Poaceae,Paspalum,dilatatum,Paspalum dilatatum,Grass,34,93.762495,12.2302234,87.7697766,13.65583273,35.80157471,63.65247875
5,,Breeding,F25-2184,CIAT-BH-22-0303,Poales,Poaceae,Urochloa,humidicola,Urochloa humidicola,Grass,34,94.83,9.5,90.5,8.02,32.56,67.49
5,,Breeding,F25-2184,CIAT-BH-22-0303,Poales,Poaceae,Urochloa,humidicola,Urochloa humidicola,Grass,34,94.85,9.52,90.48,8.03,33.71,68.66
5,,Breeding,F25-2192,CIAT-BH-22-0519,Poales,Poaceae,Urochloa,humidicola,Urochloa humidicola,Grass,34,97.63,11.15,88.85,9.34,31.6,64.54
5,,Breeding,F25-2192,CIAT-BH-22-0519,Poales,Poaceae,Urochloa,humidicola,Urochloa humidicola,Grass,34,97.68,11.14,88.86,9.38,31.77,64.61
5,,Genebank,F26-0426,CIAT-17524,Fabales,Fabaceae,Aeschynomene,americana,Aeschynomene americana,Herbaceous_legumes,34,93.25202439,7.971314576,92.02868542,26.23018361,24.6700162,53.92044804
5,,Genebank,F26-0426,CIAT-17524,Fabales,Fabaceae,Aeschynomene,americana,Aeschynomene americana,Herbaceous_legumes,34,93.36132773,8.047117974,91.95288203,26.23018361,26.93779558,53.15826896
5,,Genebank,F26-0433,CIAT-4042,Fabales,Fabaceae,Centrosema,grazielae,Centrosema grazielae,Herbaceous_legumes,34,95.47181128,12.04300913,87.95699087,20.66577313,41.12363335,62.96838633
5,,Genebank,F26-0433,CIAT-4042,Fabales,Fabaceae,Centrosema,grazielae,Centrosema grazielae,Herbaceous_legumes,34,95.6,12.04782634,87.95217366,20.66577313,40.23014193,59.1706384
5,,Genebank,F26-0436,CIAT-5098,Fabales,Fabaceae,Centrosema,schottii,Centrosema schottii,Herbaceous_legumes,34,94.20115977,9.455558401,90.5444416,19.01920801,39.17592312,53.30852068
5,,Genebank,F26-0436,CIAT-5098,Fabales,Fabaceae,Centrosema,schottii,Centrosema schottii,Herbaceous_legumes,34,94.22173348,9.252999606,90.74700039,19.01920801,38.51352187,52.74499549
5,,Genebank,F26-0440,CIAT-5217,Fabales,Fabaceae,Centrosema,pascuorum,Centrosema pascuorum,Herbaceous_legumes,34,93.49260296,13.58552662,86.41447338,22.14639204,37.07062833,56.34337457
5,,Genebank,F26-0440,CIAT-5217,Fabales,Fabaceae,Centrosema,pascuorum,Centrosema pascuorum,Herbaceous_legumes,34,93.69063094,13.1195213,86.8804787,22.14639204,37.39233356,58.65246042
5,,Genebank,F26-0441,CIAT-5236,Fabales,Fabaceae,Centrosema,arenarium,Centrosema arenarium,Herbaceous_legumes,34,94.8,10.42191235,89.57808765,19.840259,39.77702018,58.88019005
5,,Genebank,F26-0441,CIAT-5236,Fabales,Fabaceae,Centrosema,arenarium,Centrosema arenarium,Herbaceous_legumes,34,94.80051995,10.50524978,89.49475022,19.840259,42.36746734,61.65691514
5,,Genebank,F26-0443,CIAT-5383,Fabales,Fabaceae,Periandra,coccinea,Periandra coccinea,Herbaceous_legumes,34,95.79168333,9.595327493,90.40467251,16.97734443,40.16334818,59.13804699
5,,Genebank,F26-0443,CIAT-5383,Fabales,Fabaceae,Periandra,coccinea,Periandra coccinea,Herbaceous_legumes,34,95.89164334,9.522319566,90.47768043,16.97734443,40.96246095,59.45215609
5,,Genebank,F26-0444,CIAT-5484,Fabales,Fabaceae,Centrosema,vexillatum,Centrosema vexillatum,Herbaceous_legumes,34,95.53089382,10.98611115,89.01388885,15.31448489,44.60138033,60.40074163
5,,Genebank,F26-0444,CIAT-5484,Fabales,Fabaceae,Centrosema,vexillatum,Centrosema vexillatum,Herbaceous_legumes,34,95.5813256,10.83854603,89.16145397,15.31448489,44.76259588,59.42687768
5,,Genebank,F26-0447,CIAT-5850,Fabales,Fabaceae,Centrosema,brachypodum,Centrosema brachypodum,Herbaceous_legumes,34,95.29,9.492274366,90.50772563,16.265504,40.46920921,61.07226642
5,,Genebank,F26-0447,CIAT-5850,Fabales,Fabaceae,Centrosema,brachypodum,Centrosema brachypodum,Herbaceous_legumes,34,95.39138259,9.489427538,90.51057246,16.265504,40.44164595,60.40015627
5,,Genebank,F26-0450,CIAT-7146,Fabales,Fabaceae,Rhynchosia,reticulata,Rhynchosia reticulata,Herbaceous_legumes,34,94.4716585,11.37144973,88.62855027,16.77605891,52.58537822,66.62628944
5,,Genebank,F26-0450,CIAT-7146,Fabales,Fabaceae,Rhynchosia,reticulata,Rhynchosia reticulata,Herbaceous_legumes,34,94.54163751,11.57243349,88.42756651,16.77605891,51.3938944,65.59179472
5,,Genebank,F26-0451,CIAT-7177,Fabales,Fabaceae,Canavalia,rosea,Canavalia rosea,Herbaceous_legumes,34,94.53218713,10.84636352,89.15363648,24.2106734,37.98311815,54.95342916
5,,Genebank,F26-0451,CIAT-7177,Fabales,Fabaceae,Canavalia,rosea,Canavalia rosea,Herbaceous_legumes,34,94.58,10.8612778,89.1387222,24.2106734,36.80896768,52.58396128
5,,Genebank,F26-0452,CIAT-7320,Fabales,Fabaceae,Canavalia,dictyota,Canavalia dictyota,Herbaceous_legumes,34,93.47195841,12.89875173,87.10124827,25.4279254,27.15475862,45.23356285
5,,Genebank,F26-0452,CIAT-7320,Fabales,Fabaceae,Canavalia,dictyota,Canavalia dictyota,Herbaceous_legumes,34,93.93182045,12.13058786,87.86941214,25.4279254,28.8060195,48.00811584
5,,Genebank,F26-0453,CIAT-7821,Fabales,Fabaceae,Teramnus,labialis,Teramnus labialis,Herbaceous_legumes,34,93.69252299,10.75649754,89.24350246,22.12343282,39.00118619,55.08573276
5,,Genebank,F26-0453,CIAT-7821,Fabales,Fabaceae,Teramnus,labialis,Teramnus labialis,Herbaceous_legumes,34,93.84,10.60082789,89.39917211,22.12343282,39.14356722,54.24783918
5,,Genebank,F26-0454,CIAT-8384,Fabales,Fabaceae,Canavalia,dictyota,Canavalia dictyota,Herbaceous_legumes,34,92.53074693,13.80831267,86.19168733,28.22762592,32.04992293,54.12440812
5,,Genebank,F26-0454,CIAT-8384,Fabales,Fabaceae,Canavalia,dictyota,Canavalia dictyota,Herbaceous_legumes,34,92.70145971,13.39671834,86.60328166,28.22762592,31.87427025,50.73969807
5,,Genebank,F26-0455,CIAT-8772,Fabales,Fabaceae,Canavalia,bicarinata,Canavalia bicarinata,Herbaceous_legumes,34,93.83185044,14.25313584,85.74686416,19.64203687,31.00110166,51.62888895
5,,Genebank,F26-0455,CIAT-8772,Fabales,Fabaceae,Canavalia,bicarinata,Canavalia bicarinata,Herbaceous_legumes,34,93.86,14.32134636,85.67865364,19.60668634,31.57336625,49.23350926
5,,LMF,F25-0008,Sample-8,Poales,Poaceae,Cynodon, nlemfuensis ,Cynodon nlemfuensis ,,34,93.64063594,11.32941805,88.67058195,13.1,37.8,76.05
5,,LMF,F25-0008,Sample-8,Poales,Poaceae,Cynodon, nlemfuensis ,Cynodon nlemfuensis ,,34,93.64063594,11.32941805,88.67058195,18.77653815,37.8,76.05
5,,LMF,F25-0008,Sample-8,Poales,Poaceae,Cynodon, nlemfuensis ,Cynodon nlemfuensis ,,34,93.82123575,11.49829497,88.50170503,13.1,37.7,76.05
5,,Genebank,F26-0456,CIAT-8808,Fabales,Fabaceae,Galactia,jussiaeana,Galactia jussiaeana,Herbaceous_legumes,35,93.00069993,8.552639063,91.44736094,13.89428974,40.5195442,60.90731028
5,,Genebank,F26-0456,CIAT-8808,Fabales,Fabaceae,Galactia,jussiaeana,Galactia jussiaeana,Herbaceous_legumes,35,93.12206338,8.572413794,91.42758621,13.89428974,39.45607079,64.14394058
5,,Genebank,F26-0457,CIAT-9177,Fabales,Fabaceae,Vigna,gentryi,Vigna gentryi,Herbaceous_legumes,35,93.67126575,14.8306215,85.1693785,14.49557081,30.61644333,53.36773185
5,,Genebank,F26-0457,CIAT-9177,Fabales,Fabaceae,Vigna,gentryi,Vigna gentryi,Herbaceous_legumes,35,93.74125175,14.90530808,85.09469192,14.49557081,29.94967655,51.87654324
5,,Genebank,F26-0458,CIAT-9389,Fabales,Fabaceae,Rhynchosia,reticulata,Rhynchosia reticulata,Herbaceous_legumes,35,94.29228309,12.47556399,87.52443601,19.93491473,49.84717263,62.32915453
5,,Genebank,F26-0458,CIAT-9389,Fabales,Fabaceae,Rhynchosia,reticulata,Rhynchosia reticulata,Herbaceous_legumes,35,94.32113577,13.14595809,86.85404191,19.93491473,49.85766568,61.8190012
5,,Genebank,F26-0459,CIAT-9992,Fabales,Fabaceae,Canavalia,dictyota,Canavalia dictyota,Herbaceous_legumes,35,93.79248301,12.77378963,87.22621037,26.26512493,18.6089901,44.51974894
5,,Genebank,F26-0459,CIAT-9992,Fabales,Fabaceae,Canavalia,dictyota,Canavalia dictyota,Herbaceous_legumes,35,93.86061394,12.95878866,87.04121134,26.26512493,19.03324617,42.55912083
5,,Genebank,F26-0460,CIAT-15023,Fabales,Fabaceae,Centrosema,virginianum,Centrosema virginianum,Herbaceous_legumes,35,93.64063594,11.46846377,88.53153623,16.1603418,39.20459213,56.42935501
5,,Genebank,F26-0460,CIAT-15023,Fabales,Fabaceae,Centrosema,virginianum,Centrosema virginianum,Herbaceous_legumes,35,93.81123775,11.31797535,88.68202465,16.1603418,39.90491817,57.67348359
5,,Genebank,F26-0461,CIAT-15027,Fabales,Fabaceae,Centrosema,brachypodum,Centrosema brachypodum,Herbaceous_legumes,35,94.11176647,11.23149129,88.76850871,18.51313976,39.7049233,58.80686937
5,,Genebank,F26-0461,CIAT-15027,Fabales,Fabaceae,Centrosema,brachypodum,Centrosema brachypodum,Herbaceous_legumes,35,94.23057694,11.09570468,88.90429532,18.51313976,38.62938207,60.14861666
5,,Genebank,F26-0462,CIAT-15055,Fabales,Fabaceae,Centrosema,vexillatum,Centrosema vexillatum,Herbaceous_legumes,35,94.54163751,11.179174,88.820826,16.85725958,42.80795085,59.64795622
5,,Genebank,F26-0462,CIAT-15055,Fabales,Fabaceae,Centrosema,vexillatum,Centrosema vexillatum,Herbaceous_legumes,35,94.68212715,11.22031761,88.77968239,16.85725958,43.98922941,62.49560521
5,,Genebank,F26-0463,CIAT-15079,Fabales,Fabaceae,Centrosema,vexillatum,Centrosema vexillatum,Herbaceous_legumes,35,92.96,9.496083923,90.50391608,15.50967779,53.15715498,68.97880241
5,,Genebank,F26-0463,CIAT-15079,Fabales,Fabaceae,Centrosema,vexillatum,Centrosema vexillatum,Herbaceous_legumes,35,93.01139772,9.849007405,90.1509926,15.50967779,52.03542552,67.72737047
5,,Genebank,F26-0464,CIAT-15234,Fabales,Fabaceae,Centrosema,platycarpum,Centrosema platycarpum,Herbaceous_legumes,35,94.67266367,11.29472723,88.70527277,9.547755648,39.78101496,55.0450586
5,,Genebank,F26-0464,CIAT-15234,Fabales,Fabaceae,Centrosema,platycarpum,Centrosema platycarpum,Herbaceous_legumes,35,94.70158952,11.26531171,88.73468829,9.547755648,39.38645337,58.38828214
5,,Genebank,F26-0465,CIAT-15252,Fabales,Fabaceae,Centrosema,bifidum,Centrosema bifidum,Herbaceous_legumes,35,95.19048095,9.078540842,90.92145916,14.56721427,40.3367435,56.47577496
5,,Genebank,F26-0465,CIAT-15252,Fabales,Fabaceae,Centrosema,bifidum,Centrosema bifidum,Herbaceous_legumes,35,95.57,9.079448696,90.9205513,14.54419336,41.17055129,58.65189537
5,,Genebank,F26-0466,CIAT-15254,Fabales,Fabaceae,Centrosema,bifidum,Centrosema bifidum,Herbaceous_legumes,35,93.89,9.717873126,90.28212687,11.84268373,49.55299847,62.51781061
5,,Genebank,F26-0466,CIAT-15254,Fabales,Fabaceae,Centrosema,bifidum,Centrosema bifidum,Herbaceous_legumes,35,94.01119776,11.16320976,88.83679024,11.84268373,49.43416885,62.82763412
5,,Genebank,F26-0467,CIAT-15349,Fabales,Fabaceae,Centrosema,schottii,Centrosema schottii,Herbaceous_legumes,35,92.92212336,8.462397342,91.53760266,13.86149279,42.21764298,58.69097787
5,,Genebank,F26-0467,CIAT-15349,Fabales,Fabaceae,Centrosema,schottii,Centrosema schottii,Herbaceous_legumes,35,93.02139572,8.162136912,91.83786309,13.86149279,36.6491087,54.812821
5,,Genebank,F26-0468,CIAT-15444,Fabales,Fabaceae,Centrosema,tetragonolobum,Centrosema tetragonolobum,Herbaceous_legumes,35,94.27286357,11.16366573,88.83633427,19.87596043,35.16539302,54.84615414
5,,Genebank,F26-0468,CIAT-15444,Fabales,Fabaceae,Centrosema,tetragonolobum,Centrosema tetragonolobum,Herbaceous_legumes,35,94.28057194,11.390857,88.609143,19.87596043,36.29068619,56.72710495
5,,Genebank,F26-0469,CIAT-15837,Fabales,Fabaceae,Centrosema,tetragonolobum,Centrosema tetragonolobum,Herbaceous_legumes,35,94.41055894,10.89934571,89.10065429,17.17581273,39.97053339,59.92576142
5,,Genebank,F26-0469,CIAT-15837,Fabales,Fabaceae,Centrosema,tetragonolobum,Centrosema tetragonolobum,Herbaceous_legumes,35,94.57271364,10.68343498,89.31656502,17.17581273,40.15652195,59.81215279
5,,Genebank,F26-0470,CIAT-17152,Fabales,Fabaceae,Macrotyloma,uniflorum,Macrotyloma uniflorum,Herbaceous_legumes,35,92.24077592,12.91873356,87.08126644,19.30016699,27.47682227,45.16185856
5,,Genebank,F26-0470,CIAT-17152,Fabales,Fabaceae,Macrotyloma,uniflorum,Macrotyloma uniflorum,Herbaceous_legumes,35,92.43378311,12.74037745,87.25962255,19.30016699,27.95316173,44.03576489
5,,Genebank,F26-0471,CIAT-17155,Fabales,Fabaceae,Macrotyloma,uniflorum,Macrotyloma uniflorum,Herbaceous_legumes,35,93.02069793,8.673255027,91.32674497,20.31506573,36.82698324,52.02178134
5,,Genebank,F26-0471,CIAT-17155,Fabales,Fabaceae,Macrotyloma,uniflorum,Macrotyloma uniflorum,Herbaceous_legumes,35,93.05,8.889094406,91.11090559,20.31506573,37.51640514,55.7108213
5,,Genebank,F26-0472,CIAT-17173,Fabales,Fabaceae,Macrotyloma,daltonii,Macrotyloma daltonii,Herbaceous_legumes,35,93.90182945,9.418992482,90.58100752,12.96764468,33.98821128,53.39230639
5,,Genebank,F26-0472,CIAT-17173,Fabales,Fabaceae,Macrotyloma,daltonii,Macrotyloma daltonii,Herbaceous_legumes,35,93.96,9.379233691,90.62076631,12.96764468,33.60607447,54.02072413
5,,Genebank,F26-0473,CIAT-17210,Fabales,Fabaceae,Neonotonia,wightii,Neonotonia wightii,Herbaceous_legumes,35,92.87285086,13.41601847,86.58398153,24.18995338,31.89989702,51.78907612
5,,Genebank,F26-0473,CIAT-17210,Fabales,Fabaceae,Neonotonia,wightii,Neonotonia wightii,Herbaceous_legumes,35,92.95,14.20707942,85.79292058,24.18995338,33.17864141,55.10489732
5,,Genebank,F26-0474,CIAT-17555,Fabales,Fabaceae,Vigna,adenantha,Vigna adenantha,Herbaceous_legumes,35,93.64190743,10.99069639,89.00930361,22.16448508,32.51943383,49.8159267
5,,Genebank,F26-0474,CIAT-17555,Fabales,Fabaceae,Vigna,adenantha,Vigna adenantha,Herbaceous_legumes,35,93.73313343,11.15919449,88.84080551,22.16448508,32.0496454,49.75544027
5,,Genebank,F26-0475,CIAT-17565,Fabales,Fabaceae,Canavalia,bicarinata,Canavalia bicarinata,Herbaceous_legumes,35,93.27269092,16.17276027,83.82723973,14.53799344,33.81738808,48.9278977
5,,Genebank,F26-0475,CIAT-17565,Fabales,Fabaceae,Canavalia,bicarinata,Canavalia bicarinata,Herbaceous_legumes,35,93.51,15.40828,84.59172,14.49607333,30.72096762,47.20362752
5,,Genebank,F26-0476,CIAT-17570,Fabales,Fabaceae,Calopogonium,velutinum,Calopogonium velutinum,Herbaceous_legumes,35,95.24047595,11.51458556,88.48541444,17.28789127,34.36066181,53.24304798
5,,Genebank,F26-0476,CIAT-17570,Fabales,Fabaceae,Calopogonium,velutinum,Calopogonium velutinum,Herbaceous_legumes,35,95.28141558,11.60673234,88.39326766,17.28789127,35.27084075,53.68349111
5,,Genebank,F26-0477,CIAT-18061,Fabales,Fabaceae,Galactia,elliptifoliola,Galactia elliptifoliola,Herbaceous_legumes,35,94.15116977,9.717801825,90.28219818,15.6886639,38.76748814,63.67989138
5,,Genebank,F26-0477,CIAT-18061,Fabales,Fabaceae,Galactia,elliptifoliola,Galactia elliptifoliola,Herbaceous_legumes,35,94.33113377,9.601103331,90.39889667,15.68439952,40.99492121,63.81297025
5,,Genebank,F26-0478,CIAT-18068,Fabales,Fabaceae,Galactia,elliptifoliola,Galactia elliptifoliola,Herbaceous_legumes,35,94.74262869,12.11275041,87.88724959,18.52910983,30.05437753,56.61462252
5,,Genebank,F26-0478,CIAT-18068,Fabales,Fabaceae,Galactia,elliptifoliola,Galactia elliptifoliola,Herbaceous_legumes,35,94.88,12.2031849,87.7968151,18.52910983,30.82399291,66.73877227
5,,Genebank,F26-0479,CIAT-18658,Fabales,Fabaceae,Periandra,densiflora,Periandra densiflora,Herbaceous_legumes,35,94.4516645,7.947113111,92.05288689,12.53263384,39.48641655,62.13741198
5,,Genebank,F26-0479,CIAT-18658,Fabales,Fabaceae,Periandra,densiflora,Periandra densiflora,Herbaceous_legumes,35,94.49110178,7.789161172,92.21083883,12.53157013,38.86375482,63.01799724
5,,Genebank,F26-0480,CIAT-18857,Fabales,Fabaceae,Neonotonia,wightii,Neonotonia wightii,Herbaceous_legumes,35,93.59064094,23.71880628,76.28119372,17.49736413,34.12338895,60.44118374
5,,Genebank,F26-0480,CIAT-18857,Fabales,Fabaceae,Neonotonia,wightii,Neonotonia wightii,Herbaceous_legumes,35,93.752499,17.85313375,82.14686625,17.49736413,34.90751181,63.34284789
5,,Genebank,F26-0481,CIAT-19215,Fabales,Fabaceae,Macrotyloma,axillare,Macrotyloma axillare,Herbaceous_legumes,35,92.18078192,19.2103265,80.7896735,16.89006717,39.09298538,60.11389874
5,,Genebank,F26-0481,CIAT-19215,Fabales,Fabaceae,Macrotyloma,axillare,Macrotyloma axillare,Herbaceous_legumes,35,92.18078192,19.96962794,80.03037206,16.89006717,40.00691306,61.63564033
5,,Genebank,F26-0482,CIAT-19445,Fabales,Fabaceae,Galactia,dubia,Galactia dubia,Herbaceous_legumes,35,93.39198241,21.51005462,78.48994538,17.4753425,38.12023126,64.59421569
5,,Genebank,F26-0482,CIAT-19445,Fabales,Fabaceae,Galactia,dubia,Galactia dubia,Herbaceous_legumes,35,93.44131174,15.34751356,84.65248644,17.4753425,38.93845648,64.86282392
5,,Genebank,F26-0483,CIAT-19826,Fabales,Fabaceae,Dunbaria,nivea,Dunbaria nivea,Herbaceous_legumes,35,93.63191043,21.05087687,78.94912313,19.29683178,42.18188679,66.64556877
5,,Genebank,F26-0483,CIAT-19826,Fabales,Fabaceae,Dunbaria,nivea,Dunbaria nivea,Herbaceous_legumes,35,93.762495,22.05160315,77.94839685,19.29683178,42.54398855,66.15471763
5,,Genebank,F26-0484,CIAT-20820,Fabales,Fabaceae,Canavalia,gladiata,Canavalia gladiata,Herbaceous_legumes,35,92.12,13.53409788,86.46590212,24.85345335,25.64772836,56.35690004
5,,Genebank,F26-0484,CIAT-20820,Fabales,Fabaceae,Canavalia,gladiata,Canavalia gladiata,Herbaceous_legumes,35,92.30307877,23.24158947,76.75841053,25.24214418,26.07602766,56.58516181
5,,Genebank,F26-0485,CIAT-21015,Fabales,Fabaceae,Galactia,elliptifoliola,Galactia elliptifoliola,Herbaceous_legumes,35,93.3619914,16.46611397,83.53388603,19.54966842,41.99196321,72.46562354
5,,Genebank,F26-0485,CIAT-21015,Fabales,Fabaceae,Galactia,elliptifoliola,Galactia elliptifoliola,Herbaceous_legumes,35,93.51129774,17.92300092,82.07699908,19.55182005,41.68836964,69.61092566
5,,Genebank,F26-0486,CIAT-21037,Fabales,Fabaceae,Dolichos,trilobus,Dolichos trilobus,Herbaceous_legumes,35,93.83185044,9.968051118,90.03194888,19.21873169,27.52601864,49.35796123
5,,Genebank,F26-0486,CIAT-21037,Fabales,Fabaceae,Dolichos,trilobus,Dolichos trilobus,Herbaceous_legumes,35,93.91182645,7.689030884,92.31096912,19.21873169,28.116681,55.38307162
5,,Genebank,F26-0487,CIAT-21038,Fabales,Fabaceae,Dolichos,trilobus,Dolichos trilobus,Herbaceous_legumes,35,91.79246226,18.39856295,81.60143705,23.04783108,31.62251968,63.23297961
5,,Genebank,F26-0487,CIAT-21038,Fabales,Fabaceae,Dolichos,trilobus,Dolichos trilobus,Herbaceous_legumes,35,91.86244127,22.7967993,77.2032007,23.04783108,31.25368429,60.79436152
5,,Genebank,F26-0488,CIAT-21236,Fabales,Fabaceae,Canavalia,mattogrossensis,Canavalia mattogrossensis,Herbaceous_legumes,35,90.84091591,15.93126602,84.06873398,13.98363591,34.01945906,55.66436557
5,,Genebank,F26-0488,CIAT-21236,Fabales,Fabaceae,Canavalia,mattogrossensis,Canavalia mattogrossensis,Herbaceous_legumes,35,90.92181564,10.4400966,89.5599034,13.98363591,33.10764849,55.17215709
5,,Genebank,F26-0489,CIAT-21829,Fabales,Fabaceae,Rhynchosia,minima,Rhynchosia minima,Herbaceous_legumes,35,92.92212336,13.56356646,86.43643354,17.78510203,47.32392306,63.50869456
5,,Genebank,F26-0489,CIAT-21829,Fabales,Fabaceae,Rhynchosia,minima,Rhynchosia minima,Herbaceous_legumes,35,92.96140772,19.27703505,80.72296495,17.78510203,48.11794551,64.57800523
5,,Genebank,F26-0490,CIAT-22034,Fabales,Fabaceae,Rhynchosia,minima,Rhynchosia minima,Herbaceous_legumes,35,93.87,11.19570252,88.80429748,19.88846772,50.11657658,62.4098423
5,,Genebank,F26-0490,CIAT-22034,Fabales,Fabaceae,Rhynchosia,minima,Rhynchosia minima,Herbaceous_legumes,35,93.88061194,13.6656994,86.3343006,19.88846772,50.04800337,63.03052128
5,,Genebank,F26-0491,CIAT-22080,Fabales,Fabaceae,Cajanus,crassus,Cajanus crassus,Herbaceous_legumes,35,94.53218713,8.562844969,91.43715503,14.89080613,42.52832513,60.43492459
5,,Genebank,F26-0491,CIAT-22080,Fabales,Fabaceae,Cajanus,crassus,Cajanus crassus,Herbaceous_legumes,35,94.58162551,8.267671826,91.73232817,14.89080613,40.78027714,61.68287282
5,,Genebank,F26-0492,CIAT-22188,Fabales,Fabaceae,Rhynchosia,minima,Rhynchosia minima,Herbaceous_legumes,35,93.33,11.75331962,88.24668038,27.66824122,47.5390801,59.77582643
5,,Genebank,F26-0492,CIAT-22188,Fabales,Fabaceae,Rhynchosia,minima,Rhynchosia minima,Herbaceous_legumes,35,93.34066593,11.93426515,88.06573485,27.66824122,47.52400869,59.32236339
5,,Genebank,F26-0493,CIAT-22283,Fabales,Fabaceae,Cajanus,scarabaeoides,Cajanus scarabaeoides,Herbaceous_legumes,35,91.96,10.28891671,89.71108329,22.2052583,52.03349248,64.24199542
5,,Genebank,F26-0493,CIAT-22283,Fabales,Fabaceae,Cajanus,scarabaeoides,Cajanus scarabaeoides,Herbaceous_legumes,35,92.12157568,9.689417666,90.31058233,23.0078623,51.63235907,63.4468995
5,,Genebank,F26-0494,CIAT-22525,Fabales,Fabaceae,Dolichos,trilobus,Dolichos trilobus,Herbaceous_legumes,35,93.06277489,15.47393997,84.52606003,23.66111134,32.34002387,47.55962356
5,,Genebank,F26-0494,CIAT-22525,Fabales,Fabaceae,Dolichos,trilobus,Dolichos trilobus,Herbaceous_legumes,35,93.11137772,14.67149801,85.32850199,23.66111134,30.52187715,45.4677071
5,,Genebank,F26-0495,CIAT-24002,Fabales,Fabaceae,Neonotonia,wightii,Neonotonia wightii,Herbaceous_legumes,35,92.92141572,10.74579491,89.25420509,22.25482408,39.1363054,58.47917756
5,,Genebank,F26-0495,CIAT-24002,Fabales,Fabaceae,Neonotonia,wightii,Neonotonia wightii,Herbaceous_legumes,35,93.16068393,10.97255364,89.02744636,22.25482408,36.63906332,56.91222808
5,,Genebank,F26-0496,CIAT-24024,Fabales,Fabaceae,Vigna,adenantha,Vigna adenantha,Herbaceous_legumes,35,92.88071193,12.77501987,87.22498013,25.25926866,24.26045174,46.4202442
5,,Genebank,F26-0496,CIAT-24024,Fabales,Fabaceae,Vigna,adenantha,Vigna adenantha,Herbaceous_legumes,35,92.93212036,14.60171513,85.39828487,25.25926866,37.58708165,44.38862651
5,,Genebank,F26-0497,CIAT-24082,Fabales,Fabaceae,Vigna,gentryi,Vigna gentryi,Herbaceous_legumes,35,94.27057294,14.252386,85.747614,17.8982055,31.93280198,52.81712903
5,,Genebank,F26-0497,CIAT-24082,Fabales,Fabaceae,Vigna,gentryi,Vigna gentryi,Herbaceous_legumes,35,94.31056894,14.37963945,85.62036055,17.8982055,42.93136314,52.55054316
5,,Genebank,F26-0498,CIAT-25102,Fabales,Fabaceae,Centrosema,arenarium,Centrosema arenarium,Herbaceous_legumes,35,93.38264694,10.37610419,89.62389581,23.27647347,37.26441773,56.96111873
5,,Genebank,F26-0498,CIAT-25102,Fabales,Fabaceae,Centrosema,arenarium,Centrosema arenarium,Herbaceous_legumes,35,93.51064894,10.71092363,89.28907637,23.27647347,36.83827318,57.45078089
5,,Genebank,F26-0499,CIAT-25124,Fabales,Fabaceae,Centrosema,capitatum,Centrosema capitatum,Herbaceous_legumes,35,93.54129174,12.9300246,87.0699754,20.97522105,48.66734638,61.4060197
5,,Genebank,F26-0499,CIAT-25124,Fabales,Fabaceae,Centrosema,capitatum,Centrosema capitatum,Herbaceous_legumes,35,93.58256697,12.72444678,87.27555322,20.97522105,48.90863816,60.64149205
5,,Genebank,F26-0500,CIAT-25156,Fabales,Fabaceae,Centrosema,platycarpum,Centrosema platycarpum,Herbaceous_legumes,35,94.20057994,7.960466935,92.03953307,11.32233349,47.68872154,58.2245626
5,,Genebank,F26-0500,CIAT-25156,Fabales,Fabaceae,Centrosema,platycarpum,Centrosema platycarpum,Herbaceous_legumes,35,94.21173648,8.457631506,91.54236849,11.32233349,39.01533802,58.72171653
5,,Breeding,F26-1074,CIAT-BR-06-423-Temp-B,Poales,Poaceae,Urochloa,interespecifico,Urochloa interespecifico,Grass,35,93.47195841,13.03469022,86.96530978,14.15040067,25.33558542,55.19726196
5,,Breeding,F26-1074,CIAT-BR-06-423-Temp-B,Poales,Poaceae,Urochloa,interespecifico,Urochloa interespecifico,Grass,35,93.51129774,13.13223948,86.86776052,14.41924479,25.79929533,55.53001064
5,,Breeding,F26-1075,CIAT-MulatoII-Temp-C,Poales,Poaceae,Urochloa,interespecifico,Urochloa interespecifico,Grass,35,93.3220034,15.0012885,84.9987115,19.89145007,25.51081004,57.77230118
5,,Breeding,F26-1075,CIAT-MulatoII-Temp-C,Poales,Poaceae,Urochloa,interespecifico,Urochloa interespecifico,Grass,35,96.07157137,16.29815213,83.70184787,19.82666185,25.9718582,58.23392103
5,,Breeding,F26-1076,CIAT-BR-06-423-Opt-F,Poales,Poaceae,Urochloa,interespecifico,Urochloa interespecifico,Grass,35,93.8,14.19721292,85.80278708,12.26657157,24.87734272,62.38238522
5,,Breeding,F26-1076,CIAT-BR-06-423-Opt-F,Poales,Poaceae,Urochloa,interespecifico,Urochloa interespecifico,Grass,35,93.8,14.19721292,85.80278708,12.26657157,32.25676421,62.38238522
5,,Breeding,F26-1076,CIAT-BR-06-423-Opt-F,Poales,Poaceae,Urochloa,interespecifico,Urochloa interespecifico,Grass,35,93.84246301,14.06368463,85.93631537,12.12774698,26.01949613,61.40464471
5,,Breeding,F26-1076,CIAT-BR-06-423-Opt-F,Poales,Poaceae,Urochloa,interespecifico,Urochloa interespecifico,Grass,35,93.84246301,14.06368463,85.93631537,12.12774698,31.83733288,61.40464471
5,,Breeding,F26-1077,CIAT-MulatoII-Opt-D,Poales,Poaceae,Urochloa,interespecifico,Urochloa interespecifico,Grass,35,95.0609878,11.53401325,88.46598675,17.10045477,26.90360497,58.82104687
5,,Breeding,F26-1077,CIAT-MulatoII-Opt-D,Poales,Poaceae,Urochloa,interespecifico,Urochloa interespecifico,Grass,35,95.0609878,11.53401325,88.46598675,17.10045477,27.06320283,58.82104687
5,,Breeding,F26-1077,CIAT-MulatoII-Opt-D,Poales,Poaceae,Urochloa,interespecifico,Urochloa interespecifico,Grass,35,95.1209758,11.68121123,88.31878877,17.79629264,27.19511926,59.63925718
5,,Breeding,F26-1077,CIAT-MulatoII-Opt-D,Poales,Poaceae,Urochloa,interespecifico,Urochloa interespecifico,Grass,35,95.1209758,11.68121123,88.31878877,17.79629264,27.7061392,59.63925718
5,,Breeding,F26-1078,CIAT-BR-06-423-Exc-G,Poales,Poaceae,Urochloa,interespecifico,Urochloa interespecifico,Grass,35,93.31,11.48850408,88.51149592,11.88788825,29.44799648,60.3251628
5,,Breeding,F26-1078,CIAT-BR-06-423-Exc-G,Poales,Poaceae,Urochloa,interespecifico,Urochloa interespecifico,Grass,35,93.31133773,11.58263955,88.41736045,11.43526408,29.5841936,60.51374756
5,,Breeding,F26-1079,CIAT-MulatoII-Exc-E,Poales,Poaceae,Urochloa,interespecifico,Urochloa interespecifico,Grass,35,92.31076892,12.6001299,87.3998701,18.10029838,33.60429264,67.53588662
5,,Breeding,F26-1079,CIAT-MulatoII-Exc-E,Poales,Poaceae,Urochloa,interespecifico,Urochloa interespecifico,Grass,35,92.43075692,12.71920329,87.28079671,17.4232062,32.55824775,66.67240866
5,,Genebank,F26-0426,CIAT-17524,Fabales,Fabaceae,Aeschynomene,americana,Aeschynomene americana,Herbaceous_legumes,35,93.25202439,7.971314576,92.02868542,26.23018361,24.6700162,53.92044804
5,,Genebank,F26-0426,CIAT-17524,Fabales,Fabaceae,Aeschynomene,americana,Aeschynomene americana,Herbaceous_legumes,35,93.36132773,8.047117974,91.95288203,26.23018361,26.93779558,53.15826896
5,,Genebank,F26-0433,CIAT-4042,Fabales,Fabaceae,Centrosema,grazielae,Centrosema grazielae,Herbaceous_legumes,35,95.47181128,12.04300913,87.95699087,20.66577313,41.12363335,62.96838633
5,,Genebank,F26-0433,CIAT-4042,Fabales,Fabaceae,Centrosema,grazielae,Centrosema grazielae,Herbaceous_legumes,35,95.6,12.04782634,87.95217366,20.66577313,40.23014193,59.1706384
5,,Genebank,F26-0436,CIAT-5098,Fabales,Fabaceae,Centrosema,schottii,Centrosema schottii,Herbaceous_legumes,35,94.20115977,9.455558401,90.5444416,19.01920801,39.17592312,53.30852068
5,,Genebank,F26-0436,CIAT-5098,Fabales,Fabaceae,Centrosema,schottii,Centrosema schottii,Herbaceous_legumes,35,94.22173348,9.252999606,90.74700039,19.01920801,38.51352187,52.74499549
5,,Genebank,F26-0440,CIAT-5217,Fabales,Fabaceae,Centrosema,pascuorum,Centrosema pascuorum,Herbaceous_legumes,35,93.49260296,13.58552662,86.41447338,22.14639204,37.07062833,56.34337457
5,,Genebank,F26-0440,CIAT-5217,Fabales,Fabaceae,Centrosema,pascuorum,Centrosema pascuorum,Herbaceous_legumes,35,93.69063094,13.1195213,86.8804787,22.14639204,37.39233356,58.65246042
5,,Genebank,F26-0441,CIAT-5236,Fabales,Fabaceae,Centrosema,arenarium,Centrosema arenarium,Herbaceous_legumes,35,94.8,10.42191235,89.57808765,19.840259,39.77702018,58.88019005
5,,Genebank,F26-0441,CIAT-5236,Fabales,Fabaceae,Centrosema,arenarium,Centrosema arenarium,Herbaceous_legumes,35,94.80051995,10.50524978,89.49475022,19.840259,42.36746734,61.65691514
5,,Genebank,F26-0443,CIAT-5383,Fabales,Fabaceae,Periandra,coccinea,Periandra coccinea,Herbaceous_legumes,35,95.79168333,9.595327493,90.40467251,16.97734443,40.16334818,59.13804699
5,,Genebank,F26-0443,CIAT-5383,Fabales,Fabaceae,Periandra,coccinea,Periandra coccinea,Herbaceous_legumes,35,95.89164334,9.522319566,90.47768043,16.97734443,40.96246095,59.45215609
5,,Genebank,F26-0444,CIAT-5484,Fabales,Fabaceae,Centrosema,vexillatum,Centrosema vexillatum,Herbaceous_legumes,35,95.53089382,10.98611115,89.01388885,15.31448489,44.60138033,60.40074163
5,,Genebank,F26-0444,CIAT-5484,Fabales,Fabaceae,Centrosema,vexillatum,Centrosema vexillatum,Herbaceous_legumes,35,95.5813256,10.83854603,89.16145397,15.31448489,44.76259588,59.42687768
5,,Genebank,F26-0447,CIAT-5850,Fabales,Fabaceae,Centrosema,brachypodum,Centrosema brachypodum,Herbaceous_legumes,35,95.29,9.492274366,90.50772563,16.265504,40.46920921,61.07226642
5,,Genebank,F26-0447,CIAT-5850,Fabales,Fabaceae,Centrosema,brachypodum,Centrosema brachypodum,Herbaceous_legumes,35,95.39138259,9.489427538,90.51057246,16.265504,40.44164595,60.40015627
5,,Genebank,F26-0450,CIAT-7146,Fabales,Fabaceae,Rhynchosia,reticulata,Rhynchosia reticulata,Herbaceous_legumes,35,94.4716585,11.37144973,88.62855027,16.77605891,52.58537822,66.62628944
5,,Genebank,F26-0450,CIAT-7146,Fabales,Fabaceae,Rhynchosia,reticulata,Rhynchosia reticulata,Herbaceous_legumes,35,94.54163751,11.57243349,88.42756651,16.77605891,51.3938944,65.59179472
5,,Genebank,F26-0451,CIAT-7177,Fabales,Fabaceae,Canavalia,rosea,Canavalia rosea,Herbaceous_legumes,35,94.53218713,10.84636352,89.15363648,24.2106734,37.98311815,54.95342916
5,,Genebank,F26-0451,CIAT-7177,Fabales,Fabaceae,Canavalia,rosea,Canavalia rosea,Herbaceous_legumes,35,94.58,10.8612778,89.1387222,24.2106734,36.80896768,52.58396128
5,,Genebank,F26-0452,CIAT-7320,Fabales,Fabaceae,Canavalia,dictyota,Canavalia dictyota,Herbaceous_legumes,35,93.47195841,12.89875173,87.10124827,25.4279254,27.15475862,45.23356285
5,,Genebank,F26-0452,CIAT-7320,Fabales,Fabaceae,Canavalia,dictyota,Canavalia dictyota,Herbaceous_legumes,35,93.93182045,12.13058786,87.86941214,25.4279254,28.8060195,48.00811584
5,,Genebank,F26-0454,CIAT-8384,Fabales,Fabaceae,Canavalia,dictyota,Canavalia dictyota,Herbaceous_legumes,35,92.53074693,13.80831267,86.19168733,28.22762592,32.04992293,54.12440812
5,,Genebank,F26-0454,CIAT-8384,Fabales,Fabaceae,Canavalia,dictyota,Canavalia dictyota,Herbaceous_legumes,35,92.70145971,13.39671834,86.60328166,28.22762592,31.87427025,50.73969807
5,,Genebank,F26-0455,CIAT-8772,Fabales,Fabaceae,Canavalia,bicarinata,Canavalia bicarinata,Herbaceous_legumes,35,93.83185044,14.25313584,85.74686416,19.64203687,31.00110166,51.62888895
5,,Genebank,F26-0455,CIAT-8772,Fabales,Fabaceae,Canavalia,bicarinata,Canavalia bicarinata,Herbaceous_legumes,35,93.86,14.32134636,85.67865364,19.60668634,31.57336625,49.23350926
5,,Genebank,F25-2583,CIAT-4141,Fabales,Fabaceae,Vigna,radiata,Vigna radiata,Herbaceous_legumes,35,90.88,11.92,88.08,19.8,28.07,48.46
5,,Genebank,F25-2583,CIAT-4141,Fabales,Fabaceae,Vigna,radiata,Vigna radiata,Herbaceous_legumes,35,91,11.72,88.28,19.17,27.9,49.83
5,,Genebank,F25-2588,CIAT-8014,Fabales,Fabaceae,Crotalaria,retusa,Crotalaria retusa,Herbaceous_legumes,35,91.31,8.95,91.05,21.18,29.02,53.19
5,,Genebank,F25-2588,CIAT-8014,Fabales,Fabaceae,Crotalaria,retusa,Crotalaria retusa,Herbaceous_legumes,35,91.32,8.91,91.09,21.18,31.07,56.56
5,,Genebank,F25-2612,CIAT-23416,Fabales,Fabaceae,Codariocalyx,motorius,Codariocalyx motorius,Shrub_Trees,35,92.78,12.36,87.64,18.14,40.91,56.81
5,,Genebank,F25-2612,CIAT-23416,Fabales,Fabaceae,Codariocalyx,motorius,Codariocalyx motorius,Shrub_Trees,35,92.83,12.19,87.81,18.14,41.33,56.8
5,,Genebank,F26-0067,CIAT-16537,Poales,Poaceae,Sporobolus,sp.,Sporobolus sp.,Grass,35,96.16230262,15.22172424,84.77827576,14.1634369,33.56950963,68.45811919
5,,Genebank,F26-0067,CIAT-16537,Poales,Poaceae,Sporobolus,sp.,Sporobolus sp.,Grass,35,97.26082175,13.6550769,86.3449231,14.1634369,33.23575816,68.51408157
5,,Genebank,F26-0068,CIAT-16561,Poales,Poaceae,Panicum,maximum,Panicum maximum,Grass,35,,,,,,
5,,Genebank,F26-0068,CIAT-16561,Poales,Poaceae,Panicum,maximum,Panicum maximum,Grass,35,94.16233507,10.03502721,89.96497279,13.92648053,33.9321665,60.44244411
5,,Genebank,F26-0068,CIAT-16561,Poales,Poaceae,Panicum,maximum,Panicum maximum,Grass,35,94.50109978,10.43978702,89.56021298,13.92648053,33.21301496,59.30627821
5,,LMF,F25-0008,Sample-8,Poales,Poaceae,Cynodon, nlemfuensis ,Cynodon nlemfuensis ,,35,93.64063594,11.32941805,88.67058195,13.1,37.8,76.05
5,,LMF,F25-0008,Sample-8,Poales,Poaceae,Cynodon, nlemfuensis ,Cynodon nlemfuensis ,,35,93.64063594,11.32941805,88.67058195,18.77653815,37.8,76.05
5,,LMF,F25-0008,Sample-8,Poales,Poaceae,Cynodon, nlemfuensis ,Cynodon nlemfuensis ,,35,93.82123575,11.49829497,88.50170503,13.1,37.7,76.05
5,,Genebank,F26-0501,CIAT-25254,Fabales,Fabaceae,Centrosema,pubescens,Centrosema pubescens,Herbaceous_legumes,36,93.24067593,13.65273028,86.34726972,22.22403549,49.22025707,58.59075407
5,,Genebank,F26-0501,CIAT-25254,Fabales,Fabaceae,Centrosema,pubescens,Centrosema pubescens,Herbaceous_legumes,36,93.37,13.78270556,86.21729444,22.22403549,48.61058574,52.65448977
5,,Genebank,F26-0502,CIAT-25516,Fabales,Fabaceae,Centrosema,tetragonolobum,Centrosema tetragonolobum,Herbaceous_legumes,36,93.49195241,13.87419165,86.12580835,26.24978967,40.92532581,54.33439446
5,,Genebank,F26-0502,CIAT-25516,Fabales,Fabaceae,Centrosema,tetragonolobum,Centrosema tetragonolobum,Herbaceous_legumes,36,93.56193142,14.31243653,85.68756347,25.64948243,40.06675792,53.40897404
5,,Genebank,F26-0503,CIAT-286,Fabales,Fabaceae,Zornia,glabra,Zornia glabra,Herbaceous_legumes,36,92.32076792,9.01284137,90.98715863,15.73890535,52.46996885,58.07158015
5,,Genebank,F26-0503,CIAT-286,Fabales,Fabaceae,Zornia,glabra,Zornia glabra,Herbaceous_legumes,36,92.73,8.927279895,91.07272011,15.73890535,52.76873052,57.09445628
5,,Genebank,F26-0504,CIAT-330,Fabales,Fabaceae,Desmodium,incanum,Desmodium incanum,Herbaceous_legumes,36,93.31133773,10.49643871,89.50356129,15.56556781,45.26983371,67.18935558
5,,Genebank,F26-0504,CIAT-330,Fabales,Fabaceae,Desmodium,incanum,Desmodium incanum,Herbaceous_legumes,36,93.38132374,10.1429872,89.8570128,15.56556781,42.79753029,67.95367026
5,,Genebank,F26-0505,CIAT-506,Fabales,Fabaceae,Macroptilium,atropurpureum,Macroptilium atropurpureum,Herbaceous_legumes,36,94.22231108,9.054283291,90.94571671,22.17176465,38.36235218,56.82175095
5,,Genebank,F26-0505,CIAT-506,Fabales,Fabaceae,Macroptilium,atropurpureum,Macroptilium atropurpureum,Herbaceous_legumes,36,94.34226309,9.043681086,90.95631891,22.17176465,41.07995378,59.06391114
5,,Genebank,F26-0506,CIAT-921,Fabales,Fabaceae,Tephrosia,cinerea,Tephrosia cinerea,Herbaceous_legumes,36,91.86081392,8.91684324,91.08315676,24.80471618,34.04512334,63.07336966
5,,Genebank,F26-0506,CIAT-921,Fabales,Fabaceae,Tephrosia,cinerea,Tephrosia cinerea,Herbaceous_legumes,36,92.04238728,8.675875858,91.32412414,24.80471618,32.47190658,59.92733581
5,,Genebank,F26-0507,CIAT-1011,Fabales,Fabaceae,Stylosanthes,viscosa,Stylosanthes viscosa,Herbaceous_legumes,36,94,11.55073389,88.44926611,15.19598972,39.79882746,62.76541155
5,,Genebank,F26-0507,CIAT-1011,Fabales,Fabaceae,Stylosanthes,viscosa,Stylosanthes viscosa,Herbaceous_legumes,36,94.04,11.891087,88.108913,15.19598972,39.7666139,61.57536385
5,,Genebank,F26-0508,CIAT-1013,Fabales,Fabaceae,Stylosanthes,fruticosa,Stylosanthes fruticosa,Herbaceous_legumes,36,94.10058994,9.336194549,90.66380545,15.59414387,40.94899767,66.85309873
5,,Genebank,F26-0508,CIAT-1013,Fabales,Fabaceae,Stylosanthes,fruticosa,Stylosanthes fruticosa,Herbaceous_legumes,36,94.18,9.443352608,90.55664739,15.59414387,40.43001672,65.59318803
5,,Genebank,F26-0509,CIAT-1985,Fabales,Fabaceae,Stylosanthes,fruticosa,Stylosanthes fruticosa,Herbaceous_legumes,36,92.86214136,8.801751755,91.19824825,15.05225554,39.73866269,63.96485286
5,,Genebank,F26-0509,CIAT-1985,Fabales,Fabaceae,Stylosanthes,fruticosa,Stylosanthes fruticosa,Herbaceous_legumes,36,93.18136373,8.856371875,91.14362813,15.05225554,39.24951689,63.01404836
5,,Genebank,F26-0510,CIAT-2001,Fabales,Fabaceae,Stylosanthes,viscosa,Stylosanthes viscosa,Herbaceous_legumes,36,93.62318841,14.50981052,85.49018948,14.1830671,46.85683371,60.73682847
5,,Genebank,F26-0510,CIAT-2001,Fabales,Fabaceae,Stylosanthes,viscosa,Stylosanthes viscosa,Herbaceous_legumes,36,93.742503,14.89538253,85.10461747,14.1802302,47.11979117,62.32732931
5,,Genebank,F26-0511,CIAT-4263,Fabales,Fabaceae,Macroptilium,bracteatum,Macroptilium bracteatum,Herbaceous_legumes,36,92.67,11.81038667,88.18961333,19.95627179,28.06780097,53.88540833
5,,Genebank,F26-0511,CIAT-4263,Fabales,Fabaceae,Macroptilium,bracteatum,Macroptilium bracteatum,Herbaceous_legumes,36,92.76,12.12317317,87.87682683,20.08579404,26.92228941,52.79212407
5,,Genebank,F26-0512,CIAT-4495,Fabales,Fabaceae,Vigna,radiata,Vigna radiata,Herbaceous_legumes,36,92.19078092,13.49088761,86.50911239,22.75188034,34.44485182,47.65624043
5,,Genebank,F26-0512,CIAT-4495,Fabales,Fabaceae,Vigna,radiata,Vigna radiata,Herbaceous_legumes,36,92.21155769,16.81854876,83.18145124,22.75188034,35.50872433,48.83540067
5,,Genebank,F26-0513,CIAT-7739,Fabales,Fabaceae,Chamaecrista,mimosoides,Chamaecrista mimosoides,Herbaceous_legumes,36,93.08069193,7.358415614,92.64158439,16.06811069,27.77579956,58.49185301
5,,Genebank,F26-0513,CIAT-7739,Fabales,Fabaceae,Chamaecrista,mimosoides,Chamaecrista mimosoides,Herbaceous_legumes,36,93.08207538,11.21262763,88.78737237,16.12484178,27.34449399,59.27781108
5,,Genebank,F26-0514,CIAT-8279,Fabales,Fabaceae,Zornia,glabra,Zornia glabra,Herbaceous_legumes,36,90.59188162,8.979684259,91.02031574,18.11731903,33.72428168,56.30312614
5,,Genebank,F26-0514,CIAT-8279,Fabales,Fabaceae,Zornia,glabra,Zornia glabra,Herbaceous_legumes,36,90.67,16.89268572,83.10731428,18.11731903,32.04321194,55.82933392
5,,Genebank,F26-0515,CIAT-11898,Fabales,Fabaceae,Stylosanthes,erecta,Stylosanthes erecta,Herbaceous_legumes,36,92.44075592,18.05991132,81.94008868,16.15086871,35.95214948,55.91314484
5,,Genebank,F26-0515,CIAT-11898,Fabales,Fabaceae,Stylosanthes,erecta,Stylosanthes erecta,Herbaceous_legumes,36,92.48075192,10.20871634,89.79128366,16.15086871,36.34295632,55.92466184
5,,Genebank,F26-0516,CIAT-12001,Fabales,Fabaceae,Stylosanthes,mexicana,Stylosanthes mexicana,Herbaceous_legumes,36,91.99160168,15.87425837,84.12574163,18.05044171,30.21433124,57.79275491
5,,Genebank,F26-0516,CIAT-12001,Fabales,Fabaceae,Stylosanthes,mexicana,Stylosanthes mexicana,Herbaceous_legumes,36,92.04318273,21.09626739,78.90373261,18.05044171,31.85475905,56.31290729
5,,Genebank,F26-0517,CIAT-19199,Fabales,Fabaceae,Tephrosia,villosa,Tephrosia villosa,Herbaceous_legumes,36,94.22231108,19.1431273,80.8568727,15.37487311,25.62819301,62.34728898
5,,Genebank,F26-0517,CIAT-19199,Fabales,Fabaceae,Tephrosia,villosa,Tephrosia villosa,Herbaceous_legumes,36,94.28171549,7.944396531,92.05560347,15.37487311,24.98918423,60.7665439
5,,Genebank,F26-0518,CIAT-19819,Fabales,Fabaceae,Pseudarthria,viscida,Pseudarthria viscida,Herbaceous_legumes,36,93.05138972,15.72575491,84.27424509,18.2127878,23.36809705,56.13420835
5,,Genebank,F26-0518,CIAT-19819,Fabales,Fabaceae,Pseudarthria,viscida,Pseudarthria viscida,Herbaceous_legumes,36,93.1027589,21.67228759,78.32771241,18.2127878,22.48914782,59.76758809
5,,Genebank,F26-0519,CIAT-20646,Fabales,Fabaceae,Pseudarthria,viscida,Pseudarthria viscida,Herbaceous_legumes,36,92.93,18.73816428,81.26183572,19.61926245,25.92183478,55.39583196
5,,Genebank,F26-0519,CIAT-20646,Fabales,Fabaceae,Pseudarthria,viscida,Pseudarthria viscida,Herbaceous_legumes,36,93.00069993,10.56201918,89.43798082,19.61926245,24.22725528,55.77305305
5,,Genebank,F26-0520,CIAT-20778,Fabales,Fabaceae,Chamaecrista,serpens,Chamaecrista serpens,Herbaceous_legumes,36,94.16116777,16.00924362,83.99075638,17.35044627,29.13092726,53.35003123
5,,Genebank,F26-0520,CIAT-20778,Fabales,Fabaceae,Chamaecrista,serpens,Chamaecrista serpens,Herbaceous_legumes,36,94.19232307,18.38359851,81.61640149,17.38168712,27.76068066,56.61811147
5,,Genebank,F26-0521,CIAT-23035,Fabales,Fabaceae,Desmodium,laxiflorum,Desmodium laxiflorum,Herbaceous_legumes,36,92.16078392,13.05845817,86.94154183,16.31259106,32.68597847,50.39758332
5,,Genebank,F26-0521,CIAT-23035,Fabales,Fabaceae,Desmodium,laxiflorum,Desmodium laxiflorum,Herbaceous_legumes,36,92.2223333,11.85219357,88.14780643,16.31259106,30.85927385,51.12663574
5,,Genebank,F26-0522,CIAT-24004,Fabales,Fabaceae,Vigna,radiata,Vigna radiata,Herbaceous_legumes,36,94.44055594,11.59907739,88.40092261,14.54769274,27.04115779,61.93886302
5,,Genebank,F26-0522,CIAT-24004,Fabales,Fabaceae,Vigna,radiata,Vigna radiata,Herbaceous_legumes,36,94.52109578,12.37040676,87.62959324,14.54769274,25.57959986,62.59292514
5,,Genebank,F26-0523,CIAT-33606,Fabales,Fabaceae,Desmodium,sandwicense x intortum,Desmodium sandwicense x intortum,Herbaceous_legumes,36,91.69083092,8.437706906,91.56229309,18.38265973,26.34465964,59.94450722
5,,Genebank,F26-0523,CIAT-33606,Fabales,Fabaceae,Desmodium,sandwicense x intortum,Desmodium sandwicense x intortum,Herbaceous_legumes,36,91.99,8.884977228,91.11502277,18.39922068,26.45665796,59.90392087
5,,Genebank,F26-0524,CIAT-33623,Fabales,Fabaceae,Desmodium,brachypodum,Desmodium brachypodum,Herbaceous_legumes,36,92.92141572,9.532006455,90.46799354,19.32420126,28.35890384,57.86145236
5,,Genebank,F26-0524,CIAT-33623,Fabales,Fabaceae,Desmodium,brachypodum,Desmodium brachypodum,Herbaceous_legumes,36,92.94141172,9.822485207,90.17751479,19.32420126,28.09272335,57.15618695
5,,Genebank,F26-0525,CIAT-33636,Fabales,Fabaceae,Desmodium,muelleri,Desmodium muelleri,Herbaceous_legumes,36,93.56193142,8.900048079,91.09995192,20.66857797,26.24588266,60.05758113
5,,Genebank,F26-0525,CIAT-33636,Fabales,Fabaceae,Desmodium,muelleri,Desmodium muelleri,Herbaceous_legumes,36,93.57192842,8.953469737,91.04653026,20.66857797,26.2841911,59.47441872
5,,Genebank,F26-0526,CIAT-33726,Fabales,Fabaceae,Desmodium,sandwicense,Desmodium sandwicense,Herbaceous_legumes,36,93.14,10.25956512,89.74043488,18.62947164,26.48737833,60.3552326
5,,Genebank,F26-0526,CIAT-33726,Fabales,Fabaceae,Desmodium,sandwicense,Desmodium sandwicense,Herbaceous_legumes,36,93.61255498,10.46956446,89.53043554,18.62947164,26.58945498,61.08286545
5,,Genebank,F26-0527,CIAT-33727,Fabales,Fabaceae,Desmodium,sandwicense,Desmodium sandwicense,Herbaceous_legumes,36,91.83081692,8.575841368,91.42415863,19.02312049,26.35424745,58.90882715
5,,Genebank,F26-0527,CIAT-33727,Fabales,Fabaceae,Desmodium,sandwicense,Desmodium sandwicense,Herbaceous_legumes,36,93.3220034,8.41214699,91.58785301,19.02312049,26.30688094,59.77443854
5,,Genebank,F26-0528,CIAT-43324,Fabales,Fabaceae,Desmodium,muelleri,Desmodium muelleri,Herbaceous_legumes,36,92.37,10.67383961,89.32616039,18.05305338,28.58650642,58.62147275
5,,Genebank,F26-0528,CIAT-43324,Fabales,Fabaceae,Desmodium,muelleri,Desmodium muelleri,Herbaceous_legumes,36,92.38076192,11.02997465,88.97002535,18.05305338,28.35910606,56.7355163
5,,Genebank,F26-0529,CIAT-9776,Fabales,Fabaceae,Mimosa,debilis,Mimosa debilis,Shrub_Trees,36,91.87243827,9.354008367,90.64599163,15.34170764,27.29895881,62.57294431
5,,Genebank,F26-0529,CIAT-9776,Fabales,Fabaceae,Mimosa,debilis,Mimosa debilis,Shrub_Trees,36,91.95080492,18.74439475,81.25560525,15.47149059,27.41106652,61.06735946
5,,Genebank,F26-0530,CIAT-13761,Fabales,Fabaceae,Desmodium,distortum,Desmodium distortum,Shrub_Trees,36,93.1527389,10.41923456,89.58076544,20.09052354,25.86633895,52.07796182
5,,Genebank,F26-0530,CIAT-13761,Fabales,Fabaceae,Desmodium,distortum,Desmodium distortum,Shrub_Trees,36,93.35066493,9.317932979,90.68206702,20.09052354,25.29443518,52.39782924
5,,Genebank,F26-0531,CIAT-13929,Fabales,Fabaceae,Desmodium,distortum,Desmodium distortum,Shrub_Trees,36,90.79092091,8.742611853,91.25738815,17.19470981,24.59615661,38.18600452
5,,Genebank,F26-0531,CIAT-13929,Fabales,Fabaceae,Desmodium,distortum,Desmodium distortum,Shrub_Trees,36,90.83,10.32920652,89.67079348,17.19470981,25.1892099,39.04613488
5,,Genebank,F26-0532,CIAT-13930,Fabales,Fabaceae,Desmodium,glabrum,Desmodium glabrum,Shrub_Trees,36,92.03318673,11.34887608,88.65112392,21.40096477,26.27769462,35.9801572
5,,Genebank,F26-0532,CIAT-13930,Fabales,Fabaceae,Desmodium,glabrum,Desmodium glabrum,Shrub_Trees,36,92.05238428,13.6091515,86.3908485,21.40096477,26.79983131,34.78071124
5,,Genebank,F26-0533,CIAT-21082,Fabales,Fabaceae,Flemingia,stricta,Flemingia stricta,Shrub_Trees,36,94.50054995,9.511717717,90.48828228,20.13658223,24.70035035,66.55727155
5,,Genebank,F26-0533,CIAT-21082,Fabales,Fabaceae,Flemingia,stricta,Flemingia stricta,Shrub_Trees,36,94.51054895,11.61720362,88.38279638,20.13658223,24.4070393,63.27123813
5,,Genebank,F26-0534,CIAT-21089,Fabales,Fabaceae,Flemingia,stricta,Flemingia stricta,Shrub_Trees,36,92.85142971,15.71763565,84.28236435,19.46551827,25.34784942,64.13756241
5,,Genebank,F26-0534,CIAT-21089,Fabales,Fabaceae,Flemingia,stricta,Flemingia stricta,Shrub_Trees,36,92.89,9.012528883,90.98747112,19.46551827,25.13693046,64.19405641
5,,Genebank,F26-0535,CIAT-21091,Fabales,Fabaceae,Flemingia,stricta,Flemingia stricta,Shrub_Trees,36,92.10078992,8.131140422,91.86885958,19.58941744,26.84586903,70.90077473
5,,Genebank,F26-0535,CIAT-21091,Fabales,Fabaceae,Flemingia,stricta,Flemingia stricta,Shrub_Trees,36,92.11078892,11.73533084,88.26466916,19.58941744,26.38680342,70.82127521
5,,Genebank,F26-0536,CIAT-21115,Fabales,Fabaceae,Flemingia,lineata,Flemingia lineata,Shrub_Trees,36,92.4315137,7.926102428,92.07389757,19.32295278,26.67354621,63.99562858
5,,Genebank,F26-0536,CIAT-21115,Fabales,Fabaceae,Flemingia,lineata,Flemingia lineata,Shrub_Trees,36,92.49,7.257132895,92.74286711,19.32295278,26.28699493,65.00892197
5,,Genebank,F26-0537,CIAT-21118,Fabales,Fabaceae,Flemingia,lineata,Flemingia lineata,Shrub_Trees,36,92.49075092,7.575951821,92.42404818,19.29396619,27.29257542,64.3766248
5,,Genebank,F26-0537,CIAT-21118,Fabales,Fabaceae,Flemingia,lineata,Flemingia lineata,Shrub_Trees,36,92.55,7.630751567,92.36924843,19.29396619,27.42390821,64.93114725
5,,Genebank,F26-0538,CIAT-22063,Fabales,Fabaceae,Flemingia,lineata,Flemingia lineata,Shrub_Trees,36,92.92212336,7.561985694,92.43801431,20.12770259,25.46221908,59.82326762
5,,Genebank,F26-0538,CIAT-22063,Fabales,Fabaceae,Flemingia,lineata,Flemingia lineata,Shrub_Trees,36,92.95211437,7.529715484,92.47028452,20.36980565,25.29328774,62.1092296
5,,Genebank,F26-0539,CIAT-43154,Fabales,Fabaceae,Desmodium,distortum,Desmodium distortum,Shrub_Trees,36,94.16058394,7.931620302,92.0683797,18.10924176,26.94981203,57.84683966
5,,Genebank,F26-0539,CIAT-43154,Fabales,Fabaceae,Desmodium,distortum,Desmodium distortum,Shrub_Trees,36,94.18058194,7.889148439,92.11085156,18.10924176,26.46167717,48.05174042
5,,Breeding,F26-1076,CIAT-BR-06-423-Opt-F,Poales,Poaceae,Urochloa,interespecifico,Urochloa interespecifico,Grass,36,93.8,14.19721292,85.80278708,12.26657157,24.87734272,62.38238522
5,,Breeding,F26-1076,CIAT-BR-06-423-Opt-F,Poales,Poaceae,Urochloa,interespecifico,Urochloa interespecifico,Grass,36,93.8,14.19721292,85.80278708,12.26657157,32.25676421,62.38238522
5,,Breeding,F26-1076,CIAT-BR-06-423-Opt-F,Poales,Poaceae,Urochloa,interespecifico,Urochloa interespecifico,Grass,36,93.84246301,14.06368463,85.93631537,12.12774698,26.01949613,61.40464471
5,,Breeding,F26-1076,CIAT-BR-06-423-Opt-F,Poales,Poaceae,Urochloa,interespecifico,Urochloa interespecifico,Grass,36,93.84246301,14.06368463,85.93631537,12.12774698,31.83733288,61.40464471
5,,Breeding,F26-1077,CIAT-MulatoII-Opt-D,Poales,Poaceae,Urochloa,interespecifico,Urochloa interespecifico,Grass,36,95.0609878,11.53401325,88.46598675,17.10045477,26.90360497,58.82104687
5,,Breeding,F26-1077,CIAT-MulatoII-Opt-D,Poales,Poaceae,Urochloa,interespecifico,Urochloa interespecifico,Grass,36,95.0609878,11.53401325,88.46598675,17.10045477,27.06320283,58.82104687
5,,Breeding,F26-1077,CIAT-MulatoII-Opt-D,Poales,Poaceae,Urochloa,interespecifico,Urochloa interespecifico,Grass,36,95.1209758,11.68121123,88.31878877,17.79629264,27.19511926,59.63925718
5,,Breeding,F26-1077,CIAT-MulatoII-Opt-D,Poales,Poaceae,Urochloa,interespecifico,Urochloa interespecifico,Grass,36,95.1209758,11.68121123,88.31878877,17.79629264,27.7061392,59.63925718
5,,LMF,F26-1080,CIAT-17009,Fabales,Fabaceas,Canavalia,brasiliensis,Canavalia brasiliensis,Herbaceous_legumes,36,91.88162368,13.44708835,86.55291165,31.45175947,25.74069332,48.8127459
5,,LMF,F26-1080,CIAT-17009,Fabales,Fabaceas,Canavalia,brasiliensis,Canavalia brasiliensis,Herbaceous_legumes,36,91.91323471,13.54229612,86.45770388,31.6567009,26.02481491,49.71963828
5,,LMF,F26-1081,CIAT-17462,Fabales,Fabaceas,Canavalia,brasiliensis,Canavalia brasiliensis,Herbaceous_legumes,36,91.61,13.64504248,86.35495752,29.53447339,27.70443152,50.2135227
5,,LMF,F26-1081,CIAT-17462,Fabales,Fabaceas,Canavalia,brasiliensis,Canavalia brasiliensis,Herbaceous_legumes,36,91.75329868,13.70500433,86.29499567,29.72140193,27.37184882,49.21072706
5,,LMF,F26-1082,CIAT-13953,Fabales,Fabaceas,Desmodium,velutinum,Desmodium velutinum,Shrub_Trees,36,88.31467413,8.446369202,91.5536308,25.86487244,25.22363558,59.16317464
5,,LMF,F26-1082,CIAT-13953,Fabales,Fabaceas,Desmodium,velutinum,Desmodium velutinum,Shrub_Trees,36,89.44211158,8.223076563,91.77692344,26.10405188,25.16329078,60.69742339
5,,LMF,F26-1083,CIAT-9432,Fabales,Fabaceas,Clitoria,tertanea,Clitoria tertanea,Herbaceous_legumes,36,92.76289484,7.526736461,92.47326354,35.55523936,23.09143508,58.04316127
5,,LMF,F26-1083,CIAT-9432,Fabales,Fabaceas,Clitoria,tertanea,Clitoria tertanea,Herbaceous_legumes,36,92.90070993,7.47513879,92.52486121,35.56142729,22.31881909,57.306669
5,,LMF,F26-1084,CIAT-17768,Fabales,Fabaceas,Clitoria,tertanea,Clitoria tertanea,Herbaceous_legumes,36,91.73248026,7.273883029,92.72611697,34.76922374,32.25676421,59.79227918
5,,LMF,F26-1084,CIAT-17768,Fabales,Fabaceas,Clitoria,tertanea,Clitoria tertanea,Herbaceous_legumes,36,91.8832467,7.251380016,92.74861998,34.83908339,31.83733288,58.3229539
5,,LMF,F26-1085,CIAT-22768,Fabales,Fabaceas,Lablab,purpureus,Lablab purpureus,Herbaceous_legumes,36,91.6,9.321489935,90.67851007,29.84085757,27.06320283,55.4788623
5,,LMF,F26-1085,CIAT-22768,Fabales,Fabaceas,Lablab,purpureus,Lablab purpureus,Herbaceous_legumes,36,91.63251025,9.351429787,90.64857021,29.61554059,27.7061392,57.74240478
5,,LMF,F26-1086,CIAT-22598,Fabales,Fabaceas,Lablab,purpureus,Lablab purpureus,Herbaceous_legumes,36,91.44342263,8.558432203,91.4415678,29.00576439,21.89,56.82664687
5,,LMF,F26-1086,CIAT-22598,Fabales,Fabaceas,Lablab,purpureus,Lablab purpureus,Herbaceous_legumes,36,91.46085391,8.528198712,91.47180129,28.70334072,22.15,55.34525203
5,,LMF,F26-1087,CIAT-18701,Fabales,Fabaceas,Cajanus,cajan,Cajanus cajan,Shrub_Trees,36,92.02079792,7.485062466,92.51493753,27.31193383,24.28,60.62038863
5,,LMF,F26-1087,CIAT-18701,Fabales,Fabaceas,Cajanus,cajan,Cajanus cajan,Shrub_Trees,36,92.06079392,7.485062466,92.51493753,26.94250006,24.45,62.05272266
5,,LMF,F26-1088,CIAT-20891,Fabales,Fabaceas,Cajanus,cajan,Cajanus cajan,Shrub_Trees,36,91.89081092,7.506560367,92.49343963,25.84608137,50.13,57.72618182
5,,LMF,F26-1088,CIAT-20891,Fabales,Fabaceas,Cajanus,cajan,Cajanus cajan,Shrub_Trees,36,91.93,7.442030057,92.55796994,25.75853133,48.24,59.83723505
5,,LMF,F26-1089,CIAT-15551,Fabales,Fabaceas,Centrosema ,molle,Centrosema molle,Herbaceous_legumes,36,91.8832467,8.351947808,91.64805219,34.65073772,58.1,70.59009535
5,,LMF,F26-1089,CIAT-15551,Fabales,Fabaceas,Centrosema ,molle,Centrosema molle,Herbaceous_legumes,36,91.95241428,8.331030714,91.66896929,34.19159762,60.17,73.51443423
5,,Breeding,F24-3584,CIAT-BR-06-0423,Poales,Poaceae,Urochloa,interespecifico,Urochloa interespecifico,Grass,36,96.56,15.97,84.03,11.01,22.15,57.45
5,,Breeding,F24-3584,CIAT-BR-06-0423,Poales,Poaceae,Urochloa,interespecifico,Urochloa interespecifico,Grass,36,96.56,15.97,84.03,11.01,32.88,57.45
5,,Breeding,F24-3584,CIAT-BR-06-0423,Poales,Poaceae,Urochloa,interespecifico,Urochloa interespecifico,Grass,36,96.97,15.96,84.04,11.01,21.89,57.28
5,,Breeding,F24-3584,CIAT-BR-06-0423,Poales,Poaceae,Urochloa,interespecifico,Urochloa interespecifico,Grass,36,96.97,15.96,84.04,11.01,30.74,57.28
5,,Breeding,F24-3591,CIAT-CIAT-6962,Poales,Poaceae,Megathyrsus,maximus,Megathyrsus maximus,Grass,36,95.58,14.19,85.81,8.59,31.59,67.17
5,,Breeding,F24-3591,CIAT-CIAT-6962,Poales,Poaceae,Megathyrsus,maximus,Megathyrsus maximus,Grass,36,95.87,14.3,85.7,8.59,32.69,68.08
5,,Genebank,F26-1029,CIAT-5913,Fabales,Fabaceae,Centrosema,grandiflorum,Centrosema grandiflorum,Herbaceous_legumes,36,94.58216713,9.638554217,90.36144578,14.12216406,39.27,58.18368744
5,,Genebank,F26-1029,CIAT-5913,Fabales,Fabaceae,Centrosema,grandiflorum,Centrosema grandiflorum,Herbaceous_legumes,36,94.58216713,9.659691397,90.3403086,14.1369122,38.01,56.79435123
5,,Genebank,F26-1030,CIAT-7389,Fabales,Fabaceae,Rhynchosia,schomburgkii,Rhynchosia schomburgkii,Herbaceous_legumes,36,94.67,7.942521034,92.05747897,18.51086014,41.67,63.21266405
5,,Genebank,F26-1030,CIAT-7389,Fabales,Fabaceae,Rhynchosia,schomburgkii,Rhynchosia schomburgkii,Herbaceous_legumes,36,94.69053095,8.184625422,91.81537458,18.07070673,42.13,62.27796483
5,,Genebank,F26-1031,CIAT-7649,Fabales,Fabaceae,Periandra,coccinea,Periandra coccinea,Herbaceous_legumes,36,94.50109978,8.526819996,91.47318,12.36328175,45.92787024,59.18185521
5,,Genebank,F26-1031,CIAT-7649,Fabales,Fabaceae,Periandra,coccinea,Periandra coccinea,Herbaceous_legumes,36,94.51164651,8.600014434,91.39998557,12.18085544,46.5154694,60.07968169
5,,Genebank,F26-1032,CIAT-7796,Fabales,Fabaceae,Calopogonium,velutinum,Calopogonium velutinum,Herbaceous_legumes,36,94.62053795,7.922652479,92.07734752,16.03492538,35.40843207,54.63792859
5,,Genebank,F26-1032,CIAT-7796,Fabales,Fabaceae,Calopogonium,velutinum,Calopogonium velutinum,Herbaceous_legumes,36,94.69106179,8.143672463,91.85632754,16.90967011,36.68989888,56.47854045
5,,Genebank,F26-1033,CIAT-8114,Fabales,Fabaceae,Calopogonium,velutinum,Calopogonium velutinum,Herbaceous_legumes,36,92.46,9.484079911,90.51592009,18.72900803,37.86034992,54.83654925
5,,Genebank,F26-1033,CIAT-8114,Fabales,Fabaceae,Calopogonium,velutinum,Calopogonium velutinum,Herbaceous_legumes,36,92.4815037,9.341626593,90.65837341,18.56547796,37.22018541,54.99736304
5,,Genebank,F26-1034,CIAT-8539,Fabales,Fabaceae,Canavalia,grandiflora,Canavalia grandiflora,Herbaceous_legumes,36,93.21135773,11.73010114,88.26989886,11.10357104,43.38940223,51.22918078
5,,Genebank,F26-1034,CIAT-8539,Fabales,Fabaceae,Canavalia,grandiflora,Canavalia grandiflora,Herbaceous_legumes,36,93.28,11.80751766,88.19248234,11.4225443,44.21973411,50.49528056
5,,Genebank,F26-1035,CIAT-8562,Fabales,Fabaceae,Periandra,coccinea,Periandra coccinea,Herbaceous_legumes,36,94.28228709,6.264280578,93.73571942,11.59881722,38.0785623,66.8651142
5,,Genebank,F26-1035,CIAT-8562,Fabales,Fabaceae,Periandra,coccinea,Periandra coccinea,Herbaceous_legumes,36,94.33113377,6.265533184,93.73446682,12.22164163,38.14455127,70.08794069
5,,Genebank,F26-1036,CIAT-8589,Fabales,Fabaceae,Galactia,jussiaeana,Galactia jussiaeana,Herbaceous_legumes,36,94.21173648,9.22862321,90.77137679,16.94930481,35.59088796,53.58473495
5,,Genebank,F26-1036,CIAT-8589,Fabales,Fabaceae,Galactia,jussiaeana,Galactia jussiaeana,Herbaceous_legumes,36,94.49220312,9.227700716,90.77229928,16.09364861,36.05573806,52.62421271
5,,Genebank,F26-1037,CIAT-9525,Fabales,Fabaceae,Canavalia,bicarinata,Canavalia bicarinata,Herbaceous_legumes,36,93.29,12.44435213,87.55564787,15.86446102,32.66274647,49.63706919
5,,Genebank,F26-1037,CIAT-9525,Fabales,Fabaceae,Canavalia,bicarinata,Canavalia bicarinata,Herbaceous_legumes,36,93.30066993,12.77535273,87.22464727,15.59182325,32.81381622,49.70745806
5,,Genebank,F26-1038,CIAT-9991,Fabales,Fabaceae,Galactia,jussiaeana,Galactia jussiaeana,Herbaceous_legumes,36,94.49220312,8.471732589,91.52826741,15.71216426,33.9321665,60.77510659
5,,Genebank,F26-1038,CIAT-9991,Fabales,Fabaceae,Galactia,jussiaeana,Galactia jussiaeana,Herbaceous_legumes,36,94.53164051,8.419691996,91.580308,15.41398405,33.21301496,62.36384277
5,,Genebank,F26-1039,CIAT-15024,Fabales,Fabaceae,Centrosema,pubescens,Centrosema pubescens,Herbaceous_legumes,36,95.5113466,10.23170738,89.76829262,21.24531141,40.28296831,57.59154129
5,,Genebank,F26-1039,CIAT-15024,Fabales,Fabaceae,Centrosema,pubescens,Centrosema pubescens,Herbaceous_legumes,36,95.6017593,10.20976297,89.79023703,21.50318168,39.92598705,56.94588353
5,,Genebank,F26-1040,CIAT-15039,Fabales,Fabaceae,Centrosema,angustifolium,Centrosema angustifolium,Herbaceous_legumes,36,95.88164734,10.6733375,89.3266625,16.58272692,32.56,56.18921504
5,,Genebank,F26-1040,CIAT-15039,Fabales,Fabaceae,Centrosema,angustifolium,Centrosema angustifolium,Herbaceous_legumes,36,95.92163135,10.54825933,89.45174067,16.7387789,33.71,56.77447331
5,,Genebank,F26-1041,CIAT-15285,Fabales,Fabaceae,Centrosema,bifidum,Centrosema bifidum,Herbaceous_legumes,36,94.08059194,10.38982189,89.61017811,20.3069746,31.6,53.92062033
5,,Genebank,F26-1041,CIAT-15285,Fabales,Fabaceae,Centrosema,bifidum,Centrosema bifidum,Herbaceous_legumes,36,94.16175147,10.45147304,89.54852696,20.44300392,31.77,53.61152125
5,,Genebank,F26-1042,CIAT-17333,Fabales,Fabaceae,Dunbaria,nivea,Dunbaria nivea,Herbaceous_legumes,36,94.4016795,10.76475258,89.23524742,22.28759868,46.71348515,52.55946085
5,,Genebank,F26-1042,CIAT-17333,Fabales,Fabaceae,Dunbaria,nivea,Dunbaria nivea,Herbaceous_legumes,36,94.4916525,10.81767663,89.18232337,22.07110619,43.8186202,49.34543141
5,,Genebank,F26-1043,CIAT-17392,Fabales,Fabaceae,Cajanus,scarabaeoides,Cajanus scarabaeoides,Herbaceous_legumes,36,94.68,9.262186909,90.73781309,14.69014454,36.11494341,62.07373323
5,,Genebank,F26-1043,CIAT-17392,Fabales,Fabaceae,Cajanus,scarabaeoides,Cajanus scarabaeoides,Herbaceous_legumes,36,94.69212315,9.174027566,90.82597243,14.79782563,35.97155925,62.19440181
5,,Genebank,F26-1044,CIAT-18164,Fabales,Fabaceae,Teramnus,volubilis,Teramnus volubilis,Herbaceous_legumes,36,93.81,12.34409978,87.65590022,21.99849358,37.1203597,51.33598058
5,,Genebank,F26-1044,CIAT-18164,Fabales,Fabaceae,Teramnus,volubilis,Teramnus volubilis,Herbaceous_legumes,36,93.81,12.40805884,87.59194116,22.0574224,37.55541466,51.40782107
5,,Genebank,F26-1045,CIAT-18260,Fabales,Fabaceae,Canavalia,grandiflora,Canavalia grandiflora,Herbaceous_legumes,36,93.65253898,14.83467864,85.16532136,10.76133805,40.25061776,44.45801326
5,,Genebank,F26-1045,CIAT-18260,Fabales,Fabaceae,Canavalia,grandiflora,Canavalia grandiflora,Herbaceous_legumes,36,93.67126575,14.83764498,85.16235502,10.72225748,40.8590279,43.5524509
5,,Genebank,F26-1046,CIAT-18410,Fabales,Fabaceae,Cajanus,crassus,Cajanus crassus,Herbaceous_legumes,36,95.22143357,7.178141049,92.82185895,20.34288921,44.30004004,50.44365278
5,,Genebank,F26-1046,CIAT-18410,Fabales,Fabaceae,Cajanus,crassus,Cajanus crassus,Herbaceous_legumes,36,95.3,7.253777038,92.74622296,20.41216637,44.35169714,53.04348951
5,,Genebank,F26-1047,CIAT-18522,Fabales,Fabaceae,Rhynchosia,phaseoloides,Rhynchosia phaseoloides,Herbaceous_legumes,36,92.85071493,11.27447397,88.72552603,18.22751468,36.59963872,57.85108788
5,,Genebank,F26-1047,CIAT-18522,Fabales,Fabaceae,Rhynchosia,phaseoloides,Rhynchosia phaseoloides,Herbaceous_legumes,36,92.86,11.44791242,88.55208758,17.85233119,36.35636242,56.89512433
5,,Genebank,F26-1048,CIAT-18584,Fabales,Fabaceae,Canavalia,mattogrossensis,Canavalia mattogrossensis,Herbaceous_legumes,36,92.69073093,9.836557409,90.16344259,14.44237849,34.63320504,59.00934974
5,,Genebank,F26-1048,CIAT-18584,Fabales,Fabaceae,Canavalia,mattogrossensis,Canavalia mattogrossensis,Herbaceous_legumes,36,92.72145571,9.673804642,90.32619536,14.3116516,36.10697732,61.08210887
5,,LMF-invivo,F26-2902-(100%),START-GRASS,Poales,Poaceae,Cynodon, nlemfuensis ,Cynodon nlemfuensis ,,36,92.42,9.35,90.65,8.67,36.46300887,78.6
5,,LMF-invivo,F26-2902-(100%),START-GRASS,Poales,Poaceae,Cynodon, nlemfuensis ,Cynodon nlemfuensis ,,36,92.42,9.35,90.65,8.67,42.13,78.6
5,,LMF-invivo,F26-2902-(100%),START-GRASS,Poales,Poaceae,Cynodon, nlemfuensis ,Cynodon nlemfuensis ,,36,92.56,9.25,90.75,8.8,35.80157471,78.74
5,,LMF-invivo,F26-2902-(100%),START-GRASS,Poales,Poaceae,Cynodon, nlemfuensis ,Cynodon nlemfuensis ,,36,92.56,9.25,90.75,8.8,41.67,78.74
5,,LMF,F25-0008,Sample-8,Poales,Poaceae,Cynodon, nlemfuensis ,Cynodon nlemfuensis ,,36,93.64063594,11.32941805,88.67058195,13.1,37.8,76.05
5,,LMF,F25-0008,Sample-8,Poales,Poaceae,Cynodon, nlemfuensis ,Cynodon nlemfuensis ,,36,93.64063594,11.32941805,88.67058195,18.77653815,37.8,76.05
5,,LMF,F25-0008,Sample-8,Poales,Poaceae,Cynodon, nlemfuensis ,Cynodon nlemfuensis ,,36,93.82123575,11.49829497,88.50170503,13.1,37.7,76.05
5,,GENBANK,F26-1049-,CIAT-18586,Fabales,Fabaceae,Canavalia,mattogrossensis,Canavalia mattogrossensis,Herbaceous_legumes,37,93.71251499,10.13920022,89.86079978,17.48525744,49.22025707,63.18286619
5,,GENBANK,F26-1049-,CIAT-18586,Fabales,Fabaceae,Canavalia,mattogrossensis,Canavalia mattogrossensis,Herbaceous_legumes,37,93.80123975,10.29052018,89.70947982,18.03742484,48.61058574,62.04910107
5,,GENBANK,F26-1050,CIAT-18632,Fabales,Fabaceae,Dioclea,crenata,Dioclea crenata,Herbaceous_legumes,37,94.51164651,9.781142593,90.21885741,17.17541785,40.06675792,52.48713756
5,,GENBANK,F26-1050,CIAT-18632,Fabales,Fabaceae,Dioclea,crenata,Dioclea crenata,Herbaceous_legumes,37,94.57108578,9.813846308,90.18615369,17.18997393,40.92532581,55.20403053
5,,GENBANK,F26-1051,CIAT-21137,Fabales,Fabaceae,Cajanus,goensis,Cajanus goensis,Herbaceous_legumes,37,93.03209037,9.328538457,90.67146154,15.02125646,52.46996885,66.13879917
5,,GENBANK,F26-1051,CIAT-21137,Fabales,Fabaceae,Cajanus,goensis,Cajanus goensis,Herbaceous_legumes,37,93.22203339,9.307068864,90.69293114,14.18987841,52.76873052,66.19347327
5,,GENBANK,F26-1052,CIAT-21174,Fabales,Fabaceae,Cajanus,goensis,Cajanus goensis,Herbaceous_legumes,37,95.59,9.739422672,90.26057733,20.64832128,45.26983371,59.05157857
5,,GENBANK,F26-1052,CIAT-21174,Fabales,Fabaceae,Cajanus,goensis,Cajanus goensis,Herbaceous_legumes,37,95.59176329,9.756442593,90.24355741,20.78799009,42.79753029,56.66716911
5,,GENBANK,F26-1053,CIAT-22055,Fabales,Fabaceae,Cajanus,crassus,Cajanus crassus,Herbaceous_legumes,37,93.50129974,7.1080938,92.8919062,15.05267443,38.36235218,52.96492792
5,,GENBANK,F26-1053,CIAT-22055,Fabales,Fabaceae,Cajanus,crassus,Cajanus crassus,Herbaceous_legumes,37,93.57192842,7.321139089,92.67886091,15.07461153,41.07995378,54.7326434
5,,GENBANK,F26-1054,CIAT-22059,Fabales,Fabaceae,Pueraria,montana,Pueraria montana,Herbaceous_legumes,37,93.46130774,11.18784195,88.81215805,16.21992603,32.47190658,53.41291342
5,,GENBANK,F26-1054,CIAT-22059,Fabales,Fabaceae,Pueraria,montana,Pueraria montana,Herbaceous_legumes,37,93.49,10.90123426,89.09876574,15.85931419,34.04512334,55.14252081
5,,GENBANK,F26-1055,CIAT-25157,Fabales,Fabaceae,Centrosema,capitatum,Centrosema capitatum,Herbaceous_legumes,37,95.0309938,8.741801752,91.25819825,19.26377567,39.7666139,61.03940877
5,,GENBANK,F26-1055,CIAT-25157,Fabales,Fabaceae,Centrosema,capitatum,Centrosema capitatum,Herbaceous_legumes,37,95.05197921,8.8978168,91.1021832,19.06390672,39.79882746,59.50002348
5,,GENBANK,F26-1056,CIAT-25214,Fabales,Fabaceae,Centrosema,grandiflorum,Centrosema grandiflorum,Herbaceous_legumes,37,94.05178446,11.22396414,88.77603586,17.15270948,40.94899767,60.34288488
5,,GENBANK,F26-1056,CIAT-25214,Fabales,Fabaceae,Centrosema,grandiflorum,Centrosema grandiflorum,Herbaceous_legumes,37,94.06059394,11.22620871,88.77379129,17.05338714,40.43001672,59.62554013
5,,GENBANK,F26-1057,CIAT-25224,Fabales,Fabaceae,Centrosema,capitatum,Centrosema capitatum,Herbaceous_legumes,37,94.08177547,10.57995434,89.42004566,18.9270556,39.24951689,59.7697022
5,,GENBANK,F26-1057,CIAT-25224,Fabales,Fabaceae,Centrosema,capitatum,Centrosema capitatum,Herbaceous_legumes,37,94.14234306,10.61076091,89.38923909,19.00094405,39.73866269,59.75731643
5,,GENBANK,F26-1058,CIAT-32092,Fabales,Fabaceae,Cajanus,scarabaeoides,Cajanus scarabaeoides,Herbaceous_legumes,37,94.08059194,6.50227674,93.49772326,16.74995622,47.11979117,63.95772713
5,,GENBANK,F26-1058,CIAT-32092,Fabales,Fabaceae,Cajanus,scarabaeoides,Cajanus scarabaeoides,Herbaceous_legumes,37,94.14234306,6.46846249,93.53153751,16.74746502,46.85683371,63.58763779
5,,GENBANK,F26-1059,CIAT-4846,Fabales,Fabaceae,Clitoria,ternatea L.,Clitoria ternatea L.,Herbaceous_legumes,37,89.63207359,6.51273154,93.48726846,29.07262446,26.92228941,47.66751253
5,,GENBANK,F26-1059,CIAT-4846,Fabales,Fabaceae,Clitoria,ternatea L.,Clitoria ternatea L.,Herbaceous_legumes,37,89.67309807,6.601287044,93.39871296,27.73813106,28.06780097,48.68124034
5,,GENBANK,F26-1060,CIAT-9466,Fabales,Fabaceae,Clitoria,ternatea L.,Clitoria ternatea L.,Herbaceous_legumes,37,89.74205159,5.46980669,94.53019331,28.23611918,35.50872433,55.58474155
5,,GENBANK,F26-1060,CIAT-9466,Fabales,Fabaceae,Clitoria,ternatea L.,Clitoria ternatea L.,Herbaceous_legumes,37,89.75307408,5.625206184,94.37479382,28.18001249,34.44485182,54.4697006
5,,GENBANK,F26-1061,CIAT-19092,Fabales,Fabaceae,Clitoria,ternatea L.,Clitoria ternatea L.,Herbaceous_legumes,37,91.1526542,7.082910858,92.91708914,28.07014537,27.77579956,47.50322317
5,,GENBANK,F26-1061,CIAT-19092,Fabales,Fabaceae,Clitoria,ternatea L.,Clitoria ternatea L.,Herbaceous_legumes,37,91.20351859,7.0383502,92.9616498,28.26157783,27.34449399,47.43323759
5,,GENBANK,F26-1062,CIAT-19212,Fabales,Fabaceae,Clitoria,ternatea L.,Clitoria ternatea L.,Herbaceous_legumes,37,91.52339064,4.586926686,95.41307331,22.99791079,33.72428168,57.33468978
5,,GENBANK,F26-1062,CIAT-19212,Fabales,Fabaceae,Clitoria,ternatea L.,Clitoria ternatea L.,Herbaceous_legumes,37,91.53254024,4.620152278,95.37984772,22.67020461,32.04321194,56.5323921
5,,GENBANK,F26-1063,CIAT-19221,Fabales,Fabaceae,Clitoria,ternatea L.,Clitoria ternatea L.,Herbaceous_legumes,37,92.17156569,5.844036351,94.15596365,22.34805453,35.95214948,57.72547972
5,,GENBANK,F26-1063,CIAT-19221,Fabales,Fabaceae,Clitoria,ternatea L.,Clitoria ternatea L.,Herbaceous_legumes,37,92.25309876,6.135553422,93.86444658,22.19143215,36.34295632,57.849627
5,,GENBANK,F26-1064,CIAT-19447,Fabales,Fabaceae,Clitoria,ternatea L.,Clitoria ternatea L.,Herbaceous_legumes,37,90.95090491,5.947639723,94.05236028,24.39244821,31.85475905,51.42184378
5,,GENBANK,F26-1064,CIAT-19447,Fabales,Fabaceae,Clitoria,ternatea L.,Clitoria ternatea L.,Herbaceous_legumes,37,90.95180964,6.122928112,93.87707189,23.58480737,30.21433124,49.63982533
5,,GENBANK,F26-1065,CIAT-19806,Fabales,Fabaceae,Clitoria,ternatea L.,Clitoria ternatea L.,Herbaceous_legumes,37,91.61167766,6.982770429,93.01722957,25.26842646,25.62819301,46.0405177
5,,GENBANK,F26-1065,CIAT-19806,Fabales,Fabaceae,Clitoria,ternatea L.,Clitoria ternatea L.,Herbaceous_legumes,37,91.66,6.973254222,93.02674578,25.5958567,24.98918423,45.37737798
5,,GENBANK,F26-1066,CIAT-21204,Fabales,Fabaceae,Clitoria,ternatea L.,Clitoria ternatea L.,Herbaceous_legumes,37,92.02239328,7.10290524,92.89709476,30.897475,22.48914782,44.49967692
5,,GENBANK,F26-1066,CIAT-21204,Fabales,Fabaceae,Clitoria,ternatea L.,Clitoria ternatea L.,Herbaceous_legumes,37,92.07237829,7.135487374,92.86451263,30.48349549,23.36809705,44.71846099
5,,GENBANK,F26-1067,CIAT-21705,Fabales,Fabaceae,Clitoria,ternatea L.,Clitoria ternatea L.,Herbaceous_legumes,37,91.71165767,5.63454503,94.36545497,25.92672843,24.22725528,46.99080606
5,,GENBANK,F26-1067,CIAT-21705,Fabales,Fabaceae,Clitoria,ternatea L.,Clitoria ternatea L.,Herbaceous_legumes,37,91.76247126,5.503212343,94.49678766,26.0600668,25.92183478,48.02606539
5,,GENBANK,F26-1068,CIAT-21815,Fabales,Fabaceae,Clitoria,ternatea L.,Clitoria ternatea L.,Herbaceous_legumes,37,91.51084892,6.628084735,93.37191527,28.45003275,29.13092726,49.54844111
5,,GENBANK,F26-1068,CIAT-21815,Fabales,Fabaceae,Clitoria,ternatea L.,Clitoria ternatea L.,Herbaceous_legumes,37,91.63083692,6.660842979,93.33915702,27.48023184,27.76068066,48.66073085
5,,GENBANK,F26-1069-,CIAT-22274,Fabales,Fabaceae,Clitoria,ternatea L.,Clitoria ternatea L.,Herbaceous_legumes,37,91.8632547,5.254352739,94.74564726,25.34788539,32.68597847,53.70710856
5,,GENBANK,F26-1069-,CIAT-22274,Fabales,Fabaceae,Clitoria,ternatea L.,Clitoria ternatea L.,Herbaceous_legumes,37,91.91080892,5.147110484,94.85288952,25.27361016,30.85927385,51.33484478
5,,BREEDING,F26-0540-,CIAT-BR-09-2656,Poales,Poaceae,Urochloa,interespecifico,Urochloa interespecifico,Grass,37,93.38264694,13.79283112,86.20716888,20.21055979,27.04115779,59.73313862
5,,BREEDING,F26-0540-,CIAT-BR-09-2656,Poales,Poaceae,Urochloa,interespecifico,Urochloa interespecifico,Grass,37,93.45130974,13.94542486,86.05457514,20.58275767,25.57959986,57.87457703
5,,BREEDING,F26-0541,CIAT-BR-09-4151,Poales,Poaceae,Urochloa,interespecifico,Urochloa interespecifico,Grass,37,93.23067693,12.24061071,87.75938929,18.84998616,26.45665796,59.83922865
5,,BREEDING,F26-0541,CIAT-BR-09-4151,Poales,Poaceae,Urochloa,interespecifico,Urochloa interespecifico,Grass,37,93.34266293,12.19407856,87.80592144,18.56832219,26.34465964,59.58376679
5,,BREEDING,F26-0542,CIAT-BR-09-4014,Poales,Poaceae,Urochloa,interespecifico,Urochloa interespecifico,Grass,37,94.00239904,12.19986368,87.80013632,18.8992203,28.35890384,62.22777614
5,,BREEDING,F26-0542,CIAT-BR-09-4014,Poales,Poaceae,Urochloa,interespecifico,Urochloa interespecifico,Grass,37,94.12117576,13.75416402,86.24583598,18.79000244,28.09272335,61.31370977
5,,BREEDING,F26-0543,CIAT-BR-15-582,Poales,Poaceae,Urochloa,interespecifico,Urochloa interespecifico,Grass,37,92.52074793,13.75570829,86.24429171,18.10462378,26.2841911,59.03792619
5,,BREEDING,F26-0543,CIAT-BR-15-582,Poales,Poaceae,Urochloa,interespecifico,Urochloa interespecifico,Grass,37,92.69292283,13.10394194,86.89605806,18.16035273,26.24588266,59.14627918
5,,BREEDING,F26-0544,CIAT-BR-09-834,Poales,Poaceae,Urochloa,interespecifico,Urochloa interespecifico,Grass,37,92.37,13.45654994,86.54345006,17.91993312,26.48737833,60.41203318
5,,BREEDING,F26-0544,CIAT-BR-09-834,Poales,Poaceae,Urochloa,interespecifico,Urochloa interespecifico,Grass,37,92.67,16.8179853,83.1820147,18.10097611,26.58945498,60.33550608
5,,BREEDING,F26-0545,CIAT-BR-19-2886,Poales,Poaceae,Urochloa,interespecifico,Urochloa interespecifico,Grass,37,93.69063094,15.84258754,84.15741246,19.71948889,26.30688094,59.58822274
5,,BREEDING,F26-0545,CIAT-BR-19-2886,Poales,Poaceae,Urochloa,interespecifico,Urochloa interespecifico,Grass,37,93.76,12.97408276,87.02591724,19.56187879,26.35424745,59.43347522
5,,BREEDING,F26-0546,CIAT-BR-05-1467,Poales,Poaceae,Urochloa,interespecifico,Urochloa interespecifico,Grass,37,92.91070893,13.62446746,86.37553254,18.70430254,28.35910606,60.42027461
5,,BREEDING,F26-0546,CIAT-BR-05-1467,Poales,Poaceae,Urochloa,interespecifico,Urochloa interespecifico,Grass,37,92.91283487,16.5252025,83.4747975,19.22711072,28.58650642,61.33125548
5,,BREEDING,F26-0547,CIAT-BR-19-5294,Poales,Poaceae,Urochloa,interespecifico,Urochloa interespecifico,Grass,37,94.19290355,14.5867162,85.4132838,19.249962,27.29895881,63.02177349
5,,BREEDING,F26-0547,CIAT-BR-19-5294,Poales,Poaceae,Urochloa,interespecifico,Urochloa interespecifico,Grass,37,94.24057594,12.89450808,87.10549192,19.56010516,27.41106652,63.55951536
5,,BREEDING,F26-0548,CIAT-BR-19-626,Poales,Poaceae,Urochloa,interespecifico,Urochloa interespecifico,Grass,37,92.84,14.25256982,85.74743018,20.3138121,25.86633895,62.51337711
5,,BREEDING,F26-0548,CIAT-BR-19-626,Poales,Poaceae,Urochloa,interespecifico,Urochloa interespecifico,Grass,37,93.09138172,14.51858252,85.48141748,20.23987924,25.29443518,63.72021583
5,,BREEDING,F26-0549,CIAT-BR-12-3436,Poales,Poaceae,Urochloa,interespecifico,Urochloa interespecifico,Grass,37,92.75,14.12148565,85.87851435,20.60825563,24.59615661,64.07313481
5,,BREEDING,F26-0549,CIAT-BR-12-3436,Poales,Poaceae,Urochloa,interespecifico,Urochloa interespecifico,Grass,37,92.78288685,13.87877942,86.12122058,20.84059082,25.1892099,64.87689126
5,,BREEDING,F26-0550,CIAT-BR-09-305,Poales,Poaceae,Urochloa,interespecifico,Urochloa interespecifico,Grass,37,93.53258697,12.82986965,87.17013035,18.30193832,26.79983131,65.5947036
5,,BREEDING,F26-0550,CIAT-BR-09-305,Poales,Poaceae,Urochloa,interespecifico,Urochloa interespecifico,Grass,37,93.61191643,12.93798949,87.06201051,18.46762504,26.27769462,64.810865
5,,BREEDING,F26-0551,CIAT-BR-09-2267,Poales,Poaceae,Urochloa,interespecifico,Urochloa interespecifico,Grass,37,91.86,14.03216078,85.96783922,22.33857298,24.4070393,64.51266803
5,,BREEDING,F26-0551,CIAT-BR-09-2267,Poales,Poaceae,Urochloa,interespecifico,Urochloa interespecifico,Grass,37,91.86081392,14.06341269,85.93658731,22.23014847,24.70035035,64.70202132
5,,BREEDING,F26-0552,CIAT-BR-09-3167,Poales,Poaceae,Urochloa,interespecifico,Urochloa interespecifico,Grass,37,93.29067093,12.09396907,87.90603093,18.6436603,25.13693046,63.79561361
5,,BREEDING,F26-0552,CIAT-BR-09-3167,Poales,Poaceae,Urochloa,interespecifico,Urochloa interespecifico,Grass,37,93.56064394,12.14748221,87.85251779,18.56357918,25.34784942,63.12026301
5,,BREEDING,F26-0553,CIAT-BR-09-343,Poales,Poaceae,Urochloa,interespecifico,Urochloa interespecifico,Grass,37,92.78216535,14.71184437,85.28815563,19.68993861,26.84586903,66.89051704
5,,BREEDING,F26-0553,CIAT-BR-09-343,Poales,Poaceae,Urochloa,interespecifico,Urochloa interespecifico,Grass,37,92.86285486,13.89193424,86.10806576,19.63494413,26.38680342,64.15997967
5,,BREEDING,F26-0554,CIAT-BR-12-5082,Poales,Poaceae,Urochloa,interespecifico,Urochloa interespecifico,Grass,37,92.6214757,13.64358633,86.35641367,18.78543085,26.67354621,64.42315489
5,,BREEDING,F26-0554,CIAT-BR-12-5082,Poales,Poaceae,Urochloa,interespecifico,Urochloa interespecifico,Grass,37,92.63,13.52755756,86.47244244,18.87598906,26.28699493,61.69696263
5,,BREEDING,F26-0555,CIAT-BR-12-5323,Poales,Poaceae,Urochloa,interespecifico,Urochloa interespecifico,Grass,37,93.85061494,13.16153764,86.83846236,19.7188937,27.29257542,65.5841029
5,,BREEDING,F26-0555,CIAT-BR-12-5323,Poales,Poaceae,Urochloa,interespecifico,Urochloa interespecifico,Grass,37,93.95060494,13.17218614,86.82781386,19.76186939,27.42390821,63.93615495
5,,BREEDING,F26-0556,CIAT-BR-15-1168,Poales,Poaceae,Urochloa,interespecifico,Urochloa interespecifico,Grass,37,92.81143771,12.86477657,87.13522343,19.91466861,25.46221908,65.67591481
5,,BREEDING,F26-0556,CIAT-BR-15-1168,Poales,Poaceae,Urochloa,interespecifico,Urochloa interespecifico,Grass,37,92.93,12.96425843,87.03574157,19.67155441,25.29328774,62.20100962
5,,BREEDING,F26-0557,CIAT-BR-12-2679,Poales,Poaceae,Urochloa,interespecifico,Urochloa interespecifico,Grass,37,93.19272291,12.76737177,87.23262823,20.30754666,26.46167717,65.27718164
5,,BREEDING,F26-0557,CIAT-BR-12-2679,Poales,Poaceae,Urochloa,interespecifico,Urochloa interespecifico,Grass,37,93.3020094,12.77936907,87.22063093,20.37472334,26.94981203,65.90658578
5,,BREEDING,F26-0558,CIAT-BR-09-3341,Poales,Poaceae,Urochloa,interespecifico,Urochloa interespecifico,Grass,37,92.39228232,13.26420065,86.73579935,19.93312227,24.87734272,65.45735338
5,,BREEDING,F26-0558,CIAT-BR-09-3341,Poales,Poaceae,Urochloa,interespecifico,Urochloa interespecifico,Grass,37,92.41075892,13.33178073,86.66821927,19.98662681,26.01949613,61.76777079
5,,BREEDING,F26-0559,CIAT-BR-09-2715,Poales,Poaceae,Urochloa,interespecifico,Urochloa interespecifico,Grass,37,93.62127574,12.4566366,87.5433634,17.46620332,26.90360497,60.50170622
5,,BREEDING,F26-0559,CIAT-BR-09-2715,Poales,Poaceae,Urochloa,interespecifico,Urochloa interespecifico,Grass,37,93.71125775,12.46731067,87.53268933,17.17144795,27.19511926,60.66394682
5,,BREEDING,F26-0560,CIAT-BR-15-8543,Poales,Poaceae,Urochloa,interespecifico,Urochloa interespecifico,Grass,37,93.23067693,14.51005624,85.48994376,20.31616464,25.74069332,58.12423849
5,,BREEDING,F26-0560,CIAT-BR-15-8543,Poales,Poaceae,Urochloa,interespecifico,Urochloa interespecifico,Grass,37,93.24202739,14.38921075,85.61078925,20.89942961,26.02481491,58.31193418
5,,BREEDING,F26-0561,CIAT-BR-02-1718,Poales,Poaceae,Urochloa,interespecifico,Urochloa interespecifico,Grass,37,93.38,13.29402695,86.70597305,18.59001835,27.70443152,59.30148852
5,,BREEDING,F26-0561,CIAT-BR-02-1718,Poales,Poaceae,Urochloa,interespecifico,Urochloa interespecifico,Grass,37,93.62127574,13.34483356,86.65516644,18.91248548,27.37184882,58.99756263
5,,BREEDING,F26-0562,CIAT-BR-12-804,Poales,Poaceae,Urochloa,interespecifico,Urochloa interespecifico,Grass,37,94.59108178,11.92014372,88.07985628,20.67354458,25.16329078,61.37028437
5,,BREEDING,F26-0562,CIAT-BR-12-804,Poales,Poaceae,Urochloa,interespecifico,Urochloa interespecifico,Grass,37,94.63053695,12.00588409,87.99411591,20.58332861,25.22363558,61.8053779
5,,BREEDING,F26-0563,CIAT-BR-15-1462,Poales,Poaceae,Urochloa,interespecifico,Urochloa interespecifico,Grass,37,93.64254298,12.13265161,87.86734839,20.55128085,22.31881909,58.38469697
5,,BREEDING,F26-0563,CIAT-BR-15-1462,Poales,Poaceae,Urochloa,interespecifico,Urochloa interespecifico,Grass,37,93.71062894,12.18966084,87.81033916,20.46329896,23.09143508,58.66838108
5,,BREEDING,F26-1076,CIAT-BR-06-423-Opt-F,Poales,Poaceae,Urochloa,interespecifico,Urochloa interespecifico,Grass,37,93.8,14.19721292,85.80278708,12.26657157,24.87734272,62.38238522
5,,BREEDING,F26-1076,CIAT-BR-06-423-Opt-F,Poales,Poaceae,Urochloa,interespecifico,Urochloa interespecifico,Grass,37,93.8,14.19721292,85.80278708,12.26657157,32.25676421,62.38238522
5,,BREEDING,F26-1076,CIAT-BR-06-423-Opt-F,Poales,Poaceae,Urochloa,interespecifico,Urochloa interespecifico,Grass,37,93.84246301,14.06368463,85.93631537,12.12774698,26.01949613,61.40464471
5,,BREEDING,F26-1076,CIAT-BR-06-423-Opt-F,Poales,Poaceae,Urochloa,interespecifico,Urochloa interespecifico,Grass,37,93.84246301,14.06368463,85.93631537,12.12774698,31.83733288,61.40464471
5,,BREEDING,F26-1077,CIAT-MulatoII-Opt-D,Poales,Poaceae,Urochloa,interespecifico,Urochloa interespecifico,Grass,37,95.0609878,11.53401325,88.46598675,17.10045477,26.90360497,58.82104687
5,,BREEDING,F26-1077,CIAT-MulatoII-Opt-D,Poales,Poaceae,Urochloa,interespecifico,Urochloa interespecifico,Grass,37,95.0609878,11.53401325,88.46598675,17.10045477,27.06320283,58.82104687
5,,BREEDING,F26-1077,CIAT-MulatoII-Opt-D,Poales,Poaceae,Urochloa,interespecifico,Urochloa interespecifico,Grass,37,95.1209758,11.68121123,88.31878877,17.79629264,27.19511926,59.63925718
5,,BREEDING,F26-1077,CIAT-MulatoII-Opt-D,Poales,Poaceae,Urochloa,interespecifico,Urochloa interespecifico,Grass,37,95.1209758,11.68121123,88.31878877,17.79629264,27.7061392,59.63925718
5,,BREEDING,F24-3584,CIAT-BR-06-0423,Poales,Poaceae,Urochloa,interespecifico,Urochloa interespecifico,Grass,37,96.56,15.97,84.03,11.01,22.15,57.45
5,,BREEDING,F24-3584,CIAT-BR-06-0423,Poales,Poaceae,Urochloa,interespecifico,Urochloa interespecifico,Grass,37,96.56,15.97,84.03,11.01,32.88,57.45
5,,BREEDING,F24-3584,CIAT-BR-06-0423,Poales,Poaceae,Urochloa,interespecifico,Urochloa interespecifico,Grass,37,96.97,15.96,84.04,11.01,21.89,57.28
5,,BREEDING,F24-3584,CIAT-BR-06-0423,Poales,Poaceae,Urochloa,interespecifico,Urochloa interespecifico,Grass,37,96.97,15.96,84.04,11.01,30.74,57.28
5,,BREEDING,F24-3592-,CIAT-Mulato-II,Poales,Poaceae,Urochloa,interespecifico,Urochloa interespecifico,Grass,37,96.63,14.99,85.01,11.85,24.28,58.79
5,,BREEDING,F24-3592-,CIAT-Mulato-II,Poales,Poaceae,Urochloa,interespecifico,Urochloa interespecifico,Grass,37,96.69,14.96,85.04,11.85,24.45,60.05
5,,GENBANK,F25-1772-,CIAT-22311,Fabales,Fabaceae,Calliandra,calothyrsus,Calliandra calothyrsus,Shrub_Trees,37,93.8,6.88,93.12,21.51,48.24,53.95
5,,GENBANK,F25-1772-,CIAT-22311,Fabales,Fabaceae,Calliandra,calothyrsus,Calliandra calothyrsus,Shrub_Trees,37,93.95,7.03,92.97,21.51,50.13,55.91
5,,GENBANK,F25-1692-,CIAT-23715,Fabales,Fabaceae,Desmodium,sequax,Desmodium sequax,Shrub_Trees,37,93.76,5.2,94.8,16.81,58.1,64.7
5,,GENBANK,F25-1692-,CIAT-23715,Fabales,Fabaceae,Desmodium,sequax,Desmodium sequax,Shrub_Trees,37,93.82,5.23,94.77,16.81,60.17,66.14
5,,ISABEL MOLINA,F26-1072-(100%),Leu-div-ILRI-15551,Fabales,Fabaceae,Leucaena,diversifolia,Leucaena diversifolia,Fabales,37,94.9,9.2,90.8,29.91,30.74,52.73
5,,ISABEL MOLINA,F26-1072-(100%),Leu-div-ILRI-15551,Fabales,Fabaceae,Leucaena,diversifolia,Leucaena diversifolia,Fabales,37,95.02,8.76,91.24,30.2,32.88,50.28
5,,ISABEL MOLINA,F26-3137-(-100%)-,Estrella-CIAT,Poales, Poaceae,Cynodon,nlenfuensis,Cynodon nlemfuensis,,37,94.02,8.81,91.19,6.1,40.05,79.27930865
5,,ISABEL MOLINA,F26-3137-(-100%)-,Estrella-CIAT,Poales, Poaceae,Cynodon,nlenfuensis,Cynodon nlemfuensis,,37,94.09,9.11,90.89,5.84,40.5,79.97510108
5,,ISABEL MOLINA,F26-3138-(100%)-,CIAT-17009,Fabales,Fabaceas,Canavalia,brasiliensis,Canavalia brasiliensis,Herbaceous_legumes,37,94.27,13.61,86.39,22,29.7,51.13945003
5,,ISABEL MOLINA,F26-3138-(100%)-,CIAT-17009,Fabales,Fabaceas,Canavalia,brasiliensis,Canavalia brasiliensis,Herbaceous_legumes,37,94.28,13.55,86.45,22.6,29.88,54.60152575
5,,ISABEL MOLINA,F26-2902-(100%),STAR-GRASS-Porvenir,Poales,Poaceae,Cynodon, nlemfuensis ,Cynodon nlemfuensis ,,37,92.42,9.35,90.65,8.67,36.46300887,78.6
5,,ISABEL MOLINA,F26-2902-(100%),STAR-GRASS-Porvenir,Poales,Poaceae,Cynodon, nlemfuensis ,Cynodon nlemfuensis ,,37,92.42,9.35,90.65,8.67,42.13,78.6
5,,ISABEL MOLINA,F26-2902-(100%),STAR-GRASS-Porvenir,Poales,Poaceae,Cynodon, nlemfuensis ,Cynodon nlemfuensis ,,37,92.56,9.25,90.75,8.8,35.80157471,78.74
5,,ISABEL MOLINA,F26-2902-(100%),STAR-GRASS-Porvenir,Poales,Poaceae,Cynodon, nlemfuensis ,Cynodon nlemfuensis ,,37,92.56,9.25,90.75,8.8,41.67,78.74
5,, ISABEL MOLINA/ EXP Camaras In vivo ,Dieta-1-:-F263137-+-F261072-(40%/60%)-Estrella/Leucaena),Dieta-1-:-F-263137-+-F-261072-(40%/60%)-Estrella/Leucaena),,,,,,,37,94.576,9.164,90.836,20.282,34.644,63.62804043
5,, ISABEL MOLINA/ EXP Camaras In vivo ,Dieta-1-:-F263137-+-F261072-(40%/60%)-Estrella/Leucaena),Dieta-1-:-F-263137-+-F-261072-(40%/60%)-Estrella/Leucaena),,,,,,,37,94.62,8.78,91.22,20.56,35.748,61.87972346
5,, ISABEL MOLINA/ EXP Camaras In vivo ,Dieta-2-:-F263137-+-F263138-(55%/45%)-Estrella/Canavalia),Dieta-2-:-F-263137-+-F-263138-(55%/45%)-Estrella/Canavalia),,,,,,,37,94.1325,10.97,89.03,13.255,35.3925,66.61637227
5,, ISABEL MOLINA/ EXP Camaras In vivo ,Dieta-2-:-F263137-+-F263138-(55%/45%)-Estrella/Canavalia),Dieta-2-:-F-263137-+-F-263138-(55%/45%)-Estrella/Canavalia),,,,,,,37,94.1755,11.108,88.892,13.382,35.721,68.55699218
5,,GENBANK,F26-0042-,CIAT-33127,Fabales,Fabaceae,Codariocalyx,motorius,Codariocalyx motorius,Shrub_Trees,37,96.22188906,6.039537176,93.96046282,13.00366648,37.86034992,77.43141672
5,,GENBANK,F26-0042-,CIAT-33127,Fabales,Fabaceae,Codariocalyx,motorius,Codariocalyx motorius,Shrub_Trees,37,96.4117941,6.828205261,93.17179474,13.00366648,37.22018541,79.29995936
5,,GENBANK,F26-0048,CIAT-6080,Poales,Poaceae,Eragrostis,curvula,Eragrostis curvula,Grass,37,93.99060094,10.85932269,89.14067731,11.21059818,44.21973411,77.31129468
5,,GENBANK,F26-0048,CIAT-6080,Poales,Poaceae,Eragrostis,curvula,Eragrostis curvula,Grass,37,94.03179046,10.08088109,89.91911891,11.21059818,43.38940223,78.05040133
5,,GENBANK,F26-0059,CIAT-16081,Poales,Poaceae,Paspalum,secans,Paspalum secans,Grass,37,96.44,20.43424995,79.56575005,12.32918173,38.14455127,68.31586723
5,,GENBANK,F26-0059,CIAT-16081,Poales,Poaceae,Paspalum,secans,Paspalum secans,Grass,37,96.47141144,16.49838589,83.50161411,12.32918173,38.0785623,66.87204437
5,,GENBANK,F26-0063,CIAT-16254,Poales,Poaceae,Hyparrhenia,hirta,Hyparrhenia hirta,Grass,37,94.8025987,12.93018504,87.06981496,12.97864532,36.05573806,69.95865425
5,,GENBANK,F26-0063,CIAT-16254,Poales,Poaceae,Hyparrhenia,hirta,Hyparrhenia hirta,Grass,37,94.8910218,16.0015551,83.9984449,12.97864532,35.59088796,69.04421915
5,,GENBANK,F26-0066,CIAT-16379,Poales,Poaceae,Panicum,maximum,Panicum maximum,Grass,37,94.48275862,19.707407,80.292593,13.93761108,32.66274647,64.99294302
5,,GENBANK,F26-0066,CIAT-16379,Poales,Poaceae,Panicum,maximum,Panicum maximum,Grass,37,94.69159252,14.23656022,85.76343978,13.93761108,32.81381622,63.86412867
5,,GENBANK,F26-0068,CIAT-16561,Poales,Poaceae,Panicum,maximum,Panicum maximum,Grass,37,,,,,,
5,,GENBANK,F26-0068,CIAT-16561,Poales,Poaceae,Panicum,maximum,Panicum maximum,Grass,37,94.16233507,10.03502721,89.96497279,13.92648053,33.9321665,60.44244411
5,,GENBANK,F26-0068,CIAT-16561,Poales,Poaceae,Panicum,maximum,Panicum maximum,Grass,37,94.50109978,10.43978702,89.56021298,13.92648053,33.21301496,59.30627821
5,,BREEDING,F26-0566,CIAT-679-Tully-Exc,Poales,Poaceae,Urochloa,interespecifico,Urochloa interespecifico,Grass,37,93.88183545,10.1287371,89.8712629,7.708661601,34.31422088,68.46060573
5,,BREEDING,F26-0566,CIAT-679-Tully-Exc,Poales,Poaceae,Urochloa,interespecifico,Urochloa interespecifico,Grass,37,94.04178746,10.61815087,89.38184913,7.659777651,34.60401364,69.17476784
5,,BREEDING,F25-2184,CIAT-BH-22-0303,Poales,Poaceae,Urochloa,humidicola,Urochloa humidicola,Grass,37,94.83,9.5,90.5,8.02,32.56,67.49
5,,BREEDING,F25-2184,CIAT-BH-22-0303,Poales,Poaceae,Urochloa,humidicola,Urochloa humidicola,Grass,37,94.85,9.52,90.48,8.03,33.71,68.66
5,,BREEDING,F25-2192,CIAT-BH-22-0519,Poales,Poaceae,Urochloa,humidicola,Urochloa humidicola,Grass,37,97.63,11.15,88.85,9.34,31.6,64.54
5,,BREEDING,F25-2192,CIAT-BH-22-0519,Poales,Poaceae,Urochloa,humidicola,Urochloa humidicola,Grass,37,97.68,11.14,88.86,9.38,31.77,64.61
5,,GENBANK,F26-0076,CIAT-16690,Poales,Poaceae,Cynodon,sp.,Cynodon sp.,Grass,37,95.53223388,9.304820097,90.6951799,13.66830468,43.8186202,62.43368834
5,,GENBANK,F26-0106,CIAT-36088,Poales,Poaceae,Paspalum,dilatatum,Paspalum dilatatum,Grass,37,93.73062694,12.40454796,87.59545204,18.77653815,36.46300887,64.21910031
5,,GENBANK,F26-0106,CIAT-36088,Poales,Poaceae,Paspalum,dilatatum,Paspalum dilatatum,Grass,37,93.762495,12.2302234,87.7697766,13.65583273,35.80157471,63.65247875
5,,LMF,F25-0008,Sample-8,Poales,Poaceae,Cynodon, nlemfuensis ,Cynodon nlemfuensis ,Grass,37,93.64063594,11.32941805,88.67058195,13.1,37.8,76.05
5,,LMF,F25-0008,Sample-8,Poales,Poaceae,Cynodon, nlemfuensis ,Cynodon nlemfuensis ,Grass,37,93.64063594,11.32941805,88.67058195,18.77653815,37.8,76.05
5,,LMF,F25-0008,Sample-8,Poales,Poaceae,Cynodon, nlemfuensis ,Cynodon nlemfuensis ,Grass,37,93.82123575,11.49829497,88.50170503,13.1,37.7,76.05
6,1,GENBANK,F26-0108,CIAT-36090,Poales,Poaceae,Cenchrus,ciliaris,Cenchrus ciliaris,Grass,38,86.4,15.88,84.12,17.78,35.88,61.83
6,2,GENBANK,F26-0108,CIAT-36090,Poales,Poaceae,Cenchrus,ciliaris,Cenchrus ciliaris,Grass,38,86.34,15.6,84.4,17.78,37.5,62.48
6,3,GENBANK,F26-0429,CIAT-795,Fabales,Fabaceae,Rhynchosia,reticulata,Rhynchosia reticulata,Herbaceous_legumes,38,94.71211515,90.28316564,9.716834355,16.71865494,46.93440679,61.56917235
6,4,GENBANK,F26-0429,CIAT-795,Fabales,Fabaceae,Rhynchosia,reticulata,Rhynchosia reticulata,Herbaceous_legumes,38,94.78,90.18428815,9.815711849,16.71865494,46.23998851,61.90292306
6,5,GENBANK,F26-0432,CIAT-966,Fabales,Fabaceae,Teramnus,labialis,Teramnus labialis,Herbaceous_legumes,38,92.77072293,88.42650522,11.57349478,18.12297408,37.58843795,53.69561175
6,6,GENBANK,F26-0432,CIAT-966,Fabales,Fabaceae,Teramnus,labialis,Teramnus labialis,Herbaceous_legumes,38,92.98,89.5020597,10.4979403,18.12297408,37.37455091,53.16811025
6,7,GENBANK,F26-0433,CIAT-4042,Fabales,Fabaceae,Centrosema,grazielae,Centrosema grazielae,Herbaceous_legumes,38,95.47181128,87.95699087,12.04300913,20.66577313,41.12363335,62.96838633
6,8,GENBANK,F26-0433,CIAT-4042,Fabales,Fabaceae,Centrosema,grazielae,Centrosema grazielae,Herbaceous_legumes,38,95.6,87.95217366,12.04782634,20.66577313,40.23014193,59.1706384
6,9,GENBANK,F26-0436,CIAT-5098,Fabales,Fabaceae,Centrosema,schottii,Centrosema schottii,Herbaceous_legumes,38,94.20115977,90.5444416,9.455558401,19.01920801,39.17592312,53.30852068
6,10,GENBANK,F26-0436,CIAT-5098,Fabales,Fabaceae,Centrosema,schottii,Centrosema schottii,Herbaceous_legumes,38,94.22173348,90.74700039,9.252999606,19.01920801,38.51352187,52.74499549
6,11,GENBANK,F26-0438,CIAT-5166,Fabales,Fabaceae,Centrosema,schottii,Centrosema schottii,Herbaceous_legumes,38,94.56054395,91.82445521,8.175544795,15.65162904,32.83073095,56.33223124
6,12,GENBANK,F26-0438,CIAT-5166,Fabales,Fabaceae,Centrosema,schottii,Centrosema schottii,Herbaceous_legumes,38,94.52109578,92.03677913,7.963220873,15.65162904,31.76307945,54.42220275
6,13,GENBANK,F26-0441,CIAT-5236,Fabales,Fabaceae,Centrosema,arenarium,Centrosema arenarium,Herbaceous_legumes,38,94.80051995,89.49475022,10.50524978,19.840259,42.36746734,61.65691514
6,14,GENBANK,F26-0441,CIAT-5236,Fabales,Fabaceae,Centrosema,arenarium,Centrosema arenarium,Herbaceous_legumes,38,94.8,89.57808765,10.42191235,19.840259,39.77702018,58.88019005
6,15,GENBANK,F26-0442,CIAT-5325,Fabales,Fabaceae,Centrosema,virginianum,Centrosema virginianum,Herbaceous_legumes,38,93.64254298,89.55254026,10.44745974,21.3682967,41.86695315,60.17635552
6,16,GENBANK,F26-0442,CIAT-5325,Fabales,Fabaceae,Centrosema,virginianum,Centrosema virginianum,Herbaceous_legumes,38,94.27057294,89.56004848,10.43995152,21.3682967,42.58260479,58.50756884
6,17,GENBANK,F26-0443,CIAT-5383,Fabales,Fabaceae,Periandra,coccinea,Periandra coccinea,Herbaceous_legumes,38,95.89164334,90.47768043,9.522319566,16.97734443,40.96246095,59.45215609
6,18,GENBANK,F26-0443,CIAT-5383,Fabales,Fabaceae,Periandra,coccinea,Periandra coccinea,Herbaceous_legumes,38,95.79168333,90.40467251,9.595327493,16.97734443,40.16334818,59.13804699
6,19,GENBANK,F26-0444,CIAT-5484,Fabales,Fabaceae,Centrosema,vexillatum,Centrosema vexillatum,Herbaceous_legumes,38,95.5813256,89.16145397,10.83854603,15.31448489,44.76259588,59.42687768
6,20,GENBANK,F26-0444,CIAT-5484,Fabales,Fabaceae,Centrosema,vexillatum,Centrosema vexillatum,Herbaceous_legumes,38,95.53089382,89.01388885,10.98611115,15.31448489,44.60138033,60.40074163
6,21,GENBANK,F26-0447,CIAT-5850,Fabales,Fabaceae,Centrosema,brachypodum,Centrosema brachypodum,Herbaceous_legumes,38,95.29,90.50772563,9.492274366,16.265504,40.46920921,61.07226642
6,22,GENBANK,F26-0447,CIAT-5850,Fabales,Fabaceae,Centrosema,brachypodum,Centrosema brachypodum,Herbaceous_legumes,38,95.39138259,90.51057246,9.489427538,16.265504,40.44164595,60.40015627
6,23,GENBANK,F26-0450,CIAT-7146,Fabales,Fabaceae,Rhynchosia,reticulata,Rhynchosia reticulata,Herbaceous_legumes,38,94.54163751,88.42756651,11.57243349,16.77605891,51.3938944,65.59179472
6,24,GENBANK,F26-0450,CIAT-7146,Fabales,Fabaceae,Rhynchosia,reticulata,Rhynchosia reticulata,Herbaceous_legumes,38,94.4716585,88.62855027,11.37144973,16.77605891,52.58537822,66.62628944
6,25,GENBANK,F26-0454,CIAT-8384,Fabales,Fabaceae,Canavalia,dictyota,Canavalia dictyota,Herbaceous_legumes,38,92.53074693,86.19168733,13.80831267,28.22762592,32.04992293,54.12440812
6,26,GENBANK,F26-0454,CIAT-8384,Fabales,Fabaceae,Canavalia,dictyota,Canavalia dictyota,Herbaceous_legumes,38,92.70145971,86.60328166,13.39671834,28.22762592,31.87427025,50.73969807
6,27,GENBANK,F26-0456,CIAT-8808,Fabales,Fabaceae,Galactia,jussiaeana,Galactia jussiaeana,Herbaceous_legumes,38,93.00069993,91.44736094,8.552639063,13.89428974,40.5195442,60.90731028
6,28,GENBANK,F26-0456,CIAT-8808,Fabales,Fabaceae,Galactia,jussiaeana,Galactia jussiaeana,Herbaceous_legumes,38,93.12206338,91.42758621,8.572413794,13.89428974,39.45607079,64.14394058
6,29,GENBANK,F26-0464,CIAT-15234,Fabales,Fabaceae,Centrosema,platycarpum,Centrosema platycarpum,Herbaceous_legumes,38,94.70158952,88.73468829,11.26531171,9.547755648,39.38645337,58.38828214
6,30,GENBANK,F26-0464,CIAT-15234,Fabales,Fabaceae,Centrosema,platycarpum,Centrosema platycarpum,Herbaceous_legumes,38,94.67266367,88.70527277,11.29472723,9.547755648,39.78101496,55.0450586
6,31,GENBANK,F26-0468,CIAT-15444,Fabales,Fabaceae,Centrosema,tetragonolobum,Centrosema tetragonolobum,Herbaceous_legumes,38,94.27286357,88.83633427,11.16366573,19.87596043,35.16539302,54.84615414
6,32,GENBANK,F26-0468,CIAT-15444,Fabales,Fabaceae,Centrosema,tetragonolobum,Centrosema tetragonolobum,Herbaceous_legumes,38,94.28057194,88.609143,11.390857,19.87596043,36.29068619,56.72710495
6,33,GENBANK,F26-0482,CIAT-19445,Fabales,Fabaceae,Galactia,dubia,Galactia dubia,Herbaceous_legumes,38,93.39198241,78.48994538,21.51005462,17.4753425,38.12023126,64.59421569
6,34,GENBANK,F26-0482,CIAT-19445,Fabales,Fabaceae,Galactia,dubia,Galactia dubia,Herbaceous_legumes,38,93.44131174,84.65248644,15.34751356,17.4753425,38.93845648,64.86282392
6,35,GENBANK,F26-0484,CIAT-20820,Fabales,Fabaceae,Canavalia,gladiata,Canavalia gladiata,Herbaceous_legumes,38,92.30307877,76.75841053,23.24158947,25.24214418,26.07602766,56.58516181
6,36,GENBANK,F26-0484,CIAT-20820,Fabales,Fabaceae,Canavalia,gladiata,Canavalia gladiata,Herbaceous_legumes,38,92.12,86.46590212,13.53409788,24.85345335,25.64772836,56.35690004
6,37,GENBANK,F26-0489,CIAT-21829,Fabales,Fabaceae,Rhynchosia,minima,Rhynchosia minima,Herbaceous_legumes,38,92.92212336,86.43643354,13.56356646,17.78510203,47.32392306,63.50869456
6,38,GENBANK,F26-0489,CIAT-21829,Fabales,Fabaceae,Rhynchosia,minima,Rhynchosia minima,Herbaceous_legumes,38,92.96140772,80.72296495,19.27703505,17.78510203,48.11794551,64.57800523
6,39,GENBANK,F26-0492,CIAT-22188,Fabales,Fabaceae,Rhynchosia,minima,Rhynchosia minima,Herbaceous_legumes,38,93.34066593,88.06573485,11.93426515,27.66824122,47.52400869,59.32236339
6,40,GENBANK,F26-0492,CIAT-22188,Fabales,Fabaceae,Rhynchosia,minima,Rhynchosia minima,Herbaceous_legumes,38,93.33,88.24668038,11.75331962,27.66824122,47.5390801,59.77582643
6,41,GENBANK,F26-0500,CIAT-25156,Fabales,Fabaceae,Centrosema,platycarpum,Centrosema platycarpum,Herbaceous_legumes,38,94.20057994,92.03953307,7.960466935,11.32233349,47.68872154,58.2245626
6,42,GENBANK,F26-0500,CIAT-25156,Fabales,Fabaceae,Centrosema,platycarpum,Centrosema platycarpum,Herbaceous_legumes,38,94.21173648,91.54236849,8.457631506,11.32233349,39.01533802,58.72171653
6,43,GENBANK,F26-3177,IAG-2026-S-1,Green Meal,Green Meal,Green Meal,Green Meal,Green Meal,Green Meal,38,92.99,0,0,0,0,0
6,44,GENBANK,F26-3177,IAG-2026-S-1,Green Meal,Green Meal,Green Meal,Green Meal,Green Meal,Green Meal,38,92.99,0,0,0,0,0
6,45,GENBANK,F26-3178,IAG-2026-S-2,Compound feed,Compound feed,Compound feed,Compound feed,Compound feed,Compound feed,38,91.52,0,0,0,0,0
6,46,GENBANK,F26-3178,IAG-2026-S-2,Compound feed,Compound feed,Compound feed,Compound feed,Compound feed,Compound feed,38,91.52,0,0,0,0,0
6,47,GENBANK,F26-3139,CIAT-918,Fabales,Fabaceae,Rhynchosia,schomburgkii,Rhynchosia schomburgkii,Herbaceous_legumes,38,91.61167766,9.973810563,90.02618944,16.02748027,44.71657478,68.3462232
6,48,GENBANK,F26-3139,CIAT-918,Fabales,Fabaceae,Rhynchosia,schomburgkii,Rhynchosia schomburgkii,Herbaceous_legumes,38,91.63167367,9.930161502,90.0698385,15.8405336,44.10998297,65.12664934
6,49,GENBANK,F26-3140,CIAT-8215,Fabales,Fabaceae,Rhynchosia,schomburgkii,Rhynchosia schomburgkii,Herbaceous_legumes,38,92.03318673,7.91771408,92.08228592,16.04760881,47.46126667,70.44457286
6,50,GENBANK,F26-3140,CIAT-8215,Fabales,Fabaceae,Rhynchosia,schomburgkii,Rhynchosia schomburgkii,Herbaceous_legumes,38,92.54223733,7.951002901,92.0489971,16.12138467,49.31061291,69.84512899
6,51,GENBANK,F26-3141,CIAT-15008,Fabales,Fabaceae,Centrosema,triquetrum,Centrosema triquetrum,Herbaceous_legumes,38,93.81123775,10.29599659,89.70400341,10.24772297,41.15689964,60.97886538
6,52,GENBANK,F26-3141,CIAT-15008,Fabales,Fabaceae,Centrosema,triquetrum,Centrosema triquetrum,Herbaceous_legumes,38,93.99120176,10.05110733,89.94889267,10.28135454,40.59973125,61.36578076
6,53,GENBANK,F26-3142,CIAT-17334,Fabales,Fabaceae,Dunbaria,nivea,Dunbaria nivea,Herbaceous_legumes,38,94.76,9.473573162,90.52642684,15.5607715,44.03834722,69.56401994
6,54,GENBANK,F26-3142,CIAT-17334,Fabales,Fabaceae,Dunbaria,nivea,Dunbaria nivea,Herbaceous_legumes,38,94.82,9.368076801,90.6319232,15.62492231,43.82592146,69.01481914
6,55,GENBANK,F26-3143,CIAT-17892,Fabales,Fabaceae,Dioclea,valliana,Dioclea valliana,Herbaceous_legumes,38,91.81,7.796488086,92.20351191,8.655912773,43.96997138,67.62749615
6,56,GENBANK,F26-3143,CIAT-17892,Fabales,Fabaceae,Dioclea,valliana,Dioclea valliana,Herbaceous_legumes,38,91.86244127,8.109834681,91.89016532,8.149541369,45.18741839,69.34646776
6,57,GENBANK,F26-3144,CIAT-17916,Fabales,Fabaceae,Clitoria,falcata,Clitoria falcata,Herbaceous_legumes,38,94.69053095,7.773897568,92.22610243,12.22875619,50.31691434,73.74639286
6,58,GENBANK,F26-3144,CIAT-17916,Fabales,Fabaceae,Clitoria,falcata,Clitoria falcata,Herbaceous_legumes,38,94.64214314,7.475908917,92.52409108,11.93282342,49.34291186,73.8301508
6,59,GENBANK,F26-3145,CIAT-17969,Fabales,Fabaceae,Canavalia,grandiflora,Canavalia grandiflora,Herbaceous_legumes,38,91.35,13.92141841,86.07858159,8.190306084,35.18824978,53.88076412
6,60,GENBANK,F26-3145,CIAT-17969,Fabales,Fabaceae,Canavalia,grandiflora,Canavalia grandiflora,Herbaceous_legumes,38,91.39,13.50552698,86.49447302,7.786295903,34.44571337,55.28844122
6,61,GENBANK,F26-3146,CIAT-18497,Fabales,Fabaceae,Dioclea,valliana,Dioclea valliana,Herbaceous_legumes,38,91.84326269,9.495323037,90.50467696,12.29281612,53.50310501,73.30908024
6,62,GENBANK,F26-3146,CIAT-18497,Fabales,Fabaceae,Dioclea,valliana,Dioclea valliana,Herbaceous_legumes,38,91.96321471,9.495323037,90.50467696,12.0892067,52.54783557,72.79428649
6,63,GENBANK,F26-3147,CIAT-18521,Fabales,Fabaceae,Rhynchosia,phaseoloides,Rhynchosia phaseoloides,Herbaceous_legumes,38,92.25154969,9.503684439,90.49631556,12.84863542,51.99172389,73.08727414
6,64,GENBANK,F26-3147,CIAT-18521,Fabales,Fabaceae,Rhynchosia,phaseoloides,Rhynchosia phaseoloides,Herbaceous_legumes,38,92.27154569,9.265279584,90.73472042,12.44793469,49.14716125,70.90066898
6,65,GENBANK,F26-3148,CIAT-18631,Fabales,Fabaceae,Dioclea,crenata,Dioclea crenata,Herbaceous_legumes,38,91.73082692,8.049267749,91.95073225,11.20109182,44.2839993,64.67906094
6,66,GENBANK,F26-3148,CIAT-18631,Fabales,Fabaceae,Dioclea,crenata,Dioclea crenata,Herbaceous_legumes,38,91.87,8.028286281,91.97171372,10.99610175,45.18008346,65.47259844
6,67,GENBANK,F26-3177,IAG-2026-S-1,Green Meal,Green Meal,Green Meal,Green Meal,Green Meal,Green Meal,38,92.99,0,0,0,0,0
6,68,GENBANK,F26-3177,IAG-2026-S-1,Green Meal,Green Meal,Green Meal,Green Meal,Green Meal,Green Meal,38,92.99,0,0,0,0,0
6,69,GENBANK,F26-3178,IAG-2026-S-2,Compound feed,Compound feed,Compound feed,Compound feed,Compound feed,Compound feed,38,91.52,0,0,0,0,0
6,70,GENBANK,F26-3178,IAG-2026-S-2,Compound feed,Compound feed,Compound feed,Compound feed,Compound feed,Compound feed,38,91.52,0,0,0,0,0
6,71,GENBANK,F26-3149,CIAT-22303,Fabales,Fabaceae,Macrotyloma,axillare,Macrotyloma axillare,Herbaceous_legumes,38,88.61,7.106553656,92.89344634,22.9365181,32.76627653,54.26694439
6,72,GENBANK,F26-3149,CIAT-22303,Fabales,Fabaceae,Macrotyloma,axillare,Macrotyloma axillare,Herbaceous_legumes,38,88.69113089,7.105843072,92.89415693,22.40934108,32.81830315,53.50914356
6,73,GENBANK,F26-3150,CIAT-18633,Fabales,Fabaceae,Dioclea,crenata,Dioclea crenata,Herbaceous_legumes,38,92.06079392,8.210627108,91.78937289,10.86540327,42.06780829,60.99949165
6,74,GENBANK,F26-3150,CIAT-18633,Fabales,Fabaceae,Dioclea,crenata,Dioclea crenata,Herbaceous_legumes,38,92.07237829,8.328428385,91.67157162,10.46309,42.57644464,62.02985914
6,75,GENBANK,F26-3151,CIAT-21134,Fabales,Fabaceae,Cajanus,goensis,Cajanus goensis,Herbaceous_legumes,38,92.01079892,9.532007582,90.46799242,16.03377967,55.33981103,73.42311255
6,76,GENBANK,F26-3151,CIAT-21134,Fabales,Fabaceae,Cajanus,goensis,Cajanus goensis,Herbaceous_legumes,38,91.98240528,9.432301393,90.56769861,15.52322716,57.47230209,74.22974715
6,77,GENBANK,F26-3152,CIAT-21433,Fabales,Fabaceae,Calopogonium,galactioides,Calopogonium galactioides,Herbaceous_legumes,38,92.07237829,10.68707893,89.31292107,12.58566212,31.4536264,54.4176691
6,78,GENBANK,F26-3152,CIAT-21433,Fabales,Fabaceae,Calopogonium,galactioides,Calopogonium galactioides,Herbaceous_legumes,38,92.02,10.67942094,89.32057906,12.48205069,32.89985094,58.24103102
6,79,GENBANK,F26-3153,CIAT-21475,Fabales,Fabaceae,Rhynchosia,phaseoloides,Rhynchosia phaseoloides,Herbaceous_legumes,38,92.31307477,8.102253033,91.89774697,11.94105956,45.21141224,66.17483555
6,80,GENBANK,F26-3153,CIAT-21475,Fabales,Fabaceae,Rhynchosia,phaseoloides,Rhynchosia phaseoloides,Herbaceous_legumes,38,92.25309876,8.264731369,91.73526863,11.23887288,43.73724568,67.16923071
6,81,GENBANK,F26-3154,CIAT-21951,Fabales,Fabaceae,Pueraria,montana,Pueraria montana,Herbaceous_legumes,38,94.39112178,13.3440026,86.6559974,15.71380752,37.33637905,63.64853067
6,82,GENBANK,F26-3154,CIAT-21951,Fabales,Fabaceae,Pueraria,montana,Pueraria montana,Herbaceous_legumes,38,94.42,13.30430102,86.69569898,15.4135708,36.81968785,64.32034345
6,83,GENBANK,F26-3155,CIAT-25213,Fabales,Fabaceae,Centrosema,brachypodum,Centrosema brachypodum,Herbaceous_legumes,38,94.17116577,9.237168307,90.76283169,14.47389582,37.66826332,61.35307489
6,84,GENBANK,F26-3155,CIAT-25213,Fabales,Fabaceae,Centrosema,brachypodum,Centrosema brachypodum,Herbaceous_legumes,38,94.16058394,9.323039903,90.6769601,13.97700907,37.81462257,62.51148883
6,85,GENBANK,F26-3156,CIAT-32229,Fabales,Fabaceae,Calopogonium,galactioides,Calopogonium galactioides,Herbaceous_legumes,38,92.21311475,8.673607341,91.32639266,13.4668842,34.04381195,61.01163886
6,86,GENBANK,F26-3156,CIAT-32229,Fabales,Fabaceae,Calopogonium,galactioides,Calopogonium galactioides,Herbaceous_legumes,38,92.18078192,8.123100829,91.87689917,13.76820215,31.77918064,58.39572448
6,87,GENBANK,F26-3157,CIAT-8206,Fabales,Fabaceae,Desmanthus,leptophyllus,Desmanthus leptophyllus,Shrub_Trees,38,91.92161568,8.160672988,91.83932701,22.22133592,42.46254751,61.21441031
6,88,GENBANK,F26-3157,CIAT-8206,Fabales,Fabaceae,Desmanthus,leptophyllus,Desmanthus leptophyllus,Shrub_Trees,38,91.85,8.21672049,91.78327951,21.91758594,42.13273381,62.3708094
6,89,GENBANK,F26-3158,CIAT-8886,Fabales,Fabaceae,Zornia,myriadena,Zornia myriadena,Herbaceous_legumes,38,91.72165567,11.94865167,88.05134833,17.08904464,35.60615105,55.83492011
6,90,GENBANK,F26-3158,CIAT-8886,Fabales,Fabaceae,Zornia,myriadena,Zornia myriadena,Herbaceous_legumes,38,91.69332267,12.40405764,87.59594236,17.39509415,34.83098651,57.54755212
6,91,GENBANK,F26-3159,CIAT-13701,Fabales,Fabaceae,Pseudarthria,viscida,Pseudarthria viscida,Shrub_Trees,38,92.4515097,11.89565289,88.10434711,15.15083131,42.02465117,60.57707148
6,92,GENBANK,F26-3159,CIAT-13701,Fabales,Fabaceae,Pseudarthria,viscida,Pseudarthria viscida,Shrub_Trees,38,92.45301879,11.54728853,88.45271147,15.34913974,41.83593894,63.49169182
6,93,GENBANK,F26-3160,CIAT-18859,Fabales,Fabaceae,Pseudarthria,hookeri,Pseudarthria hookeri,Shrub_Trees,38,92.70145971,12.50679429,87.49320571,16.41954924,42.50578734,63.04845954
6,94,GENBANK,F26-3160,CIAT-18859,Fabales,Fabaceae,Pseudarthria,hookeri,Pseudarthria hookeri,Shrub_Trees,38,92.60073993,13.1879472,86.8120528,15.91414642,43.81331129,61.81290351
6,95,GENBANK,F26-3161,CIAT-19661,Fabales,Fabaceae,Pseudarthria,hookeri,Pseudarthria hookeri,Shrub_Trees,38,94.55,10.87651693,89.12348307,18.06309196,50.88217199,70.54865776
6,96,GENBANK,F26-3161,CIAT-19661,Fabales,Fabaceae,Pseudarthria,hookeri,Pseudarthria hookeri,Shrub_Trees,38,94.48110378,10.50410668,89.49589332,18.25999709,49.38225041,69.957284
6,97,GENBANK,F26-3162,CIAT-20129,Fabales,Fabaceae,Desmanthus,leptophyllus,Desmanthus leptophyllus,Shrub_Trees,38,91.86244127,14.93240286,85.06759714,25.08603022,33.8673564,66.86306129
6,98,GENBANK,F26-3162,CIAT-20129,Fabales,Fabaceae,Desmanthus,leptophyllus,Desmanthus leptophyllus,Shrub_Trees,38,91.71,15.26372903,84.73627097,24.87582675,34.11345183,63.02181811
6,99,GENBANK,F26-3163,CIAT-20386,Fabales,Fabaceae,Desmanthus,leptophyllus,Desmanthus leptophyllus,Shrub_Trees,38,91.61167766,22.09737809,77.90262191,18.12210566,37.73180977,63.97646907
6,100,GENBANK,F26-3163,CIAT-20386,Fabales,Fabaceae,Desmanthus,leptophyllus,Desmanthus leptophyllus,Shrub_Trees,38,91.54084592,20.63647262,79.36352738,17.72302546,38.27818934,64.2906724
6,101,GENBANK,F26-3164,CIAT-21286,Fabales,Fabaceae,Pseudarthria,hookeri,Pseudarthria hookeri,Shrub_Trees,38,92.14157169,10.48225005,89.51774995,18.1126689,42.64528494,66.4379584
6,102,GENBANK,F26-3164,CIAT-21286,Fabales,Fabaceae,Pseudarthria,hookeri,Pseudarthria hookeri,Shrub_Trees,38,92.13314674,10.52355053,89.47644947,18.01534706,41.59805586,66.67853796
6,103,GENBANK,F26-3165,CIAT-22500,Fabales,Fabaceae,Desmanthus,fruticosus,Desmanthus fruticosus,Shrub_Trees,38,91.78082192,9.718893005,90.28110699,16.5704174,44.36763353,70.83663777
6,104,GENBANK,F26-3165,CIAT-22500,Fabales,Fabaceae,Desmanthus,fruticosus,Desmanthus fruticosus,Shrub_Trees,38,91.76082392,9.707997385,90.29200261,17.08579303,45.30388968,67.92572777
6,105,GENBANK,F26-3166,CIAT-22501,Fabales,Fabaceae,Desmanthus,covillei,Desmanthus covillei,Shrub_Trees,38,91.53338665,8.525216651,91.47478335,18.45450982,42.17651692,69.87509797
6,106,GENBANK,F26-3166,CIAT-22501,Fabales,Fabaceae,Desmanthus,covillei,Desmanthus covillei,Shrub_Trees,38,91.38,8.911321527,91.08867847,18.14942618,41.34825676,70.60676386
6,107,GENBANK,F26-3167,CIAT-22571,Fabales,Fabaceae,Desmanthus,covillei,Desmanthus covillei,Shrub_Trees,38,92.14078592,8.846561821,91.15343818,20.84637103,31.21387083,64.59385026
6,108,GENBANK,F26-3167,CIAT-22571,Fabales,Fabaceae,Desmanthus,covillei,Desmanthus covillei,Shrub_Trees,38,92.09316273,8.268783549,91.73121645,20.54963722,31.17439481,62.04727364
6,109,GENBANK,F26-3168,CIAT-22572,Fabales,Fabaceae,Desmanthus,covillei,Desmanthus covillei,Shrub_Trees,38,91.53169366,6.939132335,93.06086766,16.71763131,49.26695375,67.58120586
6,110,GENBANK,F26-3168,CIAT-22572,Fabales,Fabaceae,Desmanthus,covillei,Desmanthus covillei,Shrub_Trees,38,91.45170966,7.168615452,92.83138455,16.62429466,48.08265969,69.28199406
6,111,GENBANK,F26-3177,IAG-2026-S-1,Green Meal,Green Meal,Green Meal,Green Meal,Green Meal,Green Meal,38,92.99,0,0,0,0,0
6,112,GENBANK,F26-3177,IAG-2026-S-1,Green Meal,Green Meal,Green Meal,Green Meal,Green Meal,Green Meal,38,92.99,0,0,0,0,0
6,113,GENBANK,F26-3178,IAG-2026-S-2,Compound feed,Compound feed,Compound feed,Compound feed,Compound feed,Compound feed,38,91.52,0,0,0,0,0
6,114,GENBANK,F26-3178,IAG-2026-S-2,Compound feed,Compound feed,Compound feed,Compound feed,Compound feed,Compound feed,38,91.52,0,0,0,0,0
6,115,GENBANK,F26-3169,CIAT-22574,Fabales,Fabaceae,Desmanthus,fruticosus,Desmanthus fruticosus,Shrub_Trees,38,92.16078392,92.20542906,7.794570942,20.2510459,43.67863366,71.41183186
6,116,GENBANK,F26-3169,CIAT-22574,Fabales,Fabaceae,Desmanthus,fruticosus,Desmanthus fruticosus,Shrub_Trees,38,92.05158968,92.10851459,7.891485407,20.35002853,42.99615205,70.61238849
6,117,GENBANK,F26-3170,CIAT-8529,Fabales,Fabaceae,Mimosa,albolanata,Mimosa albolanata,Shrub_Trees,38,92.51074893,95.14544094,4.854559063,12.73411812,52.15027339,69.20471844
6,118,GENBANK,F26-3170,CIAT-8529,Fabales,Fabaceae,Mimosa,albolanata,Mimosa albolanata,Shrub_Trees,38,92.4515097,95.00538519,4.994614814,12.51895718,52.55791922,70.02247073
6,119,GENBANK,F26-3171,CIAT-33510,Fabales,Fabaceae,Phyllodium,pulchellum,Phyllodium pulchellum,Shrub_Trees,38,93.42065793,90.67348639,9.326513607,14.1984773,41.18465869,57.40047457
6,120,GENBANK,F26-3171,CIAT-33510,Fabales,Fabaceae,Phyllodium,pulchellum,Phyllodium pulchellum,Shrub_Trees,38,93.34,90.92956719,9.070432814,14.28670393,40.97640478,58.44806048
6,121,GENBANK,F26-3172,CIAT-33499,Fabales,Fabaceae,Phyllodium,pulchellum,Phyllodium pulchellum,Shrub_Trees,38,93.20135973,90.77887808,9.221121918,13.42546082,49.62404554,68.19316236
6,122,GENBANK,F26-3172,CIAT-33499,Fabales,Fabaceae,Phyllodium,pulchellum,Phyllodium pulchellum,Shrub_Trees,38,93.07277089,90.70559357,9.294406428,13.23239406,52.58026336,69.81211165
6,123,GENBANK,F26-3173,CIAT-23111,Fabales,Fabaceae,Phyllodium,elegans,Phyllodium elegans,Shrub_Trees,38,93.24135173,87.19507047,12.80492953,16.21348356,41.78759275,62.3043478
6,124,GENBANK,F26-3173,CIAT-23111,Fabales,Fabaceae,Phyllodium,elegans,Phyllodium elegans,Shrub_Trees,38,93.21203639,87.85047337,12.14952663,16.11207865,40.77624231,60.55174403
6,125,GENBANK,F26-3174,CIAT-23110,Fabales,Fabaceae,Phyllodium,elegans,Phyllodium elegans,Shrub_Trees,38,93.20135973,90.0557574,9.944242599,15.4962616,35.77986174,61.1638059
6,126,GENBANK,F26-3174,CIAT-23110,Fabales,Fabaceae,Phyllodium,elegans,Phyllodium elegans,Shrub_Trees,38,93.40197941,90.28176038,9.718239618,16.09752168,37.06642962,60.25823665
6,127,GENBANK,F26-3175,CIAT-9360,Fabales,Fabaceae,Clitoria,falcata,Clitoria falcata,Herbaceous_legumes,38,93.28134373,91.98159088,8.018409118,13.31375507,47.67848043,74.80724021
6,128,GENBANK,F26-3175,CIAT-9360,Fabales,Fabaceae,Clitoria,falcata,Clitoria falcata,Herbaceous_legumes,38,93.25202439,92.12173593,7.878264072,13.41887353,48.69205905,73.26685906
6,129,GENBANK,F26-3176,CIAT-21292,Fabales,Fabaceae,Canavalia,Gladiata,Canavalia Gladiata,Herbaceous_legumes,38,92.08079192,80.86114353,19.13885647,14.27323761,24.72410278,49.56013622
6,130,GENBANK,F26-3176,CIAT-21292,Fabales,Fabaceae,Canavalia,Gladiata,Canavalia Gladiata,Herbaceous_legumes,38,92.34229731,81.55881826,18.44118174,13.9733553,24.48360865,47.80087408
6,131,GENBANK,F26-0521,CIAT-23035,Fabales,Fabaceae,Desmodium,laxiflorum,Desmodium laxiflorum,Herbaceous_legumes,38,92.16078392,13.05845817,86.94154183,16.31259106,34.62464694,50.39758332
6,132,GENBANK,F26-0521,CIAT-23035,Fabales,Fabaceae,Desmodium,laxiflorum,Desmodium laxiflorum,Herbaceous_legumes,38,92.2223333,11.85219357,88.14780643,16.31259106,41.93543048,51.12663574
6,133,GENBANK,F26-0526,CIAT-33726,Fabales,Fabaceae,Desmodium,sandwicense,Desmodium sandwicense,Herbaceous_legumes,38,93.14,10.25956512,89.74043488,18.62947164,47.74503336,60.3552326
6,134,GENBANK,F26-0526,CIAT-33726,Fabales,Fabaceae,Desmodium,sandwicense,Desmodium sandwicense,Herbaceous_legumes,38,93.61255498,10.46956446,89.53043554,18.62947164,45.60084931,61.08286545
6,135,GENBANK,F26-0532,CIAT-13930,Fabales,Fabaceae,Desmodium,glabrum,Desmodium glabrum,Shrub_Trees,38,92.05238428,13.6091515,86.3908485,21.40096477,20.32296725,34.78071124
6,136,GENBANK,F26-0532,CIAT-13930,Fabales,Fabaceae,Desmodium,glabrum,Desmodium glabrum,Shrub_Trees,38,92.03318673,11.34887608,88.65112392,21.40096477,29.82641902,35.9801572
6,137,GENBANK,F26-0533,CIAT-21082,Fabales,Fabaceae,Flemingia,stricta,Flemingia stricta,Shrub_Trees,38,94.50054995,9.511717717,90.48828228,20.13658223,46.96807716,66.55727155
6,138,GENBANK,F26-0533,CIAT-21082,Fabales,Fabaceae,Flemingia,stricta,Flemingia stricta,Shrub_Trees,38,94.51054895,11.61720362,88.38279638,20.13658223,58.03925382,63.27123813
6,139,GENBANK,F26-0535,CIAT-21091,Fabales,Fabaceae,Flemingia,stricta,Flemingia stricta,Shrub_Trees,38,92.10078992,8.131140422,91.86885958,19.58941744,54.8528069,70.90077473
6,140,GENBANK,F26-0535,CIAT-21091,Fabales,Fabaceae,Flemingia,stricta,Flemingia stricta,Shrub_Trees,38,92.11078892,11.73533084,88.26466916,19.58941744,54.46638091,70.82127521
6,141,GENBANK,F26-0536,CIAT-21115,Fabales,Fabaceae,Flemingia,lineata,Flemingia lineata,Shrub_Trees,38,92.4315137,7.926102428,92.07389757,19.32295278,58.81850012,63.99562858
6,142,GENBANK,F26-0536,CIAT-21115,Fabales,Fabaceae,Flemingia,lineata,Flemingia lineata,Shrub_Trees,38,92.49,7.257132895,92.74286711,19.32295278,49.47003871,65.00892197
6,143,GENBANK,F26-1034,CIAT-8539,Fabales,Fabaceae,Canavalia,grandiflora,Canavalia grandiflora,Herbaceous_legumes,38,93.28,11.80751766,88.19248234,11.4225443,35.90677992,50.49528056
6,144,GENBANK,F26-1034,CIAT-8539,Fabales,Fabaceae,Canavalia,grandiflora,Canavalia grandiflora,Herbaceous_legumes,38,93.21,11.73010114,88.26989886,11.10357104,36.60159598,51.22918078
6,145,GENBANK,F26-1036,CIAT-8589,Fabales,Fabaceae,Galactia,jussiaeana,Galactia jussiaeana,Herbaceous_legumes,38,94.49220312,9.227700716,90.77229928,16.09364861,37.88586739,52.62421271
6,146,GENBANK,F26-1036,CIAT-8589,Fabales,Fabaceae,Galactia,jussiaeana,Galactia jussiaeana,Herbaceous_legumes,38,94.21173648,9.22862321,90.77137679,16.94930481,39.83442007,53.58473495
6,147,GENBANK,F26-1087,CIAT-18701,Fabales,Fabaceas,Cajanus,cajan,Cajanus cajan,Shrub_Trees,38,92.06,7.49,92.51,26.94,40.83,62.05
6,148,GENBANK,F26-1087,CIAT-18701,Fabales,Fabaceas,Cajanus,cajan,Cajanus cajan,Shrub_Trees,38,92.02,7.49,92.51,27.31,40.57,60.62
6,149,JACOBO ARANGO/ ALEJANDRO MONTOYA,F25-0008,Sample-8,Poales,Poaceae,Cynodon, nlemfuensis ,Cynodon nlemfuensis ,,38,93.64063594,11.32941805,88.67058195,13.1,37.8,76.05
6,149,JACOBO ARANGO/ ALEJANDRO MONTOYA,F25-0008,Sample-8,Poales,Poaceae,Cynodon, nlemfuensis ,Cynodon nlemfuensis ,,39,93.64063594,11.32941805,88.67058195,13.1,37.8,76.05
6,149,JACOBO ARANGO/ ALEJANDRO MONTOYA,F25-0008,Sample-8,Poales,Poaceae,Cynodon, nlemfuensis ,Cynodon nlemfuensis ,,41,93.64063594,11.32941805,88.67058195,13.1,37.8,76.05
6,149,JACOBO ARANGO/ ALEJANDRO MONTOYA,F25-0008,Sample-8,Poales,Poaceae,Cynodon, nlemfuensis ,Cynodon nlemfuensis ,,42,93.64063594,11.32941805,88.67058195,13.1,37.8,76.05
6,150,JACOBO ARANGO/ ALEJANDRO MONTOYA,F25-0008,Sample-8,Poales,Poaceae,Cynodon, nlemfuensis ,Cynodon nlemfuensis ,,38,93.82123575,11.49829497,88.50170503,13.1,37.7,76.05
6,150,JACOBO ARANGO/ ALEJANDRO MONTOYA,F25-0008,Sample-8,Poales,Poaceae,Cynodon, nlemfuensis ,Cynodon nlemfuensis ,,39,93.82123575,11.49829497,88.50170503,13.1,37.7,76.05
6,150,JACOBO ARANGO/ ALEJANDRO MONTOYA,F25-0008,Sample-8,Poales,Poaceae,Cynodon, nlemfuensis ,Cynodon nlemfuensis ,,41,93.82123575,11.49829497,88.50170503,13.1,37.7,76.05
6,150,JACOBO ARANGO/ ALEJANDRO MONTOYA,F25-0008,Sample-8,Poales,Poaceae,Cynodon, nlemfuensis ,Cynodon nlemfuensis ,,42,93.82123575,11.49829497,88.50170503,13.1,37.7,76.05
6,151,BREEDING,F26-2903,CIAT-BR-04-3025-Llan,Poales,Poaceae,Urochloa,interespecifico,Urochloa interespecifico,Grass,39,93.46,9.202685364,90.79731464,10.18627873,27.59415488,60.08348149
6,152,BREEDING,F26-2903,CIAT-BR-04-3025-Llan,Poales,Poaceae,Urochloa,interespecifico,Urochloa interespecifico,Grass,39,93.44196741,9.018066396,90.9819336,10.45245017,27.79469999,60.72773854
6,153,BREEDING,F26-2904,CIAT-BR-02-1752-Llan,Poales,Poaceae,Urochloa,interespecifico,Urochloa interespecifico,Grass,39,93.67189843,8.82350098,91.17649902,10.56789396,32.59388005,64.72642717
6,154,BREEDING,F26-2904,CIAT-BR-02-1752-Llan,Poales,Poaceae,Urochloa,interespecifico,Urochloa interespecifico,Grass,39,93.95241903,8.694754939,91.30524506,10.60844371,32.32580525,64.49864024
6,155,BREEDING,F26-2905,CIAT-CIAT-606-Llan,Poales,Poaceae,Urochloa,interespecifico,Urochloa interespecifico,Grass,39,94.17233107,6.24073246,93.75926754,8.765612879,34.45658076,69.93776597
6,156,BREEDING,F26-2905,CIAT-CIAT-606-Llan,Poales,Poaceae,Urochloa,interespecifico,Urochloa interespecifico,Grass,39,94.19174248,6.368730965,93.63126903,8.734313777,34.53749064,69.48102544
6,157,BREEDING,F26-2906,CIAT-BR-02-1794-Llan,Poales,Poaceae,Urochloa,interespecifico,Urochloa interespecifico,Grass,39,93.83246701,8.527681872,91.47231813,8.503839283,27.21616857,59.28609181
6,158,BREEDING,F26-2906,CIAT-BR-02-1794-Llan,Poales,Poaceae,Urochloa,interespecifico,Urochloa interespecifico,Grass,39,93.95120976,8.007614325,91.99238567,8.341345539,26.79147536,58.31304866
6,159,BREEDING,F26-2907,CIAT-CIAT-6294-Llan,Poales,Poaceae,Urochloa,interespecifico,Urochloa interespecifico,Grass,39,94.31170649,9.401194115,90.59880589,9.105191631,26.50325686,58.80066062
6,160,BREEDING,F26-2907,CIAT-CIAT-6294-Llan,Poales,Poaceae,Urochloa,interespecifico,Urochloa interespecifico,Grass,39,94.33113377,9.306734715,90.69326528,9.182769185,26.95736446,59.49733163
6,161,BREEDING,F26-2908,CIAT-Mulato-II-Llan,Poales,Poaceae,Urochloa,interespecifico,Urochloa interespecifico,Grass,39,93.87061294,7.931809536,92.06819046,13.19858748,28.45412152,64.5426841
6,162,BREEDING,F26-2908,CIAT-Mulato-II-Llan,Poales,Poaceae,Urochloa,interespecifico,Urochloa interespecifico,Grass,39,93.96181146,7.52572902,92.47427098,13.02305786,29.6099425,66.07886747
6,163,BREEDING,F26-2909,CIAT-BR-04-3025-Qu,Poales,Poaceae,Urochloa,interespecifico,Urochloa interespecifico,Grass,39,94.41055894,9.533421735,90.46657827,12.1705363,29.81770843,66.14544191
6,164,BREEDING,F26-2909,CIAT-BR-04-3025-Qu,Poales,Poaceae,Urochloa,interespecifico,Urochloa interespecifico,Grass,39,94.38,9.502593827,90.49740617,12.10687774,29.52230988,65.93220517
6,165,BREEDING,F26-2910,CIAT-BR-02-1752-Qu,Poales,Poaceae,Urochloa,interespecifico,Urochloa interespecifico,Grass,39,94.01179646,11.87105563,88.12894437,16.02633443,24.89871823,56.65865546
6,166,BREEDING,F26-2910,CIAT-BR-02-1752-Qu,Poales,Poaceae,Urochloa,interespecifico,Urochloa interespecifico,Grass,39,94.12058794,11.8734296,88.1265704,16.17999736,24.92697282,56.75712575
6,167,BREEDING,F26-2911,CIAT-CIAT-606-Qu,Poales,Poaceae,Urochloa,interespecifico,Urochloa interespecifico,Grass,39,94.47221112,10.67398413,89.32601587,16.18455905,26.26709651,59.15566235
6,168,BREEDING,F26-2911,CIAT-CIAT-606-Qu,Poales,Poaceae,Urochloa,interespecifico,Urochloa interespecifico,Grass,39,94.51,10.73116876,89.26883124,16.15972376,26.17582952,59.18517043
6,169,BREEDING,F26-2912,CIAT-BR-02-1794-Qu,Poales,Poaceae,Urochloa,interespecifico,Urochloa interespecifico,Grass,39,94.56054395,11.80032477,88.19967523,18.10916065,24.38779188,54.53878521
6,170,BREEDING,F26-2912,CIAT-BR-02-1794-Qu,Poales,Poaceae,Urochloa,interespecifico,Urochloa interespecifico,Grass,39,93.89,12.11989073,87.88010927,17.94208194,24.44536613,54.14334817
6,171,BREEDING,F26-2913,CIAT-CIAT-6294-Qu,Poales,Poaceae,Urochloa,interespecifico,Urochloa interespecifico,Grass,39,93.9,11.93565145,88.06434855,17.48308499,26.96655477,56.54269144
6,172,BREEDING,F26-2913,CIAT-CIAT-6294-Qu,Poales,Poaceae,Urochloa,interespecifico,Urochloa interespecifico,Grass,39,93.94060594,11.59377767,88.40622233,17.55680434,26.79575976,56.40513856
6,173,BREEDING,F26-2914,CIAT-Mulato-II-Qu,Poales,Poaceae,Urochloa,interespecifico,Urochloa interespecifico,Grass,39,94.07237105,11.26411984,88.73588016,17.67999548,25.01537986,56.11668299
6,174,BREEDING,F26-2914,CIAT-Mulato-II-Qu,Poales,Poaceae,Urochloa,interespecifico,Urochloa interespecifico,Grass,39,93.35066493,11.37419853,88.62580147,17.76405572,25.11231949,56.23207891
6,175,BREEDING,F26-2915,CIAT-BR-04-2515,Poales,Poaceae,Urochloa,interespecifico,Urochloa interespecifico,Grass,39,94.76052395,12.43596396,87.56403604,15.19219097,29.29991746,62.99150273
6,176,BREEDING,F26-2915,CIAT-BR-04-2515,Poales,Poaceae,Urochloa,interespecifico,Urochloa interespecifico,Grass,39,94.67106579,12.25527219,87.74472781,15.43270797,29.98540285,64.34890022
6,177,BREEDING,F26-2916,CIAT-BR-05-931,Poales,Poaceae,Urochloa,interespecifico,Urochloa interespecifico,Grass,39,94.17174848,12.6591081,87.3408919,16.60607878,25.77517849,58.23312644
6,178,BREEDING,F26-2916,CIAT-BR-05-931,Poales,Poaceae,Urochloa,interespecifico,Urochloa interespecifico,Grass,39,94.41055894,12.64043089,87.35956911,16.4812618,26.36918772,59.13942906
6,179,BREEDING,F26-2917,CIAT-BR-09-5252,Poales,Poaceae,Urochloa,interespecifico,Urochloa interespecifico,Grass,39,94.19058094,10.9030803,89.0969197,15.08710495,26.65140597,56.38735729
6,180,BREEDING,F26-2917,CIAT-BR-09-5252,Poales,Poaceae,Urochloa,interespecifico,Urochloa interespecifico,Grass,39,94.36112777,10.64746904,89.35253096,15.54370446,27.02486351,57.97537725
6,181,BREEDING,F26-2918,CIAT-BR-12-1176,Poales,Poaceae,Urochloa,interespecifico,Urochloa interespecifico,Grass,"39, 43",93.88122376,12.13920347,87.86079653,16.79820497,26.57951291,57.41887989
6,182,BREEDING,F26-2918,CIAT-BR-12-1176,Poales,Poaceae,Urochloa,interespecifico,Urochloa interespecifico,Grass,"39, 43",93.90243902,12.29647103,87.70352897,16.68269232,26.38623482,56.58783159
6,183,BREEDING,F26-2919,CIAT-BR-12-1280,Poales,Poaceae,Urochloa,interespecifico,Urochloa interespecifico,Grass,39,94.94202319,12.34935113,87.65064887,19.12980479,22.08754707,51.41787713
6,184,BREEDING,F26-2919,CIAT-BR-12-1280,Poales,Poaceae,Urochloa,interespecifico,Urochloa interespecifico,Grass,39,94.95151455,12.49799252,87.50200748,18.56202668,22.1436931,51.6293081
6,185,BREEDING,F26-2920,CIAT-BR-12-1282,Poales,Poaceae,Urochloa,interespecifico,Urochloa interespecifico,Grass,39,94.56163151,12.1232326,87.8767674,14.70901179,27.19354567,57.2054376
6,186,BREEDING,F26-2920,CIAT-BR-12-1282,Poales,Poaceae,Urochloa,interespecifico,Urochloa interespecifico,Grass,39,94.77,11.76771141,88.23228859,14.78129194,26.80517592,56.26888985
6,187,BREEDING,F26-2921,CIAT-BR-12-1325,Poales,Poaceae,Urochloa,interespecifico,Urochloa interespecifico,Grass,39,94.85154454,12.68379907,87.31620093,16.27557897,27.49714496,58.35904128
6,188,BREEDING,F26-2921,CIAT-BR-12-1325,Poales,Poaceae,Urochloa,interespecifico,Urochloa interespecifico,Grass,39,94.94,12.86674813,87.13325187,16.53106314,27.43974503,58.25018494
6,189,BREEDING,F26-2922,CIAT-BR-12-1399,Poales,Poaceae,Urochloa,interespecifico,Urochloa interespecifico,Grass,"39,43",95.5813256,11.89207117,88.10792883,15.83721688,27.90756393,59.12691374
6,190,BREEDING,F26-2922,CIAT-BR-12-1399,Poales,Poaceae,Urochloa,interespecifico,Urochloa interespecifico,Grass,"39,43",94.74052595,11.86292695,88.13707305,15.4574364,27.89424755,60.44858146
6,191,BREEDING,F26-2923,CIAT-BR-12-1418,Poales,Poaceae,Urochloa,interespecifico,Urochloa interespecifico,Grass,"39,43",93.80123975,11.97847285,88.02152715,16.30056637,28.43278721,60.41655629
6,192,BREEDING,F26-2923,CIAT-BR-12-1418,Poales,Poaceae,Urochloa,interespecifico,Urochloa interespecifico,Grass,"39,43",93.83123375,12.06372889,87.93627111,16.23324871,28.19319091,59.82360114
6,193,BREEDING,F26-2924,CIAT-BR-12-1509,Poales,Poaceae,Urochloa,interespecifico,Urochloa interespecifico,Grass,"39,43",94.60053995,13.82978308,86.17021692,16.55095464,27.8315331,57.29885818
6,194,BREEDING,F26-2924,CIAT-BR-12-1509,Poales,Poaceae,Urochloa,interespecifico,Urochloa interespecifico,Grass,"39,43",94.68212715,13.79394985,86.20605015,15.47805845,27.55944818,57.22492653
6,195,BREEDING,F26-2925,CIAT-BR-12-1535,Poales,Poaceae,Urochloa,interespecifico,Urochloa interespecifico,Grass,39,94.69053095,10.9985413,89.0014587,15.74901752,27.4896258,57.31218426
6,196,BREEDING,F26-2925,CIAT-BR-12-1535,Poales,Poaceae,Urochloa,interespecifico,Urochloa interespecifico,Grass,39,94.95201919,10.92144948,89.07855052,15.55083623,27.30419875,56.95660072
6,197,BREEDING,F26-2926,CIAT-BR-12-1685,Poales,Poaceae,Urochloa,interespecifico,Urochloa interespecifico,Grass,39,94.65053495,13.03467893,86.96532107,14.69508901,27.63499761,56.60132539
6,198,BREEDING,F26-2926,CIAT-BR-12-1685,Poales,Poaceae,Urochloa,interespecifico,Urochloa interespecifico,Grass,39,94.67159852,12.87366023,87.12633977,14.59596845,27.37741422,57.01563899
6,199,BREEDING,F26-2927,CIAT-BR-12-1844,Poales,Poaceae,Urochloa,interespecifico,Urochloa interespecifico,Grass,39,94.27229108,12.89345957,87.10654043,13.49175651,27.68594904,58.7304998
6,200,BREEDING,F26-2927,CIAT-BR-12-1844,Poales,Poaceae,Urochloa,interespecifico,Urochloa interespecifico,Grass,39,94.12,13.19586903,86.80413097,13.29812905,27.843819,58.74921512
6,201,BREEDING,F26-2928,CIAT-BR-12-1888,Poales,Poaceae,Urochloa,interespecifico,Urochloa interespecifico,Grass,39,93.6,14.10566532,85.89433468,17.12071893,27.69873685,57.95430256
6,202,BREEDING,F26-2928,CIAT-BR-12-1888,Poales,Poaceae,Urochloa,interespecifico,Urochloa interespecifico,Grass,39,93.70062994,14.06154708,85.93845292,16.44135435,27.93072754,58.06988571
6,203,BREEDING,F26-2929,CIAT-BR-12-1939,Poales,Poaceae,Urochloa,interespecifico,Urochloa interespecifico,Grass,39,94.50054995,12.49606853,87.50393147,15.49651466,27.43447125,58.36414722
6,204,BREEDING,F26-2929,CIAT-BR-12-1939,Poales,Poaceae,Urochloa,interespecifico,Urochloa interespecifico,Grass,39,94.5,12.33858844,87.66141156,15.20618913,27.92365571,58.88855481
6,205,BREEDING,F26-2930,CIAT-BR-12-2243,Poales,Poaceae,Urochloa,interespecifico,Urochloa interespecifico,Grass,39,94.79,13.08240232,86.91759768,15.05706794,26.07452359,62.40027663
6,206,BREEDING,F26-2930,CIAT-BR-12-2243,Poales,Poaceae,Urochloa,interespecifico,Urochloa interespecifico,Grass,39,94.93050695,13.15487959,86.84512041,15.34642569,25.87981808,61.00443924
6,207,BREEDING,F26-2931,CIAT-BR-12-2254,Poales,Poaceae,Urochloa,interespecifico,Urochloa interespecifico,Grass,39,92.09158168,13.36878086,86.63121914,13.29564648,27.66682487,61.28920296
6,208,BREEDING,F26-2931,CIAT-BR-12-2254,Poales,Poaceae,Urochloa,interespecifico,Urochloa interespecifico,Grass,39,92.18156369,13.67261679,86.32738321,12.79508998,27.73341615,64.0892692
6,209,BREEDING,F26-2932,CIAT-BR-12-2255,Poales,Poaceae,Urochloa,interespecifico,Urochloa interespecifico,Grass,39,93.29268293,13.92767641,86.07232359,17.68525554,26.71763128,61.33079027
6,210,BREEDING,F26-2932,CIAT-BR-12-2255,Poales,Poaceae,Urochloa,interespecifico,Urochloa interespecifico,Grass,39,93.31133773,14.05905026,85.94094974,17.38797439,25.68102818,62.62057398
6,211,BREEDING,F26-2933,CIAT-BR-12-2305,Poales,Poaceae,Urochloa,interespecifico,Urochloa interespecifico,Grass,39,92.1723483,13.27404837,86.72595163,16.1982489,26.89587776,62.26805371
6,212,BREEDING,F26-2933,CIAT-BR-12-2305,Poales,Poaceae,Urochloa,interespecifico,Urochloa interespecifico,Grass,39,92.1923423,13.23066912,86.76933088,16.40380532,27.19727874,60.75399933
6,213,BREEDING,F26-2934,CIAT-BR-12-2316,Poales,Poaceae,Urochloa,interespecifico,Urochloa interespecifico,Grass,39,93.08207538,12.27593967,87.72406033,12.9542686,28.91479776,65.49178047
6,214,BREEDING,F26-2934,CIAT-BR-12-2316,Poales,Poaceae,Urochloa,interespecifico,Urochloa interespecifico,Grass,39,93.08,12.3011091,87.6988909,13.25611119,29.07859256,64.35294628
6,215,BREEDING,F26-2935,CIAT-BR-12-2367,Poales,Poaceae,Urochloa,interespecifico,Urochloa interespecifico,Grass,39,92.90141972,13.30608293,86.69391707,17.0583126,23.95439242,59.95728005
6,216,BREEDING,F26-2935,CIAT-BR-12-2367,Poales,Poaceae,Urochloa,interespecifico,Urochloa interespecifico,Grass,39,92.99140172,13.2953262,86.7046738,16.852606,24.11162195,59.56636828
6,217,BREEDING,F26-2936,CIAT-BR-12-2461,Poales,Poaceae,Urochloa,interespecifico,Urochloa interespecifico,Grass,39,94.21057894,13.21016945,86.78983055,14.46849177,27.05740615,65.96494741
6,218,BREEDING,F26-2936,CIAT-BR-12-2461,Poales,Poaceae,Urochloa,interespecifico,Urochloa interespecifico,Grass,39,94.26172148,13.21813666,86.78186334,14.27226892,26.98168162,64.35932666
6,219,BREEDING,F26-2937,CIAT-BR-12-3018,Poales,Poaceae,Urochloa,interespecifico,Urochloa interespecifico,Grass,39,93.22135573,15.20409835,84.79590165,15.81360287,24.84748158,59.8092931
6,220,BREEDING,F26-2937,CIAT-BR-12-3018,Poales,Poaceae,Urochloa,interespecifico,Urochloa interespecifico,Grass,39,93.27,15.58249169,84.41750831,16.01673489,24.2317799,59.16229811
6,221,BREEDING,F26-2938,CIAT-BR-12-3067,Poales,Poaceae,Urochloa,interespecifico,Urochloa interespecifico,Grass,39,92.00159968,15.3771462,84.6228538,16.97820106,25.53287046,59.66625035
6,222,BREEDING,F26-2938,CIAT-BR-12-3067,Poales,Poaceae,Urochloa,interespecifico,Urochloa interespecifico,Grass,39,91.61083892,14.83411281,85.16588719,17.27535168,25.69895683,60.06788826
6,223,BREEDING,F26-2939,CIAT-BR-12-3069,Poales,Poaceae,Urochloa,interespecifico,Urochloa interespecifico,Grass,39,93.55128974,13.83837949,86.16162051,15.85269236,28.07334811,66.65881143
6,224,BREEDING,F26-2939,CIAT-BR-12-3069,Poales,Poaceae,Urochloa,interespecifico,Urochloa interespecifico,Grass,39,93.57192842,13.86905088,86.13094912,15.55321556,27.83592716,64.50582387
6,225,BREEDING,F26-2940,CIAT-BR-12-3358,Poales,Poaceae,Urochloa,interespecifico,Urochloa interespecifico,Grass,39,92.34076592,12.75853015,87.24146985,15.36487868,28.81410907,61.60230837
6,226,BREEDING,F26-2940,CIAT-BR-12-3358,Poales,Poaceae,Urochloa,interespecifico,Urochloa interespecifico,Grass,39,92.30153969,12.82223208,87.17776792,15.66992727,28.62335483,62.56634984
6,227,BREEDING,F26-2941,CIAT-BR-12-3377,Poales,Poaceae,Urochloa,interespecifico,Urochloa interespecifico,Grass,39,92.34153169,12.11531181,87.88468819,14.8473516,28.01018268,65.32513297
6,228,BREEDING,F26-2941,CIAT-BR-12-3377,Poales,Poaceae,Urochloa,interespecifico,Urochloa interespecifico,Grass,39,92.5114977,12.10449456,87.89550544,15.04434867,27.2428786,63.95942671
6,229,BREEDING,F26-2942,CIAT-BR-12-49,Poales,Poaceae,Urochloa,interespecifico,Urochloa interespecifico,Grass,39,93.30133973,12.72629888,87.27370112,14.70782161,29.41250398,60.7293541
6,230,BREEDING,F26-2942,CIAT-BR-12-49,Poales,Poaceae,Urochloa,interespecifico,Urochloa interespecifico,Grass,39,93.36132773,12.75843599,87.24156401,14.50969644,28.98681018,59.9541669
6,,JACOBO ARANGO/ ALEJANDRO MONTOYA,F25-0008,Sample-8,Poales,Poaceae,Cynodon, nlemfuensis ,Cynodon nlemfuensis ,,38,93.64063594,11.32941805,88.67058195,13.1,37.8,76.05
6,,JACOBO ARANGO/ ALEJANDRO MONTOYA,F25-0008,Sample-8,Poales,Poaceae,Cynodon, nlemfuensis ,Cynodon nlemfuensis ,,38,93.82123575,11.49829497,88.50170503,13.1,37.7,76.05
6,,BREEDING,F26-2943,CIAT-BR-12-61,Poales,Poaceae,Urochloa,interespecifico,Urochloa interespecifico,Grass,39,92.18312675,12.05631362,87.94368638,15.28379782,26.54362223,60.42520692
6,,BREEDING,F26-2943,CIAT-BR-12-61,Poales,Poaceae,Urochloa,interespecifico,Urochloa interespecifico,Grass,39,92.21077892,12.05993015,87.94006985,15.08331513,26.38582219,60.05475035
6,,BREEDING,F26-2944,CIAT-BR-12-91,Poales,Poaceae,Urochloa,interespecifico,Urochloa interespecifico,Grass,39,92.72072793,14.23328482,85.76671518,16.39009136,27.67238269,59.17524254
6,,BREEDING,F26-2944,CIAT-BR-12-91,Poales,Poaceae,Urochloa,interespecifico,Urochloa interespecifico,Grass,39,92.74145171,14.30733377,85.69266623,16.09756456,27.89682744,59.93644447
6,,BREEDING,F26-2945,CIAT-BR-15-1468,Poales,Poaceae,Urochloa,interespecifico,Urochloa interespecifico,Grass,39,92.30153969,14.20682187,85.79317813,15.26762442,23.73462216,54.43383952
6,,BREEDING,F26-2945,CIAT-BR-15-1468,Poales,Poaceae,Urochloa,interespecifico,Urochloa interespecifico,Grass,39,92.36152769,14.2717921,85.7282079,15.07036765,25.11550513,57.3211756
6,,BREEDING,F26-2946,CIAT-BR-15-1628,Poales,Poaceae,Urochloa,interespecifico,Urochloa interespecifico,Grass,39,92.14314274,14.30275428,85.69724572,14.38665864,27.07951369,62.60038571
6,,BREEDING,F26-2946,CIAT-BR-15-1628,Poales,Poaceae,Urochloa,interespecifico,Urochloa interespecifico,Grass,39,92.22311076,14.12925613,85.87074387,14.58429551,25.88479282,59.74317222
6,,BREEDING,F26-2947,CIAT-BR-15-1689,Poales,Poaceae,Urochloa,interespecifico,Urochloa interespecifico,Grass,39,92.25077492,14.83468502,85.16531498,16.56089898,27.55915649,59.57739147
6,,BREEDING,F26-2947,CIAT-BR-15-1689,Poales,Poaceae,Urochloa,interespecifico,Urochloa interespecifico,Grass,39,92.43302679,14.85188638,85.14811362,16.86789476,28.04719634,59.82925786
6,,BREEDING,F26-2948,CIAT-BR-15-1712,Poales,Poaceae,Urochloa,interespecifico,Urochloa interespecifico,Grass,39,95.1109778,13.2513325,86.7486675,15.58793618,26.60036131,57.88138878
6,,BREEDING,F26-2948,CIAT-BR-15-1712,Poales,Poaceae,Urochloa,interespecifico,Urochloa interespecifico,Grass,39,95.17144857,13.32356054,86.67643946,15.88570505,26.47112231,56.3109279
6,,BREEDING,F26-2949,CIAT-BR-15-1830,Poales,Poaceae,Urochloa,interespecifico,Urochloa interespecifico,Grass,39,95.02,13.33817366,86.66182634,15.79320746,27.85126416,58.74531395
6,,BREEDING,F26-2949,CIAT-BR-15-1830,Poales,Poaceae,Urochloa,interespecifico,Urochloa interespecifico,Grass,39,95.1109778,13.12516734,86.87483266,15.89200262,28.25436695,59.35611511
6,,BREEDING,F26-2950,CIAT-BR-15-1865,Poales,Poaceae,Urochloa,interespecifico,Urochloa interespecifico,Grass,39,95.37092581,12.59169104,87.40830896,14.57067978,26.09515363,56.63045867
6,,BREEDING,F26-2950,CIAT-BR-15-1865,Poales,Poaceae,Urochloa,interespecifico,Urochloa interespecifico,Grass,39,95.51044896,12.57199675,87.42800325,14.37988542,26.67917984,57.21138344
6,,BREEDING,F26-2951,CIAT-BR-15-1877,Poales,Poaceae,Urochloa,interespecifico,Urochloa interespecifico,Grass,39,95.29047095,14.15077543,85.84922457,16.04653468,24.52542392,56.39068418
6,,BREEDING,F26-2951,CIAT-BR-15-1877,Poales,Poaceae,Urochloa,interespecifico,Urochloa interespecifico,Grass,39,95.35139458,14.08501975,85.91498025,15.7556082,24.17854246,55.77081416
6,,BREEDING,F26-2952,CIAT-BR-15-2174,Poales,Poaceae,Urochloa,interespecifico,Urochloa interespecifico,Grass,39,95.62043796,11.7406415,88.2593585,12.89870232,27.26295782,59.90167865
6,,BREEDING,F26-2952,CIAT-BR-15-2174,Poales,Poaceae,Urochloa,interespecifico,Urochloa interespecifico,Grass,39,95.66173531,11.69531441,88.30468559,13.19258214,27.22190451,59.30585144
6,,BREEDING,F26-2953,CIAT-BR-15-2464,Poales,Poaceae,Urochloa,interespecifico,Urochloa interespecifico,Grass,39,95.28047195,12.22924308,87.77075692,13.91231002,29.10132686,62.87601958
6,,BREEDING,F26-2953,CIAT-BR-15-2464,Poales,Poaceae,Urochloa,interespecifico,Urochloa interespecifico,Grass,39,95.39092182,12.17558464,87.82441536,14.00928019,27.87389233,60.5023158
6,,BREEDING,F26-2954,CIAT-BR-15-2528,Poales,Poaceae,Urochloa,interespecifico,Urochloa interespecifico,Grass,39,94.06059394,12.20850631,87.79149369,13.7981159,26.47620767,58.12724451
6,,BREEDING,F26-2954,CIAT-BR-15-2528,Poales,Poaceae,Urochloa,interespecifico,Urochloa interespecifico,Grass,39,94.15,12.17784797,87.82215203,13.70399766,26.46785293,58.72556637
6,,BREEDING,F26-2955,CIAT-BR-15-2532,Poales,Poaceae,Urochloa,interespecifico,Urochloa interespecifico,Grass,39,95.29094181,12.36699909,87.63300091,14.48639502,25.64476256,61.54039643
6,,BREEDING,F26-2955,CIAT-BR-15-2532,Poales,Poaceae,Urochloa,interespecifico,Urochloa interespecifico,Grass,39,95.5013496,12.5648725,87.4351275,14.39091555,25.21229083,60.90356588
6,,BREEDING,F26-2956,CIAT-BR-15-2538,Poales,Poaceae,Urochloa,interespecifico,Urochloa interespecifico,Grass,39,92.83143371,11.97239174,88.02760826,15.8710415,26.25669397,65.73877714
6,,BREEDING,F26-2956,CIAT-BR-15-2538,Poales,Poaceae,Urochloa,interespecifico,Urochloa interespecifico,Grass,39,92.89213236,12.07884949,87.92115051,15.9753554,26.64946676,65.48189887
6,,BREEDING,F26-2957,CIAT-BR-15-2545,Poales,Poaceae,Urochloa,interespecifico,Urochloa interespecifico,Grass,39,91.77082292,11.52631006,88.47368994,14.04685612,30.61128996,67.86185325
6,,BREEDING,F26-2957,CIAT-BR-15-2545,Poales,Poaceae,Urochloa,interespecifico,Urochloa interespecifico,Grass,39,91.79082092,11.50452119,88.49547881,13.9489291,30.43170543,68.48853068
6,,BREEDING,F26-2958,CIAT-BR-15-2767,Poales,Poaceae,Urochloa,interespecifico,Urochloa interespecifico,Grass,39,92.46075392,13.48170069,86.51829931,15.24051874,26.97449783,60.33700725
6,,BREEDING,F26-2958,CIAT-BR-15-2767,Poales,Poaceae,Urochloa,interespecifico,Urochloa interespecifico,Grass,39,92.51224633,13.33848626,86.66151374,15.04210767,27.52728553,62.14971907
6,,JUAN CARDOSO,F26-3289,CIAT-17009,Fabales,Fabaceas,Canavalia,brasiliensis,Canavalia brasiliensis,Herbaceous_legumes,39,91.43342663,14.44973397,85.55026603,25.06065919,26.55351334,50.34826507
6,,JUAN CARDOSO,F26-3289,CIAT-17009,Fabales,Fabaceas,Canavalia,brasiliensis,Canavalia brasiliensis,Herbaceous_legumes,39,91.47255823,14.17789601,85.82210399,25.27412046,26.42823264,49.87472527
6,,JUAN CARDOSO,F26-3290,CIAT-17462,Fabales,Fabaceas,Canavalia,brasiliensis,Canavalia brasiliensis,Herbaceous_legumes,39,90.37192561,14.11363273,85.88636727,32.6950325,27.46286016,53.40437042
6,,JUAN CARDOSO,F26-3290,CIAT-17462,Fabales,Fabaceas,Canavalia,brasiliensis,Canavalia brasiliensis,Herbaceous_legumes,39,90.41,14.14964461,85.85035539,31.3311318,28.73202775,57.08759279
6,,JUAN CARDOSO,F26-3291,CIAT-13953,Fabales,Fabaceas,Desmodium,velutinum,Desmodium velutinum,Shrub_Trees,39,91.79246226,9.825931349,90.17406865,21.64424095,30.91722383,57.23780244
6,,JUAN CARDOSO,F26-3291,CIAT-13953,Fabales,Fabaceas,Desmodium,velutinum,Desmodium velutinum,Shrub_Trees,39,92.56223133,10.04283933,89.95716067,21.8482649,30.42777345,57.52923089
6,,JUAN CARDOSO,F26-3292,CIAT-9432,Fabales,Fabaceas,Clitoria,tertanea,Clitoria tertanea,Herbaceous_legumes,39,92.2523243,6.729182464,93.27081754,20.51846166,33.70922778,55.04006669
6,,JUAN CARDOSO,F26-3292,CIAT-9432,Fabales,Fabaceas,Clitoria,tertanea,Clitoria tertanea,Herbaceous_legumes,39,92.26154769,6.372230089,93.62776991,21.62773123,35.76881742,56.67887215
6,,JUAN CARDOSO,F26-3293,CIAT-17768,Fabales,Fabaceas,Clitoria,tertanea,Clitoria tertanea,Herbaceous_legumes,39,92.40303878,7.191843656,92.80815634,27.32959051,33.33028553,58.56879411
6,,JUAN CARDOSO,F26-3293,CIAT-17768,Fabales,Fabaceas,Clitoria,tertanea,Clitoria tertanea,Herbaceous_legumes,39,93.01069893,7.204786602,92.7952134,26.52716557,32.6877047,61.42964972
6,,JUAN CARDOSO,F26-3294,CIAT-22768,Fabales,Fabaceas,Lablab,purpureus,Lablab purpureus,Herbaceous_legumes,39,90.86,8.665011104,91.3349889,26.45271424,27.09655676,52.32380933
6,,JUAN CARDOSO,F26-3294,CIAT-22768,Fabales,Fabaceas,Lablab,purpureus,Lablab purpureus,Herbaceous_legumes,39,91.02089791,8.763100657,91.23689934,26.13783937,26.62037382,50.84947614
6,,JUAN CARDOSO,F26-3295,CIAT-22598,Fabales,Fabaceas,Lablab,purpureus,Lablab purpureus,Herbaceous_legumes,39,91.42171566,9.666046301,90.3339537,23.14004359,26.6617087,51.1562056
6,,JUAN CARDOSO,F26-3295,CIAT-22598,Fabales,Fabaceas,Lablab,purpureus,Lablab purpureus,Herbaceous_legumes,39,91.45,9.471120199,90.5288798,23.54224765,26.85039015,53.85354471
6,,JUAN CARDOSO,F26-3296,CIAT-18701,Fabales,Fabaceas,Cajanus,cajan,Cajanus cajan,Shrub_Trees,39,92.1723483,6.347347453,93.65265255,23.20679297,57.81162083,76.73351716
6,,JUAN CARDOSO,F26-3296,CIAT-18701,Fabales,Fabaceas,Cajanus,cajan,Cajanus cajan,Shrub_Trees,39,93.36132773,6.401869854,93.59813015,23.19751675,58.19921767,76.63070735
6,,JUAN CARDOSO,F26-3297,CIAT-20891,Fabales,Fabaceas,Cajanus,cajan,Cajanus cajan,Shrub_Trees,39,92.03159368,5.90756309,94.09243691,21.61962758,49.9416098,71.88641404
6,,JUAN CARDOSO,F26-3297,CIAT-20891,Fabales,Fabaceas,Cajanus,cajan,Cajanus cajan,Shrub_Trees,39,92.44075592,5.886472489,94.11352751,22.02945206,49.68167415,70.57585684
6,,JUAN CARDOSO,F26-3298,CIAT-15551,Fabales,Fabaceas,Centrosema ,molle,Centrosema molle,Herbaceous_legumes,39,91.53169366,9.050795181,90.94920482,22.18608237,42.29842924,73.25598993
6,,JUAN CARDOSO,F26-3298,CIAT-15551,Fabales,Fabaceas,Centrosema ,molle,Centrosema molle,Herbaceous_legumes,39,91.62,9.183644259,90.81635574,22.38918653,42.58445493,76.10419459
6,,JUAN CARDOSO,F26-3299,CIAT-17009,Fabales,Fabaceas,Canavalia,brasiliensis,Canavalia brasiliensis,Herbaceous_legumes,39,91.26262121,13.48363796,86.51636204,23.36966954,26.70232214,52.349773
6,,JUAN CARDOSO,F26-3299,CIAT-17009,Fabales,Fabaceas,Canavalia,brasiliensis,Canavalia brasiliensis,Herbaceous_legumes,39,91.42257323,13.41797089,86.58202911,23.57335341,27.06915319,54.03747971
6,,JUAN CARDOSO,F26-3300,CIAT-17462,Fabales,Fabaceas,Canavalia,brasiliensis,Canavalia brasiliensis,Herbaceous_legumes,39,91.4,12.6665754,87.3334246,23.349446,23.61735158,48.41398912
6,,JUAN CARDOSO,F26-3300,CIAT-17462,Fabales,Fabaceas,Canavalia,brasiliensis,Canavalia brasiliensis,Herbaceous_legumes,39,91.44342263,12.81458606,87.18541394,22.73437674,23.99648851,48.89687192
6,,JUAN CARDOSO,F26-3301,CIAT-9432,Fabales,Fabaceas,Clitoria,tertanea,Clitoria tertanea,Herbaceous_legumes,39,92.93,6.282609865,93.71739014,23.4740635,34.14736591,57.55288277
6,,JUAN CARDOSO,F26-3301,CIAT-9432,Fabales,Fabaceas,Clitoria,tertanea,Clitoria tertanea,Herbaceous_legumes,39,92.98,6.142757248,93.85724275,22.66633816,35.20929414,58.86560064
6,,JUAN CARDOSO,F26-3302,CIAT-17768,Fabales,Fabaceas,Clitoria,tertanea,Clitoria tertanea,Herbaceous_legumes,39,92.76072393,6.293030443,93.70696956,26.03305382,36.64745367,61.5968015
6,,JUAN CARDOSO,F26-3302,CIAT-17768,Fabales,Fabaceas,Clitoria,tertanea,Clitoria tertanea,Herbaceous_legumes,39,92.82287085,6.301915794,93.69808421,26.50818533,35.755735,61.30939218
6,,JUAN CARDOSO,F26-3303,CIAT-22768,Fabales,Fabaceas,Lablab,purpureus,Lablab purpureus,Herbaceous_legumes,39,92.2423273,9.587300193,90.41269981,18.99687405,26.94204369,55.54824582
6,,JUAN CARDOSO,F26-3303,CIAT-22768,Fabales,Fabaceas,Lablab,purpureus,Lablab purpureus,Herbaceous_legumes,39,92.32153569,9.588258731,90.41174127,19.29540139,26.93983453,54.4516139
6,,JUAN CARDOSO,F26-3304,CIAT-22598,Fabales,Fabaceas,Lablab,purpureus,Lablab purpureus,Herbaceous_legumes,39,91.50169966,7.479322403,92.5206776,21.79056664,19.42138791,55.58576216
6,,JUAN CARDOSO,F26-3304,CIAT-22598,Fabales,Fabaceas,Lablab,purpureus,Lablab purpureus,Herbaceous_legumes,39,91.63334666,7.619742105,92.3802579,21.48576084,18.77573516,56.20947087
6,,JUAN CARDOSO,F26-3305,CIAT-18701,Fabales,Fabaceas,Cajanus,cajan,Cajanus cajan,Shrub_Trees,39,95.21191523,7.443536004,92.556464,21.99801046,37.61771363,63.34518821
6,,JUAN CARDOSO,F26-3305,CIAT-18701,Fabales,Fabaceas,Cajanus,cajan,Cajanus cajan,Shrub_Trees,39,95.48135559,7.633008363,92.36699164,22.18648544,38.72871918,63.5967875
6,,JUAN CARDOSO,F26-3306,CIAT-20891,Fabales,Fabaceas,Cajanus,cajan,Cajanus cajan,Shrub_Trees,39,94.53218713,6.917974097,93.0820259,21.41242843,37.78883754,65.19348682
6,,JUAN CARDOSO,F26-3306,CIAT-20891,Fabales,Fabaceas,Cajanus,cajan,Cajanus cajan,Shrub_Trees,39,95.33186725,6.970622302,93.0293777,21.50828822,38.27790471,65.38100031
6,,JACOBO ARANGO/ ALEJANDRO MONTOYA,F25-0008,Sample-8,Poales,Poaceae,Cynodon, nlemfuensis ,Cynodon nlemfuensis ,,39,93.64063594,11.32941805,88.67058195,13.1,37.8,76.05
6,,JACOBO ARANGO/ ALEJANDRO MONTOYA,F25-0008,Sample-8,Poales,Poaceae,Cynodon, nlemfuensis ,Cynodon nlemfuensis ,,39,93.82123575,11.49829497,88.50170503,13.1,37.7,76.05
6,,BREEDING,F26-2959,CIAT-BR-15-3013,Poales,Poaceae,Urochloa,interespecifico,Urochloa interespecifico,Grass,41,93.71251499,14.23776948,85.76223052,15.43331254,28.0410124,64.81048096
6,,BREEDING,F26-2959,CIAT-BR-15-3013,Poales,Poaceae,Urochloa,interespecifico,Urochloa interespecifico,Grass,41,93.74187744,14.32452132,85.67547868,15.52728961,28.3839119,65.46368434
6,,BREEDING,F26-2960,CIAT-BR-15-3017,Poales,Poaceae,Urochloa,interespecifico,Urochloa interespecifico,Grass,41,93.47195841,12.97979258,87.02020742,17.64567403,28.38838133,64.51089914
6,,BREEDING,F26-2960,CIAT-BR-15-3017,Poales,Poaceae,Urochloa,interespecifico,Urochloa interespecifico,Grass,41,93.53194042,13.07601839,86.92398161,17.44793016,27.32583568,66.13849258
6,,BREEDING,F26-2961,CIAT-BR-15-3186,Poales,Poaceae,Urochloa,interespecifico,Urochloa interespecifico,Grass,41,92.79144171,12.86301358,87.13698642,15.68302881,27.81442586,64.43889865
6,,BREEDING,F26-2961,CIAT-BR-15-3186,Poales,Poaceae,Urochloa,interespecifico,Urochloa interespecifico,Grass,41,92.82,12.85481099,87.14518901,15.38732378,27.4900321,64.47030841
6,,BREEDING,F26-2962,CIAT-BR-15-3234,Poales,Poaceae,Urochloa,interespecifico,Urochloa interespecifico,Grass,41,92.99280288,13.61424216,86.38575784,15.74663906,28.07189088,65.53446536
6,,BREEDING,F26-2962,CIAT-BR-15-3234,Poales,Poaceae,Urochloa,interespecifico,Urochloa interespecifico,Grass,41,93.06138772,13.77817556,86.22182444,15.24980562,27.69008631,66.30888456
6,,BREEDING,F26-2963,CIAT-BR-15-3280,Poales,Poaceae,Urochloa,interespecifico,Urochloa interespecifico,Grass,41,92.79288285,12.67499462,87.32500538,14.5848023,28.40704721,66.01895274
6,,BREEDING,F26-2963,CIAT-BR-15-3280,Poales,Poaceae,Urochloa,interespecifico,Urochloa interespecifico,Grass,41,92.85285886,12.63191902,87.36808098,14.38996686,28.72827303,66.62136944
6,,BREEDING,F26-2964,CIAT-BR-15-3294,Poales,Poaceae,Urochloa,interespecifico,Urochloa interespecifico,Grass,41,92.77289084,13.79878177,86.20121823,15.78565595,26.00158344,65.88619765
6,,BREEDING,F26-2964,CIAT-BR-15-3294,Poales,Poaceae,Urochloa,interespecifico,Urochloa interespecifico,Grass,41,92.82143571,14.00624767,85.99375233,15.58487213,26.74277378,65.27562827
6,,BREEDING,F26-2965,CIAT-BR-15-3571,Poales,Poaceae,Urochloa,interespecifico,Urochloa interespecifico,Grass,41,93.49,13.30552436,86.69447564,15.37276212,29.4085867,65.79344686
6,,BREEDING,F26-2965,CIAT-BR-15-3571,Poales,Poaceae,Urochloa,interespecifico,Urochloa interespecifico,Grass,41,93.5,13.17717525,86.82282475,15.47318841,28.90702157,65.59444593
6,,BREEDING,F26-2966,CIAT-BR-15-3597,Poales,Poaceae,Urochloa,interespecifico,Urochloa interespecifico,Grass,41,93.86061394,12.66960809,87.33039191,14.23224484,26.8728105,65.64550814
6,,BREEDING,F26-2966,CIAT-BR-15-3597,Poales,Poaceae,Urochloa,interespecifico,Urochloa interespecifico,Grass,41,93.86122775,12.64384194,87.35615806,14.61752831,28.57456399,63.81619671
6,,BREEDING,F26-2967,CIAT-BR-15-361,Poales,Poaceae,Urochloa,interespecifico,Urochloa interespecifico,Grass,41,93.61063894,13.29413554,86.70586446,15.1528662,28.52407872,68.24796917
6,,BREEDING,F26-2967,CIAT-BR-15-361,Poales,Poaceae,Urochloa,interespecifico,Urochloa interespecifico,Grass,41,93.67126575,13.154006,86.845994,14.267104,27.58027862,66.60247816
6,,BREEDING,F26-2968,CIAT-BR-15-3726,Poales,Poaceae,Urochloa,interespecifico,Urochloa interespecifico,Grass,41,95.19048095,12.74016227,87.25983773,14.99864438,28.69881434,63.37715463
6,,BREEDING,F26-2968,CIAT-BR-15-3726,Poales,Poaceae,Urochloa,interespecifico,Urochloa interespecifico,Grass,41,95.21191523,13.06183771,86.93816229,15.38857261,27.33999698,64.06297747
6,,BREEDING,F26-2969,CIAT-BR-15-378,Poales,Poaceae,Urochloa,interespecifico,Urochloa interespecifico,Grass,41,95.05197921,12.29970042,87.70029958,15.50285285,31.31481653,65.85704329
6,,BREEDING,F26-2969,CIAT-BR-15-378,Poales,Poaceae,Urochloa,interespecifico,Urochloa interespecifico,Grass,41,95.12048795,11.99843414,88.00156586,15.11550453,32.51382741,64.53195943
6,,BREEDING,F26-2970,CIAT-BR-15-3810,Poales,Poaceae,Urochloa,interespecifico,Urochloa interespecifico,Grass,41,94.68106379,15.05724094,84.94275906,14.29776872,35.03648509,64.38878751
6,,BREEDING,F26-2970,CIAT-BR-15-3810,Poales,Poaceae,Urochloa,interespecifico,Urochloa interespecifico,Grass,41,94.69159252,15.17187388,84.82812612,15.08321732,34.14394746,62.87411359
6,,BREEDING,F26-2971,CIAT-BR-15-395,Poales,Poaceae,Urochloa,interespecifico,Urochloa interespecifico,Grass,41,93.85061494,14.29027793,85.70972207,15.00650089,34.45962322,66.88309242
6,,BREEDING,F26-2971,CIAT-BR-15-395,Poales,Poaceae,Urochloa,interespecifico,Urochloa interespecifico,Grass,41,93.95060494,14.82270259,85.17729741,14.80817552,33.83799367,67.29773169
6,,BREEDING,F26-2972,CIAT-BR-15-4368,Poales,Poaceae,Urochloa,interespecifico,Urochloa interespecifico,Grass,41,93.44,15.23315217,84.76684783,16.8552273,33.88639238,67.33469062
6,,BREEDING,F26-2972,CIAT-BR-15-4368,Poales,Poaceae,Urochloa,interespecifico,Urochloa interespecifico,Grass,41,93.52064794,15.67018012,84.32981988,17.05468216,34.39189268,64.71135113
6,,BREEDING,F26-2973,CIAT-BR-15-4442,Poales,Poaceae,Urochloa,interespecifico,Urochloa interespecifico,Grass,41,93.1227509,14.65523981,85.34476019,16.21663856,26.87248892,64.60848177
6,,BREEDING,F26-2973,CIAT-BR-15-4442,Poales,Poaceae,Urochloa,interespecifico,Urochloa interespecifico,Grass,41,93.22067793,14.33768201,85.66231799,16.02464078,25.92329876,62.75494166
6,,BREEDING,F26-2974,CIAT-BR-15-4483,Poales,Poaceae,Urochloa,interespecifico,Urochloa interespecifico,Grass,41,94.12235106,13.21730281,86.78269719,13.30631237,28.77880536,64.58817613
6,,BREEDING,F26-2974,CIAT-BR-15-4483,Poales,Poaceae,Urochloa,interespecifico,Urochloa interespecifico,Grass,41,94.19174248,13.37788468,86.62211532,12.90438423,28.67962697,63.97739063
6,,BREEDING,F26-2975,CIAT-BR-15-503,Poales,Poaceae,Urochloa,interespecifico,Urochloa interespecifico,Grass,41,93.62063794,14.74093634,85.25906366,15.44031576,28.20424442,61.53856757
6,,BREEDING,F26-2975,CIAT-BR-15-503,Poales,Poaceae,Urochloa,interespecifico,Urochloa interespecifico,Grass,41,93.73,14.81713663,85.18286337,15.63611078,28.19895702,62.60351134
6,,BREEDING,F26-2976,CIAT-BR-15-5152,Poales,Poaceae,Urochloa,interespecifico,Urochloa interespecifico,Grass,41,94.32,13.49589186,86.50410814,15.04598606,27.5384353,64.49235398
6,,BREEDING,F26-2976,CIAT-BR-15-5152,Poales,Poaceae,Urochloa,interespecifico,Urochloa interespecifico,Grass,41,94.33,13.59130665,86.40869335,14.74892014,27.24667365,62.672419
6,,BREEDING,F26-2977,CIAT-BR-15-5232,Poales,Poaceae,Urochloa,interespecifico,Urochloa interespecifico,Grass,41,93.76187144,12.64122788,87.35877212,16.61044976,29.56700314,69.05550916
6,,BREEDING,F26-2977,CIAT-BR-15-5232,Poales,Poaceae,Urochloa,interespecifico,Urochloa interespecifico,Grass,41,93.82185344,12.69452142,87.30547858,16.41325798,29.58680026,68.41531304
6,,BREEDING,F26-2978,CIAT-BR-15-58,Poales,Poaceae,Urochloa,interespecifico,Urochloa interespecifico,Grass,41,92.97,12.25994967,87.74005033,14.56508629,27.7120287,62.02956987
6,,BREEDING,F26-2978,CIAT-BR-15-58,Poales,Poaceae,Urochloa,interespecifico,Urochloa interespecifico,Grass,41,93.00139972,12.18223283,87.81776717,14.35759024,27.82482349,63.23930995
6,,BREEDING,F26-2979,CIAT-BR-15-60,Poales,Poaceae,Urochloa,interespecifico,Urochloa interespecifico,Grass,41,94.26229508,12.36035423,87.63964577,15.92046964,29.16502605,63.87942483
6,,BREEDING,F26-2979,CIAT-BR-15-60,Poales,Poaceae,Urochloa,interespecifico,Urochloa interespecifico,Grass,41,94.33,12.36529838,87.63470162,15.72606073,28.22957403,65.7752857
6,,BREEDING,F26-2980,CIAT-BR-15-6346,Poales,Poaceae,Urochloa,interespecifico,Urochloa interespecifico,Grass,41,94.39112178,12.91036213,87.08963787,15.22059461,27.72834159,66.20895597
6,,BREEDING,F26-2980,CIAT-BR-15-6346,Poales,Poaceae,Urochloa,interespecifico,Urochloa interespecifico,Grass,41,94.4116765,12.65491421,87.34508579,15.03230595,27.79592303,67.03354617
6,,BREEDING,F26-2981,CIAT-BR-15-6401,Poales,Poaceae,Urochloa,interespecifico,Urochloa interespecifico,Grass,41,94.31170649,13.62150988,86.37849012,14.51181903,27.60497773,63.19118737
6,,BREEDING,F26-2981,CIAT-BR-15-6401,Poales,Poaceae,Urochloa,interespecifico,Urochloa interespecifico,Grass,41,94.8910218,14.07731977,85.92268023,14.31204056,26.93236173,65.43234052
6,,BREEDING,F26-2982,CIAT-BR-15-6402,Poales,Poaceae,Urochloa,interespecifico,Urochloa interespecifico,Grass,41,94.68159552,13.93235713,86.06764287,15.94350515,28.42137116,60.4268423
6,,BREEDING,F26-2982,CIAT-BR-15-6402,Poales,Poaceae,Urochloa,interespecifico,Urochloa interespecifico,Grass,41,94.89204318,13.84659828,86.15340172,15.84438934,27.39873776,60.37109541
6,,BREEDING,F26-2983,CIAT-BR-15-6434,Poales,Poaceae,Urochloa,interespecifico,Urochloa interespecifico,Grass,41,94.14058594,12.85763421,87.14236579,15.66210737,27.73961796,64.78953068
6,,BREEDING,F26-2983,CIAT-BR-15-6434,Poales,Poaceae,Urochloa,interespecifico,Urochloa interespecifico,Grass,41,94.21115777,13.05805856,86.94194144,15.8521916,28.50724204,65.49106504
6,,BREEDING,F26-2984,CIAT-BR-15-6504,Poales,Poaceae,Urochloa,interespecifico,Urochloa interespecifico,Grass,41,93.12,12.95351421,87.04648579,14.89324294,30.27559072,61.12499332
6,,BREEDING,F26-2984,CIAT-BR-15-6504,Poales,Poaceae,Urochloa,interespecifico,Urochloa interespecifico,Grass,41,93.70188943,13.14226844,86.85773156,15.08969043,32.16566507,61.90740966
6,,BREEDING,F26-2985,CIAT-BR-15-6508,Poales,Poaceae,Urochloa,interespecifico,Urochloa interespecifico,Grass,41,95.79084183,12.34436825,87.65563175,14.97986652,26.97254534,61.24277981
6,,BREEDING,F26-2985,CIAT-BR-15-6508,Poales,Poaceae,Urochloa,interespecifico,Urochloa interespecifico,Grass,41,96.16115165,12.08273051,87.91726949,15.16801993,26.31794317,63.10099796
6,,BREEDING,F26-2986,CIAT-BR-15-6543,Poales,Poaceae,Urochloa,interespecifico,Urochloa interespecifico,Grass,41,96.05118464,13.62131102,86.37868898,14.58446337,24.4810574,58.02177932
6,,BREEDING,F26-2986,CIAT-BR-15-6543,Poales,Poaceae,Urochloa,interespecifico,Urochloa interespecifico,Grass,41,96.09,13.47967124,86.52032876,14.77703567,24.92312605,59.963471
6,,BREEDING,F26-2987,CIAT-BR-15-6571,Poales,Poaceae,Urochloa,interespecifico,Urochloa interespecifico,Grass,41,96.43071386,12.29399989,87.70600011,13.27623816,25.9334135,59.81302675
6,,BREEDING,F26-2987,CIAT-BR-15-6571,Poales,Poaceae,Urochloa,interespecifico,Urochloa interespecifico,Grass,41,96.47035296,12.23302734,87.76697266,13.75425301,26.19460236,61.42690949
6,,BREEDING,F26-2988,CIAT-BR-15-6590,Poales,Poaceae,Urochloa,interespecifico,Urochloa interespecifico,Grass,41,96.68066387,13.99030409,86.00969591,14.19259395,24.0998241,58.52392227
6,,BREEDING,F26-2988,CIAT-BR-15-6590,Poales,Poaceae,Urochloa,interespecifico,Urochloa interespecifico,Grass,41,96.70032997,14.00204422,85.99795578,14.38521656,25.62945969,58.07967034
6,,BREEDING,F26-2989,CIAT-BR-15-6758,Poales,Poaceae,Urochloa,interespecifico,Urochloa interespecifico,Grass,41,94.20231907,13.38152221,86.61847779,16.52925484,25.63882716,63.77246825
6,,BREEDING,F26-2989,CIAT-BR-15-6758,Poales,Poaceae,Urochloa,interespecifico,Urochloa interespecifico,Grass,41,94.34056594,13.45978251,86.54021749,16.70876893,26.2935442,60.43024978
6,,BREEDING,F26-2990,CIAT-BR-15-7006,Poales,Poaceae,Urochloa,interespecifico,Urochloa interespecifico,Grass,41,95.39046095,12.92046526,87.07953474,14.67649145,24.89062906,62.50171151
6,,BREEDING,F26-2990,CIAT-BR-15-7006,Poales,Poaceae,Urochloa,interespecifico,Urochloa interespecifico,Grass,41,95.45045495,12.89950749,87.10049251,14.57959773,25.42654767,61.60791615
6,,BREEDING,F26-2991,CIAT-BR-15-7316,Poales,Poaceae,Urochloa,interespecifico,Urochloa interespecifico,Grass,41,93.90121976,12.22093684,87.77906316,14.85647484,27.49102277,58.88311089
6,,BREEDING,F26-2991,CIAT-BR-15-7316,Poales,Poaceae,Urochloa,interespecifico,Urochloa interespecifico,Grass,41,94.59,12.21277046,87.78722954,14.65884547,26.68343731,58.19912322
6,,BREEDING,F26-2992,CIAT-BR-15-7318,Poales,Poaceae,Urochloa,interespecifico,Urochloa interespecifico,Grass,41,94.72158352,12.90704239,87.09295761,14.0966229,28.51529307,59.94086085
6,,BREEDING,F26-2992,CIAT-BR-15-7318,Poales,Poaceae,Urochloa,interespecifico,Urochloa interespecifico,Grass,41,94.73052695,12.97295775,87.02704225,14.00184741,28.58910212,59.82188361
6,,BREEDING,F26-2993,CIAT-BR-15-757,Poales,Poaceae,Urochloa,interespecifico,Urochloa interespecifico,Grass,41,94.42,12.35233122,87.64766878,14.04029678,27.19626487,57.64099471
6,,BREEDING,F26-2993,CIAT-BR-15-757,Poales,Poaceae,Urochloa,interespecifico,Urochloa interespecifico,Grass,41,94.53218713,12.32623135,87.67376865,13.84595674,28.07906048,59.19366237
6,,BREEDING,F26-2994,CIAT-BR-15-780,Poales,Poaceae,Urochloa,interespecifico,Urochloa interespecifico,Grass,41,93.49065093,12.79135482,87.20864518,15.37952081,26.88923612,58.21062076
6,,BREEDING,F26-2994,CIAT-BR-15-780,Poales,Poaceae,Urochloa,interespecifico,Urochloa interespecifico,Grass,41,93.49195241,13.24859521,86.75140479,15.47689557,25.71817487,55.73416213
6,,BREEDING,F26-2995,CIAT-BR-15-800,Poales,Poaceae,Urochloa,interespecifico,Urochloa interespecifico,Grass,41,94.4916525,15.39356135,84.60643865,15.88296053,27.12547048,57.04551535
6,,BREEDING,F26-2995,CIAT-BR-15-800,Poales,Poaceae,Urochloa,interespecifico,Urochloa interespecifico,Grass,41,94.62161352,15.07638632,84.92361368,15.68744184,27.08089212,57.55227218
6,,BREEDING,F26-2996,CIAT-BR-15-823,Poales,Poaceae,Urochloa,interespecifico,Urochloa interespecifico,Grass,41,95.11048895,13.33470079,86.66529921,11.89839801,26.86691063,56.75806563
6,,BREEDING,F26-2996,CIAT-BR-15-823,Poales,Poaceae,Urochloa,interespecifico,Urochloa interespecifico,Grass,41,95.20095981,13.23880469,86.76119531,12.19595549,27.09248503,59.18328147
6,,BREEDING,F26-2997,CIAT-BR-15-8529,Poales,Poaceae,Urochloa,interespecifico,Urochloa interespecifico,Grass,41,93.84123175,13.2906488,86.7093512,14.22765209,28.38739932,59.49509099
6,,BREEDING,F26-2997,CIAT-BR-15-8529,Poales,Poaceae,Urochloa,interespecifico,Urochloa interespecifico,Grass,41,93.92243103,13.05374829,86.94625171,14.12917039,28.74658222,59.41934729
6,,BREEDING,F26-2998,CIAT-BR-15-8650,Poales,Poaceae,Urochloa,interespecifico,Urochloa interespecifico,Grass,41,95.43,13.64966397,86.35033603,16.11834269,25.86335994,57.87237618
6,,BREEDING,F26-2998,CIAT-BR-15-8650,Poales,Poaceae,Urochloa,interespecifico,Urochloa interespecifico,Grass,41,95.49045095,13.56450298,86.43549702,16.31199131,25.35474218,56.67255511
6,,BREEDING,F26-2999,CIAT-BR-15-8756,Poales,Poaceae,Urochloa,interespecifico,Urochloa interespecifico,Grass,41,94.91050895,13.70263361,86.29736639,16.40538573,26.73608813,56.73133019
6,,BREEDING,F26-2999,CIAT-BR-15-8756,Poales,Poaceae,Urochloa,interespecifico,Urochloa interespecifico,Grass,41,94.9610078,13.74338895,86.25661105,16.2138705,27.17364953,57.93029336
6,,BREEDING,F26-3000,CIAT-BR-15-8881,Poales,Poaceae,Urochloa,interespecifico,Urochloa interespecifico,Grass,41,94.17116577,12.61538462,87.38461538,12.89552464,29.36230858,60.36086736
6,,BREEDING,F26-3000,CIAT-BR-15-8881,Poales,Poaceae,Urochloa,interespecifico,Urochloa interespecifico,Grass,41,94.29114177,12.8806366,87.1193634,12.7987168,30.81817579,63.37843083
6,,BREEDING,F26-3001,CIAT-BR-15-8905,Poales,Poaceae,Urochloa,interespecifico,Urochloa interespecifico,Grass,41,94.13176047,12.51322866,87.48677134,15.54878125,28.9878189,58.58100108
6,,BREEDING,F26-3001,CIAT-BR-15-8905,Poales,Poaceae,Urochloa,interespecifico,Urochloa interespecifico,Grass,41,94.25229908,12.50136547,87.49863453,15.2574768,28.99809306,57.10356703
6,,BREEDING,F26-3002,CIAT-BR-15-8976,Poales,Poaceae,Urochloa,interespecifico,Urochloa interespecifico,Grass,41,94.09059094,11.41663221,88.58336779,15.75022897,26.29915696,55.79044768
6,,BREEDING,F26-3002,CIAT-BR-15-8976,Poales,Poaceae,Urochloa,interespecifico,Urochloa interespecifico,Grass,41,94.21231507,11.52999491,88.47000509,15.36684109,26.6387166,56.51247041
6,,BREEDING,F26-3003,CIAT-BR-15-9125,Poales,Poaceae,Urochloa,interespecifico,Urochloa interespecifico,Grass,41,95.17144857,13.67438495,86.32561505,15.97057821,27.19333701,59.34871163
6,,BREEDING,F26-3003,CIAT-BR-15-9125,Poales,Poaceae,Urochloa,interespecifico,Urochloa interespecifico,Grass,41,95.20047995,13.68762425,86.31237575,15.58216505,26.98861689,60.1341289
6,,BREEDING,F26-3004,CIAT-BR-15-9141,Poales,Poaceae,Urochloa,interespecifico,Urochloa interespecifico,Grass,41,94.06,12.50386832,87.49613168,16.25753162,29.42317565,62.71499335
6,,BREEDING,F26-3004,CIAT-BR-15-9141,Poales,Poaceae,Urochloa,interespecifico,Urochloa interespecifico,Grass,41,94.20173948,12.56384021,87.43615979,16.04979326,29.12364654,63.5627548
6,,BREEDING,F26-3005,CIAT-BR-15-9142,Poales,Poaceae,Urochloa,interespecifico,Urochloa interespecifico,Grass,41,93.95120976,14.23622315,85.76377685,14.40436943,25.75840807,60.36985568
6,,BREEDING,F26-3005,CIAT-BR-15-9142,Poales,Poaceae,Urochloa,interespecifico,Urochloa interespecifico,Grass,41,93.98240704,14.09508564,85.90491436,14.31174722,26.71642486,62.13588032
6,,BREEDING,F26-3006,CIAT-BR-15-972,Poales,Poaceae,Urochloa,interespecifico,Urochloa interespecifico,Grass,41,94.19232307,12.89650022,87.10349978,15.44555434,28.04940191,65.47531099
6,,BREEDING,F26-3006,CIAT-BR-15-972,Poales,Poaceae,Urochloa,interespecifico,Urochloa interespecifico,Grass,41,94.31056894,12.97463078,87.02536922,15.54985874,26.96108032,63.25699747
6,,BREEDING,F26-3007,CIAT-BR-19-1033,Poales,Poaceae,Urochloa,interespecifico,Urochloa interespecifico,Grass,41,94.76157153,12.6984127,87.3015873,16.13699862,26.86661222,64.07622594
6,,BREEDING,F26-3007,CIAT-BR-19-1033,Poales,Poaceae,Urochloa,interespecifico,Urochloa interespecifico,Grass,41,94.81155653,12.68786584,87.31213416,15.84443202,26.62570215,64.39858469
6,,BREEDING,F26-3008,CIAT-BR-19-113,Poales,Poaceae,Urochloa,interespecifico,Urochloa interespecifico,Grass,41,94.61161652,13.02353804,86.97646196,13.42892427,29.33608366,60.30601359
6,,BREEDING,F26-3008,CIAT-BR-19-113,Poales,Poaceae,Urochloa,interespecifico,Urochloa interespecifico,Grass,41,94.68106379,12.71849758,87.28150242,13.23222875,28.81597775,61.23103903
6,,BREEDING,F26-3009,CIAT-BR-19-1444,Poales,Poaceae,Urochloa,interespecifico,Urochloa interespecifico,Grass,41,94.2,12.45491195,87.54508805,14.85717733,26.39804586,61.96065007
6,,BREEDING,F26-3009,CIAT-BR-19-1444,Poales,Poaceae,Urochloa,interespecifico,Urochloa interespecifico,Grass,41,94.32,12.04116274,87.95883726,14.56000582,26.64170384,62.43266523
6,,BREEDING,F26-3010,CIAT-BR-19-1583,Poales,Poaceae,Urochloa,interespecifico,Urochloa interespecifico,Grass,41,95.32046795,13.74862356,86.25137644,17.40145304,26.84188723,60.77824718
6,,BREEDING,F26-3010,CIAT-BR-19-1583,Poales,Poaceae,Urochloa,interespecifico,Urochloa interespecifico,Grass,41,95.37046295,13.59131666,86.40868334,17.69233374,27.87898072,62.85169117
6,,BREEDING,F26-3011,CIAT-BR-19-166,Poales,Poaceae,Urochloa,interespecifico,Urochloa interespecifico,Grass,41,94.64,11.51572725,88.48427275,16.33560601,28.15188445,62.65730125
6,,BREEDING,F26-3011,CIAT-BR-19-166,Poales,Poaceae,Urochloa,interespecifico,Urochloa interespecifico,Grass,41,94.84,11.55794807,88.44205193,16.42447182,29.33678704,64.91636317
6,,BREEDING,F26-3012,CIAT-BR-19-1727,Poales,Poaceae,Urochloa,interespecifico,Urochloa interespecifico,Grass,41,93.90060994,9.610503226,90.38949677,12.25153405,35.02781973,74.87257776
6,,BREEDING,F26-3012,CIAT-BR-19-1727,Poales,Poaceae,Urochloa,interespecifico,Urochloa interespecifico,Grass,41,94,9.409229702,90.5907703,12.05105914,34.99058368,74.50123284
6,,BREEDING,F26-3013,CIAT-BR-19-1783,Poales,Poaceae,Urochloa,interespecifico,Urochloa interespecifico,Grass,41,93.29134173,14.41200107,85.58799893,16.38972135,27.40796548,59.65943902
6,,BREEDING,F26-3013,CIAT-BR-19-1783,Poales,Poaceae,Urochloa,interespecifico,Urochloa interespecifico,Grass,41,93.32133573,15.36565765,84.63434235,16.5003153,26.99381308,58.14769789
6,,BREEDING,F26-3014,CIAT-BR-19-1793,Poales,Poaceae,Urochloa,interespecifico,Urochloa interespecifico,Grass,41,93.35066493,13.71672042,86.28327958,16.28101784,25.62924939,61.91224339
6,,BREEDING,F26-3014,CIAT-BR-19-1793,Poales,Poaceae,Urochloa,interespecifico,Urochloa interespecifico,Grass,41,93.41,13.37540751,86.62459249,16.47405872,25.1523763,63.32885276
6,,BREEDING,F26-3015,CIAT-BR-19-1806,Poales,Poaceae,Urochloa,interespecifico,Urochloa interespecifico,Grass,41,94.24057594,13.96949799,86.03050201,15.32313511,25.59646602,61.95929547
6,,BREEDING,F26-3015,CIAT-BR-19-1806,Poales,Poaceae,Urochloa,interespecifico,Urochloa interespecifico,Grass,41,94.58054195,14.31900021,85.68099979,14.73555403,25.68211046,62.8492582
6,,BREEDING,F26-3016,CIAT-BR-19-2001,Poales,Poaceae,Urochloa,interespecifico,Urochloa interespecifico,Grass,41,94.38056194,13.11294021,86.88705979,17.4741053,27.03546443,62.57737193
6,,BREEDING,F26-3016,CIAT-BR-19-2001,Poales,Poaceae,Urochloa,interespecifico,Urochloa interespecifico,Grass,41,94.4216735,13.0467789,86.9532211,17.66992651,25.77971506,65.35948118
6,,BREEDING,F26-3017,CIAT-BR-19-21,Poales,Poaceae,Urochloa,interespecifico,Urochloa interespecifico,Grass,41,94.07237105,13.7881043,86.2118957,15.76016844,25.42682955,61.21660836
6,,BREEDING,F26-3017,CIAT-BR-19-21,Poales,Poaceae,Urochloa,interespecifico,Urochloa interespecifico,Grass,41,94.13058694,14.4297861,85.5702139,15.5715252,26.91455239,65.28711139
6,,BREEDING,F26-3018,CIAT-BR-19-2124,Poales,Poaceae,Urochloa,interespecifico,Urochloa interespecifico,Grass,41,94.60161951,12.97682022,87.02317978,15.31471344,26.26582396,60.30780854
6,,BREEDING,F26-3018,CIAT-BR-19-2124,Poales,Poaceae,Urochloa,interespecifico,Urochloa interespecifico,Grass,41,94.60215914,12.93325751,87.06674249,15.11770163,26.46179857,64.07533189
6,,BREEDING,F26-3019,CIAT-BR-19-2287,Poales,Poaceae,Urochloa,interespecifico,Urochloa interespecifico,Grass,41,94.51,11.72852311,88.27147689,15.09799857,28.75641586,62.50493494
6,,BREEDING,F26-3019,CIAT-BR-19-2287,Poales,Poaceae,Urochloa,interespecifico,Urochloa interespecifico,Grass,41,94.60161951,11.91531228,88.08468772,15.00475709,28.77334928,63.07080418
6,,BREEDING,F26-3020,CIAT-BR-19-231,Poales,Poaceae,Urochloa,interespecifico,Urochloa interespecifico,Grass,41,94.62053795,13.40587365,86.59412635,15.57265932,26.39053392,63.52040629
6,,BREEDING,F26-3020,CIAT-BR-19-231,Poales,Poaceae,Urochloa,interespecifico,Urochloa interespecifico,Grass,41,94.68053195,13.860131,86.139869,15.48429359,28.23287688,64.20867008
6,,JUAN CARDOSO,F26-3376,CIAT-17009,Fabales,Fabaceas,Canavalia,brasiliensis,Canavalia brasiliensis,Herbaceous_legumes,41,90.70185963,14.34962586,85.65037414,24.96674417,30.58438863,46.6253889
6,,JUAN CARDOSO,F26-3376,CIAT-17009,Fabales,Fabaceas,Canavalia,brasiliensis,Canavalia brasiliensis,Herbaceous_legumes,41,90.73,13.83439494,86.16560506,24.85922735,30.72260493,44.48885039
6,,JUAN CARDOSO,F26-3377,CIAT-17462,Fabales,Fabaceas,Canavalia,brasiliensis,Canavalia brasiliensis,Herbaceous_legumes,41,94.18174548,12.82562269,87.17437731,27.98269525,26.12243592,42.10547775
6,,JUAN CARDOSO,F26-3377,CIAT-17462,Fabales,Fabaceas,Canavalia,brasiliensis,Canavalia brasiliensis,Herbaceous_legumes,41,94.29057094,12.74330294,87.25669706,28.97563818,25.1832949,42.69954957
6,,JUAN CARDOSO,F26-3378,CIAT-13953,Fabales,Fabaceas,Desmodium,velutinum,Desmodium velutinum,Shrub_Trees,41,95.50044996,11.39831422,88.60168578,22.74824497,31.86769513,51.01794789
6,,JUAN CARDOSO,F26-3378,CIAT-13953,Fabales,Fabaceas,Desmodium,velutinum,Desmodium velutinum,Shrub_Trees,41,95.5613316,11.46928799,88.53071201,21.95777732,30.90708765,49.43906247
6,,JUAN CARDOSO,F26-3379,CIAT-9432,Fabales,Fabaceas,Clitoria,tertanea,Clitoria tertanea,Herbaceous_legumes,41,96.10116965,6.487835309,93.51216469,17.94040893,32.9135369,49.49351324
6,,JUAN CARDOSO,F26-3379,CIAT-9432,Fabales,Fabaceas,Clitoria,tertanea,Clitoria tertanea,Herbaceous_legumes,41,96.20113966,6.633395716,93.36660428,18.33649218,33.11944628,49.23138782
6,,JUAN CARDOSO,F26-3380,CIAT-17768,Fabales,Fabaceas,Clitoria,tertanea,Clitoria tertanea,Herbaceous_legumes,41,96.01079784,6.484517304,93.5154827,19.7030487,25.51105805,46.40072516
6,,JUAN CARDOSO,F26-3380,CIAT-17768,Fabales,Fabaceas,Clitoria,tertanea,Clitoria tertanea,Herbaceous_legumes,41,96.10077984,6.505334374,93.49466563,20.37274731,26.65274154,48.06766009
6,,JUAN CARDOSO,F26-3381,CIAT-22768,Fabales,Fabaceas,Lablab,purpureus,Lablab purpureus,Herbaceous_legumes,41,94.5,9.528341794,90.47165821,22.77354749,25.72811885,44.27050002
6,,JUAN CARDOSO,F26-3381,CIAT-22768,Fabales,Fabaceas,Lablab,purpureus,Lablab purpureus,Herbaceous_legumes,41,94.62,9.686971235,90.31302876,22.8719341,26.18801544,43.29204182
6,,JUAN CARDOSO,F26-3382,CIAT-22598,Fabales,Fabaceas,Lablab,purpureus,Lablab purpureus,Herbaceous_legumes,41,94.9110178,8.574264737,91.42573526,23.77101099,26.02137214,45.1027273
6,,JUAN CARDOSO,F26-3382,CIAT-22598,Fabales,Fabaceas,Lablab,purpureus,Lablab purpureus,Herbaceous_legumes,41,94.92152354,8.668199543,91.33180046,24.1510807,25.64222271,45.31890122
6,,JUAN CARDOSO,F26-3383,CIAT-18701,Fabales,Fabaceas,Cajanus,cajan,Cajanus cajan,Shrub_Trees,41,93.03209037,7.652378659,92.34762134,25.15383488,45.99213723,61.08854268
6,,JUAN CARDOSO,F26-3383,CIAT-18701,Fabales,Fabaceas,Cajanus,cajan,Cajanus cajan,Shrub_Trees,41,93.78186544,7.481136619,92.51886338,24.74046221,44.52801866,60.1990947
6,,JUAN CARDOSO,F26-3384,CIAT-20891,Fabales,Fabaceas,Cajanus,cajan,Cajanus cajan,Shrub_Trees,41,94.18116377,7.620954991,92.37904501,23.97397846,42.91873029,59.8439753
6,,JUAN CARDOSO,F26-3384,CIAT-20891,Fabales,Fabaceas,Cajanus,cajan,Cajanus cajan,Shrub_Trees,41,95.52089582,7.747443871,92.25255613,24.17494271,43.81750177,60.31018616
6,,JUAN CARDOSO,F26-3385,CIAT-15551,Fabales,Fabaceas,Centrosema ,molle,Centrosema molle,Herbaceous_legumes,41,95.08147556,10.99779203,89.00220797,18.2437062,39.46286397,61.64028604
6,,JUAN CARDOSO,F26-3385,CIAT-15551,Fabales,Fabaceas,Centrosema ,molle,Centrosema molle,Herbaceous_legumes,41,95.08147556,10.99779203,89.00220797,18.74226249,40.33810243,62.54755949
6,,JUAN CARDOSO,F26-3386,CIAT-13953,Fabales,Fabaceas,Desmodium,velutinum,Desmodium velutinum,Shrub_Trees,41,93.87183845,9.901590961,90.09840904,22.907637,32.30166979,54.76266561
6,,JUAN CARDOSO,F26-3386,CIAT-13953,Fabales,Fabaceas,Desmodium,velutinum,Desmodium velutinum,Shrub_Trees,41,94.12235106,10.07075116,89.92924884,22.79955219,33.10691901,55.54195602
6,,JUAN CARDOSO,F26-3387,CIAT-15551,Fabales,Fabaceas,Centrosema ,molle,Centrosema molle,Herbaceous_legumes,41,94.69,8.634540995,91.365459,24.00794368,41.7575091,70.48554402
6,,JUAN CARDOSO,F26-3387,CIAT-15551,Fabales,Fabaceas,Centrosema ,molle,Centrosema molle,Herbaceous_legumes,41,94.78156553,8.463111284,91.53688872,23.81629884,41.13284434,65.94158128
6,,JACOBO ARANGO/ ALEJANDRO MONTOYA,F25-0008,Sample-8,Poales,Poaceae,Cynodon, nlemfuensis ,Cynodon nlemfuensis ,,41,93.64063594,11.32941805,88.67058195,13.1,37.8,76.05
6,,JACOBO ARANGO/ ALEJANDRO MONTOYA,F25-0008,Sample-8,Poales,Poaceae,Cynodon, nlemfuensis ,Cynodon nlemfuensis ,,41,93.82123575,11.49829497,88.50170503,13.1,37.7,76.05
6,,JACOBO ARANGO/ ALEJANDRO MONTOYA,F25-0008,Sample-8,Poales,Poaceae,Cynodon, nlemfuensis ,Cynodon nlemfuensis ,,42,93.64063594,11.32941805,88.67058195,13.1,37.8,76.05
6,,JACOBO ARANGO/ ALEJANDRO MONTOYA,F25-0008,Sample-8,Poales,Poaceae,Cynodon, nlemfuensis ,Cynodon nlemfuensis ,,42,93.82123575,11.49829497,88.50170503,13.1,37.7,76.05
6,,BREEDING,F26-3021,CIAT-BR-19-2329,Poales,Poaceae,Urochloa,interespecifico,Urochloa interespecifico,Grass,42,96.68066387,13.26864588,86.73135412,13.79648786,25.10662815,62.8322356
6,,BREEDING,F26-3021,CIAT-BR-19-2329,Poales,Poaceae,Urochloa,interespecifico,Urochloa interespecifico,Grass,42,96.97030297,13.33193357,86.66806643,13.59869401,24.96574573,62.21552995
6,,BREEDING,F26-3022,CIAT-BR-19-244,Poales,Poaceae,Urochloa,interespecifico,Urochloa interespecifico,Grass,42,95.88041196,12.86689954,87.13310046,15.95359496,26.11392481,60.46770271
6,,BREEDING,F26-3022,CIAT-BR-19-244,Poales,Poaceae,Urochloa,interespecifico,Urochloa interespecifico,Grass,42,95.91040896,12.79391064,87.20608936,15.75446616,26.87943721,63.06033841
6,,BREEDING,F26-3023,CIAT-BR-19-247,Poales,Poaceae,Urochloa,interespecifico,Urochloa interespecifico,Grass,42,95.39,13.57921207,86.42078793,14.96261185,27.47492911,60.73576651
6,,BREEDING,F26-3023,CIAT-BR-19-247,Poales,Poaceae,Urochloa,interespecifico,Urochloa interespecifico,Grass,42,95.49,13.45347863,86.54652137,14.76150419,27.2454469,60.20044053
6,,BREEDING,F26-3024,CIAT-BR-19-2520,Poales,Poaceae,Urochloa,interespecifico,Urochloa interespecifico,Grass,42,95.65,12.86348212,87.13651788,13.94920601,25.7372732,59.47211042
6,,BREEDING,F26-3024,CIAT-BR-19-2520,Poales,Poaceae,Urochloa,interespecifico,Urochloa interespecifico,Grass,42,95.9,12.64421822,87.35578178,13.74784779,27.27396325,62.25519402
6,,BREEDING,F26-3025,CIAT-BR-19-2632,Poales,Poaceae,Urochloa,interespecifico,Urochloa interespecifico,Grass,42,92.93,11.97751073,88.02248927,16.10553479,26.50368895,58.58308314
6,,BREEDING,F26-3025,CIAT-BR-19-2632,Poales,Poaceae,Urochloa,interespecifico,Urochloa interespecifico,Grass,42,94.42111578,12.31665199,87.68334801,15.90491515,26.69161318,59.12796298
6,,BREEDING,F26-3026,CIAT-BR-19-2734,Poales,Poaceae,Urochloa,interespecifico,Urochloa interespecifico,Grass,42,95.77,13.64721968,86.35278032,14.81593981,26.31390541,57.89536729
6,,BREEDING,F26-3026,CIAT-BR-19-2734,Poales,Poaceae,Urochloa,interespecifico,Urochloa interespecifico,Grass,42,95.77084583,13.50877664,86.49122336,15.1040485,26.27781178,58.11593765
6,,BREEDING,F26-3027,CIAT-BR-19-2789,Poales,Poaceae,Urochloa,interespecifico,Urochloa interespecifico,Grass,42,95.69,15.38294158,84.61705842,14.91034361,26.79322043,61.55249041
6,,BREEDING,F26-3027,CIAT-BR-19-2789,Poales,Poaceae,Urochloa,interespecifico,Urochloa interespecifico,Grass,42,95.82083583,15.67221879,84.32778121,14.72170671,26.14852593,59.21793719
6,,BREEDING,F26-3028,CIAT-BR-19-2958,Poales,Poaceae,Urochloa,interespecifico,Urochloa interespecifico,Grass,42,93.19068093,13.53375415,86.46624585,16.90918038,23.46405028,53.58881541
6,,BREEDING,F26-3028,CIAT-BR-19-2958,Poales,Poaceae,Urochloa,interespecifico,Urochloa interespecifico,Grass,42,93.73062694,13.41606933,86.58393067,16.62170255,24.43148518,55.59282668
6,,BREEDING,F26-3029,CIAT-BR-19-300,Poales,Poaceae,Urochloa,interespecifico,Urochloa interespecifico,Grass,42,96.6709987,12.65050902,87.34949098,14.4769054,25.83039121,58.77497619
6,,BREEDING,F26-3029,CIAT-BR-19-300,Poales,Poaceae,Urochloa,interespecifico,Urochloa interespecifico,Grass,42,96.78096571,13.00191205,86.99808795,14.28146799,26.75861318,61.47970211
6,,BREEDING,F26-3030,CIAT-BR-19-3048,Poales,Poaceae,Urochloa,interespecifico,Urochloa interespecifico,Grass,42,95.70128961,12.70827613,87.29172387,16.28172146,27.62836104,58.00756233
6,,BREEDING,F26-3030,CIAT-BR-19-3048,Poales,Poaceae,Urochloa,interespecifico,Urochloa interespecifico,Grass,42,95.77,12.69119775,87.30880225,16.00149674,26.94891068,57.56249199
6,,BREEDING,F26-3031,CIAT-BR-19-3107,Poales,Poaceae,Urochloa,interespecifico,Urochloa interespecifico,Grass,42,96.67,15.32578928,84.67421072,15.33708991,26.76935618,60.29729317
6,,BREEDING,F26-3031,CIAT-BR-19-3107,Poales,Poaceae,Urochloa,interespecifico,Urochloa interespecifico,Grass,42,96.86,16.44189531,83.55810469,15.42803663,26.88898822,60.39788936
6,,BREEDING,F26-3032,CIAT-BR-19-325,Poales,Poaceae,Urochloa,interespecifico,Urochloa interespecifico,Grass,42,96.34,13.40038038,86.59961962,14.35994935,26.81421126,59.99264242
6,,BREEDING,F26-3032,CIAT-BR-19-325,Poales,Poaceae,Urochloa,interespecifico,Urochloa interespecifico,Grass,42,96.34109767,13.24071048,86.75928952,14.16483238,25.24679511,58.54268857
6,,BREEDING,F26-3033,CIAT-BR-19-3294,Poales,Poaceae,Urochloa,interespecifico,Urochloa interespecifico,Grass,42,96.04,14.79087206,85.20912794,14.18191837,27.47372929,59.38529415
6,,BREEDING,F26-3033,CIAT-BR-19-3294,Poales,Poaceae,Urochloa,interespecifico,Urochloa interespecifico,Grass,42,96.24075185,15.32868209,84.67131791,14.38000612,26.71906608,58.72515683
6,,BREEDING,F26-3034,CIAT-BR-19-3334,Poales,Poaceae,Urochloa,interespecifico,Urochloa interespecifico,Grass,42,96.61033897,13.52092277,86.47907723,16.30970512,28.37841825,60.59403849
6,,BREEDING,F26-3034,CIAT-BR-19-3334,Poales,Poaceae,Urochloa,interespecifico,Urochloa interespecifico,Grass,42,96.70032997,13.34505767,86.65494233,16.02588583,27.2558874,59.0720491
6,,BREEDING,F26-3035,CIAT-BR-19-3677,Poales,Poaceae,Urochloa,interespecifico,Urochloa interespecifico,Grass,42,95.9,12.11613078,87.88386922,16.54031279,25.59305443,56.88674966
6,,BREEDING,F26-3035,CIAT-BR-19-3677,Poales,Poaceae,Urochloa,interespecifico,Urochloa interespecifico,Grass,42,95.91040896,12.19832665,87.80167335,16.43727275,26.33023714,57.86249923
6,,BREEDING,F26-3036,CIAT-BR-19-3786,Poales,Poaceae,Urochloa,interespecifico,Urochloa interespecifico,Grass,42,96.61067786,14.56054532,85.43945468,16.01853639,27.08233729,56.11976094
6,,BREEDING,F26-3036,CIAT-BR-19-3786,Poales,Poaceae,Urochloa,interespecifico,Urochloa interespecifico,Grass,42,96.75,14.59448752,85.40551248,15.82565329,26.7114879,55.25211563
6,,BREEDING,F26-3037,CIAT-BR-19-388,Poales,Poaceae,Urochloa,interespecifico,Urochloa interespecifico,Grass,42,93.54064594,14.31542605,85.68457395,17.82193217,25.64852094,55.7275611
6,,BREEDING,F26-3037,CIAT-BR-19-388,Poales,Poaceae,Urochloa,interespecifico,Urochloa interespecifico,Grass,42,93.65126975,14.39945148,85.60054852,17.62618833,25.7031332,55.62830065
6,,BREEDING,F26-3038,CIAT-BR-19-39,Poales,Poaceae,Urochloa,interespecifico,Urochloa interespecifico,Grass,42,93.93060694,12.28462029,87.71537971,15.98320143,27.40950994,59.43889323
6,,BREEDING,F26-3038,CIAT-BR-19-39,Poales,Poaceae,Urochloa,interespecifico,Urochloa interespecifico,Grass,42,94.09059094,12.3165284,87.6834716,15.87847245,27.88687488,60.90276873
6,,BREEDING,F26-3039,CIAT-BR-19-3918,Poales,Poaceae,Urochloa,interespecifico,Urochloa interespecifico,Grass,42,92.97210837,11.9340897,88.0659103,15.7446536,28.35663664,59.97045184
6,,BREEDING,F26-3039,CIAT-BR-19-3918,Poales,Poaceae,Urochloa,interespecifico,Urochloa interespecifico,Grass,42,93.16136773,12.25756774,87.74243226,16.0443205,27.52597282,59.0382422
6,,BREEDING,F26-3040,CIAT-BR-19-3959,Poales,Poaceae,Urochloa,interespecifico,Urochloa interespecifico,Grass,42,93.47065293,12.43380563,87.56619437,16.06120348,29.04490621,61.42103231
6,,BREEDING,F26-3040,CIAT-BR-19-3959,Poales,Poaceae,Urochloa,interespecifico,Urochloa interespecifico,Grass,42,93.58128374,12.42187242,87.57812758,15.7583315,28.23631092,60.00785802
6,,BREEDING,F26-3041,CIAT-BR-19-396,Poales,Poaceae,Urochloa,interespecifico,Urochloa interespecifico,Grass,42,93.61191643,13.56312026,86.43687974,16.22698687,29.03353447,57.1452375
6,,BREEDING,F26-3041,CIAT-BR-19-396,Poales,Poaceae,Urochloa,interespecifico,Urochloa interespecifico,Grass,42,93.75187444,13.28566855,86.71433145,16.32728123,29.86988517,57.72396943
6,,BREEDING,F26-3042,CIAT-BR-19-405,Poales,Poaceae,Urochloa,interespecifico,Urochloa interespecifico,Grass,42,93.19,11.91731799,88.08268201,14.42119864,29.36713203,61.76510316
6,,BREEDING,F26-3042,CIAT-BR-19-405,Poales,Poaceae,Urochloa,interespecifico,Urochloa interespecifico,Grass,42,93.26134773,11.914935,88.085065,14.12238149,30.02398536,63.16099923
6,,BREEDING,F26-3043,CIAT-BR-19-4253,Poales,Poaceae,Urochloa,interespecifico,Urochloa interespecifico,Grass,42,93.91,11.74028739,88.25971261,15.68564044,27.49840199,57.79251568
6,,BREEDING,F26-3043,CIAT-BR-19-4253,Poales,Poaceae,Urochloa,interespecifico,Urochloa interespecifico,Grass,42,93.99,11.76157531,88.23842469,15.49511262,28.47760295,58.62593241
6,,BREEDING,F26-3044,CIAT-BR-19-4423,Poales,Poaceae,Urochloa,interespecifico,Urochloa interespecifico,Grass,42,93.53,12.49056598,87.50943402,15.45737725,27.53824266,58.41907061
6,,BREEDING,F26-3044,CIAT-BR-19-4423,Poales,Poaceae,Urochloa,interespecifico,Urochloa interespecifico,Grass,42,93.65126975,12.5948953,87.4051047,15.84936018,27.60765919,58.70828765
6,,BREEDING,F26-3045,CIAT-BR-19-4439,Poales,Poaceae,Urochloa,interespecifico,Urochloa interespecifico,Grass,42,94.17058294,13.52517567,86.47482433,15.35824851,28.00695908,58.16822739
6,,BREEDING,F26-3045,CIAT-BR-19-4439,Poales,Poaceae,Urochloa,interespecifico,Urochloa interespecifico,Grass,42,94.2,13.66455399,86.33544601,15.0667975,28.18968264,58.04392372
6,,BREEDING,F26-3046,CIAT-BR-19-4440,Poales,Poaceae,Urochloa,interespecifico,Urochloa interespecifico,Grass,42,93.82185344,12.69367978,87.30632022,13.24486393,28.83714882,59.45384085
6,,BREEDING,F26-3046,CIAT-BR-19-4440,Poales,Poaceae,Urochloa,interespecifico,Urochloa interespecifico,Grass,42,93.93182045,12.7682232,87.2317768,13.04004632,27.61928366,57.75623727
6,,BREEDING,F26-3047,CIAT-BR-19-4529,Poales,Poaceae,Urochloa,interespecifico,Urochloa interespecifico,Grass,42,94.65053495,12.88278775,87.11721225,17.61768101,27.61550037,58.78919022
6,,BREEDING,F26-3047,CIAT-BR-19-4529,Poales,Poaceae,Urochloa,interespecifico,Urochloa interespecifico,Grass,42,94.73052695,12.94614572,87.05385428,17.71707329,27.77582213,59.07110982
6,,BREEDING,F26-3048,CIAT-BR-19-4581,Poales,Poaceae,Urochloa,interespecifico,Urochloa interespecifico,Grass,42,95.19096181,12.50859638,87.49140362,14.60967147,30.48875931,61.45193448
6,,BREEDING,F26-3048,CIAT-BR-19-4581,Poales,Poaceae,Urochloa,interespecifico,Urochloa interespecifico,Grass,42,95.2,12.5531169,87.4468831,14.51112736,28.7086191,59.19171214
6,,BREEDING,F26-3049,CIAT-BR-19-4988,Poales,Poaceae,Urochloa,interespecifico,Urochloa interespecifico,Grass,42,94.52,12.23535284,87.76464716,13.80535857,25.97425394,62.86271071
6,,BREEDING,F26-3049,CIAT-BR-19-4988,Poales,Poaceae,Urochloa,interespecifico,Urochloa interespecifico,Grass,42,94.9310138,12.32789863,87.67210137,13.70366364,25.61250606,62.48923952
6,,BREEDING,F26-3050,CIAT-BR-19-5055,Poales,Poaceae,Urochloa,interespecifico,Urochloa interespecifico,Grass,42,95.38046195,13.14537481,86.85462519,14.19726416,26.26036111,61.37197951
6,,BREEDING,F26-3050,CIAT-BR-19-5055,Poales,Poaceae,Urochloa,interespecifico,Urochloa interespecifico,Grass,42,95.39,13.13620554,86.86379446,13.99780659,25.68434244,60.49558709
6,,BREEDING,F26-3051,CIAT-BR-19-5057,Poales,Poaceae,Urochloa,interespecifico,Urochloa interespecifico,Grass,42,95.11048895,12.39818269,87.60181731,16.27022613,26.38512511,62.97223999
6,,BREEDING,F26-3051,CIAT-BR-19-5057,Poales,Poaceae,Urochloa,interespecifico,Urochloa interespecifico,Grass,42,95.22095581,12.41795489,87.58204511,16.07270575,25.67964128,62.35681928
6,,BREEDING,F26-3052,CIAT-BR-19-5178,Poales,Poaceae,Urochloa,interespecifico,Urochloa interespecifico,Grass,42,95.43137059,14.65301571,85.34698429,17.19273872,26.51749454,64.24132454
6,,BREEDING,F26-3052,CIAT-BR-19-5178,Poales,Poaceae,Urochloa,interespecifico,Urochloa interespecifico,Grass,42,95.46181527,14.9343186,85.0656814,17.08902624,27.01820081,64.18858099
6,,BREEDING,F26-3053,CIAT-BR-19-5273,Poales,Poaceae,Urochloa,interespecifico,Urochloa interespecifico,Grass,42,94.43055694,12.58204686,87.41795314,14.42957927,25.66213956,61.72738814
6,,BREEDING,F26-3053,CIAT-BR-19-5273,Poales,Poaceae,Urochloa,interespecifico,Urochloa interespecifico,Grass,42,94.55,12.58330507,87.41669493,14.91732548,25.93233059,63.00686962
6,,BREEDING,F26-3054,CIAT-BR-19-5348,Poales,Poaceae,Urochloa,interespecifico,Urochloa interespecifico,Grass,42,94.60107978,11.52914616,88.47085384,16.46008585,28.08327581,67.28196539
6,,BREEDING,F26-3054,CIAT-BR-19-5348,Poales,Poaceae,Urochloa,interespecifico,Urochloa interespecifico,Grass,42,94.62053795,11.45631904,88.54368096,16.46173153,27.89096239,69.91258097
6,,BREEDING,F26-3055,CIAT-BR-19-5615,Poales,Poaceae,Urochloa,interespecifico,Urochloa interespecifico,Grass,42,95.09,14.66014388,85.33985612,17.43610926,25.19506576,67.13965274
6,,BREEDING,F26-3055,CIAT-BR-19-5615,Poales,Poaceae,Urochloa,interespecifico,Urochloa interespecifico,Grass,42,95.22191124,14.74882592,85.25117408,17.6321788,23.741269,64.60646101
6,,BREEDING,F26-3056,CIAT-BR-19-5751,Poales,Poaceae,Urochloa,interespecifico,Urochloa interespecifico,Grass,42,95.38092382,13.31790164,86.68209836,15.83356162,27.57963974,67.32427792
6,,BREEDING,F26-3056,CIAT-BR-19-5751,Poales,Poaceae,Urochloa,interespecifico,Urochloa interespecifico,Grass,42,95.45181927,13.3466677,86.6533323,15.54453792,26.53939856,64.4474712
6,,BREEDING,F26-3057,CIAT-BR-19-5898,Poales,Poaceae,Urochloa,interespecifico,Urochloa interespecifico,Grass,42,95.19192323,12.17534238,87.82465762,13.92959596,28.42126555,68.15133498
6,,BREEDING,F26-3057,CIAT-BR-19-5898,Poales,Poaceae,Urochloa,interespecifico,Urochloa interespecifico,Grass,42,95.28094381,12.14628271,87.85371729,14.31509555,27.49637086,68.12859955
6,,BREEDING,F26-3058,CIAT-BR-19-6068,Poales,Poaceae,Urochloa,interespecifico,Urochloa interespecifico,Grass,42,95.02049795,12.79054241,87.20945759,16.58163381,24.95371169,65.3599941
6,,BREEDING,F26-3058,CIAT-BR-19-6068,Poales,Poaceae,Urochloa,interespecifico,Urochloa interespecifico,Grass,42,95.1009798,12.8734035,87.1265965,16.67723619,24.70606415,65.54107086
6,,BREEDING,F26-3059,CIAT-BR-19-6160,Poales,Poaceae,Urochloa,interespecifico,Urochloa interespecifico,Grass,42,95.44,13.59159144,86.40840856,16.31005073,25.9041427,63.79217414
6,,BREEDING,F26-3059,CIAT-BR-19-6160,Poales,Poaceae,Urochloa,interespecifico,Urochloa interespecifico,Grass,42,95.56044396,13.52741162,86.47258838,16.59551095,27.79878252,65.63921006
6,,BREEDING,F26-3060,CIAT-BR-19-6352,Poales,Poaceae,Urochloa,interespecifico,Urochloa interespecifico,Grass,42,95.78126562,11.62417095,88.37582905,14.61450019,29.61974645,70.4765623
6,,BREEDING,F26-3060,CIAT-BR-19-6352,Poales,Poaceae,Urochloa,interespecifico,Urochloa interespecifico,Grass,42,95.83083383,11.84448215,88.15551785,14.8104303,30.20729196,68.19113796
6,,BREEDING,F26-3061,CIAT-BR-19-6397,Poales,Poaceae,Urochloa,interespecifico,Urochloa interespecifico,Grass,42,94.3,13.47536246,86.52463754,17.19853582,29.89118987,67.96903738
6,,BREEDING,F26-3061,CIAT-BR-19-6397,Poales,Poaceae,Urochloa,interespecifico,Urochloa interespecifico,Grass,42,94.34056594,13.32559947,86.67440053,17.39456404,29.07732721,65.88932132
6,,BREEDING,F26-3062,CIAT-BR-19-6400,Poales,Poaceae,Urochloa,interespecifico,Urochloa interespecifico,Grass,42,95.09196321,14.00812934,85.99187066,15.70253676,29.95061939,68.13039182
6,,BREEDING,F26-3062,CIAT-BR-19-6400,Poales,Poaceae,Urochloa,interespecifico,Urochloa interespecifico,Grass,42,95.15,13.80347404,86.19652596,15.59904725,28.63630834,67.93424597
6,,BREEDING,F26-3063,CIAT-BR-19-6868,Poales,Poaceae,Urochloa,interespecifico,Urochloa interespecifico,Grass,42,95.71042896,11.74990882,88.25009118,14.43787946,34.55146115,70.98824588
6,,BREEDING,F26-3063,CIAT-BR-19-6868,Poales,Poaceae,Urochloa,interespecifico,Urochloa interespecifico,Grass,42,95.76127162,11.78932864,88.21067136,14.3398515,32.30944887,71.09741043
6,,BREEDING,F26-3064,CIAT-BR-19-6984,Poales,Poaceae,Urochloa,interespecifico,Urochloa interespecifico,Grass,42,95.40091982,13.59654188,86.40345812,16.32251868,29.26248211,67.34335298
6,,BREEDING,F26-3064,CIAT-BR-19-6984,Poales,Poaceae,Urochloa,interespecifico,Urochloa interespecifico,Grass,42,95.49180328,13.55193206,86.44806794,16.12551966,29.08784489,68.26117421
6,,BREEDING,F26-3065,CIAT-BR-19-811,Poales,Poaceae,Urochloa,interespecifico,Urochloa interespecifico,Grass,42,94.90050995,12.98226192,87.01773808,14.75258736,29.40288186,65.86928606
6,,BREEDING,F26-3065,CIAT-BR-19-811,Poales,Poaceae,Urochloa,interespecifico,Urochloa interespecifico,Grass,42,95.03198721,12.88363618,87.11636382,14.93692058,30.0228344,65.94777777
6,,BREEDING,F26-3066,CIAT-BR-19-818,Poales,Poaceae,Urochloa,interespecifico,Urochloa interespecifico,Grass,42,94.83155053,16.38662054,83.61337946,16.90300526,25.93597193,64.09604686
6,,BREEDING,F26-3066,CIAT-BR-19-818,Poales,Poaceae,Urochloa,interespecifico,Urochloa interespecifico,Grass,42,94.90050995,16.07369373,83.92630627,16.71647997,26.3422359,64.50985387
6,,BREEDING,F26-3067,CIAT-BR-19-95,Poales,Poaceae,Urochloa,interespecifico,Urochloa interespecifico,Grass,42,95.51,12.56996412,87.43003588,14.65146688,28.34759952,66.71623427
6,,BREEDING,F26-3067,CIAT-BR-19-95,Poales,Poaceae,Urochloa,interespecifico,Urochloa interespecifico,Grass,42,95.58044196,12.69428967,87.30571033,14.85234635,28.23736549,65.16497863
6,,BREEDING,F26-3068,CIAT-CIAT-16320,Poales,Poaceae,Urochloa,interespecifico,Urochloa interespecifico,Grass,42,95.36139158,10.87849216,89.12150784,14.76550717,33.97732707,73.36662482
6,,BREEDING,F26-3068,CIAT-CIAT-16320,Poales,Poaceae,Urochloa,interespecifico,Urochloa interespecifico,Grass,42,95.60043996,10.61886139,89.38113861,14.47642867,35.24394361,72.75506738
6,,BREEDING,F26-3069,CIAT-CIAT-6387,Poales,Poaceae,Urochloa,interespecifico,Urochloa interespecifico,Grass,42,95.72,11.5589433,88.4410567,12.69593199,33.28321564,72.46243187
6,,BREEDING,F26-3069,CIAT-CIAT-6387,Poales,Poaceae,Urochloa,interespecifico,Urochloa interespecifico,Grass,42,95.82,11.67380182,88.32619818,12.59684308,32.78795776,73.7079761
6,,BREEDING,F26-3070,CIAT-CIAT-6780,Poales,Poaceae,Urochloa,interespecifico,Urochloa interespecifico,Grass,42,95.11048895,11.28789447,88.71210553,12.47096049,31.8398043,71.47275727
6,,BREEDING,F26-3070,CIAT-CIAT-6780,Poales,Poaceae,Urochloa,interespecifico,Urochloa interespecifico,Grass,42,95.34,11.29952468,88.70047532,12.77111641,31.86479461,71.9684404
6,,BREEDING,F26-3071,CIAT-GP-3207,Poales,Poaceae,Urochloa,interespecifico,Urochloa interespecifico,Grass,42,96.26037396,11.78726389,88.21273611,13.58779237,32.85817228,66.03597504
6,,BREEDING,F26-3071,CIAT-GP-3207,Poales,Poaceae,Urochloa,interespecifico,Urochloa interespecifico,Grass,42,96.30110967,11.79529032,88.20470968,13.48904712,32.13910005,65.19979628
6,,BREEDING,F26-3072,CIAT-Mavuno,Poales,Poaceae,Urochloa,interespecifico,Urochloa interespecifico,Grass,42,95.52179128,12.43732435,87.56267565,15.81273988,29.01578863,58.83876004
6,,BREEDING,F26-3072,CIAT-Mavuno,Poales,Poaceae,Urochloa,interespecifico,Urochloa interespecifico,Grass,42,95.60043996,12.15854173,87.84145827,15.61927638,29.25768042,58.69582835
6,,ISABEL MOLINA,F26-4574,Cayman-Br-02-1752-Exp-VII-Gramíneas,Poales,Poaceae,Urochloa,interespecifico,Urochloa interespecifico,Grass,42,91.94161168,13.24123171,86.75876829,13.48354359,31.03369868,61.49964407
6,,ISABEL MOLINA,F26-4574,Cayman-Br-02-1752-Exp-VII-Gramíneas,Poales,Poaceae,Urochloa,interespecifico,Urochloa interespecifico,Grass,42,91.99240228,13.76167775,86.23832225,13.26954165,31.11011327,63.41603962
6,,ISABEL MOLINA,F26-4575,Estrella-Exp-VII-Gramíneas,Poales, Poaceae,Cynodon,nlenfuensis,Cynodon nlemfuensis,,42,93.61063894,8.990413321,91.00958668,9.416631729,38.84574468,76.79264763
6,,ISABEL MOLINA,F26-4575,Estrella-Exp-VII-Gramíneas,Poales, Poaceae,Cynodon,nlenfuensis,Cynodon nlemfuensis,,42,93.68126375,8.968161694,91.03183831,10.05526393,39.27653808,77.84529004
6,,ISABEL MOLINA,F26-4576,Mulato-Br-02-1752-Exp-VII-Gramíneas,Poales,Poaceae,Urochloa,interespecifico,Urochloa interespecifico,Grass,42,93.89305347,10.06871502,89.93128498,7.159989812,36.71743533,71.01367687
6,,ISABEL MOLINA,F26-4576,Mulato-Br-02-1752-Exp-VII-Gramíneas,Poales,Poaceae,Urochloa,interespecifico,Urochloa interespecifico,Grass,42,93.92182345,9.900398721,90.09960128,6.945663729,36.91743297,70.17278317
6,,ISABEL MOLINA,F26-4577,Heno-Estrella,Poales, Poaceae,Cynodon,nlenfuensis,Cynodon nlemfuensis,,42,94.96151155,9.16603291,90.83396709,4.350400598,38.60792499,74.96741139
6,,ISABEL MOLINA,F26-4577,Heno-Estrella,Poales, Poaceae,Cynodon,nlenfuensis,Cynodon nlemfuensis,,42,95.0309938,9.198523209,90.80147679,4.13934914,38.58687587,76.74502893
6,,ISABEL MOLINA,F26-4578,Heno-Estrella,Poales, Poaceae,Cynodon,nlenfuensis,Cynodon nlemfuensis,,42,94.4,8.28031709,91.71968291,5.535064499,36.77090546,76.85706202
6,,ISABEL MOLINA,F26-4578,Heno-Estrella,Poales, Poaceae,Cynodon,nlenfuensis,Cynodon nlemfuensis,,42,94.4816555,8.256662809,91.74333719,5.324084339,36.44835325,76.35847915
6,,JUAN CARDOSO,F26-4724,CIAT-17009,Fabales,Fabaceas,Canavalia,brasiliensis,Canavalia brasiliensis,Herbaceous_legumes,42,93.51064894,14.04591646,85.95408354,23.76581657,27.34014368,43.80120361
6,,JUAN CARDOSO,F26-4724,CIAT-17009,Fabales,Fabaceas,Canavalia,brasiliensis,Canavalia brasiliensis,Herbaceous_legumes,42,93.57128574,14.14070744,85.85929256,24.15389462,27.23394307,42.6723446
6,,JUAN CARDOSO,F26-4725,CIAT-17462,Fabales,Fabaceas,Canavalia,brasiliensis,Canavalia brasiliensis,Herbaceous_legumes,42,94.49055094,12.56871036,87.43128964,26.72199281,25.13631836,42.27976259
6,,JUAN CARDOSO,F26-4725,CIAT-17462,Fabales,Fabaceas,Canavalia,brasiliensis,Canavalia brasiliensis,Herbaceous_legumes,42,94.69053095,12.62156448,87.37843552,26.92011281,26.12658632,42.33900128
6,,JUAN CARDOSO,F26-4726,CIAT-13953,Fabales,Fabaceas,Desmodium,velutinum,Desmodium velutinum,Shrub_Trees,42,96.26,10.52350022,89.47649978,22.52035176,28.53861243,47.0961239
6,,JUAN CARDOSO,F26-4726,CIAT-13953,Fabales,Fabaceas,Desmodium,velutinum,Desmodium velutinum,Shrub_Trees,42,96.2614954,10.45698673,89.54301327,22.79709806,28.94528041,48.95758767
6,,JUAN CARDOSO,F26-4727,CIAT-9432,Fabales,Fabaceas,Clitoria,tertanea,Clitoria tertanea,Herbaceous_legumes,42,95.17096581,7.374705531,92.62529447,21.22380993,26.5907332,48.58647257
6,,JUAN CARDOSO,F26-4727,CIAT-9432,Fabales,Fabaceas,Clitoria,tertanea,Clitoria tertanea,Herbaceous_legumes,42,95.17144857,7.584052849,92.41594715,21.41596351,25.51918935,46.85431682
6,,JUAN CARDOSO,F26-4728,CIAT-17768,Fabales,Fabaceas,Clitoria,tertanea,Clitoria tertanea,Herbaceous_legumes,42,96.18076385,5.679871242,94.32012876,19.34574764,26.70067042,47.9020454
6,,JUAN CARDOSO,F26-4728,CIAT-17768,Fabales,Fabaceas,Clitoria,tertanea,Clitoria tertanea,Herbaceous_legumes,42,96.39072186,5.565650797,94.4343492,19.91989366,27.52978556,49.03239339
6,,JUAN CARDOSO,F26-4729,CIAT-22768,Fabales,Fabaceas,Lablab,purpureus,Lablab purpureus,Herbaceous_legumes,42,94.4516645,8.520366283,91.47963372,22.78589692,29.2099026,47.20482896
6,,JUAN CARDOSO,F26-4729,CIAT-22768,Fabales,Fabaceas,Lablab,purpureus,Lablab purpureus,Herbaceous_legumes,42,94.92,8.269452582,91.73054742,23.08791659,27.50297351,47.44377087
6,,JUAN CARDOSO,F26-4730,CIAT-22598,Fabales,Fabaceas,Lablab,purpureus,Lablab purpureus,Herbaceous_legumes,42,95.03149055,10.1329639,89.8670361,23.66522694,29.09656823,46.29932737
6,,JUAN CARDOSO,F26-4730,CIAT-22598,Fabales,Fabaceas,Lablab,purpureus,Lablab purpureus,Herbaceous_legumes,42,95.97080584,10.01881816,89.98118184,24.05724612,27.85300324,45.80110695
6,,JUAN CARDOSO,F26-4731,CIAT-18701,Fabales,Fabaceas,Cajanus,cajan,Cajanus cajan,Shrub_Trees,42,94.49055094,7.251565276,92.74843472,21.36685618,50.65470241,62.12067935
6,,JUAN CARDOSO,F26-4731,CIAT-18701,Fabales,Fabaceas,Cajanus,cajan,Cajanus cajan,Shrub_Trees,42,94.69106179,7.282549478,92.71745052,20.96096719,50.83354563,62.44982712
6,,JUAN CARDOSO,F26-4732,CIAT-20891,Fabales,Fabaceas,Cajanus,cajan,Cajanus cajan,Shrub_Trees,42,94.41223511,6.329735409,93.67026459,22.65024025,46.81978101,60.48948004
6,,JUAN CARDOSO,F26-4732,CIAT-20891,Fabales,Fabaceas,Cajanus,cajan,Cajanus cajan,Shrub_Trees,42,94.4616615,6.298610493,93.70138951,22.47474761,46.81923623,59.35836011
6,,JUAN CARDOSO,F26-4733,CIAT-15551,Fabales,Fabaceas,Centrosema ,molle,Centrosema molle,Herbaceous_legumes,42,96.84094772,7.974004539,92.02599546,22.26940493,39.97047765,63.00984691
6,,JUAN CARDOSO,F26-4733,CIAT-15551,Fabales,Fabaceas,Centrosema ,molle,Centrosema molle,Herbaceous_legumes,42,96.98090573,7.912110584,92.08788942,22.45792869,40.1691105,61.9386993
6,,JUAN CARDOSO,F26-4734,CIAT-17009,Fabales,Fabaceas,Canavalia,brasiliensis,Canavalia brasiliensis,Herbaceous_legumes,42,96.77,11.61226781,88.38773219,23.89849279,29.08227258,46.88910811
6,,JUAN CARDOSO,F26-4734,CIAT-17009,Fabales,Fabaceas,Canavalia,brasiliensis,Canavalia brasiliensis,Herbaceous_legumes,42,96.99060188,11.73378524,88.26621476,23.42141983,29.38076805,47.70089182
6,,JUAN CARDOSO,F26-4735,CIAT-17462,Fabales,Fabaceas,Canavalia,brasiliensis,Canavalia brasiliensis,Herbaceous_legumes,42,96.82063587,11.04858279,88.95141721,23.62558008,32.81362509,48.13249574
6,,JUAN CARDOSO,F26-4735,CIAT-17462,Fabales,Fabaceas,Canavalia,brasiliensis,Canavalia brasiliensis,Herbaceous_legumes,42,96.83063387,11.37900769,88.62099231,23.05046496,31.2492582,46.71411058
6,,JUAN CARDOSO,F26-4736,CIAT-17009,Fabales,Fabaceas,Canavalia,brasiliensis,Canavalia brasiliensis,Herbaceous_legumes,42,94.74157753,12.53297323,87.46702677,26.55654015,29.66263669,44.85341076
6,,JUAN CARDOSO,F26-4736,CIAT-17009,Fabales,Fabaceas,Canavalia,brasiliensis,Canavalia brasiliensis,Herbaceous_legumes,42,94.9410118,12.63964449,87.36035551,26.17714418,28.17829875,44.34443643
6,,JUAN CARDOSO,F26-4737,CIAT-17462,Fabales,Fabaceas,Canavalia,brasiliensis,Canavalia brasiliensis,Herbaceous_legumes,42,95.21191523,15.31281137,84.68718863,26.51849677,31.92493041,50.36310817
6,,JUAN CARDOSO,F26-4737,CIAT-17462,Fabales,Fabaceas,Canavalia,brasiliensis,Canavalia brasiliensis,Herbaceous_legumes,42,95.40183926,15.84771094,84.15228906,26.71777847,31.89088471,49.77855684
1h,1,BREEDING,F26-1074,CIAT-BR-06-423-Temp-B,Poales,Poaceae,Urochloa,interespecifico,Urochloa interespecifico,Grass,,92.5,,,,,
1h,2,BREEDING,F26-1074,CIAT-BR-06-423-Temp-B,Poales,Poaceae,Urochloa,interespecifico,Urochloa interespecifico,Grass,,92.5,,,,,
1h,3,BREEDING,F26-1075,CIAT-MulatoII-Temp-C,Poales,Poaceae,Urochloa,interespecifico,Urochloa interespecifico,Grass,,92.5,,,,,
1h,4,BREEDING,F26-1075,CIAT-MulatoII-Temp-C,Poales,Poaceae,Urochloa,interespecifico,Urochloa interespecifico,Grass,,92.5,,,,,
1h,5,BREEDING,F26-1076,CIAT-BR-06-423-Opt-F,Poales,Poaceae,Urochloa,interespecifico,Urochloa interespecifico,Grass,,92.5,,,,,
1h,6,BREEDING,F26-1076,CIAT-BR-06-423-Opt-F,Poales,Poaceae,Urochloa,interespecifico,Urochloa interespecifico,Grass,,92.5,,,,,
1h,7,BREEDING,F26-1077,CIAT-MulatoII-Opt-D,Poales,Poaceae,Urochloa,interespecifico,Urochloa interespecifico,Grass,,92.5,,,,,
1h,8,BREEDING,F26-1077,CIAT-MulatoII-Opt-D,Poales,Poaceae,Urochloa,interespecifico,Urochloa interespecifico,Grass,,92.5,,,,,
1h,9,BREEDING,F26-1078,CIAT-BR-06-423-Exc-G,Poales,Poaceae,Urochloa,interespecifico,Urochloa interespecifico,Grass,,92.5,,,,,
1h,10,BREEDING,F26-1078,CIAT-BR-06-423-Exc-G,Poales,Poaceae,Urochloa,interespecifico,Urochloa interespecifico,Grass,,92.5,,,,,
1h,11,BREEDING,F26-1079,CIAT-MulatoII-Exc-E,Poales,Poaceae,Urochloa,interespecifico,Urochloa interespecifico,Grass,,92.5,,,,,
1h,12,BREEDING,F26-1079,CIAT-MulatoII-Exc-E,Poales,Poaceae,Urochloa,interespecifico,Urochloa interespecifico,Grass,,92.5,,,,,
1h,13,JACOBO ARANGO/ ALEJANDRO MONTOYA,F25-0008,Sample-8,Poales,Poaceae,Cynodon,nlemfuensis ,Cynodon nlemfuensis ,,,92.5,,,,,
1h,14,JACOBO ARANGO/ ALEJANDRO MONTOYA,F25-0008,Sample-8,Poales,Poaceae,Cynodon,nlemfuensis ,Cynodon nlemfuensis ,,,92.5,,,,,
